source_file,source_row_no,bravo_sku,base_sku,branch_code,month,mapping_status,branch_mapping_status,primary_exclusion_reason,secondary_flags
sales_monthly_by_sku_branch_202607161619.csv,13383,05.L2.6060.686001,05.L2.6060.686001,093,2024-10-01,MAPPED,MAPPED,NON_L1,
sales_monthly_by_sku_branch_202607161619.csv,13384,05.L2.6060.686002,05.L2.6060.686002,093,2024-10-01,MAPPED,MAPPED,NON_L1,
sales_monthly_by_sku_branch_202607161619.csv,13385,05.L2.6060.686003,05.L2.6060.686003,093,2024-10-01,MAPPED,MAPPED,NON_L1,
sales_monthly_by_sku_branch_202607161619.csv,13386,05.L2.6060.686003,05.L2.6060.686003,093,2024-11-01,MAPPED,MAPPED,NON_L1,
sales_monthly_by_sku_branch_202607161619.csv,13387,05.L2.6060.686003,05.L2.6060.686003,093,2025-02-01,MAPPED,MAPPED,NON_L1,
sales_monthly_by_sku_branch_202607161619.csv,13388,05.L2.6060.686003,05.L2.6060.686003,093,2025-03-01,MAPPED,MAPPED,NON_L1,
sales_monthly_by_sku_branch_202607161619.csv,13389,05.L2.6060.686004,05.L2.6060.686004,093,2024-10-01,MAPPED,MAPPED,NON_L1,
sales_monthly_by_sku_branch_202607161619.csv,13390,05.L2.6060.686004,05.L2.6060.686004,093,2025-03-01,MAPPED,MAPPED,NON_L1,
sales_monthly_by_sku_branch_202607161619.csv,13391,05.L2.6060.686004,05.L2.6060.686004,093,2025-04-01,MAPPED,MAPPED,NON_L1,
sales_monthly_by_sku_branch_202607161619.csv,13392,05.L2.6060.686005,05.L2.6060.686005,093,2024-10-01,MAPPED,MAPPED,NON_L1,
sales_monthly_by_sku_branch_202607161619.csv,13393,05.L2.6060.686005,05.L2.6060.686005,093,2025-03-01,MAPPED,MAPPED,NON_L1,
sales_monthly_by_sku_branch_202607161619.csv,13394,05.L2.6060.686006,05.L2.6060.686006,093,2024-10-01,MAPPED,MAPPED,NON_L1,
sales_monthly_by_sku_branch_202607161619.csv,13395,05.L2.6060.686006,05.L2.6060.686006,093,2025-04-01,MAPPED,MAPPED,NON_L1,
sales_monthly_by_sku_branch_202607161619.csv,13396,05.L2.6060.686007,05.L2.6060.686007,093,2024-10-01,MAPPED,MAPPED,NON_L1,
sales_monthly_by_sku_branch_202607161619.csv,13397,05.L2.6060.686007,05.L2.6060.686007,093,2025-02-01,MAPPED,MAPPED,NON_L1,
sales_monthly_by_sku_branch_202607161619.csv,13398,05.L2.6060.686007,05.L2.6060.686007,093,2025-04-01,MAPPED,MAPPED,NON_L1,
sales_monthly_by_sku_branch_202607161619.csv,13399,05.L2.6060.IP6001,05.L2.6060.IP6001,093,2024-10-01,MAPPED,MAPPED,NON_L1,
sales_monthly_by_sku_branch_202607161619.csv,13400,05.L2.6060.IP6001,05.L2.6060.IP6001,093,2024-11-01,MAPPED,MAPPED,NON_L1,
sales_monthly_by_sku_branch_202607161619.csv,13401,05.L2.6060.IP6001,05.L2.6060.IP6001,093,2025-08-01,MAPPED,MAPPED,NON_L1,
sales_monthly_by_sku_branch_202607161619.csv,13402,05.L2.6060.IP6002,05.L2.6060.IP6002,093,2024-05-01,MAPPED,MAPPED,NON_L1,
sales_monthly_by_sku_branch_202607161619.csv,13403,05.L2.6060.IP6002,05.L2.6060.IP6002,093,2024-10-01,MAPPED,MAPPED,NON_L1,
sales_monthly_by_sku_branch_202607161619.csv,13404,05.L2.6060.IP6002,05.L2.6060.IP6002,093,2025-04-01,MAPPED,MAPPED,NON_L1,
sales_monthly_by_sku_branch_202607161619.csv,13405,05.L2.6060.IP6003,05.L2.6060.IP6003,093,2024-05-01,MAPPED,MAPPED,NON_L1,
sales_monthly_by_sku_branch_202607161619.csv,13406,05.L2.6060.IP6003,05.L2.6060.IP6003,093,2024-10-01,MAPPED,MAPPED,NON_L1,
sales_monthly_by_sku_branch_202607161619.csv,13407,05.L2.6060.IP6003,05.L2.6060.IP6003,093,2025-04-01,MAPPED,MAPPED,NON_L1,
sales_monthly_by_sku_branch_202607161619.csv,13408,05.L2.6060.IP6004,05.L2.6060.IP6004,093,2024-07-01,MAPPED,MAPPED,NON_L1,
sales_monthly_by_sku_branch_202607161619.csv,13409,05.L2.6060.IP6004,05.L2.6060.IP6004,093,2024-10-01,MAPPED,MAPPED,NON_L1,
sales_monthly_by_sku_branch_202607161619.csv,13410,05.L2.6060.IP6005,05.L2.6060.IP6005,093,2024-05-01,MAPPED,MAPPED,NON_L1,
sales_monthly_by_sku_branch_202607161619.csv,13411,05.L2.6060.IP6005,05.L2.6060.IP6005,093,2024-10-01,MAPPED,MAPPED,NON_L1,
sales_monthly_by_sku_branch_202607161619.csv,13412,05.L2.6060.IP6006,05.L2.6060.IP6006,093,2024-05-01,MAPPED,MAPPED,NON_L1,
sales_monthly_by_sku_branch_202607161619.csv,13413,05.L2.6060.IP6006,05.L2.6060.IP6006,093,2024-07-01,MAPPED,MAPPED,NON_L1,
sales_monthly_by_sku_branch_202607161619.csv,13414,05.L2.6060.IP6006,05.L2.6060.IP6006,093,2024-10-01,MAPPED,MAPPED,NON_L1,
sales_monthly_by_sku_branch_202607161619.csv,13415,05.L2.6060.IP6006,05.L2.6060.IP6006,093,2025-08-01,MAPPED,MAPPED,NON_L1,
sales_monthly_by_sku_branch_202607161619.csv,13416,05.L2.6060.IP6007,05.L2.6060.IP6007,093,2024-05-01,MAPPED,MAPPED,NON_L1,
sales_monthly_by_sku_branch_202607161619.csv,13417,05.L2.6060.IP6007,05.L2.6060.IP6007,093,2024-10-01,MAPPED,MAPPED,NON_L1,
sales_monthly_by_sku_branch_202607161619.csv,13418,05.L2.8080.688001,05.L2.8080.688001,093,2024-10-01,MAPPED,MAPPED,NON_L1,
sales_monthly_by_sku_branch_202607161619.csv,13419,05.L2.8080.688001,05.L2.8080.688001,093,2025-02-01,MAPPED,MAPPED,NON_L1,
sales_monthly_by_sku_branch_202607161619.csv,13420,05.L2.8080.688001,05.L2.8080.688001,093,2025-04-01,MAPPED,MAPPED,NON_L1,
sales_monthly_by_sku_branch_202607161619.csv,13421,05.L2.8080.688002,05.L2.8080.688002,093,2024-10-01,MAPPED,MAPPED,NON_L1,
sales_monthly_by_sku_branch_202607161619.csv,13422,05.L2.8080.688002,05.L2.8080.688002,093,2025-03-01,MAPPED,MAPPED,NON_L1,
sales_monthly_by_sku_branch_202607161619.csv,13423,05.L2.8080.688003,05.L2.8080.688003,093,2025-03-01,MAPPED,MAPPED,NON_L1,
sales_monthly_by_sku_branch_202607161619.csv,13424,05.L2.8080.688004,05.L2.8080.688004,093,2024-10-01,MAPPED,MAPPED,NON_L1,
sales_monthly_by_sku_branch_202607161619.csv,13425,05.L2.8080.688004,05.L2.8080.688004,093,2025-03-01,MAPPED,MAPPED,NON_L1,
sales_monthly_by_sku_branch_202607161619.csv,13426,05.L2.8080.688005,05.L2.8080.688005,093,2024-11-01,MAPPED,MAPPED,NON_L1,
sales_monthly_by_sku_branch_202607161619.csv,13427,05.L2.8080.688005,05.L2.8080.688005,093,2025-02-01,MAPPED,MAPPED,NON_L1,
sales_monthly_by_sku_branch_202607161619.csv,13428,05.L2.8080.688005,05.L2.8080.688005,093,2025-03-01,MAPPED,MAPPED,NON_L1,
sales_monthly_by_sku_branch_202607161619.csv,13429,05.L2.8080.688005,05.L2.8080.688005,093,2025-04-01,MAPPED,MAPPED,NON_L1,
sales_monthly_by_sku_branch_202607161619.csv,13430,05.L2.8080.688006,05.L2.8080.688006,093,2024-10-01,MAPPED,MAPPED,NON_L1,
sales_monthly_by_sku_branch_202607161619.csv,13431,05.L2.8080.688006,05.L2.8080.688006,093,2025-03-01,MAPPED,MAPPED,NON_L1,
sales_monthly_by_sku_branch_202607161619.csv,13432,05.L2.8080.688007,05.L2.8080.688007,093,2024-10-01,MAPPED,MAPPED,NON_L1,
sales_monthly_by_sku_branch_202607161619.csv,13433,05.L2.8080.688007,05.L2.8080.688007,093,2025-03-01,MAPPED,MAPPED,NON_L1,
sales_monthly_by_sku_branch_202607161619.csv,13434,05.L2.8080.IP8001,05.L2.8080.IP8001,093,2024-10-01,MAPPED,MAPPED,NON_L1,
sales_monthly_by_sku_branch_202607161619.csv,13435,05.L2.8080.IP8001,05.L2.8080.IP8001,093,2025-04-01,MAPPED,MAPPED,NON_L1,
sales_monthly_by_sku_branch_202607161619.csv,13436,05.L2.8080.IP8001,05.L2.8080.IP8001,093,2025-08-01,MAPPED,MAPPED,NON_L1,
sales_monthly_by_sku_branch_202607161619.csv,13437,05.L2.8080.IP8002,05.L2.8080.IP8002,093,2024-06-01,MAPPED,MAPPED,NON_L1,
sales_monthly_by_sku_branch_202607161619.csv,13438,05.L2.8080.IP8002,05.L2.8080.IP8002,093,2024-10-01,MAPPED,MAPPED,NON_L1,
sales_monthly_by_sku_branch_202607161619.csv,13439,05.L2.8080.IP8002,05.L2.8080.IP8002,093,2025-04-01,MAPPED,MAPPED,NON_L1,
sales_monthly_by_sku_branch_202607161619.csv,13440,05.L2.8080.IP8002,05.L2.8080.IP8002,093,2025-08-01,MAPPED,MAPPED,NON_L1,
sales_monthly_by_sku_branch_202607161619.csv,13441,05.L2.8080.IP8003,05.L2.8080.IP8003,093,2024-11-01,MAPPED,MAPPED,NON_L1,
sales_monthly_by_sku_branch_202607161619.csv,13442,05.L2.8080.IP8004,05.L2.8080.IP8004,093,2024-06-01,MAPPED,MAPPED,NON_L1,
sales_monthly_by_sku_branch_202607161619.csv,13443,05.L2.8080.IP8004,05.L2.8080.IP8004,093,2024-11-01,MAPPED,MAPPED,NON_L1,
sales_monthly_by_sku_branch_202607161619.csv,13444,05.L2.8080.IP8005,05.L2.8080.IP8005,093,2024-05-01,MAPPED,MAPPED,NON_L1,
sales_monthly_by_sku_branch_202607161619.csv,13445,05.L2.8080.IP8005,05.L2.8080.IP8005,093,2024-11-01,MAPPED,MAPPED,NON_L1,
sales_monthly_by_sku_branch_202607161619.csv,13446,05.L2.8080.IP8006,05.L2.8080.IP8006,093,2024-05-01,MAPPED,MAPPED,NON_L1,
sales_monthly_by_sku_branch_202607161619.csv,13447,05.L2.8080.IP8006,05.L2.8080.IP8006,093,2024-10-01,MAPPED,MAPPED,NON_L1,
sales_monthly_by_sku_branch_202607161619.csv,13448,05.L2.8080.IP8006,05.L2.8080.IP8006,093,2025-02-01,MAPPED,MAPPED,NON_L1,
sales_monthly_by_sku_branch_202607161619.csv,13449,05.L2.8080.IP8007,05.L2.8080.IP8007,093,2024-10-01,MAPPED,MAPPED,NON_L1,
sales_monthly_by_sku_branch_202607161619.csv,13450,05.L2.8080.IP8008,05.L2.8080.IP8008,093,2024-11-01,MAPPED,MAPPED,NON_L1,
sales_monthly_by_sku_branch_202607161619.csv,40227,10.L2.3060.4565,10.L2.3060.4565,072,2024-10-01,MAPPED,MAPPED,NON_L1,
sales_monthly_by_sku_branch_202607161619.csv,40228,10.L2.3060.4566,10.L2.3060.4566,072,2024-10-01,MAPPED,MAPPED,NON_L1,
sales_monthly_by_sku_branch_202607161619.csv,40229,10.L2.3060.4606,10.L2.3060.4606,050,2024-07-01,MAPPED,MAPPED,NON_L1,
sales_monthly_by_sku_branch_202607161619.csv,40230,10.L2.3060.4606,10.L2.3060.4606,065,2024-01-01,MAPPED,MAPPED,NON_L1,
sales_monthly_by_sku_branch_202607161619.csv,40231,10.L2.3060.4606,10.L2.3060.4606,073,2024-03-01,MAPPED,MAPPED,NON_L1,
sales_monthly_by_sku_branch_202607161619.csv,40232,10.L2.3060.4606,10.L2.3060.4606,073,2025-12-01,MAPPED,MAPPED,NON_L1,
sales_monthly_by_sku_branch_202607161619.csv,40233,10.L3.3060.4621,10.L3.3060.4621,000,2024-05-01,MAPPED,MAPPED,NON_L1,
sales_monthly_by_sku_branch_202607161619.csv,40234,10.L3.3060.4623,10.L3.3060.4623,000,2024-05-01,MAPPED,MAPPED,NON_L1,
sales_monthly_by_sku_branch_202607161619.csv,40235,10.L3.3060.4624,10.L3.3060.4624,000,2024-05-01,MAPPED,MAPPED,NON_L1,
sales_monthly_by_sku_branch_202607161619.csv,40236,10.L3.3060.4626,10.L3.3060.4626,000,2024-05-01,MAPPED,MAPPED,NON_L1,
sales_monthly_by_sku_branch_202607161619.csv,40237,10.L3.3060.4631,10.L3.3060.4631,000,2024-05-01,MAPPED,MAPPED,NON_L1,
sales_monthly_by_sku_branch_202607161619.csv,40238,10.L3.3060.4633,10.L3.3060.4633,000,2024-05-01,MAPPED,MAPPED,NON_L1,
sales_monthly_by_sku_branch_202607161619.csv,40239,10.L3.3060.5067,10.L3.3060.5067,000,2024-04-01,MAPPED,MAPPED,NON_L1,
sales_monthly_by_sku_branch_202607161619.csv,63726,14.L2.3060.A36310,14.L2.3060.A36310,059,2025-05-01,MAPPED,MAPPED,NON_L1,
sales_monthly_by_sku_branch_202607161619.csv,63727,14.L2.3060.A36310,14.L2.3060.A36310,059,2025-06-01,MAPPED,MAPPED,NON_L1,
sales_monthly_by_sku_branch_202607161619.csv,63728,14.L3.3060.A36822D.8,14.L3.3060.A36822D,024,2024-01-01,MAPPED,MAPPED,NON_L1,
sales_monthly_by_sku_branch_202607161619.csv,63729,14.L3.3060.A36AG403,14.L3.3060.A36AG403,000,2024-04-01,MAPPED,MAPPED,NON_L1,
sales_monthly_by_sku_branch_202607161619.csv,63730,14.L3.6060.MS66199902,14.L3.6060.MS66199902,000,2024-04-01,MAPPED,MAPPED,NON_L1,
sales_monthly_by_sku_branch_202607161619.csv,63731,14.L3.8080.AF10888008,14.L3.8080.AF10888008,000,2024-04-01,MAPPED,MAPPED,NON_L1,
sales_monthly_by_sku_branch_202607161619.csv,103254,20.L2.100100.31105,20.L2.100100.31105,000,2024-12-01,MAPPED,MAPPED,NON_L1,
sales_monthly_by_sku_branch_202607161619.csv,108669,23.L2.100100.UT113005,23.L2.100100.UT113005,000,2026-06-01,MAPPED,MAPPED,NON_L1,
sales_monthly_by_sku_branch_202607161619.csv,113321,25.L2.6060.FP96666,25.L2.6060.FP96666,049,2025-12-01,MAPPED,MAPPED,NON_L1,
sales_monthly_by_sku_branch_202607161619.csv,113322,25.L2.6060.FP96666,25.L2.6060.FP96666,066,2025-04-01,MAPPED,MAPPED,NON_L1,
sales_monthly_by_sku_branch_202607161619.csv,113323,25.L2.6060.FP96666,25.L2.6060.FP96666,067,2025-03-01,MAPPED,MAPPED,NON_L1,
sales_monthly_by_sku_branch_202607161619.csv,113324,25.L2.6060.FP96666,25.L2.6060.FP96666,067,2025-04-01,MAPPED,MAPPED,NON_L1,
sales_monthly_by_sku_branch_202607161619.csv,113325,25.L2.6060.FP96666,25.L2.6060.FP96666,067,2025-12-01,MAPPED,MAPPED,NON_L1,
sales_monthly_by_sku_branch_202607161619.csv,113326,25.L2.6060.FP96666,25.L2.6060.FP96666,067,2026-01-01,MAPPED,MAPPED,NON_L1,
sales_monthly_by_sku_branch_202607161619.csv,113327,25.L2.6060.FP96666,25.L2.6060.FP96666,071,2025-12-01,MAPPED,MAPPED,NON_L1,
sales_monthly_by_sku_branch_202607161619.csv,113328,25.L2.6060.FP96666,25.L2.6060.FP96666,080,2025-05-01,MAPPED,MAPPED,NON_L1,
sales_monthly_by_sku_branch_202607161619.csv,113329,25.L2.8080.FP18666,25.L2.8080.FP18666,067,2026-03-01,MAPPED,MAPPED,NON_L1,
sales_monthly_by_sku_branch_202607161619.csv,113330,25.L2.8080.FP18666,25.L2.8080.FP18666,067,2026-06-01,MAPPED,MAPPED,NON_L1,
sales_monthly_by_sku_branch_202607161619.csv,113331,25.L2.8080.FP18666,25.L2.8080.FP18666,072,2025-10-01,MAPPED,MAPPED,NON_L1,
sales_monthly_by_sku_branch_202607161619.csv,151079,29.L2.8080.FPU188003,29.L2.8080.FPU188003,050,2024-12-01,MAPPED,MAPPED,NON_L1,
sales_monthly_by_sku_branch_202607161619.csv,151080,29.L2.8080.FPU188003,29.L2.8080.FPU188003,050,2025-08-01,MAPPED,MAPPED,NON_L1,
sales_monthly_by_sku_branch_202607161619.csv,151081,29.L2.8080.FPU8007,29.L2.8080.FPU8007,000,2024-01-01,MAPPED,MAPPED,NON_L1,
sales_monthly_by_sku_branch_202607161619.csv,151082,29.L2.8080.FPU8007,29.L2.8080.FPU8007,081,2024-01-01,MAPPED,MAPPED,NON_L1,
sales_monthly_by_sku_branch_202607161619.csv,151083,29.L2.8080.FPU8013,29.L2.8080.FPU8013,000,2024-01-01,MAPPED,MAPPED,NON_L1,
sales_monthly_by_sku_branch_202607161619.csv,151084,29.L2.8080.FPU8013,29.L2.8080.FPU8013,081,2024-01-01,MAPPED,MAPPED,NON_L1,
sales_monthly_by_sku_branch_202607161619.csv,151085,31.L1.LEO-100100-001.01,31.L1.LEO-100100-001,000,2024-06-01,MAPPED,MAPPED,INVALID_STRUCTURE,
sales_monthly_by_sku_branch_202607161619.csv,151086,31.L1.LEO-100100-001.01,31.L1.LEO-100100-001,000,2024-07-01,MAPPED,MAPPED,INVALID_STRUCTURE,
sales_monthly_by_sku_branch_202607161619.csv,151087,31.L1.LEO-100100-001.01,31.L1.LEO-100100-001,000,2024-08-01,MAPPED,MAPPED,INVALID_STRUCTURE,
sales_monthly_by_sku_branch_202607161619.csv,151088,31.L1.LEO-100100-001.01,31.L1.LEO-100100-001,000,2024-10-01,MAPPED,MAPPED,INVALID_STRUCTURE,
sales_monthly_by_sku_branch_202607161619.csv,151089,31.L1.LEO-100100-001.01,31.L1.LEO-100100-001,000,2025-04-01,MAPPED,MAPPED,INVALID_STRUCTURE,
sales_monthly_by_sku_branch_202607161619.csv,151090,31.L1.LEO-100100-001.01,31.L1.LEO-100100-001,000,2025-06-01,MAPPED,MAPPED,INVALID_STRUCTURE,
sales_monthly_by_sku_branch_202607161619.csv,151091,31.L1.LEO-100100-001.01,31.L1.LEO-100100-001,002,2025-02-01,MAPPED,MAPPED,INVALID_STRUCTURE,
sales_monthly_by_sku_branch_202607161619.csv,151092,31.L1.LEO-100100-001.01,31.L1.LEO-100100-001,002,2025-06-01,MAPPED,MAPPED,INVALID_STRUCTURE,
sales_monthly_by_sku_branch_202607161619.csv,151093,31.L1.LEO-100100-001.01,31.L1.LEO-100100-001,008,2024-08-01,MAPPED,MAPPED,INVALID_STRUCTURE,
sales_monthly_by_sku_branch_202607161619.csv,151094,31.L1.LEO-100100-001.01,31.L1.LEO-100100-001,008,2024-09-01,MAPPED,MAPPED,INVALID_STRUCTURE,
sales_monthly_by_sku_branch_202607161619.csv,151095,31.L1.LEO-100100-001.01,31.L1.LEO-100100-001,008,2025-07-01,MAPPED,MAPPED,INVALID_STRUCTURE,
sales_monthly_by_sku_branch_202607161619.csv,151096,31.L1.LEO-100100-001.01,31.L1.LEO-100100-001,008,2025-08-01,MAPPED,MAPPED,INVALID_STRUCTURE,
sales_monthly_by_sku_branch_202607161619.csv,151097,31.L1.LEO-100100-001.01,31.L1.LEO-100100-001,010,2024-07-01,MAPPED,MAPPED,INVALID_STRUCTURE,
sales_monthly_by_sku_branch_202607161619.csv,151098,31.L1.LEO-100100-001.01,31.L1.LEO-100100-001,010,2024-11-01,MAPPED,MAPPED,INVALID_STRUCTURE,
sales_monthly_by_sku_branch_202607161619.csv,151099,31.L1.LEO-100100-001.01,31.L1.LEO-100100-001,010,2024-12-01,MAPPED,MAPPED,INVALID_STRUCTURE,
sales_monthly_by_sku_branch_202607161619.csv,151100,31.L1.LEO-100100-001.01,31.L1.LEO-100100-001,012,2024-05-01,MAPPED,MAPPED,INVALID_STRUCTURE,
sales_monthly_by_sku_branch_202607161619.csv,151101,31.L1.LEO-100100-001.01,31.L1.LEO-100100-001,012,2024-08-01,MAPPED,MAPPED,INVALID_STRUCTURE,
sales_monthly_by_sku_branch_202607161619.csv,151102,31.L1.LEO-100100-001.01,31.L1.LEO-100100-001,012,2025-05-01,MAPPED,MAPPED,INVALID_STRUCTURE,
sales_monthly_by_sku_branch_202607161619.csv,151103,31.L1.LEO-100100-001.01,31.L1.LEO-100100-001,013,2024-01-01,MAPPED,MAPPED,INVALID_STRUCTURE,
sales_monthly_by_sku_branch_202607161619.csv,151104,31.L1.LEO-100100-001.01,31.L1.LEO-100100-001,013,2024-02-01,MAPPED,MAPPED,INVALID_STRUCTURE,
sales_monthly_by_sku_branch_202607161619.csv,151105,31.L1.LEO-100100-001.01,31.L1.LEO-100100-001,013,2024-04-01,MAPPED,MAPPED,INVALID_STRUCTURE,
sales_monthly_by_sku_branch_202607161619.csv,151106,31.L1.LEO-100100-001.01,31.L1.LEO-100100-001,013,2024-07-01,MAPPED,MAPPED,INVALID_STRUCTURE,
sales_monthly_by_sku_branch_202607161619.csv,151107,31.L1.LEO-100100-001.01,31.L1.LEO-100100-001,013,2024-08-01,MAPPED,MAPPED,INVALID_STRUCTURE,
sales_monthly_by_sku_branch_202607161619.csv,151108,31.L1.LEO-100100-001.01,31.L1.LEO-100100-001,013,2024-09-01,MAPPED,MAPPED,INVALID_STRUCTURE,
sales_monthly_by_sku_branch_202607161619.csv,151109,31.L1.LEO-100100-001.01,31.L1.LEO-100100-001,013,2024-11-01,MAPPED,MAPPED,INVALID_STRUCTURE,
sales_monthly_by_sku_branch_202607161619.csv,151110,31.L1.LEO-100100-001.01,31.L1.LEO-100100-001,013,2024-12-01,MAPPED,MAPPED,INVALID_STRUCTURE,
sales_monthly_by_sku_branch_202607161619.csv,151111,31.L1.LEO-100100-001.01,31.L1.LEO-100100-001,013,2025-07-01,MAPPED,MAPPED,INVALID_STRUCTURE,
sales_monthly_by_sku_branch_202607161619.csv,151112,31.L1.LEO-100100-001.01,31.L1.LEO-100100-001,014,2024-04-01,MAPPED,MAPPED,INVALID_STRUCTURE,
sales_monthly_by_sku_branch_202607161619.csv,151113,31.L1.LEO-100100-001.01,31.L1.LEO-100100-001,015,2024-05-01,MAPPED,MAPPED,INVALID_STRUCTURE,
sales_monthly_by_sku_branch_202607161619.csv,151114,31.L1.LEO-100100-001.01,31.L1.LEO-100100-001,015,2024-08-01,MAPPED,MAPPED,INVALID_STRUCTURE,
sales_monthly_by_sku_branch_202607161619.csv,151115,31.L1.LEO-100100-001.01,31.L1.LEO-100100-001,015,2024-09-01,MAPPED,MAPPED,INVALID_STRUCTURE,
sales_monthly_by_sku_branch_202607161619.csv,151116,31.L1.LEO-100100-001.01,31.L1.LEO-100100-001,015,2025-04-01,MAPPED,MAPPED,INVALID_STRUCTURE,
sales_monthly_by_sku_branch_202607161619.csv,151117,31.L1.LEO-100100-001.01,31.L1.LEO-100100-001,015,2025-05-01,MAPPED,MAPPED,INVALID_STRUCTURE,
sales_monthly_by_sku_branch_202607161619.csv,151118,31.L1.LEO-100100-001.01,31.L1.LEO-100100-001,016,2024-01-01,MAPPED,MAPPED,INVALID_STRUCTURE,
sales_monthly_by_sku_branch_202607161619.csv,151119,31.L1.LEO-100100-001.01,31.L1.LEO-100100-001,016,2025-01-01,MAPPED,MAPPED,INVALID_STRUCTURE,
sales_monthly_by_sku_branch_202607161619.csv,151120,31.L1.LEO-100100-001.01,31.L1.LEO-100100-001,017,2025-01-01,MAPPED,MAPPED,INVALID_STRUCTURE,
sales_monthly_by_sku_branch_202607161619.csv,151121,31.L1.LEO-100100-001.01,31.L1.LEO-100100-001,017,2025-04-01,MAPPED,MAPPED,INVALID_STRUCTURE,
sales_monthly_by_sku_branch_202607161619.csv,151122,31.L1.LEO-100100-001.01,31.L1.LEO-100100-001,017,2025-08-01,MAPPED,MAPPED,INVALID_STRUCTURE,
sales_monthly_by_sku_branch_202607161619.csv,151123,31.L1.LEO-100100-001.01,31.L1.LEO-100100-001,018,2024-01-01,MAPPED,MAPPED,INVALID_STRUCTURE,
sales_monthly_by_sku_branch_202607161619.csv,151124,31.L1.LEO-100100-001.01,31.L1.LEO-100100-001,018,2024-08-01,MAPPED,MAPPED,INVALID_STRUCTURE,
sales_monthly_by_sku_branch_202607161619.csv,151125,31.L1.LEO-100100-001.01,31.L1.LEO-100100-001,019,2024-05-01,MAPPED,MAPPED,INVALID_STRUCTURE,
sales_monthly_by_sku_branch_202607161619.csv,151126,31.L1.LEO-100100-001.01,31.L1.LEO-100100-001,023,2024-03-01,MAPPED,MAPPED,INVALID_STRUCTURE,
sales_monthly_by_sku_branch_202607161619.csv,151127,31.L1.LEO-100100-001.01,31.L1.LEO-100100-001,023,2024-04-01,MAPPED,MAPPED,INVALID_STRUCTURE,
sales_monthly_by_sku_branch_202607161619.csv,151128,31.L1.LEO-100100-001.01,31.L1.LEO-100100-001,023,2024-10-01,MAPPED,MAPPED,INVALID_STRUCTURE,
sales_monthly_by_sku_branch_202607161619.csv,151129,31.L1.LEO-100100-001.01,31.L1.LEO-100100-001,023,2024-11-01,MAPPED,MAPPED,INVALID_STRUCTURE,
sales_monthly_by_sku_branch_202607161619.csv,151130,31.L1.LEO-100100-001.01,31.L1.LEO-100100-001,023,2024-12-01,MAPPED,MAPPED,INVALID_STRUCTURE,
sales_monthly_by_sku_branch_202607161619.csv,151131,31.L1.LEO-100100-001.01,31.L1.LEO-100100-001,023,2025-02-01,MAPPED,MAPPED,INVALID_STRUCTURE,
sales_monthly_by_sku_branch_202607161619.csv,151132,31.L1.LEO-100100-001.01,31.L1.LEO-100100-001,049,2025-07-01,MAPPED,MAPPED,INVALID_STRUCTURE,
sales_monthly_by_sku_branch_202607161619.csv,151133,31.L1.LEO-100100-001.01,31.L1.LEO-100100-001,093,2024-06-01,MAPPED,MAPPED,INVALID_STRUCTURE,
sales_monthly_by_sku_branch_202607161619.csv,151134,31.L1.LEO-100100-001.01,31.L1.LEO-100100-001,093,2024-07-01,MAPPED,MAPPED,INVALID_STRUCTURE,
sales_monthly_by_sku_branch_202607161619.csv,151135,31.L1.LEO-100100-001.01,31.L1.LEO-100100-001,093,2024-08-01,MAPPED,MAPPED,INVALID_STRUCTURE,
sales_monthly_by_sku_branch_202607161619.csv,151136,31.L1.LEO-100100-001.01,31.L1.LEO-100100-001,093,2025-04-01,MAPPED,MAPPED,INVALID_STRUCTURE,
sales_monthly_by_sku_branch_202607161619.csv,151137,31.L1.LEO-100100-001.01,31.L1.LEO-100100-001,093,2025-06-01,MAPPED,MAPPED,INVALID_STRUCTURE,
sales_monthly_by_sku_branch_202607161619.csv,151138,31.L1.LEO-100100-001.01,31.L1.LEO-100100-001,094,2025-07-01,MAPPED,MAPPED,INVALID_STRUCTURE,
sales_monthly_by_sku_branch_202607161619.csv,151139,31.L1.LEO-100100-001.01,31.L1.LEO-100100-001,094,2025-08-01,MAPPED,MAPPED,INVALID_STRUCTURE,
sales_monthly_by_sku_branch_202607161619.csv,151140,31.L1.LEO-100100-001.01,31.L1.LEO-100100-001,094,2025-09-01,MAPPED,MAPPED,INVALID_STRUCTURE,
sales_monthly_by_sku_branch_202607161619.csv,151141,31.L1.LEO-100100-001.01,31.L1.LEO-100100-001,094,2025-10-01,MAPPED,MAPPED,INVALID_STRUCTURE,
sales_monthly_by_sku_branch_202607161619.csv,151142,31.L1.LEO-100100-001.01,31.L1.LEO-100100-001,222,2024-10-01,MAPPED,MAPPED,INVALID_STRUCTURE,
sales_monthly_by_sku_branch_202607161619.csv,151143,31.L1.LEO-100100-002.01,31.L1.LEO-100100-002,000,2024-07-01,MAPPED,MAPPED,INVALID_STRUCTURE,
sales_monthly_by_sku_branch_202607161619.csv,151144,31.L1.LEO-100100-002.01,31.L1.LEO-100100-002,000,2025-04-01,MAPPED,MAPPED,INVALID_STRUCTURE,
sales_monthly_by_sku_branch_202607161619.csv,151145,31.L1.LEO-100100-002.01,31.L1.LEO-100100-002,002,2024-05-01,MAPPED,MAPPED,INVALID_STRUCTURE,
sales_monthly_by_sku_branch_202607161619.csv,151146,31.L1.LEO-100100-002.01,31.L1.LEO-100100-002,002,2024-06-01,MAPPED,MAPPED,INVALID_STRUCTURE,
sales_monthly_by_sku_branch_202607161619.csv,151147,31.L1.LEO-100100-002.01,31.L1.LEO-100100-002,002,2024-07-01,MAPPED,MAPPED,INVALID_STRUCTURE,
sales_monthly_by_sku_branch_202607161619.csv,151148,31.L1.LEO-100100-002.01,31.L1.LEO-100100-002,002,2024-08-01,MAPPED,MAPPED,INVALID_STRUCTURE,
sales_monthly_by_sku_branch_202607161619.csv,151149,31.L1.LEO-100100-002.01,31.L1.LEO-100100-002,002,2025-05-01,MAPPED,MAPPED,INVALID_STRUCTURE,
sales_monthly_by_sku_branch_202607161619.csv,151150,31.L1.LEO-100100-002.01,31.L1.LEO-100100-002,002,2025-06-01,MAPPED,MAPPED,INVALID_STRUCTURE,
sales_monthly_by_sku_branch_202607161619.csv,151151,31.L1.LEO-100100-002.01,31.L1.LEO-100100-002,002,2025-07-01,MAPPED,MAPPED,INVALID_STRUCTURE,
sales_monthly_by_sku_branch_202607161619.csv,151152,31.L1.LEO-100100-002.01,31.L1.LEO-100100-002,008,2024-01-01,MAPPED,MAPPED,INVALID_STRUCTURE,
sales_monthly_by_sku_branch_202607161619.csv,151153,31.L1.LEO-100100-002.01,31.L1.LEO-100100-002,008,2024-08-01,MAPPED,MAPPED,INVALID_STRUCTURE,
sales_monthly_by_sku_branch_202607161619.csv,151154,31.L1.LEO-100100-002.01,31.L1.LEO-100100-002,008,2024-10-01,MAPPED,MAPPED,INVALID_STRUCTURE,
sales_monthly_by_sku_branch_202607161619.csv,151155,31.L1.LEO-100100-002.01,31.L1.LEO-100100-002,008,2024-11-01,MAPPED,MAPPED,INVALID_STRUCTURE,
sales_monthly_by_sku_branch_202607161619.csv,151156,31.L1.LEO-100100-002.01,31.L1.LEO-100100-002,008,2026-01-01,MAPPED,MAPPED,INVALID_STRUCTURE,
sales_monthly_by_sku_branch_202607161619.csv,151157,31.L1.LEO-100100-002.01,31.L1.LEO-100100-002,010,2024-06-01,MAPPED,MAPPED,INVALID_STRUCTURE,
sales_monthly_by_sku_branch_202607161619.csv,151158,31.L1.LEO-100100-002.01,31.L1.LEO-100100-002,010,2024-09-01,MAPPED,MAPPED,INVALID_STRUCTURE,
sales_monthly_by_sku_branch_202607161619.csv,151159,31.L1.LEO-100100-002.01,31.L1.LEO-100100-002,010,2024-10-01,MAPPED,MAPPED,INVALID_STRUCTURE,
sales_monthly_by_sku_branch_202607161619.csv,151160,31.L1.LEO-100100-002.01,31.L1.LEO-100100-002,010,2025-09-01,MAPPED,MAPPED,INVALID_STRUCTURE,
sales_monthly_by_sku_branch_202607161619.csv,151161,31.L1.LEO-100100-002.01,31.L1.LEO-100100-002,012,2024-05-01,MAPPED,MAPPED,INVALID_STRUCTURE,
sales_monthly_by_sku_branch_202607161619.csv,151162,31.L1.LEO-100100-002.01,31.L1.LEO-100100-002,012,2024-08-01,MAPPED,MAPPED,INVALID_STRUCTURE,
sales_monthly_by_sku_branch_202607161619.csv,151163,31.L1.LEO-100100-002.01,31.L1.LEO-100100-002,012,2025-08-01,MAPPED,MAPPED,INVALID_STRUCTURE,
sales_monthly_by_sku_branch_202607161619.csv,151164,31.L1.LEO-100100-002.01,31.L1.LEO-100100-002,013,2025-07-01,MAPPED,MAPPED,INVALID_STRUCTURE,
sales_monthly_by_sku_branch_202607161619.csv,151165,31.L1.LEO-100100-002.01,31.L1.LEO-100100-002,015,2024-04-01,MAPPED,MAPPED,INVALID_STRUCTURE,
sales_monthly_by_sku_branch_202607161619.csv,151166,31.L1.LEO-100100-002.01,31.L1.LEO-100100-002,015,2024-05-01,MAPPED,MAPPED,INVALID_STRUCTURE,
sales_monthly_by_sku_branch_202607161619.csv,151167,31.L1.LEO-100100-002.01,31.L1.LEO-100100-002,015,2024-06-01,MAPPED,MAPPED,INVALID_STRUCTURE,
sales_monthly_by_sku_branch_202607161619.csv,151168,31.L1.LEO-100100-002.01,31.L1.LEO-100100-002,015,2024-07-01,MAPPED,MAPPED,INVALID_STRUCTURE,
sales_monthly_by_sku_branch_202607161619.csv,151169,31.L1.LEO-100100-002.01,31.L1.LEO-100100-002,015,2024-08-01,MAPPED,MAPPED,INVALID_STRUCTURE,
sales_monthly_by_sku_branch_202607161619.csv,151170,31.L1.LEO-100100-002.01,31.L1.LEO-100100-002,015,2024-11-01,MAPPED,MAPPED,INVALID_STRUCTURE,
sales_monthly_by_sku_branch_202607161619.csv,151171,31.L1.LEO-100100-002.01,31.L1.LEO-100100-002,015,2024-12-01,MAPPED,MAPPED,INVALID_STRUCTURE,
sales_monthly_by_sku_branch_202607161619.csv,151172,31.L1.LEO-100100-002.01,31.L1.LEO-100100-002,015,2025-02-01,MAPPED,MAPPED,INVALID_STRUCTURE,
sales_monthly_by_sku_branch_202607161619.csv,151173,31.L1.LEO-100100-002.01,31.L1.LEO-100100-002,015,2025-05-01,MAPPED,MAPPED,INVALID_STRUCTURE,
sales_monthly_by_sku_branch_202607161619.csv,151174,31.L1.LEO-100100-002.01,31.L1.LEO-100100-002,015,2025-09-01,MAPPED,MAPPED,INVALID_STRUCTURE,
sales_monthly_by_sku_branch_202607161619.csv,151175,31.L1.LEO-100100-002.01,31.L1.LEO-100100-002,015,2025-10-01,MAPPED,MAPPED,INVALID_STRUCTURE,
sales_monthly_by_sku_branch_202607161619.csv,151176,31.L1.LEO-100100-002.01,31.L1.LEO-100100-002,016,2024-01-01,MAPPED,MAPPED,INVALID_STRUCTURE,
sales_monthly_by_sku_branch_202607161619.csv,151177,31.L1.LEO-100100-002.01,31.L1.LEO-100100-002,016,2024-05-01,MAPPED,MAPPED,INVALID_STRUCTURE,
sales_monthly_by_sku_branch_202607161619.csv,151178,31.L1.LEO-100100-002.01,31.L1.LEO-100100-002,016,2024-06-01,MAPPED,MAPPED,INVALID_STRUCTURE,
sales_monthly_by_sku_branch_202607161619.csv,151179,31.L1.LEO-100100-002.01,31.L1.LEO-100100-002,016,2024-09-01,MAPPED,MAPPED,INVALID_STRUCTURE,
sales_monthly_by_sku_branch_202607161619.csv,151180,31.L1.LEO-100100-002.01,31.L1.LEO-100100-002,016,2024-10-01,MAPPED,MAPPED,INVALID_STRUCTURE,
sales_monthly_by_sku_branch_202607161619.csv,151181,31.L1.LEO-100100-002.01,31.L1.LEO-100100-002,017,2024-02-01,MAPPED,MAPPED,INVALID_STRUCTURE,
sales_monthly_by_sku_branch_202607161619.csv,151182,31.L1.LEO-100100-002.01,31.L1.LEO-100100-002,017,2024-03-01,MAPPED,MAPPED,INVALID_STRUCTURE,
sales_monthly_by_sku_branch_202607161619.csv,151183,31.L1.LEO-100100-002.01,31.L1.LEO-100100-002,017,2024-04-01,MAPPED,MAPPED,INVALID_STRUCTURE,
sales_monthly_by_sku_branch_202607161619.csv,151184,31.L1.LEO-100100-002.01,31.L1.LEO-100100-002,017,2024-05-01,MAPPED,MAPPED,INVALID_STRUCTURE,
sales_monthly_by_sku_branch_202607161619.csv,151185,31.L1.LEO-100100-002.01,31.L1.LEO-100100-002,017,2024-07-01,MAPPED,MAPPED,INVALID_STRUCTURE,
sales_monthly_by_sku_branch_202607161619.csv,151186,31.L1.LEO-100100-002.01,31.L1.LEO-100100-002,017,2024-10-01,MAPPED,MAPPED,INVALID_STRUCTURE,
sales_monthly_by_sku_branch_202607161619.csv,151187,31.L1.LEO-100100-002.01,31.L1.LEO-100100-002,017,2024-11-01,MAPPED,MAPPED,INVALID_STRUCTURE,
sales_monthly_by_sku_branch_202607161619.csv,151188,31.L1.LEO-100100-002.01,31.L1.LEO-100100-002,017,2024-12-01,MAPPED,MAPPED,INVALID_STRUCTURE,
sales_monthly_by_sku_branch_202607161619.csv,151189,31.L1.LEO-100100-002.01,31.L1.LEO-100100-002,018,2024-04-01,MAPPED,MAPPED,INVALID_STRUCTURE,
sales_monthly_by_sku_branch_202607161619.csv,151190,31.L1.LEO-100100-002.01,31.L1.LEO-100100-002,018,2024-07-01,MAPPED,MAPPED,INVALID_STRUCTURE,
sales_monthly_by_sku_branch_202607161619.csv,151191,31.L1.LEO-100100-002.01,31.L1.LEO-100100-002,019,2024-07-01,MAPPED,MAPPED,INVALID_STRUCTURE,
sales_monthly_by_sku_branch_202607161619.csv,151192,31.L1.LEO-100100-002.01,31.L1.LEO-100100-002,019,2024-08-01,MAPPED,MAPPED,INVALID_STRUCTURE,
sales_monthly_by_sku_branch_202607161619.csv,151193,31.L1.LEO-100100-002.01,31.L1.LEO-100100-002,019,2024-11-01,MAPPED,MAPPED,INVALID_STRUCTURE,
sales_monthly_by_sku_branch_202607161619.csv,151194,31.L1.LEO-100100-002.01,31.L1.LEO-100100-002,019,2024-12-01,MAPPED,MAPPED,INVALID_STRUCTURE,
sales_monthly_by_sku_branch_202607161619.csv,151195,31.L1.LEO-100100-002.01,31.L1.LEO-100100-002,019,2025-12-01,MAPPED,MAPPED,INVALID_STRUCTURE,
sales_monthly_by_sku_branch_202607161619.csv,151196,31.L1.LEO-100100-002.01,31.L1.LEO-100100-002,019,2026-01-01,MAPPED,MAPPED,INVALID_STRUCTURE,
sales_monthly_by_sku_branch_202607161619.csv,151197,31.L1.LEO-100100-002.01,31.L1.LEO-100100-002,023,2024-07-01,MAPPED,MAPPED,INVALID_STRUCTURE,
sales_monthly_by_sku_branch_202607161619.csv,151198,31.L1.LEO-100100-002.01,31.L1.LEO-100100-002,023,2024-11-01,MAPPED,MAPPED,INVALID_STRUCTURE,
sales_monthly_by_sku_branch_202607161619.csv,151199,31.L1.LEO-100100-002.01,31.L1.LEO-100100-002,024,2024-07-01,MAPPED,MAPPED,INVALID_STRUCTURE,
sales_monthly_by_sku_branch_202607161619.csv,151200,31.L1.LEO-100100-002.01,31.L1.LEO-100100-002,024,2024-08-01,MAPPED,MAPPED,INVALID_STRUCTURE,
sales_monthly_by_sku_branch_202607161619.csv,151201,31.L1.LEO-100100-002.01,31.L1.LEO-100100-002,024,2024-09-01,MAPPED,MAPPED,INVALID_STRUCTURE,
sales_monthly_by_sku_branch_202607161619.csv,151202,31.L1.LEO-100100-002.01,31.L1.LEO-100100-002,024,2024-12-01,MAPPED,MAPPED,INVALID_STRUCTURE,
sales_monthly_by_sku_branch_202607161619.csv,151203,31.L1.LEO-100100-002.01,31.L1.LEO-100100-002,024,2025-01-01,MAPPED,MAPPED,INVALID_STRUCTURE,
sales_monthly_by_sku_branch_202607161619.csv,151204,31.L1.LEO-100100-002.01,31.L1.LEO-100100-002,024,2025-03-01,MAPPED,MAPPED,INVALID_STRUCTURE,
sales_monthly_by_sku_branch_202607161619.csv,151205,31.L1.LEO-100100-002.01,31.L1.LEO-100100-002,024,2025-12-01,MAPPED,MAPPED,INVALID_STRUCTURE,
sales_monthly_by_sku_branch_202607161619.csv,151206,31.L1.LEO-100100-002.01,31.L1.LEO-100100-002,049,2025-07-01,MAPPED,MAPPED,INVALID_STRUCTURE,
sales_monthly_by_sku_branch_202607161619.csv,151207,31.L1.LEO-100100-002.01,31.L1.LEO-100100-002,067,2024-12-01,MAPPED,MAPPED,INVALID_STRUCTURE,
sales_monthly_by_sku_branch_202607161619.csv,151208,31.L1.LEO-100100-002.01,31.L1.LEO-100100-002,071,2024-10-01,MAPPED,MAPPED,INVALID_STRUCTURE,
sales_monthly_by_sku_branch_202607161619.csv,151209,31.L1.LEO-100100-002.01,31.L1.LEO-100100-002,093,2024-07-01,MAPPED,MAPPED,INVALID_STRUCTURE,
sales_monthly_by_sku_branch_202607161619.csv,151210,31.L1.LEO-100100-002.01,31.L1.LEO-100100-002,093,2025-04-01,MAPPED,MAPPED,INVALID_STRUCTURE,
sales_monthly_by_sku_branch_202607161619.csv,151211,31.L1.LEO-100100-002.01,31.L1.LEO-100100-002,094,2025-07-01,MAPPED,MAPPED,INVALID_STRUCTURE,
sales_monthly_by_sku_branch_202607161619.csv,151212,31.L1.LEO-100100-002.01,31.L1.LEO-100100-002,119,2025-06-01,MAPPED,MAPPED,INVALID_STRUCTURE,
sales_monthly_by_sku_branch_202607161619.csv,151213,31.L1.LEO-100100-002.01,31.L1.LEO-100100-002,119,2025-08-01,MAPPED,MAPPED,INVALID_STRUCTURE,
sales_monthly_by_sku_branch_202607161619.csv,151214,31.L1.LEO-100100-002.01,31.L1.LEO-100100-002,119,2025-09-01,MAPPED,MAPPED,INVALID_STRUCTURE,
sales_monthly_by_sku_branch_202607161619.csv,151215,31.L1.LEO-100100-002.01,31.L1.LEO-100100-002,119,2025-10-01,MAPPED,MAPPED,INVALID_STRUCTURE,
sales_monthly_by_sku_branch_202607161619.csv,151216,31.L1.LEO-100100-003.01,31.L1.LEO-100100-003,000,2025-04-01,MAPPED,MAPPED,INVALID_STRUCTURE,
sales_monthly_by_sku_branch_202607161619.csv,151217,31.L1.LEO-100100-003.01,31.L1.LEO-100100-003,000,2025-07-01,MAPPED,MAPPED,INVALID_STRUCTURE,
sales_monthly_by_sku_branch_202607161619.csv,151218,31.L1.LEO-100100-003.01,31.L1.LEO-100100-003,000,2025-08-01,MAPPED,MAPPED,INVALID_STRUCTURE,
sales_monthly_by_sku_branch_202607161619.csv,151219,31.L1.LEO-100100-003.01,31.L1.LEO-100100-003,000,2025-12-01,MAPPED,MAPPED,INVALID_STRUCTURE,
sales_monthly_by_sku_branch_202607161619.csv,151220,31.L1.LEO-100100-003.01,31.L1.LEO-100100-003,002,2024-03-01,MAPPED,MAPPED,INVALID_STRUCTURE,
sales_monthly_by_sku_branch_202607161619.csv,151221,31.L1.LEO-100100-003.01,31.L1.LEO-100100-003,008,2024-01-01,MAPPED,MAPPED,INVALID_STRUCTURE,
sales_monthly_by_sku_branch_202607161619.csv,151222,31.L1.LEO-100100-003.01,31.L1.LEO-100100-003,008,2024-03-01,MAPPED,MAPPED,INVALID_STRUCTURE,
sales_monthly_by_sku_branch_202607161619.csv,151223,31.L1.LEO-100100-003.01,31.L1.LEO-100100-003,008,2026-01-01,MAPPED,MAPPED,INVALID_STRUCTURE,
sales_monthly_by_sku_branch_202607161619.csv,151224,31.L1.LEO-100100-003.01,31.L1.LEO-100100-003,010,2024-06-01,MAPPED,MAPPED,INVALID_STRUCTURE,
sales_monthly_by_sku_branch_202607161619.csv,151225,31.L1.LEO-100100-003.01,31.L1.LEO-100100-003,010,2024-07-01,MAPPED,MAPPED,INVALID_STRUCTURE,
sales_monthly_by_sku_branch_202607161619.csv,151226,31.L1.LEO-100100-003.01,31.L1.LEO-100100-003,010,2024-12-01,MAPPED,MAPPED,INVALID_STRUCTURE,
sales_monthly_by_sku_branch_202607161619.csv,151227,31.L1.LEO-100100-003.01,31.L1.LEO-100100-003,011,2024-12-01,MAPPED,MAPPED,INVALID_STRUCTURE,
sales_monthly_by_sku_branch_202607161619.csv,151228,31.L1.LEO-100100-003.01,31.L1.LEO-100100-003,012,2024-05-01,MAPPED,MAPPED,INVALID_STRUCTURE,
sales_monthly_by_sku_branch_202607161619.csv,151229,31.L1.LEO-100100-003.01,31.L1.LEO-100100-003,012,2024-08-01,MAPPED,MAPPED,INVALID_STRUCTURE,
sales_monthly_by_sku_branch_202607161619.csv,151230,31.L1.LEO-100100-003.01,31.L1.LEO-100100-003,012,2024-10-01,MAPPED,MAPPED,INVALID_STRUCTURE,
sales_monthly_by_sku_branch_202607161619.csv,151231,31.L1.LEO-100100-003.01,31.L1.LEO-100100-003,013,2024-01-01,MAPPED,MAPPED,INVALID_STRUCTURE,
sales_monthly_by_sku_branch_202607161619.csv,151232,31.L1.LEO-100100-003.01,31.L1.LEO-100100-003,013,2024-08-01,MAPPED,MAPPED,INVALID_STRUCTURE,
sales_monthly_by_sku_branch_202607161619.csv,151233,31.L1.LEO-100100-003.01,31.L1.LEO-100100-003,013,2025-06-01,MAPPED,MAPPED,INVALID_STRUCTURE,
sales_monthly_by_sku_branch_202607161619.csv,151234,31.L1.LEO-100100-003.01,31.L1.LEO-100100-003,013,2025-09-01,MAPPED,MAPPED,INVALID_STRUCTURE,
sales_monthly_by_sku_branch_202607161619.csv,151235,31.L1.LEO-100100-003.01,31.L1.LEO-100100-003,013,2025-10-01,MAPPED,MAPPED,INVALID_STRUCTURE,
sales_monthly_by_sku_branch_202607161619.csv,151236,31.L1.LEO-100100-003.01,31.L1.LEO-100100-003,013,2026-06-01,MAPPED,MAPPED,INVALID_STRUCTURE,
sales_monthly_by_sku_branch_202607161619.csv,151237,31.L1.LEO-100100-003.01,31.L1.LEO-100100-003,015,2025-06-01,MAPPED,MAPPED,INVALID_STRUCTURE,
sales_monthly_by_sku_branch_202607161619.csv,151238,31.L1.LEO-100100-003.01,31.L1.LEO-100100-003,015,2025-07-01,MAPPED,MAPPED,INVALID_STRUCTURE,
sales_monthly_by_sku_branch_202607161619.csv,151239,31.L1.LEO-100100-003.01,31.L1.LEO-100100-003,015,2025-08-01,MAPPED,MAPPED,INVALID_STRUCTURE,
sales_monthly_by_sku_branch_202607161619.csv,151240,31.L1.LEO-100100-003.01,31.L1.LEO-100100-003,015,2025-09-01,MAPPED,MAPPED,INVALID_STRUCTURE,
sales_monthly_by_sku_branch_202607161619.csv,151241,31.L1.LEO-100100-003.01,31.L1.LEO-100100-003,015,2025-10-01,MAPPED,MAPPED,INVALID_STRUCTURE,
sales_monthly_by_sku_branch_202607161619.csv,151242,31.L1.LEO-100100-003.01,31.L1.LEO-100100-003,015,2025-11-01,MAPPED,MAPPED,INVALID_STRUCTURE,
sales_monthly_by_sku_branch_202607161619.csv,151243,31.L1.LEO-100100-003.01,31.L1.LEO-100100-003,015,2025-12-01,MAPPED,MAPPED,INVALID_STRUCTURE,
sales_monthly_by_sku_branch_202607161619.csv,151244,31.L1.LEO-100100-003.01,31.L1.LEO-100100-003,015,2026-01-01,MAPPED,MAPPED,INVALID_STRUCTURE,
sales_monthly_by_sku_branch_202607161619.csv,151245,31.L1.LEO-100100-003.01,31.L1.LEO-100100-003,015,2026-02-01,MAPPED,MAPPED,INVALID_STRUCTURE,
sales_monthly_by_sku_branch_202607161619.csv,151246,31.L1.LEO-100100-003.01,31.L1.LEO-100100-003,015,2026-05-01,MAPPED,MAPPED,INVALID_STRUCTURE,
sales_monthly_by_sku_branch_202607161619.csv,151247,31.L1.LEO-100100-003.01,31.L1.LEO-100100-003,016,2024-07-01,MAPPED,MAPPED,INVALID_STRUCTURE,
sales_monthly_by_sku_branch_202607161619.csv,151248,31.L1.LEO-100100-003.01,31.L1.LEO-100100-003,017,2024-11-01,MAPPED,MAPPED,INVALID_STRUCTURE,
sales_monthly_by_sku_branch_202607161619.csv,151249,31.L1.LEO-100100-003.01,31.L1.LEO-100100-003,018,2024-07-01,MAPPED,MAPPED,INVALID_STRUCTURE,
sales_monthly_by_sku_branch_202607161619.csv,151250,31.L1.LEO-100100-003.01,31.L1.LEO-100100-003,018,2024-11-01,MAPPED,MAPPED,INVALID_STRUCTURE,
sales_monthly_by_sku_branch_202607161619.csv,151251,31.L1.LEO-100100-003.01,31.L1.LEO-100100-003,018,2025-08-01,MAPPED,MAPPED,INVALID_STRUCTURE,
sales_monthly_by_sku_branch_202607161619.csv,151252,31.L1.LEO-100100-003.01,31.L1.LEO-100100-003,019,2024-10-01,MAPPED,MAPPED,INVALID_STRUCTURE,
sales_monthly_by_sku_branch_202607161619.csv,151253,31.L1.LEO-100100-003.01,31.L1.LEO-100100-003,019,2024-11-01,MAPPED,MAPPED,INVALID_STRUCTURE,
sales_monthly_by_sku_branch_202607161619.csv,151254,31.L1.LEO-100100-003.01,31.L1.LEO-100100-003,019,2025-05-01,MAPPED,MAPPED,INVALID_STRUCTURE,
sales_monthly_by_sku_branch_202607161619.csv,151255,31.L1.LEO-100100-003.01,31.L1.LEO-100100-003,019,2026-01-01,MAPPED,MAPPED,INVALID_STRUCTURE,
sales_monthly_by_sku_branch_202607161619.csv,151256,31.L1.LEO-100100-003.01,31.L1.LEO-100100-003,019,2026-02-01,MAPPED,MAPPED,INVALID_STRUCTURE,
sales_monthly_by_sku_branch_202607161619.csv,151257,31.L1.LEO-100100-003.01,31.L1.LEO-100100-003,019,2026-03-01,MAPPED,MAPPED,INVALID_STRUCTURE,
sales_monthly_by_sku_branch_202607161619.csv,151258,31.L1.LEO-100100-003.01,31.L1.LEO-100100-003,019,2026-06-01,MAPPED,MAPPED,INVALID_STRUCTURE,
sales_monthly_by_sku_branch_202607161619.csv,151259,31.L1.LEO-100100-003.01,31.L1.LEO-100100-003,023,2024-01-01,MAPPED,MAPPED,INVALID_STRUCTURE,
sales_monthly_by_sku_branch_202607161619.csv,151260,31.L1.LEO-100100-003.01,31.L1.LEO-100100-003,023,2024-02-01,MAPPED,MAPPED,INVALID_STRUCTURE,
sales_monthly_by_sku_branch_202607161619.csv,151261,31.L1.LEO-100100-003.01,31.L1.LEO-100100-003,023,2025-05-01,MAPPED,MAPPED,INVALID_STRUCTURE,
sales_monthly_by_sku_branch_202607161619.csv,151262,31.L1.LEO-100100-003.01,31.L1.LEO-100100-003,023,2025-07-01,MAPPED,MAPPED,INVALID_STRUCTURE,
sales_monthly_by_sku_branch_202607161619.csv,151263,31.L1.LEO-100100-003.01,31.L1.LEO-100100-003,024,2025-09-01,MAPPED,MAPPED,INVALID_STRUCTURE,
sales_monthly_by_sku_branch_202607161619.csv,151264,31.L1.LEO-100100-003.01,31.L1.LEO-100100-003,049,2025-06-01,MAPPED,MAPPED,INVALID_STRUCTURE,
sales_monthly_by_sku_branch_202607161619.csv,151265,31.L1.LEO-100100-003.01,31.L1.LEO-100100-003,049,2025-07-01,MAPPED,MAPPED,INVALID_STRUCTURE,
sales_monthly_by_sku_branch_202607161619.csv,151266,31.L1.LEO-100100-003.01,31.L1.LEO-100100-003,065,2025-06-01,MAPPED,MAPPED,INVALID_STRUCTURE,
sales_monthly_by_sku_branch_202607161619.csv,151267,31.L1.LEO-100100-003.01,31.L1.LEO-100100-003,065,2025-08-01,MAPPED,MAPPED,INVALID_STRUCTURE,
sales_monthly_by_sku_branch_202607161619.csv,151268,31.L1.LEO-100100-003.01,31.L1.LEO-100100-003,065,2025-10-01,MAPPED,MAPPED,INVALID_STRUCTURE,
sales_monthly_by_sku_branch_202607161619.csv,151269,31.L1.LEO-100100-003.01,31.L1.LEO-100100-003,067,2024-11-01,MAPPED,MAPPED,INVALID_STRUCTURE,
sales_monthly_by_sku_branch_202607161619.csv,151270,31.L1.LEO-100100-003.01,31.L1.LEO-100100-003,071,2026-05-01,MAPPED,MAPPED,INVALID_STRUCTURE,
sales_monthly_by_sku_branch_202607161619.csv,151271,31.L1.LEO-100100-003.01,31.L1.LEO-100100-003,076,2025-07-01,MAPPED,MAPPED,INVALID_STRUCTURE,
sales_monthly_by_sku_branch_202607161619.csv,151272,31.L1.LEO-100100-003.01,31.L1.LEO-100100-003,076,2025-08-01,MAPPED,MAPPED,INVALID_STRUCTURE,
sales_monthly_by_sku_branch_202607161619.csv,151273,31.L1.LEO-100100-003.01,31.L1.LEO-100100-003,076,2025-12-01,MAPPED,MAPPED,INVALID_STRUCTURE,
sales_monthly_by_sku_branch_202607161619.csv,151274,31.L1.LEO-100100-003.01,31.L1.LEO-100100-003,093,2025-04-01,MAPPED,MAPPED,INVALID_STRUCTURE,
sales_monthly_by_sku_branch_202607161619.csv,151275,31.L1.LEO-100100-003.01,31.L1.LEO-100100-003,094,2025-07-01,MAPPED,MAPPED,INVALID_STRUCTURE,
sales_monthly_by_sku_branch_202607161619.csv,151276,31.L1.LEO-100100-003.01,31.L1.LEO-100100-003,094,2025-09-01,MAPPED,MAPPED,INVALID_STRUCTURE,
sales_monthly_by_sku_branch_202607161619.csv,151277,31.L1.LEO-100100-003.01,31.L1.LEO-100100-003,098,2025-12-01,MAPPED,MAPPED,INVALID_STRUCTURE,
sales_monthly_by_sku_branch_202607161619.csv,151278,31.L1.LEO-100100-003.01,31.L1.LEO-100100-003,123,2025-08-01,MAPPED,MAPPED,INVALID_STRUCTURE,
sales_monthly_by_sku_branch_202607161619.csv,151279,31.L1.LEO-100100-003.01,31.L1.LEO-100100-003,123,2025-09-01,MAPPED,MAPPED,INVALID_STRUCTURE,
sales_monthly_by_sku_branch_202607161619.csv,151280,31.L1.LEO-100100-004.01,31.L1.LEO-100100-004,000,2025-04-01,MAPPED,MAPPED,INVALID_STRUCTURE,
sales_monthly_by_sku_branch_202607161619.csv,151281,31.L1.LEO-100100-004.01,31.L1.LEO-100100-004,002,2024-08-01,MAPPED,MAPPED,INVALID_STRUCTURE,
sales_monthly_by_sku_branch_202607161619.csv,151282,31.L1.LEO-100100-004.01,31.L1.LEO-100100-004,002,2024-09-01,MAPPED,MAPPED,INVALID_STRUCTURE,
sales_monthly_by_sku_branch_202607161619.csv,151283,31.L1.LEO-100100-004.01,31.L1.LEO-100100-004,002,2025-05-01,MAPPED,MAPPED,INVALID_STRUCTURE,
sales_monthly_by_sku_branch_202607161619.csv,151284,31.L1.LEO-100100-004.01,31.L1.LEO-100100-004,002,2025-11-01,MAPPED,MAPPED,INVALID_STRUCTURE,
sales_monthly_by_sku_branch_202607161619.csv,151285,31.L1.LEO-100100-004.01,31.L1.LEO-100100-004,008,2024-05-01,MAPPED,MAPPED,INVALID_STRUCTURE,
sales_monthly_by_sku_branch_202607161619.csv,151286,31.L1.LEO-100100-004.01,31.L1.LEO-100100-004,008,2024-06-01,MAPPED,MAPPED,INVALID_STRUCTURE,
sales_monthly_by_sku_branch_202607161619.csv,151287,31.L1.LEO-100100-004.01,31.L1.LEO-100100-004,008,2025-05-01,MAPPED,MAPPED,INVALID_STRUCTURE,
sales_monthly_by_sku_branch_202607161619.csv,151288,31.L1.LEO-100100-004.01,31.L1.LEO-100100-004,010,2024-01-01,MAPPED,MAPPED,INVALID_STRUCTURE,
sales_monthly_by_sku_branch_202607161619.csv,151289,31.L1.LEO-100100-004.01,31.L1.LEO-100100-004,010,2025-07-01,MAPPED,MAPPED,INVALID_STRUCTURE,
sales_monthly_by_sku_branch_202607161619.csv,151290,31.L1.LEO-100100-004.01,31.L1.LEO-100100-004,010,2025-09-01,MAPPED,MAPPED,INVALID_STRUCTURE,
sales_monthly_by_sku_branch_202607161619.csv,151291,31.L1.LEO-100100-004.01,31.L1.LEO-100100-004,010,2025-10-01,MAPPED,MAPPED,INVALID_STRUCTURE,
sales_monthly_by_sku_branch_202607161619.csv,151292,31.L1.LEO-100100-004.01,31.L1.LEO-100100-004,011,2025-01-01,MAPPED,MAPPED,INVALID_STRUCTURE,
sales_monthly_by_sku_branch_202607161619.csv,151293,31.L1.LEO-100100-004.01,31.L1.LEO-100100-004,011,2025-08-01,MAPPED,MAPPED,INVALID_STRUCTURE,
sales_monthly_by_sku_branch_202607161619.csv,151294,31.L1.LEO-100100-004.01,31.L1.LEO-100100-004,012,2024-05-01,MAPPED,MAPPED,INVALID_STRUCTURE,
sales_monthly_by_sku_branch_202607161619.csv,151295,31.L1.LEO-100100-004.01,31.L1.LEO-100100-004,012,2024-08-01,MAPPED,MAPPED,INVALID_STRUCTURE,
sales_monthly_by_sku_branch_202607161619.csv,151296,31.L1.LEO-100100-004.01,31.L1.LEO-100100-004,013,2024-07-01,MAPPED,MAPPED,INVALID_STRUCTURE,
sales_monthly_by_sku_branch_202607161619.csv,151297,31.L1.LEO-100100-004.01,31.L1.LEO-100100-004,013,2024-12-01,MAPPED,MAPPED,INVALID_STRUCTURE,
sales_monthly_by_sku_branch_202607161619.csv,151298,31.L1.LEO-100100-004.01,31.L1.LEO-100100-004,013,2025-01-01,MAPPED,MAPPED,INVALID_STRUCTURE,
sales_monthly_by_sku_branch_202607161619.csv,151299,31.L1.LEO-100100-004.01,31.L1.LEO-100100-004,013,2025-12-01,MAPPED,MAPPED,INVALID_STRUCTURE,
sales_monthly_by_sku_branch_202607161619.csv,151300,31.L1.LEO-100100-004.01,31.L1.LEO-100100-004,013,2026-01-01,MAPPED,MAPPED,INVALID_STRUCTURE,
sales_monthly_by_sku_branch_202607161619.csv,151301,31.L1.LEO-100100-004.01,31.L1.LEO-100100-004,013,2026-02-01,MAPPED,MAPPED,INVALID_STRUCTURE,
sales_monthly_by_sku_branch_202607161619.csv,151302,31.L1.LEO-100100-004.01,31.L1.LEO-100100-004,015,2024-02-01,MAPPED,MAPPED,INVALID_STRUCTURE,
sales_monthly_by_sku_branch_202607161619.csv,151303,31.L1.LEO-100100-004.01,31.L1.LEO-100100-004,015,2024-06-01,MAPPED,MAPPED,INVALID_STRUCTURE,
sales_monthly_by_sku_branch_202607161619.csv,151304,31.L1.LEO-100100-004.01,31.L1.LEO-100100-004,015,2024-11-01,MAPPED,MAPPED,INVALID_STRUCTURE,
sales_monthly_by_sku_branch_202607161619.csv,151305,31.L1.LEO-100100-004.01,31.L1.LEO-100100-004,015,2025-01-01,MAPPED,MAPPED,INVALID_STRUCTURE,
sales_monthly_by_sku_branch_202607161619.csv,151306,31.L1.LEO-100100-004.01,31.L1.LEO-100100-004,015,2025-02-01,MAPPED,MAPPED,INVALID_STRUCTURE,
sales_monthly_by_sku_branch_202607161619.csv,151307,31.L1.LEO-100100-004.01,31.L1.LEO-100100-004,015,2025-04-01,MAPPED,MAPPED,INVALID_STRUCTURE,
sales_monthly_by_sku_branch_202607161619.csv,151308,31.L1.LEO-100100-004.01,31.L1.LEO-100100-004,015,2025-07-01,MAPPED,MAPPED,INVALID_STRUCTURE,
sales_monthly_by_sku_branch_202607161619.csv,151309,31.L1.LEO-100100-004.01,31.L1.LEO-100100-004,015,2025-08-01,MAPPED,MAPPED,INVALID_STRUCTURE,
sales_monthly_by_sku_branch_202607161619.csv,151310,31.L1.LEO-100100-004.01,31.L1.LEO-100100-004,015,2025-09-01,MAPPED,MAPPED,INVALID_STRUCTURE,
sales_monthly_by_sku_branch_202607161619.csv,151311,31.L1.LEO-100100-004.01,31.L1.LEO-100100-004,016,2024-05-01,MAPPED,MAPPED,INVALID_STRUCTURE,
sales_monthly_by_sku_branch_202607161619.csv,151312,31.L1.LEO-100100-004.01,31.L1.LEO-100100-004,016,2024-08-01,MAPPED,MAPPED,INVALID_STRUCTURE,
sales_monthly_by_sku_branch_202607161619.csv,151313,31.L1.LEO-100100-004.01,31.L1.LEO-100100-004,016,2024-09-01,MAPPED,MAPPED,INVALID_STRUCTURE,
sales_monthly_by_sku_branch_202607161619.csv,151314,31.L1.LEO-100100-004.01,31.L1.LEO-100100-004,016,2024-10-01,MAPPED,MAPPED,INVALID_STRUCTURE,
sales_monthly_by_sku_branch_202607161619.csv,151315,31.L1.LEO-100100-004.01,31.L1.LEO-100100-004,017,2024-05-01,MAPPED,MAPPED,INVALID_STRUCTURE,
sales_monthly_by_sku_branch_202607161619.csv,151316,31.L1.LEO-100100-004.01,31.L1.LEO-100100-004,017,2025-01-01,MAPPED,MAPPED,INVALID_STRUCTURE,
sales_monthly_by_sku_branch_202607161619.csv,151317,31.L1.LEO-100100-004.01,31.L1.LEO-100100-004,017,2025-05-01,MAPPED,MAPPED,INVALID_STRUCTURE,
sales_monthly_by_sku_branch_202607161619.csv,151318,31.L1.LEO-100100-004.01,31.L1.LEO-100100-004,017,2025-10-01,MAPPED,MAPPED,INVALID_STRUCTURE,
sales_monthly_by_sku_branch_202607161619.csv,151319,31.L1.LEO-100100-004.01,31.L1.LEO-100100-004,017,2025-12-01,MAPPED,MAPPED,INVALID_STRUCTURE,
sales_monthly_by_sku_branch_202607161619.csv,151320,31.L1.LEO-100100-004.01,31.L1.LEO-100100-004,018,2024-04-01,MAPPED,MAPPED,INVALID_STRUCTURE,
sales_monthly_by_sku_branch_202607161619.csv,151321,31.L1.LEO-100100-004.01,31.L1.LEO-100100-004,018,2025-02-01,MAPPED,MAPPED,INVALID_STRUCTURE,
sales_monthly_by_sku_branch_202607161619.csv,151322,31.L1.LEO-100100-004.01,31.L1.LEO-100100-004,019,2025-02-01,MAPPED,MAPPED,INVALID_STRUCTURE,
sales_monthly_by_sku_branch_202607161619.csv,151323,31.L1.LEO-100100-004.01,31.L1.LEO-100100-004,019,2025-07-01,MAPPED,MAPPED,INVALID_STRUCTURE,
sales_monthly_by_sku_branch_202607161619.csv,151324,31.L1.LEO-100100-004.01,31.L1.LEO-100100-004,019,2025-08-01,MAPPED,MAPPED,INVALID_STRUCTURE,
sales_monthly_by_sku_branch_202607161619.csv,151325,31.L1.LEO-100100-004.01,31.L1.LEO-100100-004,019,2025-09-01,MAPPED,MAPPED,INVALID_STRUCTURE,
sales_monthly_by_sku_branch_202607161619.csv,151326,31.L1.LEO-100100-004.01,31.L1.LEO-100100-004,019,2026-05-01,MAPPED,MAPPED,INVALID_STRUCTURE,
sales_monthly_by_sku_branch_202607161619.csv,151327,31.L1.LEO-100100-004.01,31.L1.LEO-100100-004,023,2024-07-01,MAPPED,MAPPED,INVALID_STRUCTURE,
sales_monthly_by_sku_branch_202607161619.csv,151328,31.L1.LEO-100100-004.01,31.L1.LEO-100100-004,023,2025-02-01,MAPPED,MAPPED,INVALID_STRUCTURE,
sales_monthly_by_sku_branch_202607161619.csv,151329,31.L1.LEO-100100-004.01,31.L1.LEO-100100-004,023,2025-07-01,MAPPED,MAPPED,INVALID_STRUCTURE,
sales_monthly_by_sku_branch_202607161619.csv,151330,31.L1.LEO-100100-004.01,31.L1.LEO-100100-004,023,2025-09-01,MAPPED,MAPPED,INVALID_STRUCTURE,
sales_monthly_by_sku_branch_202607161619.csv,151331,31.L1.LEO-100100-004.01,31.L1.LEO-100100-004,024,2024-04-01,MAPPED,MAPPED,INVALID_STRUCTURE,
sales_monthly_by_sku_branch_202607161619.csv,151332,31.L1.LEO-100100-004.01,31.L1.LEO-100100-004,024,2024-05-01,MAPPED,MAPPED,INVALID_STRUCTURE,
sales_monthly_by_sku_branch_202607161619.csv,151333,31.L1.LEO-100100-004.01,31.L1.LEO-100100-004,024,2024-07-01,MAPPED,MAPPED,INVALID_STRUCTURE,
sales_monthly_by_sku_branch_202607161619.csv,151334,31.L1.LEO-100100-004.01,31.L1.LEO-100100-004,049,2024-11-01,MAPPED,MAPPED,INVALID_STRUCTURE,
sales_monthly_by_sku_branch_202607161619.csv,151335,31.L1.LEO-100100-004.01,31.L1.LEO-100100-004,049,2024-12-01,MAPPED,MAPPED,INVALID_STRUCTURE,
sales_monthly_by_sku_branch_202607161619.csv,151336,31.L1.LEO-100100-004.01,31.L1.LEO-100100-004,049,2025-07-01,MAPPED,MAPPED,INVALID_STRUCTURE,
sales_monthly_by_sku_branch_202607161619.csv,151337,31.L1.LEO-100100-004.01,31.L1.LEO-100100-004,049,2025-09-01,MAPPED,MAPPED,INVALID_STRUCTURE,
sales_monthly_by_sku_branch_202607161619.csv,151338,31.L1.LEO-100100-004.01,31.L1.LEO-100100-004,067,2024-11-01,MAPPED,MAPPED,INVALID_STRUCTURE,
sales_monthly_by_sku_branch_202607161619.csv,151339,31.L1.LEO-100100-004.01,31.L1.LEO-100100-004,073,2025-09-01,MAPPED,MAPPED,INVALID_STRUCTURE,
sales_monthly_by_sku_branch_202607161619.csv,151340,31.L1.LEO-100100-004.01,31.L1.LEO-100100-004,079,2025-04-01,MAPPED,MAPPED,INVALID_STRUCTURE,
sales_monthly_by_sku_branch_202607161619.csv,151341,31.L1.LEO-100100-004.01,31.L1.LEO-100100-004,093,2025-04-01,MAPPED,MAPPED,INVALID_STRUCTURE,
sales_monthly_by_sku_branch_202607161619.csv,151342,31.L1.LEO-100100-004.01,31.L1.LEO-100100-004,094,2025-07-01,MAPPED,MAPPED,INVALID_STRUCTURE,
sales_monthly_by_sku_branch_202607161619.csv,151343,31.L1.LEO-100100-004.01,31.L1.LEO-100100-004,119,2025-05-01,MAPPED,MAPPED,INVALID_STRUCTURE,
sales_monthly_by_sku_branch_202607161619.csv,151344,31.L1.LEO-100100-004.01,31.L1.LEO-100100-004,123,2025-06-01,MAPPED,MAPPED,INVALID_STRUCTURE,
sales_monthly_by_sku_branch_202607161619.csv,151345,31.L1.LEO-100100-004.01,31.L1.LEO-100100-004,123,2025-08-01,MAPPED,MAPPED,INVALID_STRUCTURE,
sales_monthly_by_sku_branch_202607161619.csv,151346,31.L1.LEO-100100-005,31.L1.LEO-100100-005,076,2026-01-01,MAPPED,MAPPED,INVALID_STRUCTURE,
sales_monthly_by_sku_branch_202607161619.csv,151347,31.L1.LEO-100100-005.01,31.L1.LEO-100100-005,000,2024-08-01,MAPPED,MAPPED,INVALID_STRUCTURE,
sales_monthly_by_sku_branch_202607161619.csv,151348,31.L1.LEO-100100-005.01,31.L1.LEO-100100-005,000,2025-12-01,MAPPED,MAPPED,INVALID_STRUCTURE,
sales_monthly_by_sku_branch_202607161619.csv,151349,31.L1.LEO-100100-005.01,31.L1.LEO-100100-005,000,2026-01-01,MAPPED,MAPPED,INVALID_STRUCTURE,
sales_monthly_by_sku_branch_202607161619.csv,151350,31.L1.LEO-100100-005.01,31.L1.LEO-100100-005,002,2025-02-01,MAPPED,MAPPED,INVALID_STRUCTURE,
sales_monthly_by_sku_branch_202607161619.csv,151351,31.L1.LEO-100100-005.01,31.L1.LEO-100100-005,002,2025-12-01,MAPPED,MAPPED,INVALID_STRUCTURE,
sales_monthly_by_sku_branch_202607161619.csv,151352,31.L1.LEO-100100-005.01,31.L1.LEO-100100-005,002,2026-01-01,MAPPED,MAPPED,INVALID_STRUCTURE,
sales_monthly_by_sku_branch_202607161619.csv,151353,31.L1.LEO-100100-005.01,31.L1.LEO-100100-005,008,2024-02-01,MAPPED,MAPPED,INVALID_STRUCTURE,
sales_monthly_by_sku_branch_202607161619.csv,151354,31.L1.LEO-100100-005.01,31.L1.LEO-100100-005,008,2024-10-01,MAPPED,MAPPED,INVALID_STRUCTURE,
sales_monthly_by_sku_branch_202607161619.csv,151355,31.L1.LEO-100100-005.01,31.L1.LEO-100100-005,008,2025-09-01,MAPPED,MAPPED,INVALID_STRUCTURE,
sales_monthly_by_sku_branch_202607161619.csv,151356,31.L1.LEO-100100-005.01,31.L1.LEO-100100-005,008,2025-10-01,MAPPED,MAPPED,INVALID_STRUCTURE,
sales_monthly_by_sku_branch_202607161619.csv,151357,31.L1.LEO-100100-005.01,31.L1.LEO-100100-005,010,2024-10-01,MAPPED,MAPPED,INVALID_STRUCTURE,
sales_monthly_by_sku_branch_202607161619.csv,151358,31.L1.LEO-100100-005.01,31.L1.LEO-100100-005,011,2024-01-01,MAPPED,MAPPED,INVALID_STRUCTURE,
sales_monthly_by_sku_branch_202607161619.csv,151359,31.L1.LEO-100100-005.01,31.L1.LEO-100100-005,011,2024-07-01,MAPPED,MAPPED,INVALID_STRUCTURE,
sales_monthly_by_sku_branch_202607161619.csv,151360,31.L1.LEO-100100-005.01,31.L1.LEO-100100-005,011,2024-09-01,MAPPED,MAPPED,INVALID_STRUCTURE,
sales_monthly_by_sku_branch_202607161619.csv,151361,31.L1.LEO-100100-005.01,31.L1.LEO-100100-005,011,2024-10-01,MAPPED,MAPPED,INVALID_STRUCTURE,
sales_monthly_by_sku_branch_202607161619.csv,151362,31.L1.LEO-100100-005.01,31.L1.LEO-100100-005,011,2026-01-01,MAPPED,MAPPED,INVALID_STRUCTURE,
sales_monthly_by_sku_branch_202607161619.csv,151363,31.L1.LEO-100100-005.01,31.L1.LEO-100100-005,011,2026-04-01,MAPPED,MAPPED,INVALID_STRUCTURE,
sales_monthly_by_sku_branch_202607161619.csv,151364,31.L1.LEO-100100-005.01,31.L1.LEO-100100-005,012,2024-12-01,MAPPED,MAPPED,INVALID_STRUCTURE,
sales_monthly_by_sku_branch_202607161619.csv,151365,31.L1.LEO-100100-005.01,31.L1.LEO-100100-005,013,2024-07-01,MAPPED,MAPPED,INVALID_STRUCTURE,
sales_monthly_by_sku_branch_202607161619.csv,151366,31.L1.LEO-100100-005.01,31.L1.LEO-100100-005,013,2025-07-01,MAPPED,MAPPED,INVALID_STRUCTURE,
sales_monthly_by_sku_branch_202607161619.csv,151367,31.L1.LEO-100100-005.01,31.L1.LEO-100100-005,015,2024-07-01,MAPPED,MAPPED,INVALID_STRUCTURE,
sales_monthly_by_sku_branch_202607161619.csv,151368,31.L1.LEO-100100-005.01,31.L1.LEO-100100-005,015,2024-10-01,MAPPED,MAPPED,INVALID_STRUCTURE,
sales_monthly_by_sku_branch_202607161619.csv,151369,31.L1.LEO-100100-005.01,31.L1.LEO-100100-005,015,2025-02-01,MAPPED,MAPPED,INVALID_STRUCTURE,
sales_monthly_by_sku_branch_202607161619.csv,151370,31.L1.LEO-100100-005.01,31.L1.LEO-100100-005,015,2025-03-01,MAPPED,MAPPED,INVALID_STRUCTURE,
sales_monthly_by_sku_branch_202607161619.csv,151371,31.L1.LEO-100100-005.01,31.L1.LEO-100100-005,015,2025-04-01,MAPPED,MAPPED,INVALID_STRUCTURE,
sales_monthly_by_sku_branch_202607161619.csv,151372,31.L1.LEO-100100-005.01,31.L1.LEO-100100-005,015,2025-06-01,MAPPED,MAPPED,INVALID_STRUCTURE,
sales_monthly_by_sku_branch_202607161619.csv,151373,31.L1.LEO-100100-005.01,31.L1.LEO-100100-005,015,2025-09-01,MAPPED,MAPPED,INVALID_STRUCTURE,
sales_monthly_by_sku_branch_202607161619.csv,151374,31.L1.LEO-100100-005.01,31.L1.LEO-100100-005,015,2025-12-01,MAPPED,MAPPED,INVALID_STRUCTURE,
sales_monthly_by_sku_branch_202607161619.csv,151375,31.L1.LEO-100100-005.01,31.L1.LEO-100100-005,015,2026-01-01,MAPPED,MAPPED,INVALID_STRUCTURE,
sales_monthly_by_sku_branch_202607161619.csv,151376,31.L1.LEO-100100-005.01,31.L1.LEO-100100-005,015,2026-02-01,MAPPED,MAPPED,INVALID_STRUCTURE,
sales_monthly_by_sku_branch_202607161619.csv,151377,31.L1.LEO-100100-005.01,31.L1.LEO-100100-005,016,2024-06-01,MAPPED,MAPPED,INVALID_STRUCTURE,
sales_monthly_by_sku_branch_202607161619.csv,151378,31.L1.LEO-100100-005.01,31.L1.LEO-100100-005,016,2025-03-01,MAPPED,MAPPED,INVALID_STRUCTURE,
sales_monthly_by_sku_branch_202607161619.csv,151379,31.L1.LEO-100100-005.01,31.L1.LEO-100100-005,017,2024-01-01,MAPPED,MAPPED,INVALID_STRUCTURE,
sales_monthly_by_sku_branch_202607161619.csv,151380,31.L1.LEO-100100-005.01,31.L1.LEO-100100-005,017,2024-07-01,MAPPED,MAPPED,INVALID_STRUCTURE,
sales_monthly_by_sku_branch_202607161619.csv,151381,31.L1.LEO-100100-005.01,31.L1.LEO-100100-005,017,2024-11-01,MAPPED,MAPPED,INVALID_STRUCTURE,
sales_monthly_by_sku_branch_202607161619.csv,151382,31.L1.LEO-100100-005.01,31.L1.LEO-100100-005,017,2025-01-01,MAPPED,MAPPED,INVALID_STRUCTURE,
sales_monthly_by_sku_branch_202607161619.csv,151383,31.L1.LEO-100100-005.01,31.L1.LEO-100100-005,017,2025-07-01,MAPPED,MAPPED,INVALID_STRUCTURE,
sales_monthly_by_sku_branch_202607161619.csv,151384,31.L1.LEO-100100-005.01,31.L1.LEO-100100-005,017,2025-08-01,MAPPED,MAPPED,INVALID_STRUCTURE,
sales_monthly_by_sku_branch_202607161619.csv,151385,31.L1.LEO-100100-005.01,31.L1.LEO-100100-005,017,2025-11-01,MAPPED,MAPPED,INVALID_STRUCTURE,
sales_monthly_by_sku_branch_202607161619.csv,151386,31.L1.LEO-100100-005.01,31.L1.LEO-100100-005,017,2025-12-01,MAPPED,MAPPED,INVALID_STRUCTURE,
sales_monthly_by_sku_branch_202607161619.csv,151387,31.L1.LEO-100100-005.01,31.L1.LEO-100100-005,017,2026-01-01,MAPPED,MAPPED,INVALID_STRUCTURE,
sales_monthly_by_sku_branch_202607161619.csv,151388,31.L1.LEO-100100-005.01,31.L1.LEO-100100-005,017,2026-05-01,MAPPED,MAPPED,INVALID_STRUCTURE,
sales_monthly_by_sku_branch_202607161619.csv,151389,31.L1.LEO-100100-005.01,31.L1.LEO-100100-005,018,2024-08-01,MAPPED,MAPPED,INVALID_STRUCTURE,
sales_monthly_by_sku_branch_202607161619.csv,151390,31.L1.LEO-100100-005.01,31.L1.LEO-100100-005,018,2025-04-01,MAPPED,MAPPED,INVALID_STRUCTURE,
sales_monthly_by_sku_branch_202607161619.csv,151391,31.L1.LEO-100100-005.01,31.L1.LEO-100100-005,018,2025-05-01,MAPPED,MAPPED,INVALID_STRUCTURE,
sales_monthly_by_sku_branch_202607161619.csv,151392,31.L1.LEO-100100-005.01,31.L1.LEO-100100-005,018,2026-05-01,MAPPED,MAPPED,INVALID_STRUCTURE,
sales_monthly_by_sku_branch_202607161619.csv,151393,31.L1.LEO-100100-005.01,31.L1.LEO-100100-005,018,2026-06-01,MAPPED,MAPPED,INVALID_STRUCTURE,
sales_monthly_by_sku_branch_202607161619.csv,151394,31.L1.LEO-100100-005.01,31.L1.LEO-100100-005,019,2024-06-01,MAPPED,MAPPED,INVALID_STRUCTURE,
sales_monthly_by_sku_branch_202607161619.csv,151395,31.L1.LEO-100100-005.01,31.L1.LEO-100100-005,019,2024-07-01,MAPPED,MAPPED,INVALID_STRUCTURE,
sales_monthly_by_sku_branch_202607161619.csv,151396,31.L1.LEO-100100-005.01,31.L1.LEO-100100-005,019,2025-01-01,MAPPED,MAPPED,INVALID_STRUCTURE,
sales_monthly_by_sku_branch_202607161619.csv,151397,31.L1.LEO-100100-005.01,31.L1.LEO-100100-005,019,2026-06-01,MAPPED,MAPPED,INVALID_STRUCTURE,
sales_monthly_by_sku_branch_202607161619.csv,151398,31.L1.LEO-100100-005.01,31.L1.LEO-100100-005,023,2025-02-01,MAPPED,MAPPED,INVALID_STRUCTURE,
sales_monthly_by_sku_branch_202607161619.csv,151399,31.L1.LEO-100100-005.01,31.L1.LEO-100100-005,023,2025-05-01,MAPPED,MAPPED,INVALID_STRUCTURE,
sales_monthly_by_sku_branch_202607161619.csv,151400,31.L1.LEO-100100-005.01,31.L1.LEO-100100-005,023,2025-06-01,MAPPED,MAPPED,INVALID_STRUCTURE,
sales_monthly_by_sku_branch_202607161619.csv,151401,31.L1.LEO-100100-005.01,31.L1.LEO-100100-005,023,2025-07-01,MAPPED,MAPPED,INVALID_STRUCTURE,
sales_monthly_by_sku_branch_202607161619.csv,151402,31.L1.LEO-100100-005.01,31.L1.LEO-100100-005,023,2025-08-01,MAPPED,MAPPED,INVALID_STRUCTURE,
sales_monthly_by_sku_branch_202607161619.csv,151403,31.L1.LEO-100100-005.01,31.L1.LEO-100100-005,023,2025-09-01,MAPPED,MAPPED,INVALID_STRUCTURE,
sales_monthly_by_sku_branch_202607161619.csv,151404,31.L1.LEO-100100-005.01,31.L1.LEO-100100-005,024,2024-01-01,MAPPED,MAPPED,INVALID_STRUCTURE,
sales_monthly_by_sku_branch_202607161619.csv,151405,31.L1.LEO-100100-005.01,31.L1.LEO-100100-005,024,2024-02-01,MAPPED,MAPPED,INVALID_STRUCTURE,
sales_monthly_by_sku_branch_202607161619.csv,151406,31.L1.LEO-100100-005.01,31.L1.LEO-100100-005,024,2024-05-01,MAPPED,MAPPED,INVALID_STRUCTURE,
sales_monthly_by_sku_branch_202607161619.csv,151407,31.L1.LEO-100100-005.01,31.L1.LEO-100100-005,024,2024-06-01,MAPPED,MAPPED,INVALID_STRUCTURE,
sales_monthly_by_sku_branch_202607161619.csv,151408,31.L1.LEO-100100-005.01,31.L1.LEO-100100-005,024,2024-07-01,MAPPED,MAPPED,INVALID_STRUCTURE,
sales_monthly_by_sku_branch_202607161619.csv,151409,31.L1.LEO-100100-005.01,31.L1.LEO-100100-005,024,2024-08-01,MAPPED,MAPPED,INVALID_STRUCTURE,
sales_monthly_by_sku_branch_202607161619.csv,151410,31.L1.LEO-100100-005.01,31.L1.LEO-100100-005,024,2024-10-01,MAPPED,MAPPED,INVALID_STRUCTURE,
sales_monthly_by_sku_branch_202607161619.csv,151411,31.L1.LEO-100100-005.01,31.L1.LEO-100100-005,024,2025-02-01,MAPPED,MAPPED,INVALID_STRUCTURE,
sales_monthly_by_sku_branch_202607161619.csv,151412,31.L1.LEO-100100-005.01,31.L1.LEO-100100-005,024,2025-03-01,MAPPED,MAPPED,INVALID_STRUCTURE,
sales_monthly_by_sku_branch_202607161619.csv,151413,31.L1.LEO-100100-005.01,31.L1.LEO-100100-005,024,2025-08-01,MAPPED,MAPPED,INVALID_STRUCTURE,
sales_monthly_by_sku_branch_202607161619.csv,151414,31.L1.LEO-100100-005.01,31.L1.LEO-100100-005,061,2025-12-01,MAPPED,MAPPED,INVALID_STRUCTURE,
sales_monthly_by_sku_branch_202607161619.csv,151415,31.L1.LEO-100100-005.01,31.L1.LEO-100100-005,065,2025-10-01,MAPPED,MAPPED,INVALID_STRUCTURE,
sales_monthly_by_sku_branch_202607161619.csv,151416,31.L1.LEO-100100-005.01,31.L1.LEO-100100-005,067,2024-11-01,MAPPED,MAPPED,INVALID_STRUCTURE,
sales_monthly_by_sku_branch_202607161619.csv,151417,31.L1.LEO-100100-005.01,31.L1.LEO-100100-005,076,2025-12-01,MAPPED,MAPPED,INVALID_STRUCTURE,
sales_monthly_by_sku_branch_202607161619.csv,151418,31.L1.LEO-100100-005.01,31.L1.LEO-100100-005,116,2025-09-01,MAPPED,MAPPED,INVALID_STRUCTURE,
sales_monthly_by_sku_branch_202607161619.csv,151419,31.L1.LEO-100100-005.01,31.L1.LEO-100100-005,116,2025-10-01,MAPPED,MAPPED,INVALID_STRUCTURE,
sales_monthly_by_sku_branch_202607161619.csv,151420,31.L1.LEO-100100-005.01,31.L1.LEO-100100-005,118,2025-07-01,MAPPED,MAPPED,INVALID_STRUCTURE,
sales_monthly_by_sku_branch_202607161619.csv,151421,31.L1.LEO-100100-005.01,31.L1.LEO-100100-005,123,2025-08-01,MAPPED,MAPPED,INVALID_STRUCTURE,
sales_monthly_by_sku_branch_202607161619.csv,151422,31.L1.LEO-100100-005.01,31.L1.LEO-100100-005,123,2025-10-01,MAPPED,MAPPED,INVALID_STRUCTURE,
sales_monthly_by_sku_branch_202607161619.csv,151423,31.L1.LEO-100100-005.01,31.L1.LEO-100100-005,123,2025-12-01,MAPPED,MAPPED,INVALID_STRUCTURE,
sales_monthly_by_sku_branch_202607161619.csv,151424,31.L1.LEO-100100-005.01,31.L1.LEO-100100-005,123,2026-01-01,MAPPED,MAPPED,INVALID_STRUCTURE,
sales_monthly_by_sku_branch_202607161619.csv,151425,31.L1.LEO-100100-006.01,31.L1.LEO-100100-006,000,2024-06-01,MAPPED,MAPPED,INVALID_STRUCTURE,
sales_monthly_by_sku_branch_202607161619.csv,151426,31.L1.LEO-100100-006.01,31.L1.LEO-100100-006,000,2024-08-01,MAPPED,MAPPED,INVALID_STRUCTURE,
sales_monthly_by_sku_branch_202607161619.csv,151427,31.L1.LEO-100100-006.01,31.L1.LEO-100100-006,010,2024-01-01,MAPPED,MAPPED,INVALID_STRUCTURE,
sales_monthly_by_sku_branch_202607161619.csv,151428,31.L1.LEO-100100-006.01,31.L1.LEO-100100-006,012,2024-05-01,MAPPED,MAPPED,INVALID_STRUCTURE,
sales_monthly_by_sku_branch_202607161619.csv,151429,31.L1.LEO-100100-006.01,31.L1.LEO-100100-006,012,2024-08-01,MAPPED,MAPPED,INVALID_STRUCTURE,
sales_monthly_by_sku_branch_202607161619.csv,151430,31.L1.LEO-100100-006.01,31.L1.LEO-100100-006,015,2024-04-01,MAPPED,MAPPED,INVALID_STRUCTURE,
sales_monthly_by_sku_branch_202607161619.csv,151431,31.L1.LEO-100100-006.01,31.L1.LEO-100100-006,015,2024-06-01,MAPPED,MAPPED,INVALID_STRUCTURE,
sales_monthly_by_sku_branch_202607161619.csv,151432,31.L1.LEO-100100-006.01,31.L1.LEO-100100-006,015,2024-07-01,MAPPED,MAPPED,INVALID_STRUCTURE,
sales_monthly_by_sku_branch_202607161619.csv,151433,31.L1.LEO-100100-006.01,31.L1.LEO-100100-006,015,2024-08-01,MAPPED,MAPPED,INVALID_STRUCTURE,
sales_monthly_by_sku_branch_202607161619.csv,151434,31.L1.LEO-100100-006.01,31.L1.LEO-100100-006,015,2024-09-01,MAPPED,MAPPED,INVALID_STRUCTURE,
sales_monthly_by_sku_branch_202607161619.csv,151435,31.L1.LEO-100100-006.01,31.L1.LEO-100100-006,015,2024-10-01,MAPPED,MAPPED,INVALID_STRUCTURE,
sales_monthly_by_sku_branch_202607161619.csv,151436,31.L1.LEO-100100-006.01,31.L1.LEO-100100-006,015,2025-05-01,MAPPED,MAPPED,INVALID_STRUCTURE,
sales_monthly_by_sku_branch_202607161619.csv,151437,31.L1.LEO-100100-006.01,31.L1.LEO-100100-006,016,2024-03-01,MAPPED,MAPPED,INVALID_STRUCTURE,
sales_monthly_by_sku_branch_202607161619.csv,151438,31.L1.LEO-100100-006.01,31.L1.LEO-100100-006,017,2025-04-01,MAPPED,MAPPED,INVALID_STRUCTURE,
sales_monthly_by_sku_branch_202607161619.csv,151439,31.L1.LEO-100100-006.01,31.L1.LEO-100100-006,017,2025-05-01,MAPPED,MAPPED,INVALID_STRUCTURE,
sales_monthly_by_sku_branch_202607161619.csv,151440,31.L1.LEO-100100-006.01,31.L1.LEO-100100-006,018,2024-03-01,MAPPED,MAPPED,INVALID_STRUCTURE,
sales_monthly_by_sku_branch_202607161619.csv,151441,31.L1.LEO-100100-006.01,31.L1.LEO-100100-006,018,2024-07-01,MAPPED,MAPPED,INVALID_STRUCTURE,
sales_monthly_by_sku_branch_202607161619.csv,151442,31.L1.LEO-100100-006.01,31.L1.LEO-100100-006,018,2024-09-01,MAPPED,MAPPED,INVALID_STRUCTURE,
sales_monthly_by_sku_branch_202607161619.csv,151443,31.L1.LEO-100100-006.01,31.L1.LEO-100100-006,018,2024-10-01,MAPPED,MAPPED,INVALID_STRUCTURE,
sales_monthly_by_sku_branch_202607161619.csv,151444,31.L1.LEO-100100-006.01,31.L1.LEO-100100-006,018,2024-12-01,MAPPED,MAPPED,INVALID_STRUCTURE,
sales_monthly_by_sku_branch_202607161619.csv,151445,31.L1.LEO-100100-006.01,31.L1.LEO-100100-006,019,2024-09-01,MAPPED,MAPPED,INVALID_STRUCTURE,
sales_monthly_by_sku_branch_202607161619.csv,151446,31.L1.LEO-100100-006.01,31.L1.LEO-100100-006,019,2024-10-01,MAPPED,MAPPED,INVALID_STRUCTURE,
sales_monthly_by_sku_branch_202607161619.csv,151447,31.L1.LEO-100100-006.01,31.L1.LEO-100100-006,019,2024-11-01,MAPPED,MAPPED,INVALID_STRUCTURE,
sales_monthly_by_sku_branch_202607161619.csv,151448,31.L1.LEO-100100-006.01,31.L1.LEO-100100-006,024,2024-05-01,MAPPED,MAPPED,INVALID_STRUCTURE,
sales_monthly_by_sku_branch_202607161619.csv,151449,31.L1.LEO-100100-006.01,31.L1.LEO-100100-006,024,2024-06-01,MAPPED,MAPPED,INVALID_STRUCTURE,
sales_monthly_by_sku_branch_202607161619.csv,151450,31.L1.LEO-100100-006.01,31.L1.LEO-100100-006,024,2024-07-01,MAPPED,MAPPED,INVALID_STRUCTURE,
sales_monthly_by_sku_branch_202607161619.csv,151451,31.L1.LEO-100100-006.01,31.L1.LEO-100100-006,024,2024-11-01,MAPPED,MAPPED,INVALID_STRUCTURE,
sales_monthly_by_sku_branch_202607161619.csv,151452,31.L1.LEO-100100-006.01,31.L1.LEO-100100-006,024,2025-05-01,MAPPED,MAPPED,INVALID_STRUCTURE,
sales_monthly_by_sku_branch_202607161619.csv,151453,31.L1.LEO-100100-006.01,31.L1.LEO-100100-006,049,2024-03-01,MAPPED,MAPPED,INVALID_STRUCTURE,
sales_monthly_by_sku_branch_202607161619.csv,151454,31.L1.LEO-100100-006.01,31.L1.LEO-100100-006,049,2024-04-01,MAPPED,MAPPED,INVALID_STRUCTURE,
sales_monthly_by_sku_branch_202607161619.csv,151455,31.L1.LEO-100100-006.01,31.L1.LEO-100100-006,049,2024-06-01,MAPPED,MAPPED,INVALID_STRUCTURE,
sales_monthly_by_sku_branch_202607161619.csv,151456,31.L1.LEO-100100-006.01,31.L1.LEO-100100-006,049,2024-07-01,MAPPED,MAPPED,INVALID_STRUCTURE,
sales_monthly_by_sku_branch_202607161619.csv,151457,31.L1.LEO-100100-006.01,31.L1.LEO-100100-006,049,2025-10-01,MAPPED,MAPPED,INVALID_STRUCTURE,
sales_monthly_by_sku_branch_202607161619.csv,151458,31.L1.LEO-100100-006.01,31.L1.LEO-100100-006,093,2024-06-01,MAPPED,MAPPED,INVALID_STRUCTURE,
sales_monthly_by_sku_branch_202607161619.csv,151459,31.L1.LEO-100100-006.01,31.L1.LEO-100100-006,093,2024-08-01,MAPPED,MAPPED,INVALID_STRUCTURE,
sales_monthly_by_sku_branch_202607161619.csv,151460,31.L1.LEO-100100-007.01,31.L1.LEO-100100-007,000,2024-02-01,MAPPED,MAPPED,INVALID_STRUCTURE,
sales_monthly_by_sku_branch_202607161619.csv,151461,31.L1.LEO-100100-007.01,31.L1.LEO-100100-007,000,2024-07-01,MAPPED,MAPPED,INVALID_STRUCTURE,
sales_monthly_by_sku_branch_202607161619.csv,151462,31.L1.LEO-100100-007.01,31.L1.LEO-100100-007,000,2024-10-01,MAPPED,MAPPED,INVALID_STRUCTURE,
sales_monthly_by_sku_branch_202607161619.csv,151463,31.L1.LEO-100100-007.01,31.L1.LEO-100100-007,000,2025-04-01,MAPPED,MAPPED,INVALID_STRUCTURE,
sales_monthly_by_sku_branch_202607161619.csv,151464,31.L1.LEO-100100-007.01,31.L1.LEO-100100-007,000,2025-07-01,MAPPED,MAPPED,INVALID_STRUCTURE,
sales_monthly_by_sku_branch_202607161619.csv,151465,31.L1.LEO-100100-007.01,31.L1.LEO-100100-007,000,2025-08-01,MAPPED,MAPPED,INVALID_STRUCTURE,
sales_monthly_by_sku_branch_202607161619.csv,151466,31.L1.LEO-100100-007.01,31.L1.LEO-100100-007,011,2026-04-01,MAPPED,MAPPED,INVALID_STRUCTURE,
sales_monthly_by_sku_branch_202607161619.csv,151467,31.L1.LEO-100100-007.01,31.L1.LEO-100100-007,050,2024-05-01,MAPPED,MAPPED,INVALID_STRUCTURE,
sales_monthly_by_sku_branch_202607161619.csv,151468,31.L1.LEO-100100-007.01,31.L1.LEO-100100-007,050,2024-07-01,MAPPED,MAPPED,INVALID_STRUCTURE,
sales_monthly_by_sku_branch_202607161619.csv,151469,31.L1.LEO-100100-007.01,31.L1.LEO-100100-007,050,2024-08-01,MAPPED,MAPPED,INVALID_STRUCTURE,
sales_monthly_by_sku_branch_202607161619.csv,151470,31.L1.LEO-100100-007.01,31.L1.LEO-100100-007,050,2025-01-01,MAPPED,MAPPED,INVALID_STRUCTURE,
sales_monthly_by_sku_branch_202607161619.csv,151471,31.L1.LEO-100100-007.01,31.L1.LEO-100100-007,060,2025-02-01,MAPPED,MAPPED,INVALID_STRUCTURE,
sales_monthly_by_sku_branch_202607161619.csv,151472,31.L1.LEO-100100-007.01,31.L1.LEO-100100-007,060,2025-05-01,MAPPED,MAPPED,INVALID_STRUCTURE,
sales_monthly_by_sku_branch_202607161619.csv,151473,31.L1.LEO-100100-007.01,31.L1.LEO-100100-007,060,2025-09-01,MAPPED,MAPPED,INVALID_STRUCTURE,
sales_monthly_by_sku_branch_202607161619.csv,151474,31.L1.LEO-100100-007.01,31.L1.LEO-100100-007,060,2025-10-01,MAPPED,MAPPED,INVALID_STRUCTURE,
sales_monthly_by_sku_branch_202607161619.csv,151475,31.L1.LEO-100100-007.01,31.L1.LEO-100100-007,060,2026-01-01,MAPPED,MAPPED,INVALID_STRUCTURE,
sales_monthly_by_sku_branch_202607161619.csv,151476,31.L1.LEO-100100-007.01,31.L1.LEO-100100-007,061,2025-08-01,MAPPED,MAPPED,INVALID_STRUCTURE,
sales_monthly_by_sku_branch_202607161619.csv,151477,31.L1.LEO-100100-007.01,31.L1.LEO-100100-007,063,2024-05-01,MAPPED,MAPPED,INVALID_STRUCTURE,
sales_monthly_by_sku_branch_202607161619.csv,151478,31.L1.LEO-100100-007.01,31.L1.LEO-100100-007,063,2025-01-01,MAPPED,MAPPED,INVALID_STRUCTURE,
sales_monthly_by_sku_branch_202607161619.csv,151479,31.L1.LEO-100100-007.01,31.L1.LEO-100100-007,063,2025-03-01,MAPPED,MAPPED,INVALID_STRUCTURE,
sales_monthly_by_sku_branch_202607161619.csv,151480,31.L1.LEO-100100-007.01,31.L1.LEO-100100-007,063,2025-04-01,MAPPED,MAPPED,INVALID_STRUCTURE,
sales_monthly_by_sku_branch_202607161619.csv,151481,31.L1.LEO-100100-007.01,31.L1.LEO-100100-007,063,2025-07-01,MAPPED,MAPPED,INVALID_STRUCTURE,
sales_monthly_by_sku_branch_202607161619.csv,151482,31.L1.LEO-100100-007.01,31.L1.LEO-100100-007,065,2025-05-01,MAPPED,MAPPED,INVALID_STRUCTURE,
sales_monthly_by_sku_branch_202607161619.csv,151483,31.L1.LEO-100100-007.01,31.L1.LEO-100100-007,067,2024-11-01,MAPPED,MAPPED,INVALID_STRUCTURE,
sales_monthly_by_sku_branch_202607161619.csv,151484,31.L1.LEO-100100-007.01,31.L1.LEO-100100-007,067,2024-12-01,MAPPED,MAPPED,INVALID_STRUCTURE,
sales_monthly_by_sku_branch_202607161619.csv,151485,31.L1.LEO-100100-007.01,31.L1.LEO-100100-007,068,2025-11-01,MAPPED,MAPPED,INVALID_STRUCTURE,
sales_monthly_by_sku_branch_202607161619.csv,151486,31.L1.LEO-100100-007.01,31.L1.LEO-100100-007,068,2026-05-01,MAPPED,MAPPED,INVALID_STRUCTURE,
sales_monthly_by_sku_branch_202607161619.csv,151487,31.L1.LEO-100100-007.01,31.L1.LEO-100100-007,068,2026-06-01,MAPPED,MAPPED,INVALID_STRUCTURE,
sales_monthly_by_sku_branch_202607161619.csv,151488,31.L1.LEO-100100-007.01,31.L1.LEO-100100-007,069,2024-09-01,MAPPED,MAPPED,INVALID_STRUCTURE,
sales_monthly_by_sku_branch_202607161619.csv,151489,31.L1.LEO-100100-007.01,31.L1.LEO-100100-007,069,2024-10-01,MAPPED,MAPPED,INVALID_STRUCTURE,
sales_monthly_by_sku_branch_202607161619.csv,151490,31.L1.LEO-100100-007.01,31.L1.LEO-100100-007,069,2024-11-01,MAPPED,MAPPED,INVALID_STRUCTURE,
sales_monthly_by_sku_branch_202607161619.csv,151491,31.L1.LEO-100100-007.01,31.L1.LEO-100100-007,069,2025-04-01,MAPPED,MAPPED,INVALID_STRUCTURE,
sales_monthly_by_sku_branch_202607161619.csv,151492,31.L1.LEO-100100-007.01,31.L1.LEO-100100-007,071,2025-05-01,MAPPED,MAPPED,INVALID_STRUCTURE,
sales_monthly_by_sku_branch_202607161619.csv,151493,31.L1.LEO-100100-007.01,31.L1.LEO-100100-007,071,2025-11-01,MAPPED,MAPPED,INVALID_STRUCTURE,
sales_monthly_by_sku_branch_202607161619.csv,151494,31.L1.LEO-100100-007.01,31.L1.LEO-100100-007,073,2024-04-01,MAPPED,MAPPED,INVALID_STRUCTURE,
sales_monthly_by_sku_branch_202607161619.csv,151495,31.L1.LEO-100100-007.01,31.L1.LEO-100100-007,073,2025-10-01,MAPPED,MAPPED,INVALID_STRUCTURE,
sales_monthly_by_sku_branch_202607161619.csv,151496,31.L1.LEO-100100-007.01,31.L1.LEO-100100-007,073,2025-12-01,MAPPED,MAPPED,INVALID_STRUCTURE,
sales_monthly_by_sku_branch_202607161619.csv,151497,31.L1.LEO-100100-007.01,31.L1.LEO-100100-007,073,2026-04-01,MAPPED,MAPPED,INVALID_STRUCTURE,
sales_monthly_by_sku_branch_202607161619.csv,151498,31.L1.LEO-100100-007.01,31.L1.LEO-100100-007,073,2026-06-01,MAPPED,MAPPED,INVALID_STRUCTURE,
sales_monthly_by_sku_branch_202607161619.csv,151499,31.L1.LEO-100100-007.01,31.L1.LEO-100100-007,076,2024-03-01,MAPPED,MAPPED,INVALID_STRUCTURE,
sales_monthly_by_sku_branch_202607161619.csv,151500,31.L1.LEO-100100-007.01,31.L1.LEO-100100-007,076,2024-04-01,MAPPED,MAPPED,INVALID_STRUCTURE,
sales_monthly_by_sku_branch_202607161619.csv,151501,31.L1.LEO-100100-007.01,31.L1.LEO-100100-007,076,2024-06-01,MAPPED,MAPPED,INVALID_STRUCTURE,
sales_monthly_by_sku_branch_202607161619.csv,151502,31.L1.LEO-100100-007.01,31.L1.LEO-100100-007,076,2024-08-01,MAPPED,MAPPED,INVALID_STRUCTURE,
sales_monthly_by_sku_branch_202607161619.csv,151503,31.L1.LEO-100100-007.01,31.L1.LEO-100100-007,076,2024-10-01,MAPPED,MAPPED,INVALID_STRUCTURE,
sales_monthly_by_sku_branch_202607161619.csv,151504,31.L1.LEO-100100-007.01,31.L1.LEO-100100-007,076,2025-07-01,MAPPED,MAPPED,INVALID_STRUCTURE,
sales_monthly_by_sku_branch_202607161619.csv,151505,31.L1.LEO-100100-007.01,31.L1.LEO-100100-007,076,2025-08-01,MAPPED,MAPPED,INVALID_STRUCTURE,
sales_monthly_by_sku_branch_202607161619.csv,151506,31.L1.LEO-100100-007.01,31.L1.LEO-100100-007,079,2024-07-01,MAPPED,MAPPED,INVALID_STRUCTURE,
sales_monthly_by_sku_branch_202607161619.csv,151507,31.L1.LEO-100100-007.01,31.L1.LEO-100100-007,079,2024-09-01,MAPPED,MAPPED,INVALID_STRUCTURE,
sales_monthly_by_sku_branch_202607161619.csv,151508,31.L1.LEO-100100-007.01,31.L1.LEO-100100-007,081,2024-01-01,MAPPED,MAPPED,INVALID_STRUCTURE,
sales_monthly_by_sku_branch_202607161619.csv,151509,31.L1.LEO-100100-007.01,31.L1.LEO-100100-007,081,2024-10-01,MAPPED,MAPPED,INVALID_STRUCTURE,
sales_monthly_by_sku_branch_202607161619.csv,151510,31.L1.LEO-100100-007.01,31.L1.LEO-100100-007,093,2025-04-01,MAPPED,MAPPED,INVALID_STRUCTURE,
sales_monthly_by_sku_branch_202607161619.csv,151511,31.L1.LEO-100100-008,31.L1.LEO-100100-008,008,2026-02-01,MAPPED,MAPPED,INVALID_STRUCTURE,
sales_monthly_by_sku_branch_202607161619.csv,151512,31.L1.LEO-100100-008.01,31.L1.LEO-100100-008,000,2024-08-01,MAPPED,MAPPED,INVALID_STRUCTURE,
sales_monthly_by_sku_branch_202607161619.csv,151513,31.L1.LEO-100100-008.01,31.L1.LEO-100100-008,000,2024-10-01,MAPPED,MAPPED,INVALID_STRUCTURE,
sales_monthly_by_sku_branch_202607161619.csv,151514,31.L1.LEO-100100-008.01,31.L1.LEO-100100-008,008,2025-12-01,MAPPED,MAPPED,INVALID_STRUCTURE,
sales_monthly_by_sku_branch_202607161619.csv,151515,31.L1.LEO-100100-008.01,31.L1.LEO-100100-008,011,2026-04-01,MAPPED,MAPPED,INVALID_STRUCTURE,
sales_monthly_by_sku_branch_202607161619.csv,151516,31.L1.LEO-100100-008.01,31.L1.LEO-100100-008,015,2025-10-01,MAPPED,MAPPED,INVALID_STRUCTURE,
sales_monthly_by_sku_branch_202607161619.csv,151517,31.L1.LEO-100100-008.01,31.L1.LEO-100100-008,050,2024-01-01,MAPPED,MAPPED,INVALID_STRUCTURE,
sales_monthly_by_sku_branch_202607161619.csv,151518,31.L1.LEO-100100-008.01,31.L1.LEO-100100-008,050,2024-05-01,MAPPED,MAPPED,INVALID_STRUCTURE,
sales_monthly_by_sku_branch_202607161619.csv,151519,31.L1.LEO-100100-008.01,31.L1.LEO-100100-008,060,2024-03-01,MAPPED,MAPPED,INVALID_STRUCTURE,
sales_monthly_by_sku_branch_202607161619.csv,151520,31.L1.LEO-100100-008.01,31.L1.LEO-100100-008,061,2024-05-01,MAPPED,MAPPED,INVALID_STRUCTURE,
sales_monthly_by_sku_branch_202607161619.csv,151521,31.L1.LEO-100100-008.01,31.L1.LEO-100100-008,061,2026-03-01,MAPPED,MAPPED,INVALID_STRUCTURE,
sales_monthly_by_sku_branch_202607161619.csv,151522,31.L1.LEO-100100-008.01,31.L1.LEO-100100-008,063,2024-01-01,MAPPED,MAPPED,INVALID_STRUCTURE,
sales_monthly_by_sku_branch_202607161619.csv,151523,31.L1.LEO-100100-008.01,31.L1.LEO-100100-008,063,2024-03-01,MAPPED,MAPPED,INVALID_STRUCTURE,
sales_monthly_by_sku_branch_202607161619.csv,151524,31.L1.LEO-100100-008.01,31.L1.LEO-100100-008,063,2024-05-01,MAPPED,MAPPED,INVALID_STRUCTURE,
sales_monthly_by_sku_branch_202607161619.csv,151525,31.L1.LEO-100100-008.01,31.L1.LEO-100100-008,063,2025-01-01,MAPPED,MAPPED,INVALID_STRUCTURE,
sales_monthly_by_sku_branch_202607161619.csv,151526,31.L1.LEO-100100-008.01,31.L1.LEO-100100-008,063,2025-02-01,MAPPED,MAPPED,INVALID_STRUCTURE,
sales_monthly_by_sku_branch_202607161619.csv,151527,31.L1.LEO-100100-008.01,31.L1.LEO-100100-008,063,2025-04-01,MAPPED,MAPPED,INVALID_STRUCTURE,
sales_monthly_by_sku_branch_202607161619.csv,151528,31.L1.LEO-100100-008.01,31.L1.LEO-100100-008,063,2025-10-01,MAPPED,MAPPED,INVALID_STRUCTURE,
sales_monthly_by_sku_branch_202607161619.csv,151529,31.L1.LEO-100100-008.01,31.L1.LEO-100100-008,063,2025-12-01,MAPPED,MAPPED,INVALID_STRUCTURE,
sales_monthly_by_sku_branch_202607161619.csv,151530,31.L1.LEO-100100-008.01,31.L1.LEO-100100-008,063,2026-03-01,MAPPED,MAPPED,INVALID_STRUCTURE,
sales_monthly_by_sku_branch_202607161619.csv,151531,31.L1.LEO-100100-008.01,31.L1.LEO-100100-008,063,2026-05-01,MAPPED,MAPPED,INVALID_STRUCTURE,
sales_monthly_by_sku_branch_202607161619.csv,151532,31.L1.LEO-100100-008.01,31.L1.LEO-100100-008,063,2026-06-01,MAPPED,MAPPED,INVALID_STRUCTURE,
sales_monthly_by_sku_branch_202607161619.csv,151533,31.L1.LEO-100100-008.01,31.L1.LEO-100100-008,065,2024-01-01,MAPPED,MAPPED,INVALID_STRUCTURE,
sales_monthly_by_sku_branch_202607161619.csv,151534,31.L1.LEO-100100-008.01,31.L1.LEO-100100-008,065,2024-03-01,MAPPED,MAPPED,INVALID_STRUCTURE,
sales_monthly_by_sku_branch_202607161619.csv,151535,31.L1.LEO-100100-008.01,31.L1.LEO-100100-008,065,2025-05-01,MAPPED,MAPPED,INVALID_STRUCTURE,
sales_monthly_by_sku_branch_202607161619.csv,151536,31.L1.LEO-100100-008.01,31.L1.LEO-100100-008,065,2025-08-01,MAPPED,MAPPED,INVALID_STRUCTURE,
sales_monthly_by_sku_branch_202607161619.csv,151537,31.L1.LEO-100100-008.01,31.L1.LEO-100100-008,065,2025-12-01,MAPPED,MAPPED,INVALID_STRUCTURE,
sales_monthly_by_sku_branch_202607161619.csv,151538,31.L1.LEO-100100-008.01,31.L1.LEO-100100-008,068,2025-05-01,MAPPED,MAPPED,INVALID_STRUCTURE,
sales_monthly_by_sku_branch_202607161619.csv,151539,31.L1.LEO-100100-008.01,31.L1.LEO-100100-008,068,2025-11-01,MAPPED,MAPPED,INVALID_STRUCTURE,
sales_monthly_by_sku_branch_202607161619.csv,151540,31.L1.LEO-100100-008.01,31.L1.LEO-100100-008,068,2026-03-01,MAPPED,MAPPED,INVALID_STRUCTURE,
sales_monthly_by_sku_branch_202607161619.csv,151541,31.L1.LEO-100100-008.01,31.L1.LEO-100100-008,069,2024-01-01,MAPPED,MAPPED,INVALID_STRUCTURE,
sales_monthly_by_sku_branch_202607161619.csv,151542,31.L1.LEO-100100-008.01,31.L1.LEO-100100-008,069,2024-05-01,MAPPED,MAPPED,INVALID_STRUCTURE,
sales_monthly_by_sku_branch_202607161619.csv,151543,31.L1.LEO-100100-008.01,31.L1.LEO-100100-008,069,2024-06-01,MAPPED,MAPPED,INVALID_STRUCTURE,
sales_monthly_by_sku_branch_202607161619.csv,151544,31.L1.LEO-100100-008.01,31.L1.LEO-100100-008,069,2024-07-01,MAPPED,MAPPED,INVALID_STRUCTURE,
sales_monthly_by_sku_branch_202607161619.csv,151545,31.L1.LEO-100100-008.01,31.L1.LEO-100100-008,069,2024-08-01,MAPPED,MAPPED,INVALID_STRUCTURE,
sales_monthly_by_sku_branch_202607161619.csv,151546,31.L1.LEO-100100-008.01,31.L1.LEO-100100-008,069,2024-10-01,MAPPED,MAPPED,INVALID_STRUCTURE,
sales_monthly_by_sku_branch_202607161619.csv,151547,31.L1.LEO-100100-008.01,31.L1.LEO-100100-008,069,2024-11-01,MAPPED,MAPPED,INVALID_STRUCTURE,
sales_monthly_by_sku_branch_202607161619.csv,151548,31.L1.LEO-100100-008.01,31.L1.LEO-100100-008,069,2025-01-01,MAPPED,MAPPED,INVALID_STRUCTURE,
sales_monthly_by_sku_branch_202607161619.csv,151549,31.L1.LEO-100100-008.01,31.L1.LEO-100100-008,069,2025-06-01,MAPPED,MAPPED,INVALID_STRUCTURE,
sales_monthly_by_sku_branch_202607161619.csv,151550,31.L1.LEO-100100-008.01,31.L1.LEO-100100-008,069,2026-04-01,MAPPED,MAPPED,INVALID_STRUCTURE,
sales_monthly_by_sku_branch_202607161619.csv,151551,31.L1.LEO-100100-008.01,31.L1.LEO-100100-008,073,2024-05-01,MAPPED,MAPPED,INVALID_STRUCTURE,
sales_monthly_by_sku_branch_202607161619.csv,151552,31.L1.LEO-100100-008.01,31.L1.LEO-100100-008,073,2024-11-01,MAPPED,MAPPED,INVALID_STRUCTURE,
sales_monthly_by_sku_branch_202607161619.csv,151553,31.L1.LEO-100100-008.01,31.L1.LEO-100100-008,073,2025-02-01,MAPPED,MAPPED,INVALID_STRUCTURE,
sales_monthly_by_sku_branch_202607161619.csv,151554,31.L1.LEO-100100-008.01,31.L1.LEO-100100-008,073,2025-10-01,MAPPED,MAPPED,INVALID_STRUCTURE,
sales_monthly_by_sku_branch_202607161619.csv,151555,31.L1.LEO-100100-008.01,31.L1.LEO-100100-008,073,2025-12-01,MAPPED,MAPPED,INVALID_STRUCTURE,
sales_monthly_by_sku_branch_202607161619.csv,151556,31.L1.LEO-100100-008.01,31.L1.LEO-100100-008,073,2026-02-01,MAPPED,MAPPED,INVALID_STRUCTURE,
sales_monthly_by_sku_branch_202607161619.csv,151557,31.L1.LEO-100100-008.01,31.L1.LEO-100100-008,073,2026-04-01,MAPPED,MAPPED,INVALID_STRUCTURE,
sales_monthly_by_sku_branch_202607161619.csv,151558,31.L1.LEO-100100-008.01,31.L1.LEO-100100-008,073,2026-06-01,MAPPED,MAPPED,INVALID_STRUCTURE,
sales_monthly_by_sku_branch_202607161619.csv,151559,31.L1.LEO-100100-008.01,31.L1.LEO-100100-008,076,2024-08-01,MAPPED,MAPPED,INVALID_STRUCTURE,
sales_monthly_by_sku_branch_202607161619.csv,151560,31.L1.LEO-100100-008.01,31.L1.LEO-100100-008,076,2024-10-01,MAPPED,MAPPED,INVALID_STRUCTURE,
sales_monthly_by_sku_branch_202607161619.csv,151561,31.L1.LEO-100100-008.01,31.L1.LEO-100100-008,081,2024-07-01,MAPPED,MAPPED,INVALID_STRUCTURE,
sales_monthly_by_sku_branch_202607161619.csv,151562,31.L1.LEO-100100-008.01,31.L1.LEO-100100-008,081,2024-11-01,MAPPED,MAPPED,INVALID_STRUCTURE,
sales_monthly_by_sku_branch_202607161619.csv,151563,31.L1.LEO-100100-008.01,31.L1.LEO-100100-008,093,2024-07-01,MAPPED,MAPPED,INVALID_STRUCTURE,
sales_monthly_by_sku_branch_202607161619.csv,151564,31.L1.LEO-100100-009.01,31.L1.LEO-100100-009,000,2024-06-01,MAPPED,MAPPED,INVALID_STRUCTURE,
sales_monthly_by_sku_branch_202607161619.csv,151565,31.L1.LEO-100100-009.01,31.L1.LEO-100100-009,000,2024-12-01,MAPPED,MAPPED,INVALID_STRUCTURE,
sales_monthly_by_sku_branch_202607161619.csv,151566,31.L1.LEO-100100-009.01,31.L1.LEO-100100-009,000,2025-04-01,MAPPED,MAPPED,INVALID_STRUCTURE,
sales_monthly_by_sku_branch_202607161619.csv,151567,31.L1.LEO-100100-009.01,31.L1.LEO-100100-009,013,2026-01-01,MAPPED,MAPPED,INVALID_STRUCTURE,
sales_monthly_by_sku_branch_202607161619.csv,151568,31.L1.LEO-100100-009.01,31.L1.LEO-100100-009,050,2024-05-01,MAPPED,MAPPED,INVALID_STRUCTURE,
sales_monthly_by_sku_branch_202607161619.csv,151569,31.L1.LEO-100100-009.01,31.L1.LEO-100100-009,050,2024-07-01,MAPPED,MAPPED,INVALID_STRUCTURE,
sales_monthly_by_sku_branch_202607161619.csv,151570,31.L1.LEO-100100-009.01,31.L1.LEO-100100-009,050,2024-08-01,MAPPED,MAPPED,INVALID_STRUCTURE,
sales_monthly_by_sku_branch_202607161619.csv,151571,31.L1.LEO-100100-009.01,31.L1.LEO-100100-009,050,2024-10-01,MAPPED,MAPPED,INVALID_STRUCTURE,
sales_monthly_by_sku_branch_202607161619.csv,151572,31.L1.LEO-100100-009.01,31.L1.LEO-100100-009,050,2024-12-01,MAPPED,MAPPED,INVALID_STRUCTURE,
sales_monthly_by_sku_branch_202607161619.csv,151573,31.L1.LEO-100100-009.01,31.L1.LEO-100100-009,050,2026-01-01,MAPPED,MAPPED,INVALID_STRUCTURE,
sales_monthly_by_sku_branch_202607161619.csv,151574,31.L1.LEO-100100-009.01,31.L1.LEO-100100-009,060,2025-09-01,MAPPED,MAPPED,INVALID_STRUCTURE,
sales_monthly_by_sku_branch_202607161619.csv,151575,31.L1.LEO-100100-009.01,31.L1.LEO-100100-009,060,2025-10-01,MAPPED,MAPPED,INVALID_STRUCTURE,
sales_monthly_by_sku_branch_202607161619.csv,151576,31.L1.LEO-100100-009.01,31.L1.LEO-100100-009,061,2024-04-01,MAPPED,MAPPED,INVALID_STRUCTURE,
sales_monthly_by_sku_branch_202607161619.csv,151577,31.L1.LEO-100100-009.01,31.L1.LEO-100100-009,061,2025-08-01,MAPPED,MAPPED,INVALID_STRUCTURE,
sales_monthly_by_sku_branch_202607161619.csv,151578,31.L1.LEO-100100-009.01,31.L1.LEO-100100-009,063,2024-01-01,MAPPED,MAPPED,INVALID_STRUCTURE,
sales_monthly_by_sku_branch_202607161619.csv,151579,31.L1.LEO-100100-009.01,31.L1.LEO-100100-009,063,2024-05-01,MAPPED,MAPPED,INVALID_STRUCTURE,
sales_monthly_by_sku_branch_202607161619.csv,151580,31.L1.LEO-100100-009.01,31.L1.LEO-100100-009,063,2024-11-01,MAPPED,MAPPED,INVALID_STRUCTURE,
sales_monthly_by_sku_branch_202607161619.csv,151581,31.L1.LEO-100100-009.01,31.L1.LEO-100100-009,063,2025-01-01,MAPPED,MAPPED,INVALID_STRUCTURE,
sales_monthly_by_sku_branch_202607161619.csv,151582,31.L1.LEO-100100-009.01,31.L1.LEO-100100-009,063,2025-04-01,MAPPED,MAPPED,INVALID_STRUCTURE,
sales_monthly_by_sku_branch_202607161619.csv,151583,31.L1.LEO-100100-009.01,31.L1.LEO-100100-009,063,2026-03-01,MAPPED,MAPPED,INVALID_STRUCTURE,
sales_monthly_by_sku_branch_202607161619.csv,151584,31.L1.LEO-100100-009.01,31.L1.LEO-100100-009,063,2026-05-01,MAPPED,MAPPED,INVALID_STRUCTURE,
sales_monthly_by_sku_branch_202607161619.csv,151585,31.L1.LEO-100100-009.01,31.L1.LEO-100100-009,063,2026-06-01,MAPPED,MAPPED,INVALID_STRUCTURE,
sales_monthly_by_sku_branch_202607161619.csv,151586,31.L1.LEO-100100-009.01,31.L1.LEO-100100-009,064,2024-02-01,MAPPED,MAPPED,INVALID_STRUCTURE,
sales_monthly_by_sku_branch_202607161619.csv,151587,31.L1.LEO-100100-009.01,31.L1.LEO-100100-009,064,2024-03-01,MAPPED,MAPPED,INVALID_STRUCTURE,
sales_monthly_by_sku_branch_202607161619.csv,151588,31.L1.LEO-100100-009.01,31.L1.LEO-100100-009,064,2024-08-01,MAPPED,MAPPED,INVALID_STRUCTURE,
sales_monthly_by_sku_branch_202607161619.csv,151589,31.L1.LEO-100100-009.01,31.L1.LEO-100100-009,065,2024-01-01,MAPPED,MAPPED,INVALID_STRUCTURE,
sales_monthly_by_sku_branch_202607161619.csv,151590,31.L1.LEO-100100-009.01,31.L1.LEO-100100-009,065,2024-09-01,MAPPED,MAPPED,INVALID_STRUCTURE,
sales_monthly_by_sku_branch_202607161619.csv,151591,31.L1.LEO-100100-009.01,31.L1.LEO-100100-009,065,2025-07-01,MAPPED,MAPPED,INVALID_STRUCTURE,
sales_monthly_by_sku_branch_202607161619.csv,151592,31.L1.LEO-100100-009.01,31.L1.LEO-100100-009,065,2025-12-01,MAPPED,MAPPED,INVALID_STRUCTURE,
sales_monthly_by_sku_branch_202607161619.csv,151593,31.L1.LEO-100100-009.01,31.L1.LEO-100100-009,067,2024-11-01,MAPPED,MAPPED,INVALID_STRUCTURE,
sales_monthly_by_sku_branch_202607161619.csv,151594,31.L1.LEO-100100-009.01,31.L1.LEO-100100-009,069,2024-07-01,MAPPED,MAPPED,INVALID_STRUCTURE,
sales_monthly_by_sku_branch_202607161619.csv,151595,31.L1.LEO-100100-009.01,31.L1.LEO-100100-009,069,2024-12-01,MAPPED,MAPPED,INVALID_STRUCTURE,
sales_monthly_by_sku_branch_202607161619.csv,151596,31.L1.LEO-100100-009.01,31.L1.LEO-100100-009,069,2025-03-01,MAPPED,MAPPED,INVALID_STRUCTURE,
sales_monthly_by_sku_branch_202607161619.csv,151597,31.L1.LEO-100100-009.01,31.L1.LEO-100100-009,069,2025-04-01,MAPPED,MAPPED,INVALID_STRUCTURE,
sales_monthly_by_sku_branch_202607161619.csv,151598,31.L1.LEO-100100-009.01,31.L1.LEO-100100-009,069,2025-05-01,MAPPED,MAPPED,INVALID_STRUCTURE,
sales_monthly_by_sku_branch_202607161619.csv,151599,31.L1.LEO-100100-009.01,31.L1.LEO-100100-009,069,2025-12-01,MAPPED,MAPPED,INVALID_STRUCTURE,
sales_monthly_by_sku_branch_202607161619.csv,151600,31.L1.LEO-100100-009.01,31.L1.LEO-100100-009,071,2025-06-01,MAPPED,MAPPED,INVALID_STRUCTURE,
sales_monthly_by_sku_branch_202607161619.csv,151601,31.L1.LEO-100100-009.01,31.L1.LEO-100100-009,071,2025-07-01,MAPPED,MAPPED,INVALID_STRUCTURE,
sales_monthly_by_sku_branch_202607161619.csv,151602,31.L1.LEO-100100-009.01,31.L1.LEO-100100-009,071,2025-08-01,MAPPED,MAPPED,INVALID_STRUCTURE,
sales_monthly_by_sku_branch_202607161619.csv,151603,31.L1.LEO-100100-009.01,31.L1.LEO-100100-009,071,2025-10-01,MAPPED,MAPPED,INVALID_STRUCTURE,
sales_monthly_by_sku_branch_202607161619.csv,151604,31.L1.LEO-100100-009.01,31.L1.LEO-100100-009,073,2025-11-01,MAPPED,MAPPED,INVALID_STRUCTURE,
sales_monthly_by_sku_branch_202607161619.csv,151605,31.L1.LEO-100100-009.01,31.L1.LEO-100100-009,073,2026-01-01,MAPPED,MAPPED,INVALID_STRUCTURE,
sales_monthly_by_sku_branch_202607161619.csv,151606,31.L1.LEO-100100-009.01,31.L1.LEO-100100-009,073,2026-04-01,MAPPED,MAPPED,INVALID_STRUCTURE,
sales_monthly_by_sku_branch_202607161619.csv,151607,31.L1.LEO-100100-009.01,31.L1.LEO-100100-009,079,2024-06-01,MAPPED,MAPPED,INVALID_STRUCTURE,
sales_monthly_by_sku_branch_202607161619.csv,151608,31.L1.LEO-100100-009.01,31.L1.LEO-100100-009,081,2024-05-01,MAPPED,MAPPED,INVALID_STRUCTURE,
sales_monthly_by_sku_branch_202607161619.csv,151609,31.L1.LEO-100100-009.01,31.L1.LEO-100100-009,093,2025-04-01,MAPPED,MAPPED,INVALID_STRUCTURE,
sales_monthly_by_sku_branch_202607161619.csv,151610,31.L1.LEO-100100-009.01,31.L1.LEO-100100-009,094,2025-07-01,MAPPED,MAPPED,INVALID_STRUCTURE,
sales_monthly_by_sku_branch_202607161619.csv,151611,31.L1.LEO-100100-010.01,31.L1.LEO-100100-010,000,2024-03-01,MAPPED,MAPPED,INVALID_STRUCTURE,
sales_monthly_by_sku_branch_202607161619.csv,151612,31.L1.LEO-100100-010.01,31.L1.LEO-100100-010,000,2024-04-01,MAPPED,MAPPED,INVALID_STRUCTURE,
sales_monthly_by_sku_branch_202607161619.csv,151613,31.L1.LEO-100100-010.01,31.L1.LEO-100100-010,000,2024-05-01,MAPPED,MAPPED,INVALID_STRUCTURE,
sales_monthly_by_sku_branch_202607161619.csv,151614,31.L1.LEO-100100-010.01,31.L1.LEO-100100-010,000,2024-10-01,MAPPED,MAPPED,INVALID_STRUCTURE,
sales_monthly_by_sku_branch_202607161619.csv,151615,31.L1.LEO-100100-010.01,31.L1.LEO-100100-010,050,2024-09-01,MAPPED,MAPPED,INVALID_STRUCTURE,
sales_monthly_by_sku_branch_202607161619.csv,151616,31.L1.LEO-100100-010.01,31.L1.LEO-100100-010,060,2024-08-01,MAPPED,MAPPED,INVALID_STRUCTURE,
sales_monthly_by_sku_branch_202607161619.csv,151617,31.L1.LEO-100100-010.01,31.L1.LEO-100100-010,061,2024-01-01,MAPPED,MAPPED,INVALID_STRUCTURE,
sales_monthly_by_sku_branch_202607161619.csv,151618,31.L1.LEO-100100-010.01,31.L1.LEO-100100-010,063,2024-01-01,MAPPED,MAPPED,INVALID_STRUCTURE,
sales_monthly_by_sku_branch_202607161619.csv,151619,31.L1.LEO-100100-010.01,31.L1.LEO-100100-010,063,2024-02-01,MAPPED,MAPPED,INVALID_STRUCTURE,
sales_monthly_by_sku_branch_202607161619.csv,151620,31.L1.LEO-100100-010.01,31.L1.LEO-100100-010,063,2024-03-01,MAPPED,MAPPED,INVALID_STRUCTURE,
sales_monthly_by_sku_branch_202607161619.csv,151621,31.L1.LEO-100100-010.01,31.L1.LEO-100100-010,063,2024-06-01,MAPPED,MAPPED,INVALID_STRUCTURE,
sales_monthly_by_sku_branch_202607161619.csv,151622,31.L1.LEO-100100-010.01,31.L1.LEO-100100-010,063,2024-07-01,MAPPED,MAPPED,INVALID_STRUCTURE,
sales_monthly_by_sku_branch_202607161619.csv,151623,31.L1.LEO-100100-010.01,31.L1.LEO-100100-010,063,2024-11-01,MAPPED,MAPPED,INVALID_STRUCTURE,
sales_monthly_by_sku_branch_202607161619.csv,151624,31.L1.LEO-100100-010.01,31.L1.LEO-100100-010,065,2024-05-01,MAPPED,MAPPED,INVALID_STRUCTURE,
sales_monthly_by_sku_branch_202607161619.csv,151625,31.L1.LEO-100100-010.01,31.L1.LEO-100100-010,065,2024-12-01,MAPPED,MAPPED,INVALID_STRUCTURE,
sales_monthly_by_sku_branch_202607161619.csv,151626,31.L1.LEO-100100-010.01,31.L1.LEO-100100-010,069,2024-01-01,MAPPED,MAPPED,INVALID_STRUCTURE,
sales_monthly_by_sku_branch_202607161619.csv,151627,31.L1.LEO-100100-010.01,31.L1.LEO-100100-010,069,2024-05-01,MAPPED,MAPPED,INVALID_STRUCTURE,
sales_monthly_by_sku_branch_202607161619.csv,151628,31.L1.LEO-100100-010.01,31.L1.LEO-100100-010,069,2024-07-01,MAPPED,MAPPED,INVALID_STRUCTURE,
sales_monthly_by_sku_branch_202607161619.csv,151629,31.L1.LEO-100100-010.01,31.L1.LEO-100100-010,069,2024-09-01,MAPPED,MAPPED,INVALID_STRUCTURE,
sales_monthly_by_sku_branch_202607161619.csv,151630,31.L1.LEO-100100-010.01,31.L1.LEO-100100-010,069,2024-11-01,MAPPED,MAPPED,INVALID_STRUCTURE,
sales_monthly_by_sku_branch_202607161619.csv,151631,31.L1.LEO-100100-010.01,31.L1.LEO-100100-010,069,2024-12-01,MAPPED,MAPPED,INVALID_STRUCTURE,
sales_monthly_by_sku_branch_202607161619.csv,151632,31.L1.LEO-100100-010.01,31.L1.LEO-100100-010,069,2025-08-01,MAPPED,MAPPED,INVALID_STRUCTURE,
sales_monthly_by_sku_branch_202607161619.csv,151633,31.L1.LEO-100100-010.01,31.L1.LEO-100100-010,074,2024-08-01,MAPPED,MAPPED,INVALID_STRUCTURE,
sales_monthly_by_sku_branch_202607161619.csv,151634,31.L1.LEO-100100-010.01,31.L1.LEO-100100-010,076,2024-03-01,MAPPED,MAPPED,INVALID_STRUCTURE,
sales_monthly_by_sku_branch_202607161619.csv,151635,31.L1.LEO-100100-010.01,31.L1.LEO-100100-010,076,2024-05-01,MAPPED,MAPPED,INVALID_STRUCTURE,
sales_monthly_by_sku_branch_202607161619.csv,151636,31.L1.LEO-100100-010.01,31.L1.LEO-100100-010,079,2024-04-01,MAPPED,MAPPED,INVALID_STRUCTURE,
sales_monthly_by_sku_branch_202607161619.csv,151637,31.L1.LEO-100100-010.01,31.L1.LEO-100100-010,081,2024-10-01,MAPPED,MAPPED,INVALID_STRUCTURE,
sales_monthly_by_sku_branch_202607161619.csv,151638,31.L1.LEO-100100-010.01,31.L1.LEO-100100-010,222,2024-05-01,MAPPED,MAPPED,INVALID_STRUCTURE,
sales_monthly_by_sku_branch_202607161619.csv,151639,31.L1.LEO-100100-010.01,31.L1.LEO-100100-010,222,2024-08-01,MAPPED,MAPPED,INVALID_STRUCTURE,
sales_monthly_by_sku_branch_202607161619.csv,151640,31.L1.LEO-100100-011.01,31.L1.LEO-100100-011,000,2024-03-01,MAPPED,MAPPED,INVALID_STRUCTURE,
sales_monthly_by_sku_branch_202607161619.csv,151641,31.L1.LEO-100100-011.01,31.L1.LEO-100100-011,000,2024-07-01,MAPPED,MAPPED,INVALID_STRUCTURE,
sales_monthly_by_sku_branch_202607161619.csv,151642,31.L1.LEO-100100-011.01,31.L1.LEO-100100-011,000,2024-08-01,MAPPED,MAPPED,INVALID_STRUCTURE,
sales_monthly_by_sku_branch_202607161619.csv,151643,31.L1.LEO-100100-011.01,31.L1.LEO-100100-011,000,2024-09-01,MAPPED,MAPPED,INVALID_STRUCTURE,
sales_monthly_by_sku_branch_202607161619.csv,151644,31.L1.LEO-100100-011.01,31.L1.LEO-100100-011,000,2024-10-01,MAPPED,MAPPED,INVALID_STRUCTURE,
sales_monthly_by_sku_branch_202607161619.csv,151645,31.L1.LEO-100100-011.01,31.L1.LEO-100100-011,000,2025-04-01,MAPPED,MAPPED,INVALID_STRUCTURE,
sales_monthly_by_sku_branch_202607161619.csv,151646,31.L1.LEO-100100-011.01,31.L1.LEO-100100-011,000,2025-06-01,MAPPED,MAPPED,INVALID_STRUCTURE,
sales_monthly_by_sku_branch_202607161619.csv,151647,31.L1.LEO-100100-011.01,31.L1.LEO-100100-011,000,2025-08-01,MAPPED,MAPPED,INVALID_STRUCTURE,
sales_monthly_by_sku_branch_202607161619.csv,151648,31.L1.LEO-100100-011.01,31.L1.LEO-100100-011,013,2026-01-01,MAPPED,MAPPED,INVALID_STRUCTURE,
sales_monthly_by_sku_branch_202607161619.csv,151649,31.L1.LEO-100100-011.01,31.L1.LEO-100100-011,015,2026-03-01,MAPPED,MAPPED,INVALID_STRUCTURE,
sales_monthly_by_sku_branch_202607161619.csv,151650,31.L1.LEO-100100-011.01,31.L1.LEO-100100-011,015,2026-04-01,MAPPED,MAPPED,INVALID_STRUCTURE,
sales_monthly_by_sku_branch_202607161619.csv,151651,31.L1.LEO-100100-011.01,31.L1.LEO-100100-011,015,2026-06-01,MAPPED,MAPPED,INVALID_STRUCTURE,
sales_monthly_by_sku_branch_202607161619.csv,151652,31.L1.LEO-100100-011.01,31.L1.LEO-100100-011,017,2025-11-01,MAPPED,MAPPED,INVALID_STRUCTURE,
sales_monthly_by_sku_branch_202607161619.csv,151653,31.L1.LEO-100100-011.01,31.L1.LEO-100100-011,017,2026-01-01,MAPPED,MAPPED,INVALID_STRUCTURE,
sales_monthly_by_sku_branch_202607161619.csv,151654,31.L1.LEO-100100-011.01,31.L1.LEO-100100-011,050,2024-05-01,MAPPED,MAPPED,INVALID_STRUCTURE,
sales_monthly_by_sku_branch_202607161619.csv,151655,31.L1.LEO-100100-011.01,31.L1.LEO-100100-011,050,2024-06-01,MAPPED,MAPPED,INVALID_STRUCTURE,
sales_monthly_by_sku_branch_202607161619.csv,151656,31.L1.LEO-100100-011.01,31.L1.LEO-100100-011,050,2024-07-01,MAPPED,MAPPED,INVALID_STRUCTURE,
sales_monthly_by_sku_branch_202607161619.csv,151657,31.L1.LEO-100100-011.01,31.L1.LEO-100100-011,060,2024-11-01,MAPPED,MAPPED,INVALID_STRUCTURE,
sales_monthly_by_sku_branch_202607161619.csv,151658,31.L1.LEO-100100-011.01,31.L1.LEO-100100-011,061,2024-01-01,MAPPED,MAPPED,INVALID_STRUCTURE,
sales_monthly_by_sku_branch_202607161619.csv,151659,31.L1.LEO-100100-011.01,31.L1.LEO-100100-011,061,2024-07-01,MAPPED,MAPPED,INVALID_STRUCTURE,
sales_monthly_by_sku_branch_202607161619.csv,151660,31.L1.LEO-100100-011.01,31.L1.LEO-100100-011,061,2024-08-01,MAPPED,MAPPED,INVALID_STRUCTURE,
sales_monthly_by_sku_branch_202607161619.csv,151661,31.L1.LEO-100100-011.01,31.L1.LEO-100100-011,061,2024-11-01,MAPPED,MAPPED,INVALID_STRUCTURE,
sales_monthly_by_sku_branch_202607161619.csv,151662,31.L1.LEO-100100-011.01,31.L1.LEO-100100-011,061,2025-08-01,MAPPED,MAPPED,INVALID_STRUCTURE,
sales_monthly_by_sku_branch_202607161619.csv,151663,31.L1.LEO-100100-011.01,31.L1.LEO-100100-011,061,2025-11-01,MAPPED,MAPPED,INVALID_STRUCTURE,
sales_monthly_by_sku_branch_202607161619.csv,151664,31.L1.LEO-100100-011.01,31.L1.LEO-100100-011,063,2024-05-01,MAPPED,MAPPED,INVALID_STRUCTURE,
sales_monthly_by_sku_branch_202607161619.csv,151665,31.L1.LEO-100100-011.01,31.L1.LEO-100100-011,063,2024-10-01,MAPPED,MAPPED,INVALID_STRUCTURE,
sales_monthly_by_sku_branch_202607161619.csv,151666,31.L1.LEO-100100-011.01,31.L1.LEO-100100-011,063,2024-11-01,MAPPED,MAPPED,INVALID_STRUCTURE,
sales_monthly_by_sku_branch_202607161619.csv,151667,31.L1.LEO-100100-011.01,31.L1.LEO-100100-011,063,2024-12-01,MAPPED,MAPPED,INVALID_STRUCTURE,
sales_monthly_by_sku_branch_202607161619.csv,151668,31.L1.LEO-100100-011.01,31.L1.LEO-100100-011,063,2025-05-01,MAPPED,MAPPED,INVALID_STRUCTURE,
sales_monthly_by_sku_branch_202607161619.csv,151669,31.L1.LEO-100100-011.01,31.L1.LEO-100100-011,063,2026-01-01,MAPPED,MAPPED,INVALID_STRUCTURE,
sales_monthly_by_sku_branch_202607161619.csv,151670,31.L1.LEO-100100-011.01,31.L1.LEO-100100-011,065,2024-08-01,MAPPED,MAPPED,INVALID_STRUCTURE,
sales_monthly_by_sku_branch_202607161619.csv,151671,31.L1.LEO-100100-011.01,31.L1.LEO-100100-011,065,2024-09-01,MAPPED,MAPPED,INVALID_STRUCTURE,
sales_monthly_by_sku_branch_202607161619.csv,151672,31.L1.LEO-100100-011.01,31.L1.LEO-100100-011,065,2025-01-01,MAPPED,MAPPED,INVALID_STRUCTURE,
sales_monthly_by_sku_branch_202607161619.csv,151673,31.L1.LEO-100100-011.01,31.L1.LEO-100100-011,065,2025-07-01,MAPPED,MAPPED,INVALID_STRUCTURE,
sales_monthly_by_sku_branch_202607161619.csv,151674,31.L1.LEO-100100-011.01,31.L1.LEO-100100-011,067,2024-11-01,MAPPED,MAPPED,INVALID_STRUCTURE,
sales_monthly_by_sku_branch_202607161619.csv,151675,31.L1.LEO-100100-011.01,31.L1.LEO-100100-011,069,2024-04-01,MAPPED,MAPPED,INVALID_STRUCTURE,
sales_monthly_by_sku_branch_202607161619.csv,151676,31.L1.LEO-100100-011.01,31.L1.LEO-100100-011,069,2024-05-01,MAPPED,MAPPED,INVALID_STRUCTURE,
sales_monthly_by_sku_branch_202607161619.csv,151677,31.L1.LEO-100100-011.01,31.L1.LEO-100100-011,069,2024-08-01,MAPPED,MAPPED,INVALID_STRUCTURE,
sales_monthly_by_sku_branch_202607161619.csv,151678,31.L1.LEO-100100-011.01,31.L1.LEO-100100-011,069,2025-03-01,MAPPED,MAPPED,INVALID_STRUCTURE,
sales_monthly_by_sku_branch_202607161619.csv,151679,31.L1.LEO-100100-011.01,31.L1.LEO-100100-011,069,2025-05-01,MAPPED,MAPPED,INVALID_STRUCTURE,
sales_monthly_by_sku_branch_202607161619.csv,151680,31.L1.LEO-100100-011.01,31.L1.LEO-100100-011,071,2025-10-01,MAPPED,MAPPED,INVALID_STRUCTURE,
sales_monthly_by_sku_branch_202607161619.csv,151681,31.L1.LEO-100100-011.01,31.L1.LEO-100100-011,071,2026-01-01,MAPPED,MAPPED,INVALID_STRUCTURE,
sales_monthly_by_sku_branch_202607161619.csv,151682,31.L1.LEO-100100-011.01,31.L1.LEO-100100-011,071,2026-02-01,MAPPED,MAPPED,INVALID_STRUCTURE,
sales_monthly_by_sku_branch_202607161619.csv,151683,31.L1.LEO-100100-011.01,31.L1.LEO-100100-011,073,2025-06-01,MAPPED,MAPPED,INVALID_STRUCTURE,
sales_monthly_by_sku_branch_202607161619.csv,151684,31.L1.LEO-100100-011.01,31.L1.LEO-100100-011,073,2025-08-01,MAPPED,MAPPED,INVALID_STRUCTURE,
sales_monthly_by_sku_branch_202607161619.csv,151685,31.L1.LEO-100100-011.01,31.L1.LEO-100100-011,073,2025-09-01,MAPPED,MAPPED,INVALID_STRUCTURE,
sales_monthly_by_sku_branch_202607161619.csv,151686,31.L1.LEO-100100-011.01,31.L1.LEO-100100-011,073,2025-12-01,MAPPED,MAPPED,INVALID_STRUCTURE,
sales_monthly_by_sku_branch_202607161619.csv,151687,31.L1.LEO-100100-011.01,31.L1.LEO-100100-011,076,2024-03-01,MAPPED,MAPPED,INVALID_STRUCTURE,
sales_monthly_by_sku_branch_202607161619.csv,151688,31.L1.LEO-100100-011.01,31.L1.LEO-100100-011,076,2024-07-01,MAPPED,MAPPED,INVALID_STRUCTURE,
sales_monthly_by_sku_branch_202607161619.csv,151689,31.L1.LEO-100100-011.01,31.L1.LEO-100100-011,076,2024-10-01,MAPPED,MAPPED,INVALID_STRUCTURE,
sales_monthly_by_sku_branch_202607161619.csv,151690,31.L1.LEO-100100-011.01,31.L1.LEO-100100-011,076,2025-08-01,MAPPED,MAPPED,INVALID_STRUCTURE,
sales_monthly_by_sku_branch_202607161619.csv,151691,31.L1.LEO-100100-011.01,31.L1.LEO-100100-011,076,2025-09-01,MAPPED,MAPPED,INVALID_STRUCTURE,
sales_monthly_by_sku_branch_202607161619.csv,151692,31.L1.LEO-100100-011.01,31.L1.LEO-100100-011,079,2024-08-01,MAPPED,MAPPED,INVALID_STRUCTURE,
sales_monthly_by_sku_branch_202607161619.csv,151693,31.L1.LEO-100100-011.01,31.L1.LEO-100100-011,079,2024-09-01,MAPPED,MAPPED,INVALID_STRUCTURE,
sales_monthly_by_sku_branch_202607161619.csv,151694,31.L1.LEO-100100-011.01,31.L1.LEO-100100-011,079,2024-12-01,MAPPED,MAPPED,INVALID_STRUCTURE,
sales_monthly_by_sku_branch_202607161619.csv,151695,31.L1.LEO-100100-011.01,31.L1.LEO-100100-011,093,2025-04-01,MAPPED,MAPPED,INVALID_STRUCTURE,
sales_monthly_by_sku_branch_202607161619.csv,151696,31.L1.LEO-100100-011.01,31.L1.LEO-100100-011,093,2025-06-01,MAPPED,MAPPED,INVALID_STRUCTURE,
sales_monthly_by_sku_branch_202607161619.csv,151697,31.L1.LEO-100100-012.01,31.L1.LEO-100100-012,000,2024-01-01,MAPPED,MAPPED,INVALID_STRUCTURE,
sales_monthly_by_sku_branch_202607161619.csv,151698,31.L1.LEO-100100-012.01,31.L1.LEO-100100-012,000,2024-08-01,MAPPED,MAPPED,INVALID_STRUCTURE,
sales_monthly_by_sku_branch_202607161619.csv,151699,31.L1.LEO-100100-012.01,31.L1.LEO-100100-012,000,2024-10-01,MAPPED,MAPPED,INVALID_STRUCTURE,
sales_monthly_by_sku_branch_202607161619.csv,151700,31.L1.LEO-100100-012.01,31.L1.LEO-100100-012,000,2025-04-01,MAPPED,MAPPED,INVALID_STRUCTURE,
sales_monthly_by_sku_branch_202607161619.csv,151701,31.L1.LEO-100100-012.01,31.L1.LEO-100100-012,013,2025-06-01,MAPPED,MAPPED,INVALID_STRUCTURE,
sales_monthly_by_sku_branch_202607161619.csv,151702,31.L1.LEO-100100-012.01,31.L1.LEO-100100-012,013,2025-07-01,MAPPED,MAPPED,INVALID_STRUCTURE,
sales_monthly_by_sku_branch_202607161619.csv,151703,31.L1.LEO-100100-012.01,31.L1.LEO-100100-012,013,2025-12-01,MAPPED,MAPPED,INVALID_STRUCTURE,
sales_monthly_by_sku_branch_202607161619.csv,151704,31.L1.LEO-100100-012.01,31.L1.LEO-100100-012,013,2026-01-01,MAPPED,MAPPED,INVALID_STRUCTURE,
sales_monthly_by_sku_branch_202607161619.csv,151705,31.L1.LEO-100100-012.01,31.L1.LEO-100100-012,013,2026-02-01,MAPPED,MAPPED,INVALID_STRUCTURE,
sales_monthly_by_sku_branch_202607161619.csv,151706,31.L1.LEO-100100-012.01,31.L1.LEO-100100-012,050,2024-05-01,MAPPED,MAPPED,INVALID_STRUCTURE,
sales_monthly_by_sku_branch_202607161619.csv,151707,31.L1.LEO-100100-012.01,31.L1.LEO-100100-012,050,2024-07-01,MAPPED,MAPPED,INVALID_STRUCTURE,
sales_monthly_by_sku_branch_202607161619.csv,151708,31.L1.LEO-100100-012.01,31.L1.LEO-100100-012,050,2024-10-01,MAPPED,MAPPED,INVALID_STRUCTURE,
sales_monthly_by_sku_branch_202607161619.csv,151709,31.L1.LEO-100100-012.01,31.L1.LEO-100100-012,050,2024-12-01,MAPPED,MAPPED,INVALID_STRUCTURE,
sales_monthly_by_sku_branch_202607161619.csv,151710,31.L1.LEO-100100-012.01,31.L1.LEO-100100-012,061,2025-01-01,MAPPED,MAPPED,INVALID_STRUCTURE,
sales_monthly_by_sku_branch_202607161619.csv,151711,31.L1.LEO-100100-012.01,31.L1.LEO-100100-012,061,2025-08-01,MAPPED,MAPPED,INVALID_STRUCTURE,
sales_monthly_by_sku_branch_202607161619.csv,151712,31.L1.LEO-100100-012.01,31.L1.LEO-100100-012,063,2024-05-01,MAPPED,MAPPED,INVALID_STRUCTURE,
sales_monthly_by_sku_branch_202607161619.csv,151713,31.L1.LEO-100100-012.01,31.L1.LEO-100100-012,063,2025-01-01,MAPPED,MAPPED,INVALID_STRUCTURE,
sales_monthly_by_sku_branch_202607161619.csv,151714,31.L1.LEO-100100-012.01,31.L1.LEO-100100-012,063,2025-04-01,MAPPED,MAPPED,INVALID_STRUCTURE,
sales_monthly_by_sku_branch_202607161619.csv,151715,31.L1.LEO-100100-012.01,31.L1.LEO-100100-012,063,2025-07-01,MAPPED,MAPPED,INVALID_STRUCTURE,
sales_monthly_by_sku_branch_202607161619.csv,151716,31.L1.LEO-100100-012.01,31.L1.LEO-100100-012,063,2026-03-01,MAPPED,MAPPED,INVALID_STRUCTURE,
sales_monthly_by_sku_branch_202607161619.csv,151717,31.L1.LEO-100100-012.01,31.L1.LEO-100100-012,067,2024-11-01,MAPPED,MAPPED,INVALID_STRUCTURE,
sales_monthly_by_sku_branch_202607161619.csv,151718,31.L1.LEO-100100-012.01,31.L1.LEO-100100-012,068,2025-05-01,MAPPED,MAPPED,INVALID_STRUCTURE,
sales_monthly_by_sku_branch_202607161619.csv,151719,31.L1.LEO-100100-012.01,31.L1.LEO-100100-012,068,2025-06-01,MAPPED,MAPPED,INVALID_STRUCTURE,
sales_monthly_by_sku_branch_202607161619.csv,151720,31.L1.LEO-100100-012.01,31.L1.LEO-100100-012,069,2026-01-01,MAPPED,MAPPED,INVALID_STRUCTURE,
sales_monthly_by_sku_branch_202607161619.csv,151721,31.L1.LEO-100100-012.01,31.L1.LEO-100100-012,069,2026-03-01,MAPPED,MAPPED,INVALID_STRUCTURE,
sales_monthly_by_sku_branch_202607161619.csv,151722,31.L1.LEO-100100-012.01,31.L1.LEO-100100-012,071,2025-06-01,MAPPED,MAPPED,INVALID_STRUCTURE,
sales_monthly_by_sku_branch_202607161619.csv,151723,31.L1.LEO-100100-012.01,31.L1.LEO-100100-012,071,2025-10-01,MAPPED,MAPPED,INVALID_STRUCTURE,
sales_monthly_by_sku_branch_202607161619.csv,151724,31.L1.LEO-100100-012.01,31.L1.LEO-100100-012,071,2025-11-01,MAPPED,MAPPED,INVALID_STRUCTURE,
sales_monthly_by_sku_branch_202607161619.csv,151725,31.L1.LEO-100100-012.01,31.L1.LEO-100100-012,071,2026-06-01,MAPPED,MAPPED,INVALID_STRUCTURE,
sales_monthly_by_sku_branch_202607161619.csv,151726,31.L1.LEO-100100-012.01,31.L1.LEO-100100-012,073,2024-04-01,MAPPED,MAPPED,INVALID_STRUCTURE,
sales_monthly_by_sku_branch_202607161619.csv,151727,31.L1.LEO-100100-012.01,31.L1.LEO-100100-012,073,2026-06-01,MAPPED,MAPPED,INVALID_STRUCTURE,
sales_monthly_by_sku_branch_202607161619.csv,151728,31.L1.LEO-100100-012.01,31.L1.LEO-100100-012,076,2024-01-01,MAPPED,MAPPED,INVALID_STRUCTURE,
sales_monthly_by_sku_branch_202607161619.csv,151729,31.L1.LEO-100100-012.01,31.L1.LEO-100100-012,076,2024-10-01,MAPPED,MAPPED,INVALID_STRUCTURE,
sales_monthly_by_sku_branch_202607161619.csv,151730,31.L1.LEO-100100-012.01,31.L1.LEO-100100-012,081,2024-08-01,MAPPED,MAPPED,INVALID_STRUCTURE,
sales_monthly_by_sku_branch_202607161619.csv,151731,31.L1.LEO-100100-012.01,31.L1.LEO-100100-012,081,2024-09-01,MAPPED,MAPPED,INVALID_STRUCTURE,
sales_monthly_by_sku_branch_202607161619.csv,151732,31.L1.LEO-100100-012.01,31.L1.LEO-100100-012,093,2025-04-01,MAPPED,MAPPED,INVALID_STRUCTURE,
sales_monthly_by_sku_branch_202607161619.csv,151733,31.L1.LEO-100100-012.01,31.L1.LEO-100100-012,123,2025-05-01,MAPPED,MAPPED,INVALID_STRUCTURE,
sales_monthly_by_sku_branch_202607161619.csv,151734,31.L1.LEO-100100-012.01,31.L1.LEO-100100-012,123,2025-06-01,MAPPED,MAPPED,INVALID_STRUCTURE,
sales_monthly_by_sku_branch_202607161619.csv,151735,32.L1.ACC-080160-001.01,32.L1.ACC-080160-001,000,2024-07-01,MAPPED,MAPPED,INVALID_STRUCTURE,
sales_monthly_by_sku_branch_202607161619.csv,151736,32.L1.ACC-080160-001.01,32.L1.ACC-080160-001,002,2024-07-01,MAPPED,MAPPED,INVALID_STRUCTURE,
sales_monthly_by_sku_branch_202607161619.csv,151737,32.L1.ACC-080160-001.01,32.L1.ACC-080160-001,002,2024-12-01,MAPPED,MAPPED,INVALID_STRUCTURE,
sales_monthly_by_sku_branch_202607161619.csv,151738,32.L1.ACC-080160-001.01,32.L1.ACC-080160-001,002,2025-10-01,MAPPED,MAPPED,INVALID_STRUCTURE,
sales_monthly_by_sku_branch_202607161619.csv,151739,32.L1.ACC-080160-001.01,32.L1.ACC-080160-001,008,2024-01-01,MAPPED,MAPPED,INVALID_STRUCTURE,
sales_monthly_by_sku_branch_202607161619.csv,151740,32.L1.ACC-080160-001.01,32.L1.ACC-080160-001,008,2024-03-01,MAPPED,MAPPED,INVALID_STRUCTURE,
sales_monthly_by_sku_branch_202607161619.csv,151741,32.L1.ACC-080160-001.01,32.L1.ACC-080160-001,008,2024-04-01,MAPPED,MAPPED,INVALID_STRUCTURE,
sales_monthly_by_sku_branch_202607161619.csv,151742,32.L1.ACC-080160-001.01,32.L1.ACC-080160-001,008,2024-06-01,MAPPED,MAPPED,INVALID_STRUCTURE,
sales_monthly_by_sku_branch_202607161619.csv,151743,32.L1.ACC-080160-001.01,32.L1.ACC-080160-001,008,2024-07-01,MAPPED,MAPPED,INVALID_STRUCTURE,
sales_monthly_by_sku_branch_202607161619.csv,151744,32.L1.ACC-080160-001.01,32.L1.ACC-080160-001,008,2024-08-01,MAPPED,MAPPED,INVALID_STRUCTURE,
sales_monthly_by_sku_branch_202607161619.csv,151745,32.L1.ACC-080160-001.01,32.L1.ACC-080160-001,008,2024-12-01,MAPPED,MAPPED,INVALID_STRUCTURE,
sales_monthly_by_sku_branch_202607161619.csv,151746,32.L1.ACC-080160-001.01,32.L1.ACC-080160-001,010,2024-03-01,MAPPED,MAPPED,INVALID_STRUCTURE,
sales_monthly_by_sku_branch_202607161619.csv,151747,32.L1.ACC-080160-001.01,32.L1.ACC-080160-001,010,2024-06-01,MAPPED,MAPPED,INVALID_STRUCTURE,
sales_monthly_by_sku_branch_202607161619.csv,151748,32.L1.ACC-080160-001.01,32.L1.ACC-080160-001,010,2024-09-01,MAPPED,MAPPED,INVALID_STRUCTURE,
sales_monthly_by_sku_branch_202607161619.csv,151749,32.L1.ACC-080160-001.01,32.L1.ACC-080160-001,010,2025-04-01,MAPPED,MAPPED,INVALID_STRUCTURE,
sales_monthly_by_sku_branch_202607161619.csv,151750,32.L1.ACC-080160-001.01,32.L1.ACC-080160-001,011,2024-09-01,MAPPED,MAPPED,INVALID_STRUCTURE,
sales_monthly_by_sku_branch_202607161619.csv,151751,32.L1.ACC-080160-001.01,32.L1.ACC-080160-001,011,2024-10-01,MAPPED,MAPPED,INVALID_STRUCTURE,
sales_monthly_by_sku_branch_202607161619.csv,151752,32.L1.ACC-080160-001.01,32.L1.ACC-080160-001,011,2024-11-01,MAPPED,MAPPED,INVALID_STRUCTURE,
sales_monthly_by_sku_branch_202607161619.csv,151753,32.L1.ACC-080160-001.01,32.L1.ACC-080160-001,011,2024-12-01,MAPPED,MAPPED,INVALID_STRUCTURE,
sales_monthly_by_sku_branch_202607161619.csv,151754,32.L1.ACC-080160-001.01,32.L1.ACC-080160-001,011,2025-01-01,MAPPED,MAPPED,INVALID_STRUCTURE,
sales_monthly_by_sku_branch_202607161619.csv,151755,32.L1.ACC-080160-001.01,32.L1.ACC-080160-001,011,2025-02-01,MAPPED,MAPPED,INVALID_STRUCTURE,
sales_monthly_by_sku_branch_202607161619.csv,151756,32.L1.ACC-080160-001.01,32.L1.ACC-080160-001,011,2025-04-01,MAPPED,MAPPED,INVALID_STRUCTURE,
sales_monthly_by_sku_branch_202607161619.csv,151757,32.L1.ACC-080160-001.01,32.L1.ACC-080160-001,011,2025-06-01,MAPPED,MAPPED,INVALID_STRUCTURE,
sales_monthly_by_sku_branch_202607161619.csv,151758,32.L1.ACC-080160-001.01,32.L1.ACC-080160-001,011,2025-07-01,MAPPED,MAPPED,INVALID_STRUCTURE,
sales_monthly_by_sku_branch_202607161619.csv,151759,32.L1.ACC-080160-001.01,32.L1.ACC-080160-001,011,2025-08-01,MAPPED,MAPPED,INVALID_STRUCTURE,
sales_monthly_by_sku_branch_202607161619.csv,151760,32.L1.ACC-080160-001.01,32.L1.ACC-080160-001,011,2025-11-01,MAPPED,MAPPED,INVALID_STRUCTURE,
sales_monthly_by_sku_branch_202607161619.csv,151761,32.L1.ACC-080160-001.01,32.L1.ACC-080160-001,011,2026-01-01,MAPPED,MAPPED,INVALID_STRUCTURE,
sales_monthly_by_sku_branch_202607161619.csv,151762,32.L1.ACC-080160-001.01,32.L1.ACC-080160-001,011,2026-04-01,MAPPED,MAPPED,INVALID_STRUCTURE,
sales_monthly_by_sku_branch_202607161619.csv,151763,32.L1.ACC-080160-001.01,32.L1.ACC-080160-001,011,2026-05-01,MAPPED,MAPPED,INVALID_STRUCTURE,
sales_monthly_by_sku_branch_202607161619.csv,151764,32.L1.ACC-080160-001.01,32.L1.ACC-080160-001,012,2024-05-01,MAPPED,MAPPED,INVALID_STRUCTURE,
sales_monthly_by_sku_branch_202607161619.csv,151765,32.L1.ACC-080160-001.01,32.L1.ACC-080160-001,013,2024-07-01,MAPPED,MAPPED,INVALID_STRUCTURE,
sales_monthly_by_sku_branch_202607161619.csv,151766,32.L1.ACC-080160-001.01,32.L1.ACC-080160-001,013,2025-03-01,MAPPED,MAPPED,INVALID_STRUCTURE,
sales_monthly_by_sku_branch_202607161619.csv,151767,32.L1.ACC-080160-001.01,32.L1.ACC-080160-001,013,2025-04-01,MAPPED,MAPPED,INVALID_STRUCTURE,
sales_monthly_by_sku_branch_202607161619.csv,151768,32.L1.ACC-080160-001.01,32.L1.ACC-080160-001,013,2025-09-01,MAPPED,MAPPED,INVALID_STRUCTURE,
sales_monthly_by_sku_branch_202607161619.csv,151769,32.L1.ACC-080160-001.01,32.L1.ACC-080160-001,013,2025-10-01,MAPPED,MAPPED,INVALID_STRUCTURE,
sales_monthly_by_sku_branch_202607161619.csv,151770,32.L1.ACC-080160-001.01,32.L1.ACC-080160-001,013,2026-03-01,MAPPED,MAPPED,INVALID_STRUCTURE,
sales_monthly_by_sku_branch_202607161619.csv,151771,32.L1.ACC-080160-001.01,32.L1.ACC-080160-001,013,2026-06-01,MAPPED,MAPPED,INVALID_STRUCTURE,
sales_monthly_by_sku_branch_202607161619.csv,151772,32.L1.ACC-080160-001.01,32.L1.ACC-080160-001,015,2024-01-01,MAPPED,MAPPED,INVALID_STRUCTURE,
sales_monthly_by_sku_branch_202607161619.csv,151773,32.L1.ACC-080160-001.01,32.L1.ACC-080160-001,015,2024-05-01,MAPPED,MAPPED,INVALID_STRUCTURE,
sales_monthly_by_sku_branch_202607161619.csv,151774,32.L1.ACC-080160-001.01,32.L1.ACC-080160-001,015,2024-10-01,MAPPED,MAPPED,INVALID_STRUCTURE,
sales_monthly_by_sku_branch_202607161619.csv,151775,32.L1.ACC-080160-001.01,32.L1.ACC-080160-001,015,2024-12-01,MAPPED,MAPPED,INVALID_STRUCTURE,
sales_monthly_by_sku_branch_202607161619.csv,151776,32.L1.ACC-080160-001.01,32.L1.ACC-080160-001,015,2025-04-01,MAPPED,MAPPED,INVALID_STRUCTURE,
sales_monthly_by_sku_branch_202607161619.csv,151777,32.L1.ACC-080160-001.01,32.L1.ACC-080160-001,015,2025-07-01,MAPPED,MAPPED,INVALID_STRUCTURE,
sales_monthly_by_sku_branch_202607161619.csv,151778,32.L1.ACC-080160-001.01,32.L1.ACC-080160-001,015,2025-08-01,MAPPED,MAPPED,INVALID_STRUCTURE,
sales_monthly_by_sku_branch_202607161619.csv,151779,32.L1.ACC-080160-001.01,32.L1.ACC-080160-001,015,2026-01-01,MAPPED,MAPPED,INVALID_STRUCTURE,
sales_monthly_by_sku_branch_202607161619.csv,151780,32.L1.ACC-080160-001.01,32.L1.ACC-080160-001,015,2026-04-01,MAPPED,MAPPED,INVALID_STRUCTURE,
sales_monthly_by_sku_branch_202607161619.csv,151781,32.L1.ACC-080160-001.01,32.L1.ACC-080160-001,016,2024-01-01,MAPPED,MAPPED,INVALID_STRUCTURE,
sales_monthly_by_sku_branch_202607161619.csv,151782,32.L1.ACC-080160-001.01,32.L1.ACC-080160-001,016,2024-03-01,MAPPED,MAPPED,INVALID_STRUCTURE,
sales_monthly_by_sku_branch_202607161619.csv,151783,32.L1.ACC-080160-001.01,32.L1.ACC-080160-001,016,2024-04-01,MAPPED,MAPPED,INVALID_STRUCTURE,
sales_monthly_by_sku_branch_202607161619.csv,151784,32.L1.ACC-080160-001.01,32.L1.ACC-080160-001,016,2024-06-01,MAPPED,MAPPED,INVALID_STRUCTURE,
sales_monthly_by_sku_branch_202607161619.csv,151785,32.L1.ACC-080160-001.01,32.L1.ACC-080160-001,016,2024-08-01,MAPPED,MAPPED,INVALID_STRUCTURE,
sales_monthly_by_sku_branch_202607161619.csv,151786,32.L1.ACC-080160-001.01,32.L1.ACC-080160-001,016,2024-09-01,MAPPED,MAPPED,INVALID_STRUCTURE,
sales_monthly_by_sku_branch_202607161619.csv,151787,32.L1.ACC-080160-001.01,32.L1.ACC-080160-001,016,2024-10-01,MAPPED,MAPPED,INVALID_STRUCTURE,
sales_monthly_by_sku_branch_202607161619.csv,151788,32.L1.ACC-080160-001.01,32.L1.ACC-080160-001,017,2024-03-01,MAPPED,MAPPED,INVALID_STRUCTURE,
sales_monthly_by_sku_branch_202607161619.csv,151789,32.L1.ACC-080160-001.01,32.L1.ACC-080160-001,017,2024-06-01,MAPPED,MAPPED,INVALID_STRUCTURE,
sales_monthly_by_sku_branch_202607161619.csv,151790,32.L1.ACC-080160-001.01,32.L1.ACC-080160-001,017,2024-08-01,MAPPED,MAPPED,INVALID_STRUCTURE,
sales_monthly_by_sku_branch_202607161619.csv,151791,32.L1.ACC-080160-001.01,32.L1.ACC-080160-001,017,2025-01-01,MAPPED,MAPPED,INVALID_STRUCTURE,
sales_monthly_by_sku_branch_202607161619.csv,151792,32.L1.ACC-080160-001.01,32.L1.ACC-080160-001,017,2025-05-01,MAPPED,MAPPED,INVALID_STRUCTURE,
sales_monthly_by_sku_branch_202607161619.csv,151793,32.L1.ACC-080160-001.01,32.L1.ACC-080160-001,017,2025-07-01,MAPPED,MAPPED,INVALID_STRUCTURE,
sales_monthly_by_sku_branch_202607161619.csv,151794,32.L1.ACC-080160-001.01,32.L1.ACC-080160-001,017,2025-08-01,MAPPED,MAPPED,INVALID_STRUCTURE,
sales_monthly_by_sku_branch_202607161619.csv,151795,32.L1.ACC-080160-001.01,32.L1.ACC-080160-001,017,2025-09-01,MAPPED,MAPPED,INVALID_STRUCTURE,
sales_monthly_by_sku_branch_202607161619.csv,151796,32.L1.ACC-080160-001.01,32.L1.ACC-080160-001,017,2025-10-01,MAPPED,MAPPED,INVALID_STRUCTURE,
sales_monthly_by_sku_branch_202607161619.csv,151797,32.L1.ACC-080160-001.01,32.L1.ACC-080160-001,017,2025-11-01,MAPPED,MAPPED,INVALID_STRUCTURE,
sales_monthly_by_sku_branch_202607161619.csv,151798,32.L1.ACC-080160-001.01,32.L1.ACC-080160-001,017,2025-12-01,MAPPED,MAPPED,INVALID_STRUCTURE,
sales_monthly_by_sku_branch_202607161619.csv,151799,32.L1.ACC-080160-001.01,32.L1.ACC-080160-001,017,2026-01-01,MAPPED,MAPPED,INVALID_STRUCTURE,
sales_monthly_by_sku_branch_202607161619.csv,151800,32.L1.ACC-080160-001.01,32.L1.ACC-080160-001,017,2026-02-01,MAPPED,MAPPED,INVALID_STRUCTURE,
sales_monthly_by_sku_branch_202607161619.csv,151801,32.L1.ACC-080160-001.01,32.L1.ACC-080160-001,017,2026-03-01,MAPPED,MAPPED,INVALID_STRUCTURE,
sales_monthly_by_sku_branch_202607161619.csv,151802,32.L1.ACC-080160-001.01,32.L1.ACC-080160-001,017,2026-04-01,MAPPED,MAPPED,INVALID_STRUCTURE,
sales_monthly_by_sku_branch_202607161619.csv,151803,32.L1.ACC-080160-001.01,32.L1.ACC-080160-001,017,2026-05-01,MAPPED,MAPPED,INVALID_STRUCTURE,
sales_monthly_by_sku_branch_202607161619.csv,151804,32.L1.ACC-080160-001.01,32.L1.ACC-080160-001,018,2024-01-01,MAPPED,MAPPED,INVALID_STRUCTURE,
sales_monthly_by_sku_branch_202607161619.csv,151805,32.L1.ACC-080160-001.01,32.L1.ACC-080160-001,018,2024-03-01,MAPPED,MAPPED,INVALID_STRUCTURE,
sales_monthly_by_sku_branch_202607161619.csv,151806,32.L1.ACC-080160-001.01,32.L1.ACC-080160-001,018,2024-05-01,MAPPED,MAPPED,INVALID_STRUCTURE,
sales_monthly_by_sku_branch_202607161619.csv,151807,32.L1.ACC-080160-001.01,32.L1.ACC-080160-001,018,2024-06-01,MAPPED,MAPPED,INVALID_STRUCTURE,
sales_monthly_by_sku_branch_202607161619.csv,151808,32.L1.ACC-080160-001.01,32.L1.ACC-080160-001,018,2024-11-01,MAPPED,MAPPED,INVALID_STRUCTURE,
sales_monthly_by_sku_branch_202607161619.csv,151809,32.L1.ACC-080160-001.01,32.L1.ACC-080160-001,018,2025-03-01,MAPPED,MAPPED,INVALID_STRUCTURE,
sales_monthly_by_sku_branch_202607161619.csv,151810,32.L1.ACC-080160-001.01,32.L1.ACC-080160-001,019,2025-06-01,MAPPED,MAPPED,INVALID_STRUCTURE,
sales_monthly_by_sku_branch_202607161619.csv,151811,32.L1.ACC-080160-001.01,32.L1.ACC-080160-001,019,2026-05-01,MAPPED,MAPPED,INVALID_STRUCTURE,
sales_monthly_by_sku_branch_202607161619.csv,151812,32.L1.ACC-080160-001.01,32.L1.ACC-080160-001,050,2024-12-01,MAPPED,MAPPED,INVALID_STRUCTURE,
sales_monthly_by_sku_branch_202607161619.csv,151813,32.L1.ACC-080160-001.01,32.L1.ACC-080160-001,063,2025-07-01,MAPPED,MAPPED,INVALID_STRUCTURE,
sales_monthly_by_sku_branch_202607161619.csv,151814,32.L1.ACC-080160-001.01,32.L1.ACC-080160-001,065,2025-11-01,MAPPED,MAPPED,INVALID_STRUCTURE,
sales_monthly_by_sku_branch_202607161619.csv,151815,32.L1.ACC-080160-001.01,32.L1.ACC-080160-001,068,2025-12-01,MAPPED,MAPPED,INVALID_STRUCTURE,
sales_monthly_by_sku_branch_202607161619.csv,151816,32.L1.ACC-080160-001.01,32.L1.ACC-080160-001,093,2024-07-01,MAPPED,MAPPED,INVALID_STRUCTURE,
sales_monthly_by_sku_branch_202607161619.csv,151817,32.L1.ACC-080160-001.01,32.L1.ACC-080160-001,119,2026-06-01,MAPPED,MAPPED,INVALID_STRUCTURE,
sales_monthly_by_sku_branch_202607161619.csv,151818,32.L1.ACC-080160-002.01,32.L1.ACC-080160-002,000,2024-07-01,MAPPED,MAPPED,INVALID_STRUCTURE,
sales_monthly_by_sku_branch_202607161619.csv,151819,32.L1.ACC-080160-002.01,32.L1.ACC-080160-002,008,2024-01-01,MAPPED,MAPPED,INVALID_STRUCTURE,
sales_monthly_by_sku_branch_202607161619.csv,151820,32.L1.ACC-080160-002.01,32.L1.ACC-080160-002,010,2024-06-01,MAPPED,MAPPED,INVALID_STRUCTURE,
sales_monthly_by_sku_branch_202607161619.csv,151821,32.L1.ACC-080160-002.01,32.L1.ACC-080160-002,011,2024-03-01,MAPPED,MAPPED,INVALID_STRUCTURE,
sales_monthly_by_sku_branch_202607161619.csv,151822,32.L1.ACC-080160-002.01,32.L1.ACC-080160-002,011,2024-05-01,MAPPED,MAPPED,INVALID_STRUCTURE,
sales_monthly_by_sku_branch_202607161619.csv,151823,32.L1.ACC-080160-002.01,32.L1.ACC-080160-002,013,2024-01-01,MAPPED,MAPPED,INVALID_STRUCTURE,
sales_monthly_by_sku_branch_202607161619.csv,151824,32.L1.ACC-080160-002.01,32.L1.ACC-080160-002,013,2024-03-01,MAPPED,MAPPED,INVALID_STRUCTURE,
sales_monthly_by_sku_branch_202607161619.csv,151825,32.L1.ACC-080160-002.01,32.L1.ACC-080160-002,013,2024-08-01,MAPPED,MAPPED,INVALID_STRUCTURE,
sales_monthly_by_sku_branch_202607161619.csv,151826,32.L1.ACC-080160-002.01,32.L1.ACC-080160-002,013,2024-09-01,MAPPED,MAPPED,INVALID_STRUCTURE,
sales_monthly_by_sku_branch_202607161619.csv,151827,32.L1.ACC-080160-002.01,32.L1.ACC-080160-002,015,2024-01-01,MAPPED,MAPPED,INVALID_STRUCTURE,
sales_monthly_by_sku_branch_202607161619.csv,151828,32.L1.ACC-080160-002.01,32.L1.ACC-080160-002,015,2024-02-01,MAPPED,MAPPED,INVALID_STRUCTURE,
sales_monthly_by_sku_branch_202607161619.csv,151829,32.L1.ACC-080160-002.01,32.L1.ACC-080160-002,015,2024-03-01,MAPPED,MAPPED,INVALID_STRUCTURE,
sales_monthly_by_sku_branch_202607161619.csv,151830,32.L1.ACC-080160-002.01,32.L1.ACC-080160-002,015,2024-05-01,MAPPED,MAPPED,INVALID_STRUCTURE,
sales_monthly_by_sku_branch_202607161619.csv,151831,32.L1.ACC-080160-002.01,32.L1.ACC-080160-002,015,2024-06-01,MAPPED,MAPPED,INVALID_STRUCTURE,
sales_monthly_by_sku_branch_202607161619.csv,151832,32.L1.ACC-080160-002.01,32.L1.ACC-080160-002,015,2024-08-01,MAPPED,MAPPED,INVALID_STRUCTURE,
sales_monthly_by_sku_branch_202607161619.csv,151833,32.L1.ACC-080160-002.01,32.L1.ACC-080160-002,015,2024-09-01,MAPPED,MAPPED,INVALID_STRUCTURE,
sales_monthly_by_sku_branch_202607161619.csv,151834,32.L1.ACC-080160-002.01,32.L1.ACC-080160-002,015,2024-10-01,MAPPED,MAPPED,INVALID_STRUCTURE,
sales_monthly_by_sku_branch_202607161619.csv,151835,32.L1.ACC-080160-002.01,32.L1.ACC-080160-002,015,2024-11-01,MAPPED,MAPPED,INVALID_STRUCTURE,
sales_monthly_by_sku_branch_202607161619.csv,151836,32.L1.ACC-080160-002.01,32.L1.ACC-080160-002,015,2024-12-01,MAPPED,MAPPED,INVALID_STRUCTURE,
sales_monthly_by_sku_branch_202607161619.csv,151837,32.L1.ACC-080160-002.01,32.L1.ACC-080160-002,016,2024-06-01,MAPPED,MAPPED,INVALID_STRUCTURE,
sales_monthly_by_sku_branch_202607161619.csv,151838,32.L1.ACC-080160-002.01,32.L1.ACC-080160-002,016,2024-07-01,MAPPED,MAPPED,INVALID_STRUCTURE,
sales_monthly_by_sku_branch_202607161619.csv,151839,32.L1.ACC-080160-002.01,32.L1.ACC-080160-002,016,2024-08-01,MAPPED,MAPPED,INVALID_STRUCTURE,
sales_monthly_by_sku_branch_202607161619.csv,151840,32.L1.ACC-080160-002.01,32.L1.ACC-080160-002,017,2024-07-01,MAPPED,MAPPED,INVALID_STRUCTURE,
sales_monthly_by_sku_branch_202607161619.csv,151841,32.L1.ACC-080160-002.01,32.L1.ACC-080160-002,017,2024-08-01,MAPPED,MAPPED,INVALID_STRUCTURE,
sales_monthly_by_sku_branch_202607161619.csv,151842,32.L1.ACC-080160-002.01,32.L1.ACC-080160-002,017,2024-09-01,MAPPED,MAPPED,INVALID_STRUCTURE,
sales_monthly_by_sku_branch_202607161619.csv,151843,32.L1.ACC-080160-002.01,32.L1.ACC-080160-002,018,2024-03-01,MAPPED,MAPPED,INVALID_STRUCTURE,
sales_monthly_by_sku_branch_202607161619.csv,151844,32.L1.ACC-080160-002.01,32.L1.ACC-080160-002,018,2024-05-01,MAPPED,MAPPED,INVALID_STRUCTURE,
sales_monthly_by_sku_branch_202607161619.csv,151845,32.L1.ACC-080160-002.01,32.L1.ACC-080160-002,018,2024-06-01,MAPPED,MAPPED,INVALID_STRUCTURE,
sales_monthly_by_sku_branch_202607161619.csv,151846,32.L1.ACC-080160-002.01,32.L1.ACC-080160-002,018,2024-11-01,MAPPED,MAPPED,INVALID_STRUCTURE,
sales_monthly_by_sku_branch_202607161619.csv,151847,32.L1.ACC-080160-002.01,32.L1.ACC-080160-002,018,2025-08-01,MAPPED,MAPPED,INVALID_STRUCTURE,
sales_monthly_by_sku_branch_202607161619.csv,151848,32.L1.ACC-080160-002.01,32.L1.ACC-080160-002,018,2025-12-01,MAPPED,MAPPED,INVALID_STRUCTURE,
sales_monthly_by_sku_branch_202607161619.csv,151849,32.L1.ACC-080160-002.01,32.L1.ACC-080160-002,018,2026-01-01,MAPPED,MAPPED,INVALID_STRUCTURE,
sales_monthly_by_sku_branch_202607161619.csv,151850,32.L1.ACC-080160-002.01,32.L1.ACC-080160-002,018,2026-03-01,MAPPED,MAPPED,INVALID_STRUCTURE,
sales_monthly_by_sku_branch_202607161619.csv,151851,32.L1.ACC-080160-002.01,32.L1.ACC-080160-002,018,2026-06-01,MAPPED,MAPPED,INVALID_STRUCTURE,
sales_monthly_by_sku_branch_202607161619.csv,151852,32.L1.ACC-080160-002.01,32.L1.ACC-080160-002,024,2025-01-01,MAPPED,MAPPED,INVALID_STRUCTURE,
sales_monthly_by_sku_branch_202607161619.csv,151853,32.L1.ACC-080160-002.01,32.L1.ACC-080160-002,093,2024-07-01,MAPPED,MAPPED,INVALID_STRUCTURE,
sales_monthly_by_sku_branch_202607161619.csv,151854,32.L1.ACC-080160-003.01,32.L1.ACC-080160-003,002,2024-08-01,MAPPED,MAPPED,INVALID_STRUCTURE,
sales_monthly_by_sku_branch_202607161619.csv,151855,32.L1.ACC-080160-003.01,32.L1.ACC-080160-003,008,2024-08-01,MAPPED,MAPPED,INVALID_STRUCTURE,
sales_monthly_by_sku_branch_202607161619.csv,151856,32.L1.ACC-080160-003.01,32.L1.ACC-080160-003,008,2026-04-01,MAPPED,MAPPED,INVALID_STRUCTURE,
sales_monthly_by_sku_branch_202607161619.csv,151857,32.L1.ACC-080160-003.01,32.L1.ACC-080160-003,011,2024-01-01,MAPPED,MAPPED,INVALID_STRUCTURE,
sales_monthly_by_sku_branch_202607161619.csv,151858,32.L1.ACC-080160-003.01,32.L1.ACC-080160-003,011,2024-05-01,MAPPED,MAPPED,INVALID_STRUCTURE,
sales_monthly_by_sku_branch_202607161619.csv,151859,32.L1.ACC-080160-003.01,32.L1.ACC-080160-003,011,2024-07-01,MAPPED,MAPPED,INVALID_STRUCTURE,
sales_monthly_by_sku_branch_202607161619.csv,151860,32.L1.ACC-080160-003.01,32.L1.ACC-080160-003,011,2024-08-01,MAPPED,MAPPED,INVALID_STRUCTURE,
sales_monthly_by_sku_branch_202607161619.csv,151861,32.L1.ACC-080160-003.01,32.L1.ACC-080160-003,011,2024-09-01,MAPPED,MAPPED,INVALID_STRUCTURE,
sales_monthly_by_sku_branch_202607161619.csv,151862,32.L1.ACC-080160-003.01,32.L1.ACC-080160-003,011,2024-11-01,MAPPED,MAPPED,INVALID_STRUCTURE,
sales_monthly_by_sku_branch_202607161619.csv,151863,32.L1.ACC-080160-003.01,32.L1.ACC-080160-003,011,2024-12-01,MAPPED,MAPPED,INVALID_STRUCTURE,
sales_monthly_by_sku_branch_202607161619.csv,151864,32.L1.ACC-080160-003.01,32.L1.ACC-080160-003,011,2025-01-01,MAPPED,MAPPED,INVALID_STRUCTURE,
sales_monthly_by_sku_branch_202607161619.csv,151865,32.L1.ACC-080160-003.01,32.L1.ACC-080160-003,011,2025-03-01,MAPPED,MAPPED,INVALID_STRUCTURE,
sales_monthly_by_sku_branch_202607161619.csv,151866,32.L1.ACC-080160-003.01,32.L1.ACC-080160-003,011,2025-07-01,MAPPED,MAPPED,INVALID_STRUCTURE,
sales_monthly_by_sku_branch_202607161619.csv,151867,32.L1.ACC-080160-003.01,32.L1.ACC-080160-003,011,2025-11-01,MAPPED,MAPPED,INVALID_STRUCTURE,
sales_monthly_by_sku_branch_202607161619.csv,151868,32.L1.ACC-080160-003.01,32.L1.ACC-080160-003,012,2024-05-01,MAPPED,MAPPED,INVALID_STRUCTURE,
sales_monthly_by_sku_branch_202607161619.csv,151869,32.L1.ACC-080160-003.01,32.L1.ACC-080160-003,012,2024-12-01,MAPPED,MAPPED,INVALID_STRUCTURE,
sales_monthly_by_sku_branch_202607161619.csv,151870,32.L1.ACC-080160-003.01,32.L1.ACC-080160-003,013,2024-04-01,MAPPED,MAPPED,INVALID_STRUCTURE,
sales_monthly_by_sku_branch_202607161619.csv,151871,32.L1.ACC-080160-003.01,32.L1.ACC-080160-003,015,2024-02-01,MAPPED,MAPPED,INVALID_STRUCTURE,
sales_monthly_by_sku_branch_202607161619.csv,151872,32.L1.ACC-080160-003.01,32.L1.ACC-080160-003,015,2024-03-01,MAPPED,MAPPED,INVALID_STRUCTURE,
sales_monthly_by_sku_branch_202607161619.csv,151873,32.L1.ACC-080160-003.01,32.L1.ACC-080160-003,015,2024-04-01,MAPPED,MAPPED,INVALID_STRUCTURE,
sales_monthly_by_sku_branch_202607161619.csv,151874,32.L1.ACC-080160-003.01,32.L1.ACC-080160-003,015,2024-05-01,MAPPED,MAPPED,INVALID_STRUCTURE,
sales_monthly_by_sku_branch_202607161619.csv,151875,32.L1.ACC-080160-003.01,32.L1.ACC-080160-003,015,2024-08-01,MAPPED,MAPPED,INVALID_STRUCTURE,
sales_monthly_by_sku_branch_202607161619.csv,151876,32.L1.ACC-080160-003.01,32.L1.ACC-080160-003,015,2024-10-01,MAPPED,MAPPED,INVALID_STRUCTURE,
sales_monthly_by_sku_branch_202607161619.csv,151877,32.L1.ACC-080160-003.01,32.L1.ACC-080160-003,015,2024-11-01,MAPPED,MAPPED,INVALID_STRUCTURE,
sales_monthly_by_sku_branch_202607161619.csv,151878,32.L1.ACC-080160-003.01,32.L1.ACC-080160-003,015,2024-12-01,MAPPED,MAPPED,INVALID_STRUCTURE,
sales_monthly_by_sku_branch_202607161619.csv,151879,32.L1.ACC-080160-003.01,32.L1.ACC-080160-003,015,2025-01-01,MAPPED,MAPPED,INVALID_STRUCTURE,
sales_monthly_by_sku_branch_202607161619.csv,151880,32.L1.ACC-080160-003.01,32.L1.ACC-080160-003,015,2025-03-01,MAPPED,MAPPED,INVALID_STRUCTURE,
sales_monthly_by_sku_branch_202607161619.csv,151881,32.L1.ACC-080160-003.01,32.L1.ACC-080160-003,015,2025-05-01,MAPPED,MAPPED,INVALID_STRUCTURE,
sales_monthly_by_sku_branch_202607161619.csv,151882,32.L1.ACC-080160-003.01,32.L1.ACC-080160-003,015,2025-07-01,MAPPED,MAPPED,INVALID_STRUCTURE,
sales_monthly_by_sku_branch_202607161619.csv,151883,32.L1.ACC-080160-003.01,32.L1.ACC-080160-003,015,2025-08-01,MAPPED,MAPPED,INVALID_STRUCTURE,
sales_monthly_by_sku_branch_202607161619.csv,151884,32.L1.ACC-080160-003.01,32.L1.ACC-080160-003,015,2025-10-01,MAPPED,MAPPED,INVALID_STRUCTURE,
sales_monthly_by_sku_branch_202607161619.csv,151885,32.L1.ACC-080160-003.01,32.L1.ACC-080160-003,015,2025-12-01,MAPPED,MAPPED,INVALID_STRUCTURE,
sales_monthly_by_sku_branch_202607161619.csv,151886,32.L1.ACC-080160-003.01,32.L1.ACC-080160-003,015,2026-01-01,MAPPED,MAPPED,INVALID_STRUCTURE,
sales_monthly_by_sku_branch_202607161619.csv,151887,32.L1.ACC-080160-003.01,32.L1.ACC-080160-003,015,2026-06-01,MAPPED,MAPPED,INVALID_STRUCTURE,
sales_monthly_by_sku_branch_202607161619.csv,151888,32.L1.ACC-080160-003.01,32.L1.ACC-080160-003,016,2024-01-01,MAPPED,MAPPED,INVALID_STRUCTURE,
sales_monthly_by_sku_branch_202607161619.csv,151889,32.L1.ACC-080160-003.01,32.L1.ACC-080160-003,016,2024-04-01,MAPPED,MAPPED,INVALID_STRUCTURE,
sales_monthly_by_sku_branch_202607161619.csv,151890,32.L1.ACC-080160-003.01,32.L1.ACC-080160-003,016,2024-10-01,MAPPED,MAPPED,INVALID_STRUCTURE,
sales_monthly_by_sku_branch_202607161619.csv,151891,32.L1.ACC-080160-003.01,32.L1.ACC-080160-003,017,2024-02-01,MAPPED,MAPPED,INVALID_STRUCTURE,
sales_monthly_by_sku_branch_202607161619.csv,151892,32.L1.ACC-080160-003.01,32.L1.ACC-080160-003,017,2024-07-01,MAPPED,MAPPED,INVALID_STRUCTURE,
sales_monthly_by_sku_branch_202607161619.csv,151893,32.L1.ACC-080160-003.01,32.L1.ACC-080160-003,017,2024-09-01,MAPPED,MAPPED,INVALID_STRUCTURE,
sales_monthly_by_sku_branch_202607161619.csv,151894,32.L1.ACC-080160-003.01,32.L1.ACC-080160-003,017,2024-12-01,MAPPED,MAPPED,INVALID_STRUCTURE,
sales_monthly_by_sku_branch_202607161619.csv,151895,32.L1.ACC-080160-003.01,32.L1.ACC-080160-003,017,2025-01-01,MAPPED,MAPPED,INVALID_STRUCTURE,
sales_monthly_by_sku_branch_202607161619.csv,151896,32.L1.ACC-080160-003.01,32.L1.ACC-080160-003,017,2025-02-01,MAPPED,MAPPED,INVALID_STRUCTURE,
sales_monthly_by_sku_branch_202607161619.csv,151897,32.L1.ACC-080160-003.01,32.L1.ACC-080160-003,017,2025-05-01,MAPPED,MAPPED,INVALID_STRUCTURE,
sales_monthly_by_sku_branch_202607161619.csv,151898,32.L1.ACC-080160-003.01,32.L1.ACC-080160-003,017,2025-06-01,MAPPED,MAPPED,INVALID_STRUCTURE,
sales_monthly_by_sku_branch_202607161619.csv,151899,32.L1.ACC-080160-003.01,32.L1.ACC-080160-003,017,2025-10-01,MAPPED,MAPPED,INVALID_STRUCTURE,
sales_monthly_by_sku_branch_202607161619.csv,151900,32.L1.ACC-080160-003.01,32.L1.ACC-080160-003,017,2026-01-01,MAPPED,MAPPED,INVALID_STRUCTURE,
sales_monthly_by_sku_branch_202607161619.csv,151901,32.L1.ACC-080160-003.01,32.L1.ACC-080160-003,018,2024-01-01,MAPPED,MAPPED,INVALID_STRUCTURE,
sales_monthly_by_sku_branch_202607161619.csv,151902,32.L1.ACC-080160-003.01,32.L1.ACC-080160-003,018,2025-02-01,MAPPED,MAPPED,INVALID_STRUCTURE,
sales_monthly_by_sku_branch_202607161619.csv,151903,32.L1.ACC-080160-003.01,32.L1.ACC-080160-003,018,2025-04-01,MAPPED,MAPPED,INVALID_STRUCTURE,
sales_monthly_by_sku_branch_202607161619.csv,151904,32.L1.ACC-080160-003.01,32.L1.ACC-080160-003,019,2024-03-01,MAPPED,MAPPED,INVALID_STRUCTURE,
sales_monthly_by_sku_branch_202607161619.csv,151905,32.L1.ACC-080160-003.01,32.L1.ACC-080160-003,019,2024-07-01,MAPPED,MAPPED,INVALID_STRUCTURE,
sales_monthly_by_sku_branch_202607161619.csv,151906,32.L1.ACC-080160-003.01,32.L1.ACC-080160-003,019,2024-08-01,MAPPED,MAPPED,INVALID_STRUCTURE,
sales_monthly_by_sku_branch_202607161619.csv,151907,32.L1.ACC-080160-003.01,32.L1.ACC-080160-003,019,2025-01-01,MAPPED,MAPPED,INVALID_STRUCTURE,
sales_monthly_by_sku_branch_202607161619.csv,151908,32.L1.ACC-080160-003.01,32.L1.ACC-080160-003,023,2024-01-01,MAPPED,MAPPED,INVALID_STRUCTURE,
sales_monthly_by_sku_branch_202607161619.csv,151909,32.L1.ACC-080160-003.01,32.L1.ACC-080160-003,023,2025-10-01,MAPPED,MAPPED,INVALID_STRUCTURE,
sales_monthly_by_sku_branch_202607161619.csv,151910,32.L1.ACC-080160-003.01,32.L1.ACC-080160-003,023,2026-01-01,MAPPED,MAPPED,INVALID_STRUCTURE,
sales_monthly_by_sku_branch_202607161619.csv,151911,32.L1.ACC-080160-003.01,32.L1.ACC-080160-003,024,2024-12-01,MAPPED,MAPPED,INVALID_STRUCTURE,
sales_monthly_by_sku_branch_202607161619.csv,151912,32.L1.ACC-080160-003.01,32.L1.ACC-080160-003,063,2025-07-01,MAPPED,MAPPED,INVALID_STRUCTURE,
sales_monthly_by_sku_branch_202607161619.csv,151913,32.L1.ACC-080160-003.01,32.L1.ACC-080160-003,063,2025-08-01,MAPPED,MAPPED,INVALID_STRUCTURE,
sales_monthly_by_sku_branch_202607161619.csv,151914,32.L1.ACC-080160-003.01,32.L1.ACC-080160-003,065,2025-11-01,MAPPED,MAPPED,INVALID_STRUCTURE,
sales_monthly_by_sku_branch_202607161619.csv,151915,32.L1.ACC-080160-004.01,32.L1.ACC-080160-004,000,2025-12-01,MAPPED,MAPPED,INVALID_STRUCTURE,
sales_monthly_by_sku_branch_202607161619.csv,151916,32.L1.ACC-080160-004.01,32.L1.ACC-080160-004,002,2024-12-01,MAPPED,MAPPED,INVALID_STRUCTURE,
sales_monthly_by_sku_branch_202607161619.csv,151917,32.L1.ACC-080160-004.01,32.L1.ACC-080160-004,002,2025-09-01,MAPPED,MAPPED,INVALID_STRUCTURE,
sales_monthly_by_sku_branch_202607161619.csv,151918,32.L1.ACC-080160-004.01,32.L1.ACC-080160-004,002,2026-06-01,MAPPED,MAPPED,INVALID_STRUCTURE,
sales_monthly_by_sku_branch_202607161619.csv,151919,32.L1.ACC-080160-004.01,32.L1.ACC-080160-004,008,2024-01-01,MAPPED,MAPPED,INVALID_STRUCTURE,
sales_monthly_by_sku_branch_202607161619.csv,151920,32.L1.ACC-080160-004.01,32.L1.ACC-080160-004,008,2024-09-01,MAPPED,MAPPED,INVALID_STRUCTURE,
sales_monthly_by_sku_branch_202607161619.csv,151921,32.L1.ACC-080160-004.01,32.L1.ACC-080160-004,008,2025-03-01,MAPPED,MAPPED,INVALID_STRUCTURE,
sales_monthly_by_sku_branch_202607161619.csv,151922,32.L1.ACC-080160-004.01,32.L1.ACC-080160-004,008,2025-04-01,MAPPED,MAPPED,INVALID_STRUCTURE,
sales_monthly_by_sku_branch_202607161619.csv,151923,32.L1.ACC-080160-004.01,32.L1.ACC-080160-004,010,2024-04-01,MAPPED,MAPPED,INVALID_STRUCTURE,
sales_monthly_by_sku_branch_202607161619.csv,151924,32.L1.ACC-080160-004.01,32.L1.ACC-080160-004,010,2025-06-01,MAPPED,MAPPED,INVALID_STRUCTURE,
sales_monthly_by_sku_branch_202607161619.csv,151925,32.L1.ACC-080160-004.01,32.L1.ACC-080160-004,011,2024-03-01,MAPPED,MAPPED,INVALID_STRUCTURE,
sales_monthly_by_sku_branch_202607161619.csv,151926,32.L1.ACC-080160-004.01,32.L1.ACC-080160-004,011,2024-06-01,MAPPED,MAPPED,INVALID_STRUCTURE,
sales_monthly_by_sku_branch_202607161619.csv,151927,32.L1.ACC-080160-004.01,32.L1.ACC-080160-004,011,2024-09-01,MAPPED,MAPPED,INVALID_STRUCTURE,
sales_monthly_by_sku_branch_202607161619.csv,151928,32.L1.ACC-080160-004.01,32.L1.ACC-080160-004,011,2024-10-01,MAPPED,MAPPED,INVALID_STRUCTURE,
sales_monthly_by_sku_branch_202607161619.csv,151929,32.L1.ACC-080160-004.01,32.L1.ACC-080160-004,011,2024-11-01,MAPPED,MAPPED,INVALID_STRUCTURE,
sales_monthly_by_sku_branch_202607161619.csv,151930,32.L1.ACC-080160-004.01,32.L1.ACC-080160-004,011,2024-12-01,MAPPED,MAPPED,INVALID_STRUCTURE,
sales_monthly_by_sku_branch_202607161619.csv,151931,32.L1.ACC-080160-004.01,32.L1.ACC-080160-004,011,2025-03-01,MAPPED,MAPPED,INVALID_STRUCTURE,
sales_monthly_by_sku_branch_202607161619.csv,151932,32.L1.ACC-080160-004.01,32.L1.ACC-080160-004,011,2025-04-01,MAPPED,MAPPED,INVALID_STRUCTURE,
sales_monthly_by_sku_branch_202607161619.csv,151933,32.L1.ACC-080160-004.01,32.L1.ACC-080160-004,011,2025-06-01,MAPPED,MAPPED,INVALID_STRUCTURE,
sales_monthly_by_sku_branch_202607161619.csv,151934,32.L1.ACC-080160-004.01,32.L1.ACC-080160-004,011,2025-11-01,MAPPED,MAPPED,INVALID_STRUCTURE,
sales_monthly_by_sku_branch_202607161619.csv,151935,32.L1.ACC-080160-004.01,32.L1.ACC-080160-004,013,2024-01-01,MAPPED,MAPPED,INVALID_STRUCTURE,
sales_monthly_by_sku_branch_202607161619.csv,151936,32.L1.ACC-080160-004.01,32.L1.ACC-080160-004,013,2024-04-01,MAPPED,MAPPED,INVALID_STRUCTURE,
sales_monthly_by_sku_branch_202607161619.csv,151937,32.L1.ACC-080160-004.01,32.L1.ACC-080160-004,013,2024-06-01,MAPPED,MAPPED,INVALID_STRUCTURE,
sales_monthly_by_sku_branch_202607161619.csv,151938,32.L1.ACC-080160-004.01,32.L1.ACC-080160-004,013,2024-07-01,MAPPED,MAPPED,INVALID_STRUCTURE,
sales_monthly_by_sku_branch_202607161619.csv,151939,32.L1.ACC-080160-004.01,32.L1.ACC-080160-004,015,2024-01-01,MAPPED,MAPPED,INVALID_STRUCTURE,
sales_monthly_by_sku_branch_202607161619.csv,151940,32.L1.ACC-080160-004.01,32.L1.ACC-080160-004,015,2024-05-01,MAPPED,MAPPED,INVALID_STRUCTURE,
sales_monthly_by_sku_branch_202607161619.csv,151941,32.L1.ACC-080160-004.01,32.L1.ACC-080160-004,015,2024-06-01,MAPPED,MAPPED,INVALID_STRUCTURE,
sales_monthly_by_sku_branch_202607161619.csv,151942,32.L1.ACC-080160-004.01,32.L1.ACC-080160-004,015,2024-07-01,MAPPED,MAPPED,INVALID_STRUCTURE,
sales_monthly_by_sku_branch_202607161619.csv,151943,32.L1.ACC-080160-004.01,32.L1.ACC-080160-004,015,2024-12-01,MAPPED,MAPPED,INVALID_STRUCTURE,
sales_monthly_by_sku_branch_202607161619.csv,151944,32.L1.ACC-080160-004.01,32.L1.ACC-080160-004,015,2025-03-01,MAPPED,MAPPED,INVALID_STRUCTURE,
sales_monthly_by_sku_branch_202607161619.csv,151945,32.L1.ACC-080160-004.01,32.L1.ACC-080160-004,015,2025-04-01,MAPPED,MAPPED,INVALID_STRUCTURE,
sales_monthly_by_sku_branch_202607161619.csv,151946,32.L1.ACC-080160-004.01,32.L1.ACC-080160-004,015,2025-08-01,MAPPED,MAPPED,INVALID_STRUCTURE,
sales_monthly_by_sku_branch_202607161619.csv,151947,32.L1.ACC-080160-004.01,32.L1.ACC-080160-004,015,2025-10-01,MAPPED,MAPPED,INVALID_STRUCTURE,
sales_monthly_by_sku_branch_202607161619.csv,151948,32.L1.ACC-080160-004.01,32.L1.ACC-080160-004,015,2026-01-01,MAPPED,MAPPED,INVALID_STRUCTURE,
sales_monthly_by_sku_branch_202607161619.csv,151949,32.L1.ACC-080160-004.01,32.L1.ACC-080160-004,015,2026-02-01,MAPPED,MAPPED,INVALID_STRUCTURE,
sales_monthly_by_sku_branch_202607161619.csv,151950,32.L1.ACC-080160-004.01,32.L1.ACC-080160-004,016,2024-03-01,MAPPED,MAPPED,INVALID_STRUCTURE,
sales_monthly_by_sku_branch_202607161619.csv,151951,32.L1.ACC-080160-004.01,32.L1.ACC-080160-004,016,2024-07-01,MAPPED,MAPPED,INVALID_STRUCTURE,
sales_monthly_by_sku_branch_202607161619.csv,151952,32.L1.ACC-080160-004.01,32.L1.ACC-080160-004,016,2024-08-01,MAPPED,MAPPED,INVALID_STRUCTURE,
sales_monthly_by_sku_branch_202607161619.csv,151953,32.L1.ACC-080160-004.01,32.L1.ACC-080160-004,016,2024-09-01,MAPPED,MAPPED,INVALID_STRUCTURE,
sales_monthly_by_sku_branch_202607161619.csv,151954,32.L1.ACC-080160-004.01,32.L1.ACC-080160-004,016,2024-12-01,MAPPED,MAPPED,INVALID_STRUCTURE,
sales_monthly_by_sku_branch_202607161619.csv,151955,32.L1.ACC-080160-004.01,32.L1.ACC-080160-004,016,2025-05-01,MAPPED,MAPPED,INVALID_STRUCTURE,
sales_monthly_by_sku_branch_202607161619.csv,151956,32.L1.ACC-080160-004.01,32.L1.ACC-080160-004,016,2025-06-01,MAPPED,MAPPED,INVALID_STRUCTURE,
sales_monthly_by_sku_branch_202607161619.csv,151957,32.L1.ACC-080160-004.01,32.L1.ACC-080160-004,016,2025-08-01,MAPPED,MAPPED,INVALID_STRUCTURE,
sales_monthly_by_sku_branch_202607161619.csv,151958,32.L1.ACC-080160-004.01,32.L1.ACC-080160-004,016,2025-10-01,MAPPED,MAPPED,INVALID_STRUCTURE,
sales_monthly_by_sku_branch_202607161619.csv,151959,32.L1.ACC-080160-004.01,32.L1.ACC-080160-004,016,2026-01-01,MAPPED,MAPPED,INVALID_STRUCTURE,
sales_monthly_by_sku_branch_202607161619.csv,151960,32.L1.ACC-080160-004.01,32.L1.ACC-080160-004,016,2026-04-01,MAPPED,MAPPED,INVALID_STRUCTURE,
sales_monthly_by_sku_branch_202607161619.csv,151961,32.L1.ACC-080160-004.01,32.L1.ACC-080160-004,016,2026-06-01,MAPPED,MAPPED,INVALID_STRUCTURE,
sales_monthly_by_sku_branch_202607161619.csv,151962,32.L1.ACC-080160-004.01,32.L1.ACC-080160-004,017,2024-01-01,MAPPED,MAPPED,INVALID_STRUCTURE,
sales_monthly_by_sku_branch_202607161619.csv,151963,32.L1.ACC-080160-004.01,32.L1.ACC-080160-004,017,2024-02-01,MAPPED,MAPPED,INVALID_STRUCTURE,
sales_monthly_by_sku_branch_202607161619.csv,151964,32.L1.ACC-080160-004.01,32.L1.ACC-080160-004,017,2024-03-01,MAPPED,MAPPED,INVALID_STRUCTURE,
sales_monthly_by_sku_branch_202607161619.csv,151965,32.L1.ACC-080160-004.01,32.L1.ACC-080160-004,017,2024-08-01,MAPPED,MAPPED,INVALID_STRUCTURE,
sales_monthly_by_sku_branch_202607161619.csv,151966,32.L1.ACC-080160-004.01,32.L1.ACC-080160-004,017,2024-09-01,MAPPED,MAPPED,INVALID_STRUCTURE,
sales_monthly_by_sku_branch_202607161619.csv,151967,32.L1.ACC-080160-004.01,32.L1.ACC-080160-004,017,2024-10-01,MAPPED,MAPPED,INVALID_STRUCTURE,
sales_monthly_by_sku_branch_202607161619.csv,151968,32.L1.ACC-080160-004.01,32.L1.ACC-080160-004,017,2025-01-01,MAPPED,MAPPED,INVALID_STRUCTURE,
sales_monthly_by_sku_branch_202607161619.csv,151969,32.L1.ACC-080160-004.01,32.L1.ACC-080160-004,017,2025-03-01,MAPPED,MAPPED,INVALID_STRUCTURE,
sales_monthly_by_sku_branch_202607161619.csv,151970,32.L1.ACC-080160-004.01,32.L1.ACC-080160-004,017,2025-05-01,MAPPED,MAPPED,INVALID_STRUCTURE,
sales_monthly_by_sku_branch_202607161619.csv,151971,32.L1.ACC-080160-004.01,32.L1.ACC-080160-004,017,2025-06-01,MAPPED,MAPPED,INVALID_STRUCTURE,
sales_monthly_by_sku_branch_202607161619.csv,151972,32.L1.ACC-080160-004.01,32.L1.ACC-080160-004,017,2025-07-01,MAPPED,MAPPED,INVALID_STRUCTURE,
sales_monthly_by_sku_branch_202607161619.csv,151973,32.L1.ACC-080160-004.01,32.L1.ACC-080160-004,017,2025-09-01,MAPPED,MAPPED,INVALID_STRUCTURE,
sales_monthly_by_sku_branch_202607161619.csv,151974,32.L1.ACC-080160-004.01,32.L1.ACC-080160-004,017,2025-12-01,MAPPED,MAPPED,INVALID_STRUCTURE,
sales_monthly_by_sku_branch_202607161619.csv,151975,32.L1.ACC-080160-004.01,32.L1.ACC-080160-004,018,2024-04-01,MAPPED,MAPPED,INVALID_STRUCTURE,
sales_monthly_by_sku_branch_202607161619.csv,151976,32.L1.ACC-080160-004.01,32.L1.ACC-080160-004,018,2024-05-01,MAPPED,MAPPED,INVALID_STRUCTURE,
sales_monthly_by_sku_branch_202607161619.csv,151977,32.L1.ACC-080160-004.01,32.L1.ACC-080160-004,018,2024-06-01,MAPPED,MAPPED,INVALID_STRUCTURE,
sales_monthly_by_sku_branch_202607161619.csv,151978,32.L1.ACC-080160-004.01,32.L1.ACC-080160-004,018,2024-07-01,MAPPED,MAPPED,INVALID_STRUCTURE,
sales_monthly_by_sku_branch_202607161619.csv,151979,32.L1.ACC-080160-004.01,32.L1.ACC-080160-004,018,2024-09-01,MAPPED,MAPPED,INVALID_STRUCTURE,
sales_monthly_by_sku_branch_202607161619.csv,151980,32.L1.ACC-080160-004.01,32.L1.ACC-080160-004,018,2025-04-01,MAPPED,MAPPED,INVALID_STRUCTURE,
sales_monthly_by_sku_branch_202607161619.csv,151981,32.L1.ACC-080160-004.01,32.L1.ACC-080160-004,018,2026-04-01,MAPPED,MAPPED,INVALID_STRUCTURE,
sales_monthly_by_sku_branch_202607161619.csv,151982,32.L1.ACC-080160-004.01,32.L1.ACC-080160-004,019,2024-12-01,MAPPED,MAPPED,INVALID_STRUCTURE,
sales_monthly_by_sku_branch_202607161619.csv,151983,32.L1.ACC-080160-004.01,32.L1.ACC-080160-004,019,2025-01-01,MAPPED,MAPPED,INVALID_STRUCTURE,
sales_monthly_by_sku_branch_202607161619.csv,151984,32.L1.ACC-080160-004.01,32.L1.ACC-080160-004,019,2025-03-01,MAPPED,MAPPED,INVALID_STRUCTURE,
sales_monthly_by_sku_branch_202607161619.csv,151985,32.L1.ACC-080160-004.01,32.L1.ACC-080160-004,019,2025-07-01,MAPPED,MAPPED,INVALID_STRUCTURE,
sales_monthly_by_sku_branch_202607161619.csv,151986,32.L1.ACC-080160-004.01,32.L1.ACC-080160-004,022,2025-01-01,MAPPED,MAPPED,INVALID_STRUCTURE,
sales_monthly_by_sku_branch_202607161619.csv,151987,32.L1.ACC-080160-004.01,32.L1.ACC-080160-004,023,2024-04-01,MAPPED,MAPPED,INVALID_STRUCTURE,
sales_monthly_by_sku_branch_202607161619.csv,151988,32.L1.ACC-080160-004.01,32.L1.ACC-080160-004,024,2024-03-01,MAPPED,MAPPED,INVALID_STRUCTURE,
sales_monthly_by_sku_branch_202607161619.csv,151989,32.L1.ACC-080160-004.01,32.L1.ACC-080160-004,024,2024-11-01,MAPPED,MAPPED,INVALID_STRUCTURE,
sales_monthly_by_sku_branch_202607161619.csv,151990,32.L1.ACC-080160-004.01,32.L1.ACC-080160-004,042,2025-10-01,MAPPED,MAPPED,INVALID_STRUCTURE,
sales_monthly_by_sku_branch_202607161619.csv,151991,32.L1.ACC-080160-004.01,32.L1.ACC-080160-004,050,2024-12-01,MAPPED,MAPPED,INVALID_STRUCTURE,
sales_monthly_by_sku_branch_202607161619.csv,151992,32.L1.ACC-080160-004.01,32.L1.ACC-080160-004,065,2025-08-01,MAPPED,MAPPED,INVALID_STRUCTURE,
sales_monthly_by_sku_branch_202607161619.csv,151993,32.L1.ACC-080160-004.01,32.L1.ACC-080160-004,065,2025-09-01,MAPPED,MAPPED,INVALID_STRUCTURE,
sales_monthly_by_sku_branch_202607161619.csv,151994,32.L1.ACC-080160-004.01,32.L1.ACC-080160-004,065,2025-11-01,MAPPED,MAPPED,INVALID_STRUCTURE,
sales_monthly_by_sku_branch_202607161619.csv,151995,32.L1.ACC-080160-004.01,32.L1.ACC-080160-004,065,2026-02-01,MAPPED,MAPPED,INVALID_STRUCTURE,
sales_monthly_by_sku_branch_202607161619.csv,151996,32.L1.ACC-080160-004.01,32.L1.ACC-080160-004,076,2025-12-01,MAPPED,MAPPED,INVALID_STRUCTURE,
sales_monthly_by_sku_branch_202607161619.csv,151997,32.L1.ACC-080160-004.01,32.L1.ACC-080160-004,123,2025-08-01,MAPPED,MAPPED,INVALID_STRUCTURE,
sales_monthly_by_sku_branch_202607161619.csv,151998,32.L1.ACC-120120-001.01,32.L1.ACC-120120-001,000,2024-09-01,MAPPED,MAPPED,INVALID_STRUCTURE,
sales_monthly_by_sku_branch_202607161619.csv,151999,32.L1.ACC-120120-001.01,32.L1.ACC-120120-001,000,2025-08-01,MAPPED,MAPPED,INVALID_STRUCTURE,
sales_monthly_by_sku_branch_202607161619.csv,152000,32.L1.ACC-120120-001.01,32.L1.ACC-120120-001,008,2024-06-01,MAPPED,MAPPED,INVALID_STRUCTURE,
sales_monthly_by_sku_branch_202607161619.csv,152001,32.L1.ACC-120120-001.01,32.L1.ACC-120120-001,008,2025-01-01,MAPPED,MAPPED,INVALID_STRUCTURE,
sales_monthly_by_sku_branch_202607161619.csv,152002,32.L1.ACC-120120-001.01,32.L1.ACC-120120-001,008,2025-02-01,MAPPED,MAPPED,INVALID_STRUCTURE,
sales_monthly_by_sku_branch_202607161619.csv,152003,32.L1.ACC-120120-001.01,32.L1.ACC-120120-001,011,2024-12-01,MAPPED,MAPPED,INVALID_STRUCTURE,
sales_monthly_by_sku_branch_202607161619.csv,152004,32.L1.ACC-120120-001.01,32.L1.ACC-120120-001,011,2025-11-01,MAPPED,MAPPED,INVALID_STRUCTURE,
sales_monthly_by_sku_branch_202607161619.csv,152005,32.L1.ACC-120120-001.01,32.L1.ACC-120120-001,011,2026-04-01,MAPPED,MAPPED,INVALID_STRUCTURE,
sales_monthly_by_sku_branch_202607161619.csv,152006,32.L1.ACC-120120-001.01,32.L1.ACC-120120-001,012,2025-06-01,MAPPED,MAPPED,INVALID_STRUCTURE,
sales_monthly_by_sku_branch_202607161619.csv,152007,32.L1.ACC-120120-001.01,32.L1.ACC-120120-001,013,2024-08-01,MAPPED,MAPPED,INVALID_STRUCTURE,
sales_monthly_by_sku_branch_202607161619.csv,152008,32.L1.ACC-120120-001.01,32.L1.ACC-120120-001,015,2024-08-01,MAPPED,MAPPED,INVALID_STRUCTURE,
sales_monthly_by_sku_branch_202607161619.csv,152009,32.L1.ACC-120120-001.01,32.L1.ACC-120120-001,015,2024-09-01,MAPPED,MAPPED,INVALID_STRUCTURE,
sales_monthly_by_sku_branch_202607161619.csv,152010,32.L1.ACC-120120-001.01,32.L1.ACC-120120-001,015,2024-10-01,MAPPED,MAPPED,INVALID_STRUCTURE,
sales_monthly_by_sku_branch_202607161619.csv,152011,32.L1.ACC-120120-001.01,32.L1.ACC-120120-001,015,2024-12-01,MAPPED,MAPPED,INVALID_STRUCTURE,
sales_monthly_by_sku_branch_202607161619.csv,152012,32.L1.ACC-120120-001.01,32.L1.ACC-120120-001,015,2025-01-01,MAPPED,MAPPED,INVALID_STRUCTURE,
sales_monthly_by_sku_branch_202607161619.csv,152013,32.L1.ACC-120120-001.01,32.L1.ACC-120120-001,015,2025-04-01,MAPPED,MAPPED,INVALID_STRUCTURE,
sales_monthly_by_sku_branch_202607161619.csv,152014,32.L1.ACC-120120-001.01,32.L1.ACC-120120-001,015,2025-05-01,MAPPED,MAPPED,INVALID_STRUCTURE,
sales_monthly_by_sku_branch_202607161619.csv,152015,32.L1.ACC-120120-001.01,32.L1.ACC-120120-001,015,2025-06-01,MAPPED,MAPPED,INVALID_STRUCTURE,
sales_monthly_by_sku_branch_202607161619.csv,152016,32.L1.ACC-120120-001.01,32.L1.ACC-120120-001,015,2025-07-01,MAPPED,MAPPED,INVALID_STRUCTURE,
sales_monthly_by_sku_branch_202607161619.csv,152017,32.L1.ACC-120120-001.01,32.L1.ACC-120120-001,015,2025-08-01,MAPPED,MAPPED,INVALID_STRUCTURE,
sales_monthly_by_sku_branch_202607161619.csv,152018,32.L1.ACC-120120-001.01,32.L1.ACC-120120-001,015,2025-10-01,MAPPED,MAPPED,INVALID_STRUCTURE,
sales_monthly_by_sku_branch_202607161619.csv,152019,32.L1.ACC-120120-001.01,32.L1.ACC-120120-001,015,2025-11-01,MAPPED,MAPPED,INVALID_STRUCTURE,
sales_monthly_by_sku_branch_202607161619.csv,152020,32.L1.ACC-120120-001.01,32.L1.ACC-120120-001,015,2026-02-01,MAPPED,MAPPED,INVALID_STRUCTURE,
sales_monthly_by_sku_branch_202607161619.csv,152021,32.L1.ACC-120120-001.01,32.L1.ACC-120120-001,016,2025-08-01,MAPPED,MAPPED,INVALID_STRUCTURE,
sales_monthly_by_sku_branch_202607161619.csv,152022,32.L1.ACC-120120-001.01,32.L1.ACC-120120-001,016,2025-10-01,MAPPED,MAPPED,INVALID_STRUCTURE,
sales_monthly_by_sku_branch_202607161619.csv,152023,32.L1.ACC-120120-001.01,32.L1.ACC-120120-001,017,2024-11-01,MAPPED,MAPPED,INVALID_STRUCTURE,
sales_monthly_by_sku_branch_202607161619.csv,152024,32.L1.ACC-120120-001.01,32.L1.ACC-120120-001,017,2024-12-01,MAPPED,MAPPED,INVALID_STRUCTURE,
sales_monthly_by_sku_branch_202607161619.csv,152025,32.L1.ACC-120120-001.01,32.L1.ACC-120120-001,017,2025-04-01,MAPPED,MAPPED,INVALID_STRUCTURE,
sales_monthly_by_sku_branch_202607161619.csv,152026,32.L1.ACC-120120-001.01,32.L1.ACC-120120-001,017,2025-05-01,MAPPED,MAPPED,INVALID_STRUCTURE,
sales_monthly_by_sku_branch_202607161619.csv,152027,32.L1.ACC-120120-001.01,32.L1.ACC-120120-001,017,2026-03-01,MAPPED,MAPPED,INVALID_STRUCTURE,
sales_monthly_by_sku_branch_202607161619.csv,152028,32.L1.ACC-120120-001.01,32.L1.ACC-120120-001,018,2024-05-01,MAPPED,MAPPED,INVALID_STRUCTURE,
sales_monthly_by_sku_branch_202607161619.csv,152029,32.L1.ACC-120120-001.01,32.L1.ACC-120120-001,018,2025-06-01,MAPPED,MAPPED,INVALID_STRUCTURE,
sales_monthly_by_sku_branch_202607161619.csv,152030,32.L1.ACC-120120-001.01,32.L1.ACC-120120-001,019,2026-04-01,MAPPED,MAPPED,INVALID_STRUCTURE,
sales_monthly_by_sku_branch_202607161619.csv,152031,32.L1.ACC-120120-001.01,32.L1.ACC-120120-001,023,2024-06-01,MAPPED,MAPPED,INVALID_STRUCTURE,
sales_monthly_by_sku_branch_202607161619.csv,152032,32.L1.ACC-120120-001.01,32.L1.ACC-120120-001,023,2024-07-01,MAPPED,MAPPED,INVALID_STRUCTURE,
sales_monthly_by_sku_branch_202607161619.csv,152033,32.L1.ACC-120120-001.01,32.L1.ACC-120120-001,049,2024-10-01,MAPPED,MAPPED,INVALID_STRUCTURE,
sales_monthly_by_sku_branch_202607161619.csv,152034,32.L1.ACC-120120-001.01,32.L1.ACC-120120-001,049,2024-11-01,MAPPED,MAPPED,INVALID_STRUCTURE,
sales_monthly_by_sku_branch_202607161619.csv,152035,32.L1.ACC-120120-001.01,32.L1.ACC-120120-001,049,2025-03-01,MAPPED,MAPPED,INVALID_STRUCTURE,
sales_monthly_by_sku_branch_202607161619.csv,152036,32.L1.ACC-120120-001.01,32.L1.ACC-120120-001,049,2026-04-01,MAPPED,MAPPED,INVALID_STRUCTURE,
sales_monthly_by_sku_branch_202607161619.csv,152037,32.L1.ACC-120120-001.01,32.L1.ACC-120120-001,064,2024-01-01,MAPPED,MAPPED,INVALID_STRUCTURE,
sales_monthly_by_sku_branch_202607161619.csv,152038,32.L1.ACC-120120-001.01,32.L1.ACC-120120-001,093,2024-09-01,MAPPED,MAPPED,INVALID_STRUCTURE,
sales_monthly_by_sku_branch_202607161619.csv,152039,32.L1.ACC-120120-002.01,32.L1.ACC-120120-002,008,2024-08-01,MAPPED,MAPPED,INVALID_STRUCTURE,
sales_monthly_by_sku_branch_202607161619.csv,152040,32.L1.ACC-120120-002.01,32.L1.ACC-120120-002,008,2024-09-01,MAPPED,MAPPED,INVALID_STRUCTURE,
sales_monthly_by_sku_branch_202607161619.csv,152041,32.L1.ACC-120120-002.01,32.L1.ACC-120120-002,008,2025-09-01,MAPPED,MAPPED,INVALID_STRUCTURE,
sales_monthly_by_sku_branch_202607161619.csv,152042,32.L1.ACC-120120-002.01,32.L1.ACC-120120-002,010,2025-09-01,MAPPED,MAPPED,INVALID_STRUCTURE,
sales_monthly_by_sku_branch_202607161619.csv,152043,32.L1.ACC-120120-002.01,32.L1.ACC-120120-002,011,2024-05-01,MAPPED,MAPPED,INVALID_STRUCTURE,
sales_monthly_by_sku_branch_202607161619.csv,152044,32.L1.ACC-120120-002.01,32.L1.ACC-120120-002,011,2024-09-01,MAPPED,MAPPED,INVALID_STRUCTURE,
sales_monthly_by_sku_branch_202607161619.csv,152045,32.L1.ACC-120120-002.01,32.L1.ACC-120120-002,016,2025-01-01,MAPPED,MAPPED,INVALID_STRUCTURE,
sales_monthly_by_sku_branch_202607161619.csv,152046,32.L1.ACC-120120-002.01,32.L1.ACC-120120-002,016,2025-04-01,MAPPED,MAPPED,INVALID_STRUCTURE,
sales_monthly_by_sku_branch_202607161619.csv,152047,32.L1.ACC-120120-002.01,32.L1.ACC-120120-002,017,2025-07-01,MAPPED,MAPPED,INVALID_STRUCTURE,
sales_monthly_by_sku_branch_202607161619.csv,152048,32.L1.ACC-120120-002.01,32.L1.ACC-120120-002,023,2024-12-01,MAPPED,MAPPED,INVALID_STRUCTURE,
sales_monthly_by_sku_branch_202607161619.csv,152049,32.L1.ACC-120120-002.01,32.L1.ACC-120120-002,123,2025-06-01,MAPPED,MAPPED,INVALID_STRUCTURE,
sales_monthly_by_sku_branch_202607161619.csv,152050,32.L1.ACC-120120-003.01,32.L1.ACC-120120-003,000,2024-08-01,MAPPED,MAPPED,INVALID_STRUCTURE,
sales_monthly_by_sku_branch_202607161619.csv,152051,32.L1.ACC-120120-003.01,32.L1.ACC-120120-003,000,2024-09-01,MAPPED,MAPPED,INVALID_STRUCTURE,
sales_monthly_by_sku_branch_202607161619.csv,152052,32.L1.ACC-120120-003.01,32.L1.ACC-120120-003,000,2025-08-01,MAPPED,MAPPED,INVALID_STRUCTURE,
sales_monthly_by_sku_branch_202607161619.csv,152053,32.L1.ACC-120120-003.01,32.L1.ACC-120120-003,002,2024-03-01,MAPPED,MAPPED,INVALID_STRUCTURE,
sales_monthly_by_sku_branch_202607161619.csv,152054,32.L1.ACC-120120-003.01,32.L1.ACC-120120-003,002,2026-06-01,MAPPED,MAPPED,INVALID_STRUCTURE,
sales_monthly_by_sku_branch_202607161619.csv,152055,32.L1.ACC-120120-003.01,32.L1.ACC-120120-003,010,2024-12-01,MAPPED,MAPPED,INVALID_STRUCTURE,
sales_monthly_by_sku_branch_202607161619.csv,152056,32.L1.ACC-120120-003.01,32.L1.ACC-120120-003,010,2025-01-01,MAPPED,MAPPED,INVALID_STRUCTURE,
sales_monthly_by_sku_branch_202607161619.csv,152057,32.L1.ACC-120120-003.01,32.L1.ACC-120120-003,011,2025-11-01,MAPPED,MAPPED,INVALID_STRUCTURE,
sales_monthly_by_sku_branch_202607161619.csv,152058,32.L1.ACC-120120-003.01,32.L1.ACC-120120-003,013,2024-03-01,MAPPED,MAPPED,INVALID_STRUCTURE,
sales_monthly_by_sku_branch_202607161619.csv,152059,32.L1.ACC-120120-003.01,32.L1.ACC-120120-003,013,2026-03-01,MAPPED,MAPPED,INVALID_STRUCTURE,
sales_monthly_by_sku_branch_202607161619.csv,152060,32.L1.ACC-120120-003.01,32.L1.ACC-120120-003,013,2026-05-01,MAPPED,MAPPED,INVALID_STRUCTURE,
sales_monthly_by_sku_branch_202607161619.csv,152061,32.L1.ACC-120120-003.01,32.L1.ACC-120120-003,015,2024-10-01,MAPPED,MAPPED,INVALID_STRUCTURE,
sales_monthly_by_sku_branch_202607161619.csv,152062,32.L1.ACC-120120-003.01,32.L1.ACC-120120-003,015,2025-08-01,MAPPED,MAPPED,INVALID_STRUCTURE,
sales_monthly_by_sku_branch_202607161619.csv,152063,32.L1.ACC-120120-003.01,32.L1.ACC-120120-003,015,2026-02-01,MAPPED,MAPPED,INVALID_STRUCTURE,
sales_monthly_by_sku_branch_202607161619.csv,152064,32.L1.ACC-120120-003.01,32.L1.ACC-120120-003,016,2024-06-01,MAPPED,MAPPED,INVALID_STRUCTURE,
sales_monthly_by_sku_branch_202607161619.csv,152065,32.L1.ACC-120120-003.01,32.L1.ACC-120120-003,016,2026-03-01,MAPPED,MAPPED,INVALID_STRUCTURE,
sales_monthly_by_sku_branch_202607161619.csv,152066,32.L1.ACC-120120-003.01,32.L1.ACC-120120-003,017,2025-09-01,MAPPED,MAPPED,INVALID_STRUCTURE,
sales_monthly_by_sku_branch_202607161619.csv,152067,32.L1.ACC-120120-003.01,32.L1.ACC-120120-003,017,2025-11-01,MAPPED,MAPPED,INVALID_STRUCTURE,
sales_monthly_by_sku_branch_202607161619.csv,152068,32.L1.ACC-120120-003.01,32.L1.ACC-120120-003,017,2026-01-01,MAPPED,MAPPED,INVALID_STRUCTURE,
sales_monthly_by_sku_branch_202607161619.csv,152069,32.L1.ACC-120120-003.01,32.L1.ACC-120120-003,018,2025-10-01,MAPPED,MAPPED,INVALID_STRUCTURE,
sales_monthly_by_sku_branch_202607161619.csv,152070,32.L1.ACC-120120-003.01,32.L1.ACC-120120-003,023,2024-05-01,MAPPED,MAPPED,INVALID_STRUCTURE,
sales_monthly_by_sku_branch_202607161619.csv,152071,32.L1.ACC-120120-003.01,32.L1.ACC-120120-003,049,2025-08-01,MAPPED,MAPPED,INVALID_STRUCTURE,
sales_monthly_by_sku_branch_202607161619.csv,152072,32.L1.ACC-120120-003.01,32.L1.ACC-120120-003,049,2025-10-01,MAPPED,MAPPED,INVALID_STRUCTURE,
sales_monthly_by_sku_branch_202607161619.csv,152073,32.L1.ACC-120120-003.01,32.L1.ACC-120120-003,049,2026-03-01,MAPPED,MAPPED,INVALID_STRUCTURE,
sales_monthly_by_sku_branch_202607161619.csv,152074,32.L1.ACC-120120-003.01,32.L1.ACC-120120-003,093,2024-08-01,MAPPED,MAPPED,INVALID_STRUCTURE,
sales_monthly_by_sku_branch_202607161619.csv,152075,32.L1.ACC-120120-003.01,32.L1.ACC-120120-003,093,2024-09-01,MAPPED,MAPPED,INVALID_STRUCTURE,
sales_monthly_by_sku_branch_202607161619.csv,152076,32.L1.ACC-120120-003.01,32.L1.ACC-120120-003,093,2025-08-01,MAPPED,MAPPED,INVALID_STRUCTURE,
sales_monthly_by_sku_branch_202607161619.csv,152077,32.L1.ACC-120120-004.01,32.L1.ACC-120120-004,002,2025-05-01,MAPPED,MAPPED,INVALID_STRUCTURE,
sales_monthly_by_sku_branch_202607161619.csv,152078,32.L1.ACC-120120-004.01,32.L1.ACC-120120-004,008,2025-09-01,MAPPED,MAPPED,INVALID_STRUCTURE,
sales_monthly_by_sku_branch_202607161619.csv,152079,32.L1.ACC-120120-004.01,32.L1.ACC-120120-004,010,2024-05-01,MAPPED,MAPPED,INVALID_STRUCTURE,
sales_monthly_by_sku_branch_202607161619.csv,152080,32.L1.ACC-120120-004.01,32.L1.ACC-120120-004,010,2025-09-01,MAPPED,MAPPED,INVALID_STRUCTURE,
sales_monthly_by_sku_branch_202607161619.csv,152081,32.L1.ACC-120120-004.01,32.L1.ACC-120120-004,010,2025-11-01,MAPPED,MAPPED,INVALID_STRUCTURE,
sales_monthly_by_sku_branch_202607161619.csv,152082,32.L1.ACC-120120-004.01,32.L1.ACC-120120-004,013,2024-04-01,MAPPED,MAPPED,INVALID_STRUCTURE,
sales_monthly_by_sku_branch_202607161619.csv,152083,32.L1.ACC-120120-004.01,32.L1.ACC-120120-004,013,2024-11-01,MAPPED,MAPPED,INVALID_STRUCTURE,
sales_monthly_by_sku_branch_202607161619.csv,152084,32.L1.ACC-120120-004.01,32.L1.ACC-120120-004,013,2024-12-01,MAPPED,MAPPED,INVALID_STRUCTURE,
sales_monthly_by_sku_branch_202607161619.csv,152085,32.L1.ACC-120120-004.01,32.L1.ACC-120120-004,013,2025-08-01,MAPPED,MAPPED,INVALID_STRUCTURE,
sales_monthly_by_sku_branch_202607161619.csv,152086,32.L1.ACC-120120-004.01,32.L1.ACC-120120-004,013,2026-05-01,MAPPED,MAPPED,INVALID_STRUCTURE,
sales_monthly_by_sku_branch_202607161619.csv,152087,32.L1.ACC-120120-004.01,32.L1.ACC-120120-004,015,2024-07-01,MAPPED,MAPPED,INVALID_STRUCTURE,
sales_monthly_by_sku_branch_202607161619.csv,152088,32.L1.ACC-120120-004.01,32.L1.ACC-120120-004,015,2024-09-01,MAPPED,MAPPED,INVALID_STRUCTURE,
sales_monthly_by_sku_branch_202607161619.csv,152089,32.L1.ACC-120120-004.01,32.L1.ACC-120120-004,015,2024-10-01,MAPPED,MAPPED,INVALID_STRUCTURE,
sales_monthly_by_sku_branch_202607161619.csv,152090,32.L1.ACC-120120-004.01,32.L1.ACC-120120-004,015,2025-01-01,MAPPED,MAPPED,INVALID_STRUCTURE,
sales_monthly_by_sku_branch_202607161619.csv,152091,32.L1.ACC-120120-004.01,32.L1.ACC-120120-004,015,2025-02-01,MAPPED,MAPPED,INVALID_STRUCTURE,
sales_monthly_by_sku_branch_202607161619.csv,152092,32.L1.ACC-120120-004.01,32.L1.ACC-120120-004,015,2025-03-01,MAPPED,MAPPED,INVALID_STRUCTURE,
sales_monthly_by_sku_branch_202607161619.csv,152093,32.L1.ACC-120120-004.01,32.L1.ACC-120120-004,015,2025-04-01,MAPPED,MAPPED,INVALID_STRUCTURE,
sales_monthly_by_sku_branch_202607161619.csv,152094,32.L1.ACC-120120-004.01,32.L1.ACC-120120-004,015,2025-08-01,MAPPED,MAPPED,INVALID_STRUCTURE,
sales_monthly_by_sku_branch_202607161619.csv,152095,32.L1.ACC-120120-004.01,32.L1.ACC-120120-004,015,2025-12-01,MAPPED,MAPPED,INVALID_STRUCTURE,
sales_monthly_by_sku_branch_202607161619.csv,152096,32.L1.ACC-120120-004.01,32.L1.ACC-120120-004,015,2026-02-01,MAPPED,MAPPED,INVALID_STRUCTURE,
sales_monthly_by_sku_branch_202607161619.csv,152097,32.L1.ACC-120120-004.01,32.L1.ACC-120120-004,015,2026-04-01,MAPPED,MAPPED,INVALID_STRUCTURE,
sales_monthly_by_sku_branch_202607161619.csv,152098,32.L1.ACC-120120-004.01,32.L1.ACC-120120-004,015,2026-05-01,MAPPED,MAPPED,INVALID_STRUCTURE,
sales_monthly_by_sku_branch_202607161619.csv,152099,32.L1.ACC-120120-004.01,32.L1.ACC-120120-004,015,2026-06-01,MAPPED,MAPPED,INVALID_STRUCTURE,
sales_monthly_by_sku_branch_202607161619.csv,152100,32.L1.ACC-120120-004.01,32.L1.ACC-120120-004,016,2024-08-01,MAPPED,MAPPED,INVALID_STRUCTURE,
sales_monthly_by_sku_branch_202607161619.csv,152101,32.L1.ACC-120120-004.01,32.L1.ACC-120120-004,016,2024-12-01,MAPPED,MAPPED,INVALID_STRUCTURE,
sales_monthly_by_sku_branch_202607161619.csv,152102,32.L1.ACC-120120-004.01,32.L1.ACC-120120-004,016,2025-07-01,MAPPED,MAPPED,INVALID_STRUCTURE,
sales_monthly_by_sku_branch_202607161619.csv,152103,32.L1.ACC-120120-004.01,32.L1.ACC-120120-004,016,2025-08-01,MAPPED,MAPPED,INVALID_STRUCTURE,
sales_monthly_by_sku_branch_202607161619.csv,152104,32.L1.ACC-120120-004.01,32.L1.ACC-120120-004,016,2025-09-01,MAPPED,MAPPED,INVALID_STRUCTURE,
sales_monthly_by_sku_branch_202607161619.csv,152105,32.L1.ACC-120120-004.01,32.L1.ACC-120120-004,016,2025-10-01,MAPPED,MAPPED,INVALID_STRUCTURE,
sales_monthly_by_sku_branch_202607161619.csv,152106,32.L1.ACC-120120-004.01,32.L1.ACC-120120-004,017,2024-11-01,MAPPED,MAPPED,INVALID_STRUCTURE,
sales_monthly_by_sku_branch_202607161619.csv,152107,32.L1.ACC-120120-004.01,32.L1.ACC-120120-004,017,2024-12-01,MAPPED,MAPPED,INVALID_STRUCTURE,
sales_monthly_by_sku_branch_202607161619.csv,152108,32.L1.ACC-120120-004.01,32.L1.ACC-120120-004,017,2025-04-01,MAPPED,MAPPED,INVALID_STRUCTURE,
sales_monthly_by_sku_branch_202607161619.csv,152109,32.L1.ACC-120120-004.01,32.L1.ACC-120120-004,017,2025-11-01,MAPPED,MAPPED,INVALID_STRUCTURE,
sales_monthly_by_sku_branch_202607161619.csv,152110,32.L1.ACC-120120-004.01,32.L1.ACC-120120-004,017,2025-12-01,MAPPED,MAPPED,INVALID_STRUCTURE,
sales_monthly_by_sku_branch_202607161619.csv,152111,32.L1.ACC-120120-004.01,32.L1.ACC-120120-004,017,2026-02-01,MAPPED,MAPPED,INVALID_STRUCTURE,
sales_monthly_by_sku_branch_202607161619.csv,152112,32.L1.ACC-120120-004.01,32.L1.ACC-120120-004,018,2025-08-01,MAPPED,MAPPED,INVALID_STRUCTURE,
sales_monthly_by_sku_branch_202607161619.csv,152113,32.L1.ACC-120120-004.01,32.L1.ACC-120120-004,018,2025-09-01,MAPPED,MAPPED,INVALID_STRUCTURE,
sales_monthly_by_sku_branch_202607161619.csv,152114,32.L1.ACC-120120-004.01,32.L1.ACC-120120-004,019,2024-12-01,MAPPED,MAPPED,INVALID_STRUCTURE,
sales_monthly_by_sku_branch_202607161619.csv,152115,32.L1.ACC-120120-004.01,32.L1.ACC-120120-004,019,2025-01-01,MAPPED,MAPPED,INVALID_STRUCTURE,
sales_monthly_by_sku_branch_202607161619.csv,152116,32.L1.ACC-120120-004.01,32.L1.ACC-120120-004,019,2025-08-01,MAPPED,MAPPED,INVALID_STRUCTURE,
sales_monthly_by_sku_branch_202607161619.csv,152117,32.L1.ACC-120120-004.01,32.L1.ACC-120120-004,023,2024-06-01,MAPPED,MAPPED,INVALID_STRUCTURE,
sales_monthly_by_sku_branch_202607161619.csv,152118,32.L1.ACC-120120-004.01,32.L1.ACC-120120-004,023,2024-07-01,MAPPED,MAPPED,INVALID_STRUCTURE,
sales_monthly_by_sku_branch_202607161619.csv,152119,32.L1.ACC-120120-004.01,32.L1.ACC-120120-004,023,2024-11-01,MAPPED,MAPPED,INVALID_STRUCTURE,
sales_monthly_by_sku_branch_202607161619.csv,152120,32.L1.ACC-120120-004.01,32.L1.ACC-120120-004,023,2024-12-01,MAPPED,MAPPED,INVALID_STRUCTURE,
sales_monthly_by_sku_branch_202607161619.csv,152121,32.L1.ACC-120120-004.01,32.L1.ACC-120120-004,023,2025-04-01,MAPPED,MAPPED,INVALID_STRUCTURE,
sales_monthly_by_sku_branch_202607161619.csv,152122,32.L1.ACC-120120-004.01,32.L1.ACC-120120-004,049,2024-07-01,MAPPED,MAPPED,INVALID_STRUCTURE,
sales_monthly_by_sku_branch_202607161619.csv,152123,32.L1.ACC-120120-004.01,32.L1.ACC-120120-004,049,2024-08-01,MAPPED,MAPPED,INVALID_STRUCTURE,
sales_monthly_by_sku_branch_202607161619.csv,152124,32.L1.ACC-120120-004.01,32.L1.ACC-120120-004,049,2025-03-01,MAPPED,MAPPED,INVALID_STRUCTURE,
sales_monthly_by_sku_branch_202607161619.csv,152125,32.L1.ACC-120120-004.01,32.L1.ACC-120120-004,049,2025-05-01,MAPPED,MAPPED,INVALID_STRUCTURE,
sales_monthly_by_sku_branch_202607161619.csv,152126,32.L1.ACC-120120-004.01,32.L1.ACC-120120-004,049,2025-06-01,MAPPED,MAPPED,INVALID_STRUCTURE,
sales_monthly_by_sku_branch_202607161619.csv,152127,32.L1.ACC-120120-004.01,32.L1.ACC-120120-004,049,2025-07-01,MAPPED,MAPPED,INVALID_STRUCTURE,
sales_monthly_by_sku_branch_202607161619.csv,152128,32.L1.ACC-120120-004.01,32.L1.ACC-120120-004,049,2025-12-01,MAPPED,MAPPED,INVALID_STRUCTURE,
sales_monthly_by_sku_branch_202607161619.csv,152129,32.L1.ACC-120120-004.01,32.L1.ACC-120120-004,123,2025-11-01,MAPPED,MAPPED,INVALID_STRUCTURE,
sales_monthly_by_sku_branch_202607161619.csv,152130,32.L1.ACC-120120-005.01,32.L1.ACC-120120-005,000,2024-01-01,MAPPED,MAPPED,INVALID_STRUCTURE,
sales_monthly_by_sku_branch_202607161619.csv,152131,32.L1.ACC-120120-005.01,32.L1.ACC-120120-005,002,2025-12-01,MAPPED,MAPPED,INVALID_STRUCTURE,
sales_monthly_by_sku_branch_202607161619.csv,152132,32.L1.ACC-120120-005.01,32.L1.ACC-120120-005,008,2024-10-01,MAPPED,MAPPED,INVALID_STRUCTURE,
sales_monthly_by_sku_branch_202607161619.csv,152133,32.L1.ACC-120120-005.01,32.L1.ACC-120120-005,010,2025-08-01,MAPPED,MAPPED,INVALID_STRUCTURE,
sales_monthly_by_sku_branch_202607161619.csv,152134,32.L1.ACC-120120-005.01,32.L1.ACC-120120-005,010,2025-09-01,MAPPED,MAPPED,INVALID_STRUCTURE,
sales_monthly_by_sku_branch_202607161619.csv,152135,32.L1.ACC-120120-005.01,32.L1.ACC-120120-005,010,2026-03-01,MAPPED,MAPPED,INVALID_STRUCTURE,
sales_monthly_by_sku_branch_202607161619.csv,152136,32.L1.ACC-120120-005.01,32.L1.ACC-120120-005,011,2024-01-01,MAPPED,MAPPED,INVALID_STRUCTURE,
sales_monthly_by_sku_branch_202607161619.csv,152137,32.L1.ACC-120120-005.01,32.L1.ACC-120120-005,011,2024-09-01,MAPPED,MAPPED,INVALID_STRUCTURE,
sales_monthly_by_sku_branch_202607161619.csv,152138,32.L1.ACC-120120-005.01,32.L1.ACC-120120-005,011,2025-05-01,MAPPED,MAPPED,INVALID_STRUCTURE,
sales_monthly_by_sku_branch_202607161619.csv,152139,32.L1.ACC-120120-005.01,32.L1.ACC-120120-005,011,2025-06-01,MAPPED,MAPPED,INVALID_STRUCTURE,
sales_monthly_by_sku_branch_202607161619.csv,152140,32.L1.ACC-120120-005.01,32.L1.ACC-120120-005,013,2024-10-01,MAPPED,MAPPED,INVALID_STRUCTURE,
sales_monthly_by_sku_branch_202607161619.csv,152141,32.L1.ACC-120120-005.01,32.L1.ACC-120120-005,013,2025-08-01,MAPPED,MAPPED,INVALID_STRUCTURE,
sales_monthly_by_sku_branch_202607161619.csv,152142,32.L1.ACC-120120-005.01,32.L1.ACC-120120-005,013,2026-01-01,MAPPED,MAPPED,INVALID_STRUCTURE,
sales_monthly_by_sku_branch_202607161619.csv,152143,32.L1.ACC-120120-005.01,32.L1.ACC-120120-005,013,2026-03-01,MAPPED,MAPPED,INVALID_STRUCTURE,
sales_monthly_by_sku_branch_202607161619.csv,152144,32.L1.ACC-120120-005.01,32.L1.ACC-120120-005,013,2026-04-01,MAPPED,MAPPED,INVALID_STRUCTURE,
sales_monthly_by_sku_branch_202607161619.csv,152145,32.L1.ACC-120120-005.01,32.L1.ACC-120120-005,013,2026-05-01,MAPPED,MAPPED,INVALID_STRUCTURE,
sales_monthly_by_sku_branch_202607161619.csv,152146,32.L1.ACC-120120-005.01,32.L1.ACC-120120-005,015,2024-01-01,MAPPED,MAPPED,INVALID_STRUCTURE,
sales_monthly_by_sku_branch_202607161619.csv,152147,32.L1.ACC-120120-005.01,32.L1.ACC-120120-005,015,2024-06-01,MAPPED,MAPPED,INVALID_STRUCTURE,
sales_monthly_by_sku_branch_202607161619.csv,152148,32.L1.ACC-120120-005.01,32.L1.ACC-120120-005,015,2024-08-01,MAPPED,MAPPED,INVALID_STRUCTURE,
sales_monthly_by_sku_branch_202607161619.csv,152149,32.L1.ACC-120120-005.01,32.L1.ACC-120120-005,015,2024-12-01,MAPPED,MAPPED,INVALID_STRUCTURE,
sales_monthly_by_sku_branch_202607161619.csv,152150,32.L1.ACC-120120-005.01,32.L1.ACC-120120-005,015,2025-03-01,MAPPED,MAPPED,INVALID_STRUCTURE,
sales_monthly_by_sku_branch_202607161619.csv,152151,32.L1.ACC-120120-005.01,32.L1.ACC-120120-005,015,2025-04-01,MAPPED,MAPPED,INVALID_STRUCTURE,
sales_monthly_by_sku_branch_202607161619.csv,152152,32.L1.ACC-120120-005.01,32.L1.ACC-120120-005,015,2025-05-01,MAPPED,MAPPED,INVALID_STRUCTURE,
sales_monthly_by_sku_branch_202607161619.csv,152153,32.L1.ACC-120120-005.01,32.L1.ACC-120120-005,015,2025-06-01,MAPPED,MAPPED,INVALID_STRUCTURE,
sales_monthly_by_sku_branch_202607161619.csv,152154,32.L1.ACC-120120-005.01,32.L1.ACC-120120-005,015,2025-11-01,MAPPED,MAPPED,INVALID_STRUCTURE,
sales_monthly_by_sku_branch_202607161619.csv,152155,32.L1.ACC-120120-005.01,32.L1.ACC-120120-005,015,2025-12-01,MAPPED,MAPPED,INVALID_STRUCTURE,
sales_monthly_by_sku_branch_202607161619.csv,152156,32.L1.ACC-120120-005.01,32.L1.ACC-120120-005,015,2026-01-01,MAPPED,MAPPED,INVALID_STRUCTURE,
sales_monthly_by_sku_branch_202607161619.csv,152157,32.L1.ACC-120120-005.01,32.L1.ACC-120120-005,015,2026-06-01,MAPPED,MAPPED,INVALID_STRUCTURE,
sales_monthly_by_sku_branch_202607161619.csv,152158,32.L1.ACC-120120-005.01,32.L1.ACC-120120-005,016,2024-08-01,MAPPED,MAPPED,INVALID_STRUCTURE,
sales_monthly_by_sku_branch_202607161619.csv,152159,32.L1.ACC-120120-005.01,32.L1.ACC-120120-005,016,2025-06-01,MAPPED,MAPPED,INVALID_STRUCTURE,
sales_monthly_by_sku_branch_202607161619.csv,152160,32.L1.ACC-120120-005.01,32.L1.ACC-120120-005,017,2024-06-01,MAPPED,MAPPED,INVALID_STRUCTURE,
sales_monthly_by_sku_branch_202607161619.csv,152161,32.L1.ACC-120120-005.01,32.L1.ACC-120120-005,017,2024-08-01,MAPPED,MAPPED,INVALID_STRUCTURE,
sales_monthly_by_sku_branch_202607161619.csv,152162,32.L1.ACC-120120-005.01,32.L1.ACC-120120-005,017,2026-03-01,MAPPED,MAPPED,INVALID_STRUCTURE,
sales_monthly_by_sku_branch_202607161619.csv,152163,32.L1.ACC-120120-005.01,32.L1.ACC-120120-005,018,2024-06-01,MAPPED,MAPPED,INVALID_STRUCTURE,
sales_monthly_by_sku_branch_202607161619.csv,152164,32.L1.ACC-120120-005.01,32.L1.ACC-120120-005,018,2024-07-01,MAPPED,MAPPED,INVALID_STRUCTURE,
sales_monthly_by_sku_branch_202607161619.csv,152165,32.L1.ACC-120120-005.01,32.L1.ACC-120120-005,019,2024-12-01,MAPPED,MAPPED,INVALID_STRUCTURE,
sales_monthly_by_sku_branch_202607161619.csv,152166,32.L1.ACC-120120-005.01,32.L1.ACC-120120-005,019,2025-03-01,MAPPED,MAPPED,INVALID_STRUCTURE,
sales_monthly_by_sku_branch_202607161619.csv,152167,32.L1.ACC-120120-005.01,32.L1.ACC-120120-005,019,2025-04-01,MAPPED,MAPPED,INVALID_STRUCTURE,
sales_monthly_by_sku_branch_202607161619.csv,152168,32.L1.ACC-120120-005.01,32.L1.ACC-120120-005,019,2025-07-01,MAPPED,MAPPED,INVALID_STRUCTURE,
sales_monthly_by_sku_branch_202607161619.csv,152169,32.L1.ACC-120120-005.01,32.L1.ACC-120120-005,023,2024-07-01,MAPPED,MAPPED,INVALID_STRUCTURE,
sales_monthly_by_sku_branch_202607161619.csv,152170,32.L1.ACC-120120-005.01,32.L1.ACC-120120-005,023,2025-05-01,MAPPED,MAPPED,INVALID_STRUCTURE,
sales_monthly_by_sku_branch_202607161619.csv,152171,32.L1.ACC-120120-005.01,32.L1.ACC-120120-005,023,2025-08-01,MAPPED,MAPPED,INVALID_STRUCTURE,
sales_monthly_by_sku_branch_202607161619.csv,152172,32.L1.ACC-120120-005.01,32.L1.ACC-120120-005,023,2025-09-01,MAPPED,MAPPED,INVALID_STRUCTURE,
sales_monthly_by_sku_branch_202607161619.csv,152173,32.L1.ACC-120120-005.01,32.L1.ACC-120120-005,024,2024-10-01,MAPPED,MAPPED,INVALID_STRUCTURE,
sales_monthly_by_sku_branch_202607161619.csv,152174,32.L1.ACC-120120-005.01,32.L1.ACC-120120-005,069,2025-09-01,MAPPED,MAPPED,INVALID_STRUCTURE,
sales_monthly_by_sku_branch_202607161619.csv,152175,32.L1.ACC-120120-005.01,32.L1.ACC-120120-005,123,2025-06-01,MAPPED,MAPPED,INVALID_STRUCTURE,
sales_monthly_by_sku_branch_202607161619.csv,152176,32.L1.ACC-120120-006.01,32.L1.ACC-120120-006,000,2024-01-01,MAPPED,MAPPED,INVALID_STRUCTURE,
sales_monthly_by_sku_branch_202607161619.csv,152177,32.L1.ACC-120120-006.01,32.L1.ACC-120120-006,000,2024-03-01,MAPPED,MAPPED,INVALID_STRUCTURE,
sales_monthly_by_sku_branch_202607161619.csv,152178,32.L1.ACC-120120-006.01,32.L1.ACC-120120-006,000,2024-05-01,MAPPED,MAPPED,INVALID_STRUCTURE,
sales_monthly_by_sku_branch_202607161619.csv,152179,32.L1.ACC-120120-006.01,32.L1.ACC-120120-006,000,2024-07-01,MAPPED,MAPPED,INVALID_STRUCTURE,
sales_monthly_by_sku_branch_202607161619.csv,152180,32.L1.ACC-120120-006.01,32.L1.ACC-120120-006,000,2024-08-01,MAPPED,MAPPED,INVALID_STRUCTURE,
sales_monthly_by_sku_branch_202607161619.csv,152181,32.L1.ACC-120120-006.01,32.L1.ACC-120120-006,000,2024-09-01,MAPPED,MAPPED,INVALID_STRUCTURE,
sales_monthly_by_sku_branch_202607161619.csv,152182,32.L1.ACC-120120-006.01,32.L1.ACC-120120-006,000,2024-10-01,MAPPED,MAPPED,INVALID_STRUCTURE,
sales_monthly_by_sku_branch_202607161619.csv,152183,32.L1.ACC-120120-006.01,32.L1.ACC-120120-006,019,2024-01-01,MAPPED,MAPPED,INVALID_STRUCTURE,
sales_monthly_by_sku_branch_202607161619.csv,152184,32.L1.ACC-120120-006.01,32.L1.ACC-120120-006,050,2024-05-01,MAPPED,MAPPED,INVALID_STRUCTURE,
sales_monthly_by_sku_branch_202607161619.csv,152185,32.L1.ACC-120120-006.01,32.L1.ACC-120120-006,050,2024-06-01,MAPPED,MAPPED,INVALID_STRUCTURE,
sales_monthly_by_sku_branch_202607161619.csv,152186,32.L1.ACC-120120-006.01,32.L1.ACC-120120-006,050,2024-07-01,MAPPED,MAPPED,INVALID_STRUCTURE,
sales_monthly_by_sku_branch_202607161619.csv,152187,32.L1.ACC-120120-006.01,32.L1.ACC-120120-006,050,2024-08-01,MAPPED,MAPPED,INVALID_STRUCTURE,
sales_monthly_by_sku_branch_202607161619.csv,152188,32.L1.ACC-120120-006.01,32.L1.ACC-120120-006,050,2024-10-01,MAPPED,MAPPED,INVALID_STRUCTURE,
sales_monthly_by_sku_branch_202607161619.csv,152189,32.L1.ACC-120120-006.01,32.L1.ACC-120120-006,050,2024-11-01,MAPPED,MAPPED,INVALID_STRUCTURE,
sales_monthly_by_sku_branch_202607161619.csv,152190,32.L1.ACC-120120-006.01,32.L1.ACC-120120-006,060,2024-04-01,MAPPED,MAPPED,INVALID_STRUCTURE,
sales_monthly_by_sku_branch_202607161619.csv,152191,32.L1.ACC-120120-006.01,32.L1.ACC-120120-006,063,2024-03-01,MAPPED,MAPPED,INVALID_STRUCTURE,
sales_monthly_by_sku_branch_202607161619.csv,152192,32.L1.ACC-120120-006.01,32.L1.ACC-120120-006,076,2024-01-01,MAPPED,MAPPED,INVALID_STRUCTURE,
sales_monthly_by_sku_branch_202607161619.csv,152193,32.L1.ACC-120120-006.01,32.L1.ACC-120120-006,076,2024-04-01,MAPPED,MAPPED,INVALID_STRUCTURE,
sales_monthly_by_sku_branch_202607161619.csv,152194,32.L1.ACC-120120-006.01,32.L1.ACC-120120-006,076,2024-05-01,MAPPED,MAPPED,INVALID_STRUCTURE,
sales_monthly_by_sku_branch_202607161619.csv,152195,32.L1.ACC-120120-006.01,32.L1.ACC-120120-006,079,2024-07-01,MAPPED,MAPPED,INVALID_STRUCTURE,
sales_monthly_by_sku_branch_202607161619.csv,152196,32.L1.ACC-120120-006.01,32.L1.ACC-120120-006,079,2024-08-01,MAPPED,MAPPED,INVALID_STRUCTURE,
sales_monthly_by_sku_branch_202607161619.csv,152197,32.L1.ACC-120120-006.01,32.L1.ACC-120120-006,079,2024-09-01,MAPPED,MAPPED,INVALID_STRUCTURE,
sales_monthly_by_sku_branch_202607161619.csv,152198,32.L1.ACC-120120-006.01,32.L1.ACC-120120-006,079,2024-10-01,MAPPED,MAPPED,INVALID_STRUCTURE,
sales_monthly_by_sku_branch_202607161619.csv,152199,32.L1.ACC-120120-006.01,32.L1.ACC-120120-006,081,2024-03-01,MAPPED,MAPPED,INVALID_STRUCTURE,
sales_monthly_by_sku_branch_202607161619.csv,152200,32.L1.ACC-120120-006.01,32.L1.ACC-120120-006,081,2024-05-01,MAPPED,MAPPED,INVALID_STRUCTURE,
sales_monthly_by_sku_branch_202607161619.csv,152201,32.L1.ACC-120120-006.01,32.L1.ACC-120120-006,081,2024-06-01,MAPPED,MAPPED,INVALID_STRUCTURE,
sales_monthly_by_sku_branch_202607161619.csv,152202,32.L1.ACC-120120-006.01,32.L1.ACC-120120-006,123,2025-09-01,MAPPED,MAPPED,INVALID_STRUCTURE,
sales_monthly_by_sku_branch_202607161619.csv,152203,32.L1.ACC-120120-006.01,32.L1.ACC-120120-006,123,2025-12-01,MAPPED,MAPPED,INVALID_STRUCTURE,
sales_monthly_by_sku_branch_202607161619.csv,152204,32.L1.ACC-120120-006.01,32.L1.ACC-120120-006,222,2024-01-01,MAPPED,MAPPED,INVALID_STRUCTURE,
sales_monthly_by_sku_branch_202607161619.csv,152205,32.L1.ACC-120120-006.01,32.L1.ACC-120120-006,222,2024-04-01,MAPPED,MAPPED,INVALID_STRUCTURE,
sales_monthly_by_sku_branch_202607161619.csv,152206,32.L1.ACC-120120-007.01,32.L1.ACC-120120-007,000,2024-06-01,MAPPED,MAPPED,INVALID_STRUCTURE,
sales_monthly_by_sku_branch_202607161619.csv,152207,32.L1.ACC-120120-007.01,32.L1.ACC-120120-007,000,2024-08-01,MAPPED,MAPPED,INVALID_STRUCTURE,
sales_monthly_by_sku_branch_202607161619.csv,152208,32.L1.ACC-120120-007.01,32.L1.ACC-120120-007,000,2024-09-01,MAPPED,MAPPED,INVALID_STRUCTURE,
sales_monthly_by_sku_branch_202607161619.csv,152209,32.L1.ACC-120120-007.01,32.L1.ACC-120120-007,000,2024-11-01,MAPPED,MAPPED,INVALID_STRUCTURE,
sales_monthly_by_sku_branch_202607161619.csv,152210,32.L1.ACC-120120-007.01,32.L1.ACC-120120-007,011,2025-11-01,MAPPED,MAPPED,INVALID_STRUCTURE,
sales_monthly_by_sku_branch_202607161619.csv,152211,32.L1.ACC-120120-007.01,32.L1.ACC-120120-007,050,2024-07-01,MAPPED,MAPPED,INVALID_STRUCTURE,
sales_monthly_by_sku_branch_202607161619.csv,152212,32.L1.ACC-120120-007.01,32.L1.ACC-120120-007,050,2024-10-01,MAPPED,MAPPED,INVALID_STRUCTURE,
sales_monthly_by_sku_branch_202607161619.csv,152213,32.L1.ACC-120120-007.01,32.L1.ACC-120120-007,061,2024-05-01,MAPPED,MAPPED,INVALID_STRUCTURE,
sales_monthly_by_sku_branch_202607161619.csv,152214,32.L1.ACC-120120-007.01,32.L1.ACC-120120-007,063,2024-10-01,MAPPED,MAPPED,INVALID_STRUCTURE,
sales_monthly_by_sku_branch_202607161619.csv,152215,32.L1.ACC-120120-007.01,32.L1.ACC-120120-007,063,2025-07-01,MAPPED,MAPPED,INVALID_STRUCTURE,
sales_monthly_by_sku_branch_202607161619.csv,152216,32.L1.ACC-120120-007.01,32.L1.ACC-120120-007,063,2025-10-01,MAPPED,MAPPED,INVALID_STRUCTURE,
sales_monthly_by_sku_branch_202607161619.csv,152217,32.L1.ACC-120120-007.01,32.L1.ACC-120120-007,063,2026-01-01,MAPPED,MAPPED,INVALID_STRUCTURE,
sales_monthly_by_sku_branch_202607161619.csv,152218,32.L1.ACC-120120-007.01,32.L1.ACC-120120-007,063,2026-03-01,MAPPED,MAPPED,INVALID_STRUCTURE,
sales_monthly_by_sku_branch_202607161619.csv,152219,32.L1.ACC-120120-007.01,32.L1.ACC-120120-007,063,2026-06-01,MAPPED,MAPPED,INVALID_STRUCTURE,
sales_monthly_by_sku_branch_202607161619.csv,152220,32.L1.ACC-120120-007.01,32.L1.ACC-120120-007,064,2026-02-01,MAPPED,MAPPED,INVALID_STRUCTURE,
sales_monthly_by_sku_branch_202607161619.csv,152221,32.L1.ACC-120120-007.01,32.L1.ACC-120120-007,065,2024-08-01,MAPPED,MAPPED,INVALID_STRUCTURE,
sales_monthly_by_sku_branch_202607161619.csv,152222,32.L1.ACC-120120-007.01,32.L1.ACC-120120-007,069,2024-01-01,MAPPED,MAPPED,INVALID_STRUCTURE,
sales_monthly_by_sku_branch_202607161619.csv,152223,32.L1.ACC-120120-007.01,32.L1.ACC-120120-007,069,2024-08-01,MAPPED,MAPPED,INVALID_STRUCTURE,
sales_monthly_by_sku_branch_202607161619.csv,152224,32.L1.ACC-120120-007.01,32.L1.ACC-120120-007,069,2024-12-01,MAPPED,MAPPED,INVALID_STRUCTURE,
sales_monthly_by_sku_branch_202607161619.csv,152225,32.L1.ACC-120120-007.01,32.L1.ACC-120120-007,069,2025-01-01,MAPPED,MAPPED,INVALID_STRUCTURE,
sales_monthly_by_sku_branch_202607161619.csv,152226,32.L1.ACC-120120-007.01,32.L1.ACC-120120-007,069,2025-07-01,MAPPED,MAPPED,INVALID_STRUCTURE,
sales_monthly_by_sku_branch_202607161619.csv,152227,32.L1.ACC-120120-007.01,32.L1.ACC-120120-007,069,2025-12-01,MAPPED,MAPPED,INVALID_STRUCTURE,
sales_monthly_by_sku_branch_202607161619.csv,152228,32.L1.ACC-120120-007.01,32.L1.ACC-120120-007,073,2025-08-01,MAPPED,MAPPED,INVALID_STRUCTURE,
sales_monthly_by_sku_branch_202607161619.csv,152229,32.L1.ACC-120120-007.01,32.L1.ACC-120120-007,073,2025-10-01,MAPPED,MAPPED,INVALID_STRUCTURE,
sales_monthly_by_sku_branch_202607161619.csv,152230,32.L1.ACC-120120-007.01,32.L1.ACC-120120-007,073,2026-04-01,MAPPED,MAPPED,INVALID_STRUCTURE,
sales_monthly_by_sku_branch_202607161619.csv,152231,32.L1.ACC-120120-007.01,32.L1.ACC-120120-007,073,2026-06-01,MAPPED,MAPPED,INVALID_STRUCTURE,
sales_monthly_by_sku_branch_202607161619.csv,152232,32.L1.ACC-120120-007.01,32.L1.ACC-120120-007,076,2024-06-01,MAPPED,MAPPED,INVALID_STRUCTURE,
sales_monthly_by_sku_branch_202607161619.csv,152233,32.L1.ACC-120120-007.01,32.L1.ACC-120120-007,079,2024-11-01,MAPPED,MAPPED,INVALID_STRUCTURE,
sales_monthly_by_sku_branch_202607161619.csv,152234,32.L1.ACC-120120-007.01,32.L1.ACC-120120-007,079,2024-12-01,MAPPED,MAPPED,INVALID_STRUCTURE,
sales_monthly_by_sku_branch_202607161619.csv,152235,32.L1.ACC-120120-007.01,32.L1.ACC-120120-007,081,2024-04-01,MAPPED,MAPPED,INVALID_STRUCTURE,
sales_monthly_by_sku_branch_202607161619.csv,152236,32.L1.ACC-120120-007.01,32.L1.ACC-120120-007,081,2024-05-01,MAPPED,MAPPED,INVALID_STRUCTURE,
sales_monthly_by_sku_branch_202607161619.csv,152237,32.L1.ACC-120120-007.01,32.L1.ACC-120120-007,093,2024-08-01,MAPPED,MAPPED,INVALID_STRUCTURE,
sales_monthly_by_sku_branch_202607161619.csv,152238,32.L1.ACC-120120-007.01,32.L1.ACC-120120-007,093,2024-09-01,MAPPED,MAPPED,INVALID_STRUCTURE,
sales_monthly_by_sku_branch_202607161619.csv,152239,32.L1.ACC-120120-007.01,32.L1.ACC-120120-007,123,2026-04-01,MAPPED,MAPPED,INVALID_STRUCTURE,
sales_monthly_by_sku_branch_202607161619.csv,152240,32.L1.ACC-120120-008.01,32.L1.ACC-120120-008,000,2024-01-01,MAPPED,MAPPED,INVALID_STRUCTURE,
sales_monthly_by_sku_branch_202607161619.csv,152241,32.L1.ACC-120120-008.01,32.L1.ACC-120120-008,000,2024-11-01,MAPPED,MAPPED,INVALID_STRUCTURE,
sales_monthly_by_sku_branch_202607161619.csv,152242,32.L1.ACC-120120-008.01,32.L1.ACC-120120-008,000,2025-06-01,MAPPED,MAPPED,INVALID_STRUCTURE,
sales_monthly_by_sku_branch_202607161619.csv,152243,32.L1.ACC-120120-008.01,32.L1.ACC-120120-008,000,2025-07-01,MAPPED,MAPPED,INVALID_STRUCTURE,
sales_monthly_by_sku_branch_202607161619.csv,152244,32.L1.ACC-120120-008.01,32.L1.ACC-120120-008,000,2025-08-01,MAPPED,MAPPED,INVALID_STRUCTURE,
sales_monthly_by_sku_branch_202607161619.csv,152245,32.L1.ACC-120120-008.01,32.L1.ACC-120120-008,050,2024-03-01,MAPPED,MAPPED,INVALID_STRUCTURE,
sales_monthly_by_sku_branch_202607161619.csv,152246,32.L1.ACC-120120-008.01,32.L1.ACC-120120-008,050,2024-07-01,MAPPED,MAPPED,INVALID_STRUCTURE,
sales_monthly_by_sku_branch_202607161619.csv,152247,32.L1.ACC-120120-008.01,32.L1.ACC-120120-008,050,2024-10-01,MAPPED,MAPPED,INVALID_STRUCTURE,
sales_monthly_by_sku_branch_202607161619.csv,152248,32.L1.ACC-120120-008.01,32.L1.ACC-120120-008,050,2025-05-01,MAPPED,MAPPED,INVALID_STRUCTURE,
sales_monthly_by_sku_branch_202607161619.csv,152249,32.L1.ACC-120120-008.01,32.L1.ACC-120120-008,050,2025-06-01,MAPPED,MAPPED,INVALID_STRUCTURE,
sales_monthly_by_sku_branch_202607161619.csv,152250,32.L1.ACC-120120-008.01,32.L1.ACC-120120-008,060,2024-05-01,MAPPED,MAPPED,INVALID_STRUCTURE,
sales_monthly_by_sku_branch_202607161619.csv,152251,32.L1.ACC-120120-008.01,32.L1.ACC-120120-008,060,2024-06-01,MAPPED,MAPPED,INVALID_STRUCTURE,
sales_monthly_by_sku_branch_202607161619.csv,152252,32.L1.ACC-120120-008.01,32.L1.ACC-120120-008,060,2024-08-01,MAPPED,MAPPED,INVALID_STRUCTURE,
sales_monthly_by_sku_branch_202607161619.csv,152253,32.L1.ACC-120120-008.01,32.L1.ACC-120120-008,061,2024-01-01,MAPPED,MAPPED,INVALID_STRUCTURE,
sales_monthly_by_sku_branch_202607161619.csv,152254,32.L1.ACC-120120-008.01,32.L1.ACC-120120-008,063,2024-09-01,MAPPED,MAPPED,INVALID_STRUCTURE,
sales_monthly_by_sku_branch_202607161619.csv,152255,32.L1.ACC-120120-008.01,32.L1.ACC-120120-008,063,2024-10-01,MAPPED,MAPPED,INVALID_STRUCTURE,
sales_monthly_by_sku_branch_202607161619.csv,152256,32.L1.ACC-120120-008.01,32.L1.ACC-120120-008,063,2026-06-01,MAPPED,MAPPED,INVALID_STRUCTURE,
sales_monthly_by_sku_branch_202607161619.csv,152257,32.L1.ACC-120120-008.01,32.L1.ACC-120120-008,065,2025-05-01,MAPPED,MAPPED,INVALID_STRUCTURE,
sales_monthly_by_sku_branch_202607161619.csv,152258,32.L1.ACC-120120-008.01,32.L1.ACC-120120-008,069,2024-12-01,MAPPED,MAPPED,INVALID_STRUCTURE,
sales_monthly_by_sku_branch_202607161619.csv,152259,32.L1.ACC-120120-008.01,32.L1.ACC-120120-008,069,2025-01-01,MAPPED,MAPPED,INVALID_STRUCTURE,
sales_monthly_by_sku_branch_202607161619.csv,152260,32.L1.ACC-120120-008.01,32.L1.ACC-120120-008,069,2025-02-01,MAPPED,MAPPED,INVALID_STRUCTURE,
sales_monthly_by_sku_branch_202607161619.csv,152261,32.L1.ACC-120120-008.01,32.L1.ACC-120120-008,069,2025-05-01,MAPPED,MAPPED,INVALID_STRUCTURE,
sales_monthly_by_sku_branch_202607161619.csv,152262,32.L1.ACC-120120-008.01,32.L1.ACC-120120-008,069,2025-07-01,MAPPED,MAPPED,INVALID_STRUCTURE,
sales_monthly_by_sku_branch_202607161619.csv,152263,32.L1.ACC-120120-008.01,32.L1.ACC-120120-008,071,2024-11-01,MAPPED,MAPPED,INVALID_STRUCTURE,
sales_monthly_by_sku_branch_202607161619.csv,152264,32.L1.ACC-120120-008.01,32.L1.ACC-120120-008,071,2025-03-01,MAPPED,MAPPED,INVALID_STRUCTURE,
sales_monthly_by_sku_branch_202607161619.csv,152265,32.L1.ACC-120120-008.01,32.L1.ACC-120120-008,071,2025-12-01,MAPPED,MAPPED,INVALID_STRUCTURE,
sales_monthly_by_sku_branch_202607161619.csv,152266,32.L1.ACC-120120-008.01,32.L1.ACC-120120-008,073,2025-03-01,MAPPED,MAPPED,INVALID_STRUCTURE,
sales_monthly_by_sku_branch_202607161619.csv,152267,32.L1.ACC-120120-008.01,32.L1.ACC-120120-008,073,2025-10-01,MAPPED,MAPPED,INVALID_STRUCTURE,
sales_monthly_by_sku_branch_202607161619.csv,152268,32.L1.ACC-120120-008.01,32.L1.ACC-120120-008,076,2024-01-01,MAPPED,MAPPED,INVALID_STRUCTURE,
sales_monthly_by_sku_branch_202607161619.csv,152269,32.L1.ACC-120120-008.01,32.L1.ACC-120120-008,076,2025-04-01,MAPPED,MAPPED,INVALID_STRUCTURE,
sales_monthly_by_sku_branch_202607161619.csv,152270,32.L1.ACC-120120-008.01,32.L1.ACC-120120-008,079,2024-11-01,MAPPED,MAPPED,INVALID_STRUCTURE,
sales_monthly_by_sku_branch_202607161619.csv,152271,32.L1.ACC-120120-008.01,32.L1.ACC-120120-008,079,2025-03-01,MAPPED,MAPPED,INVALID_STRUCTURE,
sales_monthly_by_sku_branch_202607161619.csv,152272,32.L1.ACC-120120-008.01,32.L1.ACC-120120-008,079,2025-04-01,MAPPED,MAPPED,INVALID_STRUCTURE,
sales_monthly_by_sku_branch_202607161619.csv,152273,32.L1.ACC-120120-008.01,32.L1.ACC-120120-008,081,2024-05-01,MAPPED,MAPPED,INVALID_STRUCTURE,
sales_monthly_by_sku_branch_202607161619.csv,152274,32.L1.ACC-120120-008.01,32.L1.ACC-120120-008,081,2024-12-01,MAPPED,MAPPED,INVALID_STRUCTURE,
sales_monthly_by_sku_branch_202607161619.csv,152275,32.L1.ACC-120120-008.01,32.L1.ACC-120120-008,123,2025-05-01,MAPPED,MAPPED,INVALID_STRUCTURE,
sales_monthly_by_sku_branch_202607161619.csv,152276,32.L1.ACC-120120-008.01,32.L1.ACC-120120-008,123,2025-10-01,MAPPED,MAPPED,INVALID_STRUCTURE,
sales_monthly_by_sku_branch_202607161619.csv,152277,32.L1.ACC-120120-008.01,32.L1.ACC-120120-008,123,2025-12-01,MAPPED,MAPPED,INVALID_STRUCTURE,
sales_monthly_by_sku_branch_202607161619.csv,152278,32.L1.ACC-120120-008.01,32.L1.ACC-120120-008,222,2025-07-01,MAPPED,MAPPED,INVALID_STRUCTURE,
sales_monthly_by_sku_branch_202607161619.csv,152279,32.L1.ACC-120120-009.01,32.L1.ACC-120120-009,000,2024-03-01,MAPPED,MAPPED,INVALID_STRUCTURE,
sales_monthly_by_sku_branch_202607161619.csv,152280,32.L1.ACC-120120-009.01,32.L1.ACC-120120-009,000,2024-08-01,MAPPED,MAPPED,INVALID_STRUCTURE,
sales_monthly_by_sku_branch_202607161619.csv,152281,32.L1.ACC-120120-009.01,32.L1.ACC-120120-009,000,2024-09-01,MAPPED,MAPPED,INVALID_STRUCTURE,
sales_monthly_by_sku_branch_202607161619.csv,152282,32.L1.ACC-120120-009.01,32.L1.ACC-120120-009,000,2024-11-01,MAPPED,MAPPED,INVALID_STRUCTURE,
sales_monthly_by_sku_branch_202607161619.csv,152283,32.L1.ACC-120120-009.01,32.L1.ACC-120120-009,000,2024-12-01,MAPPED,MAPPED,INVALID_STRUCTURE,
sales_monthly_by_sku_branch_202607161619.csv,152284,32.L1.ACC-120120-009.01,32.L1.ACC-120120-009,000,2025-01-01,MAPPED,MAPPED,INVALID_STRUCTURE,
sales_monthly_by_sku_branch_202607161619.csv,152285,32.L1.ACC-120120-009.01,32.L1.ACC-120120-009,000,2025-02-01,MAPPED,MAPPED,INVALID_STRUCTURE,
sales_monthly_by_sku_branch_202607161619.csv,152286,32.L1.ACC-120120-009.01,32.L1.ACC-120120-009,018,2025-06-01,MAPPED,MAPPED,INVALID_STRUCTURE,
sales_monthly_by_sku_branch_202607161619.csv,152287,32.L1.ACC-120120-009.01,32.L1.ACC-120120-009,049,2025-08-01,MAPPED,MAPPED,INVALID_STRUCTURE,
sales_monthly_by_sku_branch_202607161619.csv,152288,32.L1.ACC-120120-009.01,32.L1.ACC-120120-009,049,2025-09-01,MAPPED,MAPPED,INVALID_STRUCTURE,
sales_monthly_by_sku_branch_202607161619.csv,152289,32.L1.ACC-120120-009.01,32.L1.ACC-120120-009,049,2025-10-01,MAPPED,MAPPED,INVALID_STRUCTURE,
sales_monthly_by_sku_branch_202607161619.csv,152290,32.L1.ACC-120120-009.01,32.L1.ACC-120120-009,049,2025-11-01,MAPPED,MAPPED,INVALID_STRUCTURE,
sales_monthly_by_sku_branch_202607161619.csv,152291,32.L1.ACC-120120-009.01,32.L1.ACC-120120-009,050,2024-01-01,MAPPED,MAPPED,INVALID_STRUCTURE,
sales_monthly_by_sku_branch_202607161619.csv,152292,32.L1.ACC-120120-009.01,32.L1.ACC-120120-009,050,2024-07-01,MAPPED,MAPPED,INVALID_STRUCTURE,
sales_monthly_by_sku_branch_202607161619.csv,152293,32.L1.ACC-120120-009.01,32.L1.ACC-120120-009,050,2024-10-01,MAPPED,MAPPED,INVALID_STRUCTURE,
sales_monthly_by_sku_branch_202607161619.csv,152294,32.L1.ACC-120120-009.01,32.L1.ACC-120120-009,050,2025-05-01,MAPPED,MAPPED,INVALID_STRUCTURE,
sales_monthly_by_sku_branch_202607161619.csv,152295,32.L1.ACC-120120-009.01,32.L1.ACC-120120-009,060,2024-09-01,MAPPED,MAPPED,INVALID_STRUCTURE,
sales_monthly_by_sku_branch_202607161619.csv,152296,32.L1.ACC-120120-009.01,32.L1.ACC-120120-009,061,2024-07-01,MAPPED,MAPPED,INVALID_STRUCTURE,
sales_monthly_by_sku_branch_202607161619.csv,152297,32.L1.ACC-120120-009.01,32.L1.ACC-120120-009,061,2024-08-01,MAPPED,MAPPED,INVALID_STRUCTURE,
sales_monthly_by_sku_branch_202607161619.csv,152298,32.L1.ACC-120120-009.01,32.L1.ACC-120120-009,061,2024-09-01,MAPPED,MAPPED,INVALID_STRUCTURE,
sales_monthly_by_sku_branch_202607161619.csv,152299,32.L1.ACC-120120-009.01,32.L1.ACC-120120-009,061,2024-10-01,MAPPED,MAPPED,INVALID_STRUCTURE,
sales_monthly_by_sku_branch_202607161619.csv,152300,32.L1.ACC-120120-009.01,32.L1.ACC-120120-009,061,2024-11-01,MAPPED,MAPPED,INVALID_STRUCTURE,
sales_monthly_by_sku_branch_202607161619.csv,152301,32.L1.ACC-120120-009.01,32.L1.ACC-120120-009,063,2024-10-01,MAPPED,MAPPED,INVALID_STRUCTURE,
sales_monthly_by_sku_branch_202607161619.csv,152302,32.L1.ACC-120120-009.01,32.L1.ACC-120120-009,063,2025-02-01,MAPPED,MAPPED,INVALID_STRUCTURE,
sales_monthly_by_sku_branch_202607161619.csv,152303,32.L1.ACC-120120-009.01,32.L1.ACC-120120-009,063,2025-07-01,MAPPED,MAPPED,INVALID_STRUCTURE,
sales_monthly_by_sku_branch_202607161619.csv,152304,32.L1.ACC-120120-009.01,32.L1.ACC-120120-009,065,2024-03-01,MAPPED,MAPPED,INVALID_STRUCTURE,
sales_monthly_by_sku_branch_202607161619.csv,152305,32.L1.ACC-120120-009.01,32.L1.ACC-120120-009,065,2025-08-01,MAPPED,MAPPED,INVALID_STRUCTURE,
sales_monthly_by_sku_branch_202607161619.csv,152306,32.L1.ACC-120120-009.01,32.L1.ACC-120120-009,069,2024-07-01,MAPPED,MAPPED,INVALID_STRUCTURE,
sales_monthly_by_sku_branch_202607161619.csv,152307,32.L1.ACC-120120-009.01,32.L1.ACC-120120-009,069,2024-12-01,MAPPED,MAPPED,INVALID_STRUCTURE,
sales_monthly_by_sku_branch_202607161619.csv,152308,32.L1.ACC-120120-009.01,32.L1.ACC-120120-009,069,2025-01-01,MAPPED,MAPPED,INVALID_STRUCTURE,
sales_monthly_by_sku_branch_202607161619.csv,152309,32.L1.ACC-120120-009.01,32.L1.ACC-120120-009,069,2025-06-01,MAPPED,MAPPED,INVALID_STRUCTURE,
sales_monthly_by_sku_branch_202607161619.csv,152310,32.L1.ACC-120120-009.01,32.L1.ACC-120120-009,071,2024-07-01,MAPPED,MAPPED,INVALID_STRUCTURE,
sales_monthly_by_sku_branch_202607161619.csv,152311,32.L1.ACC-120120-009.01,32.L1.ACC-120120-009,073,2025-01-01,MAPPED,MAPPED,INVALID_STRUCTURE,
sales_monthly_by_sku_branch_202607161619.csv,152312,32.L1.ACC-120120-009.01,32.L1.ACC-120120-009,073,2025-10-01,MAPPED,MAPPED,INVALID_STRUCTURE,
sales_monthly_by_sku_branch_202607161619.csv,152313,32.L1.ACC-120120-009.01,32.L1.ACC-120120-009,076,2024-03-01,MAPPED,MAPPED,INVALID_STRUCTURE,
sales_monthly_by_sku_branch_202607161619.csv,152314,32.L1.ACC-120120-009.01,32.L1.ACC-120120-009,076,2024-06-01,MAPPED,MAPPED,INVALID_STRUCTURE,
sales_monthly_by_sku_branch_202607161619.csv,152315,32.L1.ACC-120120-009.01,32.L1.ACC-120120-009,076,2024-12-01,MAPPED,MAPPED,INVALID_STRUCTURE,
sales_monthly_by_sku_branch_202607161619.csv,152316,32.L1.ACC-120120-009.01,32.L1.ACC-120120-009,076,2025-01-01,MAPPED,MAPPED,INVALID_STRUCTURE,
sales_monthly_by_sku_branch_202607161619.csv,152317,32.L1.ACC-120120-009.01,32.L1.ACC-120120-009,079,2024-11-01,MAPPED,MAPPED,INVALID_STRUCTURE,
sales_monthly_by_sku_branch_202607161619.csv,152318,32.L1.ACC-120120-009.01,32.L1.ACC-120120-009,079,2024-12-01,MAPPED,MAPPED,INVALID_STRUCTURE,
sales_monthly_by_sku_branch_202607161619.csv,152319,32.L1.ACC-120120-009.01,32.L1.ACC-120120-009,079,2025-04-01,MAPPED,MAPPED,INVALID_STRUCTURE,
sales_monthly_by_sku_branch_202607161619.csv,152320,32.L1.ACC-120120-009.01,32.L1.ACC-120120-009,081,2024-09-01,MAPPED,MAPPED,INVALID_STRUCTURE,
sales_monthly_by_sku_branch_202607161619.csv,152321,32.L1.ACC-120120-009.01,32.L1.ACC-120120-009,123,2025-05-01,MAPPED,MAPPED,INVALID_STRUCTURE,
sales_monthly_by_sku_branch_202607161619.csv,152322,32.L1.ACC-120120-009.01,32.L1.ACC-120120-009,222,2024-08-01,MAPPED,MAPPED,INVALID_STRUCTURE,
sales_monthly_by_sku_branch_202607161619.csv,152323,32.L1.ACC-120120-010.01,32.L1.ACC-120120-010,000,2024-10-01,MAPPED,MAPPED,INVALID_STRUCTURE,
sales_monthly_by_sku_branch_202607161619.csv,152324,32.L1.ACC-120120-010.01,32.L1.ACC-120120-010,000,2025-02-01,MAPPED,MAPPED,INVALID_STRUCTURE,
sales_monthly_by_sku_branch_202607161619.csv,152325,32.L1.ACC-120120-010.01,32.L1.ACC-120120-010,000,2025-10-01,MAPPED,MAPPED,INVALID_STRUCTURE,
sales_monthly_by_sku_branch_202607161619.csv,152326,32.L1.ACC-120120-010.01,32.L1.ACC-120120-010,050,2024-05-01,MAPPED,MAPPED,INVALID_STRUCTURE,
sales_monthly_by_sku_branch_202607161619.csv,152327,32.L1.ACC-120120-010.01,32.L1.ACC-120120-010,050,2024-07-01,MAPPED,MAPPED,INVALID_STRUCTURE,
sales_monthly_by_sku_branch_202607161619.csv,152328,32.L1.ACC-120120-010.01,32.L1.ACC-120120-010,050,2024-11-01,MAPPED,MAPPED,INVALID_STRUCTURE,
sales_monthly_by_sku_branch_202607161619.csv,152329,32.L1.ACC-120120-010.01,32.L1.ACC-120120-010,050,2025-04-01,MAPPED,MAPPED,INVALID_STRUCTURE,
sales_monthly_by_sku_branch_202607161619.csv,152330,32.L1.ACC-120120-010.01,32.L1.ACC-120120-010,050,2026-06-01,MAPPED,MAPPED,INVALID_STRUCTURE,
sales_monthly_by_sku_branch_202607161619.csv,152331,32.L1.ACC-120120-010.01,32.L1.ACC-120120-010,061,2025-12-01,MAPPED,MAPPED,INVALID_STRUCTURE,
sales_monthly_by_sku_branch_202607161619.csv,152332,32.L1.ACC-120120-010.01,32.L1.ACC-120120-010,063,2024-03-01,MAPPED,MAPPED,INVALID_STRUCTURE,
sales_monthly_by_sku_branch_202607161619.csv,152333,32.L1.ACC-120120-010.01,32.L1.ACC-120120-010,063,2024-07-01,MAPPED,MAPPED,INVALID_STRUCTURE,
sales_monthly_by_sku_branch_202607161619.csv,152334,32.L1.ACC-120120-010.01,32.L1.ACC-120120-010,063,2024-09-01,MAPPED,MAPPED,INVALID_STRUCTURE,
sales_monthly_by_sku_branch_202607161619.csv,152335,32.L1.ACC-120120-010.01,32.L1.ACC-120120-010,063,2024-10-01,MAPPED,MAPPED,INVALID_STRUCTURE,
sales_monthly_by_sku_branch_202607161619.csv,152336,32.L1.ACC-120120-010.01,32.L1.ACC-120120-010,063,2024-11-01,MAPPED,MAPPED,INVALID_STRUCTURE,
sales_monthly_by_sku_branch_202607161619.csv,152337,32.L1.ACC-120120-010.01,32.L1.ACC-120120-010,063,2026-06-01,MAPPED,MAPPED,INVALID_STRUCTURE,
sales_monthly_by_sku_branch_202607161619.csv,152338,32.L1.ACC-120120-010.01,32.L1.ACC-120120-010,065,2024-04-01,MAPPED,MAPPED,INVALID_STRUCTURE,
sales_monthly_by_sku_branch_202607161619.csv,152339,32.L1.ACC-120120-010.01,32.L1.ACC-120120-010,065,2024-06-01,MAPPED,MAPPED,INVALID_STRUCTURE,
sales_monthly_by_sku_branch_202607161619.csv,152340,32.L1.ACC-120120-010.01,32.L1.ACC-120120-010,068,2025-06-01,MAPPED,MAPPED,INVALID_STRUCTURE,
sales_monthly_by_sku_branch_202607161619.csv,152341,32.L1.ACC-120120-010.01,32.L1.ACC-120120-010,068,2025-08-01,MAPPED,MAPPED,INVALID_STRUCTURE,
sales_monthly_by_sku_branch_202607161619.csv,152342,32.L1.ACC-120120-010.01,32.L1.ACC-120120-010,069,2024-04-01,MAPPED,MAPPED,INVALID_STRUCTURE,
sales_monthly_by_sku_branch_202607161619.csv,152343,32.L1.ACC-120120-010.01,32.L1.ACC-120120-010,069,2024-07-01,MAPPED,MAPPED,INVALID_STRUCTURE,
sales_monthly_by_sku_branch_202607161619.csv,152344,32.L1.ACC-120120-010.01,32.L1.ACC-120120-010,069,2025-04-01,MAPPED,MAPPED,INVALID_STRUCTURE,
sales_monthly_by_sku_branch_202607161619.csv,152345,32.L1.ACC-120120-010.01,32.L1.ACC-120120-010,073,2024-01-01,MAPPED,MAPPED,INVALID_STRUCTURE,
sales_monthly_by_sku_branch_202607161619.csv,152346,32.L1.ACC-120120-010.01,32.L1.ACC-120120-010,073,2024-12-01,MAPPED,MAPPED,INVALID_STRUCTURE,
sales_monthly_by_sku_branch_202607161619.csv,152347,32.L1.ACC-120120-010.01,32.L1.ACC-120120-010,073,2025-01-01,MAPPED,MAPPED,INVALID_STRUCTURE,
sales_monthly_by_sku_branch_202607161619.csv,152348,32.L1.ACC-120120-010.01,32.L1.ACC-120120-010,073,2025-02-01,MAPPED,MAPPED,INVALID_STRUCTURE,
sales_monthly_by_sku_branch_202607161619.csv,152349,32.L1.ACC-120120-010.01,32.L1.ACC-120120-010,073,2025-10-01,MAPPED,MAPPED,INVALID_STRUCTURE,
sales_monthly_by_sku_branch_202607161619.csv,152350,32.L1.ACC-120120-010.01,32.L1.ACC-120120-010,076,2025-10-01,MAPPED,MAPPED,INVALID_STRUCTURE,
sales_monthly_by_sku_branch_202607161619.csv,152351,32.L1.ACC-120120-010.01,32.L1.ACC-120120-010,079,2024-10-01,MAPPED,MAPPED,INVALID_STRUCTURE,
sales_monthly_by_sku_branch_202607161619.csv,152352,32.L1.ACC-120120-010.01,32.L1.ACC-120120-010,081,2024-05-01,MAPPED,MAPPED,INVALID_STRUCTURE,
sales_monthly_by_sku_branch_202607161619.csv,152353,32.L1.ACC-120120-010.01,32.L1.ACC-120120-010,123,2025-07-01,MAPPED,MAPPED,INVALID_STRUCTURE,
sales_monthly_by_sku_branch_202607161619.csv,152354,32.L1.ACC-120120-010.01,32.L1.ACC-120120-010,123,2025-08-01,MAPPED,MAPPED,INVALID_STRUCTURE,
sales_monthly_by_sku_branch_202607161619.csv,152355,32.L1.ACC-120120-010.01,32.L1.ACC-120120-010,123,2025-10-01,MAPPED,MAPPED,INVALID_STRUCTURE,
sales_monthly_by_sku_branch_202607161619.csv,152356,33.L1.ICO-020120-11002,33.L1.ICO-020120-11002,008,2026-02-01,MAPPED,MAPPED,INVALID_STRUCTURE,
sales_monthly_by_sku_branch_202607161619.csv,152357,33.L1.ICO-020120-11002.1,33.L1.ICO-020120-11002,000,2024-07-01,MAPPED,MAPPED,INVALID_STRUCTURE,
sales_monthly_by_sku_branch_202607161619.csv,152358,33.L1.ICO-020120-11002.1,33.L1.ICO-020120-11002,001,2024-05-01,MAPPED,MAPPED,INVALID_STRUCTURE,
sales_monthly_by_sku_branch_202607161619.csv,152359,33.L1.ICO-020120-11002.1,33.L1.ICO-020120-11002,002,2024-05-01,MAPPED,MAPPED,INVALID_STRUCTURE,
sales_monthly_by_sku_branch_202607161619.csv,152360,33.L1.ICO-020120-11002.1,33.L1.ICO-020120-11002,008,2025-05-01,MAPPED,MAPPED,INVALID_STRUCTURE,
sales_monthly_by_sku_branch_202607161619.csv,152361,33.L1.ICO-020120-11002.1,33.L1.ICO-020120-11002,008,2025-06-01,MAPPED,MAPPED,INVALID_STRUCTURE,
sales_monthly_by_sku_branch_202607161619.csv,152362,33.L1.ICO-020120-11002.1,33.L1.ICO-020120-11002,008,2025-07-01,MAPPED,MAPPED,INVALID_STRUCTURE,
sales_monthly_by_sku_branch_202607161619.csv,152363,33.L1.ICO-020120-11002.1,33.L1.ICO-020120-11002,008,2025-08-01,MAPPED,MAPPED,INVALID_STRUCTURE,
sales_monthly_by_sku_branch_202607161619.csv,152364,33.L1.ICO-020120-11002.1,33.L1.ICO-020120-11002,008,2025-09-01,MAPPED,MAPPED,INVALID_STRUCTURE,
sales_monthly_by_sku_branch_202607161619.csv,152365,33.L1.ICO-020120-11002.1,33.L1.ICO-020120-11002,008,2025-10-01,MAPPED,MAPPED,INVALID_STRUCTURE,
sales_monthly_by_sku_branch_202607161619.csv,152366,33.L1.ICO-020120-11002.1,33.L1.ICO-020120-11002,008,2026-06-01,MAPPED,MAPPED,INVALID_STRUCTURE,
sales_monthly_by_sku_branch_202607161619.csv,152367,33.L1.ICO-020120-11002.1,33.L1.ICO-020120-11002,012,2024-08-01,MAPPED,MAPPED,INVALID_STRUCTURE,
sales_monthly_by_sku_branch_202607161619.csv,152368,33.L1.ICO-020120-11002.1,33.L1.ICO-020120-11002,012,2024-09-01,MAPPED,MAPPED,INVALID_STRUCTURE,
sales_monthly_by_sku_branch_202607161619.csv,152369,33.L1.ICO-020120-11002.1,33.L1.ICO-020120-11002,015,2024-04-01,MAPPED,MAPPED,INVALID_STRUCTURE,
sales_monthly_by_sku_branch_202607161619.csv,152370,33.L1.ICO-020120-11002.1,33.L1.ICO-020120-11002,015,2024-07-01,MAPPED,MAPPED,INVALID_STRUCTURE,
sales_monthly_by_sku_branch_202607161619.csv,152371,33.L1.ICO-020120-11002.1,33.L1.ICO-020120-11002,015,2024-08-01,MAPPED,MAPPED,INVALID_STRUCTURE,
sales_monthly_by_sku_branch_202607161619.csv,152372,33.L1.ICO-020120-11002.1,33.L1.ICO-020120-11002,015,2024-11-01,MAPPED,MAPPED,INVALID_STRUCTURE,
sales_monthly_by_sku_branch_202607161619.csv,152373,33.L1.ICO-020120-11002.1,33.L1.ICO-020120-11002,015,2024-12-01,MAPPED,MAPPED,INVALID_STRUCTURE,
sales_monthly_by_sku_branch_202607161619.csv,152374,33.L1.ICO-020120-11002.1,33.L1.ICO-020120-11002,016,2024-10-01,MAPPED,MAPPED,INVALID_STRUCTURE,
sales_monthly_by_sku_branch_202607161619.csv,152375,33.L1.ICO-020120-11002.1,33.L1.ICO-020120-11002,017,2026-01-01,MAPPED,MAPPED,INVALID_STRUCTURE,
sales_monthly_by_sku_branch_202607161619.csv,152376,33.L1.ICO-020120-11002.1,33.L1.ICO-020120-11002,018,2024-08-01,MAPPED,MAPPED,INVALID_STRUCTURE,
sales_monthly_by_sku_branch_202607161619.csv,152377,33.L1.ICO-020120-11002.1,33.L1.ICO-020120-11002,018,2024-10-01,MAPPED,MAPPED,INVALID_STRUCTURE,
sales_monthly_by_sku_branch_202607161619.csv,152378,33.L1.ICO-020120-11002.1,33.L1.ICO-020120-11002,018,2024-11-01,MAPPED,MAPPED,INVALID_STRUCTURE,
sales_monthly_by_sku_branch_202607161619.csv,152379,33.L1.ICO-020120-11002.1,33.L1.ICO-020120-11002,018,2025-02-01,MAPPED,MAPPED,INVALID_STRUCTURE,
sales_monthly_by_sku_branch_202607161619.csv,152380,33.L1.ICO-020120-11002.1,33.L1.ICO-020120-11002,018,2025-12-01,MAPPED,MAPPED,INVALID_STRUCTURE,
sales_monthly_by_sku_branch_202607161619.csv,152381,33.L1.ICO-020120-11002.1,33.L1.ICO-020120-11002,018,2026-01-01,MAPPED,MAPPED,INVALID_STRUCTURE,
sales_monthly_by_sku_branch_202607161619.csv,152382,33.L1.ICO-020120-11002.1,33.L1.ICO-020120-11002,023,2024-06-01,MAPPED,MAPPED,INVALID_STRUCTURE,
sales_monthly_by_sku_branch_202607161619.csv,152383,33.L1.ICO-020120-11002.1,33.L1.ICO-020120-11002,023,2024-10-01,MAPPED,MAPPED,INVALID_STRUCTURE,
sales_monthly_by_sku_branch_202607161619.csv,152384,33.L1.ICO-020120-11002.1,33.L1.ICO-020120-11002,071,2025-07-01,MAPPED,MAPPED,INVALID_STRUCTURE,
sales_monthly_by_sku_branch_202607161619.csv,152385,33.L1.ICO-020120-11002.1,33.L1.ICO-020120-11002,071,2025-10-01,MAPPED,MAPPED,INVALID_STRUCTURE,
sales_monthly_by_sku_branch_202607161619.csv,152386,33.L1.ICO-020120-11002.1,33.L1.ICO-020120-11002,073,2024-05-01,MAPPED,MAPPED,INVALID_STRUCTURE,
sales_monthly_by_sku_branch_202607161619.csv,152387,33.L1.ICO-020120-11002.1,33.L1.ICO-020120-11002,073,2026-06-01,MAPPED,MAPPED,INVALID_STRUCTURE,
sales_monthly_by_sku_branch_202607161619.csv,152388,33.L1.ICO-020120-11002.1,33.L1.ICO-020120-11002,093,2024-07-01,MAPPED,MAPPED,INVALID_STRUCTURE,
sales_monthly_by_sku_branch_202607161619.csv,152389,33.L1.ICO-020120-11002.1,33.L1.ICO-020120-11002,123,2026-01-01,MAPPED,MAPPED,INVALID_STRUCTURE,
sales_monthly_by_sku_branch_202607161619.csv,152390,33.L1.ICO-020120-11005.1,33.L1.ICO-020120-11005,002,2024-08-01,MAPPED,MAPPED,INVALID_STRUCTURE,
sales_monthly_by_sku_branch_202607161619.csv,152391,33.L1.ICO-020120-11005.1,33.L1.ICO-020120-11005,002,2024-09-01,MAPPED,MAPPED,INVALID_STRUCTURE,
sales_monthly_by_sku_branch_202607161619.csv,152392,33.L1.ICO-020120-11005.1,33.L1.ICO-020120-11005,002,2024-11-01,MAPPED,MAPPED,INVALID_STRUCTURE,
sales_monthly_by_sku_branch_202607161619.csv,152393,33.L1.ICO-020120-11005.1,33.L1.ICO-020120-11005,008,2024-08-01,MAPPED,MAPPED,INVALID_STRUCTURE,
sales_monthly_by_sku_branch_202607161619.csv,152394,33.L1.ICO-020120-11005.1,33.L1.ICO-020120-11005,008,2024-12-01,MAPPED,MAPPED,INVALID_STRUCTURE,
sales_monthly_by_sku_branch_202607161619.csv,152395,33.L1.ICO-020120-11005.1,33.L1.ICO-020120-11005,008,2025-09-01,MAPPED,MAPPED,INVALID_STRUCTURE,
sales_monthly_by_sku_branch_202607161619.csv,152396,33.L1.ICO-020120-11005.1,33.L1.ICO-020120-11005,010,2024-07-01,MAPPED,MAPPED,INVALID_STRUCTURE,
sales_monthly_by_sku_branch_202607161619.csv,152397,33.L1.ICO-020120-11005.1,33.L1.ICO-020120-11005,010,2024-12-01,MAPPED,MAPPED,INVALID_STRUCTURE,
sales_monthly_by_sku_branch_202607161619.csv,152398,33.L1.ICO-020120-11005.1,33.L1.ICO-020120-11005,010,2025-01-01,MAPPED,MAPPED,INVALID_STRUCTURE,
sales_monthly_by_sku_branch_202607161619.csv,152399,33.L1.ICO-020120-11005.1,33.L1.ICO-020120-11005,015,2024-01-01,MAPPED,MAPPED,INVALID_STRUCTURE,
sales_monthly_by_sku_branch_202607161619.csv,152400,33.L1.ICO-020120-11005.1,33.L1.ICO-020120-11005,015,2024-04-01,MAPPED,MAPPED,INVALID_STRUCTURE,
sales_monthly_by_sku_branch_202607161619.csv,152401,33.L1.ICO-020120-11005.1,33.L1.ICO-020120-11005,015,2024-10-01,MAPPED,MAPPED,INVALID_STRUCTURE,
sales_monthly_by_sku_branch_202607161619.csv,152402,33.L1.ICO-020120-11005.1,33.L1.ICO-020120-11005,015,2025-07-01,MAPPED,MAPPED,INVALID_STRUCTURE,
sales_monthly_by_sku_branch_202607161619.csv,152403,33.L1.ICO-020120-11005.1,33.L1.ICO-020120-11005,016,2024-02-01,MAPPED,MAPPED,INVALID_STRUCTURE,
sales_monthly_by_sku_branch_202607161619.csv,152404,33.L1.ICO-020120-11005.1,33.L1.ICO-020120-11005,016,2024-07-01,MAPPED,MAPPED,INVALID_STRUCTURE,
sales_monthly_by_sku_branch_202607161619.csv,152405,33.L1.ICO-020120-11005.1,33.L1.ICO-020120-11005,016,2024-08-01,MAPPED,MAPPED,INVALID_STRUCTURE,
sales_monthly_by_sku_branch_202607161619.csv,152406,33.L1.ICO-020120-11005.1,33.L1.ICO-020120-11005,016,2024-10-01,MAPPED,MAPPED,INVALID_STRUCTURE,
sales_monthly_by_sku_branch_202607161619.csv,152407,33.L1.ICO-020120-11005.1,33.L1.ICO-020120-11005,016,2024-11-01,MAPPED,MAPPED,INVALID_STRUCTURE,
sales_monthly_by_sku_branch_202607161619.csv,152408,33.L1.ICO-020120-11005.1,33.L1.ICO-020120-11005,016,2024-12-01,MAPPED,MAPPED,INVALID_STRUCTURE,
sales_monthly_by_sku_branch_202607161619.csv,152409,33.L1.ICO-020120-11005.1,33.L1.ICO-020120-11005,016,2025-11-01,MAPPED,MAPPED,INVALID_STRUCTURE,
sales_monthly_by_sku_branch_202607161619.csv,152410,33.L1.ICO-020120-11005.1,33.L1.ICO-020120-11005,016,2025-12-01,MAPPED,MAPPED,INVALID_STRUCTURE,
sales_monthly_by_sku_branch_202607161619.csv,152411,33.L1.ICO-020120-11005.1,33.L1.ICO-020120-11005,017,2024-03-01,MAPPED,MAPPED,INVALID_STRUCTURE,
sales_monthly_by_sku_branch_202607161619.csv,152412,33.L1.ICO-020120-11005.1,33.L1.ICO-020120-11005,017,2024-04-01,MAPPED,MAPPED,INVALID_STRUCTURE,
sales_monthly_by_sku_branch_202607161619.csv,152413,33.L1.ICO-020120-11005.1,33.L1.ICO-020120-11005,017,2024-12-01,MAPPED,MAPPED,INVALID_STRUCTURE,
sales_monthly_by_sku_branch_202607161619.csv,152414,33.L1.ICO-020120-11005.1,33.L1.ICO-020120-11005,017,2025-01-01,MAPPED,MAPPED,INVALID_STRUCTURE,
sales_monthly_by_sku_branch_202607161619.csv,152415,33.L1.ICO-020120-11005.1,33.L1.ICO-020120-11005,017,2025-04-01,MAPPED,MAPPED,INVALID_STRUCTURE,
sales_monthly_by_sku_branch_202607161619.csv,152416,33.L1.ICO-020120-11005.1,33.L1.ICO-020120-11005,017,2025-10-01,MAPPED,MAPPED,INVALID_STRUCTURE,
sales_monthly_by_sku_branch_202607161619.csv,152417,33.L1.ICO-020120-11005.1,33.L1.ICO-020120-11005,017,2025-11-01,MAPPED,MAPPED,INVALID_STRUCTURE,
sales_monthly_by_sku_branch_202607161619.csv,152418,33.L1.ICO-020120-11005.1,33.L1.ICO-020120-11005,018,2024-08-01,MAPPED,MAPPED,INVALID_STRUCTURE,
sales_monthly_by_sku_branch_202607161619.csv,152419,33.L1.ICO-020120-11005.1,33.L1.ICO-020120-11005,018,2024-09-01,MAPPED,MAPPED,INVALID_STRUCTURE,
sales_monthly_by_sku_branch_202607161619.csv,152420,33.L1.ICO-020120-11005.1,33.L1.ICO-020120-11005,018,2024-10-01,MAPPED,MAPPED,INVALID_STRUCTURE,
sales_monthly_by_sku_branch_202607161619.csv,152421,33.L1.ICO-020120-11005.1,33.L1.ICO-020120-11005,018,2024-11-01,MAPPED,MAPPED,INVALID_STRUCTURE,
sales_monthly_by_sku_branch_202607161619.csv,152422,33.L1.ICO-020120-11005.1,33.L1.ICO-020120-11005,018,2024-12-01,MAPPED,MAPPED,INVALID_STRUCTURE,
sales_monthly_by_sku_branch_202607161619.csv,152423,33.L1.ICO-020120-11005.1,33.L1.ICO-020120-11005,018,2025-01-01,MAPPED,MAPPED,INVALID_STRUCTURE,
sales_monthly_by_sku_branch_202607161619.csv,152424,33.L1.ICO-020120-11005.1,33.L1.ICO-020120-11005,019,2024-01-01,MAPPED,MAPPED,INVALID_STRUCTURE,
sales_monthly_by_sku_branch_202607161619.csv,152425,33.L1.ICO-020120-11005.1,33.L1.ICO-020120-11005,019,2024-04-01,MAPPED,MAPPED,INVALID_STRUCTURE,
sales_monthly_by_sku_branch_202607161619.csv,152426,33.L1.ICO-020120-11005.1,33.L1.ICO-020120-11005,019,2024-05-01,MAPPED,MAPPED,INVALID_STRUCTURE,
sales_monthly_by_sku_branch_202607161619.csv,152427,33.L1.ICO-020120-11005.1,33.L1.ICO-020120-11005,019,2025-08-01,MAPPED,MAPPED,INVALID_STRUCTURE,
sales_monthly_by_sku_branch_202607161619.csv,152428,33.L1.ICO-020120-11005.1,33.L1.ICO-020120-11005,019,2026-06-01,MAPPED,MAPPED,INVALID_STRUCTURE,
sales_monthly_by_sku_branch_202607161619.csv,152429,33.L1.ICO-020120-11005.1,33.L1.ICO-020120-11005,023,2024-11-01,MAPPED,MAPPED,INVALID_STRUCTURE,
sales_monthly_by_sku_branch_202607161619.csv,152430,33.L1.ICO-020120-11005.1,33.L1.ICO-020120-11005,023,2025-05-01,MAPPED,MAPPED,INVALID_STRUCTURE,
sales_monthly_by_sku_branch_202607161619.csv,152431,33.L1.ICO-020120-11005.1,33.L1.ICO-020120-11005,023,2025-06-01,MAPPED,MAPPED,INVALID_STRUCTURE,
sales_monthly_by_sku_branch_202607161619.csv,152432,33.L1.ICO-020120-11005.1,33.L1.ICO-020120-11005,023,2026-01-01,MAPPED,MAPPED,INVALID_STRUCTURE,
sales_monthly_by_sku_branch_202607161619.csv,152433,33.L1.ICO-020120-11005.1,33.L1.ICO-020120-11005,063,2025-09-01,MAPPED,MAPPED,INVALID_STRUCTURE,
sales_monthly_by_sku_branch_202607161619.csv,152434,33.L1.ICO-020120-11005.1,33.L1.ICO-020120-11005,065,2026-01-01,MAPPED,MAPPED,INVALID_STRUCTURE,
sales_monthly_by_sku_branch_202607161619.csv,152435,33.L1.ICO-020120-11005.1,33.L1.ICO-020120-11005,069,2025-07-01,MAPPED,MAPPED,INVALID_STRUCTURE,
sales_monthly_by_sku_branch_202607161619.csv,152436,33.L1.ICO-020120-11005.1,33.L1.ICO-020120-11005,069,2025-08-01,MAPPED,MAPPED,INVALID_STRUCTURE,
sales_monthly_by_sku_branch_202607161619.csv,152437,33.L1.ICO-020120-11005.1,33.L1.ICO-020120-11005,071,2025-10-01,MAPPED,MAPPED,INVALID_STRUCTURE,
sales_monthly_by_sku_branch_202607161619.csv,152438,33.L1.ICO-020120-11005.1,33.L1.ICO-020120-11005,119,2025-08-01,MAPPED,MAPPED,INVALID_STRUCTURE,
sales_monthly_by_sku_branch_202607161619.csv,152439,33.L1.ICO-020120-11005.1,33.L1.ICO-020120-11005,119,2025-09-01,MAPPED,MAPPED,INVALID_STRUCTURE,
sales_monthly_by_sku_branch_202607161619.csv,152440,33.L1.ICO-020120-13001.1,33.L1.ICO-020120-13001,000,2024-07-01,MAPPED,MAPPED,INVALID_STRUCTURE,
sales_monthly_by_sku_branch_202607161619.csv,152441,33.L1.ICO-020120-13001.1,33.L1.ICO-020120-13001,000,2025-07-01,MAPPED,MAPPED,INVALID_STRUCTURE,
sales_monthly_by_sku_branch_202607161619.csv,152442,33.L1.ICO-020120-13001.1,33.L1.ICO-020120-13001,000,2025-08-01,MAPPED,MAPPED,INVALID_STRUCTURE,
sales_monthly_by_sku_branch_202607161619.csv,152443,33.L1.ICO-020120-13001.1,33.L1.ICO-020120-13001,000,2025-09-01,MAPPED,MAPPED,INVALID_STRUCTURE,
sales_monthly_by_sku_branch_202607161619.csv,152444,33.L1.ICO-020120-13001.1,33.L1.ICO-020120-13001,002,2024-01-01,MAPPED,MAPPED,INVALID_STRUCTURE,
sales_monthly_by_sku_branch_202607161619.csv,152445,33.L1.ICO-020120-13001.1,33.L1.ICO-020120-13001,008,2024-03-01,MAPPED,MAPPED,INVALID_STRUCTURE,
sales_monthly_by_sku_branch_202607161619.csv,152446,33.L1.ICO-020120-13001.1,33.L1.ICO-020120-13001,008,2024-11-01,MAPPED,MAPPED,INVALID_STRUCTURE,
sales_monthly_by_sku_branch_202607161619.csv,152447,33.L1.ICO-020120-13001.1,33.L1.ICO-020120-13001,008,2024-12-01,MAPPED,MAPPED,INVALID_STRUCTURE,
sales_monthly_by_sku_branch_202607161619.csv,152448,33.L1.ICO-020120-13001.1,33.L1.ICO-020120-13001,008,2025-04-01,MAPPED,MAPPED,INVALID_STRUCTURE,
sales_monthly_by_sku_branch_202607161619.csv,152449,33.L1.ICO-020120-13001.1,33.L1.ICO-020120-13001,008,2025-05-01,MAPPED,MAPPED,INVALID_STRUCTURE,
sales_monthly_by_sku_branch_202607161619.csv,152450,33.L1.ICO-020120-13001.1,33.L1.ICO-020120-13001,008,2025-06-01,MAPPED,MAPPED,INVALID_STRUCTURE,
sales_monthly_by_sku_branch_202607161619.csv,152451,33.L1.ICO-020120-13001.1,33.L1.ICO-020120-13001,008,2025-07-01,MAPPED,MAPPED,INVALID_STRUCTURE,
sales_monthly_by_sku_branch_202607161619.csv,152452,33.L1.ICO-020120-13001.1,33.L1.ICO-020120-13001,008,2025-11-01,MAPPED,MAPPED,INVALID_STRUCTURE,
sales_monthly_by_sku_branch_202607161619.csv,152453,33.L1.ICO-020120-13001.1,33.L1.ICO-020120-13001,008,2025-12-01,MAPPED,MAPPED,INVALID_STRUCTURE,
sales_monthly_by_sku_branch_202607161619.csv,152454,33.L1.ICO-020120-13001.1,33.L1.ICO-020120-13001,008,2026-01-01,MAPPED,MAPPED,INVALID_STRUCTURE,
sales_monthly_by_sku_branch_202607161619.csv,152455,33.L1.ICO-020120-13001.1,33.L1.ICO-020120-13001,010,2025-08-01,MAPPED,MAPPED,INVALID_STRUCTURE,
sales_monthly_by_sku_branch_202607161619.csv,152456,33.L1.ICO-020120-13001.1,33.L1.ICO-020120-13001,011,2024-03-01,MAPPED,MAPPED,INVALID_STRUCTURE,
sales_monthly_by_sku_branch_202607161619.csv,152457,33.L1.ICO-020120-13001.1,33.L1.ICO-020120-13001,011,2024-08-01,MAPPED,MAPPED,INVALID_STRUCTURE,
sales_monthly_by_sku_branch_202607161619.csv,152458,33.L1.ICO-020120-13001.1,33.L1.ICO-020120-13001,012,2025-06-01,MAPPED,MAPPED,INVALID_STRUCTURE,
sales_monthly_by_sku_branch_202607161619.csv,152459,33.L1.ICO-020120-13001.1,33.L1.ICO-020120-13001,015,2025-01-01,MAPPED,MAPPED,INVALID_STRUCTURE,
sales_monthly_by_sku_branch_202607161619.csv,152460,33.L1.ICO-020120-13001.1,33.L1.ICO-020120-13001,015,2025-02-01,MAPPED,MAPPED,INVALID_STRUCTURE,
sales_monthly_by_sku_branch_202607161619.csv,152461,33.L1.ICO-020120-13001.1,33.L1.ICO-020120-13001,015,2025-07-01,MAPPED,MAPPED,INVALID_STRUCTURE,
sales_monthly_by_sku_branch_202607161619.csv,152462,33.L1.ICO-020120-13001.1,33.L1.ICO-020120-13001,015,2025-08-01,MAPPED,MAPPED,INVALID_STRUCTURE,
sales_monthly_by_sku_branch_202607161619.csv,152463,33.L1.ICO-020120-13001.1,33.L1.ICO-020120-13001,015,2025-09-01,MAPPED,MAPPED,INVALID_STRUCTURE,
sales_monthly_by_sku_branch_202607161619.csv,152464,33.L1.ICO-020120-13001.1,33.L1.ICO-020120-13001,015,2025-10-01,MAPPED,MAPPED,INVALID_STRUCTURE,
sales_monthly_by_sku_branch_202607161619.csv,152465,33.L1.ICO-020120-13001.1,33.L1.ICO-020120-13001,015,2025-11-01,MAPPED,MAPPED,INVALID_STRUCTURE,
sales_monthly_by_sku_branch_202607161619.csv,152466,33.L1.ICO-020120-13001.1,33.L1.ICO-020120-13001,016,2024-10-01,MAPPED,MAPPED,INVALID_STRUCTURE,
sales_monthly_by_sku_branch_202607161619.csv,152467,33.L1.ICO-020120-13001.1,33.L1.ICO-020120-13001,016,2024-11-01,MAPPED,MAPPED,INVALID_STRUCTURE,
sales_monthly_by_sku_branch_202607161619.csv,152468,33.L1.ICO-020120-13001.1,33.L1.ICO-020120-13001,016,2025-07-01,MAPPED,MAPPED,INVALID_STRUCTURE,
sales_monthly_by_sku_branch_202607161619.csv,152469,33.L1.ICO-020120-13001.1,33.L1.ICO-020120-13001,016,2025-08-01,MAPPED,MAPPED,INVALID_STRUCTURE,
sales_monthly_by_sku_branch_202607161619.csv,152470,33.L1.ICO-020120-13001.1,33.L1.ICO-020120-13001,016,2025-09-01,MAPPED,MAPPED,INVALID_STRUCTURE,
sales_monthly_by_sku_branch_202607161619.csv,152471,33.L1.ICO-020120-13001.1,33.L1.ICO-020120-13001,017,2024-05-01,MAPPED,MAPPED,INVALID_STRUCTURE,
sales_monthly_by_sku_branch_202607161619.csv,152472,33.L1.ICO-020120-13001.1,33.L1.ICO-020120-13001,017,2024-07-01,MAPPED,MAPPED,INVALID_STRUCTURE,
sales_monthly_by_sku_branch_202607161619.csv,152473,33.L1.ICO-020120-13001.1,33.L1.ICO-020120-13001,017,2024-08-01,MAPPED,MAPPED,INVALID_STRUCTURE,
sales_monthly_by_sku_branch_202607161619.csv,152474,33.L1.ICO-020120-13001.1,33.L1.ICO-020120-13001,017,2024-11-01,MAPPED,MAPPED,INVALID_STRUCTURE,
sales_monthly_by_sku_branch_202607161619.csv,152475,33.L1.ICO-020120-13001.1,33.L1.ICO-020120-13001,017,2025-02-01,MAPPED,MAPPED,INVALID_STRUCTURE,
sales_monthly_by_sku_branch_202607161619.csv,152476,33.L1.ICO-020120-13001.1,33.L1.ICO-020120-13001,017,2025-03-01,MAPPED,MAPPED,INVALID_STRUCTURE,
sales_monthly_by_sku_branch_202607161619.csv,152477,33.L1.ICO-020120-13001.1,33.L1.ICO-020120-13001,018,2024-11-01,MAPPED,MAPPED,INVALID_STRUCTURE,
sales_monthly_by_sku_branch_202607161619.csv,152478,33.L1.ICO-020120-13001.1,33.L1.ICO-020120-13001,018,2025-12-01,MAPPED,MAPPED,INVALID_STRUCTURE,
sales_monthly_by_sku_branch_202607161619.csv,152479,33.L1.ICO-020120-13001.1,33.L1.ICO-020120-13001,018,2026-01-01,MAPPED,MAPPED,INVALID_STRUCTURE,
sales_monthly_by_sku_branch_202607161619.csv,152480,33.L1.ICO-020120-13001.1,33.L1.ICO-020120-13001,019,2025-07-01,MAPPED,MAPPED,INVALID_STRUCTURE,
sales_monthly_by_sku_branch_202607161619.csv,152481,33.L1.ICO-020120-13001.1,33.L1.ICO-020120-13001,019,2025-10-01,MAPPED,MAPPED,INVALID_STRUCTURE,
sales_monthly_by_sku_branch_202607161619.csv,152482,33.L1.ICO-020120-13001.1,33.L1.ICO-020120-13001,023,2024-04-01,MAPPED,MAPPED,INVALID_STRUCTURE,
sales_monthly_by_sku_branch_202607161619.csv,152483,33.L1.ICO-020120-13001.1,33.L1.ICO-020120-13001,023,2024-12-01,MAPPED,MAPPED,INVALID_STRUCTURE,
sales_monthly_by_sku_branch_202607161619.csv,152484,33.L1.ICO-020120-13001.1,33.L1.ICO-020120-13001,023,2025-03-01,MAPPED,MAPPED,INVALID_STRUCTURE,
sales_monthly_by_sku_branch_202607161619.csv,152485,33.L1.ICO-020120-13001.1,33.L1.ICO-020120-13001,023,2025-04-01,MAPPED,MAPPED,INVALID_STRUCTURE,
sales_monthly_by_sku_branch_202607161619.csv,152486,33.L1.ICO-020120-13001.1,33.L1.ICO-020120-13001,023,2025-05-01,MAPPED,MAPPED,INVALID_STRUCTURE,
sales_monthly_by_sku_branch_202607161619.csv,152487,33.L1.ICO-020120-13001.1,33.L1.ICO-020120-13001,023,2025-09-01,MAPPED,MAPPED,INVALID_STRUCTURE,
sales_monthly_by_sku_branch_202607161619.csv,152488,33.L1.ICO-020120-13001.1,33.L1.ICO-020120-13001,023,2026-02-01,MAPPED,MAPPED,INVALID_STRUCTURE,
sales_monthly_by_sku_branch_202607161619.csv,152489,33.L1.ICO-020120-13001.1,33.L1.ICO-020120-13001,071,2025-07-01,MAPPED,MAPPED,INVALID_STRUCTURE,
sales_monthly_by_sku_branch_202607161619.csv,152490,33.L1.ICO-020120-13001.1,33.L1.ICO-020120-13001,071,2025-08-01,MAPPED,MAPPED,INVALID_STRUCTURE,
sales_monthly_by_sku_branch_202607161619.csv,152491,33.L1.ICO-020120-13001.1,33.L1.ICO-020120-13001,071,2025-10-01,MAPPED,MAPPED,INVALID_STRUCTURE,
sales_monthly_by_sku_branch_202607161619.csv,152492,33.L1.ICO-020120-13001.1,33.L1.ICO-020120-13001,073,2025-02-01,MAPPED,MAPPED,INVALID_STRUCTURE,
sales_monthly_by_sku_branch_202607161619.csv,152493,33.L1.ICO-020120-13001.1,33.L1.ICO-020120-13001,073,2025-03-01,MAPPED,MAPPED,INVALID_STRUCTURE,
sales_monthly_by_sku_branch_202607161619.csv,152494,33.L1.ICO-020120-13001.1,33.L1.ICO-020120-13001,073,2025-06-01,MAPPED,MAPPED,INVALID_STRUCTURE,
sales_monthly_by_sku_branch_202607161619.csv,152495,33.L1.ICO-020120-13001.1,33.L1.ICO-020120-13001,073,2025-09-01,MAPPED,MAPPED,INVALID_STRUCTURE,
sales_monthly_by_sku_branch_202607161619.csv,152496,33.L1.ICO-020120-13001.1,33.L1.ICO-020120-13001,073,2025-10-01,MAPPED,MAPPED,INVALID_STRUCTURE,
sales_monthly_by_sku_branch_202607161619.csv,152497,33.L1.ICO-020120-13001.1,33.L1.ICO-020120-13001,076,2025-08-01,MAPPED,MAPPED,INVALID_STRUCTURE,
sales_monthly_by_sku_branch_202607161619.csv,152498,33.L1.ICO-020120-13001.1,33.L1.ICO-020120-13001,076,2025-09-01,MAPPED,MAPPED,INVALID_STRUCTURE,
sales_monthly_by_sku_branch_202607161619.csv,152499,33.L1.ICO-020120-13001.1,33.L1.ICO-020120-13001,093,2024-07-01,MAPPED,MAPPED,INVALID_STRUCTURE,
sales_monthly_by_sku_branch_202607161619.csv,152500,33.L1.ICO-020120-13001.1,33.L1.ICO-020120-13001,116,2025-03-01,MAPPED,MAPPED,INVALID_STRUCTURE,
sales_monthly_by_sku_branch_202607161619.csv,152501,33.L1.ICO-020120-13001.1,33.L1.ICO-020120-13001,116,2025-04-01,MAPPED,MAPPED,INVALID_STRUCTURE,
sales_monthly_by_sku_branch_202607161619.csv,152502,33.L1.ICO-020120-13001.1,33.L1.ICO-020120-13001,116,2025-10-01,MAPPED,MAPPED,INVALID_STRUCTURE,
sales_monthly_by_sku_branch_202607161619.csv,152503,33.L1.ICO-020120-13001.1,33.L1.ICO-020120-13001,119,2025-10-01,MAPPED,MAPPED,INVALID_STRUCTURE,
sales_monthly_by_sku_branch_202607161619.csv,152504,33.L1.ICO-020120-13001.1,33.L1.ICO-020120-13001,119,2025-11-01,MAPPED,MAPPED,INVALID_STRUCTURE,
sales_monthly_by_sku_branch_202607161619.csv,152505,33.L1.ICO-020120-13001.1,33.L1.ICO-020120-13001,123,2025-07-01,MAPPED,MAPPED,INVALID_STRUCTURE,
sales_monthly_by_sku_branch_202607161619.csv,152506,33.L1.ICO-020120-13003.1,33.L1.ICO-020120-13003,000,2024-07-01,MAPPED,MAPPED,INVALID_STRUCTURE,
sales_monthly_by_sku_branch_202607161619.csv,152507,33.L1.ICO-020120-13003.1,33.L1.ICO-020120-13003,000,2025-08-01,MAPPED,MAPPED,INVALID_STRUCTURE,
sales_monthly_by_sku_branch_202607161619.csv,152508,33.L1.ICO-020120-13003.1,33.L1.ICO-020120-13003,002,2024-08-01,MAPPED,MAPPED,INVALID_STRUCTURE,
sales_monthly_by_sku_branch_202607161619.csv,152509,33.L1.ICO-020120-13003.1,33.L1.ICO-020120-13003,002,2024-09-01,MAPPED,MAPPED,INVALID_STRUCTURE,
sales_monthly_by_sku_branch_202607161619.csv,152510,33.L1.ICO-020120-13003.1,33.L1.ICO-020120-13003,002,2024-10-01,MAPPED,MAPPED,INVALID_STRUCTURE,
sales_monthly_by_sku_branch_202607161619.csv,152511,33.L1.ICO-020120-13003.1,33.L1.ICO-020120-13003,002,2025-04-01,MAPPED,MAPPED,INVALID_STRUCTURE,
sales_monthly_by_sku_branch_202607161619.csv,152512,33.L1.ICO-020120-13003.1,33.L1.ICO-020120-13003,002,2025-05-01,MAPPED,MAPPED,INVALID_STRUCTURE,
sales_monthly_by_sku_branch_202607161619.csv,152513,33.L1.ICO-020120-13003.1,33.L1.ICO-020120-13003,002,2025-06-01,MAPPED,MAPPED,INVALID_STRUCTURE,
sales_monthly_by_sku_branch_202607161619.csv,152514,33.L1.ICO-020120-13003.1,33.L1.ICO-020120-13003,002,2026-05-01,MAPPED,MAPPED,INVALID_STRUCTURE,
sales_monthly_by_sku_branch_202607161619.csv,152515,33.L1.ICO-020120-13003.1,33.L1.ICO-020120-13003,008,2024-11-01,MAPPED,MAPPED,INVALID_STRUCTURE,
sales_monthly_by_sku_branch_202607161619.csv,152516,33.L1.ICO-020120-13003.1,33.L1.ICO-020120-13003,008,2024-12-01,MAPPED,MAPPED,INVALID_STRUCTURE,
sales_monthly_by_sku_branch_202607161619.csv,152517,33.L1.ICO-020120-13003.1,33.L1.ICO-020120-13003,008,2025-03-01,MAPPED,MAPPED,INVALID_STRUCTURE,
sales_monthly_by_sku_branch_202607161619.csv,152518,33.L1.ICO-020120-13003.1,33.L1.ICO-020120-13003,008,2025-04-01,MAPPED,MAPPED,INVALID_STRUCTURE,
sales_monthly_by_sku_branch_202607161619.csv,152519,33.L1.ICO-020120-13003.1,33.L1.ICO-020120-13003,008,2025-06-01,MAPPED,MAPPED,INVALID_STRUCTURE,
sales_monthly_by_sku_branch_202607161619.csv,152520,33.L1.ICO-020120-13003.1,33.L1.ICO-020120-13003,010,2024-06-01,MAPPED,MAPPED,INVALID_STRUCTURE,
sales_monthly_by_sku_branch_202607161619.csv,152521,33.L1.ICO-020120-13003.1,33.L1.ICO-020120-13003,010,2024-09-01,MAPPED,MAPPED,INVALID_STRUCTURE,
sales_monthly_by_sku_branch_202607161619.csv,152522,33.L1.ICO-020120-13003.1,33.L1.ICO-020120-13003,010,2024-10-01,MAPPED,MAPPED,INVALID_STRUCTURE,
sales_monthly_by_sku_branch_202607161619.csv,152523,33.L1.ICO-020120-13003.1,33.L1.ICO-020120-13003,010,2024-11-01,MAPPED,MAPPED,INVALID_STRUCTURE,
sales_monthly_by_sku_branch_202607161619.csv,152524,33.L1.ICO-020120-13003.1,33.L1.ICO-020120-13003,015,2024-01-01,MAPPED,MAPPED,INVALID_STRUCTURE,
sales_monthly_by_sku_branch_202607161619.csv,152525,33.L1.ICO-020120-13003.1,33.L1.ICO-020120-13003,015,2024-07-01,MAPPED,MAPPED,INVALID_STRUCTURE,
sales_monthly_by_sku_branch_202607161619.csv,152526,33.L1.ICO-020120-13003.1,33.L1.ICO-020120-13003,015,2024-08-01,MAPPED,MAPPED,INVALID_STRUCTURE,
sales_monthly_by_sku_branch_202607161619.csv,152527,33.L1.ICO-020120-13003.1,33.L1.ICO-020120-13003,015,2024-10-01,MAPPED,MAPPED,INVALID_STRUCTURE,
sales_monthly_by_sku_branch_202607161619.csv,152528,33.L1.ICO-020120-13003.1,33.L1.ICO-020120-13003,015,2024-11-01,MAPPED,MAPPED,INVALID_STRUCTURE,
sales_monthly_by_sku_branch_202607161619.csv,152529,33.L1.ICO-020120-13003.1,33.L1.ICO-020120-13003,015,2024-12-01,MAPPED,MAPPED,INVALID_STRUCTURE,
sales_monthly_by_sku_branch_202607161619.csv,152530,33.L1.ICO-020120-13003.1,33.L1.ICO-020120-13003,015,2025-03-01,MAPPED,MAPPED,INVALID_STRUCTURE,
sales_monthly_by_sku_branch_202607161619.csv,152531,33.L1.ICO-020120-13003.1,33.L1.ICO-020120-13003,015,2025-04-01,MAPPED,MAPPED,INVALID_STRUCTURE,
sales_monthly_by_sku_branch_202607161619.csv,152532,33.L1.ICO-020120-13003.1,33.L1.ICO-020120-13003,015,2025-07-01,MAPPED,MAPPED,INVALID_STRUCTURE,
sales_monthly_by_sku_branch_202607161619.csv,152533,33.L1.ICO-020120-13003.1,33.L1.ICO-020120-13003,015,2025-08-01,MAPPED,MAPPED,INVALID_STRUCTURE,
sales_monthly_by_sku_branch_202607161619.csv,152534,33.L1.ICO-020120-13003.1,33.L1.ICO-020120-13003,016,2024-01-01,MAPPED,MAPPED,INVALID_STRUCTURE,
sales_monthly_by_sku_branch_202607161619.csv,152535,33.L1.ICO-020120-13003.1,33.L1.ICO-020120-13003,016,2024-03-01,MAPPED,MAPPED,INVALID_STRUCTURE,
sales_monthly_by_sku_branch_202607161619.csv,152536,33.L1.ICO-020120-13003.1,33.L1.ICO-020120-13003,016,2024-10-01,MAPPED,MAPPED,INVALID_STRUCTURE,
sales_monthly_by_sku_branch_202607161619.csv,152537,33.L1.ICO-020120-13003.1,33.L1.ICO-020120-13003,016,2025-07-01,MAPPED,MAPPED,INVALID_STRUCTURE,
sales_monthly_by_sku_branch_202607161619.csv,152538,33.L1.ICO-020120-13003.1,33.L1.ICO-020120-13003,016,2025-08-01,MAPPED,MAPPED,INVALID_STRUCTURE,
sales_monthly_by_sku_branch_202607161619.csv,152539,33.L1.ICO-020120-13003.1,33.L1.ICO-020120-13003,016,2025-09-01,MAPPED,MAPPED,INVALID_STRUCTURE,
sales_monthly_by_sku_branch_202607161619.csv,152540,33.L1.ICO-020120-13003.1,33.L1.ICO-020120-13003,017,2024-11-01,MAPPED,MAPPED,INVALID_STRUCTURE,
sales_monthly_by_sku_branch_202607161619.csv,152541,33.L1.ICO-020120-13003.1,33.L1.ICO-020120-13003,017,2024-12-01,MAPPED,MAPPED,INVALID_STRUCTURE,
sales_monthly_by_sku_branch_202607161619.csv,152542,33.L1.ICO-020120-13003.1,33.L1.ICO-020120-13003,017,2025-07-01,MAPPED,MAPPED,INVALID_STRUCTURE,
sales_monthly_by_sku_branch_202607161619.csv,152543,33.L1.ICO-020120-13003.1,33.L1.ICO-020120-13003,017,2025-08-01,MAPPED,MAPPED,INVALID_STRUCTURE,
sales_monthly_by_sku_branch_202607161619.csv,152544,33.L1.ICO-020120-13003.1,33.L1.ICO-020120-13003,017,2025-09-01,MAPPED,MAPPED,INVALID_STRUCTURE,
sales_monthly_by_sku_branch_202607161619.csv,152545,33.L1.ICO-020120-13003.1,33.L1.ICO-020120-13003,017,2025-10-01,MAPPED,MAPPED,INVALID_STRUCTURE,
sales_monthly_by_sku_branch_202607161619.csv,152546,33.L1.ICO-020120-13003.1,33.L1.ICO-020120-13003,018,2024-08-01,MAPPED,MAPPED,INVALID_STRUCTURE,
sales_monthly_by_sku_branch_202607161619.csv,152547,33.L1.ICO-020120-13003.1,33.L1.ICO-020120-13003,018,2024-10-01,MAPPED,MAPPED,INVALID_STRUCTURE,
sales_monthly_by_sku_branch_202607161619.csv,152548,33.L1.ICO-020120-13003.1,33.L1.ICO-020120-13003,018,2024-11-01,MAPPED,MAPPED,INVALID_STRUCTURE,
sales_monthly_by_sku_branch_202607161619.csv,152549,33.L1.ICO-020120-13003.1,33.L1.ICO-020120-13003,018,2025-02-01,MAPPED,MAPPED,INVALID_STRUCTURE,
sales_monthly_by_sku_branch_202607161619.csv,152550,33.L1.ICO-020120-13003.1,33.L1.ICO-020120-13003,019,2024-07-01,MAPPED,MAPPED,INVALID_STRUCTURE,
sales_monthly_by_sku_branch_202607161619.csv,152551,33.L1.ICO-020120-13003.1,33.L1.ICO-020120-13003,019,2025-07-01,MAPPED,MAPPED,INVALID_STRUCTURE,
sales_monthly_by_sku_branch_202607161619.csv,152552,33.L1.ICO-020120-13003.1,33.L1.ICO-020120-13003,023,2024-01-01,MAPPED,MAPPED,INVALID_STRUCTURE,
sales_monthly_by_sku_branch_202607161619.csv,152553,33.L1.ICO-020120-13003.1,33.L1.ICO-020120-13003,023,2024-10-01,MAPPED,MAPPED,INVALID_STRUCTURE,
sales_monthly_by_sku_branch_202607161619.csv,152554,33.L1.ICO-020120-13003.1,33.L1.ICO-020120-13003,023,2025-04-01,MAPPED,MAPPED,INVALID_STRUCTURE,
sales_monthly_by_sku_branch_202607161619.csv,152555,33.L1.ICO-020120-13003.1,33.L1.ICO-020120-13003,023,2025-08-01,MAPPED,MAPPED,INVALID_STRUCTURE,
sales_monthly_by_sku_branch_202607161619.csv,152556,33.L1.ICO-020120-13003.1,33.L1.ICO-020120-13003,023,2025-12-01,MAPPED,MAPPED,INVALID_STRUCTURE,
sales_monthly_by_sku_branch_202607161619.csv,152557,33.L1.ICO-020120-13003.1,33.L1.ICO-020120-13003,024,2024-11-01,MAPPED,MAPPED,INVALID_STRUCTURE,
sales_monthly_by_sku_branch_202607161619.csv,152558,33.L1.ICO-020120-13003.1,33.L1.ICO-020120-13003,024,2024-12-01,MAPPED,MAPPED,INVALID_STRUCTURE,
sales_monthly_by_sku_branch_202607161619.csv,152559,33.L1.ICO-020120-13003.1,33.L1.ICO-020120-13003,069,2025-07-01,MAPPED,MAPPED,INVALID_STRUCTURE,
sales_monthly_by_sku_branch_202607161619.csv,152560,33.L1.ICO-020120-13003.1,33.L1.ICO-020120-13003,069,2025-08-01,MAPPED,MAPPED,INVALID_STRUCTURE,
sales_monthly_by_sku_branch_202607161619.csv,152561,33.L1.ICO-020120-13003.1,33.L1.ICO-020120-13003,071,2025-07-01,MAPPED,MAPPED,INVALID_STRUCTURE,
sales_monthly_by_sku_branch_202607161619.csv,152562,33.L1.ICO-020120-13003.1,33.L1.ICO-020120-13003,071,2025-08-01,MAPPED,MAPPED,INVALID_STRUCTURE,
sales_monthly_by_sku_branch_202607161619.csv,152563,33.L1.ICO-020120-13003.1,33.L1.ICO-020120-13003,071,2025-09-01,MAPPED,MAPPED,INVALID_STRUCTURE,
sales_monthly_by_sku_branch_202607161619.csv,152564,33.L1.ICO-020120-13003.1,33.L1.ICO-020120-13003,071,2025-10-01,MAPPED,MAPPED,INVALID_STRUCTURE,
sales_monthly_by_sku_branch_202607161619.csv,152565,33.L1.ICO-020120-13003.1,33.L1.ICO-020120-13003,071,2025-11-01,MAPPED,MAPPED,INVALID_STRUCTURE,
sales_monthly_by_sku_branch_202607161619.csv,152566,33.L1.ICO-020120-13003.1,33.L1.ICO-020120-13003,076,2025-08-01,MAPPED,MAPPED,INVALID_STRUCTURE,
sales_monthly_by_sku_branch_202607161619.csv,152567,33.L1.ICO-020120-13003.1,33.L1.ICO-020120-13003,093,2024-07-01,MAPPED,MAPPED,INVALID_STRUCTURE,
sales_monthly_by_sku_branch_202607161619.csv,152568,33.L1.ICO-020120-13003.1,33.L1.ICO-020120-13003,123,2025-05-01,MAPPED,MAPPED,INVALID_STRUCTURE,
sales_monthly_by_sku_branch_202607161619.csv,152569,33.L1.ICO-020120-13004.1,33.L1.ICO-020120-13004,000,2024-07-01,MAPPED,MAPPED,INVALID_STRUCTURE,
sales_monthly_by_sku_branch_202607161619.csv,152570,33.L1.ICO-020120-13004.1,33.L1.ICO-020120-13004,000,2025-08-01,MAPPED,MAPPED,INVALID_STRUCTURE,
sales_monthly_by_sku_branch_202607161619.csv,152571,33.L1.ICO-020120-13004.1,33.L1.ICO-020120-13004,002,2024-01-01,MAPPED,MAPPED,INVALID_STRUCTURE,
sales_monthly_by_sku_branch_202607161619.csv,152572,33.L1.ICO-020120-13004.1,33.L1.ICO-020120-13004,008,2025-06-01,MAPPED,MAPPED,INVALID_STRUCTURE,
sales_monthly_by_sku_branch_202607161619.csv,152573,33.L1.ICO-020120-13004.1,33.L1.ICO-020120-13004,008,2025-07-01,MAPPED,MAPPED,INVALID_STRUCTURE,
sales_monthly_by_sku_branch_202607161619.csv,152574,33.L1.ICO-020120-13004.1,33.L1.ICO-020120-13004,008,2025-08-01,MAPPED,MAPPED,INVALID_STRUCTURE,
sales_monthly_by_sku_branch_202607161619.csv,152575,33.L1.ICO-020120-13004.1,33.L1.ICO-020120-13004,008,2025-09-01,MAPPED,MAPPED,INVALID_STRUCTURE,
sales_monthly_by_sku_branch_202607161619.csv,152576,33.L1.ICO-020120-13004.1,33.L1.ICO-020120-13004,010,2025-09-01,MAPPED,MAPPED,INVALID_STRUCTURE,
sales_monthly_by_sku_branch_202607161619.csv,152577,33.L1.ICO-020120-13004.1,33.L1.ICO-020120-13004,012,2024-04-01,MAPPED,MAPPED,INVALID_STRUCTURE,
sales_monthly_by_sku_branch_202607161619.csv,152578,33.L1.ICO-020120-13004.1,33.L1.ICO-020120-13004,012,2024-05-01,MAPPED,MAPPED,INVALID_STRUCTURE,
sales_monthly_by_sku_branch_202607161619.csv,152579,33.L1.ICO-020120-13004.1,33.L1.ICO-020120-13004,012,2024-06-01,MAPPED,MAPPED,INVALID_STRUCTURE,
sales_monthly_by_sku_branch_202607161619.csv,152580,33.L1.ICO-020120-13004.1,33.L1.ICO-020120-13004,012,2025-06-01,MAPPED,MAPPED,INVALID_STRUCTURE,
sales_monthly_by_sku_branch_202607161619.csv,152581,33.L1.ICO-020120-13004.1,33.L1.ICO-020120-13004,015,2024-01-01,MAPPED,MAPPED,INVALID_STRUCTURE,
sales_monthly_by_sku_branch_202607161619.csv,152582,33.L1.ICO-020120-13004.1,33.L1.ICO-020120-13004,015,2024-02-01,MAPPED,MAPPED,INVALID_STRUCTURE,
sales_monthly_by_sku_branch_202607161619.csv,152583,33.L1.ICO-020120-13004.1,33.L1.ICO-020120-13004,015,2024-04-01,MAPPED,MAPPED,INVALID_STRUCTURE,
sales_monthly_by_sku_branch_202607161619.csv,152584,33.L1.ICO-020120-13004.1,33.L1.ICO-020120-13004,015,2024-06-01,MAPPED,MAPPED,INVALID_STRUCTURE,
sales_monthly_by_sku_branch_202607161619.csv,152585,33.L1.ICO-020120-13004.1,33.L1.ICO-020120-13004,015,2024-07-01,MAPPED,MAPPED,INVALID_STRUCTURE,
sales_monthly_by_sku_branch_202607161619.csv,152586,33.L1.ICO-020120-13004.1,33.L1.ICO-020120-13004,015,2024-08-01,MAPPED,MAPPED,INVALID_STRUCTURE,
sales_monthly_by_sku_branch_202607161619.csv,152587,33.L1.ICO-020120-13004.1,33.L1.ICO-020120-13004,015,2024-10-01,MAPPED,MAPPED,INVALID_STRUCTURE,
sales_monthly_by_sku_branch_202607161619.csv,152588,33.L1.ICO-020120-13004.1,33.L1.ICO-020120-13004,015,2024-11-01,MAPPED,MAPPED,INVALID_STRUCTURE,
sales_monthly_by_sku_branch_202607161619.csv,152589,33.L1.ICO-020120-13004.1,33.L1.ICO-020120-13004,015,2024-12-01,MAPPED,MAPPED,INVALID_STRUCTURE,
sales_monthly_by_sku_branch_202607161619.csv,152590,33.L1.ICO-020120-13004.1,33.L1.ICO-020120-13004,015,2025-01-01,MAPPED,MAPPED,INVALID_STRUCTURE,
sales_monthly_by_sku_branch_202607161619.csv,152591,33.L1.ICO-020120-13004.1,33.L1.ICO-020120-13004,015,2025-02-01,MAPPED,MAPPED,INVALID_STRUCTURE,
sales_monthly_by_sku_branch_202607161619.csv,152592,33.L1.ICO-020120-13004.1,33.L1.ICO-020120-13004,015,2025-03-01,MAPPED,MAPPED,INVALID_STRUCTURE,
sales_monthly_by_sku_branch_202607161619.csv,152593,33.L1.ICO-020120-13004.1,33.L1.ICO-020120-13004,015,2025-06-01,MAPPED,MAPPED,INVALID_STRUCTURE,
sales_monthly_by_sku_branch_202607161619.csv,152594,33.L1.ICO-020120-13004.1,33.L1.ICO-020120-13004,015,2025-07-01,MAPPED,MAPPED,INVALID_STRUCTURE,
sales_monthly_by_sku_branch_202607161619.csv,152595,33.L1.ICO-020120-13004.1,33.L1.ICO-020120-13004,016,2024-01-01,MAPPED,MAPPED,INVALID_STRUCTURE,
sales_monthly_by_sku_branch_202607161619.csv,152596,33.L1.ICO-020120-13004.1,33.L1.ICO-020120-13004,016,2024-10-01,MAPPED,MAPPED,INVALID_STRUCTURE,
sales_monthly_by_sku_branch_202607161619.csv,152597,33.L1.ICO-020120-13004.1,33.L1.ICO-020120-13004,016,2024-11-01,MAPPED,MAPPED,INVALID_STRUCTURE,
sales_monthly_by_sku_branch_202607161619.csv,152598,33.L1.ICO-020120-13004.1,33.L1.ICO-020120-13004,016,2024-12-01,MAPPED,MAPPED,INVALID_STRUCTURE,
sales_monthly_by_sku_branch_202607161619.csv,152599,33.L1.ICO-020120-13004.1,33.L1.ICO-020120-13004,016,2025-11-01,MAPPED,MAPPED,INVALID_STRUCTURE,
sales_monthly_by_sku_branch_202607161619.csv,152600,33.L1.ICO-020120-13004.1,33.L1.ICO-020120-13004,017,2024-11-01,MAPPED,MAPPED,INVALID_STRUCTURE,
sales_monthly_by_sku_branch_202607161619.csv,152601,33.L1.ICO-020120-13004.1,33.L1.ICO-020120-13004,017,2024-12-01,MAPPED,MAPPED,INVALID_STRUCTURE,
sales_monthly_by_sku_branch_202607161619.csv,152602,33.L1.ICO-020120-13004.1,33.L1.ICO-020120-13004,017,2025-01-01,MAPPED,MAPPED,INVALID_STRUCTURE,
sales_monthly_by_sku_branch_202607161619.csv,152603,33.L1.ICO-020120-13004.1,33.L1.ICO-020120-13004,017,2025-05-01,MAPPED,MAPPED,INVALID_STRUCTURE,
sales_monthly_by_sku_branch_202607161619.csv,152604,33.L1.ICO-020120-13004.1,33.L1.ICO-020120-13004,017,2025-09-01,MAPPED,MAPPED,INVALID_STRUCTURE,
sales_monthly_by_sku_branch_202607161619.csv,152605,33.L1.ICO-020120-13004.1,33.L1.ICO-020120-13004,017,2025-11-01,MAPPED,MAPPED,INVALID_STRUCTURE,
sales_monthly_by_sku_branch_202607161619.csv,152606,33.L1.ICO-020120-13004.1,33.L1.ICO-020120-13004,018,2024-01-01,MAPPED,MAPPED,INVALID_STRUCTURE,
sales_monthly_by_sku_branch_202607161619.csv,152607,33.L1.ICO-020120-13004.1,33.L1.ICO-020120-13004,018,2024-04-01,MAPPED,MAPPED,INVALID_STRUCTURE,
sales_monthly_by_sku_branch_202607161619.csv,152608,33.L1.ICO-020120-13004.1,33.L1.ICO-020120-13004,018,2024-05-01,MAPPED,MAPPED,INVALID_STRUCTURE,
sales_monthly_by_sku_branch_202607161619.csv,152609,33.L1.ICO-020120-13004.1,33.L1.ICO-020120-13004,018,2024-10-01,MAPPED,MAPPED,INVALID_STRUCTURE,
sales_monthly_by_sku_branch_202607161619.csv,152610,33.L1.ICO-020120-13004.1,33.L1.ICO-020120-13004,018,2025-02-01,MAPPED,MAPPED,INVALID_STRUCTURE,
sales_monthly_by_sku_branch_202607161619.csv,152611,33.L1.ICO-020120-13004.1,33.L1.ICO-020120-13004,018,2025-03-01,MAPPED,MAPPED,INVALID_STRUCTURE,
sales_monthly_by_sku_branch_202607161619.csv,152612,33.L1.ICO-020120-13004.1,33.L1.ICO-020120-13004,018,2025-05-01,MAPPED,MAPPED,INVALID_STRUCTURE,
sales_monthly_by_sku_branch_202607161619.csv,152613,33.L1.ICO-020120-13004.1,33.L1.ICO-020120-13004,018,2025-06-01,MAPPED,MAPPED,INVALID_STRUCTURE,
sales_monthly_by_sku_branch_202607161619.csv,152614,33.L1.ICO-020120-13004.1,33.L1.ICO-020120-13004,018,2025-07-01,MAPPED,MAPPED,INVALID_STRUCTURE,
sales_monthly_by_sku_branch_202607161619.csv,152615,33.L1.ICO-020120-13004.1,33.L1.ICO-020120-13004,018,2025-12-01,MAPPED,MAPPED,INVALID_STRUCTURE,
sales_monthly_by_sku_branch_202607161619.csv,152616,33.L1.ICO-020120-13004.1,33.L1.ICO-020120-13004,019,2024-06-01,MAPPED,MAPPED,INVALID_STRUCTURE,
sales_monthly_by_sku_branch_202607161619.csv,152617,33.L1.ICO-020120-13004.1,33.L1.ICO-020120-13004,019,2024-07-01,MAPPED,MAPPED,INVALID_STRUCTURE,
sales_monthly_by_sku_branch_202607161619.csv,152618,33.L1.ICO-020120-13004.1,33.L1.ICO-020120-13004,019,2025-01-01,MAPPED,MAPPED,INVALID_STRUCTURE,
sales_monthly_by_sku_branch_202607161619.csv,152619,33.L1.ICO-020120-13004.1,33.L1.ICO-020120-13004,023,2024-05-01,MAPPED,MAPPED,INVALID_STRUCTURE,
sales_monthly_by_sku_branch_202607161619.csv,152620,33.L1.ICO-020120-13004.1,33.L1.ICO-020120-13004,023,2024-07-01,MAPPED,MAPPED,INVALID_STRUCTURE,
sales_monthly_by_sku_branch_202607161619.csv,152621,33.L1.ICO-020120-13004.1,33.L1.ICO-020120-13004,023,2024-08-01,MAPPED,MAPPED,INVALID_STRUCTURE,
sales_monthly_by_sku_branch_202607161619.csv,152622,33.L1.ICO-020120-13004.1,33.L1.ICO-020120-13004,023,2024-10-01,MAPPED,MAPPED,INVALID_STRUCTURE,
sales_monthly_by_sku_branch_202607161619.csv,152623,33.L1.ICO-020120-13004.1,33.L1.ICO-020120-13004,023,2024-11-01,MAPPED,MAPPED,INVALID_STRUCTURE,
sales_monthly_by_sku_branch_202607161619.csv,152624,33.L1.ICO-020120-13004.1,33.L1.ICO-020120-13004,023,2024-12-01,MAPPED,MAPPED,INVALID_STRUCTURE,
sales_monthly_by_sku_branch_202607161619.csv,152625,33.L1.ICO-020120-13004.1,33.L1.ICO-020120-13004,023,2025-01-01,MAPPED,MAPPED,INVALID_STRUCTURE,
sales_monthly_by_sku_branch_202607161619.csv,152626,33.L1.ICO-020120-13004.1,33.L1.ICO-020120-13004,023,2025-04-01,MAPPED,MAPPED,INVALID_STRUCTURE,
sales_monthly_by_sku_branch_202607161619.csv,152627,33.L1.ICO-020120-13004.1,33.L1.ICO-020120-13004,049,2025-06-01,MAPPED,MAPPED,INVALID_STRUCTURE,
sales_monthly_by_sku_branch_202607161619.csv,152628,33.L1.ICO-020120-13004.1,33.L1.ICO-020120-13004,071,2025-07-01,MAPPED,MAPPED,INVALID_STRUCTURE,
sales_monthly_by_sku_branch_202607161619.csv,152629,33.L1.ICO-020120-13004.1,33.L1.ICO-020120-13004,071,2025-10-01,MAPPED,MAPPED,INVALID_STRUCTURE,
sales_monthly_by_sku_branch_202607161619.csv,152630,33.L1.ICO-020120-13004.1,33.L1.ICO-020120-13004,073,2024-12-01,MAPPED,MAPPED,INVALID_STRUCTURE,
sales_monthly_by_sku_branch_202607161619.csv,152631,33.L1.ICO-020120-13004.1,33.L1.ICO-020120-13004,076,2025-08-01,MAPPED,MAPPED,INVALID_STRUCTURE,
sales_monthly_by_sku_branch_202607161619.csv,152632,33.L1.ICO-020120-13004.1,33.L1.ICO-020120-13004,076,2025-10-01,MAPPED,MAPPED,INVALID_STRUCTURE,
sales_monthly_by_sku_branch_202607161619.csv,152633,33.L1.ICO-020120-13004.1,33.L1.ICO-020120-13004,093,2024-07-01,MAPPED,MAPPED,INVALID_STRUCTURE,
sales_monthly_by_sku_branch_202607161619.csv,152634,33.L1.ICO-020120-13004.1,33.L1.ICO-020120-13004,116,2025-07-01,MAPPED,MAPPED,INVALID_STRUCTURE,
sales_monthly_by_sku_branch_202607161619.csv,152635,33.L1.ICO-020120-13004.1,33.L1.ICO-020120-13004,116,2025-08-01,MAPPED,MAPPED,INVALID_STRUCTURE,
sales_monthly_by_sku_branch_202607161619.csv,152636,33.L1.ICO-020120-13004.1,33.L1.ICO-020120-13004,222,2025-11-01,MAPPED,MAPPED,INVALID_STRUCTURE,
sales_monthly_by_sku_branch_202607161619.csv,152637,33.L1.ICO-060120-001.01,33.L1.ICO-060120-001,000,2024-01-01,MAPPED,MAPPED,INVALID_STRUCTURE,
sales_monthly_by_sku_branch_202607161619.csv,152638,33.L1.ICO-060120-001.01,33.L1.ICO-060120-001,000,2024-07-01,MAPPED,MAPPED,INVALID_STRUCTURE,
sales_monthly_by_sku_branch_202607161619.csv,152639,33.L1.ICO-060120-001.01,33.L1.ICO-060120-001,002,2024-04-01,MAPPED,MAPPED,INVALID_STRUCTURE,
sales_monthly_by_sku_branch_202607161619.csv,152640,33.L1.ICO-060120-001.01,33.L1.ICO-060120-001,002,2024-08-01,MAPPED,MAPPED,INVALID_STRUCTURE,
sales_monthly_by_sku_branch_202607161619.csv,152641,33.L1.ICO-060120-001.01,33.L1.ICO-060120-001,008,2024-01-01,MAPPED,MAPPED,INVALID_STRUCTURE,
sales_monthly_by_sku_branch_202607161619.csv,152642,33.L1.ICO-060120-001.01,33.L1.ICO-060120-001,008,2024-02-01,MAPPED,MAPPED,INVALID_STRUCTURE,
sales_monthly_by_sku_branch_202607161619.csv,152643,33.L1.ICO-060120-001.01,33.L1.ICO-060120-001,008,2024-03-01,MAPPED,MAPPED,INVALID_STRUCTURE,
sales_monthly_by_sku_branch_202607161619.csv,152644,33.L1.ICO-060120-001.01,33.L1.ICO-060120-001,008,2024-05-01,MAPPED,MAPPED,INVALID_STRUCTURE,
sales_monthly_by_sku_branch_202607161619.csv,152645,33.L1.ICO-060120-001.01,33.L1.ICO-060120-001,008,2024-06-01,MAPPED,MAPPED,INVALID_STRUCTURE,
sales_monthly_by_sku_branch_202607161619.csv,152646,33.L1.ICO-060120-001.01,33.L1.ICO-060120-001,008,2024-07-01,MAPPED,MAPPED,INVALID_STRUCTURE,
sales_monthly_by_sku_branch_202607161619.csv,152647,33.L1.ICO-060120-001.01,33.L1.ICO-060120-001,008,2024-08-01,MAPPED,MAPPED,INVALID_STRUCTURE,
sales_monthly_by_sku_branch_202607161619.csv,152648,33.L1.ICO-060120-001.01,33.L1.ICO-060120-001,010,2024-01-01,MAPPED,MAPPED,INVALID_STRUCTURE,
sales_monthly_by_sku_branch_202607161619.csv,152649,33.L1.ICO-060120-001.01,33.L1.ICO-060120-001,010,2024-05-01,MAPPED,MAPPED,INVALID_STRUCTURE,
sales_monthly_by_sku_branch_202607161619.csv,152650,33.L1.ICO-060120-001.01,33.L1.ICO-060120-001,010,2024-06-01,MAPPED,MAPPED,INVALID_STRUCTURE,
sales_monthly_by_sku_branch_202607161619.csv,152651,33.L1.ICO-060120-001.01,33.L1.ICO-060120-001,010,2024-07-01,MAPPED,MAPPED,INVALID_STRUCTURE,
sales_monthly_by_sku_branch_202607161619.csv,152652,33.L1.ICO-060120-001.01,33.L1.ICO-060120-001,011,2024-01-01,MAPPED,MAPPED,INVALID_STRUCTURE,
sales_monthly_by_sku_branch_202607161619.csv,152653,33.L1.ICO-060120-001.01,33.L1.ICO-060120-001,011,2024-04-01,MAPPED,MAPPED,INVALID_STRUCTURE,
sales_monthly_by_sku_branch_202607161619.csv,152654,33.L1.ICO-060120-001.01,33.L1.ICO-060120-001,011,2024-06-01,MAPPED,MAPPED,INVALID_STRUCTURE,
sales_monthly_by_sku_branch_202607161619.csv,152655,33.L1.ICO-060120-001.01,33.L1.ICO-060120-001,011,2024-08-01,MAPPED,MAPPED,INVALID_STRUCTURE,
sales_monthly_by_sku_branch_202607161619.csv,152656,33.L1.ICO-060120-001.01,33.L1.ICO-060120-001,011,2024-09-01,MAPPED,MAPPED,INVALID_STRUCTURE,
sales_monthly_by_sku_branch_202607161619.csv,152657,33.L1.ICO-060120-001.01,33.L1.ICO-060120-001,012,2024-06-01,MAPPED,MAPPED,INVALID_STRUCTURE,
sales_monthly_by_sku_branch_202607161619.csv,152658,33.L1.ICO-060120-001.01,33.L1.ICO-060120-001,012,2024-07-01,MAPPED,MAPPED,INVALID_STRUCTURE,
sales_monthly_by_sku_branch_202607161619.csv,152659,33.L1.ICO-060120-001.01,33.L1.ICO-060120-001,015,2024-01-01,MAPPED,MAPPED,INVALID_STRUCTURE,
sales_monthly_by_sku_branch_202607161619.csv,152660,33.L1.ICO-060120-001.01,33.L1.ICO-060120-001,015,2024-04-01,MAPPED,MAPPED,INVALID_STRUCTURE,
sales_monthly_by_sku_branch_202607161619.csv,152661,33.L1.ICO-060120-001.01,33.L1.ICO-060120-001,015,2024-05-01,MAPPED,MAPPED,INVALID_STRUCTURE,
sales_monthly_by_sku_branch_202607161619.csv,152662,33.L1.ICO-060120-001.01,33.L1.ICO-060120-001,015,2024-08-01,MAPPED,MAPPED,INVALID_STRUCTURE,
sales_monthly_by_sku_branch_202607161619.csv,152663,33.L1.ICO-060120-001.01,33.L1.ICO-060120-001,015,2024-09-01,MAPPED,MAPPED,INVALID_STRUCTURE,
sales_monthly_by_sku_branch_202607161619.csv,152664,33.L1.ICO-060120-001.01,33.L1.ICO-060120-001,016,2024-01-01,MAPPED,MAPPED,INVALID_STRUCTURE,
sales_monthly_by_sku_branch_202607161619.csv,152665,33.L1.ICO-060120-001.01,33.L1.ICO-060120-001,016,2024-02-01,MAPPED,MAPPED,INVALID_STRUCTURE,
sales_monthly_by_sku_branch_202607161619.csv,152666,33.L1.ICO-060120-001.01,33.L1.ICO-060120-001,016,2024-04-01,MAPPED,MAPPED,INVALID_STRUCTURE,
sales_monthly_by_sku_branch_202607161619.csv,152667,33.L1.ICO-060120-001.01,33.L1.ICO-060120-001,016,2024-05-01,MAPPED,MAPPED,INVALID_STRUCTURE,
sales_monthly_by_sku_branch_202607161619.csv,152668,33.L1.ICO-060120-001.01,33.L1.ICO-060120-001,016,2024-06-01,MAPPED,MAPPED,INVALID_STRUCTURE,
sales_monthly_by_sku_branch_202607161619.csv,152669,33.L1.ICO-060120-001.01,33.L1.ICO-060120-001,016,2024-07-01,MAPPED,MAPPED,INVALID_STRUCTURE,
sales_monthly_by_sku_branch_202607161619.csv,152670,33.L1.ICO-060120-001.01,33.L1.ICO-060120-001,016,2024-08-01,MAPPED,MAPPED,INVALID_STRUCTURE,
sales_monthly_by_sku_branch_202607161619.csv,152671,33.L1.ICO-060120-001.01,33.L1.ICO-060120-001,016,2024-11-01,MAPPED,MAPPED,INVALID_STRUCTURE,
sales_monthly_by_sku_branch_202607161619.csv,152672,33.L1.ICO-060120-001.01,33.L1.ICO-060120-001,017,2024-03-01,MAPPED,MAPPED,INVALID_STRUCTURE,
sales_monthly_by_sku_branch_202607161619.csv,152673,33.L1.ICO-060120-001.01,33.L1.ICO-060120-001,018,2024-03-01,MAPPED,MAPPED,INVALID_STRUCTURE,
sales_monthly_by_sku_branch_202607161619.csv,152674,33.L1.ICO-060120-001.01,33.L1.ICO-060120-001,018,2024-05-01,MAPPED,MAPPED,INVALID_STRUCTURE,
sales_monthly_by_sku_branch_202607161619.csv,152675,33.L1.ICO-060120-001.01,33.L1.ICO-060120-001,018,2024-08-01,MAPPED,MAPPED,INVALID_STRUCTURE,
sales_monthly_by_sku_branch_202607161619.csv,152676,33.L1.ICO-060120-001.01,33.L1.ICO-060120-001,018,2024-09-01,MAPPED,MAPPED,INVALID_STRUCTURE,
sales_monthly_by_sku_branch_202607161619.csv,152677,33.L1.ICO-060120-001.01,33.L1.ICO-060120-001,018,2024-11-01,MAPPED,MAPPED,INVALID_STRUCTURE,
sales_monthly_by_sku_branch_202607161619.csv,152678,33.L1.ICO-060120-001.01,33.L1.ICO-060120-001,019,2024-04-01,MAPPED,MAPPED,INVALID_STRUCTURE,
sales_monthly_by_sku_branch_202607161619.csv,152679,33.L1.ICO-060120-001.01,33.L1.ICO-060120-001,019,2024-06-01,MAPPED,MAPPED,INVALID_STRUCTURE,
sales_monthly_by_sku_branch_202607161619.csv,152680,33.L1.ICO-060120-001.01,33.L1.ICO-060120-001,019,2024-12-01,MAPPED,MAPPED,INVALID_STRUCTURE,
sales_monthly_by_sku_branch_202607161619.csv,152681,33.L1.ICO-060120-001.01,33.L1.ICO-060120-001,023,2024-01-01,MAPPED,MAPPED,INVALID_STRUCTURE,
sales_monthly_by_sku_branch_202607161619.csv,152682,33.L1.ICO-060120-001.01,33.L1.ICO-060120-001,023,2024-04-01,MAPPED,MAPPED,INVALID_STRUCTURE,
sales_monthly_by_sku_branch_202607161619.csv,152683,33.L1.ICO-060120-001.01,33.L1.ICO-060120-001,023,2024-05-01,MAPPED,MAPPED,INVALID_STRUCTURE,
sales_monthly_by_sku_branch_202607161619.csv,152684,33.L1.ICO-060120-001.01,33.L1.ICO-060120-001,023,2024-06-01,MAPPED,MAPPED,INVALID_STRUCTURE,
sales_monthly_by_sku_branch_202607161619.csv,152685,33.L1.ICO-060120-001.01,33.L1.ICO-060120-001,024,2024-05-01,MAPPED,MAPPED,INVALID_STRUCTURE,
sales_monthly_by_sku_branch_202607161619.csv,152686,33.L1.ICO-060120-001.01,33.L1.ICO-060120-001,049,2024-05-01,MAPPED,MAPPED,INVALID_STRUCTURE,
sales_monthly_by_sku_branch_202607161619.csv,152687,33.L1.ICO-060120-001.01,33.L1.ICO-060120-001,049,2024-10-01,MAPPED,MAPPED,INVALID_STRUCTURE,
sales_monthly_by_sku_branch_202607161619.csv,152688,33.L1.ICO-060120-001.01,33.L1.ICO-060120-001,049,2024-12-01,MAPPED,MAPPED,INVALID_STRUCTURE,
sales_monthly_by_sku_branch_202607161619.csv,152689,33.L1.ICO-060120-001.01,33.L1.ICO-060120-001,079,2024-01-01,MAPPED,MAPPED,INVALID_STRUCTURE,
sales_monthly_by_sku_branch_202607161619.csv,152690,33.L1.ICO-060120-001.01,33.L1.ICO-060120-001,093,2024-07-01,MAPPED,MAPPED,INVALID_STRUCTURE,
sales_monthly_by_sku_branch_202607161619.csv,152691,33.L1.ICO-060120-001.01,33.L1.ICO-060120-001,093,2024-10-01,MAPPED,MAPPED,INVALID_STRUCTURE,
sales_monthly_by_sku_branch_202607161619.csv,152692,33.L1.ICO-060120-001.01,33.L1.ICO-060120-001,222,2024-10-01,MAPPED,MAPPED,INVALID_STRUCTURE,
sales_monthly_by_sku_branch_202607161619.csv,152693,33.L1.ICO-060120-002.01,33.L1.ICO-060120-002,002,2024-05-01,MAPPED,MAPPED,INVALID_STRUCTURE,
sales_monthly_by_sku_branch_202607161619.csv,152694,33.L1.ICO-060120-002.01,33.L1.ICO-060120-002,008,2024-03-01,MAPPED,MAPPED,INVALID_STRUCTURE,
sales_monthly_by_sku_branch_202607161619.csv,152695,33.L1.ICO-060120-002.01,33.L1.ICO-060120-002,008,2024-04-01,MAPPED,MAPPED,INVALID_STRUCTURE,
sales_monthly_by_sku_branch_202607161619.csv,152696,33.L1.ICO-060120-002.01,33.L1.ICO-060120-002,008,2024-05-01,MAPPED,MAPPED,INVALID_STRUCTURE,
sales_monthly_by_sku_branch_202607161619.csv,152697,33.L1.ICO-060120-002.01,33.L1.ICO-060120-002,008,2024-06-01,MAPPED,MAPPED,INVALID_STRUCTURE,
sales_monthly_by_sku_branch_202607161619.csv,152698,33.L1.ICO-060120-002.01,33.L1.ICO-060120-002,008,2024-07-01,MAPPED,MAPPED,INVALID_STRUCTURE,
sales_monthly_by_sku_branch_202607161619.csv,152699,33.L1.ICO-060120-002.01,33.L1.ICO-060120-002,008,2024-08-01,MAPPED,MAPPED,INVALID_STRUCTURE,
sales_monthly_by_sku_branch_202607161619.csv,152700,33.L1.ICO-060120-002.01,33.L1.ICO-060120-002,008,2024-09-01,MAPPED,MAPPED,INVALID_STRUCTURE,
sales_monthly_by_sku_branch_202607161619.csv,152701,33.L1.ICO-060120-002.01,33.L1.ICO-060120-002,008,2026-03-01,MAPPED,MAPPED,INVALID_STRUCTURE,
sales_monthly_by_sku_branch_202607161619.csv,152702,33.L1.ICO-060120-002.01,33.L1.ICO-060120-002,010,2024-12-01,MAPPED,MAPPED,INVALID_STRUCTURE,
sales_monthly_by_sku_branch_202607161619.csv,152703,33.L1.ICO-060120-002.01,33.L1.ICO-060120-002,011,2024-05-01,MAPPED,MAPPED,INVALID_STRUCTURE,
sales_monthly_by_sku_branch_202607161619.csv,152704,33.L1.ICO-060120-002.01,33.L1.ICO-060120-002,011,2024-06-01,MAPPED,MAPPED,INVALID_STRUCTURE,
sales_monthly_by_sku_branch_202607161619.csv,152705,33.L1.ICO-060120-002.01,33.L1.ICO-060120-002,011,2024-07-01,MAPPED,MAPPED,INVALID_STRUCTURE,
sales_monthly_by_sku_branch_202607161619.csv,152706,33.L1.ICO-060120-002.01,33.L1.ICO-060120-002,011,2024-08-01,MAPPED,MAPPED,INVALID_STRUCTURE,
sales_monthly_by_sku_branch_202607161619.csv,152707,33.L1.ICO-060120-002.01,33.L1.ICO-060120-002,013,2024-05-01,MAPPED,MAPPED,INVALID_STRUCTURE,
sales_monthly_by_sku_branch_202607161619.csv,152708,33.L1.ICO-060120-002.01,33.L1.ICO-060120-002,013,2024-08-01,MAPPED,MAPPED,INVALID_STRUCTURE,
sales_monthly_by_sku_branch_202607161619.csv,152709,33.L1.ICO-060120-002.01,33.L1.ICO-060120-002,015,2024-03-01,MAPPED,MAPPED,INVALID_STRUCTURE,
sales_monthly_by_sku_branch_202607161619.csv,152710,33.L1.ICO-060120-002.01,33.L1.ICO-060120-002,015,2024-04-01,MAPPED,MAPPED,INVALID_STRUCTURE,
sales_monthly_by_sku_branch_202607161619.csv,152711,33.L1.ICO-060120-002.01,33.L1.ICO-060120-002,015,2024-05-01,MAPPED,MAPPED,INVALID_STRUCTURE,
sales_monthly_by_sku_branch_202607161619.csv,152712,33.L1.ICO-060120-002.01,33.L1.ICO-060120-002,015,2024-06-01,MAPPED,MAPPED,INVALID_STRUCTURE,
sales_monthly_by_sku_branch_202607161619.csv,152713,33.L1.ICO-060120-002.01,33.L1.ICO-060120-002,015,2024-08-01,MAPPED,MAPPED,INVALID_STRUCTURE,
sales_monthly_by_sku_branch_202607161619.csv,152714,33.L1.ICO-060120-002.01,33.L1.ICO-060120-002,015,2024-09-01,MAPPED,MAPPED,INVALID_STRUCTURE,
sales_monthly_by_sku_branch_202607161619.csv,152715,33.L1.ICO-060120-002.01,33.L1.ICO-060120-002,015,2024-10-01,MAPPED,MAPPED,INVALID_STRUCTURE,
sales_monthly_by_sku_branch_202607161619.csv,152716,33.L1.ICO-060120-002.01,33.L1.ICO-060120-002,015,2024-11-01,MAPPED,MAPPED,INVALID_STRUCTURE,
sales_monthly_by_sku_branch_202607161619.csv,152717,33.L1.ICO-060120-002.01,33.L1.ICO-060120-002,016,2024-03-01,MAPPED,MAPPED,INVALID_STRUCTURE,
sales_monthly_by_sku_branch_202607161619.csv,152718,33.L1.ICO-060120-002.01,33.L1.ICO-060120-002,016,2024-04-01,MAPPED,MAPPED,INVALID_STRUCTURE,
sales_monthly_by_sku_branch_202607161619.csv,152719,33.L1.ICO-060120-002.01,33.L1.ICO-060120-002,016,2024-05-01,MAPPED,MAPPED,INVALID_STRUCTURE,
sales_monthly_by_sku_branch_202607161619.csv,152720,33.L1.ICO-060120-002.01,33.L1.ICO-060120-002,016,2024-08-01,MAPPED,MAPPED,INVALID_STRUCTURE,
sales_monthly_by_sku_branch_202607161619.csv,152721,33.L1.ICO-060120-002.01,33.L1.ICO-060120-002,016,2024-09-01,MAPPED,MAPPED,INVALID_STRUCTURE,
sales_monthly_by_sku_branch_202607161619.csv,152722,33.L1.ICO-060120-002.01,33.L1.ICO-060120-002,017,2024-01-01,MAPPED,MAPPED,INVALID_STRUCTURE,
sales_monthly_by_sku_branch_202607161619.csv,152723,33.L1.ICO-060120-002.01,33.L1.ICO-060120-002,017,2024-03-01,MAPPED,MAPPED,INVALID_STRUCTURE,
sales_monthly_by_sku_branch_202607161619.csv,152724,33.L1.ICO-060120-002.01,33.L1.ICO-060120-002,017,2024-07-01,MAPPED,MAPPED,INVALID_STRUCTURE,
sales_monthly_by_sku_branch_202607161619.csv,152725,33.L1.ICO-060120-002.01,33.L1.ICO-060120-002,017,2024-08-01,MAPPED,MAPPED,INVALID_STRUCTURE,
sales_monthly_by_sku_branch_202607161619.csv,152726,33.L1.ICO-060120-002.01,33.L1.ICO-060120-002,017,2024-10-01,MAPPED,MAPPED,INVALID_STRUCTURE,
sales_monthly_by_sku_branch_202607161619.csv,152727,33.L1.ICO-060120-002.01,33.L1.ICO-060120-002,017,2024-12-01,MAPPED,MAPPED,INVALID_STRUCTURE,
sales_monthly_by_sku_branch_202607161619.csv,152728,33.L1.ICO-060120-002.01,33.L1.ICO-060120-002,017,2025-01-01,MAPPED,MAPPED,INVALID_STRUCTURE,
sales_monthly_by_sku_branch_202607161619.csv,152729,33.L1.ICO-060120-002.01,33.L1.ICO-060120-002,018,2024-06-01,MAPPED,MAPPED,INVALID_STRUCTURE,
sales_monthly_by_sku_branch_202607161619.csv,152730,33.L1.ICO-060120-002.01,33.L1.ICO-060120-002,018,2024-07-01,MAPPED,MAPPED,INVALID_STRUCTURE,
sales_monthly_by_sku_branch_202607161619.csv,152731,33.L1.ICO-060120-002.01,33.L1.ICO-060120-002,018,2024-09-01,MAPPED,MAPPED,INVALID_STRUCTURE,
sales_monthly_by_sku_branch_202607161619.csv,152732,33.L1.ICO-060120-002.01,33.L1.ICO-060120-002,018,2025-03-01,MAPPED,MAPPED,INVALID_STRUCTURE,
sales_monthly_by_sku_branch_202607161619.csv,152733,33.L1.ICO-060120-002.01,33.L1.ICO-060120-002,018,2025-06-01,MAPPED,MAPPED,INVALID_STRUCTURE,
sales_monthly_by_sku_branch_202607161619.csv,152734,33.L1.ICO-060120-002.01,33.L1.ICO-060120-002,018,2025-08-01,MAPPED,MAPPED,INVALID_STRUCTURE,
sales_monthly_by_sku_branch_202607161619.csv,152735,33.L1.ICO-060120-002.01,33.L1.ICO-060120-002,018,2026-03-01,MAPPED,MAPPED,INVALID_STRUCTURE,
sales_monthly_by_sku_branch_202607161619.csv,152736,33.L1.ICO-060120-002.01,33.L1.ICO-060120-002,019,2025-06-01,MAPPED,MAPPED,INVALID_STRUCTURE,
sales_monthly_by_sku_branch_202607161619.csv,152737,33.L1.ICO-060120-002.01,33.L1.ICO-060120-002,023,2024-01-01,MAPPED,MAPPED,INVALID_STRUCTURE,
sales_monthly_by_sku_branch_202607161619.csv,152738,33.L1.ICO-060120-002.01,33.L1.ICO-060120-002,023,2024-05-01,MAPPED,MAPPED,INVALID_STRUCTURE,
sales_monthly_by_sku_branch_202607161619.csv,152739,33.L1.ICO-060120-002.01,33.L1.ICO-060120-002,023,2024-06-01,MAPPED,MAPPED,INVALID_STRUCTURE,
sales_monthly_by_sku_branch_202607161619.csv,152740,33.L1.ICO-060120-002.01,33.L1.ICO-060120-002,023,2024-07-01,MAPPED,MAPPED,INVALID_STRUCTURE,
sales_monthly_by_sku_branch_202607161619.csv,152741,33.L1.ICO-060120-002.01,33.L1.ICO-060120-002,023,2024-10-01,MAPPED,MAPPED,INVALID_STRUCTURE,
sales_monthly_by_sku_branch_202607161619.csv,152742,33.L1.ICO-060120-002.01,33.L1.ICO-060120-002,023,2024-11-01,MAPPED,MAPPED,INVALID_STRUCTURE,
sales_monthly_by_sku_branch_202607161619.csv,152743,33.L1.ICO-060120-002.01,33.L1.ICO-060120-002,023,2025-01-01,MAPPED,MAPPED,INVALID_STRUCTURE,
sales_monthly_by_sku_branch_202607161619.csv,152744,33.L1.ICO-060120-002.01,33.L1.ICO-060120-002,024,2024-03-01,MAPPED,MAPPED,INVALID_STRUCTURE,
sales_monthly_by_sku_branch_202607161619.csv,152745,33.L1.ICO-060120-002.01,33.L1.ICO-060120-002,024,2024-04-01,MAPPED,MAPPED,INVALID_STRUCTURE,
sales_monthly_by_sku_branch_202607161619.csv,152746,33.L1.ICO-060120-002.01,33.L1.ICO-060120-002,024,2024-05-01,MAPPED,MAPPED,INVALID_STRUCTURE,
sales_monthly_by_sku_branch_202607161619.csv,152747,33.L1.ICO-060120-002.01,33.L1.ICO-060120-002,024,2024-06-01,MAPPED,MAPPED,INVALID_STRUCTURE,
sales_monthly_by_sku_branch_202607161619.csv,152748,33.L1.ICO-060120-002.01,33.L1.ICO-060120-002,024,2024-07-01,MAPPED,MAPPED,INVALID_STRUCTURE,
sales_monthly_by_sku_branch_202607161619.csv,152749,33.L1.ICO-060120-002.01,33.L1.ICO-060120-002,024,2024-08-01,MAPPED,MAPPED,INVALID_STRUCTURE,
sales_monthly_by_sku_branch_202607161619.csv,152750,33.L1.ICO-060120-002.01,33.L1.ICO-060120-002,024,2024-10-01,MAPPED,MAPPED,INVALID_STRUCTURE,
sales_monthly_by_sku_branch_202607161619.csv,152751,33.L1.ICO-060120-003.01,33.L1.ICO-060120-003,008,2024-01-01,MAPPED,MAPPED,INVALID_STRUCTURE,
sales_monthly_by_sku_branch_202607161619.csv,152752,33.L1.ICO-060120-003.01,33.L1.ICO-060120-003,008,2024-03-01,MAPPED,MAPPED,INVALID_STRUCTURE,
sales_monthly_by_sku_branch_202607161619.csv,152753,33.L1.ICO-060120-003.01,33.L1.ICO-060120-003,008,2024-05-01,MAPPED,MAPPED,INVALID_STRUCTURE,
sales_monthly_by_sku_branch_202607161619.csv,152754,33.L1.ICO-060120-003.01,33.L1.ICO-060120-003,008,2024-07-01,MAPPED,MAPPED,INVALID_STRUCTURE,
sales_monthly_by_sku_branch_202607161619.csv,152755,33.L1.ICO-060120-003.01,33.L1.ICO-060120-003,008,2024-08-01,MAPPED,MAPPED,INVALID_STRUCTURE,
sales_monthly_by_sku_branch_202607161619.csv,152756,33.L1.ICO-060120-003.01,33.L1.ICO-060120-003,008,2024-09-01,MAPPED,MAPPED,INVALID_STRUCTURE,
sales_monthly_by_sku_branch_202607161619.csv,152757,33.L1.ICO-060120-003.01,33.L1.ICO-060120-003,008,2026-03-01,MAPPED,MAPPED,INVALID_STRUCTURE,
sales_monthly_by_sku_branch_202607161619.csv,152758,33.L1.ICO-060120-003.01,33.L1.ICO-060120-003,010,2024-05-01,MAPPED,MAPPED,INVALID_STRUCTURE,
sales_monthly_by_sku_branch_202607161619.csv,152759,33.L1.ICO-060120-003.01,33.L1.ICO-060120-003,010,2024-06-01,MAPPED,MAPPED,INVALID_STRUCTURE,
sales_monthly_by_sku_branch_202607161619.csv,152760,33.L1.ICO-060120-003.01,33.L1.ICO-060120-003,010,2024-07-01,MAPPED,MAPPED,INVALID_STRUCTURE,
sales_monthly_by_sku_branch_202607161619.csv,152761,33.L1.ICO-060120-003.01,33.L1.ICO-060120-003,010,2024-08-01,MAPPED,MAPPED,INVALID_STRUCTURE,
sales_monthly_by_sku_branch_202607161619.csv,152762,33.L1.ICO-060120-003.01,33.L1.ICO-060120-003,011,2024-01-01,MAPPED,MAPPED,INVALID_STRUCTURE,
sales_monthly_by_sku_branch_202607161619.csv,152763,33.L1.ICO-060120-003.01,33.L1.ICO-060120-003,011,2024-08-01,MAPPED,MAPPED,INVALID_STRUCTURE,
sales_monthly_by_sku_branch_202607161619.csv,152764,33.L1.ICO-060120-003.01,33.L1.ICO-060120-003,013,2024-02-01,MAPPED,MAPPED,INVALID_STRUCTURE,
sales_monthly_by_sku_branch_202607161619.csv,152765,33.L1.ICO-060120-003.01,33.L1.ICO-060120-003,015,2024-01-01,MAPPED,MAPPED,INVALID_STRUCTURE,
sales_monthly_by_sku_branch_202607161619.csv,152766,33.L1.ICO-060120-003.01,33.L1.ICO-060120-003,015,2024-03-01,MAPPED,MAPPED,INVALID_STRUCTURE,
sales_monthly_by_sku_branch_202607161619.csv,152767,33.L1.ICO-060120-003.01,33.L1.ICO-060120-003,015,2024-04-01,MAPPED,MAPPED,INVALID_STRUCTURE,
sales_monthly_by_sku_branch_202607161619.csv,152768,33.L1.ICO-060120-003.01,33.L1.ICO-060120-003,015,2024-05-01,MAPPED,MAPPED,INVALID_STRUCTURE,
sales_monthly_by_sku_branch_202607161619.csv,152769,33.L1.ICO-060120-003.01,33.L1.ICO-060120-003,015,2024-06-01,MAPPED,MAPPED,INVALID_STRUCTURE,
sales_monthly_by_sku_branch_202607161619.csv,152770,33.L1.ICO-060120-003.01,33.L1.ICO-060120-003,015,2024-07-01,MAPPED,MAPPED,INVALID_STRUCTURE,
sales_monthly_by_sku_branch_202607161619.csv,152771,33.L1.ICO-060120-003.01,33.L1.ICO-060120-003,015,2024-08-01,MAPPED,MAPPED,INVALID_STRUCTURE,
sales_monthly_by_sku_branch_202607161619.csv,152772,33.L1.ICO-060120-003.01,33.L1.ICO-060120-003,015,2024-09-01,MAPPED,MAPPED,INVALID_STRUCTURE,
sales_monthly_by_sku_branch_202607161619.csv,152773,33.L1.ICO-060120-003.01,33.L1.ICO-060120-003,015,2024-10-01,MAPPED,MAPPED,INVALID_STRUCTURE,
sales_monthly_by_sku_branch_202607161619.csv,152774,33.L1.ICO-060120-003.01,33.L1.ICO-060120-003,016,2024-06-01,MAPPED,MAPPED,INVALID_STRUCTURE,
sales_monthly_by_sku_branch_202607161619.csv,152775,33.L1.ICO-060120-003.01,33.L1.ICO-060120-003,016,2024-07-01,MAPPED,MAPPED,INVALID_STRUCTURE,
sales_monthly_by_sku_branch_202607161619.csv,152776,33.L1.ICO-060120-003.01,33.L1.ICO-060120-003,016,2024-09-01,MAPPED,MAPPED,INVALID_STRUCTURE,
sales_monthly_by_sku_branch_202607161619.csv,152777,33.L1.ICO-060120-003.01,33.L1.ICO-060120-003,017,2024-07-01,MAPPED,MAPPED,INVALID_STRUCTURE,
sales_monthly_by_sku_branch_202607161619.csv,152778,33.L1.ICO-060120-003.01,33.L1.ICO-060120-003,017,2024-11-01,MAPPED,MAPPED,INVALID_STRUCTURE,
sales_monthly_by_sku_branch_202607161619.csv,152779,33.L1.ICO-060120-003.01,33.L1.ICO-060120-003,017,2024-12-01,MAPPED,MAPPED,INVALID_STRUCTURE,
sales_monthly_by_sku_branch_202607161619.csv,152780,33.L1.ICO-060120-003.01,33.L1.ICO-060120-003,018,2024-03-01,MAPPED,MAPPED,INVALID_STRUCTURE,
sales_monthly_by_sku_branch_202607161619.csv,152781,33.L1.ICO-060120-003.01,33.L1.ICO-060120-003,018,2024-04-01,MAPPED,MAPPED,INVALID_STRUCTURE,
sales_monthly_by_sku_branch_202607161619.csv,152782,33.L1.ICO-060120-003.01,33.L1.ICO-060120-003,018,2024-05-01,MAPPED,MAPPED,INVALID_STRUCTURE,
sales_monthly_by_sku_branch_202607161619.csv,152783,33.L1.ICO-060120-003.01,33.L1.ICO-060120-003,018,2024-08-01,MAPPED,MAPPED,INVALID_STRUCTURE,
sales_monthly_by_sku_branch_202607161619.csv,152784,33.L1.ICO-060120-003.01,33.L1.ICO-060120-003,018,2024-09-01,MAPPED,MAPPED,INVALID_STRUCTURE,
sales_monthly_by_sku_branch_202607161619.csv,152785,33.L1.ICO-060120-003.01,33.L1.ICO-060120-003,018,2024-10-01,MAPPED,MAPPED,INVALID_STRUCTURE,
sales_monthly_by_sku_branch_202607161619.csv,152786,33.L1.ICO-060120-003.01,33.L1.ICO-060120-003,018,2024-12-01,MAPPED,MAPPED,INVALID_STRUCTURE,
sales_monthly_by_sku_branch_202607161619.csv,152787,33.L1.ICO-060120-003.01,33.L1.ICO-060120-003,018,2025-08-01,MAPPED,MAPPED,INVALID_STRUCTURE,
sales_monthly_by_sku_branch_202607161619.csv,152788,33.L1.ICO-060120-003.01,33.L1.ICO-060120-003,019,2025-12-01,MAPPED,MAPPED,INVALID_STRUCTURE,
sales_monthly_by_sku_branch_202607161619.csv,152789,33.L1.ICO-060120-003.01,33.L1.ICO-060120-003,023,2024-06-01,MAPPED,MAPPED,INVALID_STRUCTURE,
sales_monthly_by_sku_branch_202607161619.csv,152790,33.L1.ICO-060120-003.01,33.L1.ICO-060120-003,024,2024-04-01,MAPPED,MAPPED,INVALID_STRUCTURE,
sales_monthly_by_sku_branch_202607161619.csv,152791,33.L1.ICO-060120-003.01,33.L1.ICO-060120-003,024,2024-07-01,MAPPED,MAPPED,INVALID_STRUCTURE,
sales_monthly_by_sku_branch_202607161619.csv,152792,33.L1.ICO-060120-003.01,33.L1.ICO-060120-003,024,2024-08-01,MAPPED,MAPPED,INVALID_STRUCTURE,
sales_monthly_by_sku_branch_202607161619.csv,152793,33.L1.ICO-060120-003.01,33.L1.ICO-060120-003,049,2024-05-01,MAPPED,MAPPED,INVALID_STRUCTURE,
sales_monthly_by_sku_branch_202607161619.csv,152794,33.L1.ICO-060120-003.01,33.L1.ICO-060120-003,123,2025-05-01,MAPPED,MAPPED,INVALID_STRUCTURE,
sales_monthly_by_sku_branch_202607161619.csv,152795,33.L1.ICO-060120-004.01,33.L1.ICO-060120-004,000,2024-06-01,MAPPED,MAPPED,INVALID_STRUCTURE,
sales_monthly_by_sku_branch_202607161619.csv,152796,33.L1.ICO-060120-004.01,33.L1.ICO-060120-004,008,2024-03-01,MAPPED,MAPPED,INVALID_STRUCTURE,
sales_monthly_by_sku_branch_202607161619.csv,152797,33.L1.ICO-060120-004.01,33.L1.ICO-060120-004,008,2024-08-01,MAPPED,MAPPED,INVALID_STRUCTURE,
sales_monthly_by_sku_branch_202607161619.csv,152798,33.L1.ICO-060120-004.01,33.L1.ICO-060120-004,008,2026-03-01,MAPPED,MAPPED,INVALID_STRUCTURE,
sales_monthly_by_sku_branch_202607161619.csv,152799,33.L1.ICO-060120-004.01,33.L1.ICO-060120-004,008,2026-04-01,MAPPED,MAPPED,INVALID_STRUCTURE,
sales_monthly_by_sku_branch_202607161619.csv,152800,33.L1.ICO-060120-004.01,33.L1.ICO-060120-004,010,2024-03-01,MAPPED,MAPPED,INVALID_STRUCTURE,
sales_monthly_by_sku_branch_202607161619.csv,152801,33.L1.ICO-060120-004.01,33.L1.ICO-060120-004,010,2024-04-01,MAPPED,MAPPED,INVALID_STRUCTURE,
sales_monthly_by_sku_branch_202607161619.csv,152802,33.L1.ICO-060120-004.01,33.L1.ICO-060120-004,010,2024-07-01,MAPPED,MAPPED,INVALID_STRUCTURE,
sales_monthly_by_sku_branch_202607161619.csv,152803,33.L1.ICO-060120-004.01,33.L1.ICO-060120-004,010,2024-10-01,MAPPED,MAPPED,INVALID_STRUCTURE,
sales_monthly_by_sku_branch_202607161619.csv,152804,33.L1.ICO-060120-004.01,33.L1.ICO-060120-004,010,2024-11-01,MAPPED,MAPPED,INVALID_STRUCTURE,
sales_monthly_by_sku_branch_202607161619.csv,152805,33.L1.ICO-060120-004.01,33.L1.ICO-060120-004,010,2025-01-01,MAPPED,MAPPED,INVALID_STRUCTURE,
sales_monthly_by_sku_branch_202607161619.csv,152806,33.L1.ICO-060120-004.01,33.L1.ICO-060120-004,010,2025-11-01,MAPPED,MAPPED,INVALID_STRUCTURE,
sales_monthly_by_sku_branch_202607161619.csv,152807,33.L1.ICO-060120-004.01,33.L1.ICO-060120-004,011,2025-03-01,MAPPED,MAPPED,INVALID_STRUCTURE,
sales_monthly_by_sku_branch_202607161619.csv,152808,33.L1.ICO-060120-004.01,33.L1.ICO-060120-004,011,2025-07-01,MAPPED,MAPPED,INVALID_STRUCTURE,
sales_monthly_by_sku_branch_202607161619.csv,152809,33.L1.ICO-060120-004.01,33.L1.ICO-060120-004,011,2025-11-01,MAPPED,MAPPED,INVALID_STRUCTURE,
sales_monthly_by_sku_branch_202607161619.csv,152810,33.L1.ICO-060120-004.01,33.L1.ICO-060120-004,012,2025-06-01,MAPPED,MAPPED,INVALID_STRUCTURE,
sales_monthly_by_sku_branch_202607161619.csv,152811,33.L1.ICO-060120-004.01,33.L1.ICO-060120-004,013,2024-04-01,MAPPED,MAPPED,INVALID_STRUCTURE,
sales_monthly_by_sku_branch_202607161619.csv,152812,33.L1.ICO-060120-004.01,33.L1.ICO-060120-004,013,2024-05-01,MAPPED,MAPPED,INVALID_STRUCTURE,
sales_monthly_by_sku_branch_202607161619.csv,152813,33.L1.ICO-060120-004.01,33.L1.ICO-060120-004,013,2024-10-01,MAPPED,MAPPED,INVALID_STRUCTURE,
sales_monthly_by_sku_branch_202607161619.csv,152814,33.L1.ICO-060120-004.01,33.L1.ICO-060120-004,015,2024-01-01,MAPPED,MAPPED,INVALID_STRUCTURE,
sales_monthly_by_sku_branch_202607161619.csv,152815,33.L1.ICO-060120-004.01,33.L1.ICO-060120-004,015,2024-04-01,MAPPED,MAPPED,INVALID_STRUCTURE,
sales_monthly_by_sku_branch_202607161619.csv,152816,33.L1.ICO-060120-004.01,33.L1.ICO-060120-004,015,2024-05-01,MAPPED,MAPPED,INVALID_STRUCTURE,
sales_monthly_by_sku_branch_202607161619.csv,152817,33.L1.ICO-060120-004.01,33.L1.ICO-060120-004,015,2024-09-01,MAPPED,MAPPED,INVALID_STRUCTURE,
sales_monthly_by_sku_branch_202607161619.csv,152818,33.L1.ICO-060120-004.01,33.L1.ICO-060120-004,015,2024-12-01,MAPPED,MAPPED,INVALID_STRUCTURE,
sales_monthly_by_sku_branch_202607161619.csv,152819,33.L1.ICO-060120-004.01,33.L1.ICO-060120-004,015,2025-01-01,MAPPED,MAPPED,INVALID_STRUCTURE,
sales_monthly_by_sku_branch_202607161619.csv,152820,33.L1.ICO-060120-004.01,33.L1.ICO-060120-004,015,2025-04-01,MAPPED,MAPPED,INVALID_STRUCTURE,
sales_monthly_by_sku_branch_202607161619.csv,152821,33.L1.ICO-060120-004.01,33.L1.ICO-060120-004,015,2025-10-01,MAPPED,MAPPED,INVALID_STRUCTURE,
sales_monthly_by_sku_branch_202607161619.csv,152822,33.L1.ICO-060120-004.01,33.L1.ICO-060120-004,015,2025-11-01,MAPPED,MAPPED,INVALID_STRUCTURE,
sales_monthly_by_sku_branch_202607161619.csv,152823,33.L1.ICO-060120-004.01,33.L1.ICO-060120-004,015,2026-01-01,MAPPED,MAPPED,INVALID_STRUCTURE,
sales_monthly_by_sku_branch_202607161619.csv,152824,33.L1.ICO-060120-004.01,33.L1.ICO-060120-004,016,2024-04-01,MAPPED,MAPPED,INVALID_STRUCTURE,
sales_monthly_by_sku_branch_202607161619.csv,152825,33.L1.ICO-060120-004.01,33.L1.ICO-060120-004,016,2024-06-01,MAPPED,MAPPED,INVALID_STRUCTURE,
sales_monthly_by_sku_branch_202607161619.csv,152826,33.L1.ICO-060120-004.01,33.L1.ICO-060120-004,016,2024-09-01,MAPPED,MAPPED,INVALID_STRUCTURE,
sales_monthly_by_sku_branch_202607161619.csv,152827,33.L1.ICO-060120-004.01,33.L1.ICO-060120-004,017,2024-07-01,MAPPED,MAPPED,INVALID_STRUCTURE,
sales_monthly_by_sku_branch_202607161619.csv,152828,33.L1.ICO-060120-004.01,33.L1.ICO-060120-004,017,2024-08-01,MAPPED,MAPPED,INVALID_STRUCTURE,
sales_monthly_by_sku_branch_202607161619.csv,152829,33.L1.ICO-060120-004.01,33.L1.ICO-060120-004,017,2024-10-01,MAPPED,MAPPED,INVALID_STRUCTURE,
sales_monthly_by_sku_branch_202607161619.csv,152830,33.L1.ICO-060120-004.01,33.L1.ICO-060120-004,017,2025-04-01,MAPPED,MAPPED,INVALID_STRUCTURE,
sales_monthly_by_sku_branch_202607161619.csv,152831,33.L1.ICO-060120-004.01,33.L1.ICO-060120-004,017,2025-08-01,MAPPED,MAPPED,INVALID_STRUCTURE,
sales_monthly_by_sku_branch_202607161619.csv,152832,33.L1.ICO-060120-004.01,33.L1.ICO-060120-004,017,2025-09-01,MAPPED,MAPPED,INVALID_STRUCTURE,
sales_monthly_by_sku_branch_202607161619.csv,152833,33.L1.ICO-060120-004.01,33.L1.ICO-060120-004,017,2025-10-01,MAPPED,MAPPED,INVALID_STRUCTURE,
sales_monthly_by_sku_branch_202607161619.csv,152834,33.L1.ICO-060120-004.01,33.L1.ICO-060120-004,017,2025-11-01,MAPPED,MAPPED,INVALID_STRUCTURE,
sales_monthly_by_sku_branch_202607161619.csv,152835,33.L1.ICO-060120-004.01,33.L1.ICO-060120-004,017,2026-02-01,MAPPED,MAPPED,INVALID_STRUCTURE,
sales_monthly_by_sku_branch_202607161619.csv,152836,33.L1.ICO-060120-004.01,33.L1.ICO-060120-004,017,2026-05-01,MAPPED,MAPPED,INVALID_STRUCTURE,
sales_monthly_by_sku_branch_202607161619.csv,152837,33.L1.ICO-060120-004.01,33.L1.ICO-060120-004,018,2024-01-01,MAPPED,MAPPED,INVALID_STRUCTURE,
sales_monthly_by_sku_branch_202607161619.csv,152838,33.L1.ICO-060120-004.01,33.L1.ICO-060120-004,018,2024-03-01,MAPPED,MAPPED,INVALID_STRUCTURE,
sales_monthly_by_sku_branch_202607161619.csv,152839,33.L1.ICO-060120-004.01,33.L1.ICO-060120-004,018,2024-07-01,MAPPED,MAPPED,INVALID_STRUCTURE,
sales_monthly_by_sku_branch_202607161619.csv,152840,33.L1.ICO-060120-004.01,33.L1.ICO-060120-004,018,2024-09-01,MAPPED,MAPPED,INVALID_STRUCTURE,
sales_monthly_by_sku_branch_202607161619.csv,152841,33.L1.ICO-060120-004.01,33.L1.ICO-060120-004,018,2024-11-01,MAPPED,MAPPED,INVALID_STRUCTURE,
sales_monthly_by_sku_branch_202607161619.csv,152842,33.L1.ICO-060120-004.01,33.L1.ICO-060120-004,018,2024-12-01,MAPPED,MAPPED,INVALID_STRUCTURE,
sales_monthly_by_sku_branch_202607161619.csv,152843,33.L1.ICO-060120-004.01,33.L1.ICO-060120-004,018,2025-06-01,MAPPED,MAPPED,INVALID_STRUCTURE,
sales_monthly_by_sku_branch_202607161619.csv,152844,33.L1.ICO-060120-004.01,33.L1.ICO-060120-004,018,2025-07-01,MAPPED,MAPPED,INVALID_STRUCTURE,
sales_monthly_by_sku_branch_202607161619.csv,152845,33.L1.ICO-060120-004.01,33.L1.ICO-060120-004,018,2026-04-01,MAPPED,MAPPED,INVALID_STRUCTURE,
sales_monthly_by_sku_branch_202607161619.csv,152846,33.L1.ICO-060120-004.01,33.L1.ICO-060120-004,018,2026-05-01,MAPPED,MAPPED,INVALID_STRUCTURE,
sales_monthly_by_sku_branch_202607161619.csv,152847,33.L1.ICO-060120-004.01,33.L1.ICO-060120-004,019,2025-07-01,MAPPED,MAPPED,INVALID_STRUCTURE,
sales_monthly_by_sku_branch_202607161619.csv,152848,33.L1.ICO-060120-004.01,33.L1.ICO-060120-004,019,2026-02-01,MAPPED,MAPPED,INVALID_STRUCTURE,
sales_monthly_by_sku_branch_202607161619.csv,152849,33.L1.ICO-060120-004.01,33.L1.ICO-060120-004,019,2026-03-01,MAPPED,MAPPED,INVALID_STRUCTURE,
sales_monthly_by_sku_branch_202607161619.csv,152850,33.L1.ICO-060120-004.01,33.L1.ICO-060120-004,022,2024-05-01,MAPPED,MAPPED,INVALID_STRUCTURE,
sales_monthly_by_sku_branch_202607161619.csv,152851,33.L1.ICO-060120-004.01,33.L1.ICO-060120-004,022,2024-08-01,MAPPED,MAPPED,INVALID_STRUCTURE,
sales_monthly_by_sku_branch_202607161619.csv,152852,33.L1.ICO-060120-004.01,33.L1.ICO-060120-004,022,2024-10-01,MAPPED,MAPPED,INVALID_STRUCTURE,
sales_monthly_by_sku_branch_202607161619.csv,152853,33.L1.ICO-060120-004.01,33.L1.ICO-060120-004,022,2024-11-01,MAPPED,MAPPED,INVALID_STRUCTURE,
sales_monthly_by_sku_branch_202607161619.csv,152854,33.L1.ICO-060120-004.01,33.L1.ICO-060120-004,023,2024-03-01,MAPPED,MAPPED,INVALID_STRUCTURE,
sales_monthly_by_sku_branch_202607161619.csv,152855,33.L1.ICO-060120-004.01,33.L1.ICO-060120-004,023,2024-05-01,MAPPED,MAPPED,INVALID_STRUCTURE,
sales_monthly_by_sku_branch_202607161619.csv,152856,33.L1.ICO-060120-004.01,33.L1.ICO-060120-004,023,2024-11-01,MAPPED,MAPPED,INVALID_STRUCTURE,
sales_monthly_by_sku_branch_202607161619.csv,152857,33.L1.ICO-060120-004.01,33.L1.ICO-060120-004,023,2024-12-01,MAPPED,MAPPED,INVALID_STRUCTURE,
sales_monthly_by_sku_branch_202607161619.csv,152858,33.L1.ICO-060120-004.01,33.L1.ICO-060120-004,023,2025-01-01,MAPPED,MAPPED,INVALID_STRUCTURE,
sales_monthly_by_sku_branch_202607161619.csv,152859,33.L1.ICO-060120-004.01,33.L1.ICO-060120-004,024,2024-01-01,MAPPED,MAPPED,INVALID_STRUCTURE,
sales_monthly_by_sku_branch_202607161619.csv,152860,33.L1.ICO-060120-004.01,33.L1.ICO-060120-004,024,2024-03-01,MAPPED,MAPPED,INVALID_STRUCTURE,
sales_monthly_by_sku_branch_202607161619.csv,152861,33.L1.ICO-060120-004.01,33.L1.ICO-060120-004,024,2024-04-01,MAPPED,MAPPED,INVALID_STRUCTURE,
sales_monthly_by_sku_branch_202607161619.csv,152862,33.L1.ICO-060120-004.01,33.L1.ICO-060120-004,024,2024-05-01,MAPPED,MAPPED,INVALID_STRUCTURE,
sales_monthly_by_sku_branch_202607161619.csv,152863,33.L1.ICO-060120-004.01,33.L1.ICO-060120-004,024,2024-07-01,MAPPED,MAPPED,INVALID_STRUCTURE,
sales_monthly_by_sku_branch_202607161619.csv,152864,33.L1.ICO-060120-004.01,33.L1.ICO-060120-004,024,2024-11-01,MAPPED,MAPPED,INVALID_STRUCTURE,
sales_monthly_by_sku_branch_202607161619.csv,152865,33.L1.ICO-060120-004.01,33.L1.ICO-060120-004,024,2025-03-01,MAPPED,MAPPED,INVALID_STRUCTURE,
sales_monthly_by_sku_branch_202607161619.csv,152866,33.L1.ICO-060120-004.01,33.L1.ICO-060120-004,024,2026-04-01,MAPPED,MAPPED,INVALID_STRUCTURE,
sales_monthly_by_sku_branch_202607161619.csv,152867,33.L1.ICO-060120-004.01,33.L1.ICO-060120-004,069,2025-05-01,MAPPED,MAPPED,INVALID_STRUCTURE,
sales_monthly_by_sku_branch_202607161619.csv,152868,33.L1.ICO-060120-004.01,33.L1.ICO-060120-004,069,2025-07-01,MAPPED,MAPPED,INVALID_STRUCTURE,
sales_monthly_by_sku_branch_202607161619.csv,152869,33.L1.ICO-060120-004.01,33.L1.ICO-060120-004,069,2026-02-01,MAPPED,MAPPED,INVALID_STRUCTURE,
sales_monthly_by_sku_branch_202607161619.csv,152870,33.L1.ICO-060120-004.01,33.L1.ICO-060120-004,073,2026-04-01,MAPPED,MAPPED,INVALID_STRUCTURE,
sales_monthly_by_sku_branch_202607161619.csv,152871,33.L1.ICO-060120-004.01,33.L1.ICO-060120-004,073,2026-06-01,MAPPED,MAPPED,INVALID_STRUCTURE,
sales_monthly_by_sku_branch_202607161619.csv,152872,33.L1.ICO-060120-004.01,33.L1.ICO-060120-004,079,2024-05-01,MAPPED,MAPPED,INVALID_STRUCTURE,
sales_monthly_by_sku_branch_202607161619.csv,152873,33.L1.ICO-060120-004.01,33.L1.ICO-060120-004,093,2024-06-01,MAPPED,MAPPED,INVALID_STRUCTURE,
sales_monthly_by_sku_branch_202607161619.csv,152874,33.L1.ICO-060120-004.01,33.L1.ICO-060120-004,123,2026-06-01,MAPPED,MAPPED,INVALID_STRUCTURE,
sales_monthly_by_sku_branch_202607161619.csv,152875,33.L1.ICO-060120-005.01,33.L1.ICO-060120-005,000,2024-02-01,MAPPED,MAPPED,INVALID_STRUCTURE,
sales_monthly_by_sku_branch_202607161619.csv,152876,33.L1.ICO-060120-005.01,33.L1.ICO-060120-005,002,2024-05-01,MAPPED,MAPPED,INVALID_STRUCTURE,
sales_monthly_by_sku_branch_202607161619.csv,152877,33.L1.ICO-060120-005.01,33.L1.ICO-060120-005,002,2024-08-01,MAPPED,MAPPED,INVALID_STRUCTURE,
sales_monthly_by_sku_branch_202607161619.csv,152878,33.L1.ICO-060120-005.01,33.L1.ICO-060120-005,002,2024-09-01,MAPPED,MAPPED,INVALID_STRUCTURE,
sales_monthly_by_sku_branch_202607161619.csv,152879,33.L1.ICO-060120-005.01,33.L1.ICO-060120-005,002,2024-10-01,MAPPED,MAPPED,INVALID_STRUCTURE,
sales_monthly_by_sku_branch_202607161619.csv,152880,33.L1.ICO-060120-005.01,33.L1.ICO-060120-005,002,2024-12-01,MAPPED,MAPPED,INVALID_STRUCTURE,
sales_monthly_by_sku_branch_202607161619.csv,152881,33.L1.ICO-060120-005.01,33.L1.ICO-060120-005,008,2024-01-01,MAPPED,MAPPED,INVALID_STRUCTURE,
sales_monthly_by_sku_branch_202607161619.csv,152882,33.L1.ICO-060120-005.01,33.L1.ICO-060120-005,008,2024-03-01,MAPPED,MAPPED,INVALID_STRUCTURE,
sales_monthly_by_sku_branch_202607161619.csv,152883,33.L1.ICO-060120-005.01,33.L1.ICO-060120-005,008,2024-04-01,MAPPED,MAPPED,INVALID_STRUCTURE,
sales_monthly_by_sku_branch_202607161619.csv,152884,33.L1.ICO-060120-005.01,33.L1.ICO-060120-005,008,2024-05-01,MAPPED,MAPPED,INVALID_STRUCTURE,
sales_monthly_by_sku_branch_202607161619.csv,152885,33.L1.ICO-060120-005.01,33.L1.ICO-060120-005,008,2024-06-01,MAPPED,MAPPED,INVALID_STRUCTURE,
sales_monthly_by_sku_branch_202607161619.csv,152886,33.L1.ICO-060120-005.01,33.L1.ICO-060120-005,008,2024-07-01,MAPPED,MAPPED,INVALID_STRUCTURE,
sales_monthly_by_sku_branch_202607161619.csv,152887,33.L1.ICO-060120-005.01,33.L1.ICO-060120-005,008,2026-03-01,MAPPED,MAPPED,INVALID_STRUCTURE,
sales_monthly_by_sku_branch_202607161619.csv,152888,33.L1.ICO-060120-005.01,33.L1.ICO-060120-005,010,2024-01-01,MAPPED,MAPPED,INVALID_STRUCTURE,
sales_monthly_by_sku_branch_202607161619.csv,152889,33.L1.ICO-060120-005.01,33.L1.ICO-060120-005,010,2024-02-01,MAPPED,MAPPED,INVALID_STRUCTURE,
sales_monthly_by_sku_branch_202607161619.csv,152890,33.L1.ICO-060120-005.01,33.L1.ICO-060120-005,010,2024-03-01,MAPPED,MAPPED,INVALID_STRUCTURE,
sales_monthly_by_sku_branch_202607161619.csv,152891,33.L1.ICO-060120-005.01,33.L1.ICO-060120-005,010,2024-04-01,MAPPED,MAPPED,INVALID_STRUCTURE,
sales_monthly_by_sku_branch_202607161619.csv,152892,33.L1.ICO-060120-005.01,33.L1.ICO-060120-005,010,2024-05-01,MAPPED,MAPPED,INVALID_STRUCTURE,
sales_monthly_by_sku_branch_202607161619.csv,152893,33.L1.ICO-060120-005.01,33.L1.ICO-060120-005,010,2024-06-01,MAPPED,MAPPED,INVALID_STRUCTURE,
sales_monthly_by_sku_branch_202607161619.csv,152894,33.L1.ICO-060120-005.01,33.L1.ICO-060120-005,010,2024-07-01,MAPPED,MAPPED,INVALID_STRUCTURE,
sales_monthly_by_sku_branch_202607161619.csv,152895,33.L1.ICO-060120-005.01,33.L1.ICO-060120-005,010,2024-08-01,MAPPED,MAPPED,INVALID_STRUCTURE,
sales_monthly_by_sku_branch_202607161619.csv,152896,33.L1.ICO-060120-005.01,33.L1.ICO-060120-005,010,2024-09-01,MAPPED,MAPPED,INVALID_STRUCTURE,
sales_monthly_by_sku_branch_202607161619.csv,152897,33.L1.ICO-060120-005.01,33.L1.ICO-060120-005,010,2024-10-01,MAPPED,MAPPED,INVALID_STRUCTURE,
sales_monthly_by_sku_branch_202607161619.csv,152898,33.L1.ICO-060120-005.01,33.L1.ICO-060120-005,010,2024-11-01,MAPPED,MAPPED,INVALID_STRUCTURE,
sales_monthly_by_sku_branch_202607161619.csv,152899,33.L1.ICO-060120-005.01,33.L1.ICO-060120-005,011,2024-01-01,MAPPED,MAPPED,INVALID_STRUCTURE,
sales_monthly_by_sku_branch_202607161619.csv,152900,33.L1.ICO-060120-005.01,33.L1.ICO-060120-005,011,2024-02-01,MAPPED,MAPPED,INVALID_STRUCTURE,
sales_monthly_by_sku_branch_202607161619.csv,152901,33.L1.ICO-060120-005.01,33.L1.ICO-060120-005,011,2024-08-01,MAPPED,MAPPED,INVALID_STRUCTURE,
sales_monthly_by_sku_branch_202607161619.csv,152902,33.L1.ICO-060120-005.01,33.L1.ICO-060120-005,014,2024-02-01,MAPPED,MAPPED,INVALID_STRUCTURE,
sales_monthly_by_sku_branch_202607161619.csv,152903,33.L1.ICO-060120-005.01,33.L1.ICO-060120-005,015,2024-01-01,MAPPED,MAPPED,INVALID_STRUCTURE,
sales_monthly_by_sku_branch_202607161619.csv,152904,33.L1.ICO-060120-005.01,33.L1.ICO-060120-005,015,2024-02-01,MAPPED,MAPPED,INVALID_STRUCTURE,
sales_monthly_by_sku_branch_202607161619.csv,152905,33.L1.ICO-060120-005.01,33.L1.ICO-060120-005,015,2024-03-01,MAPPED,MAPPED,INVALID_STRUCTURE,
sales_monthly_by_sku_branch_202607161619.csv,152906,33.L1.ICO-060120-005.01,33.L1.ICO-060120-005,015,2024-04-01,MAPPED,MAPPED,INVALID_STRUCTURE,
sales_monthly_by_sku_branch_202607161619.csv,152907,33.L1.ICO-060120-005.01,33.L1.ICO-060120-005,015,2024-05-01,MAPPED,MAPPED,INVALID_STRUCTURE,
sales_monthly_by_sku_branch_202607161619.csv,152908,33.L1.ICO-060120-005.01,33.L1.ICO-060120-005,015,2024-06-01,MAPPED,MAPPED,INVALID_STRUCTURE,
sales_monthly_by_sku_branch_202607161619.csv,152909,33.L1.ICO-060120-005.01,33.L1.ICO-060120-005,015,2024-07-01,MAPPED,MAPPED,INVALID_STRUCTURE,
sales_monthly_by_sku_branch_202607161619.csv,152910,33.L1.ICO-060120-005.01,33.L1.ICO-060120-005,015,2024-08-01,MAPPED,MAPPED,INVALID_STRUCTURE,
sales_monthly_by_sku_branch_202607161619.csv,152911,33.L1.ICO-060120-005.01,33.L1.ICO-060120-005,015,2024-09-01,MAPPED,MAPPED,INVALID_STRUCTURE,
sales_monthly_by_sku_branch_202607161619.csv,152912,33.L1.ICO-060120-005.01,33.L1.ICO-060120-005,015,2024-10-01,MAPPED,MAPPED,INVALID_STRUCTURE,
sales_monthly_by_sku_branch_202607161619.csv,152913,33.L1.ICO-060120-005.01,33.L1.ICO-060120-005,015,2025-01-01,MAPPED,MAPPED,INVALID_STRUCTURE,
sales_monthly_by_sku_branch_202607161619.csv,152914,33.L1.ICO-060120-005.01,33.L1.ICO-060120-005,015,2025-03-01,MAPPED,MAPPED,INVALID_STRUCTURE,
sales_monthly_by_sku_branch_202607161619.csv,152915,33.L1.ICO-060120-005.01,33.L1.ICO-060120-005,016,2024-01-01,MAPPED,MAPPED,INVALID_STRUCTURE,
sales_monthly_by_sku_branch_202607161619.csv,152916,33.L1.ICO-060120-005.01,33.L1.ICO-060120-005,016,2024-03-01,MAPPED,MAPPED,INVALID_STRUCTURE,
sales_monthly_by_sku_branch_202607161619.csv,152917,33.L1.ICO-060120-005.01,33.L1.ICO-060120-005,016,2024-04-01,MAPPED,MAPPED,INVALID_STRUCTURE,
sales_monthly_by_sku_branch_202607161619.csv,152918,33.L1.ICO-060120-005.01,33.L1.ICO-060120-005,016,2024-06-01,MAPPED,MAPPED,INVALID_STRUCTURE,
sales_monthly_by_sku_branch_202607161619.csv,152919,33.L1.ICO-060120-005.01,33.L1.ICO-060120-005,016,2024-07-01,MAPPED,MAPPED,INVALID_STRUCTURE,
sales_monthly_by_sku_branch_202607161619.csv,152920,33.L1.ICO-060120-005.01,33.L1.ICO-060120-005,016,2024-08-01,MAPPED,MAPPED,INVALID_STRUCTURE,
sales_monthly_by_sku_branch_202607161619.csv,152921,33.L1.ICO-060120-005.01,33.L1.ICO-060120-005,016,2024-09-01,MAPPED,MAPPED,INVALID_STRUCTURE,
sales_monthly_by_sku_branch_202607161619.csv,152922,33.L1.ICO-060120-005.01,33.L1.ICO-060120-005,016,2024-10-01,MAPPED,MAPPED,INVALID_STRUCTURE,
sales_monthly_by_sku_branch_202607161619.csv,152923,33.L1.ICO-060120-005.01,33.L1.ICO-060120-005,016,2024-11-01,MAPPED,MAPPED,INVALID_STRUCTURE,
sales_monthly_by_sku_branch_202607161619.csv,152924,33.L1.ICO-060120-005.01,33.L1.ICO-060120-005,017,2024-03-01,MAPPED,MAPPED,INVALID_STRUCTURE,
sales_monthly_by_sku_branch_202607161619.csv,152925,33.L1.ICO-060120-005.01,33.L1.ICO-060120-005,017,2024-06-01,MAPPED,MAPPED,INVALID_STRUCTURE,
sales_monthly_by_sku_branch_202607161619.csv,152926,33.L1.ICO-060120-005.01,33.L1.ICO-060120-005,017,2024-07-01,MAPPED,MAPPED,INVALID_STRUCTURE,
sales_monthly_by_sku_branch_202607161619.csv,152927,33.L1.ICO-060120-005.01,33.L1.ICO-060120-005,017,2024-10-01,MAPPED,MAPPED,INVALID_STRUCTURE,
sales_monthly_by_sku_branch_202607161619.csv,152928,33.L1.ICO-060120-005.01,33.L1.ICO-060120-005,018,2024-07-01,MAPPED,MAPPED,INVALID_STRUCTURE,
sales_monthly_by_sku_branch_202607161619.csv,152929,33.L1.ICO-060120-005.01,33.L1.ICO-060120-005,019,2024-01-01,MAPPED,MAPPED,INVALID_STRUCTURE,
sales_monthly_by_sku_branch_202607161619.csv,152930,33.L1.ICO-060120-005.01,33.L1.ICO-060120-005,019,2024-07-01,MAPPED,MAPPED,INVALID_STRUCTURE,
sales_monthly_by_sku_branch_202607161619.csv,152931,33.L1.ICO-060120-005.01,33.L1.ICO-060120-005,019,2024-08-01,MAPPED,MAPPED,INVALID_STRUCTURE,
sales_monthly_by_sku_branch_202607161619.csv,152932,33.L1.ICO-060120-005.01,33.L1.ICO-060120-005,019,2024-09-01,MAPPED,MAPPED,INVALID_STRUCTURE,
sales_monthly_by_sku_branch_202607161619.csv,152933,33.L1.ICO-060120-005.01,33.L1.ICO-060120-005,019,2024-10-01,MAPPED,MAPPED,INVALID_STRUCTURE,
sales_monthly_by_sku_branch_202607161619.csv,152934,33.L1.ICO-060120-005.01,33.L1.ICO-060120-005,019,2024-12-01,MAPPED,MAPPED,INVALID_STRUCTURE,
sales_monthly_by_sku_branch_202607161619.csv,152935,33.L1.ICO-060120-005.01,33.L1.ICO-060120-005,022,2024-09-01,MAPPED,MAPPED,INVALID_STRUCTURE,
sales_monthly_by_sku_branch_202607161619.csv,152936,33.L1.ICO-060120-005.01,33.L1.ICO-060120-005,023,2024-01-01,MAPPED,MAPPED,INVALID_STRUCTURE,
sales_monthly_by_sku_branch_202607161619.csv,152937,33.L1.ICO-060120-005.01,33.L1.ICO-060120-005,023,2024-05-01,MAPPED,MAPPED,INVALID_STRUCTURE,
sales_monthly_by_sku_branch_202607161619.csv,152938,33.L1.ICO-060120-005.01,33.L1.ICO-060120-005,023,2024-07-01,MAPPED,MAPPED,INVALID_STRUCTURE,
sales_monthly_by_sku_branch_202607161619.csv,152939,33.L1.ICO-060120-005.01,33.L1.ICO-060120-005,023,2024-08-01,MAPPED,MAPPED,INVALID_STRUCTURE,
sales_monthly_by_sku_branch_202607161619.csv,152940,33.L1.ICO-060120-005.01,33.L1.ICO-060120-005,023,2024-10-01,MAPPED,MAPPED,INVALID_STRUCTURE,
sales_monthly_by_sku_branch_202607161619.csv,152941,33.L1.ICO-060120-005.01,33.L1.ICO-060120-005,023,2024-11-01,MAPPED,MAPPED,INVALID_STRUCTURE,
sales_monthly_by_sku_branch_202607161619.csv,152942,33.L1.ICO-060120-005.01,33.L1.ICO-060120-005,024,2024-04-01,MAPPED,MAPPED,INVALID_STRUCTURE,
sales_monthly_by_sku_branch_202607161619.csv,152943,33.L1.ICO-060120-005.01,33.L1.ICO-060120-005,024,2024-06-01,MAPPED,MAPPED,INVALID_STRUCTURE,
sales_monthly_by_sku_branch_202607161619.csv,152944,33.L1.ICO-060120-005.01,33.L1.ICO-060120-005,024,2024-07-01,MAPPED,MAPPED,INVALID_STRUCTURE,
sales_monthly_by_sku_branch_202607161619.csv,152945,33.L1.ICO-060120-005.01,33.L1.ICO-060120-005,049,2024-07-01,MAPPED,MAPPED,INVALID_STRUCTURE,
sales_monthly_by_sku_branch_202607161619.csv,152946,33.L1.ICO-060120-006.01,33.L1.ICO-060120-006,000,2024-07-01,MAPPED,MAPPED,INVALID_STRUCTURE,
sales_monthly_by_sku_branch_202607161619.csv,152947,33.L1.ICO-060120-006.01,33.L1.ICO-060120-006,002,2024-04-01,MAPPED,MAPPED,INVALID_STRUCTURE,
sales_monthly_by_sku_branch_202607161619.csv,152948,33.L1.ICO-060120-006.01,33.L1.ICO-060120-006,002,2024-06-01,MAPPED,MAPPED,INVALID_STRUCTURE,
sales_monthly_by_sku_branch_202607161619.csv,152949,33.L1.ICO-060120-006.01,33.L1.ICO-060120-006,008,2024-01-01,MAPPED,MAPPED,INVALID_STRUCTURE,
sales_monthly_by_sku_branch_202607161619.csv,152950,33.L1.ICO-060120-006.01,33.L1.ICO-060120-006,008,2024-04-01,MAPPED,MAPPED,INVALID_STRUCTURE,
sales_monthly_by_sku_branch_202607161619.csv,152951,33.L1.ICO-060120-006.01,33.L1.ICO-060120-006,008,2024-05-01,MAPPED,MAPPED,INVALID_STRUCTURE,
sales_monthly_by_sku_branch_202607161619.csv,152952,33.L1.ICO-060120-006.01,33.L1.ICO-060120-006,008,2024-06-01,MAPPED,MAPPED,INVALID_STRUCTURE,
sales_monthly_by_sku_branch_202607161619.csv,152953,33.L1.ICO-060120-006.01,33.L1.ICO-060120-006,008,2024-07-01,MAPPED,MAPPED,INVALID_STRUCTURE,
sales_monthly_by_sku_branch_202607161619.csv,152954,33.L1.ICO-060120-006.01,33.L1.ICO-060120-006,008,2024-08-01,MAPPED,MAPPED,INVALID_STRUCTURE,
sales_monthly_by_sku_branch_202607161619.csv,152955,33.L1.ICO-060120-006.01,33.L1.ICO-060120-006,008,2024-09-01,MAPPED,MAPPED,INVALID_STRUCTURE,
sales_monthly_by_sku_branch_202607161619.csv,152956,33.L1.ICO-060120-006.01,33.L1.ICO-060120-006,008,2026-03-01,MAPPED,MAPPED,INVALID_STRUCTURE,
sales_monthly_by_sku_branch_202607161619.csv,152957,33.L1.ICO-060120-006.01,33.L1.ICO-060120-006,010,2024-03-01,MAPPED,MAPPED,INVALID_STRUCTURE,
sales_monthly_by_sku_branch_202607161619.csv,152958,33.L1.ICO-060120-006.01,33.L1.ICO-060120-006,010,2024-04-01,MAPPED,MAPPED,INVALID_STRUCTURE,
sales_monthly_by_sku_branch_202607161619.csv,152959,33.L1.ICO-060120-006.01,33.L1.ICO-060120-006,010,2024-05-01,MAPPED,MAPPED,INVALID_STRUCTURE,
sales_monthly_by_sku_branch_202607161619.csv,152960,33.L1.ICO-060120-006.01,33.L1.ICO-060120-006,010,2024-08-01,MAPPED,MAPPED,INVALID_STRUCTURE,
sales_monthly_by_sku_branch_202607161619.csv,152961,33.L1.ICO-060120-006.01,33.L1.ICO-060120-006,010,2024-09-01,MAPPED,MAPPED,INVALID_STRUCTURE,
sales_monthly_by_sku_branch_202607161619.csv,152962,33.L1.ICO-060120-006.01,33.L1.ICO-060120-006,010,2024-11-01,MAPPED,MAPPED,INVALID_STRUCTURE,
sales_monthly_by_sku_branch_202607161619.csv,152963,33.L1.ICO-060120-006.01,33.L1.ICO-060120-006,011,2024-01-01,MAPPED,MAPPED,INVALID_STRUCTURE,
sales_monthly_by_sku_branch_202607161619.csv,152964,33.L1.ICO-060120-006.01,33.L1.ICO-060120-006,011,2024-03-01,MAPPED,MAPPED,INVALID_STRUCTURE,
sales_monthly_by_sku_branch_202607161619.csv,152965,33.L1.ICO-060120-006.01,33.L1.ICO-060120-006,011,2024-06-01,MAPPED,MAPPED,INVALID_STRUCTURE,
sales_monthly_by_sku_branch_202607161619.csv,152966,33.L1.ICO-060120-006.01,33.L1.ICO-060120-006,011,2024-07-01,MAPPED,MAPPED,INVALID_STRUCTURE,
sales_monthly_by_sku_branch_202607161619.csv,152967,33.L1.ICO-060120-006.01,33.L1.ICO-060120-006,011,2024-08-01,MAPPED,MAPPED,INVALID_STRUCTURE,
sales_monthly_by_sku_branch_202607161619.csv,152968,33.L1.ICO-060120-006.01,33.L1.ICO-060120-006,011,2024-10-01,MAPPED,MAPPED,INVALID_STRUCTURE,
sales_monthly_by_sku_branch_202607161619.csv,152969,33.L1.ICO-060120-006.01,33.L1.ICO-060120-006,013,2024-04-01,MAPPED,MAPPED,INVALID_STRUCTURE,
sales_monthly_by_sku_branch_202607161619.csv,152970,33.L1.ICO-060120-006.01,33.L1.ICO-060120-006,013,2024-08-01,MAPPED,MAPPED,INVALID_STRUCTURE,
sales_monthly_by_sku_branch_202607161619.csv,152971,33.L1.ICO-060120-006.01,33.L1.ICO-060120-006,013,2024-10-01,MAPPED,MAPPED,INVALID_STRUCTURE,
sales_monthly_by_sku_branch_202607161619.csv,152972,33.L1.ICO-060120-006.01,33.L1.ICO-060120-006,015,2024-01-01,MAPPED,MAPPED,INVALID_STRUCTURE,
sales_monthly_by_sku_branch_202607161619.csv,152973,33.L1.ICO-060120-006.01,33.L1.ICO-060120-006,015,2024-03-01,MAPPED,MAPPED,INVALID_STRUCTURE,
sales_monthly_by_sku_branch_202607161619.csv,152974,33.L1.ICO-060120-006.01,33.L1.ICO-060120-006,015,2024-04-01,MAPPED,MAPPED,INVALID_STRUCTURE,
sales_monthly_by_sku_branch_202607161619.csv,152975,33.L1.ICO-060120-006.01,33.L1.ICO-060120-006,015,2024-05-01,MAPPED,MAPPED,INVALID_STRUCTURE,
sales_monthly_by_sku_branch_202607161619.csv,152976,33.L1.ICO-060120-006.01,33.L1.ICO-060120-006,015,2024-06-01,MAPPED,MAPPED,INVALID_STRUCTURE,
sales_monthly_by_sku_branch_202607161619.csv,152977,33.L1.ICO-060120-006.01,33.L1.ICO-060120-006,015,2024-07-01,MAPPED,MAPPED,INVALID_STRUCTURE,
sales_monthly_by_sku_branch_202607161619.csv,152978,33.L1.ICO-060120-006.01,33.L1.ICO-060120-006,015,2024-08-01,MAPPED,MAPPED,INVALID_STRUCTURE,
sales_monthly_by_sku_branch_202607161619.csv,152979,33.L1.ICO-060120-006.01,33.L1.ICO-060120-006,016,2024-01-01,MAPPED,MAPPED,INVALID_STRUCTURE,
sales_monthly_by_sku_branch_202607161619.csv,152980,33.L1.ICO-060120-006.01,33.L1.ICO-060120-006,016,2024-02-01,MAPPED,MAPPED,INVALID_STRUCTURE,
sales_monthly_by_sku_branch_202607161619.csv,152981,33.L1.ICO-060120-006.01,33.L1.ICO-060120-006,016,2024-03-01,MAPPED,MAPPED,INVALID_STRUCTURE,
sales_monthly_by_sku_branch_202607161619.csv,152982,33.L1.ICO-060120-006.01,33.L1.ICO-060120-006,016,2024-04-01,MAPPED,MAPPED,INVALID_STRUCTURE,
sales_monthly_by_sku_branch_202607161619.csv,152983,33.L1.ICO-060120-006.01,33.L1.ICO-060120-006,016,2024-05-01,MAPPED,MAPPED,INVALID_STRUCTURE,
sales_monthly_by_sku_branch_202607161619.csv,152984,33.L1.ICO-060120-006.01,33.L1.ICO-060120-006,016,2024-06-01,MAPPED,MAPPED,INVALID_STRUCTURE,
sales_monthly_by_sku_branch_202607161619.csv,152985,33.L1.ICO-060120-006.01,33.L1.ICO-060120-006,016,2024-09-01,MAPPED,MAPPED,INVALID_STRUCTURE,
sales_monthly_by_sku_branch_202607161619.csv,152986,33.L1.ICO-060120-006.01,33.L1.ICO-060120-006,016,2024-10-01,MAPPED,MAPPED,INVALID_STRUCTURE,
sales_monthly_by_sku_branch_202607161619.csv,152987,33.L1.ICO-060120-006.01,33.L1.ICO-060120-006,016,2024-11-01,MAPPED,MAPPED,INVALID_STRUCTURE,
sales_monthly_by_sku_branch_202607161619.csv,152988,33.L1.ICO-060120-006.01,33.L1.ICO-060120-006,016,2025-06-01,MAPPED,MAPPED,INVALID_STRUCTURE,
sales_monthly_by_sku_branch_202607161619.csv,152989,33.L1.ICO-060120-006.01,33.L1.ICO-060120-006,017,2024-04-01,MAPPED,MAPPED,INVALID_STRUCTURE,
sales_monthly_by_sku_branch_202607161619.csv,152990,33.L1.ICO-060120-006.01,33.L1.ICO-060120-006,017,2024-05-01,MAPPED,MAPPED,INVALID_STRUCTURE,
sales_monthly_by_sku_branch_202607161619.csv,152991,33.L1.ICO-060120-006.01,33.L1.ICO-060120-006,017,2024-06-01,MAPPED,MAPPED,INVALID_STRUCTURE,
sales_monthly_by_sku_branch_202607161619.csv,152992,33.L1.ICO-060120-006.01,33.L1.ICO-060120-006,017,2024-07-01,MAPPED,MAPPED,INVALID_STRUCTURE,
sales_monthly_by_sku_branch_202607161619.csv,152993,33.L1.ICO-060120-006.01,33.L1.ICO-060120-006,017,2024-08-01,MAPPED,MAPPED,INVALID_STRUCTURE,
sales_monthly_by_sku_branch_202607161619.csv,152994,33.L1.ICO-060120-006.01,33.L1.ICO-060120-006,017,2024-10-01,MAPPED,MAPPED,INVALID_STRUCTURE,
sales_monthly_by_sku_branch_202607161619.csv,152995,33.L1.ICO-060120-006.01,33.L1.ICO-060120-006,017,2024-11-01,MAPPED,MAPPED,INVALID_STRUCTURE,
sales_monthly_by_sku_branch_202607161619.csv,152996,33.L1.ICO-060120-006.01,33.L1.ICO-060120-006,018,2024-03-01,MAPPED,MAPPED,INVALID_STRUCTURE,
sales_monthly_by_sku_branch_202607161619.csv,152997,33.L1.ICO-060120-006.01,33.L1.ICO-060120-006,018,2024-04-01,MAPPED,MAPPED,INVALID_STRUCTURE,
sales_monthly_by_sku_branch_202607161619.csv,152998,33.L1.ICO-060120-006.01,33.L1.ICO-060120-006,018,2024-06-01,MAPPED,MAPPED,INVALID_STRUCTURE,
sales_monthly_by_sku_branch_202607161619.csv,152999,33.L1.ICO-060120-006.01,33.L1.ICO-060120-006,018,2024-07-01,MAPPED,MAPPED,INVALID_STRUCTURE,
sales_monthly_by_sku_branch_202607161619.csv,153000,33.L1.ICO-060120-006.01,33.L1.ICO-060120-006,018,2024-08-01,MAPPED,MAPPED,INVALID_STRUCTURE,
sales_monthly_by_sku_branch_202607161619.csv,153001,33.L1.ICO-060120-006.01,33.L1.ICO-060120-006,018,2024-09-01,MAPPED,MAPPED,INVALID_STRUCTURE,
sales_monthly_by_sku_branch_202607161619.csv,153002,33.L1.ICO-060120-006.01,33.L1.ICO-060120-006,018,2024-11-01,MAPPED,MAPPED,INVALID_STRUCTURE,
sales_monthly_by_sku_branch_202607161619.csv,153003,33.L1.ICO-060120-006.01,33.L1.ICO-060120-006,018,2025-04-01,MAPPED,MAPPED,INVALID_STRUCTURE,
sales_monthly_by_sku_branch_202607161619.csv,153004,33.L1.ICO-060120-006.01,33.L1.ICO-060120-006,018,2025-05-01,MAPPED,MAPPED,INVALID_STRUCTURE,
sales_monthly_by_sku_branch_202607161619.csv,153005,33.L1.ICO-060120-006.01,33.L1.ICO-060120-006,018,2025-07-01,MAPPED,MAPPED,INVALID_STRUCTURE,
sales_monthly_by_sku_branch_202607161619.csv,153006,33.L1.ICO-060120-006.01,33.L1.ICO-060120-006,018,2025-08-01,MAPPED,MAPPED,INVALID_STRUCTURE,
sales_monthly_by_sku_branch_202607161619.csv,153007,33.L1.ICO-060120-006.01,33.L1.ICO-060120-006,019,2024-06-01,MAPPED,MAPPED,INVALID_STRUCTURE,
sales_monthly_by_sku_branch_202607161619.csv,153008,33.L1.ICO-060120-006.01,33.L1.ICO-060120-006,019,2024-09-01,MAPPED,MAPPED,INVALID_STRUCTURE,
sales_monthly_by_sku_branch_202607161619.csv,153009,33.L1.ICO-060120-006.01,33.L1.ICO-060120-006,022,2024-06-01,MAPPED,MAPPED,INVALID_STRUCTURE,
sales_monthly_by_sku_branch_202607161619.csv,153010,33.L1.ICO-060120-006.01,33.L1.ICO-060120-006,023,2024-01-01,MAPPED,MAPPED,INVALID_STRUCTURE,
sales_monthly_by_sku_branch_202607161619.csv,153011,33.L1.ICO-060120-006.01,33.L1.ICO-060120-006,023,2024-02-01,MAPPED,MAPPED,INVALID_STRUCTURE,
sales_monthly_by_sku_branch_202607161619.csv,153012,33.L1.ICO-060120-006.01,33.L1.ICO-060120-006,023,2024-05-01,MAPPED,MAPPED,INVALID_STRUCTURE,
sales_monthly_by_sku_branch_202607161619.csv,153013,33.L1.ICO-060120-006.01,33.L1.ICO-060120-006,023,2024-07-01,MAPPED,MAPPED,INVALID_STRUCTURE,
sales_monthly_by_sku_branch_202607161619.csv,153014,33.L1.ICO-060120-006.01,33.L1.ICO-060120-006,023,2024-08-01,MAPPED,MAPPED,INVALID_STRUCTURE,
sales_monthly_by_sku_branch_202607161619.csv,153015,33.L1.ICO-060120-006.01,33.L1.ICO-060120-006,024,2024-01-01,MAPPED,MAPPED,INVALID_STRUCTURE,
sales_monthly_by_sku_branch_202607161619.csv,153016,33.L1.ICO-060120-006.01,33.L1.ICO-060120-006,024,2024-02-01,MAPPED,MAPPED,INVALID_STRUCTURE,
sales_monthly_by_sku_branch_202607161619.csv,153017,33.L1.ICO-060120-006.01,33.L1.ICO-060120-006,024,2024-03-01,MAPPED,MAPPED,INVALID_STRUCTURE,
sales_monthly_by_sku_branch_202607161619.csv,153018,33.L1.ICO-060120-006.01,33.L1.ICO-060120-006,024,2024-04-01,MAPPED,MAPPED,INVALID_STRUCTURE,
sales_monthly_by_sku_branch_202607161619.csv,153019,33.L1.ICO-060120-006.01,33.L1.ICO-060120-006,024,2024-05-01,MAPPED,MAPPED,INVALID_STRUCTURE,
sales_monthly_by_sku_branch_202607161619.csv,153020,33.L1.ICO-060120-006.01,33.L1.ICO-060120-006,024,2024-09-01,MAPPED,MAPPED,INVALID_STRUCTURE,
sales_monthly_by_sku_branch_202607161619.csv,153021,33.L1.ICO-060120-006.01,33.L1.ICO-060120-006,049,2024-01-01,MAPPED,MAPPED,INVALID_STRUCTURE,
sales_monthly_by_sku_branch_202607161619.csv,153022,33.L1.ICO-060120-006.01,33.L1.ICO-060120-006,093,2024-07-01,MAPPED,MAPPED,INVALID_STRUCTURE,
sales_monthly_by_sku_branch_202607161619.csv,153023,33.L1.ICO-060120-007.01,33.L1.ICO-060120-007,002,2024-07-01,MAPPED,MAPPED,INVALID_STRUCTURE,
sales_monthly_by_sku_branch_202607161619.csv,153024,33.L1.ICO-060120-007.01,33.L1.ICO-060120-007,002,2024-11-01,MAPPED,MAPPED,INVALID_STRUCTURE,
sales_monthly_by_sku_branch_202607161619.csv,153025,33.L1.ICO-060120-007.01,33.L1.ICO-060120-007,002,2024-12-01,MAPPED,MAPPED,INVALID_STRUCTURE,
sales_monthly_by_sku_branch_202607161619.csv,153026,33.L1.ICO-060120-007.01,33.L1.ICO-060120-007,002,2025-06-01,MAPPED,MAPPED,INVALID_STRUCTURE,
sales_monthly_by_sku_branch_202607161619.csv,153027,33.L1.ICO-060120-007.01,33.L1.ICO-060120-007,008,2024-01-01,MAPPED,MAPPED,INVALID_STRUCTURE,
sales_monthly_by_sku_branch_202607161619.csv,153028,33.L1.ICO-060120-007.01,33.L1.ICO-060120-007,008,2024-10-01,MAPPED,MAPPED,INVALID_STRUCTURE,
sales_monthly_by_sku_branch_202607161619.csv,153029,33.L1.ICO-060120-007.01,33.L1.ICO-060120-007,008,2024-11-01,MAPPED,MAPPED,INVALID_STRUCTURE,
sales_monthly_by_sku_branch_202607161619.csv,153030,33.L1.ICO-060120-007.01,33.L1.ICO-060120-007,008,2026-03-01,MAPPED,MAPPED,INVALID_STRUCTURE,
sales_monthly_by_sku_branch_202607161619.csv,153031,33.L1.ICO-060120-007.01,33.L1.ICO-060120-007,010,2024-01-01,MAPPED,MAPPED,INVALID_STRUCTURE,
sales_monthly_by_sku_branch_202607161619.csv,153032,33.L1.ICO-060120-007.01,33.L1.ICO-060120-007,010,2024-03-01,MAPPED,MAPPED,INVALID_STRUCTURE,
sales_monthly_by_sku_branch_202607161619.csv,153033,33.L1.ICO-060120-007.01,33.L1.ICO-060120-007,010,2024-07-01,MAPPED,MAPPED,INVALID_STRUCTURE,
sales_monthly_by_sku_branch_202607161619.csv,153034,33.L1.ICO-060120-007.01,33.L1.ICO-060120-007,010,2024-09-01,MAPPED,MAPPED,INVALID_STRUCTURE,
sales_monthly_by_sku_branch_202607161619.csv,153035,33.L1.ICO-060120-007.01,33.L1.ICO-060120-007,010,2024-12-01,MAPPED,MAPPED,INVALID_STRUCTURE,
sales_monthly_by_sku_branch_202607161619.csv,153036,33.L1.ICO-060120-007.01,33.L1.ICO-060120-007,010,2025-01-01,MAPPED,MAPPED,INVALID_STRUCTURE,
sales_monthly_by_sku_branch_202607161619.csv,153037,33.L1.ICO-060120-007.01,33.L1.ICO-060120-007,011,2024-01-01,MAPPED,MAPPED,INVALID_STRUCTURE,
sales_monthly_by_sku_branch_202607161619.csv,153038,33.L1.ICO-060120-007.01,33.L1.ICO-060120-007,011,2024-02-01,MAPPED,MAPPED,INVALID_STRUCTURE,
sales_monthly_by_sku_branch_202607161619.csv,153039,33.L1.ICO-060120-007.01,33.L1.ICO-060120-007,011,2026-06-01,MAPPED,MAPPED,INVALID_STRUCTURE,
sales_monthly_by_sku_branch_202607161619.csv,153040,33.L1.ICO-060120-007.01,33.L1.ICO-060120-007,012,2024-01-01,MAPPED,MAPPED,INVALID_STRUCTURE,
sales_monthly_by_sku_branch_202607161619.csv,153041,33.L1.ICO-060120-007.01,33.L1.ICO-060120-007,012,2024-06-01,MAPPED,MAPPED,INVALID_STRUCTURE,
sales_monthly_by_sku_branch_202607161619.csv,153042,33.L1.ICO-060120-007.01,33.L1.ICO-060120-007,012,2024-07-01,MAPPED,MAPPED,INVALID_STRUCTURE,
sales_monthly_by_sku_branch_202607161619.csv,153043,33.L1.ICO-060120-007.01,33.L1.ICO-060120-007,013,2024-01-01,MAPPED,MAPPED,INVALID_STRUCTURE,
sales_monthly_by_sku_branch_202607161619.csv,153044,33.L1.ICO-060120-007.01,33.L1.ICO-060120-007,013,2024-04-01,MAPPED,MAPPED,INVALID_STRUCTURE,
sales_monthly_by_sku_branch_202607161619.csv,153045,33.L1.ICO-060120-007.01,33.L1.ICO-060120-007,013,2024-05-01,MAPPED,MAPPED,INVALID_STRUCTURE,
sales_monthly_by_sku_branch_202607161619.csv,153046,33.L1.ICO-060120-007.01,33.L1.ICO-060120-007,015,2024-06-01,MAPPED,MAPPED,INVALID_STRUCTURE,
sales_monthly_by_sku_branch_202607161619.csv,153047,33.L1.ICO-060120-007.01,33.L1.ICO-060120-007,015,2024-07-01,MAPPED,MAPPED,INVALID_STRUCTURE,
sales_monthly_by_sku_branch_202607161619.csv,153048,33.L1.ICO-060120-007.01,33.L1.ICO-060120-007,015,2024-09-01,MAPPED,MAPPED,INVALID_STRUCTURE,
sales_monthly_by_sku_branch_202607161619.csv,153049,33.L1.ICO-060120-007.01,33.L1.ICO-060120-007,015,2024-12-01,MAPPED,MAPPED,INVALID_STRUCTURE,
sales_monthly_by_sku_branch_202607161619.csv,153050,33.L1.ICO-060120-007.01,33.L1.ICO-060120-007,015,2025-01-01,MAPPED,MAPPED,INVALID_STRUCTURE,
sales_monthly_by_sku_branch_202607161619.csv,153051,33.L1.ICO-060120-007.01,33.L1.ICO-060120-007,015,2025-03-01,MAPPED,MAPPED,INVALID_STRUCTURE,
sales_monthly_by_sku_branch_202607161619.csv,153052,33.L1.ICO-060120-007.01,33.L1.ICO-060120-007,015,2025-05-01,MAPPED,MAPPED,INVALID_STRUCTURE,
sales_monthly_by_sku_branch_202607161619.csv,153053,33.L1.ICO-060120-007.01,33.L1.ICO-060120-007,015,2025-06-01,MAPPED,MAPPED,INVALID_STRUCTURE,
sales_monthly_by_sku_branch_202607161619.csv,153054,33.L1.ICO-060120-007.01,33.L1.ICO-060120-007,015,2025-08-01,MAPPED,MAPPED,INVALID_STRUCTURE,
sales_monthly_by_sku_branch_202607161619.csv,153055,33.L1.ICO-060120-007.01,33.L1.ICO-060120-007,015,2025-09-01,MAPPED,MAPPED,INVALID_STRUCTURE,
sales_monthly_by_sku_branch_202607161619.csv,153056,33.L1.ICO-060120-007.01,33.L1.ICO-060120-007,015,2026-01-01,MAPPED,MAPPED,INVALID_STRUCTURE,
sales_monthly_by_sku_branch_202607161619.csv,153057,33.L1.ICO-060120-007.01,33.L1.ICO-060120-007,016,2024-03-01,MAPPED,MAPPED,INVALID_STRUCTURE,
sales_monthly_by_sku_branch_202607161619.csv,153058,33.L1.ICO-060120-007.01,33.L1.ICO-060120-007,016,2024-05-01,MAPPED,MAPPED,INVALID_STRUCTURE,
sales_monthly_by_sku_branch_202607161619.csv,153059,33.L1.ICO-060120-007.01,33.L1.ICO-060120-007,016,2024-06-01,MAPPED,MAPPED,INVALID_STRUCTURE,
sales_monthly_by_sku_branch_202607161619.csv,153060,33.L1.ICO-060120-007.01,33.L1.ICO-060120-007,016,2024-10-01,MAPPED,MAPPED,INVALID_STRUCTURE,
sales_monthly_by_sku_branch_202607161619.csv,153061,33.L1.ICO-060120-007.01,33.L1.ICO-060120-007,016,2024-11-01,MAPPED,MAPPED,INVALID_STRUCTURE,
sales_monthly_by_sku_branch_202607161619.csv,153062,33.L1.ICO-060120-007.01,33.L1.ICO-060120-007,016,2025-01-01,MAPPED,MAPPED,INVALID_STRUCTURE,
sales_monthly_by_sku_branch_202607161619.csv,153063,33.L1.ICO-060120-007.01,33.L1.ICO-060120-007,017,2024-07-01,MAPPED,MAPPED,INVALID_STRUCTURE,
sales_monthly_by_sku_branch_202607161619.csv,153064,33.L1.ICO-060120-007.01,33.L1.ICO-060120-007,018,2024-03-01,MAPPED,MAPPED,INVALID_STRUCTURE,
sales_monthly_by_sku_branch_202607161619.csv,153065,33.L1.ICO-060120-007.01,33.L1.ICO-060120-007,018,2024-04-01,MAPPED,MAPPED,INVALID_STRUCTURE,
sales_monthly_by_sku_branch_202607161619.csv,153066,33.L1.ICO-060120-007.01,33.L1.ICO-060120-007,018,2024-06-01,MAPPED,MAPPED,INVALID_STRUCTURE,
sales_monthly_by_sku_branch_202607161619.csv,153067,33.L1.ICO-060120-007.01,33.L1.ICO-060120-007,018,2024-10-01,MAPPED,MAPPED,INVALID_STRUCTURE,
sales_monthly_by_sku_branch_202607161619.csv,153068,33.L1.ICO-060120-007.01,33.L1.ICO-060120-007,018,2025-06-01,MAPPED,MAPPED,INVALID_STRUCTURE,
sales_monthly_by_sku_branch_202607161619.csv,153069,33.L1.ICO-060120-007.01,33.L1.ICO-060120-007,019,2024-05-01,MAPPED,MAPPED,INVALID_STRUCTURE,
sales_monthly_by_sku_branch_202607161619.csv,153070,33.L1.ICO-060120-007.01,33.L1.ICO-060120-007,019,2024-06-01,MAPPED,MAPPED,INVALID_STRUCTURE,
sales_monthly_by_sku_branch_202607161619.csv,153071,33.L1.ICO-060120-007.01,33.L1.ICO-060120-007,019,2024-07-01,MAPPED,MAPPED,INVALID_STRUCTURE,
sales_monthly_by_sku_branch_202607161619.csv,153072,33.L1.ICO-060120-007.01,33.L1.ICO-060120-007,019,2024-11-01,MAPPED,MAPPED,INVALID_STRUCTURE,
sales_monthly_by_sku_branch_202607161619.csv,153073,33.L1.ICO-060120-007.01,33.L1.ICO-060120-007,019,2025-09-01,MAPPED,MAPPED,INVALID_STRUCTURE,
sales_monthly_by_sku_branch_202607161619.csv,153074,33.L1.ICO-060120-007.01,33.L1.ICO-060120-007,022,2024-12-01,MAPPED,MAPPED,INVALID_STRUCTURE,
sales_monthly_by_sku_branch_202607161619.csv,153075,33.L1.ICO-060120-007.01,33.L1.ICO-060120-007,024,2024-04-01,MAPPED,MAPPED,INVALID_STRUCTURE,
sales_monthly_by_sku_branch_202607161619.csv,153076,33.L1.ICO-060120-007.01,33.L1.ICO-060120-007,024,2024-05-01,MAPPED,MAPPED,INVALID_STRUCTURE,
sales_monthly_by_sku_branch_202607161619.csv,153077,33.L1.ICO-060120-007.01,33.L1.ICO-060120-007,024,2024-07-01,MAPPED,MAPPED,INVALID_STRUCTURE,
sales_monthly_by_sku_branch_202607161619.csv,153078,33.L1.ICO-060120-007.01,33.L1.ICO-060120-007,024,2024-08-01,MAPPED,MAPPED,INVALID_STRUCTURE,
sales_monthly_by_sku_branch_202607161619.csv,153079,33.L1.ICO-060120-007.01,33.L1.ICO-060120-007,024,2024-09-01,MAPPED,MAPPED,INVALID_STRUCTURE,
sales_monthly_by_sku_branch_202607161619.csv,153080,33.L1.ICO-060120-007.01,33.L1.ICO-060120-007,024,2025-04-01,MAPPED,MAPPED,INVALID_STRUCTURE,
sales_monthly_by_sku_branch_202607161619.csv,153081,33.L1.ICO-060120-007.01,33.L1.ICO-060120-007,049,2024-05-01,MAPPED,MAPPED,INVALID_STRUCTURE,
sales_monthly_by_sku_branch_202607161619.csv,153082,33.L1.ICO-060120-008.01,33.L1.ICO-060120-008,000,2025-04-01,MAPPED,MAPPED,INVALID_STRUCTURE,
sales_monthly_by_sku_branch_202607161619.csv,153083,33.L1.ICO-060120-008.01,33.L1.ICO-060120-008,008,2024-01-01,MAPPED,MAPPED,INVALID_STRUCTURE,
sales_monthly_by_sku_branch_202607161619.csv,153084,33.L1.ICO-060120-008.01,33.L1.ICO-060120-008,008,2024-03-01,MAPPED,MAPPED,INVALID_STRUCTURE,
sales_monthly_by_sku_branch_202607161619.csv,153085,33.L1.ICO-060120-008.01,33.L1.ICO-060120-008,008,2024-08-01,MAPPED,MAPPED,INVALID_STRUCTURE,
sales_monthly_by_sku_branch_202607161619.csv,153086,33.L1.ICO-060120-008.01,33.L1.ICO-060120-008,008,2024-09-01,MAPPED,MAPPED,INVALID_STRUCTURE,
sales_monthly_by_sku_branch_202607161619.csv,153087,33.L1.ICO-060120-008.01,33.L1.ICO-060120-008,008,2024-10-01,MAPPED,MAPPED,INVALID_STRUCTURE,
sales_monthly_by_sku_branch_202607161619.csv,153088,33.L1.ICO-060120-008.01,33.L1.ICO-060120-008,008,2024-12-01,MAPPED,MAPPED,INVALID_STRUCTURE,
sales_monthly_by_sku_branch_202607161619.csv,153089,33.L1.ICO-060120-008.01,33.L1.ICO-060120-008,008,2025-02-01,MAPPED,MAPPED,INVALID_STRUCTURE,
sales_monthly_by_sku_branch_202607161619.csv,153090,33.L1.ICO-060120-008.01,33.L1.ICO-060120-008,008,2025-03-01,MAPPED,MAPPED,INVALID_STRUCTURE,
sales_monthly_by_sku_branch_202607161619.csv,153091,33.L1.ICO-060120-008.01,33.L1.ICO-060120-008,008,2026-03-01,MAPPED,MAPPED,INVALID_STRUCTURE,
sales_monthly_by_sku_branch_202607161619.csv,153092,33.L1.ICO-060120-008.01,33.L1.ICO-060120-008,010,2024-03-01,MAPPED,MAPPED,INVALID_STRUCTURE,
sales_monthly_by_sku_branch_202607161619.csv,153093,33.L1.ICO-060120-008.01,33.L1.ICO-060120-008,010,2024-06-01,MAPPED,MAPPED,INVALID_STRUCTURE,
sales_monthly_by_sku_branch_202607161619.csv,153094,33.L1.ICO-060120-008.01,33.L1.ICO-060120-008,010,2024-07-01,MAPPED,MAPPED,INVALID_STRUCTURE,
sales_monthly_by_sku_branch_202607161619.csv,153095,33.L1.ICO-060120-008.01,33.L1.ICO-060120-008,010,2024-08-01,MAPPED,MAPPED,INVALID_STRUCTURE,
sales_monthly_by_sku_branch_202607161619.csv,153096,33.L1.ICO-060120-008.01,33.L1.ICO-060120-008,010,2024-09-01,MAPPED,MAPPED,INVALID_STRUCTURE,
sales_monthly_by_sku_branch_202607161619.csv,153097,33.L1.ICO-060120-008.01,33.L1.ICO-060120-008,010,2024-11-01,MAPPED,MAPPED,INVALID_STRUCTURE,
sales_monthly_by_sku_branch_202607161619.csv,153098,33.L1.ICO-060120-008.01,33.L1.ICO-060120-008,010,2024-12-01,MAPPED,MAPPED,INVALID_STRUCTURE,
sales_monthly_by_sku_branch_202607161619.csv,153099,33.L1.ICO-060120-008.01,33.L1.ICO-060120-008,010,2025-03-01,MAPPED,MAPPED,INVALID_STRUCTURE,
sales_monthly_by_sku_branch_202607161619.csv,153100,33.L1.ICO-060120-008.01,33.L1.ICO-060120-008,010,2025-04-01,MAPPED,MAPPED,INVALID_STRUCTURE,
sales_monthly_by_sku_branch_202607161619.csv,153101,33.L1.ICO-060120-008.01,33.L1.ICO-060120-008,011,2024-03-01,MAPPED,MAPPED,INVALID_STRUCTURE,
sales_monthly_by_sku_branch_202607161619.csv,153102,33.L1.ICO-060120-008.01,33.L1.ICO-060120-008,011,2024-04-01,MAPPED,MAPPED,INVALID_STRUCTURE,
sales_monthly_by_sku_branch_202607161619.csv,153103,33.L1.ICO-060120-008.01,33.L1.ICO-060120-008,011,2024-07-01,MAPPED,MAPPED,INVALID_STRUCTURE,
sales_monthly_by_sku_branch_202607161619.csv,153104,33.L1.ICO-060120-008.01,33.L1.ICO-060120-008,011,2025-03-01,MAPPED,MAPPED,INVALID_STRUCTURE,
sales_monthly_by_sku_branch_202607161619.csv,153105,33.L1.ICO-060120-008.01,33.L1.ICO-060120-008,011,2025-04-01,MAPPED,MAPPED,INVALID_STRUCTURE,
sales_monthly_by_sku_branch_202607161619.csv,153106,33.L1.ICO-060120-008.01,33.L1.ICO-060120-008,012,2025-12-01,MAPPED,MAPPED,INVALID_STRUCTURE,
sales_monthly_by_sku_branch_202607161619.csv,153107,33.L1.ICO-060120-008.01,33.L1.ICO-060120-008,013,2024-02-01,MAPPED,MAPPED,INVALID_STRUCTURE,
sales_monthly_by_sku_branch_202607161619.csv,153108,33.L1.ICO-060120-008.01,33.L1.ICO-060120-008,013,2024-04-01,MAPPED,MAPPED,INVALID_STRUCTURE,
sales_monthly_by_sku_branch_202607161619.csv,153109,33.L1.ICO-060120-008.01,33.L1.ICO-060120-008,013,2024-05-01,MAPPED,MAPPED,INVALID_STRUCTURE,
sales_monthly_by_sku_branch_202607161619.csv,153110,33.L1.ICO-060120-008.01,33.L1.ICO-060120-008,013,2024-10-01,MAPPED,MAPPED,INVALID_STRUCTURE,
sales_monthly_by_sku_branch_202607161619.csv,153111,33.L1.ICO-060120-008.01,33.L1.ICO-060120-008,015,2024-01-01,MAPPED,MAPPED,INVALID_STRUCTURE,
sales_monthly_by_sku_branch_202607161619.csv,153112,33.L1.ICO-060120-008.01,33.L1.ICO-060120-008,015,2024-02-01,MAPPED,MAPPED,INVALID_STRUCTURE,
sales_monthly_by_sku_branch_202607161619.csv,153113,33.L1.ICO-060120-008.01,33.L1.ICO-060120-008,015,2024-03-01,MAPPED,MAPPED,INVALID_STRUCTURE,
sales_monthly_by_sku_branch_202607161619.csv,153114,33.L1.ICO-060120-008.01,33.L1.ICO-060120-008,015,2024-04-01,MAPPED,MAPPED,INVALID_STRUCTURE,
sales_monthly_by_sku_branch_202607161619.csv,153115,33.L1.ICO-060120-008.01,33.L1.ICO-060120-008,015,2024-05-01,MAPPED,MAPPED,INVALID_STRUCTURE,
sales_monthly_by_sku_branch_202607161619.csv,153116,33.L1.ICO-060120-008.01,33.L1.ICO-060120-008,015,2024-07-01,MAPPED,MAPPED,INVALID_STRUCTURE,
sales_monthly_by_sku_branch_202607161619.csv,153117,33.L1.ICO-060120-008.01,33.L1.ICO-060120-008,015,2024-08-01,MAPPED,MAPPED,INVALID_STRUCTURE,
sales_monthly_by_sku_branch_202607161619.csv,153118,33.L1.ICO-060120-008.01,33.L1.ICO-060120-008,015,2024-09-01,MAPPED,MAPPED,INVALID_STRUCTURE,
sales_monthly_by_sku_branch_202607161619.csv,153119,33.L1.ICO-060120-008.01,33.L1.ICO-060120-008,015,2024-10-01,MAPPED,MAPPED,INVALID_STRUCTURE,
sales_monthly_by_sku_branch_202607161619.csv,153120,33.L1.ICO-060120-008.01,33.L1.ICO-060120-008,015,2024-11-01,MAPPED,MAPPED,INVALID_STRUCTURE,
sales_monthly_by_sku_branch_202607161619.csv,153121,33.L1.ICO-060120-008.01,33.L1.ICO-060120-008,015,2025-01-01,MAPPED,MAPPED,INVALID_STRUCTURE,
sales_monthly_by_sku_branch_202607161619.csv,153122,33.L1.ICO-060120-008.01,33.L1.ICO-060120-008,015,2025-04-01,MAPPED,MAPPED,INVALID_STRUCTURE,
sales_monthly_by_sku_branch_202607161619.csv,153123,33.L1.ICO-060120-008.01,33.L1.ICO-060120-008,015,2025-05-01,MAPPED,MAPPED,INVALID_STRUCTURE,
sales_monthly_by_sku_branch_202607161619.csv,153124,33.L1.ICO-060120-008.01,33.L1.ICO-060120-008,015,2025-07-01,MAPPED,MAPPED,INVALID_STRUCTURE,
sales_monthly_by_sku_branch_202607161619.csv,153125,33.L1.ICO-060120-008.01,33.L1.ICO-060120-008,015,2025-08-01,MAPPED,MAPPED,INVALID_STRUCTURE,
sales_monthly_by_sku_branch_202607161619.csv,153126,33.L1.ICO-060120-008.01,33.L1.ICO-060120-008,015,2026-04-01,MAPPED,MAPPED,INVALID_STRUCTURE,
sales_monthly_by_sku_branch_202607161619.csv,153127,33.L1.ICO-060120-008.01,33.L1.ICO-060120-008,016,2024-05-01,MAPPED,MAPPED,INVALID_STRUCTURE,
sales_monthly_by_sku_branch_202607161619.csv,153128,33.L1.ICO-060120-008.01,33.L1.ICO-060120-008,016,2024-09-01,MAPPED,MAPPED,INVALID_STRUCTURE,
sales_monthly_by_sku_branch_202607161619.csv,153129,33.L1.ICO-060120-008.01,33.L1.ICO-060120-008,016,2024-10-01,MAPPED,MAPPED,INVALID_STRUCTURE,
sales_monthly_by_sku_branch_202607161619.csv,153130,33.L1.ICO-060120-008.01,33.L1.ICO-060120-008,016,2024-11-01,MAPPED,MAPPED,INVALID_STRUCTURE,
sales_monthly_by_sku_branch_202607161619.csv,153131,33.L1.ICO-060120-008.01,33.L1.ICO-060120-008,016,2024-12-01,MAPPED,MAPPED,INVALID_STRUCTURE,
sales_monthly_by_sku_branch_202607161619.csv,153132,33.L1.ICO-060120-008.01,33.L1.ICO-060120-008,016,2025-01-01,MAPPED,MAPPED,INVALID_STRUCTURE,
sales_monthly_by_sku_branch_202607161619.csv,153133,33.L1.ICO-060120-008.01,33.L1.ICO-060120-008,016,2025-09-01,MAPPED,MAPPED,INVALID_STRUCTURE,
sales_monthly_by_sku_branch_202607161619.csv,153134,33.L1.ICO-060120-008.01,33.L1.ICO-060120-008,017,2024-01-01,MAPPED,MAPPED,INVALID_STRUCTURE,
sales_monthly_by_sku_branch_202607161619.csv,153135,33.L1.ICO-060120-008.01,33.L1.ICO-060120-008,017,2024-03-01,MAPPED,MAPPED,INVALID_STRUCTURE,
sales_monthly_by_sku_branch_202607161619.csv,153136,33.L1.ICO-060120-008.01,33.L1.ICO-060120-008,017,2024-04-01,MAPPED,MAPPED,INVALID_STRUCTURE,
sales_monthly_by_sku_branch_202607161619.csv,153137,33.L1.ICO-060120-008.01,33.L1.ICO-060120-008,017,2024-05-01,MAPPED,MAPPED,INVALID_STRUCTURE,
sales_monthly_by_sku_branch_202607161619.csv,153138,33.L1.ICO-060120-008.01,33.L1.ICO-060120-008,017,2024-09-01,MAPPED,MAPPED,INVALID_STRUCTURE,
sales_monthly_by_sku_branch_202607161619.csv,153139,33.L1.ICO-060120-008.01,33.L1.ICO-060120-008,017,2024-10-01,MAPPED,MAPPED,INVALID_STRUCTURE,
sales_monthly_by_sku_branch_202607161619.csv,153140,33.L1.ICO-060120-008.01,33.L1.ICO-060120-008,017,2025-06-01,MAPPED,MAPPED,INVALID_STRUCTURE,
sales_monthly_by_sku_branch_202607161619.csv,153141,33.L1.ICO-060120-008.01,33.L1.ICO-060120-008,018,2024-02-01,MAPPED,MAPPED,INVALID_STRUCTURE,
sales_monthly_by_sku_branch_202607161619.csv,153142,33.L1.ICO-060120-008.01,33.L1.ICO-060120-008,018,2024-03-01,MAPPED,MAPPED,INVALID_STRUCTURE,
sales_monthly_by_sku_branch_202607161619.csv,153143,33.L1.ICO-060120-008.01,33.L1.ICO-060120-008,018,2024-08-01,MAPPED,MAPPED,INVALID_STRUCTURE,
sales_monthly_by_sku_branch_202607161619.csv,153144,33.L1.ICO-060120-008.01,33.L1.ICO-060120-008,018,2024-09-01,MAPPED,MAPPED,INVALID_STRUCTURE,
sales_monthly_by_sku_branch_202607161619.csv,153145,33.L1.ICO-060120-008.01,33.L1.ICO-060120-008,018,2024-10-01,MAPPED,MAPPED,INVALID_STRUCTURE,
sales_monthly_by_sku_branch_202607161619.csv,153146,33.L1.ICO-060120-008.01,33.L1.ICO-060120-008,018,2024-11-01,MAPPED,MAPPED,INVALID_STRUCTURE,
sales_monthly_by_sku_branch_202607161619.csv,153147,33.L1.ICO-060120-008.01,33.L1.ICO-060120-008,018,2025-02-01,MAPPED,MAPPED,INVALID_STRUCTURE,
sales_monthly_by_sku_branch_202607161619.csv,153148,33.L1.ICO-060120-008.01,33.L1.ICO-060120-008,018,2025-03-01,MAPPED,MAPPED,INVALID_STRUCTURE,
sales_monthly_by_sku_branch_202607161619.csv,153149,33.L1.ICO-060120-008.01,33.L1.ICO-060120-008,018,2025-04-01,MAPPED,MAPPED,INVALID_STRUCTURE,
sales_monthly_by_sku_branch_202607161619.csv,153150,33.L1.ICO-060120-008.01,33.L1.ICO-060120-008,018,2025-05-01,MAPPED,MAPPED,INVALID_STRUCTURE,
sales_monthly_by_sku_branch_202607161619.csv,153151,33.L1.ICO-060120-008.01,33.L1.ICO-060120-008,018,2025-06-01,MAPPED,MAPPED,INVALID_STRUCTURE,
sales_monthly_by_sku_branch_202607161619.csv,153152,33.L1.ICO-060120-008.01,33.L1.ICO-060120-008,019,2024-06-01,MAPPED,MAPPED,INVALID_STRUCTURE,
sales_monthly_by_sku_branch_202607161619.csv,153153,33.L1.ICO-060120-008.01,33.L1.ICO-060120-008,019,2025-06-01,MAPPED,MAPPED,INVALID_STRUCTURE,
sales_monthly_by_sku_branch_202607161619.csv,153154,33.L1.ICO-060120-008.01,33.L1.ICO-060120-008,019,2025-10-01,MAPPED,MAPPED,INVALID_STRUCTURE,
sales_monthly_by_sku_branch_202607161619.csv,153155,33.L1.ICO-060120-008.01,33.L1.ICO-060120-008,019,2025-12-01,MAPPED,MAPPED,INVALID_STRUCTURE,
sales_monthly_by_sku_branch_202607161619.csv,153156,33.L1.ICO-060120-008.01,33.L1.ICO-060120-008,019,2026-01-01,MAPPED,MAPPED,INVALID_STRUCTURE,
sales_monthly_by_sku_branch_202607161619.csv,153157,33.L1.ICO-060120-008.01,33.L1.ICO-060120-008,019,2026-03-01,MAPPED,MAPPED,INVALID_STRUCTURE,
sales_monthly_by_sku_branch_202607161619.csv,153158,33.L1.ICO-060120-008.01,33.L1.ICO-060120-008,019,2026-06-01,MAPPED,MAPPED,INVALID_STRUCTURE,
sales_monthly_by_sku_branch_202607161619.csv,153159,33.L1.ICO-060120-008.01,33.L1.ICO-060120-008,022,2024-07-01,MAPPED,MAPPED,INVALID_STRUCTURE,
sales_monthly_by_sku_branch_202607161619.csv,153160,33.L1.ICO-060120-008.01,33.L1.ICO-060120-008,022,2024-11-01,MAPPED,MAPPED,INVALID_STRUCTURE,
sales_monthly_by_sku_branch_202607161619.csv,153161,33.L1.ICO-060120-008.01,33.L1.ICO-060120-008,023,2024-01-01,MAPPED,MAPPED,INVALID_STRUCTURE,
sales_monthly_by_sku_branch_202607161619.csv,153162,33.L1.ICO-060120-008.01,33.L1.ICO-060120-008,023,2024-08-01,MAPPED,MAPPED,INVALID_STRUCTURE,
sales_monthly_by_sku_branch_202607161619.csv,153163,33.L1.ICO-060120-008.01,33.L1.ICO-060120-008,023,2025-01-01,MAPPED,MAPPED,INVALID_STRUCTURE,
sales_monthly_by_sku_branch_202607161619.csv,153164,33.L1.ICO-060120-008.01,33.L1.ICO-060120-008,023,2025-02-01,MAPPED,MAPPED,INVALID_STRUCTURE,
sales_monthly_by_sku_branch_202607161619.csv,153165,33.L1.ICO-060120-008.01,33.L1.ICO-060120-008,023,2025-03-01,MAPPED,MAPPED,INVALID_STRUCTURE,
sales_monthly_by_sku_branch_202607161619.csv,153166,33.L1.ICO-060120-008.01,33.L1.ICO-060120-008,023,2025-09-01,MAPPED,MAPPED,INVALID_STRUCTURE,
sales_monthly_by_sku_branch_202607161619.csv,153167,33.L1.ICO-060120-008.01,33.L1.ICO-060120-008,023,2025-11-01,MAPPED,MAPPED,INVALID_STRUCTURE,
sales_monthly_by_sku_branch_202607161619.csv,153168,33.L1.ICO-060120-008.01,33.L1.ICO-060120-008,023,2026-01-01,MAPPED,MAPPED,INVALID_STRUCTURE,
sales_monthly_by_sku_branch_202607161619.csv,153169,33.L1.ICO-060120-008.01,33.L1.ICO-060120-008,023,2026-03-01,MAPPED,MAPPED,INVALID_STRUCTURE,
sales_monthly_by_sku_branch_202607161619.csv,153170,33.L1.ICO-060120-008.01,33.L1.ICO-060120-008,024,2024-01-01,MAPPED,MAPPED,INVALID_STRUCTURE,
sales_monthly_by_sku_branch_202607161619.csv,153171,33.L1.ICO-060120-008.01,33.L1.ICO-060120-008,024,2024-03-01,MAPPED,MAPPED,INVALID_STRUCTURE,
sales_monthly_by_sku_branch_202607161619.csv,153172,33.L1.ICO-060120-008.01,33.L1.ICO-060120-008,024,2024-04-01,MAPPED,MAPPED,INVALID_STRUCTURE,
sales_monthly_by_sku_branch_202607161619.csv,153173,33.L1.ICO-060120-008.01,33.L1.ICO-060120-008,024,2024-06-01,MAPPED,MAPPED,INVALID_STRUCTURE,
sales_monthly_by_sku_branch_202607161619.csv,153174,33.L1.ICO-060120-008.01,33.L1.ICO-060120-008,024,2024-07-01,MAPPED,MAPPED,INVALID_STRUCTURE,
sales_monthly_by_sku_branch_202607161619.csv,153175,33.L1.ICO-060120-008.01,33.L1.ICO-060120-008,024,2025-05-01,MAPPED,MAPPED,INVALID_STRUCTURE,
sales_monthly_by_sku_branch_202607161619.csv,153176,33.L1.ICO-060120-008.01,33.L1.ICO-060120-008,024,2025-09-01,MAPPED,MAPPED,INVALID_STRUCTURE,
sales_monthly_by_sku_branch_202607161619.csv,153177,33.L1.ICO-060120-008.01,33.L1.ICO-060120-008,024,2025-10-01,MAPPED,MAPPED,INVALID_STRUCTURE,
sales_monthly_by_sku_branch_202607161619.csv,153178,33.L1.ICO-060120-008.01,33.L1.ICO-060120-008,024,2025-12-01,MAPPED,MAPPED,INVALID_STRUCTURE,
sales_monthly_by_sku_branch_202607161619.csv,153179,33.L1.ICO-060120-008.01,33.L1.ICO-060120-008,049,2024-07-01,MAPPED,MAPPED,INVALID_STRUCTURE,
sales_monthly_by_sku_branch_202607161619.csv,153180,33.L1.ICO-060120-008.01,33.L1.ICO-060120-008,049,2024-08-01,MAPPED,MAPPED,INVALID_STRUCTURE,
sales_monthly_by_sku_branch_202607161619.csv,153181,33.L1.ICO-060120-008.01,33.L1.ICO-060120-008,049,2025-02-01,MAPPED,MAPPED,INVALID_STRUCTURE,
sales_monthly_by_sku_branch_202607161619.csv,153182,33.L1.ICO-060120-008.01,33.L1.ICO-060120-008,049,2025-03-01,MAPPED,MAPPED,INVALID_STRUCTURE,
sales_monthly_by_sku_branch_202607161619.csv,153183,33.L1.ICO-060120-008.01,33.L1.ICO-060120-008,079,2025-04-01,MAPPED,MAPPED,INVALID_STRUCTURE,
sales_monthly_by_sku_branch_202607161619.csv,153184,33.L1.ICO-060120-008.01,33.L1.ICO-060120-008,123,2025-05-01,MAPPED,MAPPED,INVALID_STRUCTURE,
sales_monthly_by_sku_branch_202607161619.csv,153185,33.L1.ICO-060120-008.01,33.L1.ICO-060120-008,123,2025-10-01,MAPPED,MAPPED,INVALID_STRUCTURE,
sales_monthly_by_sku_branch_202607161619.csv,153186,33.L1.ICO-060120-008.01,33.L1.ICO-060120-008,123,2025-11-01,MAPPED,MAPPED,INVALID_STRUCTURE,
sales_monthly_by_sku_branch_202607161619.csv,153187,33.L1.ICO-060120-008.01,33.L1.ICO-060120-008,123,2026-04-01,MAPPED,MAPPED,INVALID_STRUCTURE,
sales_monthly_by_sku_branch_202607161619.csv,153188,33.L1.ICO-060120-009.01,33.L1.ICO-060120-009,002,2024-01-01,MAPPED,MAPPED,INVALID_STRUCTURE,
sales_monthly_by_sku_branch_202607161619.csv,153189,33.L1.ICO-060120-009.01,33.L1.ICO-060120-009,002,2024-04-01,MAPPED,MAPPED,INVALID_STRUCTURE,
sales_monthly_by_sku_branch_202607161619.csv,153190,33.L1.ICO-060120-009.01,33.L1.ICO-060120-009,002,2024-06-01,MAPPED,MAPPED,INVALID_STRUCTURE,
sales_monthly_by_sku_branch_202607161619.csv,153191,33.L1.ICO-060120-009.01,33.L1.ICO-060120-009,002,2024-07-01,MAPPED,MAPPED,INVALID_STRUCTURE,
sales_monthly_by_sku_branch_202607161619.csv,153192,33.L1.ICO-060120-009.01,33.L1.ICO-060120-009,002,2024-11-01,MAPPED,MAPPED,INVALID_STRUCTURE,
sales_monthly_by_sku_branch_202607161619.csv,153193,33.L1.ICO-060120-009.01,33.L1.ICO-060120-009,008,2024-03-01,MAPPED,MAPPED,INVALID_STRUCTURE,
sales_monthly_by_sku_branch_202607161619.csv,153194,33.L1.ICO-060120-009.01,33.L1.ICO-060120-009,008,2024-06-01,MAPPED,MAPPED,INVALID_STRUCTURE,
sales_monthly_by_sku_branch_202607161619.csv,153195,33.L1.ICO-060120-009.01,33.L1.ICO-060120-009,008,2024-08-01,MAPPED,MAPPED,INVALID_STRUCTURE,
sales_monthly_by_sku_branch_202607161619.csv,153196,33.L1.ICO-060120-009.01,33.L1.ICO-060120-009,008,2024-09-01,MAPPED,MAPPED,INVALID_STRUCTURE,
sales_monthly_by_sku_branch_202607161619.csv,153197,33.L1.ICO-060120-009.01,33.L1.ICO-060120-009,008,2024-10-01,MAPPED,MAPPED,INVALID_STRUCTURE,
sales_monthly_by_sku_branch_202607161619.csv,153198,33.L1.ICO-060120-009.01,33.L1.ICO-060120-009,008,2025-03-01,MAPPED,MAPPED,INVALID_STRUCTURE,
sales_monthly_by_sku_branch_202607161619.csv,153199,33.L1.ICO-060120-009.01,33.L1.ICO-060120-009,008,2025-04-01,MAPPED,MAPPED,INVALID_STRUCTURE,
sales_monthly_by_sku_branch_202607161619.csv,153200,33.L1.ICO-060120-009.01,33.L1.ICO-060120-009,010,2024-03-01,MAPPED,MAPPED,INVALID_STRUCTURE,
sales_monthly_by_sku_branch_202607161619.csv,153201,33.L1.ICO-060120-009.01,33.L1.ICO-060120-009,010,2024-05-01,MAPPED,MAPPED,INVALID_STRUCTURE,
sales_monthly_by_sku_branch_202607161619.csv,153202,33.L1.ICO-060120-009.01,33.L1.ICO-060120-009,010,2024-08-01,MAPPED,MAPPED,INVALID_STRUCTURE,
sales_monthly_by_sku_branch_202607161619.csv,153203,33.L1.ICO-060120-009.01,33.L1.ICO-060120-009,010,2026-04-01,MAPPED,MAPPED,INVALID_STRUCTURE,
sales_monthly_by_sku_branch_202607161619.csv,153204,33.L1.ICO-060120-009.01,33.L1.ICO-060120-009,011,2024-06-01,MAPPED,MAPPED,INVALID_STRUCTURE,
sales_monthly_by_sku_branch_202607161619.csv,153205,33.L1.ICO-060120-009.01,33.L1.ICO-060120-009,011,2024-07-01,MAPPED,MAPPED,INVALID_STRUCTURE,
sales_monthly_by_sku_branch_202607161619.csv,153206,33.L1.ICO-060120-009.01,33.L1.ICO-060120-009,011,2024-08-01,MAPPED,MAPPED,INVALID_STRUCTURE,
sales_monthly_by_sku_branch_202607161619.csv,153207,33.L1.ICO-060120-009.01,33.L1.ICO-060120-009,013,2024-03-01,MAPPED,MAPPED,INVALID_STRUCTURE,
sales_monthly_by_sku_branch_202607161619.csv,153208,33.L1.ICO-060120-009.01,33.L1.ICO-060120-009,014,2024-03-01,MAPPED,MAPPED,INVALID_STRUCTURE,
sales_monthly_by_sku_branch_202607161619.csv,153209,33.L1.ICO-060120-009.01,33.L1.ICO-060120-009,014,2024-05-01,MAPPED,MAPPED,INVALID_STRUCTURE,
sales_monthly_by_sku_branch_202607161619.csv,153210,33.L1.ICO-060120-009.01,33.L1.ICO-060120-009,014,2024-07-01,MAPPED,MAPPED,INVALID_STRUCTURE,
sales_monthly_by_sku_branch_202607161619.csv,153211,33.L1.ICO-060120-009.01,33.L1.ICO-060120-009,015,2024-01-01,MAPPED,MAPPED,INVALID_STRUCTURE,
sales_monthly_by_sku_branch_202607161619.csv,153212,33.L1.ICO-060120-009.01,33.L1.ICO-060120-009,015,2024-02-01,MAPPED,MAPPED,INVALID_STRUCTURE,
sales_monthly_by_sku_branch_202607161619.csv,153213,33.L1.ICO-060120-009.01,33.L1.ICO-060120-009,015,2024-03-01,MAPPED,MAPPED,INVALID_STRUCTURE,
sales_monthly_by_sku_branch_202607161619.csv,153214,33.L1.ICO-060120-009.01,33.L1.ICO-060120-009,015,2024-04-01,MAPPED,MAPPED,INVALID_STRUCTURE,
sales_monthly_by_sku_branch_202607161619.csv,153215,33.L1.ICO-060120-009.01,33.L1.ICO-060120-009,015,2024-09-01,MAPPED,MAPPED,INVALID_STRUCTURE,
sales_monthly_by_sku_branch_202607161619.csv,153216,33.L1.ICO-060120-009.01,33.L1.ICO-060120-009,015,2024-12-01,MAPPED,MAPPED,INVALID_STRUCTURE,
sales_monthly_by_sku_branch_202607161619.csv,153217,33.L1.ICO-060120-009.01,33.L1.ICO-060120-009,015,2025-01-01,MAPPED,MAPPED,INVALID_STRUCTURE,
sales_monthly_by_sku_branch_202607161619.csv,153218,33.L1.ICO-060120-009.01,33.L1.ICO-060120-009,015,2025-03-01,MAPPED,MAPPED,INVALID_STRUCTURE,
sales_monthly_by_sku_branch_202607161619.csv,153219,33.L1.ICO-060120-009.01,33.L1.ICO-060120-009,015,2025-05-01,MAPPED,MAPPED,INVALID_STRUCTURE,
sales_monthly_by_sku_branch_202607161619.csv,153220,33.L1.ICO-060120-009.01,33.L1.ICO-060120-009,015,2026-01-01,MAPPED,MAPPED,INVALID_STRUCTURE,
sales_monthly_by_sku_branch_202607161619.csv,153221,33.L1.ICO-060120-009.01,33.L1.ICO-060120-009,016,2024-01-01,MAPPED,MAPPED,INVALID_STRUCTURE,
sales_monthly_by_sku_branch_202607161619.csv,153222,33.L1.ICO-060120-009.01,33.L1.ICO-060120-009,016,2024-02-01,MAPPED,MAPPED,INVALID_STRUCTURE,
sales_monthly_by_sku_branch_202607161619.csv,153223,33.L1.ICO-060120-009.01,33.L1.ICO-060120-009,016,2024-03-01,MAPPED,MAPPED,INVALID_STRUCTURE,
sales_monthly_by_sku_branch_202607161619.csv,153224,33.L1.ICO-060120-009.01,33.L1.ICO-060120-009,016,2024-04-01,MAPPED,MAPPED,INVALID_STRUCTURE,
sales_monthly_by_sku_branch_202607161619.csv,153225,33.L1.ICO-060120-009.01,33.L1.ICO-060120-009,016,2024-05-01,MAPPED,MAPPED,INVALID_STRUCTURE,
sales_monthly_by_sku_branch_202607161619.csv,153226,33.L1.ICO-060120-009.01,33.L1.ICO-060120-009,016,2024-07-01,MAPPED,MAPPED,INVALID_STRUCTURE,
sales_monthly_by_sku_branch_202607161619.csv,153227,33.L1.ICO-060120-009.01,33.L1.ICO-060120-009,016,2024-08-01,MAPPED,MAPPED,INVALID_STRUCTURE,
sales_monthly_by_sku_branch_202607161619.csv,153228,33.L1.ICO-060120-009.01,33.L1.ICO-060120-009,016,2024-11-01,MAPPED,MAPPED,INVALID_STRUCTURE,
sales_monthly_by_sku_branch_202607161619.csv,153229,33.L1.ICO-060120-009.01,33.L1.ICO-060120-009,016,2025-01-01,MAPPED,MAPPED,INVALID_STRUCTURE,
sales_monthly_by_sku_branch_202607161619.csv,153230,33.L1.ICO-060120-009.01,33.L1.ICO-060120-009,016,2025-03-01,MAPPED,MAPPED,INVALID_STRUCTURE,
sales_monthly_by_sku_branch_202607161619.csv,153231,33.L1.ICO-060120-009.01,33.L1.ICO-060120-009,016,2025-04-01,MAPPED,MAPPED,INVALID_STRUCTURE,
sales_monthly_by_sku_branch_202607161619.csv,153232,33.L1.ICO-060120-009.01,33.L1.ICO-060120-009,017,2024-06-01,MAPPED,MAPPED,INVALID_STRUCTURE,
sales_monthly_by_sku_branch_202607161619.csv,153233,33.L1.ICO-060120-009.01,33.L1.ICO-060120-009,017,2024-07-01,MAPPED,MAPPED,INVALID_STRUCTURE,
sales_monthly_by_sku_branch_202607161619.csv,153234,33.L1.ICO-060120-009.01,33.L1.ICO-060120-009,017,2024-08-01,MAPPED,MAPPED,INVALID_STRUCTURE,
sales_monthly_by_sku_branch_202607161619.csv,153235,33.L1.ICO-060120-009.01,33.L1.ICO-060120-009,017,2024-09-01,MAPPED,MAPPED,INVALID_STRUCTURE,
sales_monthly_by_sku_branch_202607161619.csv,153236,33.L1.ICO-060120-009.01,33.L1.ICO-060120-009,017,2024-10-01,MAPPED,MAPPED,INVALID_STRUCTURE,
sales_monthly_by_sku_branch_202607161619.csv,153237,33.L1.ICO-060120-009.01,33.L1.ICO-060120-009,017,2024-11-01,MAPPED,MAPPED,INVALID_STRUCTURE,
sales_monthly_by_sku_branch_202607161619.csv,153238,33.L1.ICO-060120-009.01,33.L1.ICO-060120-009,017,2024-12-01,MAPPED,MAPPED,INVALID_STRUCTURE,
sales_monthly_by_sku_branch_202607161619.csv,153239,33.L1.ICO-060120-009.01,33.L1.ICO-060120-009,017,2025-01-01,MAPPED,MAPPED,INVALID_STRUCTURE,
sales_monthly_by_sku_branch_202607161619.csv,153240,33.L1.ICO-060120-009.01,33.L1.ICO-060120-009,017,2025-02-01,MAPPED,MAPPED,INVALID_STRUCTURE,
sales_monthly_by_sku_branch_202607161619.csv,153241,33.L1.ICO-060120-009.01,33.L1.ICO-060120-009,018,2024-01-01,MAPPED,MAPPED,INVALID_STRUCTURE,
sales_monthly_by_sku_branch_202607161619.csv,153242,33.L1.ICO-060120-009.01,33.L1.ICO-060120-009,018,2024-04-01,MAPPED,MAPPED,INVALID_STRUCTURE,
sales_monthly_by_sku_branch_202607161619.csv,153243,33.L1.ICO-060120-009.01,33.L1.ICO-060120-009,018,2024-05-01,MAPPED,MAPPED,INVALID_STRUCTURE,
sales_monthly_by_sku_branch_202607161619.csv,153244,33.L1.ICO-060120-009.01,33.L1.ICO-060120-009,018,2024-07-01,MAPPED,MAPPED,INVALID_STRUCTURE,
sales_monthly_by_sku_branch_202607161619.csv,153245,33.L1.ICO-060120-009.01,33.L1.ICO-060120-009,018,2024-08-01,MAPPED,MAPPED,INVALID_STRUCTURE,
sales_monthly_by_sku_branch_202607161619.csv,153246,33.L1.ICO-060120-009.01,33.L1.ICO-060120-009,018,2024-09-01,MAPPED,MAPPED,INVALID_STRUCTURE,
sales_monthly_by_sku_branch_202607161619.csv,153247,33.L1.ICO-060120-009.01,33.L1.ICO-060120-009,018,2024-11-01,MAPPED,MAPPED,INVALID_STRUCTURE,
sales_monthly_by_sku_branch_202607161619.csv,153248,33.L1.ICO-060120-009.01,33.L1.ICO-060120-009,018,2024-12-01,MAPPED,MAPPED,INVALID_STRUCTURE,
sales_monthly_by_sku_branch_202607161619.csv,153249,33.L1.ICO-060120-009.01,33.L1.ICO-060120-009,018,2025-01-01,MAPPED,MAPPED,INVALID_STRUCTURE,
sales_monthly_by_sku_branch_202607161619.csv,153250,33.L1.ICO-060120-009.01,33.L1.ICO-060120-009,018,2025-07-01,MAPPED,MAPPED,INVALID_STRUCTURE,
sales_monthly_by_sku_branch_202607161619.csv,153251,33.L1.ICO-060120-009.01,33.L1.ICO-060120-009,019,2024-01-01,MAPPED,MAPPED,INVALID_STRUCTURE,
sales_monthly_by_sku_branch_202607161619.csv,153252,33.L1.ICO-060120-009.01,33.L1.ICO-060120-009,019,2024-02-01,MAPPED,MAPPED,INVALID_STRUCTURE,
sales_monthly_by_sku_branch_202607161619.csv,153253,33.L1.ICO-060120-009.01,33.L1.ICO-060120-009,019,2024-07-01,MAPPED,MAPPED,INVALID_STRUCTURE,
sales_monthly_by_sku_branch_202607161619.csv,153254,33.L1.ICO-060120-009.01,33.L1.ICO-060120-009,019,2024-08-01,MAPPED,MAPPED,INVALID_STRUCTURE,
sales_monthly_by_sku_branch_202607161619.csv,153255,33.L1.ICO-060120-009.01,33.L1.ICO-060120-009,019,2024-10-01,MAPPED,MAPPED,INVALID_STRUCTURE,
sales_monthly_by_sku_branch_202607161619.csv,153256,33.L1.ICO-060120-009.01,33.L1.ICO-060120-009,022,2024-05-01,MAPPED,MAPPED,INVALID_STRUCTURE,
sales_monthly_by_sku_branch_202607161619.csv,153257,33.L1.ICO-060120-009.01,33.L1.ICO-060120-009,022,2024-12-01,MAPPED,MAPPED,INVALID_STRUCTURE,
sales_monthly_by_sku_branch_202607161619.csv,153258,33.L1.ICO-060120-009.01,33.L1.ICO-060120-009,023,2024-01-01,MAPPED,MAPPED,INVALID_STRUCTURE,
sales_monthly_by_sku_branch_202607161619.csv,153259,33.L1.ICO-060120-009.01,33.L1.ICO-060120-009,023,2024-02-01,MAPPED,MAPPED,INVALID_STRUCTURE,
sales_monthly_by_sku_branch_202607161619.csv,153260,33.L1.ICO-060120-009.01,33.L1.ICO-060120-009,023,2024-10-01,MAPPED,MAPPED,INVALID_STRUCTURE,
sales_monthly_by_sku_branch_202607161619.csv,153261,33.L1.ICO-060120-009.01,33.L1.ICO-060120-009,023,2024-11-01,MAPPED,MAPPED,INVALID_STRUCTURE,
sales_monthly_by_sku_branch_202607161619.csv,153262,33.L1.ICO-060120-009.01,33.L1.ICO-060120-009,023,2024-12-01,MAPPED,MAPPED,INVALID_STRUCTURE,
sales_monthly_by_sku_branch_202607161619.csv,153263,33.L1.ICO-060120-009.01,33.L1.ICO-060120-009,024,2024-01-01,MAPPED,MAPPED,INVALID_STRUCTURE,
sales_monthly_by_sku_branch_202607161619.csv,153264,33.L1.ICO-060120-009.01,33.L1.ICO-060120-009,024,2024-03-01,MAPPED,MAPPED,INVALID_STRUCTURE,
sales_monthly_by_sku_branch_202607161619.csv,153265,33.L1.ICO-060120-009.01,33.L1.ICO-060120-009,024,2024-04-01,MAPPED,MAPPED,INVALID_STRUCTURE,
sales_monthly_by_sku_branch_202607161619.csv,153266,33.L1.ICO-060120-009.01,33.L1.ICO-060120-009,024,2024-05-01,MAPPED,MAPPED,INVALID_STRUCTURE,
sales_monthly_by_sku_branch_202607161619.csv,153267,33.L1.ICO-060120-009.01,33.L1.ICO-060120-009,049,2024-07-01,MAPPED,MAPPED,INVALID_STRUCTURE,
sales_monthly_by_sku_branch_202607161619.csv,153268,33.L1.ICO-060120-009.01,33.L1.ICO-060120-009,049,2024-11-01,MAPPED,MAPPED,INVALID_STRUCTURE,
sales_monthly_by_sku_branch_202607161619.csv,153269,33.L1.ICO-060120-009.01,33.L1.ICO-060120-009,050,2025-01-01,MAPPED,MAPPED,INVALID_STRUCTURE,
sales_monthly_by_sku_branch_202607161619.csv,153270,33.L1.ICO-080160-001.01,33.L1.ICO-080160-001,000,2024-01-01,MAPPED,MAPPED,INVALID_STRUCTURE,
sales_monthly_by_sku_branch_202607161619.csv,153271,33.L1.ICO-080160-001.01,33.L1.ICO-080160-001,000,2024-03-01,MAPPED,MAPPED,INVALID_STRUCTURE,
sales_monthly_by_sku_branch_202607161619.csv,153272,33.L1.ICO-080160-001.01,33.L1.ICO-080160-001,000,2024-06-01,MAPPED,MAPPED,INVALID_STRUCTURE,
sales_monthly_by_sku_branch_202607161619.csv,153273,33.L1.ICO-080160-001.01,33.L1.ICO-080160-001,000,2024-07-01,MAPPED,MAPPED,INVALID_STRUCTURE,
sales_monthly_by_sku_branch_202607161619.csv,153274,33.L1.ICO-080160-001.01,33.L1.ICO-080160-001,000,2024-08-01,MAPPED,MAPPED,INVALID_STRUCTURE,
sales_monthly_by_sku_branch_202607161619.csv,153275,33.L1.ICO-080160-001.01,33.L1.ICO-080160-001,000,2024-09-01,MAPPED,MAPPED,INVALID_STRUCTURE,
sales_monthly_by_sku_branch_202607161619.csv,153276,33.L1.ICO-080160-001.01,33.L1.ICO-080160-001,000,2024-11-01,MAPPED,MAPPED,INVALID_STRUCTURE,
sales_monthly_by_sku_branch_202607161619.csv,153277,33.L1.ICO-080160-001.01,33.L1.ICO-080160-001,000,2024-12-01,MAPPED,MAPPED,INVALID_STRUCTURE,
sales_monthly_by_sku_branch_202607161619.csv,153278,33.L1.ICO-080160-001.01,33.L1.ICO-080160-001,024,2024-11-01,MAPPED,MAPPED,INVALID_STRUCTURE,
sales_monthly_by_sku_branch_202607161619.csv,153279,33.L1.ICO-080160-001.01,33.L1.ICO-080160-001,024,2024-12-01,MAPPED,MAPPED,INVALID_STRUCTURE,
sales_monthly_by_sku_branch_202607161619.csv,153280,33.L1.ICO-080160-001.01,33.L1.ICO-080160-001,050,2024-03-01,MAPPED,MAPPED,INVALID_STRUCTURE,
sales_monthly_by_sku_branch_202607161619.csv,153281,33.L1.ICO-080160-001.01,33.L1.ICO-080160-001,050,2024-05-01,MAPPED,MAPPED,INVALID_STRUCTURE,
sales_monthly_by_sku_branch_202607161619.csv,153282,33.L1.ICO-080160-001.01,33.L1.ICO-080160-001,050,2024-09-01,MAPPED,MAPPED,INVALID_STRUCTURE,
sales_monthly_by_sku_branch_202607161619.csv,153283,33.L1.ICO-080160-001.01,33.L1.ICO-080160-001,050,2024-10-01,MAPPED,MAPPED,INVALID_STRUCTURE,
sales_monthly_by_sku_branch_202607161619.csv,153284,33.L1.ICO-080160-001.01,33.L1.ICO-080160-001,050,2025-04-01,MAPPED,MAPPED,INVALID_STRUCTURE,
sales_monthly_by_sku_branch_202607161619.csv,153285,33.L1.ICO-080160-001.01,33.L1.ICO-080160-001,060,2024-07-01,MAPPED,MAPPED,INVALID_STRUCTURE,
sales_monthly_by_sku_branch_202607161619.csv,153286,33.L1.ICO-080160-001.01,33.L1.ICO-080160-001,060,2024-08-01,MAPPED,MAPPED,INVALID_STRUCTURE,
sales_monthly_by_sku_branch_202607161619.csv,153287,33.L1.ICO-080160-001.01,33.L1.ICO-080160-001,061,2024-05-01,MAPPED,MAPPED,INVALID_STRUCTURE,
sales_monthly_by_sku_branch_202607161619.csv,153288,33.L1.ICO-080160-001.01,33.L1.ICO-080160-001,061,2024-11-01,MAPPED,MAPPED,INVALID_STRUCTURE,
sales_monthly_by_sku_branch_202607161619.csv,153289,33.L1.ICO-080160-001.01,33.L1.ICO-080160-001,063,2024-01-01,MAPPED,MAPPED,INVALID_STRUCTURE,
sales_monthly_by_sku_branch_202607161619.csv,153290,33.L1.ICO-080160-001.01,33.L1.ICO-080160-001,063,2024-10-01,MAPPED,MAPPED,INVALID_STRUCTURE,
sales_monthly_by_sku_branch_202607161619.csv,153291,33.L1.ICO-080160-001.01,33.L1.ICO-080160-001,063,2024-11-01,MAPPED,MAPPED,INVALID_STRUCTURE,
sales_monthly_by_sku_branch_202607161619.csv,153292,33.L1.ICO-080160-001.01,33.L1.ICO-080160-001,063,2024-12-01,MAPPED,MAPPED,INVALID_STRUCTURE,
sales_monthly_by_sku_branch_202607161619.csv,153293,33.L1.ICO-080160-001.01,33.L1.ICO-080160-001,063,2025-02-01,MAPPED,MAPPED,INVALID_STRUCTURE,
sales_monthly_by_sku_branch_202607161619.csv,153294,33.L1.ICO-080160-001.01,33.L1.ICO-080160-001,064,2024-05-01,MAPPED,MAPPED,INVALID_STRUCTURE,
sales_monthly_by_sku_branch_202607161619.csv,153295,33.L1.ICO-080160-001.01,33.L1.ICO-080160-001,065,2024-01-01,MAPPED,MAPPED,INVALID_STRUCTURE,
sales_monthly_by_sku_branch_202607161619.csv,153296,33.L1.ICO-080160-001.01,33.L1.ICO-080160-001,065,2024-02-01,MAPPED,MAPPED,INVALID_STRUCTURE,
sales_monthly_by_sku_branch_202607161619.csv,153297,33.L1.ICO-080160-001.01,33.L1.ICO-080160-001,065,2024-03-01,MAPPED,MAPPED,INVALID_STRUCTURE,
sales_monthly_by_sku_branch_202607161619.csv,153298,33.L1.ICO-080160-001.01,33.L1.ICO-080160-001,065,2024-04-01,MAPPED,MAPPED,INVALID_STRUCTURE,
sales_monthly_by_sku_branch_202607161619.csv,153299,33.L1.ICO-080160-001.01,33.L1.ICO-080160-001,065,2024-05-01,MAPPED,MAPPED,INVALID_STRUCTURE,
sales_monthly_by_sku_branch_202607161619.csv,153300,33.L1.ICO-080160-001.01,33.L1.ICO-080160-001,065,2024-10-01,MAPPED,MAPPED,INVALID_STRUCTURE,
sales_monthly_by_sku_branch_202607161619.csv,153301,33.L1.ICO-080160-001.01,33.L1.ICO-080160-001,065,2024-11-01,MAPPED,MAPPED,INVALID_STRUCTURE,
sales_monthly_by_sku_branch_202607161619.csv,153302,33.L1.ICO-080160-001.01,33.L1.ICO-080160-001,065,2024-12-01,MAPPED,MAPPED,INVALID_STRUCTURE,
sales_monthly_by_sku_branch_202607161619.csv,153303,33.L1.ICO-080160-001.01,33.L1.ICO-080160-001,065,2025-01-01,MAPPED,MAPPED,INVALID_STRUCTURE,
sales_monthly_by_sku_branch_202607161619.csv,153304,33.L1.ICO-080160-001.01,33.L1.ICO-080160-001,065,2025-02-01,MAPPED,MAPPED,INVALID_STRUCTURE,
sales_monthly_by_sku_branch_202607161619.csv,153305,33.L1.ICO-080160-001.01,33.L1.ICO-080160-001,069,2024-06-01,MAPPED,MAPPED,INVALID_STRUCTURE,
sales_monthly_by_sku_branch_202607161619.csv,153306,33.L1.ICO-080160-001.01,33.L1.ICO-080160-001,069,2024-12-01,MAPPED,MAPPED,INVALID_STRUCTURE,
sales_monthly_by_sku_branch_202607161619.csv,153307,33.L1.ICO-080160-001.01,33.L1.ICO-080160-001,069,2025-01-01,MAPPED,MAPPED,INVALID_STRUCTURE,
sales_monthly_by_sku_branch_202607161619.csv,153308,33.L1.ICO-080160-001.01,33.L1.ICO-080160-001,071,2024-11-01,MAPPED,MAPPED,INVALID_STRUCTURE,
sales_monthly_by_sku_branch_202607161619.csv,153309,33.L1.ICO-080160-001.01,33.L1.ICO-080160-001,071,2025-01-01,MAPPED,MAPPED,INVALID_STRUCTURE,
sales_monthly_by_sku_branch_202607161619.csv,153310,33.L1.ICO-080160-001.01,33.L1.ICO-080160-001,073,2024-04-01,MAPPED,MAPPED,INVALID_STRUCTURE,
sales_monthly_by_sku_branch_202607161619.csv,153311,33.L1.ICO-080160-001.01,33.L1.ICO-080160-001,073,2026-06-01,MAPPED,MAPPED,INVALID_STRUCTURE,
sales_monthly_by_sku_branch_202607161619.csv,153312,33.L1.ICO-080160-001.01,33.L1.ICO-080160-001,074,2024-11-01,MAPPED,MAPPED,INVALID_STRUCTURE,
sales_monthly_by_sku_branch_202607161619.csv,153313,33.L1.ICO-080160-001.01,33.L1.ICO-080160-001,076,2024-05-01,MAPPED,MAPPED,INVALID_STRUCTURE,
sales_monthly_by_sku_branch_202607161619.csv,153314,33.L1.ICO-080160-001.01,33.L1.ICO-080160-001,076,2024-06-01,MAPPED,MAPPED,INVALID_STRUCTURE,
sales_monthly_by_sku_branch_202607161619.csv,153315,33.L1.ICO-080160-001.01,33.L1.ICO-080160-001,076,2024-07-01,MAPPED,MAPPED,INVALID_STRUCTURE,
sales_monthly_by_sku_branch_202607161619.csv,153316,33.L1.ICO-080160-001.01,33.L1.ICO-080160-001,079,2024-06-01,MAPPED,MAPPED,INVALID_STRUCTURE,
sales_monthly_by_sku_branch_202607161619.csv,153317,33.L1.ICO-080160-001.01,33.L1.ICO-080160-001,079,2024-07-01,MAPPED,MAPPED,INVALID_STRUCTURE,
sales_monthly_by_sku_branch_202607161619.csv,153318,33.L1.ICO-080160-001.01,33.L1.ICO-080160-001,079,2024-11-01,MAPPED,MAPPED,INVALID_STRUCTURE,
sales_monthly_by_sku_branch_202607161619.csv,153319,33.L1.ICO-080160-001.01,33.L1.ICO-080160-001,079,2024-12-01,MAPPED,MAPPED,INVALID_STRUCTURE,
sales_monthly_by_sku_branch_202607161619.csv,153320,33.L1.ICO-080160-001.01,33.L1.ICO-080160-001,081,2024-01-01,MAPPED,MAPPED,INVALID_STRUCTURE,
sales_monthly_by_sku_branch_202607161619.csv,153321,33.L1.ICO-080160-001.01,33.L1.ICO-080160-001,081,2024-03-01,MAPPED,MAPPED,INVALID_STRUCTURE,
sales_monthly_by_sku_branch_202607161619.csv,153322,33.L1.ICO-080160-001.01,33.L1.ICO-080160-001,081,2024-04-01,MAPPED,MAPPED,INVALID_STRUCTURE,
sales_monthly_by_sku_branch_202607161619.csv,153323,33.L1.ICO-080160-001.01,33.L1.ICO-080160-001,081,2024-05-01,MAPPED,MAPPED,INVALID_STRUCTURE,
sales_monthly_by_sku_branch_202607161619.csv,153324,33.L1.ICO-080160-001.01,33.L1.ICO-080160-001,081,2024-07-01,MAPPED,MAPPED,INVALID_STRUCTURE,
sales_monthly_by_sku_branch_202607161619.csv,153325,33.L1.ICO-080160-001.01,33.L1.ICO-080160-001,081,2024-08-01,MAPPED,MAPPED,INVALID_STRUCTURE,
sales_monthly_by_sku_branch_202607161619.csv,153326,33.L1.ICO-080160-001.01,33.L1.ICO-080160-001,081,2024-10-01,MAPPED,MAPPED,INVALID_STRUCTURE,
sales_monthly_by_sku_branch_202607161619.csv,153327,33.L1.ICO-080160-001.01,33.L1.ICO-080160-001,081,2024-11-01,MAPPED,MAPPED,INVALID_STRUCTURE,
sales_monthly_by_sku_branch_202607161619.csv,153328,33.L1.ICO-080160-001.01,33.L1.ICO-080160-001,093,2024-08-01,MAPPED,MAPPED,INVALID_STRUCTURE,
sales_monthly_by_sku_branch_202607161619.csv,153329,33.L1.ICO-080160-001.01,33.L1.ICO-080160-001,222,2024-07-01,MAPPED,MAPPED,INVALID_STRUCTURE,
sales_monthly_by_sku_branch_202607161619.csv,153330,33.L1.ICO-080160-001.01,33.L1.ICO-080160-001,222,2024-11-01,MAPPED,MAPPED,INVALID_STRUCTURE,
sales_monthly_by_sku_branch_202607161619.csv,153331,33.L1.ICO-080160-002.01,33.L1.ICO-080160-002,000,2024-01-01,MAPPED,MAPPED,INVALID_STRUCTURE,
sales_monthly_by_sku_branch_202607161619.csv,153332,33.L1.ICO-080160-002.01,33.L1.ICO-080160-002,000,2024-02-01,MAPPED,MAPPED,INVALID_STRUCTURE,
sales_monthly_by_sku_branch_202607161619.csv,153333,33.L1.ICO-080160-002.01,33.L1.ICO-080160-002,000,2024-03-01,MAPPED,MAPPED,INVALID_STRUCTURE,
sales_monthly_by_sku_branch_202607161619.csv,153334,33.L1.ICO-080160-002.01,33.L1.ICO-080160-002,000,2024-04-01,MAPPED,MAPPED,INVALID_STRUCTURE,
sales_monthly_by_sku_branch_202607161619.csv,153335,33.L1.ICO-080160-002.01,33.L1.ICO-080160-002,000,2024-05-01,MAPPED,MAPPED,INVALID_STRUCTURE,
sales_monthly_by_sku_branch_202607161619.csv,153336,33.L1.ICO-080160-002.01,33.L1.ICO-080160-002,000,2024-07-01,MAPPED,MAPPED,INVALID_STRUCTURE,
sales_monthly_by_sku_branch_202607161619.csv,153337,33.L1.ICO-080160-002.01,33.L1.ICO-080160-002,000,2024-08-01,MAPPED,MAPPED,INVALID_STRUCTURE,
sales_monthly_by_sku_branch_202607161619.csv,153338,33.L1.ICO-080160-002.01,33.L1.ICO-080160-002,000,2024-09-01,MAPPED,MAPPED,INVALID_STRUCTURE,
sales_monthly_by_sku_branch_202607161619.csv,153339,33.L1.ICO-080160-002.01,33.L1.ICO-080160-002,000,2024-10-01,MAPPED,MAPPED,INVALID_STRUCTURE,
sales_monthly_by_sku_branch_202607161619.csv,153340,33.L1.ICO-080160-002.01,33.L1.ICO-080160-002,024,2024-02-01,MAPPED,MAPPED,INVALID_STRUCTURE,
sales_monthly_by_sku_branch_202607161619.csv,153341,33.L1.ICO-080160-002.01,33.L1.ICO-080160-002,024,2024-03-01,MAPPED,MAPPED,INVALID_STRUCTURE,
sales_monthly_by_sku_branch_202607161619.csv,153342,33.L1.ICO-080160-002.01,33.L1.ICO-080160-002,050,2024-01-01,MAPPED,MAPPED,INVALID_STRUCTURE,
sales_monthly_by_sku_branch_202607161619.csv,153343,33.L1.ICO-080160-002.01,33.L1.ICO-080160-002,050,2024-02-01,MAPPED,MAPPED,INVALID_STRUCTURE,
sales_monthly_by_sku_branch_202607161619.csv,153344,33.L1.ICO-080160-002.01,33.L1.ICO-080160-002,050,2024-03-01,MAPPED,MAPPED,INVALID_STRUCTURE,
sales_monthly_by_sku_branch_202607161619.csv,153345,33.L1.ICO-080160-002.01,33.L1.ICO-080160-002,050,2024-05-01,MAPPED,MAPPED,INVALID_STRUCTURE,
sales_monthly_by_sku_branch_202607161619.csv,153346,33.L1.ICO-080160-002.01,33.L1.ICO-080160-002,050,2024-09-01,MAPPED,MAPPED,INVALID_STRUCTURE,
sales_monthly_by_sku_branch_202607161619.csv,153347,33.L1.ICO-080160-002.01,33.L1.ICO-080160-002,060,2024-03-01,MAPPED,MAPPED,INVALID_STRUCTURE,
sales_monthly_by_sku_branch_202607161619.csv,153348,33.L1.ICO-080160-002.01,33.L1.ICO-080160-002,061,2024-07-01,MAPPED,MAPPED,INVALID_STRUCTURE,
sales_monthly_by_sku_branch_202607161619.csv,153349,33.L1.ICO-080160-002.01,33.L1.ICO-080160-002,061,2024-08-01,MAPPED,MAPPED,INVALID_STRUCTURE,
sales_monthly_by_sku_branch_202607161619.csv,153350,33.L1.ICO-080160-002.01,33.L1.ICO-080160-002,063,2024-03-01,MAPPED,MAPPED,INVALID_STRUCTURE,
sales_monthly_by_sku_branch_202607161619.csv,153351,33.L1.ICO-080160-002.01,33.L1.ICO-080160-002,063,2024-04-01,MAPPED,MAPPED,INVALID_STRUCTURE,
sales_monthly_by_sku_branch_202607161619.csv,153352,33.L1.ICO-080160-002.01,33.L1.ICO-080160-002,063,2024-06-01,MAPPED,MAPPED,INVALID_STRUCTURE,
sales_monthly_by_sku_branch_202607161619.csv,153353,33.L1.ICO-080160-002.01,33.L1.ICO-080160-002,063,2024-09-01,MAPPED,MAPPED,INVALID_STRUCTURE,
sales_monthly_by_sku_branch_202607161619.csv,153354,33.L1.ICO-080160-002.01,33.L1.ICO-080160-002,063,2026-03-01,MAPPED,MAPPED,INVALID_STRUCTURE,
sales_monthly_by_sku_branch_202607161619.csv,153355,33.L1.ICO-080160-002.01,33.L1.ICO-080160-002,065,2024-01-01,MAPPED,MAPPED,INVALID_STRUCTURE,
sales_monthly_by_sku_branch_202607161619.csv,153356,33.L1.ICO-080160-002.01,33.L1.ICO-080160-002,065,2024-03-01,MAPPED,MAPPED,INVALID_STRUCTURE,
sales_monthly_by_sku_branch_202607161619.csv,153357,33.L1.ICO-080160-002.01,33.L1.ICO-080160-002,065,2024-07-01,MAPPED,MAPPED,INVALID_STRUCTURE,
sales_monthly_by_sku_branch_202607161619.csv,153358,33.L1.ICO-080160-002.01,33.L1.ICO-080160-002,065,2024-08-01,MAPPED,MAPPED,INVALID_STRUCTURE,
sales_monthly_by_sku_branch_202607161619.csv,153359,33.L1.ICO-080160-002.01,33.L1.ICO-080160-002,065,2024-10-01,MAPPED,MAPPED,INVALID_STRUCTURE,
sales_monthly_by_sku_branch_202607161619.csv,153360,33.L1.ICO-080160-002.01,33.L1.ICO-080160-002,065,2025-01-01,MAPPED,MAPPED,INVALID_STRUCTURE,
sales_monthly_by_sku_branch_202607161619.csv,153361,33.L1.ICO-080160-002.01,33.L1.ICO-080160-002,069,2024-04-01,MAPPED,MAPPED,INVALID_STRUCTURE,
sales_monthly_by_sku_branch_202607161619.csv,153362,33.L1.ICO-080160-002.01,33.L1.ICO-080160-002,069,2024-05-01,MAPPED,MAPPED,INVALID_STRUCTURE,
sales_monthly_by_sku_branch_202607161619.csv,153363,33.L1.ICO-080160-002.01,33.L1.ICO-080160-002,069,2024-06-01,MAPPED,MAPPED,INVALID_STRUCTURE,
sales_monthly_by_sku_branch_202607161619.csv,153364,33.L1.ICO-080160-002.01,33.L1.ICO-080160-002,069,2024-07-01,MAPPED,MAPPED,INVALID_STRUCTURE,
sales_monthly_by_sku_branch_202607161619.csv,153365,33.L1.ICO-080160-002.01,33.L1.ICO-080160-002,069,2024-10-01,MAPPED,MAPPED,INVALID_STRUCTURE,
sales_monthly_by_sku_branch_202607161619.csv,153366,33.L1.ICO-080160-002.01,33.L1.ICO-080160-002,069,2024-11-01,MAPPED,MAPPED,INVALID_STRUCTURE,
sales_monthly_by_sku_branch_202607161619.csv,153367,33.L1.ICO-080160-002.01,33.L1.ICO-080160-002,073,2024-01-01,MAPPED,MAPPED,INVALID_STRUCTURE,
sales_monthly_by_sku_branch_202607161619.csv,153368,33.L1.ICO-080160-002.01,33.L1.ICO-080160-002,073,2024-05-01,MAPPED,MAPPED,INVALID_STRUCTURE,
sales_monthly_by_sku_branch_202607161619.csv,153369,33.L1.ICO-080160-002.01,33.L1.ICO-080160-002,073,2024-06-01,MAPPED,MAPPED,INVALID_STRUCTURE,
sales_monthly_by_sku_branch_202607161619.csv,153370,33.L1.ICO-080160-002.01,33.L1.ICO-080160-002,073,2024-07-01,MAPPED,MAPPED,INVALID_STRUCTURE,
sales_monthly_by_sku_branch_202607161619.csv,153371,33.L1.ICO-080160-002.01,33.L1.ICO-080160-002,073,2024-08-01,MAPPED,MAPPED,INVALID_STRUCTURE,
sales_monthly_by_sku_branch_202607161619.csv,153372,33.L1.ICO-080160-002.01,33.L1.ICO-080160-002,073,2026-06-01,MAPPED,MAPPED,INVALID_STRUCTURE,
sales_monthly_by_sku_branch_202607161619.csv,153373,33.L1.ICO-080160-002.01,33.L1.ICO-080160-002,076,2024-03-01,MAPPED,MAPPED,INVALID_STRUCTURE,
sales_monthly_by_sku_branch_202607161619.csv,153374,33.L1.ICO-080160-002.01,33.L1.ICO-080160-002,076,2024-05-01,MAPPED,MAPPED,INVALID_STRUCTURE,
sales_monthly_by_sku_branch_202607161619.csv,153375,33.L1.ICO-080160-002.01,33.L1.ICO-080160-002,076,2024-10-01,MAPPED,MAPPED,INVALID_STRUCTURE,
sales_monthly_by_sku_branch_202607161619.csv,153376,33.L1.ICO-080160-002.01,33.L1.ICO-080160-002,079,2024-01-01,MAPPED,MAPPED,INVALID_STRUCTURE,
sales_monthly_by_sku_branch_202607161619.csv,153377,33.L1.ICO-080160-002.01,33.L1.ICO-080160-002,079,2024-04-01,MAPPED,MAPPED,INVALID_STRUCTURE,
sales_monthly_by_sku_branch_202607161619.csv,153378,33.L1.ICO-080160-002.01,33.L1.ICO-080160-002,079,2024-09-01,MAPPED,MAPPED,INVALID_STRUCTURE,
sales_monthly_by_sku_branch_202607161619.csv,153379,33.L1.ICO-080160-002.01,33.L1.ICO-080160-002,079,2024-10-01,MAPPED,MAPPED,INVALID_STRUCTURE,
sales_monthly_by_sku_branch_202607161619.csv,153380,33.L1.ICO-080160-002.01,33.L1.ICO-080160-002,079,2025-02-01,MAPPED,MAPPED,INVALID_STRUCTURE,
sales_monthly_by_sku_branch_202607161619.csv,153381,33.L1.ICO-080160-002.01,33.L1.ICO-080160-002,081,2024-01-01,MAPPED,MAPPED,INVALID_STRUCTURE,
sales_monthly_by_sku_branch_202607161619.csv,153382,33.L1.ICO-080160-002.01,33.L1.ICO-080160-002,081,2024-03-01,MAPPED,MAPPED,INVALID_STRUCTURE,
sales_monthly_by_sku_branch_202607161619.csv,153383,33.L1.ICO-080160-002.01,33.L1.ICO-080160-002,081,2024-04-01,MAPPED,MAPPED,INVALID_STRUCTURE,
sales_monthly_by_sku_branch_202607161619.csv,153384,33.L1.ICO-080160-002.01,33.L1.ICO-080160-002,081,2024-05-01,MAPPED,MAPPED,INVALID_STRUCTURE,
sales_monthly_by_sku_branch_202607161619.csv,153385,33.L1.ICO-080160-002.01,33.L1.ICO-080160-002,081,2024-06-01,MAPPED,MAPPED,INVALID_STRUCTURE,
sales_monthly_by_sku_branch_202607161619.csv,153386,33.L1.ICO-080160-002.01,33.L1.ICO-080160-002,081,2024-08-01,MAPPED,MAPPED,INVALID_STRUCTURE,
sales_monthly_by_sku_branch_202607161619.csv,153387,33.L1.ICO-080160-002.01,33.L1.ICO-080160-002,081,2024-09-01,MAPPED,MAPPED,INVALID_STRUCTURE,
sales_monthly_by_sku_branch_202607161619.csv,153388,33.L1.ICO-080160-002.01,33.L1.ICO-080160-002,081,2024-10-01,MAPPED,MAPPED,INVALID_STRUCTURE,
sales_monthly_by_sku_branch_202607161619.csv,153389,33.L1.ICO-080160-002.01,33.L1.ICO-080160-002,081,2024-11-01,MAPPED,MAPPED,INVALID_STRUCTURE,
sales_monthly_by_sku_branch_202607161619.csv,153390,33.L1.ICO-080160-002.01,33.L1.ICO-080160-002,093,2024-07-01,MAPPED,MAPPED,INVALID_STRUCTURE,
sales_monthly_by_sku_branch_202607161619.csv,153391,33.L1.ICO-080160-002.01,33.L1.ICO-080160-002,093,2024-08-01,MAPPED,MAPPED,INVALID_STRUCTURE,
sales_monthly_by_sku_branch_202607161619.csv,153392,33.L1.ICO-080160-002.01,33.L1.ICO-080160-002,222,2024-03-01,MAPPED,MAPPED,INVALID_STRUCTURE,
sales_monthly_by_sku_branch_202607161619.csv,153393,33.L1.ICO-080160-003.01,33.L1.ICO-080160-003,000,2024-07-01,MAPPED,MAPPED,INVALID_STRUCTURE,
sales_monthly_by_sku_branch_202607161619.csv,153394,33.L1.ICO-080160-003.01,33.L1.ICO-080160-003,000,2024-08-01,MAPPED,MAPPED,INVALID_STRUCTURE,
sales_monthly_by_sku_branch_202607161619.csv,153395,33.L1.ICO-080160-003.01,33.L1.ICO-080160-003,000,2024-10-01,MAPPED,MAPPED,INVALID_STRUCTURE,
sales_monthly_by_sku_branch_202607161619.csv,153396,33.L1.ICO-080160-003.01,33.L1.ICO-080160-003,000,2024-11-01,MAPPED,MAPPED,INVALID_STRUCTURE,
sales_monthly_by_sku_branch_202607161619.csv,153397,33.L1.ICO-080160-003.01,33.L1.ICO-080160-003,000,2025-04-01,MAPPED,MAPPED,INVALID_STRUCTURE,
sales_monthly_by_sku_branch_202607161619.csv,153398,33.L1.ICO-080160-003.01,33.L1.ICO-080160-003,019,2024-01-01,MAPPED,MAPPED,INVALID_STRUCTURE,
sales_monthly_by_sku_branch_202607161619.csv,153399,33.L1.ICO-080160-003.01,33.L1.ICO-080160-003,050,2024-01-01,MAPPED,MAPPED,INVALID_STRUCTURE,
sales_monthly_by_sku_branch_202607161619.csv,153400,33.L1.ICO-080160-003.01,33.L1.ICO-080160-003,050,2024-03-01,MAPPED,MAPPED,INVALID_STRUCTURE,
sales_monthly_by_sku_branch_202607161619.csv,153401,33.L1.ICO-080160-003.01,33.L1.ICO-080160-003,050,2024-05-01,MAPPED,MAPPED,INVALID_STRUCTURE,
sales_monthly_by_sku_branch_202607161619.csv,153402,33.L1.ICO-080160-003.01,33.L1.ICO-080160-003,050,2024-09-01,MAPPED,MAPPED,INVALID_STRUCTURE,
sales_monthly_by_sku_branch_202607161619.csv,153403,33.L1.ICO-080160-003.01,33.L1.ICO-080160-003,050,2024-11-01,MAPPED,MAPPED,INVALID_STRUCTURE,
sales_monthly_by_sku_branch_202607161619.csv,153404,33.L1.ICO-080160-003.01,33.L1.ICO-080160-003,050,2024-12-01,MAPPED,MAPPED,INVALID_STRUCTURE,
sales_monthly_by_sku_branch_202607161619.csv,153405,33.L1.ICO-080160-003.01,33.L1.ICO-080160-003,050,2025-01-01,MAPPED,MAPPED,INVALID_STRUCTURE,
sales_monthly_by_sku_branch_202607161619.csv,153406,33.L1.ICO-080160-003.01,33.L1.ICO-080160-003,060,2024-08-01,MAPPED,MAPPED,INVALID_STRUCTURE,
sales_monthly_by_sku_branch_202607161619.csv,153407,33.L1.ICO-080160-003.01,33.L1.ICO-080160-003,061,2024-11-01,MAPPED,MAPPED,INVALID_STRUCTURE,
sales_monthly_by_sku_branch_202607161619.csv,153408,33.L1.ICO-080160-003.01,33.L1.ICO-080160-003,063,2024-04-01,MAPPED,MAPPED,INVALID_STRUCTURE,
sales_monthly_by_sku_branch_202607161619.csv,153409,33.L1.ICO-080160-003.01,33.L1.ICO-080160-003,063,2024-09-01,MAPPED,MAPPED,INVALID_STRUCTURE,
sales_monthly_by_sku_branch_202607161619.csv,153410,33.L1.ICO-080160-003.01,33.L1.ICO-080160-003,063,2024-10-01,MAPPED,MAPPED,INVALID_STRUCTURE,
sales_monthly_by_sku_branch_202607161619.csv,153411,33.L1.ICO-080160-003.01,33.L1.ICO-080160-003,063,2024-11-01,MAPPED,MAPPED,INVALID_STRUCTURE,
sales_monthly_by_sku_branch_202607161619.csv,153412,33.L1.ICO-080160-003.01,33.L1.ICO-080160-003,064,2024-05-01,MAPPED,MAPPED,INVALID_STRUCTURE,
sales_monthly_by_sku_branch_202607161619.csv,153413,33.L1.ICO-080160-003.01,33.L1.ICO-080160-003,064,2024-07-01,MAPPED,MAPPED,INVALID_STRUCTURE,
sales_monthly_by_sku_branch_202607161619.csv,153414,33.L1.ICO-080160-003.01,33.L1.ICO-080160-003,064,2024-10-01,MAPPED,MAPPED,INVALID_STRUCTURE,
sales_monthly_by_sku_branch_202607161619.csv,153415,33.L1.ICO-080160-003.01,33.L1.ICO-080160-003,065,2024-02-01,MAPPED,MAPPED,INVALID_STRUCTURE,
sales_monthly_by_sku_branch_202607161619.csv,153416,33.L1.ICO-080160-003.01,33.L1.ICO-080160-003,065,2024-10-01,MAPPED,MAPPED,INVALID_STRUCTURE,
sales_monthly_by_sku_branch_202607161619.csv,153417,33.L1.ICO-080160-003.01,33.L1.ICO-080160-003,065,2024-11-01,MAPPED,MAPPED,INVALID_STRUCTURE,
sales_monthly_by_sku_branch_202607161619.csv,153418,33.L1.ICO-080160-003.01,33.L1.ICO-080160-003,067,2024-11-01,MAPPED,MAPPED,INVALID_STRUCTURE,
sales_monthly_by_sku_branch_202607161619.csv,153419,33.L1.ICO-080160-003.01,33.L1.ICO-080160-003,069,2024-01-01,MAPPED,MAPPED,INVALID_STRUCTURE,
sales_monthly_by_sku_branch_202607161619.csv,153420,33.L1.ICO-080160-003.01,33.L1.ICO-080160-003,069,2024-04-01,MAPPED,MAPPED,INVALID_STRUCTURE,
sales_monthly_by_sku_branch_202607161619.csv,153421,33.L1.ICO-080160-003.01,33.L1.ICO-080160-003,069,2024-05-01,MAPPED,MAPPED,INVALID_STRUCTURE,
sales_monthly_by_sku_branch_202607161619.csv,153422,33.L1.ICO-080160-003.01,33.L1.ICO-080160-003,069,2024-07-01,MAPPED,MAPPED,INVALID_STRUCTURE,
sales_monthly_by_sku_branch_202607161619.csv,153423,33.L1.ICO-080160-003.01,33.L1.ICO-080160-003,069,2024-10-01,MAPPED,MAPPED,INVALID_STRUCTURE,
sales_monthly_by_sku_branch_202607161619.csv,153424,33.L1.ICO-080160-003.01,33.L1.ICO-080160-003,069,2024-12-01,MAPPED,MAPPED,INVALID_STRUCTURE,
sales_monthly_by_sku_branch_202607161619.csv,153425,33.L1.ICO-080160-003.01,33.L1.ICO-080160-003,069,2025-02-01,MAPPED,MAPPED,INVALID_STRUCTURE,
sales_monthly_by_sku_branch_202607161619.csv,153426,33.L1.ICO-080160-003.01,33.L1.ICO-080160-003,076,2024-05-01,MAPPED,MAPPED,INVALID_STRUCTURE,
sales_monthly_by_sku_branch_202607161619.csv,153427,33.L1.ICO-080160-003.01,33.L1.ICO-080160-003,076,2024-07-01,MAPPED,MAPPED,INVALID_STRUCTURE,
sales_monthly_by_sku_branch_202607161619.csv,153428,33.L1.ICO-080160-003.01,33.L1.ICO-080160-003,076,2024-09-01,MAPPED,MAPPED,INVALID_STRUCTURE,
sales_monthly_by_sku_branch_202607161619.csv,153429,33.L1.ICO-080160-003.01,33.L1.ICO-080160-003,076,2024-10-01,MAPPED,MAPPED,INVALID_STRUCTURE,
sales_monthly_by_sku_branch_202607161619.csv,153430,33.L1.ICO-080160-003.01,33.L1.ICO-080160-003,076,2024-11-01,MAPPED,MAPPED,INVALID_STRUCTURE,
sales_monthly_by_sku_branch_202607161619.csv,153431,33.L1.ICO-080160-003.01,33.L1.ICO-080160-003,079,2024-04-01,MAPPED,MAPPED,INVALID_STRUCTURE,
sales_monthly_by_sku_branch_202607161619.csv,153432,33.L1.ICO-080160-003.01,33.L1.ICO-080160-003,079,2024-05-01,MAPPED,MAPPED,INVALID_STRUCTURE,
sales_monthly_by_sku_branch_202607161619.csv,153433,33.L1.ICO-080160-003.01,33.L1.ICO-080160-003,079,2024-07-01,MAPPED,MAPPED,INVALID_STRUCTURE,
sales_monthly_by_sku_branch_202607161619.csv,153434,33.L1.ICO-080160-003.01,33.L1.ICO-080160-003,079,2025-04-01,MAPPED,MAPPED,INVALID_STRUCTURE,
sales_monthly_by_sku_branch_202607161619.csv,153435,33.L1.ICO-080160-003.01,33.L1.ICO-080160-003,093,2024-07-01,MAPPED,MAPPED,INVALID_STRUCTURE,
sales_monthly_by_sku_branch_202607161619.csv,153436,33.L1.ICO-080160-003.01,33.L1.ICO-080160-003,093,2024-08-01,MAPPED,MAPPED,INVALID_STRUCTURE,
sales_monthly_by_sku_branch_202607161619.csv,153437,33.L1.ICO-080160-003.01,33.L1.ICO-080160-003,222,2024-11-01,MAPPED,MAPPED,INVALID_STRUCTURE,
sales_monthly_by_sku_branch_202607161619.csv,153438,33.L1.ICO-080160-004.01,33.L1.ICO-080160-004,000,2024-04-01,MAPPED,MAPPED,INVALID_STRUCTURE,
sales_monthly_by_sku_branch_202607161619.csv,153439,33.L1.ICO-080160-004.01,33.L1.ICO-080160-004,000,2024-05-01,MAPPED,MAPPED,INVALID_STRUCTURE,
sales_monthly_by_sku_branch_202607161619.csv,153440,33.L1.ICO-080160-004.01,33.L1.ICO-080160-004,000,2024-06-01,MAPPED,MAPPED,INVALID_STRUCTURE,
sales_monthly_by_sku_branch_202607161619.csv,153441,33.L1.ICO-080160-004.01,33.L1.ICO-080160-004,000,2024-07-01,MAPPED,MAPPED,INVALID_STRUCTURE,
sales_monthly_by_sku_branch_202607161619.csv,153442,33.L1.ICO-080160-004.01,33.L1.ICO-080160-004,000,2024-09-01,MAPPED,MAPPED,INVALID_STRUCTURE,
sales_monthly_by_sku_branch_202607161619.csv,153443,33.L1.ICO-080160-004.01,33.L1.ICO-080160-004,050,2024-01-01,MAPPED,MAPPED,INVALID_STRUCTURE,
sales_monthly_by_sku_branch_202607161619.csv,153444,33.L1.ICO-080160-004.01,33.L1.ICO-080160-004,060,2024-03-01,MAPPED,MAPPED,INVALID_STRUCTURE,
sales_monthly_by_sku_branch_202607161619.csv,153445,33.L1.ICO-080160-004.01,33.L1.ICO-080160-004,060,2024-06-01,MAPPED,MAPPED,INVALID_STRUCTURE,
sales_monthly_by_sku_branch_202607161619.csv,153446,33.L1.ICO-080160-004.01,33.L1.ICO-080160-004,063,2024-01-01,MAPPED,MAPPED,INVALID_STRUCTURE,
sales_monthly_by_sku_branch_202607161619.csv,153447,33.L1.ICO-080160-004.01,33.L1.ICO-080160-004,063,2024-04-01,MAPPED,MAPPED,INVALID_STRUCTURE,
sales_monthly_by_sku_branch_202607161619.csv,153448,33.L1.ICO-080160-004.01,33.L1.ICO-080160-004,063,2024-05-01,MAPPED,MAPPED,INVALID_STRUCTURE,
sales_monthly_by_sku_branch_202607161619.csv,153449,33.L1.ICO-080160-004.01,33.L1.ICO-080160-004,063,2024-07-01,MAPPED,MAPPED,INVALID_STRUCTURE,
sales_monthly_by_sku_branch_202607161619.csv,153450,33.L1.ICO-080160-004.01,33.L1.ICO-080160-004,065,2024-01-01,MAPPED,MAPPED,INVALID_STRUCTURE,
sales_monthly_by_sku_branch_202607161619.csv,153451,33.L1.ICO-080160-004.01,33.L1.ICO-080160-004,065,2024-03-01,MAPPED,MAPPED,INVALID_STRUCTURE,
sales_monthly_by_sku_branch_202607161619.csv,153452,33.L1.ICO-080160-004.01,33.L1.ICO-080160-004,065,2024-04-01,MAPPED,MAPPED,INVALID_STRUCTURE,
sales_monthly_by_sku_branch_202607161619.csv,153453,33.L1.ICO-080160-004.01,33.L1.ICO-080160-004,065,2024-05-01,MAPPED,MAPPED,INVALID_STRUCTURE,
sales_monthly_by_sku_branch_202607161619.csv,153454,33.L1.ICO-080160-004.01,33.L1.ICO-080160-004,065,2024-06-01,MAPPED,MAPPED,INVALID_STRUCTURE,
sales_monthly_by_sku_branch_202607161619.csv,153455,33.L1.ICO-080160-004.01,33.L1.ICO-080160-004,065,2024-07-01,MAPPED,MAPPED,INVALID_STRUCTURE,
sales_monthly_by_sku_branch_202607161619.csv,153456,33.L1.ICO-080160-004.01,33.L1.ICO-080160-004,065,2024-08-01,MAPPED,MAPPED,INVALID_STRUCTURE,
sales_monthly_by_sku_branch_202607161619.csv,153457,33.L1.ICO-080160-004.01,33.L1.ICO-080160-004,065,2024-09-01,MAPPED,MAPPED,INVALID_STRUCTURE,
sales_monthly_by_sku_branch_202607161619.csv,153458,33.L1.ICO-080160-004.01,33.L1.ICO-080160-004,069,2024-01-01,MAPPED,MAPPED,INVALID_STRUCTURE,
sales_monthly_by_sku_branch_202607161619.csv,153459,33.L1.ICO-080160-004.01,33.L1.ICO-080160-004,069,2024-04-01,MAPPED,MAPPED,INVALID_STRUCTURE,
sales_monthly_by_sku_branch_202607161619.csv,153460,33.L1.ICO-080160-004.01,33.L1.ICO-080160-004,069,2024-05-01,MAPPED,MAPPED,INVALID_STRUCTURE,
sales_monthly_by_sku_branch_202607161619.csv,153461,33.L1.ICO-080160-004.01,33.L1.ICO-080160-004,073,2024-03-01,MAPPED,MAPPED,INVALID_STRUCTURE,
sales_monthly_by_sku_branch_202607161619.csv,153462,33.L1.ICO-080160-004.01,33.L1.ICO-080160-004,073,2024-05-01,MAPPED,MAPPED,INVALID_STRUCTURE,
sales_monthly_by_sku_branch_202607161619.csv,153463,33.L1.ICO-080160-004.01,33.L1.ICO-080160-004,073,2024-06-01,MAPPED,MAPPED,INVALID_STRUCTURE,
sales_monthly_by_sku_branch_202607161619.csv,153464,33.L1.ICO-080160-004.01,33.L1.ICO-080160-004,073,2024-08-01,MAPPED,MAPPED,INVALID_STRUCTURE,
sales_monthly_by_sku_branch_202607161619.csv,153465,33.L1.ICO-080160-004.01,33.L1.ICO-080160-004,073,2024-09-01,MAPPED,MAPPED,INVALID_STRUCTURE,
sales_monthly_by_sku_branch_202607161619.csv,153466,33.L1.ICO-080160-004.01,33.L1.ICO-080160-004,076,2024-04-01,MAPPED,MAPPED,INVALID_STRUCTURE,
sales_monthly_by_sku_branch_202607161619.csv,153467,33.L1.ICO-080160-004.01,33.L1.ICO-080160-004,076,2024-05-01,MAPPED,MAPPED,INVALID_STRUCTURE,
sales_monthly_by_sku_branch_202607161619.csv,153468,33.L1.ICO-080160-004.01,33.L1.ICO-080160-004,076,2024-09-01,MAPPED,MAPPED,INVALID_STRUCTURE,
sales_monthly_by_sku_branch_202607161619.csv,153469,33.L1.ICO-080160-004.01,33.L1.ICO-080160-004,079,2024-06-01,MAPPED,MAPPED,INVALID_STRUCTURE,
sales_monthly_by_sku_branch_202607161619.csv,153470,33.L1.ICO-080160-004.01,33.L1.ICO-080160-004,079,2024-07-01,MAPPED,MAPPED,INVALID_STRUCTURE,
sales_monthly_by_sku_branch_202607161619.csv,153471,33.L1.ICO-080160-004.01,33.L1.ICO-080160-004,079,2024-08-01,MAPPED,MAPPED,INVALID_STRUCTURE,
sales_monthly_by_sku_branch_202607161619.csv,153472,33.L1.ICO-080160-004.01,33.L1.ICO-080160-004,079,2024-09-01,MAPPED,MAPPED,INVALID_STRUCTURE,
sales_monthly_by_sku_branch_202607161619.csv,153473,33.L1.ICO-080160-004.01,33.L1.ICO-080160-004,081,2024-01-01,MAPPED,MAPPED,INVALID_STRUCTURE,
sales_monthly_by_sku_branch_202607161619.csv,153474,33.L1.ICO-080160-004.01,33.L1.ICO-080160-004,081,2024-04-01,MAPPED,MAPPED,INVALID_STRUCTURE,
sales_monthly_by_sku_branch_202607161619.csv,153475,33.L1.ICO-080160-004.01,33.L1.ICO-080160-004,081,2024-05-01,MAPPED,MAPPED,INVALID_STRUCTURE,
sales_monthly_by_sku_branch_202607161619.csv,153476,33.L1.ICO-080160-004.01,33.L1.ICO-080160-004,081,2024-06-01,MAPPED,MAPPED,INVALID_STRUCTURE,
sales_monthly_by_sku_branch_202607161619.csv,153477,33.L1.ICO-080160-004.01,33.L1.ICO-080160-004,081,2024-07-01,MAPPED,MAPPED,INVALID_STRUCTURE,
sales_monthly_by_sku_branch_202607161619.csv,153478,33.L1.ICO-080160-004.01,33.L1.ICO-080160-004,081,2024-08-01,MAPPED,MAPPED,INVALID_STRUCTURE,
sales_monthly_by_sku_branch_202607161619.csv,153479,33.L1.ICO-080160-004.01,33.L1.ICO-080160-004,093,2024-07-01,MAPPED,MAPPED,INVALID_STRUCTURE,
sales_monthly_by_sku_branch_202607161619.csv,153480,33.L1.ICO-080160-004.01,33.L1.ICO-080160-004,098,2024-06-01,MAPPED,MAPPED,INVALID_STRUCTURE,
sales_monthly_by_sku_branch_202607161619.csv,153481,33.L1.ICO-080160-004.01,33.L1.ICO-080160-004,222,2024-01-01,MAPPED,MAPPED,INVALID_STRUCTURE,
sales_monthly_by_sku_branch_202607161619.csv,153482,33.L1.ICO-080160-004.01,33.L1.ICO-080160-004,222,2024-03-01,MAPPED,MAPPED,INVALID_STRUCTURE,
sales_monthly_by_sku_branch_202607161619.csv,153483,33.L1.ICO-080160-005.01,33.L1.ICO-080160-005,000,2024-01-01,MAPPED,MAPPED,INVALID_STRUCTURE,
sales_monthly_by_sku_branch_202607161619.csv,153484,33.L1.ICO-080160-005.01,33.L1.ICO-080160-005,000,2024-04-01,MAPPED,MAPPED,INVALID_STRUCTURE,
sales_monthly_by_sku_branch_202607161619.csv,153485,33.L1.ICO-080160-005.01,33.L1.ICO-080160-005,000,2024-05-01,MAPPED,MAPPED,INVALID_STRUCTURE,
sales_monthly_by_sku_branch_202607161619.csv,153486,33.L1.ICO-080160-005.01,33.L1.ICO-080160-005,000,2024-06-01,MAPPED,MAPPED,INVALID_STRUCTURE,
sales_monthly_by_sku_branch_202607161619.csv,153487,33.L1.ICO-080160-005.01,33.L1.ICO-080160-005,000,2024-07-01,MAPPED,MAPPED,INVALID_STRUCTURE,
sales_monthly_by_sku_branch_202607161619.csv,153488,33.L1.ICO-080160-005.01,33.L1.ICO-080160-005,000,2024-11-01,MAPPED,MAPPED,INVALID_STRUCTURE,
sales_monthly_by_sku_branch_202607161619.csv,153489,33.L1.ICO-080160-005.01,33.L1.ICO-080160-005,015,2025-05-01,MAPPED,MAPPED,INVALID_STRUCTURE,
sales_monthly_by_sku_branch_202607161619.csv,153490,33.L1.ICO-080160-005.01,33.L1.ICO-080160-005,015,2025-07-01,MAPPED,MAPPED,INVALID_STRUCTURE,
sales_monthly_by_sku_branch_202607161619.csv,153491,33.L1.ICO-080160-005.01,33.L1.ICO-080160-005,050,2024-04-01,MAPPED,MAPPED,INVALID_STRUCTURE,
sales_monthly_by_sku_branch_202607161619.csv,153492,33.L1.ICO-080160-005.01,33.L1.ICO-080160-005,050,2024-05-01,MAPPED,MAPPED,INVALID_STRUCTURE,
sales_monthly_by_sku_branch_202607161619.csv,153493,33.L1.ICO-080160-005.01,33.L1.ICO-080160-005,050,2024-06-01,MAPPED,MAPPED,INVALID_STRUCTURE,
sales_monthly_by_sku_branch_202607161619.csv,153494,33.L1.ICO-080160-005.01,33.L1.ICO-080160-005,050,2024-07-01,MAPPED,MAPPED,INVALID_STRUCTURE,
sales_monthly_by_sku_branch_202607161619.csv,153495,33.L1.ICO-080160-005.01,33.L1.ICO-080160-005,050,2024-08-01,MAPPED,MAPPED,INVALID_STRUCTURE,
sales_monthly_by_sku_branch_202607161619.csv,153496,33.L1.ICO-080160-005.01,33.L1.ICO-080160-005,050,2024-09-01,MAPPED,MAPPED,INVALID_STRUCTURE,
sales_monthly_by_sku_branch_202607161619.csv,153497,33.L1.ICO-080160-005.01,33.L1.ICO-080160-005,050,2024-11-01,MAPPED,MAPPED,INVALID_STRUCTURE,
sales_monthly_by_sku_branch_202607161619.csv,153498,33.L1.ICO-080160-005.01,33.L1.ICO-080160-005,050,2025-03-01,MAPPED,MAPPED,INVALID_STRUCTURE,
sales_monthly_by_sku_branch_202607161619.csv,153499,33.L1.ICO-080160-005.01,33.L1.ICO-080160-005,061,2024-07-01,MAPPED,MAPPED,INVALID_STRUCTURE,
sales_monthly_by_sku_branch_202607161619.csv,153500,33.L1.ICO-080160-005.01,33.L1.ICO-080160-005,061,2024-10-01,MAPPED,MAPPED,INVALID_STRUCTURE,
sales_monthly_by_sku_branch_202607161619.csv,153501,33.L1.ICO-080160-005.01,33.L1.ICO-080160-005,063,2024-04-01,MAPPED,MAPPED,INVALID_STRUCTURE,
sales_monthly_by_sku_branch_202607161619.csv,153502,33.L1.ICO-080160-005.01,33.L1.ICO-080160-005,063,2024-05-01,MAPPED,MAPPED,INVALID_STRUCTURE,
sales_monthly_by_sku_branch_202607161619.csv,153503,33.L1.ICO-080160-005.01,33.L1.ICO-080160-005,063,2024-07-01,MAPPED,MAPPED,INVALID_STRUCTURE,
sales_monthly_by_sku_branch_202607161619.csv,153504,33.L1.ICO-080160-005.01,33.L1.ICO-080160-005,063,2024-10-01,MAPPED,MAPPED,INVALID_STRUCTURE,
sales_monthly_by_sku_branch_202607161619.csv,153505,33.L1.ICO-080160-005.01,33.L1.ICO-080160-005,063,2024-12-01,MAPPED,MAPPED,INVALID_STRUCTURE,
sales_monthly_by_sku_branch_202607161619.csv,153506,33.L1.ICO-080160-005.01,33.L1.ICO-080160-005,063,2025-05-01,MAPPED,MAPPED,INVALID_STRUCTURE,
sales_monthly_by_sku_branch_202607161619.csv,153507,33.L1.ICO-080160-005.01,33.L1.ICO-080160-005,063,2025-06-01,MAPPED,MAPPED,INVALID_STRUCTURE,
sales_monthly_by_sku_branch_202607161619.csv,153508,33.L1.ICO-080160-005.01,33.L1.ICO-080160-005,063,2025-08-01,MAPPED,MAPPED,INVALID_STRUCTURE,
sales_monthly_by_sku_branch_202607161619.csv,153509,33.L1.ICO-080160-005.01,33.L1.ICO-080160-005,063,2025-09-01,MAPPED,MAPPED,INVALID_STRUCTURE,
sales_monthly_by_sku_branch_202607161619.csv,153510,33.L1.ICO-080160-005.01,33.L1.ICO-080160-005,063,2026-02-01,MAPPED,MAPPED,INVALID_STRUCTURE,
sales_monthly_by_sku_branch_202607161619.csv,153511,33.L1.ICO-080160-005.01,33.L1.ICO-080160-005,063,2026-06-01,MAPPED,MAPPED,INVALID_STRUCTURE,
sales_monthly_by_sku_branch_202607161619.csv,153512,33.L1.ICO-080160-005.01,33.L1.ICO-080160-005,064,2024-05-01,MAPPED,MAPPED,INVALID_STRUCTURE,
sales_monthly_by_sku_branch_202607161619.csv,153513,33.L1.ICO-080160-005.01,33.L1.ICO-080160-005,065,2024-08-01,MAPPED,MAPPED,INVALID_STRUCTURE,
sales_monthly_by_sku_branch_202607161619.csv,153514,33.L1.ICO-080160-005.01,33.L1.ICO-080160-005,065,2024-09-01,MAPPED,MAPPED,INVALID_STRUCTURE,
sales_monthly_by_sku_branch_202607161619.csv,153515,33.L1.ICO-080160-005.01,33.L1.ICO-080160-005,065,2024-10-01,MAPPED,MAPPED,INVALID_STRUCTURE,
sales_monthly_by_sku_branch_202607161619.csv,153516,33.L1.ICO-080160-005.01,33.L1.ICO-080160-005,065,2025-11-01,MAPPED,MAPPED,INVALID_STRUCTURE,
sales_monthly_by_sku_branch_202607161619.csv,153517,33.L1.ICO-080160-005.01,33.L1.ICO-080160-005,068,2025-11-01,MAPPED,MAPPED,INVALID_STRUCTURE,
sales_monthly_by_sku_branch_202607161619.csv,153518,33.L1.ICO-080160-005.01,33.L1.ICO-080160-005,069,2024-01-01,MAPPED,MAPPED,INVALID_STRUCTURE,
sales_monthly_by_sku_branch_202607161619.csv,153519,33.L1.ICO-080160-005.01,33.L1.ICO-080160-005,069,2024-11-01,MAPPED,MAPPED,INVALID_STRUCTURE,
sales_monthly_by_sku_branch_202607161619.csv,153520,33.L1.ICO-080160-005.01,33.L1.ICO-080160-005,069,2025-05-01,MAPPED,MAPPED,INVALID_STRUCTURE,
sales_monthly_by_sku_branch_202607161619.csv,153521,33.L1.ICO-080160-005.01,33.L1.ICO-080160-005,069,2025-07-01,MAPPED,MAPPED,INVALID_STRUCTURE,
sales_monthly_by_sku_branch_202607161619.csv,153522,33.L1.ICO-080160-005.01,33.L1.ICO-080160-005,069,2025-10-01,MAPPED,MAPPED,INVALID_STRUCTURE,
sales_monthly_by_sku_branch_202607161619.csv,153523,33.L1.ICO-080160-005.01,33.L1.ICO-080160-005,071,2024-07-01,MAPPED,MAPPED,INVALID_STRUCTURE,
sales_monthly_by_sku_branch_202607161619.csv,153524,33.L1.ICO-080160-005.01,33.L1.ICO-080160-005,071,2025-03-01,MAPPED,MAPPED,INVALID_STRUCTURE,
sales_monthly_by_sku_branch_202607161619.csv,153525,33.L1.ICO-080160-005.01,33.L1.ICO-080160-005,073,2024-01-01,MAPPED,MAPPED,INVALID_STRUCTURE,
sales_monthly_by_sku_branch_202607161619.csv,153526,33.L1.ICO-080160-005.01,33.L1.ICO-080160-005,073,2024-10-01,MAPPED,MAPPED,INVALID_STRUCTURE,
sales_monthly_by_sku_branch_202607161619.csv,153527,33.L1.ICO-080160-005.01,33.L1.ICO-080160-005,073,2026-01-01,MAPPED,MAPPED,INVALID_STRUCTURE,
sales_monthly_by_sku_branch_202607161619.csv,153528,33.L1.ICO-080160-005.01,33.L1.ICO-080160-005,073,2026-06-01,MAPPED,MAPPED,INVALID_STRUCTURE,
sales_monthly_by_sku_branch_202607161619.csv,153529,33.L1.ICO-080160-005.01,33.L1.ICO-080160-005,076,2024-04-01,MAPPED,MAPPED,INVALID_STRUCTURE,
sales_monthly_by_sku_branch_202607161619.csv,153530,33.L1.ICO-080160-005.01,33.L1.ICO-080160-005,076,2025-03-01,MAPPED,MAPPED,INVALID_STRUCTURE,
sales_monthly_by_sku_branch_202607161619.csv,153531,33.L1.ICO-080160-005.01,33.L1.ICO-080160-005,079,2024-06-01,MAPPED,MAPPED,INVALID_STRUCTURE,
sales_monthly_by_sku_branch_202607161619.csv,153532,33.L1.ICO-080160-005.01,33.L1.ICO-080160-005,079,2024-07-01,MAPPED,MAPPED,INVALID_STRUCTURE,
sales_monthly_by_sku_branch_202607161619.csv,153533,33.L1.ICO-080160-005.01,33.L1.ICO-080160-005,079,2024-11-01,MAPPED,MAPPED,INVALID_STRUCTURE,
sales_monthly_by_sku_branch_202607161619.csv,153534,33.L1.ICO-080160-005.01,33.L1.ICO-080160-005,079,2025-01-01,MAPPED,MAPPED,INVALID_STRUCTURE,
sales_monthly_by_sku_branch_202607161619.csv,153535,33.L1.ICO-080160-005.01,33.L1.ICO-080160-005,081,2024-01-01,MAPPED,MAPPED,INVALID_STRUCTURE,
sales_monthly_by_sku_branch_202607161619.csv,153536,33.L1.ICO-080160-005.01,33.L1.ICO-080160-005,081,2024-04-01,MAPPED,MAPPED,INVALID_STRUCTURE,
sales_monthly_by_sku_branch_202607161619.csv,153537,33.L1.ICO-080160-005.01,33.L1.ICO-080160-005,081,2024-05-01,MAPPED,MAPPED,INVALID_STRUCTURE,
sales_monthly_by_sku_branch_202607161619.csv,153538,33.L1.ICO-080160-005.01,33.L1.ICO-080160-005,081,2024-06-01,MAPPED,MAPPED,INVALID_STRUCTURE,
sales_monthly_by_sku_branch_202607161619.csv,153539,33.L1.ICO-080160-005.01,33.L1.ICO-080160-005,081,2024-07-01,MAPPED,MAPPED,INVALID_STRUCTURE,
sales_monthly_by_sku_branch_202607161619.csv,153540,34.L1.ITA-060120-001.01,34.L1.ITA-060120-001,000,2024-01-01,MAPPED,MAPPED,INVALID_STRUCTURE,
sales_monthly_by_sku_branch_202607161619.csv,153541,34.L1.ITA-060120-001.01,34.L1.ITA-060120-001,000,2024-04-01,MAPPED,MAPPED,INVALID_STRUCTURE,
sales_monthly_by_sku_branch_202607161619.csv,153542,34.L1.ITA-060120-001.01,34.L1.ITA-060120-001,000,2024-06-01,MAPPED,MAPPED,INVALID_STRUCTURE,
sales_monthly_by_sku_branch_202607161619.csv,153543,34.L1.ITA-060120-001.01,34.L1.ITA-060120-001,000,2024-07-01,MAPPED,MAPPED,INVALID_STRUCTURE,
sales_monthly_by_sku_branch_202607161619.csv,153544,34.L1.ITA-060120-001.01,34.L1.ITA-060120-001,000,2024-09-01,MAPPED,MAPPED,INVALID_STRUCTURE,
sales_monthly_by_sku_branch_202607161619.csv,153545,34.L1.ITA-060120-001.01,34.L1.ITA-060120-001,050,2024-01-01,MAPPED,MAPPED,INVALID_STRUCTURE,
sales_monthly_by_sku_branch_202607161619.csv,153546,34.L1.ITA-060120-001.01,34.L1.ITA-060120-001,050,2024-05-01,MAPPED,MAPPED,INVALID_STRUCTURE,
sales_monthly_by_sku_branch_202607161619.csv,153547,34.L1.ITA-060120-001.01,34.L1.ITA-060120-001,050,2024-07-01,MAPPED,MAPPED,INVALID_STRUCTURE,
sales_monthly_by_sku_branch_202607161619.csv,153548,34.L1.ITA-060120-001.01,34.L1.ITA-060120-001,050,2024-08-01,MAPPED,MAPPED,INVALID_STRUCTURE,
sales_monthly_by_sku_branch_202607161619.csv,153549,34.L1.ITA-060120-001.01,34.L1.ITA-060120-001,050,2024-09-01,MAPPED,MAPPED,INVALID_STRUCTURE,
sales_monthly_by_sku_branch_202607161619.csv,153550,34.L1.ITA-060120-001.01,34.L1.ITA-060120-001,050,2024-10-01,MAPPED,MAPPED,INVALID_STRUCTURE,
sales_monthly_by_sku_branch_202607161619.csv,153551,34.L1.ITA-060120-001.01,34.L1.ITA-060120-001,050,2024-12-01,MAPPED,MAPPED,INVALID_STRUCTURE,
sales_monthly_by_sku_branch_202607161619.csv,153552,34.L1.ITA-060120-001.01,34.L1.ITA-060120-001,060,2024-01-01,MAPPED,MAPPED,INVALID_STRUCTURE,
sales_monthly_by_sku_branch_202607161619.csv,153553,34.L1.ITA-060120-001.01,34.L1.ITA-060120-001,060,2024-09-01,MAPPED,MAPPED,INVALID_STRUCTURE,
sales_monthly_by_sku_branch_202607161619.csv,153554,34.L1.ITA-060120-001.01,34.L1.ITA-060120-001,060,2024-10-01,MAPPED,MAPPED,INVALID_STRUCTURE,
sales_monthly_by_sku_branch_202607161619.csv,153555,34.L1.ITA-060120-001.01,34.L1.ITA-060120-001,061,2024-01-01,MAPPED,MAPPED,INVALID_STRUCTURE,
sales_monthly_by_sku_branch_202607161619.csv,153556,34.L1.ITA-060120-001.01,34.L1.ITA-060120-001,061,2024-05-01,MAPPED,MAPPED,INVALID_STRUCTURE,
sales_monthly_by_sku_branch_202607161619.csv,153557,34.L1.ITA-060120-001.01,34.L1.ITA-060120-001,061,2024-06-01,MAPPED,MAPPED,INVALID_STRUCTURE,
sales_monthly_by_sku_branch_202607161619.csv,153558,34.L1.ITA-060120-001.01,34.L1.ITA-060120-001,061,2024-07-01,MAPPED,MAPPED,INVALID_STRUCTURE,
sales_monthly_by_sku_branch_202607161619.csv,153559,34.L1.ITA-060120-001.01,34.L1.ITA-060120-001,061,2024-08-01,MAPPED,MAPPED,INVALID_STRUCTURE,
sales_monthly_by_sku_branch_202607161619.csv,153560,34.L1.ITA-060120-001.01,34.L1.ITA-060120-001,061,2024-09-01,MAPPED,MAPPED,INVALID_STRUCTURE,
sales_monthly_by_sku_branch_202607161619.csv,153561,34.L1.ITA-060120-001.01,34.L1.ITA-060120-001,063,2024-01-01,MAPPED,MAPPED,INVALID_STRUCTURE,
sales_monthly_by_sku_branch_202607161619.csv,153562,34.L1.ITA-060120-001.01,34.L1.ITA-060120-001,063,2024-04-01,MAPPED,MAPPED,INVALID_STRUCTURE,
sales_monthly_by_sku_branch_202607161619.csv,153563,34.L1.ITA-060120-001.01,34.L1.ITA-060120-001,063,2024-06-01,MAPPED,MAPPED,INVALID_STRUCTURE,
sales_monthly_by_sku_branch_202607161619.csv,153564,34.L1.ITA-060120-001.01,34.L1.ITA-060120-001,063,2024-07-01,MAPPED,MAPPED,INVALID_STRUCTURE,
sales_monthly_by_sku_branch_202607161619.csv,153565,34.L1.ITA-060120-001.01,34.L1.ITA-060120-001,063,2024-08-01,MAPPED,MAPPED,INVALID_STRUCTURE,
sales_monthly_by_sku_branch_202607161619.csv,153566,34.L1.ITA-060120-001.01,34.L1.ITA-060120-001,063,2024-09-01,MAPPED,MAPPED,INVALID_STRUCTURE,
sales_monthly_by_sku_branch_202607161619.csv,153567,34.L1.ITA-060120-001.01,34.L1.ITA-060120-001,065,2024-01-01,MAPPED,MAPPED,INVALID_STRUCTURE,
sales_monthly_by_sku_branch_202607161619.csv,153568,34.L1.ITA-060120-001.01,34.L1.ITA-060120-001,065,2024-03-01,MAPPED,MAPPED,INVALID_STRUCTURE,
sales_monthly_by_sku_branch_202607161619.csv,153569,34.L1.ITA-060120-001.01,34.L1.ITA-060120-001,065,2024-05-01,MAPPED,MAPPED,INVALID_STRUCTURE,
sales_monthly_by_sku_branch_202607161619.csv,153570,34.L1.ITA-060120-001.01,34.L1.ITA-060120-001,065,2024-06-01,MAPPED,MAPPED,INVALID_STRUCTURE,
sales_monthly_by_sku_branch_202607161619.csv,153571,34.L1.ITA-060120-001.01,34.L1.ITA-060120-001,065,2024-07-01,MAPPED,MAPPED,INVALID_STRUCTURE,
sales_monthly_by_sku_branch_202607161619.csv,153572,34.L1.ITA-060120-001.01,34.L1.ITA-060120-001,065,2024-08-01,MAPPED,MAPPED,INVALID_STRUCTURE,
sales_monthly_by_sku_branch_202607161619.csv,153573,34.L1.ITA-060120-001.01,34.L1.ITA-060120-001,065,2024-09-01,MAPPED,MAPPED,INVALID_STRUCTURE,
sales_monthly_by_sku_branch_202607161619.csv,153574,34.L1.ITA-060120-001.01,34.L1.ITA-060120-001,067,2024-12-01,MAPPED,MAPPED,INVALID_STRUCTURE,
sales_monthly_by_sku_branch_202607161619.csv,153575,34.L1.ITA-060120-001.01,34.L1.ITA-060120-001,069,2024-02-01,MAPPED,MAPPED,INVALID_STRUCTURE,
sales_monthly_by_sku_branch_202607161619.csv,153576,34.L1.ITA-060120-001.01,34.L1.ITA-060120-001,069,2024-03-01,MAPPED,MAPPED,INVALID_STRUCTURE,
sales_monthly_by_sku_branch_202607161619.csv,153577,34.L1.ITA-060120-001.01,34.L1.ITA-060120-001,069,2024-04-01,MAPPED,MAPPED,INVALID_STRUCTURE,
sales_monthly_by_sku_branch_202607161619.csv,153578,34.L1.ITA-060120-001.01,34.L1.ITA-060120-001,069,2024-05-01,MAPPED,MAPPED,INVALID_STRUCTURE,
sales_monthly_by_sku_branch_202607161619.csv,153579,34.L1.ITA-060120-001.01,34.L1.ITA-060120-001,069,2024-07-01,MAPPED,MAPPED,INVALID_STRUCTURE,
sales_monthly_by_sku_branch_202607161619.csv,153580,34.L1.ITA-060120-001.01,34.L1.ITA-060120-001,069,2024-08-01,MAPPED,MAPPED,INVALID_STRUCTURE,
sales_monthly_by_sku_branch_202607161619.csv,153581,34.L1.ITA-060120-001.01,34.L1.ITA-060120-001,069,2024-10-01,MAPPED,MAPPED,INVALID_STRUCTURE,
sales_monthly_by_sku_branch_202607161619.csv,153582,34.L1.ITA-060120-001.01,34.L1.ITA-060120-001,069,2024-11-01,MAPPED,MAPPED,INVALID_STRUCTURE,
sales_monthly_by_sku_branch_202607161619.csv,153583,34.L1.ITA-060120-001.01,34.L1.ITA-060120-001,069,2024-12-01,MAPPED,MAPPED,INVALID_STRUCTURE,
sales_monthly_by_sku_branch_202607161619.csv,153584,34.L1.ITA-060120-001.01,34.L1.ITA-060120-001,069,2026-01-01,MAPPED,MAPPED,INVALID_STRUCTURE,
sales_monthly_by_sku_branch_202607161619.csv,153585,34.L1.ITA-060120-001.01,34.L1.ITA-060120-001,073,2024-04-01,MAPPED,MAPPED,INVALID_STRUCTURE,
sales_monthly_by_sku_branch_202607161619.csv,153586,34.L1.ITA-060120-001.01,34.L1.ITA-060120-001,073,2024-07-01,MAPPED,MAPPED,INVALID_STRUCTURE,
sales_monthly_by_sku_branch_202607161619.csv,153587,34.L1.ITA-060120-001.01,34.L1.ITA-060120-001,076,2024-01-01,MAPPED,MAPPED,INVALID_STRUCTURE,
sales_monthly_by_sku_branch_202607161619.csv,153588,34.L1.ITA-060120-001.01,34.L1.ITA-060120-001,076,2024-03-01,MAPPED,MAPPED,INVALID_STRUCTURE,
sales_monthly_by_sku_branch_202607161619.csv,153589,34.L1.ITA-060120-001.01,34.L1.ITA-060120-001,076,2024-04-01,MAPPED,MAPPED,INVALID_STRUCTURE,
sales_monthly_by_sku_branch_202607161619.csv,153590,34.L1.ITA-060120-001.01,34.L1.ITA-060120-001,076,2024-05-01,MAPPED,MAPPED,INVALID_STRUCTURE,
sales_monthly_by_sku_branch_202607161619.csv,153591,34.L1.ITA-060120-001.01,34.L1.ITA-060120-001,076,2024-06-01,MAPPED,MAPPED,INVALID_STRUCTURE,
sales_monthly_by_sku_branch_202607161619.csv,153592,34.L1.ITA-060120-001.01,34.L1.ITA-060120-001,076,2024-07-01,MAPPED,MAPPED,INVALID_STRUCTURE,
sales_monthly_by_sku_branch_202607161619.csv,153593,34.L1.ITA-060120-001.01,34.L1.ITA-060120-001,076,2024-08-01,MAPPED,MAPPED,INVALID_STRUCTURE,
sales_monthly_by_sku_branch_202607161619.csv,153594,34.L1.ITA-060120-001.01,34.L1.ITA-060120-001,076,2024-09-01,MAPPED,MAPPED,INVALID_STRUCTURE,
sales_monthly_by_sku_branch_202607161619.csv,153595,34.L1.ITA-060120-001.01,34.L1.ITA-060120-001,081,2024-01-01,MAPPED,MAPPED,INVALID_STRUCTURE,
sales_monthly_by_sku_branch_202607161619.csv,153596,34.L1.ITA-060120-001.01,34.L1.ITA-060120-001,081,2024-04-01,MAPPED,MAPPED,INVALID_STRUCTURE,
sales_monthly_by_sku_branch_202607161619.csv,153597,34.L1.ITA-060120-001.01,34.L1.ITA-060120-001,081,2024-06-01,MAPPED,MAPPED,INVALID_STRUCTURE,
sales_monthly_by_sku_branch_202607161619.csv,153598,34.L1.ITA-060120-001.01,34.L1.ITA-060120-001,098,2024-08-01,MAPPED,MAPPED,INVALID_STRUCTURE,
sales_monthly_by_sku_branch_202607161619.csv,153599,34.L1.ITA-060120-001.01,34.L1.ITA-060120-001,222,2024-08-01,MAPPED,MAPPED,INVALID_STRUCTURE,
sales_monthly_by_sku_branch_202607161619.csv,153600,34.L1.ITA-060120-001.01,34.L1.ITA-060120-001,222,2024-09-01,MAPPED,MAPPED,INVALID_STRUCTURE,
sales_monthly_by_sku_branch_202607161619.csv,153601,34.L1.ITA-060120-001.01,34.L1.ITA-060120-001,222,2024-10-01,MAPPED,MAPPED,INVALID_STRUCTURE,
sales_monthly_by_sku_branch_202607161619.csv,153602,34.L1.ITA-060120-001.01,34.L1.ITA-060120-001,222,2024-11-01,MAPPED,MAPPED,INVALID_STRUCTURE,
sales_monthly_by_sku_branch_202607161619.csv,153603,34.L1.ITA-060120-002,34.L1.ITA-060120-002,076,2026-01-01,MAPPED,MAPPED,INVALID_STRUCTURE,
sales_monthly_by_sku_branch_202607161619.csv,153604,34.L1.ITA-060120-002.01,34.L1.ITA-060120-002,000,2024-04-01,MAPPED,MAPPED,INVALID_STRUCTURE,
sales_monthly_by_sku_branch_202607161619.csv,153605,34.L1.ITA-060120-002.01,34.L1.ITA-060120-002,000,2024-05-01,MAPPED,MAPPED,INVALID_STRUCTURE,
sales_monthly_by_sku_branch_202607161619.csv,153606,34.L1.ITA-060120-002.01,34.L1.ITA-060120-002,000,2024-08-01,MAPPED,MAPPED,INVALID_STRUCTURE,
sales_monthly_by_sku_branch_202607161619.csv,153607,34.L1.ITA-060120-002.01,34.L1.ITA-060120-002,000,2024-09-01,MAPPED,MAPPED,INVALID_STRUCTURE,
sales_monthly_by_sku_branch_202607161619.csv,153608,34.L1.ITA-060120-002.01,34.L1.ITA-060120-002,000,2024-10-01,MAPPED,MAPPED,INVALID_STRUCTURE,
sales_monthly_by_sku_branch_202607161619.csv,153609,34.L1.ITA-060120-002.01,34.L1.ITA-060120-002,000,2024-11-01,MAPPED,MAPPED,INVALID_STRUCTURE,
sales_monthly_by_sku_branch_202607161619.csv,153610,34.L1.ITA-060120-002.01,34.L1.ITA-060120-002,000,2025-06-01,MAPPED,MAPPED,INVALID_STRUCTURE,
sales_monthly_by_sku_branch_202607161619.csv,153611,34.L1.ITA-060120-002.01,34.L1.ITA-060120-002,000,2025-08-01,MAPPED,MAPPED,INVALID_STRUCTURE,
sales_monthly_by_sku_branch_202607161619.csv,153612,34.L1.ITA-060120-002.01,34.L1.ITA-060120-002,000,2025-09-01,MAPPED,MAPPED,INVALID_STRUCTURE,
sales_monthly_by_sku_branch_202607161619.csv,153613,34.L1.ITA-060120-002.01,34.L1.ITA-060120-002,000,2026-01-01,MAPPED,MAPPED,INVALID_STRUCTURE,
sales_monthly_by_sku_branch_202607161619.csv,153614,34.L1.ITA-060120-002.01,34.L1.ITA-060120-002,011,2025-12-01,MAPPED,MAPPED,INVALID_STRUCTURE,
sales_monthly_by_sku_branch_202607161619.csv,153615,34.L1.ITA-060120-002.01,34.L1.ITA-060120-002,017,2025-07-01,MAPPED,MAPPED,INVALID_STRUCTURE,
sales_monthly_by_sku_branch_202607161619.csv,153616,34.L1.ITA-060120-002.01,34.L1.ITA-060120-002,017,2025-08-01,MAPPED,MAPPED,INVALID_STRUCTURE,
sales_monthly_by_sku_branch_202607161619.csv,153617,34.L1.ITA-060120-002.01,34.L1.ITA-060120-002,017,2025-09-01,MAPPED,MAPPED,INVALID_STRUCTURE,
sales_monthly_by_sku_branch_202607161619.csv,153618,34.L1.ITA-060120-002.01,34.L1.ITA-060120-002,017,2025-10-01,MAPPED,MAPPED,INVALID_STRUCTURE,
sales_monthly_by_sku_branch_202607161619.csv,153619,34.L1.ITA-060120-002.01,34.L1.ITA-060120-002,017,2026-01-01,MAPPED,MAPPED,INVALID_STRUCTURE,
sales_monthly_by_sku_branch_202607161619.csv,153620,34.L1.ITA-060120-002.01,34.L1.ITA-060120-002,017,2026-03-01,MAPPED,MAPPED,INVALID_STRUCTURE,
sales_monthly_by_sku_branch_202607161619.csv,153621,34.L1.ITA-060120-002.01,34.L1.ITA-060120-002,017,2026-04-01,MAPPED,MAPPED,INVALID_STRUCTURE,
sales_monthly_by_sku_branch_202607161619.csv,153622,34.L1.ITA-060120-002.01,34.L1.ITA-060120-002,017,2026-05-01,MAPPED,MAPPED,INVALID_STRUCTURE,
sales_monthly_by_sku_branch_202607161619.csv,153623,34.L1.ITA-060120-002.01,34.L1.ITA-060120-002,017,2026-06-01,MAPPED,MAPPED,INVALID_STRUCTURE,
sales_monthly_by_sku_branch_202607161619.csv,153624,34.L1.ITA-060120-002.01,34.L1.ITA-060120-002,018,2026-01-01,MAPPED,MAPPED,INVALID_STRUCTURE,
sales_monthly_by_sku_branch_202607161619.csv,153625,34.L1.ITA-060120-002.01,34.L1.ITA-060120-002,019,2024-02-01,MAPPED,MAPPED,INVALID_STRUCTURE,
sales_monthly_by_sku_branch_202607161619.csv,153626,34.L1.ITA-060120-002.01,34.L1.ITA-060120-002,049,2026-05-01,MAPPED,MAPPED,INVALID_STRUCTURE,
sales_monthly_by_sku_branch_202607161619.csv,153627,34.L1.ITA-060120-002.01,34.L1.ITA-060120-002,049,2026-06-01,MAPPED,MAPPED,INVALID_STRUCTURE,
sales_monthly_by_sku_branch_202607161619.csv,153628,34.L1.ITA-060120-002.01,34.L1.ITA-060120-002,050,2024-04-01,MAPPED,MAPPED,INVALID_STRUCTURE,
sales_monthly_by_sku_branch_202607161619.csv,153629,34.L1.ITA-060120-002.01,34.L1.ITA-060120-002,050,2024-05-01,MAPPED,MAPPED,INVALID_STRUCTURE,
sales_monthly_by_sku_branch_202607161619.csv,153630,34.L1.ITA-060120-002.01,34.L1.ITA-060120-002,050,2024-06-01,MAPPED,MAPPED,INVALID_STRUCTURE,
sales_monthly_by_sku_branch_202607161619.csv,153631,34.L1.ITA-060120-002.01,34.L1.ITA-060120-002,050,2024-12-01,MAPPED,MAPPED,INVALID_STRUCTURE,
sales_monthly_by_sku_branch_202607161619.csv,153632,34.L1.ITA-060120-002.01,34.L1.ITA-060120-002,050,2025-04-01,MAPPED,MAPPED,INVALID_STRUCTURE,
sales_monthly_by_sku_branch_202607161619.csv,153633,34.L1.ITA-060120-002.01,34.L1.ITA-060120-002,050,2025-06-01,MAPPED,MAPPED,INVALID_STRUCTURE,
sales_monthly_by_sku_branch_202607161619.csv,153634,34.L1.ITA-060120-002.01,34.L1.ITA-060120-002,050,2025-08-01,MAPPED,MAPPED,INVALID_STRUCTURE,
sales_monthly_by_sku_branch_202607161619.csv,153635,34.L1.ITA-060120-002.01,34.L1.ITA-060120-002,060,2024-01-01,MAPPED,MAPPED,INVALID_STRUCTURE,
sales_monthly_by_sku_branch_202607161619.csv,153636,34.L1.ITA-060120-002.01,34.L1.ITA-060120-002,060,2024-06-01,MAPPED,MAPPED,INVALID_STRUCTURE,
sales_monthly_by_sku_branch_202607161619.csv,153637,34.L1.ITA-060120-002.01,34.L1.ITA-060120-002,061,2025-04-01,MAPPED,MAPPED,INVALID_STRUCTURE,
sales_monthly_by_sku_branch_202607161619.csv,153638,34.L1.ITA-060120-002.01,34.L1.ITA-060120-002,063,2024-01-01,MAPPED,MAPPED,INVALID_STRUCTURE,
sales_monthly_by_sku_branch_202607161619.csv,153639,34.L1.ITA-060120-002.01,34.L1.ITA-060120-002,063,2024-04-01,MAPPED,MAPPED,INVALID_STRUCTURE,
sales_monthly_by_sku_branch_202607161619.csv,153640,34.L1.ITA-060120-002.01,34.L1.ITA-060120-002,063,2024-09-01,MAPPED,MAPPED,INVALID_STRUCTURE,
sales_monthly_by_sku_branch_202607161619.csv,153641,34.L1.ITA-060120-002.01,34.L1.ITA-060120-002,063,2024-12-01,MAPPED,MAPPED,INVALID_STRUCTURE,
sales_monthly_by_sku_branch_202607161619.csv,153642,34.L1.ITA-060120-002.01,34.L1.ITA-060120-002,063,2025-01-01,MAPPED,MAPPED,INVALID_STRUCTURE,
sales_monthly_by_sku_branch_202607161619.csv,153643,34.L1.ITA-060120-002.01,34.L1.ITA-060120-002,063,2025-02-01,MAPPED,MAPPED,INVALID_STRUCTURE,
sales_monthly_by_sku_branch_202607161619.csv,153644,34.L1.ITA-060120-002.01,34.L1.ITA-060120-002,063,2025-06-01,MAPPED,MAPPED,INVALID_STRUCTURE,
sales_monthly_by_sku_branch_202607161619.csv,153645,34.L1.ITA-060120-002.01,34.L1.ITA-060120-002,063,2025-09-01,MAPPED,MAPPED,INVALID_STRUCTURE,
sales_monthly_by_sku_branch_202607161619.csv,153646,34.L1.ITA-060120-002.01,34.L1.ITA-060120-002,063,2025-11-01,MAPPED,MAPPED,INVALID_STRUCTURE,
sales_monthly_by_sku_branch_202607161619.csv,153647,34.L1.ITA-060120-002.01,34.L1.ITA-060120-002,063,2026-01-01,MAPPED,MAPPED,INVALID_STRUCTURE,
sales_monthly_by_sku_branch_202607161619.csv,153648,34.L1.ITA-060120-002.01,34.L1.ITA-060120-002,064,2024-05-01,MAPPED,MAPPED,INVALID_STRUCTURE,
sales_monthly_by_sku_branch_202607161619.csv,153649,34.L1.ITA-060120-002.01,34.L1.ITA-060120-002,064,2024-06-01,MAPPED,MAPPED,INVALID_STRUCTURE,
sales_monthly_by_sku_branch_202607161619.csv,153650,34.L1.ITA-060120-002.01,34.L1.ITA-060120-002,065,2024-05-01,MAPPED,MAPPED,INVALID_STRUCTURE,
sales_monthly_by_sku_branch_202607161619.csv,153651,34.L1.ITA-060120-002.01,34.L1.ITA-060120-002,065,2024-06-01,MAPPED,MAPPED,INVALID_STRUCTURE,
sales_monthly_by_sku_branch_202607161619.csv,153652,34.L1.ITA-060120-002.01,34.L1.ITA-060120-002,065,2024-11-01,MAPPED,MAPPED,INVALID_STRUCTURE,
sales_monthly_by_sku_branch_202607161619.csv,153653,34.L1.ITA-060120-002.01,34.L1.ITA-060120-002,065,2024-12-01,MAPPED,MAPPED,INVALID_STRUCTURE,
sales_monthly_by_sku_branch_202607161619.csv,153654,34.L1.ITA-060120-002.01,34.L1.ITA-060120-002,065,2025-01-01,MAPPED,MAPPED,INVALID_STRUCTURE,
sales_monthly_by_sku_branch_202607161619.csv,153655,34.L1.ITA-060120-002.01,34.L1.ITA-060120-002,065,2025-04-01,MAPPED,MAPPED,INVALID_STRUCTURE,
sales_monthly_by_sku_branch_202607161619.csv,153656,34.L1.ITA-060120-002.01,34.L1.ITA-060120-002,065,2025-09-01,MAPPED,MAPPED,INVALID_STRUCTURE,
sales_monthly_by_sku_branch_202607161619.csv,153657,34.L1.ITA-060120-002.01,34.L1.ITA-060120-002,065,2025-11-01,MAPPED,MAPPED,INVALID_STRUCTURE,
sales_monthly_by_sku_branch_202607161619.csv,153658,34.L1.ITA-060120-002.01,34.L1.ITA-060120-002,065,2025-12-01,MAPPED,MAPPED,INVALID_STRUCTURE,
sales_monthly_by_sku_branch_202607161619.csv,153659,34.L1.ITA-060120-002.01,34.L1.ITA-060120-002,068,2025-05-01,MAPPED,MAPPED,INVALID_STRUCTURE,
sales_monthly_by_sku_branch_202607161619.csv,153660,34.L1.ITA-060120-002.01,34.L1.ITA-060120-002,068,2025-07-01,MAPPED,MAPPED,INVALID_STRUCTURE,
sales_monthly_by_sku_branch_202607161619.csv,153661,34.L1.ITA-060120-002.01,34.L1.ITA-060120-002,069,2024-07-01,MAPPED,MAPPED,INVALID_STRUCTURE,
sales_monthly_by_sku_branch_202607161619.csv,153662,34.L1.ITA-060120-002.01,34.L1.ITA-060120-002,069,2024-10-01,MAPPED,MAPPED,INVALID_STRUCTURE,
sales_monthly_by_sku_branch_202607161619.csv,153663,34.L1.ITA-060120-002.01,34.L1.ITA-060120-002,069,2024-11-01,MAPPED,MAPPED,INVALID_STRUCTURE,
sales_monthly_by_sku_branch_202607161619.csv,153664,34.L1.ITA-060120-002.01,34.L1.ITA-060120-002,069,2025-01-01,MAPPED,MAPPED,INVALID_STRUCTURE,
sales_monthly_by_sku_branch_202607161619.csv,153665,34.L1.ITA-060120-002.01,34.L1.ITA-060120-002,069,2025-04-01,MAPPED,MAPPED,INVALID_STRUCTURE,
sales_monthly_by_sku_branch_202607161619.csv,153666,34.L1.ITA-060120-002.01,34.L1.ITA-060120-002,069,2025-05-01,MAPPED,MAPPED,INVALID_STRUCTURE,
sales_monthly_by_sku_branch_202607161619.csv,153667,34.L1.ITA-060120-002.01,34.L1.ITA-060120-002,069,2025-06-01,MAPPED,MAPPED,INVALID_STRUCTURE,
sales_monthly_by_sku_branch_202607161619.csv,153668,34.L1.ITA-060120-002.01,34.L1.ITA-060120-002,069,2025-07-01,MAPPED,MAPPED,INVALID_STRUCTURE,
sales_monthly_by_sku_branch_202607161619.csv,153669,34.L1.ITA-060120-002.01,34.L1.ITA-060120-002,069,2025-09-01,MAPPED,MAPPED,INVALID_STRUCTURE,
sales_monthly_by_sku_branch_202607161619.csv,153670,34.L1.ITA-060120-002.01,34.L1.ITA-060120-002,069,2025-11-01,MAPPED,MAPPED,INVALID_STRUCTURE,
sales_monthly_by_sku_branch_202607161619.csv,153671,34.L1.ITA-060120-002.01,34.L1.ITA-060120-002,069,2026-01-01,MAPPED,MAPPED,INVALID_STRUCTURE,
sales_monthly_by_sku_branch_202607161619.csv,153672,34.L1.ITA-060120-002.01,34.L1.ITA-060120-002,071,2025-01-01,MAPPED,MAPPED,INVALID_STRUCTURE,
sales_monthly_by_sku_branch_202607161619.csv,153673,34.L1.ITA-060120-002.01,34.L1.ITA-060120-002,071,2025-03-01,MAPPED,MAPPED,INVALID_STRUCTURE,
sales_monthly_by_sku_branch_202607161619.csv,153674,34.L1.ITA-060120-002.01,34.L1.ITA-060120-002,071,2025-06-01,MAPPED,MAPPED,INVALID_STRUCTURE,
sales_monthly_by_sku_branch_202607161619.csv,153675,34.L1.ITA-060120-002.01,34.L1.ITA-060120-002,071,2025-09-01,MAPPED,MAPPED,INVALID_STRUCTURE,
sales_monthly_by_sku_branch_202607161619.csv,153676,34.L1.ITA-060120-002.01,34.L1.ITA-060120-002,071,2025-10-01,MAPPED,MAPPED,INVALID_STRUCTURE,
sales_monthly_by_sku_branch_202607161619.csv,153677,34.L1.ITA-060120-002.01,34.L1.ITA-060120-002,071,2026-01-01,MAPPED,MAPPED,INVALID_STRUCTURE,
sales_monthly_by_sku_branch_202607161619.csv,153678,34.L1.ITA-060120-002.01,34.L1.ITA-060120-002,071,2026-02-01,MAPPED,MAPPED,INVALID_STRUCTURE,
sales_monthly_by_sku_branch_202607161619.csv,153679,34.L1.ITA-060120-002.01,34.L1.ITA-060120-002,071,2026-03-01,MAPPED,MAPPED,INVALID_STRUCTURE,
sales_monthly_by_sku_branch_202607161619.csv,153680,34.L1.ITA-060120-002.01,34.L1.ITA-060120-002,073,2024-01-01,MAPPED,MAPPED,INVALID_STRUCTURE,
sales_monthly_by_sku_branch_202607161619.csv,153681,34.L1.ITA-060120-002.01,34.L1.ITA-060120-002,073,2024-02-01,MAPPED,MAPPED,INVALID_STRUCTURE,
sales_monthly_by_sku_branch_202607161619.csv,153682,34.L1.ITA-060120-002.01,34.L1.ITA-060120-002,073,2024-12-01,MAPPED,MAPPED,INVALID_STRUCTURE,
sales_monthly_by_sku_branch_202607161619.csv,153683,34.L1.ITA-060120-002.01,34.L1.ITA-060120-002,073,2025-01-01,MAPPED,MAPPED,INVALID_STRUCTURE,
sales_monthly_by_sku_branch_202607161619.csv,153684,34.L1.ITA-060120-002.01,34.L1.ITA-060120-002,073,2025-07-01,MAPPED,MAPPED,INVALID_STRUCTURE,
sales_monthly_by_sku_branch_202607161619.csv,153685,34.L1.ITA-060120-002.01,34.L1.ITA-060120-002,076,2024-03-01,MAPPED,MAPPED,INVALID_STRUCTURE,
sales_monthly_by_sku_branch_202607161619.csv,153686,34.L1.ITA-060120-002.01,34.L1.ITA-060120-002,076,2024-04-01,MAPPED,MAPPED,INVALID_STRUCTURE,
sales_monthly_by_sku_branch_202607161619.csv,153687,34.L1.ITA-060120-002.01,34.L1.ITA-060120-002,076,2024-05-01,MAPPED,MAPPED,INVALID_STRUCTURE,
sales_monthly_by_sku_branch_202607161619.csv,153688,34.L1.ITA-060120-002.01,34.L1.ITA-060120-002,076,2024-06-01,MAPPED,MAPPED,INVALID_STRUCTURE,
sales_monthly_by_sku_branch_202607161619.csv,153689,34.L1.ITA-060120-002.01,34.L1.ITA-060120-002,076,2024-09-01,MAPPED,MAPPED,INVALID_STRUCTURE,
sales_monthly_by_sku_branch_202607161619.csv,153690,34.L1.ITA-060120-002.01,34.L1.ITA-060120-002,076,2024-10-01,MAPPED,MAPPED,INVALID_STRUCTURE,
sales_monthly_by_sku_branch_202607161619.csv,153691,34.L1.ITA-060120-002.01,34.L1.ITA-060120-002,076,2024-11-01,MAPPED,MAPPED,INVALID_STRUCTURE,
sales_monthly_by_sku_branch_202607161619.csv,153692,34.L1.ITA-060120-002.01,34.L1.ITA-060120-002,076,2024-12-01,MAPPED,MAPPED,INVALID_STRUCTURE,
sales_monthly_by_sku_branch_202607161619.csv,153693,34.L1.ITA-060120-002.01,34.L1.ITA-060120-002,076,2025-04-01,MAPPED,MAPPED,INVALID_STRUCTURE,
sales_monthly_by_sku_branch_202607161619.csv,153694,34.L1.ITA-060120-002.01,34.L1.ITA-060120-002,076,2025-06-01,MAPPED,MAPPED,INVALID_STRUCTURE,
sales_monthly_by_sku_branch_202607161619.csv,153695,34.L1.ITA-060120-002.01,34.L1.ITA-060120-002,076,2025-08-01,MAPPED,MAPPED,INVALID_STRUCTURE,
sales_monthly_by_sku_branch_202607161619.csv,153696,34.L1.ITA-060120-002.01,34.L1.ITA-060120-002,076,2025-09-01,MAPPED,MAPPED,INVALID_STRUCTURE,
sales_monthly_by_sku_branch_202607161619.csv,153697,34.L1.ITA-060120-002.01,34.L1.ITA-060120-002,076,2025-10-01,MAPPED,MAPPED,INVALID_STRUCTURE,
sales_monthly_by_sku_branch_202607161619.csv,153698,34.L1.ITA-060120-002.01,34.L1.ITA-060120-002,076,2026-01-01,MAPPED,MAPPED,INVALID_STRUCTURE,
sales_monthly_by_sku_branch_202607161619.csv,153699,34.L1.ITA-060120-002.01,34.L1.ITA-060120-002,079,2024-04-01,MAPPED,MAPPED,INVALID_STRUCTURE,
sales_monthly_by_sku_branch_202607161619.csv,153700,34.L1.ITA-060120-002.01,34.L1.ITA-060120-002,079,2024-08-01,MAPPED,MAPPED,INVALID_STRUCTURE,
sales_monthly_by_sku_branch_202607161619.csv,153701,34.L1.ITA-060120-002.01,34.L1.ITA-060120-002,081,2024-08-01,MAPPED,MAPPED,INVALID_STRUCTURE,
sales_monthly_by_sku_branch_202607161619.csv,153702,34.L1.ITA-060120-002.01,34.L1.ITA-060120-002,081,2024-09-01,MAPPED,MAPPED,INVALID_STRUCTURE,
sales_monthly_by_sku_branch_202607161619.csv,153703,34.L1.ITA-060120-002.01,34.L1.ITA-060120-002,116,2025-06-01,MAPPED,MAPPED,INVALID_STRUCTURE,
sales_monthly_by_sku_branch_202607161619.csv,153704,34.L1.ITA-060120-002.01,34.L1.ITA-060120-002,116,2025-07-01,MAPPED,MAPPED,INVALID_STRUCTURE,
sales_monthly_by_sku_branch_202607161619.csv,153705,34.L1.ITA-060120-002.01,34.L1.ITA-060120-002,123,2025-05-01,MAPPED,MAPPED,INVALID_STRUCTURE,
sales_monthly_by_sku_branch_202607161619.csv,153706,34.L1.ITA-060120-002.01,34.L1.ITA-060120-002,222,2025-04-01,MAPPED,MAPPED,INVALID_STRUCTURE,
sales_monthly_by_sku_branch_202607161619.csv,153707,34.L1.ITA-060120-002.01,34.L1.ITA-060120-002,222,2025-08-01,MAPPED,MAPPED,INVALID_STRUCTURE,
sales_monthly_by_sku_branch_202607161619.csv,153708,34.L1.ITA-060120-003.01,34.L1.ITA-060120-003,000,2024-01-01,MAPPED,MAPPED,INVALID_STRUCTURE,
sales_monthly_by_sku_branch_202607161619.csv,153709,34.L1.ITA-060120-003.01,34.L1.ITA-060120-003,000,2024-04-01,MAPPED,MAPPED,INVALID_STRUCTURE,
sales_monthly_by_sku_branch_202607161619.csv,153710,34.L1.ITA-060120-003.01,34.L1.ITA-060120-003,000,2024-05-01,MAPPED,MAPPED,INVALID_STRUCTURE,
sales_monthly_by_sku_branch_202607161619.csv,153711,34.L1.ITA-060120-003.01,34.L1.ITA-060120-003,000,2024-07-01,MAPPED,MAPPED,INVALID_STRUCTURE,
sales_monthly_by_sku_branch_202607161619.csv,153712,34.L1.ITA-060120-003.01,34.L1.ITA-060120-003,050,2024-01-01,MAPPED,MAPPED,INVALID_STRUCTURE,
sales_monthly_by_sku_branch_202607161619.csv,153713,34.L1.ITA-060120-003.01,34.L1.ITA-060120-003,050,2024-04-01,MAPPED,MAPPED,INVALID_STRUCTURE,
sales_monthly_by_sku_branch_202607161619.csv,153714,34.L1.ITA-060120-003.01,34.L1.ITA-060120-003,050,2024-06-01,MAPPED,MAPPED,INVALID_STRUCTURE,
sales_monthly_by_sku_branch_202607161619.csv,153715,34.L1.ITA-060120-003.01,34.L1.ITA-060120-003,050,2024-09-01,MAPPED,MAPPED,INVALID_STRUCTURE,
sales_monthly_by_sku_branch_202607161619.csv,153716,34.L1.ITA-060120-003.01,34.L1.ITA-060120-003,060,2024-01-01,MAPPED,MAPPED,INVALID_STRUCTURE,
sales_monthly_by_sku_branch_202607161619.csv,153717,34.L1.ITA-060120-003.01,34.L1.ITA-060120-003,060,2024-02-01,MAPPED,MAPPED,INVALID_STRUCTURE,
sales_monthly_by_sku_branch_202607161619.csv,153718,34.L1.ITA-060120-003.01,34.L1.ITA-060120-003,060,2024-10-01,MAPPED,MAPPED,INVALID_STRUCTURE,
sales_monthly_by_sku_branch_202607161619.csv,153719,34.L1.ITA-060120-003.01,34.L1.ITA-060120-003,060,2025-05-01,MAPPED,MAPPED,INVALID_STRUCTURE,
sales_monthly_by_sku_branch_202607161619.csv,153720,34.L1.ITA-060120-003.01,34.L1.ITA-060120-003,060,2025-10-01,MAPPED,MAPPED,INVALID_STRUCTURE,
sales_monthly_by_sku_branch_202607161619.csv,153721,34.L1.ITA-060120-003.01,34.L1.ITA-060120-003,060,2025-11-01,MAPPED,MAPPED,INVALID_STRUCTURE,
sales_monthly_by_sku_branch_202607161619.csv,153722,34.L1.ITA-060120-003.01,34.L1.ITA-060120-003,060,2026-01-01,MAPPED,MAPPED,INVALID_STRUCTURE,
sales_monthly_by_sku_branch_202607161619.csv,153723,34.L1.ITA-060120-003.01,34.L1.ITA-060120-003,060,2026-03-01,MAPPED,MAPPED,INVALID_STRUCTURE,
sales_monthly_by_sku_branch_202607161619.csv,153724,34.L1.ITA-060120-003.01,34.L1.ITA-060120-003,061,2024-01-01,MAPPED,MAPPED,INVALID_STRUCTURE,
sales_monthly_by_sku_branch_202607161619.csv,153725,34.L1.ITA-060120-003.01,34.L1.ITA-060120-003,061,2024-08-01,MAPPED,MAPPED,INVALID_STRUCTURE,
sales_monthly_by_sku_branch_202607161619.csv,153726,34.L1.ITA-060120-003.01,34.L1.ITA-060120-003,063,2024-01-01,MAPPED,MAPPED,INVALID_STRUCTURE,
sales_monthly_by_sku_branch_202607161619.csv,153727,34.L1.ITA-060120-003.01,34.L1.ITA-060120-003,063,2024-04-01,MAPPED,MAPPED,INVALID_STRUCTURE,
sales_monthly_by_sku_branch_202607161619.csv,153728,34.L1.ITA-060120-003.01,34.L1.ITA-060120-003,063,2024-05-01,MAPPED,MAPPED,INVALID_STRUCTURE,
sales_monthly_by_sku_branch_202607161619.csv,153729,34.L1.ITA-060120-003.01,34.L1.ITA-060120-003,063,2024-06-01,MAPPED,MAPPED,INVALID_STRUCTURE,
sales_monthly_by_sku_branch_202607161619.csv,153730,34.L1.ITA-060120-003.01,34.L1.ITA-060120-003,063,2024-07-01,MAPPED,MAPPED,INVALID_STRUCTURE,
sales_monthly_by_sku_branch_202607161619.csv,153731,34.L1.ITA-060120-003.01,34.L1.ITA-060120-003,063,2025-06-01,MAPPED,MAPPED,INVALID_STRUCTURE,
sales_monthly_by_sku_branch_202607161619.csv,153732,34.L1.ITA-060120-003.01,34.L1.ITA-060120-003,064,2024-01-01,MAPPED,MAPPED,INVALID_STRUCTURE,
sales_monthly_by_sku_branch_202607161619.csv,153733,34.L1.ITA-060120-003.01,34.L1.ITA-060120-003,064,2024-07-01,MAPPED,MAPPED,INVALID_STRUCTURE,
sales_monthly_by_sku_branch_202607161619.csv,153734,34.L1.ITA-060120-003.01,34.L1.ITA-060120-003,064,2024-11-01,MAPPED,MAPPED,INVALID_STRUCTURE,
sales_monthly_by_sku_branch_202607161619.csv,153735,34.L1.ITA-060120-003.01,34.L1.ITA-060120-003,065,2024-01-01,MAPPED,MAPPED,INVALID_STRUCTURE,
sales_monthly_by_sku_branch_202607161619.csv,153736,34.L1.ITA-060120-003.01,34.L1.ITA-060120-003,065,2024-05-01,MAPPED,MAPPED,INVALID_STRUCTURE,
sales_monthly_by_sku_branch_202607161619.csv,153737,34.L1.ITA-060120-003.01,34.L1.ITA-060120-003,065,2024-11-01,MAPPED,MAPPED,INVALID_STRUCTURE,
sales_monthly_by_sku_branch_202607161619.csv,153738,34.L1.ITA-060120-003.01,34.L1.ITA-060120-003,065,2025-01-01,MAPPED,MAPPED,INVALID_STRUCTURE,
sales_monthly_by_sku_branch_202607161619.csv,153739,34.L1.ITA-060120-003.01,34.L1.ITA-060120-003,069,2024-01-01,MAPPED,MAPPED,INVALID_STRUCTURE,
sales_monthly_by_sku_branch_202607161619.csv,153740,34.L1.ITA-060120-003.01,34.L1.ITA-060120-003,069,2024-02-01,MAPPED,MAPPED,INVALID_STRUCTURE,
sales_monthly_by_sku_branch_202607161619.csv,153741,34.L1.ITA-060120-003.01,34.L1.ITA-060120-003,069,2024-04-01,MAPPED,MAPPED,INVALID_STRUCTURE,
sales_monthly_by_sku_branch_202607161619.csv,153742,34.L1.ITA-060120-003.01,34.L1.ITA-060120-003,069,2024-05-01,MAPPED,MAPPED,INVALID_STRUCTURE,
sales_monthly_by_sku_branch_202607161619.csv,153743,34.L1.ITA-060120-003.01,34.L1.ITA-060120-003,069,2024-06-01,MAPPED,MAPPED,INVALID_STRUCTURE,
sales_monthly_by_sku_branch_202607161619.csv,153744,34.L1.ITA-060120-003.01,34.L1.ITA-060120-003,069,2024-07-01,MAPPED,MAPPED,INVALID_STRUCTURE,
sales_monthly_by_sku_branch_202607161619.csv,153745,34.L1.ITA-060120-003.01,34.L1.ITA-060120-003,069,2024-08-01,MAPPED,MAPPED,INVALID_STRUCTURE,
sales_monthly_by_sku_branch_202607161619.csv,153746,34.L1.ITA-060120-003.01,34.L1.ITA-060120-003,073,2024-07-01,MAPPED,MAPPED,INVALID_STRUCTURE,
sales_monthly_by_sku_branch_202607161619.csv,153747,34.L1.ITA-060120-003.01,34.L1.ITA-060120-003,073,2024-10-01,MAPPED,MAPPED,INVALID_STRUCTURE,
sales_monthly_by_sku_branch_202607161619.csv,153748,34.L1.ITA-060120-003.01,34.L1.ITA-060120-003,076,2024-01-01,MAPPED,MAPPED,INVALID_STRUCTURE,
sales_monthly_by_sku_branch_202607161619.csv,153749,34.L1.ITA-060120-003.01,34.L1.ITA-060120-003,076,2024-02-01,MAPPED,MAPPED,INVALID_STRUCTURE,
sales_monthly_by_sku_branch_202607161619.csv,153750,34.L1.ITA-060120-003.01,34.L1.ITA-060120-003,076,2024-03-01,MAPPED,MAPPED,INVALID_STRUCTURE,
sales_monthly_by_sku_branch_202607161619.csv,153751,34.L1.ITA-060120-003.01,34.L1.ITA-060120-003,076,2024-05-01,MAPPED,MAPPED,INVALID_STRUCTURE,
sales_monthly_by_sku_branch_202607161619.csv,153752,34.L1.ITA-060120-003.01,34.L1.ITA-060120-003,076,2024-06-01,MAPPED,MAPPED,INVALID_STRUCTURE,
sales_monthly_by_sku_branch_202607161619.csv,153753,34.L1.ITA-060120-003.01,34.L1.ITA-060120-003,076,2024-07-01,MAPPED,MAPPED,INVALID_STRUCTURE,
sales_monthly_by_sku_branch_202607161619.csv,153754,34.L1.ITA-060120-003.01,34.L1.ITA-060120-003,079,2024-04-01,MAPPED,MAPPED,INVALID_STRUCTURE,
sales_monthly_by_sku_branch_202607161619.csv,153755,34.L1.ITA-060120-003.01,34.L1.ITA-060120-003,079,2024-05-01,MAPPED,MAPPED,INVALID_STRUCTURE,
sales_monthly_by_sku_branch_202607161619.csv,153756,34.L1.ITA-060120-003.01,34.L1.ITA-060120-003,079,2024-07-01,MAPPED,MAPPED,INVALID_STRUCTURE,
sales_monthly_by_sku_branch_202607161619.csv,153757,34.L1.ITA-060120-003.01,34.L1.ITA-060120-003,081,2024-01-01,MAPPED,MAPPED,INVALID_STRUCTURE,
sales_monthly_by_sku_branch_202607161619.csv,153758,34.L1.ITA-060120-003.01,34.L1.ITA-060120-003,081,2024-05-01,MAPPED,MAPPED,INVALID_STRUCTURE,
sales_monthly_by_sku_branch_202607161619.csv,153759,34.L1.ITA-060120-003.01,34.L1.ITA-060120-003,081,2024-10-01,MAPPED,MAPPED,INVALID_STRUCTURE,
sales_monthly_by_sku_branch_202607161619.csv,153760,34.L1.ITA-060120-003.01,34.L1.ITA-060120-003,222,2024-07-01,MAPPED,MAPPED,INVALID_STRUCTURE,
sales_monthly_by_sku_branch_202607161619.csv,153761,34.L1.ITA-060120-004.01,34.L1.ITA-060120-004,000,2024-03-01,MAPPED,MAPPED,INVALID_STRUCTURE,
sales_monthly_by_sku_branch_202607161619.csv,153762,34.L1.ITA-060120-004.01,34.L1.ITA-060120-004,000,2024-06-01,MAPPED,MAPPED,INVALID_STRUCTURE,
sales_monthly_by_sku_branch_202607161619.csv,153763,34.L1.ITA-060120-004.01,34.L1.ITA-060120-004,050,2024-01-01,MAPPED,MAPPED,INVALID_STRUCTURE,
sales_monthly_by_sku_branch_202607161619.csv,153764,34.L1.ITA-060120-004.01,34.L1.ITA-060120-004,050,2024-02-01,MAPPED,MAPPED,INVALID_STRUCTURE,
sales_monthly_by_sku_branch_202607161619.csv,153765,34.L1.ITA-060120-004.01,34.L1.ITA-060120-004,050,2024-03-01,MAPPED,MAPPED,INVALID_STRUCTURE,
sales_monthly_by_sku_branch_202607161619.csv,153766,34.L1.ITA-060120-004.01,34.L1.ITA-060120-004,050,2024-04-01,MAPPED,MAPPED,INVALID_STRUCTURE,
sales_monthly_by_sku_branch_202607161619.csv,153767,34.L1.ITA-060120-004.01,34.L1.ITA-060120-004,050,2024-05-01,MAPPED,MAPPED,INVALID_STRUCTURE,
sales_monthly_by_sku_branch_202607161619.csv,153768,34.L1.ITA-060120-004.01,34.L1.ITA-060120-004,050,2024-06-01,MAPPED,MAPPED,INVALID_STRUCTURE,
sales_monthly_by_sku_branch_202607161619.csv,153769,34.L1.ITA-060120-004.01,34.L1.ITA-060120-004,050,2024-07-01,MAPPED,MAPPED,INVALID_STRUCTURE,
sales_monthly_by_sku_branch_202607161619.csv,153770,34.L1.ITA-060120-004.01,34.L1.ITA-060120-004,050,2024-08-01,MAPPED,MAPPED,INVALID_STRUCTURE,
sales_monthly_by_sku_branch_202607161619.csv,153771,34.L1.ITA-060120-004.01,34.L1.ITA-060120-004,060,2024-01-01,MAPPED,MAPPED,INVALID_STRUCTURE,
sales_monthly_by_sku_branch_202607161619.csv,153772,34.L1.ITA-060120-004.01,34.L1.ITA-060120-004,060,2024-04-01,MAPPED,MAPPED,INVALID_STRUCTURE,
sales_monthly_by_sku_branch_202607161619.csv,153773,34.L1.ITA-060120-004.01,34.L1.ITA-060120-004,061,2024-01-01,MAPPED,MAPPED,INVALID_STRUCTURE,
sales_monthly_by_sku_branch_202607161619.csv,153774,34.L1.ITA-060120-004.01,34.L1.ITA-060120-004,061,2024-05-01,MAPPED,MAPPED,INVALID_STRUCTURE,
sales_monthly_by_sku_branch_202607161619.csv,153775,34.L1.ITA-060120-004.01,34.L1.ITA-060120-004,063,2024-01-01,MAPPED,MAPPED,INVALID_STRUCTURE,
sales_monthly_by_sku_branch_202607161619.csv,153776,34.L1.ITA-060120-004.01,34.L1.ITA-060120-004,063,2024-04-01,MAPPED,MAPPED,INVALID_STRUCTURE,
sales_monthly_by_sku_branch_202607161619.csv,153777,34.L1.ITA-060120-004.01,34.L1.ITA-060120-004,063,2024-05-01,MAPPED,MAPPED,INVALID_STRUCTURE,
sales_monthly_by_sku_branch_202607161619.csv,153778,34.L1.ITA-060120-004.01,34.L1.ITA-060120-004,063,2024-06-01,MAPPED,MAPPED,INVALID_STRUCTURE,
sales_monthly_by_sku_branch_202607161619.csv,153779,34.L1.ITA-060120-004.01,34.L1.ITA-060120-004,063,2024-07-01,MAPPED,MAPPED,INVALID_STRUCTURE,
sales_monthly_by_sku_branch_202607161619.csv,153780,34.L1.ITA-060120-004.01,34.L1.ITA-060120-004,064,2024-05-01,MAPPED,MAPPED,INVALID_STRUCTURE,
sales_monthly_by_sku_branch_202607161619.csv,153781,34.L1.ITA-060120-004.01,34.L1.ITA-060120-004,064,2024-06-01,MAPPED,MAPPED,INVALID_STRUCTURE,
sales_monthly_by_sku_branch_202607161619.csv,153782,34.L1.ITA-060120-004.01,34.L1.ITA-060120-004,064,2024-07-01,MAPPED,MAPPED,INVALID_STRUCTURE,
sales_monthly_by_sku_branch_202607161619.csv,153783,34.L1.ITA-060120-004.01,34.L1.ITA-060120-004,065,2024-01-01,MAPPED,MAPPED,INVALID_STRUCTURE,
sales_monthly_by_sku_branch_202607161619.csv,153784,34.L1.ITA-060120-004.01,34.L1.ITA-060120-004,065,2024-03-01,MAPPED,MAPPED,INVALID_STRUCTURE,
sales_monthly_by_sku_branch_202607161619.csv,153785,34.L1.ITA-060120-004.01,34.L1.ITA-060120-004,065,2024-04-01,MAPPED,MAPPED,INVALID_STRUCTURE,
sales_monthly_by_sku_branch_202607161619.csv,153786,34.L1.ITA-060120-004.01,34.L1.ITA-060120-004,065,2024-05-01,MAPPED,MAPPED,INVALID_STRUCTURE,
sales_monthly_by_sku_branch_202607161619.csv,153787,34.L1.ITA-060120-004.01,34.L1.ITA-060120-004,065,2024-06-01,MAPPED,MAPPED,INVALID_STRUCTURE,
sales_monthly_by_sku_branch_202607161619.csv,153788,34.L1.ITA-060120-004.01,34.L1.ITA-060120-004,065,2024-07-01,MAPPED,MAPPED,INVALID_STRUCTURE,
sales_monthly_by_sku_branch_202607161619.csv,153789,34.L1.ITA-060120-004.01,34.L1.ITA-060120-004,065,2024-08-01,MAPPED,MAPPED,INVALID_STRUCTURE,
sales_monthly_by_sku_branch_202607161619.csv,153790,34.L1.ITA-060120-004.01,34.L1.ITA-060120-004,065,2024-10-01,MAPPED,MAPPED,INVALID_STRUCTURE,
sales_monthly_by_sku_branch_202607161619.csv,153791,34.L1.ITA-060120-004.01,34.L1.ITA-060120-004,069,2024-01-01,MAPPED,MAPPED,INVALID_STRUCTURE,
sales_monthly_by_sku_branch_202607161619.csv,153792,34.L1.ITA-060120-004.01,34.L1.ITA-060120-004,069,2024-02-01,MAPPED,MAPPED,INVALID_STRUCTURE,
sales_monthly_by_sku_branch_202607161619.csv,153793,34.L1.ITA-060120-004.01,34.L1.ITA-060120-004,069,2024-03-01,MAPPED,MAPPED,INVALID_STRUCTURE,
sales_monthly_by_sku_branch_202607161619.csv,153794,34.L1.ITA-060120-004.01,34.L1.ITA-060120-004,069,2024-04-01,MAPPED,MAPPED,INVALID_STRUCTURE,
sales_monthly_by_sku_branch_202607161619.csv,153795,34.L1.ITA-060120-004.01,34.L1.ITA-060120-004,069,2024-05-01,MAPPED,MAPPED,INVALID_STRUCTURE,
sales_monthly_by_sku_branch_202607161619.csv,153796,34.L1.ITA-060120-004.01,34.L1.ITA-060120-004,069,2024-06-01,MAPPED,MAPPED,INVALID_STRUCTURE,
sales_monthly_by_sku_branch_202607161619.csv,153797,34.L1.ITA-060120-004.01,34.L1.ITA-060120-004,069,2024-07-01,MAPPED,MAPPED,INVALID_STRUCTURE,
sales_monthly_by_sku_branch_202607161619.csv,153798,34.L1.ITA-060120-004.01,34.L1.ITA-060120-004,069,2024-08-01,MAPPED,MAPPED,INVALID_STRUCTURE,
sales_monthly_by_sku_branch_202607161619.csv,153799,34.L1.ITA-060120-004.01,34.L1.ITA-060120-004,069,2024-09-01,MAPPED,MAPPED,INVALID_STRUCTURE,
sales_monthly_by_sku_branch_202607161619.csv,153800,34.L1.ITA-060120-004.01,34.L1.ITA-060120-004,069,2024-10-01,MAPPED,MAPPED,INVALID_STRUCTURE,
sales_monthly_by_sku_branch_202607161619.csv,153801,34.L1.ITA-060120-004.01,34.L1.ITA-060120-004,073,2024-01-01,MAPPED,MAPPED,INVALID_STRUCTURE,
sales_monthly_by_sku_branch_202607161619.csv,153802,34.L1.ITA-060120-004.01,34.L1.ITA-060120-004,073,2024-02-01,MAPPED,MAPPED,INVALID_STRUCTURE,
sales_monthly_by_sku_branch_202607161619.csv,153803,34.L1.ITA-060120-004.01,34.L1.ITA-060120-004,073,2024-04-01,MAPPED,MAPPED,INVALID_STRUCTURE,
sales_monthly_by_sku_branch_202607161619.csv,153804,34.L1.ITA-060120-004.01,34.L1.ITA-060120-004,073,2024-05-01,MAPPED,MAPPED,INVALID_STRUCTURE,
sales_monthly_by_sku_branch_202607161619.csv,153805,34.L1.ITA-060120-004.01,34.L1.ITA-060120-004,076,2024-01-01,MAPPED,MAPPED,INVALID_STRUCTURE,
sales_monthly_by_sku_branch_202607161619.csv,153806,34.L1.ITA-060120-004.01,34.L1.ITA-060120-004,076,2024-03-01,MAPPED,MAPPED,INVALID_STRUCTURE,
sales_monthly_by_sku_branch_202607161619.csv,153807,34.L1.ITA-060120-004.01,34.L1.ITA-060120-004,076,2024-04-01,MAPPED,MAPPED,INVALID_STRUCTURE,
sales_monthly_by_sku_branch_202607161619.csv,153808,34.L1.ITA-060120-004.01,34.L1.ITA-060120-004,076,2024-05-01,MAPPED,MAPPED,INVALID_STRUCTURE,
sales_monthly_by_sku_branch_202607161619.csv,153809,34.L1.ITA-060120-004.01,34.L1.ITA-060120-004,076,2024-06-01,MAPPED,MAPPED,INVALID_STRUCTURE,
sales_monthly_by_sku_branch_202607161619.csv,153810,34.L1.ITA-060120-004.01,34.L1.ITA-060120-004,076,2024-07-01,MAPPED,MAPPED,INVALID_STRUCTURE,
sales_monthly_by_sku_branch_202607161619.csv,153811,34.L1.ITA-060120-004.01,34.L1.ITA-060120-004,076,2024-08-01,MAPPED,MAPPED,INVALID_STRUCTURE,
sales_monthly_by_sku_branch_202607161619.csv,153812,34.L1.ITA-060120-004.01,34.L1.ITA-060120-004,076,2024-09-01,MAPPED,MAPPED,INVALID_STRUCTURE,
sales_monthly_by_sku_branch_202607161619.csv,153813,34.L1.ITA-060120-004.01,34.L1.ITA-060120-004,079,2024-01-01,MAPPED,MAPPED,INVALID_STRUCTURE,
sales_monthly_by_sku_branch_202607161619.csv,153814,34.L1.ITA-060120-004.01,34.L1.ITA-060120-004,079,2024-05-01,MAPPED,MAPPED,INVALID_STRUCTURE,
sales_monthly_by_sku_branch_202607161619.csv,153815,34.L1.ITA-060120-004.01,34.L1.ITA-060120-004,081,2024-01-01,MAPPED,MAPPED,INVALID_STRUCTURE,
sales_monthly_by_sku_branch_202607161619.csv,153816,34.L1.ITA-060120-004.01,34.L1.ITA-060120-004,081,2024-04-01,MAPPED,MAPPED,INVALID_STRUCTURE,
sales_monthly_by_sku_branch_202607161619.csv,153817,34.L1.ITA-060120-004.01,34.L1.ITA-060120-004,081,2024-05-01,MAPPED,MAPPED,INVALID_STRUCTURE,
sales_monthly_by_sku_branch_202607161619.csv,153818,34.L1.ITA-060120-004.01,34.L1.ITA-060120-004,081,2024-06-01,MAPPED,MAPPED,INVALID_STRUCTURE,
sales_monthly_by_sku_branch_202607161619.csv,153819,34.L1.ITA-060120-004.01,34.L1.ITA-060120-004,098,2024-06-01,MAPPED,MAPPED,INVALID_STRUCTURE,
sales_monthly_by_sku_branch_202607161619.csv,153820,34.L1.ITA-060120-004.01,34.L1.ITA-060120-004,222,2024-03-01,MAPPED,MAPPED,INVALID_STRUCTURE,
sales_monthly_by_sku_branch_202607161619.csv,153821,34.L1.ITA-060120-004.01,34.L1.ITA-060120-004,222,2024-04-01,MAPPED,MAPPED,INVALID_STRUCTURE,
sales_monthly_by_sku_branch_202607161619.csv,153822,34.L1.ITA-060120-004.01,34.L1.ITA-060120-004,222,2024-05-01,MAPPED,MAPPED,INVALID_STRUCTURE,
sales_monthly_by_sku_branch_202607161619.csv,153823,34.L1.ITA-060120-004.01,34.L1.ITA-060120-004,222,2024-06-01,MAPPED,MAPPED,INVALID_STRUCTURE,
sales_monthly_by_sku_branch_202607161619.csv,153824,34.L1.ITA-060120-004.01,34.L1.ITA-060120-004,222,2024-07-01,MAPPED,MAPPED,INVALID_STRUCTURE,
sales_monthly_by_sku_branch_202607161619.csv,153825,34.L1.ITA-060120-004.01,34.L1.ITA-060120-004,222,2024-10-01,MAPPED,MAPPED,INVALID_STRUCTURE,
sales_monthly_by_sku_branch_202607161619.csv,153826,34.L1.ITA-060120-005.01,34.L1.ITA-060120-005,000,2024-01-01,MAPPED,MAPPED,INVALID_STRUCTURE,
sales_monthly_by_sku_branch_202607161619.csv,153827,34.L1.ITA-060120-005.01,34.L1.ITA-060120-005,000,2024-06-01,MAPPED,MAPPED,INVALID_STRUCTURE,
sales_monthly_by_sku_branch_202607161619.csv,153828,34.L1.ITA-060120-005.01,34.L1.ITA-060120-005,000,2024-07-01,MAPPED,MAPPED,INVALID_STRUCTURE,
sales_monthly_by_sku_branch_202607161619.csv,153829,34.L1.ITA-060120-005.01,34.L1.ITA-060120-005,000,2024-08-01,MAPPED,MAPPED,INVALID_STRUCTURE,
sales_monthly_by_sku_branch_202607161619.csv,153830,34.L1.ITA-060120-005.01,34.L1.ITA-060120-005,000,2024-09-01,MAPPED,MAPPED,INVALID_STRUCTURE,
sales_monthly_by_sku_branch_202607161619.csv,153831,34.L1.ITA-060120-005.01,34.L1.ITA-060120-005,014,2024-02-01,MAPPED,MAPPED,INVALID_STRUCTURE,
sales_monthly_by_sku_branch_202607161619.csv,153832,34.L1.ITA-060120-005.01,34.L1.ITA-060120-005,014,2024-03-01,MAPPED,MAPPED,INVALID_STRUCTURE,
sales_monthly_by_sku_branch_202607161619.csv,153833,34.L1.ITA-060120-005.01,34.L1.ITA-060120-005,050,2024-01-01,MAPPED,MAPPED,INVALID_STRUCTURE,
sales_monthly_by_sku_branch_202607161619.csv,153834,34.L1.ITA-060120-005.01,34.L1.ITA-060120-005,050,2024-05-01,MAPPED,MAPPED,INVALID_STRUCTURE,
sales_monthly_by_sku_branch_202607161619.csv,153835,34.L1.ITA-060120-005.01,34.L1.ITA-060120-005,050,2024-08-01,MAPPED,MAPPED,INVALID_STRUCTURE,
sales_monthly_by_sku_branch_202607161619.csv,153836,34.L1.ITA-060120-005.01,34.L1.ITA-060120-005,050,2024-09-01,MAPPED,MAPPED,INVALID_STRUCTURE,
sales_monthly_by_sku_branch_202607161619.csv,153837,34.L1.ITA-060120-005.01,34.L1.ITA-060120-005,060,2024-01-01,MAPPED,MAPPED,INVALID_STRUCTURE,
sales_monthly_by_sku_branch_202607161619.csv,153838,34.L1.ITA-060120-005.01,34.L1.ITA-060120-005,060,2024-02-01,MAPPED,MAPPED,INVALID_STRUCTURE,
sales_monthly_by_sku_branch_202607161619.csv,153839,34.L1.ITA-060120-005.01,34.L1.ITA-060120-005,060,2024-03-01,MAPPED,MAPPED,INVALID_STRUCTURE,
sales_monthly_by_sku_branch_202607161619.csv,153840,34.L1.ITA-060120-005.01,34.L1.ITA-060120-005,060,2024-05-01,MAPPED,MAPPED,INVALID_STRUCTURE,
sales_monthly_by_sku_branch_202607161619.csv,153841,34.L1.ITA-060120-005.01,34.L1.ITA-060120-005,060,2024-08-01,MAPPED,MAPPED,INVALID_STRUCTURE,
sales_monthly_by_sku_branch_202607161619.csv,153842,34.L1.ITA-060120-005.01,34.L1.ITA-060120-005,061,2024-08-01,MAPPED,MAPPED,INVALID_STRUCTURE,
sales_monthly_by_sku_branch_202607161619.csv,153843,34.L1.ITA-060120-005.01,34.L1.ITA-060120-005,063,2024-01-01,MAPPED,MAPPED,INVALID_STRUCTURE,
sales_monthly_by_sku_branch_202607161619.csv,153844,34.L1.ITA-060120-005.01,34.L1.ITA-060120-005,063,2024-04-01,MAPPED,MAPPED,INVALID_STRUCTURE,
sales_monthly_by_sku_branch_202607161619.csv,153845,34.L1.ITA-060120-005.01,34.L1.ITA-060120-005,063,2024-05-01,MAPPED,MAPPED,INVALID_STRUCTURE,
sales_monthly_by_sku_branch_202607161619.csv,153846,34.L1.ITA-060120-005.01,34.L1.ITA-060120-005,063,2024-06-01,MAPPED,MAPPED,INVALID_STRUCTURE,
sales_monthly_by_sku_branch_202607161619.csv,153847,34.L1.ITA-060120-005.01,34.L1.ITA-060120-005,063,2024-10-01,MAPPED,MAPPED,INVALID_STRUCTURE,
sales_monthly_by_sku_branch_202607161619.csv,153848,34.L1.ITA-060120-005.01,34.L1.ITA-060120-005,064,2024-04-01,MAPPED,MAPPED,INVALID_STRUCTURE,
sales_monthly_by_sku_branch_202607161619.csv,153849,34.L1.ITA-060120-005.01,34.L1.ITA-060120-005,064,2024-05-01,MAPPED,MAPPED,INVALID_STRUCTURE,
sales_monthly_by_sku_branch_202607161619.csv,153850,34.L1.ITA-060120-005.01,34.L1.ITA-060120-005,064,2024-06-01,MAPPED,MAPPED,INVALID_STRUCTURE,
sales_monthly_by_sku_branch_202607161619.csv,153851,34.L1.ITA-060120-005.01,34.L1.ITA-060120-005,064,2024-07-01,MAPPED,MAPPED,INVALID_STRUCTURE,
sales_monthly_by_sku_branch_202607161619.csv,153852,34.L1.ITA-060120-005.01,34.L1.ITA-060120-005,065,2024-01-01,MAPPED,MAPPED,INVALID_STRUCTURE,
sales_monthly_by_sku_branch_202607161619.csv,153853,34.L1.ITA-060120-005.01,34.L1.ITA-060120-005,065,2024-04-01,MAPPED,MAPPED,INVALID_STRUCTURE,
sales_monthly_by_sku_branch_202607161619.csv,153854,34.L1.ITA-060120-005.01,34.L1.ITA-060120-005,065,2024-05-01,MAPPED,MAPPED,INVALID_STRUCTURE,
sales_monthly_by_sku_branch_202607161619.csv,153855,34.L1.ITA-060120-005.01,34.L1.ITA-060120-005,065,2024-06-01,MAPPED,MAPPED,INVALID_STRUCTURE,
sales_monthly_by_sku_branch_202607161619.csv,153856,34.L1.ITA-060120-005.01,34.L1.ITA-060120-005,065,2024-07-01,MAPPED,MAPPED,INVALID_STRUCTURE,
sales_monthly_by_sku_branch_202607161619.csv,153857,34.L1.ITA-060120-005.01,34.L1.ITA-060120-005,065,2024-10-01,MAPPED,MAPPED,INVALID_STRUCTURE,
sales_monthly_by_sku_branch_202607161619.csv,153858,34.L1.ITA-060120-005.01,34.L1.ITA-060120-005,065,2024-11-01,MAPPED,MAPPED,INVALID_STRUCTURE,
sales_monthly_by_sku_branch_202607161619.csv,153859,34.L1.ITA-060120-005.01,34.L1.ITA-060120-005,069,2024-01-01,MAPPED,MAPPED,INVALID_STRUCTURE,
sales_monthly_by_sku_branch_202607161619.csv,153860,34.L1.ITA-060120-005.01,34.L1.ITA-060120-005,069,2024-04-01,MAPPED,MAPPED,INVALID_STRUCTURE,
sales_monthly_by_sku_branch_202607161619.csv,153861,34.L1.ITA-060120-005.01,34.L1.ITA-060120-005,069,2024-05-01,MAPPED,MAPPED,INVALID_STRUCTURE,
sales_monthly_by_sku_branch_202607161619.csv,153862,34.L1.ITA-060120-005.01,34.L1.ITA-060120-005,069,2024-06-01,MAPPED,MAPPED,INVALID_STRUCTURE,
sales_monthly_by_sku_branch_202607161619.csv,153863,34.L1.ITA-060120-005.01,34.L1.ITA-060120-005,069,2024-07-01,MAPPED,MAPPED,INVALID_STRUCTURE,
sales_monthly_by_sku_branch_202607161619.csv,153864,34.L1.ITA-060120-005.01,34.L1.ITA-060120-005,069,2024-08-01,MAPPED,MAPPED,INVALID_STRUCTURE,
sales_monthly_by_sku_branch_202607161619.csv,153865,34.L1.ITA-060120-005.01,34.L1.ITA-060120-005,073,2024-04-01,MAPPED,MAPPED,INVALID_STRUCTURE,
sales_monthly_by_sku_branch_202607161619.csv,153866,34.L1.ITA-060120-005.01,34.L1.ITA-060120-005,073,2024-06-01,MAPPED,MAPPED,INVALID_STRUCTURE,
sales_monthly_by_sku_branch_202607161619.csv,153867,34.L1.ITA-060120-005.01,34.L1.ITA-060120-005,073,2024-07-01,MAPPED,MAPPED,INVALID_STRUCTURE,
sales_monthly_by_sku_branch_202607161619.csv,153868,34.L1.ITA-060120-005.01,34.L1.ITA-060120-005,073,2024-10-01,MAPPED,MAPPED,INVALID_STRUCTURE,
sales_monthly_by_sku_branch_202607161619.csv,153869,34.L1.ITA-060120-005.01,34.L1.ITA-060120-005,076,2024-01-01,MAPPED,MAPPED,INVALID_STRUCTURE,
sales_monthly_by_sku_branch_202607161619.csv,153870,34.L1.ITA-060120-005.01,34.L1.ITA-060120-005,076,2024-03-01,MAPPED,MAPPED,INVALID_STRUCTURE,
sales_monthly_by_sku_branch_202607161619.csv,153871,34.L1.ITA-060120-005.01,34.L1.ITA-060120-005,076,2024-04-01,MAPPED,MAPPED,INVALID_STRUCTURE,
sales_monthly_by_sku_branch_202607161619.csv,153872,34.L1.ITA-060120-005.01,34.L1.ITA-060120-005,076,2024-06-01,MAPPED,MAPPED,INVALID_STRUCTURE,
sales_monthly_by_sku_branch_202607161619.csv,153873,34.L1.ITA-060120-005.01,34.L1.ITA-060120-005,076,2024-07-01,MAPPED,MAPPED,INVALID_STRUCTURE,
sales_monthly_by_sku_branch_202607161619.csv,153874,34.L1.ITA-060120-005.01,34.L1.ITA-060120-005,076,2024-08-01,MAPPED,MAPPED,INVALID_STRUCTURE,
sales_monthly_by_sku_branch_202607161619.csv,153875,34.L1.ITA-060120-005.01,34.L1.ITA-060120-005,076,2024-09-01,MAPPED,MAPPED,INVALID_STRUCTURE,
sales_monthly_by_sku_branch_202607161619.csv,153876,34.L1.ITA-060120-005.01,34.L1.ITA-060120-005,081,2024-01-01,MAPPED,MAPPED,INVALID_STRUCTURE,
sales_monthly_by_sku_branch_202607161619.csv,153877,34.L1.ITA-060120-005.01,34.L1.ITA-060120-005,081,2024-05-01,MAPPED,MAPPED,INVALID_STRUCTURE,
sales_monthly_by_sku_branch_202607161619.csv,153878,34.L1.ITA-060120-005.01,34.L1.ITA-060120-005,081,2024-06-01,MAPPED,MAPPED,INVALID_STRUCTURE,
sales_monthly_by_sku_branch_202607161619.csv,153879,34.L1.ITA-060120-005.01,34.L1.ITA-060120-005,081,2024-07-01,MAPPED,MAPPED,INVALID_STRUCTURE,
sales_monthly_by_sku_branch_202607161619.csv,153880,34.L1.ITA-060120-005.01,34.L1.ITA-060120-005,081,2024-08-01,MAPPED,MAPPED,INVALID_STRUCTURE,
sales_monthly_by_sku_branch_202607161619.csv,153881,34.L1.ITA-060120-005.01,34.L1.ITA-060120-005,081,2024-09-01,MAPPED,MAPPED,INVALID_STRUCTURE,
sales_monthly_by_sku_branch_202607161619.csv,153882,34.L1.ITA-060120-005.01,34.L1.ITA-060120-005,081,2024-10-01,MAPPED,MAPPED,INVALID_STRUCTURE,
sales_monthly_by_sku_branch_202607161619.csv,153883,34.L1.ITA-060120-005.01,34.L1.ITA-060120-005,098,2024-08-01,MAPPED,MAPPED,INVALID_STRUCTURE,
sales_monthly_by_sku_branch_202607161619.csv,153884,34.L1.ITA-060120-005.01,34.L1.ITA-060120-005,222,2024-02-01,MAPPED,MAPPED,INVALID_STRUCTURE,
sales_monthly_by_sku_branch_202607161619.csv,153885,34.L1.ITA-060120-005.01,34.L1.ITA-060120-005,222,2024-03-01,MAPPED,MAPPED,INVALID_STRUCTURE,
sales_monthly_by_sku_branch_202607161619.csv,153886,34.L1.ITA-060120-005.01,34.L1.ITA-060120-005,222,2024-06-01,MAPPED,MAPPED,INVALID_STRUCTURE,
sales_monthly_by_sku_branch_202607161619.csv,153887,34.L1.ITA-060120-005.01,34.L1.ITA-060120-005,222,2024-07-01,MAPPED,MAPPED,INVALID_STRUCTURE,
sales_monthly_by_sku_branch_202607161619.csv,153888,34.L1.ITA-060120-005.01,34.L1.ITA-060120-005,222,2024-08-01,MAPPED,MAPPED,INVALID_STRUCTURE,
sales_monthly_by_sku_branch_202607161619.csv,153889,34.L1.ITA-060120-006.01,34.L1.ITA-060120-006,000,2024-01-01,MAPPED,MAPPED,INVALID_STRUCTURE,
sales_monthly_by_sku_branch_202607161619.csv,153890,34.L1.ITA-060120-006.01,34.L1.ITA-060120-006,000,2024-03-01,MAPPED,MAPPED,INVALID_STRUCTURE,
sales_monthly_by_sku_branch_202607161619.csv,153891,34.L1.ITA-060120-006.01,34.L1.ITA-060120-006,000,2024-05-01,MAPPED,MAPPED,INVALID_STRUCTURE,
sales_monthly_by_sku_branch_202607161619.csv,153892,34.L1.ITA-060120-006.01,34.L1.ITA-060120-006,000,2024-06-01,MAPPED,MAPPED,INVALID_STRUCTURE,
sales_monthly_by_sku_branch_202607161619.csv,153893,34.L1.ITA-060120-006.01,34.L1.ITA-060120-006,000,2024-07-01,MAPPED,MAPPED,INVALID_STRUCTURE,
sales_monthly_by_sku_branch_202607161619.csv,153894,34.L1.ITA-060120-006.01,34.L1.ITA-060120-006,000,2024-11-01,MAPPED,MAPPED,INVALID_STRUCTURE,
sales_monthly_by_sku_branch_202607161619.csv,153895,34.L1.ITA-060120-006.01,34.L1.ITA-060120-006,000,2024-12-01,MAPPED,MAPPED,INVALID_STRUCTURE,
sales_monthly_by_sku_branch_202607161619.csv,153896,34.L1.ITA-060120-006.01,34.L1.ITA-060120-006,018,2025-10-01,MAPPED,MAPPED,INVALID_STRUCTURE,
sales_monthly_by_sku_branch_202607161619.csv,153897,34.L1.ITA-060120-006.01,34.L1.ITA-060120-006,050,2024-01-01,MAPPED,MAPPED,INVALID_STRUCTURE,
sales_monthly_by_sku_branch_202607161619.csv,153898,34.L1.ITA-060120-006.01,34.L1.ITA-060120-006,050,2024-04-01,MAPPED,MAPPED,INVALID_STRUCTURE,
sales_monthly_by_sku_branch_202607161619.csv,153899,34.L1.ITA-060120-006.01,34.L1.ITA-060120-006,050,2024-05-01,MAPPED,MAPPED,INVALID_STRUCTURE,
sales_monthly_by_sku_branch_202607161619.csv,153900,34.L1.ITA-060120-006.01,34.L1.ITA-060120-006,050,2024-06-01,MAPPED,MAPPED,INVALID_STRUCTURE,
sales_monthly_by_sku_branch_202607161619.csv,153901,34.L1.ITA-060120-006.01,34.L1.ITA-060120-006,050,2024-08-01,MAPPED,MAPPED,INVALID_STRUCTURE,
sales_monthly_by_sku_branch_202607161619.csv,153902,34.L1.ITA-060120-006.01,34.L1.ITA-060120-006,050,2024-09-01,MAPPED,MAPPED,INVALID_STRUCTURE,
sales_monthly_by_sku_branch_202607161619.csv,153903,34.L1.ITA-060120-006.01,34.L1.ITA-060120-006,050,2024-10-01,MAPPED,MAPPED,INVALID_STRUCTURE,
sales_monthly_by_sku_branch_202607161619.csv,153904,34.L1.ITA-060120-006.01,34.L1.ITA-060120-006,060,2024-08-01,MAPPED,MAPPED,INVALID_STRUCTURE,
sales_monthly_by_sku_branch_202607161619.csv,153905,34.L1.ITA-060120-006.01,34.L1.ITA-060120-006,060,2024-09-01,MAPPED,MAPPED,INVALID_STRUCTURE,
sales_monthly_by_sku_branch_202607161619.csv,153906,34.L1.ITA-060120-006.01,34.L1.ITA-060120-006,060,2024-10-01,MAPPED,MAPPED,INVALID_STRUCTURE,
sales_monthly_by_sku_branch_202607161619.csv,153907,34.L1.ITA-060120-006.01,34.L1.ITA-060120-006,060,2024-11-01,MAPPED,MAPPED,INVALID_STRUCTURE,
sales_monthly_by_sku_branch_202607161619.csv,153908,34.L1.ITA-060120-006.01,34.L1.ITA-060120-006,061,2024-04-01,MAPPED,MAPPED,INVALID_STRUCTURE,
sales_monthly_by_sku_branch_202607161619.csv,153909,34.L1.ITA-060120-006.01,34.L1.ITA-060120-006,063,2024-01-01,MAPPED,MAPPED,INVALID_STRUCTURE,
sales_monthly_by_sku_branch_202607161619.csv,153910,34.L1.ITA-060120-006.01,34.L1.ITA-060120-006,063,2024-03-01,MAPPED,MAPPED,INVALID_STRUCTURE,
sales_monthly_by_sku_branch_202607161619.csv,153911,34.L1.ITA-060120-006.01,34.L1.ITA-060120-006,063,2024-04-01,MAPPED,MAPPED,INVALID_STRUCTURE,
sales_monthly_by_sku_branch_202607161619.csv,153912,34.L1.ITA-060120-006.01,34.L1.ITA-060120-006,063,2024-05-01,MAPPED,MAPPED,INVALID_STRUCTURE,
sales_monthly_by_sku_branch_202607161619.csv,153913,34.L1.ITA-060120-006.01,34.L1.ITA-060120-006,063,2024-06-01,MAPPED,MAPPED,INVALID_STRUCTURE,
sales_monthly_by_sku_branch_202607161619.csv,153914,34.L1.ITA-060120-006.01,34.L1.ITA-060120-006,063,2024-07-01,MAPPED,MAPPED,INVALID_STRUCTURE,
sales_monthly_by_sku_branch_202607161619.csv,153915,34.L1.ITA-060120-006.01,34.L1.ITA-060120-006,063,2024-08-01,MAPPED,MAPPED,INVALID_STRUCTURE,
sales_monthly_by_sku_branch_202607161619.csv,153916,34.L1.ITA-060120-006.01,34.L1.ITA-060120-006,063,2024-09-01,MAPPED,MAPPED,INVALID_STRUCTURE,
sales_monthly_by_sku_branch_202607161619.csv,153917,34.L1.ITA-060120-006.01,34.L1.ITA-060120-006,063,2024-11-01,MAPPED,MAPPED,INVALID_STRUCTURE,
sales_monthly_by_sku_branch_202607161619.csv,153918,34.L1.ITA-060120-006.01,34.L1.ITA-060120-006,063,2025-02-01,MAPPED,MAPPED,INVALID_STRUCTURE,
sales_monthly_by_sku_branch_202607161619.csv,153919,34.L1.ITA-060120-006.01,34.L1.ITA-060120-006,064,2024-06-01,MAPPED,MAPPED,INVALID_STRUCTURE,
sales_monthly_by_sku_branch_202607161619.csv,153920,34.L1.ITA-060120-006.01,34.L1.ITA-060120-006,065,2024-03-01,MAPPED,MAPPED,INVALID_STRUCTURE,
sales_monthly_by_sku_branch_202607161619.csv,153921,34.L1.ITA-060120-006.01,34.L1.ITA-060120-006,065,2024-04-01,MAPPED,MAPPED,INVALID_STRUCTURE,
sales_monthly_by_sku_branch_202607161619.csv,153922,34.L1.ITA-060120-006.01,34.L1.ITA-060120-006,065,2024-05-01,MAPPED,MAPPED,INVALID_STRUCTURE,
sales_monthly_by_sku_branch_202607161619.csv,153923,34.L1.ITA-060120-006.01,34.L1.ITA-060120-006,065,2024-06-01,MAPPED,MAPPED,INVALID_STRUCTURE,
sales_monthly_by_sku_branch_202607161619.csv,153924,34.L1.ITA-060120-006.01,34.L1.ITA-060120-006,065,2024-08-01,MAPPED,MAPPED,INVALID_STRUCTURE,
sales_monthly_by_sku_branch_202607161619.csv,153925,34.L1.ITA-060120-006.01,34.L1.ITA-060120-006,065,2024-09-01,MAPPED,MAPPED,INVALID_STRUCTURE,
sales_monthly_by_sku_branch_202607161619.csv,153926,34.L1.ITA-060120-006.01,34.L1.ITA-060120-006,065,2024-10-01,MAPPED,MAPPED,INVALID_STRUCTURE,
sales_monthly_by_sku_branch_202607161619.csv,153927,34.L1.ITA-060120-006.01,34.L1.ITA-060120-006,069,2024-01-01,MAPPED,MAPPED,INVALID_STRUCTURE,
sales_monthly_by_sku_branch_202607161619.csv,153928,34.L1.ITA-060120-006.01,34.L1.ITA-060120-006,069,2024-05-01,MAPPED,MAPPED,INVALID_STRUCTURE,
sales_monthly_by_sku_branch_202607161619.csv,153929,34.L1.ITA-060120-006.01,34.L1.ITA-060120-006,069,2024-06-01,MAPPED,MAPPED,INVALID_STRUCTURE,
sales_monthly_by_sku_branch_202607161619.csv,153930,34.L1.ITA-060120-006.01,34.L1.ITA-060120-006,069,2024-07-01,MAPPED,MAPPED,INVALID_STRUCTURE,
sales_monthly_by_sku_branch_202607161619.csv,153931,34.L1.ITA-060120-006.01,34.L1.ITA-060120-006,069,2024-08-01,MAPPED,MAPPED,INVALID_STRUCTURE,
sales_monthly_by_sku_branch_202607161619.csv,153932,34.L1.ITA-060120-006.01,34.L1.ITA-060120-006,069,2024-10-01,MAPPED,MAPPED,INVALID_STRUCTURE,
sales_monthly_by_sku_branch_202607161619.csv,153933,34.L1.ITA-060120-006.01,34.L1.ITA-060120-006,073,2024-01-01,MAPPED,MAPPED,INVALID_STRUCTURE,
sales_monthly_by_sku_branch_202607161619.csv,153934,34.L1.ITA-060120-006.01,34.L1.ITA-060120-006,073,2024-03-01,MAPPED,MAPPED,INVALID_STRUCTURE,
sales_monthly_by_sku_branch_202607161619.csv,153935,34.L1.ITA-060120-006.01,34.L1.ITA-060120-006,073,2024-05-01,MAPPED,MAPPED,INVALID_STRUCTURE,
sales_monthly_by_sku_branch_202607161619.csv,153936,34.L1.ITA-060120-006.01,34.L1.ITA-060120-006,073,2024-06-01,MAPPED,MAPPED,INVALID_STRUCTURE,
sales_monthly_by_sku_branch_202607161619.csv,153937,34.L1.ITA-060120-006.01,34.L1.ITA-060120-006,073,2024-07-01,MAPPED,MAPPED,INVALID_STRUCTURE,
sales_monthly_by_sku_branch_202607161619.csv,153938,34.L1.ITA-060120-006.01,34.L1.ITA-060120-006,073,2024-08-01,MAPPED,MAPPED,INVALID_STRUCTURE,
sales_monthly_by_sku_branch_202607161619.csv,153939,34.L1.ITA-060120-006.01,34.L1.ITA-060120-006,073,2025-01-01,MAPPED,MAPPED,INVALID_STRUCTURE,
sales_monthly_by_sku_branch_202607161619.csv,153940,34.L1.ITA-060120-006.01,34.L1.ITA-060120-006,074,2024-07-01,MAPPED,MAPPED,INVALID_STRUCTURE,
sales_monthly_by_sku_branch_202607161619.csv,153941,34.L1.ITA-060120-006.01,34.L1.ITA-060120-006,076,2024-01-01,MAPPED,MAPPED,INVALID_STRUCTURE,
sales_monthly_by_sku_branch_202607161619.csv,153942,34.L1.ITA-060120-006.01,34.L1.ITA-060120-006,076,2024-03-01,MAPPED,MAPPED,INVALID_STRUCTURE,
sales_monthly_by_sku_branch_202607161619.csv,153943,34.L1.ITA-060120-006.01,34.L1.ITA-060120-006,076,2024-05-01,MAPPED,MAPPED,INVALID_STRUCTURE,
sales_monthly_by_sku_branch_202607161619.csv,153944,34.L1.ITA-060120-006.01,34.L1.ITA-060120-006,076,2024-06-01,MAPPED,MAPPED,INVALID_STRUCTURE,
sales_monthly_by_sku_branch_202607161619.csv,153945,34.L1.ITA-060120-006.01,34.L1.ITA-060120-006,076,2024-07-01,MAPPED,MAPPED,INVALID_STRUCTURE,
sales_monthly_by_sku_branch_202607161619.csv,153946,34.L1.ITA-060120-006.01,34.L1.ITA-060120-006,076,2024-08-01,MAPPED,MAPPED,INVALID_STRUCTURE,
sales_monthly_by_sku_branch_202607161619.csv,153947,34.L1.ITA-060120-006.01,34.L1.ITA-060120-006,076,2024-10-01,MAPPED,MAPPED,INVALID_STRUCTURE,
sales_monthly_by_sku_branch_202607161619.csv,153948,34.L1.ITA-060120-006.01,34.L1.ITA-060120-006,076,2024-11-01,MAPPED,MAPPED,INVALID_STRUCTURE,
sales_monthly_by_sku_branch_202607161619.csv,153949,34.L1.ITA-060120-006.01,34.L1.ITA-060120-006,076,2024-12-01,MAPPED,MAPPED,INVALID_STRUCTURE,
sales_monthly_by_sku_branch_202607161619.csv,153950,34.L1.ITA-060120-006.01,34.L1.ITA-060120-006,076,2025-04-01,MAPPED,MAPPED,INVALID_STRUCTURE,
sales_monthly_by_sku_branch_202607161619.csv,153951,34.L1.ITA-060120-006.01,34.L1.ITA-060120-006,076,2025-09-01,MAPPED,MAPPED,INVALID_STRUCTURE,
sales_monthly_by_sku_branch_202607161619.csv,153952,34.L1.ITA-060120-006.01,34.L1.ITA-060120-006,079,2024-01-01,MAPPED,MAPPED,INVALID_STRUCTURE,
sales_monthly_by_sku_branch_202607161619.csv,153953,34.L1.ITA-060120-006.01,34.L1.ITA-060120-006,079,2024-03-01,MAPPED,MAPPED,INVALID_STRUCTURE,
sales_monthly_by_sku_branch_202607161619.csv,153954,34.L1.ITA-060120-006.01,34.L1.ITA-060120-006,081,2024-04-01,MAPPED,MAPPED,INVALID_STRUCTURE,
sales_monthly_by_sku_branch_202607161619.csv,153955,34.L1.ITA-060120-006.01,34.L1.ITA-060120-006,081,2024-06-01,MAPPED,MAPPED,INVALID_STRUCTURE,
sales_monthly_by_sku_branch_202607161619.csv,153956,34.L1.ITA-060120-006.01,34.L1.ITA-060120-006,081,2024-08-01,MAPPED,MAPPED,INVALID_STRUCTURE,
sales_monthly_by_sku_branch_202607161619.csv,153957,34.L1.ITA-060120-006.01,34.L1.ITA-060120-006,081,2024-10-01,MAPPED,MAPPED,INVALID_STRUCTURE,
sales_monthly_by_sku_branch_202607161619.csv,153958,34.L1.ITA-060120-006.01,34.L1.ITA-060120-006,081,2024-11-01,MAPPED,MAPPED,INVALID_STRUCTURE,
sales_monthly_by_sku_branch_202607161619.csv,153959,34.L1.ITA-060120-006.01,34.L1.ITA-060120-006,081,2024-12-01,MAPPED,MAPPED,INVALID_STRUCTURE,
sales_monthly_by_sku_branch_202607161619.csv,153960,34.L1.ITA-060120-006.01,34.L1.ITA-060120-006,222,2024-04-01,MAPPED,MAPPED,INVALID_STRUCTURE,
sales_monthly_by_sku_branch_202607161619.csv,153961,34.L1.ITA-060120-006.01,34.L1.ITA-060120-006,222,2024-05-01,MAPPED,MAPPED,INVALID_STRUCTURE,
sales_monthly_by_sku_branch_202607161619.csv,153962,34.L1.ITA-060120-006.01,34.L1.ITA-060120-006,222,2024-06-01,MAPPED,MAPPED,INVALID_STRUCTURE,
sales_monthly_by_sku_branch_202607161619.csv,153963,34.L1.ITA-060120-006.01,34.L1.ITA-060120-006,222,2024-08-01,MAPPED,MAPPED,INVALID_STRUCTURE,
sales_monthly_by_sku_branch_202607161619.csv,153964,34.L1.ITA-060120-006.01,34.L1.ITA-060120-006,222,2024-11-01,MAPPED,MAPPED,INVALID_STRUCTURE,
sales_monthly_by_sku_branch_202607161619.csv,153965,34.L1.ITA-060120-007.01,34.L1.ITA-060120-007,000,2024-01-01,MAPPED,MAPPED,INVALID_STRUCTURE,
sales_monthly_by_sku_branch_202607161619.csv,153966,34.L1.ITA-060120-007.01,34.L1.ITA-060120-007,000,2024-03-01,MAPPED,MAPPED,INVALID_STRUCTURE,
sales_monthly_by_sku_branch_202607161619.csv,153967,34.L1.ITA-060120-007.01,34.L1.ITA-060120-007,000,2024-04-01,MAPPED,MAPPED,INVALID_STRUCTURE,
sales_monthly_by_sku_branch_202607161619.csv,153968,34.L1.ITA-060120-007.01,34.L1.ITA-060120-007,000,2024-06-01,MAPPED,MAPPED,INVALID_STRUCTURE,
sales_monthly_by_sku_branch_202607161619.csv,153969,34.L1.ITA-060120-007.01,34.L1.ITA-060120-007,000,2024-07-01,MAPPED,MAPPED,INVALID_STRUCTURE,
sales_monthly_by_sku_branch_202607161619.csv,153970,34.L1.ITA-060120-007.01,34.L1.ITA-060120-007,019,2024-01-01,MAPPED,MAPPED,INVALID_STRUCTURE,
sales_monthly_by_sku_branch_202607161619.csv,153971,34.L1.ITA-060120-007.01,34.L1.ITA-060120-007,019,2024-03-01,MAPPED,MAPPED,INVALID_STRUCTURE,
sales_monthly_by_sku_branch_202607161619.csv,153972,34.L1.ITA-060120-007.01,34.L1.ITA-060120-007,050,2024-06-01,MAPPED,MAPPED,INVALID_STRUCTURE,
sales_monthly_by_sku_branch_202607161619.csv,153973,34.L1.ITA-060120-007.01,34.L1.ITA-060120-007,050,2024-07-01,MAPPED,MAPPED,INVALID_STRUCTURE,
sales_monthly_by_sku_branch_202607161619.csv,153974,34.L1.ITA-060120-007.01,34.L1.ITA-060120-007,060,2024-08-01,MAPPED,MAPPED,INVALID_STRUCTURE,
sales_monthly_by_sku_branch_202607161619.csv,153975,34.L1.ITA-060120-007.01,34.L1.ITA-060120-007,061,2024-01-01,MAPPED,MAPPED,INVALID_STRUCTURE,
sales_monthly_by_sku_branch_202607161619.csv,153976,34.L1.ITA-060120-007.01,34.L1.ITA-060120-007,063,2024-01-01,MAPPED,MAPPED,INVALID_STRUCTURE,
sales_monthly_by_sku_branch_202607161619.csv,153977,34.L1.ITA-060120-007.01,34.L1.ITA-060120-007,063,2024-02-01,MAPPED,MAPPED,INVALID_STRUCTURE,
sales_monthly_by_sku_branch_202607161619.csv,153978,34.L1.ITA-060120-007.01,34.L1.ITA-060120-007,063,2024-05-01,MAPPED,MAPPED,INVALID_STRUCTURE,
sales_monthly_by_sku_branch_202607161619.csv,153979,34.L1.ITA-060120-007.01,34.L1.ITA-060120-007,063,2024-06-01,MAPPED,MAPPED,INVALID_STRUCTURE,
sales_monthly_by_sku_branch_202607161619.csv,153980,34.L1.ITA-060120-007.01,34.L1.ITA-060120-007,063,2024-07-01,MAPPED,MAPPED,INVALID_STRUCTURE,
sales_monthly_by_sku_branch_202607161619.csv,153981,34.L1.ITA-060120-007.01,34.L1.ITA-060120-007,064,2024-04-01,MAPPED,MAPPED,INVALID_STRUCTURE,
sales_monthly_by_sku_branch_202607161619.csv,153982,34.L1.ITA-060120-007.01,34.L1.ITA-060120-007,064,2024-05-01,MAPPED,MAPPED,INVALID_STRUCTURE,
sales_monthly_by_sku_branch_202607161619.csv,153983,34.L1.ITA-060120-007.01,34.L1.ITA-060120-007,064,2024-06-01,MAPPED,MAPPED,INVALID_STRUCTURE,
sales_monthly_by_sku_branch_202607161619.csv,153984,34.L1.ITA-060120-007.01,34.L1.ITA-060120-007,065,2024-05-01,MAPPED,MAPPED,INVALID_STRUCTURE,
sales_monthly_by_sku_branch_202607161619.csv,153985,34.L1.ITA-060120-007.01,34.L1.ITA-060120-007,065,2024-06-01,MAPPED,MAPPED,INVALID_STRUCTURE,
sales_monthly_by_sku_branch_202607161619.csv,153986,34.L1.ITA-060120-007.01,34.L1.ITA-060120-007,065,2024-08-01,MAPPED,MAPPED,INVALID_STRUCTURE,
sales_monthly_by_sku_branch_202607161619.csv,153987,34.L1.ITA-060120-007.01,34.L1.ITA-060120-007,065,2024-09-01,MAPPED,MAPPED,INVALID_STRUCTURE,
sales_monthly_by_sku_branch_202607161619.csv,153988,34.L1.ITA-060120-007.01,34.L1.ITA-060120-007,065,2025-08-01,MAPPED,MAPPED,INVALID_STRUCTURE,
sales_monthly_by_sku_branch_202607161619.csv,153989,34.L1.ITA-060120-007.01,34.L1.ITA-060120-007,065,2025-10-01,MAPPED,MAPPED,INVALID_STRUCTURE,
sales_monthly_by_sku_branch_202607161619.csv,153990,34.L1.ITA-060120-007.01,34.L1.ITA-060120-007,069,2024-01-01,MAPPED,MAPPED,INVALID_STRUCTURE,
sales_monthly_by_sku_branch_202607161619.csv,153991,34.L1.ITA-060120-007.01,34.L1.ITA-060120-007,069,2024-04-01,MAPPED,MAPPED,INVALID_STRUCTURE,
sales_monthly_by_sku_branch_202607161619.csv,153992,34.L1.ITA-060120-007.01,34.L1.ITA-060120-007,069,2024-07-01,MAPPED,MAPPED,INVALID_STRUCTURE,
sales_monthly_by_sku_branch_202607161619.csv,153993,34.L1.ITA-060120-007.01,34.L1.ITA-060120-007,069,2024-08-01,MAPPED,MAPPED,INVALID_STRUCTURE,
sales_monthly_by_sku_branch_202607161619.csv,153994,34.L1.ITA-060120-007.01,34.L1.ITA-060120-007,073,2024-01-01,MAPPED,MAPPED,INVALID_STRUCTURE,
sales_monthly_by_sku_branch_202607161619.csv,153995,34.L1.ITA-060120-007.01,34.L1.ITA-060120-007,073,2024-02-01,MAPPED,MAPPED,INVALID_STRUCTURE,
sales_monthly_by_sku_branch_202607161619.csv,153996,34.L1.ITA-060120-007.01,34.L1.ITA-060120-007,073,2024-05-01,MAPPED,MAPPED,INVALID_STRUCTURE,
sales_monthly_by_sku_branch_202607161619.csv,153997,34.L1.ITA-060120-007.01,34.L1.ITA-060120-007,073,2024-06-01,MAPPED,MAPPED,INVALID_STRUCTURE,
sales_monthly_by_sku_branch_202607161619.csv,153998,34.L1.ITA-060120-007.01,34.L1.ITA-060120-007,073,2024-07-01,MAPPED,MAPPED,INVALID_STRUCTURE,
sales_monthly_by_sku_branch_202607161619.csv,153999,34.L1.ITA-060120-007.01,34.L1.ITA-060120-007,073,2024-08-01,MAPPED,MAPPED,INVALID_STRUCTURE,
sales_monthly_by_sku_branch_202607161619.csv,154000,34.L1.ITA-060120-007.01,34.L1.ITA-060120-007,076,2024-03-01,MAPPED,MAPPED,INVALID_STRUCTURE,
sales_monthly_by_sku_branch_202607161619.csv,154001,34.L1.ITA-060120-007.01,34.L1.ITA-060120-007,076,2024-05-01,MAPPED,MAPPED,INVALID_STRUCTURE,
sales_monthly_by_sku_branch_202607161619.csv,154002,34.L1.ITA-060120-007.01,34.L1.ITA-060120-007,076,2024-06-01,MAPPED,MAPPED,INVALID_STRUCTURE,
sales_monthly_by_sku_branch_202607161619.csv,154003,34.L1.ITA-060120-007.01,34.L1.ITA-060120-007,076,2024-07-01,MAPPED,MAPPED,INVALID_STRUCTURE,
sales_monthly_by_sku_branch_202607161619.csv,154004,34.L1.ITA-060120-007.01,34.L1.ITA-060120-007,079,2024-01-01,MAPPED,MAPPED,INVALID_STRUCTURE,
sales_monthly_by_sku_branch_202607161619.csv,154005,34.L1.ITA-060120-007.01,34.L1.ITA-060120-007,081,2024-01-01,MAPPED,MAPPED,INVALID_STRUCTURE,
sales_monthly_by_sku_branch_202607161619.csv,154006,34.L1.ITA-060120-007.01,34.L1.ITA-060120-007,222,2024-03-01,MAPPED,MAPPED,INVALID_STRUCTURE,
sales_monthly_by_sku_branch_202607161619.csv,154007,34.L1.ITA-060120-007.01,34.L1.ITA-060120-007,222,2024-05-01,MAPPED,MAPPED,INVALID_STRUCTURE,
sales_monthly_by_sku_branch_202607161619.csv,154008,34.L1.ITA-060120-007.01,34.L1.ITA-060120-007,222,2024-06-01,MAPPED,MAPPED,INVALID_STRUCTURE,
sales_monthly_by_sku_branch_202607161619.csv,154009,34.L1.ITA-060120-007.01,34.L1.ITA-060120-007,222,2024-08-01,MAPPED,MAPPED,INVALID_STRUCTURE,
sales_monthly_by_sku_branch_202607161619.csv,154010,34.L1.ITA-060120-008.01,34.L1.ITA-060120-008,000,2024-01-01,MAPPED,MAPPED,INVALID_STRUCTURE,
sales_monthly_by_sku_branch_202607161619.csv,154011,34.L1.ITA-060120-008.01,34.L1.ITA-060120-008,000,2024-04-01,MAPPED,MAPPED,INVALID_STRUCTURE,
sales_monthly_by_sku_branch_202607161619.csv,154012,34.L1.ITA-060120-008.01,34.L1.ITA-060120-008,000,2024-05-01,MAPPED,MAPPED,INVALID_STRUCTURE,
sales_monthly_by_sku_branch_202607161619.csv,154013,34.L1.ITA-060120-008.01,34.L1.ITA-060120-008,000,2024-06-01,MAPPED,MAPPED,INVALID_STRUCTURE,
sales_monthly_by_sku_branch_202607161619.csv,154014,34.L1.ITA-060120-008.01,34.L1.ITA-060120-008,000,2024-07-01,MAPPED,MAPPED,INVALID_STRUCTURE,
sales_monthly_by_sku_branch_202607161619.csv,154015,34.L1.ITA-060120-008.01,34.L1.ITA-060120-008,000,2024-08-01,MAPPED,MAPPED,INVALID_STRUCTURE,
sales_monthly_by_sku_branch_202607161619.csv,154016,34.L1.ITA-060120-008.01,34.L1.ITA-060120-008,000,2024-11-01,MAPPED,MAPPED,INVALID_STRUCTURE,
sales_monthly_by_sku_branch_202607161619.csv,154017,34.L1.ITA-060120-008.01,34.L1.ITA-060120-008,050,2024-01-01,MAPPED,MAPPED,INVALID_STRUCTURE,
sales_monthly_by_sku_branch_202607161619.csv,154018,34.L1.ITA-060120-008.01,34.L1.ITA-060120-008,050,2024-02-01,MAPPED,MAPPED,INVALID_STRUCTURE,
sales_monthly_by_sku_branch_202607161619.csv,154019,34.L1.ITA-060120-008.01,34.L1.ITA-060120-008,050,2024-03-01,MAPPED,MAPPED,INVALID_STRUCTURE,
sales_monthly_by_sku_branch_202607161619.csv,154020,34.L1.ITA-060120-008.01,34.L1.ITA-060120-008,050,2024-04-01,MAPPED,MAPPED,INVALID_STRUCTURE,
sales_monthly_by_sku_branch_202607161619.csv,154021,34.L1.ITA-060120-008.01,34.L1.ITA-060120-008,050,2024-05-01,MAPPED,MAPPED,INVALID_STRUCTURE,
sales_monthly_by_sku_branch_202607161619.csv,154022,34.L1.ITA-060120-008.01,34.L1.ITA-060120-008,050,2024-06-01,MAPPED,MAPPED,INVALID_STRUCTURE,
sales_monthly_by_sku_branch_202607161619.csv,154023,34.L1.ITA-060120-008.01,34.L1.ITA-060120-008,050,2024-07-01,MAPPED,MAPPED,INVALID_STRUCTURE,
sales_monthly_by_sku_branch_202607161619.csv,154024,34.L1.ITA-060120-008.01,34.L1.ITA-060120-008,050,2024-08-01,MAPPED,MAPPED,INVALID_STRUCTURE,
sales_monthly_by_sku_branch_202607161619.csv,154025,34.L1.ITA-060120-008.01,34.L1.ITA-060120-008,060,2024-01-01,MAPPED,MAPPED,INVALID_STRUCTURE,
sales_monthly_by_sku_branch_202607161619.csv,154026,34.L1.ITA-060120-008.01,34.L1.ITA-060120-008,060,2024-04-01,MAPPED,MAPPED,INVALID_STRUCTURE,
sales_monthly_by_sku_branch_202607161619.csv,154027,34.L1.ITA-060120-008.01,34.L1.ITA-060120-008,060,2024-05-01,MAPPED,MAPPED,INVALID_STRUCTURE,
sales_monthly_by_sku_branch_202607161619.csv,154028,34.L1.ITA-060120-008.01,34.L1.ITA-060120-008,060,2024-06-01,MAPPED,MAPPED,INVALID_STRUCTURE,
sales_monthly_by_sku_branch_202607161619.csv,154029,34.L1.ITA-060120-008.01,34.L1.ITA-060120-008,060,2024-07-01,MAPPED,MAPPED,INVALID_STRUCTURE,
sales_monthly_by_sku_branch_202607161619.csv,154030,34.L1.ITA-060120-008.01,34.L1.ITA-060120-008,061,2024-01-01,MAPPED,MAPPED,INVALID_STRUCTURE,
sales_monthly_by_sku_branch_202607161619.csv,154031,34.L1.ITA-060120-008.01,34.L1.ITA-060120-008,063,2024-01-01,MAPPED,MAPPED,INVALID_STRUCTURE,
sales_monthly_by_sku_branch_202607161619.csv,154032,34.L1.ITA-060120-008.01,34.L1.ITA-060120-008,063,2024-03-01,MAPPED,MAPPED,INVALID_STRUCTURE,
sales_monthly_by_sku_branch_202607161619.csv,154033,34.L1.ITA-060120-008.01,34.L1.ITA-060120-008,063,2024-04-01,MAPPED,MAPPED,INVALID_STRUCTURE,
sales_monthly_by_sku_branch_202607161619.csv,154034,34.L1.ITA-060120-008.01,34.L1.ITA-060120-008,063,2024-05-01,MAPPED,MAPPED,INVALID_STRUCTURE,
sales_monthly_by_sku_branch_202607161619.csv,154035,34.L1.ITA-060120-008.01,34.L1.ITA-060120-008,063,2024-06-01,MAPPED,MAPPED,INVALID_STRUCTURE,
sales_monthly_by_sku_branch_202607161619.csv,154036,34.L1.ITA-060120-008.01,34.L1.ITA-060120-008,063,2024-07-01,MAPPED,MAPPED,INVALID_STRUCTURE,
sales_monthly_by_sku_branch_202607161619.csv,154037,34.L1.ITA-060120-008.01,34.L1.ITA-060120-008,063,2024-08-01,MAPPED,MAPPED,INVALID_STRUCTURE,
sales_monthly_by_sku_branch_202607161619.csv,154038,34.L1.ITA-060120-008.01,34.L1.ITA-060120-008,063,2024-09-01,MAPPED,MAPPED,INVALID_STRUCTURE,
sales_monthly_by_sku_branch_202607161619.csv,154039,34.L1.ITA-060120-008.01,34.L1.ITA-060120-008,063,2024-10-01,MAPPED,MAPPED,INVALID_STRUCTURE,
sales_monthly_by_sku_branch_202607161619.csv,154040,34.L1.ITA-060120-008.01,34.L1.ITA-060120-008,064,2024-01-01,MAPPED,MAPPED,INVALID_STRUCTURE,
sales_monthly_by_sku_branch_202607161619.csv,154041,34.L1.ITA-060120-008.01,34.L1.ITA-060120-008,064,2024-05-01,MAPPED,MAPPED,INVALID_STRUCTURE,
sales_monthly_by_sku_branch_202607161619.csv,154042,34.L1.ITA-060120-008.01,34.L1.ITA-060120-008,064,2024-09-01,MAPPED,MAPPED,INVALID_STRUCTURE,
sales_monthly_by_sku_branch_202607161619.csv,154043,34.L1.ITA-060120-008.01,34.L1.ITA-060120-008,064,2024-12-01,MAPPED,MAPPED,INVALID_STRUCTURE,
sales_monthly_by_sku_branch_202607161619.csv,154044,34.L1.ITA-060120-008.01,34.L1.ITA-060120-008,065,2024-01-01,MAPPED,MAPPED,INVALID_STRUCTURE,
sales_monthly_by_sku_branch_202607161619.csv,154045,34.L1.ITA-060120-008.01,34.L1.ITA-060120-008,065,2024-02-01,MAPPED,MAPPED,INVALID_STRUCTURE,
sales_monthly_by_sku_branch_202607161619.csv,154046,34.L1.ITA-060120-008.01,34.L1.ITA-060120-008,065,2024-03-01,MAPPED,MAPPED,INVALID_STRUCTURE,
sales_monthly_by_sku_branch_202607161619.csv,154047,34.L1.ITA-060120-008.01,34.L1.ITA-060120-008,065,2024-04-01,MAPPED,MAPPED,INVALID_STRUCTURE,
sales_monthly_by_sku_branch_202607161619.csv,154048,34.L1.ITA-060120-008.01,34.L1.ITA-060120-008,065,2024-05-01,MAPPED,MAPPED,INVALID_STRUCTURE,
sales_monthly_by_sku_branch_202607161619.csv,154049,34.L1.ITA-060120-008.01,34.L1.ITA-060120-008,065,2024-06-01,MAPPED,MAPPED,INVALID_STRUCTURE,
sales_monthly_by_sku_branch_202607161619.csv,154050,34.L1.ITA-060120-008.01,34.L1.ITA-060120-008,065,2024-08-01,MAPPED,MAPPED,INVALID_STRUCTURE,
sales_monthly_by_sku_branch_202607161619.csv,154051,34.L1.ITA-060120-008.01,34.L1.ITA-060120-008,065,2024-09-01,MAPPED,MAPPED,INVALID_STRUCTURE,
sales_monthly_by_sku_branch_202607161619.csv,154052,34.L1.ITA-060120-008.01,34.L1.ITA-060120-008,065,2024-10-01,MAPPED,MAPPED,INVALID_STRUCTURE,
sales_monthly_by_sku_branch_202607161619.csv,154053,34.L1.ITA-060120-008.01,34.L1.ITA-060120-008,065,2024-11-01,MAPPED,MAPPED,INVALID_STRUCTURE,
sales_monthly_by_sku_branch_202607161619.csv,154054,34.L1.ITA-060120-008.01,34.L1.ITA-060120-008,065,2024-12-01,MAPPED,MAPPED,INVALID_STRUCTURE,
sales_monthly_by_sku_branch_202607161619.csv,154055,34.L1.ITA-060120-008.01,34.L1.ITA-060120-008,069,2024-01-01,MAPPED,MAPPED,INVALID_STRUCTURE,
sales_monthly_by_sku_branch_202607161619.csv,154056,34.L1.ITA-060120-008.01,34.L1.ITA-060120-008,069,2024-04-01,MAPPED,MAPPED,INVALID_STRUCTURE,
sales_monthly_by_sku_branch_202607161619.csv,154057,34.L1.ITA-060120-008.01,34.L1.ITA-060120-008,069,2024-05-01,MAPPED,MAPPED,INVALID_STRUCTURE,
sales_monthly_by_sku_branch_202607161619.csv,154058,34.L1.ITA-060120-008.01,34.L1.ITA-060120-008,069,2024-06-01,MAPPED,MAPPED,INVALID_STRUCTURE,
sales_monthly_by_sku_branch_202607161619.csv,154059,34.L1.ITA-060120-008.01,34.L1.ITA-060120-008,069,2024-07-01,MAPPED,MAPPED,INVALID_STRUCTURE,
sales_monthly_by_sku_branch_202607161619.csv,154060,34.L1.ITA-060120-008.01,34.L1.ITA-060120-008,069,2024-08-01,MAPPED,MAPPED,INVALID_STRUCTURE,
sales_monthly_by_sku_branch_202607161619.csv,154061,34.L1.ITA-060120-008.01,34.L1.ITA-060120-008,069,2024-09-01,MAPPED,MAPPED,INVALID_STRUCTURE,
sales_monthly_by_sku_branch_202607161619.csv,154062,34.L1.ITA-060120-008.01,34.L1.ITA-060120-008,073,2024-01-01,MAPPED,MAPPED,INVALID_STRUCTURE,
sales_monthly_by_sku_branch_202607161619.csv,154063,34.L1.ITA-060120-008.01,34.L1.ITA-060120-008,073,2024-04-01,MAPPED,MAPPED,INVALID_STRUCTURE,
sales_monthly_by_sku_branch_202607161619.csv,154064,34.L1.ITA-060120-008.01,34.L1.ITA-060120-008,073,2024-05-01,MAPPED,MAPPED,INVALID_STRUCTURE,
sales_monthly_by_sku_branch_202607161619.csv,154065,34.L1.ITA-060120-008.01,34.L1.ITA-060120-008,073,2024-06-01,MAPPED,MAPPED,INVALID_STRUCTURE,
sales_monthly_by_sku_branch_202607161619.csv,154066,34.L1.ITA-060120-008.01,34.L1.ITA-060120-008,073,2024-07-01,MAPPED,MAPPED,INVALID_STRUCTURE,
sales_monthly_by_sku_branch_202607161619.csv,154067,34.L1.ITA-060120-008.01,34.L1.ITA-060120-008,073,2024-09-01,MAPPED,MAPPED,INVALID_STRUCTURE,
sales_monthly_by_sku_branch_202607161619.csv,154068,34.L1.ITA-060120-008.01,34.L1.ITA-060120-008,073,2024-10-01,MAPPED,MAPPED,INVALID_STRUCTURE,
sales_monthly_by_sku_branch_202607161619.csv,154069,34.L1.ITA-060120-008.01,34.L1.ITA-060120-008,074,2024-04-01,MAPPED,MAPPED,INVALID_STRUCTURE,
sales_monthly_by_sku_branch_202607161619.csv,154070,34.L1.ITA-060120-008.01,34.L1.ITA-060120-008,076,2024-01-01,MAPPED,MAPPED,INVALID_STRUCTURE,
sales_monthly_by_sku_branch_202607161619.csv,154071,34.L1.ITA-060120-008.01,34.L1.ITA-060120-008,076,2024-03-01,MAPPED,MAPPED,INVALID_STRUCTURE,
sales_monthly_by_sku_branch_202607161619.csv,154072,34.L1.ITA-060120-008.01,34.L1.ITA-060120-008,076,2024-04-01,MAPPED,MAPPED,INVALID_STRUCTURE,
sales_monthly_by_sku_branch_202607161619.csv,154073,34.L1.ITA-060120-008.01,34.L1.ITA-060120-008,076,2024-05-01,MAPPED,MAPPED,INVALID_STRUCTURE,
sales_monthly_by_sku_branch_202607161619.csv,154074,34.L1.ITA-060120-008.01,34.L1.ITA-060120-008,076,2024-06-01,MAPPED,MAPPED,INVALID_STRUCTURE,
sales_monthly_by_sku_branch_202607161619.csv,154075,34.L1.ITA-060120-008.01,34.L1.ITA-060120-008,076,2024-07-01,MAPPED,MAPPED,INVALID_STRUCTURE,
sales_monthly_by_sku_branch_202607161619.csv,154076,34.L1.ITA-060120-008.01,34.L1.ITA-060120-008,076,2024-08-01,MAPPED,MAPPED,INVALID_STRUCTURE,
sales_monthly_by_sku_branch_202607161619.csv,154077,34.L1.ITA-060120-008.01,34.L1.ITA-060120-008,076,2024-11-01,MAPPED,MAPPED,INVALID_STRUCTURE,
sales_monthly_by_sku_branch_202607161619.csv,154078,34.L1.ITA-060120-008.01,34.L1.ITA-060120-008,079,2024-03-01,MAPPED,MAPPED,INVALID_STRUCTURE,
sales_monthly_by_sku_branch_202607161619.csv,154079,34.L1.ITA-060120-008.01,34.L1.ITA-060120-008,079,2024-07-01,MAPPED,MAPPED,INVALID_STRUCTURE,
sales_monthly_by_sku_branch_202607161619.csv,154080,34.L1.ITA-060120-008.01,34.L1.ITA-060120-008,079,2024-10-01,MAPPED,MAPPED,INVALID_STRUCTURE,
sales_monthly_by_sku_branch_202607161619.csv,154081,34.L1.ITA-060120-008.01,34.L1.ITA-060120-008,081,2024-01-01,MAPPED,MAPPED,INVALID_STRUCTURE,
sales_monthly_by_sku_branch_202607161619.csv,154082,34.L1.ITA-060120-008.01,34.L1.ITA-060120-008,081,2024-03-01,MAPPED,MAPPED,INVALID_STRUCTURE,
sales_monthly_by_sku_branch_202607161619.csv,154083,34.L1.ITA-060120-008.01,34.L1.ITA-060120-008,081,2024-04-01,MAPPED,MAPPED,INVALID_STRUCTURE,
sales_monthly_by_sku_branch_202607161619.csv,154084,34.L1.ITA-060120-008.01,34.L1.ITA-060120-008,081,2024-05-01,MAPPED,MAPPED,INVALID_STRUCTURE,
sales_monthly_by_sku_branch_202607161619.csv,154085,34.L1.ITA-060120-008.01,34.L1.ITA-060120-008,081,2024-07-01,MAPPED,MAPPED,INVALID_STRUCTURE,
sales_monthly_by_sku_branch_202607161619.csv,154086,34.L1.ITA-060120-008.01,34.L1.ITA-060120-008,081,2024-08-01,MAPPED,MAPPED,INVALID_STRUCTURE,
sales_monthly_by_sku_branch_202607161619.csv,154087,34.L1.ITA-060120-008.01,34.L1.ITA-060120-008,081,2024-09-01,MAPPED,MAPPED,INVALID_STRUCTURE,
sales_monthly_by_sku_branch_202607161619.csv,154088,34.L1.ITA-060120-008.01,34.L1.ITA-060120-008,222,2024-04-01,MAPPED,MAPPED,INVALID_STRUCTURE,
sales_monthly_by_sku_branch_202607161619.csv,154089,34.L1.ITA-060120-008.01,34.L1.ITA-060120-008,222,2024-05-01,MAPPED,MAPPED,INVALID_STRUCTURE,
sales_monthly_by_sku_branch_202607161619.csv,154090,34.L1.ITA-060120-008.01,34.L1.ITA-060120-008,222,2024-07-01,MAPPED,MAPPED,INVALID_STRUCTURE,
sales_monthly_by_sku_branch_202607161619.csv,154091,34.L1.ITA-060120-008.01,34.L1.ITA-060120-008,222,2024-08-01,MAPPED,MAPPED,INVALID_STRUCTURE,
sales_monthly_by_sku_branch_202607161619.csv,154092,34.L1.ITA-060120-008.01,34.L1.ITA-060120-008,222,2024-12-01,MAPPED,MAPPED,INVALID_STRUCTURE,
sales_monthly_by_sku_branch_202607161619.csv,163747,36.L2.3060.USC3601.1,36.L2.3060.USC3601,000,2024-01-01,MAPPED,MAPPED,NON_L1,
sales_monthly_by_sku_branch_202607161619.csv,163748,36.L2.3060.USC3601.1,36.L2.3060.USC3601,000,2024-02-01,MAPPED,MAPPED,NON_L1,
sales_monthly_by_sku_branch_202607161619.csv,163749,36.L2.3060.USC3601.1,36.L2.3060.USC3601,000,2024-03-01,MAPPED,MAPPED,NON_L1,
sales_monthly_by_sku_branch_202607161619.csv,163750,36.L2.3060.USC3601.1,36.L2.3060.USC3601,000,2024-04-01,MAPPED,MAPPED,NON_L1,
sales_monthly_by_sku_branch_202607161619.csv,163751,36.L2.3060.USC3601.1,36.L2.3060.USC3601,093,2024-06-01,MAPPED,MAPPED,NON_L1,
sales_monthly_by_sku_branch_202607161619.csv,163752,36.L2.3060.USC3601.2,36.L2.3060.USC3601,000,2024-03-01,MAPPED,MAPPED,NON_L1,
sales_monthly_by_sku_branch_202607161619.csv,163753,36.L2.3060.USC3601.2,36.L2.3060.USC3601,000,2024-04-01,MAPPED,MAPPED,NON_L1,
sales_monthly_by_sku_branch_202607161619.csv,163754,36.L2.3060.USC3602.1,36.L2.3060.USC3602,000,2024-01-01,MAPPED,MAPPED,NON_L1,
sales_monthly_by_sku_branch_202607161619.csv,163755,36.L2.3060.USC3602.1,36.L2.3060.USC3602,000,2024-03-01,MAPPED,MAPPED,NON_L1,
sales_monthly_by_sku_branch_202607161619.csv,163756,36.L2.3060.USC3602.1,36.L2.3060.USC3602,000,2024-04-01,MAPPED,MAPPED,NON_L1,
sales_monthly_by_sku_branch_202607161619.csv,163757,36.L2.3060.USC3602.1,36.L2.3060.USC3602,000,2024-05-01,MAPPED,MAPPED,NON_L1,
sales_monthly_by_sku_branch_202607161619.csv,163758,36.L2.3060.USC3602.1,36.L2.3060.USC3602,076,2024-04-01,MAPPED,MAPPED,NON_L1,
sales_monthly_by_sku_branch_202607161619.csv,163759,36.L2.3060.USC3602.1,36.L2.3060.USC3602,093,2024-06-01,MAPPED,MAPPED,NON_L1,
sales_monthly_by_sku_branch_202607161619.csv,163760,36.L2.3060.USC3603,36.L2.3060.USC3603,000,2024-02-01,MAPPED,MAPPED,NON_L1,
sales_monthly_by_sku_branch_202607161619.csv,163761,36.L2.3060.USC3603,36.L2.3060.USC3603,000,2024-03-01,MAPPED,MAPPED,NON_L1,
sales_monthly_by_sku_branch_202607161619.csv,163762,36.L2.3060.USC3603,36.L2.3060.USC3603,000,2024-04-01,MAPPED,MAPPED,NON_L1,
sales_monthly_by_sku_branch_202607161619.csv,163763,36.L2.3060.USC3603,36.L2.3060.USC3603,059,2024-02-01,MAPPED,MAPPED,NON_L1,
sales_monthly_by_sku_branch_202607161619.csv,163764,36.L2.3060.USC3603,36.L2.3060.USC3603,059,2024-04-01,MAPPED,MAPPED,NON_L1,
sales_monthly_by_sku_branch_202607161619.csv,163765,36.L2.3060.USC3603,36.L2.3060.USC3603,076,2024-04-01,MAPPED,MAPPED,NON_L1,
sales_monthly_by_sku_branch_202607161619.csv,163766,36.L2.3060.USC3603,36.L2.3060.USC3603,093,2024-07-01,MAPPED,MAPPED,NON_L1,
sales_monthly_by_sku_branch_202607161619.csv,163767,36.L2.3060.USC3603.1,36.L2.3060.USC3603,000,2024-01-01,MAPPED,MAPPED,NON_L1,
sales_monthly_by_sku_branch_202607161619.csv,163768,36.L2.3060.USC3603.1,36.L2.3060.USC3603,000,2024-02-01,MAPPED,MAPPED,NON_L1,
sales_monthly_by_sku_branch_202607161619.csv,163769,36.L2.3060.USC3603.1,36.L2.3060.USC3603,000,2024-03-01,MAPPED,MAPPED,NON_L1,
sales_monthly_by_sku_branch_202607161619.csv,163770,36.L2.3060.USC3603V,36.L2.3060.USC3603V,000,2024-02-01,MAPPED,MAPPED,NON_L1,
sales_monthly_by_sku_branch_202607161619.csv,163771,36.L2.3060.USC3603V,36.L2.3060.USC3603V,059,2024-02-01,MAPPED,MAPPED,NON_L1,
sales_monthly_by_sku_branch_202607161619.csv,163772,36.L2.3060.USC3604.3,36.L2.3060.USC3604,000,2024-02-01,MAPPED,MAPPED,NON_L1,
sales_monthly_by_sku_branch_202607161619.csv,163773,36.L2.3060.USC3604.3,36.L2.3060.USC3604,000,2024-03-01,MAPPED,MAPPED,NON_L1,
sales_monthly_by_sku_branch_202607161619.csv,163774,36.L2.3060.USC3604.3,36.L2.3060.USC3604,000,2024-04-01,MAPPED,MAPPED,NON_L1,
sales_monthly_by_sku_branch_202607161619.csv,163775,36.L2.3060.USC3604D,36.L2.3060.USC3604D,099,2024-03-01,MAPPED,MAPPED,NON_L1,
sales_monthly_by_sku_branch_202607161619.csv,163776,36.L2.3060.USC3621,36.L2.3060.USC3621,000,2024-04-01,MAPPED,MAPPED,NON_L1,
sales_monthly_by_sku_branch_202607161619.csv,163777,36.L2.3060.USC3621,36.L2.3060.USC3621,093,2024-06-01,MAPPED,MAPPED,NON_L1,
sales_monthly_by_sku_branch_202607161619.csv,163778,36.L2.3060.USC3621D,36.L2.3060.USC3621D,093,2024-06-01,MAPPED,MAPPED,NON_L1,
sales_monthly_by_sku_branch_202607161619.csv,163779,36.L2.3060.USC3622,36.L2.3060.USC3622,000,2024-04-01,MAPPED,MAPPED,NON_L1,
sales_monthly_by_sku_branch_202607161619.csv,163780,36.L2.3060.USC3622,36.L2.3060.USC3622,093,2024-06-01,MAPPED,MAPPED,NON_L1,
sales_monthly_by_sku_branch_202607161619.csv,163781,36.L2.3060.USC3623,36.L2.3060.USC3623,000,2024-04-01,MAPPED,MAPPED,NON_L1,
sales_monthly_by_sku_branch_202607161619.csv,163782,36.L2.3060.USC3624,36.L2.3060.USC3624,000,2024-04-01,MAPPED,MAPPED,NON_L1,
sales_monthly_by_sku_branch_202607161619.csv,163783,36.L2.3060.USC3625.1,36.L2.3060.USC3625,000,2024-03-01,MAPPED,MAPPED,NON_L1,
sales_monthly_by_sku_branch_202607161619.csv,163784,36.L2.3060.USC3625.1,36.L2.3060.USC3625,000,2024-04-01,MAPPED,MAPPED,NON_L1,
sales_monthly_by_sku_branch_202607161619.csv,163785,36.L2.3060.USC3625.1,36.L2.3060.USC3625,000,2024-05-01,MAPPED,MAPPED,NON_L1,
sales_monthly_by_sku_branch_202607161619.csv,163786,36.L2.3060.USC3626.1,36.L2.3060.USC3626,000,2024-03-01,MAPPED,MAPPED,NON_L1,
sales_monthly_by_sku_branch_202607161619.csv,163787,36.L2.3060.USC3627.1,36.L2.3060.USC3627,000,2024-03-01,MAPPED,MAPPED,NON_L1,
sales_monthly_by_sku_branch_202607161619.csv,163788,36.L2.3060.USC3627.1,36.L2.3060.USC3627,000,2024-05-01,MAPPED,MAPPED,NON_L1,
sales_monthly_by_sku_branch_202607161619.csv,163789,36.L2.3060.USC3629,36.L2.3060.USC3629,000,2024-05-01,MAPPED,MAPPED,NON_L1,
sales_monthly_by_sku_branch_202607161619.csv,163790,36.L2.3060.USC3631,36.L2.3060.USC3631,000,2024-04-01,MAPPED,MAPPED,NON_L1,
sales_monthly_by_sku_branch_202607161619.csv,163791,36.L2.3060.USC3631,36.L2.3060.USC3631,000,2024-05-01,MAPPED,MAPPED,NON_L1,
sales_monthly_by_sku_branch_202607161619.csv,163792,36.L2.3060.USC3631D.1,36.L2.3060.USC3631D,000,2024-03-01,MAPPED,MAPPED,NON_L1,
sales_monthly_by_sku_branch_202607161619.csv,163793,36.L2.3060.USC3633,36.L2.3060.USC3633,000,2024-03-01,MAPPED,MAPPED,NON_L1,
sales_monthly_by_sku_branch_202607161619.csv,163794,36.L2.3060.USC3634,36.L2.3060.USC3634,093,2024-07-01,MAPPED,MAPPED,NON_L1,
sales_monthly_by_sku_branch_202607161619.csv,163795,36.L2.3060.USC3637.1,36.L2.3060.USC3637,000,2024-03-01,MAPPED,MAPPED,NON_L1,
sales_monthly_by_sku_branch_202607161619.csv,163796,36.L2.3060.USC3638.1,36.L2.3060.USC3638,000,2024-03-01,MAPPED,MAPPED,NON_L1,
sales_monthly_by_sku_branch_202607161619.csv,163797,36.L2.3060.USC3639.1,36.L2.3060.USC3639,000,2024-02-01,MAPPED,MAPPED,NON_L1,
sales_monthly_by_sku_branch_202607161619.csv,163798,36.L2.3060.USC3639.1,36.L2.3060.USC3639,093,2024-09-01,MAPPED,MAPPED,NON_L1,
sales_monthly_by_sku_branch_202607161619.csv,163799,36.L2.3060.USC3640.1,36.L2.3060.USC3640,000,2024-02-01,MAPPED,MAPPED,NON_L1,
sales_monthly_by_sku_branch_202607161619.csv,163800,36.L2.3060.USC3641.1,36.L2.3060.USC3641,000,2024-03-01,MAPPED,MAPPED,NON_L1,
sales_monthly_by_sku_branch_202607161619.csv,163801,36.L2.6060.IP6001,36.L2.6060.IP6001,093,2024-03-01,MAPPED,MAPPED,NON_L1,
sales_monthly_by_sku_branch_202607161619.csv,163802,36.L2.6060.IP6002,36.L2.6060.IP6002,093,2024-03-01,MAPPED,MAPPED,NON_L1,
sales_monthly_by_sku_branch_202607161619.csv,163803,36.L2.6060.IP6003,36.L2.6060.IP6003,093,2024-03-01,MAPPED,MAPPED,NON_L1,
sales_monthly_by_sku_branch_202607161619.csv,163804,36.L2.6060.IP6004,36.L2.6060.IP6004,000,2024-04-01,MAPPED,MAPPED,NON_L1,
sales_monthly_by_sku_branch_202607161619.csv,163805,36.L2.6060.IP6005,36.L2.6060.IP6005,093,2024-03-01,MAPPED,MAPPED,NON_L1,
sales_monthly_by_sku_branch_202607161619.csv,163806,36.L2.6060.IP6006,36.L2.6060.IP6006,000,2024-04-01,MAPPED,MAPPED,NON_L1,
sales_monthly_by_sku_branch_202607161619.csv,163807,36.L2.6060.IP6007,36.L2.6060.IP6007,093,2024-03-01,MAPPED,MAPPED,NON_L1,
sales_monthly_by_sku_branch_202607161619.csv,163808,36.L2.6060.N6002,36.L2.6060.N6002,000,2024-04-01,MAPPED,MAPPED,NON_L1,
sales_monthly_by_sku_branch_202607161619.csv,163809,36.L2.8080.IP8001,36.L2.8080.IP8001,000,2024-04-01,MAPPED,MAPPED,NON_L1,
sales_monthly_by_sku_branch_202607161619.csv,163810,36.L2.8080.IP8001,36.L2.8080.IP8001,000,2024-05-01,MAPPED,MAPPED,NON_L1,
sales_monthly_by_sku_branch_202607161619.csv,163811,36.L2.8080.IP8002,36.L2.8080.IP8002,000,2024-05-01,MAPPED,MAPPED,NON_L1,
sales_monthly_by_sku_branch_202607161619.csv,163812,36.L2.8080.IP8003,36.L2.8080.IP8003,000,2024-04-01,MAPPED,MAPPED,NON_L1,
sales_monthly_by_sku_branch_202607161619.csv,163813,36.L2.8080.IP8003,36.L2.8080.IP8003,000,2024-05-01,MAPPED,MAPPED,NON_L1,
sales_monthly_by_sku_branch_202607161619.csv,163814,36.L2.8080.IP8004,36.L2.8080.IP8004,000,2024-05-01,MAPPED,MAPPED,NON_L1,
sales_monthly_by_sku_branch_202607161619.csv,163815,36.L2.8080.IP8005,36.L2.8080.IP8005,000,2024-04-01,MAPPED,MAPPED,NON_L1,
sales_monthly_by_sku_branch_202607161619.csv,163816,36.L2.8080.IP8006,36.L2.8080.IP8006,000,2024-04-01,MAPPED,MAPPED,NON_L1,
sales_monthly_by_sku_branch_202607161619.csv,163817,36.L2.8080.IP8007,36.L2.8080.IP8007,000,2024-04-01,MAPPED,MAPPED,NON_L1,
sales_monthly_by_sku_branch_202607161619.csv,163818,36.L2.8080.N8002,36.L2.8080.N8002,000,2024-04-01,MAPPED,MAPPED,NON_L1,
sales_monthly_by_sku_branch_202607161619.csv,163819,36.L2.8080.N8002,36.L2.8080.N8002,000,2024-05-01,MAPPED,MAPPED,NON_L1,
sales_monthly_by_sku_branch_202607161619.csv,163820,36.L2.8080.N8002,36.L2.8080.N8002,000,2024-06-01,MAPPED,MAPPED,NON_L1,
sales_monthly_by_sku_branch_202607161619.csv,163821,36.L3.3060.USC3601,36.L3.3060.USC3601,000,2024-01-01,MAPPED,MAPPED,NON_L1,
sales_monthly_by_sku_branch_202607161619.csv,163822,36.L3.3060.USC3601,36.L3.3060.USC3601,000,2024-02-01,MAPPED,MAPPED,NON_L1,
sales_monthly_by_sku_branch_202607161619.csv,163823,36.L3.3060.USC3601,36.L3.3060.USC3601,000,2024-03-01,MAPPED,MAPPED,NON_L1,
sales_monthly_by_sku_branch_202607161619.csv,163824,36.L3.3060.USC3601,36.L3.3060.USC3601,000,2024-04-01,MAPPED,MAPPED,NON_L1,
sales_monthly_by_sku_branch_202607161619.csv,163825,36.L3.3060.USC3601D,36.L3.3060.USC3601D,000,2024-04-01,MAPPED,MAPPED,NON_L1,
sales_monthly_by_sku_branch_202607161619.csv,163826,36.L3.3060.USC3602,36.L3.3060.USC3602,000,2024-01-01,MAPPED,MAPPED,NON_L1,
sales_monthly_by_sku_branch_202607161619.csv,163827,36.L3.3060.USC3602,36.L3.3060.USC3602,000,2024-02-01,MAPPED,MAPPED,NON_L1,
sales_monthly_by_sku_branch_202607161619.csv,163828,36.L3.3060.USC3602,36.L3.3060.USC3602,000,2024-04-01,MAPPED,MAPPED,NON_L1,
sales_monthly_by_sku_branch_202607161619.csv,163829,36.L3.3060.USC3602,36.L3.3060.USC3602,000,2024-05-01,MAPPED,MAPPED,NON_L1,
sales_monthly_by_sku_branch_202607161619.csv,163830,36.L3.3060.USC3602,36.L3.3060.USC3602,076,2024-04-01,MAPPED,MAPPED,NON_L1,
sales_monthly_by_sku_branch_202607161619.csv,163831,36.L3.3060.USC3602,36.L3.3060.USC3602,093,2024-06-01,MAPPED,MAPPED,NON_L1,
sales_monthly_by_sku_branch_202607161619.csv,163832,36.L3.3060.USC3602D,36.L3.3060.USC3602D,000,2024-01-01,MAPPED,MAPPED,NON_L1,
sales_monthly_by_sku_branch_202607161619.csv,163833,36.L3.3060.USC3602D,36.L3.3060.USC3602D,000,2024-04-01,MAPPED,MAPPED,NON_L1,
sales_monthly_by_sku_branch_202607161619.csv,163834,36.L3.3060.USC3602V,36.L3.3060.USC3602V,000,2024-01-01,MAPPED,MAPPED,NON_L1,
sales_monthly_by_sku_branch_202607161619.csv,163835,36.L3.3060.USC3602V,36.L3.3060.USC3602V,093,2024-06-01,MAPPED,MAPPED,NON_L1,
sales_monthly_by_sku_branch_202607161619.csv,163836,36.L3.3060.USC3603,36.L3.3060.USC3603,000,2024-01-01,MAPPED,MAPPED,NON_L1,
sales_monthly_by_sku_branch_202607161619.csv,163837,36.L3.3060.USC3603,36.L3.3060.USC3603,000,2024-02-01,MAPPED,MAPPED,NON_L1,
sales_monthly_by_sku_branch_202607161619.csv,163838,36.L3.3060.USC3603,36.L3.3060.USC3603,000,2024-04-01,MAPPED,MAPPED,NON_L1,
sales_monthly_by_sku_branch_202607161619.csv,163839,36.L3.3060.USC3603,36.L3.3060.USC3603,076,2024-04-01,MAPPED,MAPPED,NON_L1,
sales_monthly_by_sku_branch_202607161619.csv,163840,36.L3.3060.USC3603,36.L3.3060.USC3603,093,2024-06-01,MAPPED,MAPPED,NON_L1,
sales_monthly_by_sku_branch_202607161619.csv,163841,36.L3.3060.USC3603D,36.L3.3060.USC3603D,000,2024-02-01,MAPPED,MAPPED,NON_L1,
sales_monthly_by_sku_branch_202607161619.csv,163842,36.L3.3060.USC3603D,36.L3.3060.USC3603D,093,2024-06-01,MAPPED,MAPPED,NON_L1,
sales_monthly_by_sku_branch_202607161619.csv,163843,36.L3.3060.USC3603V,36.L3.3060.USC3603V,000,2024-04-01,MAPPED,MAPPED,NON_L1,
sales_monthly_by_sku_branch_202607161619.csv,163844,36.L3.3060.USC3603V,36.L3.3060.USC3603V,076,2024-04-01,MAPPED,MAPPED,NON_L1,
sales_monthly_by_sku_branch_202607161619.csv,163845,36.L3.3060.USC3604,36.L3.3060.USC3604,000,2024-02-01,MAPPED,MAPPED,NON_L1,
sales_monthly_by_sku_branch_202607161619.csv,163846,36.L3.3060.USC3604,36.L3.3060.USC3604,000,2024-03-01,MAPPED,MAPPED,NON_L1,
sales_monthly_by_sku_branch_202607161619.csv,163847,36.L3.3060.USC3604,36.L3.3060.USC3604,000,2024-04-01,MAPPED,MAPPED,NON_L1,
sales_monthly_by_sku_branch_202607161619.csv,163848,36.L3.3060.USC3604D,36.L3.3060.USC3604D,000,2024-03-01,MAPPED,MAPPED,NON_L1,
sales_monthly_by_sku_branch_202607161619.csv,163849,36.L3.3060.USC3621,36.L3.3060.USC3621,000,2024-03-01,MAPPED,MAPPED,NON_L1,
sales_monthly_by_sku_branch_202607161619.csv,163850,36.L3.3060.USC3621,36.L3.3060.USC3621,093,2024-06-01,MAPPED,MAPPED,NON_L1,
sales_monthly_by_sku_branch_202607161619.csv,163852,36.L3.3060.USC3622,36.L3.3060.USC3622,000,2024-03-01,MAPPED,MAPPED,NON_L1,
sales_monthly_by_sku_branch_202607161619.csv,163853,36.L3.3060.USC3622,36.L3.3060.USC3622,093,2024-06-01,MAPPED,MAPPED,NON_L1,
sales_monthly_by_sku_branch_202607161619.csv,163854,36.L3.3060.USC3623,36.L3.3060.USC3623,000,2024-03-01,MAPPED,MAPPED,NON_L1,
sales_monthly_by_sku_branch_202607161619.csv,163855,36.L3.3060.USC3624,36.L3.3060.USC3624,000,2024-03-01,MAPPED,MAPPED,NON_L1,
sales_monthly_by_sku_branch_202607161619.csv,163856,36.L3.3060.USC3625,36.L3.3060.USC3625,000,2024-03-01,MAPPED,MAPPED,NON_L1,
sales_monthly_by_sku_branch_202607161619.csv,163857,36.L3.3060.USC3626,36.L3.3060.USC3626,000,2024-03-01,MAPPED,MAPPED,NON_L1,
sales_monthly_by_sku_branch_202607161619.csv,163858,36.L3.3060.USC3627,36.L3.3060.USC3627,000,2024-03-01,MAPPED,MAPPED,NON_L1,
sales_monthly_by_sku_branch_202607161619.csv,163859,36.L3.3060.USC3627,36.L3.3060.USC3627,000,2024-05-01,MAPPED,MAPPED,NON_L1,
sales_monthly_by_sku_branch_202607161619.csv,163860,36.L3.3060.USC3628,36.L3.3060.USC3628,000,2024-03-01,MAPPED,MAPPED,NON_L1,
sales_monthly_by_sku_branch_202607161619.csv,163861,36.L3.3060.USC3628,36.L3.3060.USC3628,000,2024-05-01,MAPPED,MAPPED,NON_L1,
sales_monthly_by_sku_branch_202607161619.csv,163862,36.L3.3060.USC3629,36.L3.3060.USC3629,000,2024-02-01,MAPPED,MAPPED,NON_L1,
sales_monthly_by_sku_branch_202607161619.csv,163863,36.L3.3060.USC3629D,36.L3.3060.USC3629D,000,2024-02-01,MAPPED,MAPPED,NON_L1,
sales_monthly_by_sku_branch_202607161619.csv,163864,36.L3.3060.USC3630,36.L3.3060.USC3630,000,2024-02-01,MAPPED,MAPPED,NON_L1,
sales_monthly_by_sku_branch_202607161619.csv,163865,36.L3.3060.USC3631,36.L3.3060.USC3631,000,2024-03-01,MAPPED,MAPPED,NON_L1,
sales_monthly_by_sku_branch_202607161619.csv,163866,36.L3.3060.USC3631,36.L3.3060.USC3631,093,2024-06-01,MAPPED,MAPPED,NON_L1,
sales_monthly_by_sku_branch_202607161619.csv,163867,36.L3.3060.USC3632,36.L3.3060.USC3632,000,2024-03-01,MAPPED,MAPPED,NON_L1,
sales_monthly_by_sku_branch_202607161619.csv,163868,36.L3.3060.USC3633,36.L3.3060.USC3633,000,2024-04-01,MAPPED,MAPPED,NON_L1,
sales_monthly_by_sku_branch_202607161619.csv,163869,36.L3.3060.USC3633,36.L3.3060.USC3633,076,2024-04-01,MAPPED,MAPPED,NON_L1,
sales_monthly_by_sku_branch_202607161619.csv,163870,36.L3.3060.USC3633,36.L3.3060.USC3633,093,2024-07-01,MAPPED,MAPPED,NON_L1,
sales_monthly_by_sku_branch_202607161619.csv,163871,36.L3.3060.USC3633D,36.L3.3060.USC3633D,093,2024-07-01,MAPPED,MAPPED,NON_L1,
sales_monthly_by_sku_branch_202607161619.csv,163872,36.L3.3060.USC3634,36.L3.3060.USC3634,093,2024-07-01,MAPPED,MAPPED,NON_L1,
sales_monthly_by_sku_branch_202607161619.csv,163873,36.L3.3060.USC3635,36.L3.3060.USC3635,093,2024-07-01,MAPPED,MAPPED,NON_L1,
sales_monthly_by_sku_branch_202607161619.csv,163874,36.L3.3060.USC3635D,36.L3.3060.USC3635D,099,2024-04-01,MAPPED,MAPPED,NON_L1,
sales_monthly_by_sku_branch_202607161619.csv,163875,36.L3.3060.USC3636,36.L3.3060.USC3636,093,2024-07-01,MAPPED,MAPPED,NON_L1,
sales_monthly_by_sku_branch_202607161619.csv,163876,36.L3.3060.USC3637,36.L3.3060.USC3637,000,2024-04-01,MAPPED,MAPPED,NON_L1,
sales_monthly_by_sku_branch_202607161619.csv,163877,36.L3.3060.USC3637,36.L3.3060.USC3637,000,2024-05-01,MAPPED,MAPPED,NON_L1,
sales_monthly_by_sku_branch_202607161619.csv,163878,36.L3.3060.USC3637,36.L3.3060.USC3637,093,2024-07-01,MAPPED,MAPPED,NON_L1,
sales_monthly_by_sku_branch_202607161619.csv,163879,36.L3.3060.USC3637D,36.L3.3060.USC3637D,000,2024-03-01,MAPPED,MAPPED,NON_L1,
sales_monthly_by_sku_branch_202607161619.csv,163880,36.L3.3060.USC3637D,36.L3.3060.USC3637D,000,2024-04-01,MAPPED,MAPPED,NON_L1,
sales_monthly_by_sku_branch_202607161619.csv,163881,36.L3.3060.USC3637D,36.L3.3060.USC3637D,000,2024-05-01,MAPPED,MAPPED,NON_L1,
sales_monthly_by_sku_branch_202607161619.csv,163882,36.L3.3060.USC3638,36.L3.3060.USC3638,000,2024-04-01,MAPPED,MAPPED,NON_L1,
sales_monthly_by_sku_branch_202607161619.csv,163883,36.L3.3060.USC3638,36.L3.3060.USC3638,000,2024-05-01,MAPPED,MAPPED,NON_L1,
sales_monthly_by_sku_branch_202607161619.csv,163884,36.L3.3060.USC3639,36.L3.3060.USC3639,000,2024-03-01,MAPPED,MAPPED,NON_L1,
sales_monthly_by_sku_branch_202607161619.csv,163885,36.L3.3060.USC3639,36.L3.3060.USC3639,093,2024-06-01,MAPPED,MAPPED,NON_L1,
sales_monthly_by_sku_branch_202607161619.csv,163886,36.L3.3060.USC3639D,36.L3.3060.USC3639D,093,2024-06-01,MAPPED,MAPPED,NON_L1,
sales_monthly_by_sku_branch_202607161619.csv,163887,36.L3.3060.USC3639D,36.L3.3060.USC3639D,093,2024-08-01,MAPPED,MAPPED,NON_L1,
sales_monthly_by_sku_branch_202607161619.csv,163888,36.L3.3060.USC3640,36.L3.3060.USC3640,000,2024-03-01,MAPPED,MAPPED,NON_L1,
sales_monthly_by_sku_branch_202607161619.csv,163889,36.L3.3060.USC3640,36.L3.3060.USC3640,093,2024-06-01,MAPPED,MAPPED,NON_L1,
sales_monthly_by_sku_branch_202607161619.csv,163890,36.L3.3060.USC3640,36.L3.3060.USC3640,093,2024-08-01,MAPPED,MAPPED,NON_L1,
sales_monthly_by_sku_branch_202607161619.csv,163891,36.L3.3060.USC3641,36.L3.3060.USC3641,000,2024-03-01,MAPPED,MAPPED,NON_L1,
sales_monthly_by_sku_branch_202607161619.csv,163892,36.L3.3060.USC3642,36.L3.3060.USC3642,000,2024-03-01,MAPPED,MAPPED,NON_L1,
sales_monthly_by_sku_branch_202607161619.csv,163893,36.L3.3060.USC3651,36.L3.3060.USC3651,093,2024-09-01,MAPPED,MAPPED,NON_L1,
sales_monthly_by_sku_branch_202607161619.csv,163894,36.L3.3060.USC3652,36.L3.3060.USC3652,093,2024-09-01,MAPPED,MAPPED,NON_L1,
sales_monthly_by_sku_branch_202607161619.csv,163895,36.L3.6060.IP6001,36.L3.6060.IP6001,093,2024-03-01,MAPPED,MAPPED,NON_L1,
sales_monthly_by_sku_branch_202607161619.csv,163896,36.L3.6060.IP6002,36.L3.6060.IP6002,093,2024-03-01,MAPPED,MAPPED,NON_L1,
sales_monthly_by_sku_branch_202607161619.csv,163897,36.L3.6060.IP6003,36.L3.6060.IP6003,093,2024-03-01,MAPPED,MAPPED,NON_L1,
sales_monthly_by_sku_branch_202607161619.csv,163898,36.L3.6060.IP6004,36.L3.6060.IP6004,093,2024-03-01,MAPPED,MAPPED,NON_L1,
sales_monthly_by_sku_branch_202607161619.csv,163899,36.L3.6060.IP6005,36.L3.6060.IP6005,093,2024-03-01,MAPPED,MAPPED,NON_L1,
sales_monthly_by_sku_branch_202607161619.csv,163900,36.L3.6060.IP6006,36.L3.6060.IP6006,000,2024-05-01,MAPPED,MAPPED,NON_L1,
sales_monthly_by_sku_branch_202607161619.csv,163901,36.L3.6060.IP6007,36.L3.6060.IP6007,093,2024-03-01,MAPPED,MAPPED,NON_L1,
sales_monthly_by_sku_branch_202607161619.csv,163902,36.L3.8080.IP8001,36.L3.8080.IP8001,000,2024-05-01,MAPPED,MAPPED,NON_L1,
sales_monthly_by_sku_branch_202607161619.csv,163903,36.L3.8080.IP8002,36.L3.8080.IP8002,000,2024-05-01,MAPPED,MAPPED,NON_L1,
sales_monthly_by_sku_branch_202607161619.csv,163904,36.L3.8080.IP8003,36.L3.8080.IP8003,000,2024-05-01,MAPPED,MAPPED,NON_L1,
sales_monthly_by_sku_branch_202607161619.csv,163905,36.L3.8080.IP8004,36.L3.8080.IP8004,000,2024-05-01,MAPPED,MAPPED,NON_L1,
sales_monthly_by_sku_branch_202607161619.csv,163906,36.L3.8080.IP8005,36.L3.8080.IP8005,000,2024-05-01,MAPPED,MAPPED,NON_L1,
sales_monthly_by_sku_branch_202607161619.csv,163907,36.L3.8080.IP8007,36.L3.8080.IP8007,000,2024-05-01,MAPPED,MAPPED,NON_L1,
sales_monthly_by_sku_branch_202607161619.csv,171803,38.L2.3060.ICC3600,38.L2.3060.ICC3600,093,2024-04-01,MAPPED,MAPPED,NON_L1,
sales_monthly_by_sku_branch_202607161619.csv,171804,38.L2.3060.ICC3600,38.L2.3060.ICC3600,093,2024-05-01,MAPPED,MAPPED,NON_L1,
sales_monthly_by_sku_branch_202607161619.csv,171805,38.L2.3060.ICC3600,38.L2.3060.ICC3600,093,2024-07-01,MAPPED,MAPPED,NON_L1,
sales_monthly_by_sku_branch_202607161619.csv,171806,38.L2.3060.ICC3600,38.L2.3060.ICC3600,093,2024-08-01,MAPPED,MAPPED,NON_L1,
sales_monthly_by_sku_branch_202607161619.csv,171807,38.L2.3060.ICC3600,38.L2.3060.ICC3600,093,2025-01-01,MAPPED,MAPPED,NON_L1,
sales_monthly_by_sku_branch_202607161619.csv,171808,38.L2.3060.ICC3600,38.L2.3060.ICC3600,093,2025-03-01,MAPPED,MAPPED,NON_L1,
sales_monthly_by_sku_branch_202607161619.csv,171809,38.L2.3060.ICC3600,38.L2.3060.ICC3600,093,2025-04-01,MAPPED,MAPPED,NON_L1,
sales_monthly_by_sku_branch_202607161619.csv,171810,38.L2.3060.ICC3600,38.L2.3060.ICC3600,093,2025-07-01,MAPPED,MAPPED,NON_L1,
sales_monthly_by_sku_branch_202607161619.csv,171811,38.L2.3060.ICC3600,38.L2.3060.ICC3600,093,2025-08-01,MAPPED,MAPPED,NON_L1,
sales_monthly_by_sku_branch_202607161619.csv,171812,38.L2.3060.ICC3600,38.L2.3060.ICC3600,093,2025-09-01,MAPPED,MAPPED,NON_L1,
sales_monthly_by_sku_branch_202607161619.csv,171813,38.L2.3060.ICC3600D,38.L2.3060.ICC3600D,093,2024-04-01,MAPPED,MAPPED,NON_L1,
sales_monthly_by_sku_branch_202607161619.csv,171814,38.L2.3060.ICC3600V,38.L2.3060.ICC3600V,093,2024-04-01,MAPPED,MAPPED,NON_L1,
sales_monthly_by_sku_branch_202607161619.csv,171815,38.L2.3060.ICC3600V,38.L2.3060.ICC3600V,093,2024-05-01,MAPPED,MAPPED,NON_L1,
sales_monthly_by_sku_branch_202607161619.csv,171816,38.L2.3060.ICC3600V,38.L2.3060.ICC3600V,093,2025-04-01,MAPPED,MAPPED,NON_L1,
sales_monthly_by_sku_branch_202607161619.csv,171817,38.L2.3060.ICC3600V,38.L2.3060.ICC3600V,093,2025-07-01,MAPPED,MAPPED,NON_L1,
sales_monthly_by_sku_branch_202607161619.csv,171818,38.L2.3060.ICC3600V,38.L2.3060.ICC3600V,093,2025-08-01,MAPPED,MAPPED,NON_L1,
sales_monthly_by_sku_branch_202607161619.csv,171819,38.L2.3060.ICC3601,38.L2.3060.ICC3601,093,2024-04-01,MAPPED,MAPPED,NON_L1,
sales_monthly_by_sku_branch_202607161619.csv,171820,38.L2.3060.ICC3601,38.L2.3060.ICC3601,093,2024-05-01,MAPPED,MAPPED,NON_L1,
sales_monthly_by_sku_branch_202607161619.csv,171821,38.L2.3060.ICC3601,38.L2.3060.ICC3601,093,2025-03-01,MAPPED,MAPPED,NON_L1,
sales_monthly_by_sku_branch_202607161619.csv,171822,38.L2.3060.ICC3601,38.L2.3060.ICC3601,093,2025-07-01,MAPPED,MAPPED,NON_L1,
sales_monthly_by_sku_branch_202607161619.csv,171823,38.L2.3060.ICC3601,38.L2.3060.ICC3601,093,2025-09-01,MAPPED,MAPPED,NON_L1,
sales_monthly_by_sku_branch_202607161619.csv,171824,38.L2.3060.ICC3601D,38.L2.3060.ICC3601D,093,2024-04-01,MAPPED,MAPPED,NON_L1,
sales_monthly_by_sku_branch_202607161619.csv,171825,38.L2.3060.ICC3601V,38.L2.3060.ICC3601V,093,2024-04-01,MAPPED,MAPPED,NON_L1,
sales_monthly_by_sku_branch_202607161619.csv,171826,38.L2.3060.ICC3601V,38.L2.3060.ICC3601V,093,2024-05-01,MAPPED,MAPPED,NON_L1,
sales_monthly_by_sku_branch_202607161619.csv,171827,38.L2.3060.ICC3601V,38.L2.3060.ICC3601V,093,2025-07-01,MAPPED,MAPPED,NON_L1,
sales_monthly_by_sku_branch_202607161619.csv,171828,38.L2.3060.ICC3602,38.L2.3060.ICC3602,093,2024-04-01,MAPPED,MAPPED,NON_L1,
sales_monthly_by_sku_branch_202607161619.csv,171829,38.L2.3060.ICC3602,38.L2.3060.ICC3602,093,2024-05-01,MAPPED,MAPPED,NON_L1,
sales_monthly_by_sku_branch_202607161619.csv,171830,38.L2.3060.ICC3602,38.L2.3060.ICC3602,093,2024-06-01,MAPPED,MAPPED,NON_L1,
sales_monthly_by_sku_branch_202607161619.csv,171831,38.L2.3060.ICC3602,38.L2.3060.ICC3602,093,2024-07-01,MAPPED,MAPPED,NON_L1,
sales_monthly_by_sku_branch_202607161619.csv,171832,38.L2.3060.ICC3602,38.L2.3060.ICC3602,093,2024-12-01,MAPPED,MAPPED,NON_L1,
sales_monthly_by_sku_branch_202607161619.csv,171833,38.L2.3060.ICC3602,38.L2.3060.ICC3602,093,2025-01-01,MAPPED,MAPPED,NON_L1,
sales_monthly_by_sku_branch_202607161619.csv,171834,38.L2.3060.ICC3602,38.L2.3060.ICC3602,093,2025-03-01,MAPPED,MAPPED,NON_L1,
sales_monthly_by_sku_branch_202607161619.csv,171835,38.L2.3060.ICC3602,38.L2.3060.ICC3602,093,2025-04-01,MAPPED,MAPPED,NON_L1,
sales_monthly_by_sku_branch_202607161619.csv,171836,38.L2.3060.ICC3602,38.L2.3060.ICC3602,093,2025-07-01,MAPPED,MAPPED,NON_L1,
sales_monthly_by_sku_branch_202607161619.csv,171837,38.L2.3060.ICC3602,38.L2.3060.ICC3602,093,2026-01-01,MAPPED,MAPPED,NON_L1,
sales_monthly_by_sku_branch_202607161619.csv,171838,38.L2.3060.ICC3602D,38.L2.3060.ICC3602D,093,2024-04-01,MAPPED,MAPPED,NON_L1,
sales_monthly_by_sku_branch_202607161619.csv,171839,38.L2.3060.ICC3602V,38.L2.3060.ICC3602V,093,2024-04-01,MAPPED,MAPPED,NON_L1,
sales_monthly_by_sku_branch_202607161619.csv,171840,38.L2.3060.ICC3602V,38.L2.3060.ICC3602V,093,2024-05-01,MAPPED,MAPPED,NON_L1,
sales_monthly_by_sku_branch_202607161619.csv,171841,38.L2.3060.ICC3602V,38.L2.3060.ICC3602V,093,2024-06-01,MAPPED,MAPPED,NON_L1,
sales_monthly_by_sku_branch_202607161619.csv,171842,38.L2.3060.ICC3602V,38.L2.3060.ICC3602V,093,2024-07-01,MAPPED,MAPPED,NON_L1,
sales_monthly_by_sku_branch_202607161619.csv,171843,38.L2.3060.ICC3602V,38.L2.3060.ICC3602V,093,2025-01-01,MAPPED,MAPPED,NON_L1,
sales_monthly_by_sku_branch_202607161619.csv,171844,38.L2.3060.ICC3602V,38.L2.3060.ICC3602V,093,2025-07-01,MAPPED,MAPPED,NON_L1,
sales_monthly_by_sku_branch_202607161619.csv,171845,38.L2.3060.ICC3603,38.L2.3060.ICC3603,093,2024-04-01,MAPPED,MAPPED,NON_L1,
sales_monthly_by_sku_branch_202607161619.csv,171846,38.L2.3060.ICC3603,38.L2.3060.ICC3603,093,2024-05-01,MAPPED,MAPPED,NON_L1,
sales_monthly_by_sku_branch_202607161619.csv,171847,38.L2.3060.ICC3603,38.L2.3060.ICC3603,093,2024-08-01,MAPPED,MAPPED,NON_L1,
sales_monthly_by_sku_branch_202607161619.csv,171848,38.L2.3060.ICC3603,38.L2.3060.ICC3603,093,2025-02-01,MAPPED,MAPPED,NON_L1,
sales_monthly_by_sku_branch_202607161619.csv,171849,38.L2.3060.ICC3603,38.L2.3060.ICC3603,093,2025-03-01,MAPPED,MAPPED,NON_L1,
sales_monthly_by_sku_branch_202607161619.csv,171850,38.L2.3060.ICC3603,38.L2.3060.ICC3603,093,2025-07-01,MAPPED,MAPPED,NON_L1,
sales_monthly_by_sku_branch_202607161619.csv,171851,38.L2.3060.ICC3603D,38.L2.3060.ICC3603D,093,2024-04-01,MAPPED,MAPPED,NON_L1,
sales_monthly_by_sku_branch_202607161619.csv,171852,38.L2.3060.ICC3603D,38.L2.3060.ICC3603D,093,2025-03-01,MAPPED,MAPPED,NON_L1,
sales_monthly_by_sku_branch_202607161619.csv,171853,38.L2.3060.ICC3604,38.L2.3060.ICC3604,093,2024-05-01,MAPPED,MAPPED,NON_L1,
sales_monthly_by_sku_branch_202607161619.csv,171854,38.L2.3060.ICC3604,38.L2.3060.ICC3604,093,2024-08-01,MAPPED,MAPPED,NON_L1,
sales_monthly_by_sku_branch_202607161619.csv,171855,38.L2.3060.ICC3604,38.L2.3060.ICC3604,093,2025-02-01,MAPPED,MAPPED,NON_L1,
sales_monthly_by_sku_branch_202607161619.csv,171856,38.L2.3060.ICC3604,38.L2.3060.ICC3604,093,2025-07-01,MAPPED,MAPPED,NON_L1,
sales_monthly_by_sku_branch_202607161619.csv,171857,38.L2.3060.ICC3605,38.L2.3060.ICC3605,093,2024-04-01,MAPPED,MAPPED,NON_L1,
sales_monthly_by_sku_branch_202607161619.csv,171858,38.L2.3060.ICC3605,38.L2.3060.ICC3605,093,2024-06-01,MAPPED,MAPPED,NON_L1,
sales_monthly_by_sku_branch_202607161619.csv,171859,38.L2.3060.ICC3605,38.L2.3060.ICC3605,093,2025-02-01,MAPPED,MAPPED,NON_L1,
sales_monthly_by_sku_branch_202607161619.csv,171860,38.L2.3060.ICC3605D,38.L2.3060.ICC3605D,093,2024-04-01,MAPPED,MAPPED,NON_L1,
sales_monthly_by_sku_branch_202607161619.csv,171861,38.L2.3060.ICC3606,38.L2.3060.ICC3606,093,2024-05-01,MAPPED,MAPPED,NON_L1,
sales_monthly_by_sku_branch_202607161619.csv,171862,38.L2.3060.ICC3606,38.L2.3060.ICC3606,093,2025-03-01,MAPPED,MAPPED,NON_L1,
sales_monthly_by_sku_branch_202607161619.csv,171863,38.L2.3060.ICC3606,38.L2.3060.ICC3606,093,2025-09-01,MAPPED,MAPPED,NON_L1,
sales_monthly_by_sku_branch_202607161619.csv,171864,38.L2.3060.ICC3607,38.L2.3060.ICC3607,093,2024-04-01,MAPPED,MAPPED,NON_L1,
sales_monthly_by_sku_branch_202607161619.csv,171865,38.L2.3060.ICC3607,38.L2.3060.ICC3607,093,2024-08-01,MAPPED,MAPPED,NON_L1,
sales_monthly_by_sku_branch_202607161619.csv,171866,38.L2.3060.ICC3607,38.L2.3060.ICC3607,093,2025-05-01,MAPPED,MAPPED,NON_L1,
sales_monthly_by_sku_branch_202607161619.csv,171867,38.L2.3060.ICC3607,38.L2.3060.ICC3607,093,2025-07-01,MAPPED,MAPPED,NON_L1,
sales_monthly_by_sku_branch_202607161619.csv,171868,38.L2.3060.ICC3607D,38.L2.3060.ICC3607D,093,2024-04-01,MAPPED,MAPPED,NON_L1,
sales_monthly_by_sku_branch_202607161619.csv,171869,38.L2.3060.ICC3608,38.L2.3060.ICC3608,093,2024-04-01,MAPPED,MAPPED,NON_L1,
sales_monthly_by_sku_branch_202607161619.csv,171870,38.L2.3060.ICC3608,38.L2.3060.ICC3608,093,2024-06-01,MAPPED,MAPPED,NON_L1,
sales_monthly_by_sku_branch_202607161619.csv,171871,38.L2.3060.ICC3608,38.L2.3060.ICC3608,093,2025-01-01,MAPPED,MAPPED,NON_L1,
sales_monthly_by_sku_branch_202607161619.csv,171872,38.L2.3060.ICC3608,38.L2.3060.ICC3608,093,2025-05-01,MAPPED,MAPPED,NON_L1,
sales_monthly_by_sku_branch_202607161619.csv,171873,38.L2.3060.ICC3608,38.L2.3060.ICC3608,093,2025-07-01,MAPPED,MAPPED,NON_L1,
sales_monthly_by_sku_branch_202607161619.csv,171874,38.L2.3060.KAI3600,38.L2.3060.KAI3600,093,2025-03-01,MAPPED,MAPPED,NON_L1,
sales_monthly_by_sku_branch_202607161619.csv,171875,38.L2.3060.KAI3600,38.L2.3060.KAI3600,093,2025-07-01,MAPPED,MAPPED,NON_L1,
sales_monthly_by_sku_branch_202607161619.csv,171876,38.L2.3060.KAI3600V,38.L2.3060.KAI3600V,093,2025-03-01,MAPPED,MAPPED,NON_L1,
sales_monthly_by_sku_branch_202607161619.csv,171877,38.L2.3060.KAI3601,38.L2.3060.KAI3601,093,2025-03-01,MAPPED,MAPPED,NON_L1,
sales_monthly_by_sku_branch_202607161619.csv,171878,38.L2.3060.KAI3601AV,38.L2.3060.KAI3601AV,093,2025-03-01,MAPPED,MAPPED,NON_L1,
sales_monthly_by_sku_branch_202607161619.csv,171879,38.L2.3060.KAI3601BV,38.L2.3060.KAI3601BV,093,2025-03-01,MAPPED,MAPPED,NON_L1,
sales_monthly_by_sku_branch_202607161619.csv,171880,38.L2.3060.KAI3605D,38.L2.3060.KAI3605D,093,2025-11-01,MAPPED,MAPPED,NON_L1,
sales_monthly_by_sku_branch_202607161619.csv,171881,38.L2.3060.KAI3606,38.L2.3060.KAI3606,093,2025-11-01,MAPPED,MAPPED,NON_L1,
sales_monthly_by_sku_branch_202607161619.csv,171882,38.L2.3060.UGC3600,38.L2.3060.UGC3600,000,2024-04-01,MAPPED,MAPPED,NON_L1,
sales_monthly_by_sku_branch_202607161619.csv,171883,38.L2.3060.UGC3600,38.L2.3060.UGC3600,093,2024-08-01,MAPPED,MAPPED,NON_L1,
sales_monthly_by_sku_branch_202607161619.csv,171884,38.L2.3060.UGC3600AV,38.L2.3060.UGC3600AV,000,2024-04-01,MAPPED,MAPPED,NON_L1,
sales_monthly_by_sku_branch_202607161619.csv,171885,38.L2.3060.UGC3600BD,38.L2.3060.UGC3600BD,093,2024-08-01,MAPPED,MAPPED,NON_L1,
sales_monthly_by_sku_branch_202607161619.csv,171886,38.L2.3060.UGC3602,38.L2.3060.UGC3602,000,2024-04-01,MAPPED,MAPPED,NON_L1,
sales_monthly_by_sku_branch_202607161619.csv,171887,38.L2.3060.UGC3602,38.L2.3060.UGC3602,093,2024-08-01,MAPPED,MAPPED,NON_L1,
sales_monthly_by_sku_branch_202607161619.csv,171888,38.L2.3060.UGC3602,38.L2.3060.UGC3602,093,2025-06-01,MAPPED,MAPPED,NON_L1,
sales_monthly_by_sku_branch_202607161619.csv,171889,38.L2.3060.UGC3602AV,38.L2.3060.UGC3602AV,000,2024-04-01,MAPPED,MAPPED,NON_L1,
sales_monthly_by_sku_branch_202607161619.csv,171890,38.L2.3060.UGC3602BD,38.L2.3060.UGC3602BD,093,2024-08-01,MAPPED,MAPPED,NON_L1,
sales_monthly_by_sku_branch_202607161619.csv,171891,38.L2.5050.SVICC501,38.L2.5050.SVICC501,093,2024-07-01,MAPPED,MAPPED,NON_L1,
sales_monthly_by_sku_branch_202607161619.csv,171892,38.L2.5050.SVICC501,38.L2.5050.SVICC501,093,2025-03-01,MAPPED,MAPPED,NON_L1,
sales_monthly_by_sku_branch_202607161619.csv,171893,38.L2.5050.SVICC501,38.L2.5050.SVICC501,093,2025-07-01,MAPPED,MAPPED,NON_L1,
sales_monthly_by_sku_branch_202607161619.csv,171894,38.L2.5050.SVICC501,38.L2.5050.SVICC501,093,2026-02-01,MAPPED,MAPPED,NON_L1,
sales_monthly_by_sku_branch_202607161619.csv,171895,38.L2.5050.SVICC502,38.L2.5050.SVICC502,093,2024-07-01,MAPPED,MAPPED,NON_L1,
sales_monthly_by_sku_branch_202607161619.csv,171896,38.L2.5050.SVICC502,38.L2.5050.SVICC502,093,2025-06-01,MAPPED,MAPPED,NON_L1,
sales_monthly_by_sku_branch_202607161619.csv,171897,38.L2.5050.SVICC502,38.L2.5050.SVICC502,093,2025-09-01,MAPPED,MAPPED,NON_L1,
sales_monthly_by_sku_branch_202607161619.csv,171898,38.L2.5050.SVICC502,38.L2.5050.SVICC502,093,2025-11-01,MAPPED,MAPPED,NON_L1,
sales_monthly_by_sku_branch_202607161619.csv,171899,38.L2.5050.SVICC502,38.L2.5050.SVICC502,093,2026-02-01,MAPPED,MAPPED,NON_L1,
sales_monthly_by_sku_branch_202607161619.csv,171900,38.L2.5050.SVICC503,38.L2.5050.SVICC503,093,2024-06-01,MAPPED,MAPPED,NON_L1,
sales_monthly_by_sku_branch_202607161619.csv,171901,38.L2.5050.SVICC504,38.L2.5050.SVICC504,093,2024-07-01,MAPPED,MAPPED,NON_L1,
sales_monthly_by_sku_branch_202607161619.csv,171902,38.L2.5050.SVICC504,38.L2.5050.SVICC504,093,2024-08-01,MAPPED,MAPPED,NON_L1,
sales_monthly_by_sku_branch_202607161619.csv,171903,38.L2.5050.SVICC504,38.L2.5050.SVICC504,093,2025-06-01,MAPPED,MAPPED,NON_L1,
sales_monthly_by_sku_branch_202607161619.csv,171904,38.L2.5050.SVICC504,38.L2.5050.SVICC504,093,2026-02-01,MAPPED,MAPPED,NON_L1,
sales_monthly_by_sku_branch_202607161619.csv,171905,38.L2.5050.SVICC505,38.L2.5050.SVICC505,093,2024-06-01,MAPPED,MAPPED,NON_L1,
sales_monthly_by_sku_branch_202607161619.csv,171906,38.L2.5050.SVICC505,38.L2.5050.SVICC505,093,2024-07-01,MAPPED,MAPPED,NON_L1,
sales_monthly_by_sku_branch_202607161619.csv,171907,38.L2.5050.SVICC505,38.L2.5050.SVICC505,093,2024-09-01,MAPPED,MAPPED,NON_L1,
sales_monthly_by_sku_branch_202607161619.csv,171908,38.L2.5050.SVICC505,38.L2.5050.SVICC505,093,2024-11-01,MAPPED,MAPPED,NON_L1,
sales_monthly_by_sku_branch_202607161619.csv,171909,38.L2.5050.SVICC505,38.L2.5050.SVICC505,093,2024-12-01,MAPPED,MAPPED,NON_L1,
sales_monthly_by_sku_branch_202607161619.csv,171910,38.L2.5050.SVICC505,38.L2.5050.SVICC505,093,2025-02-01,MAPPED,MAPPED,NON_L1,
sales_monthly_by_sku_branch_202607161619.csv,171911,38.L2.5050.SVICC505,38.L2.5050.SVICC505,093,2025-05-01,MAPPED,MAPPED,NON_L1,
sales_monthly_by_sku_branch_202607161619.csv,171912,38.L2.5050.SVICC505,38.L2.5050.SVICC505,093,2025-06-01,MAPPED,MAPPED,NON_L1,
sales_monthly_by_sku_branch_202607161619.csv,171913,38.L2.5050.SVICC505,38.L2.5050.SVICC505,093,2025-07-01,MAPPED,MAPPED,NON_L1,
sales_monthly_by_sku_branch_202607161619.csv,171914,38.L2.5050.SVICC505,38.L2.5050.SVICC505,093,2025-11-01,MAPPED,MAPPED,NON_L1,
sales_monthly_by_sku_branch_202607161619.csv,171915,38.L2.5050.SVICC505,38.L2.5050.SVICC505,093,2026-02-01,MAPPED,MAPPED,NON_L1,
sales_monthly_by_sku_branch_202607161619.csv,171916,38.L2.5050.SVICC505,38.L2.5050.SVICC505,093,2026-03-01,MAPPED,MAPPED,NON_L1,
sales_monthly_by_sku_branch_202607161619.csv,171917,38.L2.5050.SVICC506,38.L2.5050.SVICC506,093,2024-06-01,MAPPED,MAPPED,NON_L1,
sales_monthly_by_sku_branch_202607161619.csv,171918,38.L2.5050.SVICC506,38.L2.5050.SVICC506,093,2024-08-01,MAPPED,MAPPED,NON_L1,
sales_monthly_by_sku_branch_202607161619.csv,171919,38.L2.5050.SVICC506,38.L2.5050.SVICC506,093,2024-10-01,MAPPED,MAPPED,NON_L1,
sales_monthly_by_sku_branch_202607161619.csv,171920,38.L2.5050.SVICC506,38.L2.5050.SVICC506,093,2025-06-01,MAPPED,MAPPED,NON_L1,
sales_monthly_by_sku_branch_202607161619.csv,171921,38.L2.5050.SVICC506,38.L2.5050.SVICC506,093,2025-08-01,MAPPED,MAPPED,NON_L1,
sales_monthly_by_sku_branch_202607161619.csv,171922,38.L2.5050.SVICC506,38.L2.5050.SVICC506,093,2025-11-01,MAPPED,MAPPED,NON_L1,
sales_monthly_by_sku_branch_202607161619.csv,171923,38.L2.5050.SVICC506,38.L2.5050.SVICC506,093,2026-02-01,MAPPED,MAPPED,NON_L1,
sales_monthly_by_sku_branch_202607161619.csv,171924,38.L2.5050.SVICC506,38.L2.5050.SVICC506,093,2026-03-01,MAPPED,MAPPED,NON_L1,
sales_monthly_by_sku_branch_202607161619.csv,171925,38.L2.5050.SVICC507,38.L2.5050.SVICC507,093,2024-06-01,MAPPED,MAPPED,NON_L1,
sales_monthly_by_sku_branch_202607161619.csv,171926,38.L2.5050.SVICC507,38.L2.5050.SVICC507,093,2024-08-01,MAPPED,MAPPED,NON_L1,
sales_monthly_by_sku_branch_202607161619.csv,171927,38.L2.5050.SVICC507,38.L2.5050.SVICC507,093,2024-10-01,MAPPED,MAPPED,NON_L1,
sales_monthly_by_sku_branch_202607161619.csv,171928,38.L2.5050.SVICC507,38.L2.5050.SVICC507,093,2024-12-01,MAPPED,MAPPED,NON_L1,
sales_monthly_by_sku_branch_202607161619.csv,171929,38.L2.5050.SVICC507,38.L2.5050.SVICC507,093,2025-01-01,MAPPED,MAPPED,NON_L1,
sales_monthly_by_sku_branch_202607161619.csv,171930,38.L2.5050.SVICC507,38.L2.5050.SVICC507,093,2025-03-01,MAPPED,MAPPED,NON_L1,
sales_monthly_by_sku_branch_202607161619.csv,171931,38.L2.5050.SVICC507,38.L2.5050.SVICC507,093,2025-04-01,MAPPED,MAPPED,NON_L1,
sales_monthly_by_sku_branch_202607161619.csv,171932,38.L2.5050.SVICC507,38.L2.5050.SVICC507,093,2025-06-01,MAPPED,MAPPED,NON_L1,
sales_monthly_by_sku_branch_202607161619.csv,171933,38.L2.5050.SVICC507,38.L2.5050.SVICC507,093,2025-07-01,MAPPED,MAPPED,NON_L1,
sales_monthly_by_sku_branch_202607161619.csv,171934,38.L2.5050.SVICC507,38.L2.5050.SVICC507,093,2025-11-01,MAPPED,MAPPED,NON_L1,
sales_monthly_by_sku_branch_202607161619.csv,171935,38.L2.5050.SVICC507,38.L2.5050.SVICC507,093,2026-02-01,MAPPED,MAPPED,NON_L1,
sales_monthly_by_sku_branch_202607161619.csv,171936,38.L2.5050.SVICC507,38.L2.5050.SVICC507,093,2026-03-01,MAPPED,MAPPED,NON_L1,
sales_monthly_by_sku_branch_202607161619.csv,171937,38.L2.5050.SVICC508,38.L2.5050.SVICC508,093,2024-06-01,MAPPED,MAPPED,NON_L1,
sales_monthly_by_sku_branch_202607161619.csv,171938,38.L2.5050.SVICC508,38.L2.5050.SVICC508,093,2024-12-01,MAPPED,MAPPED,NON_L1,
sales_monthly_by_sku_branch_202607161619.csv,171939,38.L2.5050.SVICC508,38.L2.5050.SVICC508,093,2025-06-01,MAPPED,MAPPED,NON_L1,
sales_monthly_by_sku_branch_202607161619.csv,171940,38.L2.5050.SVICC508,38.L2.5050.SVICC508,093,2025-07-01,MAPPED,MAPPED,NON_L1,
sales_monthly_by_sku_branch_202607161619.csv,171941,38.L2.5050.SVICC508,38.L2.5050.SVICC508,093,2025-11-01,MAPPED,MAPPED,NON_L1,
sales_monthly_by_sku_branch_202607161619.csv,171942,38.L2.5050.SVICC508,38.L2.5050.SVICC508,093,2026-02-01,MAPPED,MAPPED,NON_L1,
sales_monthly_by_sku_branch_202607161619.csv,171943,38.L2.5050.SVICC508,38.L2.5050.SVICC508,093,2026-03-01,MAPPED,MAPPED,NON_L1,
sales_monthly_by_sku_branch_202607161619.csv,171944,38.L2.5050.SVICC509,38.L2.5050.SVICC509,093,2024-06-01,MAPPED,MAPPED,NON_L1,
sales_monthly_by_sku_branch_202607161619.csv,171945,38.L2.5050.SVICC509,38.L2.5050.SVICC509,093,2024-07-01,MAPPED,MAPPED,NON_L1,
sales_monthly_by_sku_branch_202607161619.csv,171946,38.L2.5050.SVICC509,38.L2.5050.SVICC509,093,2024-11-01,MAPPED,MAPPED,NON_L1,
sales_monthly_by_sku_branch_202607161619.csv,171947,38.L2.5050.SVICC509,38.L2.5050.SVICC509,093,2025-07-01,MAPPED,MAPPED,NON_L1,
sales_monthly_by_sku_branch_202607161619.csv,171948,38.L2.5050.SVICC509,38.L2.5050.SVICC509,093,2025-11-01,MAPPED,MAPPED,NON_L1,
sales_monthly_by_sku_branch_202607161619.csv,171949,38.L2.5050.SVICC509,38.L2.5050.SVICC509,093,2026-02-01,MAPPED,MAPPED,NON_L1,
sales_monthly_by_sku_branch_202607161619.csv,171950,38.L2.5050.SVKAI501,38.L2.5050.SVKAI501,093,2026-03-01,MAPPED,MAPPED,NON_L1,
sales_monthly_by_sku_branch_202607161619.csv,171951,38.L2.5050.SVKAI506,38.L2.5050.SVKAI506,093,2024-12-01,MAPPED,MAPPED,NON_L1,
sales_monthly_by_sku_branch_202607161619.csv,171952,38.L2.5050.SVUSC506,38.L2.5050.SVUSC506,093,2024-08-01,MAPPED,MAPPED,NON_L1,
sales_monthly_by_sku_branch_202607161619.csv,180146,39.L2.3060.USGM3601,39.L2.3060.USGM3601,000,2024-11-01,MAPPED,MAPPED,NON_L1,
sales_monthly_by_sku_branch_202607161619.csv,180147,39.L2.3060.USGM3601,39.L2.3060.USGM3601,008,2024-11-01,MAPPED,MAPPED,NON_L1,
sales_monthly_by_sku_branch_202607161619.csv,180148,39.L2.3060.USGM3602,39.L2.3060.USGM3602,000,2024-11-01,MAPPED,MAPPED,NON_L1,
sales_monthly_by_sku_branch_202607161619.csv,180149,39.L2.3060.USGM3602,39.L2.3060.USGM3602,008,2024-11-01,MAPPED,MAPPED,NON_L1,
sales_monthly_by_sku_branch_202607161619.csv,180150,39.L2.3060.USGM3603,39.L2.3060.USGM3603,000,2024-11-01,MAPPED,MAPPED,NON_L1,
sales_monthly_by_sku_branch_202607161619.csv,180151,39.L2.3060.USGM3603,39.L2.3060.USGM3603,008,2024-11-01,MAPPED,MAPPED,NON_L1,
sales_monthly_by_sku_branch_202607161619.csv,180152,39.L2.3060.USGM3613,39.L2.3060.USGM3613,008,2024-11-01,MAPPED,MAPPED,NON_L1,
sales_monthly_by_sku_branch_202607161619.csv,180153,39.L2.3060.USGM3613,39.L2.3060.USGM3613,008,2024-12-01,MAPPED,MAPPED,NON_L1,
sales_monthly_by_sku_branch_202607161619.csv,180154,39.L2.3060.USGM3616,39.L2.3060.USGM3616,000,2025-12-01,MAPPED,MAPPED,NON_L1,
sales_monthly_by_sku_branch_202607161619.csv,180155,39.L2.3060.USGM3616,39.L2.3060.USGM3616,000,2026-02-01,MAPPED,MAPPED,NON_L1,
sales_monthly_by_sku_branch_202607161619.csv,180156,39.L2.3060.USGM3617,39.L2.3060.USGM3617,000,2025-12-01,MAPPED,MAPPED,NON_L1,
sales_monthly_by_sku_branch_202607161619.csv,180157,39.L2.3060.USGM3619,39.L2.3060.USGM3619,000,2026-06-01,MAPPED,MAPPED,NON_L1,
sales_monthly_by_sku_branch_202607161619.csv,180158,39.L2.3060.USGM3619,39.L2.3060.USGM3619,008,2024-11-01,MAPPED,MAPPED,NON_L1,
sales_monthly_by_sku_branch_202607161619.csv,180159,39.L2.3060.USGM3619,39.L2.3060.USGM3619,008,2024-12-01,MAPPED,MAPPED,NON_L1,
sales_monthly_by_sku_branch_202607161619.csv,180160,39.L2.3060.USGM3620,39.L2.3060.USGM3620,000,2025-11-01,MAPPED,MAPPED,NON_L1,
sales_monthly_by_sku_branch_202607161619.csv,180161,39.L2.4080.USG48012,39.L2.4080.USG48012,000,2024-11-01,MAPPED,MAPPED,NON_L1,
sales_monthly_by_sku_branch_202607161619.csv,180162,39.L2.6060.UGG6001,39.L2.6060.UGG6001,000,2024-04-01,MAPPED,MAPPED,NON_L1,
sales_monthly_by_sku_branch_202607161619.csv,180163,39.L2.6060.UGG6001,39.L2.6060.UGG6001,000,2024-05-01,MAPPED,MAPPED,NON_L1,
sales_monthly_by_sku_branch_202607161619.csv,180164,39.L2.6060.UGG6001,39.L2.6060.UGG6001,093,2024-07-01,MAPPED,MAPPED,NON_L1,
sales_monthly_by_sku_branch_202607161619.csv,180165,39.L2.6060.UGG6001,39.L2.6060.UGG6001,093,2024-08-01,MAPPED,MAPPED,NON_L1,
sales_monthly_by_sku_branch_202607161619.csv,180166,39.L2.6060.UGG6001,39.L2.6060.UGG6001,093,2024-09-01,MAPPED,MAPPED,NON_L1,
sales_monthly_by_sku_branch_202607161619.csv,180167,39.L2.6060.UGG6001,39.L2.6060.UGG6001,093,2025-01-01,MAPPED,MAPPED,NON_L1,
sales_monthly_by_sku_branch_202607161619.csv,180168,39.L2.6060.UGG6001,39.L2.6060.UGG6001,093,2025-03-01,MAPPED,MAPPED,NON_L1,
sales_monthly_by_sku_branch_202607161619.csv,180169,39.L2.6060.UGG6001,39.L2.6060.UGG6001,093,2025-05-01,MAPPED,MAPPED,NON_L1,
sales_monthly_by_sku_branch_202607161619.csv,180170,39.L2.6060.UGG6001,39.L2.6060.UGG6001,093,2025-11-01,MAPPED,MAPPED,NON_L1,
sales_monthly_by_sku_branch_202607161619.csv,180171,39.L2.6060.UGG6001,39.L2.6060.UGG6001,093,2026-03-01,MAPPED,MAPPED,NON_L1,
sales_monthly_by_sku_branch_202607161619.csv,180172,39.L2.6060.UGG6003,39.L2.6060.UGG6003,000,2024-04-01,MAPPED,MAPPED,NON_L1,
sales_monthly_by_sku_branch_202607161619.csv,180173,39.L2.6060.UGG6003,39.L2.6060.UGG6003,000,2024-05-01,MAPPED,MAPPED,NON_L1,
sales_monthly_by_sku_branch_202607161619.csv,180174,39.L2.6060.UGG6003,39.L2.6060.UGG6003,008,2024-11-01,MAPPED,MAPPED,NON_L1,
sales_monthly_by_sku_branch_202607161619.csv,180175,39.L2.6060.UGG6003,39.L2.6060.UGG6003,008,2024-12-01,MAPPED,MAPPED,NON_L1,
sales_monthly_by_sku_branch_202607161619.csv,180176,39.L2.6060.UGG6003,39.L2.6060.UGG6003,093,2024-07-01,MAPPED,MAPPED,NON_L1,
sales_monthly_by_sku_branch_202607161619.csv,180177,39.L2.6060.UGG6003,39.L2.6060.UGG6003,093,2024-08-01,MAPPED,MAPPED,NON_L1,
sales_monthly_by_sku_branch_202607161619.csv,180178,39.L2.6060.UGG6003,39.L2.6060.UGG6003,093,2024-09-01,MAPPED,MAPPED,NON_L1,
sales_monthly_by_sku_branch_202607161619.csv,180179,39.L2.6060.UGG6003,39.L2.6060.UGG6003,093,2024-12-01,MAPPED,MAPPED,NON_L1,
sales_monthly_by_sku_branch_202607161619.csv,180180,39.L2.6060.UGG6003,39.L2.6060.UGG6003,093,2026-03-01,MAPPED,MAPPED,NON_L1,
sales_monthly_by_sku_branch_202607161619.csv,180181,39.L2.6060.UGG6004,39.L2.6060.UGG6004,000,2024-04-01,MAPPED,MAPPED,NON_L1,
sales_monthly_by_sku_branch_202607161619.csv,180182,39.L2.6060.UGG6004,39.L2.6060.UGG6004,000,2024-05-01,MAPPED,MAPPED,NON_L1,
sales_monthly_by_sku_branch_202607161619.csv,180183,39.L2.6060.UGG6004,39.L2.6060.UGG6004,093,2024-07-01,MAPPED,MAPPED,NON_L1,
sales_monthly_by_sku_branch_202607161619.csv,180184,39.L2.6060.UGG6004,39.L2.6060.UGG6004,093,2024-08-01,MAPPED,MAPPED,NON_L1,
sales_monthly_by_sku_branch_202607161619.csv,180185,39.L2.6060.UGG6004,39.L2.6060.UGG6004,093,2024-11-01,MAPPED,MAPPED,NON_L1,
sales_monthly_by_sku_branch_202607161619.csv,180186,39.L2.6060.UGG6004,39.L2.6060.UGG6004,093,2024-12-01,MAPPED,MAPPED,NON_L1,
sales_monthly_by_sku_branch_202607161619.csv,180187,39.L2.6060.UGG6004,39.L2.6060.UGG6004,093,2025-05-01,MAPPED,MAPPED,NON_L1,
sales_monthly_by_sku_branch_202607161619.csv,180188,39.L2.6060.UGG6006,39.L2.6060.UGG6006,000,2024-04-01,MAPPED,MAPPED,NON_L1,
sales_monthly_by_sku_branch_202607161619.csv,180189,39.L2.6060.UGG6006,39.L2.6060.UGG6006,000,2024-05-01,MAPPED,MAPPED,NON_L1,
sales_monthly_by_sku_branch_202607161619.csv,180190,39.L2.6060.UGG6006,39.L2.6060.UGG6006,093,2024-07-01,MAPPED,MAPPED,NON_L1,
sales_monthly_by_sku_branch_202607161619.csv,180191,39.L2.6060.UGG6006,39.L2.6060.UGG6006,093,2024-11-01,MAPPED,MAPPED,NON_L1,
sales_monthly_by_sku_branch_202607161619.csv,180192,39.L2.6060.UGG6007,39.L2.6060.UGG6007,000,2024-04-01,MAPPED,MAPPED,NON_L1,
sales_monthly_by_sku_branch_202607161619.csv,180193,39.L2.6060.UGG6007,39.L2.6060.UGG6007,000,2024-05-01,MAPPED,MAPPED,NON_L1,
sales_monthly_by_sku_branch_202607161619.csv,180194,39.L2.6060.UGG6007,39.L2.6060.UGG6007,093,2024-07-01,MAPPED,MAPPED,NON_L1,
sales_monthly_by_sku_branch_202607161619.csv,180195,39.L2.6060.UGG6007,39.L2.6060.UGG6007,093,2024-09-01,MAPPED,MAPPED,NON_L1,
sales_monthly_by_sku_branch_202607161619.csv,180196,39.L2.6060.UGG6007,39.L2.6060.UGG6007,093,2025-01-01,MAPPED,MAPPED,NON_L1,
sales_monthly_by_sku_branch_202607161619.csv,180197,39.L2.6060.UGG6007,39.L2.6060.UGG6007,093,2025-05-01,MAPPED,MAPPED,NON_L1,
sales_monthly_by_sku_branch_202607161619.csv,180198,39.L2.6060.UGG6010,39.L2.6060.UGG6010,000,2024-04-01,MAPPED,MAPPED,NON_L1,
sales_monthly_by_sku_branch_202607161619.csv,180199,39.L2.6060.UGG6010,39.L2.6060.UGG6010,000,2024-05-01,MAPPED,MAPPED,NON_L1,
sales_monthly_by_sku_branch_202607161619.csv,180200,39.L2.6060.UGG6010,39.L2.6060.UGG6010,093,2024-07-01,MAPPED,MAPPED,NON_L1,
sales_monthly_by_sku_branch_202607161619.csv,180201,39.L2.6060.UGG6010,39.L2.6060.UGG6010,093,2024-09-01,MAPPED,MAPPED,NON_L1,
sales_monthly_by_sku_branch_202607161619.csv,180202,39.L2.6060.USGM6001,39.L2.6060.USGM6001,093,2024-08-01,MAPPED,MAPPED,NON_L1,
sales_monthly_by_sku_branch_202607161619.csv,180203,39.L2.6060.USGM6002,39.L2.6060.USGM6002,093,2024-07-01,MAPPED,MAPPED,NON_L1,
sales_monthly_by_sku_branch_202607161619.csv,180204,39.L2.6060.USGM6002,39.L2.6060.USGM6002,093,2024-08-01,MAPPED,MAPPED,NON_L1,
sales_monthly_by_sku_branch_202607161619.csv,180205,39.L2.6060.USGM6005,39.L2.6060.USGM6005,093,2024-06-01,MAPPED,MAPPED,NON_L1,
sales_monthly_by_sku_branch_202607161619.csv,180206,39.L2.6060.USGM6005,39.L2.6060.USGM6005,093,2024-07-01,MAPPED,MAPPED,NON_L1,
sales_monthly_by_sku_branch_202607161619.csv,180207,39.L2.6060.USGM6006,39.L2.6060.USGM6006,093,2024-06-01,MAPPED,MAPPED,NON_L1,
sales_monthly_by_sku_branch_202607161619.csv,180208,39.L2.6060.USGM6007,39.L2.6060.USGM6007,093,2024-08-01,MAPPED,MAPPED,NON_L1,
sales_monthly_by_sku_branch_202607161619.csv,180209,39.L2.6060.USGM6007,39.L2.6060.USGM6007,093,2024-09-01,MAPPED,MAPPED,NON_L1,
sales_monthly_by_sku_branch_202607161619.csv,180210,39.L2.6060.USGM6008,39.L2.6060.USGM6008,093,2024-07-01,MAPPED,MAPPED,NON_L1,
sales_monthly_by_sku_branch_202607161619.csv,180211,39.L3.3060.USGM3601,39.L3.3060.USGM3601,000,2026-06-01,MAPPED,MAPPED,NON_L1,
sales_monthly_by_sku_branch_202607161619.csv,180212,39.L3.3060.USGM3619,39.L3.3060.USGM3619,000,2026-06-01,MAPPED,MAPPED,NON_L1,
sales_monthly_by_sku_branch_202607161619.csv,180213,39.L3.6060.UGG6001,39.L3.6060.UGG6001,000,2024-04-01,MAPPED,MAPPED,NON_L1,
sales_monthly_by_sku_branch_202607161619.csv,180214,39.L3.6060.UGG6001,39.L3.6060.UGG6001,093,2024-07-01,MAPPED,MAPPED,NON_L1,
sales_monthly_by_sku_branch_202607161619.csv,180215,39.L3.6060.UGG6001,39.L3.6060.UGG6001,093,2024-08-01,MAPPED,MAPPED,NON_L1,
sales_monthly_by_sku_branch_202607161619.csv,180216,39.L3.6060.UGG6001,39.L3.6060.UGG6001,093,2024-11-01,MAPPED,MAPPED,NON_L1,
sales_monthly_by_sku_branch_202607161619.csv,180217,39.L3.6060.UGG6001,39.L3.6060.UGG6001,093,2025-01-01,MAPPED,MAPPED,NON_L1,
sales_monthly_by_sku_branch_202607161619.csv,180218,39.L3.6060.UGG6001,39.L3.6060.UGG6001,093,2025-04-01,MAPPED,MAPPED,NON_L1,
sales_monthly_by_sku_branch_202607161619.csv,180219,39.L3.6060.UGG6001,39.L3.6060.UGG6001,093,2026-01-01,MAPPED,MAPPED,NON_L1,
sales_monthly_by_sku_branch_202607161619.csv,180220,39.L3.6060.UGG6003,39.L3.6060.UGG6003,000,2024-05-01,MAPPED,MAPPED,NON_L1,
sales_monthly_by_sku_branch_202607161619.csv,180221,39.L3.6060.UGG6003,39.L3.6060.UGG6003,093,2024-08-01,MAPPED,MAPPED,NON_L1,
sales_monthly_by_sku_branch_202607161619.csv,180222,39.L3.6060.UGG6003,39.L3.6060.UGG6003,093,2024-09-01,MAPPED,MAPPED,NON_L1,
sales_monthly_by_sku_branch_202607161619.csv,180223,39.L3.6060.UGG6004,39.L3.6060.UGG6004,000,2024-05-01,MAPPED,MAPPED,NON_L1,
sales_monthly_by_sku_branch_202607161619.csv,180224,39.L3.6060.UGG6004,39.L3.6060.UGG6004,093,2024-07-01,MAPPED,MAPPED,NON_L1,
sales_monthly_by_sku_branch_202607161619.csv,180225,39.L3.6060.UGG6004,39.L3.6060.UGG6004,093,2024-08-01,MAPPED,MAPPED,NON_L1,
sales_monthly_by_sku_branch_202607161619.csv,180226,39.L3.6060.UGG6004,39.L3.6060.UGG6004,093,2024-11-01,MAPPED,MAPPED,NON_L1,
sales_monthly_by_sku_branch_202607161619.csv,180227,39.L3.6060.UGG6004,39.L3.6060.UGG6004,093,2024-12-01,MAPPED,MAPPED,NON_L1,
sales_monthly_by_sku_branch_202607161619.csv,180228,39.L3.6060.UGG6006,39.L3.6060.UGG6006,000,2024-04-01,MAPPED,MAPPED,NON_L1,
sales_monthly_by_sku_branch_202607161619.csv,180229,39.L3.6060.UGG6006,39.L3.6060.UGG6006,000,2024-05-01,MAPPED,MAPPED,NON_L1,
sales_monthly_by_sku_branch_202607161619.csv,180230,39.L3.6060.UGG6006,39.L3.6060.UGG6006,093,2024-07-01,MAPPED,MAPPED,NON_L1,
sales_monthly_by_sku_branch_202607161619.csv,180231,39.L3.6060.UGG6006,39.L3.6060.UGG6006,093,2024-09-01,MAPPED,MAPPED,NON_L1,
sales_monthly_by_sku_branch_202607161619.csv,180232,39.L3.6060.UGG6006,39.L3.6060.UGG6006,093,2025-04-01,MAPPED,MAPPED,NON_L1,
sales_monthly_by_sku_branch_202607161619.csv,180233,39.L3.6060.UGG6007,39.L3.6060.UGG6007,000,2024-04-01,MAPPED,MAPPED,NON_L1,
sales_monthly_by_sku_branch_202607161619.csv,180234,39.L3.6060.UGG6007,39.L3.6060.UGG6007,000,2024-05-01,MAPPED,MAPPED,NON_L1,
sales_monthly_by_sku_branch_202607161619.csv,180235,39.L3.6060.UGG6007,39.L3.6060.UGG6007,093,2024-07-01,MAPPED,MAPPED,NON_L1,
sales_monthly_by_sku_branch_202607161619.csv,180236,39.L3.6060.UGG6007,39.L3.6060.UGG6007,093,2024-09-01,MAPPED,MAPPED,NON_L1,
sales_monthly_by_sku_branch_202607161619.csv,180237,39.L3.6060.UGG6010,39.L3.6060.UGG6010,000,2024-05-01,MAPPED,MAPPED,NON_L1,
sales_monthly_by_sku_branch_202607161619.csv,180238,39.L3.6060.UGG6010,39.L3.6060.UGG6010,093,2024-07-01,MAPPED,MAPPED,NON_L1,
sales_monthly_by_sku_branch_202607161619.csv,180239,39.L3.6060.UGG6010,39.L3.6060.UGG6010,093,2024-09-01,MAPPED,MAPPED,NON_L1,
sales_monthly_by_sku_branch_202607161619.csv,180240,39.L3.6060.UGG6010,39.L3.6060.UGG6010,093,2024-11-01,MAPPED,MAPPED,NON_L1,
sales_monthly_by_sku_branch_202607161619.csv,180241,39.L3.6060.USGM6002,39.L3.6060.USGM6002,093,2024-07-01,MAPPED,MAPPED,NON_L1,
sales_monthly_by_sku_branch_202607161619.csv,180242,39.L3.6060.USGM6005,39.L3.6060.USGM6005,093,2024-06-01,MAPPED,MAPPED,NON_L1,
sales_monthly_by_sku_branch_202607161619.csv,180243,39.L3.6060.USGM6005,39.L3.6060.USGM6005,093,2024-07-01,MAPPED,MAPPED,NON_L1,
sales_monthly_by_sku_branch_202607161619.csv,180244,39.L3.6060.USGM6006,39.L3.6060.USGM6006,093,2024-06-01,MAPPED,MAPPED,NON_L1,
sales_monthly_by_sku_branch_202607161619.csv,180245,39.L3.6060.USGM6007,39.L3.6060.USGM6007,093,2024-09-01,MAPPED,MAPPED,NON_L1,
sales_monthly_by_sku_branch_202607161619.csv,180246,39.L3.6060.USGM6007,39.L3.6060.USGM6007,093,2024-10-01,MAPPED,MAPPED,NON_L1,
sales_monthly_by_sku_branch_202607161619.csv,180247,39.L3.6060.USGM6008,39.L3.6060.USGM6008,050,2025-05-01,MAPPED,MAPPED,NON_L1,
sales_monthly_by_sku_branch_202607161619.csv,180248,39.L3.6060.USGM6008,39.L3.6060.USGM6008,069,2025-05-01,MAPPED,MAPPED,NON_L1,
sales_monthly_by_sku_branch_202607161619.csv,180249,39.L3.6060.USGM6008,39.L3.6060.USGM6008,073,2025-05-01,MAPPED,MAPPED,NON_L1,
sales_monthly_by_sku_branch_202607161619.csv,180250,39.L3.6060.USGM6008,39.L3.6060.USGM6008,076,2025-05-01,MAPPED,MAPPED,NON_L1,
sales_monthly_by_sku_branch_202607161619.csv,185232,40.L2.3060.UGC3600,40.L2.3060.UGC3600,093,2024-07-01,MAPPED,MAPPED,NON_L1,
sales_monthly_by_sku_branch_202607161619.csv,185233,40.L2.3060.UGC3600,40.L2.3060.UGC3600,093,2024-08-01,MAPPED,MAPPED,NON_L1,
sales_monthly_by_sku_branch_202607161619.csv,185234,40.L2.3060.UGC3600,40.L2.3060.UGC3600,093,2024-10-01,MAPPED,MAPPED,NON_L1,
sales_monthly_by_sku_branch_202607161619.csv,185235,40.L2.3060.UGC3600,40.L2.3060.UGC3600,093,2024-11-01,MAPPED,MAPPED,NON_L1,
sales_monthly_by_sku_branch_202607161619.csv,185236,40.L2.3060.UGC3600,40.L2.3060.UGC3600,093,2024-12-01,MAPPED,MAPPED,NON_L1,
sales_monthly_by_sku_branch_202607161619.csv,185237,40.L2.3060.UGC3600,40.L2.3060.UGC3600,093,2025-05-01,MAPPED,MAPPED,NON_L1,
sales_monthly_by_sku_branch_202607161619.csv,185238,40.L2.3060.UGC3600,40.L2.3060.UGC3600,093,2025-06-01,MAPPED,MAPPED,NON_L1,
sales_monthly_by_sku_branch_202607161619.csv,185239,40.L2.3060.UGC3600,40.L2.3060.UGC3600,093,2025-07-01,MAPPED,MAPPED,NON_L1,
sales_monthly_by_sku_branch_202607161619.csv,185240,40.L2.3060.UGC3600,40.L2.3060.UGC3600,093,2025-08-01,MAPPED,MAPPED,NON_L1,
sales_monthly_by_sku_branch_202607161619.csv,185241,40.L2.3060.UGC3600,40.L2.3060.UGC3600,093,2025-09-01,MAPPED,MAPPED,NON_L1,
sales_monthly_by_sku_branch_202607161619.csv,185242,40.L2.3060.UGC3600,40.L2.3060.UGC3600,093,2025-10-01,MAPPED,MAPPED,NON_L1,
sales_monthly_by_sku_branch_202607161619.csv,185243,40.L2.3060.UGC3600,40.L2.3060.UGC3600,093,2026-03-01,MAPPED,MAPPED,NON_L1,
sales_monthly_by_sku_branch_202607161619.csv,185244,40.L2.3060.UGC3600AD,40.L2.3060.UGC3600AD,093,2024-10-01,MAPPED,MAPPED,NON_L1,
sales_monthly_by_sku_branch_202607161619.csv,185245,40.L2.3060.UGC3600AV,40.L2.3060.UGC3600AV,093,2024-10-01,MAPPED,MAPPED,NON_L1,
sales_monthly_by_sku_branch_202607161619.csv,185246,40.L2.3060.UGC3600AV,40.L2.3060.UGC3600AV,093,2024-11-01,MAPPED,MAPPED,NON_L1,
sales_monthly_by_sku_branch_202607161619.csv,185247,40.L2.3060.UGC3600AV,40.L2.3060.UGC3600AV,093,2024-12-01,MAPPED,MAPPED,NON_L1,
sales_monthly_by_sku_branch_202607161619.csv,185248,40.L2.3060.UGC3600AV,40.L2.3060.UGC3600AV,093,2025-05-01,MAPPED,MAPPED,NON_L1,
sales_monthly_by_sku_branch_202607161619.csv,185249,40.L2.3060.UGC3600AV,40.L2.3060.UGC3600AV,093,2025-10-01,MAPPED,MAPPED,NON_L1,
sales_monthly_by_sku_branch_202607161619.csv,185250,40.L2.3060.UGC3600AV,40.L2.3060.UGC3600AV,093,2026-03-01,MAPPED,MAPPED,NON_L1,
sales_monthly_by_sku_branch_202607161619.csv,185251,40.L2.3060.UGC3600BD,40.L2.3060.UGC3600BD,093,2024-07-01,MAPPED,MAPPED,NON_L1,
sales_monthly_by_sku_branch_202607161619.csv,185252,40.L2.3060.UGC3600BD,40.L2.3060.UGC3600BD,093,2024-08-01,MAPPED,MAPPED,NON_L1,
sales_monthly_by_sku_branch_202607161619.csv,185253,40.L2.3060.UGC3600BV,40.L2.3060.UGC3600BV,093,2024-07-01,MAPPED,MAPPED,NON_L1,
sales_monthly_by_sku_branch_202607161619.csv,185254,40.L2.3060.UGC3600BV,40.L2.3060.UGC3600BV,093,2024-08-01,MAPPED,MAPPED,NON_L1,
sales_monthly_by_sku_branch_202607161619.csv,185255,40.L2.3060.UGC3600BV,40.L2.3060.UGC3600BV,093,2024-10-01,MAPPED,MAPPED,NON_L1,
sales_monthly_by_sku_branch_202607161619.csv,185256,40.L2.3060.UGC3600BV,40.L2.3060.UGC3600BV,093,2024-11-01,MAPPED,MAPPED,NON_L1,
sales_monthly_by_sku_branch_202607161619.csv,185257,40.L2.3060.UGC3600BV,40.L2.3060.UGC3600BV,093,2024-12-01,MAPPED,MAPPED,NON_L1,
sales_monthly_by_sku_branch_202607161619.csv,185258,40.L2.3060.UGC3600BV,40.L2.3060.UGC3600BV,093,2025-06-01,MAPPED,MAPPED,NON_L1,
sales_monthly_by_sku_branch_202607161619.csv,185259,40.L2.3060.UGC3602,40.L2.3060.UGC3602,093,2024-07-01,MAPPED,MAPPED,NON_L1,
sales_monthly_by_sku_branch_202607161619.csv,185260,40.L2.3060.UGC3602,40.L2.3060.UGC3602,093,2024-08-01,MAPPED,MAPPED,NON_L1,
sales_monthly_by_sku_branch_202607161619.csv,185261,40.L2.3060.UGC3602,40.L2.3060.UGC3602,093,2024-10-01,MAPPED,MAPPED,NON_L1,
sales_monthly_by_sku_branch_202607161619.csv,185262,40.L2.3060.UGC3602,40.L2.3060.UGC3602,093,2024-11-01,MAPPED,MAPPED,NON_L1,
sales_monthly_by_sku_branch_202607161619.csv,185263,40.L2.3060.UGC3602,40.L2.3060.UGC3602,093,2024-12-01,MAPPED,MAPPED,NON_L1,
sales_monthly_by_sku_branch_202607161619.csv,185264,40.L2.3060.UGC3602,40.L2.3060.UGC3602,093,2025-05-01,MAPPED,MAPPED,NON_L1,
sales_monthly_by_sku_branch_202607161619.csv,185265,40.L2.3060.UGC3602,40.L2.3060.UGC3602,093,2025-06-01,MAPPED,MAPPED,NON_L1,
sales_monthly_by_sku_branch_202607161619.csv,185266,40.L2.3060.UGC3602,40.L2.3060.UGC3602,093,2025-07-01,MAPPED,MAPPED,NON_L1,
sales_monthly_by_sku_branch_202607161619.csv,185267,40.L2.3060.UGC3602,40.L2.3060.UGC3602,093,2025-11-01,MAPPED,MAPPED,NON_L1,
sales_monthly_by_sku_branch_202607161619.csv,185268,40.L2.3060.UGC3602,40.L2.3060.UGC3602,093,2025-12-01,MAPPED,MAPPED,NON_L1,
sales_monthly_by_sku_branch_202607161619.csv,185269,40.L2.3060.UGC3602,40.L2.3060.UGC3602,093,2026-03-01,MAPPED,MAPPED,NON_L1,
sales_monthly_by_sku_branch_202607161619.csv,185270,40.L2.3060.UGC3602,40.L2.3060.UGC3602,093,2026-05-01,MAPPED,MAPPED,NON_L1,
sales_monthly_by_sku_branch_202607161619.csv,185271,40.L2.3060.UGC3602,40.L2.3060.UGC3602,093,2026-06-01,MAPPED,MAPPED,NON_L1,
sales_monthly_by_sku_branch_202607161619.csv,185272,40.L2.3060.UGC3602AD,40.L2.3060.UGC3602AD,093,2024-07-01,MAPPED,MAPPED,NON_L1,
sales_monthly_by_sku_branch_202607161619.csv,185273,40.L2.3060.UGC3602AD,40.L2.3060.UGC3602AD,093,2024-08-01,MAPPED,MAPPED,NON_L1,
sales_monthly_by_sku_branch_202607161619.csv,185274,40.L2.3060.UGC3602AD,40.L2.3060.UGC3602AD,093,2025-05-01,MAPPED,MAPPED,NON_L1,
sales_monthly_by_sku_branch_202607161619.csv,185275,40.L2.3060.UGC3602AD,40.L2.3060.UGC3602AD,093,2025-12-01,MAPPED,MAPPED,NON_L1,
sales_monthly_by_sku_branch_202607161619.csv,185276,40.L2.3060.UGC3602AV,40.L2.3060.UGC3602AV,093,2024-07-01,MAPPED,MAPPED,NON_L1,
sales_monthly_by_sku_branch_202607161619.csv,185277,40.L2.3060.UGC3602AV,40.L2.3060.UGC3602AV,093,2024-08-01,MAPPED,MAPPED,NON_L1,
sales_monthly_by_sku_branch_202607161619.csv,185278,40.L2.3060.UGC3602AV,40.L2.3060.UGC3602AV,093,2024-10-01,MAPPED,MAPPED,NON_L1,
sales_monthly_by_sku_branch_202607161619.csv,185279,40.L2.3060.UGC3602AV,40.L2.3060.UGC3602AV,093,2024-11-01,MAPPED,MAPPED,NON_L1,
sales_monthly_by_sku_branch_202607161619.csv,185280,40.L2.3060.UGC3602AV,40.L2.3060.UGC3602AV,093,2024-12-01,MAPPED,MAPPED,NON_L1,
sales_monthly_by_sku_branch_202607161619.csv,185281,40.L2.3060.UGC3602AV,40.L2.3060.UGC3602AV,093,2025-05-01,MAPPED,MAPPED,NON_L1,
sales_monthly_by_sku_branch_202607161619.csv,185282,40.L2.3060.UGC3602AV,40.L2.3060.UGC3602AV,093,2026-05-01,MAPPED,MAPPED,NON_L1,
sales_monthly_by_sku_branch_202607161619.csv,185283,40.L2.3060.UGC3602AV,40.L2.3060.UGC3602AV,093,2026-06-01,MAPPED,MAPPED,NON_L1,
sales_monthly_by_sku_branch_202607161619.csv,185284,40.L2.3060.UGC3602BD,40.L2.3060.UGC3602BD,093,2024-07-01,MAPPED,MAPPED,NON_L1,
sales_monthly_by_sku_branch_202607161619.csv,185285,40.L2.3060.UGC3602BD,40.L2.3060.UGC3602BD,093,2024-08-01,MAPPED,MAPPED,NON_L1,
sales_monthly_by_sku_branch_202607161619.csv,185286,40.L2.3060.UGC3602BD,40.L2.3060.UGC3602BD,093,2025-05-01,MAPPED,MAPPED,NON_L1,
sales_monthly_by_sku_branch_202607161619.csv,185287,40.L2.3060.UGC3602BV,40.L2.3060.UGC3602BV,093,2024-07-01,MAPPED,MAPPED,NON_L1,
sales_monthly_by_sku_branch_202607161619.csv,185288,40.L2.3060.UGC3602BV,40.L2.3060.UGC3602BV,093,2024-08-01,MAPPED,MAPPED,NON_L1,
sales_monthly_by_sku_branch_202607161619.csv,185289,40.L2.3060.UGC3602BV,40.L2.3060.UGC3602BV,093,2024-10-01,MAPPED,MAPPED,NON_L1,
sales_monthly_by_sku_branch_202607161619.csv,185290,40.L2.3060.UGC3602BV,40.L2.3060.UGC3602BV,093,2024-11-01,MAPPED,MAPPED,NON_L1,
sales_monthly_by_sku_branch_202607161619.csv,185291,40.L2.3060.UGC3602BV,40.L2.3060.UGC3602BV,093,2024-12-01,MAPPED,MAPPED,NON_L1,
sales_monthly_by_sku_branch_202607161619.csv,185292,40.L2.3060.UGC3602BV,40.L2.3060.UGC3602BV,093,2025-06-01,MAPPED,MAPPED,NON_L1,
sales_monthly_by_sku_branch_202607161619.csv,185293,40.L2.3060.UGC3602BV,40.L2.3060.UGC3602BV,093,2026-03-01,MAPPED,MAPPED,NON_L1,
sales_monthly_by_sku_branch_202607161619.csv,185294,40.L2.3060.USC3601,40.L2.3060.USC3601,093,2024-07-01,MAPPED,MAPPED,NON_L1,
sales_monthly_by_sku_branch_202607161619.csv,185295,40.L2.3060.USC3601,40.L2.3060.USC3601,093,2024-08-01,MAPPED,MAPPED,NON_L1,
sales_monthly_by_sku_branch_202607161619.csv,185296,40.L2.3060.USC3601,40.L2.3060.USC3601,093,2024-10-01,MAPPED,MAPPED,NON_L1,
sales_monthly_by_sku_branch_202607161619.csv,185297,40.L2.3060.USC3601,40.L2.3060.USC3601,093,2024-11-01,MAPPED,MAPPED,NON_L1,
sales_monthly_by_sku_branch_202607161619.csv,185298,40.L2.3060.USC3601,40.L2.3060.USC3601,093,2025-01-01,MAPPED,MAPPED,NON_L1,
sales_monthly_by_sku_branch_202607161619.csv,185299,40.L2.3060.USC3601D,40.L2.3060.USC3601D,093,2024-07-01,MAPPED,MAPPED,NON_L1,
sales_monthly_by_sku_branch_202607161619.csv,185300,40.L2.3060.USC3601D,40.L2.3060.USC3601D,093,2024-08-01,MAPPED,MAPPED,NON_L1,
sales_monthly_by_sku_branch_202607161619.csv,185301,40.L2.3060.USC3601V,40.L2.3060.USC3601V,093,2024-07-01,MAPPED,MAPPED,NON_L1,
sales_monthly_by_sku_branch_202607161619.csv,185302,40.L2.3060.USC3601V,40.L2.3060.USC3601V,093,2024-08-01,MAPPED,MAPPED,NON_L1,
sales_monthly_by_sku_branch_202607161619.csv,185303,40.L2.3060.USC3601V,40.L2.3060.USC3601V,093,2024-11-01,MAPPED,MAPPED,NON_L1,
sales_monthly_by_sku_branch_202607161619.csv,185304,40.L2.3060.USC3601V,40.L2.3060.USC3601V,093,2025-01-01,MAPPED,MAPPED,NON_L1,
sales_monthly_by_sku_branch_202607161619.csv,185305,40.L2.3060.USC3602,40.L2.3060.USC3602,093,2024-07-01,MAPPED,MAPPED,NON_L1,
sales_monthly_by_sku_branch_202607161619.csv,185306,40.L2.3060.USC3602,40.L2.3060.USC3602,093,2024-10-01,MAPPED,MAPPED,NON_L1,
sales_monthly_by_sku_branch_202607161619.csv,185307,40.L2.3060.USC3602,40.L2.3060.USC3602,093,2024-11-01,MAPPED,MAPPED,NON_L1,
sales_monthly_by_sku_branch_202607161619.csv,185308,40.L2.3060.USC3602,40.L2.3060.USC3602,093,2025-01-01,MAPPED,MAPPED,NON_L1,
sales_monthly_by_sku_branch_202607161619.csv,185309,40.L2.3060.USC3602D,40.L2.3060.USC3602D,093,2024-07-01,MAPPED,MAPPED,NON_L1,
sales_monthly_by_sku_branch_202607161619.csv,185310,40.L2.3060.USC3602V,40.L2.3060.USC3602V,093,2024-07-01,MAPPED,MAPPED,NON_L1,
sales_monthly_by_sku_branch_202607161619.csv,185311,40.L2.3060.USC3602V,40.L2.3060.USC3602V,093,2024-11-01,MAPPED,MAPPED,NON_L1,
sales_monthly_by_sku_branch_202607161619.csv,185312,40.L2.3060.USC3603,40.L2.3060.USC3603,093,2024-07-01,MAPPED,MAPPED,NON_L1,
sales_monthly_by_sku_branch_202607161619.csv,185313,40.L2.3060.USC3603,40.L2.3060.USC3603,093,2024-08-01,MAPPED,MAPPED,NON_L1,
sales_monthly_by_sku_branch_202607161619.csv,185314,40.L2.3060.USC3603,40.L2.3060.USC3603,093,2024-10-01,MAPPED,MAPPED,NON_L1,
sales_monthly_by_sku_branch_202607161619.csv,185315,40.L2.3060.USC3603,40.L2.3060.USC3603,093,2024-12-01,MAPPED,MAPPED,NON_L1,
sales_monthly_by_sku_branch_202607161619.csv,185316,40.L2.3060.USC3603D,40.L2.3060.USC3603D,093,2024-07-01,MAPPED,MAPPED,NON_L1,
sales_monthly_by_sku_branch_202607161619.csv,185317,40.L2.3060.USC3603D,40.L2.3060.USC3603D,093,2024-08-01,MAPPED,MAPPED,NON_L1,
sales_monthly_by_sku_branch_202607161619.csv,185318,40.L2.3060.USC3603V,40.L2.3060.USC3603V,093,2024-07-01,MAPPED,MAPPED,NON_L1,
sales_monthly_by_sku_branch_202607161619.csv,185319,40.L2.3060.USC3603V,40.L2.3060.USC3603V,093,2024-08-01,MAPPED,MAPPED,NON_L1,
sales_monthly_by_sku_branch_202607161619.csv,185320,40.L2.3060.USC3603V,40.L2.3060.USC3603V,093,2024-10-01,MAPPED,MAPPED,NON_L1,
sales_monthly_by_sku_branch_202607161619.csv,185321,40.L2.3060.USC3603V,40.L2.3060.USC3603V,093,2024-12-01,MAPPED,MAPPED,NON_L1,
sales_monthly_by_sku_branch_202607161619.csv,185322,40.L2.3060.USC3604,40.L2.3060.USC3604,093,2024-08-01,MAPPED,MAPPED,NON_L1,
sales_monthly_by_sku_branch_202607161619.csv,185323,40.L2.3060.USC3604,40.L2.3060.USC3604,093,2024-10-01,MAPPED,MAPPED,NON_L1,
sales_monthly_by_sku_branch_202607161619.csv,185324,40.L2.3060.USC3604V,40.L2.3060.USC3604V,093,2024-08-01,MAPPED,MAPPED,NON_L1,
sales_monthly_by_sku_branch_202607161619.csv,215661,41.L2.3060.D3101,41.L2.3060.D3101,067,2024-07-01,MAPPED,MAPPED,NON_L1,
sales_monthly_by_sku_branch_202607161619.csv,215662,41.L2.3060.D3101,41.L2.3060.D3101,070,2024-07-01,MAPPED,MAPPED,NON_L1,
sales_monthly_by_sku_branch_202607161619.csv,215663,41.L2.3060.D3102,41.L2.3060.D3102,067,2024-07-01,MAPPED,MAPPED,NON_L1,
sales_monthly_by_sku_branch_202607161619.csv,215664,41.L2.3060.D3102,41.L2.3060.D3102,070,2024-07-01,MAPPED,MAPPED,NON_L1,
sales_monthly_by_sku_branch_202607161619.csv,215665,41.L2.3060.D3109,41.L2.3060.D3109,093,2024-07-01,MAPPED,MAPPED,NON_L1,
sales_monthly_by_sku_branch_202607161619.csv,215666,41.L2.3060.D3110,41.L2.3060.D3110,093,2024-07-01,MAPPED,MAPPED,NON_L1,
sales_monthly_by_sku_branch_202607161619.csv,215667,41.L2.3060.D3114,41.L2.3060.D3114,000,2024-09-01,MAPPED,MAPPED,NON_L1,
sales_monthly_by_sku_branch_202607161619.csv,215668,41.L2.3060.D3114,41.L2.3060.D3114,049,2024-08-01,MAPPED,MAPPED,NON_L1,
sales_monthly_by_sku_branch_202607161619.csv,215669,41.L2.3060.D3114,41.L2.3060.D3114,049,2024-09-01,MAPPED,MAPPED,NON_L1,
sales_monthly_by_sku_branch_202607161619.csv,215670,41.L2.3060.D3114,41.L2.3060.D3114,067,2024-08-01,MAPPED,MAPPED,NON_L1,
sales_monthly_by_sku_branch_202607161619.csv,215671,41.L2.3060.D3114,41.L2.3060.D3114,067,2024-09-01,MAPPED,MAPPED,NON_L1,
sales_monthly_by_sku_branch_202607161619.csv,215672,41.L2.3060.D3114,41.L2.3060.D3114,070,2024-07-01,MAPPED,MAPPED,NON_L1,
sales_monthly_by_sku_branch_202607161619.csv,215673,41.L2.3060.D3114,41.L2.3060.D3114,079,2024-09-01,MAPPED,MAPPED,NON_L1,
sales_monthly_by_sku_branch_202607161619.csv,215674,41.L2.3060.D3114,41.L2.3060.D3114,099,2024-07-01,MAPPED,MAPPED,NON_L1,
sales_monthly_by_sku_branch_202607161619.csv,215675,41.L2.3060.D3114,41.L2.3060.D3114,099,2024-09-01,MAPPED,MAPPED,NON_L1,
sales_monthly_by_sku_branch_202607161619.csv,215676,41.L2.3060.D3116,41.L2.3060.D3116,049,2024-08-01,MAPPED,MAPPED,NON_L1,
sales_monthly_by_sku_branch_202607161619.csv,215677,41.L2.3060.D3116,41.L2.3060.D3116,049,2024-09-01,MAPPED,MAPPED,NON_L1,
sales_monthly_by_sku_branch_202607161619.csv,215678,41.L2.3060.D3116,41.L2.3060.D3116,067,2024-08-01,MAPPED,MAPPED,NON_L1,
sales_monthly_by_sku_branch_202607161619.csv,215679,41.L2.3060.D3116,41.L2.3060.D3116,067,2024-09-01,MAPPED,MAPPED,NON_L1,
sales_monthly_by_sku_branch_202607161619.csv,215680,41.L2.3060.D3116,41.L2.3060.D3116,070,2024-07-01,MAPPED,MAPPED,NON_L1,
sales_monthly_by_sku_branch_202607161619.csv,215681,41.L2.3060.D3116,41.L2.3060.D3116,070,2024-08-01,MAPPED,MAPPED,NON_L1,
sales_monthly_by_sku_branch_202607161619.csv,215682,41.L2.3060.D3116,41.L2.3060.D3116,099,2024-07-01,MAPPED,MAPPED,NON_L1,
sales_monthly_by_sku_branch_202607161619.csv,215683,41.L2.3060.D3201,41.L2.3060.D3201,067,2024-07-01,MAPPED,MAPPED,NON_L1,
sales_monthly_by_sku_branch_202607161619.csv,215684,41.L2.3060.D3209,41.L2.3060.D3209,099,2024-07-01,MAPPED,MAPPED,NON_L1,
sales_monthly_by_sku_branch_202607161619.csv,215685,41.L2.3060.D3214,41.L2.3060.D3214,049,2024-08-01,MAPPED,MAPPED,NON_L1,
sales_monthly_by_sku_branch_202607161619.csv,215686,41.L2.3060.D3214,41.L2.3060.D3214,049,2024-09-01,MAPPED,MAPPED,NON_L1,
sales_monthly_by_sku_branch_202607161619.csv,215687,41.L2.3060.D3214,41.L2.3060.D3214,067,2024-07-01,MAPPED,MAPPED,NON_L1,
sales_monthly_by_sku_branch_202607161619.csv,215688,41.L2.3060.D3214,41.L2.3060.D3214,070,2024-07-01,MAPPED,MAPPED,NON_L1,
sales_monthly_by_sku_branch_202607161619.csv,215689,41.L2.3060.D3214,41.L2.3060.D3214,099,2024-07-01,MAPPED,MAPPED,NON_L1,
sales_monthly_by_sku_branch_202607161619.csv,215690,41.L2.3060.R3101,41.L2.3060.R3101,000,2024-07-01,MAPPED,MAPPED,NON_L1,
sales_monthly_by_sku_branch_202607161619.csv,215691,41.L2.3060.R3101,41.L2.3060.R3101,049,2024-07-01,MAPPED,MAPPED,NON_L1,
sales_monthly_by_sku_branch_202607161619.csv,215692,41.L2.3060.R3101,41.L2.3060.R3101,049,2024-08-01,MAPPED,MAPPED,NON_L1,
sales_monthly_by_sku_branch_202607161619.csv,215693,41.L2.3060.R3101,41.L2.3060.R3101,067,2024-07-01,MAPPED,MAPPED,NON_L1,
sales_monthly_by_sku_branch_202607161619.csv,215694,41.L2.3060.R3101,41.L2.3060.R3101,079,2024-07-01,MAPPED,MAPPED,NON_L1,
sales_monthly_by_sku_branch_202607161619.csv,215695,41.L2.3060.R3102,41.L2.3060.R3102,067,2024-07-01,MAPPED,MAPPED,NON_L1,
sales_monthly_by_sku_branch_202607161619.csv,215696,41.L2.3060.R3103,41.L2.3060.R3103,049,2024-07-01,MAPPED,MAPPED,NON_L1,
sales_monthly_by_sku_branch_202607161619.csv,215697,41.L2.3060.R3103,41.L2.3060.R3103,049,2024-08-01,MAPPED,MAPPED,NON_L1,
sales_monthly_by_sku_branch_202607161619.csv,215698,41.L2.3060.R3103,41.L2.3060.R3103,067,2024-07-01,MAPPED,MAPPED,NON_L1,
sales_monthly_by_sku_branch_202607161619.csv,215699,41.L2.3060.R3103,41.L2.3060.R3103,070,2024-07-01,MAPPED,MAPPED,NON_L1,
sales_monthly_by_sku_branch_202607161619.csv,215700,41.L2.3060.R3104,41.L2.3060.R3104,067,2024-07-01,MAPPED,MAPPED,NON_L1,
sales_monthly_by_sku_branch_202607161619.csv,215701,41.L2.3060.R3104,41.L2.3060.R3104,099,2024-07-01,MAPPED,MAPPED,NON_L1,
sales_monthly_by_sku_branch_202607161619.csv,215702,41.L2.3060.R3105,41.L2.3060.R3105,067,2024-07-01,MAPPED,MAPPED,NON_L1,
sales_monthly_by_sku_branch_202607161619.csv,215703,41.L2.3060.R3106,41.L2.3060.R3106,099,2024-07-01,MAPPED,MAPPED,NON_L1,
sales_monthly_by_sku_branch_202607161619.csv,215704,41.L2.3060.R3107,41.L2.3060.R3107,067,2024-07-01,MAPPED,MAPPED,NON_L1,
sales_monthly_by_sku_branch_202607161619.csv,215705,41.L2.3060.R3107,41.L2.3060.R3107,099,2024-07-01,MAPPED,MAPPED,NON_L1,
sales_monthly_by_sku_branch_202607161619.csv,215706,41.L2.3060.R3108,41.L2.3060.R3108,067,2024-07-01,MAPPED,MAPPED,NON_L1,
sales_monthly_by_sku_branch_202607161619.csv,215707,41.L2.3060.R3108,41.L2.3060.R3108,099,2024-07-01,MAPPED,MAPPED,NON_L1,
sales_monthly_by_sku_branch_202607161619.csv,215708,41.L2.3060.R3109,41.L2.3060.R3109,067,2024-07-01,MAPPED,MAPPED,NON_L1,
sales_monthly_by_sku_branch_202607161619.csv,215709,41.L2.3060.R3109,41.L2.3060.R3109,099,2024-07-01,MAPPED,MAPPED,NON_L1,
sales_monthly_by_sku_branch_202607161619.csv,215710,41.L2.3060.R3114,41.L2.3060.R3114,014,2024-08-01,MAPPED,MAPPED,NON_L1,
sales_monthly_by_sku_branch_202607161619.csv,215711,41.L2.3060.R3114,41.L2.3060.R3114,023,2024-08-01,MAPPED,MAPPED,NON_L1,
sales_monthly_by_sku_branch_202607161619.csv,215712,41.L2.3060.R3114,41.L2.3060.R3114,099,2024-07-01,MAPPED,MAPPED,NON_L1,
sales_monthly_by_sku_branch_202607161619.csv,215713,41.L2.3060.R3116,41.L2.3060.R3116,023,2024-08-01,MAPPED,MAPPED,NON_L1,
sales_monthly_by_sku_branch_202607161619.csv,215714,41.L2.3060.R3116,41.L2.3060.R3116,099,2024-07-01,MAPPED,MAPPED,NON_L1,
sales_monthly_by_sku_branch_202607161619.csv,215715,41.L2.3060.R3201,41.L2.3060.R3201,049,2024-07-01,MAPPED,MAPPED,NON_L1,
sales_monthly_by_sku_branch_202607161619.csv,215716,41.L2.3060.R3201,41.L2.3060.R3201,067,2024-07-01,MAPPED,MAPPED,NON_L1,
sales_monthly_by_sku_branch_202607161619.csv,215717,41.L2.3060.R3201,41.L2.3060.R3201,070,2024-07-01,MAPPED,MAPPED,NON_L1,
sales_monthly_by_sku_branch_202607161619.csv,215718,41.L2.3060.R3201,41.L2.3060.R3201,070,2024-10-01,MAPPED,MAPPED,NON_L1,
sales_monthly_by_sku_branch_202607161619.csv,215719,41.L2.3060.R3207,41.L2.3060.R3207,067,2024-07-01,MAPPED,MAPPED,NON_L1,
sales_monthly_by_sku_branch_202607161619.csv,215720,41.L2.3060.R3207,41.L2.3060.R3207,099,2024-07-01,MAPPED,MAPPED,NON_L1,
sales_monthly_by_sku_branch_202607161619.csv,215721,41.L2.6060.M6154,41.L2.6060.M6154,072,2024-06-01,MAPPED,MAPPED,NON_L1,
sales_monthly_by_sku_branch_202607161619.csv,218773,47.L2.6060.AFP96666,47.L2.6060.AFP96666,067,2025-09-01,MAPPED,MAPPED,NON_L1,
sales_monthly_by_sku_branch_202607161619.csv,218774,47.L2.6060.CDP6666,47.L2.6060.CDP6666,067,2025-10-01,MAPPED,MAPPED,NON_L1,
sales_monthly_by_sku_branch_202607161619.csv,218775,47.L2.8080.CTN8002DB.01,47.L2.8080.CTN8002DB,017,2025-04-01,MAPPED,MAPPED,NON_L1,
sales_monthly_by_sku_branch_202607161619.csv,218776,47.L2.8080.CTN8002DB.01,47.L2.8080.CTN8002DB,017,2025-05-01,MAPPED,MAPPED,NON_L1,
sales_monthly_by_sku_branch_202607161619.csv,218777,47.L2.8080.CTN8002DB.01,47.L2.8080.CTN8002DB,017,2025-06-01,MAPPED,MAPPED,NON_L1,
sales_monthly_by_sku_branch_202607161619.csv,218778,47.L2.8080.CTN8002DB.01,47.L2.8080.CTN8002DB,017,2025-07-01,MAPPED,MAPPED,NON_L1,
sales_monthly_by_sku_branch_202607161619.csv,218779,47.L2.8080.CTN8002DB.01,47.L2.8080.CTN8002DB,017,2025-08-01,MAPPED,MAPPED,NON_L1,
sales_monthly_by_sku_branch_202607161619.csv,218780,47.L2.8080.CTN8002DB.01,47.L2.8080.CTN8002DB,017,2025-09-01,MAPPED,MAPPED,NON_L1,
sales_monthly_by_sku_branch_202607161619.csv,218781,47.L2.8080.CTN8002DB.01,47.L2.8080.CTN8002DB,017,2025-10-01,MAPPED,MAPPED,NON_L1,
sales_monthly_by_sku_branch_202607161619.csv,218782,47.L2.8080.CTN8002DB.01,47.L2.8080.CTN8002DB,017,2025-11-01,MAPPED,MAPPED,NON_L1,
sales_monthly_by_sku_branch_202607161619.csv,218783,47.L2.8080.CTN8002DB.01,47.L2.8080.CTN8002DB,017,2025-12-01,MAPPED,MAPPED,NON_L1,
sales_monthly_by_sku_branch_202607161619.csv,218784,47.L2.8080.CTN8002DB.01,47.L2.8080.CTN8002DB,017,2026-01-01,MAPPED,MAPPED,NON_L1,
sales_monthly_by_sku_branch_202607161619.csv,218785,47.L2.8080.CTN8002DB.01,47.L2.8080.CTN8002DB,080,2025-05-01,MAPPED,MAPPED,NON_L1,
sales_monthly_by_sku_branch_202607161619.csv,218786,47.L2.8080.FP18666,47.L2.8080.FP18666,080,2025-08-01,MAPPED,MAPPED,NON_L1,
sales_monthly_by_sku_branch_202607161619.csv,218787,47.L2.8080.FP18666,47.L2.8080.FP18666,080,2025-10-01,MAPPED,MAPPED,NON_L1,
sales_monthly_by_sku_branch_202607161619.csv,218828,48.L2.100100.STA101111,48.L2.100100.STA101111,093,2025-07-01,MAPPED,MAPPED,NON_L1,
sales_monthly_by_sku_branch_202607161619.csv,218829,48.L3.60120.GVN6127,48.L3.60120.GVN6127,000,2026-05-01,MAPPED,MAPPED,NON_L1,
