tree
version=v4
num_class=1
num_tree_per_iteration=1
label_index=0
max_feature_idx=52
objective=binary sigmoid:1
feature_names=sku_global_roll_3_mean sku_global_lag_3 sku_global_lag_1 size_branch_target_available_sku_count_lag_1 pair_lag_1 pair_roll_3_mean pair_roll_6_mean sku_global_positive_rate_12m sku_known_branch_count_to_origin pair_roll_3_sum pair_roll_12_sum pair_roll_6_sum sku_global_roll_6_mean pair_positive_rate_to_origin target_working_days_proxy pair_cv2_positive_to_origin tile_size_code size_branch_lag_2 size_branch_roll_12_mean sku_global_roll_12_mean pair_roll_3_std pair_lag_2 size_branch_positive_sku_count_lag_1 target_month_sin months_since_last_positive pair_roll_12_mean target_days_since_prev_tet_from_midmonth size_branch_lag_1 pair_lag_12 target_days_to_next_tet_from_midmonth sku_global_roll_6_sum target_public_holiday_event_count sku_global_lag_12 target_lunar_month_mid pair_roll_3_positive_count sku_ever_positive_branch_count_to_origin pair_lag_6 size_branch_lag_6 pair_lag_3 pair_last_positive_m2_to_origin size_branch_roll_3_mean size_branch_lag_12 pair_roll_6_positive_count pair_roll_12_positive_count pair_peak_positive_m2_to_origin pair_adi_target_available_to_origin sku_global_lag_2 sku_global_lag_6 target_month_num months_since_first_positive pair_roll_6_std pair_roll_12_std pair_roll_12_target_available_count
feature_infos=[0:22618.98] [0:31196.16] [0:31196.16] [0:335] [0:13108.32] [0:8577.3600000000006] [0:8577.3600000000006] [0:1] [1:46] [0:22056.48] [0:67647] [0:36991.5] [0:22618.98] [0:1] [17:23] [0:7.1449178117273702] -1:8:14:17:11:12:7:6:5:3:13:10:0:16:4:2:1:15 [0:65640.959999999992] [0:47521.4375] [0:22618.98] [0:5490.7199999999993] [0:13108.32] [0:138] [-1:1] [0:20] [0:8577.3600000000006] [17:340] [0:65640.959999999992] [0:9367.2000000000007] [14:367] [0:84486.419999999984] [0:2] [0:31196.16] [1:12] [0:3] [0:46] [0:13108.32] [0:65640.959999999992] [0:13108.32] [0.029999999999999999:13108.32] [0:59159.5] [0:65640.959999999992] [0:6] [0:12] [0.029999999999999999:13108.32] [1:21] [0:31196.16] [0:31196.16] [1:12] [0:20] [0:5490.7199999999993] [0:5490.7199999999993] [0:12]
tree_sizes=6825 6910 6923 6912 6950 6928 6953 6929 6995 6973 6954 6934 6941 6971 6997 6933 6874 6975 7004 6985 6966 6948 6960 6976 6930 6977 7053 6970 6989 6995 6949 6996 6971 7002 6956 7006 6969 6998 6965 6950 6970 6977 6989 6994 7015 6971 7040 7030 6985 6985 7024 7020 7005 7002 7046 6983 7031 6978 7002 6991 7016 6989 6985 6984 7001 7016 7007 7056 6994 7041 7055 6992 7009 6981 7016 6981 7002 7082 7016 6961 7066 7040 7020 7016 7028 7044 7020 7059 7040 6981 7039 6989 7030 7038 6972 7040 7034 7033 7057 6987

Tree=0
num_leaves=63
num_cat=2
split_feature=45 2 20 2 0 45 34 34 24 7 34 47 22 47 47 34 47 45 5 2 48 2 4 45 4 33 16 22 22 42 44 37 34 22 45 47 48 17 1 17 22 52 2 39 42 48 16 2 23 25 42 22 32 51 48 20 47 24 3 40 2 2
split_gain=63853.9 11959.2 7164.23 2296.48 2036.69 1906.42 982.986 799.494 750.333 620.981 547.402 532.382 519.447 394.726 391.486 386.695 355.927 318.761 304.744 292.583 251.854 193.197 183.226 180.475 168.272 166.274 161.694 156.792 156.51 146.943 144.274 137.58 126.891 121.959 117.629 113.518 108.239 106.35 104.149 134.833 101.248 100.758 98.8597 98.4478 98.2134 98.107 97.7906 97.1882 96.9854 93.2408 93.1841 92.6803 89.3483 88.9138 88.4246 82.9709 82.2132 81.9697 81.8533 78.3343 76.8894 76.6241
threshold=1.5192307692307694 387.69 1.0000000180025095e-35 64.120000000000019 346.05000000000001 1.2071428571428573 2.5000000000000004 2.5000000000000004 5.5000000000000009 0.95833333333333337 1.5000000000000002 inf 1.0000000180025095e-35 inf inf 1.5000000000000002 1.0000000180025095e-35 2.0500000000000003 139.08166666666671 87.125000000000014 3.5000000000000004 1261.1400000000001 3.0800000000000005 2.0500000000000003 1.0000000180025095e-35 1.5000000000000002 0 1.0000000180025095e-35 1.0000000180025095e-35 1.5000000000000002 380.63500000000005 15866.640000000001 1.5000000000000002 1.0000000180025095e-35 1.1715686274509807 inf 11.500000000000002 13571.190000000001 1581.3000000000002 7704.7500000000009 29.500000000000004 3.5000000000000004 1133.8200000000004 15.850000000000001 1.5000000000000002 3.5000000000000004 1 466.12000000000006 0.68301270189221941 341.11000000000007 3.5000000000000004 35.500000000000007 1309.9200000000003 98.3204011700211 10.500000000000002 1.0000000180025095e-35 1416.7800000000004 1.5000000000000002 49.500000000000007 6778.3500000000004 616.59000000000003 4.3500000000000005
decision_type=8 10 8 10 10 10 2 2 8 8 2 8 2 8 8 2 10 10 10 10 2 10 10 10 8 2 9 2 2 2 10 8 2 2 10 8 2 10 8 8 2 2 10 10 2 2 9 10 2 10 2 2 10 8 2 8 10 8 2 10 10 10
left_child=1 3 8 10 9 7 11 14 19 23 13 15 -7 -1 27 55 57 30 25 61 51 49 52 -4 -12 -9 -13 -3 -21 -18 33 -28 -29 -6 54 50 46 40 53 -40 58 -10 -20 -27 -30 -24 -17 -35 -37 -22 -26 -16 -14 -33 56 -5 -8 -11 -23 -19 -34 -2
right_child=2 5 4 6 17 12 34 18 41 16 24 26 22 -15 20 36 29 59 42 28 21 37 45 -25 35 43 31 32 44 -31 -32 38 60 47 -36 48 -38 -39 39 -41 -42 -43 -44 -45 -46 -47 -48 -49 -50 -51 -52 -53 -54 -55 -56 -57 -58 -59 -60 -61 -62 -63
leaf_value=-1.0010005148520966 -1.015149206706546 -1.0114666720063687 -0.993622393247795 -0.99997090005836919 -1.0005970543139096 -1.0153791594023491 -0.92490266274472899 -0.93222526472287837 -0.99378559751398643 -0.96505429887672645 -0.98070781140056429 -0.96663911479123954 -0.93814689885545943 -0.96953258601286429 -0.95444420262547369 -0.95090554065951571 -1.0003011637399495 -0.97359373668862881 -0.89792544452296541 -1.0198700852955709 -0.90982383453181659 -0.89702288743901826 -0.94288702403401226 -1.0077353295694116 -0.98322198848629716 -0.91176457982541192 -0.92469226575524777 -0.93988718943187211 -1.0003618801495988 -0.98613078903233431 -0.97302800836389103 -0.94394825744161837 -0.93590251525624168 -0.96162874578889102 -0.94273473490857596 -0.95510292219175685 -0.93252524436944328 -0.93505649093397947 -0.91196728850908371 -0.94702867544736113 -0.8826874382720058 -1.0195037720664986 -0.88046330397938966 -0.89612487947465203 -0.98679074810552614 -0.92154666016153841 -0.96919502933569857 -0.94594712002354842 -0.91796893362887122 -0.94232102008301166 -0.96045679870850464 -0.91320802655854316 -0.96239597384142095 -0.97106454594882941 -0.90853969047726257 -0.97527903114876002 -0.96212317212972298 -0.98078359135978888 -0.9329253921069629 -0.99681978196563337 -0.91527825329681101 -1.0076925901833693
leaf_weight=1525.9972424805164 3331.8054664283991 25.629633903503418 1877.4964183568954 195.91288816928864 62.391627117991447 93.985664367675781 1137.5523230433464 209.43053436279297 190.543462023139 1018.1425347775221 727.04000425338745 305.20555591583252 1064.6296616345644 717.303466796875 171.08083979785442 1021.7144248485565 1259.951764896512 1173.5166134387255 565.49692153930664 383.09186792373657 1237.8951654434204 533.90420134365559 325.27049599587917 2731.1186257600784 296.85621792078018 665.2436536103487 652.72622013092041 538.87183900177479 2099.2557800263166 3110.6329457610846 525.55904388427734 368.7852570861578 290.69679045677185 735.38525235652924 450.45081520080566 349.71052980422974 246.78414154052734 76.499140352010727 213.20442771911621 370.3749862909317 723.86080640554428 16260.545059204102 1700.2678833007812 2316.6306902617216 951.3711668998003 1556.6084149479866 594.50410771369934 1435.4022201299667 114.45066404342651 122.19993209838867 847.65027517080307 110.47668774425983 227.51044750213623 247.97644104063511 426.40817356109619 1086.0890649557114 78.684830009937286 673.78850115835667 95.971654549241066 208.6340446472168 1067.4114206284285 3508.6284694671631
leaf_count=7680 16768 129 9449 986 314 473 5725 1054 959 5124 3659 1536 5358 3610 861 5142 6341 5906 2846 1928 6230 2687 1637 13745 1494 3348 3285 2712 10565 15655 2645 1856 1463 3701 2267 1760 1242 385 1073 1864 3643 81835 8557 11659 4788 7834 2992 7224 576 615 4266 556 1145 1248 2146 5466 396 3391 483 1050 5372 17658
internal_value=-0.976922 -0.933555 -1.00375 -0.959115 -0.984224 -0.911248 -0.947057 -0.90395 -1.01457 -0.992308 -0.978595 -0.95508 -0.934602 -0.99094 -0.914102 -0.964273 -0.984945 -0.963392 -0.894672 -1.00714 -0.906331 -0.903141 -0.932199 -1.00199 -0.966737 -0.901718 -0.941696 -0.926548 -0.998794 -0.99022 -0.95652 -0.937862 -0.925383 -0.952639 -0.926749 -0.960425 -0.954096 -0.894087 -0.944736 -0.93413 -0.891805 -1.01921 -0.884785 -0.899591 -0.996134 -0.925215 -0.957415 -0.95125 -0.94584 -0.912716 -0.966362 -0.938096 -0.942402 -0.954824 -0.922389 -0.979067 -0.927297 -0.971317 -0.902415 -0.977112 -0.919659 -1.01133
internal_weight=67232.2 25695 41537.3 11975.4 14812 13719.6 7396.37 10451.6 26725.2 10671.1 4579.01 5303.28 3268 2243.3 4994.5 3145 6062.52 4140.89 5457.07 10274.2 3071.89 2790.33 3174.02 4608.62 2335.71 3191.3 2158.27 1922.61 3433.72 4370.58 2758.74 1853.07 1896.98 2233.18 2093.1 1608.67 1863 1430.24 1200.34 583.579 1353.74 16451.1 2265.76 2981.87 3050.63 1881.88 1616.22 2170.79 464.161 1360.1 1144.51 281.558 1292.14 616.762 1642.65 1282 1216.24 1691.93 629.876 1382.15 1358.11 6840.43
internal_count=338362 129316 209046 60269 74545 69047 37224 52600 134501 53705 23045 26690 16447 11290 25136 15828 30511 20840 27464 51707 15460 14043 15974 23194 11755 16061 10862 9676 17281 21996 13884 9326 9547 11239 10534 8096 9376 7198 6041 2937 6813 82794 11403 15007 15353 9471 8134 10925 2336 6845 5760 1417 6503 3104 8267 6452 6121 8515 3170 6956 6835 34426
cat_boundaries=0 1 2
cat_threshold=75799 132536
is_linear=0
shrinkage=1


Tree=1
num_leaves=63
num_cat=0
split_feature=45 2 20 2 0 4 34 42 34 47 22 34 47 47 42 47 34 45 2 2 22 48 17 35 4 22 24 2 18 37 13 2 27 23 4 13 26 42 5 47 2 19 44 52 45 48 19 1 51 7 17 42 23 48 0 2 45 20 32 26 27 32
split_gain=59028.2 10518.8 6899.41 2094.64 1907.42 1643.33 873.932 736.018 699.555 555.7 543.563 511.149 480.254 440.091 406.333 372.896 354.928 333.434 287.427 284.395 203.762 190.349 179.384 159.069 155.078 150.435 149.216 146.292 142.314 137.972 134.648 129.59 123.304 112.017 120.773 111.478 110.745 128.129 106.089 102.998 102.122 100.531 98.9267 98.4276 97.2182 96.8682 91.4255 90.7941 94.2474 90.5516 89.9098 85.9692 85.957 84.895 84.688 82.5995 79.1557 78.1497 77.8114 77.774 77.5632 75.9821
threshold=1.5192307692307694 387.69 1.0000000180025095e-35 64.120000000000019 282.90000000000003 3.8550000000000009 2.5000000000000004 1.0000000180025095e-35 2.5000000000000004 inf 1.0000000180025095e-35 1.5000000000000002 inf 5507.3600000000015 1.5000000000000002 inf 1.5000000000000002 2.0500000000000003 1133.8200000000004 104.99500000000002 39.500000000000007 3.5000000000000004 7159.8600000000015 3.5000000000000004 1.0000000180025095e-35 1.0000000180025095e-35 1.5000000000000002 16.215000000000007 12867.354415584417 1098.8150000000003 0.94281045751633996 466.12000000000006 1.0000000180025095e-35 0.68301270189221941 2.0350000000000006 0.8377192982456142 31.000000000000004 4.5000000000000009 139.08166666666671 inf 1543.4100000000003 1994.9635714285719 380.63500000000005 3.5000000000000004 2.535714285714286 11.500000000000002 515.29666666666674 1768.3000000000002 98.3204011700211 0.82575757575757591 7704.7500000000009 3.5000000000000004 0.68301270189221941 11.500000000000002 602.04000000000008 4.3500000000000005 1.8819444444444446 1.0000000180025095e-35 1309.9200000000003 31.000000000000004 13395.420000000002 1178.0800000000002
decision_type=8 10 8 10 10 10 2 2 2 8 2 2 8 8 2 8 2 10 10 10 2 2 10 2 8 2 10 10 10 10 10 10 8 2 8 10 2 2 8 8 10 10 8 2 10 2 10 8 8 10 8 2 2 2 10 10 8 8 10 2 10 10
left_child=1 3 7 11 9 10 12 43 13 14 -3 15 16 36 49 -1 57 31 30 55 21 -15 40 -11 -13 -21 53 -16 46 47 -10 -6 -33 34 -25 -8 -7 54 -20 51 -23 -32 -34 -2 -27 58 -22 48 -14 -4 -49 -26 -41 -12 -38 -9 -29 -5 -18 -37 -56 -61
right_child=2 5 4 6 17 8 35 19 18 23 26 24 29 20 27 -17 45 -19 38 25 28 22 -24 33 39 44 -28 56 -30 -31 41 32 42 -35 -36 59 37 -39 -40 52 -42 -43 -44 -45 -46 -47 -48 50 -50 -51 -52 -53 -54 -55 60 -57 -58 -59 -60 61 -62 -63
leaf_value=-0.023497861229155644 -0.016404803499667185 -0.037251106796853617 -0.038517268926870872 -0.022484439855341279 0.0088460042966518552 0.01585891015375198 0.031520088126321739 -0.037556601306704476 0.054418380940971255 -0.016548470221983542 0.040523585324824633 -0.0036597849479375649 0.029754480715648565 0.026255292933031981 -0.022453418357692601 0.0071070734215545909 0.020960715194498852 -0.001731917489597791 0.075071848446378112 -0.042381784830825504 0.058909465092270366 0.057755364644174113 0.021983104357126259 -0.0059659566140710168 -0.0060978279064659337 -0.0086289834731237969 0.019123991579956659 -0.0021376715626533348 0.035778710573789778 0.047414261543521949 0.074407696129157666 -0.026711736156342814 0.02943891386222082 0.018595489416016225 0.022382222057651145 0.021720570197047075 0.029067268481460903 0.063787711491913396 0.088048360546761573 0.020849423539878439 0.075621621660728139 0.044740611731783071 0.010160405209925739 -0.041921423793881411 -0.022613202220855434 0.04200073329011645 0.083240398205481583 0.051790899563667704 0.0060575290000150191 -0.025756363124054969 0.026515584168448847 0.015770475036559303 0.05543260191614454 0.062104700300788747 0.049383549716206017 -0.029910336635160066 -0.013690405500177305 0.0015844110288049647 -0.0067619119493901375 0.055087722818304673 -0.0066678395746660353 0.019829140116587908
leaf_weight=1509.280596151948 189.08547556400299 117.56216050684452 1069.2438856959343 193.86310577392578 1185.309831738472 142.69668243825436 440.62861633300781 3273.6432689428329 777.22717094421387 590.55110025405884 1787.3184829801321 725.792156457901 506.17539423704147 202.2258632183075 1593.0697108507156 719.70086669921875 1495.4969430863857 1588.7913740873337 1435.7902499437332 348.69151258468628 241.96275210380554 959.16206473112106 127.16470366716385 1059.0573262125254 296.00794500112534 912.49376863241196 372.29090441763401 1154.5570871382952 102.91495704650879 622.85994338989258 1731.1690742969513 57.217357948422432 1452.2274836748838 491.56502437591553 221.79651986062527 103.42303228378296 405.48225831985474 478.8357367515564 1866.9186619520187 353.15069437026978 700.27914142608643 158.20077204704285 422.20840048789978 15944.188751220703 1840.8546662926674 251.69848823547363 1120.8376445770264 298.0052382349968 346.80990946292877 1916.2737998962402 418.38788747787476 853.95013123750687 117.46643209457397 259.41276979446411 1102.0606300532818 3756.9142990112305 1960.6252231448889 1086.8971138000488 134.77190724015236 1515.6964958310127 30.865492612123489 80.29343193769455
leaf_count=7680 959 602 5450 986 5944 704 2184 16768 3799 2992 8806 3659 2512 1005 8087 3610 7460 8004 6994 1790 1184 4691 626 5337 1494 4622 1847 5839 506 3069 8427 290 7211 2470 1115 510 1999 2351 9021 1760 3409 770 2119 81835 9357 1242 5453 1464 1737 9755 2080 4266 576 1278 5423 19170 9932 5466 674 7444 152 396
internal_value=-1.36814e-05 0.041036 -0.0262184 0.0170434 -0.00707306 0.0615427 0.0284339 -0.0369782 0.0671314 -0.0156785 0.0360044 -0.00161779 0.0208718 0.0582345 -0.0202375 -0.0136173 0.0121393 0.0113171 0.0754884 -0.0295787 0.0659961 0.0586178 0.0622642 -0.000832224 0.00978232 -0.0207388 0.0395785 -0.0138277 0.0759609 0.033459 0.0668614 0.017967 0.0235564 0.00441064 -0.00104347 0.0473375 0.045796 0.0479048 0.0824315 0.0158011 0.0653359 0.0719486 0.0251042 -0.0416234 -0.0179835 0.0218076 0.0789668 0.0278937 0.0201381 -0.030338 0.0370871 0.010141 0.0295806 0.0432879 0.0429229 -0.0334755 -0.00941076 -0.00207349 0.0186662 0.0514178 0.0478519 0.0533274
internal_weight=67219.1 26190.7 41028.4 12070.4 14762.5 14120.4 7495.01 26265.9 11583.8 10056.7 2536.58 4575.35 5354.97 5614.49 7693.77 2228.98 3162.73 4705.75 5969.31 10132.6 3454.55 1988.83 1786.61 2362.97 2346.37 3102.04 2419.02 4708.25 1465.72 2192.24 2666.6 3116.96 1931.65 1772.42 1280.85 2140.04 2159.94 2017.24 3302.71 1620.58 1659.44 1889.37 1874.44 16133.3 2753.35 1881.97 1362.8 1569.38 852.985 2985.52 716.393 1149.96 470.617 2046.73 1538.41 7030.56 3115.18 1280.76 1630.27 1699.41 1132.93 1595.99
internal_count=338362 129316 209046 60269 74545 69047 37224 134501 56514 50977 12533 23045 26690 27503 39063 11290 15828 23568 29011 51707 16874 9731 8726 11914 11755 15769 11931 23858 7143 10862 12996 15564 9620 8922 6452 10534 10629 9925 16015 8096 8100 9197 9330 82794 13979 9376 6637 7793 4249 15205 3544 5760 2336 10084 7574 35938 15771 6452 8134 8350 5575 7840
is_linear=0
shrinkage=0.035


Tree=2
num_leaves=63
num_cat=5
split_feature=45 2 20 4 0 2 34 47 24 7 22 21 16 4 47 2 13 45 2 21 0 47 45 22 32 27 29 42 17 44 16 1 13 18 19 27 20 16 1 1 47 13 24 0 18 46 16 2 29 45 2 29 3 24 39 2 40 29 16 24 18 8
split_gain=54658.7 9432.72 6646.65 2044.43 1787.64 1229.69 1018.39 744.614 723.058 572.416 537.255 525.137 381.038 372.285 315.031 275.838 268.453 268.125 247.927 189.602 176.542 184.952 170.474 160.991 159.326 145.834 143.941 133.165 130.943 127.147 119.009 118.744 117.422 112.658 110.249 109.488 108.128 99.1769 98.8025 97.2731 97.1099 92.6871 89.9857 87.4578 84.5589 84.0118 83.033 80.8795 80.3217 78.6403 78.0765 73.2017 73.0439 72.8347 71.3553 69.7054 68.7435 68.3116 66.518 66.3911 65.7607 64.8246
threshold=1.5192307692307694 186.31500000000003 1.0000000180025095e-35 3.8550000000000009 346.05000000000001 616.59000000000003 1.5000000000000002 inf 5.5000000000000009 0.95833333333333337 1.0000000180025095e-35 7.410000000000001 0 1.4450000000000001 inf 104.99500000000002 0.94281045751633996 2.183333333333334 563.94000000000017 1.4650000000000001 68.65333333333335 860.28000000000009 2.0500000000000003 39.500000000000007 973.2600000000001 1.0000000180025095e-35 353.00000000000006 1.5000000000000002 6802.4700000000021 380.63500000000005 1 397.89000000000004 0.8377192982456142 12867.354415584417 1432.9850000000004 1.0000000180025095e-35 1.0000000180025095e-35 2 5337.0000000000009 681.3900000000001 inf 0.39444444444444454 1.5000000000000002 17.33666666666667 10757.017500000002 10.020000000000001 3 4.3500000000000005 353.00000000000006 1.1715686274509807 466.12000000000006 207.50000000000003 64.500000000000014 1.5000000000000002 102.41000000000001 37.125000000000007 6778.3500000000004 323.50000000000006 4 9.5000000000000018 10757.017500000002 17.500000000000004
decision_type=8 10 8 10 10 8 2 8 8 8 2 10 9 8 8 10 10 10 10 10 10 10 10 2 10 10 2 2 10 10 9 8 10 10 10 8 8 9 8 8 8 10 10 10 10 10 9 10 2 10 10 2 2 8 10 10 10 2 9 8 10 2
left_child=1 6 8 10 9 12 7 36 15 22 -3 23 19 55 27 47 51 29 24 39 -15 30 -4 28 46 -17 54 -11 48 35 49 -9 -21 38 -34 -6 -1 -33 -25 -5 59 -27 44 -39 58 -38 -12 -2 52 -22 -37 -13 -7 -16 -18 -8 -19 -48 -20 -10 -56 -36
right_child=2 3 4 5 17 11 13 31 40 14 18 16 -14 20 53 25 26 56 42 32 21 -23 -24 33 -26 41 -28 -29 -30 -31 -32 37 34 -35 61 50 45 43 -40 -41 -42 -43 -44 -45 -46 -47 57 -49 -50 -51 -52 -53 -54 -55 60 -57 -58 -59 -60 -61 -62 -63
leaf_value=-0.032173979612707307 -0.036906884446681096 -0.035660405107227316 -0.015794951223943372 0.029923206165003276 -0.023019029906780855 0.055265551505838548 -0.0033310508548321347 0.00058179520323305492 -0.038955168969003293 -0.022221327339070649 -0.0034601202539123635 0.064876618501548244 0.021703634509307783 0.013496818267515812 0.011151882413637926 -0.041752566807164132 0.072298745081967528 0.0028741951677650713 0.0041758061452547793 0.039687982488942279 0.047934463402083981 -0.0024061321131187861 -0.029645285232777627 0.059514534529998088 -0.00059083795919416462 -0.02205739474528073 0.050688759612157852 -0.0086087432055665294 0.011101367716181752 0.0032711068177168697 0.022701770033329214 -0.00078822445059942075 0.061579746640811346 0.022501578875445492 0.056260766415772573 0.014212445477334202 -0.027280403034380996 0.00096757786820461655 0.081346617464641946 0.048485040862390735 -0.0182138230839059 -0.0083610175883912802 0.022525087795138628 0.033496028010709847 0.0082754329536792182 -0.0093987294793468866 0.033162770515760408 -0.029280274425419257 0.017972399355407967 0.029477947215878798 0.028032977373191371 0.049065880179446283 0.036143704579261714 -0.003663787965581733 0.082946614765903523 0.011642528810128571 -0.01927954820539492 0.0067321087812281279 0.047417362507338197 -0.043572270469251571 0.061549053058410831 0.01052599666449079
leaf_weight=518.11884407699108 3215.7252837270498 145.86784969270229 1849.2438455224037 738.15682125091553 63.306336432695389 1508.8655174672604 710.63217127323151 502.91520059108734 7611.2574547678232 1232.6401689052582 102.66581428050995 1064.2844160050154 827.90376438200474 1022.9769512414932 1026.2960577309132 341.69723510742188 2087.9096355438232 1130.0230875760317 59.252016067504883 493.7916961312294 802.14451530575752 185.93257233500481 2661.335656106472 748.84667587280273 294.27031326293945 1821.5580930709839 271.15683746337891 3083.1286952495575 109.99028396606445 542.45830917358398 833.80751395225525 198.68168696761131 1731.6177635788918 74.677822113037109 66.490975499153137 758.88988597691059 430.0968371629715 121.99989461898804 405.04366397857666 664.51723122596741 228.2767333984375 908.87631320953369 272.74889849126339 596.14857915043831 76.350986480712891 1278.5974361598492 1130.6562420129776 3704.394359588623 90.017250776290894 447.56861186027527 1492.1100729107857 572.53059692680836 301.67950573563576 671.95363709330559 2393.9849152565002 818.78915023803711 201.26858997344971 134.620197057724 1508.3156650215387 7976.0795555114746 205.80411577224731 88.113906860351562
leaf_count=2665 16768 755 9449 3617 324 7209 3574 2506 39856 6341 506 5061 4026 5064 5124 1790 9857 5683 287 2402 3892 914 13745 3567 1465 9357 1290 15655 535 2715 4085 987 8291 362 319 3779 2203 610 1905 3214 1174 4622 1342 2929 370 6514 5540 19170 440 2201 7316 2732 1444 3391 11241 4047 1023 663 7291 41764 971 423
internal_value=-2.57619e-05 0.0389163 -0.0256269 0.0531341 -0.00685202 0.0590964 0.00840722 -0.00554897 -0.0363295 -0.0145477 0.0300016 0.0660922 0.0441625 0.0189606 -0.00747676 -0.0289527 0.0717723 0.0124861 0.0326871 0.0488844 0.0255874 0.0310291 -0.0239717 0.0545077 0.0227717 -0.0202129 0.0758501 -0.0125009 0.0483465 0.0185297 0.0340125 0.0142524 0.0550465 0.0645429 0.0590441 0.0221033 -0.0181744 0.0217424 0.0672419 0.0387452 -0.0409881 -0.017503 0.0412697 0.0275954 0.0443641 -0.0139131 0.0277941 -0.0328291 0.050495 0.0410253 0.023382 0.0593796 0.0521011 0.005291 0.0772944 0.00468756 -0.00048703 0.0301203 0.0461155 -0.0413204 0.0812771 0.0304303
internal_weight=67159.1 26638.5 40520.5 18170.1 14712.7 14445.4 8468.41 3646.56 25807.9 10524.6 3724.75 9834.79 4610.59 4821.85 6014.02 9992.25 6595.67 4188.06 3578.88 3782.69 3292.43 2269.45 4510.58 3239.12 1662.21 3072.13 4958.86 4315.77 2010.55 2856.76 2083.52 1419.75 2380.01 1228.57 1886.22 2314.31 2226.81 916.83 1153.89 1402.67 15815.6 2730.43 1916.67 718.148 1643.92 1708.69 1367.94 6920.12 1900.56 1249.71 2251 1636.82 1810.55 1698.25 4687.7 1529.42 1331.29 1265.28 1567.57 15587.3 2599.79 154.605
internal_count=338362 129316 209046 87125 74545 68906 42191 18414 134501 53705 18219 46614 22292 23777 30511 51707 31152 20840 17464 18266 16156 11092 23194 15462 8174 15769 23359 21996 9628 14134 10178 7032 11435 5834 9033 11419 11382 4526 5472 6831 82794 13979 9290 3539 7948 8717 6709 35938 9093 6093 11095 7793 8653 8515 22069 7621 6706 6203 7578 81620 12212 742
cat_boundaries=0 1 2 3 4 5
cat_threshold=21928 416 75855 10240 2048
is_linear=0
shrinkage=0.035


Tree=3
num_leaves=63
num_cat=0
split_feature=45 2 20 45 0 2 4 24 0 47 34 27 42 45 2 2 5 21 7 47 21 26 4 8 1 46 22 32 2 17 2 22 32 48 17 27 32 47 47 1 19 32 42 8 7 33 4 34 2 2 44 48 34 34 33 44 1 2 40 9 35 40
split_gain=50687.9 8442.82 6405.13 1842.57 1678.84 1076.78 941.069 711.264 562.372 503.754 444.843 429.04 370.946 311.782 293.571 267.97 256.231 250.45 194.477 180.915 183.414 178.642 170.005 153.919 147.431 150.522 143.438 143.388 127.719 118.67 117.168 115.705 111.156 108.91 108.871 106.428 103.261 100.636 95.1865 95.0167 91.8473 91.1967 89.8077 87.3734 85.8641 84.9151 108.934 84.8237 83.4747 80.1175 79.6153 77.3663 76.5597 75.9725 73.1774 72.2508 72.8313 71.8082 71.1075 70.0911 70.0844 68.3522
threshold=1.5192307692307694 186.31500000000003 1.0000000180025095e-35 1.2071428571428573 256.17000000000007 942.3900000000001 1.0000000180025095e-35 5.5000000000000009 62.408333333333339 inf 2.5000000000000004 1.0000000180025095e-35 1.5000000000000002 2.0500000000000003 563.94000000000017 87.125000000000014 0.60000000000000198 11.350000000000001 0.95833333333333337 860.28000000000009 1.4650000000000001 55.000000000000007 11.560000000000002 3.5000000000000004 inf 109.10000000000002 1.0000000180025095e-35 1070.7700000000002 16.215000000000007 10266.120000000001 466.12000000000006 39.500000000000007 2072.2750000000001 9.5000000000000018 7159.8600000000015 1.0000000180025095e-35 486.88000000000005 inf inf 681.3900000000001 960.54000000000008 802.53000000000009 1.5000000000000002 18.500000000000004 0.95833333333333337 4.5000000000000009 1.4450000000000001 1.5000000000000002 7.6850000000000014 41.800000000000004 380.63500000000005 11.500000000000002 1.5000000000000002 1.5000000000000002 1.5000000000000002 200.92000000000004 inf 4.3500000000000005 13450.990000000003 1.4400000000000011 13.500000000000002 6778.3500000000004
decision_type=8 10 8 10 10 8 8 8 10 8 2 10 2 10 10 10 10 10 10 10 10 2 10 2 8 8 2 10 10 8 10 2 10 2 10 8 10 8 8 8 10 10 2 2 10 2 10 2 10 10 8 2 2 2 2 8 8 10 10 10 2 10
left_child=1 6 7 5 9 10 16 15 18 12 21 -5 48 30 27 57 -1 31 47 20 39 -3 -19 -11 25 -23 -17 51 -14 -26 55 34 52 40 -7 -32 44 58 -9 53 -12 49 -28 -42 -22 -25 -47 -8 -4 -18 -37 -13 -27 -10 -24 56 -6 -2 59 -16 -20 -15
right_child=2 3 4 11 13 17 8 38 19 23 33 14 28 61 37 26 41 22 60 -21 36 24 54 45 29 32 42 -29 -30 -31 35 -33 -34 -35 -36 50 -38 -39 -40 -41 43 -43 -44 -45 -46 46 -48 -49 -50 -51 -52 -53 -54 -55 -56 -57 -58 -59 -60 -61 -62 -63
leaf_value=-0.029305854002749467 -0.036276534015761454 0.014800624757076717 -0.036902813703433041 -0.035606128555641825 0.0097674555122806636 0.051798796932305588 -0.023986967725131869 -0.040711019687145841 0.0011599115612013556 -0.018023343635245843 0.056008940941187912 0.023331806074754581 -0.021484483812931131 0.00043235121033929235 0.0052967169675142986 -0.041079640990904734 -0.0077708790624442196 0.053043209793581243 0.012072310090109405 -0.0044923452569726151 0.013962186221369102 0.014089712922807392 0.052122707828424583 0.0152163603112938 0.061746648791068413 0.032025689354699571 -0.021836761116941772 -0.0012696465063987859 -0.009084539572013689 0.037372422588842318 -0.025781199101745141 0.066761092555310847 0.0087788311576589631 0.064720256080505245 0.0024503666066700955 0.026588393837639474 0.0028198209702016129 0.052209345980895994 -0.017735257773813354 0.02905611366910785 0.048241879154191723 -0.022294358564750441 -0.0087210163802795455 0.01783464248256704 0.038045732127840119 -0.0058890563922158528 0.021972017583371271 0.00091632109799056401 -0.024624615161343323 0.0074769345314443895 0.0094220865402371047 0.04649170219354027 0.047173413624567187 0.020481565560595542 0.074098591352255397 -0.0042329298064554214 0.039792382883562516 -0.028884704595367957 0.002455149091194592 0.039048714306672373 -0.0083433755923608272 -0.019478219066464658
leaf_weight=613.93694312870502 3158.140559643507 355.21525597572327 1133.8228467553854 113.9080753326416 832.15465462207794 1262.6721737384796 403.58119781315327 15272.570805102587 509.2290253341198 498.02012515068054 1378.122846364975 1413.2169933319092 1556.7468080669641 1441.1038044691086 78.868777364492416 360.84683227539062 870.21296405792236 605.87921357154846 1263.4175753593445 253.53773948550224 205.91563515365124 330.760293379426 205.55826878547668 561.69513964653015 617.38779067993164 638.32179805636406 2036.0208335220814 270.38033103942871 2942.9230926334858 416.50044631958008 56.106806680560112 791.43708467483521 133.67081750929356 1210.3075942993164 57.35230827331543 1497.2899692803621 128.18759149312973 665.11397361755371 226.3092041015625 522.54553939402103 376.83447249233723 268.89762878417969 935.0840115249157 169.30422441661358 1620.3317260742188 1021.102437093854 205.67521803081036 285.85915303230286 1721.2576950490475 817.93483781814575 426.70379090309143 202.5987286567688 1193.0933282375336 487.60429662466049 4106.9196991920471 409.8361701965332 111.56207275390625 3363.1806468963623 72.900819778442383 1880.7255882322788 245.33047151565552 246.47768592834473
leaf_count=3197 16768 1712 5942 600 4154 5905 2066 81620 2564 2562 6428 6850 8054 7263 384 1928 4440 2843 6266 1256 1004 1601 956 2803 2899 3067 10565 1336 15051 1980 290 3649 646 5622 278 7258 623 3134 1174 2528 1755 1368 4788 797 7793 5169 1023 1416 8985 4067 2127 974 5670 2373 18772 2048 553 17658 349 8918 1230 1263
internal_value=-3.58496e-05 0.0369778 -0.0250516 0.0502135 -0.00663785 0.0566394 0.00808329 -0.0357005 0.0157551 -0.0151842 0.0467154 0.0312611 -0.0196444 0.00977168 0.0329301 -0.0283416 -0.00959782 0.0662586 0.00171308 0.0240337 0.0261163 0.0384486 0.0706085 -0.000834969 0.0409661 0.0359888 -0.0202553 0.0223174 -0.0133784 0.0519731 0.0159754 0.0560974 0.0396658 0.0564185 0.0496582 0.0213996 0.033209 0.0403396 -0.0403767 0.016977 0.051166 -0.00340348 -0.0177132 0.0388654 0.0353394 0.00395872 -0.00120392 -0.0136751 -0.0295118 -0.000383015 0.0227881 0.0262627 0.0419142 0.0106222 0.0730634 0.0080306 0.0133552 -0.0324694 0.0364316 0.0376937 0.00874928 -0.00248548
internal_weight=67058.2 27043.6 40014.6 18547.1 14662.5 13849.3 8496.52 25352.2 5925.54 9641.24 6819.52 4697.71 7354.75 5021.23 4583.81 9853.27 2570.98 7029.82 2198.19 3727.35 3473.81 3684.95 4918.36 2286.49 3329.73 2295.85 3331.95 1886.2 4499.67 1033.89 3333.65 2111.46 1965.09 3134.57 1320.02 1980.1 1954.43 2697.61 15498.9 1519.38 1924.26 1957.05 2971.1 546.139 1826.25 1788.47 1226.78 689.44 2855.08 1688.15 1923.99 1615.82 1831.42 996.833 4312.48 1353.55 943.717 6521.32 2032.5 1959.59 1508.75 1687.58
internal_count=338362 129316 209046 87125 74545 64580 42191 134501 29119 49589 32177 22545 38032 24956 21945 51707 13072 32403 10978 18141 16885 17575 22571 11557 15863 10984 17281 9160 23105 4879 16430 9832 9383 14602 6183 9675 9420 12785 82794 7465 8980 9875 15353 2552 8797 8995 6192 3482 14927 8507 9385 7824 8737 4937 19728 6755 4707 34426 9651 9302 7496 8526
is_linear=0
shrinkage=0.035


Tree=4
num_leaves=63
num_cat=4
split_feature=45 2 20 4 0 2 34 24 1 7 27 21 16 2 45 2 2 13 45 1 21 45 36 20 32 22 4 33 27 2 17 13 2 2 32 44 30 19 16 45 1 19 1 32 1 33 33 16 40 16 33 24 46 40 40 3 33 27 23 27 32 45
split_gain=47063.4 7591.09 6173.72 1653.65 1574.22 973.469 883.829 700.662 634.351 479.569 460.681 384.185 339.306 314.706 260.452 248.52 204.336 189.051 187.026 176.177 164.261 155.935 152.289 150.516 135.051 125.181 113.277 103.302 103.186 102.01 101.817 101.811 101.391 98.7818 93.925 93.1248 89.0882 88.8857 85.7641 85.23 82.9022 76.285 76.1429 75.8513 74.6864 74.1956 72.7741 72.0898 70.9913 69.0746 66.6655 65.1372 63.4472 63.0051 62.7031 62.2474 61.8445 59.9766 59.8474 57.4089 67.9684 57.1791
threshold=1.5192307692307694 186.31500000000003 1.0000000180025095e-35 3.8550000000000009 282.90000000000003 672.21000000000015 1.5000000000000002 4.5000000000000009 inf 0.95833333333333337 1.0000000180025095e-35 5.8050000000000006 0 29.010000000000002 2.0500000000000003 16.215000000000007 563.94000000000017 0.94281045751633996 1.0954545454545457 681.3900000000001 1.0850000000000002 2.0500000000000003 1.0000000180025095e-35 1.0000000180025095e-35 1309.9200000000003 39.500000000000007 2.7100000000000004 1.5000000000000002 1.0000000180025095e-35 168.75000000000003 6802.4700000000021 0.87867647058823539 57.895000000000003 25.580000000000005 802.53000000000009 200.92000000000004 35.655000000000008 819.42300000000012 1 2.0500000000000003 681.3900000000001 1291.0786363636366 5337.0000000000009 1441.6800000000001 5337.0000000000009 9.5000000000000018 1.5000000000000002 2 13450.990000000003 3 1.5000000000000002 9.5000000000000018 682.72000000000014 6778.3500000000004 6025.0800000000008 61.500000000000007 5.5000000000000009 13395.420000000002 0.68301270189221941 1.0000000180025095e-35 inf 1.2426470588235297
decision_type=8 10 8 10 10 10 2 8 8 8 10 10 9 8 10 10 10 10 10 8 10 10 8 8 10 2 10 2 10 10 10 10 10 10 10 10 10 10 9 8 8 10 8 10 8 2 2 9 10 9 2 8 8 10 10 2 2 10 2 10 8 10
left_child=1 6 7 10 9 12 8 15 23 21 -3 25 20 -8 26 -2 24 56 34 32 40 -4 51 -1 49 30 35 -19 -17 -30 50 -22 58 -25 38 44 -10 -20 -15 -34 -5 45 57 46 -6 -33 -18 -38 61 -12 -7 -9 -14 59 -31 -52 -13 -27 -11 -16 -61 -48
right_child=2 3 4 5 14 11 13 22 36 19 16 17 52 18 53 28 43 27 37 -21 31 -23 -24 33 -26 42 -28 -29 29 54 -32 41 39 -35 -36 -37 47 -39 -40 -41 -42 -43 -44 -45 -46 -47 48 -49 -50 -51 55 -53 -54 -55 -56 -57 -58 -59 -60 60 -62 -63
leaf_value=-0.030972543561108887 -0.033564815952065709 -0.03468944598013874 -0.015160270917985073 0.027812003349489606 0.012756193735572532 0.014719773021276842 0.0027843907311782489 -0.037858436400812587 0.0018431564801397009 -0.017252864027103944 -0.0038316591304447048 0.04202992037222731 0.014411595085927268 0.039015079589773925 -0.030734209569289638 -0.037869918906079339 0.013661672818439165 0.046130080299519365 0.018151630876949317 0.011424120692437131 0.038726826607113164 -0.028676685832789234 -0.031854410305914439 -0.019476508234928195 -0.0051940910432303096 0.053756909138643977 0.025982302534236622 0.068591058702012278 -0.023423001462568611 -0.0084573874825668825 0.0098764880162970654 0.052353987967004779 0.0012715424451512902 -0.0041836069463542383 -0.012286515959045992 0.0010668858277601972 0.032478401962121532 -0.0096302386210896877 0.016883213182076657 -0.01182166089054772 0.044029603776410887 0.034204235388222107 0.069766865860294319 0.020902530713106084 0.032893526946971875 0.069211464074873191 0.050568638628709021 0.0027522417511389244 0.0033748713206591518 0.026232378230877425 0.050102022197792924 -0.042573301848807525 0.033850851043935745 -0.018347647334238722 -0.026335845942097338 0.032803437865549741 0.057719553930219533 0.013893947695008181 -0.0036385498493702473 -0.0075944069417152905 0.0090827388719784911 0.036712211998608878
leaf_weight=503.08294476568699 2896.113319426775 141.98029045760632 1776.4142441153526 800.54603338241577 1251.6757291406393 83.727005988359451 1307.8184471130371 7119.7242052257061 238.46989610791206 2017.597301363945 105.05535137653351 433.58554124832153 622.2073553353548 1080.1458120346069 63.971114233136177 367.40554618835449 120.92353524267673 273.70794677734375 1960.1624311804771 538.59503877162933 737.97415155172348 2555.7420130372047 3226.45387840271 815.75904957950115 218.70853233337402 666.51833772659302 947.27068066596985 4797.8393049240112 2144.3597626686096 1311.6051745414734 104.95907402038574 1394.2544120550156 1361.203862786293 1413.7655086517334 54.937653183937073 710.64160346984863 521.9217574596405 151.40029007196426 336.90679585933685 1100.8940654993057 762.31267142295837 218.39610379934311 440.86280822753906 306.30991411209106 275.16749626398087 432.97802686691284 724.47258315980434 138.07526537775993 56.383660554885864 1375.029550909996 1410.1992308795452 7540.0878159999847 308.57414925098419 231.68436908721924 293.8062744140625 320.99269986152649 1204.3701009750366 50.5662841796875 492.70818328857422 471.06629061698914 817.5239372253418 773.68591833114624
leaf_count=2665 15596 755 9220 3824 6099 400 6499 38800 1182 10393 512 1993 2957 5118 322 1987 569 1254 9525 2674 3463 13546 17237 4228 1087 3043 4616 21438 11349 6814 504 6389 6925 7165 271 3511 2497 748 1616 5674 3552 1011 1977 1452 1338 1970 3358 677 269 6575 6477 41189 1451 1198 1529 1486 5481 236 2545 2371 4113 3642
internal_value=-4.51118e-05 0.0351945 -0.0244913 0.0475667 -0.00643073 0.0527842 0.00777309 -0.0350894 -0.005308 -0.0144266 0.0269965 0.0593213 0.0406513 0.0174828 0.0100722 -0.0257059 0.0293849 0.0640293 0.0228448 -0.00757487 0.0447753 -0.023139 -0.0387671 -0.0136959 0.0204572 0.0490407 0.0158396 0.0673882 -0.0201709 -0.0184271 0.043501 0.0499913 -0.00963467 -0.00978534 0.0324222 0.0115358 0.0201899 0.016156 0.034163 -0.00458533 0.0357455 0.0540341 0.05818 0.0370236 0.0164045 0.0563842 0.0399566 0.0268061 0.041992 0.0242486 0.045439 -0.0402862 0.0206638 -0.00152448 -0.0117437 0.0469154 0.0535945 0.0509692 -0.0145832 0.00136864 0.00298496 0.0434421
internal_weight=66921.3 27409.6 39511.7 18887.1 14612.2 15064.6 8522.45 24899.6 3631.07 9843.15 3822.55 9787.33 5277.24 4891.37 4769 7013.29 3680.57 6709.5 3583.55 5511 4346.46 4332.16 17886.3 2732.61 1698.79 3077.83 3184.76 5071.55 4117.18 3749.77 1919.88 2783.6 4972.4 2229.52 1471.99 2237.48 898.467 2111.56 1417.05 2462.1 1562.86 2045.63 1157.95 1981.78 1526.84 1827.23 1675.47 659.997 1554.54 1480.08 1814.92 14659.8 930.782 1584.25 1605.41 1731.19 1637.96 717.085 2510.31 1352.56 1288.59 1498.16
internal_count=338362 129316 209046 87125 74545 68906 42191 134501 18414 50977 18219 44289 24617 23777 23568 37275 17464 30166 17278 28211 20209 22766 97226 14058 8174 14123 15564 22692 21679 19692 8867 12833 25537 11393 7005 10948 4356 10273 6734 12599 7376 9370 5256 9290 7437 8359 7838 3174 7269 7087 8363 79989 4408 8004 8343 7963 7474 3279 12938 6806 6484 7000
cat_boundaries=0 1 2 3 4
cat_threshold=21928 16800 152992 10240
is_linear=0
shrinkage=0.035


Tree=5
num_leaves=63
num_cat=3
split_feature=45 2 20 45 0 2 4 50 47 0 42 27 34 2 16 2 5 45 16 29 34 8 2 47 47 27 47 5 32 21 34 47 27 44 8 2 27 52 2 23 4 27 41 26 1 47 16 19 32 45 45 48 46 34 2 47 4 24 41 34 44 51
split_gain=43750.8 6852.22 5952.21 1496.18 1479.52 872.784 822.224 689.525 490.799 488.141 392.199 363.233 314.387 255.338 252.963 239.395 229.566 208.768 193.3 188.574 179.108 152.819 147.127 143.099 140.422 134.619 125.115 124.597 123.804 114.178 113.811 148.686 103.693 103.588 103.187 95.4919 94.9052 94.8791 94.8528 94.1728 104.259 93.8051 91.4801 89.4522 88.5174 87.3582 87.0917 85.8837 84.0353 83.2707 78.743 74.21 72.451 70.1559 67.5496 67.0046 78.6831 65.3731 63.1398 62.2254 62.1857 61.892
threshold=1.5192307692307694 186.31500000000003 1.0000000180025095e-35 1.2071428571428573 346.05000000000001 616.59000000000003 1.0000000180025095e-35 1.0000000180025095e-35 inf 51.386666666666663 1.5000000000000002 1.0000000180025095e-35 2.5000000000000004 168.75000000000003 0 563.94000000000017 0.60000000000000198 2.183333333333334 1 353.00000000000006 2.5000000000000004 3.5000000000000004 25.580000000000005 inf 860.28000000000009 1.0000000180025095e-35 inf 139.08166666666671 1070.7700000000002 1.4650000000000001 1.5000000000000002 inf 1.0000000180025095e-35 380.63500000000005 15.500000000000002 7.6850000000000014 13395.420000000002 3.5000000000000004 4.3500000000000005 0.68301270189221941 2.0350000000000006 1.0000000180025095e-35 2573.1800000000003 31.000000000000004 1415.5100000000004 inf 2 884.49000000000012 631.98000000000013 2.8166666666666669 1.8819444444444446 11.500000000000002 365.22000000000008 1.5000000000000002 29.010000000000002 3809.7900000000004 2.0350000000000006 8.5000000000000018 14263.560000000001 2.5000000000000004 316.90000000000003 2.8800000000000017
decision_type=8 10 8 10 10 10 8 8 8 10 2 10 2 10 9 10 10 10 9 2 2 2 10 8 10 10 8 8 10 10 2 8 10 10 2 10 10 2 10 2 8 8 8 2 8 8 9 10 10 10 10 2 10 2 10 8 10 8 10 2 10 10
left_child=1 6 7 5 8 14 16 37 10 30 35 -5 19 38 -3 28 -1 33 24 23 26 -10 -12 32 29 -15 -16 43 46 44 31 -8 -7 41 52 -4 42 -2 -9 40 -23 -6 -25 -14 -11 58 -13 -22 54 -27 -24 -48 -20 -34 -18 56 -43 -39 59 -17 -19 -44
right_child=2 3 4 11 17 12 9 13 21 18 22 15 27 25 20 45 48 60 34 -21 47 39 50 36 -26 49 -28 -29 -30 -31 -32 -33 53 -35 -36 -37 -38 57 -40 -41 -42 55 61 -45 -46 -47 51 -49 -50 -51 -52 -53 -54 -55 -56 -57 -58 -59 -60 -61 -62 -63
leaf_value=-0.028130275619269896 -0.013947145875298409 0.0057229752062573679 -0.035919155964179092 -0.034394752849543894 -0.022457769508621349 -0.034800160630425778 -0.024850992543958852 -0.035111686061030413 -0.017000839712092063 0.013677226098913363 -0.019162256360671395 0.048102731499934596 0.033838288995334635 -0.040547317576369819 0.024920857042229266 0.030484222793928564 -0.0082902287642224043 0.0040137660120469973 0.011882219628661247 0.016356323384138307 0.052345772286961217 -0.004973053752759464 0.00052242879429673279 0.039035077287824273 -0.0074536087718480764 -0.0052563274795248893 0.041172754624661599 0.068385553482949099 -0.0016698216208571809 0.036192024338008666 0.0089208329199704783 0.002760040502220422 0.031571651252863167 0.0026501111131264103 -0.0085156921903259616 -0.02286637998430277 0.03110809105447461 -0.036555454171354501 -0.026976719840069874 0.016025365462108303 0.020070603081882538 0.010181425998481597 0.05551046149686055 0.059134779844883412 0.036226973123712758 0.047158691237442603 0.017800017746757373 0.03462167371675251 -0.019347590734739396 -0.019684300879058016 -0.01122239646727205 0.041442715001598886 0.032721762645376892 0.048542295652903737 0.0061305475692604245 0.029035296436310504 0.026571304743401913 -0.041395778751791672 -0.002079307908342278 0.045397723033407653 -0.01348199883339306 0.067553575597249962
leaf_weight=597.06382413208485 181.23331832885742 293.40295076370239 1110.2419513165951 109.94814872741699 62.588577881455421 20.123506546020508 403.78565937280655 3048.574182510376 509.17150127887726 702.13785025477409 1918.6856260597706 164.48371148109436 187.93809612095356 263.65097522735596 1057.0367825031281 1586.333284497261 696.01491904258728 998.15031383931637 1172.5308681279421 197.62416076660156 1496.3230276107788 1147.6351303160191 1134.8687864094973 287.17358936369419 132.78050239384174 809.50775103271008 1305.6224060058594 2444.4624356478453 271.65266990661621 1340.5149486660957 847.77681255340576 582.5997314453125 421.84486451745033 546.56497001647949 257.65816986560822 1827.0926473736763 176.51617237925529 5683.5494323968887 4216.013391494751 601.5256986618042 246.51679083704948 946.79109907150269 1393.6921809017658 2657.4607353210449 306.78525532782078 688.65054130554199 1301.1530907154083 442.79488682746887 332.54194164276123 1244.3183321505785 1820.5648462623358 185.8507661819458 247.27166417241096 1094.333356231451 926.24761581420898 782.94834333658218 579.00236731767654 9004.2714599370956 61.908318519592285 444.46891629695892 330.40925407409668 901.08427439630032
leaf_count=3197 959 1391 5996 600 324 106 2116 16768 2658 3444 10085 776 854 1467 5001 7346 3575 5022 5679 919 6732 5846 5795 1292 654 4196 6017 10658 1336 6294 4153 2893 1943 2715 1260 9715 805 31589 22696 2971 1220 4573 6216 11730 1444 3134 6180 2012 1710 6580 9419 868 1182 4939 4590 3752 2770 50246 290 2015 1684 3965
internal_value=-5.24953e-05 0.033552 -0.0239444 0.0451597 -0.00622946 0.0508156 0.00748123 -0.0344945 -0.0133866 0.0145643 -0.0177091 0.0282624 0.0567295 -0.0271668 0.0382165 0.0297337 -0.00915473 0.011157 0.0211955 0.0498874 0.0403239 9.49529e-05 -0.011617 0.0514262 0.0274032 -0.0170389 0.0339154 0.0625295 0.0202209 0.0294921 -0.000477762 -0.0085565 0.0427924 0.016392 0.0117654 -0.0278106 0.0562174 -0.0392146 -0.0303949 0.00446305 -0.000533571 0.0195569 0.0579213 0.0574764 0.0205631 0.0363016 0.0238206 0.0483184 -0.00334753 -0.0140029 -0.0067138 0.0206421 0.0155321 0.0438445 -5.78326e-05 0.0207051 0.0164143 -0.0395254 0.032708 0.033769 -0.000344252 0.0602668
internal_weight=66751.5 27737.6 39013.9 19191.9 14562.8 14377.4 8545.71 24451.1 10316.3 5993.84 7811.45 4814.45 9782.25 9582.06 4595.18 4704.5 2551.87 4246.45 4159.68 4492.39 4301.78 2504.85 4874.12 4294.77 2482.22 2317.48 2362.66 5289.86 1923.14 2349.44 1834.16 986.385 1536.3 2917.9 1677.46 2937.33 2758.47 14869.1 7264.59 1995.68 1394.15 2371.33 2581.95 2845.4 1008.92 2781.36 1651.49 1939.12 1954.8 2053.83 2955.43 1487 1419.8 1516.18 1622.26 2308.74 1525.79 14687.8 2092.71 2030.8 1328.56 2294.78
internal_count=338362 129316 209046 87125 74545 64580 42191 134501 53705 29119 41010 22545 43427 51707 21153 21945 13072 20840 19957 20185 19762 12695 25299 19266 11836 12243 11018 23242 9160 11182 9162 5009 6988 14134 8121 15711 12278 82794 39464 10037 7066 11419 11473 12584 4888 12785 7824 8744 9875 10776 15214 7048 6861 6882 8165 11095 7343 81835 9651 9361 6706 10181
cat_boundaries=0 1 2 3
cat_threshold=10260 1464 1160
is_linear=0
shrinkage=0.035


Tree=6
num_leaves=63
num_cat=5
split_feature=13 2 20 4 2 2 24 24 7 47 27 16 13 34 42 21 47 2 34 24 23 2 36 19 13 1 48 18 16 34 22 27 48 42 2 52 29 19 2 40 2 22 17 20 47 19 8 16 17 46 2 51 4 24 1 17 16 18 37 7 16 22
split_gain=40483.5 6334.24 5716.74 1395.81 1378.62 834.288 824.467 683.053 511.769 394.037 388.096 372.859 363.941 302.352 278.901 239.291 238.614 236.411 222.768 178.969 172.435 152.893 148.116 128.306 111.947 110.16 112.528 122.142 105.521 99.878 97.3532 94.8133 94.1338 93.4056 93.2905 90.5649 90.0286 89.4431 87.9946 86.9368 88.2342 84.0973 82.6658 82.4211 82.2353 81.101 87.4439 78.7902 78.3655 76.9126 75.1618 67.6041 66.5815 65.3055 65.2869 85.5012 64.5463 63.1511 61.199 61.1518 60.6628 60.6035
threshold=0.64495798319327746 186.31500000000003 1.0000000180025095e-35 3.8550000000000009 104.99500000000002 942.3900000000001 1.5000000000000002 4.5000000000000009 0.95833333333333337 inf 1.0000000180025095e-35 0 0.48809523809523814 2.5000000000000004 1.5000000000000002 2.9200000000000004 1.0000000180025095e-35 16.215000000000007 2.5000000000000004 1.5000000000000002 0.68301270189221941 466.12000000000006 1.0000000180025095e-35 49.157500000000006 0.93095238095238109 inf 11.500000000000002 450.0800000000001 1 1.5000000000000002 1.0000000180025095e-35 1.0000000180025095e-35 9.5000000000000018 3.5000000000000004 387.69 9.5000000000000018 323.50000000000006 433.36500000000007 7.6850000000000014 8043.4800000000005 563.94000000000017 39.500000000000007 6802.4700000000021 1.0000000180025095e-35 733.86000000000013 960.54000000000008 18.500000000000004 2 10266.120000000001 55.470000000000006 4.3500000000000005 145.2612023551556 172.89000000000001 9.5000000000000018 1.4650000000000001 9353.6000000000004 3 5655.8175000000019 4372.6550000000016 0.82575757575757591 4 1.0000000180025095e-35
decision_type=10 10 8 8 10 8 10 8 10 8 10 9 8 2 2 10 10 10 2 10 2 10 8 10 10 8 2 10 9 2 2 8 2 2 10 2 2 10 10 10 10 2 10 8 10 10 2 9 8 10 10 8 10 8 10 8 9 10 8 10 9 2
left_child=2 6 7 10 9 11 8 17 29 14 -3 18 35 16 59 41 23 -1 25 28 38 -14 53 -10 -17 26 27 -5 -12 -2 -19 -23 45 -18 -32 61 56 -35 -11 40 -30 42 -7 -8 58 -20 -47 -25 -27 -22 -16 -33 60 -9 55 -49 -13 -36 -15 -4 -26 -6
right_child=1 3 4 5 12 15 43 22 13 20 19 36 21 44 50 24 33 30 32 -21 49 31 -24 47 52 48 -28 -29 39 -31 34 51 -34 37 57 -37 -38 -39 -40 -41 -42 -43 -44 -45 -46 46 -48 54 -50 -51 -52 -53 -54 -55 -56 -57 -58 -59 -60 -61 -62 -63
leaf_value=-0.032362379542259539 -0.018439710417496334 -0.034238668501175219 -0.036848067105100156 0.050870326997027003 -0.031925982775977434 0.042324227644077297 -0.030353145967240196 -0.036693372077279379 0.0063470771521442785 -0.022797318184067716 -0.0021506202521175467 0.031535505555891921 0.0054895287770145591 0.024850942191471104 -0.022964957592978768 0.04976322397287896 -0.0051780102251559532 -0.036691674902109783 0.048979561585153188 0.0074525712919222492 -0.0027568071583414454 -0.026467547039649337 -0.030704266414098267 0.0051821206222712485 0.016167840828436301 0.05628951415961899 0.05499895259358524 0.027387997214603582 0.024870554018518565 0.00023573134980619422 -0.020561111970845123 0.023495530295527672 0.057288234256323844 0.014965478352978605 -0.002669819488995698 -0.01417310091505993 -0.0016745859927294778 -0.0043542808030933187 -0.003121983741876382 0.0099812050340622009 0.038503502052452981 0.054231765876235419 0.0064025107353886009 -0.011839813991919112 0.0035146712358979653 0.041628041806485917 0.009678866841982145 0.048283022001006357 0.034019594656639292 0.02111561684557357 -0.011241087561721033 0.0073530259850219069 0.066630255623123483 -0.041514349557258183 0.020701659188937158 0.022435895747483062 0.013061569717803884 -0.025209681224575675 0.039673347416078877 -0.025238470069077371 0.058684795677197539 0.0013505158921211706
leaf_weight=2784.1504077613354 594.97507908940315 139.71084010601044 912.78112760186195 313.84944635629654 69.024084448814392 1356.3133690357208 530.00328031182289 6830.1989518553019 637.23516654968262 429.81289863586426 135.40186053514481 732.59618377685547 2104.8910140991211 745.3636302947998 897.79181131720543 1313.8833780288696 936.16987442970276 350.73991727828979 1415.4334969520569 579.83095082640648 271.21977019309998 53.933444425463676 3115.2990264892578 230.499103307724 71.186086654663086 504.84438800811768 255.99608135223389 2054.614353120327 1052.9216354191303 852.69032192230225 2770.6523129940033 1569.3749803453684 1177.1077346801758 968.76669289171696 702.70353198051453 842.64780044555664 174.87691497802734 420.436373218894 788.43148040771484 232.00144815444946 1325.1442092061043 854.82914686203003 83.708043098449707 666.57635194063187 139.38443946838379 375.13495498895645 146.56700605154037 347.21227559447289 324.70439434051514 421.60408806800842 2651.8436508178711 399.91574972867966 1887.3567487895489 7210.3104390352964 645.92026296257973 290.84914779663086 413.62304151058197 193.50031280517578 643.3550500869751 1461.1337108612061 2574.4476306736469 1574.2604042291641
leaf_count=15520 3092 769 5024 1436 355 6050 2896 38739 3130 2253 644 3348 10543 3494 4793 5794 4686 1969 6266 2782 1374 283 17169 1118 310 2237 1163 9434 4933 4186 14927 7431 5167 4745 3690 4368 820 2088 4010 1078 6004 3742 395 3469 671 1663 663 1601 1468 2076 13813 1967 8081 41189 3095 1363 1922 1024 2999 7879 11114 8050
internal_value=-5.92901e-05 0.0318278 -0.0234276 0.0428868 -0.00603901 0.0472411 0.00689857 -0.0339138 0.0112287 -0.0159716 0.0227335 0.0391186 0.00572722 0.0157314 -0.0204293 0.0551059 0.0111388 -0.024521 0.0425517 0.0251367 -0.00215101 0.0120973 -0.0376362 0.019536 0.0588778 0.03647 0.0329276 0.0305198 0.0288675 -0.00744711 -0.0190804 0.0189657 0.0494196 0.00336373 -0.0173863 -0.00485147 0.021546 0.00911951 -0.0100767 0.0303687 0.0324803 0.0454745 0.040242 -0.0200585 0.0291707 0.0446111 0.0326879 0.0250775 0.047624 0.0117798 -0.014212 0.0202228 0.0615081 -0.0391719 0.0283811 0.0365546 0.025275 -0.0075591 0.0317414 -0.029716 0.0578302 -6.57876e-05
internal_weight=66551.7 28145.5 38406.2 19496.1 14448.7 16031.1 8649.44 23957.6 7452.86 7834.62 3465.01 7889.35 6614.05 6005.19 5923.55 8141.72 4477.09 6801.75 6568.25 3325.3 1911.07 4128.12 17155.8 2151.72 5846.87 3454.01 2624.46 2368.46 2745.47 1447.67 4017.6 2023.22 3114.24 2325.37 3666.86 2485.93 1321.1 1389.2 1218.24 2610.07 2378.07 2294.85 1440.02 1196.58 1528.1 1937.14 521.702 1514.48 829.549 692.824 3549.64 1969.29 4532.99 14040.5 1283.98 638.061 1146.22 896.204 1388.72 2373.91 2645.63 1643.28
internal_count=338362 129916 208446 87283 74219 71073 42633 134227 36268 41222 16210 35587 32997 28990 31509 35486 21826 37130 29497 15441 9713 20224 97097 10307 25299 15738 12033 10870 12659 7278 21610 9681 13759 11519 19641 12773 6090 6833 6263 12015 10937 10187 6445 6365 7164 8592 2326 7177 3705 3450 18606 9398 19505 79928 6059 2964 5270 4714 6493 12903 11424 8405
cat_boundaries=0 1 2 3 4 5
cat_threshold=21928 10240 75783 131072 2048
is_linear=0
shrinkage=0.035


Tree=7
num_leaves=63
num_cat=3
split_feature=45 2 20 0 2 13 24 34 47 2 34 47 42 27 34 45 47 2 16 32 36 21 34 8 16 2 2 8 7 48 41 26 17 2 27 37 32 16 48 25 7 29 18 19 5 24 13 22 17 18 0 24 44 1 18 1 17 7 35 48 24 46
split_gain=37921.1 5647.49 5533.64 1314.05 1308.69 898.831 672.103 525.05 408.487 362.935 329.431 328.622 319.374 277.592 247.253 245.617 233.461 230.415 205.202 151.069 147.924 141.039 133.816 126.135 110.427 106.557 104.991 102.8 123.604 98.9335 102.918 97.5418 96.1658 92.6307 89.9837 89.5339 87.8111 84.733 81.5438 75.6195 75.3389 73.7988 73.4969 73.2786 69.661 68.5249 67.3947 66.5475 78.8805 65.803 70.8433 64.8766 64.7634 63.6446 63 62.4889 96.4586 60.7603 59.763 60.1145 59.5666 58.4073
threshold=1.5192307692307694 387.69 1.0000000180025095e-35 233.22666666666666 57.895000000000003 0.82085561497326209 4.5000000000000009 2.5000000000000004 inf 1133.8200000000004 1.5000000000000002 inf 1.5000000000000002 10.410000000000002 1.5000000000000002 2.0500000000000003 inf 16.215000000000007 0 2445.8400000000006 1.0000000180025095e-35 10.105000000000002 2.5000000000000004 3.5000000000000004 1 387.69 16.215000000000007 16.500000000000004 0.95833333333333337 3.5000000000000004 14263.560000000001 55.000000000000007 1.0000000180025095e-35 168.75000000000003 1.0000000180025095e-35 15866.640000000001 1309.9200000000003 2 11.500000000000002 341.11000000000007 0.82575757575757591 253.00000000000003 12867.354415584417 3511.8900000000003 115.20000000000006 1.5000000000000002 0.97619047619047628 39.500000000000007 7159.8600000000015 7330.554000000001 418.72166666666681 9.5000000000000018 380.63500000000005 75.13000000000001 10757.017500000002 1581.3000000000002 7704.7500000000009 0.95833333333333337 6.5000000000000009 3.5000000000000004 3.5000000000000004 44.680000000000014
decision_type=8 10 8 10 10 10 8 2 8 10 2 8 2 10 2 10 8 10 9 10 8 10 2 2 9 10 10 2 10 2 10 2 10 10 8 8 10 9 2 10 10 2 10 10 10 8 10 2 10 10 10 8 8 10 10 8 8 10 2 2 10 10
left_child=1 4 6 8 10 13 17 11 12 18 16 14 40 -3 60 25 -1 -2 -7 22 51 47 31 -10 -13 41 -14 28 -12 -15 36 -20 -19 -34 -27 -26 57 -16 58 42 -4 -5 53 -24 -23 -25 -30 48 -11 50 -17 -8 -36 -33 -46 -37 -57 -31 -9 -60 61 -6
right_child=2 5 3 15 7 9 20 38 23 21 27 24 26 29 37 49 -18 32 19 -21 -22 44 43 45 35 34 -28 -29 46 30 -32 39 33 -35 52 55 -38 -39 -40 -41 -42 -43 -44 -45 54 -47 -48 -49 -50 -51 -52 -53 -54 -55 -56 56 -58 -59 59 -61 -62 -63
leaf_value=-0.02107760700650492 -0.031802988697971796 -0.030696893653721389 -0.035494931523329179 -0.0011224629239487394 -0.016255883112946238 0.0091545122204627419 -0.036157346794899486 0.049356343262869043 -0.016667039322594116 0.043323598108803832 -0.0048679938735561642 0.0060166580398352447 -0.019661984154732252 0.017717929520071472 0.02266462553181605 -0.010555090205448588 0.0040507901301784057 -0.036934910473554745 0.017668101485632009 0.017491661898902375 -0.030127556030046038 0.052251629902960874 0.051414786062440876 0.0093854447338175828 0.03820213999571858 -0.023561901875050091 -0.008117142041558818 -0.011925939577240476 0.0093096491622452673 0.011808896872311753 -0.0058295596023222804 0.052128280984301986 -0.021859585894473284 -0.010622080222053727 0.021842456905934105 0.015619535654825602 0.020836108543449056 0.0081211963213891382 0.051570287977000639 0.01817696694080535 -0.023188425139680644 0.016422889784746146 -0.0087106272225626787 -0.017590741793444439 0.062909069046784019 -0.004889650984765328 0.025323765441957288 0.05522764432999349 -0.00126951694547664 -0.021170588211265599 0.0050592419848695998 -0.041011635077654603 0.0071471859517608987 0.039490388719662921 0.04394239475848051 0.047659746601690235 0.0202911920598688 0.038550884498009252 0.017367296966857439 0.033411590803653329 -0.033361207159538143 0.0024155613210495776
leaf_weight=1371.1288091540337 2749.6102477759123 91.650276184082031 961.76370221376419 832.74174094200134 256.14735013246536 238.58775949478149 6704.5071600973606 229.43917092680931 478.10666465759277 1124.1118574142456 519.28972020745277 338.84586715698242 1487.7849562764168 596.2275170981884 1112.060987174511 540.43769383430481 675.66021728515625 322.66651153564453 228.45402644574642 251.80519153177738 3077.2358303070068 1682.8556928634644 2605.3214843273163 1023.7831947952509 741.91435813903809 62.334511935710907 2750.5734633207321 312.37789186835289 889.55636596679688 110.27877390384674 79.360759258270264 798.70909069478512 2081.9727759361267 1586.3751549720764 1777.2149868607521 691.44648838043213 482.2903918325901 944.7958796620369 317.58577728271484 157.58422374725342 1697.1793994903564 452.55716705322266 32.294239103794098 18.541213989257812 2700.7339046597481 687.99905656278133 505.3714599609375 696.01811027526855 50.727398872375488 208.4192533493042 1038.0108470916748 7046.1587704867125 464.64081645011902 1335.9461693316698 244.4310342669487 253.81079864501953 421.87665271759033 2244.8611679077148 358.17302194237709 1495.1564819812775 74.462736368179321 1015.7088374495506
leaf_count=7362 15596 512 5389 4137 1308 1083 38800 1036 2532 4929 2584 1635 7998 2715 5242 2786 3333 1830 1045 1126 17237 7216 11240 5086 3377 329 14317 1543 4359 497 367 3496 11432 8417 8367 3271 2200 4512 1417 707 9264 2219 146 81 11413 3523 2392 2984 240 1091 5226 41189 2281 5944 1040 1131 1942 10066 1625 6738 402 5060
internal_value=-6.48671e-05 0.030616 -0.0228915 -0.00584862 0.0130686 0.0445501 -0.0333496 0.0212096 -0.0139626 0.0490997 -0.00265214 0.0155502 -0.0181434 0.0291854 0.00851137 0.00786583 -0.0127846 -0.0240041 0.0426053 0.0439756 -0.0370915 0.0547557 0.0453451 -0.000792468 0.0253283 0.0131428 -0.0121734 0.00666365 0.00970189 0.030756 0.0334141 0.0395971 -0.0186244 -0.0170042 0.0176455 0.0282642 0.0345134 0.016141 0.0349928 0.0417438 -0.0276515 0.00506327 0.0434484 0.0509207 0.0580539 0.0036485 0.0151254 0.0465703 0.0413987 -0.00273613 -0.000290175 -0.0386476 0.0188013 0.0442412 0.0613504 0.0230537 0.030627 0.0373042 0.0324414 0.0303219 -0.0031483 -0.00135462
internal_weight=66327.7 28295.6 38032.1 14463.5 12524.8 15770.8 23568.5 8251.42 9087.19 12166.1 4273.38 5851.07 6897.3 3604.67 3403.18 5376.36 2046.79 6740.62 5667.24 5428.66 16827.9 6498.88 5176.85 2189.89 2447.89 3589.49 4238.36 2226.6 1914.22 3513.02 2916.79 2552.99 3991.01 3668.35 2304.19 2109.05 2837.43 2056.86 2400.35 2324.53 2658.94 1285.3 2166.95 2623.86 4628.02 1711.78 1394.93 1870.86 1174.84 1786.87 1578.45 13750.7 2241.86 2134.66 2945.16 1367.13 675.687 2355.14 2082.77 1853.33 1346.32 1271.86
internal_count=338362 129316 209046 74545 60269 69047 134501 38696 48109 52690 21573 27880 36968 16357 16524 26436 10695 37275 24868 23785 97226 27822 22659 11141 11356 17333 22315 10878 9335 15845 13130 11338 21679 19849 10977 9721 12763 9754 10816 10293 14653 6356 9586 11321 19669 8609 6751 8153 5169 9103 8012 79989 10648 9440 12453 6344 3073 10563 9399 8363 6770 6368
cat_boundaries=0 1 2 3
cat_threshold=10256 75799 1464
is_linear=0
shrinkage=0.035


Tree=8
num_leaves=63
num_cat=4
split_feature=45 20 2 2 4 0 4 24 0 47 27 45 45 2 16 5 34 29 23 16 21 7 21 36 2 47 7 48 16 2 0 27 0 19 19 16 32 2 8 27 21 2 21 32 9 18 17 22 46 7 34 6 24 7 48 18 20 18 2 49 1 44
split_gain=35344.8 5336.19 5181.76 1232.47 1161.21 680.78 670.453 662.319 396.455 354.849 344.596 316.857 256.537 224.025 210.877 198.614 195.79 162.843 158.677 158.236 152.669 149.597 149.02 147.331 131.5 127.399 125.055 112.739 101.38 100.174 94.6712 94.2299 87.9656 87.7736 86.9465 82.6159 83.8134 81.2963 81.2358 80.9337 80.6904 79.1171 75.9556 75.6462 72.0119 70.2856 69.0152 81.428 67.8606 67.4973 66.9807 64.8968 64.8777 62.6546 61.1965 60.381 59.9026 58.8795 58.8614 57.9196 56.3093 55.768
threshold=1.5192307692307694 1.0000000180025095e-35 186.31500000000003 104.99500000000002 3.8550000000000009 551.16333333333353 1.0000000180025095e-35 4.5000000000000009 62.408333333333339 inf 1.0000000180025095e-35 2.0500000000000003 1.2071428571428573 16.215000000000007 0 0.60000000000000198 1.5000000000000002 353.00000000000006 0.68301270189221941 1 10.105000000000002 0.95833333333333337 1.4650000000000001 1.0000000180025095e-35 466.12000000000006 860.28000000000009 0.82575757575757591 11.500000000000002 2 1133.8200000000004 418.72166666666681 1.0000000180025095e-35 312.4500000000001 1994.9635714285719 1291.0786363636366 3 195.39000000000004 7.6850000000000014 15.500000000000002 1.0000000180025095e-35 1.4650000000000001 616.59000000000003 1.4650000000000001 802.53000000000009 491.13000000000005 5278.9345714285728 11495.540000000001 29.500000000000004 55.470000000000006 0.95833333333333337 1.5000000000000002 166.73000000000005 9.5000000000000018 0.95833333333333337 11.500000000000002 5655.8175000000019 8.4209738154206395 9753.7154166666678 11.590000000000002 12.500000000000002 67.850000000000009 102.16000000000001
decision_type=8 8 10 10 10 10 8 8 10 8 10 10 10 10 9 10 2 2 2 9 10 8 8 8 10 10 10 2 9 10 10 10 10 10 10 9 10 10 2 8 10 10 10 10 10 10 10 2 10 10 2 10 8 10 2 10 10 10 10 10 10 8
left_child=2 7 6 9 10 14 15 13 21 16 -4 24 17 -2 34 -1 26 20 37 25 46 50 59 52 61 42 -3 28 -24 33 -13 -15 -33 -22 40 36 49 -11 56 -26 51 -30 -10 53 -19 -34 47 -7 -20 -16 -8 -6 -9 -17 -55 -32 -21 -43 -23 -12 -49 -5
right_child=1 3 4 11 5 12 8 23 19 18 22 30 -14 31 35 43 -18 44 48 38 29 58 27 -25 39 -27 -28 -29 41 -31 55 32 45 -35 -36 -37 -38 -39 -40 -41 -42 57 -44 -45 -46 -47 -48 60 -50 -51 -52 -53 -54 54 -56 -57 -58 -59 -60 -61 -62 -63
leaf_value=-0.02661553848013409 -0.03123984133493532 -0.031654436317328137 -0.032818288800648868 0.010028767817687755 0.034649097292577494 0.038983525364888999 -0.022101679884485931 -0.035621085396874322 0.019826766909022332 -0.022054209417984538 0.016139045295882285 -0.011169730653000946 0.035522959185980439 -0.035735765503178626 0.0078914539280809208 -0.012394952425751546 -0.0059933096228430207 0.022174087373562128 -0.0024715949802405438 0.0068852713841128267 0.050317820899947997 -0.0050114468693166969 -0.0049863777682355431 -0.029558370656771409 -0.024281407773260402 -0.0080457966196865859 -0.018965199495834788 0.044833445900583559 0.019849806277833448 0.057197086214931699 0.0063598845924945522 -0.020231350327142222 -0.0037934823288788958 0.027506662967277818 -0.008410473202093852 0.0054515182432191243 0.0073567617742705425 -0.003043475676058257 -0.0070975872076150292 0.018561013589824364 0.044808406260125486 0.0340628184173438 0.033221270216138361 -0.020726782474562621 0.053305187466590818 -0.024298133938357031 0.016570230455589797 0.059935770463954492 0.019931291018795282 0.032469997421339582 0.0001516839910318386 0.0052311958042483044 -0.040527382789893658 0.00024966089245347578 0.022440604505421121 -0.014992485856284085 0.021720606552800531 0.0027848855591077379 0.010982343384639827 -0.0054687310178300527 0.045100752172247995 -0.0013218173670100171
leaf_weight=574.91777163743973 2702.0671381354332 1320.0676412731409 134.08704528212547 1216.5847415030003 890.84047573804855 1350.5154670923948 388.14733058214188 6569.6687122732401 891.05422995984554 423.2036600112915 549.65506486594677 1294.9203453958035 1812.8488922119141 340.86683464050293 157.54872559010983 410.02325987815857 1082.5631732791662 365.23512649536133 270.09160876274109 656.13553442060947 2244.1012395620346 371.19909310340881 136.01280684769154 3027.6097011566162 54.669189214706421 129.12775406241417 3439.5382375717163 401.0718400478363 1178.6400482058525 4134.2807378768921 938.8626971244812 2455.4537872076035 891.01314985752106 232.00565719604492 47.45375919342041 331.54355569183826 256.95071841776371 787.48700428009033 254.77719616889954 2025.3966925144196 1370.3524654507637 1286.2350082993507 1262.4830166548491 260.78084850311279 121.78036117553711 265.09823513031006 109.42539978027344 554.36513198912144 426.44233632087708 1081.635009765625 288.52044296264648 102.84641408920288 6883.6782826632261 1103.3436756134033 175.60467338562012 195.10465288162231 679.73517939448357 78.403601169586182 1163.9688756465912 209.30961441993713 784.66995097696781 938.96064376831055
leaf_count=3197 15596 7431 755 6080 3996 5868 2066 38800 4214 2253 2555 6829 7986 1987 716 2113 5726 1611 1374 3145 9574 1832 643 17237 294 634 18537 1786 5427 17265 4709 13528 4735 1005 216 1540 1162 4010 1239 9523 5964 5686 5726 1368 519 1429 492 2346 2076 4810 1416 461 41189 5518 876 1020 3183 360 5664 1007 3375 4683
internal_value=-7.00819e-05 -0.0223827 0.0292944 -0.00566616 0.0390997 0.0433179 0.00660461 -0.0327967 0.012895 -0.0151564 0.0221619 0.00536958 0.0476711 -0.0234704 0.0312852 -0.00855615 -0.019435 0.0498927 -0.00204681 0.0196446 0.0509163 0.0010719 0.0240901 -0.0365608 0.0111477 0.0255548 -0.0224904 0.0275128 0.0249042 0.0538319 -0.00470711 -0.0181523 -0.0164833 0.0481924 0.0381777 0.0218469 0.0254138 -0.0097015 0.0109232 0.0174239 0.0392775 0.0264198 0.0276909 -0.00322012 0.0300518 -0.00851217 0.0440136 0.0451236 0.0112531 0.029354 -0.012627 0.0316127 -0.0381343 -0.000506391 0.00331172 0.00267613 0.0144446 0.0322691 0.00711435 0.0101806 0.0512826 0.00508611
internal_weight=66081 37549.3 28531.6 14413.9 19921.8 15948.4 8609.82 23135.5 6085.15 7749.39 3973.42 6664.5 11709.2 6654.5 4239.17 2524.67 5842.17 9896.38 1907.22 3873.31 9409.36 2211.84 3839.33 16481 4235.61 2282.67 4759.61 3080.36 2679.29 6610.39 2428.89 3952.43 3611.57 2476.11 2411.49 1827.68 1496.13 1210.69 1590.65 2080.07 2364.04 2543.28 2153.54 1949.75 487.015 1156.11 2798.98 2689.55 696.534 1239.18 676.668 993.687 13453.3 1688.97 1278.95 1133.97 1335.87 1364.64 1535.17 758.965 1339.04 2155.55
internal_count=338362 209046 129316 74545 87125 68906 42191 134501 29119 41407 18219 33138 50041 37275 18865 13072 31694 42055 9713 18141 39925 10978 17464 97226 20580 10574 25968 13902 12116 27844 12558 21679 19692 10579 10637 8228 6688 6263 7567 9817 10421 11473 9940 9875 2130 6164 12081 11589 3450 5526 3482 4457 79989 8507 6394 5729 6328 6046 7496 3562 5721 10763
cat_boundaries=0 1 2 3 4
cat_threshold=5512 1456 10240 147552
is_linear=0
shrinkage=0.035


Tree=9
num_leaves=63
num_cat=0
split_feature=24 0 24 45 13 2 7 4 13 2 27 24 21 45 0 13 7 19 34 47 2 26 0 47 32 19 12 2 48 2 44 12 29 1 27 9 13 22 17 42 48 47 2 30 32 26 42 47 21 17 8 5 41 0 41 42 27 32 27 48 17 47
split_gain=33159.3 7464.13 2013.8 1805.86 1552.37 716.133 538.257 470.505 406.521 312.602 307.204 269.455 228.718 228.23 201.524 197.54 166.053 147.975 146.899 123.841 123.804 116.938 112.584 110.71 106.167 104.662 104.293 98.9699 106.913 97.6461 96.7268 90.3693 87.0509 85.2985 79.1385 77.0858 76.2003 74.7142 92.5996 73.685 70.8666 66.6654 66.4623 103.432 64.7797 70.5005 62.344 76.8997 60.4158 54.8184 53.609 53.3779 52.5354 51.5545 50.4777 51.6076 49.9314 49.9131 48.7291 47.454 46.4457 45.9723
threshold=1.5000000000000002 346.05000000000001 3.5000000000000004 1.2583333333333335 0.73508771929824568 57.895000000000003 0.95833333333333337 15.850000000000001 0.48809523809523814 64.120000000000019 1.0000000180025095e-35 6.5000000000000009 11.350000000000001 1.7638888888888891 51.386666666666663 0.324561403508772 0.95833333333333337 556.70500000000004 1.5000000000000002 inf 1133.8200000000004 31.000000000000004 380.37833333333339 5507.3600000000015 973.2600000000001 433.36500000000007 76.755833333333342 862.83000000000004 11.500000000000002 16.215000000000007 380.63500000000005 28.082500000000003 353.00000000000006 397.89000000000004 1.0000000180025095e-35 25.920000000000012 0.8377192982456142 39.500000000000007 7159.8600000000015 2.5000000000000004 11.500000000000002 inf 563.94000000000017 8578.2800000000025 2072.2750000000001 70.500000000000014 3.5000000000000004 733.86000000000013 101.18500000000002 1239.3900000000001 14.500000000000002 105.92500000000003 8026.2000000000007 955.25999999999988 14263.560000000001 1.5000000000000002 10.410000000000002 1070.7700000000002 8932.5000000000018 11.500000000000002 2858.8800000000006 198.59500000000006
decision_type=8 10 10 10 10 8 10 10 10 10 8 10 10 10 10 8 10 10 2 8 10 2 10 8 10 10 10 10 2 10 10 10 2 8 10 10 10 2 10 2 2 8 10 10 10 2 2 8 10 10 2 10 10 10 10 2 10 10 10 2 10 8
left_child=1 4 5 7 8 16 26 21 31 25 -7 29 32 27 46 41 61 18 33 39 44 -3 -17 54 42 35 -6 28 57 -4 59 -1 37 -11 -31 -8 -20 38 -9 -16 -38 -12 43 -23 45 -14 47 -10 -21 -35 -18 -25 56 -26 55 -15 -29 -5 -51 -24 -47 -2
right_child=2 3 11 13 6 10 9 12 14 17 15 -13 20 23 19 22 50 -19 36 48 -22 24 30 51 53 -27 -28 52 -30 34 -32 -33 -34 49 -36 -37 40 -39 -40 -41 -42 -43 -44 -45 -46 60 -48 -49 -50 58 -52 -53 -54 -55 -56 -57 -58 -59 -60 -61 -62 -63
leaf_value=-0.028202632345268337 -0.032078487210171459 0.0054069277664253535 -0.033825795140278211 0.019431370257325487 -0.014800833739428408 -0.035986513146399085 0.0053184211134026122 0.037699376572602153 -0.018571683245269789 0.0081824531836042092 -0.023281032587894185 -0.038254360448576899 0.03186717383590533 -0.0046097940483132141 -0.0090118735436252925 -0.0063501436977074282 -0.013322675570516924 0.0017297368660161138 0.022097950598397541 0.015645120173471645 0.054120307699063272 0.032571912174209322 0.0075363895977970949 0.026990842529773112 0.0050017086412263538 -0.017283535244746347 0.0055669073139224734 -0.021542794668734218 0.041089177765655599 -0.039388884569174949 -0.0083691683051064832 -0.013615325336169286 0.012516875408563765 0.018518145777430845 -0.024142559909749152 0.019645269209419943 0.033131828500882664 0.04700322302260123 0.00099724208329952458 0.0036371082810064299 0.055875492716845929 -0.0047993601066216524 0.040322844775586987 -0.005276133260001422 0.023348305784404683 0.04208730265680885 0.0042564360702188738 -0.0026868176774282162 -0.0084661361395681131 0.043830673587472467 -0.024241846958387769 0.0055381560296328767 0.0093526288810235666 0.028431008138461077 -0.029190208901604897 0.010719130895883262 0.033789002932925388 0.0027718583678475422 0.0094438323124453171 0.025962958278963215 0.051809231065675004 -0.022686804936638254
leaf_weight=733.85045571625233 2389.8962087631226 192.58587536215782 3678.0394229888916 1546.3629197776318 675.24085949361324 400.64104187488556 1187.8998587280512 1902.4713789671659 1043.2318376153708 635.85448907315731 736.72809532284737 10778.221519470215 381.99946105480194 375.20322601497173 859.03898629546165 1938.5958562791348 1495.2198848724365 314.3527402728796 736.77027839422226 1089.9900659918785 4240.1355590820312 1013.6780933141708 1245.4392948150635 574.03469085693359 209.12310600280762 175.5136992931366 564.75282908976078 19.59666682779789 259.28830337524414 474.47050857543945 457.91550827026367 1798.0828248858452 144.66648101806641 572.84540441632271 3595.1608448028564 750.9787807315588 1683.7363215088844 1281.2281895875931 88.165347084403038 1638.9039115011692 188.392333984375 354.63790893554688 1737.1170867681503 96.616093873977661 164.89778137207031 1010.6010447144508 308.63590508699417 581.67056067287922 143.48580986261368 247.79723358154297 877.04866981506348 189.50960922241211 123.63957405090332 256.14398002624512 49.815773487091064 945.68052062392235 1607.3800387233496 257.3046939522028 64.141574859619141 197.86879539489746 1644.5016362071037 888.61573028564453
leaf_count=4133 13867 864 21715 7089 3479 2277 5808 8216 5631 3019 4096 65576 1655 1826 4454 10170 8191 1482 3389 5267 17551 4530 6101 2691 970 885 2705 111 1174 2817 2286 9728 649 2608 20423 3557 7468 5443 407 8183 825 1929 7441 442 714 4304 1577 2959 723 1095 4873 924 563 1129 254 4596 7106 1206 286 965 6967 4993
internal_value=-7.49091e-05 0.0223216 -0.0276312 0.0364037 0.00443805 -0.0157539 0.0156159 0.0431194 -0.00619686 0.0196138 -0.00655115 -0.0346711 0.0467214 0.0201808 -0.000985067 -0.00415282 -0.0244344 0.0248841 0.0266459 0.00376683 0.0501721 0.0319512 -0.000416729 0.0110085 0.0334923 0.00853039 -0.00552737 0.0253098 0.0200966 -0.0296819 0.00563348 -0.0178527 0.0391923 0.0179791 -0.0259293 0.0108749 0.0316886 0.0403675 0.0360752 -0.000714724 0.0354491 -0.0172853 0.0360274 0.0292766 0.0449286 0.0460922 -0.0101527 -0.0128905 0.0128358 0.0250024 -0.0173681 0.0216806 0.0314381 0.0179336 0.00505216 0.00636468 0.0331097 0.0170576 0.0368127 0.0100788 0.0481261 -0.0295406
internal_weight=65815.4 36306.9 29508.5 20311.7 15995.2 10982.6 7798.28 14363.9 8196.89 6558.28 5331.83 18525.9 10858.7 5947.82 5664.96 4931.19 5650.78 4443.89 4129.54 3731.42 7442.14 3505.26 3839.82 2134.24 3312.68 2114.39 1239.99 3813.57 2062.96 7747.67 1901.22 2531.93 3416.53 1520.64 4069.63 1938.88 2608.9 3271.86 1990.64 2497.94 1872.13 1091.37 2847.41 1110.29 3202 3037.1 1933.54 1624.9 1233.48 884.784 2372.27 763.544 1750.62 465.267 1370.7 1320.88 1626.98 1803.67 311.939 1443.31 2655.1 3278.51
internal_count=338362 168083 170279 88822 79261 59748 36606 61282 42655 30422 27824 110531 45906 27540 28794 25547 31924 20172 18690 18627 31191 15376 19522 10291 14512 10250 6184 17249 9469 44955 9352 13861 14715 7008 23240 9365 11682 14066 8623 12637 8293 6025 12413 4972 13640 12926 10167 8590 5990 3989 13064 3615 7780 2099 6676 6422 7217 8295 1381 7066 11271 18860
is_linear=0
shrinkage=0.035


Tree=10
num_leaves=63
num_cat=3
split_feature=24 0 24 45 13 2 7 45 4 27 2 24 45 16 16 2 13 21 23 7 2 0 12 2 44 2 47 8 12 26 2 19 29 48 40 51 35 32 41 47 48 21 4 47 22 42 27 22 16 1 42 27 42 27 23 8 48 19 47 21 18 3
split_gain=31090.5 6844.83 1966.04 1656.4 1439.48 684.419 496.204 383.646 377.888 293.686 287.261 268.564 266.64 236.07 214.5 190.144 186.166 181.54 170.585 161.331 122.821 105.456 97.8236 96.189 90.2989 90.1146 88.9271 87.9823 87.0682 86.9666 84.9767 118.722 84.3828 81.0607 78.3254 77.0697 71.681 69.9275 68.4857 68.0639 67.2027 64.9722 64.2288 63.6353 63.3853 62.8469 58.1723 66.162 76.9257 69.2145 57.948 56.2048 54.8357 54.7224 52.7582 51.4642 49.1152 48.8847 48.7519 48.4636 48.2365 50.347
threshold=1.5000000000000002 346.05000000000001 3.5000000000000004 1.2071428571428573 0.73508771929824568 57.895000000000003 0.95833333333333337 2.0500000000000003 15.850000000000001 1.0000000180025095e-35 57.895000000000003 6.5000000000000009 1.6833333333333336 0 1 46.890000000000008 0.324561403508772 14.440000000000003 0.68301270189221941 0.95833333333333337 514.35000000000014 418.72166666666681 76.755833333333342 16.215000000000007 380.63500000000005 1133.8200000000004 5507.3600000000015 15.500000000000002 28.082500000000003 31.000000000000004 563.94000000000017 1163.3717460317464 353.00000000000006 2.5000000000000004 1.0000000180025095e-35 91.011624511825772 12.500000000000002 1821.1500000000003 8689.8600000000024 inf 11.500000000000002 1.4650000000000001 9.0050000000000008 inf 7.5000000000000009 1.5000000000000002 13395.420000000002 29.500000000000004 2 3671.7800000000002 1.5000000000000002 10.410000000000002 3.5000000000000004 1.0000000180025095e-35 0.68301270189221941 14.500000000000002 2.5000000000000004 3511.8900000000003 3809.7900000000004 192.03000000000003 10757.017500000002 42.500000000000007
decision_type=8 10 10 10 10 8 10 10 10 8 10 8 10 9 9 10 8 10 2 10 10 10 10 10 10 10 8 2 10 2 10 10 2 2 10 8 2 10 10 8 2 10 10 8 2 2 10 2 9 8 2 10 2 10 2 2 2 10 8 10 10 2
left_child=1 4 5 8 7 19 22 15 29 -7 27 23 20 56 33 18 43 46 45 -2 40 -18 -6 -4 -23 37 50 41 -9 -3 31 -31 38 -12 -25 42 44 57 51 52 -5 -8 -35 -11 -16 -1 47 48 -15 -49 -14 -22 -17 -32 -43 -21 -10 -19 -53 -28 -27 -62
right_child=2 3 11 12 6 9 10 28 13 16 14 -13 26 17 36 39 21 25 -20 55 32 24 -24 34 -26 60 59 -29 -30 30 53 -33 -34 35 -36 -37 -38 -39 -40 -41 -42 54 -44 -45 -46 -47 -48 49 -50 -51 -52 58 -54 -55 -56 -57 -58 -59 -60 -61 61 -63
leaf_value=-0.023159278222672209 -0.02898848775342908 0.0066196934026774446 -0.033292870061898537 0.013381280642647339 -0.014385086769891276 -0.035429617779340256 0.0035827233126198275 -0.027642935131388456 -0.0096281280003777305 -0.022751322034340129 0.011824717233484239 -0.037775606398136791 -0.0051727440973322386 0.046255672074326022 -0.0036617739661494162 -0.0024058859118098528 -0.0057883112058110765 0.046447619200069061 0.0061756234600171085 -0.012947367896711187 -0.01363597805289482 0.010347256274032756 0.005360381091879929 -0.04262273107297803 -0.007959257923443477 0.053957903049721444 0.025937754950721158 -0.0095017696464364185 -0.013232490111822611 0.030916291292571708 -0.029751735640543932 0.003297896991329298 0.0058883743550391492 0.027443497074963796 -0.023987161187619128 0.022833395063979332 0.002177011020873006 0.022794435511590133 0.0097606066075564268 0.012797570266270108 0.035880720289500394 0.012165966432068321 0.04096333914989711 -0.0046434211276738429 0.021189384046245374 -0.0092362467894299451 0.018588630762077285 0.039465856905142128 0.027696518811176005 0.054248407090585919 0.010336958950587425 0.029393046272421432 0.0097635682520314584 0.037843325531291959 0.031976489067084064 -0.023702789929847718 0.023085756417323789 -0.011383339329685396 0.039234514100997035 0.0055883722903954216 0.06491921889351715 0.028494029707795535
leaf_weight=572.6322925388813 3225.0493249893188 167.31409415602684 3607.3949604034424 1111.2345017790794 670.55278846621513 392.8496778011322 794.74658118188381 722.72301095724106 66.984290033578873 727.6805167645216 299.95400357246399 10537.089225769043 392.20703203976154 537.29922103881836 143.84964883327484 1418.2263205945492 2061.1710173636675 2650.4919652938843 757.10673904418945 1484.9269667863846 31.995563149452209 1340.0730714797974 565.99967697262764 299.65907096862793 437.0111083984375 3684.8332252502441 585.32732677459717 312.42874982953072 1785.6038991808891 900.59323835372925 14.10079702734947 242.12638330459595 176.46035957336426 753.25550678372383 3712.2001800537109 931.5773099064827 508.19043004512787 171.39062118530273 179.18477010726929 946.91328430175781 190.22636413574219 608.17969547212124 1039.4310230314732 353.7677001953125 982.38135600090027 1299.8466826826334 158.89719390869141 1014.9211164116859 935.64615279436111 651.66864943504333 1184.5323387235403 1900.9915972352028 665.67416027188301 1808.1997458040714 226.16438674926758 865.82352149486542 333.76797294616699 17.670254230499268 935.6975057721138 190.62812519073486 62.44978603720665 188.83442988991737
leaf_count=3138 18860 747 21715 5159 3479 2277 3891 4133 295 4096 1352 65576 1917 2282 670 7246 10812 11125 3867 8191 182 6522 2705 1823 2188 15087 2719 1554 9728 3970 75 1121 789 3389 21417 4228 2368 734 809 4544 854 2899 4557 1929 4456 6785 696 4304 4017 2713 5710 8340 3214 7659 1058 4873 1434 76 4049 925 257 777
internal_value=-7.91423e-05 0.0214277 -0.0270997 0.034826 0.00427793 -0.0153388 0.0149934 -0.00600259 0.0419023 -0.00634717 0.018805 -0.0341515 0.0208234 0.0450949 0.0235183 -0.000952496 -0.00401814 0.0461407 -0.00783782 -0.0239032 0.0257919 -0.000402762 -0.00535008 -0.0291352 0.00584347 0.0494757 0.0112588 0.00748924 -0.0173939 0.0312149 0.0326001 0.0250723 0.0294574 0.0290495 -0.0253894 0.0310476 0.0130151 0.0446647 0.0308196 0.00502195 0.0166949 0.0107516 0.035301 -0.0168376 0.0180148 -0.0135042 0.0394169 0.0404648 0.034995 0.0452752 0.00647815 0.0321312 0.0014843 0.0373043 0.0175678 -0.0169172 0.0171798 0.0460605 0.032652 0.0209522 0.0529342 0.037768
internal_weight=65535.8 36491.1 29044.7 20485.7 16005.4 10888.4 7836.71 8168.73 13607.2 5312.55 6600.16 18156.3 6878.49 10474.9 4658.64 5660.4 4919.7 10074.1 2629.59 5575.8 4525.79 3838.26 1236.55 7619.25 1777.08 6775.67 2352.69 1941.52 2508.33 3132.33 2965.02 1142.72 3224.33 3024.22 4011.86 2724.26 1634.42 2839.55 3047.87 3030.81 1301.46 1629.09 1792.69 1081.45 1126.23 1872.48 3298.43 3139.54 1472.95 1666.59 1576.74 2868.68 2083.9 1822.3 834.344 2350.75 400.752 2668.16 2836.69 775.955 3936.12 251.284
internal_count=338362 168083 170279 88822 79261 59748 36606 42655 57369 27824 30422 110531 31453 43797 21020 28794 25547 42068 13790 31924 20182 19522 6184 44955 8710 28056 11271 9402 13861 13572 12825 5091 14169 13526 23240 12174 7494 11935 13380 15004 6013 7848 7946 6025 5126 9923 14012 13316 6299 7017 7627 12571 10460 7734 3957 13064 1729 11201 12389 3644 16121 1034
cat_boundaries=0 1 2 3
cat_threshold=2049 1512 5248
is_linear=0
shrinkage=0.035


Tree=11
num_leaves=63
num_cat=2
split_feature=45 20 2 2 4 6 2 34 47 47 22 45 42 34 2 4 16 33 47 23 27 48 18 21 2 47 22 18 3 52 42 13 48 48 46 48 13 52 2 23 2 42 27 15 8 19 2 1 16 23 18 42 43 19 5 2 48 35 25 35 47 22
split_gain=28786.2 4792.16 4040.39 1027.07 909.847 643.125 559.635 555.587 442.368 316.658 276.099 257.463 252.39 235.784 226.566 215.428 207.634 173.958 147.3 137.13 123.154 114.306 113.871 107.608 107.178 103.106 97.7245 111.568 107.898 94.5794 92.3118 90.0411 84.5252 82.8224 82.3562 79.6467 77.534 76.9452 76.8228 75.0221 72.5315 72.3058 71.1548 67.2713 66.8867 66.2132 66.1938 65.8677 66.3816 65.4116 65.0183 63.9773 62.3105 61.3818 57.979 56.9732 56.0979 54.7794 54.1655 53.5185 51.6125 51.4651
threshold=1.5192307692307694 1.0000000180025095e-35 186.31500000000003 104.99500000000002 3.8550000000000009 1.0000000180025095e-35 616.59000000000003 1.5000000000000002 inf inf 1.0000000180025095e-35 2.0500000000000003 1.5000000000000002 2.5000000000000004 87.125000000000014 4.3500000000000005 0 1.5000000000000002 5507.3600000000015 0.68301270189221941 1.0000000180025095e-35 11.500000000000002 450.0800000000001 1.4650000000000001 387.69 inf 29.500000000000004 12867.354415584417 68.500000000000014 3.5000000000000004 4.5000000000000009 0.94281045751633996 9.5000000000000018 4.5000000000000009 10.020000000000001 10.500000000000002 0.8377192982456142 9.5000000000000018 29.010000000000002 0.68301270189221941 7.6850000000000014 1.5000000000000002 1.0000000180025095e-35 0.66263457267865089 15.500000000000002 17.793750000000006 4.3500000000000005 2408.2200000000007 1 0.68301270189221941 3713.3400000000001 3.5000000000000004 1.5000000000000002 819.42300000000012 139.08166666666671 672.21000000000015 7.5000000000000009 5.5000000000000009 155.54571428571433 19.500000000000004 400.86000000000007 1.0000000180025095e-35
decision_type=8 8 10 10 8 10 10 2 8 8 2 10 2 2 10 10 9 2 8 2 10 2 10 8 10 8 2 10 2 2 2 10 2 2 10 2 10 2 8 2 10 2 8 8 2 10 10 8 9 2 10 2 2 10 8 10 2 2 8 2 10 2
left_child=2 5 7 9 10 29 16 8 34 12 -4 24 -3 17 46 38 21 -8 51 40 -16 22 -6 -12 -5 30 28 -28 33 -2 -17 56 -32 -20 -1 39 -24 61 -9 55 -11 -22 -26 -38 -36 -10 -7 -47 -49 -14 57 -19 -31 -40 -33 60 -15 -21 -44 -45 -25 -13
right_child=1 3 4 11 6 14 13 15 45 19 23 37 49 31 20 25 -18 18 26 50 41 -23 36 35 42 -27 27 -29 -30 52 32 54 -34 -35 44 -37 43 -39 53 -41 -42 -43 58 59 -46 47 -48 48 -50 -51 -52 -53 -54 -55 -56 -57 -58 -59 -60 -61 -62 -63
leaf_value=-0.026642310829730991 -0.01005517161894715 -0.027299063816233111 -0.032369352916954919 0.0037402805673267714 0.0450688800825403 -0.031964572094749143 0.0082520105789902435 -0.0024199453185258378 -0.0066380703330684463 -0.020682441481721957 0.0080739951110926945 -0.031306822565221507 -0.01469878601997999 0.029433578810823834 -0.037216204915422997 0.0069607461381014932 0.012953623880661579 0.024031577822294137 0.019143723441103041 -0.0034845252859616528 -0.017787146237466859 0.047661689497496773 0.017931437810661782 0.015985202148759224 -0.022018362346909324 0.030077011467237777 0.0502952451912402 0.014427153824321519 0.0060024507999878064 -0.038011575971967297 0.014265723876620952 0.045330461786250678 0.035113627281168645 0.042790934408654571 -0.0044816759863306604 0.033660600399428274 0.036399754136177138 -0.012976204996447544 0.012801056785424722 0.03067439937816055 -0.0025301187306095013 -0.0056703247176254244 0.018095660324243007 0.026857051776476501 -0.01916604246422253 0.0027947827875423837 -0.024406856171553512 0.025309314881643223 0.0012107017696942693 -0.0029606371669322752 0.036838177822737038 0.036735037409315871 -0.032536322794564962 -0.012085036782898174 0.05330872415242531 0.022420942270859955 0.044351622652167529 0.017672344630589015 0.0030733401019841749 -0.00060072184747404723 -0.0032109492672047915 0.0014541766237680311
leaf_weight=555.07206600904465 168.85353851318359 2226.772461026907 126.36558324098587 1886.4715431928635 510.46539555490017 2739.3989868164062 249.32860565185547 913.73267857730389 246.83695866167545 410.9562406539917 718.7887305021286 60.08657443523407 2712.6195029318333 497.53784680366516 307.56502914428711 863.14905738830566 941.59207266569138 955.20784950256348 219.47507970035076 322.21582336723804 1873.3092299252748 486.45494270324707 826.04931502044201 446.96018505096436 61.48490834236145 850.78125 1736.1044520139694 114.19339120388031 134.64100034534931 9314.1623746007681 599.13584136962891 2347.2698510587215 397.29044151306152 1116.4612426757812 868.24472710490227 683.90398693084717 1195.1372602880001 824.63833618164062 1323.162891164422 564.7312399148941 781.55811023712158 891.51648609340191 1989.687384724617 1298.1559326052666 675.8444010913372 465.33664058148861 3004.2541217803955 571.54276978969574 197.2018438577652 740.93072891235352 99.031702101230621 1010.05908203125 3587.6075838953257 132.88481050729752 2267.8012613356113 748.03144669532776 858.94314193725586 278.91890977323055 345.51637232303619 93.149633228778839 277.62625527381897 1528.2412540912628
leaf_count=3120 959 12930 744 9399 2187 16768 1100 4536 1231 2253 3352 325 14757 2084 1928 4048 4235 4072 930 1632 10565 2056 3684 2009 335 3823 7159 492 576 59265 2743 9643 1791 4661 4593 2978 5063 4368 6183 2508 4010 4788 9180 5606 3669 2272 17658 2592 937 4007 488 4291 22570 653 9210 3241 3566 1330 1666 407 1271 7865
internal_value=-8.23431e-05 -0.0209339 0.0258386 -0.00515237 0.0343328 -0.0312221 0.0377308 0.00580413 -0.00475532 -0.0139813 0.0182644 0.00483332 -0.0181119 0.0420817 -0.0239114 0.0132451 0.0283684 0.0368589 0.0382064 -0.0015814 -0.0162306 0.0315555 0.0296271 0.0201333 0.00998367 0.019983 0.0427115 0.0480906 0.0359153 -0.036151 0.0153511 0.0469161 0.022605 0.0389233 -0.0150861 0.0233144 0.0273047 -0.00430921 0.00553365 0.0198266 -0.00879774 -0.0138835 0.0148943 0.0302902 -0.0109172 0.00988852 -0.0280164 0.0131968 0.0194816 -0.012182 0.0107044 0.0305759 -0.0364917 0.0105231 0.0492616 0.0156486 0.0389056 0.00634504 0.0158752 0.0250196 0.00863588 0.000195907
internal_weight=65240.4 36155.8 29084.7 14269.1 20424.4 21886.7 16858 8660.22 3580.08 7573 3566.41 6696.13 5680.32 11507 8816.04 5080.14 5351 5535.47 5286.14 1892.68 3072.39 4409.41 3922.96 3440.04 4283.16 2710.36 3320.88 1850.3 1470.58 13070.6 1859.58 5971.55 996.426 1335.94 2099.16 2721.25 3412.49 2412.97 2369.78 2037.35 1192.51 2764.83 2396.69 2586.44 1544.09 1480.92 5743.65 1234.08 768.745 3453.55 700.166 1965.27 12901.8 1456.05 4615.07 1472.62 1356.48 601.135 2335.2 1391.31 724.586 1588.33
internal_count=338362 209046 129316 74545 87125 134501 71022 42191 18414 41407 16103 33138 31694 47784 51707 23777 23238 23281 22181 9713 17281 19003 16947 15359 20580 12405 13818 7651 6167 82794 8582 24503 4534 5591 11382 12007 14760 12558 11372 9029 6263 15353 11181 11076 8262 7032 34426 5801 3529 18764 3450 8363 81835 6836 18853 6521 5650 2962 10846 6013 3280 8190
cat_boundaries=0 1 2
cat_threshold=21928 152960
is_linear=0
shrinkage=0.035


Tree=12
num_leaves=63
num_cat=3
split_feature=24 0 24 45 45 7 2 47 4 16 27 24 2 16 45 21 30 0 34 47 7 47 34 22 48 47 2 13 42 23 48 32 13 47 20 3 48 47 8 18 2 32 26 32 32 18 42 44 1 16 8 25 33 42 47 2 48 29 2 30 27 22
split_gain=27428.6 5829.2 1873.66 1339.59 1321.18 639.917 572.056 358.999 358.765 313.749 286.382 266.945 224.493 204.448 154.717 151.127 147.925 145.264 115.822 118.868 109.413 99.4958 95.4923 93.7389 93.5604 95.3552 87.8162 86.0495 83.3288 82.8605 82.8519 96.1183 80.5523 79.976 73.8102 73.1559 72.4499 71.9323 71.3737 71.3136 71.2737 70.1131 66.36 63.8999 62.4606 67.951 58.7444 58.0444 57.777 57.6512 57.271 56.7657 63.7528 56.7585 54.2207 54.0129 53.9741 52.2188 51.7166 72.1574 50.2785 57.26
threshold=1.5000000000000002 380.37833333333339 3.5000000000000004 1.7638888888888891 1.2583333333333335 0.95833333333333337 46.890000000000008 1824.1250000000002 15.850000000000001 0 1.0000000180025095e-35 7.5000000000000009 225.81000000000003 1 1.7638888888888891 11.350000000000001 166.70000000000005 89.665000000000006 2.5000000000000004 inf 0.91287878787878796 inf 2.5000000000000004 1.0000000180025095e-35 11.500000000000002 674.82000000000005 2347.6300000000006 0.324561403508772 3.5000000000000004 -0.6830127018922193 3.5000000000000004 1441.6800000000001 0.8377192982456142 150.55000000000004 4.4995999822206283 72.500000000000014 3.5000000000000004 5507.3600000000015 3.5000000000000004 929.11125000000015 387.69 inf 31.000000000000004 747.99000000000012 2072.2750000000001 12867.354415584417 1.5000000000000002 102.16000000000001 483.33999999999997 2 17.500000000000004 211.40571428571431 1.5000000000000002 1.5000000000000002 5507.3600000000015 204.73000000000005 3.5000000000000004 353.00000000000006 563.94000000000017 8578.2800000000025 13395.420000000002 29.500000000000004
decision_type=8 10 10 10 10 8 10 8 10 9 8 10 10 9 10 10 10 10 2 8 8 8 2 2 2 10 8 8 2 2 2 10 10 8 10 2 2 8 2 10 10 8 2 10 10 10 2 10 8 9 2 10 2 2 8 8 2 2 10 10 10 2
left_child=1 3 5 6 8 33 18 16 30 17 -7 20 29 56 40 57 -5 50 19 28 -4 22 -11 -22 25 32 42 -14 -1 -12 49 58 -19 53 47 -27 -31 -16 -9 -23 -6 -38 -17 -29 45 -44 -18 -34 -40 -3 -8 52 -42 -2 -54 -25 -10 60 59 -32 61 -15
right_child=2 4 11 7 14 10 9 38 13 21 12 -13 27 15 37 26 46 24 -20 -21 23 39 -24 55 -26 35 -28 43 -30 36 31 -33 34 -35 -36 -37 41 -39 48 -41 51 -43 44 -45 -46 -47 -48 -49 -50 -51 -52 -53 54 -55 -56 -57 -58 -59 -60 -61 -62 -63
leaf_value=-0.015007612056984585 -0.033496470779719609 -0.0003650822939715051 -0.033397120296070192 -0.027043588353951094 0.012068897508335136 -0.034327012602039818 0.013235013632053805 -0.011073068872692644 -0.0055086183819224371 -0.0022147638190833725 -0.019101433895669467 -0.037624694651197832 -0.01207329208081385 0.03278851289848795 0.0055672009087900671 0.027151308433876749 -0.018273530836562135 0.017891089187597391 0.0144199259272467 0.0063361493290225576 -0.038934998703863417 0.0050533262221144262 0.015353075364438931 -0.026238063617879139 0.042864143715212161 0.046465810492187509 0.051482086673137493 0.008058615365274361 -3.4431414569307299e-05 -0.019749486672198592 0.029540683802798257 0.012872183678745644 0.025708942857221074 -0.018882934221136453 0.036382094311867952 -0.0041124472822349611 -0.0124591533498838 0.019275026456755093 0.0023766352221612241 0.021949855137462809 0.0032152007675309317 0.00040663937816708649 0.045590556551806369 -0.0066761909543395798 0.028749163609710592 0.021065450009458361 -0.0078185033347717599 -0.0020455274000959261 0.01818946092001927 0.023728453552855452 -0.018354375704232519 0.012179383442894515 0.024897919862788873 -0.022508211885812847 0.036717924854001611 -0.017658394909274767 0.023520848717891178 0.01347282030288985 0.037009732644726887 -0.0047008026216752603 0.017368265969770601 0.042660559443140074
leaf_weight=1077.5911505967379 1643.2034245729446 189.56753349304199 3869.4594116210938 986.20548367500305 650.83910576999187 475.93666052818298 1068.0589308142662 270.37718814611435 105.95168182253838 1355.9983773231506 1215.470832824707 8465.9605522155762 447.21133632957935 1413.1890013515949 1285.0354373008013 319.35424363613129 997.88169975578785 1125.1272054165602 522.19767189025879 985.12784576416016 572.65080451965332 504.09739542007446 524.96526622772217 3284.9808368384838 343.55537605285645 40.362258270382881 1989.5148420333862 1638.4193046241999 787.91164410114288 519.30859616398811 889.42309053242207 328.25800251960754 876.10476823151112 1290.8570741415024 995.73432020843029 228.09594434499741 914.11562824249268 738.55952453613281 691.97584173083305 780.58033895492554 135.30258655548096 1198.1939086914062 4467.0712271779776 461.35053133964539 323.96932150423527 145.37429881095886 1940.2913614660501 103.00491064786911 478.40558567643166 362.19375897943974 74.397356927394867 381.77941513061523 1902.3263022899628 902.54879140853882 642.6185667514801 1251.0423698723316 297.77533507347107 122.66683197021484 1565.1937003135681 82.085671111941338 155.85988007485867 1527.1932413578033
leaf_count=5737 10125 830 24236 5749 3023 2822 5035 1445 462 6538 6801 55257 2490 5950 6213 1342 5651 5218 2474 4785 3623 2341 2347 20102 1511 183 8047 8065 3971 2904 3878 1452 3869 7429 4264 1056 5116 3427 3459 3473 603 6462 18290 2275 1344 599 10377 454 2281 1559 363 1693 8334 5259 2752 7313 1258 536 6538 373 675 6324
internal_value=-8.52635e-05 0.0198163 -0.0260866 0.00458566 0.0325637 -0.0145589 0.0113761 -0.00983325 0.0382616 0.0164615 -0.0081625 -0.0331607 -0.0062099 0.0413742 0.018371 0.0423147 -0.0153179 0.0220456 -0.000717735 -0.00349484 -0.0289476 0.00779998 0.00269386 -0.0255715 0.0254503 0.023662 0.0451682 0.00184983 -0.00868696 -0.011545 0.0283516 0.0307456 0.0253945 -0.0260074 0.0296582 0.00363613 -0.00804893 0.0105772 0.00510633 0.0153289 0.0226148 -0.00516438 0.0427688 0.00481952 0.0437735 0.0448223 -0.0113743 0.02279 0.0088503 0.0158877 0.0111636 0.0248517 0.0266516 -0.0296112 0.0278958 -0.0238762 0.0155242 0.0360113 0.0330526 0.0266457 0.0368996 0.0379287
internal_weight=64929.9 36779.2 28150.7 16758 20021.1 10706.6 11392.9 5365.14 14284.6 8020.08 6870.01 17444.1 6394.07 10867.9 5736.46 10464.2 3924.38 4854.44 3372.83 2850.63 8978.13 3165.64 1880.96 5108.67 3711.98 3368.43 7245.28 2546.98 1865.5 3847.09 3416.72 2864.96 3099.97 3836.61 1974.84 268.458 2631.62 2023.59 1440.76 1284.68 3712.87 2112.31 5255.77 2099.77 4936.41 4612.45 2938.17 979.11 1170.38 551.761 1142.46 3062.03 2680.25 2545.75 2544.94 4536.02 403.727 3218.91 2536.7 971.509 3096.24 2940.38
internal_count=338362 168083 170279 82581 85502 59748 53619 28962 59457 36652 36935 110531 34113 44827 26045 43107 21777 21953 16967 14493 55274 14699 8885 31038 16555 15044 29622 12830 9708 21283 14630 12241 13805 22813 8587 1239 14482 9640 7185 5814 16405 11578 21575 10340 20233 18889 16028 4323 5740 2389 5398 13382 11689 15384 11086 27415 1720 13485 10789 4251 12949 12274
cat_boundaries=0 1 2 3
cat_threshold=1512 2049 2304
is_linear=0
shrinkage=0.035


Tree=13
num_leaves=63
num_cat=4
split_feature=24 0 24 45 45 7 2 2 47 16 27 24 2 45 16 19 12 35 0 7 2 8 29 48 2 20 47 27 13 47 42 47 19 47 8 16 18 16 4 34 37 8 44 48 41 42 42 42 8 18 26 46 2 49 23 8 48 18 4 18 48 2
split_gain=25745.9 5373 1829.43 1308.56 1160.86 613.339 496.422 323.552 316.373 292.811 274.428 266.584 211.451 202.937 155.834 143.913 138.858 129.171 129.042 109.458 108.583 108.249 102.906 100.429 110.825 91.0549 86.686 83.9806 83.5994 83.4045 79.1453 78.0995 77.2155 76.9017 75.0711 74.4956 75.7622 71.4436 69.0732 66.9683 66.97 61.6536 61.1942 57.1223 56.9772 56.6791 56.5688 55.8954 55.3367 54.5623 54.3227 54.2342 53.5025 52.776 50.2946 49.8765 48.0138 47.5763 49.6983 47.357 56.8708 46.591
threshold=1.5000000000000002 346.05000000000001 3.5000000000000004 1.2071428571428573 1.7638888888888891 0.95833333333333337 46.890000000000008 1133.8200000000004 1824.1250000000002 0 1.0000000180025095e-35 7.5000000000000009 204.73000000000005 1.7638888888888891 1 1593.964285714286 28.082500000000003 17.500000000000004 144.06000000000003 0.95833333333333337 14.060000000000004 14.500000000000002 84.500000000000014 11.500000000000002 672.21000000000015 53.510642762808338 inf 1.0000000180025095e-35 0.324561403508772 5507.3600000000015 4.5000000000000009 150.55000000000004 395.74500000000006 1.0000000180025095e-35 16.500000000000004 2 1097.9762500000004 3 7.370000000000001 2.5000000000000004 2571.7400000000002 3.5000000000000004 380.63500000000005 11.500000000000002 8689.8600000000024 1.5000000000000002 4.5000000000000009 1.5000000000000002 13.500000000000002 929.11125000000015 31.000000000000004 1149.7800000000002 11.590000000000002 14.500000000000002 0.68301270189221941 6.5000000000000009 11.500000000000002 10757.017500000002 890.55000000000007 992.29333333333341 9.5000000000000018 616.59000000000003
decision_type=8 10 10 10 10 8 10 10 8 9 8 8 10 10 9 10 10 2 10 10 10 2 2 2 10 10 8 10 8 8 2 8 10 10 2 9 10 9 8 2 8 2 10 2 10 2 2 2 2 10 2 10 8 8 2 2 2 10 10 10 2 8
left_child=1 4 5 7 6 31 19 14 16 18 -7 20 33 23 48 22 -6 -17 34 -1 -4 52 -16 24 37 50 30 -22 -14 56 -11 47 46 -12 39 -24 -37 -5 -38 40 -8 -10 43 -30 -26 -18 -20 -2 -3 -28 -9 -19 -21 -35 -43 -34 -15 -27 -59 -57 -61 -29
right_child=2 3 11 13 8 10 9 25 41 26 12 -13 28 29 15 17 45 51 32 21 27 -23 35 -25 44 57 49 61 42 -31 -32 -33 55 53 -36 36 38 -39 -40 -41 -42 54 -44 -45 -46 -47 -48 -49 -50 -51 -52 -53 -54 -55 -56 59 -58 58 -60 60 -62 -63
leaf_value=-0.010401268959086701 -0.032988178708656432 0.020452536946286046 -0.032574055758998736 0.036007021335112611 -0.02638822770895087 -0.033794111182526995 -0.00015888461682995317 0.016402550965915461 -0.010707715995334691 -0.0033908414167936828 -0.0017260686337700214 -0.037191583885736366 -0.011900556901971993 0.00192818606767787 0.043520452389339694 0.035533396576353536 -0.017998390016767406 -0.0051487551010891497 0.025659397236547817 -0.0016787661992330807 -0.03781900293315419 -0.010311807731257224 0.047983333942957618 0.036338567582658181 0.026491940703124044 0.047748247120478517 0.004617432131270114 -0.024503458267331087 0.0049966157702753464 0.018612305455862767 0.013242368319211167 -0.018416314770749915 0.069309618054602645 -0.011858966623589427 -0.0019615206076929632 0.017663362513414684 0.021230322699500707 0.01115894452684058 0.034452243904900412 0.029429907144937748 0.017724455242399843 0.0021733402252576538 -0.0070988137111670981 0.024553822221821096 0.0043380722454864212 -0.0075172780076390956 0.039061386016940779 -0.02200188351441499 -0.0097416565458076729 0.019937660138236328 0.039271812968281722 0.017990933727942002 0.011497640047041622 -0.024209878784924994 0.017314515602902314 0.039675950542482415 0.02212191093625392 0.017725305339377526 0.048737750160082659 -0.0054470171994959841 0.028189862550385743 -0.013395575333323608
leaf_weight=1020.7759230881929 1610.7173826694489 155.82274070382118 4135.4379363059998 152.40424728393555 976.46130767464638 466.70133233070374 333.35831415653229 134.40023422241211 265.84810274839401 1199.1337774991989 787.91571594774723 8268.3036994934082 469.57386288046837 1218.5377312898636 1300.6642040014267 356.40426340699196 956.73672173917294 217.7481664121151 1533.9735986739397 541.44097861647606 536.75186395645142 544.43664103746414 401.62057852745056 560.73187255859375 2406.0652066469193 3117.4818077087402 475.96833646297455 3617.0110899209976 1541.1768748909235 783.96697998046875 493.98009788990021 1277.5039489269257 16.63995087146759 2397.7181277573109 288.69733107089996 486.62348371744156 579.14113710820675 1561.2122119665146 3153.3685193806887 424.26805520057678 1111.6151738166809 700.26969361305237 453.14492106437683 206.75278377532959 151.60194480419159 1867.245348289609 522.77202247083187 891.22862768173218 140.54005989432335 710.72880709171295 3291.8785133361816 286.33725690841675 1243.9907885491848 515.67353877425194 435.45525711774826 51.582793384790421 162.64018154144287 141.57028833031654 116.29140982031822 225.10431905090809 83.639742687344551 535.05728852748871
leaf_count=5392 10125 687 26535 678 5779 2822 1591 570 1430 5799 4186 55257 2633 5889 5389 1492 5491 957 6770 2680 3484 2778 1671 2419 10327 12607 2212 22108 7573 3615 2234 7429 73 13447 1365 2055 2501 7063 13101 1866 5141 3504 2270 996 675 10052 2238 5259 621 3151 13464 1206 6024 3008 2055 228 787 577 471 1039 369 3147
internal_value=-8.79439e-05 0.0190575 -0.0255829 0.0307577 0.00381287 -0.014171 0.0103439 0.0369795 -0.00977347 0.0153633 -0.00791551 -0.0326708 -0.00601508 0.0184122 0.0317299 0.0327983 -0.0150141 0.0194349 0.020841 -0.000849845 -0.0284312 0.00333755 0.034792 0.0224022 0.0205646 0.0424371 0.00653029 -0.0247711 0.00149077 0.00950148 0.00146699 -0.0254847 0.0264134 -0.0114298 0.0146436 0.0323262 0.0306385 0.0136637 0.0324069 0.0172079 0.0136015 0.0044374 0.00435176 0.00732264 0.025181 -0.0110733 0.0290832 -0.0290851 0.00594928 0.013802 0.0383798 0.00800495 0.00750313 -0.0140526 0.00798884 0.0118087 0.00432038 0.0465431 0.0318457 0.00896878 0.00372691 -0.0230756
internal_weight=64611.8 36901.2 27710.7 20877.1 16024.1 10618.1 10822.1 13879.9 5202.02 7471.46 6838.66 17092.6 6371.96 6997.16 7078.27 6781.91 3800.44 860.49 4591.65 3350.64 8824.26 2329.87 5921.42 4832.02 4271.28 6801.62 2879.81 4688.82 2670.65 2165.14 1693.11 3779.45 2433.71 3701.31 2157.94 4620.75 4219.13 1713.62 3732.51 1869.24 1444.97 1401.57 2201.07 1747.93 2557.67 2823.98 2056.75 2501.95 296.363 1186.7 3426.28 504.085 1785.43 2913.39 1135.72 376.967 1381.18 3375.34 257.862 360.327 308.744 4152.07
internal_count=338362 168083 170279 88822 79261 59748 50950 57369 28311 34076 36935 110531 34113 31453 29680 28372 21322 3655 20680 16874 55274 11482 24717 21162 18743 27689 13396 28739 13472 10291 8033 22813 10717 20641 9963 19328 17657 7741 15602 8598 6732 6989 10839 8569 11002 15543 9008 15384 1308 5363 14034 2163 8704 16455 5559 1709 6676 13655 1048 1636 1408 25255
cat_boundaries=0 1 2 3 4
cat_threshold=1512 10240 1152 1160
is_linear=0
shrinkage=0.035


Tree=14
num_leaves=63
num_cat=3
split_feature=24 0 24 13 45 7 0 45 4 24 27 16 2 16 2 21 7 13 19 26 2 47 42 20 13 2 48 40 16 48 49 47 26 48 26 26 44 12 18 2 45 18 22 26 29 4 29 32 35 32 18 42 44 42 26 17 1 37 22 48 25 47
split_gain=24173.7 4963.04 1786.02 1162.29 1136.27 587.711 401.384 334.504 322.729 267.036 262.971 229.942 198.623 180.956 172.247 140.607 134.707 130.585 125.693 125.128 92.0036 91.2933 86.7486 84.8894 80.8526 78.9108 77.8765 76.8634 76.6631 78.9369 80.8781 76.2637 73.5269 78.2325 72.3548 68.695 67.5414 66.2882 64.8877 64.3373 64.0119 62.0792 68.4843 60.1132 60.0195 63.8253 58.9922 58.1243 57.1922 56.0782 61.007 55.0518 53.8048 53.5996 53.0815 50.6676 52.7526 50.5825 50.3232 49.8128 49.2058 52.2863
threshold=1.5000000000000002 380.37833333333339 3.5000000000000004 0.73508771929824568 1.2583333333333335 0.95833333333333337 68.65333333333335 2.2678571428571432 15.850000000000001 6.5000000000000009 1.0000000180025095e-35 0 204.73000000000005 1 29.010000000000002 11.350000000000001 0.95833333333333337 0.59411764705882364 599.1600000000002 131.50000000000003 16.215000000000007 inf 3.5000000000000004 4.4995999822206283 0.48809523809523814 2347.6300000000006 2.5000000000000004 1.0000000180025095e-35 2 3.5000000000000004 12.500000000000002 150.55000000000004 161.50000000000003 11.500000000000002 131.50000000000003 55.000000000000007 380.63500000000005 28.082500000000003 929.11125000000015 466.12000000000006 1.1715686274509807 5655.8175000000019 54.500000000000007 31.000000000000004 69.500000000000014 1.4450000000000001 84.500000000000014 747.99000000000012 16.500000000000004 2072.2750000000001 12867.354415584417 1.5000000000000002 102.16000000000001 3.5000000000000004 253.50000000000003 10266.120000000001 2408.2200000000007 400.92000000000002 23.500000000000004 3.5000000000000004 211.40571428571431 5507.3600000000015
decision_type=8 10 10 10 10 8 10 10 10 8 8 9 10 9 10 10 10 10 10 2 10 8 2 10 8 8 2 10 9 2 10 8 2 2 2 2 10 10 10 10 10 10 2 2 2 8 2 10 2 10 10 2 10 2 2 10 8 10 2 2 10 8
left_child=1 3 5 7 8 31 16 14 28 20 -7 18 32 59 19 55 53 36 23 -1 -4 22 -13 52 41 43 -16 -22 -3 -30 -31 51 35 -34 -28 -12 -6 -9 -23 -19 -25 -14 -43 -17 -36 -46 -24 -26 -18 50 -45 -2 -8 -5 -32 56 -15 -47 -20 -10 61 -41
right_child=2 4 9 6 17 10 11 37 13 -11 12 21 24 15 26 25 48 39 58 -21 27 38 46 40 47 -27 34 -29 29 30 54 -33 33 -35 44 -37 -38 -39 -40 60 -42 42 -44 49 45 57 -48 -49 -50 -51 -52 -53 -54 -55 -56 -57 -58 -59 -60 -61 -62 -63
leaf_value=0.0020417334140541178 -0.032489101627138348 0.04348244929088519 -0.031289303711662338 -0.018162221364568271 0.01325242877162346 -0.033271964183216707 0.021088787157187604 -0.026404769492800999 -0.0061696413129937438 -0.035997839112914626 -0.019766149528805912 -0.0078952285092501566 -0.00091965071835083232 0.030049822506030773 -0.010769065067511453 0.024788701425878801 0.0081157437574658191 0.012461085027800347 0.039571210762056032 -0.015195525972011932 -0.041189906805142472 0.0069053687264976375 0.025259926953540655 0.034347883861267012 0.012061957772758128 0.047782534816973893 0.013767856142996514 -0.021893909964655164 0.011274621872607204 0.02845788414455639 -0.0055719809100046808 -0.017958692033792589 -0.018471170816960952 -0.0013035054759323302 0.016124173979075458 -0.0014551250649369181 -0.0021556641773644394 -0.012900222861679106 0.023985801981303491 0.022319314189230586 0.020634715543133324 -0.030738824111684812 0.0094966330142203931 0.042222367035551267 -0.0057019861505960626 0.01533961897527404 0.0049943856253639347 -0.0042144155285104221 -0.016201202933652455 0.026345696600328747 0.019085697698267068 -0.021504370740075187 -0.0020285919278372378 0.0056566077256996637 0.027185255455219017 0.015068829878890251 0.039376136068075294 0.00034334239396298995 -0.01066195918314288 0.021639249563791881 0.011453462871380129 0.03409661088826528
leaf_weight=828.31001175940037 1578.8018983602524 302.02108383178711 3340.1853790283203 495.39289367198944 1810.341363966465 457.61143231391907 1297.8404119312763 624.31663700938225 106.37832644581795 9619.5795974731445 315.30916824936867 492.52593085169792 1074.9119344055653 1741.4594982117414 415.95144927501678 323.0092625617981 1522.9532965570688 820.28106307983398 27.559056311845779 1365.8020095825195 273.17746162414551 451.02452129125595 238.12086486816406 1361.6660443097353 963.08178931474686 2003.7651176452637 903.00488471984863 3514.5044689178467 498.09920261800289 2408.9918093383312 150.87420204281807 1264.4648228883743 1747.5392289161682 399.63950824737549 334.15779006481171 1216.0608806610107 431.21556854248047 1564.0554033219814 691.36329609155655 1745.8520364761353 609.91268026828766 191.05336931347847 70.429745882749557 4511.5629606842995 1121.200539842248 439.88885772228241 668.90916681289673 372.07015323638916 127.54804621636868 326.87062937021255 146.49402046203613 880.15430307388306 136.08880151808262 150.39619934558868 99.977468490600586 183.67160415649414 1335.3861751556396 734.76346300542355 168.19282376766205 300.40381646156311 354.6425199508667 635.38629150390625
leaf_count=4285 10125 1260 21715 2657 8449 2822 5725 3784 462 65576 1793 2349 5651 7228 2092 1342 7254 3731 123 7521 1823 2064 1074 5785 4575 8047 4368 21417 2139 10132 672 7429 9923 2248 1668 6677 2117 8731 3021 7518 2730 1053 380 18290 5690 2137 3076 1813 643 1344 599 5259 603 759 427 784 5473 3643 799 1258 1550 2680
internal_value=-8.97717e-05 0.0183367 -0.0250879 0.00425674 0.0300045 -0.0137922 0.0134108 -0.00501651 0.03526 -0.0321895 -0.00767548 0.0180768 -0.00582595 0.0381998 -0.000829898 0.0390783 0.000925513 0.0169119 0.0237662 -0.00869024 -0.0270456 0.00987791 0.00391949 0.0253995 0.00143751 0.0418188 0.00353853 -0.0232961 0.0259235 0.0240172 0.0264886 -0.0249706 -0.0111 -0.015278 0.00522558 -0.0052358 0.0102887 -0.0167632 0.0172542 0.0210827 0.0301183 -0.00464681 -0.0199066 0.0395589 0.0022885 0.000268591 0.0103366 0.00752642 0.0062279 0.0405108 0.041499 -0.0285676 0.0188949 -0.0126149 0.00753959 0.0330414 0.034109 0.00596748 -0.00342467 0.0140257 0.0236622 0.0254748
internal_weight=64286.2 37007.6 27278.6 16770.9 20236.7 10531.1 8439.49 8331.45 14439 16747.4 6807.71 6143.2 6350.1 10979 6143.08 10572.2 2296.29 5797.72 3601.26 2194.11 7127.87 2541.94 1399.56 3405.51 2671.55 7311.7 3948.97 3787.68 3459.96 3157.94 2659.84 3723.42 3678.55 2147.18 3533.02 1531.37 2241.56 2188.37 1142.39 3556.16 1971.58 1336.4 261.483 5307.94 2630.01 2295.85 907.03 1335.15 1650.5 4984.93 4658.06 2458.96 1433.93 645.789 250.852 3260.52 3076.85 1174.65 195.752 406.782 2735.88 2381.24
internal_count=338362 168083 170279 82581 85502 59748 38662 43919 59457 110531 36935 27349 34113 44827 31404 43107 11313 26045 15765 11806 44955 11584 6499 14843 13472 29622 19598 23240 14630 13370 11231 22813 20641 12171 17506 8470 10566 12515 5085 15479 8515 7084 1433 21575 13138 11470 4150 6388 7897 20233 18889 15384 6328 3416 1099 13485 12701 5780 922 1720 11748 10198
cat_boundaries=0 1 2 3
cat_threshold=1448 2049 1152
is_linear=0
shrinkage=0.035


Tree=15
num_leaves=63
num_cat=6
split_feature=24 2 24 45 7 2 2 13 24 27 16 34 47 34 0 32 13 7 16 16 34 7 42 8 47 21 27 47 48 48 47 23 48 32 22 48 33 32 22 4 16 23 4 2 22 33 1 17 47 5 13 16 13 32 48 17 37 2 42 16 8 22
split_gain=22702.6 4610.57 1743.32 1474.81 759.144 568.079 469.241 341.29 267.337 243.211 242.803 193.739 169.22 162.321 156.566 151.283 147.698 140.238 133.569 126.642 112.672 108.535 107.485 105.33 104.918 94.2052 92.3695 91.3321 91.2949 89.4913 88.8385 87.9942 78.4358 80.1862 74.5608 71.9733 71.5688 76.4202 70.3753 65.0395 72.5443 64.5512 63.3268 61.5782 59.1994 58.7908 57.7136 63.8899 57.4423 57.1022 56.464 55.1495 55.0634 54.1283 53.8301 53.3886 54.6911 51.6205 51.0368 48.3143 48.1614 47.3672
threshold=1.5000000000000002 186.31500000000003 3.5000000000000004 1.3452380952380956 0.95833333333333337 57.895000000000003 1133.8200000000004 0.73508771929824568 7.5000000000000009 1.0000000180025095e-35 0 2.5000000000000004 1.0000000180025095e-35 1.5000000000000002 380.37833333333339 802.53000000000009 0.324561403508772 0.95833333333333337 1 2 2.5000000000000004 0.91287878787878796 2.5000000000000004 19.500000000000004 inf 10.105000000000002 1.0000000180025095e-35 162.64000000000001 11.500000000000002 11.500000000000002 5507.3600000000015 1.0000000180025095e-35 11.500000000000002 1610.7200000000005 8.5000000000000018 11.500000000000002 2.5000000000000004 inf 12.500000000000002 8.2950000000000035 3 0.68301270189221941 14.440000000000003 25.580000000000005 1.5000000000000002 9.5000000000000018 1768.3000000000002 7704.7500000000009 inf 139.08166666666671 0.94281045751633996 4 0.48809523809523814 685.98000000000013 3.5000000000000004 11495.540000000001 5371.2000000000007 204.73000000000005 3.5000000000000004 5 14.500000000000002 27.500000000000004
decision_type=8 10 10 10 10 10 10 10 8 8 9 2 10 2 10 10 8 8 9 9 2 8 2 2 8 10 10 8 2 2 8 2 2 10 2 2 2 8 2 8 9 2 10 10 2 2 8 8 8 10 10 9 10 8 2 10 8 8 2 9 2 2
left_child=1 4 5 6 13 17 10 12 21 -7 -3 19 -6 27 52 18 48 -2 23 -12 30 -4 -14 25 35 43 -23 -1 42 31 -8 51 33 39 59 -21 -33 -38 -26 40 -16 44 -13 -9 -42 46 -40 -48 -11 -22 -44 -18 -5 -43 -20 56 -36 -28 -15 -32 -19 -53
right_child=2 3 8 14 7 9 20 15 -10 16 11 28 22 58 32 -17 29 60 54 24 49 26 -24 -25 38 -27 57 -29 -30 -31 34 36 -34 -35 55 -37 37 -39 45 -41 41 53 50 -45 -46 -47 47 -49 -50 -51 -52 61 -54 -55 -56 -57 -58 -59 -60 -61 -62 -63
leaf_value=-0.02292157261194552 -0.026525767438232491 0.0040917054986110441 -0.031982954146417143 -0.0095640938827203491 0.010156290734572717 -0.033015071070269575 0.026286927618740536 0.0024970238626526014 -0.036364299831872372 -0.020671558943827308 0.043319085219424742 0.023330542141663288 -0.01184643423488164 -0.0078156798888936521 0.03425713290476716 -0.014350255064927904 0.0031726310320583655 -0.011085568618835865 -0.018860254381526578 0.014886899609793397 0.037704758242779406 -0.037719243170053145 0.0010941413747127845 -0.0059727589296967535 0.012032925283029362 0.024819004712000024 -0.024652944516141584 -0.008415968047441073 0.046524814432065888 0.014665552324163351 -0.0096436610804037665 -0.0093641507303450708 0.028649070710254215 -0.0013883410649805394 0.034394449662355199 0.032273665630068164 -0.0018552546875513056 0.015565875877269451 0.021174545548461429 0.020315873654977053 -0.034260273568699012 -0.011354141514482111 0.026001979149725029 0.016463474189588573 0.0063376380362260582 0.045229603783307301 0.041356847835705417 0.023230250436503085 -0.0031884231789992825 0.046217812233286595 0.037106486702159033 -0.020860897246242693 0.0058100272334188317 0.026777178697859543 0.0049953216363995863 0.019418129048340563 0.046301357918141994 -0.016105106203172057 0.0063412962034589525 0.027009847629155433 -0.021710861658380379 -0.0064746428487979608
leaf_weight=1543.3852594941854 2985.5987272262573 557.57790860533714 3649.031494140625 373.75290423631668 1221.3556963205338 357.96473073959351 1249.403434753418 492.559684664011 7887.4278335571289 691.57235999405384 391.82890892028809 865.83146031200886 1527.0649974346161 861.42972898483276 138.42436024546623 245.5165753364563 445.22307056188583 1439.6164186000824 136.50158981978893 2210.6204281747341 1780.0339279174805 534.77798080444336 1619.4078078269958 240.10985016822815 323.84842681884766 1474.8028735369444 3129.6407170593739 813.47799271345139 593.79063415527344 450.63445925712585 56.396186828613281 381.76112866401672 463.79569625854492 401.57939267158508 825.33173514902592 336.25766563415527 548.86194229125977 702.6541748046875 937.58612716197968 1595.7213201671839 44.555093213915825 52.548680305480957 775.45940868556499 1805.4200692176819 1300.3129828870296 260.21691107749939 546.0845268368721 431.62913566827774 345.45858764648438 2228.3027572631836 2148.3018081188202 417.11580954492092 1195.9206013679504 321.20837879180908 735.75011348724365 148.00355798006058 1171.0307789295912 1208.1303133666515 487.80593061447144 168.39870607852936 823.94514393806458 855.56653022766113
leaf_count=9116 18862 2488 24236 2043 5854 2277 5185 2392 55257 4096 1642 3603 8406 4515 630 1222 2272 8228 646 9578 7182 3623 8250 1113 1366 6529 20102 4357 2409 2272 232 1955 2067 1837 3361 1412 2851 3530 3947 7092 234 244 3208 8155 5894 1074 2248 1808 1929 8934 8733 2173 5707 1451 3464 619 4738 7313 2410 688 4873 4430
internal_value=-9.16212e-05 0.0176505 -0.0246009 0.0268227 0.00105258 -0.0134224 0.031795 0.00629456 -0.0317159 -0.0052178 0.0269457 0.0282097 -0.000896022 -0.0123803 0.0116137 0.012415 -0.00315504 -0.0215426 0.0137628 0.0238152 0.0383897 -0.0274096 -0.00518802 0.0164419 0.0221627 0.0179132 -0.0239788 -0.0179206 0.0337194 3.97836e-05 0.0338842 -0.00193074 0.0150541 0.0134113 0.0378779 0.0171942 0.00388467 0.00793032 0.0273054 0.0151324 0.0106699 0.00850262 0.0317012 0.0134722 0.00496818 0.0295723 0.0274226 0.0333864 -0.0148562 0.0424477 0.0341712 -0.0074587 0.00214556 0.0214001 0.00123067 0.0398912 0.0413985 -0.0222765 -0.00269643 0.0185814 -0.0149611 -0.0111151
internal_weight=63953.3 37098.3 26855 23893.8 13204.6 10446 18005.9 9498.49 16409 5196.81 10379 9821.46 4367.83 3706.1 5887.82 5130.66 4838.85 5249.16 4885.14 5438.07 7626.9 8521.58 3146.47 4012.89 5046.24 3772.78 4872.55 2356.86 4383.38 3801.82 3618.56 3351.18 4318.15 3854.35 2369.16 2546.88 1633.28 1251.52 2499.37 3452.77 1857.05 1718.63 3789.59 2297.98 1344.87 2175.52 1915.3 977.714 1037.03 4008.34 2923.76 1717.91 1569.67 373.757 872.252 2144.37 1996.36 4337.77 1349.24 224.795 2263.56 1272.68
internal_count=338362 168083 170279 101654 66429 59748 74455 46031 110531 27785 43516 41028 22510 20398 27199 23521 25508 31963 22299 23075 30939 55274 16656 18189 21433 17076 31038 13473 17953 19483 14823 17211 19449 17382 9638 10990 8336 6381 10443 15545 8453 7823 15544 10547 6128 9077 8003 4056 6025 16116 11941 8875 7750 1695 4110 8718 8099 27415 6925 920 13101 6603
cat_boundaries=0 1 2 3 4 5 6
cat_threshold=10261 148920 1152 1160 136376 18432
is_linear=0
shrinkage=0.035


Tree=16
num_leaves=63
num_cat=5
split_feature=24 2 24 13 45 2 2 1 24 27 16 2 45 13 42 34 23 34 1 2 2 2 16 14 32 29 51 15 16 2 40 20 16 29 47 32 46 37 40 47 32 12 5 18 47 19 6 12 26 26 22 16 17 22 47 13 2 22 17 46 4 19
split_gain=21326.3 4282.4 1701.59 1108.68 890.979 541.914 394.033 325.593 267.138 232.458 230.647 174.287 164.735 138.992 136.854 136.458 128.791 124.056 141.313 108.983 97.8479 90.4788 89.6889 85.2754 85.0686 96.0393 84.2455 83.5072 82.2084 76.7577 75.9001 75.8106 72.6771 69.5984 65.8319 65.5595 64.3555 63.3985 62.9583 61.1929 60.3484 57.278 56.466 54.766 54.7191 54.7133 51.0148 51.0051 48.7917 51.5869 50.9827 47.6118 49.2391 53.3141 47.3753 53.5303 46.9193 46.8716 69.4626 46.7121 46.5195 45.6993
threshold=1.5000000000000002 387.69 3.5000000000000004 0.73508771929824568 1.2426470588235297 57.895000000000003 87.125000000000014 55.400000000000006 6.5000000000000009 1.0000000180025095e-35 0 1133.8200000000004 1.7638888888888891 0.324561403508772 1.5000000000000002 2.5000000000000004 0.68301270189221941 2.5000000000000004 inf 4.3500000000000005 46.890000000000008 16.215000000000007 1 20.500000000000004 2445.8400000000006 323.50000000000006 48.814308705081004 0.93078025075046045 2 563.94000000000017 1.0000000180025095e-35 4.9192682382647135 3 353.00000000000006 340.02000000000004 inf 529.6500000000002 3179.2500000000005 6778.3500000000004 5507.3600000000015 1309.9200000000003 276.96333333333342 83.596666666666678 10757.017500000002 inf 1432.9850000000004 276.14000000000004 53.870833333333344 284.50000000000006 330.00000000000006 48.500000000000007 4 8447.4900000000016 23.500000000000004 inf 0.324561403508772 3593.52 39.500000000000007 5884.29 55.470000000000006 890.55000000000007 3511.8900000000003
decision_type=8 10 10 10 10 10 10 8 8 8 9 10 10 8 2 2 2 2 8 8 10 10 9 2 10 2 8 8 9 10 10 10 9 2 8 8 8 8 10 8 10 10 10 10 8 10 10 10 2 2 2 9 10 2 8 10 10 2 10 10 10 10
left_child=1 3 5 7 10 19 17 14 21 -7 56 24 33 44 34 28 20 18 26 -2 -9 -4 -22 -20 25 27 -5 61 45 32 -23 57 41 40 -1 -18 -30 -16 -31 -14 51 -15 -33 -44 -11 47 -29 -8 50 -50 -24 -6 -53 -54 55 -21 -3 58 -13 -37 -45 -12
right_child=2 4 8 6 12 9 15 16 -10 13 11 31 39 29 37 -17 35 -19 23 54 22 30 48 -25 -26 -27 -28 46 36 38 -32 42 -34 -35 -36 59 -38 -39 -40 -41 -42 -43 43 60 -46 -47 -48 -49 49 -51 -52 52 53 -55 -56 -57 -58 -59 -60 -61 -62 -63
leaf_value=-0.02606825303890889 -0.026508089448991155 0.0056198433513862563 -0.030332652650015515 0.0030478747132429941 0.004701787438735291 -0.032520184087668581 -0.014908097584633937 -0.011298246426438636 -0.035162235666667083 -0.020189097361806449 0.036805601712407904 0.029066739748771896 0.0039557219784475007 0.002666832157013764 -0.012574392379385678 0.025994551296198747 0.0012473674085894013 0.016052749781213335 0.001857792592582155 -0.027028551652137887 0.017615726100944328 -0.040514828795687081 -0.0089474021957262687 0.025779409856035954 0.010662431829031652 0.018305174180917337 -0.010815804668803965 0.028848094801132776 0.0037395374685787698 0.010559659689672457 -0.020874577651021957 0.034633722143201658 -0.0049260997106094261 0.0018964457630445545 -0.0067079496838168681 0.0015922879143281659 0.017848051921551249 -0.00093319437946902753 -0.013461059303538022 0.017261506884800517 0.011429377243276303 0.042393231575831428 0.044018052934114718 0.014554546788567357 -0.0030824213859299136 -0.011560044670999142 0.0086194549816219681 0.021720964739828496 0.012452766157536868 -0.011350874311680586 0.0028921166284153607 0.026800178151720925 -0.017114496981493831 0.019035079702364045 -0.0067823701945713237 -0.015076081063639642 0.042320296739244014 0.03931315890469346 -0.0091558361631035434 0.02103589331437301 0.043791686416831642 -0.015934054433126694
leaf_weight=949.0711972117424 2410.3170824050903 428.19775569438934 3213.7089080810547 1107.449629932642 167.09763014316559 350.83464360237122 47.087735161185265 992.51195526123047 9183.2686386108398 683.48435011506081 3022.5662464946508 825.3067552447319 1188.7266885787249 114.760712698102 1243.0248478055 2115.7471656799316 567.49853134155273 851.48772811889648 355.67883253097534 646.30143572390079 355.86703085899353 259.79316329956055 1039.56471824646 374.39068651199341 259.71227645874023 631.30844783782959 1040.6648949086666 1729.8513987064362 1059.589606538415 1027.9710745811462 3420.5381507873535 1455.1052904725075 2434.1644717156887 213.63223266601562 279.23808085918427 196.50721007585526 632.14854358136654 1062.9102182388306 152.74707317352295 657.37321472167969 528.14593696594238 71.727668926119804 3512.4586948156357 152.43709580600262 344.87677001953125 65.505553901195526 168.65388488769531 1884.9642723351717 510.69156217575073 141.76585388183594 778.48942065238953 2758.2093949317932 59.963332295417786 280.11694622039795 520.3785400390625 1605.6576735824347 46.462081909179688 574.3135883808136 62.211189746856689 660.34252136945724 119.67353101074696 19.74573415517807
leaf_count=5848 15432 1822 21715 5321 732 2277 232 5396 65576 4096 12278 3364 5717 615 6803 8877 2926 3836 1668 4111 1754 1823 5202 1696 1095 2634 5355 7115 4897 4943 21417 5885 12791 937 1471 990 2783 5611 781 2986 2289 353 14094 616 1929 302 706 8190 2508 713 3842 11685 264 1201 2901 9519 188 2314 271 3106 481 82
internal_value=-9.27894e-05 0.0169981 -0.024121 0.00494141 0.0287029 -0.0130601 0.0132037 -0.00403412 -0.0312495 -0.00505335 0.033806 0.0347059 0.0173579 -0.00305182 -0.0122431 0.0189061 0.00150045 0.00432542 0.000851615 -0.0210611 -0.00185001 -0.0260332 0.00147066 0.0141436 0.0302944 0.0312073 -0.00367036 0.0328518 0.0148351 3.7539e-05 -0.0222716 0.0385916 -0.00330068 0.0213432 -0.021676 0.0104785 0.0089659 -0.00721117 0.00744339 0.00870053 0.0224376 0.0171751 0.040568 0.0428399 -0.0144607 0.0196555 0.0270566 0.020821 -0.000928675 0.00727126 -0.00387893 0.024214 0.0251681 0.0126297 -0.0163175 -0.0185169 0.00910232 0.0314846 0.0263802 0.0165838 0.0275262 0.0364582
internal_weight=63614 37173.5 26440.5 18312.2 18861.3 10363.2 9534.71 8777.48 16077.3 5180.57 13008 12533.3 5853.27 4829.73 3534.24 5805.04 5243.24 3729.67 2878.18 5182.65 3818.89 6894.04 2826.38 730.07 5831.84 5572.13 2148.11 4940.82 3689.3 3801.37 3680.33 6701.51 2620.65 4007.17 1228.31 1424.35 1691.74 2305.94 1180.72 1846.1 3793.53 186.488 5239.67 3784.57 1028.36 1997.56 1898.51 1932.05 2470.51 652.457 1818.05 3265.39 3098.29 340.08 2772.34 2251.96 474.66 1461.83 887.518 856.85 272.111 3042.31
internal_count=338362 168083 170279 89327 78756 59748 43157 46170 110531 27785 52945 50935 25811 25508 19733 25281 26437 17876 14040 31963 19415 44955 14019 3364 23910 22815 10676 20181 16404 19483 23240 27025 13759 17108 7319 7022 7680 12414 5724 8703 16171 968 21076 15191 6025 8724 7821 8422 12265 3221 9044 13882 13150 1465 16531 13630 2010 5949 3635 4096 1097 12360
cat_boundaries=0 1 2 3 4 5
cat_threshold=10256 9448 1448 1192 2049
is_linear=0
shrinkage=0.035


Tree=17
num_leaves=63
num_cat=3
split_feature=24 0 24 45 13 7 2 47 27 2 16 0 19 24 30 16 18 38 34 48 34 18 32 0 22 47 1 35 47 48 34 51 13 19 2 35 16 45 22 22 7 19 22 41 2 8 37 34 22 48 5 8 2 0 32 23 34 46 43 17 37 22
split_gain=20036.4 3977.82 1664.11 1006.89 862.453 596.677 428.606 295.071 279.661 252.005 237.937 217.746 143.108 135.676 130.018 115.357 139.169 112.581 108.437 107.814 103.156 102.304 93.6382 95.7992 93.1611 92.6119 86.9133 83.3578 83.3547 80.2625 78.6192 77.9841 77.2156 76.3662 73.6165 86.6731 73.0688 68.4951 67.5753 67.4695 67.1968 65.4993 65.2377 64.904 62.1322 59.2961 58.8568 55.085 55.0503 54.7005 53.66 51.6383 51.0231 50.9697 50.6625 50.3313 50.232 49.8368 48.4197 47.9252 50.4818 46.1989
threshold=1.5000000000000002 418.72166666666681 4.5000000000000009 1.7638888888888891 0.73508771929824568 0.95833333333333337 46.890000000000008 1824.1250000000002 1.0000000180025095e-35 1133.8200000000004 0 346.05000000000001 1994.9635714285719 8.5000000000000018 166.70000000000005 1 1417.5312500000002 1.0000000180025095e-35 2.5000000000000004 11.500000000000002 2.5000000000000004 5655.8175000000019 530.37000000000012 17.33666666666667 29.500000000000004 inf 100.49000000000002 15.500000000000002 5507.3600000000015 2.5000000000000004 2.5000000000000004 165.40898219159533 0.324561403508772 515.29666666666674 616.59000000000003 9.5000000000000018 2 2.535714285714286 8.5000000000000018 7.5000000000000009 0.86607142857142871 819.42300000000012 39.500000000000007 8689.8600000000024 1261.1400000000001 3.5000000000000004 inf 1.5000000000000002 1.0000000180025095e-35 2.5000000000000004 139.08166666666671 14.500000000000002 1543.4100000000003 97.980000000000004 2072.2750000000001 -0.6830127018922193 1.5000000000000002 740.50000000000011 3.5000000000000004 11495.540000000001 5371.2000000000007 8.5000000000000018
decision_type=8 10 10 10 10 8 10 8 8 10 9 10 10 8 10 9 10 8 2 2 2 10 10 10 2 8 8 2 8 2 2 10 8 10 10 2 9 10 2 2 10 10 2 8 10 2 8 2 2 2 10 2 10 10 10 2 2 10 2 10 8 2
left_child=1 3 5 6 31 32 22 14 -7 12 18 17 15 40 -5 -6 -17 -10 26 34 28 36 23 -1 -23 30 47 -14 -11 -25 -12 37 46 -28 35 -18 -13 52 -30 -38 -4 -37 -36 -27 -41 -9 -2 -8 -42 -20 -22 -19 54 -34 -3 -31 -16 -43 -45 60 -40 -54
right_child=2 4 13 7 9 8 10 45 11 20 25 21 27 -15 56 16 19 51 49 -21 50 24 -24 29 -26 43 33 -29 38 55 -32 -33 53 -35 42 41 39 -39 59 44 48 57 -44 58 -46 -47 -48 -49 -50 -51 -52 -53 61 -55 -56 -57 -58 -59 -60 -61 -62 -63
leaf_value=-0.0097063963660097667 -0.031655067808420645 0.015870064576668064 -0.03309112988033492 -0.024864599029920029 0.043191600981569732 -0.032694055503877967 -0.0010867826580822921 -0.0099942905582790596 -0.017063828809576784 0.024013911273232335 -0.0020977496081868558 0.016322957638171039 0.037022295738647432 -0.036252271244218898 -0.012678608185238771 0.016035955566089263 0.036658850484889989 -0.0026451238313954599 0.0088883037521975666 0.042256310716289491 0.034922325931229077 -0.03128830427894435 -0.02107991915966749 -0.01408892498859819 -0.0014370030853788495 0.027724649512307988 0.021287587897947047 0.0041434189587303636 0.016872367798723576 -0.0009451427916810837 0.012821735470450112 0.0031423740833202811 -0.022950347602300688 0.00063246102627585168 0.023779298276448382 0.024518682692231258 -0.016790065910476232 -0.0030553972196496059 0.031822505182919431 -0.00056153367910617583 -0.037526319828727353 -0.0012177885029212127 0.035489615126353014 0.0077263839508070059 0.016074027553429199 0.0081457093649075288 -0.015746214714594538 0.013796563764046749 -0.024445116645032391 0.028781528992102564 0.043156457225886201 -0.013287295108103758 0.0043256630719148703 -0.010726053548970929 -0.0043379128497177217 0.010558993250976506 -0.0025191178850380849 0.018054889677167226 0.03596106329393834 0.017770974802090621 0.043222112427059596 0.029197971419350703
leaf_weight=780.19182880222797 1938.7911694645882 2552.9061335772276 2908.1830787658691 925.4547611027956 608.07263946533203 572.09024283289909 501.66395249962807 268.30529278516769 2460.7713777273893 1261.4809494018555 1509.7908835709095 441.95539093017578 115.64992952346802 6243.8054847717285 2125.7546258866787 1252.8175906985998 393.54283984005451 1565.8003194928169 194.27519845962524 663.87802314758301 1787.6830215454102 211.10009932518005 255.71724033355713 254.19232439994812 323.51306176185608 314.30962681770325 2198.5124907940626 498.33298063278198 225.91285294294357 700.35682201385498 605.35072040557861 740.27320861816406 2009.7495564371347 243.62023483216763 946.87907528877258 884.74584311246872 236.72092907130718 225.58627732098103 830.0489032715559 1209.0182169079781 450.31445121765137 281.67225241661072 1560.3479964733124 1047.7680746912956 354.99118995666504 1225.3836432695389 337.58251953125 774.05334854125977 3371.1933269500732 1379.4058446884155 2228.796989440918 867.81539899110794 108.8215217590332 530.87402610480785 161.18814635276794 1389.5404524803162 829.19684335589409 393.24723076820374 79.222591459751129 148.89386355876923 1177.0358444601297 586.12686538696289
leaf_count=4087 13073 11321 20490 5749 2478 3801 2413 1456 15047 5189 7213 2209 480 46012 11992 5246 1634 8528 828 2706 7182 1172 1360 1280 1699 1369 9647 2117 920 3507 2643 3420 12877 1119 3879 3676 1235 1113 3361 6181 3210 1214 6328 4656 1782 5935 2139 3489 22895 5789 8934 4836 488 3093 726 6795 4462 1660 339 619 4738 2526
internal_value=-9.41773e-05 0.0163747 -0.0236489 0.00429253 0.0272058 -0.0148278 0.0098418 -0.0083335 -0.0091076 0.0311337 0.0138914 -0.00734468 0.0266091 -0.0325274 -0.0134208 0.0280333 0.0264722 -0.0117858 0.0185929 0.0290717 0.0356185 0.000483169 -0.000760041 0.00090932 -0.0132607 0.00682145 0.0153606 0.0103866 0.0313285 0.00444522 0.00217623 0.0135017 -0.0246135 0.0192282 0.0271003 0.0219806 0.00376388 0.0156102 0.0351907 0.000580327 -0.0290666 0.0182558 0.0310783 0.0136795 0.00322218 0.00488279 -0.0293038 0.00794756 -0.025996 0.0263329 0.0395012 -0.00644397 0.0168458 -0.0204013 0.0146688 0.00670517 -0.00982954 0.0100217 0.00974128 0.0371014 0.0385259 0.025315
internal_weight=63270.3 37236 26034.3 17602.1 19633.9 13060.8 12228 5374.1 8243.78 15259 8847.97 7671.69 7599.19 12973.5 3880.41 6985.2 6377.13 4894.39 5291.53 5124.31 7659.85 2777.3 3380 3124.28 534.613 3556.44 3717.85 613.983 3643.37 2344.09 2115.14 4374.9 4817 2442.13 4460.44 1953.21 2242.69 3634.63 2381.89 1800.73 6729.69 1559.67 2507.23 1441.3 1564.01 1493.69 2276.37 1275.72 3821.51 1573.68 4016.48 2433.62 3409.04 2540.62 2714.09 2089.9 2954.95 674.919 1126.99 2155.98 2007.08 694.948
internal_count=338362 168083 170279 86128 81955 77672 56534 29594 46490 62361 39505 42689 31418 92607 22203 28821 26343 28411 23285 21097 30943 14278 17029 15669 2871 16220 16668 2597 14827 11582 9856 19594 31182 10766 18391 8184 11407 16174 9638 9198 46595 6550 10207 6364 7963 7391 15212 5902 26105 6617 16116 13364 15061 15970 12047 10302 16454 2874 4995 8718 8099 3014
cat_boundaries=0 1 2 3
cat_threshold=1512 1152 132232
is_linear=0
shrinkage=0.035


Tree=18
num_leaves=63
num_cat=4
split_feature=24 2 24 45 7 2 2 34 47 27 34 38 34 26 24 0 34 16 47 7 32 26 19 48 47 29 48 39 2 4 7 37 17 5 30 48 26 7 41 29 16 27 47 13 32 48 48 27 27 18 49 17 29 23 16 23 18 16 14 13 4 40
split_gain=18827.3 3708.11 1629.13 1186.37 644.291 575.355 390.915 277.633 325.147 266.326 201.084 194.319 142.873 138.373 136.113 126.849 115.103 111.501 110.95 109.766 100.334 106.829 83.0204 82.434 81.8347 75.5499 73.4456 72.6602 80.7322 72.3392 71.8728 71.6024 71.5864 70.8997 69.8069 69.7028 69.6505 66.863 64.3752 62.9052 62.8338 62.4123 61.8044 61.5505 59.9736 59.8669 59.4765 58.1729 57.2387 56.3601 56.007 55.5252 52.7976 52.7653 51.4055 50.0501 49.9168 49.0804 47.7106 45.9597 45.2504 44.1018
threshold=1.5000000000000002 186.31500000000003 4.5000000000000009 1.3452380952380956 0.95833333333333337 37.125000000000007 563.94000000000017 2.5000000000000004 1.0000000180025095e-35 1.0000000180025095e-35 2.5000000000000004 1.0000000180025095e-35 1.5000000000000002 31.000000000000004 8.5000000000000018 503.01000000000005 1.5000000000000002 0 inf 0.95833333333333337 1178.0800000000002 70.500000000000014 49.157500000000006 11.500000000000002 58.870000000000012 207.50000000000003 11.500000000000002 183.98000000000005 387.69 2.7100000000000004 0.95833333333333337 1494.5700000000004 11495.540000000001 139.08166666666671 8578.2800000000025 11.500000000000002 161.50000000000003 0.82575757575757591 2714.6700000000005 323.50000000000006 1 10.410000000000002 5507.3600000000015 0.48809523809523814 486.88000000000005 11.500000000000002 2.5000000000000004 1.0000000180025095e-35 1.0000000180025095e-35 450.0800000000001 3.5000000000000004 2276.1050000000005 353.00000000000006 0.68301270189221941 2 -0.6830127018922193 10757.017500000002 3 19.500000000000004 0.37797619047619052 3.8550000000000009 9627.2400000000016
decision_type=8 10 10 10 10 8 10 2 10 8 2 8 2 2 10 10 2 9 8 10 10 2 10 2 8 2 2 8 10 8 10 10 10 10 10 2 2 8 8 2 9 10 8 10 10 2 2 10 10 10 10 10 2 2 9 2 10 9 2 8 10 10
left_child=1 4 5 6 12 19 17 8 22 57 13 27 24 -8 37 43 -10 -3 47 59 21 -19 -6 33 -1 31 36 28 -11 40 -23 -24 38 52 45 53 39 -4 -20 -13 -17 -42 -43 -5 46 49 -9 -15 -39 -32 54 -27 -12 -18 -49 -21 -35 -7 -51 -2 -14 -56
right_child=2 3 14 15 7 9 10 44 16 11 23 26 60 18 -16 29 35 20 32 55 -22 30 25 -25 -26 51 -28 -29 -30 -31 34 -33 -34 56 -36 -37 -38 48 -40 -41 41 42 -44 -45 -46 -47 -48 50 -50 58 -52 -53 -54 -55 61 -57 -58 -59 -60 -61 -62 -63
leaf_value=-0.023155133295283892 -0.029059916323962778 0.001333164551357547 -0.03339421449935355 -0.0073052341999622445 0.0021893258456012303 -0.0099648858493904501 0.0039049216730345743 0.0015408310419386191 -0.0093461304875013668 -0.01360307442760807 0.032480963697645256 0.0073541119991973707 -0.0086653675322011757 -0.031970000711893556 -0.035873822826545977 0.033611798215192341 -0.0036729255821622035 0.010620347119462446 0.020394945279509604 -0.024282852659715311 0.0040197934475853063 0.007561207165732854 0.0020631844429784634 0.047616773824115395 -0.0099248027660188178 0.015654525324851235 0.013600961800483678 -0.023432097351857806 0.0007109607339710652 0.019144883926310086 0.037075169300326997 0.021829385475225411 0.013275771179333967 0.040714097314672487 0.0032544351641620472 0.01721728462936286 -0.0069722811856527001 -0.036970890337277948 0.035657059636899753 -0.009886419589838524 -0.031970478147745285 0.0031430201025474469 0.016871809276126231 0.0068150778694157635 -0.0032031244601769182 0.039283020857987523 0.022590559287064667 0.0079210331725467435 -0.024473966711083983 0.011390291404215554 0.027241895988792394 0.031608733242864742 0.015088606950564701 0.0086600246806175802 0.028577109074159342 -0.012641130281698014 0.023969288465272898 -0.038140867942974159 0.025642557766871656 -0.020688333913910194 0.0041823763106615995 -0.023155963221939888
leaf_weight=1220.2933927029371 2462.029311388731 359.87165236473083 2324.5805053710938 481.59132385253906 890.27007246017456 126.44552481174469 295.7690601348877 186.06536740064621 2059.4952733516693 1799.1613385677338 2954.281886100769 1130.9378244876862 708.31842067837715 22.671270847320557 6091.5430145263672 112.93651962280273 1596.4572038650513 702.16770802438259 389.38057671487331 659.16085052490234 358.46884049475193 258.83989119529724 758.13951468467712 687.96511077880859 1083.2351600527763 879.20834708213806 405.51447916030884 591.33002853393555 659.38476848602295 1882.1269472539425 470.22975435853004 318.09388279914856 223.5245116353035 2297.6166257858276 150.13453179597855 314.27161026000977 1719.9896016120911 514.33809375762939 2856.9109822064638 335.33351135253906 46.633489027619362 997.79648442566395 672.03594809770584 1748.114462852478 146.6026229262352 472.89137554168701 1423.3498176336288 482.41518875956535 3764.0978803634644 330.66875877976418 1618.2567572593689 386.1429328918457 233.23433685302734 577.98831558227539 387.23518088459969 1456.2519912719727 246.61377334594727 384.14245021343231 2341.695635676384 1213.0400297939777 636.9030177295208 20.572172164916992
leaf_count=7494 16780 1627 16773 2596 4278 849 1260 834 11278 10803 11879 5764 3749 119 46012 508 7847 2970 1589 4106 1565 1116 3522 2760 5979 3932 2046 3609 3617 8233 1942 1425 927 9229 632 1505 9011 3753 11526 1736 250 4525 2951 8136 668 1928 6217 1989 26069 1381 6645 1707 956 2818 1582 8806 990 2652 9756 7893 3176 87
internal_value=-9.50895e-05 0.0157795 -0.0231832 0.0239425 0.000856251 -0.0144435 0.0283838 0.00564208 0.00280381 -0.00780198 0.0317451 -0.00592666 -0.0116497 0.0272899 -0.0320918 0.0103639 -0.00322755 0.0205292 0.0284416 -0.0226443 0.0218416 0.0232382 0.0112902 0.03611 -0.0169406 0.0147479 -0.000409425 -0.0124219 -0.00976531 0.0143271 0.0254366 0.00792017 0.0325132 0.0347209 0.0266629 0.00183749 -0.00219623 -0.0285978 0.0338333 0.00340718 0.00936266 0.0075091 0.00867506 0.00376334 0.0182083 0.0276338 0.0201595 0.0228495 -0.0259846 0.0258689 0.0233575 0.0205443 0.0312135 -0.000392236 0.0162737 -0.0162784 0.0391011 -0.0321366 0.023884 -0.0263031 -0.00258394 0.0252983
internal_weight=62924.8 37287.5 25637.3 24102.7 13184.8 12942.7 18161.4 9536.08 7780.07 7152.24 12716.4 6641.65 3648.75 6296.74 12694.6 5941.24 4548.21 5444.97 6000.97 5790.48 5085.1 4726.63 3231.85 6419.71 2303.53 2341.58 3591.78 3049.88 2458.55 3711.53 4024.46 1076.23 3469.82 5731.75 3765.62 2488.72 3186.26 6603.02 3246.29 1466.27 1829.4 1716.47 1669.83 2229.71 1756.02 3615.49 1609.42 2531.15 4278.44 3142.59 2508.48 1265.35 3187.52 2174.45 890.223 2115.41 2544.23 510.588 2672.36 3675.07 1345.22 407.807
internal_count=338362 168083 170279 101654 66429 77672 74455 46031 38312 40087 51538 36586 20398 25724 92607 27199 23448 22917 24464 37585 21290 19725 14864 25814 13473 10586 18557 18029 14420 16467 16755 4947 14042 23054 15639 12170 16511 46595 13115 7500 8234 7726 7476 10732 7719 15007 7051 10422 29822 13079 10303 5639 12835 10665 3658 12912 10219 3501 11137 24673 6925 1669
cat_boundaries=0 1 2 3 4
cat_threshold=10261 1160 149513 74813
is_linear=0
shrinkage=0.035


Tree=19
num_leaves=63
num_cat=4
split_feature=24 2 24 7 13 7 13 27 16 2 2 34 34 45 24 47 8 26 29 5 40 38 34 47 47 22 48 16 13 17 48 16 22 2 7 16 41 51 22 17 37 22 29 49 46 47 1 29 4 4 48 0 48 17 50 22 8 23 48 47 23 17
split_gain=17694.5 3447.52 1594.39 922.136 737.323 554.805 510.839 261.166 201.615 200.35 187.329 176.973 147.893 139.737 136.56 133.626 118.438 98.3194 95.1443 90.9817 90.105 89.8464 89.4791 88.4686 86.1084 84.8969 83.1064 80.9865 74.9439 72.1192 69.3167 67.3192 85.2663 70.881 66.3363 62.675 61.7918 61.5987 63.3861 64.9385 58.5592 56.7739 54.1751 53.7696 53.7087 52.2526 51.2883 50.8808 50.3921 49.5066 48.3994 48.0662 47.8424 47.7612 65.2429 60.4472 44.9575 44.7983 45.1532 44.6798 43.7039 99.5272
threshold=1.5000000000000002 387.69 4.5000000000000009 0.95833333333333337 0.82085561497326209 0.95833333333333337 0.73508771929824568 1.0000000180025095e-35 0 204.73000000000005 87.125000000000014 1.5000000000000002 2.5000000000000004 1.7638888888888891 8.5000000000000018 1.0000000180025095e-35 16.500000000000004 31.000000000000004 353.00000000000006 139.08166666666671 6025.0800000000008 1.0000000180025095e-35 1.5000000000000002 162.64000000000001 inf 31.500000000000004 11.500000000000002 1 0.324561403508772 11495.540000000001 3.5000000000000004 2 7.5000000000000009 1261.1400000000001 0.82575757575757591 3 14263.560000000001 5.2854702646050198 29.500000000000004 3154.1400000000003 inf 1.0000000180025095e-35 353.00000000000006 13.500000000000002 39.870000000000012 5507.3600000000015 17.700000000000003 207.50000000000003 3.8550000000000009 2.7100000000000004 3.5000000000000004 97.980000000000004 2.5000000000000004 316.13500000000005 9.4936174433440339 1.5000000000000002 14.500000000000002 0.93301270189221952 10.500000000000002 1284.3000000000002 0.68301270189221941 1053.9700000000003
decision_type=8 10 10 10 10 8 10 8 9 10 10 2 2 10 8 10 2 2 2 10 10 8 2 8 8 2 2 9 8 10 2 9 2 10 10 9 10 10 2 8 8 2 2 10 10 8 10 2 10 8 2 10 2 10 10 2 2 2 2 10 2 10
left_child=1 3 5 11 13 28 15 -7 52 21 16 23 18 30 34 47 35 -12 24 42 31 -9 44 -1 53 -22 27 59 40 37 -3 50 -33 57 -4 60 -32 38 39 -26 -2 -36 -14 -29 -17 -15 -40 49 -13 -5 -11 -30 -6 -10 -55 -56 -23 58 -34 -19 -8 -62
right_child=2 4 14 6 8 7 10 9 12 20 17 48 19 45 -16 22 -18 26 -20 -21 25 56 -24 -25 29 -27 -28 43 51 -31 36 32 33 -35 41 -37 -38 -39 46 -41 -42 -43 -44 -45 -46 -47 -48 -49 -50 -51 -52 -53 -54 54 55 -57 -58 -59 -60 -61 61 -63
leaf_value=-0.020950077372794081 -0.030796048023467235 0.0091075188330805509 -0.032969975055745455 -0.0023034289956340367 -0.01619913016045044 -0.031816151392398302 0.0091062177405071831 -0.016740921905939392 0.036375237660638784 -0.010220545455447165 -0.0017578903366687734 -0.0074887653398187093 0.032434711017975307 0.0032245308337684828 -0.035502398374839358 -0.016647109095675367 -0.0099796306027942813 0.022450825665244221 0.0050312126446009579 0.039706870145060746 -0.032422950942226872 -0.0030456577626586118 0.0025946229199049764 -0.0072964900034416186 0.028700440781018962 -0.002893815949021545 0.031957273413446743 0.013577616305858443 -0.022013514486754759 0.011753576835703737 0.021932734919949216 -0.018265021627666966 -0.0060945243817609818 0.016349463622148237 -0.036598024214932884 -0.0021179568635169002 -0.0065276221564752645 0.039320677856864876 0.040351229156041037 0.0094694092748446833 -0.01472177778467449 -0.024004058758968702 0.015466156616339792 -0.0071342346620833089 -0.0042147038434679858 0.015447430858926307 0.02481283252721023 0.015539798049365942 0.0049232843343991325 0.016627523541746996 0.018565323530291101 -0.010045508032571392 0.01269494326319443 0.0076526350751956211 -0.038230496501160102 0.024660735442995647 -0.0132220988591013 0.022337890498278706 0.0088543437949519174 0.0010367930875150747 0.0068576963191036558 0.034158801341536926
leaf_weight=1600.3574734479189 1867.4096826016903 706.21226099133492 2273.01442527771 588.85316544771194 84.634563207626343 550.33392134308815 1458.5207822322845 2169.6294186860323 260.17202425003052 84.812194347381592 289.96030426025391 778.07437233626842 3665.7104473114014 1197.3784057796001 5942.4892044067383 582.90305335819721 424.73701816797256 2632.8076367676258 229.35501098632812 2754.1732997894287 184.25675821304321 1445.1855831742287 2077.7818043678999 915.05189168453217 692.00787265598774 335.46417379379272 556.77188873291016 1606.3963148295879 1955.0986041724682 216.34313142299652 3391.9998464584351 279.40110696852207 1047.3891627788544 360.26443433761597 501.62812614440918 440.59703105688095 95.682147979736328 1134.5007847994566 737.88239611685276 313.84514439105988 329.39605712890625 3704.5440330505371 248.83901405334473 169.14426350593567 1574.8222886323929 666.80055236816406 412.75817976891994 795.06077337265015 824.04598899185658 236.3526605963707 438.09508657455444 523.72043198347092 390.54898810386658 392.60399919748306 18.125199541449547 1382.8948704749346 841.20106369256973 93.582807302474976 323.06770992279053 125.12743186950684 340.82163888216019 314.66225641965866
leaf_count=9760 13073 3015 16773 2863 368 3801 6722 13661 1067 436 1265 4086 14721 5717 46012 3342 2065 11100 969 11072 1047 7948 10298 4904 2807 1788 2316 7014 12877 895 14247 1488 5444 1797 3753 2082 422 4559 2966 1277 2139 26069 1016 769 8446 2986 1666 3654 4018 1099 2203 3093 1628 1624 90 5644 4760 464 1653 550 1566 1408
internal_value=-9.61715e-05 0.0152115 -0.0227242 0.00438444 0.0256618 -0.014068 0.00860902 -0.00855412 0.0303817 -0.00686621 0.0141616 -0.010199 0.0312277 0.0155812 -0.0316619 0.000681307 0.00711741 0.0180603 0.0271473 0.0348128 -0.000104101 -0.0116398 -0.00258899 -0.0159881 0.0280584 -0.0134049 0.0191893 0.0176145 -0.0236785 0.0313982 0.0191251 0.0025318 -0.000294272 0.00246492 -0.0281346 0.00996282 0.0211503 0.0326857 0.0291785 0.0227154 -0.0283936 -0.0255144 0.0313603 0.0115367 -0.00757944 0.00760249 0.0348037 0.00922644 -0.00110557 0.00313227 0.0136258 -0.01949 0.00737065 0.0223424 0.0202877 0.0238204 -0.00679389 -0.000960551 -0.00256663 0.0214024 0.0124317 0.0199955
internal_weight=62575.3 37325.3 25250 18332.9 18992.5 12828.3 14215.3 8152.68 12934.4 7602.35 8359.55 4117.53 12459.2 6058.07 12421.7 5855.77 2979.34 5380.21 5790.49 6668.72 3146.33 4456.02 4235.51 2515.41 5561.13 519.721 5090.25 4533.48 4675.62 3507.34 4193.89 2626.61 2103.71 1824.3 6479.19 2554.6 3487.68 3290.99 2156.49 1005.85 2196.81 4206.17 3914.55 1775.54 2157.73 1864.18 1150.64 1620.27 1602.12 825.206 522.907 2478.82 475.184 2053.8 1793.62 1401.02 2286.39 1464.04 1370.46 2757.94 2114 655.484
internal_count=338362 168083 170279 89327 78756 77672 66559 46490 52369 42689 36857 22768 50373 26387 92607 29702 13843 23014 23564 26809 16320 26369 22086 14664 22595 2835 21749 19433 31182 14170 17684 13485 10846 9358 46595 11778 14669 13275 8716 4084 15212 29822 15737 7783 11788 8703 4632 7616 8104 3962 2639 15970 1996 8425 7358 5734 12708 7561 7097 11650 9696 2974
cat_boundaries=0 1 2 3 4
cat_threshold=10256 1512 132232 148976
is_linear=0
shrinkage=0.035


Tree=20
num_leaves=63
num_cat=4
split_feature=24 0 50 45 45 2 2 22 47 16 45 2 7 19 30 45 19 0 47 32 47 24 16 40 48 24 15 34 48 34 35 8 33 23 41 26 48 44 45 3 39 22 12 8 18 23 42 3 8 7 5 2 22 48 40 19 18 16 3 1 16 22
split_gain=16631 3211.13 1564.34 831.676 713.747 554.891 356.434 256.205 251.776 216.149 194.867 185.286 161.013 123.761 118.289 115.703 103.555 115.805 102.113 89.1837 86.6692 82.667 81.2523 130.599 78.7494 78.0745 75.7392 72.2184 71.4516 70.3107 69.253 65.1018 64.5849 63.1698 61.3905 57.4219 59.286 56.1776 54.1793 53.2644 52.9214 52.5866 52.4941 56.9179 52.3422 52.181 51.6464 51.5931 50.9113 50.1402 49.7269 49.2504 67.4679 49.0308 56.536 56.281 48.0574 51.1224 47.693 46.7246 46.3286 52.7616
threshold=1.5000000000000002 418.72166666666681 1.0000000180025095e-35 1.7638888888888891 1.2071428571428573 87.125000000000014 32.655000000000008 1.0000000180025095e-35 1824.1250000000002 0 3.0833333333333335 1133.8200000000004 0.95833333333333337 1994.9635714285719 166.70000000000005 1.6833333333333336 702.01800000000014 144.06000000000003 inf 21.090000000000007 inf 3.5000000000000004 1 1716.8000000000002 2.5000000000000004 9.5000000000000018 1.2201399625955018 2.5000000000000004 11.500000000000002 2.5000000000000004 15.500000000000002 16.500000000000004 1.5000000000000002 0.68301270189221941 8689.8600000000024 161.50000000000003 10.500000000000002 291.09000000000009 2.6904761904761911 10.500000000000002 25.960000000000004 39.500000000000007 48.861666666666672 13.500000000000002 9753.7154166666678 -0.6830127018922193 1.5000000000000002 85.500000000000014 3.5000000000000004 0.82575757575757591 115.20000000000006 1738.4400000000003 7.5000000000000009 10.500000000000002 390.44166666666678 433.36500000000007 10757.017500000002 2 10.500000000000002 91.685000000000016 3 13.500000000000002
decision_type=8 10 8 10 10 10 10 2 8 9 10 10 8 10 10 10 10 10 8 10 8 10 9 10 2 8 8 2 2 2 2 2 2 2 8 2 2 10 10 2 10 2 10 2 10 2 2 2 2 10 10 10 2 2 10 10 10 9 2 10 9 2
left_child=1 3 20 6 11 12 27 58 14 16 19 13 38 22 -5 32 17 42 29 24 25 45 -3 -24 -9 49 50 31 40 -11 -15 33 -6 -1 -20 -26 -37 -17 -4 -21 59 47 -8 -44 51 -14 -16 -28 -10 -2 -13 60 -53 54 -19 -56 -52 -58 -7 -25 -34 -62
right_child=2 4 5 8 15 7 9 10 48 18 -12 26 21 30 46 37 -18 53 34 39 -22 -23 23 28 35 -27 41 -29 -30 -31 -32 -33 44 -35 -36 36 -38 -39 -40 -41 -42 -43 43 -45 -46 -47 -48 -49 -50 -51 56 52 -54 -55 55 -57 57 -59 -60 -61 61 -63
leaf_value=-0.0066832310980743676 -0.033888896172699572 0.039941460421619987 -0.019813948093687587 -0.023694404700124981 -0.00030219678222404142 -0.012042173680094829 -5.3519391553795619e-05 -0.0098194650887098306 -0.0095006714291275916 -0.0025972894668375925 -0.015415259657963533 0.030865872830816744 -0.018885217071542729 0.03430841582315048 -0.015758463584443796 0.011432877735266944 -0.0078100626775327135 0.031850815391260542 0.025596676762801873 0.023038160613073684 -0.0088651530682731135 -0.02262346209212936 0.01459042076211875 0.036460617638789251 0.014035167515289555 -0.035774630840503766 0.024371422541081662 0.011537910004392362 0.03973537803916638 0.010581927373620832 0.0018458628016839039 -0.0208874167923782 0.031143447632683497 0.0072510463761510267 0.0089751405054534009 -0.0047731690247831242 0.010157868944187701 -0.0016311697231665748 -0.027800799423360705 -0.0086109839023366906 0.02875411132621741 0.034581004903161357 0.017853489972129055 0.0051647717835503698 0.0052990562465665787 -0.0080189427768679131 -0.0058577211639260305 -0.0017933477452591151 0.0073589468591732802 -0.026889444473527414 0.039310107985379435 -0.0010974893061345527 0.03161175029317579 0.030705583952990001 0.019451673632616743 0.0016197946198859242 0.032866068188555329 -0.0015258965863405032 -0.039238333840385116 0.01660333015208686 0.0067940261316807747 0.018997689072894949
leaf_weight=1420.3798616975546 2132.8791961669922 525.37349700927734 1651.250800088048 893.28802359104156 221.3174946308136 106.32291305065155 394.15611320734024 439.80412115156651 265.87452220916748 1734.2948565036058 1433.4946810901165 2044.1750183105469 790.42398643493652 99.040483415126801 964.86006434261799 1607.4464840590954 207.95531237125397 387.36213536560535 343.83237886428833 67.315869584679604 190.2967529296875 1197.6035461425781 1213.9426841139793 171.05065566301346 771.4904351234436 5282.0986442565918 995.78875136375427 376.22180557250977 526.91252136230469 693.29756641387939 412.86484152078629 276.40645037591457 319.43728965520859 552.91265296936035 1304.1549258232117 716.7195485830307 595.58740425109863 537.81784057617188 2880.8220649212599 1424.4122514724731 2500.5458956062794 648.62149786949158 1393.0754185318947 629.74111747741699 311.52312803268433 1723.5038466453552 1952.1363124400377 101.59727716445923 1234.7536085247993 3146.6204109191895 2820.8740028142929 86.682028502225876 703.93134525418282 623.0657970905304 1712.2389217466116 248.45723932981491 179.82852554321289 80.782788872718811 319.7370263338089 969.0819616317749 547.55149607360363 2119.4666657596827
leaf_count=7402 16406 2117 11074 5749 960 748 1914 2337 1456 8339 8804 8216 4822 405 5774 7308 968 1631 1483 342 1175 8108 5007 691 3875 41764 4034 1756 2125 3017 1735 1506 1336 2723 5766 3737 3063 2574 20281 7721 10142 2606 6170 2895 1343 10084 10680 415 5935 23583 11370 373 2889 2621 7252 1091 723 325 2355 3974 2362 8925
internal_value=-9.70609e-05 0.0146673 -0.0222721 0.00380011 0.0243576 -0.0146102 0.00879864 -0.00638937 -0.0077736 0.0119032 -0.00434245 0.0289954 -0.0204675 0.0247098 -0.0125551 0.0148058 0.0163642 0.0173289 0.00572128 -0.000386546 -0.0323308 -0.0150548 0.0261406 0.0246661 0.00362348 -0.0327527 0.0329944 -0.00263613 0.0276559 0.00116938 0.00818117 -0.00501056 0.0181119 -0.00277718 0.0124564 0.00646408 0.00200582 0.00815849 -0.0248958 -0.0071683 0.0258972 0.0266591 0.0116319 0.0139078 0.0191084 -0.0114416 -0.00913689 0.0219496 0.0043675 -0.0297231 0.0351469 0.0202457 0.0280287 0.0219578 0.0196245 0.017194 0.0379758 0.0234383 -0.0324956 0.0196118 0.0181766 0.0164341
internal_weight=62224.5 37354.1 24870.4 17608.5 19745.7 14118.5 12297.6 5874.88 5310.91 9671.63 5448.82 13290.5 8243.6 6418.81 3810.28 6455.17 5596.05 5388.1 4075.58 4015.33 10751.9 3711.53 5906.91 5381.53 2523.6 10561.6 6871.67 2625.92 4167.59 2427.59 511.905 2249.7 4309.91 1973.29 1647.99 2083.8 1312.31 2145.26 4532.07 1491.73 3640.68 1746.01 2416.97 2022.82 4088.59 2513.93 2917 1097.39 1500.63 5279.5 5125.66 3777.07 790.613 2971.12 2348.06 1960.7 3081.49 260.611 426.06 1140.13 2986.46 2667.02
internal_count=338362 168083 170279 86128 81955 87351 56534 32982 29594 43147 29879 53885 54369 26196 22203 28070 24542 23574 18605 21075 82928 23014 24056 21939 13012 81753 27689 13387 16932 11356 2140 11631 18188 10125 7249 10675 6800 9882 31355 8063 14807 7055 10979 9065 17228 14906 16454 4449 7391 39989 20634 15885 3262 12595 9974 8343 12418 1048 3103 4665 12623 11287
cat_boundaries=0 1 2 3 4
cat_threshold=1448 1152 4352 1160
is_linear=0
shrinkage=0.035


Tree=21
num_leaves=63
num_cat=5
split_feature=24 0 50 45 7 7 13 24 4 27 15 19 16 12 0 48 47 0 13 36 40 45 24 29 23 48 48 45 1 40 34 32 47 16 22 46 16 16 32 26 4 47 48 18 3 4 22 40 0 7 47 18 21 1 29 23 22 18 32 16 32 9
split_gain=15633.7 2990.37 1533.07 766.394 719.594 520.418 383.536 278.677 228.818 156.737 149.745 143.282 153.449 137.625 137.56 120.478 106.005 103.291 100.853 86.5878 79.8978 75.6217 75.5406 73.9776 73.0155 70.3488 69.1749 67.7649 67.2683 67.1862 65.9991 65.2257 61.1762 60.3676 58.6521 58.1371 68.2519 54.9115 54.1392 56.3186 53.8295 53.1754 52.9795 49.7106 78.5402 52.0906 51.6673 116.509 48.9021 47.2313 45.4753 45.1472 44.4637 43.9172 42.6558 42.2197 41.4049 51.5348 41.3427 47.8774 41.2528 41.1293
threshold=1.5000000000000002 346.05000000000001 1.0000000180025095e-35 1.2071428571428573 0.95833333333333337 0.95833333333333337 0.73508771929824568 3.5000000000000004 15.850000000000001 1.0000000180025095e-35 1.2201399625955018 599.1600000000002 0 28.082500000000003 418.72166666666681 11.500000000000002 inf 68.65333333333335 0.59411764705882364 1.0000000180025095e-35 6025.0800000000008 3.0833333333333335 9.5000000000000018 353.00000000000006 -0.6830127018922193 3.5000000000000004 11.500000000000002 1.8819444444444446 2884.2600000000007 1.0000000180025095e-35 1.5000000000000002 747.99000000000012 5507.3600000000015 1 29.500000000000004 1046.8950000000002 2 3 2445.8400000000006 70.500000000000014 2.0350000000000006 inf 11.500000000000002 12867.354415584417 94.500000000000014 172.89000000000001 35.500000000000007 6025.0800000000008 97.980000000000004 0.82575757575757591 3809.7900000000004 223.45611111111114 1.4650000000000001 inf 176.50000000000003 0.68301270189221941 8.5000000000000018 7330.554000000001 1070.7700000000002 4 307.82000000000011 561.69000000000017
decision_type=8 10 8 10 10 8 10 10 10 8 8 10 9 10 10 2 8 10 10 8 10 10 8 2 2 2 2 10 8 10 2 10 8 9 2 10 9 9 10 2 10 8 2 10 2 10 2 10 10 10 8 10 10 8 2 2 2 10 10 9 10 10
left_child=1 4 19 8 13 21 16 9 33 51 23 12 -8 -1 24 18 27 -14 32 22 58 48 49 37 -11 -26 40 60 -12 -9 50 -27 -5 -3 -22 36 -20 -10 39 -35 -19 -38 43 45 -45 -39 47 -47 -4 -2 -15 -7 -42 -41 -43 -34 -37 -58 59 -16 -6 -25
right_child=2 3 5 15 6 7 11 29 10 14 28 -13 17 30 20 -17 -18 26 35 -21 34 -23 -24 61 25 31 -28 -29 -30 -31 -32 -33 55 38 -36 56 41 42 -40 53 52 54 -44 44 -46 46 -48 -49 -50 -51 -52 -53 -54 -55 -56 -57 57 -59 -60 -61 -62 -63
leaf_value=-0.019180630541834387 -0.033628023639782921 -0.0050222995016604112 -0.021430753971058893 0.0014821755908932088 0.0037929179012936138 -0.013626333224016442 -0.0016685588681069133 -0.040311063410764854 0.014167071328358125 -0.01489101649661703 0.01721329974416503 -0.0082875298072142452 0.0071681264479197884 -0.014005881615000618 -0.00016179963944597421 0.026299712601683178 0.0077950412725632271 0.0082420822443668648 0.028580503621185558 -0.016173236215280641 -0.031014759146548412 -0.027629827554154839 -0.035597144061400264 0.012405511450516427 -0.015541298924658093 0.00074146042312615303 0.032226586080065393 -0.0083748803977862496 0.028220824883746939 -0.017352429221875732 0.00075175156803527826 -0.017033617072087642 0.0084466374331571403 0.0094165098200624364 -0.00082363718648469672 0.0063910407692020577 0.006410345609549826 0.031029839682587625 0.0025373539159271323 0.021935606516672968 0.014228617524685034 0.0083251268426096699 0.042308907426470949 0.036224850411678014 -0.0046385889253165004 0.035624920526514219 0.043091770016655061 -0.0072473348680930786 -0.0098425402062624658 -0.02667186995071057 -0.0001000116478912639 -0.039694144358377474 0.022443628355812126 0.037660910556239352 0.027980198751809012 0.02647317553279549 0.024777777151085516 0.0063829414659438595 -0.0048041928246360778 0.013780860372639869 -0.0087039513654362868 0.037388030367562108
leaf_weight=1356.060128711164 2045.6205176711082 122.20219802856445 2248.0326750427485 1429.9369628429413 1517.8804334998131 145.41447681188583 721.07016110420227 167.03150749206543 234.446653470397 1182.6656408309937 1343.9592018127441 386.5224532186985 1377.5658716857433 1098.112230181694 454.11863952875137 793.98013305664062 1441.77734375 740.39456652104855 253.06299495697021 413.7021484375 123.57174170017242 2378.0110113918781 5071.0561943650246 340.45039558410645 559.71154330670834 1887.9083106517792 390.30685186386108 1753.3090819716454 1392.4540977478027 2349.4323215484619 1167.8373032808304 290.9922821521759 549.15595579147339 409.16104586422443 214.79699456691742 239.73593926429749 1682.2853055000305 4325.8894731104374 196.7468603849411 2326.9324406683445 1490.41005179286 251.10413360595703 793.97296047210693 118.5519557595253 110.83066195249557 890.35297799110413 1095.4080801010132 84.724301218986511 559.71994443237782 2981.2924690246582 390.4293212890625 188.36736810207367 1782.8252339810133 241.68750858306885 295.19915390014648 224.08589220046997 1278.5136209726334 219.39754784107208 311.59172749519348 926.64300073683262 410.1957631111145 105.65051460266113
leaf_count=8291 16119 531 15352 6734 7553 967 3359 1312 966 6995 5473 1849 6450 6393 2249 3398 6771 3282 1057 2832 690 17073 41189 1393 3249 10530 1647 9958 5640 15360 5824 1666 2465 1697 1113 1034 7259 17418 844 9525 6416 1056 3195 478 446 3595 4426 341 3381 22788 1972 1335 7419 975 1233 982 5296 939 1559 4520 2077 426
internal_value=-9.70552e-05 0.0141469 -0.0218261 0.0227237 0.00271929 -0.0142348 0.00700579 -0.00905134 0.0274623 -0.00510944 0.0299201 0.0123984 0.0136291 -0.010112 -0.0037981 0.0134406 -0.000246608 0.015513 0.0118471 -0.0319257 0.0035946 -0.0230296 -0.0325694 0.0323145 -0.00762651 -0.00448506 0.0181563 -0.0033973 0.0228229 -0.0188917 -0.00547702 -0.00163913 0.00577385 0.0193768 -0.0119083 0.0150162 0.0115699 0.0331234 0.0202693 0.0215077 0.0167803 0.00945573 0.033656 0.0326636 0.0165465 0.0332389 0.0378372 0.0318961 -0.019125 -0.0295087 -0.010361 -0.0284121 0.0187086 0.0234293 0.0189776 0.0136982 0.0199286 0.0220896 0.00669944 0.00929702 0.00113109 0.0183925
internal_weight=61874.3 37374.6 24499.7 21349.9 16024.7 13988 12012.3 8802.25 14133.4 6285.78 10836.7 6889.1 6502.57 4012.44 5952 7216.46 5123.16 5781.5 6422.48 10511.7 2030.72 5185.76 10098 8100.28 3921.28 2738.61 4403.94 3681.39 2736.41 2516.46 2656.38 2178.9 2203.18 3296.73 338.369 4219.3 2481.65 7654.18 3174.53 2977.78 4013.63 2228.59 7419.73 6625.76 229.383 6396.37 2070.49 975.077 2807.75 5026.91 1488.54 333.782 3273.24 2568.62 546.303 773.242 1737.65 1497.91 1692.35 1380.76 1928.08 446.101
internal_count=338362 168083 170279 88822 79261 87351 56781 51545 57369 34873 43797 30422 28573 22480 32571 31453 26359 25214 28055 82928 10131 35806 80096 32684 22440 15445 18764 19588 11113 16672 14189 12196 10181 13572 1803 17874 10605 30865 13041 12197 17117 9548 29899 26704 924 25780 8362 3936 18733 38907 8365 2302 13835 10500 2289 3447 7269 6235 8328 6769 9630 1819
cat_boundaries=0 1 2 3 4 5
cat_threshold=75783 2048 1160 2049 2304
is_linear=0
shrinkage=0.035


Tree=22
num_leaves=63
num_cat=0
split_feature=24 2 50 45 2 7 2 27 34 47 45 34 46 42 42 45 33 47 0 52 34 44 48 24 48 2 22 3 47 19 29 22 18 19 37 47 18 48 18 1 48 17 18 22 47 47 42 27 8 8 26 4 7 17 18 37 3 5 7 22 29 45
split_gain=14696.8 2814.89 1501.82 908.021 519.691 496.666 325.623 244.581 222.8 256.869 202.441 172.007 127.149 122.672 116.287 101.447 101.229 97.8852 91.8439 86.1403 82.7226 82.2539 79.0434 76.8613 71.9346 71.9256 71.7376 91.0327 71.4778 67.2569 65.7806 64.6194 80.3871 63.8583 62.9997 62.1197 61.3077 57.523 57.4972 61.9093 66.5389 60.0924 59.4817 58.239 54.6329 52.7088 52.6361 52.1399 51.4473 50.6828 50.468 49.9651 49.5557 49.4052 48.0076 47.6253 47.5807 45.2677 44.819 44.5994 56.0392 43.357
threshold=1.5000000000000002 186.31500000000003 1.0000000180025095e-35 1.3452380952380956 57.895000000000003 0.95833333333333337 1133.8200000000004 1.0000000180025095e-35 2.5000000000000004 inf 3.0833333333333335 2.5000000000000004 10.020000000000001 2.5000000000000004 3.5000000000000004 2.6904761904761911 2.5000000000000004 674.82000000000005 462.7200000000002 3.5000000000000004 2.5000000000000004 380.63500000000005 11.500000000000002 9.5000000000000018 10.500000000000002 672.21000000000015 39.500000000000007 85.500000000000014 inf 49.157500000000006 207.50000000000003 48.500000000000007 5655.8175000000019 116.17500000000003 1494.5700000000004 674.82000000000005 12867.354415584417 3.5000000000000004 12867.354415584417 inf 11.500000000000002 9353.6000000000004 370.30641666666673 31.500000000000004 1610.7100000000003 733.86000000000013 1.5000000000000002 10.410000000000002 19.500000000000004 14.500000000000002 70.500000000000014 14.440000000000003 0.82575757575757591 7704.7500000000009 10757.017500000002 4372.6550000000016 10.500000000000002 139.08166666666671 0.6515151515151516 43.500000000000007 207.50000000000003 1.7638888888888891
decision_type=8 10 8 10 10 10 10 8 2 8 10 2 8 2 2 10 2 8 10 2 2 10 2 8 2 10 2 2 8 10 2 2 10 10 10 10 10 2 10 8 2 8 10 2 10 10 2 10 2 2 2 10 10 10 10 8 2 10 10 2 2 8
left_child=1 5 19 6 12 13 11 56 9 14 18 16 -4 17 48 22 -3 58 49 -2 26 54 25 52 44 -5 27 37 46 -11 34 32 47 -18 -31 -16 -28 -8 39 40 42 -41 -35 -43 51 55 -14 -27 -7 61 -32 -13 -21 -39 -20 -10 -6 -22 -1 60 -44 -9
right_child=2 3 4 15 7 8 20 10 45 29 -12 24 28 -15 35 -17 33 -19 21 23 57 -23 -24 -25 -26 31 36 -29 -30 30 50 -33 -34 38 -36 -37 -38 53 -40 41 -42 43 59 -45 -46 -47 -48 -49 -50 -51 -52 -53 -54 -55 -56 -57 -58 -59 -60 -61 -62 -63
leaf_value=-0.028789158724095862 -0.0056008198752965895 0.002597851696249447 -0.02540765202852157 0.0046780227316925559 -0.013143073634541405 -0.0061028316993156535 0.0097581276808353032 0.010170580753899554 0.012329412381465373 0.0015117671391576572 -0.01548169471289996 0.016376120880340274 -0.021935515804071787 -0.0010666720202293998 0.0077009668345444371 -0.007837961536862734 -0.0071596621826457169 -0.0037761232367155835 0.010077064422989892 -0.033103553377132333 0.029422335078644276 -0.0076917713508219722 0.022660562629311518 -0.03498953586362382 0.032954813788117022 -0.024882126326116891 0.034476235945467323 0.0024578454888000163 -0.0035462476764210331 0.00094607252027557626 0.0077456970899461306 0.023490284310632381 -0.0099430700121208009 0.027358326006430615 0.019351701039322614 -0.0092189227418741256 0.0028957566199054735 0.028434410618972988 -0.0026107361971926236 0.031982473894476927 0.029484138008357298 0.0042670893801747024 0.0049973058555547803 0.029253176448750834 0.010876749954015087 -0.0035779117449488136 -0.01315295008398141 0.013582970541710523 -0.024189509295626847 -0.010870046665096571 0.022759268179331747 0.02717863612760987 -0.025997619998563246 -0.00029902254288472418 -0.030126932966937719 0.024395295302440497 -0.038377666928139875 0.036995637954409979 -0.016012933785326946 0.018679169207479404 0.018012074210974668 -0.0042497624247351436
leaf_weight=459.15417875349522 155.12039852142334 564.75791317224503 3328.7379937171936 2582.9881901592016 128.10488313436508 2687.405833914876 268.23861479759216 324.87163111567497 891.48093950748444 896.88853883743286 1653.2213227897882 688.46569801867008 1813.6086824536324 1139.5702505111694 1306.2767972946167 412.12778468430042 118.72319906949997 685.26771557331085 1366.7174692153931 2035.7759408950806 1786.7914505004883 485.27093505859375 555.68730354309082 5052.8702926635742 1235.0125122070312 43.460072457790375 1292.5823755264282 248.27157211303711 488.75370788574219 765.79973888397217 398.66142439842224 559.93500137329102 219.24801445007324 448.00284096598625 323.34321665763855 332.75081729888916 80.162084579467773 1698.455393537879 149.85587334632874 793.12346871197224 473.22867900133133 243.81312464177608 1058.4760450720787 214.76016873121262 400.59749412536621 154.59347105026245 1563.2743985056877 1623.5498514771461 206.72118882834911 1158.4062224924564 888.17582511901855 2285.4451315253973 3033.324577331543 76.587948337197304 36.431123733520508 733.48423945903778 332.54583781957626 2200.1640090942383 1281.5864452719688 1256.9076761007309 656.90057703852654 1180.4289610236883
leaf_count=2991 960 2423 23598 11981 919 14498 1100 1739 3896 4278 10432 2807 12665 5998 6208 2174 526 3615 6672 16414 7182 2545 2434 41971 4970 232 5211 1018 2887 3522 1744 2401 986 1858 1425 1617 328 6846 625 3211 1927 1013 4444 875 1636 693 9953 6991 1125 6581 3895 9221 23583 320 193 3130 2563 8934 7794 5213 2767 6604
internal_value=-9.72032e-05 0.0136474 -0.0213864 0.0207215 -0.0138673 0.00060998 0.024606 -0.00682502 0.00475832 0.00220968 -0.00499566 0.0206264 -0.0203904 -0.0105405 -0.00318496 0.00890485 0.0167037 -0.0149884 -0.00118483 -0.031525 0.0301097 0.00471817 0.0101415 -0.0319217 0.0257094 0.00875406 0.0262933 0.0224814 -0.0160646 0.00968032 0.0127619 0.0130544 0.00994565 0.0181745 0.00642305 0.00426241 0.0326355 0.024912 0.0187437 0.0193661 0.0171799 0.0261471 0.0154694 0.0160068 0.0230488 0.0159304 -0.0178749 0.0125658 -0.00740263 -0.00536993 0.0181177 0.0246842 -0.0288574 0.0271952 0.0090125 0.0177874 -0.0314037 0.0336098 -0.0193975 0.0136688 0.00998888 -0.0011329
internal_weight=61524.9 37387.5 24137.5 24236.3 13860.4 13151.2 18239.3 6666 9585.58 7806.02 6205.35 10588.1 7194.37 3565.58 4533.15 5997 5978.55 2426.01 4552.13 10277.1 7651.25 1888.42 5584.87 10122 4609.52 5029.18 3664.3 2291.55 3865.64 3272.87 2375.98 2446.19 1886.26 5413.79 1089.14 1639.03 1372.74 2043.28 5295.07 5145.21 3893.52 1251.7 3420.29 458.573 3374.51 1779.56 3376.88 1667.01 2894.13 2663.71 1286.84 2973.91 5069.1 1775.04 1403.15 1624.97 460.651 3986.96 1740.74 2972.28 1715.38 1505.3
internal_count=338362 168083 170279 101654 87351 66429 74455 38248 46031 38312 34766 43516 49103 20398 23448 27199 24882 14400 24334 82928 30939 9410 25025 81968 18634 22591 14823 9284 25505 14864 10586 10610 8209 22459 4947 7825 5539 8266 21933 21308 16209 5099 14282 1888 13664 7719 22618 7223 15623 14924 5639 12028 39997 7166 6865 7026 3482 16116 10785 12424 7211 8343
is_linear=0
shrinkage=0.035


Tree=23
num_leaves=63
num_cat=5
split_feature=24 2 50 7 13 2 13 27 45 16 34 2 2 46 35 23 45 48 4 32 29 32 36 47 48 24 47 48 47 21 16 34 29 15 23 22 47 18 23 3 42 22 16 42 16 32 44 4 7 4 32 48 22 16 42 48 19 0 18 3 3 42
split_gain=13816.6 2635.63 1470.73 709.01 571.905 497.189 381.894 234.926 191.028 176.826 149.434 142.698 126.62 123.616 118.101 118.027 106.267 97.8202 90.93 90.6704 90.0492 86.8976 85.946 84.3688 79.7732 76.3585 76.1632 69.7393 68.2323 65.8678 63.0924 61.2195 60.1273 58.3583 57.3096 57.2934 92.9458 58.7287 56.3515 54.195 54.0187 51.8398 51.8145 50.8939 49.2215 48.3363 47.6901 46.8919 46.8565 45.1898 44.8019 44.09 43.4069 43.2696 42.3319 42.1955 41.9292 41.8667 40.3531 43.3403 39.8933 39.7077
threshold=1.5000000000000002 387.69 1.0000000180025095e-35 0.95833333333333337 0.82085561497326209 57.895000000000003 0.73508771929824568 1.0000000180025095e-35 3.0833333333333335 0 1.5000000000000002 95.890000000000015 1133.8200000000004 10.020000000000001 13.500000000000002 0.68301270189221941 1.7638888888888891 11.500000000000002 2.0350000000000006 21.090000000000007 353.00000000000006 1309.9200000000003 1.0000000180025095e-35 inf 2.5000000000000004 9.5000000000000018 162.64000000000001 10.500000000000002 inf 1.4650000000000001 1 1.5000000000000002 353.00000000000006 1.2201399625955018 -0.6830127018922193 48.500000000000007 1824.1250000000002 12867.354415584417 0.68301270189221941 61.500000000000007 3.5000000000000004 18.500000000000004 2 1.5000000000000002 3 1.0000000180025095e-35 291.09000000000009 64.845000000000013 0.82575757575757591 9.0050000000000008 1441.6800000000001 2.5000000000000004 37.500000000000007 4 1.5000000000000002 11.500000000000002 332.61772727272734 380.37833333333339 10757.017500000002 39.500000000000007 61.500000000000007 2.5000000000000004
decision_type=8 10 8 10 10 10 10 8 10 9 2 10 10 8 2 2 10 2 8 10 2 10 8 8 2 8 8 2 8 10 9 2 2 8 2 2 10 10 2 2 2 2 9 2 9 10 10 10 10 10 10 2 2 9 2 2 10 10 10 2 2 2
left_child=1 3 22 10 16 13 15 44 19 51 26 14 27 -4 31 17 32 18 -5 24 21 29 25 61 -9 48 54 30 43 -13 -11 42 50 47 -26 -32 37 -37 55 57 -12 -41 -8 -15 -7 -17 -18 -14 -2 -31 53 -6 -29 -3 -1 -33 -16 -21 -49 -60 -52 -20
right_child=2 4 5 6 9 7 11 8 -10 12 40 20 33 28 56 45 46 -19 23 39 -22 -23 -24 -25 34 -27 -28 52 -30 49 35 38 -34 -35 -36 36 -38 -39 -40 41 -42 -43 -44 -45 -46 -47 -48 58 -50 -51 60 -53 -54 -55 -56 -57 -58 -59 59 -61 -62 -63
leaf_value=-0.023674171096104459 -0.032867818082651414 0.00084385973999577231 -0.024940458324429763 -0.0091252414888621132 -0.017481254630641999 -0.0062684786836587972 0.0082060625558181277 -0.010168337080933476 -0.015082970375414137 0.035502305824691813 -0.0058868696544698658 0.012351974544357405 0.027432216474444569 -0.021479355081543541 0.0010919601189050114 0.015314920030057794 0.0096354699297895273 0.011399042106347446 -0.0096241986353872537 -0.0091038565884548322 -0.0036289246125713239 -0.0039285804176593482 -0.015250672465248895 0.016721563606388788 -0.0019729083010456296 -0.03492043648945798 -0.0066265322003611089 0.024537254231618118 -0.0034293759006594165 0.015704135178287077 0.016745082369525804 0.0081634788082676421 -0.00074369430373877267 0.024873966529176485 0.0093879490403552535 0.029099731996732815 -0.0019060741892370323 -0.008117010865969632 0.027213028548692147 -0.031917451388396939 0.0074267598264134982 -0.0091603242025270638 -0.010018837268591124 -0.012796361048992988 -0.036817664092660705 0.0022706950414226228 -0.0034854623029855333 0.035903770699759689 -0.025791246970203834 0.024525972186132051 0.019123605210113182 0.010153617692498231 0.037521140583781136 0.019855534349657505 -0.011440222495538947 0.028416570215785836 -0.015011589429035988 0.0099765800004171148 0.048878990123381191 0.013433825039347114 -4.5010066790988191e-05 0.0024409614301225185
leaf_weight=1003.5483925566077 1950.9703703522682 165.43795680999756 3273.4119057655334 2133.8017796427011 85.212182879447937 100.58793622255325 744.75045517086983 490.92547315359116 1637.8353208303452 385.63790893554688 999.73644065856934 1709.0693078935146 1561.7765542268753 1787.7791720032692 534.83685800433159 758.61041522026062 1437.2728853523731 557.16571044921875 546.61043785512447 258.16465526819229 278.94841766357422 235.54115796089172 403.65676879882812 359.37255859375 846.64361381530762 4819.5191716551781 904.23127120733261 676.10854196548462 487.79202270507812 1198.1355193257332 2526.7733587026596 912.08432960510254 232.92658615112305 1660.0716755390167 1518.7669435739517 1435.2802414894104 141.56164932250977 53.488430023193359 348.35208320617676 139.37479913234711 594.47549629211426 986.18683969974518 246.25576293468475 1550.8487624526024 350.20175856351852 642.94844555854797 443.54998779296875 3148.4307647943497 2873.881742477417 1782.0706537663937 231.69152402877808 393.74379944801331 609.38652944564819 3301.4882335364819 533.7909300327301 145.58468246459961 313.43986570835114 307.65955352783203 53.306335598230362 196.90643009543419 310.43188333511353 856.4723402261734
leaf_count=6522 16119 709 23598 11136 368 728 3461 2677 10432 1551 5230 7318 6298 12665 2470 3507 6565 2816 3031 1499 1207 1065 2832 1633 4498 41189 4904 2723 2887 5072 10266 4071 1003 6696 7774 5785 578 219 1510 793 2874 5539 1183 9953 2754 3359 2138 12796 22788 7305 976 1628 2452 13682 3238 645 1550 1554 216 793 1314 4220
internal_value=-9.75255e-05 0.0131686 -0.0209524 0.00369749 0.0222858 -0.013507 0.00735281 -0.00661814 -0.00483771 0.0264594 -0.0092567 0.012113 0.0272546 -0.0199443 0.00635046 0.000482634 0.0134706 -0.00230541 -0.00426758 -0.00114544 0.0157049 0.0168005 -0.0311284 0.00161543 0.00265741 -0.0317913 -0.014697 0.0235035 -0.0156649 0.0178424 0.021456 0.0103212 0.0165408 0.0305939 0.00532248 0.0200113 0.0251827 0.0277581 0.0150149 -0.00756529 -0.000920725 -0.0120041 0.00365354 -0.017451 -0.0309836 0.00933692 0.00654098 0.0325028 -0.0286589 0.0209858 0.0175449 0.0051045 0.0307166 0.0190085 -0.0194365 0.0109755 -0.004869 0.00127018 0.0348241 0.0211497 0.00816736 -0.00226287
internal_weight=61174.5 37390.3 23784.2 18339.8 19050.5 13736.2 14304.1 6636.35 6185.56 12927.7 4035.78 8449.07 12448.7 7099.83 3245.3 5854.98 6122.8 4453.42 3896.26 4547.72 5203.77 4924.82 10048 1762.46 2856.34 9644.37 2441.57 5828.24 3826.42 4689.28 4542.74 2397.03 4241.98 6620.49 2365.41 4157.1 1630.33 1488.77 1406.02 1691.39 1594.21 1125.56 991.006 3338.63 450.79 1401.56 1880.82 4960.42 4824.85 2980.21 4009.05 478.956 1285.5 3466.93 1537.34 1057.67 848.277 565.824 3398.64 250.213 542.123 1403.08
internal_count=338362 168083 170279 89327 78756 87351 66559 38248 34766 52369 22768 36857 50373 49103 14890 29702 26387 22836 20020 24334 21967 20760 82928 8884 14949 80096 14664 23574 25505 19695 18399 10870 17684 26799 12272 16848 6582 6004 6226 9385 8104 6332 4644 22618 3482 6866 8703 20103 38907 12377 16681 1996 5175 14391 9760 4716 4020 3053 13805 1009 2290 7251
cat_boundaries=0 1 2 3 4 5
cat_threshold=10256 1152 148945 74813 2048
is_linear=0
shrinkage=0.035


Tree=24
num_leaves=63
num_cat=7
split_feature=24 2 50 45 13 2 34 0 27 47 45 47 7 16 34 30 24 34 47 48 16 35 24 32 5 16 52 23 48 48 17 18 37 23 22 48 27 47 16 45 45 29 41 29 50 16 34 17 3 22 26 8 7 3 29 48 16 32 37 47 16 48
split_gain=12990.1 2457.65 1439.65 712.721 492.99 476.327 330.927 233.454 221.863 199.259 157.399 155.061 145.394 136.834 111.984 108.932 86.1601 85.8825 80.4966 79.7864 83.7049 86.8211 75.0701 73.9904 70.5779 68.9336 67.2415 66.9184 66.8553 62.4497 59.6081 59.1067 67.7635 55.9864 55.5013 71.9239 69.5815 54.158 54.1297 61.243 53.504 52.1614 50.6389 49.5865 70.9742 55.8615 49.319 48.8025 47.9502 48.9454 47.8143 47.422 45.9849 45.0282 44.8536 44.4283 47.443 56.2135 43.6513 43.4766 43.2652 44.3786
threshold=1.5000000000000002 466.12000000000006 1.0000000180025095e-35 1.7638888888888891 0.82085561497326209 87.125000000000014 2.5000000000000004 51.386666666666663 1.0000000180025095e-35 575.00000000000011 3.0833333333333335 inf 0.95833333333333337 0 2.5000000000000004 166.70000000000005 9.5000000000000018 1.5000000000000002 inf 11.500000000000002 1 19.500000000000004 3.5000000000000004 21.090000000000007 139.08166666666671 2 3.5000000000000004 0.68301270189221941 2.5000000000000004 2.5000000000000004 11495.540000000001 12867.354415584417 1098.8150000000003 0.68301270189221941 29.500000000000004 4.5000000000000009 4281.1050000000005 2092.7700000000004 3 1.8090909090909093 2.6904761904761911 353.00000000000006 14263.560000000001 176.50000000000003 102.02661708565505 4 1.5000000000000002 5086.4100000000008 58.500000000000007 18.500000000000004 55.000000000000007 14.500000000000002 0.82575757575757591 10.500000000000002 323.50000000000006 11.500000000000002 5 214.64000000000001 6567.3000000000002 inf 6 10.500000000000002
decision_type=8 10 8 10 10 10 2 10 8 8 10 8 8 9 2 10 10 2 8 2 9 2 10 10 10 9 2 2 2 2 10 10 10 2 2 2 10 8 9 8 10 2 10 2 8 9 2 10 2 2 2 2 10 2 2 2 9 10 8 8 9 2
left_child=1 3 16 6 17 12 7 37 53 15 23 19 40 -6 18 -5 26 -3 -15 20 -9 25 51 28 50 -22 -2 60 -10 -8 34 32 43 58 35 -20 -37 46 59 -40 -4 42 -19 45 -45 -13 -1 -41 -25 -50 -16 -14 -28 -7 -34 56 -31 -58 -27 -30 -11 -62
right_child=2 4 5 9 13 8 29 11 10 27 -12 31 22 14 24 -17 -18 41 30 -21 21 -23 -24 48 -26 33 52 -29 38 55 -32 -33 54 -35 -36 36 -38 -39 39 47 -42 -43 -44 44 -46 -47 -48 -49 49 -51 -52 -53 -54 -55 -56 -57 57 -59 -60 -61 61 -63
leaf_value=-0.016937872902389309 -0.0049406144526188715 0.0075549813713473753 -0.017968934929727662 -0.022234251761261606 0.0061799249589540098 -0.010769412379287526 0.0046100627801929292 0.019777419018676492 -0.0090060232278613671 0.010771104005549838 -0.013842759977928439 -0.0028108747956355818 -0.0064026866090280974 0.017713673937836259 0.016803653851153084 -0.0078958951125755999 -0.034480254087544349 0.018468409650746767 0.0057858523963925552 0.015416266049227623 -0.01129217495181329 -0.014979579948400866 -0.020991201099607636 0.0025806623891629094 0.03446170554251491 -0.0011377486269708501 -0.032430188185159171 0.010618877984135189 -0.021116735636651448 0.020740378658540077 0.0084124696218459746 -0.013152441134260307 0.025741656852971088 0.012558594047857316 0.031935013335644191 0.029597473051264898 0.0037930052178278733 0.0017358365601555094 0.019183367366670888 0.0081297415695216046 -0.026132562770272823 -0.0013427771159988733 -0.006912377151317429 0.023864238530035723 0.0089883075930112834 0.019583575678110934 -0.0033541788013764294 -0.0070019268099272445 -0.030598996744047421 -0.0077374606483498571 0.028528311130682386 -0.016532038963776918 -0.025800329207328047 -0.038014715103899907 0.0036579513519586567 0.028307029899857231 0.015741166023670258 -0.00211055939568965 0.0098754373011495124 0.011834138893291907 -0.0093887163302661201 0.0093137663137893446
leaf_weight=587.75679951161146 153.20956033468246 1914.0678997039795 1566.7886182814837 853.96563026309013 428.80877494812012 101.31023386120796 431.40729808807373 293.64861750602722 433.59089279174805 231.1187002658844 1382.5920303463936 499.55400519073009 1553.7744088172913 2037.041820526123 500.28269374370575 2705.0884448289871 4278.2053756713867 3299.2281579971313 257.25382560491562 634.91092681884766 386.60707139968872 387.38578099012375 1137.78955078125 488.15077644586563 2657.9479274749756 1790.5178276449442 2183.7197051048279 762.82248878479004 150.00166434049606 1758.0511187314987 209.1701545715332 97.140464782714844 780.09409834444523 746.30665135383606 1746.2271867394447 998.69254395365715 147.1728906929493 901.07591730356216 456.10787653923035 1069.5752544403076 2696.2808092087507 185.09747314453125 98.70826244354248 625.45642530918121 1059.643092378974 176.03632767498493 739.09110641479492 344.46714180707932 131.8638733625412 851.2203665971756 3090.6896096467972 891.89305639266968 3209.4203248620033 288.54603692889214 132.07979774475098 509.13973236083984 860.23633778095245 288.16145706176758 583.80630683898926 71.872421264648438 804.7979679107666 191.70943093299866
leaf_count=3427 960 8547 11074 5749 1774 744 1845 1290 2338 1174 8804 2208 9303 8273 2016 15485 37732 13723 1044 2839 1912 1862 8108 2592 10858 8397 18413 3571 816 7326 857 416 3265 3430 7051 4019 595 4346 2176 5461 20281 798 440 2671 4561 760 3765 1862 750 4721 12444 5603 25823 2355 568 2108 3658 1244 2708 363 4090 969
internal_value=-9.76464e-05 0.012709 -0.0205242 0.00425917 0.0222387 -0.0131546 0.0083985 0.00515901 -0.00551887 -0.00638289 -0.00366823 0.00789054 -0.0187676 0.026195 0.026903 -0.0113415 -0.0307352 0.0135463 0.0232206 0.00386446 0.00211003 0.000720586 -0.0135643 -0.000146072 0.0301213 0.00246055 -0.0278408 0.00248476 0.00348815 0.0171703 0.0265545 0.0136498 0.0144491 0.00419016 0.0277564 0.022537 0.0262894 -0.00488524 0.00608075 0.00800225 -0.0231371 0.0167439 0.0177293 0.0113101 0.0145207 0.00329259 -0.0093796 0.00444126 -0.00638294 -0.0108319 0.0269 -0.0101019 -0.0284903 -0.0309803 0.0225515 0.0187549 0.0170725 0.0111666 0.00157323 -0.00998943 -0.00257415 -0.00572756
internal_weight=60828.4 37388 23440.4 19817.6 17570.4 13615.8 14268.1 10421.1 5769.3 5549.5 5379.44 8193.19 7846.53 12073.3 11644.5 3559.05 9824.55 5497.1 5395.56 4823.18 4188.27 3894.62 3583.46 3996.85 6248.92 3507.24 5546.35 1990.45 2525.62 3847 3358.52 3370 3272.86 3120.63 3149.35 1403.12 1145.87 2227.92 2092.02 1870.15 4263.07 3583.03 3397.94 2360.69 1685.1 675.59 1326.85 1414.04 1471.24 983.084 3590.97 2445.67 5393.14 389.856 912.174 3415.59 2906.45 1148.4 2374.32 221.874 1227.63 996.507
internal_count=338362 168083 170279 95644 72439 87351 64606 48425 32982 31038 29883 36887 54369 48931 47157 21234 82928 23508 21839 22438 19599 18309 23014 21079 25318 16447 45196 9804 13016 16181 13566 14449 14033 14535 12709 5658 4614 11538 10678 9499 31355 14961 14163 10200 7232 2968 7192 7323 8063 5471 14460 14906 44236 3099 3833 14336 12228 4902 11105 1179 6233 5059
cat_boundaries=0 1 2 3 4 5 6 7
cat_threshold=2064 1160 75781 75777 149781 1448 196712
is_linear=0
shrinkage=0.035


Tree=25
num_leaves=63
num_cat=5
split_feature=24 2 50 45 2 7 2 24 8 16 27 4 16 34 12 0 45 24 23 18 19 0 16 1 40 21 16 22 2 18 4 5 40 40 26 52 40 22 3 26 42 16 35 22 4 47 18 46 40 23 40 18 29 8 40 7 17 36 27 47 2 30
split_gain=12213.5 2297.95 1408.56 748.78 459.898 412.636 280.893 257.711 193.762 152.403 140.157 132.606 124.049 122.198 107.679 106.596 87.7011 86.6024 85.6494 84.9149 80.4232 80.7302 78.5874 74.7319 73.4597 71.5283 68.6603 90.4961 93.1627 68.6167 102.27 73.0172 68.0692 67.7477 66.0598 65.542 65.4136 61.598 162.494 61.5179 58.5855 56.053 56.0143 55.9924 55.567 54.3311 53.7441 49.7892 49.1086 48.4975 47.4186 47.2142 46.8507 46.5412 45.8748 45.844 42.489 42.272 41.9426 41.5114 41.488 40.928
threshold=1.5000000000000002 186.31500000000003 1.0000000180025095e-35 1.3452380952380956 16.215000000000007 0.95833333333333337 1133.8200000000004 3.5000000000000004 14.500000000000002 0 1.0000000180025095e-35 4.3500000000000005 1 2.5000000000000004 28.082500000000003 418.72166666666681 2.6904761904761911 9.5000000000000018 0.68301270189221941 1308.6225000000002 599.1600000000002 89.665000000000006 2 1155.3000000000004 6025.0800000000008 1.4650000000000001 3 8.5000000000000018 1543.4100000000003 12867.354415584417 890.55000000000007 83.596666666666678 8043.4800000000005 868.63833333333343 177.00000000000003 3.5000000000000004 1.0000000180025095e-35 33.500000000000007 64.500000000000014 269.00000000000006 4.5000000000000009 4 8.5000000000000018 29.500000000000004 14.440000000000003 inf 859.31000000000006 10.020000000000001 3367.5900000000006 -0.5 6778.3500000000004 289.29208333333344 84.500000000000014 19.500000000000004 6025.0800000000008 0.82575757575757591 1.0000000180025095e-35 1.0950000000000004 11200.410000000002 1.4650000000000001 25.580000000000005 8578.2800000000025
decision_type=8 10 8 10 8 10 8 10 2 9 8 8 9 2 10 10 10 10 2 10 10 10 9 8 10 10 9 2 10 10 10 10 10 10 2 2 10 2 2 2 2 9 2 2 10 8 10 8 10 2 10 10 2 2 10 10 10 8 10 10 10 10
left_child=1 5 17 6 34 14 9 10 11 -3 51 18 -11 23 -1 41 26 35 39 -20 21 -10 49 52 -17 -13 -5 46 45 31 -31 61 -30 -25 47 -2 -9 38 50 -7 -23 57 -16 -26 -15 -29 -28 -4 -46 -8 -33 -6 -14 58 -40 -37 -57 -12 -35 -27 -44 -24
right_child=2 3 4 16 7 8 22 36 20 12 15 25 13 44 42 24 -18 -19 19 -21 -22 40 29 33 43 59 27 28 32 30 -32 37 -34 53 -36 55 -38 -39 54 -41 -42 -43 60 -45 48 -47 -48 -49 -50 -51 -52 -53 -54 -55 -56 56 -58 -59 -60 -61 -62 -63
leaf_value=-0.017759268050742003 -0.004783322149216643 0.00072616535416360477 -0.021434178937146796 0.022354586582467979 -0.012306213787234054 -0.0053149433800074143 0.023079351279252907 -0.038532573406340163 -0.0089114381771803405 0.032431049481647288 -0.010801838798954898 0.0073620612409694888 0.020227871412370292 0.015175776855383781 0.000754288083637993 0.0062119546945538107 -0.0076457071728079223 -0.034152777692391514 -0.0001077728063221843 0.019978351165434814 -0.0159425124279199 7.961643247404642e-06 0.02773012821093921 0.0017374631990335529 -0.029655721302534525 0.024006992648110209 0.0046951373702447197 0.0046799584550593996 0.024303602672254412 -0.0062475584750872745 0.034392001909205668 0.032013746125172354 -0.0031797105412084458 0.025853380259520026 -0.02509444630812252 -0.032057108860082943 -0.015955025198079412 0.035370298362980598 0.01096431188294017 0.0071370618530791803 0.016281667848874016 -0.012137494610471465 -0.018644363814855042 -0.00054303689945001642 0.019205123666818851 0.014226257993513108 -0.016270886404008745 -0.0099188906312288796 0.028420202349680571 -0.005815531419819696 -0.0020501948921402913 -0.03858096008821417 0.0093690502500689225 0.0038686274215330731 -0.021259050929803368 -0.036032450542507269 -0.023793369268710882 -0.00045988087455990244 0.0062340061002254541 0.01274149205094707 -0.0050374392840208827 0.018562605267764397
leaf_weight=1306.8869469314814 152.75526720285416 571.18293380737305 1098.6622046232224 436.39008545875549 160.69822822511196 1581.9386191815138 138.98654747009277 167.94394874572754 882.02964667975903 859.34381675720215 664.68465739488602 1901.8681273758411 599.24198144674301 898.13444355130196 1053.1494163125753 1757.9653893560171 410.54486207664013 4169.979606628418 481.82061195373535 553.56900596618652 528.28642225265503 922.29669332504272 1439.1835760474205 220.36093771457672 128.34267455339432 673.77089256048203 329.77338610589504 2737.6630412638187 717.25660449266434 170.63991959393024 135.19583480060101 1828.4440074265003 130.18898296356201 1470.7050895094872 2792.3906669616699 2132.7305912077427 2390.4680080413818 2342.5897830724716 251.47427168488503 700.40643310546875 382.74222040176392 1370.9763671606779 453.4144844263792 216.30821007490158 1120.2981195151806 995.96622657775879 272.88312822580338 795.84689390659332 1978.67879986763 144.06677627563477 51.348934650421143 177.16529314219952 2603.8963935375214 153.38013976812363 67.914297342300415 402.36453202366829 2748.6715974807739 1775.7772399187088 147.6168714761734 999.82894438505173 696.04297289252281 1037.36474609375
leaf_count=8291 960 2488 8237 1911 1129 7926 560 1450 4684 3467 4094 8957 2456 3639 5694 8650 2174 37732 2248 2600 2654 4479 5807 902 739 2842 1505 12410 3029 698 552 7447 578 5968 20655 18413 16140 9586 1026 3536 1636 8040 2670 1130 4515 4334 1258 5475 7974 588 209 1383 10864 638 279 3407 22416 10229 605 4469 3743 4187
internal_value=-9.73942e-05 0.0122677 -0.0201022 0.0186488 -0.0128099 0.000465958 0.0221854 -0.00809617 0.00421752 0.0185051 -0.00426557 0.00733666 0.0194951 0.0182485 -0.00980362 -0.00301072 0.00795641 -0.0303456 0.00229608 0.0106401 -0.00370051 -0.000737522 0.0273214 0.014723 0.0033147 0.0120119 0.00909728 0.00791874 0.00961115 0.028013 0.0117708 0.0287589 0.0200827 0.020048 -0.021667 -0.0274196 -0.0174516 0.031403 0.0271628 -0.00149222 0.00478953 -0.00650016 -0.00507733 -0.0114386 0.0228715 0.00722961 -0.00480951 -0.0166046 0.0250962 0.00811811 0.0310827 -0.0261571 0.0114062 0.0223231 0.00406742 -0.028073 -0.0253671 -0.00326651 0.0240687 0.0172885 -0.0104164 0.0238991
internal_weight=60482.5 37378.8 23103.7 24260.7 13497.2 13118.1 18230 8810.33 9608.56 10622.8 6251.92 6893.2 10051.7 9192.31 3509.49 5914.05 6030.67 9606.5 3317.73 1035.39 2715.35 2187.07 7607.21 5195.2 2102.62 3575.47 5620.12 5183.73 4581.07 7324.16 305.836 7018.32 847.446 1992.06 4686.9 5436.52 2558.41 4541.77 2199.18 2282.35 1305.04 3811.44 2202.61 344.651 3997.11 3733.63 602.657 1894.51 3098.98 283.053 1879.79 337.864 3203.14 1771.7 319.389 5283.77 3151.04 2440.46 1618.32 1673.6 1149.46 2476.55
internal_count=338362 168083 170279 101654 87351 66429 74455 52984 46031 43516 35394 32578 41028 37561 20398 32882 27199 82928 16310 4848 13453 10799 30939 21433 10519 16268 25025 23114 20351 29791 1250 28541 3607 8113 34367 45196 17590 18547 8961 11462 6115 22363 12107 1869 16128 16744 2763 13712 12489 1148 7656 2512 13320 7211 1305 44236 25823 14323 6573 7311 6413 9994
cat_boundaries=0 1 2 3 4 5
cat_threshold=10261 1152 2056 1160 132600
is_linear=0
shrinkage=0.035


Tree=26
num_leaves=63
num_cat=3
split_feature=24 2 50 7 7 13 13 24 16 42 48 27 32 16 20 2 23 48 2 33 47 24 4 13 45 26 8 47 40 52 23 16 22 17 13 48 30 32 42 18 7 18 4 26 15 35 51 18 22 40 32 26 44 23 17 8 17 47 0 42 32 2
split_gain=11483 2151.54 1377.78 634.38 444.148 438.913 347.209 230.504 141.65 140.571 132.211 129.966 126.232 123.406 103.342 103.295 92.7048 93.9533 91.5644 89.2929 88.5591 87.0165 81.0599 77.184 73.1381 68.8979 68.1023 64.7551 64.5872 63.8713 63.4395 62.9891 100.166 93.1725 55.5419 52.9715 51.5279 50.7275 45.9981 47.7373 45.6862 45.3042 46.3866 45.2662 45.2204 45.0536 58.7501 43.5214 43.4662 51.5334 43.378 43.2823 42.4524 42.3161 62.6709 44.0414 42.2291 41.6081 41.4901 41.4123 40.3597 39.663
threshold=1.5000000000000002 466.12000000000006 1.0000000180025095e-35 0.95833333333333337 0.95833333333333337 0.82085561497326209 0.73508771929824568 3.5000000000000004 0 2.5000000000000004 11.500000000000002 1.0000000180025095e-35 802.53000000000009 1 53.510642762808338 225.81000000000003 0.68301270189221941 11.500000000000002 87.125000000000014 1.5000000000000002 575.00000000000011 9.5000000000000018 2.0350000000000006 0.5590277777777779 3.0833333333333335 31.000000000000004 19.500000000000004 1.0000000180025095e-35 1.0000000180025095e-35 3.5000000000000004 -0.6830127018922193 2 39.500000000000007 8447.4900000000016 0.94281045751633996 3.5000000000000004 306.94999999999999 134.45000000000002 2.5000000000000004 10757.017500000002 0.82575757575757591 12867.354415584417 25.960000000000004 31.000000000000004 0.79555445334340802 13.500000000000002 5.8834768528986467 223.45611111111114 12.500000000000002 2493.3000000000002 1441.6800000000001 161.50000000000003 291.09000000000009 0.68301270189221941 1999.8750000000002 15.500000000000002 1.0000000180025095e-35 6.7950000000000008 97.980000000000004 2.5000000000000004 1.0000000180025095e-35 186.31500000000003
decision_type=8 10 8 10 8 10 10 10 9 2 2 8 10 9 10 10 2 2 8 2 8 10 8 10 10 2 2 10 10 2 2 9 2 10 10 2 10 10 2 10 10 10 10 2 8 2 10 10 2 10 10 2 10 2 10 2 10 10 10 2 10 10
left_child=1 3 21 9 24 23 16 11 45 20 12 47 18 -7 19 30 17 22 26 -15 36 29 -5 52 58 -20 53 -24 -9 -2 -13 -21 33 48 -16 -32 -1 -37 39 57 -31 42 -34 -25 51 46 -8 -6 49 -33 -45 -27 -3 -10 -55 -56 -42 -17 -4 -29 -18 -30
right_child=2 5 4 6 7 13 8 28 10 -11 -12 15 -14 14 34 38 60 -19 25 31 -22 -23 27 43 -26 44 -28 59 61 40 35 32 41 -35 -36 37 -38 -39 -40 -41 56 -43 -44 50 -46 -47 -48 -49 -50 -51 -52 -53 -54 54 55 -57 -58 -59 -60 -61 -62 -63
leaf_value=-0.021944473683806351 -0.0046301635930019744 0.0094821843746046141 -0.019234566521755356 -0.0079973855667787534 -0.011661189822555731 0.0059087404768296235 -0.005165885551208939 -0.039265856735126406 0.0042914232322183105 0.0007372898110643689 0.025418040031987499 -0.014018392532210043 -0.004555192362952651 0.0048836053504105218 0.021748350746920636 0.0088768607764764113 0.013655976100801506 0.0112150649458934 -0.00073079720379525903 0.036213112035394762 -0.0032311843138555533 -0.033828978114017902 0.014443622136483024 -0.00048101743373135355 -0.025668585045504948 0.025735147108383916 -0.023001845713639672 -0.008806243888868746 -0.018963047131495887 -0.031687334369694502 -0.014469486748316163 0.014259607065098243 0.020984355031543347 -0.016481820859392277 0.031191226991503139 0.0024162499080837337 -0.01026292510871339 -0.010325267387730304 0.0091932488615725175 -0.022036908313301132 -0.035715844990958132 0.00051310071393392777 0.030711137006215878 0.017764891772869166 0.012620643117247169 -0.01508956593568365 0.017136692565511764 -0.038251914037171493 0.021531962784178495 -0.023056178945964456 0.0068990898364524105 0.015979166118475316 -0.0034824861546385072 0.0062549792201388428 0.032778491921369411 -0.0029794603737192601 -0.023362441360348679 -0.0034263033021650355 -0.008352658614643892 0.0030514179227039977 0.0020694635731501542 -0.0092628893621442589
leaf_weight=1107.7043356150389 152.31598374247551 1238.0152168273926 2101.8880569934845 2252.5192954242229 138.68064402788877 446.24865138530731 406.89605239033699 147.92690849304199 1390.2952202260494 1391.3853912353516 902.57799053192139 1050.8178567886353 571.91682422161102 336.34904205799103 974.02384281158447 512.3288300037384 809.21917176246643 608.5889892578125 310.35800421237946 481.81381845474243 808.59836578369141 4064.4269104003906 392.7966665327549 210.68023109436035 2196.0218189656734 892.98203277587891 90.042717486619949 582.39853239059448 1416.1312607526779 2082.9965344071388 449.61410214751959 767.12178768217564 881.56611448526382 92.594410136342049 3721.0387601852417 1376.481433108449 799.0219664722681 529.07515601813793 838.69147109985352 120.17067623138428 391.91767358779907 77.144947052001953 1960.7697330117226 3131.732762336731 2156.5656976699829 238.13169100880623 223.26245754957199 167.51909165084362 2247.1634691953659 47.297187000513077 527.61409854888916 1505.9202270507812 411.7821044921875 447.92768692970276 253.19485211372375 50.402106285095215 2702.2414879500866 977.81622928380966 542.14109364151955 944.71276307106018 675.94141173362732 817.65957367420197
leaf_count=7407 960 5554 15352 11759 967 1844 1899 1312 6324 7166 3786 6496 2624 1373 3954 2564 3693 3024 1327 1942 4218 37732 1761 901 17073 3677 445 3230 10115 18413 2754 3098 3554 391 15249 7815 4543 3179 3984 687 3407 314 7951 12871 9013 1110 985 1335 9070 191 2211 6193 1971 2017 1094 235 22416 5092 3381 4606 3508 5245
internal_value=-9.70834e-05 0.011843 -0.0196849 0.00393768 -0.0124713 0.0207655 0.00713999 -0.00767055 0.0113793 -0.00830873 0.0127353 -0.00409473 0.0112562 0.0245143 0.0252034 -0.0029299 0.000752432 -0.00162058 0.0125308 0.0224881 -0.0129427 -0.0299591 -0.00349502 0.0125903 -0.0209416 0.0152231 0.0066567 0.00178877 -0.0169151 -0.0270021 -0.00687111 0.0233905 0.0222712 0.0179718 0.0292373 -0.00367757 -0.0170572 -0.00112497 0.00255195 -0.00091056 -0.0276593 0.0269847 0.0277028 0.0152925 0.01631 -0.00212947 0.00275045 -0.0262859 0.0190189 0.0120669 0.0162005 0.01962 0.00624611 0.0079137 0.0146002 0.0268518 -0.0249382 0.000806781 -0.0170073 -0.00147357 0.00838755 -0.0154181
internal_weight=60143.2 37366.3 22776.9 19813.4 13383 17553 15706.7 8542.91 9440.47 4106.71 8572.18 6161.2 7669.61 12033.1 11586.9 5855 6266.18 4781.02 7097.69 6891.82 2715.32 9393.9 4172.43 5519.82 4840.05 4865.83 2231.86 1919.91 2381.72 5329.47 3405.99 6555.47 6073.66 3154.18 4695.06 2355.17 1906.73 1905.56 2449.01 1610.32 5177.16 2919.48 2842.34 3870.03 4555.47 868.29 630.159 306.2 3061.58 814.419 3659.35 2398.9 1649.8 2141.82 751.525 303.597 3094.16 1490.15 2644.03 1527.11 1485.16 2233.79
internal_count=338362 168083 170279 95644 87351 72439 72310 51545 40729 23334 36735 34873 32949 48931 47087 32571 31581 24380 30325 27884 16168 82928 21356 23508 35806 20210 10115 9597 16672 45196 20244 26511 24569 12750 19203 13748 11950 10994 12327 8343 44236 11819 11505 15983 18883 3994 2884 2302 12359 3289 15082 9870 7525 9670 3346 1329 25823 7656 18733 7836 7201 15360
cat_boundaries=0 1 2 3
cat_threshold=75783 2065 1152
is_linear=0
shrinkage=0.035


Tree=27
num_leaves=63
num_cat=3
split_feature=24 0 50 45 13 2 2 24 47 16 24 22 16 21 46 30 24 19 0 46 47 16 22 26 40 48 47 40 32 48 29 26 47 42 52 32 41 9 48 3 49 29 32 7 29 2 40 42 26 8 5 19 17 1 51 12 48 41 19 19 2 18
split_gain=10796.5 2017.52 1346.83 541.399 479.113 428.724 242.325 233.539 182.287 166.933 126.319 125.588 121.225 107.739 96.6141 91.564 87.4089 82.5402 75.9534 75.6013 73.1967 70.5074 99.5095 64.4833 63.8747 63.6595 62.5386 60.1181 59.218 57.9638 86.717 56.9456 54.8512 54.8245 53.2071 51.5183 50.4357 50.378 49.1238 48.1246 47.5568 47.4449 47.5652 47.4093 46.1189 44.8446 44.6852 43.513 43.2111 43.2071 44.6285 43.1136 41.9908 41.0715 62.9042 40.2801 39.4402 48.1327 41.8583 39.2579 38.853 38.8071
threshold=1.5000000000000002 418.72166666666681 1.0000000180025095e-35 1.7638888888888891 0.94281045751633996 16.215000000000007 32.655000000000008 3.5000000000000004 1824.1250000000002 0 1.0000000180025095e-35 1.0000000180025095e-35 1 28.460000000000004 109.10000000000002 166.70000000000005 9.5000000000000018 702.01800000000014 144.06000000000003 1149.7800000000002 inf 2 1.5000000000000002 177.00000000000003 1.0000000180025095e-35 11.500000000000002 inf 8043.4800000000005 530.37000000000012 10.500000000000002 192.00000000000003 31.000000000000004 inf 1.5000000000000002 3.5000000000000004 1821.1500000000003 8689.8600000000024 9.0000000000000053 11.500000000000002 17.500000000000004 13.500000000000002 323.50000000000006 inf 0.82575757575757591 323.50000000000006 1133.8200000000004 310.37833333333339 1.5000000000000002 31.000000000000004 13.500000000000002 83.596666666666678 44.587083333333347 1.0000000180025095e-35 83.225000000000009 5.2854702646050198 21.7925 10.500000000000002 861.12000000000023 433.36500000000007 1780.2700000000002 1032.9000000000003 9753.7154166666678
decision_type=8 10 8 10 10 8 10 10 8 9 10 2 9 10 8 10 10 10 10 10 8 9 2 2 10 2 8 10 10 2 2 2 8 2 2 10 8 10 2 2 10 2 8 10 2 10 10 2 2 2 10 10 10 10 10 10 2 8 10 10 10 10
left_child=1 3 16 6 10 23 28 11 15 17 19 39 -6 31 32 -5 26 18 49 25 34 -12 -23 41 -9 35 43 -24 37 30 -16 -14 33 -13 -11 44 -22 -1 45 -7 -36 42 -4 -2 -3 59 -34 -17 -32 50 51 -8 -45 -33 -55 -10 57 -20 -59 -15 -50 -21
right_child=2 4 5 8 12 7 9 24 55 20 21 14 13 38 29 47 -18 -19 56 61 36 22 27 -25 -26 -27 -28 -29 -30 -31 48 53 46 -35 40 -37 -38 -39 -40 -41 -42 -43 -44 52 -46 -47 -48 -49 60 -51 -52 -53 -54 54 -56 -57 -58 58 -60 -61 -62 -63
leaf_value=-0.0081096190187856521 -0.031485500844963918 0.015023543184068516 -0.01698493043511504 -0.02114975832510867 0.00529865737318306 -0.011113200770072726 0.00038888710840075146 -0.038045223248254392 -0.0098812313495466111 -0.0095043859988403791 0.026004047848205484 -0.019475927325255788 0.00086821439531648979 0.024591837237025269 -0.0084796044761923876 -0.014126734249918399 -0.033508402699553907 -0.008404125943601029 0.03212966288110141 0.022637635030068579 0.02133168816299567 -0.026595142631262014 0.0094825986946620536 -0.024281977168140966 -0.015147887117516435 0.026515147869299923 -0.0063109396071665061 -0.0052895671633234531 -0.021248933081295638 0.0088477686866625833 -0.01237732088087223 0.02605747375851869 0.018795901552559301 -0.0066459007534294227 0.0055946540486245871 -0.0018417793605766146 0.0064133271944657195 0.0024921667982237836 0.037224904015844419 -0.037989558479632701 -0.0083532891363722935 -0.025689118340778635 -0.0031229878468209799 -0.03545770573337808 0.0025584039240429076 0.029469951666063018 -0.0044918693078885002 -0.0048993459041267728 0.0033694478780037394 0.001994220614364143 -0.016656704469471609 0.015800835409672215 -0.02293929859823584 0.012268570053795102 0.023411213182779847 0.0059805486041231634 0.025546440437817956 0.015933856667419453 0.00083840556965278324 0.0096273109294897578 0.019078651462386704 0.0053733372349576451
leaf_weight=840.07629001140594 2019.1055974960327 2174.6348816752434 957.83933591842651 825.64999152719975 425.72268676757812 159.60146793723106 263.04137130081654 159.00054740905762 230.67891040444374 551.51909250020981 237.49000930786133 646.22145711630583 171.67985367774963 1936.6407506465912 1247.9194378331304 929.26946587860584 3961.5280609130859 207.64850515127182 199.47900885343552 2118.6146030426025 350.87758719921112 106.43642733991146 2745.0313270241022 2708.0432357788086 2341.2921504974365 380.74524688720703 180.61149597167969 384.1217041015625 193.79466485977173 838.9528226852417 174.18674731254578 1503.2908913195133 134.87434995174408 1108.6010263264179 1516.3647578507662 324.5123627781868 1323.5099860429764 1580.5175502151251 628.95891952514648 168.54270806908607 372.14479827880859 448.77460479736328 444.2542724609375 378.69509343802929 437.10969066619873 3213.9399728775024 391.59244692325592 1920.1248313337564 1108.0109150111675 684.86698865890503 61.843558236956596 1438.116045832634 2646.7745844870806 1074.3359542489052 1482.6877487003803 1278.9385947287083 632.46294903755188 1928.5366969108582 254.85838943719864 243.4912691116333 232.68691366910934 173.26071739196777
leaf_count=4443 18296 9068 7258 5749 1764 1137 1270 1450 1250 2663 1012 4270 703 7826 6766 5774 37732 968 832 8721 1483 538 11819 20655 16140 1573 1175 1716 1083 4394 938 6081 757 6622 6929 1368 5766 7861 2579 1386 1764 3442 3012 3381 1840 13277 2173 10680 5829 3147 271 6291 22344 4346 6006 6141 2621 8036 1106 988 1122 730
internal_value=-9.67861e-05 0.0114348 -0.0192739 0.00281052 0.0191079 -0.0121409 0.00678156 -0.00758849 -0.00668611 0.00931043 0.0131956 -0.00395136 0.0241335 0.0248854 -0.00277376 -0.0108914 -0.0295753 0.0131987 0.0140453 0.0164439 0.00390784 0.00794652 0.00651302 -0.0208363 -0.0166186 0.0130588 -0.0265875 0.00766812 -0.00268357 0.000796115 -0.00165117 0.020618 -0.00840784 -0.011379 4.94831e-05 0.0113055 0.00955042 -0.00118905 0.0279212 -0.024991 0.00284314 -0.0157844 -0.0125981 -0.0273121 0.0129391 0.0268297 0.0014985 -0.00791256 0.00397579 0.00945862 0.0123555 0.0134194 -0.0245174 0.0214526 0.0187362 0.00355183 0.0177644 0.0156891 0.014173 0.0229257 0.00610807 0.0213354
internal_weight=59804.1 37347 22457.1 17584.3 19762.7 13270.4 12399.7 8711.48 5184.66 9785.27 9081.96 6211.19 10680.7 10255 5883.05 3675.04 9186.71 5670.85 5463.21 5608.88 4114.42 3473.08 3235.59 4558.91 2500.29 3317 5225.19 3129.15 2614.39 3601.76 2762.8 4231.99 2281.29 1754.82 2440.03 2936.26 1674.39 2420.59 6023.03 328.144 1888.51 1850.87 1402.09 5044.58 2611.74 5394.07 526.467 2849.39 1514.88 2447.87 1763 1701.16 3025.47 4060.31 2557.02 1509.62 3015.34 2382.87 2183.4 2180.13 1340.7 2291.88
internal_count=338362 168083 170279 86128 81955 87351 56534 52984 29594 43147 38385 35394 43570 41806 32871 22203 82928 24542 23574 23300 18605 15085 14073 34367 17590 13849 45196 13535 13387 19049 14655 17136 13822 10892 11356 12276 7249 12304 24670 2523 8693 13712 10270 44021 10908 22091 2930 16454 7889 10979 7832 7561 25725 16433 10352 7391 12595 9974 9142 8814 6951 9451
cat_boundaries=0 1 2 3
cat_threshold=1448 2048 1160
is_linear=0
shrinkage=0.035


Tree=28
num_leaves=63
num_cat=5
split_feature=20 2 45 24 45 2 2 46 8 23 34 27 34 16 22 52 16 47 23 7 48 24 48 2 18 3 22 3 4 34 48 21 52 28 27 48 2 37 22 40 41 48 45 40 1 27 3 40 35 47 4 16 16 48 16 22 35 49 7 29 29 40
split_gain=10216.9 2529.36 912.583 548.523 547.435 257.202 250.146 178.684 138.591 137.608 134.986 127.172 114.596 113.057 165.324 123.655 100.442 96.84 95.3189 94.7385 89.6317 87.7832 86.9572 85.9842 74.52 74.432 74.0212 79.318 73.5983 72.2084 71.8439 63.1883 61.287 59.8667 60.3743 59.7016 58.727 69.7815 58.7175 86.1198 70.104 60.2576 57.8541 56.5559 56.4059 52.4905 51.7657 51.6626 51.3258 57.6218 49.5181 48.1692 47.0665 46.8258 46.7362 48.6393 46.4498 46.44 45.2633 44.357 43.9484 40.7438
threshold=1.0000000180025095e-35 186.31500000000003 1.3452380952380956 5.5000000000000009 2.0500000000000003 1133.8200000000004 25.580000000000005 35.330000000000013 15.500000000000002 0.68301270189221941 2.5000000000000004 1.0000000180025095e-35 2.5000000000000004 0 8.5000000000000018 9.5000000000000018 1 790.56000000000006 0.68301270189221941 0.95833333333333337 11.500000000000002 9.5000000000000018 3.5000000000000004 1543.4100000000003 3713.3400000000001 64.500000000000014 17.500000000000004 64.500000000000014 33.035000000000004 1.5000000000000002 10.500000000000002 2.9200000000000004 3.5000000000000004 103.71500000000002 13395.420000000002 10.500000000000002 204.73000000000005 9005.3000000000011 41.500000000000007 6025.0800000000008 18738.880000000001 3.5000000000000004 2.183333333333334 2493.3000000000002 1155.3000000000004 24.980000000000004 161.50000000000003 8043.4800000000005 10.500000000000002 1148.7 1.0000000180025095e-35 2 3 11.500000000000002 4 19.500000000000004 13.500000000000002 12.500000000000002 0.82575757575757591 69.500000000000014 253.00000000000003 1.0000000180025095e-35
decision_type=8 10 8 8 10 10 10 10 2 2 2 10 2 9 2 2 9 10 2 10 2 10 2 10 8 2 2 2 10 2 2 10 2 10 10 2 8 10 2 10 8 2 10 10 8 10 2 10 2 10 8 9 9 2 9 2 2 10 10 2 2 10
left_child=3 4 5 7 6 10 9 -1 12 29 16 -9 18 -4 25 23 -3 30 20 -6 50 32 -18 38 -20 -15 27 -24 45 -2 51 -30 -5 34 44 48 -13 54 39 41 -40 -16 53 -11 59 -7 -32 -25 -12 -50 -8 -10 -43 -17 -38 -56 -45 -21 -34 -28 -52 -60
right_child=1 2 13 21 19 28 8 11 17 43 35 36 -14 14 15 42 22 -19 24 57 -22 -23 26 47 -26 -27 33 -29 31 -31 46 -33 58 -35 -36 -37 37 -39 40 -41 -42 52 -44 56 -46 -47 -48 -49 49 -51 60 -53 -54 -55 55 -57 -58 -59 61 -61 -62 -63
leaf_value=-0.022273338324726413 -0.014503449422187613 0.029636078712874249 0.020270322780979653 -0.0041751925601109805 -0.019222610438453899 -0.024772054919151316 -0.0048974639410828621 -0.032019861695880676 0.017019732571644453 -0.0013251268283870411 0.027521884545895291 -0.01346169434729229 0.017062333116824011 -0.0053103214780922661 -0.0092660403960261057 6.850105979641241e-05 0.0014990303500257856 -0.018814235361050036 0.0080359490629731481 -0.0053166695851538633 0.017347328696896008 -0.033190652702243806 0.0090215935067134729 0.023052524144569379 0.0256075414122032 -0.034256320759958991 0.029570458366774827 -0.025585363977662354 0.020651708940211413 -0.0030203417419823473 0.0027787338802981419 0.029099063331177653 -0.030954754768173314 -0.00071372982640180546 -0.0015682415157332633 0.027679964237095334 0.0076324031382593339 -0.023201369241065167 0.0255825713412389 -0.015859844586216417 0.0079940826064100606 -0.00084546345044875769 -0.013192193683174265 0.020261937021820508 0.024685198272796024 0.019693907162873312 0.027923825761767721 -0.00062223275380120062 0.019311140962659925 0.0072251275137897473 0.0050219181994838481 -0.0063641384697854355 0.011802235786690374 0.023855537943386487 -0.018385421813344738 -0.0011883742000255125 -0.0057150590068405366 -0.018893785452811385 -0.037672131728087213 0.013001674524623046 -0.01404645091296015 -0.022840431746607534
leaf_weight=3525.4001132324338 1653.3286252617836 420.05832958221436 594.4780912399292 150.96677300333977 1831.953297317028 32.285271763801575 1283.8399950861931 341.48451805114746 110.59554249048233 891.47127795219421 646.12380906939507 2217.4614707827568 1233.6092764139175 817.862818390131 270.41694401204586 1219.0612030178308 843.3234971165657 389.08725547790527 1100.4093774557114 1522.3150091171265 438.69618606567383 3861.2585582733154 1346.9946686327457 737.89268533885479 404.12790548801422 124.63417196273804 224.64483371376991 85.370960563421249 1477.9761103391647 1129.4410426616669 243.06925594806671 4215.1846828460693 1986.7763663828373 234.08194136619568 189.49809044599533 1226.3111572265625 430.74050807952881 215.79685211181641 386.53938674926758 242.49129974842072 984.35067844390869 499.31455986201763 395.11593101918697 340.65677542984486 1208.9150837063789 1864.7708501815796 170.04454028606415 133.21806240081787 2102.2318225204945 629.53358948230743 2122.0827625095844 995.67451938986778 1329.5787612944841 109.57317304611206 281.42068301141262 703.45990152657032 111.45390920341015 386.57549381256104 249.5584089756012 1666.4906664788723 158.20838308334351 2733.640163064003
leaf_count=27240 10136 1707 2681 959 12952 171 6727 3020 515 4627 2610 15513 5227 3940 1259 5545 3574 1989 5021 8870 2115 37732 5637 3162 1872 690 910 384 5985 5728 1154 17449 18408 1014 780 4969 2491 1358 1744 1163 4502 2304 2141 1758 4902 7565 782 614 8497 2555 10028 4925 5980 473 1716 4136 630 2358 2309 6899 761 23499
internal_value=-9.6449e-05 0.00896726 0.0157171 -0.023314 -0.00176399 0.0199757 0.00168422 -0.0164659 0.00506672 -0.00540552 0.0165086 -0.0115758 0.00742383 0.00571937 0.00448947 0.00653881 0.0131415 -0.00325842 0.00526217 -0.0135377 0.00243785 -0.029194 0.0118702 0.00954343 0.0127697 -0.00917034 0.0136583 0.00694256 0.024917 -0.00984557 0.000734899 0.0269101 -0.0261747 0.0163856 0.0176022 0.021053 -0.00975414 -0.0047096 0.00721786 0.00384739 0.0129684 0.00613024 -0.00145197 0.003791 0.0187741 0.0189245 0.0131713 0.0194354 0.0186397 0.0165296 0.000598345 -0.00391692 0.00841053 0.0020467 -0.00187633 -0.00605453 0.0138596 -0.00807467 -0.0268419 0.0149844 0.00369336 -0.0240934
internal_weight=59472.9 42775 26258.3 16698 16516.6 18413.8 12775.8 7715.76 8649.44 4126.35 10823.6 4190.36 6740.97 7844.53 7250.05 6307.55 6219.38 1908.47 5507.36 3740.84 4002.83 8982.2 5799.32 4583.8 1504.54 942.497 4956 1432.37 7590.22 2782.77 1519.38 5693.16 5120.94 3523.63 3289.55 4604.2 3848.88 1631.42 3712.69 2341.8 1370.89 2099.31 1723.75 1343.58 3100.05 1897.06 413.114 871.111 3377.89 2731.77 3564.13 1106.27 1828.89 1328.63 1415.62 984.881 452.111 1908.89 4969.97 1891.14 2280.29 2983.2
internal_count=338362 199981 111806 138381 88175 75608 63995 55474 41116 22879 44438 28234 31751 36198 33517 28887 25807 9365 26524 24180 19631 82907 24100 20728 6893 4630 20526 6021 31170 15864 7376 23434 45175 14505 13491 18631 25214 9701 16952 10706 6246 9543 8159 7015 12711 7736 1936 3776 13662 11052 17516 5440 8284 6018 8343 5852 2388 11228 44216 7809 10789 25808
cat_boundaries=0 1 2 3 4 5
cat_threshold=1192 1152 8328 2304 136328
is_linear=0
shrinkage=0.035


Tree=29
num_leaves=63
num_cat=8
split_feature=20 13 0 24 7 4 0 34 46 1 19 27 45 21 44 32 4 24 16 45 27 3 46 32 4 16 16 16 47 18 33 18 16 17 22 16 32 26 14 32 45 45 22 16 33 7 18 27 18 0 18 23 22 22 24 17 26 33 0 16 42 13
split_gain=9641.31 2324.95 796.01 540.854 510.427 220.417 219.76 180.09 172.553 146.687 143.349 123.446 122.645 117.888 107.009 98.9641 97.7465 88.1193 74.7908 73.4441 72.6163 67.7592 67.6699 63.1776 63.109 61.9023 61.7094 60.5919 60.1644 54.3609 54.1877 51.6047 62.3742 56.752 71.3853 62.0009 51.4346 57.7502 55.4095 51.0505 50.504 50.2439 49.8623 66.0722 47.511 46.9939 46.5095 45.0168 58.1878 44.7347 52.5972 43.9969 43.8175 43.4492 42.2588 41.5508 40.6934 41.1178 40.6692 40.4313 39.3285 38.9243
threshold=1.0000000180025095e-35 0.73508771929824568 418.72166666666681 5.5000000000000009 0.95833333333333337 18.930000000000003 380.37833333333339 1.5000000000000002 35.330000000000013 681.3900000000001 599.1600000000002 1.0000000180025095e-35 2.0500000000000003 11.350000000000001 380.63500000000005 148.84000000000003 7.370000000000001 9.5000000000000018 0 2.2678571428571432 10.410000000000002 45.500000000000007 10.020000000000001 973.2600000000001 30.245000000000005 1 2 3 inf 12867.354415584417 1.5000000000000002 10757.017500000002 4 3444.6600000000003 13.500000000000002 5 1441.6800000000001 70.500000000000014 19.500000000000004 1.0000000180025095e-35 4.1000000000000005 1.8090909090909093 39.500000000000007 6 1.5000000000000002 0.82575757575757591 12867.354415584417 1.0000000180025095e-35 223.45611111111114 312.4500000000001 5278.9345714285728 0.68301270189221941 16.500000000000004 2.5000000000000004 1.0000000180025095e-35 1.0000000180025095e-35 31.000000000000004 5.5000000000000009 56.596666666666671 7 3.5000000000000004 0.89181286549707617
decision_type=8 10 10 8 10 10 8 2 10 8 10 10 10 10 10 10 10 10 9 10 10 2 10 10 10 9 9 9 8 10 2 10 9 10 2 9 10 2 2 10 10 10 2 9 2 10 10 8 10 10 10 2 2 2 10 10 2 2 8 9 2 10
left_child=3 4 7 8 12 18 15 9 -1 22 16 -10 54 42 23 19 51 28 -4 27 -20 59 -3 24 29 61 -22 -6 45 44 -15 33 -33 35 -35 39 37 -28 -39 -32 49 -16 43 -7 -8 -5 -44 48 -46 -13 -51 -9 -45 -29 -2 -47 -55 -58 -59 -11 -17 -18
right_child=1 2 5 17 6 13 14 10 11 21 -12 40 -14 30 41 60 25 -19 20 -21 26 -23 -24 -25 -26 -27 36 53 -30 -31 31 32 -34 34 -36 -37 -38 38 -40 -41 -42 -43 46 52 47 55 -48 -49 -50 50 -52 -53 -54 56 -56 -57 57 58 -60 -61 -62 -63
leaf_value=-0.021834021489172659 0.0008131596552704574 -0.015553520112293223 0.028767109706703993 -0.030763849165917765 -0.0038024960911072015 0.024054549147321195 -0.0096621867484527474 0.0050310874696691812 -0.031655155042807061 0.018340518949886576 -0.0066197719869262673 -0.010727244451759222 -0.017572294098974813 0.013285904906832669 0.0043813821435694207 -0.012635962956749408 0.013520849317386079 -0.03287538083933763 -0.027022025810567212 -0.0058918795989367804 -0.0082198712249741158 0.017469760298669663 -0.00091590616616248066 -0.00064776897309934151 0.019616105891247987 0.0066752332407827176 0.0038920446236908757 -0.009064608538812656 -0.0057791952366404338 -0.022397970126801295 0.018916177594964497 0.022473111627057864 -0.0072947485474857939 -0.0014651447189652346 0.031081457490995893 0.026745619329869734 0.0031431688021439155 0.0045602448084845412 0.018998627220721483 -0.0042158529475246195 -0.017023297776651972 -0.010251775456658388 0.024837971573043103 0.0024508174020739671 0.025625432636882082 -0.034862696588625335 -0.0026799649960256734 0.011408094126663826 -0.036991349359617058 0.0019792559337014647 -0.01626295420938564 0.017357270531045667 0.01482471019745988 -0.0092527838013495792 -0.0091462172101786782 -0.022095434069432755 0.013523648272628974 -0.0037358276430657323 0.0078938439011989481 -0.0011408809551921265 0.0018368461072517368 0.022742033943584445
leaf_weight=3471.4461365416646 775.80917996913195 504.48620107769966 383.85580444335938 1925.7625942230225 1228.1549754887819 639.60301208496094 146.51771618425846 1785.3224589973688 333.48266220092773 152.07366105914116 493.28316676616669 1829.0969584435225 2055.1038066744804 412.53030334413052 655.91587764024734 1165.1614511907101 859.11706459522247 3763.5879573822021 55.266288295388222 1649.8649418801069 157.85369694232941 734.83923196792603 1649.6788577139378 614.17032051086426 892.79752562940121 608.56357298791409 462.1116818189621 235.68403387069702 178.60382080078125 64.883484929800034 694.46632543206215 295.87329864501953 118.10215163230896 84.555378004908562 3338.6218365430832 2317.6367576569319 476.75640355050564 372.78989504277706 2612.4184165149927 140.08853232860565 845.03723642975092 510.11066502332687 1255.6266174316406 541.37649871408939 27.005341157317162 359.11705359816551 79.834882736206055 2908.4809927046299 51.301140084862709 905.62738940864801 245.21151638031006 442.2050666809082 996.03540182113647 186.31246745586395 1592.695849083364 2558.6554473936558 942.81471252441406 521.01513624191284 1252.0917948484421 652.85782915353775 286.22425857186317 1648.0639525651932
leaf_count=27240 4024 2822 1563 18291 6214 2580 662 7919 3020 651 2252 12471 14356 1680 2894 6569 3634 37732 308 9619 682 3137 8050 2788 3763 2653 1917 1216 1174 307 2848 1208 478 348 13797 9542 2029 1526 10673 572 6070 2560 5105 2199 151 3375 325 12864 341 5171 1502 1950 4037 979 9516 22335 4588 2863 6182 2869 1410 6761
internal_value=-9.57364e-05 0.00866328 0.0155495 -0.0228936 -0.00101607 0.0204602 0.00240088 0.0075949 -0.0160727 0.00154656 0.0114219 -0.0112592 -0.0113174 0.0231528 0.00746679 -0.00158266 0.0130885 -0.0288146 0.0139562 0.00039691 0.0124757 0.00979277 -0.00434953 0.00981861 0.0113897 0.017091 0.0130475 0.00277414 -0.0257656 0.0090878 0.025661 0.0263894 0.0143494 0.0271452 0.0302773 0.0237352 0.0138905 0.0154157 0.0171977 0.014855 -0.00947312 -0.0020236 0.0178613 0.0145821 0.00974674 -0.0265012 0.0231922 0.0107018 -0.015346 -0.00732709 -0.00191839 0.00748475 0.0104042 0.00534366 -0.00588503 -0.0236782 0.00653485 0.00762089 0.00447637 0.00277129 -0.00978252 0.0195111
internal_weight=59143.6 42728 24965.9 16415.6 17762.1 15435.4 13338.5 9530.49 7629.9 3693.94 5836.56 4158.46 4423.61 10914.4 5871.18 7467.32 5343.27 8785.73 4521.05 6015.94 4137.2 1539.77 2154.17 4705.16 4090.99 3115.74 4081.93 4366.07 5022.14 3198.19 7401.87 6989.34 413.975 6575.37 3423.18 3152.19 3924.08 3447.32 2985.21 834.555 3824.97 1166.03 3512.48 2177.01 3133.31 4843.54 1335.46 2986.79 78.3065 2979.94 1150.84 2227.53 1537.41 3137.92 2368.51 2917.77 2902.23 2715.92 1773.11 804.931 1451.39 2507.18
internal_count=338362 199981 106115 138381 93866 63417 65970 42698 55474 17529 25169 28234 27896 44719 26330 39640 22917 82907 18698 31661 17135 6657 10872 20876 18088 13048 16827 22042 45175 14325 30473 28793 1686 27107 14145 12962 16145 14116 12199 3420 25214 5454 14246 8816 14018 44001 5430 13356 492 19144 6673 9869 6236 15828 13540 25710 14612 13633 9045 3520 7979 10395
cat_boundaries=0 1 2 3 4 5 6 7 8
cat_threshold=1152 21928 2048 96277 4352 18433 5256 5248
is_linear=0
shrinkage=0.035


Tree=30
num_leaves=63
num_cat=8
split_feature=20 2 45 11 45 2 2 2 8 16 48 27 34 23 18 19 48 23 32 16 17 22 18 41 48 2 24 32 48 2 35 16 16 4 16 48 22 18 32 48 47 48 18 4 47 18 22 16 16 18 26 14 41 27 7 37 16 13 17 41 42 15
split_gain=9097.96 2220.58 796.718 532.946 482.438 237.049 227.179 168.006 151.743 124.617 137.108 111.507 109.519 114.771 108.32 107.823 103.892 99.1676 94.9058 96.1744 94.7159 93.9171 134.324 114.195 90.9477 89.0209 88.4208 87.1258 85.4584 81.6428 77.1496 76.5144 69.4931 66.7006 65.0472 63.4676 63.4035 65.7928 62.394 59.6064 58.6409 53.4462 53.0981 52.7341 52.4352 51.3719 66.781 104.793 55.9079 54.1716 50.4862 49.9175 47.4709 47.2392 46.7842 46.4914 46.1864 44.8021 43.9803 43.4758 42.9567 42.7427
threshold=1.0000000180025095e-35 186.31500000000003 1.3452380952380956 1.0000000180025095e-35 2.0500000000000003 1133.8200000000004 11.590000000000002 4.3500000000000005 15.500000000000002 0 11.500000000000002 1.0000000180025095e-35 2.5000000000000004 0.68301270189221941 1097.9762500000004 599.1600000000002 11.500000000000002 0.68301270189221941 inf 1 2107.440000000001 25.500000000000004 3713.3400000000001 8026.2000000000007 11.500000000000002 7.6850000000000014 9.5000000000000018 802.53000000000009 3.5000000000000004 168.75000000000003 18.500000000000004 2 3 33.035000000000004 4 10.500000000000002 7.5000000000000009 12867.354415584417 inf 2.5000000000000004 inf 3.5000000000000004 4736.4725000000008 1.0000000180025095e-35 3809.7900000000004 10757.017500000002 33.500000000000007 5 6 5655.8175000000019 70.500000000000014 19.500000000000004 7398.2700000000013 24.980000000000004 0.82575757575757591 4028.400000000001 7 0.51190476190476197 1142.3900000000001 1736.6400000000003 5.5000000000000009 0.54523988376889576
decision_type=8 10 8 10 10 8 10 10 2 9 2 10 2 2 10 10 2 2 8 9 10 2 10 8 2 10 10 10 2 10 2 9 9 10 9 2 2 8 8 2 8 2 10 8 8 10 2 9 9 10 2 2 8 10 10 10 9 10 10 10 2 8
left_child=3 4 5 26 6 9 17 -5 12 -3 14 -9 13 24 50 35 18 -2 19 -4 -15 22 34 -23 43 -6 40 28 30 -13 -16 -32 -29 53 59 -10 -30 51 -27 -40 54 56 -31 -8 -25 46 47 -35 -47 52 -11 -38 -49 -7 -1 -12 -36 -21 -19 -20 -53 -45
right_child=1 2 16 7 25 33 8 11 15 10 55 29 -14 20 27 -17 -18 58 21 57 -22 23 -24 44 -26 38 -28 32 36 42 31 -33 -34 45 41 -37 37 -39 39 -41 -42 -43 -44 61 -46 48 -48 49 -50 -51 -52 60 -54 -55 -56 -57 -58 -59 -60 -61 -62 -63
leaf_value=-0.03040612629480129 -0.012352042530651985 0.028149849841356833 0.018658302034875542 -0.024098277880029308 -0.020841410852940716 -0.02403347214649381 -0.005511062770017938 -0.029556920924454701 -0.0040937727798582967 -0.0090475511412186019 0.018275704938652781 -0.014495242982545172 0.015066031060358193 0.0062159969469606641 0.012117200434377629 -0.017662876475509633 0.017173897979086149 -0.0058074605356147162 -4.1377488039406367e-05 -0.01165047598157023 0.023247094389888204 0.024168668621963024 -0.019964418108657716 0.0011635995690155252 0.014985579717253507 -0.014873170011084038 -0.032562210262403926 -0.0058258851924472069 -0.0187355846626804 -0.0018683261622940513 0.011260036551104037 -0.025928161755965205 0.012683877529213669 0.027859907475930548 -0.017041870519033751 0.011305691221789441 0.0054811238828067288 -0.0026949589778424792 -0.019314398440253348 -0.0002158989163080936 -0.0055983435516705005 0.013756799560046688 -0.01511614437667134 0.0085678502476692481 0.012917770086883433 0.022088562965178183 0.030183149547519758 0.0026480975908865687 -0.0058984536580438248 -0.018077046276390635 0.007264198526931746 0.018700664085119712 0.020077277274436513 0.018469408166205372 -0.023262340699071515 0.032936380833125674 0.010674032306079623 -0.00055224083167191825 0.0096477765275179237 -0.027089039609800372 0.028736752339642079 -0.00072219769890644872
leaf_weight=1881.0301946848631 1775.3090417981148 870.41934967041016 228.72836303710938 2099.5771236419678 1169.8261625170708 31.774243861436844 1545.0561049729586 428.80942726135254 1157.4621858000755 293.29772892594337 507.72787523269653 3091.5917098522186 1391.654862344265 1252.3298223614693 1048.5935509800911 550.38695192337036 816.92030334472656 451.12100869417191 799.85581937432289 733.78354880213737 587.53967303037643 638.71247565746307 304.13241410255432 933.77943420410156 530.88885498046875 1208.5894622802734 3668.4869041442871 427.64006042480469 56.31257700920105 1426.5074360370636 118.15360736846924 137.10830894112587 569.58464598655701 1607.1834373474121 139.7031192779541 456.25822257995605 309.73360347747803 175.35308712720871 245.93562364578247 1057.4820704460144 177.96405029296875 989.6309232711792 499.87566757202148 948.9699352234602 925.34890174865723 247.94384384155273 2649.7257406711578 266.06288424134254 130.82947254180908 63.102623701095581 1106.0827465057373 4032.7032858282328 684.52143585681915 1861.4632635116577 2866.9918375015259 565.90203237533569 134.39197897911072 1132.3692849576473 449.14502066373825 79.088304966688156 604.43057529628277 1678.4806923866272
leaf_count=18291 10537 3532 1021 17623 8595 171 8246 3884 5770 1248 2067 22286 5912 5791 4314 2896 3635 2406 3742 3851 2695 2787 1482 4322 2596 7794 37732 1809 246 8537 488 574 2389 6649 650 2162 1264 720 1548 6243 1174 4476 3144 4451 4108 1020 11078 1088 532 260 4619 16415 2807 7565 25710 2306 601 5129 2394 394 2447 8139
internal_value=-9.46597e-05 0.00837058 0.014695 -0.022477 -0.00170713 0.0186851 0.00151031 -0.0156863 0.00391275 0.0153627 0.0141991 -0.0124399 0.00615314 0.00425549 0.0127821 -0.00430091 0.00536632 -0.00755586 0.00399383 -0.00224896 0.0116643 0.00663861 0.00176367 0.0114113 0.00135544 -0.0128678 -0.0284371 0.0144542 0.0159357 -0.0109716 0.0079183 -0.0093104 0.00481715 0.0234497 0.00485565 0.000264528 0.0179524 0.0183593 -0.00914775 -0.00383155 -0.025359 0.00989355 -0.00531205 -0.000381964 0.00701783 0.0253585 0.0262542 0.022272 0.012858 0.0129911 0.00384138 0.0191061 0.0152069 0.0177438 -0.0260983 0.0260267 -0.00369452 -0.00489383 0.00190535 -0.00247505 0.0200147 0.00263512
internal_weight=58819.4 42678.5 26222.1 16140.8 16456.4 18365.6 12774.6 7546.36 10099 10823 9952.62 5446.78 7934.92 6543.27 8878.99 2164.11 7856.44 2675.58 7039.52 2094.88 1839.87 4944.64 2446.8 2497.84 4703.4 3681.83 8594.47 7479.61 6482.39 5017.97 1303.86 255.262 997.225 7542.61 2142.67 1613.72 5178.53 5122.22 2512.01 1303.42 4925.99 1263.73 1926.38 4172.51 1859.13 5649.37 5270.6 2620.87 378.773 1013.69 1399.38 4946.87 950.584 1893.24 4748.02 1073.63 274.095 1866.15 900.266 878.944 4637.13 2627.45
internal_count=338362 199981 111806 138381 88175 75608 63995 55474 48658 44438 40906 37851 37830 31918 36533 10828 36198 15337 32563 10001 8486 22562 11345 11217 23432 24180 82907 30666 26468 33967 5376 1062 4198 31170 9863 7932 21092 20846 15585 7791 45175 5727 11681 20836 8430 23434 21882 10804 1552 4155 5867 20126 3895 7736 44001 4373 1251 8980 4800 4136 18862 12590
cat_boundaries=0 1 2 3 4 5 6 7 8
cat_threshold=1152 1160 151552 16384 92421 136320 4352 131080
is_linear=0
shrinkage=0.035


Tree=31
num_leaves=63
num_cat=6
split_feature=20 2 45 42 45 2 23 34 46 45 34 40 48 17 48 2 24 8 22 3 42 19 2 18 22 22 47 32 16 48 42 47 8 16 32 36 52 47 48 2 37 5 8 34 48 38 46 23 48 16 19 25 47 48 0 16 22 51 16 51 32 16
split_gain=8584.43 2076.67 846.947 524.791 354.962 288.093 167.892 173.098 163.301 126.13 119.901 117.623 100.156 99.9272 90.8555 88.918 88.7024 87.1232 85.2891 100.299 82.5482 78.1962 77.3265 71.3489 71.3237 71.1552 70.8652 69.8717 68.4801 67.2296 62.0501 82.2276 61.8973 74.01 57.5113 57.4052 53.3895 52.9043 52.7548 51.6476 61.7205 51.2539 50.6385 50.304 50.3039 48.8055 48.6492 51.0515 48.2804 47.496 53.3382 46.3698 43.7906 44.9558 43.6981 42.4844 53.9985 40.4269 44.7315 39.0879 38.9729 38.6699
threshold=1.0000000180025095e-35 126.85500000000003 1.3452380952380956 1.0000000180025095e-35 2.0500000000000003 616.59000000000003 0.68301270189221941 1.5000000000000002 35.330000000000013 2.2678571428571432 2.5000000000000004 1.0000000180025095e-35 3.5000000000000004 2107.440000000001 11.500000000000002 16.215000000000007 9.5000000000000018 15.500000000000002 39.500000000000007 64.500000000000014 5.5000000000000009 283.46533333333338 7.6850000000000014 12867.354415584417 19.500000000000004 1.0000000180025095e-35 5507.3600000000015 1178.0800000000002 0 11.500000000000002 3.5000000000000004 310.05000000000007 12.500000000000002 1 inf 5.8000000000000016 8.5000000000000018 33.165000000000013 2.5000000000000004 204.73000000000005 9005.3000000000011 139.08166666666671 10.500000000000002 2.5000000000000004 5.5000000000000009 5.8000000000000016 6.1250000000000009 -0.6830127018922193 2.5000000000000004 2 1780.2700000000002 70.081666666666678 5507.3600000000015 9.5000000000000018 17.33666666666667 3 19.500000000000004 165.40898219159533 4 192.00167405947789 195.39000000000004 5
decision_type=8 10 8 2 10 8 2 2 10 10 2 10 2 10 2 10 10 2 2 2 2 10 10 10 2 2 8 10 9 2 2 8 2 9 8 8 2 10 2 10 10 10 2 2 2 10 8 2 2 9 10 8 8 2 10 9 2 8 9 8 8 9
left_child=3 4 5 16 6 12 7 15 -5 14 18 -10 32 61 25 -2 35 60 19 38 27 30 -6 37 -21 -4 28 46 -27 41 31 -9 45 -34 -24 54 -11 -20 -7 -13 55 49 -23 57 -32 -3 -14 -48 -36 -12 -51 52 -17 -54 -1 -41 -57 58 -30 -49 -15 -8
right_child=1 2 9 8 22 10 13 21 11 36 29 39 20 17 -16 51 -18 -19 23 24 -22 42 34 -25 -26 26 -28 -29 43 -31 44 -33 33 -35 48 -37 -38 -39 -40 40 -42 -43 -44 -45 -46 -47 47 59 -50 50 -52 -53 53 -55 -56 56 -58 -59 -60 -61 -62 -63
leaf_value=-0.029879242385181842 -0.015422740051533658 0.0025841605521423534 -0.020751690179895987 -0.021010485148149911 -0.020400550080935304 0.0023176558818963897 0.01020559718974408 -0.0076976787776096645 -0.036650163394071116 0.00075402815192527999 0.014429260335856439 -0.01272832215842634 -0.0090435062047327826 0.0075274746108541556 0.018282000566344686 -0.0064426573153464096 -0.032250818841753362 -0.003240541073592161 0.028474825777417976 -0.018936271873747242 0.023813127413020538 0.0079537264311843672 -0.015007966963907195 -0.0028158543964400106 0.0080835013920378777 0.020824582508740704 0.011443730047509974 -0.0019775296533326671 -0.011440420742713474 0.035365118583991585 -0.0030293242488541529 0.0080546702301333376 0.010116360835582924 -0.013283135219789764 -0.018673069131873561 -0.011424062223853667 -0.011575254160105509 0.017218938586831246 0.018515016998096497 0.0067730645937195315 -0.022162983109890223 0.026986245275439934 -0.013251375695161726 0.013336884969415793 0.013194788016326352 0.025499740374178091 0.0091426941562824608 0.019377313635944245 6.4400399679662149e-05 0.028169386780918852 0.014660754842645864 -0.018724657681320457 -8.5601044723784581e-05 0.020735067283398859 -0.022883717223220013 -0.018601291007433816 -0.0007653023964443868 -0.009976030995277059 0.0033861949200723307 0.011519061938513254 0.024714025413412628 -0.00099695950987803558
leaf_weight=2011.130835570395 1310.7044384628534 265.24416661262512 124.1638658195734 3371.6977063566446 1153.5897850394249 270.91450482606888 512.70139759778976 812.10152338445187 201.03162002563477 1301.2881449908018 1260.2955486774445 2230.855836391449 115.39656703174114 215.39521399140358 746.65332794189453 1322.1728678941727 3575.9203281402588 241.18369573354721 1354.5145594626665 146.97671222686768 884.42106819152832 184.4277363717556 1045.4483337402344 126.47898292541504 625.06946754455566 248.83239048719406 1947.1072044372559 390.15928912162781 261.53703382611275 618.116943359375 290.0471019744873 809.66688030958176 263.82545049488544 409.66080205142498 207.22447395324707 358.03344535827637 641.68132781982422 832.53520326316357 2747.4317827224731 455.79700660705566 212.0784797668457 2371.9621334075928 539.93672993779182 446.58350196480751 1205.7296752929688 198.81112563610077 1815.5899395942688 2087.0264372080564 881.97364616394043 1196.3729996681213 516.30886650085449 237.84453523159027 686.64167642593384 154.87485599517822 2463.3404269814491 295.11860701441765 698.52709582448006 374.40097767114639 2970.2998377680779 1243.5701281130314 660.42876788973808 1350.5113036632538
leaf_count=19619 8313 1131 751 27240 8595 1118 2473 4172 1972 6765 5143 16126 530 1102 3251 7587 37732 1248 5588 637 3588 832 6871 516 2541 1087 8456 1748 1269 2582 1353 3654 1098 1758 1330 2747 3595 3375 11177 2723 1387 10023 2585 1917 5449 822 7529 8590 5264 4889 2121 1286 3323 719 22809 1890 4136 1747 13584 5177 3032 6690
internal_value=-9.37487e-05 0.00808807 0.0134396 -0.0220638 -0.00306348 0.0175059 7.0458e-05 -0.00270487 -0.0153063 0.00458101 0.0208782 -0.0106039 0.012201 0.0071038 0.00673786 -0.00809372 -0.0280607 0.0153762 0.0174233 0.0141838 0.013869 0.00250285 -0.0131005 0.0227224 0.00292183 0.00538269 0.00590522 0.0123089 0.00339618 0.0244112 0.00490983 0.000166789 0.0026136 -0.00416237 -0.00914776 -0.0249541 -0.00332168 0.0241999 0.0170625 -0.00924959 -0.00457398 0.023138 -0.0078489 0.00226429 0.0100488 0.0124354 0.0133684 0.0138727 -0.00351434 0.0200598 0.0239681 -0.00408894 -0.0024722 0.00376635 -0.026034 -0.0019869 -0.00601559 0.000896063 0.00215827 0.0164476 0.0205007 0.00213887
internal_weight=58499.4 42625.8 28803.2 15873.5 13822.6 19740.7 10534.4 7554.15 7465.11 9062.55 12067 4093.41 7673.7 2980.22 7119.58 3712.24 8408.43 1117.01 6103.92 3790.39 6536.16 3841.91 3288.24 2313.53 772.046 6372.92 6248.76 5651.74 4301.65 5963.06 3117.55 1621.77 1137.54 673.486 2134.65 4832.5 1942.97 2187.05 3018.35 3892.38 1661.52 5344.94 724.364 4052.82 1495.78 464.055 5261.58 5146.19 1089.2 2972.98 1712.68 2401.53 2163.69 841.517 4474.47 1449.44 993.646 3606.24 3231.84 3330.6 875.824 1863.21
internal_count=338362 199981 124103 138381 75878 81681 53818 39273 55474 42422 49710 28234 31971 14545 32062 21228 82907 5382 24952 15473 27162 18045 22060 9479 3178 28811 28060 23574 19604 24758 14628 7826 4809 2856 13465 45175 10360 8963 12295 26262 10136 22176 3417 18517 6802 1953 21826 21296 6594 12153 7010 12915 11629 4042 42428 8749 6026 16600 14853 13767 4134 9163
cat_boundaries=0 1 2 3 4 5 6
cat_threshold=1184 21672 149512 136328 75777 131232
is_linear=0
shrinkage=0.035


Tree=32
num_leaves=63
num_cat=4
split_feature=20 2 45 24 13 34 32 48 2 47 42 29 40 2 16 27 45 19 32 37 43 16 24 18 32 2 2 46 23 2 47 16 52 47 50 48 48 32 29 21 40 48 0 38 2 40 8 23 23 50 16 3 47 1 8 27 46 20 40 29 48 4
split_gain=8099.13 1937.73 643.276 516.43 475.985 223.533 196.594 168.717 161.162 158.738 131.025 126.171 123.988 122.654 117.042 102.425 101.506 95.4185 91.3414 89.2603 89.2403 89.1802 88.9657 75.7107 81.7718 73.191 72.271 65.9949 64.1809 63.3778 62.4111 61.0446 56.8711 55.5828 53.5335 50.9729 50.7314 54.7853 49.9554 81.6649 49.6012 47.8881 46.1846 44.4809 48.3966 43.7695 43.3071 43.0188 41.8215 41.8119 41.7204 40.846 40.3442 40.1124 39.9901 39.6634 38.9001 38.1873 38.0291 39.9805 37.8993 39.7683
threshold=1.0000000180025095e-35 387.69 1.7638888888888891 5.5000000000000009 0.82085561497326209 2.5000000000000004 inf 2.5000000000000004 4.3500000000000005 inf 2.5000000000000004 207.50000000000003 1.0000000180025095e-35 1982.3400000000004 0 1760.6250000000002 1.7638888888888891 1780.2700000000002 802.53000000000009 1098.8150000000003 2.5000000000000004 1 9.5000000000000018 9753.7154166666678 95.455000000000013 168.75000000000003 7.6850000000000014 1410.3900000000001 0.25000000000000011 41.800000000000004 1610.7100000000003 2 3.5000000000000004 5507.3600000000015 55.890070692342157 11.500000000000002 3.5000000000000004 1309.9200000000003 176.50000000000003 595.32000000000016 5475.21 2.5000000000000004 6.7200000000000033 32.610000000000007 563.94000000000017 1.0000000180025095e-35 21.500000000000004 -0.6830127018922193 0.93301270189221952 112.17668004707225 3 61.500000000000007 inf 1768.3000000000002 2.5000000000000004 10.410000000000002 35.330000000000013 61.546574234477106 17772.450000000001 353.00000000000006 11.500000000000002 1.4450000000000001
decision_type=8 10 10 8 10 2 8 2 10 8 2 2 10 10 9 10 8 10 10 10 2 9 10 10 10 10 10 8 2 10 10 9 2 8 10 2 2 10 2 8 10 2 10 10 10 10 2 2 2 8 9 2 8 10 2 8 10 10 10 2 2 8
left_child=3 2 5 8 16 9 20 -8 -1 10 56 26 -10 14 17 -16 36 43 21 38 -4 -12 32 24 34 52 -9 46 -22 -23 35 -28 -5 49 -17 48 50 47 -11 -40 -27 -7 -34 -6 -45 -44 -19 -38 -31 -18 -3 -39 -14 -52 -13 -35 -2 -15 59 -21 61 -33
right_child=1 4 6 22 13 41 7 11 12 19 18 54 25 57 15 23 33 27 -20 58 28 29 -24 -25 -26 40 31 -29 -30 30 -32 60 42 55 -36 -37 37 51 39 -41 -42 -43 45 44 -46 -47 -48 -49 -50 -51 53 -53 -54 -55 -56 -57 -58 -59 -60 -61 -62 -63
leaf_value=-0.02332028036852947 -0.016312353346443681 -0.014441004193869993 -0.022680963184573341 -0.0031837415887703961 0.020748154785225705 0.0012142409753217137 -0.018897204689361288 -0.016197755264513301 -0.03645927783044043 -0.0022084722105842618 -0.011150117588808541 -0.010831518485132974 -0.015138650993538463 0.021485817503439763 0.005268430012113687 0.015988480609330072 0.0020925568049409999 0.0021897714052493368 -0.010049124376040136 0.020276607031149821 -0.01511405564497639 -0.00096563419328664368 -0.031940927035295115 -0.0099239603238237741 0.0054784921972849876 -0.0025633963636205303 0.013039163014902414 0.01762224422308856 -0.0023026071790062503 0.0063545857329624618 -0.010837711675242046 -0.0095635665901918909 -0.030498321866522897 -0.021826149233549894 0.026528436512607268 0.021921837785313539 0.010532152202964861 0.014026034161095567 0.016603509126070292 0.0029583513115332329 -0.016622205408713116 0.01436600893097174 -0.036482017101796695 0.01559974691408882 0.031367188071680242 -0.021608587927871584 -0.037375401003278123 0.018687202945881956 0.022517562643412894 -0.01177857982477189 0.0029481853350815075 -0.0035147311027837001 -0.0012368124737039939 0.023937288970715915 0.009838929146724136 0.011113134051239811 -0.0052088818825951014 0.028806920026733678 -0.022630626552106441 -0.004732592022201232 0.005989987968449237 0.0039480184628065832
leaf_weight=2033.5678337290883 582.80202129483223 120.59885597229004 1031.3934739977121 148.14868605136871 2478.9861826896667 381.81809215247631 696.67446899414062 539.27836799621582 236.73859214782715 840.82697868347168 420.47761927545071 124.71734662353992 2868.1770555973053 1693.7029037475586 1326.2211861610413 1303.1928078532219 1375.2676387876272 234.41145893931389 648.8326268196106 909.39207224547863 1198.3273891806602 1229.7924368828535 3485.8491306304932 122.78822004795074 520.35353791713715 1586.3636567592621 280.74349726736546 533.1213550567627 798.24158763885498 1971.4620642662048 187.89823007583618 1201.7403552383184 1423.3333851397038 45.968112275004387 1090.5186751484871 375.37851428985596 1371.0076694488525 289.03603917360306 824.60998392105103 1540.2260947227478 380.47377395629883 3048.0073471069336 266.25174947082996 298.47718811035156 1251.7104415893555 2904.0247852951288 38.599800139665604 1894.4363035559654 217.05608940124512 329.04214096069336 551.68830026686192 369.495609998703 280.95239067077637 138.92458844184875 1321.6774745434523 1002.0464140921831 1148.4860088229179 1850.110969543457 28.036838531494141 85.301891759037971 362.90073585510254 342.32048785686493
leaf_count=17623 3461 518 7368 959 10105 1626 4407 3704 2346 3811 2214 748 21372 6993 5438 5312 6512 961 3338 3867 7604 6716 37732 501 2131 9730 1586 2210 4878 9163 866 6725 14322 291 4510 1645 5690 1232 3562 6993 2459 12720 2698 1215 5179 27196 159 7801 964 1658 2323 1600 1944 581 6707 4481 5706 7880 124 374 1988 1835
internal_value=-9.29641e-05 0.00781578 0.000709398 -0.0216537 0.0156625 0.00510178 -0.00732108 -0.0029658 -0.0149323 0.00267082 -0.000647563 -0.000302435 -0.0117418 0.0197779 0.0176422 0.0133579 0.00865716 0.0214326 0.00220079 0.00799227 -0.0143226 0.00400822 -0.0276853 0.0169317 0.0180663 -0.0105911 -0.00473408 0.0104665 -0.00999567 0.00562529 0.00859053 -0.00190213 -0.0245507 0.00331031 0.0207993 0.010018 0.0117637 0.0134106 0.00511696 0.00772138 -0.00529006 0.0129027 -0.025239 0.0236766 0.0283433 -0.0228688 -0.00352015 0.0152675 0.00796717 -0.000590807 0.00379017 0.00419368 -0.0138992 0.00709628 0.00805034 0.00964892 -0.00895389 0.025315 0.0169909 0.0181293 -0.00415404 -0.00656741
internal_weight=58182 42568.1 22338.4 15613.9 20229.7 14440.4 7898.02 4870.05 7386.27 11010.6 6782.19 4173.38 5352.71 12742.2 9198.38 4363.07 7487.51 4835.31 5050.9 4228.39 3027.96 4402.06 8227.61 3036.85 2914.07 5115.97 2726.98 806.133 1996.57 3981.59 2751.79 2187.71 4741.76 2752.32 2393.71 2563.9 4735.19 3923.98 3205.66 2364.84 1966.84 3429.83 4593.61 4029.17 1550.19 3170.28 273.011 3265.44 2188.52 1704.31 811.212 658.532 3149.13 690.613 1446.39 1048.01 1731.29 3543.81 1022.73 994.694 1906.96 1544.06
internal_count=338362 199981 114700 138381 85281 67150 47550 27700 55474 52804 34073 23293 37851 52594 37721 17892 32687 19829 24906 18731 19850 21568 82907 12454 11953 35505 15838 3330 12482 19354 12638 12134 45175 12942 9822 11772 19745 16323 14366 10555 12189 14346 44216 16499 6394 29894 1120 13491 10127 8170 3422 2832 23316 2904 7455 4772 9167 14873 4365 4241 10548 8560
cat_boundaries=0 1 2 3 4
cat_threshold=5504 75779 66680 133120
is_linear=0
shrinkage=0.035


Tree=33
num_leaves=63
num_cat=7
split_feature=5 0 45 50 34 47 16 46 16 22 21 46 42 40 37 16 40 24 32 16 1 39 19 9 42 48 22 18 48 26 24 29 22 22 32 36 46 19 47 12 32 29 16 18 16 48 35 0 27 0 47 23 48 22 3 46 40 26 37 16 23 3
split_gain=7590.92 1785.47 748.026 534.003 354.009 301.698 171.214 162.251 152.907 168.678 149.983 146.79 141.373 113.075 105.496 103.978 93.2417 89.1394 84.7315 78.4002 76.4072 70.8576 71.3182 68.8951 63.5729 61.7391 61.6596 81.4581 70.4888 60.1167 59.7695 59.1981 58.5287 57.4111 57.3091 56.3256 53.3346 52.3501 50.3224 50.0665 49.4511 60.85 47.4834 46.4892 66.1676 46.3683 43.784 50.9733 43.7441 43.4188 42.9385 42.6532 42.1833 42.133 40.2637 39.626 38.3397 38.3008 37.4966 39.902 38.9514 57.8625
threshold=1.0000000180025095e-35 191.88666666666671 1.2071428571428573 1.0000000180025095e-35 1.5000000000000002 inf 0 35.330000000000013 1 8.5000000000000018 30.245000000000005 682.72000000000014 1.5000000000000002 1.0000000180025095e-35 5687.1900000000014 2 8043.4800000000005 9.5000000000000018 159.90000000000006 3 75.13000000000001 102.41000000000001 21.144166666666671 389.47000000000008 3.5000000000000004 11.500000000000002 29.500000000000004 12867.354415584417 4.5000000000000009 31.000000000000004 3.5000000000000004 353.00000000000006 21.500000000000004 25.500000000000004 1821.1500000000003 19.040000000000003 1149.7800000000002 306.98142857142858 622.77500000000009 28.082500000000003 7.2400000000000011 207.50000000000003 4 9753.7154166666678 5 3.5000000000000004 13.500000000000002 3303.7150000000006 11200.410000000002 17.33666666666667 1416.7800000000004 -0.6830127018922193 3.5000000000000004 61.500000000000007 72.500000000000014 2401.7800000000007 1.0000000180025095e-35 223.50000000000003 2870.6550000000002 6 0.68301270189221941 39.500000000000007
decision_type=8 10 8 8 2 8 9 8 9 2 10 10 2 10 8 9 10 10 10 9 10 10 10 10 2 2 2 10 2 2 10 2 2 2 10 8 10 10 10 10 10 2 9 10 9 2 2 10 8 10 10 2 2 2 2 10 10 2 10 9 2 2
left_child=3 4 6 17 5 12 46 57 -4 15 19 18 39 -9 24 -10 29 35 32 -8 26 22 -7 31 -6 36 28 -28 -21 -13 51 34 -11 -18 -12 49 38 45 -22 -2 41 55 -14 -25 -45 -26 -3 -48 50 -1 -34 -15 -53 -27 -30 -31 -51 -5 59 -24 -61 -62
right_child=1 2 8 7 14 21 10 13 9 11 23 16 42 30 -16 -17 33 -19 -20 20 25 -23 58 43 37 53 27 -29 54 40 -32 -33 48 -35 -36 -37 -38 -39 -40 -41 -42 -43 -44 44 -46 -47 47 -49 -50 56 -52 52 -54 -55 -56 -57 -58 -59 -60 60 61 -63
leaf_value=-0.029180048127889796 -0.02480490447661355 0.0090365327302743739 0.020010715570179714 -0.016513655957413768 -0.0041810846536748597 -0.0075166480922501987 0.027128876825684371 -0.03585078630201767 -0.025927001069665313 -0.0016495733321509928 0.021007866087789862 -0.0057747236402582967 -0.0037642901063252533 -0.011359176256001444 0.010790253364793974 -0.0017581986429235951 -0.019112967438444498 -0.031632206216426373 -0.0049227246833602007 -0.001680816933294106 0.010600134853396297 -0.017234630223613202 0.011741642368235024 0.027108439158962001 -0.0040598972731386981 0.017282941276696689 0.027129134268156642 -0.0068067430593111034 0.022273532438105419 0.010799493780215132 -0.012698173224849197 0.0030091787690432362 0.010931473725341704 0.0048722853961325439 0.0053975984642593072 -0.010646979472341042 0.016039760049637287 -0.010188162555098634 0.0010760618728279801 -0.014282745869807876 0.0075547914680266165 0.025509340570562023 -0.012995293370861144 -0.007626704919872997 0.02255932233960364 0.010545554593719924 -0.014447971232689512 0.02250467218100554 -0.0053649726193825201 -0.036603409028303974 -0.0072211890425742673 -0.011855727868501947 0.0030085165463812559 0.041643496804207016 -0.0072146080969173691 0.023041792996252055 -0.020689987513133432 -0.024087214510332456 0.017690254326966141 -0.0031544562792061152 -0.0028844493700839499 0.017800259031025504
leaf_weight=1923.8281257599592 867.3190181851387 354.80263991653919 873.35481119155884 1763.2193546295166 1641.0959386825562 642.35708819329739 593.22891998291016 191.41632270812988 270.06220531463623 1084.1741091907024 4090.4357254058123 194.76082897186279 2126.7174608409405 652.97192001342773 2078.7821044921875 998.59740290045738 163.87919241189957 3398.2368221282959 1408.1013815999031 295.8761026263237 2000.9398907274008 228.87837135791779 592.52165168523788 2942.2108823060989 335.44778595864773 381.90121603012085 1101.6579604148865 93.648139953613281 537.87542621791363 1503.0899396836758 1952.6928329467773 269.93281745910645 2145.1212826222181 471.85676950216293 310.80263344943523 351.87188673019409 1218.8924562633038 233.34816183149815 1029.2369891256094 1551.7883555293083 1006.2205134928226 702.50080013275146 1016.5252631008625 118.14426898956299 333.09306621551514 1281.7315800189972 284.29023604094982 53.533075332641602 266.8569525629282 204.0326911509037 171.77759844064713 303.04306793212891 1012.485237121582 113.017493724823 62.923545435070992 413.73041343688965 2176.1555165350437 1548.6590995788574 275.95758056640625 997.62811525166035 320.67033812403679 341.19608333706856
leaf_count=19628 6735 1504 3826 14417 8471 3555 2417 1980 1461 5096 16844 855 12864 4294 9381 4742 791 37732 6821 1204 8226 1156 2824 12545 1547 1568 4524 383 2180 6401 14279 1102 9819 2096 1295 2751 4999 1111 4342 10106 4383 2968 6310 480 1388 5791 1217 217 1244 2140 787 1923 6221 465 256 1730 20676 13039 1275 5027 1457 1496
internal_value=-9.25429e-05 0.00756708 0.0127545 -0.0210697 -0.00237847 -0.00668508 0.0176248 -0.0142956 0.00600082 0.00484321 0.0183801 0.00644343 -0.0117046 -0.00964864 0.00454988 -0.00713748 0.0110784 -0.0273117 0.00237321 0.0147999 0.0136665 0.00152968 0.00288936 0.0216988 0.00083257 0.0112249 0.0192608 0.0244669 0.0123012 0.0131432 -0.00836075 0.0189314 0.00517467 -0.00133091 0.019907 -0.0241521 0.00985777 0.00527867 0.00736659 -0.0180639 0.0141608 0.0166947 -0.00680608 0.0255015 0.0149867 0.00751534 0.000455648 -0.00854314 0.00803773 -0.0252535 0.00958308 -0.00405389 -0.000421992 0.0229186 0.0191783 0.0134525 -0.0220689 -0.0200613 0.00553544 0.00403883 0.00120516 0.00778941
internal_weight=57871.1 42392.5 27860.5 15478.6 14532 8961.56 16186.4 7424.49 11674.1 10800.7 15493.8 9532.07 5562.35 4112.61 5570.41 1268.66 4456.04 8054.13 5076.03 7429.2 6835.97 3399.21 3170.33 8064.62 3491.62 4743.99 2091.98 1195.31 896.675 3820.3 3921.19 4671.17 3667.93 635.736 4401.24 4655.89 4249.07 1850.53 3030.18 2419.11 3625.54 2619.32 3143.24 3393.45 451.237 1617.18 692.626 337.823 2583.76 4304.02 2316.9 1968.5 1315.53 494.919 600.799 1916.82 2380.19 3311.88 2527.97 2252.02 1659.49 661.866
internal_count=338362 199282 120176 139080 79106 52805 67156 56153 53020 49194 64218 42991 36015 28697 26301 6203 19224 82927 23767 30564 28147 16790 15634 33654 16920 19600 8547 4907 3640 16337 26717 19241 16946 2887 18139 45195 17567 8449 12568 16841 15482 11099 19174 14413 1868 7338 2938 1434 11850 42444 10606 12438 8144 2033 2436 8131 22816 27456 12079 10804 7980 2953
cat_boundaries=0 1 2 3 4 5 6 7
cat_threshold=10244 9352 16660 1152 132592 147456 132320
is_linear=0
shrinkage=0.035


Tree=34
num_leaves=63
num_cat=6
split_feature=20 4 0 24 7 21 48 23 22 2 47 2 40 21 47 24 16 26 42 22 48 2 16 8 46 47 12 2 33 26 2 44 47 16 8 16 42 18 44 7 42 33 22 13 17 7 22 17 48 3 3 22 16 22 13 44 16 48 40 18 48 6
split_gain=7209.49 1748.29 656.924 498.683 412.051 202.616 172.53 247.006 169.572 154.418 134.665 131.279 119.285 118.81 106.674 89.3149 87.6546 85.7566 81.7001 77.6663 77.5964 73.7434 88.7336 75.284 70.8667 70.7967 69.4827 67.9709 63.0691 59.765 57.5374 67.9634 54.7411 52.6402 53.0105 52.3158 51.791 51.2814 47.8881 47.5648 46.1265 45.3059 44.5388 44.34 43.3358 43.0527 42.9109 78.9305 46.1448 41.1328 40.8795 40.569 78.1406 45.6764 39.3428 38.9461 38.9448 38.8101 38.062 37.5745 36.1711 35.0669
threshold=1.0000000180025095e-35 4.3500000000000005 551.16333333333353 5.5000000000000009 0.95833333333333337 1.4650000000000001 11.500000000000002 0.68301270189221941 1.0000000180025095e-35 4.3500000000000005 64.725000000000009 563.94000000000017 1.0000000180025095e-35 25.960000000000004 inf 9.5000000000000018 0 70.500000000000014 4.5000000000000009 65.500000000000014 3.5000000000000004 2347.6300000000006 1 20.500000000000004 174.32000000000002 inf 70.399166666666673 168.75000000000003 1.5000000000000002 70.500000000000014 29.010000000000002 83.940000000000012 inf 2 14.500000000000002 3 3.5000000000000004 9753.7154166666678 417.14000000000004 0.82575757575757591 1.5000000000000002 1.5000000000000002 17.500000000000004 0.34166666666666673 1.0000000180025095e-35 0.90454545454545465 29.500000000000004 2678.04 3.5000000000000004 72.500000000000014 13.500000000000002 39.500000000000007 4 17.500000000000004 0.36602870813397131 56.330000000000005 5 2.5000000000000004 5766.2466666666669 12867.354415584417 2.5000000000000004 166.73000000000005
decision_type=8 8 10 8 10 10 2 2 2 10 8 10 10 10 8 10 9 2 2 2 2 10 9 2 8 8 10 10 2 2 10 8 8 9 2 9 2 10 10 10 2 2 2 10 10 10 2 8 2 2 2 2 9 2 10 10 9 2 10 10 2 8
left_child=3 4 5 9 26 10 7 8 50 -1 40 16 -11 25 18 32 -10 35 -7 -8 -20 22 29 -24 -19 36 54 55 -12 -15 -18 57 39 -30 42 -9 58 51 43 -5 -3 -38 61 -29 -41 -44 47 48 -27 -33 -6 52 53 -13 -2 60 -22 -32 -4 -48 -14 -35
right_child=1 2 13 15 6 14 19 17 11 12 28 37 27 21 -16 -17 30 24 20 -21 56 -23 23 -25 -26 46 -28 38 33 -31 31 49 -34 34 -36 -37 41 -39 -40 44 -42 -43 45 -45 -46 -47 59 -49 -50 -51 -52 -53 -54 -55 -56 -57 -58 -59 -60 -61 -62 -63
leaf_value=-0.022564504146241317 -0.021788114602776767 -0.015768872942136091 0.0081680549070105475 -0.029066001433111228 -0.012679866796182899 0.0034817623424902534 0.0094305012380732686 0.0040969916614211283 -0.011168775894750162 -0.035993033861120086 -0.012554161755271534 -0.01727114290413282 -0.022293712291565501 -0.015282877405522408 0.019142767994528982 -0.031324405847688523 -0.0093019782304293794 0.0046016849218589624 0.00083310967717397516 0.031937609885970712 0.022179334890919 0.026956603037134739 0.022539062143659638 0.0075165946694642875 0.016900133259478881 -0.0034215823421838588 -0.0058999971743344632 -0.0075528017540805277 0.020533842555160584 0.012076126989663863 -0.0079459335281242011 0.0022682565428061765 -0.0044673789543013551 0.0039968592899681963 -0.002072093830511346 -0.01540604449498517 -0.0035430642270720797 -0.012185345154916045 -0.016754720440727674 -0.033645871348659206 -0.0017128372693953778 0.016598156474124846 -0.0033724302868570351 0.004119092918061746 -0.019904339200698472 0.011672542563757448 0.024484514110621153 0.0001555836851260836 0.02298019796333145 -0.01270776656073833 -0.040778287992139568 0.012680927861773127 0.010333745521821524 0.00089121166466933437 -0.01201801857116983 -0.017707448705250494 0.0098309915839782051 0.0055607608836550559 -0.010073385714605884 0.00088619969212280813 -0.0077439542868124704 -0.013740697978165899
leaf_weight=1971.6145627647638 802.51921170949936 515.65973716974258 1210.3576108813286 1722.3001441955566 103.92943978309631 1870.2451348304749 1278.2335152626038 616.72708384692669 1835.634391784668 224.45248699188232 231.64046573638916 255.72402495145798 242.40377393364906 112.87852780520916 1748.273681640625 3313.0414714813232 1004.1067634224892 973.35248589515686 437.60064125061035 219.57483434677124 901.23242998123169 2085.6147861480713 4259.667719990015 453.42101000249386 1401.2178571224213 91.158808350563049 1535.9777827262878 887.24484887719154 282.49134609103203 696.76258325576782 301.0544465482235 348.72446167469025 173.9610595703125 1071.0351088792086 974.44571216404438 219.4376462250948 148.15945434570312 202.71870422363281 340.0338134765625 321.50155672430992 641.21971982717514 1736.3167181015015 262.11708664894104 722.55224093794823 2349.8607746660709 2068.5786248445511 1353.2589569091797 352.6528445482254 716.41076683998108 629.14601421356201 166.8694109916687 773.43127065896988 813.75203248858452 499.67846012115479 1376.2283626198769 1331.233761548996 570.25607824325562 1902.1383283138275 157.59287166595459 88.108711242675781 1516.4400914609432 155.47553777694702
leaf_count=17623 6386 3238 5076 18291 629 8666 5991 2897 9504 2346 1130 1169 1871 469 7216 37732 5766 4939 1844 1032 3709 8952 17732 1885 6240 376 8977 5889 1228 2871 1545 1686 1174 4961 4659 1067 611 953 2178 3375 3456 7097 1343 4122 22335 9095 5597 1435 2910 3136 1124 3277 3480 2150 8976 9932 2394 9351 692 362 11513 702
internal_value=-9.17101e-05 0.00729924 0.0131781 -0.0208472 -0.00128172 0.00712248 0.00155044 0.000157234 -0.00286363 -0.0142098 0.00277934 -0.00199981 -0.0110771 0.0184537 0.0119946 -0.0269391 -0.0048168 0.00846987 0.0086838 0.0127491 0.0137755 0.0213397 0.019214 0.0210511 0.011863 0.0146999 -0.0116066 -0.00996053 0.00524874 0.00814714 -0.00199734 0.000304302 -0.0237521 0.00610779 0.00514752 -0.00116863 0.0112511 0.00466291 -0.00484013 -0.0245144 -0.00798629 0.0150136 0.00713972 -0.0023146 -0.0215701 0.00997982 0.0190054 0.0139732 0.0199994 -0.00737021 -0.0300808 0.00612548 0.0028883 -0.00520315 -0.0156251 -0.0131889 0.0176212 0.00371238 0.00606075 0.0230436 -0.00976073 0.00173904
internal_weight=57569.4 42452.8 25192.6 15116.6 17260.2 11730.3 13545.5 12047.6 8836.91 7235.98 6202.66 8566.11 5264.36 13462.4 5527.61 7880.67 6020.8 3210.74 3779.33 1497.81 1909.09 7608.34 5522.73 4713.09 2374.57 5854.02 3714.73 5039.91 5045.78 809.641 4185.17 3181.06 4567.62 4814.14 4531.65 836.165 3252.43 2545.3 1949.83 4393.66 1156.88 1884.48 3557.21 1609.8 2671.36 2330.7 2601.59 1160.22 807.57 977.87 270.799 2342.59 1569.15 755.402 2178.75 3090.08 1471.49 2203.19 1367.95 1441.37 1758.84 1226.51
internal_count=338362 199981 109706 138381 90275 53641 65936 58913 43770 55474 29812 42017 37851 56065 23829 82907 30988 15143 16613 7023 7947 31909 22957 19617 11179 24156 24339 35505 23118 3340 21484 15718 45175 21988 20760 3964 13476 11029 12189 44001 6694 7708 16101 10011 25710 10438 10680 4721 3286 4822 1753 10076 6799 3319 15362 23316 6103 10896 5768 5959 13384 5663
cat_boundaries=0 1 2 3 4 5 6
cat_threshold=22528 133128 1152 21953 18688 424
is_linear=0
shrinkage=0.035


Tree=35
num_leaves=63
num_cat=7
split_feature=20 0 45 24 7 19 13 16 46 16 22 46 46 27 47 3 24 16 12 40 32 16 49 22 9 8 26 36 48 16 41 22 35 33 27 6 6 45 32 33 5 16 7 32 48 8 48 26 48 18 35 44 46 22 1 7 33 16 18 39 46 22
split_gain=6800.27 1576.9 668.464 489.696 353.194 182.83 164.559 156.533 145.736 137.826 159.843 136.982 130.219 108.304 100.254 94.2231 89.4027 87.7845 84.4754 83.1812 78.5538 70.9606 79.1044 81.9143 60.8954 58.4091 54.3573 54.019 52.8678 52.8123 56.6463 52.6662 51.4251 59.0274 48.4503 52.9833 47.659 47.4591 45.7473 54.5602 45.3916 44.9484 44.0373 43.9282 61.6601 43.9122 43.9032 43.5033 43.1093 46.067 68.2522 42.0369 47.4012 41.1094 39.9866 39.8766 39.8201 39.7685 39.6974 39.0418 38.2532 37.7111
threshold=1.0000000180025095e-35 191.88666666666671 1.2071428571428573 5.5000000000000009 0.95833333333333337 306.98142857142858 0.62828947368421062 0 35.330000000000013 1 8.5000000000000018 1149.7800000000002 682.72000000000014 1.0000000180025095e-35 1610.7100000000003 64.500000000000014 9.5000000000000018 2 28.082500000000003 8043.4800000000005 159.90000000000006 3 12.500000000000002 17.500000000000004 267.92000000000007 10.500000000000002 31.000000000000004 51.490000000000009 11.500000000000002 4 8026.2000000000007 25.500000000000004 18.500000000000004 9.5000000000000018 13395.420000000002 131.50500000000002 225.74000000000004 4.1000000000000005 7.2400000000000011 6.5000000000000009 3.4966666666666675 5 0.82575757575757591 3.2500000000000004 2.5000000000000004 14.500000000000002 9.5000000000000018 70.500000000000014 9.5000000000000018 370.30641666666673 19.500000000000004 417.14000000000004 529.6500000000002 61.500000000000007 2884.2600000000007 0.47727272727272735 2.5000000000000004 6 4391.5800000000008 102.41000000000001 2401.7800000000007 1.0000000180025095e-35
decision_type=8 10 8 8 10 8 10 9 10 9 2 10 10 10 10 2 10 9 8 10 10 9 10 2 8 2 2 8 2 9 8 2 2 2 10 10 10 10 10 2 8 9 10 10 2 2 2 2 2 10 2 10 10 2 8 10 2 9 10 10 10 2
left_child=3 4 7 8 18 6 43 45 -1 -4 15 14 20 -10 21 -11 27 28 55 26 29 48 23 36 56 59 -14 42 40 -12 -31 -21 33 -16 35 54 47 51 39 41 -8 -28 -5 44 -6 -3 -47 -23 49 -9 -51 52 -15 -50 58 -2 -13 -46 -25 -20 -41 -44
right_child=1 2 9 16 5 -7 17 11 13 10 12 24 19 37 32 -17 -18 -19 25 31 -22 22 -24 34 -26 -27 38 -29 -30 30 -32 -33 -34 -35 -36 -37 -38 -39 -40 60 -42 -43 61 -45 57 46 -48 -49 53 50 -52 -53 -54 -55 -56 -57 -58 -59 -60 -61 -62 -63
leaf_value=-0.019429135973169757 -0.02779743742541604 0.0077637312437325544 0.018639963507611691 -0.028934495058322126 -0.013789015212166583 -0.013377844363364094 3.6622719351891404e-06 0.027003037198039287 -0.029785082079858628 -0.0034834682924918406 -0.010036336894203421 0.0035425414102040497 -0.005674210468028431 -0.0065085987330579763 -0.00019530311410060307 -0.031577164117984377 -0.03101728220487206 -0.002017129810994034 -0.00037866700092949911 -0.018500586147110209 -0.0048427087567241914 -0.0096714624288582653 -0.0066964321652354811 0.0068086683383088162 0.024416006686488054 -0.013083294880022415 -0.012862844044171458 -0.010015424295285661 0.021637812193115204 0.012962196148170188 0.0031175804324157144 0.0045457802245447484 -0.0069318471335120179 0.023691194348117044 -0.0092273854137196985 0.026585458232165564 -0.014686287004432247 -0.015257055270262738 0.0069193827742283897 0.0091485675524734106 0.0097626941468642384 0.023810565925820884 -0.032908745298254174 -0.0085364527425921665 0.0046514144362597301 -0.020902306308999159 0.0066072389046466871 0.011504888986780384 0.018786872626317275 0.016455486119174186 -0.003696505664111126 -0.01612246076177911 0.0051568544112300663 0.030882998796346837 0.024586469452883935 -0.013937627138669247 0.018663517349708857 -0.0056547836827754491 0.01898258331001498 -0.014256444558903536 0.022084957564621421 -0.019869739766266398
leaf_weight=3188.9681217595935 311.04757879674435 396.06458680331707 904.59025287628174 1642.4967569112778 355.12485247850418 928.67843967676163 717.75980177521706 449.44636507332325 294.12459945678711 1085.8059204816818 261.83275985717773 236.88852542638779 195.03145082294941 1927.3781895041466 285.60008108615875 168.07117867469788 3230.220085144043 1083.5240107774734 1471.0778144299984 162.37417256832123 1408.068688929081 142.38715162873268 256.18737798929214 801.79233881831169 3518.7127547860146 1068.9983891099691 40.272262573242188 345.19967079162598 378.84353828430176 1017.5130053311586 2413.879564255476 472.61082804203033 353.41726815700531 226.80413627624512 83.653151035308838 619.31139194965363 131.39846801757812 803.7468073964119 1009.6546317636967 1329.5669794082642 3128.3541537225246 915.93742260336876 312.86918812990189 1106.9441423416138 1676.3098878860474 178.69237454235554 116.92425203323364 697.89747488498688 846.52912330627441 2803.2679118514061 221.83743320405483 401.91793012619019 547.13318419456482 589.54679775238037 386.03919705748558 1415.1591119766235 2194.8319454193115 620.13695430755615 556.63951674103737 297.77547055482864 355.0014123916626 2183.5536468625069
leaf_count=27240 2479 1674 3954 17894 2130 5042 3472 1837 3020 5195 1288 965 857 13331 1194 970 37732 5020 8656 791 6832 587 1097 3296 15094 6733 176 2747 1669 4608 11141 2097 1510 942 343 2569 536 6070 4385 5651 13696 3847 3370 6730 8899 776 485 2866 3477 11527 932 2654 3159 2427 1578 9970 9060 3351 2298 1789 1483 21164
internal_value=-9.0901e-05 0.00705372 0.0119357 -0.0204486 -0.00227938 0.00140432 0.00291968 0.0165682 -0.0138559 0.00558446 0.00447161 0.0172941 0.00601356 -0.00938012 0.014683 -0.00727134 -0.0265679 0.00688669 -0.0103455 0.0103667 0.00218898 0.0158276 0.0120079 0.013446 0.0214674 -0.00662803 0.0123041 -0.0233565 0.00915319 0.00487044 0.00602219 -0.00136731 0.00332734 0.0104031 0.0168587 0.0177854 0.0048418 -0.00774168 0.0132659 0.0156888 0.00794194 0.0223686 -0.0244665 -0.00268361 -0.000237949 0.000150668 -0.010036 0.0079093 0.018621 0.0165399 0.014977 -0.00563712 -0.00392824 0.0237707 0.0146478 -0.0164497 0.0171926 0.00186269 0.0118074 -0.00272164 0.0118862 -0.0215164
internal_weight=57271.4 42393.8 27834.1 14877.6 14559.7 9995.68 9067 16093.9 7163.27 11740.2 10835.6 15402.2 9581.74 3974.3 9451.76 1253.88 7714.34 5308.48 4564.06 4480.45 5101.29 8585.93 3675.31 3419.12 5950.43 2837.85 3845.46 4484.12 4224.96 3693.23 3431.39 634.985 865.821 512.404 2447.44 2363.78 971.683 3680.18 3650.43 2640.78 3846.11 956.21 4138.92 3758.52 2651.57 691.681 295.617 840.285 4910.63 3474.55 3025.11 2876.43 2474.51 1436.08 1744.47 1726.21 2431.72 2296.45 1358.43 1768.85 1684.57 2496.42
internal_count=338362 199981 120345 138381 79636 50009 44967 67070 55474 53275 49321 64135 43156 28234 39016 6165 82907 23857 29627 19287 23869 35370 15170 14073 25119 17178 16399 45175 18837 17037 15749 2888 3646 2136 10084 9741 3989 25214 15542 11157 17168 4023 42428 21110 14380 2935 1261 3453 20200 14296 12459 19144 16490 5904 7172 12449 10025 12250 5594 10445 7134 24534
cat_boundaries=0 1 2 3 4 5 6 7
cat_threshold=10244 9416 17904 5504 2048 2048 198113
is_linear=0
shrinkage=0.035


Tree=36
num_leaves=63
num_cat=5
split_feature=20 4 0 11 7 46 22 46 23 48 48 40 26 13 22 3 18 4 24 16 22 3 26 16 3 22 46 45 22 52 0 16 22 47 48 16 18 32 46 52 29 16 23 48 0 42 47 29 14 40 22 32 29 8 30 18 29 13 3 6 40 22
split_gain=6413.24 1554.3 582.291 480.633 362.469 174.171 157.66 140.159 137.208 229.188 115.479 105.082 104.726 101.886 90.6437 172.718 151.12 94.6309 89.4508 84.518 102.042 96.1649 82.8187 79.2888 76.2227 75.8388 79.8301 75.6095 73.4165 70.8706 65.1766 77.0878 76.9927 62.5201 60.7751 57.4583 56.1493 56.0855 55.6612 52.8849 49.0197 48.1178 47.7702 69.2682 46.2753 45.5881 55.4585 47.8869 44.5043 43.9751 42.597 41.7487 42.3319 41.056 40.309 39.9168 46.3052 39.6994 38.9985 38.9684 38.424 40.899
threshold=1.0000000180025095e-35 4.3500000000000005 551.16333333333353 1.0000000180025095e-35 0.95833333333333337 10.020000000000001 1.0000000180025095e-35 35.330000000000013 0.68301270189221941 10.500000000000002 2.5000000000000004 1.0000000180025095e-35 31.000000000000004 0.46410256410256417 35.500000000000007 61.500000000000007 12867.354415584417 133.96000000000004 9.5000000000000018 0 29.500000000000004 52.500000000000007 70.500000000000014 1 17.500000000000004 63.500000000000007 109.10000000000002 2.0500000000000003 29.500000000000004 7.5000000000000009 1630.8366666666668 2 12.500000000000002 inf 11.500000000000002 3 12867.354415584417 2445.8400000000006 579.13000000000011 3.5000000000000004 176.50000000000003 4 -0.6830127018922193 3.5000000000000004 6.7200000000000033 4.5000000000000009 inf 84.500000000000014 19.500000000000004 1.0000000180025095e-35 8.5000000000000018 inf 237.50000000000003 8.5000000000000018 1833.8000000000002 6098.1750000000011 353.00000000000006 0.14642857142857144 17.500000000000004 166.73000000000005 6025.0800000000008 33.500000000000007
decision_type=8 8 10 10 8 8 2 10 2 2 2 10 2 10 2 2 10 10 10 9 2 2 2 9 2 2 10 10 2 2 10 9 2 8 2 9 8 10 8 2 2 9 2 2 10 2 8 2 2 10 2 8 2 2 10 10 2 10 2 10 10 2
left_child=3 4 5 18 27 -3 24 -5 9 19 35 -9 -4 -12 15 30 17 37 39 20 21 -8 41 36 54 26 -11 -2 34 40 31 -14 -33 53 -17 -7 45 48 -24 -1 -22 -10 -13 -44 -41 46 -15 -48 -16 -46 -32 -45 -53 -25 -6 56 -21 -51 -35 -49 -28 -62
right_child=1 2 12 7 6 10 8 11 22 25 13 42 14 23 16 28 -18 -19 -20 55 29 -23 38 33 -26 -27 60 -29 -30 -31 50 32 -34 58 -36 -37 -38 -39 -40 44 -42 -43 43 51 49 -47 47 59 -50 57 -52 52 -54 -55 -56 -57 -58 -59 -60 -61 61 -63
leaf_value=-0.0021899030129915761 -0.0068616199431135189 -0.0065565447139338037 0.0042277393726026045 -0.019020406880183229 -0.014500281217635025 0.0015144413233568704 -0.005380832570740372 -0.035502818173688465 0.0041976404190447189 -0.0056385634574182726 -0.0031041929130046389 -0.013380125027405628 0.026709132594171403 0.0069268236360929903 0.010358822050501138 -0.0071338629468872643 -0.0041062343093002975 0.028858831860505609 -0.030710565636146558 0.0054361509461111641 -0.0031719901083437168 -0.024403658907457774 0.0081471753491081014 0.011923371034467004 -0.03797041709812983 0.020491528669786555 0.011047187333843309 -0.017088253369153521 0.013739393330446246 -0.0088438004852894742 0.01171412193085777 0.0039139671451635235 0.016575030352236276 0.002654826673410291 0.017791750962458743 -0.017773281625753565 -0.0078661461772192767 0.0011179652356841955 0.019905176693430695 -0.02919014718240974 0.0070589535082691167 -0.014329528004366272 -0.014788734094269108 -0.0066487534589457489 -0.035624738457768867 0.01989987634821359 0.032134373685200932 0.014940761502651419 0.021824102096486733 -0.024656845551941874 0.02492072418703447 -0.00027589436080250479 0.01789345930989315 0.00029559576282638399 0.021704646043100507 -0.021658264937182582 -0.013632953207783492 -0.016117306864145482 0.014791067948065796 -0.014022159660875682 -0.028909463194532699 0.0077590134032486276
leaf_weight=145.40144390612841 2167.0130658596754 1103.7927075475454 706.25273323059082 3144.3050422668457 180.37348699569702 841.65199816226959 710.88549597561359 175.65385246276855 595.32457941770554 569.99947464466095 750.63302472233772 1276.7917499542236 566.14769649505615 1513.3086922764778 483.18234546482563 656.0853533744812 274.12793731689453 1899.4971875399351 3149.7309284210205 1775.9591370224953 1435.5749406814575 600.70816594362259 1565.839736700058 470.11799937486649 170.28070950508118 521.68304634094238 1591.7098822593689 1499.564540117979 580.792724609375 1473.1136753559113 360.20139122009277 890.1386593580246 1738.8738638162613 437.90271666646004 145.57487869262695 232.89232015609741 147.65281426906586 198.1561416387558 720.92634606361389 1301.2753700613976 954.12325644493103 228.7069953083992 658.2442814707756 952.09849578142166 239.68379817903042 1201.5197600722313 197.91188609600067 1751.8101000785828 3049.2551208734512 1217.0746110677719 1847.2374801635742 683.04463839530945 202.9831554889679 1767.946411639452 46.605105638504028 77.733490511775017 170.05165815353394 1499.661634221673 1255.3950128257275 58.065889954566956 62.220916867256165 89.982634544372559
leaf_count=959 12928 6171 2930 27240 1030 3811 3546 1972 2778 3136 4348 9062 2347 6912 2010 2734 1139 8191 37732 8555 6868 3085 7586 2156 1173 2506 7129 11411 2413 7662 1501 3668 7166 1919 605 1122 627 823 3091 14322 4449 1118 4608 6694 2698 4951 814 7285 12723 12242 7815 4621 1277 8031 258 389 854 14954 5257 237 303 420
internal_value=-9.0033e-05 0.00681646 0.0123663 -0.0200525 -0.00128719 0.00667177 0.00135617 -0.0135068 0.00201335 2.20242e-05 0.00804627 -0.00911278 0.0173522 0.00926988 0.0180823 0.0153176 0.0212564 0.0224918 -0.0261973 -0.00329805 -0.00566317 -0.0141052 0.00843424 0.0103254 -0.0203393 0.00844822 0.00572531 -0.0110476 0.00427463 -0.00280847 0.018142 0.0149371 0.0122448 0.00656684 -0.00259105 -0.00282971 0.0133166 0.0192431 0.0118611 -0.0229625 0.000914113 -0.00107845 -0.00787515 -0.00505534 -0.0236712 0.0140086 0.0119932 0.0158065 0.0202592 -0.021233 0.022772 -0.00156361 0.00390207 0.00274231 -0.00700379 0.00276332 0.00376366 -0.0199506 0.0116559 0.0140043 0.00944071 -0.00732194
internal_weight=56980.5 42334.5 25126.1 14645.9 17208.4 11730.6 13541.8 7093.12 13144.5 10033.7 10626.8 3948.82 13395.5 9552.26 12689.3 6785.05 5904.22 5630.09 7552.83 7198.15 5174.41 1311.59 3110.8 8801.63 397.259 2835.6 2313.91 3666.58 1382.45 3862.81 5402.6 3195.16 2629.01 3931.36 801.66 1074.54 4870.27 3730.59 2286.77 4403.1 2389.7 824.032 3773.16 2496.37 4257.7 4722.62 3521.1 2007.79 3532.44 2956.42 2207.44 1838.13 886.028 2238.06 226.979 2023.74 1946.01 2716.74 1693.3 1809.88 1743.91 152.204
internal_count=338362 199981 109706 138381 90275 53641 65936 55474 63475 48902 47470 28234 56065 42537 53135 28249 24886 23747 82907 35408 25610 6631 14573 38189 2461 13494 10988 24339 5752 18979 22497 13181 10834 17363 3339 4933 20826 15556 10677 45175 11317 3896 26262 17200 44216 20199 15248 8336 14733 29894 9316 12592 5898 10187 1288 9798 9409 27196 7176 7522 7852 723
cat_boundaries=0 1 2 3 4 5
cat_threshold=26881 1448 1152 20984 21889
is_linear=0
shrinkage=0.035


Tree=37
num_leaves=63
num_cat=6
split_feature=13 4 50 2 2 7 8 27 23 21 21 48 16 24 17 32 48 23 23 29 2 7 3 48 18 16 2 8 1 40 45 48 51 16 48 32 16 32 7 22 2 18 22 3 4 40 40 49 4 12 6 16 1 17 18 19 42 22 40 22 2 16
split_gain=6051.84 1296.39 771.342 418.946 340.891 241.313 189.899 182.122 137.267 126.734 125.727 100.461 98.3844 90.3627 88.7364 84.559 111.428 86.9271 81.6428 75.4888 74.7427 70.7536 68.792 66.4506 65.969 65.7369 64.2919 63.9967 61.5091 61.1221 60.1091 59.6894 59.1533 59.1044 57.7299 53.4477 52.8559 69.5454 51.1677 50.815 50.093 48.4338 55.6373 157.631 51.6734 48.5579 47.8453 45.9786 45.3113 45.0657 44.5896 43.3719 43.1866 64.7658 42.3122 40.3969 40.2217 39.1289 42.9337 39.7634 39.0866 38.7724
threshold=0.48809523809523814 4.3500000000000005 1.0000000180025095e-35 563.94000000000017 104.99500000000002 0.95833333333333337 15.500000000000002 1.0000000180025095e-35 0.68301270189221941 1.4650000000000001 3.6150000000000007 11.500000000000002 0 9.5000000000000018 1.0000000180025095e-35 3.2500000000000004 2.5000000000000004 0.25000000000000011 0.68301270189221941 323.50000000000006 7.6850000000000014 0.95833333333333337 10.500000000000002 3.5000000000000004 3507.9500000000003 1 792.09000000000015 9.5000000000000018 5337.0000000000009 1175.7983333333336 3.0833333333333335 10.500000000000002 40.311641036551087 2 11.500000000000002 inf 3 214.64000000000001 0.6515151515151516 29.500000000000004 7.6850000000000014 12867.354415584417 33.500000000000007 61.500000000000007 890.55000000000007 6025.0800000000008 1.0000000180025095e-35 7.5000000000000009 133.96000000000004 193.13000000000002 276.14000000000004 4 1.4650000000000001 10266.120000000001 57.438750000000006 1291.0786363636366 5.5000000000000009 9.5000000000000018 5292.9000000000005 63.500000000000007 563.94000000000017 5
decision_type=8 10 8 10 10 10 2 8 2 10 10 2 9 10 8 10 2 2 2 2 10 10 2 2 8 9 10 2 8 10 10 2 10 9 2 8 9 10 10 2 10 10 2 2 10 10 10 10 10 10 10 9 10 8 8 10 2 2 10 2 10 9
left_child=2 4 13 9 6 30 8 22 20 21 28 12 54 38 -7 16 -16 25 26 34 -2 -3 -6 27 49 -18 32 -11 50 -20 -4 -22 -14 47 41 -31 55 39 -1 -38 -8 42 43 -12 -43 -45 -40 -21 -44 -10 -5 -23 53 -53 -9 56 -25 -27 60 -60 -59 -17
right_child=1 3 5 10 7 14 40 11 24 23 19 -13 18 -15 15 61 17 -19 29 33 31 51 -24 36 -26 57 -28 -29 -30 35 -32 -33 -34 -35 -36 -37 37 -39 46 -41 -42 44 48 45 -46 -47 -48 -49 -50 -51 -52 52 -54 -55 -56 -57 -58 58 59 -61 -62 -63
leaf_value=-0.029585443188022063 -0.012509339777379841 -0.0055314752952478714 -0.012874985736136699 0.011064034443382139 0.00387919463642715 -0.025058844699337345 -0.024443931576133667 -0.0081097310115243963 -0.001351554360004819 0.018589420117274279 0.020640489217833319 0.015907706994889952 0.0024510111480070497 -0.030398713224397952 -0.015734886139982751 0.0025933708318805811 0.017701638964383634 0.010250257549083781 -0.0021457702655364387 0.021503168054362087 -0.005543232717136983 -0.0041798193893356778 -0.036002040647304133 0.015134827435636891 0.01717227440931066 -0.013706344678414235 0.0063287932965359738 -0.0029221884531436862 0.018910416471718997 0.0047999876301769674 -0.021196170678439104 0.0066923693951493257 -0.0066340048702536866 -0.0061388334251973034 0.030403880862449575 0.019254958912757313 0.0077009688608112156 -0.003334051933077042 -0.035289678118568875 0.020951708726836594 -0.011606678984530871 -0.0076689938934962031 0.020461930481392412 0.0021917716869869585 0.026101084073064183 -0.032877402042476959 -0.018996569792992305 0.0041940797612730089 0.028920504818660951 0.017644770178641866 -0.003620432369304562 0.021250760894580265 0.0044463938444291862 0.0046916265010835583 0.022318567224701213 -0.0070897424142666483 0.025997875444743995 -0.0024060901392988728 -0.018297166434539731 -0.00088401035762420376 0.011712840989215155 -0.012831643994697575
leaf_weight=943.94556111842394 1338.5662821680307 818.44402872025967 1956.1664424911141 2590.2562465667725 74.545973598957062 306.42451143264771 517.99311280250549 62.89196440577507 949.63336442410946 228.71256028115749 2434.2840487211943 1013.7050132751465 1860.0644974112511 3069.4777488708496 666.60044795274734 224.94416093826294 161.35565796494484 767.66381692886353 406.1987310051918 520.04602074623108 1811.9941062927246 477.19106876850128 180.6437628865242 1987.6764788627625 480.99596560001373 474.26054188609123 1777.0748490095139 644.62149848043919 1260.7155075073242 527.73834753036499 2348.8519596084952 667.55899047851562 1661.0844287872314 197.63795471191406 756.59319305419922 773.416015625 1014.8833206892014 444.9649977684021 239.84773635864258 545.62147843837738 1334.7368469238281 151.64357894659042 1935.4900298565626 377.59521622955799 86.269146740436554 54.456110119819641 2890.5072627067566 295.01052832603455 1315.6878547221422 181.33534587919712 280.28463745117188 553.23140476644039 2536.2270196825266 606.91788959503174 477.19040206074715 84.533228158950806 531.62987565994263 883.92744547128677 326.68885880708694 315.34123355150223 328.69474047422409 1964.5512213110924
leaf_count=10673 9028 4373 15137 10579 427 2636 4117 270 4956 976 10276 4415 8692 37707 4432 1461 1019 4282 1799 2171 10003 2247 1542 8287 2521 3039 7620 2754 5219 2464 20648 3673 8002 820 3241 3287 4341 1918 2748 2266 8248 623 8138 1569 367 225 29202 1216 5765 851 1158 2294 11307 2538 2041 350 2175 5602 2056 2019 1719 12833
internal_value=-8.92471e-05 0.00766805 -0.0169445 0.0130498 6.83508e-05 -0.0110082 -0.0055346 0.00469776 -0.00223221 0.00790881 0.0174425 0.0055675 0.00417644 -0.0258543 -0.00670769 -0.00578401 -0.00270835 -3.89958e-05 0.00304476 0.0199713 -0.0058476 0.00387305 -0.0243823 0.011582 0.00632959 -0.00321366 0.000903582 0.00272618 0.0124656 0.00970264 -0.017419 -0.00224773 -0.00183547 0.011014 0.0212451 0.0134003 0.013259 0.00882189 -0.0224241 0.0123445 -0.015207 0.0201501 0.0207527 0.0171839 0.00463431 -0.00229409 -0.0202558 0.0150663 0.0238928 0.00170714 0.00962946 0.00571818 0.00698917 0.0125996 0.0184262 0.0165743 0.0174366 -0.00472542 -0.00244818 -0.00975915 0.0014275 -0.0112932
internal_weight=56697.2 38828 17869.2 22730.6 16097.4 10725.5 7282.81 8814.55 5430.08 10474.7 12256 8559.36 7545.66 7143.78 6420.45 6114.03 3924.53 3257.93 7005.58 8124.71 3818.12 4992.01 255.19 5482.64 1611.96 2490.27 5298.22 873.334 4131.26 1707.35 4305.02 2479.55 3521.15 1012.69 7112.02 1301.15 4609.31 2005.47 4074.3 1560.5 1852.73 6355.43 6117.51 2866.34 237.913 432.051 3130.35 815.057 3251.18 1130.97 2870.54 4173.57 3696.38 1160.15 540.082 2603.84 2519.31 2328.91 1854.65 642.03 1212.62 2189.5
internal_count=338362 181149 157213 97193 83956 76883 43397 40559 31032 45826 51367 38590 34175 80330 41098 38462 24168 19736 31864 34411 22704 22759 1969 23067 8328 15454 24314 3730 16956 7550 35785 13676 16694 4207 30204 5751 19337 8525 42623 6607 12365 26963 25973 12070 990 1794 31950 3387 13903 5807 11737 18386 16139 4832 2311 10812 10462 14435 11396 4075 7321 14294
cat_boundaries=0 1 2 3 4 5 6
cat_threshold=1160 66601 20864 1448 75799 66760
is_linear=0
shrinkage=0.035


Tree=38
num_leaves=63
num_cat=6
split_feature=20 2 45 24 45 2 2 23 2 40 34 19 48 42 33 32 48 29 17 4 52 22 3 16 16 19 48 16 48 35 45 7 22 37 35 18 23 48 32 24 32 18 23 4 48 45 16 32 48 41 22 22 18 22 16 26 35 26 0 46 17 16
split_gain=5724.4 1370.05 589.372 462.316 223.203 218.895 174.072 141.296 115.794 112.796 94.8346 92.4206 90.1972 85.7726 84.5255 84.2155 85.4723 103.18 79.3755 79.0557 78.1256 69.574 86.0983 67.668 64.5534 63.886 73.2647 70.732 61.588 59.0647 58.695 58.0297 57.3656 57.164 57.0155 56.7979 56.6743 67.2924 62.7344 52.0425 50.9689 49.6226 44.4425 43.6357 42.6759 42.1144 41.8081 40.8469 43.226 40.7558 47.6965 40.0355 41.4193 53.6574 39.2792 39.0226 38.8334 38.7854 38.3795 38.0018 37.0871 36.9515
threshold=1.0000000180025095e-35 104.99500000000002 1.3452380952380956 6.5000000000000009 2.3541666666666674 616.59000000000003 16.215000000000007 0.68301270189221941 7.6850000000000014 1.0000000180025095e-35 2.5000000000000004 283.46533333333338 11.500000000000002 3.5000000000000004 1.5000000000000002 inf 2.5000000000000004 207.50000000000003 2107.440000000001 1.4450000000000001 5.5000000000000009 39.500000000000007 64.500000000000014 0 1 1432.9850000000004 11.500000000000002 2 11.500000000000002 15.500000000000002 5.1250000000000009 0.6515151515151516 19.500000000000004 3007.1700000000005 17.500000000000004 12867.354415584417 -0.6830127018922193 2.5000000000000004 inf 9.5000000000000018 7.2400000000000011 1097.9762500000004 0.93301270189221952 133.96000000000004 2.5000000000000004 2.183333333333334 3 inf 2.5000000000000004 6540.3000000000011 25.500000000000004 1.0000000180025095e-35 5655.8175000000019 39.500000000000007 4 70.500000000000014 11.500000000000002 131.50000000000003 503.01000000000005 44.680000000000014 7704.7500000000009 5
decision_type=8 10 8 8 10 8 10 2 10 10 2 10 2 2 2 8 2 2 10 8 2 2 2 9 9 10 2 9 2 2 10 10 2 8 2 10 2 2 8 8 10 10 2 10 2 8 9 8 2 10 2 2 10 2 9 2 2 2 10 10 10 9
left_child=3 4 5 6 7 14 -1 8 -2 -8 21 13 15 33 -3 23 46 19 61 51 -5 22 44 -4 -11 26 27 -16 43 -20 36 -6 -24 -10 -27 -23 -26 -38 -39 -22 41 -29 -40 -12 -7 -25 -17 -33 -49 50 55 -18 -53 -54 -50 -19 -13 -56 -52 -14 -46 -9
right_child=1 2 12 20 31 10 9 18 11 24 28 56 59 -15 25 16 17 49 29 -21 39 35 32 45 30 34 -28 40 -30 -31 -32 47 -34 -35 -36 -37 37 38 42 -41 -42 -43 -44 -45 60 -47 -48 48 54 -51 58 52 53 -55 57 -57 -58 -59 -60 -61 -62 -63
leaf_value=-0.020185409274377356 -0.012407464431475241 -0.0055020325474023904 0.013768598148752104 -0.0061991966472929585 -0.024471415377174326 0.00037801810137964929 -0.034821511485168273 0.0064112024982250831 -0.0079298643924070236 0.01845819112297108 0.016186101905598098 0.00010517802961595791 -0.011622827269362691 0.0080932805763937275 0.013269248066033454 -0.018587182112395587 -0.027147063226008915 -0.0068234749538318533 0.017432649912092875 0.0093742104754722944 -0.023578020896712324 0.020040179450896246 -0.019231830423278085 -0.0020868363163724459 -0.013894451274928121 0.012774315045366438 0.021024799798003591 0.0010522197455921489 0.03082652487524087 -0.003348847907006805 -0.019294093346679201 -0.015232207404877832 0.0051049545412905776 0.0014614910351010487 -0.011390097469294537 -0.0040425219928979942 -0.01653798197437626 -0.0074507268282616229 0.0024609343773672535 -0.030279269007803804 -0.0024534579548516114 0.011983497747008822 0.034843056841359736 0.022720493064996249 0.015649515312661021 -0.012628854523772767 -0.0011050509711196419 -0.020762923112001262 0.01084936377654197 -0.0033957613492149215 0.012318172494697072 0.0016640417226555049 -0.026474949819003682 -0.0003821305378835367 0.0079998399533174596 0.012123008987576343 -0.015536200199064137 -0.01133378838092656 0.028188825630368241 0.015042917645424574 -0.0081548275347435618 -0.0036377752688712115
leaf_weight=3212.1638263016939 1468.327435195446 434.87036857008934 253.95222473144531 222.04946708679199 425.47367030382156 271.56106348335743 208.94498252868652 836.08890819549561 1340.3066708296537 96.961349964141846 3032.5209705382586 269.10643124580383 69.60360312461853 1354.2315963059664 3546.0259041786194 213.36846178770065 73.413172647356987 156.95115780830383 833.49836629629135 1213.3563630133867 2532.2127323150635 2143.8972625732422 145.50529861450195 1726.0507483929396 1235.9648675918579 197.44470804929733 819.34727764129639 756.99123325943947 593.82600402832031 209.25868088006973 612.25452594459057 1033.4063453674316 623.00308609008789 1945.0688983798027 300.13541197776794 126.7492847442627 497.22098184376955 1283.8053249791265 942.99436187744141 3316.2596263885498 687.30701819062233 1551.349604845047 53.959587097167969 2154.94188195467 2641.5489821434021 634.2668486982584 683.86117535829544 184.7914731502533 206.1560852304101 177.92680358886719 351.82501769065857 1515.2879165410995 161.74860678613186 237.40237607061863 170.22231355309486 857.29991245269775 699.69406467676163 494.01054798811674 403.16194152832031 947.81535744667053 82.103380680084229 942.18368864059448
leaf_count=30481 9338 1871 1128 1660 3626 1118 2460 4158 7547 661 12731 1290 374 6251 14576 1073 515 703 3967 5358 27832 8963 637 8135 8927 828 3384 3289 2582 1111 5305 7539 2541 9878 1300 516 3627 9473 6328 41273 3004 6397 354 9445 10839 3697 3281 1329 1290 822 1606 7124 822 1139 1013 3866 3798 3208 1690 4215 338 4731
internal_value=-8.83243e-05 0.00638264 0.0104535 -0.0192972 -0.00338685 0.0138687 -0.0138449 -0.00102089 -0.0036611 -0.00971218 0.0169284 -0.00136942 0.00335607 0.000684404 0.00950814 0.00219709 0.00446654 0.0062038 0.00560121 0.00233802 -0.0266087 0.0138543 0.0109299 -0.00305083 -0.00859425 0.0103393 0.0111597 0.00992109 0.0201341 0.013263 -0.00918515 -0.0126975 0.000478152 -0.00237107 -0.00179503 0.0186947 -0.00766167 -0.00488461 -0.00233796 -0.0273824 0.00589075 0.00840073 0.00424676 0.0189044 0.0136105 -0.00490308 -0.00549774 -0.0102884 -0.00543672 0.0125548 0.0141599 -0.00195932 -0.000979773 -0.0109955 -0.00216274 0.00918729 -0.0111958 -0.00628019 0.0208192 0.013209 0.0149292 0.00110348
internal_weight=56413 42198.2 29786.4 14214.8 12411.8 20109.1 8144.27 9897.76 7076.74 4932.11 11815.7 5608.41 9677.29 4639.61 8293.47 8659.87 6045.6 5148.37 2821.03 3201.21 6070.52 6034.37 3763.72 2614.27 4723.16 7858.6 7361.02 6541.67 5781.29 1042.76 4626.2 2514.06 768.508 3285.38 497.58 2270.65 4013.95 2777.98 2280.76 5848.47 2995.65 2308.34 996.954 5187.46 2995.21 2360.32 897.23 2088.59 1055.18 1947.16 1769.24 1987.85 1914.44 399.151 870.389 1014.25 968.8 664.233 754.987 1017.42 2723.65 1778.27
internal_count=338362 199981 129907 138381 70074 84359 67616 52069 38102 37135 49710 28764 45548 23676 34649 40959 27999 23645 13967 14958 70765 24952 15473 12960 34675 32778 30650 27266 24758 5078 34014 18005 3178 17425 2128 9479 28709 19782 16155 69105 12690 9686 6682 22176 12295 11832 4354 14379 6840 8687 7865 9600 9085 1961 5511 4569 5088 4221 3296 4589 11177 8889
cat_boundaries=0 1 2 3 4 5 6
cat_threshold=1160 1032 1448 206856 197729 133280
is_linear=0
shrinkage=0.035


Tree=39
num_leaves=63
num_cat=4
split_feature=20 4 2 24 2 2 46 23 48 23 27 34 17 16 47 48 8 7 16 26 47 2 48 44 47 42 22 42 45 48 8 3 22 32 23 14 23 43 37 48 5 42 47 14 32 22 16 13 37 16 27 42 32 15 22 19 19 22 3 48 32 13
split_gain=5396.64 1284.17 488.259 453.682 306.398 167.891 167.404 144.723 137.056 149.463 123.667 114.878 98.0134 93.1748 89.3744 87.8692 83.4964 80.6707 79.0142 78.4839 76.7249 74.4501 73.0793 72.6523 67.1459 71.0306 64.1235 60.069 59.1828 58.7455 57.7984 54.9419 51.997 50.7791 49.9216 51.8863 60.0697 49.1649 47.976 47.4437 46.7657 45.0761 56.5041 44.9213 43.2518 42.6243 41.673 41.1789 41.1352 40.6629 40.3697 39.9187 39.807 53.067 45.4074 39.5137 39.4721 38.8521 42.6487 38.9307 38.6226 38.6104
threshold=1.0000000180025095e-35 4.3500000000000005 616.59000000000003 6.5000000000000009 41.800000000000004 16.215000000000007 39.870000000000012 0.68301270189221941 11.500000000000002 0.68301270189221941 1.0000000180025095e-35 2.5000000000000004 1.0000000180025095e-35 0 5507.3600000000015 11.500000000000002 9.5000000000000018 0.61250000000000016 1 70.500000000000014 inf 563.94000000000017 3.5000000000000004 89.325000000000017 inf 3.5000000000000004 10.500000000000002 3.5000000000000004 5.1250000000000009 11.500000000000002 12.500000000000002 10.500000000000002 65.500000000000014 inf 0.93301270189221952 20.500000000000004 -0.93301270189221919 1.5000000000000002 4028.400000000001 3.5000000000000004 105.92500000000003 4.5000000000000009 inf 20.500000000000004 1178.0800000000002 3.5000000000000004 2 0.51190476190476197 7328.7900000000018 3 3073.0200000000004 3.5000000000000004 inf 0.073957951282466697 16.500000000000004 332.61772727272734 1163.3717460317464 43.500000000000007 55.500000000000007 5.5000000000000009 inf 0.94281045751633996
decision_type=8 8 10 8 10 10 8 2 2 2 10 2 10 9 8 2 2 10 9 2 8 10 2 10 8 2 2 2 10 2 2 2 2 8 2 2 2 2 10 2 8 2 8 2 10 2 9 10 10 9 8 2 8 10 2 10 10 2 2 2 8 10
left_child=3 4 6 5 7 -1 24 17 9 10 31 14 -7 45 51 16 27 -2 55 46 37 23 48 57 25 -3 39 43 34 61 -19 -6 -10 47 35 -14 -37 -5 -17 -16 -26 42 -24 50 -43 -8 -11 -21 -18 -41 -15 -4 53 -9 -54 -12 -28 58 59 -20 -38 -13
right_child=1 2 11 20 8 12 13 52 32 19 18 29 28 15 26 38 22 30 21 33 -22 -23 41 -25 40 -27 56 -29 -30 -31 -32 -33 -34 -35 -36 36 60 -39 -40 49 -42 44 -44 -45 -46 -47 -48 -49 -50 -51 -52 -53 54 -55 -56 -57 -58 -59 -60 -61 -62 -63
leaf_value=-0.019785204158030163 -0.024313087391964919 -0.011727374135651001 0.0048550018565349353 -0.028745280147794549 -0.0034311800875685061 -0.027513067441815524 0.0015724539947136753 -0.030007805619755183 0.010040094020553147 0.0038003739425886735 0.0035567159892098779 0.013394929371675982 -0.013850171819218439 -0.0016273112816663096 -0.03642691515563827 0.0092994062923429203 -0.0083326673583638891 -0.0060632863254043226 -0.021787915268755509 -0.011321184322717887 -0.0028924509280287411 0.0028044072552372494 -5.5206902026855214e-05 -0.010163095220010703 0.0089250193943247111 0.0049522660157501047 0.014138425695590892 0.02117966286221195 -0.018404179937188774 0.03041469967052219 -0.01537483658688411 -0.03851353514774792 0.031027077953980749 0.017276667694522064 0.011077955973314704 -0.017012718973820781 -0.0070935706378606935 -0.021129996605451205 0.024965599397036981 -0.022881345970026647 -0.02064070926996113 0.013428495616060189 0.0093181777221803801 0.013436891467561576 -0.0041012079939830911 0.022083775163713251 -0.015150787839987336 0.0097294184046513525 0.0082386254578219464 0.010957844807351153 0.011732137337069008 0.013220537382816916 -0.00094057926344603461 -0.0014301454516118316 0.015364735407760857 0.020007188993555827 0.022139499209808511 0.0029982022831276122 -0.014499713961985343 0.0021820084496107766 0.0020261787291667283 0.02040191339829131
leaf_weight=3163.3315022215247 520.93754877895117 1019.4786577746272 1644.8341884613037 4392.2739650458097 84.169568538665771 341.03131103515625 146.88151359558105 89.683767318725586 1143.5039300918579 503.538658618927 459.74859918653965 1293.8805103302002 1089.8677573651075 702.47614163160324 30.843258619308472 472.15209293365479 816.66553734242916 2184.0518085956573 93.453742936253548 149.92505621910095 167.670166015625 2484.5365350246429 2142.4692969620228 1804.5670652389526 695.77996969223022 450.29961252212524 1368.2716934680939 570.95053291320801 591.13156957924366 580.6051025390625 1305.5675525665283 156.22505831718445 165.0115270614624 1040.593505859375 186.92845916748047 415.77381706237793 1142.4183175563812 1380.5494755059481 488.84191226959229 38.747909545898438 71.393736362457275 1185.3399553000927 1244.9610023498535 1135.4299837350845 201.2701096534729 805.19924259185791 185.63335371017456 463.01857781410217 235.72637462615967 416.21548080444336 456.34923672676086 1216.3562393188477 479.66923803091049 652.17379188537598 369.92707544565201 292.34449319541454 1710.6324119567871 1379.1012560129166 425.46506117284298 683.74509620666504 1131.4248313903809 3871.8126049041748
leaf_count=30481 4204 6315 6907 54063 518 3657 655 673 5170 2306 2343 5371 7946 3141 129 2050 3715 13647 519 848 1167 10830 10032 9158 3173 2093 5666 2396 5171 2545 8501 1139 737 4503 1330 2995 8414 15535 2081 159 319 4886 5152 4948 854 3420 897 2122 1027 1709 1961 4952 2417 4049 1856 1237 7229 6846 2246 3509 7622 16821
internal_value=-8.72629e-05 0.00616917 0.0112238 -0.0189107 -0.00121774 -0.0134999 0.00646223 -0.00793056 0.00204855 0.000680748 -0.0016313 0.0162462 -0.00943791 0.00829745 0.0130268 0.00723991 0.00613561 -0.0114735 -0.000850158 0.00843856 -0.0262503 -0.00203278 0.0037289 -0.00477734 -0.00223779 -0.0066173 0.0167252 0.0110267 -0.00807964 0.0198436 -0.00955041 -0.0262952 0.0127083 0.0125722 -0.00653668 -0.00741058 -0.004797 -0.0269281 0.0172862 0.00489539 0.00615032 0.00556916 0.00339147 0.00849186 0.0108829 0.0187279 -0.00148327 0.00457042 -0.00461655 0.0077705 0.00363926 0.00841476 0.000999548 -0.00492067 0.00616872 0.00983858 0.0185895 -0.0010104 -0.00560576 -0.000724533 -0.00255685 0.0186498
internal_weight=56132.9 42130.5 25013.9 14002.4 17116.6 8061.91 12841.7 5602.01 11514.6 10206.1 7863.36 12172.2 4898.58 10604.7 6425.9 9652.63 8691.64 4010.56 7622.96 2342.71 5940.49 6870.87 5826.43 4386.33 2236.95 1469.78 3564.71 2865.21 4557.54 5746.3 3489.62 240.395 1308.52 1653.54 3966.41 3779.48 2689.62 5772.82 960.994 485.807 767.174 4774.04 3387.43 2294.26 1386.61 952.081 689.172 612.944 1052.39 454.963 1158.83 2861.19 1591.45 741.858 849.596 752.093 3078.9 2581.77 1202.66 777.199 2273.84 5165.69
internal_count=338362 199981 109706 138381 90275 67616 58218 35347 54928 49021 38345 51488 37135 46318 26751 42243 38112 26352 36688 10676 70765 33108 25666 22278 11900 8408 14892 12446 33478 24737 22148 1657 5907 7473 28307 26977 19031 69598 4131 1997 3492 20924 15184 10050 5740 4075 3203 2970 4742 1868 5102 11859 8995 4722 4273 3580 12895 13120 6274 4028 16036 22192
cat_boundaries=0 1 2 3 4
cat_threshold=1184 66792 21952 16384
is_linear=0
shrinkage=0.035


Tree=40
num_leaves=63
num_cat=7
split_feature=20 2 45 24 45 2 2 23 40 16 34 48 16 45 47 32 17 29 48 16 2 18 22 4 32 40 22 16 8 9 18 4 7 45 32 23 48 32 48 24 7 4 23 18 26 32 48 27 23 47 4 7 27 44 22 16 22 1 18 16 32 16
split_gain=5086.81 1205.37 522.468 444.858 201.551 196.509 161.815 125.185 108.103 104.515 102.957 97.2939 90.6898 83.821 74.9111 72.7271 71.6045 64.0503 63.586 61.0476 59.8153 57.6413 65.6434 68.3135 56.4673 55.891 55.8487 103.899 55.4625 55.0956 55.0357 72.1389 54.1487 53.7126 52.0376 51.0394 60.8292 56.1546 50.1906 49.65 45.5429 44.2642 48.2187 43.5391 43.1727 40.7645 40.3777 39.6292 39.3468 39.2739 38.6538 38.2573 37.9339 37.8939 36.1854 63.0128 41.3906 35.9128 34.9215 34.7957 37.6532 34.5933
threshold=1.0000000180025095e-35 104.99500000000002 1.3452380952380956 6.5000000000000009 2.3541666666666674 1133.8200000000004 16.215000000000007 0.68301270189221941 1.0000000180025095e-35 0 1.5000000000000002 11.500000000000002 1 2.2678571428571432 inf 2072.2750000000001 2107.440000000001 353.00000000000006 11.500000000000002 2 16.215000000000007 12867.354415584417 29.500000000000004 9.0050000000000008 445.86000000000007 5766.2466666666669 13.500000000000002 3 15.500000000000002 105.01500000000003 12867.354415584417 890.55000000000007 0.6515151515151516 5.1250000000000009 1070.7700000000002 -0.6830127018922193 2.5000000000000004 inf 11.500000000000002 9.5000000000000018 0.95833333333333337 2.0350000000000006 0.68301270189221941 2083.0512121212128 100.50000000000001 3.2500000000000004 2.5000000000000004 4974.8400000000011 0.93301270189221952 inf 1.0000000180025095e-35 0.6515151515151516 1141.9200000000003 150.04000000000005 51.500000000000007 4 17.500000000000004 14.970000000000002 1199.6145833333337 5 4182.420000000001 6
decision_type=8 10 8 8 10 10 10 2 10 9 2 2 9 10 8 10 10 2 2 9 10 10 2 10 10 10 2 9 2 10 10 10 10 10 10 2 2 8 2 8 10 10 2 10 2 10 2 10 2 8 8 10 10 8 2 9 2 10 8 9 10 9
left_child=3 4 5 6 7 9 51 10 -8 11 20 12 52 18 39 17 61 21 34 -10 -2 22 25 57 38 -14 27 43 -18 -28 -31 -32 -6 35 41 -21 -37 -38 50 -5 -25 42 54 -7 -23 -15 -11 -19 -39 -34 -12 -1 -3 -22 55 56 -4 -24 -44 -17 -61 -9
right_child=1 2 13 14 32 26 8 16 19 46 24 -13 15 45 -16 59 28 47 -20 33 53 44 23 40 -26 -27 29 -29 -30 30 31 -33 49 -35 -36 36 37 48 -40 -41 -42 -43 58 -45 -46 -47 -48 -49 -50 -51 -52 -53 -54 -55 -56 -57 -58 -59 -60 60 -62 -63
leaf_value=-0.025753690159150515 -0.013443274967933639 0.02254321157652428 -0.017729133536818847 -0.022781751262466638 -0.023722571155806917 0.0012879005751251424 -0.034401372215115238 0.00608166579661074 0.01814230126400921 -0.021210792109503725 -0.0068886977006781648 0.020340286507216251 0.0076790626771771949 0.00020362027344578056 -0.0027970975277374563 -0.014433472001914364 0.016570956463357048 -0.00695046697150119 0.014089473992237537 -0.013197117265578736 -0.002124972228429306 0.022679760528395307 0.020775026487680905 -0.003216969857656949 -0.015531953776986915 -0.022065566323988522 0.012059177006270785 0.016004404748231789 -0.0033358936681107476 0.021824087012808125 -0.011069085181409697 0.025348650342667745 -0.012198774752230168 -0.018490491103139217 -0.0049114883081034424 -0.015795323299101618 -0.0070531803066419792 0.002326896870028764 0.012353410175600042 -0.029445348656651375 0.016597271036926702 0.0083193671341439974 -0.00037647989804193827 -0.028452278602612201 -0.013698045947618505 -0.010336171729772954 0.0014530225595080814 0.012347177853020639 0.032426574242239346 -8.0954538706608691e-06 0.0026235363735019612 -0.017004301547647066 -0.018539453163959916 -0.014656996047592241 0.0070830423336499916 0.0050305199252751748 -0.003373498877065968 0.0051389932593952905 0.014458688049605081 0.014235873485873173 -0.010581988479758426 -0.0036353215888900847
leaf_weight=846.44349689781666 1355.4146325737238 843.73729814589024 349.62575352191925 2435.8174743652344 412.22961884737015 210.67568829655647 198.58836555480957 838.38786220550537 97.40645956993103 109.4941537976265 702.66012959182262 1286.1440849304199 2822.862565651536 1429.7901728004217 167.357177734375 204.52742004394531 833.26362749934196 426.33238911628723 807.79221725463867 1214.6173083782196 1867.5954377651215 49.435471177101135 206.53028234839439 147.35732309520245 240.07235211133957 78.622458457946777 1074.4760608673096 1267.0440235137939 215.4170603454113 4354.9768004417419 146.29174008965492 120.74818500876427 1664.0989770889282 595.43232183903456 761.26789093017578 487.28610318154097 1272.6796019226313 945.05861282348633 488.35543441772461 3211.1689968109131 3770.5878448486328 2531.4075841903687 294.63146966695786 83.437989681959152 192.16295778751373 654.64171624183655 748.69659900665283 186.5887439250946 55.391281127929688 401.86269378662109 2040.8456379771233 2269.4872741699219 27.744876727461815 350.26170945167542 644.95473250746727 810.79706297814846 826.97217357158661 1364.6899607181549 569.95357137918472 179.85289296507835 126.88587188720703 941.57548528909683
leaf_count=8811 9158 3482 1783 27834 3626 869 2460 4158 661 502 3671 5355 11678 7541 1167 886 3937 1796 3480 8927 10274 203 847 639 1249 323 4459 5385 1141 18977 601 515 12030 5305 3530 3627 9473 6328 2250 41764 15523 11021 1321 364 792 3790 3275 779 354 2349 9422 21670 114 2078 2994 3771 3806 5691 2511 764 540 4731
internal_value=-8.65129e-05 0.00596237 0.00978241 -0.0185276 -0.00322644 0.0130091 -0.013161 -0.000986141 -0.00917039 0.0103943 -0.0034832 0.0112388 0.0101462 0.00310632 -0.0258917 0.00914597 0.00523224 0.00986594 0.004812 -0.00808983 -0.00765297 0.0106421 0.0111275 0.0133786 0.00080924 0.00686574 0.0176086 0.0117302 0.0124825 0.0192173 0.0208784 0.00543116 -0.0121484 -0.00867346 0.0037063 -0.00722047 -0.00458684 -0.00217821 0.00202754 -0.0265756 0.0158514 0.0047952 0.00224243 -0.00698047 -0.00619168 -0.0031099 -0.00144312 -0.00106523 0.00402412 -0.00982864 0.000185663 -0.0193886 0.0209751 -0.00410984 -0.000113947 -0.00245192 -0.00758628 0.00720619 0.0094086 -0.00368851 0.00384376 0.000956098
internal_weight=55860.5 42063.8 29711.7 13796.7 12352 20029.9 7982.39 9873.85 4866.46 12772.3 7045.21 11914.1 10627.9 9681.83 5814.34 9756.44 2828.64 9245.17 7597.4 4667.87 3573.27 8632.25 8390.65 5489.17 3471.93 2901.49 7257.65 1561.16 1048.68 5696.49 4622.02 267.04 2478.19 4570.47 6789.61 3975.03 2760.42 2273.13 3231.86 5646.99 3917.95 6028.34 3496.93 294.114 241.598 2084.43 858.191 612.921 1000.45 2065.96 2743.51 3115.93 871.482 2217.86 2632.35 1987.39 1176.6 1571.22 864.585 511.266 306.739 1779.96
internal_count=338362 199981 129907 138381 70074 84359 67616 52069 37135 53189 38102 49412 44057 45548 70765 40461 13967 38271 34217 34675 21510 35696 34701 22700 16592 12001 31170 6618 5078 24552 20093 1116 18005 34014 30737 28709 19782 16155 15343 69598 16162 27207 16186 1233 995 11331 3777 2575 6682 14379 13093 30481 3596 12352 12354 9360 5589 6538 3832 2190 1304 8889
cat_boundaries=0 1 2 3 4 5 6 7
cat_threshold=153000 1152 1032 18688 18688 16384 133280
is_linear=0
shrinkage=0.035


Tree=41
num_leaves=63
num_cat=0
split_feature=20 2 34 24 47 34 47 42 2 13 22 40 40 44 18 52 2 4 42 37 19 48 17 37 24 48 23 33 24 2 47 4 18 37 48 48 48 27 37 29 11 19 46 29 3 46 18 4 26 7 2 29 32 3 20 48 22 29 37 46 7 22
split_gain=4794.35 1136.71 440.869 435.862 278.148 244.34 169.744 156.995 155.894 128.757 109.529 105.254 81.7921 75.057 74.7691 74.5106 73.7188 68.9079 68.3346 76.9786 67.8069 62.7621 62.5221 60.7301 56.1788 54.7182 58.3208 54.4024 52.9918 50.845 46.9848 44.9868 44.3931 59.3667 44.4656 43.8021 42.7513 46.2765 42.5873 41.6432 40.3507 40.1827 38.7655 38.3439 56.5421 42.6595 46.2324 38.2768 37.607 37.5186 37.314 35.5355 37.8937 37.1253 35.2471 34.5706 34.5348 44.6786 33.6848 32.316 31.1951 31.1695
threshold=1.0000000180025095e-35 514.35000000000014 1.5000000000000002 6.5000000000000009 inf 2.5000000000000004 5507.3600000000015 1.5000000000000002 16.215000000000007 0.8377192982456142 8.5000000000000018 1.0000000180025095e-35 13450.990000000003 161.19000000000003 859.31000000000006 5.5000000000000009 7.6850000000000014 7.370000000000001 2.5000000000000004 inf 21.144166666666671 11.500000000000002 11495.540000000001 inf 3.5000000000000004 11.500000000000002 0.68301270189221941 6.5000000000000009 9.5000000000000018 1738.4400000000003 575.00000000000011 133.96000000000004 12867.354415584417 3843.0000000000005 3.5000000000000004 2.5000000000000004 11.500000000000002 24.980000000000004 4791.3300000000008 323.50000000000006 2236.9700000000003 3511.8900000000003 17.320000000000004 207.50000000000003 6.5000000000000009 1573.3400000000004 289.29208333333344 1.0000000180025095e-35 55.000000000000007 0.6515151515151516 18.890000000000004 353.00000000000006 1610.7200000000005 61.500000000000007 33.022901132992601 4.5000000000000009 39.500000000000007 207.50000000000003 5956.29 10.020000000000001 0.57738095238095244 23.500000000000004
decision_type=8 10 2 8 8 2 8 2 10 10 2 10 10 10 10 2 10 10 2 8 10 2 10 8 10 2 2 2 8 10 10 10 10 10 2 2 2 10 10 2 10 10 10 2 2 8 10 8 2 10 10 2 10 2 8 2 2 2 10 10 10 2
left_child=3 2 4 8 7 6 12 16 49 35 14 -10 18 20 55 -5 -2 30 19 54 -6 31 29 59 -13 26 50 -25 60 41 58 39 33 34 -22 -4 37 -20 -28 -7 56 48 -27 45 -45 46 -36 -37 -12 -1 -9 52 -39 -54 -3 -8 57 -24 -11 -18 -17 -35
right_child=1 5 9 15 13 21 10 25 11 17 22 24 -14 -15 -16 28 23 -19 36 -21 32 -23 40 27 -26 42 38 -29 -30 -31 -32 -33 -34 61 43 47 -38 51 -40 -41 -42 -43 -44 44 -46 -47 -48 -49 -50 -51 -52 -53 53 -55 -56 -57 -58 -59 -60 -61 -62 -63
leaf_value=-0.025369814738457879 -0.023361056128093586 0.0033811690390383128 -0.0063088368015568807 -0.0054494791627332038 -0.0064271745974240945 0.015941167873850026 -0.01681679340711539 -0.014538446176623195 -0.034169761879235268 0.0052082936454808442 -0.00092843383711762499 -0.0034637977390281874 -0.018196980393630616 -0.010878546543100906 -0.01512592790017874 -0.030833465070062759 -0.022011209483431483 0.012733666389059834 -0.020112082590177497 0.013802892591308678 -0.014705364634026441 0.028098561481870732 -0.028740144959185258 0.024712953660470761 -0.011231582251180837 -0.010454315428182289 -0.0022887356787535122 -0.0082022126120363213 -0.029377570186174304 0.021971513615644873 -0.0049294697840791017 0.020625257677414102 -0.019530565697297615 -0.014962922467379064 0.010638726909364087 -0.000495494568238574 0.019405391936013372 0.011344116434854747 0.013923193715909655 0.0053895766455354646 0.02891497547043629 -0.01541166841864194 0.0097088758071263905 -0.0058000672166891049 0.010837255535620736 0.021891491691212527 -0.0044460237919314418 0.0055864362902826505 0.015873063272580298 -0.01662670955806066 -0.0055024479600058688 -0.0043314676975175692 0.011763649154043822 -0.0069281923537979819 -0.0071935925547774743 0.013379126638816333 0.006370205078993529 0.02083865470768808 0.019306976447315126 -0.010642541176203691 -0.020473670188324047 0.022914261735119127
leaf_weight=829.49491801857948 758.95182690024376 666.19165921211243 631.40519797801971 218.21660614013672 655.88060845434666 2974.2225577384233 52.425960451364517 742.86905506253242 193.04165458679199 1200.7815087735653 175.46873359382153 2020.9888744354248 175.92655181884766 452.44208908081055 236.45324596762657 441.57117652893066 377.2827492505312 3506.2765919268131 71.63934825360775 439.34552001953125 135.77099879086018 675.45703125 93.627292722463608 103.97182500362396 2620.7627220153809 147.89076766371727 768.68453407287598 147.73500406742096 3082.3192672729492 1628.5150327682495 484.24882221221924 2298.1874764412642 82.890097737312317 28.294039517641068 333.03376670181751 1970.8002508953214 420.32461547851562 2216.4579534083605 266.49712562561035 543.16787719726562 58.122638702392578 54.771501541137695 542.56686249375343 288.65590903162956 1851.940372183919 111.13820767402649 975.45185649394989 3550.9819794818759 2311.9886570721865 2240.3364772796631 2273.7783088684082 254.22860980033875 223.78407365083694 308.2572340965271 915.90937757492065 360.37823605537415 201.37606552243233 28.320786237716675 250.37005615234375 1643.8767394274473 1949.7126064300537 326.39377796649933
leaf_count=8811 6497 3017 3101 1660 3720 12609 220 5301 2460 5165 731 13286 816 2217 1085 5535 2808 14502 430 1829 628 2980 409 521 21389 1007 4370 857 41273 6950 2146 10190 391 134 1645 9664 1720 9140 1455 2241 245 228 2856 1354 8303 466 4779 16330 9649 21670 12708 1079 932 1301 4113 1541 852 125 1069 10124 22297 1431
internal_value=-8.5381e-05 0.00576309 0.000923347 -0.0181487 -0.00349787 0.0126141 0.00940964 -0.00769881 -0.0128284 0.00588633 0.0139797 -0.00890871 0.00523178 0.00273271 0.000530207 -0.0255338 -0.0139181 0.00980784 0.00598215 0.000859384 0.00402052 0.0179898 0.0158974 -0.0107561 -0.00785101 -0.0037206 -0.00527255 0.00543795 -0.0263334 0.0171376 0.00450341 0.016811 0.00567943 0.0062 0.00488417 0.00241724 0.00894424 0.00750816 0.00189427 0.0143137 0.00232741 0.0140337 0.0053812 0.00563515 0.00859208 0.0011736 -0.000601484 0.00341601 0.014688 -0.0189967 -0.0077317 0.0081736 0.00933144 0.000941179 -0.00274145 0.00951289 -0.00252654 -0.0171503 0.00765239 -0.0127745 -0.0223988 0.0198592
internal_weight=55591.9 41995.4 24610.9 13596.4 13016 17384.5 10893.5 7774.1 7904.62 11594.9 5201.45 4834.79 5692.06 5241.89 649.257 5691.82 3031.82 5441.68 5516.14 2021.45 4789.45 6491.03 4552.19 2272.87 4641.75 4742.29 4051.83 251.707 5473.6 4170.74 1935.4 5815.58 4133.57 4050.68 3695.99 6153.19 3494.69 3074.37 1035.18 3517.39 381.447 2542.23 690.458 3560.22 2140.6 1419.62 1308.49 5521.78 2487.46 3069.83 3016.65 3002.73 2748.5 532.041 1582.1 412.804 323.324 121.948 1451.15 2021.16 2391.28 354.688
internal_count=338362 199981 125549 138381 73572 74432 46412 48504 67616 51977 22035 37135 24377 25068 2846 70765 20807 22882 23561 8959 22851 28020 19189 14310 34675 27697 23834 1378 69105 17558 8380 25040 19131 18740 17175 29095 14602 12882 5825 14850 1631 10608 3863 16547 9657 6890 6424 25994 10380 30481 18009 12452 11373 2233 7130 1761 1386 534 6234 12932 27832 1565
is_linear=0
shrinkage=0.035


Tree=42
num_leaves=63
num_cat=6
split_feature=13 4 45 2 2 2 22 22 41 35 32 48 21 48 23 21 26 26 16 32 22 29 16 29 47 47 42 1 48 39 48 3 16 24 48 3 26 42 22 26 33 26 41 2 19 2 16 19 22 6 9 32 37 44 41 2 1 17 5 16 16 29
split_gain=4501.69 933.451 675.298 315.327 286.764 252.341 175.3 144.664 120.036 116.326 115.927 145.907 105.795 104.208 115.343 99.9364 99.3597 94.2078 86.2591 87.4605 76.9911 76.5557 71.8327 64.6622 58.2993 56.3406 54.6213 53.3193 52.7462 51.9908 50.926 49.2024 49.1247 48.898 47.2917 47.2017 43.8471 47.3847 43.3828 42.7978 42.5343 41.364 41.2885 41.2596 47.998 40.3285 50.4968 56.723 40.2453 40.1579 39.4517 39.3427 37.5348 37.1671 36.4949 40.0546 35.76 49.6548 40.4034 34.8579 34.8062 34.7465
threshold=0.48809523809523814 4.3500000000000005 5.1250000000000009 563.94000000000017 4.3500000000000005 29.010000000000002 1.5000000000000002 1.0000000180025095e-35 652.5250000000002 16.500000000000004 3.2500000000000004 2.5000000000000004 5.8050000000000006 11.500000000000002 0.68301270189221941 1.4650000000000001 70.500000000000014 177.00000000000003 0 631.98000000000013 19.500000000000004 222.50000000000003 1 353.00000000000006 15.670000000000003 inf 5.5000000000000009 5337.0000000000009 3.5000000000000004 163.47000000000003 11.500000000000002 61.500000000000007 2 9.5000000000000018 10.500000000000002 19.500000000000004 314.50000000000006 1.5000000000000002 65.500000000000014 192.50000000000003 1.5000000000000002 70.500000000000014 221.21500000000003 563.94000000000017 647.45485714285735 1982.3400000000004 3 1994.9635714285719 33.500000000000007 276.14000000000004 561.69000000000017 176.14500000000001 8026.2000000000007 40.715000000000011 8689.8600000000024 272.0800000000001 5337.0000000000009 10266.120000000001 77.035000000000011 4 5 176.50000000000003
decision_type=8 10 10 10 10 10 2 2 10 2 10 2 10 2 2 10 2 2 9 10 2 2 9 2 8 8 2 8 2 8 2 2 9 10 2 2 2 2 2 2 2 2 10 10 8 10 9 8 2 10 10 10 10 10 10 10 8 8 10 9 9 2
left_child=2 5 4 15 39 9 8 35 32 21 11 -9 27 14 18 24 60 -13 19 20 31 34 -19 30 -3 26 59 49 -28 42 45 -8 -7 -4 -2 -6 37 -24 -15 -1 -26 -23 -12 44 -22 46 47 -14 52 -5 -25 -50 -48 -38 55 -20 58 -58 -42 -17 -16 -27
right_child=1 3 33 12 7 6 13 10 -10 -11 29 17 23 38 16 25 -18 22 54 -21 43 41 36 50 40 61 28 -29 -30 -31 -32 -33 -34 -35 -36 -37 53 -39 -40 -41 56 -43 -44 -45 -46 -47 48 -49 51 -51 -52 -53 -54 -55 -56 -57 57 -59 -60 -61 -62 -63
leaf_value=-0.015032236273236877 -0.013286669587674174 -0.010717337951233431 -0.022689135187311027 0.0093010992762291248 -0.016042961378097399 -0.019413943234401865 -0.0052956531630616865 -0.015945357348276477 -0.038972332571715812 -0.019742869255606817 -0.0014525005141804018 0.0074856109422311752 0.021024257462232465 0.010267016031796191 0.0028782503906643274 0.0085166360620995453 0.013648476050951175 0.01348488261536333 0.00081684005398989664 -0.012332860459535237 0.0013651408119642219 -0.0088082823429905012 -0.01086053467413936 -0.0010104971076555095 -0.011542351018448398 0.010255937019729159 4.7887802964992542e-05 0.016590490279705768 0.017748061799759816 -0.023941720579300867 0.027056941036182464 -0.026135405594112069 0.0054103634504277832 -0.029615572535247121 -0.0020887340512836137 -0.036973783934010469 0.037400083572820021 -0.00058362482306719473 0.028433077146581137 -0.023561083137803491 0.0042601286519951317 0.005018882953008395 -0.011811680946161238 0.0072724473379447161 -0.012054246909421317 0.020915588939031848 0.0071250469324411272 0.0051021225500138649 0.019463743509213576 -0.0045467933037883221 0.023052411696638776 0.0019595470460823583 -0.031633723941113065 -0.0012447027464629605 -0.029331069098701493 0.010906348893841122 0.017132742607246912 0.003351147820508897 -0.0080391625165064182 0.00049493023222027522 -0.013764190981762202 0.020562383231322735
leaf_weight=1257.8735588118434 1227.3255100622773 348.29086514562368 2781.7554168701172 2742.4158225059509 319.98754049092531 155.21103601157665 562.39198838174343 851.79274278879166 188.94930356740952 761.39115405082703 588.93546158075333 1360.1821708679199 1987.508469581604 1117.6077184677124 618.17936205863953 1440.7692832946777 1706.2822875976562 255.69294569641352 797.53634931147099 865.47285938262939 2194.795092523098 351.5000524520874 1391.9212874397635 353.47729873657227 202.47440719604492 804.60729646682739 264.71036744117737 1255.9914321899414 932.78094291687012 353.77421760559082 717.1854248046875 183.58698570728302 230.48379684984684 2309.8279190063477 741.2244815826416 227.21748255938292 50.130386978387833 907.98497116565704 187.81033706665039 1715.3005619049072 2791.6563021838665 1067.2429542541504 2365.1315973997116 1178.5339584350586 382.54227638244629 2341.7715492248535 953.99822759628296 318.7911171913147 777.77145367860794 282.40003204345703 108.2347526550293 197.40685671567917 30.64572286605835 75.35760173201561 33.641697406768799 1217.9639065861702 596.16900134086609 691.96785640716553 369.67228081822395 1237.3518044948578 193.00399470329285 805.17688322067261
leaf_count=12550 8073 1937 29930 11237 3099 910 2787 6328 1697 5965 4450 8220 8489 5038 2832 6110 7679 1693 4127 4735 10886 2121 9929 1445 966 3314 1098 5267 3851 2888 3181 954 1188 32106 5047 2584 330 5324 855 18317 12849 5895 19007 4957 1850 10471 3973 1364 3356 1170 466 822 126 458 176 5266 2483 2917 1607 5405 918 3289
internal_value=-8.44038e-05 0.00651159 -0.0151944 0.0110954 -0.0105698 3.49596e-05 0.00264275 -0.00737676 -0.0161959 -0.00738996 -0.00621227 -0.00278983 0.0149531 0.00360728 0.00238491 0.00665469 0.0088565 -1.37385e-05 0.000187278 -0.00214593 -0.000189975 -0.00460828 -0.00381972 0.0173837 0.00307495 0.00991666 0.00762717 0.0105288 0.0138387 -0.0112725 0.0181845 -0.0104525 -0.00496592 -0.0258366 -0.00907348 -0.0247857 -0.00568099 -0.00680531 0.0129003 -0.019959 0.00410966 0.00158935 -0.00974762 0.00185057 -0.00063054 0.0172175 0.0151832 0.0187453 0.010833 0.00800717 0.00466797 0.015926 0.00588786 0.0143669 0.00627658 0.0069163 0.00482434 0.00973782 0.00281981 0.00484563 -0.00122757 0.0154205
internal_weight=55328.8 38515.9 16812.9 22553.2 11721.3 15962.7 11814 8748.11 574.644 4148.68 8200.9 4893.06 12067.6 11239.3 9933.93 10485.6 2517.47 4041.27 7416.47 5367.32 4501.85 3387.29 2681.09 7786.79 5000.23 5485.4 3875.61 4280.81 1197.49 3307.84 7325.08 745.979 385.695 5091.58 1968.55 547.205 2425.39 2299.91 1305.42 2973.17 4651.94 1418.74 2954.07 3755.87 2577.34 6607.89 4266.12 2306.3 1959.82 3024.82 461.712 975.178 984.644 125.488 2049.14 2015.5 4449.47 1288.14 3161.33 2678.12 811.183 1609.78
internal_count=338362 181149 157213 97193 95177 83956 56855 64310 3795 27101 58627 32282 51367 53060 47167 45826 11429 25954 35738 26169 21434 21136 17734 33693 22759 23067 16464 17674 4949 26345 31782 3741 2098 62036 13120 5683 16041 15253 5893 30867 20822 8016 23457 17693 12736 28601 18130 9853 8277 12407 1911 4178 4099 788 9569 9393 19856 5400 14456 11515 3750 6603
cat_boundaries=0 1 2 3 4 5 6
cat_threshold=26881 66665 86500 5504 1464 21920
is_linear=0
shrinkage=0.035


Tree=43
num_leaves=63
num_cat=6
split_feature=20 2 45 24 47 42 2 7 40 42 16 48 16 19 52 16 22 3 2 32 26 18 26 21 16 24 29 15 4 16 40 49 48 48 32 18 4 50 22 7 23 18 41 27 7 14 49 51 35 22 16 22 7 47 48 37 35 23 48 48 44 27
split_gain=4275.73 1001.81 432.352 418.775 176.143 234.717 168.584 148.07 107.46 103.466 92.6769 85.8217 84.1001 76.8979 71.6125 69.6388 101.38 109.392 81.6222 65.632 56.5076 66.7306 57.6315 62.2514 56.384 53.5035 53.0887 70.3193 53.633 51.7138 50.9812 67.1918 49.4762 49.4324 48.9653 47.7576 79.0478 53.0941 65.2066 47.7344 46.339 45.968 43.8746 43.6062 43.084 42.7707 40.5657 40.5376 39.8079 38.9436 38.7598 45.5506 38.7485 37.9487 37.5838 37.4319 37.2244 36.3852 39.5127 35.9654 35.8769 35.5377
threshold=1.0000000180025095e-35 104.99500000000002 1.3452380952380956 6.5000000000000009 inf 1.5000000000000002 1133.8200000000004 0.95833333333333337 1.0000000180025095e-35 3.5000000000000004 0 11.500000000000002 1 599.1600000000002 5.5000000000000009 2 14.500000000000002 64.500000000000014 730.53000000000009 2072.2750000000001 70.500000000000014 12867.354415584417 146.50000000000003 30.245000000000005 3 11.500000000000002 207.50000000000003 0.0059384444420585644 1.0000000180025095e-35 4 3367.5900000000006 7.5000000000000009 3.5000000000000004 11.500000000000002 370.00000000000006 12867.354415584417 890.55000000000007 102.02661708565505 52.500000000000007 0.63068181818181823 0.93301270189221952 9753.7154166666678 14263.560000000001 3638.7200000000007 0.73863636363636376 20.500000000000004 12.500000000000002 192.00167405947789 4.5000000000000009 52.500000000000007 5 8.5000000000000018 0.6515151515151516 440.30000000000001 8.5000000000000018 2571.7400000000002 13.500000000000002 0.68301270189221941 11.500000000000002 9.5000000000000018 51.57500000000001 1141.9200000000003
decision_type=8 10 8 8 8 2 8 10 10 2 9 2 9 10 2 9 2 2 10 10 2 8 2 10 9 8 2 10 8 9 10 10 2 2 10 10 10 10 2 10 2 10 10 10 10 2 10 10 2 2 9 2 10 10 2 8 2 2 2 2 10 10
left_child=3 4 6 7 5 39 10 52 -9 57 11 12 61 41 -5 -4 17 32 33 20 30 22 60 49 -10 44 28 48 -6 54 -14 -32 -17 46 40 37 -37 38 50 -2 45 -11 -20 -25 -16 -26 47 -18 -28 -24 -31 -52 -1 55 -8 -53 -12 58 -7 -45 -22 -3
right_child=1 2 15 14 26 9 29 8 24 13 56 -13 19 -15 25 16 18 -19 42 -21 21 -23 23 43 34 -27 27 -29 -30 35 31 -33 -34 -35 -36 36 -38 -39 -40 -41 -42 -43 -44 59 -46 -47 -48 -49 -50 -51 51 53 -54 -55 -56 -57 -58 -59 -60 -61 -62 -63
leaf_value=-0.02410216088960189 -0.027737869442683218 0.02115811472505965 0.012827291034403936 -0.0050920384543181683 -0.0081776109623016603 -0.010080502891452134 -0.01133896365788364 -0.03581851283228385 0.018751003812153687 0.0033961104817036764 0.0035007307105453197 0.018799009190275478 -0.0031171274857416829 -0.013001587335266723 -0.028438857825429827 -0.015225683768731972 0.0024673065644872285 -0.023931468231861267 0.010726975514388693 -0.0039706169769719137 0.024652857024807011 -0.0091703571708939644 0.0023627200499106052 0.0076772021361729559 -0.01259569230204413 -0.03016975174815616 -0.0023304420128167909 0.019376452387448988 0.0039417659829456336 0.018641546284445719 0.017979721084230203 -0.0026923173682457504 0.00068921922923318054 0.012572809507091588 -0.014060142011017532 -0.012696784663470325 0.023664066618641413 0.021636861941549592 0.022632041779640996 -0.013807816994579645 0.011357284451477096 0.021276264597014743 -0.01321016894990526 0.012898138582699512 -0.019914250884830793 -0.0036269971829578002 -0.0082665368470347996 -0.01733770818382081 0.0085240490198850039 0.010220828467209966 -0.011851699306426655 0.0051727547354517549 -0.01552539564822265 0.0053742770821536756 0.014206932706117724 0.01843941786970054 -0.011856712827441496 0.00015018339645508631 0.00092891394576403649 0.024772439894916169 0.013300030838751423 -0.018626232487326765
leaf_weight=897.41273409873247 372.78149914741516 838.81458258628845 772.27300643920898 216.40777206420898 784.19765619188547 2410.4807109832764 144.27779865264893 164.13402557373047 92.129468262195587 2148.6548528671265 566.1069869697094 1276.3261661529541 825.04739844799042 336.74974632263184 1119.2388136908412 273.97483693063259 3116.9386453554034 299.86226415634155 2115.3075172305107 510.49371707439423 447.52129113674164 211.58960235118866 1817.0794527679682 993.74515460431576 960.27931833267212 2007.6225700378418 756.1258419752121 436.38543522357941 1038.533667050302 938.76979970932007 458.49392700195312 331.22784423828125 1843.3142734915018 433.91631889343262 1087.4475529789925 168.84102602303028 127.79422788321972 2315.4069927930832 1047.5977745056152 1591.8497095108032 188.04984092712402 190.94450449943542 97.329154968261719 837.95900344848633 2123.4240242913365 2024.4602822065353 595.46625626832247 130.96871209144592 912.520827293396 1344.0383334159851 110.48353615403175 358.84329438209534 2344.9789733886719 859.25664763152599 136.1611156463623 959.56924815475941 292.38389605283737 806.42233467102051 478.40457153320312 502.36194610595703 1456.4126691818237 27.701926469802856
leaf_count=9706 3403 3482 3484 1660 4505 15021 588 2194 621 10342 2484 5355 3424 1803 15032 1366 14990 1662 9034 2190 1844 873 7572 4106 7525 28053 3853 1891 4741 3998 1884 1387 8780 1967 8247 696 552 10412 4601 11763 1434 882 467 3483 26020 15187 3144 654 4249 5564 475 1530 22702 3628 560 4130 1293 4723 2898 2107 6027 114
internal_value=-8.34847e-05 0.00539901 0.00888563 -0.01743 -0.00301156 -0.00589052 0.0118361 -0.0121996 -0.00810006 -0.00262831 0.00941857 0.0102163 0.00919107 0.00261193 -0.0248498 0.00281773 0.00193195 -0.0041832 0.00421279 0.00823057 0.008915 0.0101767 0.0107311 0.00890989 -0.00704677 -0.0256631 0.00309868 0.00688377 -0.001274 0.0161308 0.0029659 0.00931694 -0.00137637 0.00138894 -0.00763501 0.0167195 0.00299481 0.0173621 0.0150421 -0.0164638 -0.00545317 0.00486385 0.00966854 0.0132448 -0.0228645 -0.00651574 0.00012334 0.0016636 0.00360703 0.00570599 0.0125718 0.00994962 -0.0179059 0.0111063 0.00103397 0.0148352 -0.00171742 -0.00642326 -0.00825763 0.0173639 0.0159801 0.0196398
internal_weight=55073.3 41847.7 29583.7 13225.6 12264.1 8336.29 19904.3 7758.89 4516.5 6371.66 12737.3 11878.8 10602.5 2676.35 5466.69 9679.35 8907.08 2417.15 6489.93 9735.97 9225.48 7610.71 7399.12 5495.18 4352.37 5250.29 3927.76 2105.03 1822.73 7167 1614.77 789.722 2117.29 4277.29 4260.24 6886.56 296.635 6589.93 4274.52 1964.63 3172.79 2339.6 2212.64 2334.07 3242.66 2984.74 3843.37 3247.91 1668.65 3161.12 3226.92 2288.15 3242.39 2177.67 280.439 1318.41 858.491 3695.31 2888.89 1340.32 1903.93 866.517
internal_count=338362 199981 129907 138381 70074 50835 84359 67616 35208 35669 53189 49412 44057 13027 70765 45548 42064 11808 30256 40461 38271 31576 30703 22832 33014 69105 19239 9993 9246 31170 6695 3271 10146 20755 32393 30022 1248 28774 18362 15166 24146 11224 9501 9696 41052 22712 18788 15644 8102 13136 13761 9763 32408 9288 1148 5660 3777 22642 17919 5590 7871 3596
cat_boundaries=0 1 2 3 4 5 6
cat_threshold=153000 1152 1192 1032 2056 5248
is_linear=0
shrinkage=0.035


Tree=44
num_leaves=63
num_cat=6
split_feature=20 4 24 0 7 2 21 27 40 48 23 2 47 47 52 3 22 16 22 3 2 16 22 19 32 26 27 35 48 42 45 25 16 0 18 22 22 0 29 38 18 26 3 6 39 7 19 2 2 0 48 16 8 18 16 41 47 19 42 16 7 30
split_gain=4028.05 947.053 409.568 367.719 240.432 143.139 123.276 120.91 98.4514 95.8663 172.103 88.7207 81.8582 74.61 70.0062 67.0913 67.0564 66.566 95.0982 76.9539 67.9324 66.4754 88.8988 72.4196 65.0307 64.9575 61.6357 61.083 54.3821 62.2207 54.2462 53.4688 53.2994 53.1013 49.2992 55.636 48.5578 46.6232 44.8926 44.4992 43.9488 43.5418 46.4995 43.0575 42.8406 42.7331 42.7291 42.5836 41.0309 40.9947 40.2642 39.6375 40.5194 39.1398 37.8468 37.2029 36.9697 36.1188 36.105 35.7709 35.3819 35.3525
threshold=1.0000000180025095e-35 4.3500000000000005 6.5000000000000009 551.16333333333353 0.95833333333333337 16.215000000000007 1.4650000000000001 1.0000000180025095e-35 1.0000000180025095e-35 10.500000000000002 0.68301270189221941 1982.3400000000004 64.725000000000009 inf 5.5000000000000009 17.500000000000004 63.500000000000007 0 29.500000000000004 52.500000000000007 563.94000000000017 1 29.500000000000004 1780.2700000000002 103.77000000000002 70.500000000000014 13395.420000000002 15.500000000000002 2.5000000000000004 4.5000000000000009 2.3541666666666674 1.0000000180025095e-35 2 551.16333333333353 5278.9345714285728 4.5000000000000009 8.5000000000000018 1630.8366666666668 353.00000000000006 24.140000000000004 10757.017500000002 70.500000000000014 61.500000000000007 166.73000000000005 183.98000000000005 0.73863636363636376 647.45485714285735 29.010000000000002 672.21000000000015 418.72166666666681 11.500000000000002 3 14.500000000000002 859.31000000000006 4 276.91500000000002 674.82000000000005 960.54000000000008 1.5000000000000002 5 0.6515151515151516 1833.8000000000002
decision_type=8 8 8 10 10 10 10 10 10 2 2 10 8 8 2 2 2 9 2 2 10 9 2 10 10 2 10 2 2 2 10 10 9 10 10 2 2 10 2 10 10 2 2 10 10 10 10 10 10 10 2 9 2 10 9 10 8 10 2 9 10 10
left_child=2 4 5 6 30 60 12 15 -7 10 17 21 58 28 -4 61 49 18 19 -9 46 23 41 39 26 54 43 -25 -8 -30 -2 -16 56 44 35 -35 53 -29 51 -5 -38 -23 -43 -24 -34 -33 47 -20 -41 -11 -44 -14 -53 -13 -12 59 -10 -31 -3 -39 -1 -6
right_child=1 3 14 11 7 8 13 9 32 16 25 36 38 -15 31 -17 -18 -19 20 -21 -22 22 24 27 -26 -27 -28 37 29 57 -32 45 33 34 -36 -37 40 55 -40 48 -42 42 50 -45 -46 -47 -48 -49 -50 -51 -52 52 -54 -55 -56 -57 -58 -59 -60 -61 -62 -63
leaf_value=-0.024314054068912069 -0.0061117283558022491 -0.01398675372957058 -0.0049316179851914034 0.013312436455130574 -0.013433148491319104 -0.033542801464166397 -0.0049699950061450763 -0.0052630591940012513 0.0016556348526393081 -0.00023134277079996739 0.0030197559334171706 0.014877624279916877 0.016740857513120374 0.014847102703769002 -0.029880586458754174 -0.036239552224107005 0.018532207821737246 0.0022048257835996805 -0.011900725478706667 -0.022942691403421218 0.0053992740835082332 -0.0082619635845924914 0.014828692354788613 0.021983379615175432 0.0017901489294020879 0.0098085969000392334 -0.014242077950270021 -0.010975319994399 0.0029842297723612784 0.013936444127850644 -0.015237303234314745 -0.028119116147027494 -0.0087843765498973915 -0.020178270725128851 -0.015630653484258517 0.0077219146277183303 0.020317075294468495 -0.0098583368011095455 -0.01158950043308502 0.012828259877771928 0.0057432564710134405 0.0086622997501055263 -0.0098138521844356019 0.027937934988852161 -0.022995142880423147 -0.019539567851335763 -0.015198111217299907 -0.00084101933125593179 0.024529086964297397 0.0091064216951916785 0.015369496740987068 0.0051924934102980224 -0.0028639511295599535 -0.010662401058153527 -0.01348752671075657 0.024103206110003415 0.035137002578104301 -0.0075350737236869851 -0.0013416729523834413 0.01401929133282941 -0.015612407857358242 0.020414694628824538
leaf_weight=785.04364402592182 2279.7241151854396 490.23375938087702 215.66596603393555 2029.4730192124844 175.86166721582413 178.50725746154785 474.56363713741302 626.88573962450027 157.80752749741077 1097.7643084526062 597.86199742555618 181.42942839860916 284.57324723899364 1747.7659912109375 1957.0113689228892 153.92302149534225 523.75056028366089 2089.8554289340973 554.55613499879837 581.60708945989609 983.86125844717026 317.0447826385498 1363.2782019376755 213.26621985435486 462.80009496212006 2308.5660705566406 76.001991271972656 262.29561913013458 1688.0509462356567 1519.9825927615166 1228.8694154620171 1092.8278361931443 3141.8064686059952 100.95198798179626 204.70517921447754 619.9119188785553 3296.9081516265869 158.598876953125 227.46475791931152 532.84326007962227 275.61626434326172 1497.9414625167847 347.30819416046143 398.09042048454285 282.87933731079102 2089.0315910875797 446.39490157365799 1836.2472440600395 1208.0818939208984 1210.4986271858215 99.176666259765625 3575.3150712549686 972.04359917342663 122.19616860151291 225.51659816503525 120.93726843595505 53.350977346301079 101.82645684480667 633.62695661187172 129.67351347208023 2163.9351749420166 47.129625558853149
leaf_count=8811 14163 3238 1660 8543 1030 2460 2123 3133 1248 5795 2778 764 1228 7216 28053 1173 2506 10211 3312 3085 4206 1320 5745 918 1935 10677 315 1096 7755 6299 10176 15032 24651 780 1482 3905 14648 689 1130 2223 1183 6223 1447 1761 2260 26020 2293 9168 5235 5193 418 16101 4659 523 1118 522 349 436 3456 557 21670 258
internal_value=-8.20439e-05 0.00521914 -0.0170605 0.00957725 -0.00115259 -0.0118823 0.00507191 0.000974629 -0.00811274 0.00153827 -3.66417e-05 0.0136079 0.00167544 0.0088671 -0.0244926 -0.0185428 0.00723717 -0.00304447 -0.00521964 -0.0137836 -0.00252186 0.0117369 0.00865842 0.0147008 0.0135209 0.00679942 0.016473 0.00571231 0.00610216 0.00769069 -0.00931135 -0.0253124 -0.00711042 -0.00793655 -0.000515765 0.00379215 0.0180527 0.000519707 0.00357355 0.0168469 0.0191946 0.00374724 0.00570862 0.0178057 -0.00996456 -0.0224942 -0.00526962 -0.00341026 0.0209572 0.00466739 -0.00419809 0.00428961 0.00346248 0.00459761 -0.00163931 0.00789659 0.00977976 0.0125845 -0.00686505 0.00103771 -0.0179363 -0.00622014
internal_weight=54820.7 41777.3 13043.4 24808.4 16968.9 7688.9 11715.4 13460.3 4739.92 13083.4 10251.4 13093 6183.26 5532.19 5354.54 376.914 2832.01 7119.41 5029.55 1208.49 3821.06 9216.81 4561.64 4655.17 2300.17 3131.94 1837.37 884.771 3784.42 3309.86 3508.59 5138.87 4561.41 4350.25 925.569 720.864 3876.15 671.505 5059.4 3770.4 3572.52 2261.47 1944.43 1761.37 3424.69 3181.86 2837.2 2390.8 1740.93 2308.26 446.485 4831.93 4547.36 303.626 823.379 409.21 211.159 1621.81 1123.86 288.272 2948.98 222.991
internal_count=338362 199981 138381 109706 90275 67616 53641 65936 37135 63475 49981 56065 29812 23829 70765 2461 13494 35408 25197 6218 18979 38947 19164 19783 9756 14573 7821 3782 16613 14490 24339 69105 34675 33078 6167 4685 17118 2864 23118 16001 15831 9408 8088 7506 26911 41052 14773 12480 7458 10988 1865 21988 20760 1287 3896 1768 1597 6735 6694 1246 30481 1288
cat_boundaries=0 1 2 3 4 5 6
cat_threshold=18688 5504 1080 1152 21889 256
is_linear=0
shrinkage=0.035


Tree=45
num_leaves=63
num_cat=6
split_feature=20 2 24 34 47 13 2 42 40 13 15 1 52 44 2 29 22 19 35 45 18 22 3 22 26 19 16 37 16 46 43 32 16 33 48 23 48 4 46 44 41 44 27 32 41 22 16 25 4 37 17 48 48 2 16 5 48 41 16 37 8 46
split_gain=3794.37 889.068 400.079 353.022 226.808 202.548 137.95 134.546 106.913 99.2506 83.2372 72.2234 68.3959 67.8124 66.0504 65.0798 64.8403 62.3653 64.7658 61.8304 61.422 57.9986 103.992 77.4699 74.7803 57.6163 57.238 55.7182 54.7809 54.5389 53.4038 51.0011 49.5919 49.5654 48.7251 48.2011 47.3708 46.1933 46.0175 45.7335 44.7419 44.6402 44.5545 44.331 44.8911 44.1573 56.2877 43.6702 43.4372 41.7141 48.6162 45.6418 40.286 39.7379 39.2775 39.1661 37.2268 36.9771 36.4149 36.2083 35.7348 36.6568
threshold=1.0000000180025095e-35 514.35000000000014 6.5000000000000009 1.5000000000000002 inf 0.89181286549707617 4.3500000000000005 1.5000000000000002 1.0000000180025095e-35 0.8377192982456142 1.3836278955330872 inf 5.5000000000000009 161.19000000000003 7.6850000000000014 353.00000000000006 1.5000000000000002 884.49000000000012 9.5000000000000018 4.1000000000000005 12867.354415584417 39.500000000000007 61.500000000000007 19.500000000000004 70.500000000000014 21.144166666666671 0 inf 1 68.020000000000024 1.0000000180025095e-35 685.98000000000013 2 6.5000000000000009 11.500000000000002 0.68301270189221941 11.500000000000002 17.325000000000006 27.365000000000006 417.14000000000004 8689.8600000000024 56.330000000000005 13395.420000000002 1610.7200000000005 3048.6600000000003 13.500000000000002 3 341.11000000000007 25.960000000000004 1494.5700000000004 7704.7500000000009 3.5000000000000004 11.500000000000002 1.0000000180025095e-35 4 56.880000000000017 2.5000000000000004 1154.2700000000002 5 5371.2000000000007 18.500000000000004 1759.1050000000002
decision_type=8 10 8 2 8 10 10 2 10 10 8 8 2 10 10 2 2 10 2 10 10 2 2 2 2 10 9 8 9 10 2 10 9 2 2 2 2 10 10 10 10 10 10 10 10 2 9 10 10 10 10 2 2 10 9 8 2 10 9 10 2 10
left_child=2 3 6 4 7 16 -1 14 -8 56 15 42 -4 25 -2 36 32 26 -19 29 21 22 24 -24 54 -6 34 -16 -9 41 -14 38 -3 -29 35 37 48 -11 -30 -31 45 -10 -12 44 55 46 -26 -22 -7 50 51 -27 -40 -32 -18 -23 -5 -47 -58 -36 61 -20
right_child=1 5 12 9 13 10 8 28 19 17 11 -13 30 -15 27 -17 20 18 60 -21 47 43 23 -25 40 49 -28 33 31 39 53 -33 -34 -35 59 -37 -38 -39 52 -41 -42 -43 -44 -45 -46 57 -48 -49 -50 -51 -52 -53 -54 -55 -56 -57 58 -59 -60 -61 -62 -63
leaf_value=-0.019226760329542784 -0.022122145145560816 0.0084369262039784773 -0.0047759266545789048 -0.0059265422951690697 -0.0060686243448928355 0.010802216011984953 -0.033578115030802512 -0.011919068002477551 -0.0051585476170982322 0.0037164408226923909 0.0052879168429744005 0.015546467588342754 -0.029590577956871197 -0.010604351497827518 -0.011902196151538562 0.003040580201918689 -0.016872165926286951 0.034473382533156863 -0.0014877379541960922 -0.014166284023844431 -0.017539534764129252 0.0059252664664941725 -0.016983734050367634 0.0024372221804013204 0.019549208053490617 -0.021384311313713159 0.0014684897075543761 0.023880809477342328 -0.0065737298564948589 0.0001023976263936656 -0.026877354855209867 -0.011130888686575233 -0.027265147460887248 -0.0075727957702557162 0.014332038654080375 0.018182756973264557 0.02665611199502713 0.012922411474036583 0.00054582154795852213 -0.013334337021702908 -0.026657780090855569 -0.016721387268016887 -0.026848541036561081 -0.00042002656948003485 0.021467040512097465 0.012952607723723067 0.0041475034737974382 0.0058294756024814751 0.018078648456154957 0.013023244819848267 -0.014468284319426228 0.0051719389336912528 0.01282501020022777 -0.018811932196935173 0.0042117865797099696 0.018119748209102712 0.011426234885634767 0.026331530853628351 0.0020874310775044575 0.034059879259017975 -0.014056720496400494 0.030015092594348817
leaf_weight=2092.4504266306758 721.73524197936058 76.243504971265793 214.94531631469727 627.46439635753632 650.9805855974555 1298.9704896956682 202.47477054595947 760.71120311319828 910.58431439846754 1374.6932520717382 1420.4785575866699 1244.6165771484375 1907.905176460743 449.15499353408813 1979.2143478393555 409.18879318237305 166.74971961975098 57.33510547876358 357.91368836164474 1357.460353448987 199.139404296875 837.4138069152832 324.50662496685982 1107.5166931152344 381.51310133934021 80.321253895759583 799.48325300216675 104.54122215509415 944.05847932398319 1945.4973767921329 1279.8016525804996 596.45289969444275 108.24233868718147 145.8305544257164 284.03092193603516 760.48312854766846 619.73841094970703 1299.363130107522 2014.1810872554779 368.18132591247559 36.434592485427856 743.5173282623291 53.906543731689453 281.35808944702148 717.52092933654785 868.24592386186123 1197.9311383366585 191.12925720214844 4529.0066888779402 683.16485673189163 173.03042411804199 3204.3374491110444 389.83412170410156 1843.102161437273 270.8586041033268 525.48054671287537 561.9129399061203 359.16738094389439 4962.6354991197586 192.48394966125488 261.348109126091 50.782339453697205
leaf_count=22681 6497 380 1660 3101 3720 5443 2791 4728 7642 5824 5873 5250 28053 2217 12932 1699 730 236 1519 12170 939 3513 1496 4681 1576 385 3452 521 6362 13425 17583 3425 757 857 1190 3142 2817 5333 11196 2646 176 6261 225 1193 2999 3648 5127 831 20221 3044 846 14856 1986 23469 1147 2207 2593 1504 23401 805 1173 208
internal_value=-8.0885e-05 0.00504437 -0.0166967 0.000758657 -0.0032249 0.0111365 -0.0115733 -0.00706456 -0.00867325 0.00519155 0.0145287 0.00934096 -0.0241354 0.00238473 -0.0129216 0.0165842 0.0068887 0.00863613 -0.000901266 -0.0077202 0.0073958 0.00814155 0.00589608 -0.00197248 0.00933005 0.00360419 0.0101087 -0.00993479 -0.00338879 -0.00551184 -0.0249615 -0.00170656 -0.0135595 0.00560322 0.0118401 0.0104095 0.0174431 0.00819292 -2.99122e-05 -0.00204066 0.0114026 -0.010363 0.00409554 0.012618 0.0143806 0.0119059 0.00802772 -0.0061092 0.016459 0.00512595 0.0035623 0.00451624 0.00254151 -0.0221248 -0.00413101 0.0106368 0.0021459 0.0168858 0.00306365 0.0223556 -0.00397511 0.00249034
internal_weight=54578.8 41712.8 12865.9 24487.5 12897.5 17225.4 7620.17 7656.56 5527.72 11589.9 9575.91 2719 5245.75 5240.99 2951.32 6856.9 7649.45 5437.92 727.379 5325.24 7464.97 7074.7 4712.92 1432.02 3280.9 4791.83 4710.54 2229.59 4705.24 3967.78 5030.81 3944.53 184.486 250.372 3911.05 3434.54 6447.72 2674.06 3348.07 2313.68 2843.29 1654.1 1474.39 2361.77 2080.42 2806.86 1579.44 390.269 5827.98 4140.85 3457.69 3284.66 2404.02 3122.9 437.608 1362.89 6152.01 1227.41 5524.55 476.515 670.044 408.696
internal_count=338362 199981 138381 125549 73572 74432 67616 48504 44935 51977 41528 11348 70765 25068 20807 30180 32904 22882 3136 42144 31767 29997 20085 6177 13908 22851 19746 14310 27697 29974 69105 22969 1137 1378 16294 14299 28481 11157 19544 16071 12031 13903 6098 9912 8719 11855 6703 1770 25664 19131 16087 15241 13182 41052 1877 5720 29095 5152 25994 1995 2900 1727
cat_boundaries=0 1 2 3 4 5 6
cat_threshold=21944 79879 3097 1160 133128 66720
is_linear=0
shrinkage=0.035


Tree=46
num_leaves=63
num_cat=3
split_feature=20 2 45 45 2 46 2 40 8 26 16 22 45 49 19 27 18 23 47 52 26 48 2 19 48 47 42 3 35 24 8 22 46 44 27 29 2 3 26 2 48 16 19 38 48 23 17 18 40 16 41 17 18 46 28 44 27 3 22 43 47 46
split_gain=3573.72 842.031 392.336 359.531 180.804 155.661 147.514 125.72 121.178 112.089 98.2345 104.457 88.6796 86.3349 81.783 74.524 75.2242 69.829 69.515 69.1963 66.0602 64.7334 63.6407 88.2203 62.539 58.9513 63.5556 56.3614 54.6361 51.0808 45.6389 45.5771 45.0224 52.4814 44.9036 42.1936 42.0546 41.9928 41.824 39.9934 39.4203 39.2195 38.9201 45.4679 37.9745 43.3089 63.9311 44.6834 36.8607 36.2886 35.1188 34.7059 34.3255 34.2806 34.7471 34.277 34.2076 34.955 34.653 34.1886 33.9362 33.7017
threshold=1.0000000180025095e-35 104.99500000000002 5.1250000000000009 1.3452380952380956 4.3500000000000005 7.9400000000000004 1738.4400000000003 1.0000000180025095e-35 14.500000000000002 31.000000000000004 0 15.500000000000002 1.8090909090909093 12.500000000000002 3511.8900000000003 13395.420000000002 3840.2933333333335 -0.6830127018922193 1284.3000000000002 5.5000000000000009 177.00000000000003 2.5000000000000004 563.94000000000017 884.49000000000012 11.500000000000002 5507.3600000000015 2.5000000000000004 68.500000000000014 8.5000000000000018 9.5000000000000018 19.500000000000004 1.5000000000000002 109.10000000000002 89.325000000000017 4974.8400000000011 207.50000000000003 1.4650000000000001 31.500000000000004 177.00000000000003 153.45000000000002 10.500000000000002 1 1780.2700000000002 32.610000000000007 11.500000000000002 0.68301270189221941 1053.9700000000003 370.30641666666673 13450.990000000003 2 3596.0800000000004 1142.3900000000001 121.26791666666669 1149.7800000000002 276.39000000000004 316.90000000000003 1141.9200000000003 13.500000000000002 5.5000000000000009 9.5000000000000018 1284.3000000000002 1046.8950000000002
decision_type=8 10 8 8 10 8 8 10 2 2 9 2 8 10 10 10 10 2 8 2 2 2 8 10 2 8 2 2 2 8 2 2 10 8 10 2 10 2 2 10 2 9 10 10 2 2 10 10 10 9 8 8 10 10 8 10 10 2 2 2 8 10
left_child=2 5 4 6 -1 20 9 -6 12 34 14 38 31 15 22 16 60 39 36 -4 -2 -19 23 59 25 26 48 -15 -25 -21 49 -7 33 -23 41 -27 -14 51 -12 -9 56 -3 43 -24 45 47 -47 52 -5 -10 -34 -37 -33 54 -30 -41 57 -8 -58 -11 -13 -44
right_child=1 3 19 24 7 8 40 17 30 10 11 13 18 27 -16 -17 -18 21 -20 29 -22 32 42 28 -26 35 -28 -29 53 -31 -32 44 50 -35 -36 37 -38 -39 -40 55 -42 -43 61 -45 -46 46 -48 -49 -50 -51 -52 -53 -54 -55 -56 -57 58 -59 -60 -61 -62 -63
leaf_value=-0.019689385299239002 -0.0048482679996293809 0.0025499115659506385 -0.0045840179697132551 -0.0034826928377246595 -0.034207800565694155 -0.015636401414034981 0.02154316812386755 -0.017214428450772631 -0.01317344648167961 0.010678324373830544 0.0051072886710117719 0.0017156280362911349 -0.01841083043101362 0.017533504488788092 -0.017163562264369527 -0.018192151551040779 0.016481640197067791 -0.014854940198030048 0.002667742502328064 -0.021270813578482591 -0.017250232144813197 -0.0015576785317007278 0.01437593082571852 0.040556445001824128 0.010699505779969656 0.0019438383283858693 0.0029661476516084717 -0.010458973448273316 0.0053810994493928253 -0.028599522727092236 -0.017488196332653215 0.0017112984128203584 0.008658305473448407 -0.014682902707171964 0.010371867864183731 0.0081779056091032167 -0.0051468207893562842 0.015115731327790975 -0.0063833516280281805 -0.00082565443567311368 0.023892048959134361 -0.014510997014141656 -0.010446760364828585 0.022943425003312728 0.014791650864773435 0.0015043693976089895 0.017767346921346527 -0.0010280194956377487 -0.025196832179289315 -0.002485142409417346 -0.0025722763462112707 -0.015172186078822468 0.018173197037209595 0.0088348517708904065 -0.019209179320094898 -0.018779400668871089 -0.033801792047580971 0.00097995431444603096 0.01660804946545209 0.021673086721772806 0.010638411954354252 0.011734999577828632
leaf_weight=2293.8843226693571 984.34521079063416 284.72225373983383 213.99017333984375 2643.6501589268446 214.23903512954712 135.34886579215527 137.98020625114441 1010.2071752548218 531.284743309021 3396.6749360710382 703.62631964683533 873.20238354802132 366.96139517426491 111.78263141214848 111.64706325531006 104.88438867032528 1987.3872640132904 584.09551450610161 1340.383501008153 2340.9265785217285 1131.8930397033691 1100.9932375177741 1986.990823507309 30.975518107414246 1029.5887756347656 1470.9016876220703 3244.1345176845789 402.31292274594307 97.076162219047546 2363.7046546936035 479.8992086648941 322.1764650195837 626.01672554761171 563.76025462150574 233.80734479427338 245.22674360871315 1441.3253364562988 832.17073476314545 862.70216178894043 452.85931873321533 731.06893157958984 382.88645780086517 102.8685359954834 1237.410514831543 429.03559374809265 608.92345121502876 575.76941320300102 2107.5623324066401 98.406425476074219 1437.0834135711193 747.24026775360107 113.11689922213554 298.73719024658203 126.66948878765106 251.57990872859955 181.92318248748779 15.901539236307142 373.55454254150391 3103.4231747090816 386.22238253057003 1299.4634525179863 438.7093677520752
leaf_count=26718 6522 1181 1657 13743 3031 714 583 9554 3246 14004 2974 3673 3067 471 474 433 8424 4779 6888 27606 8443 9774 8388 127 4589 6703 14707 1741 429 35647 2859 1568 4510 5104 976 1140 9663 3608 3680 3235 3295 1646 427 5402 2036 2760 2570 10265 549 8050 5355 509 1423 520 1072 1411 66 1614 13866 1599 5408 1886
internal_value=-7.97845e-05 0.00487593 -0.0163366 0.00807777 -0.0114402 -0.00285973 0.0107828 -0.00798498 -0.00104662 0.00917359 0.00991743 0.00661148 0.0011285 0.00919231 0.0124616 0.0108254 0.0115611 -0.00691208 -0.00337159 -0.0240729 -0.0114866 -0.00419425 0.0128897 0.00997027 0.00254949 0.00157802 -0.000349026 -0.00435019 -0.00374401 -0.0249582 -0.00781969 0.00429307 -0.00214038 -0.00600861 -0.00279941 0.00591092 -0.00784722 0.0108066 -0.00122156 -0.0128903 0.0164657 -0.00742081 0.0162113 0.0176699 0.00491774 0.00383167 0.00941661 0.00140415 -0.00427087 -0.00545477 0.0025499 0.000785366 0.00964802 -0.00671002 -0.0123667 -0.00599249 0.0149643 0.00655784 0.0163403 0.0118063 0.00705475 0.00751026
internal_weight=54337.3 41643.5 12693.8 29452.7 7775.22 12190.7 19775.5 5481.33 10074.5 15413.6 14512.2 6345.36 7626.22 4779.03 8166.82 4264.94 4160.05 5267.1 3148.67 4918.62 2116.24 3622.11 8055.18 4289.2 9677.2 8647.61 5986.19 514.096 506.301 4704.63 2448.27 4477.55 3038.01 1664.75 901.416 2661.42 1808.29 1190.51 1566.33 1644.99 4361.93 667.609 3765.98 3224.4 4342.2 3913.17 1184.69 2728.48 2742.06 1968.37 1373.26 358.344 620.914 475.326 348.656 634.783 3630.86 511.535 3119.32 3782.9 2172.67 541.578
internal_count=338362 199981 138381 129907 73471 70074 84359 46753 55109 64935 61132 26804 40954 20150 34328 17938 17505 43722 19618 64910 14965 29522 33854 17751 45548 40959 28999 2212 2148 63253 14155 21336 24743 14878 3803 11960 12730 5257 6654 14200 19424 2827 16103 13790 20622 18586 5330 13256 14292 11296 9865 1649 2991 2021 1501 4646 16129 2197 13932 15603 9081 2313
cat_boundaries=0 1 2 3
cat_threshold=5544 20616 96288
is_linear=0
shrinkage=0.035


Tree=47
num_leaves=63
num_cat=5
split_feature=20 4 24 0 2 0 27 40 46 48 23 23 21 48 26 3 52 16 22 3 21 22 2 2 16 35 2 24 40 47 16 44 29 46 26 48 47 7 44 47 16 22 48 47 42 16 22 46 42 29 6 22 44 1 17 18 29 14 19 29 29 40
split_gain=3365.24 796.966 384.103 306.925 206.751 131.017 122.743 111.869 105.151 100.304 162.871 81.2406 79.6737 75.019 69.5759 67.0385 65.3259 64.7385 70.5409 98.1375 64.4672 61.1182 60.0658 53.9565 64.0834 53.7929 53.5445 53.0586 48.9929 46.4303 44.9822 44.7561 44.1013 43.3652 43.2644 46.3973 42.9712 42.8331 40.7557 40.7148 40.5944 40.4967 40.1122 40.0836 52.977 37.4914 71.3597 33.7387 32.0154 31.9101 31.7471 39.6725 31.4599 32.1804 59.9136 31.2079 37.1586 31.1903 31.0027 30.8128 30.537 30.4557
threshold=1.0000000180025095e-35 4.3500000000000005 6.5000000000000009 551.16333333333353 7.6850000000000014 10.620000000000003 1.0000000180025095e-35 1.0000000180025095e-35 10.020000000000001 10.500000000000002 0.68301270189221941 0.25000000000000011 25.960000000000004 2.5000000000000004 70.500000000000014 17.500000000000004 5.5000000000000009 0 29.500000000000004 52.500000000000007 1.4650000000000001 61.500000000000007 168.75000000000003 2347.6300000000006 1 19.500000000000004 563.94000000000017 11.500000000000002 6025.0800000000008 inf 2 131.80000000000004 323.50000000000006 109.10000000000002 192.50000000000003 3.5000000000000004 64.725000000000009 0.73863636363636376 109.39500000000002 1284.3000000000002 3 43.500000000000007 5.5000000000000009 inf 5.5000000000000009 4 7.5000000000000009 579.13000000000011 3.5000000000000004 353.00000000000006 225.74000000000004 14.500000000000002 102.16000000000001 14.970000000000002 19986.300000000003 6098.1750000000011 353.00000000000006 20.500000000000004 332.61772727272734 192.00000000000003 69.500000000000014 1.0000000180025095e-35
decision_type=8 8 8 10 10 10 10 10 8 2 2 2 10 2 2 2 2 9 2 2 10 2 10 10 9 2 10 8 8 8 9 10 2 10 2 2 8 10 10 8 9 2 2 8 2 9 2 8 2 2 8 2 8 10 8 10 2 2 10 2 2 10
left_child=2 4 5 8 11 -1 15 -7 -3 10 17 -2 29 30 40 58 -4 18 19 42 36 33 34 24 32 -26 31 37 45 48 -10 -20 -14 -11 35 -9 -15 -18 -36 -13 -12 -30 -8 44 -22 -24 -47 -16 57 -50 -31 -52 53 54 -38 56 -19 -5 -6 60 -45 -39
right_child=1 3 16 12 6 7 9 22 13 21 14 39 23 20 47 -17 27 55 26 -21 43 -23 28 -25 25 -27 -28 -29 41 50 -32 -33 -34 -35 38 -37 52 61 -40 -41 -42 -43 -44 59 -46 46 -48 -49 49 -51 51 -53 -54 -55 -56 -57 -58 -59 -60 -61 -62 -63
leaf_value=-0.019993337388280939 -0.014906972807619146 -0.0058051846393707826 -0.0044788662029263474 -0.0044445061549552379 -0.013864562168038873 -0.032931161868087935 -0.020899600023194097 -0.015866791646569532 0.00070039717738539572 -0.0037684352392219748 0.0028246708261854166 -0.0087481538817987207 0.0070872834312485488 -0.004426088871880454 0.0066859085063499055 -0.035715320996440772 -0.027245285526549486 0.0041684486725081151 -0.0026108079044869685 -0.022261265679370184 0.0048042062331978119 0.017212961531408714 0.0069669619994260816 0.01988451732579162 0.016365934261778878 0.0059850649147185986 0.0042263419339997766 -0.029022436795446017 -0.027806826643174774 0.014999898120048942 -0.016535272650294513 -0.012440815362242617 -0.016511002940861101 0.0070160870646716975 -0.010129678486012242 -0.002276236038516359 0.018324893984578459 -0.033612503893592507 -0.020485703008542251 0.0045727307346335152 -0.013954614965570062 -0.0031767724475077392 -0.00071911665390298027 0.027535195498035903 0.015392652588118094 -0.024521379318571873 -0.0003003731422018706 0.01597966564797557 0.010921405361518153 -0.0059803559721248092 -0.0095710841943426241 0.011250860557879088 0.00069040137536545291 0.003771407143773409 0.0029063850135588043 -0.018893391559116852 -0.012185526971121834 0.0065066155336760464 0.014518499550552707 0.019182127170901245 0.0068543249336494964 -0.017151586705634322
leaf_weight=1553.2917402498424 1628.4976646751165 1077.1574098020792 213.57814979553223 501.32909393310547 188.80717775225639 221.40727233886719 143.71504662930965 418.29440903663635 838.41863143444061 603.2054135799408 603.67167013883591 617.67314636707306 683.69113278388977 674.68360197544098 1424.2353806495667 161.79419329762459 1024.8303763866425 1944.5568559020758 2232.0019400119781 623.83282017707825 2489.4740540385246 557.15177536010742 558.51758933067322 1932.0309276580811 3775.0727734565735 731.50497007369995 1003.9361481666565 1816.3918933868408 158.40213263034821 1963.1927967071533 227.43086552619934 760.15392804145813 112.06098175048828 1873.2825620174408 1411.8850500583649 1158.0498466491699 686.40257000923157 149.2772811204195 697.08894109725952 514.22709929943085 237.45052081346512 168.52283608913422 726.22566032409668 98.742164611816406 753.91212463378906 175.31880286335945 962.09843179583549 721.8735671043396 1699.7078340053558 148.18750762939453 153.56702160835266 407.87421488761902 1329.7268722653389 1486.5752421617508 561.23322010040283 83.960250645875931 185.54523134231567 870.42860698699951 61.823368787765503 755.02291488647461 723.22210311889648 1840.2387456148863
leaf_count=17430 12355 6171 1660 2118 1188 3140 806 3819 3811 3509 2852 4437 2871 3720 6882 1281 15032 9589 11876 3427 11027 2690 3741 8952 16455 3162 4292 28053 1224 8313 1122 4051 469 8498 12971 9855 2999 2165 6375 2760 1209 1212 3753 418 3125 1374 6475 3059 7097 611 635 1732 6057 6721 2376 442 978 3650 341 3103 2991 23855
internal_value=-7.88342e-05 0.00471247 -0.0159805 0.00872183 -0.00114378 -0.0109462 0.000567179 -0.00857322 0.00461078 0.0011331 -0.000460901 -0.00990336 0.0124279 0.00566721 0.00647523 -0.0182228 -0.0234448 -0.00315091 -0.00518266 -0.0116787 0.00664921 0.00674896 -0.00762283 0.0148723 0.0130425 0.0146501 -0.00276504 -0.0242823 -0.00277493 0.00934729 -0.00313783 -0.00511143 0.00370107 0.00438881 -0.0102824 -0.00589036 0.00374903 -0.0214172 -0.0135608 -0.00269772 -0.00205527 -0.015159 -0.00407312 0.00949884 0.00726943 -0.000380133 -0.00401672 0.00981798 0.00655748 0.00956351 0.0129011 0.00554869 0.005107 0.00725388 0.011397 0.0019018 0.00273887 0.00250404 -0.0068334 0.0140765 0.00936915 -0.0184029
internal_weight=54105.5 41578.3 12527.2 24680.6 16897.6 7482.88 14137.2 5929.59 11702 13724.8 10691.2 2760.4 12978.6 10624.8 2987.23 412.425 5044.32 7703.93 5489.87 1493.77 9558.99 3033.64 5708.18 7234.36 5302.33 4506.58 3996.09 4830.74 2022.86 5744.29 1065.85 2992.16 795.752 2476.49 3685.32 1576.34 4738.62 3014.35 2108.97 1131.9 841.122 326.925 869.941 4820.37 3243.39 1695.93 1137.42 2146.11 3219.65 1847.9 2524.63 561.441 4063.94 2734.21 1247.64 2214.06 2130.1 1371.76 250.631 1576.99 821.964 1989.52
internal_count=338362 199981 138381 109706 90275 67616 70723 50186 53641 67913 53216 19552 56065 47470 14002 2810 70765 39214 28205 7986 42537 14697 47046 31909 22957 19617 20219 69105 14026 24156 4933 15927 3340 12007 33020 13674 21873 41052 19346 7197 4061 2436 4559 20664 14152 11590 7849 9941 13476 7708 10680 2367 18153 12096 5375 11009 10567 5768 1529 6512 3409 26020
cat_boundaries=0 1 2 3 4 5
cat_threshold=26887 133128 20984 21889 136344
is_linear=0
shrinkage=0.035


Tree=48
num_leaves=63
num_cat=8
split_feature=45 4 45 0 7 49 0 17 16 22 46 33 32 48 29 16 16 37 42 22 3 18 4 40 18 42 16 17 19 16 22 3 16 22 1 15 7 48 23 47 22 17 1 8 48 18 41 48 32 14 16 22 48 25 18 40 16 41 32 7 22 44
split_gain=3168.94 639.696 589.429 229.826 219.21 184.031 134.248 110.968 93.9432 98.7439 82.0055 70.9449 69.8126 80.8645 66.1053 65.4546 65.3326 62.9438 80.2154 62.5224 146.123 112.52 66.3888 59.1388 58.739 55.8874 54.9675 53.6351 53.0828 60.7343 52.0762 49.9416 49.568 58.5868 49.4172 54.9898 48.4644 47.7556 67.8679 60.2178 46.0073 45.8072 45.0426 42.2817 41.4946 41.1811 39.8456 39.2143 38.9541 39.0554 38.5501 56.9163 38.1319 37.7632 37.077 41.6572 36.8064 36.7022 36.4515 33.3955 33.3045 33.0298
threshold=2.0500000000000003 4.3500000000000005 5.1250000000000009 602.04000000000008 0.95833333333333337 13.500000000000002 191.88666666666671 1.0000000180025095e-35 0 1.5000000000000002 10.020000000000001 1.5000000000000002 3.2500000000000004 2.5000000000000004 353.00000000000006 1 2 inf 1.5000000000000002 35.500000000000007 61.500000000000007 12867.354415584417 133.96000000000004 3367.5900000000006 12867.354415584417 1.5000000000000002 3 4914.1800000000012 306.98142857142858 4 29.500000000000004 161.50000000000003 5 14.500000000000002 1415.5100000000004 2.1926675263631057 0.82575757575757591 10.500000000000002 0.68301270189221941 259.22500000000008 29.500000000000004 872.80000000000007 35.330000000000013 19.500000000000004 11.500000000000002 9753.7154166666678 745.14000000000021 11.500000000000002 2445.8400000000006 19.500000000000004 6 9.5000000000000018 3.5000000000000004 1.0000000180025095e-35 553.27250000000015 63.925000000000004 7 568.6400000000001 337.12000000000006 0.73863636363636376 19.500000000000004 161.19000000000003
decision_type=8 8 10 8 8 10 10 8 9 2 8 2 10 2 2 9 9 8 2 2 2 10 10 10 10 2 9 10 10 9 2 2 9 2 8 8 10 2 2 10 2 10 8 2 2 10 10 2 10 2 9 2 2 10 10 10 9 10 10 8 2 8
left_child=1 5 4 10 17 6 28 -6 -8 57 -3 -12 13 -9 19 -7 54 18 59 20 32 22 48 -18 34 -17 -11 50 29 42 47 -27 43 -34 35 44 -4 38 -28 41 -29 -40 -1 -5 58 -14 -42 -22 49 -21 -15 -52 -31 -38 55 -13 -19 -10 -25 -2 -36 -61
right_child=2 3 36 14 7 15 8 12 9 26 11 16 45 27 -16 25 23 56 -20 21 30 -23 -24 24 -26 31 37 40 -30 52 -32 -33 33 -35 60 -37 53 -39 39 -41 46 -43 -44 -45 -46 -47 -48 -49 -50 -51 51 -53 -54 -55 -56 -57 -58 -59 -60 61 -62 -63
leaf_value=-0.0043770115817425067 -0.02327133990122679 -0.0050300445469480207 -0.02741948625613972 0.020704115656858906 -0.024340272250040131 0.0077276341389298361 0.018277806203590478 -0.012388041538828616 -0.0056154397922601774 -0.0085418369617450002 -0.0059709462954540627 0.0016005280680799015 -0.0073938603234147146 0.018330533602089066 0.001586927907077007 -0.022625734632570546 0.003193782986058334 -0.0099050939151840503 -0.0076561611982649174 0.0053046873220696563 -0.010079954880648013 -0.0067348549645274277 0.022528681821086902 0.010439352939950049 -0.0092080797813001835 -0.013869879207513381 9.2656608362577615e-05 -0.023481278131908753 -0.011901379270637814 -0.016742346261777032 0.0082341397187994832 0.00093081848896279693 0.0034070372732063463 0.014038961840650198 -0.013039597405856267 -0.003379014832388979 -0.028991106921919238 0.010612231700119193 3.8712475293784459e-07 0.0035484339682429161 -0.0064721578295558442 0.02328712832256398 0.0047439224682019349 0.01008409959983388 0.021766316082774927 -0.026464553352642601 0.015830158557873061 0.01109785580230809 -0.001492786903514996 0.016549214288831913 -0.0063171959694089935 0.0058519474259942882 -0.0040075008035608001 -0.017776282252771353 -0.023170002823080765 0.020640984401570778 0.009667474927226357 -0.0386567256308653 0.00038803836001940882 -0.013343937126926327 0.022060693118948364 -0.024653847508992389
leaf_weight=996.53408890962601 1301.956739962101 849.76055824756622 2310.8279514312744 1484.7994959354401 340.61197471618652 214.03603458404541 545.40093576908112 642.0142548084259 77.288188204169273 394.07245922088623 548.62589730322361 173.63110363483429 2260.8017370700836 192.64085395634174 658.71807861328125 493.61624827980995 4525.6226162910461 314.00168313086033 1017.981231212616 441.86022078990936 588.92050313949585 258.09346771240234 1716.6647182703018 2382.6460516750813 208.657470703125 793.89834102988243 3026.8759266734123 157.88173651695251 684.66618919372559 345.2767740264535 526.65142822265625 430.35617923736572 1015.9542574882507 1695.4011490345001 34.832577392458916 432.55963134765625 469.23286406695843 1346.4974820613861 134.20659273862839 904.36518669128418 554.58157762885094 450.95822936296463 1978.5593075156212 669.32459044456482 324.22690045833588 146.9991512298584 118.20410147309303 129.99724006652832 186.58634352684021 2683.9292478561401 655.39084950089455 1664.8212785869837 1719.5813484191895 1757.8062766343355 28.119720280170441 746.46910279989243 174.61464296281338 88.129523947834969 542.69003848731518 1411.5382222235203 497.65054893493652 409.87833431363106
leaf_count=6193 16094 4452 33993 6492 3637 1239 2409 4798 418 1924 2480 769 17618 1166 2746 4891 19805 2526 8213 1897 2458 1074 7944 10133 886 4947 13725 1089 4709 2171 2246 2575 4250 7247 142 1910 7590 5867 564 4110 3587 1931 10111 2887 1389 1243 765 552 786 11672 4166 9817 9917 20453 118 3160 1331 772 2406 15121 2056 4725
internal_value=-7.8022e-05 0.00541462 -0.0131951 0.00900925 -0.00893557 -0.000325564 0.00120647 -0.00490364 0.00446887 0.00326 0.00542121 0.00627182 -0.00386448 -0.0010211 0.01237 -0.0103863 0.00695101 -0.0147974 -0.0161989 0.0129929 0.0105782 0.0157815 0.0169381 0.00600103 0.00888543 -0.0126179 0.0039722 0.00116461 -0.00276449 -0.00152115 -0.000118588 -0.00867055 0.0133161 0.0100209 0.00978318 0.00833768 -0.0238577 0.00482098 0.00310312 0.00921651 -0.00654052 0.0179555 0.00168269 0.0173301 0.00989788 -0.00856865 -0.00253611 -0.00624041 0.0140348 0.0149619 0.00371326 0.00240293 -0.00611444 -0.0201512 0.0156724 0.0170535 -0.00290993 -0.0233453 0.00857547 -0.0189798 0.0197445 -0.0159012
internal_weight=53878.5 37976.7 15901.8 23352.4 11363.9 14624.3 12692.4 6733.95 6967.79 6422.39 11295.5 10445.7 6393.34 3985.53 12056.9 1931.91 9897.11 4629.97 4141.35 11398.2 6111.05 5287.13 5029.04 8948.89 4423.26 1717.87 6256.98 3343.52 5724.62 5039.95 1245.57 1224.25 4865.48 2711.36 4214.61 3682.12 4537.87 5862.9 4516.41 1489.53 830.667 585.165 2975.09 2154.12 3249.56 2407.8 672.786 718.918 3312.38 3125.79 2512.85 2320.21 2064.86 2227.04 948.22 920.1 488.616 165.418 2925.34 3123.37 532.483 1821.42
internal_count=338362 180430 157932 101957 95896 78473 64821 47886 31720 29311 49706 45254 44249 25388 52251 13652 42774 48010 44153 49505 26132 23373 22299 38727 18922 12413 28121 20590 33101 28392 5256 7522 20876 11497 18036 15838 62036 26197 20330 6605 5441 2495 16304 9379 13928 18861 4352 3010 14355 13569 15149 13983 12088 28043 4047 3929 3857 1190 12539 35940 2198 19846
cat_boundaries=0 1 2 3 4 5 6 7 8
cat_threshold=9417 132104 1184 2048 368 5248 66600 29075
is_linear=0
shrinkage=0.035


Tree=49
num_leaves=63
num_cat=0
split_feature=20 2 45 34 47 0 42 32 43 40 48 37 22 40 5 2 26 49 8 36 32 48 17 0 48 18 22 1 48 48 26 42 6 51 39 7 2 23 12 18 3 8 48 39 26 27 22 37 40 22 18 18 3 24 22 40 23 22 3 26 40 32
split_gain=2988.78 704.156 366.45 313.366 185.824 170.896 146.952 141.134 131.768 129.218 129.114 100.709 89.1909 93.3142 87.4316 85.8146 69.1237 68.1425 67.7339 67.155 64.0217 62.5237 61.5167 60.5503 57.3234 55.7712 72.5366 53.703 63.1661 52.8847 52.1936 57.3731 50.3613 49.5273 48.951 46.7476 45.1148 43.9592 43.4243 42.7359 39.5999 38.129 37.8637 37.5687 36.6302 36.1958 37.5836 35.702 35.0156 42.5901 34.9395 34.8566 34.5814 33.8634 33.2593 37.3603 32.9747 32.1664 31.6276 34.7652 31.2002 30.3223
threshold=1.0000000180025095e-35 104.99500000000002 5.1250000000000009 2.5000000000000004 5507.3600000000015 14.808333333333326 2.5000000000000004 inf 4.5000000000000009 1.0000000180025095e-35 2.5000000000000004 inf 8.5000000000000018 310.37833333333339 139.08166666666671 1738.4400000000003 208.00000000000003 12.500000000000002 19.500000000000004 1.0000000180025095e-35 685.98000000000013 11.500000000000002 11495.540000000001 19.953333333333337 2.5000000000000004 450.0800000000001 1.5000000000000002 inf 4.5000000000000009 3.5000000000000004 146.50000000000003 3.5000000000000004 64.004000000000019 145.2612023551556 163.47000000000003 0.82575757575757591 387.69 -0.6830127018922193 211.39500000000001 3713.3400000000001 8.5000000000000018 8.5000000000000018 4.5000000000000009 36.025000000000006 314.50000000000006 2236.1400000000008 4.5000000000000009 60.780000000000008 6025.0800000000008 41.500000000000007 57.438750000000006 10757.017500000002 42.500000000000007 12.500000000000002 29.500000000000004 241.37500000000006 0.93301270189221952 7.5000000000000009 161.50000000000003 253.50000000000003 13450.990000000003 148.84000000000003
decision_type=8 10 8 2 8 10 2 8 2 10 2 8 2 10 10 10 2 10 2 8 10 2 10 10 2 8 2 8 2 2 2 2 8 8 10 10 8 2 10 10 2 2 2 10 2 8 2 10 10 2 10 10 2 8 2 10 2 2 2 2 10 10
left_child=2 7 5 4 6 -1 11 8 35 -7 -9 32 13 42 29 22 -13 24 23 53 37 25 27 -12 -11 50 -27 33 54 41 39 43 60 -14 36 -2 -26 -10 -33 -25 -38 -5 -6 44 -32 46 -15 -21 -17 -50 -8 -16 -53 -4 55 -29 -28 -39 61 -60 -3 -31
right_child=1 3 19 14 12 9 21 10 20 17 18 16 15 45 51 48 -18 -19 -20 47 -22 -23 -24 30 34 26 56 28 -30 58 31 38 -34 -35 -36 -37 40 57 -40 -41 -42 -43 -44 -45 -46 -47 -48 -49 49 -51 -52 52 -54 -55 -56 -57 -58 -59 59 -61 -62 -63
leaf_value=-0.019263192929510852 -0.0236615152541109 -0.0027779427101933506 -0.022505900894184878 0.02620482791112002 -0.0097209207338706111 -0.033886838315842036 -0.0096014238633877324 -0.011303231541065679 -0.0083661697650082995 -0.01397460164663207 -0.0048787948292893565 0.02086621950322998 0.0091667572311544213 -0.017219344720567242 0.019123481906762711 0.019569965683019632 -0.0010124684494049313 -0.012610921457529685 -0.021072227623974545 -0.0018234902060545188 -0.01382077026826513 0.013413766691476583 -0.0046587445512939005 0.0053535155194883938 -0.0025964774460649613 -0.034066432078331745 0.0022441323631477842 0.044606807283708166 0.018709326558219639 0.012328417438174597 1.3234696292002875e-05 0.01384129610075641 -0.013397322636452864 -0.00032762217374001062 -0.013241162882424563 -0.011338868485241472 0.052718008294934476 -0.0064869023983056343 -0.0033527425287815504 0.017089813183067574 0.0064554054730866627 0.0021212898492401775 0.013622619674842832 -0.0088809324306175011 0.023427018449479094 -0.030388300466982408 0.001118042740960649 -0.018411574564866726 -0.0079075164215352961 0.016644591973704496 0.015406480539776784 0.031789830657792638 0.0011032092090758187 -0.02943380277639188 0.012341214337283741 -0.0052138377862525186 0.013199407817562372 0.0065523335737316651 0.011331599804848784 0.024199736265727651 -0.028494652862117269 0.0053859561131446021
leaf_weight=2018.0088581293821 547.65869665145874 2858.7522265613079 2540.4140876233578 85.726408421993256 100.55524836480618 215.38872337341309 75.682489082217216 1067.6463241577148 505.6613883972168 576.92744478583336 1189.1965274065733 324.55216002464294 2326.4089649915695 218.00903977453709 2548.8881683349609 1378.528190612793 387.20925354957581 1501.5720162391663 154.51833111047745 225.66075849533081 485.82376098632812 955.69126129150391 425.22275269031525 1508.7078049331903 2267.3587322682142 64.500254407525063 4915.7942607849836 18.567104324698448 1209.2153425216675 3043.1594591140747 1989.5695726647973 636.28536376357079 762.65681564807892 946.77531051635742 414.04383039474487 1220.8975067138672 22.667315945029259 295.4553302526474 250.25540813803673 507.84748077392578 553.42625153064728 1130.847278341651 531.85831499099731 612.73757442086935 84.364518880844116 82.706556797027588 364.97948837280273 538.48957538604736 138.43781864643097 227.81338489055634 659.00974273681641 53.787664830684662 251.90952450037003 1338.6031123697758 425.48253816366196 319.3671408444643 360.38366389274597 1062.6592141389847 547.71922874450684 489.60366249084473 58.0003662109375 1035.080584526062
leaf_count=24460 4955 14559 35891 356 432 3229 357 6583 2966 4897 7353 1386 9996 1101 11859 6021 1727 14960 833 1856 3005 4002 1864 7044 19030 460 21530 78 5093 13003 10808 2836 3573 3996 3248 8686 144 1726 1146 2365 3503 4737 2329 3590 419 361 1560 5572 603 1007 2816 251 1079 21591 1762 1341 1529 5759 2314 2127 329 4369
internal_value=-7.67007e-05 0.00440763 -0.015293 0.00734059 0.00489628 -0.0105423 0.00195927 -0.00268874 -0.00795254 -0.00736918 2.11735e-05 -0.00306372 0.00874545 0.000281735 0.0126971 0.0102267 0.00897915 -0.00629264 0.00176633 -0.0230337 -0.00251881 0.00509632 0.00813583 0.00228994 -0.00381574 0.00378594 0.00254089 0.00917364 0.0137351 0.0104015 0.00381565 0.00127415 -0.00539516 0.00642123 -0.00201279 -0.015166 -0.000373711 0.000433059 0.0089894 0.00831618 0.00836388 0.00383848 0.00990145 -0.00127411 0.000976504 -0.00885819 -0.00575698 -0.0135217 0.0170143 0.00736798 0.0128208 0.0177839 0.00658859 -0.0249036 0.0058421 -0.00235301 0.00299478 0.00371299 0.0119612 0.0174227 -0.00329892 0.0105681
internal_weight=53654.7 41442.2 12212.6 29322.9 20136.2 7569.39 11422.2 12119.3 4118.16 5551.38 8001.13 4391.17 8713.93 1298.11 9186.72 7415.82 711.761 5336 6933.48 4643.17 2349.6 7031.06 5671.04 6778.96 3834.42 6075.37 5340.68 5245.82 1972.63 6332.14 5589.77 3573.21 3679.41 3273.18 3257.5 1768.56 2843.45 1863.78 886.541 2016.56 576.094 1216.57 632.414 2686.67 2073.93 665.695 582.989 764.15 1744.78 366.251 734.692 2854.59 305.697 3879.02 763.417 337.934 5276.18 1358.11 5115.56 1037.32 2916.75 4078.24
internal_count=338362 199981 138381 129907 89812 73471 52268 70074 27097 49011 42977 21574 37544 5783 40095 31761 3113 45782 36394 64910 13456 30694 24130 35561 30822 26692 23519 22266 8274 26906 28208 18799 18461 13992 25925 13641 22677 10451 3982 9409 3647 5093 2761 14817 11227 3022 2661 7428 7631 1610 3173 13189 1330 57482 3181 1419 23059 7485 21813 4441 14888 17372
is_linear=0
shrinkage=0.035


Tree=50
num_leaves=63
num_cat=7
split_feature=20 2 42 34 47 34 47 42 46 40 22 45 4 27 40 16 44 0 2 48 16 22 47 42 48 23 16 17 32 19 32 29 22 41 23 48 16 26 32 40 16 48 46 4 42 11 22 16 40 18 23 29 18 16 41 22 3 40 46 45 27 23
split_gain=2813.09 667.251 356.377 275.161 172.703 160.897 116.99 116.388 97.9856 87.036 82.0151 78.9869 77.0339 67.0907 64.7349 62.5579 60.8251 59.8793 56.4368 54.2817 52.4298 68.8985 51.6584 76.5637 60.1088 55.0962 48.4341 47.8156 45.708 45.6911 45.3912 42.2637 42.0972 56.8561 41.3211 60.4472 40.651 38.6362 38.6338 38.4436 37.6424 37.242 42.7799 36.9748 35.6729 35.2629 34.0022 42.8632 38.5059 54.7198 47.4125 51.6188 42.3399 34.6876 39.2592 34.6368 33.151 33.0848 32.8913 32.8255 31.0217 30.8263
threshold=1.0000000180025095e-35 514.35000000000014 1.0000000180025095e-35 1.5000000000000002 inf 2.5000000000000004 5507.3600000000015 1.5000000000000002 17.320000000000004 1.0000000180025095e-35 8.5000000000000018 8.2500000000000018 1.4450000000000001 13395.420000000002 1.0000000180025095e-35 0 161.19000000000003 19.953333333333337 7.6850000000000014 11.500000000000002 1 1.5000000000000002 inf 4.5000000000000009 3.5000000000000004 -1.0000000180025095e-35 2 11495.540000000001 685.98000000000013 21.144166666666671 1178.0800000000002 84.500000000000014 52.500000000000007 8689.8600000000024 -0.6830127018922193 2.5000000000000004 3 55.000000000000007 17.615000000000006 17772.450000000001 4 2.5000000000000004 44.680000000000014 133.96000000000004 2.5000000000000004 2236.9700000000003 2.5000000000000004 5 310.37833333333339 929.11125000000015 0.68301270189221941 115.50000000000001 3713.3400000000001 6 4948.8300000000008 67.500000000000014 36.500000000000007 668.10500000000013 10.020000000000001 3.7083333333333335 2236.1400000000008 -0.6830127018922193
decision_type=8 10 2 2 8 2 8 2 10 10 2 10 8 10 10 9 10 10 10 2 9 2 8 2 2 2 9 10 10 10 10 2 2 10 2 2 9 2 10 10 9 2 10 10 2 10 2 9 10 10 2 2 10 9 10 2 2 10 10 10 10 2
left_child=2 3 11 4 7 6 13 18 -4 -10 15 14 -5 20 -1 60 29 -16 -2 43 -3 -22 23 -14 -25 31 -9 32 41 -6 -26 -24 33 37 -11 -36 44 -12 -37 46 -19 -28 -43 -7 56 -29 47 -31 -48 -50 51 55 -52 -53 -55 -51 -23 -17 -20 -40 -8 -44
right_child=1 5 8 12 16 19 10 26 9 34 27 -13 22 -15 17 57 -18 40 58 -21 21 36 25 24 30 -27 28 45 -30 39 -32 -33 -34 -35 35 38 -38 -39 59 -41 -42 42 61 -45 -46 -47 48 -49 49 50 52 53 -54 54 -56 -57 -58 -59 -60 -61 -62 -63
leaf_value=-0.034354487168192213 -0.020719993194801802 0.015453209704574707 -0.015306664123147906 -0.00020998647954376747 -0.0056290685859114384 0.010657764831767924 0.0099557488415607468 -0.011081189598019826 -0.033157712277405695 -0.010210130597239027 -0.00070368296757267613 -0.026848820864150819 0.00074779269764657435 -0.019428817998395336 -0.021798131336461943 0.00050210647545576546 -0.010464448623900698 0.0061832848041912022 -0.018463376336043606 0.023712628234079314 -0.029853021538082412 0.0068582283913944178 0.019416555967828847 -0.00099515157388781477 0.012667831157397258 0.015833043192993248 -0.0091262393202111557 -0.0039284302066352342 -0.010397537232390968 -0.026603925374373272 -0.0049557215220811706 0.0016627713319413632 0.019702197306760177 -0.021185980334539771 -0.014052771995414982 0.0042563983979943525 -0.0091894932145839114 0.013447664779226027 -0.0018318569162050406 -0.021424148351457877 -0.013868623740901618 -0.0039447964114693868 -0.00092735220954146902 0.016492487367081556 0.0066922935585434591 0.02551036051187865 0.014030340694103704 0.0010572348974646889 -0.0054525977042370758 0.0065127714385586266 0.0084521923021614823 0.017473589061009993 0.025775539017041632 -0.0045022374184869891 0.015152479132748661 0.030013023875329316 -0.0032791382153147261 -0.026618431004955482 -0.0071985497420835112 -0.016707799207511601 -0.028501493992440868 0.0084645851218962363
leaf_weight=282.17352002486587 682.31559918820858 451.25936889648438 2118.8902428001165 3156.5815537720919 645.32655139267445 3419.2428852468729 385.54432439804077 745.93296699225903 139.35608673095703 1313.1474685668945 258.61921882629395 2003.6610547974706 3172.6078812330961 150.88729858398438 1637.0296187400818 91.61423996090889 446.40966033935547 121.2019100189209 385.2298729121685 639.032470703125 75.503398641943932 615.82815837860107 200.7429313659668 631.1918511390686 2124.4821079671383 1205.3999652862549 452.97809395194054 321.72659277915955 586.78160154819489 75.829486608505249 194.97448840737343 885.24638557434082 1037.1142947673798 62.852735757827759 469.60544154047966 1141.3125982582569 277.41309286653996 2730.4603416919708 874.87947704643011 68.599727630615234 1730.9672703742981 1054.7022832334042 688.33011531829834 2189.6894267648458 3000.9551815986633 57.949256896972656 593.82556390017271 330.37460978329182 572.89635916799307 207.84467579424381 670.36899317800999 111.37677001953125 232.75999055802822 1026.5479747578502 140.67017763108015 121.59719361364841 1098.6731333732605 137.12152549624443 1804.9746635258198 228.44987580925226 26.566988468170166 1130.5793563425541
leaf_count=4342 6497 1899 22167 15319 3720 14850 1647 4728 2177 10560 1081 32321 14750 696 23539 412 2217 1440 3041 2980 539 2649 844 2688 8878 4985 2771 1386 3425 409 841 3672 4558 272 3795 8233 1232 11647 6567 325 21265 7037 3889 10190 12446 245 2750 1607 2674 938 2845 520 972 4947 609 535 4916 674 11269 1975 113 5847
internal_value=-7.54997e-05 0.00426022 -0.0149488 0.000543098 -0.00299777 0.00957478 0.00698357 -0.00639303 -0.00917966 -0.00606101 0.0108242 -0.0212253 0.00445263 0.00352154 -0.0182314 -0.000884071 0.00187865 -0.016918 -0.011933 0.0140438 0.00415233 0.0031067 0.00620153 0.00452269 0.00857993 0.0106839 -0.00297572 0.0125031 -0.00139641 0.003029 0.0111849 0.00495937 0.0136061 0.0115287 -0.00511541 -0.00264774 0.00361723 0.0122234 -0.000256475 0.00437549 -0.0125953 0.000189763 0.00166094 0.0129381 0.00438263 0.000619971 0.00481398 -0.00478652 0.00587532 0.00430106 0.00652754 0.00292002 0.0129404 -0.000266685 -0.00210454 0.0152513 0.000363957 -0.015142 -0.00918742 -0.00492434 0.00723837 0.00491184
internal_weight=53436.2 41375.5 12060.7 24347.5 12776.3 17028.1 10780.1 7531.82 6285.64 4166.75 5109.57 5775.03 11571.2 5670.52 3771.37 640.847 5244.43 3489.2 2872.52 6247.96 5519.63 5068.37 8414.65 6123.26 2950.65 2291.39 4659.3 4468.72 3913.37 4798.02 2319.46 1085.99 4089.05 3051.93 4027.39 2714.25 4992.87 2989.08 2244.64 4152.69 1852.17 3326.59 2873.61 5608.93 4715.46 379.676 4084.09 406.204 3677.89 3084.06 2511.17 1608.04 903.129 1278.59 1167.22 329.442 1714.5 228.736 2190.2 1103.33 412.111 1818.91
internal_count=338362 199981 138381 125549 73572 74432 46412 48504 55474 33307 22035 82907 51977 24377 50586 2846 25068 46244 20807 28020 23681 21782 36658 27157 12407 9501 27697 19189 22969 22851 9719 4516 17558 13000 31130 20570 21243 12728 16775 19131 22705 19544 16773 25040 20011 1631 18806 2016 16790 14040 11366 7549 3817 6076 5556 1473 7565 1086 14310 8542 1760 9736
cat_boundaries=0 1 2 3 4 5 6 7
cat_threshold=7304 1160 79879 151808 1132 20870 131072
is_linear=0
shrinkage=0.035


Tree=51
num_leaves=63
num_cat=5
split_feature=24 4 2 7 24 27 40 46 32 48 29 48 46 16 8 22 16 18 18 17 22 18 18 16 22 16 39 22 48 7 22 26 26 18 32 18 8 2 26 16 12 46 41 47 42 3 26 48 18 41 19 47 22 50 14 18 35 3 3 40 18 37
split_gain=2677.3 782.851 253.317 229.543 216.68 123.435 117.267 100.04 86.7238 88.9856 94.1332 127.261 84.6574 78.4208 88.133 74.9136 105.51 92.3777 74.2663 73.2939 70.5252 66.242 79.0162 65.5077 64.5056 61.2269 58.6327 57.1835 56.3199 55.4395 53.4838 52.4767 52.1528 49.0377 46.9849 46.6171 46.5576 46.0513 45.5007 45.3863 44.4791 43.7143 43.6338 42.7717 47.2464 42.0573 45.2528 41.5594 41.3706 41.3479 40.9297 40.6391 39.5276 39.1944 38.134 37.4628 36.8553 36.7768 36.2218 35.4913 35.6756 34.4821
threshold=3.5000000000000004 3.8550000000000009 672.21000000000015 0.95833333333333337 7.5000000000000009 1.0000000180025095e-35 1.0000000180025095e-35 55.470000000000006 148.84000000000003 2.5000000000000004 222.50000000000003 10.500000000000002 61.405000000000008 0 9.5000000000000018 41.500000000000007 1 12867.354415584417 223.45611111111114 8447.4900000000016 15.500000000000002 3840.2933333333335 12867.354415584417 2 63.500000000000007 3 145.61000000000004 7.5000000000000009 3.5000000000000004 0.42261904761904767 13.500000000000002 70.500000000000014 70.500000000000014 2083.0512121212128 891.71000000000015 9753.7154166666678 12.500000000000002 3593.52 223.50000000000003 4 193.13000000000002 82.800000000000011 1276.9200000000003 733.86000000000013 3.5000000000000004 221.50000000000003 55.000000000000007 11.500000000000002 4736.4725000000008 1276.9200000000003 960.54000000000008 72.250000000000014 29.500000000000004 93.692414016173572 22.500000000000004 40.294166666666676 21.500000000000004 49.500000000000007 248.50000000000003 92.836666666666687 553.27250000000015 163.37500000000003
decision_type=8 8 10 10 10 10 8 8 10 2 2 2 8 9 2 2 9 10 10 10 2 10 10 9 2 9 10 2 2 10 2 2 2 10 10 10 2 10 2 9 10 10 10 8 2 2 2 2 10 8 10 8 2 10 2 10 2 2 2 10 10 10
left_child=1 3 7 29 6 18 -2 43 9 -7 11 23 38 59 27 16 30 26 40 20 32 28 47 49 41 -10 58 -15 -16 -1 42 39 -18 37 45 -21 51 -34 61 -12 -5 -13 56 44 -3 46 -22 50 -14 -11 -23 -31 -50 -48 -51 -33 -4 -32 -17 -9 -61 -8
right_child=4 2 15 5 -6 8 12 13 25 10 31 24 48 14 21 17 19 -19 -20 35 34 22 -24 -25 -26 -27 -28 -29 -30 36 57 55 33 -35 -36 -37 -38 -39 -40 -41 -42 -43 -44 -45 -46 -47 53 -49 52 54 -52 -53 -54 -55 -56 -57 -58 -59 -60 60 -62 -63
leaf_value=-0.022960143573124859 -0.033653954292602789 -0.0087306062715913485 0.015999215757336854 -0.01429943677640823 -0.024025510166889003 -0.0061712712393752409 -0.0030712649234652038 0.004744858370724957 0.0059231881699099891 -0.019320361380683607 0.0064057946773696771 -0.004971175310746795 -0.004185715386813932 -0.0054647396377151434 -0.011374766335956243 0.012226411674538968 -0.01866059052801796 -0.0061651004157199313 -0.033506368541024956 -0.032700684096542761 0.0003395890073346174 0.0078148649864107148 -0.024053770192079466 0.0077862428899581407 0.018312546733969277 -0.0064873029578192201 0.022090368474917778 0.011470350627810277 0.0012339270147776549 -0.0096845394815990131 0.024375686026535136 -0.010669604179160469 0.002953088346050483 -0.015919976130577981 -0.0019539727205473891 -0.00092377081175441876 -0.013980415150418915 0.026181756949295421 -0.020210495629299684 -0.012510659289742184 0.018982261069952832 0.0072226011455159807 -0.0069864164159303948 0.0042308929034410806 0.0031462710458605358 -0.032250314797139246 0.010825921230660054 0.019004568739671216 -0.028130466161148102 -0.0076215576486537272 -0.0039245951624537704 -0.0012502861236885789 -0.0085101221117491015 0.020583983351088249 0.00011714716682305816 0.011116206368056644 -0.0019619832222065683 -0.034339244065891478 0.028720324818420458 0.020138389454324994 -0.014352830908609372 -0.01449440649964568
leaf_weight=321.43193664029241 317.49878466129303 1185.5121838599443 1111.4680394083261 168.40405996143818 3456.9373817443848 1339.5592368841171 424.1063272356987 315.65697188675404 588.94103240966797 224.87872365117073 395.61044956743717 472.72509217262268 1802.9874258041382 267.7611990571022 505.47692722082138 2517.0957655906677 154.70413947105408 235.39803695678711 202.50308002531528 87.322715282440186 353.99205023050308 2305.6341455578804 100.13881301879883 582.39918208122253 505.11370992660522 2644.8059800863266 1428.7477736473083 2719.0498790740967 3030.3912601470947 1394.6966978237033 729.44752025604248 99.640508055686951 845.23870527744293 145.24831902980804 351.79282623529434 157.39299297332764 1090.8175933659077 118.37109756469727 1414.152473449707 240.57425473630428 68.357573300600052 1503.3649485111237 137.28975260257721 1057.1131646633148 626.53295910358429 25.599003791809082 1698.1016419678926 335.53855901956558 187.44852471351624 1582.550019711256 431.304159283638 1404.2921505942941 382.58537840843201 720.03544215857983 1537.2057294845581 2617.6193491220474 159.85224960744381 12.469881057739256 174.14145755767822 791.88673587143421 37.838397592306137 1375.1641818881035
leaf_count=3351 4772 7562 4873 1152 55257 7301 4087 1368 2857 1259 1865 2843 15323 1186 2347 11062 648 988 1920 377 1496 9949 447 3028 2543 14591 6724 11644 13356 11555 3260 506 3544 619 1496 670 8462 531 16522 1231 421 7029 599 4774 2852 108 7281 1456 1808 8068 1842 9535 3525 3293 7936 12350 690 57 785 3361 164 15856
internal_value=-7.45152e-05 0.00355224 0.00763738 -0.00179997 -0.0170657 0.000254872 -0.0129872 0.0044496 0.000815449 0.00228474 0.00344564 0.000958938 -0.0118068 0.0059876 0.00494556 0.0115515 0.00925569 0.0151372 -0.0179993 0.0062469 0.00729485 0.00272329 0.0063941 -0.00296144 0.00716246 -0.00422767 0.0163556 0.00995084 -0.00057128 -0.00900729 0.0156646 0.00819588 0.000308851 0.00296983 0.0100966 -0.0123498 -0.0078487 0.00583071 -0.0155092 -0.00085171 -0.00465096 0.00430454 0.0117173 -0.00136153 -0.00462459 0.011612 0.0120285 0.00739397 -0.00678868 -0.00484349 0.00596413 -0.00545491 -0.015 0.0137388 -0.00380963 0.0103137 0.0137411 0.0233439 0.013304 0.0146254 0.0185501 -0.0118051
internal_weight=53219.9 43859 24873.5 18985.5 9360.88 14774.3 5903.94 13709.8 14335 11101.2 9761.68 6408.24 5586.44 10840.7 9695.29 11163.7 6808.33 4355.38 439.265 4657.8 4413.08 6708.48 3172.62 3927.03 2481.2 3233.75 4119.98 2986.81 3535.87 4211.24 2150.53 3353.44 1263.56 1108.86 3149.52 244.716 3889.81 963.61 3213.42 636.185 236.762 1976.09 1408.61 2869.16 1812.05 2797.73 2772.13 3072.48 2373.02 3344.63 2736.94 2798.99 570.034 2418.14 3119.76 2717.26 1271.32 741.917 2691.24 1145.38 829.725 1799.27
internal_count=338362 221212 111409 109803 117150 76900 61893 62308 73407 55959 48658 32706 57121 47120 42227 49101 29542 19559 3493 20063 19016 29397 13694 20291 12415 17448 18571 12830 15703 32903 9479 15952 5342 4694 13674 1047 29552 4075 36465 3096 1573 9872 6162 15188 10414 12178 12070 13247 20656 17263 11791 21090 5333 10574 16004 12856 5563 3317 11847 4893 3525 19943
cat_boundaries=0 1 2 3 4 5
cat_threshold=1192 5248 149888 132232 21761
is_linear=0
shrinkage=0.035


Tree=52
num_leaves=63
num_cat=6
split_feature=24 2 13 24 46 8 15 40 18 27 46 48 16 42 47 32 29 16 29 29 41 45 16 7 2 16 40 48 19 16 18 26 1 25 35 39 16 8 31 18 27 30 47 35 3 2 37 49 39 24 46 2 8 47 48 26 3 32 20 1 44 48
split_gain=2524.79 716.694 286.135 212.157 159.39 121.876 119.304 115.031 86.8731 84.5142 81.1585 77.426 88.5697 77.1689 91.7152 73.4001 71.7139 63.5733 59.447 58.8481 55.4662 55.3657 68.101 54.8023 49.2925 47.3639 94.4185 70.3559 47.2028 46.7011 46.6968 44.0737 42.7849 42.4129 42.1543 41.8223 41.0726 45.5079 39.9767 39.3276 37.3811 37.2246 36.4859 35.5946 33.8495 33.3366 32.8991 32.7056 31.9518 30.5947 29.8357 27.8976 27.057 27.0547 26.9701 26.2868 26.1309 25.9314 29.5435 44.4526 34.6343 40.6452
threshold=3.5000000000000004 104.99500000000002 0.8377192982456142 7.5000000000000009 7.9400000000000004 14.500000000000002 0.70181962579843027 1.0000000180025095e-35 12867.354415584417 1.0000000180025095e-35 61.405000000000008 3.5000000000000004 0 3.5000000000000004 inf 12.105000000000002 192.00000000000003 1 207.50000000000003 353.00000000000006 2714.6700000000005 2.183333333333334 2 0.61250000000000016 1261.1400000000001 3 3367.5900000000006 3.5000000000000004 182.44900000000004 4 12867.354415584417 223.50000000000003 2031.3900000000001 341.11000000000007 8.5000000000000018 36.025000000000006 5 7.5000000000000009 1.0000000180025095e-35 4736.4725000000008 1645.5000000000002 432.09000000000009 3009.2400000000002 26.500000000000004 177.50000000000003 1738.4400000000003 163.37500000000003 2.5000000000000004 339.16000000000003 12.500000000000002 10.020000000000001 672.21000000000015 25.500000000000004 622.77500000000009 2.5000000000000004 100.50000000000001 248.50000000000003 1821.1500000000003 13.445950960221392 14.970000000000002 161.19000000000003 4.5000000000000009
decision_type=8 10 8 10 8 2 8 8 8 10 8 2 9 2 8 10 2 9 2 2 10 10 9 10 10 9 10 2 10 9 10 2 10 10 2 10 9 2 2 10 10 10 8 2 2 8 10 10 10 10 8 10 2 8 2 2 2 10 10 10 10 2
left_child=1 4 8 7 16 13 25 -2 9 17 31 12 32 14 23 18 -1 -3 20 24 29 22 -17 -6 43 -4 27 -27 41 -13 35 46 -11 55 -32 -28 37 -20 45 -12 -22 -7 47 50 -43 48 -9 -29 -31 -5 -8 -33 -39 -18 -25 -10 -41 58 59 60 61 -52
right_child=3 2 6 49 5 28 19 10 33 11 39 15 -14 -15 -16 21 53 -19 36 -21 40 -23 -24 54 -26 26 30 42 -30 38 34 51 -34 -35 -36 -37 -38 52 -40 56 -42 44 -44 -45 -46 -47 -48 -49 -50 -51 57 -53 -54 -55 -56 -57 -58 -59 -60 -61 -62 -63
leaf_value=-0.016445192188980728 -0.033439771027755222 -0.02851241754716926 0.018629313513270497 -0.0213780871597904 -0.022447438087287889 -0.0085635726560468386 -0.0086355573924150539 -0.0029708149730265018 0.0043626608518530169 -0.00037472299611967792 -0.0040510879667336958 0.019201580676234099 -0.015231643053851818 0.0074814325300230208 0.0034320116380796863 -0.0045718424460436851 -0.0087426661475284492 0.0080007438678170034 -0.0010659426102471463 -0.0068499655153278988 -0.014714241936021893 -0.0077838824121637526 0.006548126730028624 -0.012891456241602463 0.011651009733256395 -0.0060224425535578196 0.009982840682454714 -0.0047794358016702704 -0.012014008843803922 0.0040197694850919044 0.01630046561852554 -0.020151887141445529 0.017587444069949408 0.0034770614523372801 -0.018045393903639462 0.018014409979435059 0.0068402058614714829 0.020956084207046508 -0.0037257593194757192 -0.017524221358121247 0.016469924712394651 -0.0016476493820075197 0.013771560568452015 -0.030738513340666102 0.016671694389350174 0.013073469517021138 -0.014153479166680305 0.0083803211265843607 -0.012860904250336962 -0.028564898027126147 0.0044333977554891889 0.053813812740705229 -0.02476168881674131 0.0021981443591535085 -0.0026639518278536219 -0.019554020035353076 0.0049782203045734873 -0.0047309075638945607 0.010555201825917945 0.00046063208657405255 -0.0022150062860815172 0.016988340657614575
leaf_weight=1399.6181244552135 308.51428282260895 162.9075870513916 1408.8702163696289 2304.6746158599854 204.57943403720856 680.48782861232758 172.30219607055187 423.15169197320938 66.049607872962952 1451.3268718719482 1797.8300145864487 218.97752511501312 486.95587706565857 1659.1705945432186 3044.4422836303711 983.21417629718781 761.00732642412186 86.468527600169182 144.30959177017212 378.194580078125 49.96466338634491 716.19237241148949 2102.8799826800823 354.48578509688377 2221.4600236415863 471.22283427417278 1139.6680079996586 324.51295700669289 1478.3279919624329 3262.0191250368953 77.592381954193115 1385.980416379869 181.91485190391541 202.11655426025391 97.848410129547119 2655.3561455011368 1028.5110771656036 864.27641081809998 877.6369466856122 491.63788318634033 656.31475639343262 463.66413640975952 1001.4317169189453 32.17124617099762 167.37063503265381 489.32400965690613 1359.3069116473198 800.16041335463524 142.43532562255859 1081.1279811859131 576.9729600995779 5.3473092690110198 15.354957103729246 434.3558766245842 2842.8643963336945 367.88735067844391 72.079949378967285 254.10992321372032 1622.5052375346422 1521.5086487978697 282.44023409485817 699.52557834982872
leaf_count=11862 4772 1626 6315 36093 1867 4662 796 4087 336 6849 15323 994 2464 7671 14684 4544 6275 557 652 1607 240 4289 9447 2577 9831 2006 4823 1373 9043 14976 326 16475 785 916 406 12176 4588 3703 4120 4651 2915 2733 4411 135 916 2118 15856 3458 706 19164 2380 47 71 2670 18972 1925 682 1081 6855 6366 1171 2943
internal_value=-7.33725e-05 0.0034335 0.00642156 -0.0167085 -0.00327665 -0.00141957 0.00969283 -0.0126656 0.00288451 0.00346267 -0.0115019 0.00383146 -0.00231563 0.000752364 -0.000980459 0.00495982 -0.0110704 -0.0166897 0.00691394 0.00660205 0.00507233 0.00097653 0.00301143 -0.0049291 0.00729197 0.0126989 0.0113784 0.00620373 -0.00772783 0.00377138 0.0147898 -0.0151575 0.00162554 -0.00975502 -0.00284892 0.0156057 0.0120204 0.0169797 0.00301281 -0.00658463 0.0142462 -0.00289104 0.00891506 0.005414 0.00322992 0.00453995 -0.0115019 0.00458234 0.00330995 -0.0236807 0.0056467 -0.0198292 0.0201308 -0.00476862 -0.00380154 -0.015912 -0.0146432 0.00614477 0.00673329 0.00471747 0.00886915 0.0113215
internal_weight=53014.9 43785.3 30294.9 9229.65 13490.4 10895.4 15737.9 5843.85 14557 13921 5535.33 13671.6 2120.2 8105.54 6446.37 11551.4 2594.98 249.376 7749.12 7761.19 5696.67 3802.29 3086.09 3401.93 7383 7976.66 6567.79 2597.33 2789.85 4990.39 3970.46 3173.79 1633.24 636.054 175.441 3795.02 2052.45 1023.94 4771.42 2361.55 706.279 1311.52 2126.11 5161.54 631.035 3893.78 1782.46 1124.67 3404.45 3385.8 5129.36 1391.33 879.631 1195.36 3197.35 433.937 563.718 4957.06 4702.95 3080.45 1558.94 1276.5
internal_count=338362 221212 137280 117150 83932 63125 68459 61893 68821 65644 57121 63461 10098 45771 38100 53363 20807 2183 35083 33165 26069 18280 13991 23416 31558 35294 28979 11248 17354 22914 17731 36465 7634 3177 732 16999 9014 4426 21920 20656 3155 8311 9242 21727 3649 17800 19943 4831 15682 55257 21592 16522 3774 8945 21549 2261 5333 20796 19715 12860 6494 5323
cat_boundaries=0 1 2 3 4 5 6
cat_threshold=21984 153904 16480 5248 1080 148648
is_linear=0
shrinkage=0.035


Tree=53
num_leaves=63
num_cat=5
split_feature=24 4 2 24 2 27 40 48 23 16 3 0 16 22 3 26 22 16 18 26 17 22 22 46 48 16 8 18 22 39 22 46 26 26 18 18 18 19 2 32 41 32 50 16 37 26 48 52 33 33 3 22 48 18 19 26 18 40 3 18 33 2
split_gain=2380.54 695.599 219.939 207.594 207.355 123.657 112.785 94.4756 148.389 87.7317 79.5614 77.8329 74.437 82.4556 75.3529 70.1837 69.5688 96.1621 83.5588 68.7984 68.6389 65.9488 63.7827 61.7588 73.9179 60.0271 70.1492 55.7886 55.0138 54.6502 48.539 47.491 47.2001 46.3791 46.4651 44.085 43.985 42.6238 42.6142 42.3339 41.7377 41.5856 41.2735 40.3223 40.2117 40.1259 39.3473 37.9048 46.5228 37.479 37.2083 47.5502 36.9957 36.9234 36.8066 36.7106 36.6839 40.797 36.2404 35.1572 41.7042 35.6858
threshold=3.5000000000000004 4.3500000000000005 672.21000000000015 7.5000000000000009 7.6850000000000014 1.0000000180025095e-35 1.0000000180025095e-35 10.500000000000002 0.68301270189221941 0 17.500000000000004 10.620000000000003 1 39.500000000000007 61.500000000000007 70.500000000000014 41.500000000000007 2 12867.354415584417 161.50000000000003 8447.4900000000016 15.500000000000002 63.500000000000007 10.020000000000001 11.500000000000002 3 9.5000000000000018 12867.354415584417 25.500000000000004 145.61000000000004 13.500000000000002 68.020000000000024 192.50000000000003 70.500000000000014 2663.4285000000004 3840.2933333333335 9753.7154166666678 332.61772727272734 3593.52 inf 1276.9200000000003 inf 93.692414016173572 4 9005.3000000000011 70.500000000000014 2.5000000000000004 7.5000000000000009 6.5000000000000009 1.5000000000000002 36.500000000000007 7.5000000000000009 5.5000000000000009 8148.0162500000015 1055.4560000000004 223.50000000000003 553.27250000000015 63.925000000000004 49.500000000000007 6098.1750000000011 4.5000000000000009 272.0800000000001
decision_type=8 8 10 10 10 10 8 2 2 9 2 8 9 2 2 2 2 9 10 2 10 2 2 8 2 9 2 10 2 10 2 10 2 2 10 10 10 10 10 8 10 8 10 9 10 2 2 2 2 2 2 2 2 10 10 2 10 10 2 10 2 10
left_child=1 4 9 6 19 10 -2 8 12 46 -6 -8 13 14 52 43 17 30 29 45 21 33 31 -11 25 56 37 35 -16 -18 40 -9 49 -19 38 -28 -22 -27 -35 -23 -4 -17 -41 -10 53 -1 -3 48 -15 -13 -34 -52 -7 -33 -37 -50 57 -25 -32 60 -14 -62
right_child=3 2 16 -5 5 7 11 22 15 23 -12 32 59 47 28 41 18 20 -20 -21 36 39 -24 24 -26 26 27 -29 -30 -31 58 44 50 34 -36 54 -38 -39 -40 42 -42 -43 -44 -45 -46 -47 -48 -49 55 -51 51 -53 -54 -55 -56 -57 -58 -59 -60 -61 61 -63
leaf_value=-0.015028686651488089 -0.033225819449096528 -0.021475032402481643 0.013074132584511837 -0.023336270989482228 -0.0055720437223121299 -0.018279913165399796 -0.018540543415087388 -0.0057782006590532649 0.0016842972754048718 -0.0039270854876752919 -0.034244168185821697 -0.017508973510075118 -0.012071907735028477 0.0068261641542811625 -0.027025746492569669 0.0033253599504702654 0.012598160217580092 -0.017847463204198881 -0.0058750932818895018 -0.013987023268378786 -0.031986597491141758 0.00015764495277173233 0.015859577966281513 0.00012007689511088946 0.014375033743018798 0.0058177259517350564 -0.00070463094050417631 -0.023149882854155056 -0.01106438349938021 0.021142032860992081 0.023246580489866317 0.0076133714099374172 -0.0042169669923072051 0.0022314465991375926 -0.019490116990075686 0.0067843859152880446 -0.0010915053626079714 0.015234628117906714 0.024361028863364092 0.0084517193718965915 -0.0072425802221312754 0.012789254104847707 0.018045820772417284 -0.014791194750246995 -0.008695151998091637 -0.00061108589295509076 -0.0022462362874219985 -0.0064460751740081923 -0.009651436029825761 -0.0029995014682825971 -0.031776211497063903 -0.012822381093151931 -0.0019702448816492158 -0.034010307009011226 -0.0050502072086440761 0.0017858232719632039 -0.021987137096795645 0.017914003757293025 -0.035632785113225915 -0.018719950433371199 -0.00013369087338890848 0.0086034970030130099
leaf_weight=300.88094746693969 299.79397678375244 145.99587082862854 1251.419376373291 3316.8289184570312 291.23007786273956 201.46542118489742 1338.410796880722 553.04972803592682 690.27141465246677 849.38597033917904 199.51045024394989 249.28982496261597 218.76159270107746 912.50921010971069 418.13571405410767 997.15750122070312 2644.2903655767441 154.12928879261017 234.88852691650391 1891.8756446838379 87.137219905853271 492.72461831569672 613.14032459259033 197.6829350143671 1122.3428173065186 2149.3358251750469 3003.9931119680405 106.57852268218994 724.42487335205078 1410.5835663080215 720.03839731216431 2088.4008121043444 525.90460419654846 879.23644042015076 104.6467113494873 2589.899988591671 157.21800804138184 811.33689281344414 120.34807419776917 1830.3577816486359 136.8282675743103 1325.7907104492188 786.47249484062195 235.7175274938345 217.04802560806274 1091.7602920532227 1155.0658578872681 1508.2246804237366 622.16611790657043 1700.5752296447754 181.70522989332676 1489.8854049295187 1076.8943138122559 25.467128202319145 366.86394548416138 766.23278665542603 34.438328012824059 782.43013346195221 12.184646606445311 98.435799181461334 1244.5957530736923 1059.6232166290283
leaf_count=2416 4772 768 5515 55257 2045 1188 17248 3610 3431 4946 2036 2561 1245 4526 2545 5351 11724 647 986 16364 377 2105 3125 928 4921 9457 13464 490 3942 6724 3251 9948 5323 3696 444 11328 670 3376 545 7856 598 5809 3609 1257 1104 7539 5713 8791 3158 14971 1934 15084 5784 134 1582 4024 149 3373 56 563 7225 4754
internal_value=-7.21395e-05 0.00331888 0.00725797 -0.0163548 -0.00162988 6.43173e-06 -0.012349 0.000551214 -0.000913262 0.00423027 -0.0172746 -0.0112022 -0.00326141 -0.00533816 -0.0103961 0.00548312 0.0109148 0.00869282 0.0143992 -0.00964242 0.00581131 0.00683446 0.00561729 0.0051629 0.00585935 0.00490631 0.00398249 0.00183115 -0.0169242 0.0155748 0.0148573 0.003435 -0.00883012 7.3556e-05 0.00258887 0.00228162 -0.0121942 0.00840259 0.00491749 0.00956953 0.0110679 0.00872993 0.011341 -0.00266249 0.00562253 -0.00373457 -0.00438511 -0.00213565 0.000691365 -0.00486256 -0.0123468 -0.0149005 -0.00455288 0.00709606 0.00531478 -0.00334267 0.0129482 0.0143289 0.0222195 0.00168825 0.00249828 0.0038862
internal_weight=52813 43710.6 24337.9 9102.39 19372.8 16088.3 5785.57 15597.5 12100.4 13315.4 490.741 5485.77 8851.47 6230.05 2420.92 3248.94 11022.5 6732.74 4289.76 3284.52 4612.27 4367.92 3497.11 12014.3 11164.9 10042.6 9028.01 6067.34 1142.56 4054.87 2120.47 2883.97 4147.36 1258.36 1104.23 5960.76 244.355 2960.67 999.585 3109.55 1388.25 2322.95 2616.83 925.989 2330.92 1392.64 1301.06 3809.13 2300.91 1949.87 2197.5 1671.59 1278.36 2113.87 2956.76 1388.4 1014.55 980.113 732.223 2621.42 2522.98 2304.22
internal_count=338362 221212 109298 117150 111914 85595 61893 81514 63593 60495 4081 57121 47745 33958 13459 15848 48803 29369 19434 26319 19949 18902 17921 54014 49068 44147 39697 26864 6487 18448 9420 14796 39873 5332 4685 26374 1047 12833 4241 13570 6113 11160 11465 4688 11186 9955 6481 20499 11708 17532 22341 17018 6972 10082 12910 7182 4450 4301 3307 13787 13224 11979
cat_boundaries=0 1 2 3 4 5
cat_threshold=75782 18695 5248 1184 21953
is_linear=0
shrinkage=0.035


Tree=54
num_leaves=63
num_cat=0
split_feature=13 0 45 4 32 0 22 21 7 27 17 3 22 48 3 19 27 49 48 18 23 37 7 48 48 29 47 0 39 18 23 32 18 22 3 27 48 1 24 42 37 39 26 42 40 22 27 35 8 32 18 26 17 17 37 23 26 35 40 3 26 46
split_gain=2252.44 500.626 428.914 209.639 184.136 141.328 105.581 102.29 90.9887 86.9666 84.8052 79.4158 90.0348 73.2598 71.8557 69.3181 68.9169 70.7145 74.7758 62.9489 60.7013 50.5125 49.3406 47.3482 43.8436 41.5399 40.972 40.557 41.0683 40.3742 38.2995 55.1549 37.3395 37.0697 79.4738 50.403 42.1316 38.422 36.7149 36.6717 35.5212 35.0203 34.9149 34.5551 33.0318 41.3623 32.504 31.8706 31.4017 30.1123 33.2923 32.8461 50.1571 31.8765 36.3203 30.033 34.6124 30.0047 29.899 29.4334 29.3377 28.4181
threshold=0.42481203007518803 191.88666666666671 5.1250000000000009 18.930000000000003 631.98000000000013 19.953333333333337 1.5000000000000002 1.0850000000000002 0.95833333333333337 1.0000000180025095e-35 1.0000000180025095e-35 45.500000000000007 25.500000000000004 3.5000000000000004 17.500000000000004 239.07891666666669 13395.420000000002 13.500000000000002 3.5000000000000004 3840.2933333333335 -0.6830127018922193 4372.6550000000016 0.82575757575757591 11.500000000000002 2.5000000000000004 115.50000000000001 87.125000000000014 56.596666666666671 95.13000000000001 289.29208333333344 0.68301270189221941 inf 450.0800000000001 29.500000000000004 85.500000000000014 13395.420000000002 4.5000000000000009 17.700000000000003 11.500000000000002 5.5000000000000009 328.76000000000005 163.47000000000003 223.50000000000003 3.5000000000000004 310.37833333333339 7.5000000000000009 3911.3100000000009 15.500000000000002 20.500000000000004 747.99000000000012 2393.7525000000005 131.50000000000003 1999.8750000000002 11495.540000000001 4221.7200000000012 1.0000000180025095e-35 70.500000000000014 14.500000000000002 13450.990000000003 4.5000000000000009 284.50000000000006 579.13000000000011
decision_type=8 10 10 10 10 10 2 10 10 8 8 2 2 2 2 8 10 8 2 10 2 10 10 2 2 2 10 10 10 10 2 8 10 2 2 10 2 10 10 2 8 10 2 2 10 2 10 2 2 10 10 2 10 10 10 2 2 2 10 2 2 8
left_child=2 4 5 9 6 42 32 33 43 14 29 13 19 -12 -3 21 17 18 57 -13 25 24 -4 26 -10 -20 48 -26 44 -7 61 -32 -2 34 36 37 -5 -35 -24 -28 -22 -15 -1 55 45 -29 -38 -6 -9 51 -51 52 -42 54 -53 59 -57 -11 -33 -8 -19 -14
right_child=1 3 22 7 47 10 8 23 15 16 11 12 30 41 -16 -17 -18 60 20 -21 40 -23 38 -25 27 -27 39 28 -30 -31 31 58 -34 35 -36 -37 46 -39 -40 -41 49 -43 -44 -45 -46 -47 -48 -49 -50 50 -52 53 -54 -55 -56 56 -58 -59 -60 -61 -62 -63
leaf_value=-0.011739417931919049 -0.011070409544591439 0.0068793421689829952 -0.025741200744251964 -0.0040943622573196498 -0.0070107349625911277 -0.013102199872443644 0.026580127644057223 0.015147975553191821 -0.0099387979714420753 0.0048409183891916447 -0.013780025223100296 -0.010771524527230259 -0.0076990452816701896 0.0047295943695983556 -0.033877841525767921 -0.006243800995198872 -0.012796898999102354 -0.0082065283964375159 0.0065640443048624007 -0.028663862064651723 0.018828004073110693 0.0089648911426423311 -0.015624810371549671 0.019788090446977297 -0.0011734380227692326 -0.0014623929477621013 0.0067274979839685696 0.0061987577969474352 -0.010038153634938268 -0.036486793471217922 -0.0026654927534262838 0.02995507576087263 -0.037015720938445157 0.017818038967624128 -0.019583434051125524 -0.006689938865983242 0.0089141385520330827 0.0074917824261433114 -0.027390060094148724 0.012790841112311144 0.0075807586227740129 -0.010902014994125291 -0.02024927064778612 0.0036917979398677601 0.0040709617188810316 0.022867425429952251 -0.0054310225085342856 -0.020250508781922 0.00095553628637818689 0.010998808428011358 -0.0038172502460405056 0.0048621570852051899 0.019310595104242618 -0.013820967461398907 0.014242893815331831 -0.013806919576691466 0.0014119014405022069 -0.0047477903186353655 -0.026806146756724453 -0.01034650870065228 0.0035893780990613445 0.0022714197191619125
leaf_weight=1294.242242783308 534.42252092063427 86.143578395247459 2049.9398593902588 534.35053624212742 335.70186507701874 254.58494572341442 26.016046226024628 3076.1435418725014 351.60385597497225 620.52972532808781 372.76560486853123 857.06842203438282 2220.3328070491552 1734.4854284524918 135.48337733745575 997.54594620317221 290.93460083007812 714.28510139882565 1648.4803066253662 335.39285063743591 399.42764181271195 1654.5373258888721 1618.0016453266144 874.20599365234375 1969.8287572860718 1515.0832977294922 2959.8359276652336 494.09911156445742 203.5524980276823 141.01031458377838 332.03119230270386 114.12598943710327 77.230235770344734 631.18398255109787 179.93649291992188 228.45085144042969 1542.6231517195702 1473.2301905751228 409.17380213737488 2086.2849371433258 1016.037813808769 194.37987267971039 1096.1359786987305 501.14298534393311 2344.0004810765386 289.08696782588959 220.5431587100029 669.57812988758087 203.75961446762085 295.3857236802578 496.96908712387085 1903.0902391560376 798.8957976102829 89.177666664123535 688.54173551127315 233.36300182342529 835.69887161254883 1119.556419968605 11.840715885162352 1415.9567902684212 403.53603348135948 415.2582426071167
leaf_count=14919 3433 529 33993 2240 2414 2695 158 13845 1921 2815 2957 6946 18090 12289 1594 5606 1379 3710 7252 2887 1737 8288 20453 4044 10459 6758 12813 2273 921 1955 2842 688 769 2797 755 961 6429 6207 7590 9446 4350 1335 14039 2612 10718 1265 918 5737 960 1369 2404 8236 3411 420 3025 1715 5527 5094 80 10811 1994 2485
internal_value=-7.12216e-05 0.00417262 -0.0124277 0.00695104 -0.00146283 -0.00830422 -0.000249872 0.00987324 0.000516226 0.00360056 -0.00578837 -0.00484124 -0.00765677 0.000402847 -0.0180763 0.00240637 0.00400238 0.00442085 0.00530449 -0.0158237 0.00660833 0.00358802 -0.0219035 0.0120358 0.00201277 0.0027208 0.0112195 0.00280728 0.00516115 -0.0215086 -0.00450462 0.00482945 -0.0144015 0.00573553 0.00275236 0.00890106 0.00450941 0.010596 -0.0180119 0.00923638 0.00876982 0.0031495 -0.0156485 -0.00469377 0.00615339 0.0123728 0.00711773 -0.0158406 0.0142668 0.00800668 0.001713 0.00911528 0.0127518 0.00664951 0.00735895 -0.00636813 -0.00191998 -0.00132756 0.0244505 -0.00966232 -0.00394878 -0.00612785
internal_weight=52616.2 39165.5 13450.8 26232.1 12933.4 9373.65 11928.1 14010.5 11316.4 12221.6 6983.28 6587.68 4286.05 2301.63 221.627 8304.25 11999.9 11709 10591.2 1192.46 8851.09 7306.71 4077.12 9200.23 5652.17 3163.56 8326.02 5300.57 3330.74 395.595 3093.59 457.998 611.653 4810.32 2477.45 2332.87 2297.52 2104.41 2027.18 5046.12 5687.53 1928.87 2390.38 3012.18 3127.19 783.186 1763.17 1005.28 3279.9 5288.1 792.355 4495.74 1814.93 2680.81 2591.63 2511.03 1069.06 1740.09 125.967 1441.97 1117.82 2635.59
internal_count=338362 192119 146243 117492 74627 84207 66476 61415 62274 56077 55249 50599 34018 16581 2123 41451 53954 52575 46871 9833 38962 35845 62036 41108 27557 14010 37064 25636 15177 4650 24185 3610 4202 20307 10342 9965 9587 9004 28043 22259 24952 13624 28958 20823 14256 3538 7347 8151 14805 23215 3773 19442 7761 11681 11261 18211 7242 7909 768 10969 5704 20575
is_linear=0
shrinkage=0.035


Tree=55
num_leaves=63
num_cat=7
split_feature=24 4 2 24 7 40 22 16 16 46 16 32 16 41 22 18 16 12 22 27 46 8 16 22 5 18 18 7 32 40 22 27 26 8 39 17 16 8 37 1 26 30 5 47 18 22 45 47 35 22 22 26 45 33 3 30 12 32 47 42 17 40
split_gain=2125.06 611.072 203.213 198.935 185.272 110.043 102.224 102.959 82.1004 74.7876 73.7696 67.5731 66.5099 70.3582 64.8102 88.3831 84.9891 64.541 62.7388 61.2879 59.3558 59.2891 71.6177 53.9658 53.2423 53.0772 55.6786 50.7248 50.3117 48.4953 47.8977 44.6841 44.1897 43.9956 43.919 43.7904 43.3073 43.0973 40.0538 39.4311 44.5068 38.7356 38.6844 43.7673 36.6162 37.7622 35.5452 35.3534 35.0118 34.7234 34.5163 33.588 32.9101 32.3067 32.2503 32.1643 32.0991 31.8549 31.0348 32.351 33.0255 30.3465
threshold=3.5000000000000004 3.8550000000000009 672.21000000000015 7.5000000000000009 0.95833333333333337 1.0000000180025095e-35 1.5000000000000002 0 1 61.405000000000008 2 148.84000000000003 3 6540.3000000000011 43.500000000000007 12867.354415584417 4 276.96333333333342 14.500000000000002 8162.2799999999997 55.470000000000006 9.5000000000000018 5 7.5000000000000009 127.02000000000002 12867.354415584417 3840.2933333333335 0.42261904761904767 79.565000000000012 17772.450000000001 13.500000000000002 4281.1050000000005 70.500000000000014 12.500000000000002 145.61000000000004 10266.120000000001 6 12.500000000000002 400.92000000000002 3671.7800000000002 223.50000000000003 8578.2800000000025 71.306666666666686 inf 4736.4725000000008 29.500000000000004 1.7638888888888891 72.250000000000014 25.500000000000004 29.500000000000004 8.5000000000000018 223.50000000000003 2.6904761904761911 6.5000000000000009 49.500000000000007 8578.2800000000025 333.88500000000005 6036.5700000000006 inf 3.5000000000000004 5298.5700000000006 310.37833333333339
decision_type=8 8 10 10 10 8 2 9 9 8 9 10 9 8 2 10 9 10 2 10 8 2 9 2 10 8 8 10 8 10 2 10 2 2 10 8 9 2 10 8 2 8 10 8 10 2 10 8 2 2 2 2 10 2 2 10 10 8 8 2 10 10
left_child=1 4 8 5 27 -2 7 -6 -3 36 17 12 37 23 16 34 30 61 31 24 42 35 -23 -14 -20 26 -24 -1 -25 39 38 32 -18 47 55 -22 -7 -12 48 40 53 -28 43 -10 -11 -46 -13 52 -4 -5 -41 -38 -29 -15 -32 -16 -9 -26 59 -42 -61 -8
right_child=3 2 14 49 6 9 10 56 20 44 11 46 13 29 15 -17 18 -19 19 -21 21 22 25 28 57 -27 41 33 -30 -31 54 -33 -34 -35 -36 -37 51 -39 -40 50 58 -43 -44 -45 45 -47 -48 -49 -50 -51 -52 -53 -54 -55 -56 -57 -58 -59 -60 60 -62 -63
leaf_value=-0.021884262069316551 -0.032877901203460208 -0.0044271351947511072 0.016870500692141195 -0.025690530556865564 -0.031740711733059701 -0.022809881706796591 0.005591994057042575 -0.0089621961019489705 -0.0020814255044829203 -0.0034323453863381922 0.00041361183453326024 -0.0017934662696089101 -0.011721949529087975 -0.00078710011253182945 0.015037649886863973 -0.0074707805796210055 -0.017528839047285211 0.019608488462012016 0.0058132437875402718 -0.0076651912283449914 0.012873729575923974 0.013036805875392275 -0.00016736674387936393 -0.0032268205980578186 -0.00077198413660842246 -0.022474716545765511 0.0074276750849137617 -0.0045176502953667048 0.010955186760434584 -0.014475605638904744 0.0224173983017537 -0.022596119552232032 0.0035906110722079328 -0.013128629504943607 0.02032015186501427 0.0030404671089036338 -0.0085956658857055841 -0.014019396283485834 0.0032966750797509626 -0.0084533420607153277 -0.0018487431799875784 -0.011411273534655562 -0.013684835861588219 0.0084351655561787607 -0.027053925051343124 -0.0074095707641144001 -0.0099074135101390008 -0.00082602684672964299 -0.018896358638900455 -0.018205749648159148 0.01037373329600778 -0.016889779347870611 -0.0157475381854962 -0.0094372011646342829 -0.032782778039146157 0.0064035764072448128 0.0095864009103099283 0.016717409101503298 0.012251174561198373 0.0018275744093983297 0.017125109179176905 -0.014589714372103187
leaf_weight=306.05096454173326 286.02407622337341 1311.7918870598078 779.89205425977707 1904.1066129207611 219.74024963378906 597.25214767456055 839.39440304040909 413.35024905204773 1502.6689682230353 1772.8418016433716 490.11978363990784 1893.7904149517417 168.03385619819164 1667.8881369158626 1701.9103764295578 224.66986465454102 138.74316695332527 442.11998796463013 2161.5935492515564 285.6932110786438 2076.7601937204599 971.23988604545593 2956.1570781320333 362.01038819551468 143.32187604904175 98.827688097953796 2921.0288055688143 848.58776764571667 1980.7681166529655 255.16540908813477 715.66232824325562 109.25738644599915 921.89600107073784 1064.8833054229617 1296.7273932695389 757.88964462280273 1449.6075601577759 523.69775342941284 578.57224500179291 139.08192670345306 1328.1476477608085 139.24499826133251 231.89773002266884 714.44759368896484 176.731196641922 371.89216494560242 1015.7980715557933 1391.7003363147378 34.231258809566498 1286.9842245578766 810.04630815982819 1022.8472692966461 513.0957228988409 773.67453765869141 12.360596656799315 769.72820091247559 156.9032986164093 1153.7733879089355 384.75070190429688 491.8651680201292 265.80677032470703 101.4259220957756
leaf_count=3351 4772 6556 3458 33165 1995 7296 4659 2650 8609 15323 2616 9691 854 8489 7532 946 583 1881 9224 1226 8905 4173 12975 2113 635 447 12616 6290 9261 1320 3260 468 3914 8462 6261 3179 16552 3003 2554 612 7514 590 1088 3170 1808 3525 6308 9535 150 22092 3463 12617 5265 3916 57 3491 846 5342 1812 2165 1180 552
internal_value=-7.02016e-05 0.00310944 0.00672989 -0.015686 -0.00163716 -0.0117523 0.000199584 -0.0120401 0.00387986 -0.0106257 0.000894351 4.52477e-05 0.00145617 0.00245343 0.0102651 0.0138274 0.00824148 0.00853267 0.00567285 0.0078944 0.00476079 0.00596909 0.00425683 0.00738824 0.00918149 0.00283452 0.00325863 -0.00819269 0.00876332 0.000430805 0.014095 -0.00138967 0.000814048 -0.00708981 0.0150989 0.0102466 -0.0142103 -0.0069796 0.0103458 0.0010821 -0.000180303 0.00656704 -0.000115111 0.00130973 -0.00588157 -0.0137754 -0.00462865 -0.00475035 0.0153453 -0.0226785 0.00760889 -0.0119839 -0.00875763 -0.00353086 0.0214365 0.0123525 -0.00378452 0.0147858 0.003131 0.00144363 0.00720976 0.00340311
internal_weight=52426.2 43557.9 24710 8868.29 18847.9 5677.2 14723.6 789.994 13682 5391.17 13933.6 12550.6 9641.06 8627.24 11028 3993.04 7035 1382.94 4914.28 3744.38 12370.2 9921.15 7086.5 2510.81 3458.69 6115.26 6016.43 4124.32 2342.78 6116.43 2120.72 1169.9 1060.64 3818.27 3768.37 2834.65 3069.71 1013.82 1392.7 5861.26 4912.13 3060.27 2449.01 2217.12 2321.47 548.623 2909.59 2753.38 814.123 3191.09 949.128 2472.45 1361.68 2441.56 728.023 2471.64 570.254 1297.1 2470.57 2085.82 757.672 940.82
internal_count=338362 221212 111409 117150 109803 61893 76900 5491 62308 57121 71409 64317 48318 42699 49101 18230 30871 7092 21392 16427 55752 42885 30801 12228 15201 26628 26181 32903 11374 30471 9479 4965 4497 29552 17284 12084 36465 5619 6162 29151 25076 13206 12867 11779 20656 5333 15999 21090 3608 55257 4075 29169 11555 12405 3317 11023 3496 5977 12671 10859 3345 5211
cat_boundaries=0 1 2 3 4 5 6 7
cat_threshold=151808 75782 1272 10240 5248 1192 20488
is_linear=0
shrinkage=0.035


Tree=56
num_leaves=63
num_cat=5
split_feature=13 2 4 45 32 27 21 46 47 16 48 7 44 8 2 22 8 16 48 23 41 17 32 29 19 26 26 23 41 41 40 19 8 16 47 37 40 27 8 31 17 1 51 22 17 16 27 33 2 44 22 22 0 47 41 48 40 35 16 33 22 38
split_gain=2009.89 626.326 222.66 198.964 180.794 119.864 119.291 106.507 92.1626 83.1036 81.3927 75.9213 72.5432 66.0588 63.0329 62.7173 59.2326 57.4159 55.3944 60.0068 53.4849 52.9939 51.7282 50.4152 49.7556 49.7395 46.8438 45.0692 64.2237 44.3361 42.5445 41.1794 41.8133 40.7966 40.7584 41.1776 48.9421 39.8232 39.2012 39.0524 45.9786 37.708 45.8943 43.304 51.2487 40.0315 38.9275 36.9841 36.9712 61.4238 35.8181 35.4913 34.8802 34.0822 33.8992 32.8652 32.0199 31.8103 35.5439 31.5134 31.0616 30.5093
threshold=0.324561403508772 104.99500000000002 9.0050000000000008 6.166666666666667 148.84000000000003 1.0000000180025095e-35 10.105000000000002 10.020000000000001 inf 0 2.5000000000000004 0.73863636363636376 161.19000000000003 19.500000000000004 1982.3400000000004 2.5000000000000004 15.500000000000002 1 11.500000000000002 0.68301270189221941 167.37000000000003 2107.440000000001 7.2400000000000011 353.00000000000006 217.96000000000001 177.00000000000003 70.500000000000014 -0.6830127018922193 1602.3350000000003 18738.880000000001 13450.990000000003 1994.9635714285719 14.500000000000002 2 943.11000000000001 4028.400000000001 310.37833333333339 142.85500000000005 5.5000000000000009 1.0000000180025095e-35 872.80000000000007 5337.0000000000009 296.81740625032643 31.500000000000004 4554.0000000000009 3 3772.1700000000005 2.5000000000000004 1261.1400000000001 102.16000000000001 25.500000000000004 65.500000000000014 12.621666666666664 1284.3000000000002 5140.3800000000001 2.5000000000000004 1.0000000180025095e-35 19.500000000000004 4 6.5000000000000009 12.500000000000002 10.100000000000001
decision_type=8 10 8 10 10 10 10 8 8 9 2 10 8 2 8 2 2 9 2 2 10 10 10 2 10 2 2 2 8 10 10 8 2 9 10 10 10 10 2 2 10 8 8 2 8 9 10 2 10 10 2 2 10 8 10 2 10 2 9 2 2 10
left_child=3 4 5 8 7 20 23 25 11 24 -9 -1 55 15 17 -12 37 31 19 48 -3 47 30 29 -7 -2 -21 28 -17 41 -23 61 -33 60 35 36 38 -6 -29 -38 -41 42 -4 44 46 -46 -43 -19 49 -11 -34 -20 -39 -49 -37 -13 -57 -51 -59 -44 -10 -8
right_child=1 2 6 -5 16 9 14 10 33 18 13 12 -14 -15 -16 27 -18 21 51 26 -22 22 -24 -25 -26 -27 -28 34 -30 -31 -32 32 50 -35 -36 54 39 52 -40 40 -42 43 59 -45 45 -47 -48 53 -50 57 -52 -53 -54 -55 -56 56 -58 58 -60 -61 -62 -63
leaf_value=-0.021245365570651972 -0.0026406237134848974 -0.0037432915678212607 0.0065314079734136339 -0.022789554328756959 -0.024038131232338181 -0.0057827595195708639 0.0091687524829146619 -0.009300315086501346 -0.019413281283540126 0.0014624595175643886 -0.0073943452193672536 -0.018446914216542491 -0.020143349371095166 -0.016333878073378143 0.015688909433801784 -0.018529845855718922 -0.016678725932923539 -0.015725376277793343 0.0064160709071780717 -0.0014629177544875076 -0.034234741291190786 0.012996892639686041 -2.7187743485783083e-05 -0.0073105945486454252 0.016589059879238598 -0.012947307442138609 0.0098474042721997564 -0.004518219735433272 0.0012034306339727835 -0.016590486106533523 -0.015356176222803697 0.027517782878704454 0.008956346340199697 0.010604854215132721 -0.014357798410538514 0.016964200125478633 -0.0021150605969696866 -0.018347326408831442 0.014751529123283844 -0.0026807349803392977 0.012032568441713415 0.01587569410337027 0.0038893794081031521 0.015860402791987572 -0.022956881803747487 0.0019702811848507657 -0.01200484152478481 -0.0031603785837064288 0.0045986917045301948 -0.0040070751274711323 -0.012923524682402786 0.024481238521288324 -0.0011647784499921592 0.0093937022631861346 0.0035038175146085296 -0.028689250732496452 -0.0063077244709478326 0.010242285489332011 -0.01735961915898953 -0.0058533309046425452 -0.0011040066639478572 0.015643840686407402
leaf_weight=1164.8090182878077 1106.5897879600525 129.26876650378108 4156.9217627979815 2965.8854694366455 133.33571672439575 145.10904265940189 1448.2423473596573 928.24220895767212 154.63497239351273 3070.4491626024246 743.98666405677795 350.09534680843353 827.9079430103302 241.05315065383911 2400.5804680362344 224.33181965351105 1342.5975561141968 158.08960416167974 1078.5146522521973 672.70144832134247 154.65648810565472 1720.4501909613609 588.89254695177078 383.63810729980469 742.55325697362423 1191.2783393859863 1344.0007934570312 157.76312375441194 1953.5844076871872 107.16086959838867 66.558692216873169 64.500875115394592 169.21479830145836 253.74619805812836 124.98500565439463 635.00195908918977 1476.1921285018325 170.47876808792353 706.45597743988037 413.60293673723936 698.96923911571503 495.63063402473927 930.34283351898193 893.81808090209961 88.191276550292969 383.14366149902344 69.251424118876457 602.18360280990601 1290.1733431816101 2289.4625068902969 197.66011193394661 151.27528476715088 928.61850716918707 471.46944570541382 359.31012749671936 79.959866136312485 2479.3820140659809 61.884191513061523 416.64638268947601 720.9675464630127 419.81310445070267 2343.002437710762
leaf_count=16672 8292 982 17999 49671 1168 679 6206 5873 1266 14826 4721 3455 9250 1583 11587 1536 11813 680 4990 3164 2016 7593 2514 1704 3186 10443 6060 767 11286 477 275 295 748 1940 702 3416 8025 1892 3687 1967 3361 2078 3947 3921 367 1604 288 2560 5794 11705 879 702 6336 1990 2029 1380 24791 290 2334 3081 3126 10393
internal_value=-6.93964e-05 0.00299874 0.00581805 -0.0154305 -0.0032509 0.00200568 0.00820245 -0.00128997 -0.0116183 0.00257263 0.0004871 -0.0134423 -0.0110054 0.00166266 0.0107258 0.00224362 -0.0115944 0.00920244 0.00168375 0.000747125 -0.0204141 0.00590006 0.00896967 0.00506433 0.0127856 -0.0079872 0.00607582 0.00330683 -0.000836727 0.00567031 0.0119329 0.0119795 0.0017567 -0.000818109 0.00528029 0.00583529 0.00402589 -0.00604667 0.0112327 0.00161661 0.00656535 0.00598069 0.00457092 0.0102187 0.00534165 -0.00317687 0.0124425 2.45022e-05 -0.000761016 -0.00194598 -0.00283489 0.00865634 -0.00384418 0.00235606 0.0121085 -0.00839904 -0.00701791 -0.00572603 -0.0139246 -0.000365288 -0.00595436 0.0131734
internal_weight=52239.2 43543 30006.6 8696.23 13536.4 11546.7 18459.9 10961.3 5730.35 11262.8 8663.48 4902.15 3737.35 7735.24 10230.8 7494.18 2575.03 7830.26 10375.1 9145.32 283.925 3607.64 2375.9 8229.07 887.662 2297.87 2016.7 6750.2 2177.92 7845.43 1787.01 4222.62 431.376 828.194 4572.28 4447.3 3452.98 1232.43 864.219 2588.76 1112.57 7738.27 5808.23 1930.04 1036.22 471.335 564.882 1231.74 7128.62 5838.44 366.875 1229.79 1099.1 1073.65 994.312 2909.44 2559.34 2767.99 478.531 1651.31 574.448 3791.24
internal_count=338362 226811 137914 111551 88897 56728 81186 67688 61880 53730 48953 55548 38876 43080 45720 41497 21209 34133 49865 44173 2998 15612 10382 35466 3865 18735 9224 36776 12822 33762 7868 18521 1922 6332 23954 23252 17807 9396 4454 13353 5328 33285 25027 8258 4337 1971 2366 5230 34949 29155 1627 5692 8228 4550 5445 29626 26171 14329 2624 7028 4392 16599
cat_boundaries=0 1 2 3 4 5
cat_threshold=1160 5536 30098 256 131072
is_linear=0
shrinkage=0.035


Tree=57
num_leaves=63
num_cat=10
split_feature=24 34 47 4 24 42 40 37 29 0 13 48 26 48 16 32 35 7 16 27 0 27 29 29 3 16 18 26 16 32 29 41 26 29 3 16 19 8 48 16 48 26 29 16 27 17 44 16 40 18 17 12 49 2 16 52 38 42 0 16 2 0
split_gain=1894.98 539.042 227.895 207.257 190.606 152.949 112.314 105.399 108.95 83.5019 76.2997 73.7083 85.617 118.002 68.777 72.1767 62.6171 59.1084 54.2562 53.3275 50.7828 47.4914 51.3932 80.0916 78.8767 90.5401 71.1425 56.1385 48.0648 46.3228 42.3387 41.9715 41.0683 46.666 40.841 40.2037 40.4398 38.9669 38.2769 37.3257 35.6913 36.5178 54.754 35.3609 33.7624 33.7622 33.04 32.8693 70.0722 45.0142 32.778 32.6957 32.3153 31.6335 29.8707 29.527 28.9887 28.5154 28.2358 28.1743 27.6949 26.8942
threshold=3.5000000000000004 1.5000000000000002 inf 30.245000000000005 8.5000000000000018 1.5000000000000002 1.0000000180025095e-35 inf 176.50000000000003 10.620000000000003 0.94281045751633996 10.500000000000002 161.50000000000003 3.5000000000000004 0 685.98000000000013 3.5000000000000004 0.82575757575757591 1 1.0000000180025095e-35 56.596666666666671 13395.420000000002 207.50000000000003 115.50000000000001 31.500000000000004 2 289.29208333333344 55.000000000000007 3 486.88000000000005 298.50000000000006 1154.2700000000002 192.50000000000003 353.00000000000006 8.5000000000000018 4 433.36500000000007 6.5000000000000009 11.500000000000002 5 3.5000000000000004 314.50000000000006 192.00000000000003 6 44.595000000000006 11495.540000000001 72.060000000000016 7 3367.5900000000006 12867.354415584417 4731.7500000000009 211.39500000000001 13.500000000000002 2347.6300000000006 8 4.5000000000000009 0.66000000000000014 5.5000000000000009 418.72166666666681 9 616.59000000000003 1148.3100000000002
decision_type=8 2 8 10 10 2 8 8 2 8 10 2 2 2 9 10 2 10 9 10 10 8 2 2 2 9 10 2 9 10 2 10 2 2 2 9 10 2 2 9 2 2 2 9 10 10 8 9 10 10 8 10 10 10 9 2 8 2 10 9 10 10
left_child=1 2 5 11 6 7 -2 17 -9 55 -5 12 13 31 -7 20 -4 -1 -14 -20 -16 22 23 28 25 30 -25 -26 -18 -15 34 37 33 -11 -24 36 -34 -3 47 -17 61 42 43 -42 -28 51 -37 -12 53 -50 -23 56 -21 -49 -54 -8 -46 -13 -29 -39 -48 -22
right_child=4 3 16 10 -6 14 9 8 -10 32 38 57 18 29 15 39 21 -19 19 52 40 50 24 26 27 -27 44 58 -30 -31 -32 -33 35 -35 -36 46 -38 59 -40 -41 41 -43 -44 -45 45 -47 60 48 49 -51 -52 -53 54 -55 -56 -57 -58 -59 -60 -61 -62 -63
leaf_value=-0.019330546569045613 -0.032132298009645101 0.016991482461525636 -0.0036431707438768055 0.006708512152953019 -0.023238204025386996 -0.011203793523359666 0.0058808619553975981 -0.0090903564792988462 0.021357554906497603 -0.0026160750079761695 0.017891359112677904 0.0069504618711337474 0.0099756601171237542 0.011652425310866981 -0.0038069995385781952 0.0062711042081871442 -0.0061684558433594784 -0.009029901097361721 -0.038429177006873545 -0.00054789400020580613 -0.0049638177470294233 -0.040922730908012225 -0.00079264778157424017 0.01089979192112191 -0.0028256942463016853 -0.011872958690560854 -0.037733232617755602 0.010973651529998657 0.015103735477468601 -0.00056249010533830754 -0.020748535582535262 0.0077393386143372912 -0.00013972677558477664 -0.018248288983033961 0.015515888983039332 -0.0081201723716139377 0.060473046867481763 -0.00024231464103018568 0.021717231087796902 -0.0097071049941254203 -0.00062405317555466017 0.017670517767821151 0.010843720543887837 0.018404628179514094 0.002164814799287124 -0.025657378368410255 -0.019311682281150783 0.0020336448450497956 0.014929451772673165 -0.0047744052805338286 -0.004377904094722827 0.0010240230678858981 -0.018579299722960775 0.013349524657873715 -0.0026881637218348423 -0.018852371260493151 -0.013989186568158013 0.016586820984774708 0.020004336789389822 -0.012493492772882291 -0.0045183757607497044 0.012054020944401661
leaf_weight=867.91285466402769 313.17003607749939 82.403157941997051 1329.5462803840637 4298.0257385596633 2473.7278842926025 745.01197004318237 61.261592388153076 316.56316581368446 262.42401680350304 1810.125214099884 974.7924497127533 2583.328197479248 498.92700982093811 2469.7126406431198 1490.7982328534126 206.74299049377441 156.85970878601074 3204.6614818572998 47.822543323040009 4144.0537337809801 758.36837536096573 32.205874770879745 284.41479077935219 477.61190846562386 244.55163335800171 402.26554894447327 35.121653527021408 938.75953584909439 703.63830137252808 449.40920841693878 57.814061731100082 365.05061143636703 163.79286399483681 267.74955749511719 553.96415328979492 993.60868490487337 13.693120092153547 377.40657341480255 539.48487854003906 1152.28939640522 1706.0049801766872 275.42588424682617 1016.8057346343994 117.62314024567604 198.02624781429768 79.972461700439453 944.71992684900761 1232.9780783653259 2716.0188312530518 149.41932940483093 322.05295518040657 1129.8936143070459 235.96529579162598 400.27732849121094 381.57545720040798 1419.4542961120605 432.35506847500801 440.28899002075195 781.29507821798325 607.43183360993862 186.28524265438318 132.83153533935547
leaf_count=8812 5481 394 7131 18461 46012 5161 460 1994 1200 16949 4546 11517 2193 10744 11230 1027 755 21822 338 18486 4187 146 1274 2484 1096 1780 368 4138 3181 2005 285 1585 1819 2986 2471 10933 106 1657 2608 6821 9315 1351 5136 628 1160 410 10440 5319 12707 625 1563 5115 1199 1955 1878 20294 2200 1903 3412 2833 1670 606
internal_value=-6.8411e-05 0.00291223 -0.0012272 0.00658701 -0.0150289 -0.00424492 -0.0117364 -0.00924309 0.00472309 -0.0106412 0.0102722 0.00359054 0.00209734 0.00573615 -0.00118575 -7.93502e-05 0.00330413 -0.0112293 -0.000886014 -0.00203115 0.00170612 0.00465668 0.00533948 0.00219667 0.00843291 0.00173729 -0.00114577 0.0128551 0.0113271 0.00977235 0.00789713 -0.00249102 -0.00820886 -0.00463821 0.00998897 -0.0114283 0.00459192 -0.00599429 0.0128179 -0.00729886 0.00375768 0.00552388 0.00434026 0.000710149 -0.00421767 -0.00355787 -0.0127299 0.011937 0.0105798 0.0139007 -0.00780605 -0.00253985 -0.00166187 0.00481341 -0.0091243 -0.0178258 -0.00891922 0.0083587 0.0150849 -0.00793283 -0.0168813 -0.00241668
internal_weight=52055.8 43408.2 20413.8 22994.4 8647.59 12253.5 6173.86 4651.56 578.987 5860.69 10311 12683.4 9659.76 4351.41 7601.9 6856.89 8160.35 4072.57 5308.34 4809.42 5497.86 6830.8 6476.54 3213.48 3263.06 1298.46 2352.98 1964.61 860.498 2919.12 896.193 1432.29 4379.97 2077.87 838.379 2302.1 177.486 1067.24 6012.97 1359.03 4007.06 3115.86 2840.43 1823.63 1875.37 1840.25 2124.61 5473.49 4498.69 2865.44 354.259 1760.27 4761.59 1633.26 617.541 1480.72 630.381 3023.62 1720.05 984.838 1131.01 891.2
internal_count=338362 221212 118259 102953 117150 79290 71138 33828 3194 65657 46221 56732 43312 19218 45462 40301 38969 30634 24094 21901 32453 31838 30129 15673 14456 5810 11737 8646 3936 12749 4030 6469 44903 19935 3745 24968 1925 4884 27760 7848 21223 16430 15079 9943 9253 8885 23043 25152 20606 13332 1709 8475 21563 7274 3077 20754 3360 13420 7550 4490 12110 4793
cat_boundaries=0 1 2 3 4 5 6 7 8 9 10
cat_threshold=75779 66712 138465 133120 1149 132104 151940 5256 18464 21664
is_linear=0
shrinkage=0.035


Tree=58
num_leaves=63
num_cat=6
split_feature=24 4 24 21 46 27 40 47 42 23 48 3 16 22 3 46 22 48 32 2 16 43 46 17 2 16 35 8 29 18 46 16 48 32 29 45 22 3 22 27 40 22 16 18 27 48 1 29 29 37 48 40 17 3 22 29 35 27 42 41 0 16
split_gain=1785.04 507.423 186.358 172.462 168.185 105.413 104.991 80.2465 102.282 79.8317 129.919 74.1898 70.7927 71.195 107.38 69.6942 57.8143 57.3097 56.0968 55.8991 55.0444 52.7489 50.2585 46.2716 44.9156 44.1697 42.8208 41.4566 41.3074 41.3024 41.1343 39.3994 39.4549 37.4785 37.3384 35.692 35.3957 35.3957 35.2607 46.8476 40.8626 44.1751 54.6287 43.7143 42.916 40.7521 35.5089 36.1565 38.9293 35.2242 35.1103 34.6572 33.9354 33.0429 32.5792 42.8061 32.1185 31.394 30.6102 30.4697 33.8118 30.3021
threshold=3.5000000000000004 4.3500000000000005 7.5000000000000009 30.245000000000005 10.020000000000001 1.0000000180025095e-35 1.0000000180025095e-35 inf 3.5000000000000004 0.68301270189221941 10.500000000000002 17.500000000000004 0 29.500000000000004 61.500000000000007 192.83000000000004 63.500000000000007 11.500000000000002 inf 32.655000000000008 1 4.5000000000000009 109.10000000000002 1999.8750000000002 1982.3400000000004 2 12.500000000000002 15.500000000000002 192.00000000000003 4652.3057142857151 120.62000000000002 3 10.500000000000002 685.98000000000013 323.50000000000006 1.0250000000000001 29.500000000000004 151.50000000000003 4.5000000000000009 581.87500000000011 310.37833333333339 29.500000000000004 4 12867.354415584417 4281.1050000000005 4.5000000000000009 1284.3000000000002 69.500000000000014 176.50000000000003 9005.3000000000011 2.5000000000000004 3470.8400000000001 486.88000000000005 45.500000000000007 63.500000000000007 207.50000000000003 16.500000000000004 19554.750000000004 1.5000000000000002 6540.3000000000011 233.22666666666666 5
decision_type=8 8 10 10 8 10 8 8 2 2 2 2 9 2 2 8 2 2 8 10 9 2 10 10 10 9 2 2 2 10 10 9 2 10 2 10 2 2 2 8 10 2 9 10 10 2 8 2 2 10 2 10 10 2 2 2 2 8 2 10 10 9
left_child=1 4 6 7 28 11 -2 8 30 10 12 56 13 14 -7 25 22 20 21 -15 26 -11 -12 61 35 -8 -5 -23 58 -17 -3 -10 -33 57 -30 -22 -4 -34 39 -9 -40 42 -42 46 45 51 47 -43 -49 -24 -27 -44 -32 -52 55 -55 -6 -21 -1 60 -14 -20
right_child=2 3 36 17 5 9 15 38 31 18 16 -13 59 19 -16 29 -18 -19 23 33 24 27 49 -25 -26 50 -28 -29 34 -31 52 32 37 -35 -36 -37 -38 -39 40 -41 41 43 44 -45 -46 -47 -48 48 -50 -51 53 -53 -54 54 -56 -57 -58 -59 -60 -61 -62 -63
leaf_value=-0.020127570309268632 -0.032315853981398891 -0.0064228225310382697 -0.024828540876231459 0.0087624126426456995 -0.01015985150702116 -0.0048906776335345681 -0.019508459167094677 0.0010571031938483336 0.012021647627067785 -0.010121454298760532 -0.0046800144865051171 -0.033167219160772164 -0.0021539834948164521 -0.010827171451236699 -0.023469410137873695 0.00057820861995650072 0.013867159177680182 0.018234839036776505 0.017637869708039999 0.0009643577959201514 0.010278470351420569 0.010586544315664848 0.006674666828699158 0.014384492264451144 0.014282912672980116 -0.020183220072372349 -0.013000403314927772 -0.0030974533896597468 -0.0021890227154375561 -0.013653502781043205 0.0082332206433578144 0.0015526480023848625 0.0050009526905679426 -0.0099741847125334772 -0.018270225367435885 0.0046260148744471045 -0.01706696718927047 0.019532184175582248 0.017494756351087083 -0.037945138803584924 0.0088527421021908463 0.023946839582548379 -0.012716097493283665 -0.0080012027448411894 -0.019732945370033554 0.0051241296574998513 0.014213483573048247 -0.0019797294233758617 0.0095688844396626081 -0.0084505652550013015 -0.0032043284799693757 0.045466675925649319 -0.0014971451585276113 -0.020621084633548815 -0.0045570503214691213 -0.0076738531365963241 0.020688992552044198 -0.016293385771032527 -0.0090990066073164521 -0.026069975620427375 0.005823989481154113 0.0016668899482450241
leaf_weight=613.90596047788858 265.31175768375397 1683.708225235343 1793.8880748748779 203.44218085706234 282.83266312256455 1058.2386236190796 809.31005716323853 414.84288831055164 881.72775650024414 462.54802823066711 870.62783336639404 188.6644526720047 1254.0776854753494 921.14878356456757 595.19491589069366 1017.8153028488159 657.16883945465088 922.16526794433594 159.69379305839539 3034.1482458114624 3686.339851282537 560.84454098343849 1996.5627689361572 927.92334854602814 1976.8993215560913 375.42224097251892 240.77615441381931 523.60436853766441 910.37815093994141 330.02152252197266 558.72451400756836 2601.7086224555969 596.27423429489136 511.17682731151581 218.6291618347168 2180.3453025594354 1222.5277576446533 313.03375101089478 471.26752452552319 40.495364710688591 949.67083549499512 135.61639402806759 295.96682578325272 169.31336498260498 152.44971795380116 656.16191214323044 1452.9744350612164 579.96698468923569 930.18974576890469 207.42686223983765 885.0166187286377 12.128196001052855 2035.881778717041 672.60168579220772 579.10300928354263 587.48043897747993 47.439596470445395 133.86408567428589 624.34095977246761 47.308773398399353 1350.7896848917007 1037.8911591768265
leaf_count=6333 4772 10259 33165 884 2034 6035 9649 1801 3772 3145 5816 2089 7726 6609 3673 8227 3500 4298 683 15271 16334 2852 9559 4123 9678 4654 1054 2693 6795 3167 2472 11203 2561 2757 1919 9355 22092 1349 2039 170 4030 576 1267 703 637 2791 6386 2477 3971 1063 9823 50 9181 8139 6734 6728 307 696 4990 284 6215 4747
internal_value=-6.72826e-05 0.00281456 -0.0146932 0.00619152 -0.00143251 -0.00020358 -0.0108682 0.00386785 0.00168727 0.000290958 -0.0010291 -0.0157176 -0.00332617 -0.0053531 -0.0115887 -0.00977979 0.00445229 0.00995805 0.00483256 -0.00312153 0.00903502 -0.000238195 0.0024361 0.00852155 0.0097066 -0.0121458 -0.00296952 0.00398273 -0.0101654 -0.002914 -0.00216431 0.00543815 0.00373701 -0.00118988 -0.00531652 0.00817889 -0.0216895 0.0100194 0.00688704 -0.0024871 0.00762255 0.00674729 0.00273998 0.00927947 -0.00251838 0.000194787 0.0102259 0.00669905 0.00513533 0.00524798 -0.0101222 -0.010286 0.000600564 -0.00876594 -0.011439 -0.0145956 -0.00567971 0.000230222 -0.0145786 0.00146817 0.00198375 0.00397057
internal_weight=51877 43338.5 8538.5 24142.1 19196.4 16829.2 5522.08 14932.1 8671.06 16310.2 12637.7 518.937 8905.95 6253.77 1653.43 5256.77 3731.79 9209.97 3672.51 4600.34 8287.8 1547 3074.62 2125.51 7843.58 3908.93 444.218 1084.45 2367.25 1347.84 4278.31 4392.74 3511.02 3679.19 1129.01 5866.69 3016.42 909.308 6261.04 455.338 5805.71 5334.44 2066.38 3268.06 1116.71 964.257 3098.75 1645.77 1510.16 2203.99 3099.62 308.095 2594.61 2724.2 1839.19 1260.08 330.272 3168.01 1238.25 2652.18 2604.87 1197.58
internal_count=338362 221212 117150 109298 111914 91877 61893 67695 40797 87447 69204 4430 49266 35041 9708 57121 19938 41603 18243 25333 37305 8690 16438 9553 35367 45727 1938 5545 20037 11394 21912 18885 15113 18724 8714 25689 55257 3910 26898 1971 24927 22888 8775 14113 4745 4108 13410 7024 6448 10622 36078 1317 11653 31424 21601 14867 2341 15967 11323 14225 13941 5430
cat_boundaries=0 1 2 3 4 5 6
cat_threshold=84228 67653 20488 5256 135296 1160
is_linear=0
shrinkage=0.035


Tree=59
num_leaves=63
num_cat=6
split_feature=13 2 45 34 32 22 46 16 22 3 18 2 8 7 22 1 48 5 48 48 26 48 40 18 44 40 26 19 27 8 48 32 41 38 19 26 48 16 33 33 32 26 18 51 42 32 37 16 16 41 41 22 14 8 16 0 22 7 22 18 16 20
split_gain=1698.83 528.046 187.53 180.254 168.703 127.913 117.867 114.409 107.85 106.336 96.2118 89.4599 83.4662 82.8424 75.4286 68.6184 71.1218 63.8516 63.2344 61.9462 68.4959 60.5784 57.7683 55.4309 53.5429 49.1631 48.9136 47.6574 47.6248 46.9143 44.9402 46.9067 44.3318 42.3021 41.7371 40.5257 38.7374 43.467 37.8901 38.7544 71.9648 44.3096 37.8777 36.4019 39.4064 36.167 38.7413 36.1275 34.0604 33.8789 33.419 32.5992 30.9441 30.742 50.612 30.0844 29.8467 29.3979 29.3645 29.0442 34.8786 29.0277
threshold=0.324561403508772 126.85500000000003 6.166666666666667 2.5000000000000004 530.37000000000012 1.5000000000000002 10.020000000000001 0 14.500000000000002 64.500000000000014 450.0800000000001 1738.4400000000003 19.500000000000004 0.73863636363636376 2.5000000000000004 inf 11.500000000000002 139.08166666666671 2.5000000000000004 6.5000000000000009 299.50000000000006 3.5000000000000004 1.0000000180025095e-35 370.30641666666673 161.19000000000003 13450.990000000003 177.00000000000003 239.07891666666669 13395.420000000002 20.500000000000004 2.5000000000000004 inf 1399.8150000000003 467.37000000000006 1291.0786363636366 70.500000000000014 3.5000000000000004 1 1.5000000000000002 6.5000000000000009 inf 223.50000000000003 450.0800000000001 30.720606048649852 3.5000000000000004 124.09000000000002 3372.3900000000003 2 3 1154.2700000000002 221.21500000000003 10.500000000000002 20.500000000000004 12.500000000000002 4 12.621666666666664 7.5000000000000009 0.59166666666666679 65.500000000000014 9753.7154166666678 5 202.98665908182326
decision_type=8 10 10 2 10 2 8 9 2 2 10 8 2 10 2 8 2 10 2 2 2 2 10 10 10 8 2 10 10 2 2 8 8 8 10 2 2 9 2 2 8 2 10 10 2 10 10 9 9 10 10 2 2 2 9 10 2 10 2 10 9 8
left_child=2 4 13 5 6 10 26 27 9 21 -3 15 14 33 42 16 25 36 -16 35 23 48 -15 51 30 29 -2 -7 -13 38 -24 50 -25 -1 -23 -20 53 -38 -10 40 -40 61 -8 44 -34 46 -39 -33 -9 -49 -32 -21 -29 -5 -55 -6 -52 -4 -22 -19 -61 -41
right_child=1 3 57 17 55 7 12 8 11 -11 -12 28 -14 22 18 -17 -18 59 19 20 58 34 24 32 -26 -27 -28 52 -30 -31 31 47 43 -35 -36 -37 37 45 39 41 -42 -43 -44 -45 -46 -47 -48 49 -50 -51 56 -53 -54 54 -56 -57 -58 -59 -60 60 -62 -63
leaf_value=-0.019988981727293444 -0.0030697196315143749 -0.0010584982808723904 -0.026487333644930128 0.012858477017803606 -0.026233348361023832 0.0016231107243215128 -0.0062702298119393851 -0.0004847104079291732 -0.0062557920381919423 -0.018868661704123196 -0.031372979813893219 0.012984425786069792 -0.014842161638861888 -0.029665531387927126 -0.006987824366725349 0.010342797392693337 0.01133329934992904 0.015582357499726524 0.00030092352283039002 0.0027830594314783531 0.005273104387242598 -0.00088953259043346629 -0.01759060088425363 -0.016951543144646478 -0.016676450441232622 -0.010132082853313549 -0.012557196908042354 0.0098708328433424596 -0.0055440132528624241 -0.0068217229521926361 -0.00042139732042332042 0.015181874362145411 -0.0023083359702673373 0.010584356432796805 0.0072866764382767566 0.009175906233739187 0.012316470945365046 0.0050650022298675086 0.00011889524376074804 -0.0038375661391634739 0.0097849271910169476 0.0029239165405893688 -0.029223888755962223 -0.0084973936675678749 0.0090390810915283882 -0.001273274921329983 0.016961604052830353 -0.0041992230910549459 -0.0193439913005427 0.012187166773538373 -0.027682913287423522 0.019232582346647861 0.022651868740904302 0.0070016618593013195 -0.009212622756660481 -0.011965407193058324 -0.0097414099113029735 -0.019049989093358938 0.019263523366402587 0.011160323474370463 -0.012630630554056487 -0.023371550142578586
leaf_weight=1215.9518050476909 1279.4163603782654 319.1990287899971 1054.6665191650391 248.9085565507412 213.36947113275528 283.05229586362839 807.14055421948433 215.7528932094574 514.67693435400724 389.90148043632507 213.47579771280289 1994.9229148849845 431.60325932502747 150.63611793518066 905.80513083934784 1629.3342094421387 1024.16734790802 2347.8475494384766 879.13740253448486 621.10148212313652 783.1751127243042 2204.5487051457167 360.61294637620449 273.30001347512007 675.09686972200871 416.09031772613525 1388.6133155822754 372.42042356729507 185.20682525634766 655.00917921960354 444.50495026633143 158.70317095518112 1864.502804286778 57.490826636552811 1169.9437370300293 2226.1812438964844 2470.9963342249393 1221.1260280162096 1568.5602254867554 633.65161383152008 2367.010986328125 2723.1268005371094 98.022830575704575 846.52298982441425 468.18184711039066 670.05761456489563 462.05213989317417 1140.5006695389748 265.36271972954273 177.78542494773865 126.55881525948644 192.76869082450867 625.80632138252258 469.51002579927444 452.4092261493206 1204.815476834774 1071.9396370649338 1757.6522884368896 239.67329692840576 267.65735244750977 94.131908416748047 108.39053297042847
leaf_count=17823 9829 1831 20217 1048 2658 1273 5116 995 2483 2112 2337 8914 2976 2763 5584 6945 4568 11515 4455 3459 4450 10030 3720 1892 6835 2076 12837 1580 813 3155 4808 1267 11234 437 5165 11359 10875 5301 7885 2853 10163 12581 887 4993 2104 2844 2062 9298 1287 1437 1532 957 2661 2006 1907 9392 11960 29454 1256 1245 397 466
internal_value=-6.60723e-05 0.00272689 -0.0144778 0.00550053 -0.00265795 0.00366106 -0.00143429 0.00412714 0.00340253 -0.00147445 -0.0132434 0.00490319 0.000215765 -0.0107601 0.000853974 0.00368388 0.00259915 0.00970059 0.00179298 0.00274119 0.000437125 0.000288988 -0.00843752 -0.00151352 -0.00766109 0.00160259 -0.00801046 0.0141961 0.0114086 0.00217342 -0.00590819 -0.00455272 -0.00345063 -0.0186015 0.0019465 0.00666424 0.00768301 0.00906882 0.00291855 0.00355733 0.00593344 0.000857712 -0.00878546 -0.00228506 -2.79534e-05 0.00557886 0.00833889 -2.57891e-05 -0.0113165 -0.00196687 -0.00861974 0.00669802 0.0178981 0.00197008 -0.000980417 -0.014129 -0.0116575 -0.0218475 0.00856694 0.01416 0.00491201 -0.00671852
internal_weight=51699.7 43307.6 8392.1 28584.3 14723.3 19879.6 13305.1 19346.9 18065.7 4245.51 532.675 13820.1 10637.1 5579.78 10205.5 11640 10010.7 8704.7 9300.35 8394.54 5289.23 3855.61 4306.34 4266.38 4155.7 8986.52 2668.03 1281.28 2180.13 8570.43 3480.61 3119.99 3452.51 1273.44 3374.49 3105.32 5995.06 4824.23 7915.42 7400.74 3935.57 3465.17 905.163 3179.21 2332.68 2353.24 1683.18 1476.99 481.116 1318.29 1643 813.87 998.227 1170.83 921.919 1418.18 1198.5 2812.32 1022.85 2709.64 361.789 742.042
internal_count=338362 226811 111551 131373 95438 92173 83388 88005 82491 19589 4168 62902 60722 61880 57746 53175 46230 39200 51743 46159 30345 17477 43620 24639 40857 41662 22666 5514 9727 39586 34022 30302 20223 18260 15195 15814 26043 21082 36431 33948 18048 15900 6003 18331 13338 10207 7363 12002 2282 10735 18300 4416 4241 4961 3913 12050 13492 49671 5706 13157 1642 3319
cat_boundaries=0 1 2 3 4 5 6
cat_threshold=1192 9640 65641 20544 21664 4352
is_linear=0
shrinkage=0.035


Tree=60
num_leaves=63
num_cat=5
split_feature=24 34 46 24 4 1 40 22 0 26 45 16 48 23 16 22 40 26 17 39 18 22 7 48 23 32 29 41 39 17 16 48 8 40 22 16 40 38 26 48 37 23 16 22 40 18 17 35 41 3 36 22 35 22 11 22 43 41 46 29 52 41
split_gain=1590.51 452.126 213.666 178.618 177.236 114.263 106.62 80.4462 77.591 67.3893 64.7109 63.792 68.7678 80.1107 60.3553 78.8897 54.7058 53.4418 48.4519 47.6479 47.1789 42.5489 41.8347 40.7602 52.0281 43.2296 62.6016 52.405 39.2645 38.9379 35.9075 34.3258 33.5046 33.6733 50.8191 48.4713 33.3294 33.1361 41.4441 32.288 31.3508 33.7021 31.1951 88.8305 45.5591 41.3126 35.725 32.1918 45.8635 33.1536 37.171 31.1702 30.9581 30.6391 30.0967 29.8776 29.4207 63.7798 29.3406 27.7148 27.3389 27.0794
threshold=3.5000000000000004 1.5000000000000002 44.680000000000014 8.5000000000000018 30.245000000000005 3671.7800000000002 1.0000000180025095e-35 8.5000000000000018 10.620000000000003 161.50000000000003 1.0250000000000001 0 10.500000000000002 0.68301270189221941 1 1.5000000000000002 13450.990000000003 70.500000000000014 872.80000000000007 280.56000000000006 450.0800000000001 1.0000000180025095e-35 0.61250000000000016 2.5000000000000004 -0.6830127018922193 inf 207.50000000000003 1852.7800000000002 65.90000000000002 7704.7500000000009 2 11.500000000000002 3.5000000000000004 241.37500000000006 29.500000000000004 3 40.503333333333302 1.0850000000000002 192.50000000000003 2.5000000000000004 10014.030000000001 -1.0000000180025095e-35 4 33.500000000000007 6025.0800000000008 12867.354415584417 3444.6600000000003 18.500000000000004 2456.0999999999999 123.50000000000001 60.010000000000012 63.500000000000007 10.500000000000002 29.500000000000004 401.55000000000001 9.5000000000000018 4.5000000000000009 10.040000000000001 529.6500000000002 353.00000000000006 4.5000000000000009 7398.2700000000013
decision_type=8 2 8 10 10 8 8 2 8 2 10 9 2 2 9 2 10 2 10 8 10 2 10 2 2 8 2 10 10 8 9 2 2 10 2 9 10 8 2 2 8 2 9 2 10 10 10 2 10 2 10 2 2 2 10 2 2 10 10 2 2 10
left_child=1 2 9 6 11 14 -2 30 60 17 31 36 13 21 55 20 19 -1 61 23 -16 -13 -11 -17 -25 56 27 37 39 -9 -7 42 -31 -34 35 -35 -3 -27 -39 -10 59 -42 -6 44 46 47 -44 -45 49 -49 -51 54 -24 -5 -14 -4 57 -26 -41 -23 -8 -15
right_child=3 4 5 53 10 7 8 29 28 22 -12 12 51 18 15 16 -18 -19 -20 -21 -22 40 52 24 25 26 -28 -29 -30 32 -32 -33 33 34 -36 -37 -38 38 -40 58 41 -43 43 45 -46 -47 -48 48 -50 50 -52 -53 -54 -55 -56 -57 -58 -59 -60 -61 -62 -63
leaf_value=-0.013271005310217075 -0.031526127708150678 -0.0070487282637891396 0.0081547592353594846 -0.025576008542704455 0.016809650996389897 -0.015929636412645547 0.0059137398174512884 0.012245289376705716 -0.015608554399720063 -0.019997891408571573 0.0061701891667500647 -0.031653967852364885 0.0028576109532586274 -0.0025675938574882306 -0.0063029779236556576 -0.006949660023380635 -0.014060545680701222 -0.00010564628386957258 0.0090511908379167158 -0.0099124294803331087 -0.03324238988778145 -0.001403258331650333 -0.0046770048657191286 -0.0029009759458064181 0.01221915256376583 0.0049499321204968362 0.010529106748678151 0.015349890537581503 -0.013586498340921967 -0.006508534840188992 0.00087733356660230023 0.020374027027700654 0.038036542436671421 -0.028625781564427272 0.011626467813875857 0.0027078331100113943 0.012292559096087409 -0.011151832200842836 0.0029608375140408897 -0.0055739427582626039 -0.0020336883448939429 0.0077242890603541952 0.0019818275267601739 0.016052152412043476 -0.018788799671861183 -0.0073967884782602392 0.016879963471683267 0.0079803552328399276 0.019835980656363883 -0.0019233344674630755 -0.039800359640254281 0.014135551572161471 -0.012487453326403219 -0.017348720506618839 0.012702271134108788 0.055049744506314807 0.0023159452666445235 -0.011503842632906018 0.0061420867491282106 -0.010054562912096018 -0.017915087147686581 -0.046198448149017149
leaf_weight=471.33733782917261 290.2478836774826 119.33112174272537 668.86436924338341 1395.2196879386902 957.87902021408081 203.76914858818054 61.196995615959167 1751.6277630329132 353.3311972618103 490.73141407966614 4311.2693749591708 54.412904232740402 1603.5402646064758 365.11763989925385 177.03654717281461 878.14699682593346 371.98481750488281 1885.2961502075195 1797.7959419488907 604.93833923339844 144.62793121859431 4126.9982817769051 1175.0454021692276 2815.3125305175781 176.92936420440674 664.54772096499801 1553.7569539546967 272.82521990314126 984.78420472145081 280.60268653929234 569.16091853380203 523.05160522460938 40.679662570357323 73.290416717529297 597.90648293495178 213.2658224105835 1208.0820443034172 588.84578958153725 448.30033183097839 2661.68949611485 815.01565933227539 924.63856786489487 1168.5341916158795 2198.7029769867659 110.06593775749207 113.64394283294678 236.28506460785866 240.3749722391367 217.42375195026398 111.54844498634338 43.42203551530838 618.35679912567139 1323.5437480211258 939.11570596694946 498.10581636428833 16.108548074960709 1205.1193885803223 632.21841025352478 289.57757417857647 508.70518410205841 1362.0372543334961 17.308990478515625
leaf_count=3808 5481 575 3581 27784 4531 975 460 7605 4096 5205 18562 390 7196 1668 1295 5024 2156 12440 7820 3210 1582 18833 8758 15877 916 3458 7125 1280 10553 1235 2538 2580 171 310 2587 910 5331 2764 2104 27845 3563 4016 5182 10336 468 476 1080 1189 1074 546 197 2736 10673 18228 2153 89 6422 4161 2409 2374 20294 77
internal_value=-6.50093e-05 0.00263703 -0.00116612 -0.0140598 0.00600912 0.000981434 -0.010862 0.00628717 -0.00980675 -0.00717078 0.00943437 0.00323963 0.00238022 0.000849401 -0.00078303 -0.00144045 -0.0009034 -0.00274329 0.00664552 -0.000404686 -0.0184811 -0.00111669 -0.0106591 0.000219057 0.000973004 0.00294095 0.00527594 0.00113897 -0.00745409 0.0089142 -0.00376287 0.0118097 0.00406887 0.00728064 0.00582471 -0.00627914 0.010471 -0.00114709 -0.00505474 -0.00562304 -0.000851134 0.0031542 0.0109762 0.00965463 0.00279466 0.0132382 0.00449786 0.0140746 0.00696422 -0.0001469 -0.0127234 0.00723258 -0.00881767 -0.022275 0.0051958 0.00920209 -0.00114972 -0.00630786 -0.00442268 -0.00235458 -0.016887 -0.00465771
internal_weight=51522.6 43185.4 20295.8 8337.2 22889.6 14949.9 6002.86 3730.3 5712.62 5345.95 10232.2 12657.4 11330 8609.99 11219.6 10534.6 10212.9 2356.63 2180.22 9840.94 321.664 6429.77 2989.32 9236 8357.86 5542.54 3528.28 1974.52 4289.38 2957.37 772.93 5920.93 1205.75 925.142 884.463 286.556 1327.41 1701.69 1037.15 3304.6 6375.36 1739.65 5397.88 4440 1514.89 2925.12 1404.82 2811.47 612.769 395.345 154.97 2720 2498.59 2334.34 2101.65 684.973 2014.27 809.148 2951.27 4635.7 1423.23 382.427
internal_count=338362 221212 118259 117150 102953 77375 71138 16331 65657 40884 46221 56732 50826 38741 61044 57374 54497 16248 9565 52341 2877 29176 24636 49131 44107 28230 16731 9606 44903 12818 3513 27659 5213 3978 3807 1220 5906 8326 4868 34350 28786 7579 25079 20548 6730 13818 6262 13342 3006 1932 743 12085 19431 46012 9349 3670 11499 5077 30254 21207 20754 1745
cat_boundaries=0 1 2 3 4 5
cat_threshold=1200 1128 90402 256 5256
is_linear=0
shrinkage=0.035


Tree=61
num_leaves=63
num_cat=6
split_feature=13 2 45 34 8 22 46 16 47 3 7 32 22 40 40 16 28 22 5 48 40 48 17 22 47 44 29 46 8 37 42 33 19 41 26 38 40 33 33 0 29 48 16 12 22 47 39 51 16 41 8 32 37 37 16 48 37 1 3 16 23 38
split_gain=1515.9 469.307 178.789 163.17 155.572 118.068 112.932 103.713 102.507 92.3047 83.819 75.8978 72.1156 75.3764 67.9744 66.543 62.725 62.1387 62.0037 57.5445 56.4497 55.8148 55.2036 73.4375 53.9394 60.5287 53.2215 51.0348 50.7675 59.9816 46.589 54.2338 45.6689 42.0699 50.8254 41.7148 40.7543 40.6481 50.0628 49.8936 47.0684 39.3866 45.6099 38.9418 37.5089 37.2611 35.6329 35.225 39.2253 34.4819 33.1438 32.6355 37.2833 31.9137 31.6849 30.7769 29.9967 35.5329 32.5479 37.5338 31.2477 29.447
threshold=0.324561403508772 104.99500000000002 6.5833333333333348 2.5000000000000004 19.500000000000004 1.5000000000000002 7.9400000000000004 0 inf 10.500000000000002 0.73863636363636376 445.86000000000007 12.500000000000002 2493.3000000000002 13450.990000000003 1 38.925000000000004 2.5000000000000004 139.08166666666671 11.500000000000002 1.0000000180025095e-35 2.5000000000000004 7704.7500000000009 41.500000000000007 inf 161.19000000000003 192.00000000000003 1283.2200000000005 17.500000000000004 4221.7200000000012 3.5000000000000004 5.5000000000000009 239.07891666666669 1852.7800000000002 284.50000000000006 467.37000000000006 390.44166666666678 1.5000000000000002 6.5000000000000009 462.7200000000002 115.50000000000001 3.5000000000000004 2 1319.7300000000002 35.500000000000007 1610.7100000000003 518.49000000000012 78.434003051781445 3 652.5250000000002 8.5000000000000018 124.09000000000002 3372.3900000000003 15866.640000000001 4 2.5000000000000004 4558.6800000000012 1.0000000180025095e-35 29.500000000000004 5 0.25000000000000011 28.165000000000003
decision_type=8 10 10 2 2 2 8 9 8 2 10 10 2 10 10 9 10 2 10 2 10 2 10 2 8 8 2 8 2 8 2 2 10 8 2 8 10 2 2 10 2 2 9 10 2 10 10 8 9 10 2 10 10 8 9 2 8 10 2 9 2 8
left_child=2 4 10 5 6 9 26 32 14 -3 35 17 13 43 15 16 -9 49 41 22 -12 -19 37 46 25 55 -2 28 29 -17 31 -23 -7 -33 36 -1 -35 -14 39 -39 -40 50 -43 61 -21 -32 -24 -30 -49 -8 -5 52 -44 -25 -6 -22 57 -41 59 -58 -61 -10
right_child=1 3 -4 18 54 7 11 8 12 -11 20 -13 19 -15 -16 27 -18 21 -20 44 24 30 23 53 -26 -27 -28 -29 47 -31 45 33 -34 34 -36 -37 -38 38 40 56 -42 42 51 -45 -46 -47 -48 48 -50 -51 -52 -53 -54 -55 -56 -57 58 -59 -60 60 -62 -63
leaf_value=-0.019529113491428673 -0.013558111846647404 0.00017955568701725534 -0.021534800460010408 0.022353819132299377 0.0098460064247633452 0.0021372006242271761 -0.0066235845672748487 -0.010933329217841492 0.012040153456911623 -0.028285002398475353 -0.029187507672319885 -0.010646283931544619 -0.0073138199187160009 -0.023190898605005721 -0.014213659641033239 -0.00035437622157636587 0.025423462340495605 -0.0071513339984825711 0.013414137519724034 0.0084743005402418154 -0.016671448371827297 0.0051665446374009605 -0.02536069142491652 0.014752452120869957 0.0020816020273265886 -0.017777397300961145 -0.0031572375501061462 0.0068146334712211858 -0.00045439103046295275 0.0070230717979733156 0.008252953649771945 -0.012087384808429405 0.016905080762118899 0.0067367788110498303 0.0076049934171632015 0.010693735829285032 -0.0049787549811362566 0.0067467939322427761 0.012007619152530026 -0.0071513294936842208 -0.000110418518238908 0.011636782153196731 0.0042816552720095682 0.012071248546547481 0.034929563913458798 -0.02492855841437706 0.0010673769612585954 0.0083461133066891659 -0.01301853417600775 -0.037470241039750371 -0.00025714385852263676 -0.0015574475278888437 0.015877099369178051 -0.00041317483368169815 -0.019055423604262343 -0.0052626026024633439 0.023201437787638141 0.014433528670950949 0.020640303064289035 0.020734063253319671 -0.015033774193058456 -0.0049818189311857256
leaf_weight=1241.4870444089174 1290.5541544556618 314.17116440832615 2556.5092296600342 84.501825332641602 46.926456212997437 343.84581136703491 826.38975226506591 759.80001701414585 150.11413019895554 250.0763672888279 148.42879819869995 797.51094400882721 189.28667688369751 165.14954298734665 349.0751953125 3259.8474843204021 61.998793482780457 820.77707552909851 2691.7764587402344 115.83196829259396 327.36630956828594 2285.5073349773884 174.4561767578125 274.19886088371277 638.16650772094727 752.28627999126911 1131.396448135376 2300.6720095276833 1553.9940842837095 2303.2256396114826 1712.2439459264278 422.72177070751786 1012.7231788635254 445.16877334937453 750.58005428314209 57.978202044963837 1969.3911432027817 1363.5362827181816 618.52043437957764 136.67163102328777 1072.1400527954102 2589.8062063753605 1235.3805648088455 334.97162199020386 153.06571961939335 41.538124918937683 96.952438354492188 120.76304244995117 635.33007431030273 45.990178767591715 1115.1760141402483 687.16223502159119 468.1529469192028 444.4278507232666 785.99148917198181 2480.0545003414154 84.177820205688477 290.87890660762787 1127.8675289452076 40.421563759446144 107.02734789252281 706.23076736927032
leaf_count=18944 12619 1698 47106 356 362 1561 5328 3972 677 2782 2869 6049 811 741 1817 15619 391 5205 13191 494 3388 12160 794 1203 4441 8521 9011 10048 7750 10879 7769 3220 4314 2401 4825 440 12189 5737 2699 616 4713 11419 5376 1444 682 210 437 540 3142 551 4738 2920 2102 1958 6998 25842 366 1243 5044 176 444 3020
internal_value=-6.39917e-05 0.00255755 -0.0138558 0.00500317 -0.00288925 0.00331549 -0.00191562 0.00375366 0.003079 -0.0124638 -0.0103754 -0.000290254 0.0062126 -0.00110605 0.000969425 0.00145269 -0.00806489 0.000596928 0.00898025 0.00779096 -0.00804029 0.0015156 0.00708075 -0.000473565 -0.00728579 -0.00896525 -0.00870273 0.00222793 0.000889751 0.00270075 0.00244908 0.000953815 0.01307 -0.00173043 -0.000343823 -0.0181735 -0.00281688 0.00856728 0.00918959 0.0117965 0.00432739 0.00704721 0.0084183 0.00197241 0.0236072 0.0074533 -0.0159508 -0.00347072 -0.00966138 -0.0082908 0.0013528 0.00485939 0.00747568 0.00538587 -0.0175277 -0.00659842 0.0156436 0.00753308 0.0181869 0.00620325 -0.00482945 -0.00198737
internal_weight=51358.4 43156.1 8202.28 29783.4 13372.7 20911.5 12539.8 20347.2 18990.6 564.248 5645.77 10117.8 7645.93 1356.47 11344.7 10995.6 821.799 9320.31 8871.96 6289.46 4346.3 8447.93 6020.56 990.035 4197.87 3559.71 2421.95 10173.8 7873.16 5563.07 7627.15 5873.37 1356.57 3587.86 3165.14 1299.47 2414.56 5030.53 4841.24 3150.58 1690.66 6180.18 4980.5 1191.32 268.898 1753.78 271.409 2310.09 756.093 872.38 1199.68 2390.7 1703.53 718.627 832.918 2807.42 1787.04 427.551 1359.49 231.627 147.449 856.345
internal_count=338362 226811 111551 137914 88897 97812 81537 93332 87457 4480 64445 59907 33299 5882 54158 52341 4363 53858 40102 27417 45061 47979 26241 4392 42192 37751 21630 47978 37930 26498 42774 34795 5875 22635 19415 19384 14590 21849 21038 13626 7412 26911 21817 5141 1176 7979 1231 11432 3682 5879 5094 10398 7478 3161 7360 29230 7889 1859 6030 986 620 3697
cat_boundaries=0 1 2 3 4 5 6
cat_threshold=1192 10305 9704 131072 2056 135168
is_linear=0
shrinkage=0.035


Tree=62
num_leaves=63
num_cat=6
split_feature=13 2 45 8 34 22 46 16 22 3 47 18 7 44 40 22 16 5 40 47 44 17 18 29 29 18 27 40 33 49 52 16 47 37 41 29 40 0 38 16 22 17 22 3 46 32 29 0 16 18 7 0 22 32 37 5 41 47 2 23 19 16
split_gain=1426.82 438.363 173.703 151.381 148.77 107.093 100.153 96.7461 95.3469 97.6596 90.1021 87.7811 80.6651 75.1247 65.3839 56.8589 57.6855 56.0016 54.7847 50.7831 57.8674 48.4622 49.667 44.558 59.0018 43.8039 42.928 46.8832 43.1847 41.6272 50.3263 49.5124 66.7607 48.3067 44.8865 41.029 39.8508 48.7002 39.7571 39.6707 38.6869 38.1589 37.9284 37.6198 37.3024 37.0593 37.2096 35.354 34.8757 34.8325 34.2199 31.7823 31.5284 31.0591 33.8434 31.0272 30.8864 44.3903 31.1985 30.8168 30.4465 30.0581
threshold=0.324561403508772 126.85500000000003 6.5833333333333348 14.500000000000002 2.5000000000000004 1.5000000000000002 7.9400000000000004 0 14.500000000000002 64.500000000000014 inf 450.0800000000001 0.73863636363636376 72.060000000000016 13450.990000000003 1.5000000000000002 1 139.08166666666671 1.0000000180025095e-35 inf 161.19000000000003 11495.540000000001 8148.0162500000015 84.500000000000014 176.50000000000003 26.441250000000004 13395.420000000002 3367.5900000000006 3.5000000000000004 13.500000000000002 3.5000000000000004 2 1148.7 21617.460000000003 2867.0550000000003 323.50000000000006 2493.3000000000002 955.25999999999988 467.37000000000006 3 12.500000000000002 4731.7500000000009 65.500000000000014 201.50000000000003 2021.7100000000003 21.090000000000007 353.00000000000006 1148.3100000000002 4 450.0800000000001 0.61250000000000016 82.363333333333358 5.5000000000000009 1.0000000180025095e-35 1581.2700000000002 6.480000000000004 10772.820000000002 1416.7800000000004 514.35000000000014 1.0000000180025095e-35 239.07891666666669 5
decision_type=8 10 10 2 2 2 8 9 2 2 8 10 10 8 10 2 9 10 10 8 8 10 10 2 2 10 10 10 2 8 2 9 10 8 10 2 10 10 8 9 2 8 2 2 10 10 2 10 9 10 10 10 2 10 8 10 8 10 10 2 10 9
left_child=2 3 12 6 5 11 50 25 9 35 14 -3 38 52 29 49 -17 48 -14 20 -20 23 -23 42 47 -7 27 28 -26 30 33 45 34 61 -33 36 37 59 -1 -31 -38 -28 -12 -30 -34 46 -32 -25 56 -8 -2 -15 -5 54 -50 -24 -6 58 -58 -9 -27 -10
right_child=1 4 -4 13 17 7 15 8 10 -11 21 -13 18 51 -16 16 -18 -19 19 -21 -22 22 55 24 26 60 41 -29 43 39 31 32 44 -35 -36 -37 40 -39 -40 -41 -42 -43 -44 -45 -46 -47 -48 -49 53 -51 -52 -53 -54 -55 -56 -57 57 -59 -60 -61 -62 -63
leaf_value=-0.019166523246428493 -0.015562492618632255 -0.00084543562893829528 -0.021185162435271885 -0.014352435757693046 0.01290654416391126 -0.024925073783686278 -0.0066058337831792126 -0.0052273899057325036 -0.013914669878918678 -0.018258554311441345 0.013035596690860038 -0.030313811164440898 -0.028918860228555932 -0.018427071445836104 -0.013184834793991285 0.0040504390858198411 -0.0023240778049890476 0.013051739496811847 -0.006400210840241824 0.0020062458178881555 -0.01739515595396627 -0.028824287192251701 -0.031746992195658456 -0.0024903576900811839 -0.00040983737166360221 0.0035551218075703939 -0.041787020627315964 0.016208766857491536 0.01247506348313763 -0.012883798906026256 0.012830057509906812 0.00078492578900907998 -0.011405280269516573 0.0094587463004985658 0.012359268218325338 -0.011797560975156423 -0.017163907707562227 0.0078608302386585158 0.010253204604659057 0.0014808363202928393 0.006130274697789065 0.0012131797766736596 0.034609920065727259 -0.028566953515269691 0.0075574260400349345 0.0029199647855680981 -0.0015380726699019533 0.0089564688746285228 -0.00086367426830663487 -0.034647592517981059 -0.0047732555782045976 -0.0092680215237466741 -0.0019027050648140113 -0.0026328932787859456 0.0094371786087164705 0.0046187440487834644 0.0037322330240731625 -0.0049470866931138639 0.013578806212458022 0.0037740729754869055 0.017031413072543775 -0.0012991597669356034
leaf_weight=1221.0839075855911 461.75480318069458 317.86069656163454 2508.6176948547363 289.60490655899048 1553.3820503950119 35.155200779438019 432.5831553041935 994.42309069633484 374.3824520111084 386.1601448059082 395.86233150959015 201.91941201686859 144.64096117019653 841.9322348088026 326.20778465270996 5598.7696681022644 2514.0172019004822 2669.9622802734375 2793.5067671537399 638.98455047607422 742.1125522851944 73.126701354980469 29.874547854065895 873.93873000144958 566.84676443040371 260.25123064219952 30.534903556108475 1356.6369347572327 1088.2879608720541 364.38079833984375 1744.8756970539689 1057.8986267261207 580.51547813415527 313.93993747234344 669.80488991737366 320.00528913736343 257.05528622865677 1271.8593578338623 58.388306528329849 632.08629703521729 131.38300323486328 127.20853707194328 133.68654572963715 27.145397692918777 161.8547306060791 1062.3342271670699 252.53178834915161 530.2600212097168 573.95707050710917 61.197289317846298 1631.4479131698608 1042.3100685626268 1751.4936666488647 680.02268804609776 1221.7904477715492 415.51106463372707 770.61155366897583 352.50654411315918 808.19721949100494 874.88515496253967 983.88865686953068 601.15138252452016
leaf_count=18944 4889 1831 47106 2349 6846 154 2853 4738 1676 2112 1718 2337 2869 8573 1688 30106 14515 13157 29230 4441 8521 332 145 3764 2395 1169 130 5978 4711 1938 7688 5053 2669 1357 3184 1539 1206 5491 440 3364 587 543 592 120 704 5034 1220 2422 2436 610 13012 6941 11590 2863 5373 1806 3232 1569 3724 3916 4191 2671
internal_value=-6.26394e-05 0.00247234 -0.0135318 -0.00245224 0.00500334 0.00333335 -0.000295229 0.00375566 0.00308846 -0.00150252 0.0045008 -0.0123293 -0.0100994 -0.00833029 0.00214392 0.0013749 0.00207717 0.00883879 -0.0078097 -0.00707156 -0.00871227 0.00789687 -0.00229651 0.00892732 0.00781747 0.0130216 0.0104438 0.011368 0.00745698 0.0027853 0.00376172 0.00521349 0.00149944 -0.00246329 0.00527668 0.000182607 0.0012718 0.00258036 -0.017817 -0.00389389 -0.00928952 -0.00732131 0.0185371 0.0114516 -0.00726635 0.00817869 0.0110136 0.00183554 0.00694975 -0.0101442 -0.00715963 -0.0133681 -0.00367532 0.00371971 0.00614617 0.00211383 0.00920579 0.00627172 0.00877813 -0.0010147 0.0142175 -0.00630572
internal_weight=51188.6 43081.3 8107.33 14625.1 28456.2 19825.7 10699.8 19306 18026.7 4235.77 13790.9 519.78 5598.72 3925.34 8141.96 8606.57 8112.79 8630.43 4319.24 4174.6 3535.62 5648.92 518.512 5130.41 4600.86 1279.3 3196.66 3038.92 1682.28 7815.76 6819.29 5529.82 2470.07 1289.47 1727.7 3849.61 3529.61 3141.17 1279.47 996.467 388.438 157.743 529.549 1115.43 742.37 3059.74 1997.41 1404.2 5960.47 493.78 2093.2 1884.24 2041.1 2475.77 1795.75 445.386 3484.7 1931.32 1578.81 1869.31 1244.14 975.534
internal_count=338362 226811 111551 95438 131373 92173 65985 88005 82491 19589 62902 4168 64445 29453 38246 48084 44621 39200 45061 42192 37751 24656 2283 22373 20063 5514 13877 13204 7226 36558 31256 25552 11610 5704 8237 17477 15938 14145 19384 5302 1793 673 2310 4831 3373 13942 8908 6186 26043 3463 17901 15514 13939 10672 7809 1951 15371 8525 6956 8654 5360 4347
cat_boundaries=0 1 2 3 4 5 6
cat_threshold=1192 132592 151552 16384 5536 18432
is_linear=0
shrinkage=0.035


Tree=63
num_leaves=63
num_cat=7
split_feature=13 2 34 45 35 4 1 46 17 46 16 13 23 44 47 39 7 48 16 48 18 18 2 48 48 18 35 51 23 3 23 26 42 48 18 18 16 17 2 17 16 40 40 18 44 19 30 17 47 48 8 29 33 47 18 32 16 35 16 3 16 44
split_gain=1342.58 409.847 171.655 169.096 114.994 102.326 96.3483 71.1553 67.3548 61.2555 61.0278 56.1099 50.1947 49.7145 49.4554 58.9761 49.2668 49.1188 48.2663 49.9166 46.7267 44.9962 39.4524 39.6926 37.94 39.612 37.4877 36.0218 35.8796 34.9589 34.6986 33.3663 32.75 31.7588 31.6012 31.4493 30.7167 33.9395 30.0469 29.8867 29.005 59.094 38.073 28.9939 28.7427 28.389 65.1873 28.1773 27.4792 39.7774 26.2964 26.205 46.8602 26.1541 25.856 25.5359 26.8753 43.499 25.4926 41.3468 31.5092 25.3353
threshold=0.324561403508772 57.895000000000003 1.5000000000000002 5.1250000000000009 16.500000000000004 30.245000000000005 inf 7.9400000000000004 1.0000000180025095e-35 2.9250000000000007 0 0.94281045751633996 0.68301270189221941 380.63500000000005 inf 163.47000000000003 0.82575757575757591 11.500000000000002 1 11.500000000000002 3507.9500000000003 12867.354415584417 1133.8200000000004 11.500000000000002 4.5000000000000009 3840.2933333333335 1.5000000000000002 1.0000000180025095e-35 0.68301270189221941 237.50000000000003 0.93301270189221952 177.00000000000003 3.5000000000000004 11.500000000000002 57.438750000000006 57.438750000000006 2 141.14000000000001 6.0200000000000005 872.80000000000007 3 3367.5900000000006 13450.990000000003 289.29208333333344 102.16000000000001 702.01800000000014 1173.5100000000002 141.14000000000001 96.185000000000016 3.5000000000000004 14.500000000000002 283.50000000000006 6.5000000000000009 1.4650000000000001 6911.4450000000015 1441.6800000000001 4 13.500000000000002 5 29.500000000000004 6 77.850000000000009
decision_type=8 10 2 10 2 10 8 8 8 8 9 8 2 8 8 8 10 2 9 2 8 10 10 2 2 8 2 10 2 2 2 2 2 2 10 10 9 8 10 10 9 8 10 10 10 10 10 10 10 2 2 2 2 10 10 10 9 2 9 2 9 10
left_child=3 4 6 9 7 18 8 31 43 -1 35 -7 17 21 15 -11 -5 32 34 28 47 22 23 30 25 58 -26 -18 55 -21 44 -2 50 40 -4 -10 37 -16 -6 -30 -13 48 -43 -3 51 -33 -47 -14 49 -42 -9 52 -12 -22 -53 56 57 -20 -8 60 -60 -29
right_child=1 2 5 16 38 11 24 12 10 14 13 33 20 -15 36 -17 27 -19 19 29 53 -23 -24 -25 26 -27 -28 61 39 -31 -32 45 -34 -35 -36 -37 -38 -39 -40 -41 41 42 -44 -45 -46 46 -48 -49 -50 -51 -52 54 -54 -55 -56 -57 -58 -59 59 -61 -62 -63
leaf_value=-0.015937992542014699 -0.0032534010808486164 -0.0075587782475113555 -0.0044804061523522152 -0.023170872454041955 -0.020160887340536778 0.005708602212619652 0.011816729039454703 -0.0046051341606239346 -0.0017407134265325873 -0.0062524883567805709 0.0054984534922308597 0.015888027168927538 -0.0059039125156770192 -0.0066704702838672643 -0.03340008198688442 -0.020288971260558827 -0.025083103230518509 0.0062062825144754159 0.003061011124776344 0.0078829400657162204 0.023617869708835667 -0.018731301850126222 0.0061365684821871498 0.007218303279070022 -0.014641766593317194 0.014476268892342499 0.01120155529915591 -0.0093684592117861936 -0.0049150360423008445 0.028915941598548281 0.010330684749214621 -0.013139395375351073 0.0021980586433541591 0.019319414877089235 0.013299758085775666 0.017047327105790266 0.012371921068322014 -0.00023242010482913553 -0.0094756615470463993 0.0087375781867888008 -0.010988389918358677 0.013289422678952707 -0.0014300117033527072 -0.031017527992559135 -0.005006701169599709 0.11418939689285661 -0.021668943100368238 0.0046491799296346798 -0.0013467045507043552 0.010886769580795951 -0.015011897109369609 -0.010889807987030261 -0.0028558422240467555 0.0074816967697438957 0.019071520092865203 -0.0070712773186696895 0.0019992819030475576 -0.021401490905955653 -0.033052532840863715 0.0036374541644980194 -0.0067689886563872328 -0.019498317368732695
leaf_weight=1089.1747588403523 926.16526463627815 149.5953780785203 140.94657914340496 1732.7519149780273 464.26177215576172 4166.9450153708458 137.66733086109161 2573.9620148539543 152.13025906682014 2299.0312438011169 1569.5861826241016 940.20075416564941 491.81820939481258 1378.4604506641626 40.619148924946785 435.75323534011841 341.55681896209717 669.305419921875 196.66305911540985 934.96154308319092 182.86157184839249 145.59603118896484 1422.5797680020332 771.88561677932739 70.877351760864258 240.87526327371597 1669.7201805114746 1008.6067835092545 230.52241402864456 107.25586986541748 303.22635443508625 1022.361410818994 796.16420212388039 516.31639862060547 911.0131529122591 383.66606423258781 222.79947066307068 411.25941996276379 1063.9537124633789 1304.9519044756889 117.35223478078842 2541.697832018137 234.97227597236633 113.70765689760447 2155.1238631010056 6.0760215371847179 10.484576158225535 834.25084652006626 740.58094024658203 735.03701877593994 335.68513810634613 382.38423615694046 1725.7695019245148 376.80719572305679 37.949652552604675 476.43719094991684 5233.9207537919283 161.40016376972198 64.739902496337891 399.55287870764732 290.71723887324333 433.88095319271088
leaf_count=15768 7640 1048 620 33993 5403 17902 572 17298 828 23549 7913 4513 2688 7866 417 5333 7590 4208 905 3992 840 812 6280 3867 292 1027 7204 14259 989 465 1482 10153 3914 2594 3916 1841 1627 2821 8324 5508 500 12217 1030 1766 12021 65 102 4345 3344 3350 2762 2143 9252 2143 215 2124 22534 772 271 1709 1242 6194
internal_value=-6.17334e-05 0.00238917 0.00423945 -0.0132121 -0.00391917 0.00632647 0.00120985 -0.00228042 -0.000319658 -0.0087142 0.000122564 0.00881195 -0.000456299 -0.000506152 -0.00640252 -0.00849562 -0.0189615 -0.00251365 0.00376473 0.0028902 0.00431577 0.000491943 0.000828589 -0.000259254 0.00689764 0.0019122 0.0101414 -0.0148625 0.00190829 0.0100731 -0.00119512 -0.00808898 -0.0040898 0.0110301 0.0108128 0.0115051 0.00208183 -0.00321013 -0.0127328 0.00668603 0.0102206 0.00894103 0.0120437 -0.0177685 -0.00179209 -0.0123925 0.0318411 0.000733704 0.00358468 0.00786577 -0.0058105 7.32539e-05 0.00112379 0.0127866 -0.00814592 0.00069849 0.00136162 -0.00777795 -0.00149043 -0.00403222 -0.0127525 -0.0124268
internal_weight=51026.6 43011.1 33257 8015.43 9754.16 19691.2 13565.8 8225.94 10691.7 4498.64 10428.4 9993.1 6260.85 9892.56 3409.46 2734.78 3516.8 4375.12 9698.07 8646.11 1885.74 8514.1 8368.51 6945.93 2874.15 1133.55 1740.6 1784.04 7603.9 1042.22 6174.04 1965.09 3705.81 5826.16 1051.96 535.796 674.678 451.879 1528.22 1535.47 5309.84 4369.64 2776.67 263.303 5870.81 1038.92 16.5606 1326.07 1592.97 852.389 2909.65 3715.69 3295.36 559.669 420.334 6068.42 5591.98 358.063 892.677 755.01 355.457 1442.49
internal_count=338362 226811 156926 111551 69885 87275 69651 56158 57334 49515 54520 45450 38198 51851 33747 28882 62036 28182 41825 37289 10016 43985 43173 36893 12317 4821 7496 28043 32832 4457 33026 17960 23974 27548 4536 2669 4865 3238 13727 6497 24954 20441 13247 2814 31544 10320 167 7033 7194 3850 20060 19523 17165 2983 2358 26335 24211 1677 3794 3222 1513 20453
cat_boundaries=0 1 2 3 4 5 6 7
cat_threshold=1128 1248 21888 5256 2048 4320 256
is_linear=0
shrinkage=0.035


Tree=64
num_leaves=63
num_cat=7
split_feature=13 4 22 45 46 21 8 7 26 41 16 37 40 7 16 48 44 37 23 33 17 16 27 47 39 19 7 38 16 14 26 22 41 22 26 29 16 27 37 41 22 0 18 16 37 18 3 22 18 22 18 47 0 3 27 18 24 0 3 16 22 18
split_gain=1263.08 380.683 168.348 164.68 126.559 126.249 101.154 75.6231 74.4182 71.574 54.0577 56.9483 53.1918 52.7463 51.6233 50.4441 48.0155 47.5184 47.0002 85.0408 43.9434 64.4869 50.2201 42.4531 44.9393 41.4546 40.9875 37.6241 37.3249 37.1138 36.7142 32.0152 31.9795 32.0308 50.4288 45.5961 40.4814 37.3719 30.8304 30.7395 67.555 29.7721 29.753 29.6149 29.4719 29.2804 28.9789 86.4201 28.6065 28.4438 55.9676 28.2366 35.4741 54.1768 28.0778 28.3417 27.7152 27.5935 32.119 29.4337 28.1509 32.7621
threshold=0.324561403508772 2.0350000000000006 1.0000000180025095e-35 6.5833333333333348 109.10000000000002 30.245000000000005 14.500000000000002 0.73863636363636376 31.000000000000004 652.5250000000002 0 2418.1600000000003 1.0000000180025095e-35 0.61250000000000016 1 11.500000000000002 72.060000000000016 11049.300000000001 0.68301270189221941 8.5000000000000018 4042.2600000000002 2 8932.5000000000018 inf 163.47000000000003 217.96000000000001 0.80909090909090919 467.37000000000006 3 19.500000000000004 314.50000000000006 12.500000000000002 18738.880000000001 29.500000000000004 70.500000000000014 222.50000000000003 4 13395.420000000002 15866.640000000001 1602.3350000000003 35.500000000000007 1856.2800000000002 1308.6225000000002 5 2870.6550000000002 553.27250000000015 58.500000000000007 25.500000000000004 745.81333333333339 37.500000000000007 4844.5922727272728 3809.7900000000004 418.72166666666681 85.500000000000014 4281.1050000000005 12867.354415584417 12.500000000000002 551.16333333333353 237.50000000000003 6 63.500000000000007 7330.554000000001
decision_type=8 8 2 10 8 10 2 10 2 10 9 8 10 10 9 2 10 10 2 2 10 9 10 8 8 10 10 8 9 2 2 2 10 2 2 2 9 10 8 10 2 10 10 9 10 8 2 2 10 2 10 8 10 2 8 10 10 10 2 9 2 10
left_child=3 2 9 7 6 8 13 27 -3 -2 45 28 -9 -4 25 20 44 23 19 46 21 -7 31 24 57 -6 -13 -1 42 -28 32 -22 33 34 36 -35 -31 51 -32 -30 -41 43 -12 -23 -8 -10 -16 -48 -45 50 -21 -37 53 -53 -36 -56 -5 58 59 -14 -60 -62
right_child=1 5 4 56 14 15 16 12 10 -11 11 26 17 -15 18 -17 -18 -19 -20 49 22 41 -24 -25 -26 -27 29 -29 39 30 38 -33 -34 35 54 37 -38 -39 -40 40 -42 -43 -44 48 -46 -47 47 -49 -50 -51 -52 52 -54 -55 55 -57 -58 -59 60 -61 61 -63
leaf_value=-0.018497373700190875 -0.011299999147158747 -0.0072293531138457774 -0.012545159957235813 -0.017999652301324907 -0.0021076012289634335 -0.0011973182279685812 -0.010870764782843016 -0.02852917981742447 0.012600770281654875 -0.036249166030607446 0.00039440534037259276 -0.0045470038749552801 0.0026621070048905523 -0.00060197687756328847 0.00016356343264260109 0.015970747586798433 -0.016442990101118986 -0.021202400118847688 0.0054029819640582016 0.0033323776241835751 -0.016598595168993226 0.0039412484642050325 0.0034079018419408027 0.0027969620440589323 -0.018266717075809631 0.015987718189033277 -0.002274779683470124 0.010116770802685041 -0.00036900770006829248 -0.026461442178119715 0.020183654050009981 0.012973410725708562 -0.010869014486190784 0.0044388987960361625 0.0066977522260223063 0.0075717569146460922 -0.0021978608468105425 -0.0097030350430982737 -0.0077508867836776525 -0.024215442290332654 -0.0018334621210175158 0.013420867619697081 0.0092493517367517059 0.01789113085339758 0.00089133182193576856 -0.017967267605128033 -0.021719913559618463 -0.0034597920926368775 -0.017230292818373159 0.0080146030166780621 -0.016153664852969409 0.0020497523309704149 0.022228825317979144 0.023471405921299295 -0.011189929813421502 0.023107940976968749 -0.02617857485470235 0.0047867728618773905 -0.018675113406050329 -0.0092436977205113992 0.031391807729208084 -0.0039880582928217868
leaf_weight=1184.6656168922782 465.94700667634606 801.5743153989315 504.04554160684347 1680.5232067108154 221.31067770719528 1396.7726732641459 606.3260922729969 139.34158706665039 1010.5882604420185 201.87676632031798 1363.1176487952471 557.1771487146616 289.41403919458389 4396.0731720924377 1407.9863518550992 937.87460327148438 1023.3330955505371 255.48360919952393 2126.8688907623291 1556.6115593910217 44.753786265850067 1922.5907579958439 1003.4718933105469 614.04722023010254 396.21426582336426 515.61733514070511 741.44508424401283 58.492387145757675 1745.145977139473 92.056316375732422 342.18449687957764 2827.6282856464386 144.90078520774841 3020.3196308612823 1727.543511390686 957.56145332753658 497.59411072731018 100.79056167602539 55.803035259246826 238.1055109500885 535.0160961151123 858.49057769775391 704.43724119663239 345.93965668976307 457.32672524452209 39.052000731229782 369.65187478065491 2218.4626767635345 30.159752011299133 1227.5534205436707 203.24095726013184 392.21626660227776 543.24721193313599 228.30451707541943 200.73839569091797 33.616244316101074 738.90242385864258 277.01597099006176 36.575593039393425 2127.2568032443523 71.471247792243958 57.138768911361694
leaf_count=18944 4067 3778 5121 30217 1155 6203 4828 2869 4501 3141 6315 2966 3132 30606 7168 4466 9870 2846 10101 7785 193 8403 4564 4223 4652 2244 3295 440 8262 397 1530 13089 663 13529 7459 4298 2164 423 250 1096 2491 4236 3148 1576 3583 167 2323 11859 133 6173 1118 1643 2491 945 852 143 16889 2062 432 23213 890 742
internal_value=-6.05021e-05 0.00230907 -0.0016639 -0.0128964 -0.000979657 0.00504233 -0.004582 -0.00954967 0.00315968 -0.0188848 0.00370544 0.00313105 -0.00733205 -0.00183281 0.00157657 0.00827179 -0.011033 -0.00660921 0.00084807 -0.000538516 0.00741343 0.00508031 0.0101527 -0.00564037 -0.00723238 0.0104168 0.00466107 -0.017144 -7.7243e-05 0.00522665 0.00589399 0.012507 0.00537248 0.00567579 0.00245832 0.007241 -0.0065095 0.0110459 0.0162573 -0.00293253 -0.00874903 0.00783608 0.00339796 0.00577948 -0.00581746 0.0113395 -0.00387755 -0.00607521 0.014648 0.00392774 0.00107409 0.0120359 0.0156993 0.00995638 0.00515555 -0.0061929 -0.0205073 -0.00569727 -0.00682355 -0.0078446 0.00807178 0.0157638
internal_weight=50869 42942.4 17502.2 7926.54 16834.4 25440.2 6987.1 5507.12 16072.5 667.824 15271 14221.3 4263.96 4900.12 9847.3 9367.68 2086.99 4124.62 9110.38 6983.51 8429.81 4553.95 3875.85 3869.13 3255.09 736.928 9635.5 1243.16 4585.82 9078.32 8336.88 2872.38 7938.89 7793.99 2551.55 5242.44 589.65 2222.12 397.988 2518.27 773.122 3157.18 2067.55 2298.69 1063.65 1049.64 3996.1 2588.11 376.099 2987.41 1759.85 2121.33 1163.77 620.521 1961.9 234.355 2419.43 2858.87 2581.86 2416.67 165.186 128.61
internal_count=338362 226811 111142 111551 103934 115669 54008 64445 72806 7208 69028 64360 45061 35727 49926 42863 18281 42192 46527 36426 38397 20551 17846 39346 35123 3399 43048 19384 21312 40082 36787 13282 35007 34344 11015 23329 2561 9800 1780 11849 3587 14348 9463 10112 8411 4668 21350 14182 1709 15076 8903 9377 5079 2588 8454 995 47106 30471 28409 26345 2064 1632
cat_boundaries=0 1 2 3 4 5 6 7
cat_threshold=1152 1272 84037 135273 256 135432 1124
is_linear=0
shrinkage=0.035


Tree=65
num_leaves=63
num_cat=6
split_feature=24 2 24 2 40 34 22 18 16 48 44 48 47 16 2 35 19 18 22 16 16 3 18 46 26 3 29 29 18 26 8 46 48 16 17 9 42 26 32 41 22 18 22 46 32 32 35 37 52 2 48 16 35 48 40 38 26 35 18 35 12 22
split_gain=1191.62 350.546 159.935 151.78 100.409 95.0041 84.8868 140.835 79.3342 72.9382 70.9525 72.0511 70.9366 74.1666 65.8946 51.1964 56.5489 49.5535 59.6524 48.8358 48.3022 45.3861 45.0465 46.815 46.5393 44.174 42.5134 41.9668 39.9078 39.9038 39.2438 46.4882 39.1295 39.9783 39.1176 39.0126 34.524 32.9366 32.5392 50.1715 31.8947 31.1666 61.3477 39.9501 31.0997 30.1724 38.2522 32.0563 32.4306 29.7509 28.4411 28.0482 27.6397 27.1564 27.0971 27.0775 27.0118 26.3214 34.4936 29.9617 30.9441 34.2075
threshold=3.5000000000000004 514.35000000000014 8.5000000000000018 4.3500000000000005 1.0000000180025095e-35 1.5000000000000002 13.500000000000002 2663.4285000000004 0 11.500000000000002 102.16000000000001 3.5000000000000004 5507.3600000000015 1 2.9250000000000007 8.5000000000000018 884.49000000000012 12867.354415584417 45.500000000000007 2 3 129.50000000000003 12867.354415584417 35.330000000000013 161.50000000000003 68.500000000000014 237.50000000000003 115.50000000000001 12867.354415584417 161.50000000000003 19.500000000000004 579.13000000000011 3.5000000000000004 4 11495.540000000001 130.41000000000005 3.5000000000000004 314.50000000000006 2445.8400000000006 1154.2700000000002 29.500000000000004 4652.3057142857151 29.500000000000004 192.83000000000004 1309.9200000000003 inf 20.500000000000004 1294.5000000000002 3.5000000000000004 168.75000000000003 9.5000000000000018 5 5.5000000000000009 3.5000000000000004 23.04000000000001 1.0000000180025095e-35 70.500000000000014 7.5000000000000009 1417.5312500000002 25.500000000000004 1877.53 4.5000000000000009
decision_type=8 10 10 10 8 2 2 10 9 2 10 2 8 9 8 2 10 10 2 9 9 2 10 8 2 2 2 2 10 2 2 10 2 9 10 10 2 2 10 10 2 10 2 8 10 8 2 8 2 10 2 9 2 2 10 8 2 2 10 2 10 2
left_child=1 3 4 29 -2 10 7 8 54 12 11 19 13 -8 55 36 20 18 21 -5 53 45 23 24 -13 32 27 -12 44 56 31 -18 33 -10 35 -14 -7 -25 39 50 -4 43 -43 51 49 -15 47 48 -47 -22 -20 -16 -42 -17 -3 -6 -1 58 -34 60 -59 -62
right_child=2 6 40 5 14 15 9 -9 25 -11 26 22 34 17 41 16 30 -19 38 -21 28 -23 -24 37 -26 -27 -28 -29 -30 -31 -32 -33 57 -35 -36 -37 -38 -39 -40 -41 52 42 -44 -45 -46 46 -48 -49 -50 -51 -52 -53 -54 -55 -56 -57 -58 59 -60 -61 61 -63
leaf_value=-0.013846941010663139 -0.030674672053198741 -0.030508987288592439 -0.024272616428397172 -0.0029471697545083225 -0.01539643786420926 0.0043134679769404665 0.01612018233133224 -0.016628745047022171 -0.020185952407749869 0.016570384459807765 -0.0033776664810949253 0.0030547969252909938 0.0073172499053905478 -0.0034219487271379963 -0.015706694241833307 -0.012965526352626038 -0.012205107784539348 -0.012783762809924595 -0.00096140060704098232 -0.018801306913254972 0.0024327437912398339 -0.011977553880379816 -0.021697588219582641 0.0027910495155827864 -0.0072485428009958696 -0.022654704768644958 -0.00054525424320154723 -0.013103448865855682 -0.018652399259559489 -0.011912894303453632 -0.017151367640008922 0.0051371200714629816 0.00050324253200927766 0.001223237333654939 0.00089580093500929003 0.013907544653513348 0.013259518730632153 0.016345199649627919 -0.0044916616104063662 0.01405815710824922 -0.029490819240712805 -0.027225465671848897 -0.0065157564058099032 0.0014609358674932029 -0.015075089401095932 -0.020786638560704212 0.017648542187209279 0.0055105748570670327 9.9117753068800407e-06 0.0073854857019199794 0.011157308420407472 -0.004973646970794718 -0.012693432525265516 -0.0006423632309520657 0.015015782285882188 0.006920676095414322 -0.00067707685145687179 0.0032490736235739723 -0.031316161738493005 -0.0087328034624167983 -0.0092520984418648592 0.015120755150871863
leaf_weight=238.0915243178606 261.430051445961 15.455413997173308 1270.9325152635574 729.50047636032104 1547.8199089467525 1419.4991137981415 594.72522515058517 448.54924920201302 167.41551208496094 1021.8485870361328 991.22071075439453 959.31512892246246 1964.2522916793823 858.78072077035904 372.45730018615723 262.88731527328491 315.41944137215614 226.31114220619202 639.80456763505936 352.20884227752686 3038.1960671246052 307.56312799453735 101.79143929481506 5217.2165824174881 1217.7318344116211 89.064201593399048 1209.4094200134277 1204.6920433044434 91.343794643878937 1519.8571624755859 276.03599274158478 470.58555391430855 160.90778090059757 270.81664733588696 522.31169891357422 2513.71861743927 842.33114242553711 228.33557510375977 231.19466400146484 1222.4731408953667 144.11489041149616 229.78391122817993 732.12280321121216 997.11942018568516 96.524062603712082 117.04623308777809 234.5106365531683 1377.7080814838409 414.02000676095486 2909.4191652536392 375.89355850219727 1542.538405790925 721.88348726928234 1290.265308380127 770.8017802387476 69.048439025878906 944.67394256591797 1443.6590121984482 55.33469295501709 178.62516935169697 79.172357082366943 604.28905868530273
leaf_count=2094 5481 83 27784 4694 23987 6425 2716 2368 764 4781 5804 5813 8622 3759 4227 1307 1440 1092 2838 2414 13863 1404 577 27370 9186 541 6797 7738 421 14452 1288 2002 703 1192 2365 11979 3617 1199 1032 5504 3208 2757 8100 8478 463 499 1063 6091 1842 12379 1744 17565 15020 5943 3485 543 6732 6446 284 813 432 2752
internal_value=-5.96587e-05 0.00224275 -0.0125587 -0.000314127 -0.00951849 0.000599539 0.00616362 0.00190608 0.00407741 0.00760841 -0.00152625 0.000132946 0.00681761 0.00443426 -0.00850581 0.00295669 0.00174298 0.00324223 0.00387754 -0.00832281 0.00278881 0.000805365 0.001318 0.00162815 -0.00270906 0.00148875 -0.00581568 -0.00871683 0.00418057 -0.00816267 -0.00582375 -0.00182889 0.00222759 -0.00741466 0.00996196 0.011019 0.00764947 0.00336228 0.0079931 0.00928416 -0.0207343 -0.00602615 -0.0114861 -0.00421934 0.00453559 0.00211853 0.00433908 0.0026955 -0.00460407 0.00485633 0.0035301 -0.00717622 -0.0155196 -0.0027177 0.0139066 -0.0144397 -0.00333764 0.00390534 -0.00774576 0.00500091 0.00615777 0.012288
internal_weight=50722.1 42832.8 7889.25 25926.6 5752.32 23223.9 16906.3 4284.09 3835.54 12622.2 12211.4 8806.1 11600.3 6600.03 5490.89 11012.5 8750.68 6005.31 5778.99 1081.71 7688.64 3309.63 7724.39 7622.6 2177.05 3049.28 3405.32 2195.91 6135.48 2702.62 1062.04 786.005 2960.22 438.232 5000.28 4477.97 2261.83 5445.55 2469.37 2238.17 2136.93 3874.02 961.907 2912.12 6044.14 3002.07 2143.28 1908.77 531.066 5947.62 1015.7 1915 865.998 1553.15 786.257 1616.87 1182.77 2521.99 216.242 2305.75 2127.12 683.461
internal_count=338362 221212 117150 144018 71138 120740 77194 19863 17495 57331 71592 51253 52550 29584 65657 49148 39106 26868 25776 7108 34376 14658 44145 43568 14999 13927 20339 13542 27126 23278 4730 3442 13386 1956 22966 20601 10042 28569 11118 10086 46012 41127 10857 30270 26705 13254 9495 8432 2341 26242 4582 21792 18228 7250 3568 24530 8826 11430 987 10443 9630 3184
cat_boundaries=0 1 2 3 4 5 6
cat_threshold=1152 4224 21864 202820 133120 28680
is_linear=0
shrinkage=0.035


Tree=66
num_leaves=63
num_cat=7
split_feature=13 2 45 4 27 8 2 16 18 8 7 23 16 48 16 3 19 48 42 26 27 18 40 20 37 8 16 1 35 19 14 46 48 27 47 39 44 16 26 41 38 31 35 40 41 16 46 16 37 18 29 35 3 3 29 37 46 25 19 3 35 24
split_gain=1126.69 348.091 155.651 146.908 98.3951 90.2631 76.9929 73.1675 84.4151 77.6387 70.8302 67.8379 64.2193 61.6381 53.0557 52.5153 50.7181 50.1792 52.7675 66.6249 55.4353 56.9891 50.0334 47.1039 44.8096 43.7276 43.7512 43.5621 43.2335 43.4209 42.0599 41.0059 39.6315 39.0485 39.0183 42.6417 38.915 38.8009 37.1542 35.6736 34.9368 32.4742 32.4406 32.0136 32.0744 31.9808 31.7443 38.0175 31.5166 33.8016 31.0021 30.6017 30.2404 29.8467 29.4287 29.3898 29.0593 28.3537 27.9506 34.772 27.6585 27.3626
threshold=0.324561403508772 387.69 6.5833333333333348 1.0000000180025095e-35 1.0000000180025095e-35 19.500000000000004 1982.3400000000004 0 1097.9762500000004 20.500000000000004 0.73863636363636376 0.68301270189221941 1 11.500000000000002 2 19.500000000000004 1291.0786363636366 3.5000000000000004 5.5000000000000009 131.50000000000003 142.85500000000005 12867.354415584417 1.0000000180025095e-35 1.8007652694218261 11049.300000000001 14.500000000000002 3 738.64000000000021 8.5000000000000018 599.1600000000002 20.500000000000004 4.4850000000000012 11.500000000000002 672.32000000000005 inf 163.47000000000003 756.99000000000012 4 70.500000000000014 8026.2000000000007 467.37000000000006 1.0000000180025095e-35 20.500000000000004 23.04000000000001 1276.9200000000003 5 682.72000000000014 6 4558.6800000000012 12867.354415584417 323.50000000000006 1.5000000000000002 29.500000000000004 52.500000000000007 353.00000000000006 745.14000000000021 1759.1050000000002 39.606818181818191 182.44900000000004 215.00000000000003 26.500000000000004 12.500000000000002
decision_type=8 10 10 8 10 2 10 9 10 2 10 2 9 2 9 2 10 2 2 2 10 10 10 10 10 2 9 8 2 10 2 10 2 10 8 8 8 9 2 10 8 2 2 8 10 9 10 9 8 10 2 2 2 2 2 10 8 8 10 2 2 10
left_child=2 3 10 4 15 11 7 43 38 17 40 13 -11 37 -7 -2 -14 25 19 39 -21 36 -12 27 34 45 -27 57 58 48 -29 -15 33 55 35 -24 41 -6 -9 52 -1 -22 -18 -3 -45 -10 47 -31 -30 -50 -13 -32 -19 54 -39 -8 -53 -5 -25 -60 -40 -4
right_child=1 6 61 23 5 14 32 8 9 12 22 50 16 31 -16 -17 42 18 -20 20 21 -23 24 28 -26 26 -28 30 29 46 51 -33 -34 -35 -36 -37 -38 53 60 -41 -42 -43 -44 44 -46 -47 -48 -49 49 -51 -52 56 -54 -55 -56 -57 -58 -59 59 -61 -62 -63
leaf_value=-0.017871283706475418 -0.011089307883315847 -0.018744926868238164 -0.017353731456337208 -0.0026495082848253374 -0.0086873592997829922 0.011308775663415448 0.0038942339500803837 -0.013846586234382972 -0.0086828491863464967 0.01284432875319935 -0.028000103694450114 0.0050966398908257786 0.0043345674487815806 -0.01147179576167005 -0.015603658104276127 -0.035437738977817143 -0.04573222845792857 9.2029708512515512e-05 0.014382847166133013 -0.034108438622236351 0.0071199574137367876 -0.010169267269055936 -0.0053384107784368194 0.0049622460655888035 -0.020592253886275308 -0.012873562463244857 0.0023227166789431932 -0.001492313945142951 0.0011037093665998839 -0.011855143878780571 -0.0091459325905044169 0.0063172912282248037 0.021867755257026462 0.0098391170820770844 0.0027910422987767317 -0.017705239394922294 -0.007694027214266542 0.0034866377618052637 -1.6966273764210784e-05 -0.0098479557798178616 0.0096204355029223913 -6.7980522186891854e-05 -0.012048797208160662 0.013992627315952929 -0.031846687320742063 0.008940680921802004 0.0034955192042559519 0.0075555769138750265 0.0073484642903224292 -0.020526733738332692 -0.0050855757752171736 0.0077011709503121148 0.016021073474148984 -0.0048637594322959226 -0.017630952217508503 -0.019114095440950489 0.02509030249882882 -0.012961287942040286 0.015543681795216887 -0.021148022744216389 -0.024530668244655208 -0.025637771481072349
leaf_weight=1151.9448339939117 354.89115128293633 38.457800015807152 1631.9292793273926 1733.27149355039 2210.5921621322632 94.759353518486023 236.57027455791831 313.71657457947731 144.52735996246338 207.99330902099609 132.64829587936401 1973.7830095291138 259.64943623542786 186.38114309310913 881.14616103470325 156.31824207305908 36.600753128528595 166.60543382167816 1007.3978052139282 44.64951092004776 4798.8180031403899 303.42088222503662 2831.7696473002434 1329.6657700240612 248.91809844970703 429.74507236480713 488.88720607757568 1029.3502825796604 3023.2663644850254 627.38292121887207 89.261416107416153 1039.1234126091003 306.05255889892578 3710.7170131206512 613.95122146606445 387.77085095643997 266.55730324983597 1058.7996031492949 1741.480052113533 80.428710460662842 58.950172513723373 917.04326549917459 551.31033390760422 1266.4838639348745 18.065980821847916 729.48388931155205 447.61015981435776 147.93869078159332 2100.0485785007477 53.735498428344727 448.87432861328125 402.88185614347458 1179.9470282793045 2699.9302611351013 86.523097991943359 94.312497172504663 166.23751845955849 401.74773848056793 636.63189655542374 32.446420431137085 57.269440531730652 707.65559005737305
leaf_count=18944 3049 265 30217 9218 16551 593 1096 1400 635 919 2869 11363 1213 2214 7564 2343 170 700 4797 664 21372 1436 30471 6267 2846 1891 2176 4479 14328 2908 395 6409 1531 17710 4223 4652 1266 7015 7823 364 440 4097 2593 5628 79 3214 1895 679 9270 261 3113 1703 5149 19849 676 585 689 2051 2741 140 275 16889
internal_value=-5.89457e-05 0.0021661 -0.0123236 -0.00070655 -0.00360367 -0.00288469 0.00563346 0.00444767 0.00367973 0.00485303 -0.00906693 -0.00186361 -0.00419441 -0.0035515 -0.0130256 -0.0185893 -0.00843789 0.00575792 0.00684906 0.00586898 0.00432769 0.00460609 -0.00692067 0.0019464 -0.00622906 0.000422128 -0.00490725 -0.0012741 0.00341221 0.00200824 0.00292721 0.00360469 0.00973587 0.00881199 -0.00529129 -0.00683294 0.00535705 -0.00500003 -0.00275221 0.0126987 -0.0165261 0.00596693 -0.0142199 0.0122852 0.0133237 0.00602279 -0.00392107 -0.00820182 0.00340936 0.00664379 0.00320874 0.00982873 0.0140517 -0.00284853 0.00187733 -0.00270173 0.0128156 -0.00459504 0.00790447 0.0137354 -0.000810642 -0.0198693
internal_weight=50574.3 42808.8 7765.54 23412.6 11191.1 10679.9 19396.2 15048.5 13725.5 11613.1 5425.95 9704.01 1055.55 7281.35 975.906 511.209 847.561 10557.5 8764.87 7757.47 6330.49 6285.84 4215.06 12221.5 4082.41 1792.64 918.632 3822.75 8398.73 6399.98 1687.73 1225.5 4347.65 4041.6 3833.49 3219.54 5982.42 6055.85 2112.47 1426.98 1210.9 5715.86 587.911 1323.01 1284.55 874.011 1222.93 775.322 5177.05 2153.78 2422.66 658.381 1346.55 3845.25 1145.32 330.883 569.119 2135.02 1998.74 669.078 1798.75 2339.58
internal_count=338362 226811 111551 137763 80739 75347 89048 68126 62154 52656 64445 67190 4895 52714 8157 5392 3976 47761 39845 35048 28835 28171 45061 57024 42192 7916 4067 18535 38489 29341 7266 8623 20922 19391 39346 35123 26735 44091 9498 6213 19384 25469 2763 5972 5707 3849 5482 3587 23859 9531 14476 2787 5849 27540 7691 1681 2392 11269 9148 2881 8098 47106
cat_boundaries=0 1 2 3 4 5 6 7
cat_threshold=1160 131072 2184 133376 22656 133120 20736
is_linear=0
shrinkage=0.035


Tree=67
num_leaves=63
num_cat=0
split_feature=13 2 45 8 4 46 26 22 41 21 7 32 22 40 48 40 22 40 2 42 23 41 48 26 33 3 22 41 38 47 50 42 47 3 41 47 18 32 41 22 17 26 3 22 48 23 17 46 5 37 24 19 2 37 40 32 52 7 8 1 2 22
split_gain=1059.41 328.822 150.663 128.409 116.678 86.1701 72.9131 69.8414 74.4016 68.8707 67.9328 60.0272 51.664 48.4298 46.9768 42.9407 68.94 40.8675 39.9594 38.5838 38.0477 58.3348 37.1649 57.6776 48.3461 41.5249 100.314 34.7215 33.2419 32.8749 32.5145 32.0818 50.1191 31.7511 30.4901 30.4401 29.9959 28.726 31.2183 28.7105 50.3271 33.9134 32.7097 29.1295 28.2852 39.3863 34.6194 29.2443 29.6221 27.7444 27.1 26.3633 28.2019 25.999 36.2046 32.4098 24.9894 24.9448 24.8121 24.7608 24.5466 24.2071
threshold=0.324561403508772 104.99500000000002 6.5833333333333348 19.500000000000004 9.0050000000000008 10.020000000000001 31.000000000000004 1.5000000000000002 652.5250000000002 10.105000000000002 0.73863636363636376 486.88000000000005 2.5000000000000004 1.0000000180025095e-35 2.5000000000000004 2493.3000000000002 29.500000000000004 13450.990000000003 1982.3400000000004 1.5000000000000002 -0.6830127018922193 1602.3350000000003 3.5000000000000004 131.50000000000003 9.5000000000000018 58.500000000000007 19.500000000000004 18738.880000000001 467.37000000000006 674.82000000000005 43.232591868121133 5.5000000000000009 6.7950000000000008 254.50000000000003 652.5250000000002 162.64000000000001 6453.9900000000007 802.53000000000009 3245.52 41.500000000000007 7159.8600000000015 100.50000000000001 64.500000000000014 18.500000000000004 4.5000000000000009 -0.6830127018922193 1.0000000180025095e-35 145.10000000000005 83.596666666666678 2571.7400000000002 12.500000000000002 199.68000000000004 2.9250000000000007 4558.6800000000012 390.44166666666678 12.105000000000002 3.5000000000000004 0.90454545454545465 11.500000000000002 5337.0000000000009 14.060000000000004 12.500000000000002
decision_type=8 10 10 2 8 8 2 2 10 10 10 10 2 10 2 10 2 10 8 2 2 8 2 2 2 2 2 10 8 8 8 2 10 2 10 8 10 10 10 2 10 2 2 2 2 2 10 8 10 8 10 8 10 10 10 10 2 10 2 10 10 2
left_child=2 3 10 5 7 19 36 8 -3 27 28 12 34 -12 -14 29 -17 22 31 35 21 -16 -9 -24 25 -25 -27 39 -1 -15 53 32 59 -33 -7 -2 -6 38 -28 40 42 -42 44 -44 -8 46 -46 48 -47 -41 -4 52 -23 54 55 60 -34 -51 -32 -11 -22 -20
right_child=1 4 50 -5 6 11 9 17 -10 18 13 -13 14 15 20 16 -18 -19 61 -21 30 51 23 24 -26 26 37 -29 -30 -31 58 33 56 -35 -36 -37 -38 -39 -40 49 41 -43 43 -45 45 47 -48 -49 -50 57 -52 -53 -54 -55 -56 -57 -58 -59 -60 -61 -62 -63
leaf_value=-0.0175178426661841 -0.016404947174335327 -0.0028971555407765054 -0.017008108715995528 -0.016115931480039029 -0.0058520446346996303 -0.0061253476417222558 -0.00059093463035736189 -0.0025839843471673215 -0.033803830124866222 0.010248501172524457 -0.027722668450670125 -0.0099034302286958864 -0.00659038597004222 -0.0052776446899895748 -0.016849227424264743 -0.02206044673956294 -0.0062232517728017011 -0.0093594413306969139 0.0037953420921345267 -0.0032141902289881978 0.0022376298578084346 -0.010231805730755918 0.00862976086237696 0.0037599640470974403 0.0067019061320577871 -0.021688188761648398 -0.0020906763291290466 -0.015841095627726075 0.0092312639600744314 0.0044560288786112002 0.0019701525694273835 0.01029412503648028 -0.0043175313525952294 0.032722364081655943 -0.036779388935315682 -0.0053096927606378786 0.010750038928623492 -0.007397001309069777 0.0063418940929412014 -0.0014437632656746958 0.040566855401249442 -0.018688896443232225 -0.017897615765733052 1.9610333469299803e-06 -0.02673341226597065 0.0079240478533517018 0.0025866257259218699 0.012184844917237972 -0.011368150642973619 -0.008884087613001199 -0.025337749012037489 -0.006886908938811654 0.0042525924592278583 0.011270181001420529 0.001750900519266146 0.00020398008125673467 0.0043700096415534859 0.0093143331730966231 -0.0093113834659325975 -0.034268182218475982 0.020137917759920677 0.014161939800362297
leaf_weight=1134.3886746205389 718.50847253203392 325.30694743618369 1607.2751140594482 795.92592573165894 849.95810485258698 785.82846373319626 895.9762215167284 1593.2888491153717 134.14278939366341 2186.5512835979462 129.35479354858398 710.8162407875061 796.21841609477997 1588.5941746681929 261.98383259773254 437.44068431854248 1457.3518466949463 377.66928100585938 325.25290316343307 1372.6465999484062 124.41725181043148 184.1999222561717 1899.7557730674744 2198.3346261978149 1811.0579077005386 301.09366077184677 1318.5591285228729 105.59709548950195 59.320560932159424 579.34266729652882 1208.4570795297623 1639.3307685852051 475.20147675275803 80.429847717285156 40.932909309864044 525.48201879858971 157.13167667388916 579.20407873392105 906.85828149318695 395.07395029067993 11.73172891139984 179.84023010730743 128.05716097354889 812.83211421966553 50.872255325317383 312.26304100453854 1006.9129981994629 1372.1884303689003 140.57175302505493 95.429046511650085 691.27654075622559 449.65812665969133 1487.1755249500275 836.99174676835537 1990.8895166218281 241.37469482421875 2740.4636294841766 2262.8621560335159 296.57489013671875 14.464160919189451 384.31147146224976 1852.2096195220947
leaf_count=18944 9085 2077 30217 7360 3702 5101 3853 7868 2020 9855 2869 5506 5088 17676 1910 4820 15328 2016 1585 10517 729 1563 8409 10409 8310 1873 6100 477 440 4368 5787 7618 2063 393 548 3958 686 3179 4467 1741 49 781 563 3509 222 1385 4375 5823 618 455 16889 2613 8443 4784 11020 1506 11927 9911 1576 68 1803 9527
internal_value=-5.80518e-05 0.00209274 -0.0120219 -0.00249673 0.00414574 -0.00162248 0.00589537 0.00137987 -0.0119746 0.00643485 -0.00881743 -0.000115598 0.000650875 -0.006717 0.0014859 -0.00604154 -0.00988921 0.00193942 0.00846461 -0.00726385 0.00234796 -0.00130076 0.00234253 0.00321343 0.00176625 8.00284e-05 -0.00252513 0.00400106 -0.016182 -0.00267564 0.00405847 0.00719638 0.00587214 0.0113615 -0.00768563 -0.0117262 -0.0032536 -0.000460861 0.0013469 0.00427646 0.00267166 -0.0148683 0.00338661 -0.00245063 0.0048403 0.00652795 0.00115261 0.00964116 0.00192339 0.00713698 -0.0195231 0.000626773 0.00265112 0.00587356 0.00422213 0.0107701 0.00308525 0.00857447 -0.000257643 0.00994053 0.0157731 0.0126159
internal_weight=50433.2 42748.9 7684.35 13212.4 29536.5 12416.5 18091.2 11445.3 459.45 17084.1 5385.79 9799.83 9089.01 4192.08 8262.25 4062.73 1894.79 10985.8 9313.9 2616.64 7466.03 2383.02 10608.2 9014.86 7115.11 5304.05 3105.72 7770.21 1193.71 2167.94 5083.02 7136.44 5416.68 1719.76 826.761 1243.99 1007.09 2804.62 2225.42 7664.61 4911.25 191.572 4719.67 940.889 3778.78 2882.81 1057.79 1825.02 452.835 2753.37 2298.55 2121.03 1671.38 3577.98 2740.99 750.103 3215.67 2358.29 1505.03 2201.02 508.729 2177.46
internal_count=338362 226811 111551 88897 137914 81537 81186 56728 4097 76798 64445 57977 52471 45061 46822 42192 20148 52631 43036 23560 41734 14529 50615 42747 34338 26028 15619 33762 19384 22044 27205 31924 23913 8011 5649 13043 4388 13746 10567 33285 21178 830 20348 4072 16276 12423 4597 7826 2003 12107 47106 12619 10006 19842 15058 4038 13990 10366 7363 9923 2532 11112
is_linear=0
shrinkage=0.035


Tree=68
num_leaves=63
num_cat=9
split_feature=24 2 40 0 2 16 32 22 41 16 22 3 45 22 45 25 19 48 48 40 16 51 16 35 22 1 8 32 48 48 22 40 26 16 22 0 41 1 23 26 37 29 35 32 16 22 48 49 29 39 17 16 22 30 16 41 22 22 16 32 23 7
split_gain=998.126 292.742 148.2 135.35 133.336 88.9753 83.1333 75.596 102.247 90.6579 129.277 98.9264 73.3691 70.5849 70.3072 68.675 56.1123 58.6031 55.5356 53.6911 49.5077 47.5831 44.8901 44.406 43.303 43.0884 40.1715 39.6225 51.3648 38.034 38.1358 37.2283 36.0244 35.3206 42.6026 41.5219 41.0423 35.08 34.9736 52.9184 34.3283 33.8958 33.8691 32.8905 32.5964 34.2236 31.9845 50.6366 49.6168 31.1653 30.9464 30.273 30.2647 30.2163 30.1703 50.0301 50.6743 33.0052 29.5728 37.564 33.5238 29.3248
threshold=3.5000000000000004 563.94000000000017 1.0000000180025095e-35 6.7200000000000033 4.3500000000000005 0 1178.0800000000002 48.500000000000007 8026.2000000000007 1 29.500000000000004 49.500000000000007 6.5833333333333348 13.500000000000002 1.7638888888888891 110.50181818181819 1432.9850000000004 11.500000000000002 3.5000000000000004 17772.450000000001 2 117.40465546484414 3 13.500000000000002 21.500000000000004 2884.2600000000007 15.500000000000002 1178.0800000000002 2.5000000000000004 4.5000000000000009 9.5000000000000018 1716.8000000000002 161.50000000000003 4 5.5000000000000009 551.16333333333353 1491.1600000000001 75.13000000000001 0.68301270189221941 70.500000000000014 1098.8150000000003 207.50000000000003 15.500000000000002 1.6350000000000002 5 1.5000000000000002 9.5000000000000018 7.5000000000000009 176.50000000000003 72.060000000000016 2533.5200000000009 6 37.500000000000007 7627.2600000000011 7 10.040000000000001 29.500000000000004 8.5000000000000018 8 370.00000000000006 -0.6830127018922193 0.78888888888888908
decision_type=8 10 8 8 10 9 10 2 10 9 2 2 10 2 10 10 8 2 2 10 9 10 9 2 2 10 2 8 2 2 2 10 2 9 2 10 10 10 2 2 8 2 2 10 9 2 2 10 2 8 10 9 2 10 9 10 2 2 9 10 2 10
left_child=1 4 -2 -4 32 18 14 8 9 13 11 29 33 20 16 -12 17 38 -6 46 -3 27 -18 43 26 40 -13 -16 -29 31 -31 -11 -1 -5 36 41 -35 -32 44 -40 -15 49 -8 -20 -7 -46 47 48 -9 -36 52 -44 -10 -41 55 57 -57 -30 60 -60 -17 -19
right_child=2 7 3 12 5 6 42 19 50 10 15 24 -14 25 21 58 22 61 23 -21 -22 -23 -24 -25 -26 -27 -28 28 54 30 37 -33 -34 34 35 -37 -38 -39 39 53 -42 -43 51 -45 45 -47 -48 -49 -50 -51 -52 -53 -54 -55 -56 56 -58 -59 59 -61 -62 -63
leaf_value=-0.0030482249905713328 -0.031338420680491419 0.0024831307994302777 -0.018595030529460963 0.0056358786554687934 -0.014353607279316408 0.01331134151580032 0.00021913325271270644 0.0050125341879622013 -0.012021705985318236 -0.018035142402988195 0.0026933970790686311 -0.0079542412056628955 -0.015362645179855203 0.0039971118413443659 -0.0043611091078342313 -0.016268655982010265 -0.018738134872598747 -0.020176850726226492 0.0018336512729497506 -0.0063815036409578261 0.012947351986361355 -0.014702295689839353 0.0073807359296007811 -0.0086491279086510012 -0.0041456345038563391 0.025237937753032739 -0.025174568966425104 -0.0085818836032031508 -0.015851320363306842 -0.0058760407753609264 0.021302775820041277 0.0098065442637777119 -0.011246354223721326 -0.010948888212668597 -0.0068454549385307461 0.0052539801062650628 -0.036302264662057208 0.0051580505205838598 0.00069509034218501263 0.010646930028868363 0.014569009322262339 -0.0021074800621284197 0.0092137633639653004 -0.011751971033010022 -0.021525766429378299 0.0017009118770337426 0.015605579827530889 0.0011340472306829315 0.01579823911337264 -0.017673495198496272 -0.0098501494936524374 -0.015648083385551338 -0.071101793710317163 -0.042767422081242644 0.0089043211542603577 -0.0082647077484216906 0.016446362707634502 8.7857006074132363e-05 0.018508874137659958 -0.0016778060429982202 0.010521904642789858 0.011498109961931981
leaf_weight=1174.4964709319174 442.59365892410278 2348.3013763427734 1867.9501256942749 318.78076022863388 575.0204354673624 284.9512252509594 358.96174120903015 873.40798565745354 22.153262257575989 180.79941576719284 2005.1448097229004 330.77539998292923 1176.4954891204834 553.28545546531677 1996.7355734482408 81.232204437255859 232.59626770019531 35.901988983154297 1914.1958934664726 239.36119079589844 720.89346742630005 296.89250183105469 116.55389076471329 994.61875653266907 694.80644226074219 317.06577301025391 334.76874178647995 513.33675909042358 174.12359337508678 273.88310813903809 215.63125485181808 86.210672199726105 1490.9271430969238 397.58344972133636 1230.374963350594 423.33985960483551 96.926692426204681 694.43647891283035 1205.4482021331787 1716.7126450538635 1181.3946015834808 1252.6629395335913 63.209135055541992 245.38018184900284 77.465696014463902 8132.6912722587585 1150.1208381652832 790.58595684170723 1304.1576268672943 443.1654821112752 342.16098201274872 566.96610045433044 20.316893577575684 12.109696865081785 859.7432644367218 132.94721266627312 423.85342466831207 1743.8112975209951 878.8787630200386 129.36616343259811 187.17470359802246 1345.8363237380981
leaf_count=8826 10304 10662 36324 3389 3482 1214 1848 4121 98 806 8804 1594 23450 2424 14352 395 1106 189 10109 1066 3308 1833 509 5760 3050 1550 1851 3647 997 1283 940 371 14452 4363 15218 3547 1350 3047 5230 7534 5288 13665 304 1642 554 37107 5524 3547 6124 5540 1671 3378 91 52 4773 792 2314 9851 4323 580 883 5956
internal_value=-5.70515e-05 0.00203146 -0.0116975 -0.0104872 -0.00021102 0.000613234 0.00152663 0.00578158 0.00430431 0.00491329 0.00201489 -0.00348939 -0.00764779 0.00834065 0.00203468 0.00673582 0.00347762 0.00385518 -0.00434811 0.00971174 0.00499465 -0.0010574 -0.0103473 -0.00253388 -0.0102666 0.0133817 -0.0166408 -0.00036187 0.00171404 0.00286728 0.00555864 -0.00904273 -0.00763642 -0.00546426 -0.00638406 -0.00498184 -0.0159815 0.00900256 0.00303152 0.00632524 0.0112013 -0.00646397 -0.00836393 0.000285271 0.00189324 0.00147737 0.0106484 0.00872299 0.0114764 -0.00972164 -0.0134175 -0.0132456 -0.0412699 0.0102483 0.00330117 0.00131052 0.0105419 -0.00136672 0.0130779 0.0157635 0.00229826 0.0106611
internal_weight=50291.7 42641.8 7649.87 7207.28 26685.5 24020.1 20290.8 15956.3 11598.7 11214 6093.11 2811.31 5339.33 5120.94 19301.7 3281.8 13160.3 12811.1 3729.22 4357.63 3069.19 6141.44 349.15 3154.19 1360.35 2051.75 665.544 5844.55 3847.82 1450.96 1183.95 267.01 2665.42 4162.83 3844.05 3349.54 494.51 910.068 11429.4 2934.27 1734.68 2926.2 989.137 2159.58 8495.11 8210.16 4118.27 2968.15 2177.57 1673.54 384.631 630.175 42.4702 1728.82 3334.48 2474.74 556.801 1917.93 1276.65 1008.24 268.407 1381.74
internal_count=338362 221212 117150 106846 147811 124533 103540 73401 53019 51159 27927 12942 70522 23232 98010 14985 59451 57836 20993 20382 13970 38559 1615 17511 6495 9262 3445 36726 22374 6447 5270 1177 23278 47072 43683 37970 5713 3987 51691 12816 7712 34423 5530 11751 38875 37661 19316 13792 10245 20758 1860 3682 189 7586 18727 13954 3106 10848 6181 4903 1278 6145
cat_boundaries=0 1 2 3 4 5 6 7 8 9
cat_threshold=79879 136328 135176 256 1132 1032 131080 16768 2304
is_linear=0
shrinkage=0.035


Tree=69
num_leaves=63
num_cat=5
split_feature=13 2 45 2 16 22 3 8 48 8 18 22 18 46 40 7 7 23 48 23 22 18 3 26 26 18 39 18 48 16 37 3 47 22 18 16 39 18 19 26 49 19 46 16 41 37 22 10 16 28 41 41 8 40 40 2 19 19 22 40 22 20
split_gain=943.04 292.047 141.493 127.984 98.0393 127.344 120.642 99.8725 96.1484 89.9952 81.398 65.5984 67.6826 57.004 51.074 48.5522 47.6321 44.8074 43.9839 43.0337 55.4921 60.1341 57.2107 49.1123 42.0939 41.956 46.8348 41.8334 40.798 39.4548 38.5872 53.8887 38.1599 37.3255 118.451 56.788 39.2716 36.8225 38.9629 37.7999 43.4869 34.6946 37.9622 35.8218 34.2746 34.0195 34.0133 33.4019 32.8655 32.3491 31.2843 30.8634 30.0339 29.2899 36.4328 29.2808 46.0422 29.8037 29.0026 31.1375 44.3676 28.7316
threshold=0.324561403508772 57.895000000000003 5.1250000000000009 1133.8200000000004 0 14.500000000000002 64.500000000000014 19.500000000000004 11.500000000000002 16.500000000000004 57.438750000000006 8.5000000000000018 859.31000000000006 7.9400000000000004 1.0000000180025095e-35 0.95833333333333337 0.59166666666666679 0.68301270189221941 3.5000000000000004 0.68301270189221941 51.500000000000007 12867.354415584417 58.500000000000007 70.500000000000014 177.00000000000003 10757.017500000002 518.49000000000012 1097.9762500000004 10.500000000000002 1 2418.1600000000003 55.500000000000007 1610.7100000000003 29.500000000000004 4652.3057142857151 2 145.61000000000004 450.0800000000001 239.07891666666669 55.000000000000007 11.500000000000002 884.49000000000012 120.62000000000002 3 1276.9200000000003 39.135000000000005 39.500000000000007 1.0000000180025095e-35 4 129.69000000000003 861.12000000000023 7398.2700000000013 15.500000000000002 4083.8700000000013 10823.760000000002 298.00000000000006 283.46533333333338 1994.9635714285719 1.0000000180025095e-35 478.48000000000008 9.5000000000000018 128.41295245583282
decision_type=8 10 10 10 9 2 2 2 2 2 8 2 10 8 10 10 10 2 2 2 2 10 2 2 2 10 10 8 2 9 8 2 10 2 10 9 10 10 10 2 10 10 10 9 10 10 2 10 9 10 10 10 2 10 10 10 10 10 2 10 2 10
left_child=2 9 14 4 10 6 18 8 19 13 -3 12 -5 -2 -1 45 -4 28 -6 20 22 32 44 52 48 30 -27 29 58 -19 31 61 55 34 35 -32 -35 39 -39 -12 -41 42 -9 -43 -7 -16 -24 -18 -20 -48 -40 -25 -21 -53 -55 56 -22 -57 -15 60 -60 -13
right_child=1 3 16 11 5 7 -8 41 -10 -11 37 25 -14 17 15 -17 47 27 24 23 21 -23 46 51 -26 26 -28 -29 -30 -31 33 -33 -34 36 -36 -37 -38 38 50 40 -42 43 -44 -45 -46 -47 49 -49 -50 -51 -52 53 -54 54 -56 57 -58 -59 59 -61 -62 -63
leaf_value=-0.02796990816132796 -0.0072117603999493013 -0.0042387124112489875 -0.023130918816516126 0.0059357306948539575 -0.012408887847555092 0.001875604190011995 -0.022323721842124323 -0.016215415988721275 0.011840529673137512 -0.011062146668843174 -0.00087700064783447624 0.0077676026901656167 -0.012420832103041096 -0.024394635113606185 -0.0016830387417904559 -0.0031316261998937814 -0.022642742531229911 -0.018605881940899519 0.0068645167628814284 0.0041392204952980828 0.0062353141845818061 -0.012284476796044769 -0.0069643569904694102 0.012102047026418997 -0.004321084309815937 -0.011288254167814014 0.0088082472082707097 0.0089606498706958342 0.0030465349224229454 0.0017802061601245994 0.017725183406785066 -0.00015268704070134554 -0.0096227024065566429 0.0099798764986361952 -0.020783136823774504 0.002419784197394549 0.018036001561908283 -0.036898533468803472 0.014619787980740279 0.017030402707138521 0.0037089494216845397 0.0093499113944678653 0.0031014225794921066 -0.012676496082540619 0.013718672385208739 -0.013094085050408133 0.00094759019097124056 -0.011824058096147652 -0.0041817203934137459 -0.019123927786391073 -0.028319621880528452 -0.022923952613920242 -0.0084829397765073984 0.01698977445794508 -0.021602946874829047 0.0094133808605308452 -0.0045422437135034868 -0.028026182069980442 -0.0025210274821191657 -0.0060809844238091356 0.016843246912871222 0.020712145981535233
leaf_weight=141.10952143743634 1895.6779144406319 499.51751053333282 1054.4022846221924 642.53334733843803 447.3066089451313 1996.4603066444397 398.49456071853638 150.06675440073013 1572.8671455383301 1571.928243637085 226.28848668932915 1204.2928116321564 397.37905672192574 85.755153238773346 405.46625151485205 2251.915641784668 440.31232251226902 128.17009258270264 1072.0412029922009 1094.0148220062256 1803.1424487233162 250.607421875 1699.7959823608398 1494.2071354985237 1834.112621307373 273.2275378704071 293.74946594238281 1032.3322794437408 1260.8075790405273 701.24674677848816 585.87482070922852 1126.513988494873 200.94181191921234 1944.3317670822144 173.79987764358521 616.36723613739014 1203.44171667099 35.356377243995667 88.324697852134705 1454.6937962546945 378.99556719511747 97.124416351318359 711.10918992757797 762.15099334716797 351.25247550010681 1523.9362982288003 1797.0138759613037 1720.6831017583609 467.88469195365906 103.05703735351562 26.10801500082016 59.188273012638092 291.66950607299805 104.66814625263214 40.874326705932617 2088.8465183377266 663.56204730272293 25.43355005979538 623.47530461847782 2125.9253936856985 187.77206420898438 254.26334381103516
leaf_count=3175 17773 2498 23680 2991 2362 9086 3118 965 7283 14483 1014 5422 2284 866 4470 19796 11020 677 4956 4824 8674 1235 8375 6639 9277 1257 1360 5355 8175 3825 2782 5239 905 9047 800 2744 6244 169 385 6495 1809 413 3299 3709 1675 22074 8501 27336 2145 533 115 287 1378 482 207 9277 3295 117 3951 13709 1071 1254
internal_value=-5.58206e-05 0.0019627 -0.0114665 0.00352642 0.00222058 0.00142932 -0.00402263 0.0027557 0.00363634 -0.00340555 0.00848304 0.00716456 -0.00108401 -0.00190761 -0.00732794 -0.0066248 -0.017026 -0.000270547 -0.00210883 0.00271809 0.00169164 0.00439619 -0.000597162 0.00637012 -0.000740046 0.00828206 -0.000879127 0.00426139 -0.0022407 -0.00159129 0.00901274 0.00559812 0.00527277 0.0109623 0.00614718 0.0100543 0.0130646 0.0113978 -0.00532716 0.0126159 0.0142806 -0.00524613 -0.000279593 -0.0102175 0.00365259 -0.0106982 -0.00336895 -0.0140379 0.00352515 -0.000150546 0.00466262 0.0103568 0.00147821 -0.0023773 0.00607789 0.0059281 0.0033354 0.00894997 -0.00444619 -0.00385566 0.00197626 0.0100368
internal_weight=50153.9 42616 7537.83 33003 24287.2 21577.9 4219.84 17358.1 15637.6 9613.09 2709.28 8715.77 1039.91 8041.16 4322.43 4181.32 3215.4 6145.48 3821.35 14064.7 10980.1 5032.53 5947.58 3084.62 3374.04 7675.86 566.977 1861.75 4283.74 829.417 7108.89 2585.07 4781.93 4523.82 1376.04 1202.24 3147.77 2209.77 149.789 2059.98 1833.69 1720.45 861.176 859.275 2347.71 1929.4 3599.87 2161 1539.93 1900.07 114.433 1698.94 1385.68 204.731 145.542 4580.98 2466.7 2114.28 3022.93 2937.17 811.247 1458.56
internal_count=338362 226811 111551 156926 115502 103017 21858 81159 72773 69885 12485 41424 5275 55402 49515 46340 62036 37629 18740 65490 51673 23503 28170 13817 16378 36149 2617 9857 27772 4502 33532 11915 22268 21617 6326 5526 15291 9987 669 9318 8304 8386 4264 4122 10761 26544 17409 38356 7101 9034 500 7615 6202 976 689 21363 11969 9394 19597 18731 5022 6676
cat_boundaries=0 1 2 3 4 5
cat_threshold=1272 90378 135168 131072 157697
is_linear=0
shrinkage=0.035


Tree=70
num_leaves=63
num_cat=0
split_feature=24 46 24 7 27 32 4 33 26 48 22 0 2 7 14 22 48 8 48 3 27 22 3 23 3 44 26 15 35 0 25 27 22 51 18 32 26 26 47 33 35 27 49 46 17 42 6 47 35 35 37 2 39 17 18 32 39 43 47 2 36 46
split_gain=886.241 264.872 140.725 119.21 91.0619 76.1395 73.056 63.3034 83.9027 96.8596 93.3238 59.0157 57.4654 50.7457 44.3521 46.3812 43.7851 43.5293 42.8229 42.0253 36.8815 38.7274 40.9232 36.5838 46.9971 34.9334 34.4944 46.9119 33.0573 32.9205 43.2227 32.659 32.6077 29.2217 29.0536 28.9947 34.6202 80.4796 34.2774 33.5318 33.9784 30.7787 32.0477 28.4825 31.1201 28.2968 30.5945 28.1759 28.0634 27.0683 28.8842 26.8397 26.4079 26.0882 30.5624 25.9942 31.4837 25.977 25.9729 25.8194 25.533 25.3666
threshold=3.5000000000000004 529.6500000000002 8.5000000000000018 0.95833333333333337 1.0000000180025095e-35 631.98000000000013 30.245000000000005 1.5000000000000002 161.50000000000003 10.500000000000002 65.500000000000014 6.7200000000000033 57.895000000000003 0.42261904761904767 21.500000000000004 59.500000000000007 2.5000000000000004 11.500000000000002 2.5000000000000004 19.500000000000004 13395.420000000002 3.5000000000000004 52.500000000000007 -1.0000000180025095e-35 29.500000000000004 72.060000000000016 70.500000000000014 0.018731783402015863 8.5000000000000018 724.35000000000002 83.604545454545473 4644.0000000000009 29.500000000000004 35.290940584589229 2083.0512121212128 1441.6800000000001 70.500000000000014 131.50000000000003 1610.7100000000003 8.5000000000000018 35.500000000000007 4773.0600000000004 7.5000000000000009 2401.7800000000007 872.80000000000007 2.5000000000000004 46.81333333333334 inf 5.5000000000000009 14.500000000000002 848.6400000000001 29.010000000000002 518.49000000000012 11495.540000000001 8148.0162500000015 3.2500000000000004 183.98000000000005 5.5000000000000009 72.250000000000014 247.00000000000003 1.4650000000000001 14.445000000000002
decision_type=8 8 10 10 8 10 8 2 2 2 2 8 8 10 2 2 2 2 2 2 10 2 2 2 2 8 2 10 2 10 10 10 2 8 10 10 2 2 8 2 2 10 10 10 8 2 10 8 2 2 8 10 10 10 10 10 8 2 8 8 8 10
left_child=1 3 4 13 19 7 20 31 26 12 61 -6 -10 -1 15 43 -15 45 -13 -2 21 22 -3 24 -20 -26 28 29 34 30 -28 -5 -4 -14 -9 36 41 38 -38 -39 -41 -23 -43 -8 -45 46 58 57 -34 -7 -51 -19 -22 -16 -55 -25 -57 -29 -18 -35 -12 -11
right_child=2 6 32 5 11 49 14 8 9 10 60 18 33 16 53 -17 17 51 23 -21 52 35 -24 55 25 -27 27 47 -30 -31 -32 -33 48 59 -36 -37 37 39 -40 40 -42 42 -44 44 -46 -47 -48 -49 -50 50 -52 -53 -54 54 -56 56 -58 -59 -60 -61 -62 -63
leaf_value=-0.018280784025894576 -0.014007222216229047 -0.0021105446473134028 -0.022941841092905493 -0.01147560297099523 -0.014600747971944838 0.00072580921329099067 0.0024770104097166486 -0.0079192023507289426 -0.0080317922957590712 -0.011390814199653319 0.0021329126176096148 -0.015090108713220036 0.0018627670076472843 -0.014309548233967774 0.011181594882160441 0.012071488130371835 -0.0054708755260293382 -0.012847858167506682 0.0043071623051024101 -0.035540877321567209 -0.017816078709778541 -0.0030598703626266966 -0.030693731671027687 0.0057768915807171655 -0.0039504712306316038 -0.014122742197182894 0.0029674962210659165 0.0019201795887710991 -0.0038827163763963937 0.02006937507781207 -0.013955586668047684 0.0028823659628325424 -0.028557247669740334 -0.0085463152260340219 0.025230318635247332 -0.0023947282816524961 0.006527294992438662 0.00077340343148527598 0.019490742426921424 0.0069869785412044567 -0.04288618385745737 0.022019293016751484 -0.0062977510082342526 -0.0070778381331740503 0.011137053106504043 0.0043639895942258668 -0.01221078261553208 0.013175817062890109 -0.010828951086972871 0.0037055294619117566 -0.010743049113888126 -0.0035462465507159358 0.0082254806217782247 -0.029879519459573706 0.0045013239164235505 -0.0013041392639331318 -0.022430228729201345 0.010036817249813099 0.0026146129985062986 -0.00043418472959707671 0.018514674164586895 0.0026193449593455752
leaf_weight=330.29821882583201 262.05352637171745 525.43525528162718 1162.1517407894135 660.06941190361977 990.01506718993187 540.92056214809418 3786.4467683508992 47.805904448032379 1658.4380606114864 168.6570405960083 142.93650329113007 463.10205793380737 2763.8962352573872 471.9758460521698 3296.2554779052734 1032.8499126434326 912.39326846599579 731.35295583307743 373.81596904993057 194.60541695356369 174.28251266479492 1076.1961291730404 68.502042651176453 619.91388535499573 771.13635861873627 893.52754598855972 1718.4828295707703 870.8986808359623 765.77435779571533 118.6618971824646 206.15879583358765 274.22648081183434 130.40565569698811 802.01477105915546 96.931441247463226 826.86670625209808 411.51608099043369 2359.293203830719 640.72668266296387 2396.9086002856493 15.86976510286331 131.75138634443283 76.986144065856934 130.08632183074951 945.57925510406494 915.58392180502415 363.41369289159775 1239.7783508300781 673.54536001384258 199.07643210887909 1122.9242227077484 792.08015727996826 64.858287811279297 34.759282112121582 276.1981840133667 874.24263906478882 94.911929607391357 1085.1657470166683 1040.8488602936268 1197.4705131500959 637.18581974506378 2369.5056781768799
leaf_count=3957 4573 2660 27784 3653 16718 2818 16771 222 10324 1096 773 5881 13554 3814 15698 4881 8489 7049 4087 4029 858 4734 816 4968 9161 10570 8178 4785 3847 536 917 1399 3208 3982 442 3769 1791 10692 2728 10752 68 573 350 584 4606 5236 2168 5313 15020 1058 6520 4847 338 156 1244 9870 1281 5111 6954 5380 2969 11752
internal_value=-5.47185e-05 0.00190251 -0.0111436 -0.000495701 -0.0082849 0.000842799 0.00508463 0.00158632 0.00210706 8.60649e-05 0.00494066 -0.00693627 -0.00242278 -0.00499536 0.00721062 0.00533856 -0.00415261 -0.00314179 -0.00507821 -0.0232414 0.00278037 0.00316086 -0.00545325 -0.00379626 -0.00689837 -0.00941576 0.00530746 0.00640005 -0.000979504 0.00225655 0.00114847 -0.0072628 -0.0191866 -0.000468648 0.014302 0.00380615 0.0045276 0.00567462 0.0144319 0.00374101 0.00664131 -0.000671983 0.0115952 0.00390611 0.0089297 -0.000842141 -0.00290069 0.00904771 -0.0137365 -0.00586916 -0.00856612 -0.00801716 -0.0107484 0.0102676 0.000574721 0.000185016 -0.00339406 0.00642587 -0.00116313 -0.00369069 0.0155197 0.00168427
internal_weight=50019.7 42516.3 7503.43 24244.9 5537.32 18687 18271.4 16824.1 15889.8 9740.1 3318.29 5080.67 6421.82 5557.95 9502.18 5894.96 5227.65 4755.67 4090.65 456.659 8769.19 8530.05 593.937 3627.55 2038.48 1664.66 6149.66 5239.15 910.512 2043.3 1924.64 934.296 1966.1 4763.38 144.737 7936.11 7109.25 5824.31 1052.24 4772.07 2412.78 1284.93 208.738 4862.11 1075.67 3232.24 2316.66 3195.84 803.951 1862.92 1322 1523.43 239.141 3607.21 310.957 1589.07 969.155 1956.06 1953.24 1999.49 780.122 2538.16
internal_count=338362 221212 117150 137143 71138 94629 84069 84233 79181 49830 16590 62536 33240 42514 43940 26842 38557 34743 45818 8602 40129 38933 3476 39937 23818 19731 29351 24840 4511 9631 9095 5052 46012 22916 664 35457 31688 26031 4519 21512 10820 5657 923 21961 5190 22847 17611 15209 18228 10396 7578 11896 1196 17098 1400 16119 11151 9896 15443 9362 3742 12848
is_linear=0
shrinkage=0.035


Tree=71
num_leaves=63
num_cat=4
split_feature=13 2 45 2 22 35 18 22 16 22 3 18 42 47 18 46 41 39 22 16 48 12 37 41 16 22 18 37 40 33 35 17 47 35 52 16 19 22 47 39 0 0 3 17 18 48 46 18 35 22 1 17 37 38 19 44 23 28 35 32 41 35
split_gain=839.957 260.415 133.346 115.536 86.8824 81.2565 70.1745 69.371 144.8 88.9311 94.1566 71.0692 67.1116 64.1611 60.829 59.7473 59.184 54.7522 53.8432 69.3552 51.5206 49.2378 49.1669 86.576 48.7654 57.0639 46.6643 46.2894 65.903 51.4835 46.2727 43.1767 42.414 41.9652 41.4985 41.3173 41.0648 37.5693 36.3604 38.8516 36.0792 32.5778 32.3089 32.2498 32.0367 31.3629 31.9724 31.2126 31.1969 30.9845 36.4456 30.9738 30.8917 30.711 30.5444 30.3912 30.1877 29.7081 37.4463 29.6073 29.5553 29.1542
threshold=0.324561403508772 387.69 6.5833333333333348 4.3500000000000005 1.5000000000000002 19.500000000000004 450.0800000000001 39.500000000000007 0 21.500000000000004 49.500000000000007 12867.354415584417 3.5000000000000004 inf 1199.6145833333337 2.9250000000000007 6944.2200000000012 145.61000000000004 13.500000000000002 1 4.5000000000000009 1656.0900000000004 2274.2800000000002 2106.1800000000007 2 1.5000000000000002 450.0800000000001 1098.8150000000003 310.37833333333339 5.5000000000000009 11.500000000000002 2405.0100000000007 1148.7 8.5000000000000018 3.5000000000000004 3 363.68500000000006 1.5000000000000002 inf 163.47000000000003 173.51000000000002 955.25999999999988 8.5000000000000018 2989.1700000000005 2083.0512121212128 7.5000000000000009 1410.3900000000001 3713.3400000000001 18.500000000000004 9.5000000000000018 75.13000000000001 2533.5200000000009 4990.7700000000013 14.440000000000003 884.49000000000012 89.325000000000017 0.93301270189221952 129.69000000000003 15.500000000000002 6036.5700000000006 2573.1800000000003 20.500000000000004
decision_type=8 10 10 10 2 2 10 2 9 2 2 10 2 8 10 8 10 8 2 9 2 10 8 10 9 2 10 10 10 2 2 10 10 2 2 9 10 2 8 8 10 10 2 10 10 2 10 10 2 2 10 10 8 10 10 8 2 10 2 8 10 2
left_child=2 3 15 30 6 12 -5 8 9 10 20 17 13 34 57 -1 18 32 19 37 44 -20 23 -11 -17 -26 -7 28 42 31 -2 -30 52 -14 35 -6 40 -10 39 -27 -28 -39 -15 51 -3 46 48 -37 -34 -22 -51 -25 -9 -31 -35 -36 -57 58 -12 -19 -49 -54
right_child=1 7 -4 4 5 26 -8 11 16 22 14 -13 33 27 -16 24 -18 59 21 -21 49 -23 -24 43 25 38 36 -29 29 53 -32 -33 45 54 55 47 -38 41 -40 -41 -42 -43 -44 -45 -46 -47 -48 60 -50 50 -52 -53 61 -55 -56 56 -58 -59 -60 -61 -62 -63
leaf_value=-0.014357795915571254 -0.0040076220615417706 -0.020315961840689675 -0.018257108699052973 -0.0062098091355179781 -0.014639052913254777 0.01287948539158419 -0.03332635386803779 0.0050452776992392862 -0.024809056242815743 0.0023419325422272836 0.0062539033035050205 -0.0064586457049258267 0.011809045853982772 0.0011840482645632444 -0.020593402941656094 0.005038270130218226 -0.016490647090204948 0.0026033634819147612 0.0078648420524036582 0.011134819812976844 -0.0058762890566924804 0.018471713290429882 0.0053026256311741425 -0.026230003189537214 -0.023317719343219027 -0.0057734236314928317 -0.009364491798685157 0.0084147351327557973 -0.00063332830529841779 -0.003933578581261343 -0.013448738119140708 0.011689254777101452 -0.0037607587885358285 0.0043484929054287309 0.0015116372428256148 0.0011029225122019537 -0.014428738725788585 -0.0043905706427991627 0.0024077086779298513 -0.017425532281361036 0.01076977418895966 0.004623097759282482 0.013768123660372696 -0.006940781504134799 0.013292754802805043 0.0065135169282748871 0.0065312017622063349 -0.017704927373654221 -0.02432661638156405 0.019793379544505597 0.00228419479839111 -0.076467199023460997 0.012282579246244006 -0.017401182285361038 -0.0046467998047368961 -0.0049037824674997626 0.0090283269243054218 0.041487443649010816 -0.022684977251595361 0.015546536934145214 0.0026832810684859166 -0.0072790854672876923
leaf_weight=1319.9365611691028 1808.6268768310547 206.99592900276184 2157.7253532409668 651.36418880522251 562.53349471092224 123.6928918659687 141.68200908601284 1770.9942834377289 65.453994989395142 674.46905612945557 156.17198533564806 419.5626220703125 842.24298164248466 419.04278244078159 654.42971086502075 450.25004100799561 129.07898235321045 253.22107267379761 1585.1767706871033 1316.6063113212585 338.61445617675781 811.503662109375 2456.1513352394104 126.91405582427979 247.77685292065144 2275.4323433488607 266.47171046584845 1350.8791656494141 1315.3138386011124 1286.4543212652206 980.93978118896484 472.74751949310303 323.75677290558815 3942.5119111537933 3178.8383338302374 754.80520035326481 783.99274799972773 705.01971054077148 535.81391906738281 413.93199902772903 183.05001735687256 1613.7843132019043 619.03425513207912 104.85411930084229 40.987697601318359 687.61372947692871 229.00364112854004 265.08893844485283 124.59538516402245 196.09525072574615 558.95909059047699 16.572981357574463 1961.2571625709534 246.54616093635559 523.01949143409729 2201.2311527729034 207.64380645751953 18.112935721874237 83.117089860141277 1510.3260612487793 129.12991741299629 97.363109350204468
leaf_count=21843 15426 947 47106 4413 3300 597 1880 8043 731 2997 694 1906 3685 1893 3730 4768 649 1201 6943 6001 1586 3885 11050 568 4125 24832 2048 5935 5737 6028 11192 2019 1399 17484 21115 4100 4981 3076 3705 5172 865 7280 2819 472 184 3175 1023 1523 550 853 2421 74 8925 1204 2420 15233 1175 115 442 7681 691 447
internal_value=-5.37547e-05 0.00184149 -0.0109345 -0.000650413 0.000260447 0.000718518 -0.0110902 0.00485403 0.00319581 -0.000874497 -0.00625987 0.00751869 0.00133093 -2.23774e-05 -0.0149314 -0.00791807 0.00686764 0.0083623 0.007376 0.00472721 -0.000359692 0.0114625 0.0027153 -0.00416942 -0.00574836 -0.00714178 -0.00754158 0.00275642 0.0010014 -0.00140509 -0.00733118 0.00262937 0.00655107 0.00464725 -0.00219623 -0.00696286 -0.00959812 0.00113425 -0.00591434 -0.00757266 -0.0011599 0.00188183 0.00869431 -0.021792 -0.0147299 0.00125248 -0.00408995 -0.00304159 -0.00951735 0.00290916 0.00685167 -0.0325216 0.0084388 -0.00610945 0.00329413 -0.000735195 -0.00369959 -0.000512028 -0.00385059 0.0136906 -0.0110367 0.0113543
internal_weight=49894.5 42493.6 7400.87 23256.9 20467.3 19674.3 793.046 19236.8 11859.1 5632.45 2253.48 7377.69 18317.1 13009.3 911.832 5243.14 6226.62 6958.13 6097.54 3700.86 1341.65 2396.68 3378.96 922.81 3923.21 3472.96 1357.21 5710.02 4359.14 3321.06 2789.57 1788.06 5194.58 5307.77 7299.27 1711.56 1233.51 2384.26 3225.18 2689.36 449.522 2318.8 1038.08 248.341 247.984 1364.97 677.356 1149.02 448.352 1093.67 755.054 143.487 3829.61 1533 4465.53 5587.71 2408.87 257.402 239.289 1763.55 394.219 2058.62
internal_count=338362 226811 111551 137763 111145 104852 6293 89048 54698 26133 10972 34350 96361 72772 4981 64445 28565 32444 27916 17088 5991 10828 15161 4111 42602 37834 8491 25635 19700 14988 26618 7756 23562 23589 47137 9614 7894 11087 33709 30004 2913 10356 4712 1114 1131 6147 2972 6314 1949 4860 3274 642 17415 7232 19904 37523 16408 1251 1136 8882 2214 9372
cat_boundaries=0 1 2 3 4
cat_threshold=26949 135184 1133 26776
is_linear=0
shrinkage=0.035


Tree=72
num_leaves=63
num_cat=5
split_feature=13 46 24 8 4 37 7 7 16 22 44 21 48 23 40 37 40 3 47 26 32 47 44 40 16 41 2 44 48 48 22 40 16 40 1 16 41 48 16 32 27 40 44 22 8 41 3 17 41 26 29 29 17 23 0 11 37 43 37 50 22 2
split_gain=788.996 248.886 129.094 111.421 108.774 77.8856 74.6062 73.1744 72.7352 111.242 53.5887 52.9743 48.743 73.3162 61.8769 48.0602 52.4784 44.4721 41.6332 41.593 46.3786 40.1777 39.9549 37.6712 37.0681 36.7418 34.9424 34.2518 33.4105 32.9093 30.158 44.5876 39.5065 39.038 34.281 30.0189 29.9837 29.9712 28.9835 64.6666 42.7056 47.1521 43.7519 43.6961 37.5295 42.9025 33.7882 29.2173 28.9654 28.9472 28.0264 27.7234 27.6301 27.0705 26.8749 26.7621 26.6334 25.8789 25.8177 25.4398 25.2945 24.597
threshold=0.324561403508772 145.10000000000005 9.5000000000000018 17.500000000000004 30.245000000000005 2274.2800000000002 0.6515151515151516 0.91287878787878796 0 1.5000000000000002 89.325000000000017 3.6150000000000007 10.500000000000002 0.68301270189221941 868.63833333333343 11049.300000000001 1.0000000180025095e-35 61.500000000000007 259.22500000000008 31.000000000000004 802.53000000000009 inf 131.80000000000004 129.78000000000006 1 568.6400000000001 1133.8200000000004 96.060000000000016 11.500000000000002 2.5000000000000004 39.500000000000007 310.37833333333339 2 92.836666666666687 1415.5100000000004 3 568.6400000000001 4.5000000000000009 4 214.64000000000001 1760.6250000000002 13450.990000000003 270.04000000000002 13.500000000000002 19.500000000000004 18738.880000000001 36.500000000000007 4395.420000000001 6944.2200000000012 70.500000000000014 192.00000000000003 268.50000000000006 391.4550000000001 0.93301270189221952 4651.8600000000015 800.30000000000007 inf 10.500000000000002 1294.5000000000002 1.0000000180025095e-35 29.500000000000004 354.78000000000009
decision_type=8 8 10 2 10 8 10 10 9 2 8 10 2 2 10 10 10 2 10 2 8 8 8 8 9 10 10 8 2 2 2 10 9 10 8 9 10 2 9 10 10 10 10 2 2 8 2 10 8 2 2 2 10 2 10 10 8 2 8 10 2 10
left_child=2 3 6 5 8 17 56 50 23 25 -5 -6 13 26 24 16 -8 19 49 -2 59 22 29 37 36 -10 27 -11 38 -18 31 33 51 -9 48 -12 -15 -3 44 40 -40 42 -42 -44 -13 47 -47 -46 -32 -16 -7 -33 -19 -20 -41 -56 -1 -14 -26 -21 -4 -29
right_child=1 4 60 10 11 7 15 30 9 12 35 28 57 14 18 -17 21 52 53 20 -22 -23 -24 -25 58 -27 -28 61 -30 -31 34 32 -34 -35 -36 -37 -38 -39 39 54 41 -43 43 -45 45 46 -48 -49 -50 -51 -52 -53 -54 -55 55 -57 -58 -59 -60 -61 -62 -63
leaf_value=-0.018836016394323474 -0.016598969898439474 -0.0063776132005309979 -0.023861250581039474 -0.0042539916268856618 0.0031273737271232962 -0.0086231906159458076 -0.02588521909175364 0.00076997032192806561 -0.0091820560259810186 -0.00013361618315705569 0.0045336191912307084 0.011218885078792519 0.0047200808277637731 -0.0033231109310977716 0.0048644265223292092 -0.020357340837338495 -0.014168441056159978 -0.033442189668637677 -0.0012390378053563236 -0.020619985823542273 0.00199782619973435 0.0032014081276841972 -0.0133709615866868 0.014133400025172852 0.012929960199691044 -0.035440491337496313 0.00276891382438686 -0.0087744654135853729 0.015416794604996089 -0.0031298059828125222 0.0092444432100416123 -0.0039952935181468844 -0.016001416388931072 0.017168451398402031 0.018014480027416336 -0.018374620194459106 0.027661121271206266 0.0076679381714525709 -0.0011897648162138815 -0.0041842462818732018 0.0055295688110719105 -0.013313855509631472 -0.012444966486585959 0.017909043156273147 0.0043336524693233314 0.0066065362247146207 -0.015265208411535716 0.027355922934193155 0.0021420777241370698 0.014932370348483997 -0.00018115615520486532 0.0081995307283613053 -0.0093067729174442747 0.0084045142817524322 0.0015717398888317516 -0.065922384697290212 0.00027083858377755085 0.02535187936693464 -0.026941831149795367 -0.0048359275150404533 -0.01432193183379642 -0.0024725999263160146
leaf_weight=918.2929024938494 239.78468537330627 255.28015889972448 862.24999833106995 896.62949258089066 4261.2269160971045 1005.0484685897827 151.34849202632904 472.39425325393677 140.96411175653338 3020.4242573231459 78.685532331466675 2890.7280863523483 3234.3360643386841 387.90370154380798 590.81995761394501 289.95739507675171 377.32698249816895 60.874409399926662 913.27706730365753 138.51804423332214 1907.1751474142075 629.11039161682129 785.45401924848557 813.17544096708298 22.751996994018555 122.14134461060166 1804.9664739221334 1412.4431298822165 679.6156005859375 2645.7438027262688 1024.2532280609012 878.79395213723183 245.4599517583847 284.29496765136719 241.47321683913469 789.76453799009323 41.434276819229126 679.6748480796814 592.46376132965088 527.58167743682861 997.45526479184628 104.85494232177734 61.378152146935463 908.09495067596436 222.21541976928711 145.980234593153 209.84239056706429 96.316151738166809 2243.6177561879158 861.54342651367188 924.43601226806641 307.43032547831535 1008.5356181040406 583.756591796875 12.085894763469698 16.624628841876984 98.960830688476562 75.295769691467285 132.80672955513 1224.1368187665939 573.46831583976746 1640.3511701673269
leaf_count=16938 1735 1167 22392 6599 18440 8477 3640 2382 947 14260 587 13757 15245 1780 2641 3661 4848 653 4249 1964 11618 4346 9765 3642 114 1974 8119 8088 3438 30816 6059 4647 1269 1279 1048 7677 187 3255 2619 2311 4568 438 273 4621 1043 712 1039 493 11757 3776 6548 1711 7048 2658 53 81 1013 333 591 9176 14132 7665
internal_value=-5.27034e-05 0.00177933 -0.0106538 -0.00204638 0.00365743 -0.00085744 -0.00835956 0.00130881 0.00184589 0.00105345 -0.0102632 0.00624208 0.00145795 0.000373262 0.00456086 -0.00655934 -0.00568326 -0.00446523 0.00662299 -0.0025597 -0.0015254 -0.00498858 -0.00634193 0.00857923 -0.00583119 -0.02146 -0.00150571 -0.00277638 0.00801933 -0.00451183 0.0033037 7.89261e-05 -0.00355261 0.00694556 0.00531403 -0.0164554 -0.000269317 0.00383022 0.00727627 0.00481422 0.00709515 0.0094638 0.0106842 0.0159765 0.00945838 0.00204632 -0.00629871 0.0113589 0.00437033 0.0108429 -0.00458071 -0.000823614 -0.0107106 0.00252449 -0.0060166 -0.0384137 -0.0169788 0.00519698 -0.0198001 -0.00645437 -0.0200636 -0.00539022
internal_weight=49763 42431.1 7331.91 13971.3 28459.8 12206.2 5896.19 7627.2 16733.3 14985.2 1765.08 11726.5 14722.1 11412.5 3534.29 4878.94 4588.98 4579.02 2949.4 3509.61 3269.83 4437.64 3808.52 1748.13 584.897 263.105 7878.19 6073.22 7465.24 3023.07 5697.72 2188.37 1431.68 756.689 3509.34 868.45 429.338 934.955 6785.62 3220.54 2664.25 2071.78 1966.93 969.473 3565.08 674.354 355.823 318.532 3267.87 1452.36 1929.48 1186.22 1069.41 1497.03 556.292 28.7105 1017.25 3309.63 155.559 1362.65 1435.72 3052.79
internal_count=338362 226811 111551 92234 134577 77371 75027 45177 80691 72627 14863 53886 69706 54128 15996 57076 53415 32194 13324 24493 22758 49775 45429 8064 2672 2921 38132 30013 35446 35664 30152 11288 7627 3661 18864 8264 1967 4422 32008 14964 12519 9900 9462 4894 17044 3287 1751 1536 17816 6417 15025 6358 7701 6907 2445 134 17951 15578 705 11140 36524 15753
cat_boundaries=0 1 2 3 4 5
cat_threshold=1273 137216 147712 67592 5512
is_linear=0
shrinkage=0.035


Tree=73
num_leaves=63
num_cat=8
split_feature=13 46 45 8 4 7 37 27 16 18 46 48 23 18 21 16 17 47 16 3 16 32 37 32 48 44 18 52 2 47 39 28 27 47 29 2 16 48 29 47 16 32 27 24 8 17 37 51 0 16 18 37 3 0 16 14 40 41 35 17 41 26
split_gain=741.093 232.523 125.663 120.576 104.83 66.8048 64.4357 64.3539 64.1515 60.8672 55.5554 53.0092 69.5268 60.5501 49.9927 45.6003 54.6735 45.1722 43.2845 40.9083 39.1278 37.3481 35.8772 35.8384 35.3289 34.7906 33.9778 32.1237 31.6162 31.5138 33.8507 29.9793 29.9221 31.9362 46.3458 32.6689 28.8255 28.4448 35.6153 28.2255 28.8541 39.2354 36.9552 26.9756 26.7725 26.4526 26.1446 26.727 25.7164 32.7532 30.3908 25.3347 32.3909 25.1007 24.6014 24.4973 24.0781 24.0618 38.0101 28.0588 23.6465 23.5418
threshold=0.324561403508772 120.62000000000002 6.5833333333333348 17.500000000000004 30.245000000000005 0.84523809523809534 2274.2800000000002 10.410000000000002 0 223.45611111111114 2.9250000000000007 10.500000000000002 0.68301270189221941 1097.9762500000004 1.0850000000000002 1 1.0000000180025095e-35 5507.3600000000015 2 81.500000000000014 3 inf 2418.1600000000003 891.71000000000015 11.500000000000002 89.325000000000017 57.438750000000006 3.5000000000000004 115.22000000000003 inf 102.41000000000001 10.125000000000002 19554.750000000004 368.07000000000005 176.50000000000003 1133.8200000000004 4 2.5000000000000004 207.50000000000003 87.125000000000014 5 214.64000000000001 1976.3100000000004 12.500000000000002 20.500000000000004 951.35000000000014 12492.860000000002 84.423805144984968 724.35000000000002 6 24099.938571428575 inf 68.500000000000014 107.89833333333334 7 20.500000000000004 2493.3000000000002 14263.560000000001 16.500000000000004 4554.0000000000009 5140.3800000000001 55.000000000000007
decision_type=8 8 10 2 10 10 8 8 9 10 8 2 2 8 10 9 8 8 9 2 9 8 10 8 2 10 8 2 10 8 8 8 10 10 2 10 9 2 2 10 9 10 10 10 2 10 8 10 10 9 10 8 2 10 9 2 10 8 2 10 8 2
left_child=2 3 10 5 7 21 20 9 26 -3 -1 12 28 36 -6 -12 -17 27 55 -19 23 31 -20 -7 39 -24 -9 -15 -10 30 53 -2 33 34 -30 -35 -14 -23 54 44 41 42 -41 -4 -16 -13 47 -44 49 -8 -51 -46 -53 -18 -39 -5 -55 59 -59 -42 -31 -28
right_child=1 4 43 18 14 6 48 8 11 -11 15 45 13 17 24 16 29 19 22 -21 -22 37 25 -25 -26 -27 61 -29 32 60 -32 -33 -34 35 -36 -37 -38 38 -40 40 57 -43 46 -45 51 -47 -48 -49 -50 50 -52 52 -54 56 -56 -57 -58 58 -60 -61 -62 -63
leaf_value=-0.013742074769606354 -0.0024425720755000325 -0.00082622312996893748 -0.015028807468003993 -0.013276123086313733 0.0028687466340754004 -0.0050855938060938707 -0.015424015509680726 -0.0032898726919521038 -0.0062460643133570625 -0.02755246573867335 0.005067702288141942 -0.0026898443902590033 -0.00051431278070308275 -0.012846039184092358 0.010486966308882231 -0.026655662685089412 -0.0084049165728645008 0.0079123756533271694 -0.021625286690431223 0.022961329585973807 -0.0069687475218004674 -0.015026597649768806 -0.002195137498979597 0.0057289975106421939 0.015112950670003391 -0.015808788133042539 -0.0017670204742695162 0.0045073359093290698 -0.0013555587372651966 0.02719139425272725 -0.014692576643984826 -0.015392327905802271 -0.01784210394593469 -0.0054386143785604083 0.0064322228769752941 0.002415296743839771 -0.016045651522260122 0.0066919494559817359 0.0069579163586048331 -0.0045467732518770822 0.0078488071305231246 -0.0058372638989415727 0.0033861612646915312 -0.023783345308073672 0.010627833834316716 0.006328490650078779 -0.010921848675426223 0.014856620151641733 0.026991878516144083 0.0033478678195510191 -0.018493347189499448 0.0015177341918723658 -0.040787517818728858 0.0051041639397136941 -0.0076904946225890497 0.013686314149146901 -0.0065522129792350281 0.01050813191141489 -0.0029363356666867566 0.019692717501509759 -0.00022873139278460221 0.012462557118440106
leaf_weight=1289.4429221823812 324.40383219718933 259.01688431203365 1476.4836654663086 60.598199844360352 4176.2333343178034 695.35263776779175 110.18533968180418 246.18189589679241 1430.6133189350367 173.92679995298386 449.80762052536011 457.94756555557251 586.79769665002823 140.51156169176102 2612.4136425256729 159.99223936721683 1253.6377930827439 790.02383661270142 449.68521594256163 307.47091436386108 1726.5832328796387 194.52096939086914 425.49635923653841 813.38435018062592 700.79484558105469 500.34599435329437 160.90457393229008 1711.2966557741165 2256.419402346015 40.619814120233059 594.18519550561905 675.73271238803864 119.26080513000488 2041.3472647964954 1598.4361937344074 950.12686920166016 185.8490047454834 174.81211805343628 476.89202499389648 367.34069961309433 884.47555255889893 561.49356722831726 445.81691133975983 615.93513870239258 77.490697860717773 3039.3676414489746 79.689254641532898 564.35569620132446 52.52491869777441 5167.7749392837286 78.257397055625916 51.783508285880089 37.678390517830849 438.17494776844978 717.5493016242981 124.43842124938965 428.29435920715332 521.49876734614372 507.43212774395943 339.4670552611351 518.21192721277475 1223.9413941502571
leaf_count=21843 3909 1525 30217 441 18084 4968 604 1125 8639 2495 4768 2259 2726 635 12568 3164 15700 3349 4103 1302 11139 1865 3232 4669 3553 4990 710 8095 10376 281 7200 7098 605 9923 7274 4307 825 1174 2901 1620 4148 2464 1993 16889 391 14354 353 2793 241 28022 457 265 197 3878 5246 914 4024 2424 2389 1629 3587 5443
internal_value=-5.18909e-05 0.00171884 -0.0103795 -0.00222898 0.00342141 -0.000959408 0.000512394 0.00171061 0.00204544 -0.0116017 -0.00744925 0.00135105 0.000256265 0.00423744 0.00595677 -0.00535652 -0.00671857 0.00652198 -0.0113406 0.0121455 -0.00339414 -0.00591976 -0.0134206 0.000739759 0.00761986 -0.00956138 0.00862751 0.00318437 -0.00150884 -0.00575671 -0.00731455 -0.0111986 -0.000535144 -0.0002311 0.00187452 -0.00294415 -0.00448011 -0.0025386 -0.000754843 0.00687308 0.00508477 0.00200661 0.00504473 -0.017616 0.00961869 0.00514718 0.00827877 0.00980275 0.00284934 0.0026076 0.00301285 -0.00394932 -0.0165538 -0.00524082 -0.00487984 0.0045859 -0.000658475 0.00779735 0.00388139 0.0111472 0.00180937 0.0108091
internal_weight=49640.7 42375.9 7264.79 12768.5 29607.4 11208 8644.06 17679.4 17246.5 432.944 5172.37 15615.5 12118.2 3721.95 11928 3882.92 3433.12 2949.3 1560.56 1097.49 3235.32 2563.91 1375.53 1508.74 7751.73 925.842 1631.03 1851.81 8396.2 3273.12 2714.29 1000.14 6965.59 6846.33 3854.86 2991.47 772.647 1563.77 1369.25 7050.94 4271.57 2018.7 1457.2 2092.42 2779.37 3497.32 1089.86 1010.17 5408.74 5356.22 5246.03 166.953 89.4619 2120.11 892.361 185.037 866.469 2252.87 1028.93 1223.94 558.832 1384.85
internal_count=338362 226811 111551 85973 140838 72293 50100 85967 81947 4020 64445 74669 58056 16932 54871 42602 37834 13381 13680 4651 20776 22193 12325 9637 36787 8222 7278 8730 41124 34670 30802 11007 32485 31880 17650 14230 3551 11186 9321 33234 19813 9223 6759 47106 13421 16613 5139 4786 29324 29083 28479 853 462 23602 6420 1355 7902 10590 4813 5777 3868 6153
cat_boundaries=0 1 2 3 4 5 6 7 8
cat_threshold=1272 1133 2248 131313 137217 149600 4101 132178
is_linear=0
shrinkage=0.035


Tree=74
num_leaves=63
num_cat=7
split_feature=13 2 7 46 40 22 18 16 8 19 22 18 22 16 23 17 26 37 16 47 52 0 23 41 49 2 26 40 32 18 37 27 26 16 22 2 39 8 33 11 3 26 47 27 9 40 17 16 43 47 14 16 37 22 40 2 1 38 49 16 29 17
split_gain=695.895 220.441 122.452 112.638 76.0054 71.5827 82.1385 70.6469 84.021 77.7175 65.8896 110.515 60.8793 58.7394 58.534 88.1364 59.5821 58.5281 58.3641 57.5749 58.2746 56.4115 53.5364 51.891 51.498 51.0849 46.3649 45.1717 43.5257 41.0735 37.5933 36.9664 36.4481 37.4878 37.3971 35.8304 35.0827 34.4606 34.4297 34.2828 33.4426 35.4396 32.8077 31.4031 34.35 31.3155 31.0248 30.0848 29.3364 34.525 35.6163 28.9283 28.8992 28.7405 28.5026 28.1365 32.2673 28.087 27.6005 61.5131 36.8136 27.2361
threshold=0.324561403508772 514.35000000000014 0.73863636363636376 10.020000000000001 1.0000000180025095e-35 1.5000000000000002 450.0800000000001 0 15.500000000000002 363.68500000000006 13.500000000000002 2663.4285000000004 39.500000000000007 1 0.68301270189221941 872.80000000000007 299.50000000000006 11049.300000000001 2 5507.3600000000015 3.5000000000000004 213.17333333333337 -1.0000000180025095e-35 2714.6700000000005 6.5000000000000009 186.31500000000003 177.00000000000003 92.836666666666687 24.885000000000005 450.0800000000001 inf 4773.0600000000004 31.000000000000004 3 8.5000000000000018 5270.7600000000011 86.445000000000007 17.500000000000004 8.5000000000000018 261.16000000000003 68.500000000000014 70.500000000000014 733.86000000000013 13395.420000000002 130.41000000000005 5766.2466666666669 9353.6000000000004 4 5.5000000000000009 1416.7800000000004 22.500000000000004 5 3007.1700000000005 11.500000000000002 23.04000000000001 32.655000000000008 336.54000000000013 145.36000000000004 12.500000000000002 6 353.00000000000006 3886.0200000000004
decision_type=8 10 10 8 10 2 10 9 2 10 2 10 2 9 2 10 2 10 9 8 2 10 2 10 10 10 2 10 10 10 8 10 2 9 2 10 8 2 2 10 2 2 8 10 10 10 8 9 2 8 2 9 8 2 10 8 10 10 10 9 2 8
left_child=2 3 30 26 -4 6 -5 27 14 12 11 13 -10 54 16 31 55 28 -12 20 45 -14 23 38 47 -11 -2 -7 32 42 -1 -16 -6 34 -34 58 -30 -28 -22 -31 41 51 -29 44 -21 52 48 -24 49 50 -18 -15 -20 -51 -3 -9 -57 -40 60 -60 -26 -45
right_child=1 10 4 5 17 7 -8 8 9 25 18 -13 21 40 15 -17 46 -19 19 43 22 -23 24 -25 35 -27 37 29 36 39 -32 -33 33 -35 -36 -37 -38 -39 57 -41 -42 -43 -44 61 -46 -47 -48 -49 -50 53 -52 -53 -54 -55 -56 56 -58 -59 59 -61 -62 -63
leaf_value=-0.018649589801975539 -0.0022345901446010549 -0.032197314870415328 -0.028058500078070942 -0.0042148565603870808 -0.016008333442340924 0.00078992734608128467 -0.032008036155186471 -0.0052954938765909492 -0.006331507267460121 -0.012870899748233184 0.014506633661736686 -0.015759319397279918 0.0010564085755154068 -0.021568063617951511 -0.0040552646792628754 0.0093884367269430301 -0.0046335082807062713 -0.021025244497664047 -0.010218785806358287 0.005698335787183849 -0.0016115745870938633 0.015875370538331875 -0.01771449233290141 0.013726810382447203 0.0026398722184974156 -0.0035546149764863629 -0.0086537127659993534 0.0077991859354865035 -0.0070218046659168776 -0.033213576425807217 0.0016704218321964984 0.020067080834140254 -0.014319557303301743 0.0054192718945713404 -0.0015069282571997034 -0.032652473892738988 -0.018671236055687924 -0.023733315203410731 0.0045952418764805452 0.0091986362520541896 -0.019913303914460091 0.0027882058404440769 0.018939874313900353 -0.039892922517048429 0.011929135536397109 -0.022655381056999154 -0.014474140308450116 0.0099067644878359819 0.013606145780183326 -0.010681613589892728 0.0092968843971825907 -0.00084642632315003012 0.0034847703963459525 0.01604202796683598 0.012685274419811673 0.0014250026067006132 -0.0041028852317881604 0.015893070483421128 0.004671954931428037 -0.029867834992664381 -0.011920833937236369 0.0013579246524845841
leaf_weight=1888.5009587183595 1586.391553401947 16.812614426016808 205.94251441955566 699.61846396327019 223.79650890082121 1068.3695607185364 159.17930319905281 1559.8471465222538 847.17326822131872 1202.2516632080078 929.95680236816406 430.3664276599884 1082.9330679774284 126.90916442871094 1092.1085810065269 2361.802937746048 629.5728714466095 313.43254661560059 340.19836509227753 1939.9456980228424 762.53279101848602 442.66541224718094 42.784574508666992 1093.2755595445633 1193.2243957519531 1801.8380889892578 1415.5541957616806 952.02411231398582 1589.8380750343204 46.551685988903046 118.36106872558594 82.798325836658478 347.51145946979523 715.10776306688786 1401.8688074350357 46.350093841552734 395.3907413482666 213.30070841312408 991.45980429649353 45.196608543395996 92.265188932418823 2582.1425969004631 491.93892285227776 19.540428221225739 2464.7015073299408 108.72921419143677 88.690029621124268 726.39706563949585 528.72422447800636 56.445131152868271 348.41905796527863 220.02613694965839 420.47646057605743 357.58873546123505 750.23072504997253 4791.0060838796198 1770.8225597664714 369.94112515449524 127.84360504150391 113.9929084777832 257.80202102661133 430.61392968893051
leaf_count=41123 12345 121 5394 4661 3028 5519 2144 10683 5464 8449 4425 2405 6805 580 5024 11155 3732 4588 1467 8595 3472 2000 192 5189 5356 8606 13512 4848 23166 240 1174 348 4074 7496 15039 214 6469 2951 4508 203 680 11999 2150 83 12159 494 459 3257 2449 278 1958 956 1822 1565 3480 23555 8231 1844 596 522 1143 1918
internal_value=-5.10892e-05 0.00166027 -0.0101096 -0.000368888 -0.00726958 0.000506584 -0.0093976 0.000899894 0.00015865 -0.00354734 0.00480469 0.00102687 0.00118723 0.00293746 0.00161684 0.00549275 0.000263373 -0.00640562 0.0060919 0.00538987 0.00326437 0.00536384 0.00454643 0.00753413 0.00071301 -0.00728608 -0.00649567 0.006294 -0.00542085 0.010161 -0.0174509 -0.00233969 -0.00251673 -0.00128558 -0.00403581 -0.00262223 -0.00935021 -0.0106418 0.00434155 -0.0124468 0.000717312 0.00137619 0.0116052 0.0082871 0.00918681 -0.00517443 0.00565794 0.00824799 0.00659458 0.00392357 0.000333756 -0.00911083 -0.00264927 0.0123818 0.011511 -0.00107187 -6.71911e-05 0.00767468 -0.00178121 -0.0127024 4.64619e-05 -0.000517159
internal_weight=49521.1 42321.3 7199.75 25722.8 5192.89 22507.6 858.798 21648.8 19044.7 5376.86 16598.5 4218.75 2372.77 3788.39 13667.8 3536.71 10131.1 4986.95 12379.8 11449.8 6595.01 1525.6 5725.6 3217.21 2508.39 3004.09 3215.25 2604.08 4673.51 1535.71 2006.86 1174.91 2688.28 2464.49 1749.38 1739.21 1985.23 1628.85 2123.93 91.7483 3021.34 2929.08 1443.96 4854.8 4404.65 869.404 2009.44 769.182 1920.75 1392.03 977.992 346.935 760.675 414.034 767.043 8121.68 6561.83 1361.4 1692.86 241.837 1451.03 450.154
internal_count=338362 226811 111551 149334 69254 120526 6805 113721 100761 31324 77477 20221 14269 17816 69437 16527 52910 63860 57256 52831 30076 8805 26293 15013 11280 17055 28808 12960 59272 7441 42297 5372 29637 26609 19113 7831 29635 16463 9824 443 14215 13535 6998 22755 20754 3783 10441 3449 9982 7533 5690 1536 3289 1843 3601 42469 31786 6352 7617 1118 6499 2001
cat_boundaries=0 1 2 3 4 5 6 7
cat_threshold=1272 1152 4224 27008 2048 133120 131328
is_linear=0
shrinkage=0.035


Tree=75
num_leaves=63
num_cat=8
split_feature=24 46 27 47 34 46 37 2 4 26 47 49 23 16 29 48 22 29 16 16 22 16 14 22 37 16 33 35 27 16 22 27 3 22 22 29 35 16 9 18 22 32 35 18 29 18 28 16 45 22 17 3 41 19 39 3 32 41 29 46 3 41
split_gain=656.409 200.979 129.008 110.123 92.2732 66.7891 60.6061 62.0579 55.036 54.007 47.4994 53.61 47.0919 46.8928 43.9974 73.8599 52.2617 51.195 42.8926 39.363 58.9564 41.8181 39.0781 42.8447 38.2532 37.1414 36.0705 36.2594 35.2036 34.6005 80.0707 49.992 49.1313 33.7582 33.0121 30.8362 32.5672 30.7047 30.3151 30.2975 29.3667 29.2196 28.2427 28.222 26.7221 26.6994 31.6843 26.5468 25.916 25.9147 25.7087 25.505 25.324 24.993 24.8534 24.777 24.1992 23.943 23.5136 27.5505 23.3807 38.1412
threshold=3.5000000000000004 529.6500000000002 1.0000000180025095e-35 1.0000000180025095e-35 1.5000000000000002 10.020000000000001 7328.7900000000018 204.73000000000005 30.245000000000005 223.50000000000003 inf 2.5000000000000004 -1.0000000180025095e-35 0 192.00000000000003 10.500000000000002 59.500000000000007 323.50000000000006 1 2 8.5000000000000018 3 21.500000000000004 85.500000000000014 4990.7700000000013 4 8.5000000000000018 6.5000000000000009 13395.420000000002 5 29.500000000000004 13395.420000000002 58.500000000000007 29.500000000000004 8.5000000000000018 268.50000000000006 18.500000000000004 6 561.69000000000017 3713.3400000000001 29.500000000000004 1309.9200000000003 16.500000000000004 4391.5800000000008 353.00000000000006 6911.4450000000015 276.39000000000004 7 1.1715686274509807 15.500000000000002 13571.190000000001 229.50000000000003 1.0000000180025095e-35 960.54000000000008 518.49000000000012 254.50000000000003 3371.3300000000004 4948.8300000000008 192.00000000000003 49.890000000000008 55.500000000000007 1977.6000000000004
decision_type=8 8 8 8 2 10 10 10 8 2 8 8 2 9 2 2 2 2 9 9 2 9 2 2 10 9 2 2 10 9 2 10 2 2 2 2 2 9 10 10 2 10 2 10 2 10 8 9 10 2 8 2 10 10 10 2 10 8 2 10 2 10
left_child=1 4 13 -4 5 -1 7 9 19 25 11 -6 -12 -2 15 18 -17 41 -7 -3 21 -21 23 29 -19 35 27 47 -22 -10 32 38 49 43 52 36 -5 42 44 60 -8 -16 -29 -27 56 -39 -47 51 55 -31 -35 -13 -20 -46 -30 -41 -32 -18 59 -52 -28 -62
right_child=2 8 3 6 10 14 40 -9 22 -11 12 26 -14 -15 17 16 57 24 34 20 28 -23 -24 -25 -26 33 39 37 54 30 31 -33 -34 50 -36 -37 -38 45 -40 48 -42 -43 -44 -45 53 46 -48 -49 -50 -51 58 -53 -54 -55 -56 -57 -58 -59 -60 -61 61 -63
leaf_value=-0.0075594752144358688 -0.0029307695563277371 0.011282950586048916 -0.01879626622300179 0.0096085197360854281 -0.0079795383004358372 0.0025844592380021908 -0.02709516857262869 0.002829911991192736 0.0095104705594499916 -0.011905918538996658 0.0008636084762106205 0.024835698222652202 0.0097371857994477222 -0.028369745304184433 0.0035441182248185589 -0.0011927485034255673 0.029518373985537905 -0.010779645718742176 -0.011140461381127578 -0.0021584876165557528 0.0034196014606791923 -0.018852959401409294 0.0091460825003826275 0.017296974405132521 0.0041233682599956757 -0.00945857684054488 0.0044170573012304298 -0.0034577844941420075 -0.017170747986850518 -0.0047870160746298455 0.0076276763376561677 -0.012591571301942769 -0.01311239393357114 -0.0026041135611668117 -0.0069333809591477493 -0.0047728595594408434 0.060832082400324936 -0.0038645725535643243 0.015038138984133032 0.011673648730853024 -0.011293306863033077 -0.0091169835946502947 0.01535412025237195 -0.035629677831804027 0.011707016651049781 0.012595523017998735 -0.0028647711051331933 0.00022650877417451025 0.0038861860385804464 0.0050624656843460342 0.11192742954876646 -0.01230228263818486 -0.032096830891791626 -0.014073100231335341 0.0081287868091491806 0.035581598312140229 -0.01403926129790992 0.0084890929924046586 0.0086664839902423421 0.00014998136527217732 -0.011235036977432326 0.0094025306021155563
leaf_weight=2537.234139027074 121.22769236564636 560.27257331460714 1031.791570186615 269.58398869633675 820.55595336854458 537.11046522855759 204.63245010375977 999.84990046173334 1041.2745590209961 1579.5492362976074 1348.9511375427246 161.60383856296539 1603.0688819885254 560.34687042236328 3879.851334631443 1575.5600695610046 79.291367053985596 669.56705379486084 187.43537155911326 900.81942749023438 6814.0203745663166 222.95361071825027 3557.5591201782227 302.54496574401855 307.20383548736572 717.49588864296675 1017.2000289559364 163.40304742753506 172.69534873962402 654.75850696116686 1777.3365460932255 162.12079811096191 464.61149775981903 867.20251560211182 2626.0928608775139 224.6229419708252 15.176984012126921 3008.9514971971512 509.04160690307617 510.87798487395048 491.8002837896347 235.97625440359116 241.22596454620361 53.505425453186035 65.620890617370605 288.11629563570023 369.78653073310852 194.11895522475243 629.23761612921953 652.1729941368103 5.9975765906274301 25.698329329490662 114.14102168753743 148.91156148910522 64.815217971801758 58.685083389282227 64.57791456580162 391.39184188842773 27.736441999673843 4.4038688875734806 348.91516590118408 158.91420555114746
leaf_count=22770 2353 2536 23950 3588 3867 3358 3488 10045 4867 25903 5855 749 6840 13267 20916 10041 520 4335 1255 4396 30416 1585 17098 1471 1916 9988 4722 796 858 2825 8215 688 2007 12645 16947 3158 186 14302 2717 2221 7316 1501 1056 920 275 1330 1663 946 2930 2869 78 125 1298 628 338 260 280 2260 219 46 1635 729
internal_value=-5.04278e-05 0.00161268 -0.00983711 -0.00831397 -0.000482429 -0.00245962 -0.00633059 -0.00491893 0.00439548 -0.0069768 0.00189051 0.000489699 0.00568399 -0.0243146 -0.00123873 -0.0034057 0.00186626 0.0011065 -0.00651888 0.00239498 0.0017686 -0.00567125 0.00625403 0.0044919 -0.00609308 -0.00341088 0.00145901 -0.000481765 0.0029574 0.00378966 0.00243728 0.00620472 -0.00334984 -0.0059062 -0.00817021 0.00481784 0.0125419 -0.00144927 0.00739695 0.0046308 -0.0159686 0.00281617 0.00758055 -0.0113186 0.00549911 -0.00246144 0.00391462 0.00982265 0.00879179 0.000128095 -0.0013547 0.0187085 -0.0191519 -0.00616978 -0.0102615 0.0141951 0.00686082 0.0120868 0.0263958 0.068766 0.00135629 -0.00477117
internal_weight=49401.2 42226.3 7174.92 6493.35 24090.2 13140.9 5461.56 4765.12 18136.1 3765.27 10949.3 7997.29 2952.02 681.575 10603.6 5511.02 2046.24 5092.6 3464.78 8735.58 8175.3 1123.77 9400.53 5842.97 976.771 2185.73 7176.73 4452.9 7051.53 5540.43 4499.15 2727.61 1771.54 1676.34 2927.67 509.384 284.761 4071.48 2565.49 2723.83 696.433 4115.83 404.629 771.001 2056.45 3666.85 657.903 381.421 1198.8 1306.93 905.34 187.302 301.576 214.532 237.511 569.563 1841.91 470.683 38.1379 10.4014 1525.03 507.829
internal_count=338362 221212 117150 101530 137143 87117 77580 66776 84069 56731 50026 37331 12695 15620 64347 35679 12821 28668 22858 40129 37593 5981 43940 26842 6251 30828 33464 20967 31612 25371 20504 12803 7701 23896 19500 6932 3774 19147 12115 12497 10804 22417 1852 10908 9398 17295 2993 1820 5411 5694 12988 874 2553 903 1196 2481 8495 2780 343 124 7086 2364
cat_boundaries=0 1 2 3 4 5 6 7 8
cat_threshold=1069 1273 1153 137304 11364 5248 65673 4352
is_linear=0
shrinkage=0.035


Tree=76
num_leaves=63
num_cat=6
split_feature=24 34 40 0 32 4 29 29 43 41 16 46 45 27 22 22 40 17 45 7 22 44 15 37 8 2 26 22 17 23 29 44 42 26 33 26 33 47 27 18 40 17 17 16 41 23 16 16 22 16 22 40 27 47 23 2 17 29 26 16 22 37
split_gain=616.412 187.602 136.824 111.58 100.182 81.8096 71.4418 91.0042 69.9543 63.8573 60.7673 61.2768 53.3583 49.3007 51.6469 42.5892 73.3229 41.6219 41.3371 40.0942 38.1378 37.8378 36.6978 59.6178 36.3329 35.0133 32.7388 32.0271 31.2423 30.9295 30.3383 34.1851 29.5453 29.4134 28.946 36.0192 55.2111 35.3979 29.9986 28.4922 28.097 27.6094 27.1975 25.8497 25.4614 25.3267 25.0985 25.0238 33.5426 24.8411 74.8322 41.5541 34.6022 35.1809 33.964 30.001 29.9269 26.746 24.6487 24.5637 30.7336 24.2781
threshold=3.5000000000000004 1.5000000000000002 1.0000000180025095e-35 6.7200000000000033 inf 18.930000000000003 353.00000000000006 207.50000000000003 2.5000000000000004 inf 0 2401.7800000000007 6.5833333333333348 13395.420000000002 8.5000000000000018 59.500000000000007 6025.0800000000008 486.88000000000005 1.0250000000000001 0.95833333333333337 10.500000000000002 347.13000000000005 0.34077283195991398 1707.5000000000002 3.5000000000000004 204.73000000000005 100.50000000000001 9.5000000000000018 2533.5200000000009 -0.6830127018922193 207.50000000000003 20.205000000000002 2.5000000000000004 223.50000000000003 1.5000000000000002 131.50000000000003 8.5000000000000018 5507.3600000000015 1.0000000180025095e-35 168.11250000000001 7399.9500000000016 141.14000000000001 10.835000000000003 1 3758.940000000001 0.93301270189221952 2 3 21.500000000000004 4 33.500000000000007 6025.0800000000008 19554.750000000004 1148.7 -1.0000000180025095e-35 3593.52 2107.440000000001 207.50000000000003 31.000000000000004 5 3.5000000000000004 267.56000000000012
decision_type=8 2 8 8 8 10 2 2 2 8 9 8 10 10 2 2 8 8 10 10 2 10 10 10 2 10 2 2 10 2 2 8 2 2 2 2 2 8 10 10 10 10 10 9 8 2 9 9 2 9 2 10 10 10 2 10 10 2 2 9 2 10
left_child=1 4 -2 33 8 34 7 10 9 -1 27 15 21 14 17 16 20 41 45 -17 39 25 23 -21 61 30 -15 -6 -11 42 31 -5 -18 -4 40 37 38 -36 -37 -12 -3 -9 -10 -41 -27 49 -19 48 -22 -7 51 55 53 -52 -55 56 -51 -57 -32 -31 -61 -16
right_child=2 5 3 12 6 18 -8 13 29 28 11 -13 -14 26 24 19 32 46 -20 22 47 -23 -24 -25 -26 44 -28 -29 -30 59 58 -33 -34 -35 35 36 -38 -39 -40 43 -42 -43 -44 -45 -46 -47 -48 -49 -50 50 52 -53 -54 54 -56 57 -58 -59 -60 60 -62 -63
leaf_value=-0.015659807090050555 -0.030114395082913092 -0.0081542921319865645 -0.011846667851756041 3.9002502674326782e-05 0.0077440118731707088 0.011945055563913426 -0.0094155015511693616 0.00021500577161802842 -0.028365990440900962 0.0064863294724993243 -0.00115285457497831 0.0066553604849950865 -0.012808891434949579 0.0073119605312446431 -0.0074445670658986295 -0.0094990939031403925 -0.02081554011802968 0.00043206658556849321 0.0034468855406613783 -0.0015758788996123462 0.0010526073482985997 -0.013438898855908703 -0.0042848526532806479 0.016600608139028188 0.0088627713480048838 0.011496169818546748 -0.020230022192017454 0.044881014446957516 -0.01681934257996023 0.0085175523633344262 -0.014772268565830254 -0.011433208614848618 0.00046444372386157201 -0.021162046832081196 0.0030354686778115273 -0.030596120595468932 0.0038209759060646277 0.012443108807972888 -0.0017888279757451696 -0.0042809034197164274 0.023153716521942119 0.014662025428341722 -0.0059836316968348204 -0.0178077420113367 -0.0011474387108110686 0.018358538652421784 -0.014318326047272664 -0.0027853475316701377 0.0214967345665944 -0.0039634620610699868 0.011822087831079166 -0.019600518006862268 -0.009384515891807969 0.010173015354056354 -0.0047320281121468613 0.022204869120300015 0.0062939272668525127 -0.011529675611696249 0.0012593049012408013 -0.015379765594237392 -0.00066483417150796408 0.010580242164394595
leaf_weight=1106.4355635624379 375.58170080184937 535.94769055396318 884.82520520687103 454.9569533765316 584.88010342419147 1117.5427568554878 816.36766052246094 483.54055914282799 69.938906192779541 292.63097141683102 406.50336733460426 892.64123569428921 1061.5469923019409 79.552139282226562 298.95989070832729 305.81533098220825 436.7265710234642 268.06658390164375 5214.9317325353622 398.336511105299 514.04390585422516 458.02296018600464 395.9429417848587 495.2235988676548 3324.8733719438314 306.91676604747772 154.16404724121094 28.972214862704277 91.712107196450233 311.59105348587036 131.11474695801735 1057.3460555076599 97.725445985794067 791.42977333068848 1738.3711738586426 43.801120400428772 3758.7562713623047 681.78817367553711 3864.9451411962509 311.79651376605034 36.614969372749329 242.74527794122696 1091.2619414329529 455.80685758590698 532.12416553497314 258.23053359985352 298.17617756128311 2693.6108382493258 120.59095370769501 885.97304382175207 2513.8612707704306 119.28186845779419 118.14067161083221 398.03971433639526 352.0679756551981 139.88161745667458 572.87722811102867 35.510645002126694 1059.9511013031006 186.44720622897148 2402.7007768452168 130.76895621418953
leaf_count=10646 10304 2563 18223 5682 3413 5594 5449 2544 960 1729 2686 4120 23450 359 1460 2517 2783 1244 22792 2017 2845 5776 2174 2559 15295 2845 756 169 668 1987 1728 14665 533 18101 7789 371 17005 2891 17746 1798 172 1169 7930 3244 4487 1194 1401 15430 614 3899 12424 519 518 2144 1706 756 2691 179 11889 1579 15480 701
internal_value=-4.94698e-05 0.0015581 -0.009579 -0.00843008 -0.00092471 0.00375271 0.000630661 0.00124247 -0.0049117 -0.0113938 -0.00107925 -0.00194631 -0.00583624 0.00482014 0.00554843 -0.0031078 -0.00468605 -0.00048575 0.00576994 0.00187494 -0.0032291 -0.00398325 0.00457765 0.00850508 0.00762528 -0.00275722 -0.0108641 0.00941382 0.000895904 -0.00253049 -0.0046954 -0.0079842 -0.0169309 -0.0162548 0.00153341 0.0019681 0.000792813 0.00568976 -0.00211938 -0.00864979 -0.00611529 0.00505713 -0.00735496 -0.0126133 0.00348571 0.00762964 -0.00759165 -0.00131481 0.00488813 0.00718371 0.00611035 0.000254298 0.00916362 0.00983765 0.00318025 0.00171458 6.60736e-05 0.0153482 -0.000516392 -0.000597321 -0.00172335 -0.00194768
internal_weight=49288.9 42175.1 7113.82 6738.23 19788.5 22386.6 14235.8 13419.5 5552.72 1490.78 8138.62 7524.76 5061.98 5280.85 5047.13 6632.12 5036.8 1292.53 11726.3 1595.32 4502.35 4000.43 1289.5 893.56 3754.6 3542.41 233.716 613.852 384.343 4061.94 2703.37 1512.3 534.452 1676.25 10660.2 10087.7 7667.5 2420.16 3908.75 1174.11 572.563 726.286 1161.2 767.603 839.041 6511.41 566.243 3328.25 634.635 6253.18 5135.63 1753.52 3382.11 3263.97 750.108 1634.24 1458.85 175.392 1191.07 2900.74 2589.15 429.729
internal_count=338362 221212 117150 106846 118259 102953 77280 71831 40979 13043 46902 43320 70522 24929 23814 39200 29933 6358 54416 9267 26617 47072 6750 4576 17456 41296 1115 3582 2397 27936 33964 20347 3316 36324 48537 45802 35122 10680 18117 7728 2735 3713 8890 5042 7332 31624 2645 18889 3459 30430 24836 8044 16792 16274 3850 7525 6590 935 13617 19046 17059 2161
cat_boundaries=0 1 2 3 4 5 6
cat_threshold=1144 135169 7377 131200 5288 1224
is_linear=0
shrinkage=0.035


Tree=77
num_leaves=63
num_cat=0
split_feature=13 2 2 47 26 29 48 42 22 41 40 22 41 47 18 23 3 22 26 40 22 3 2 18 39 29 37 33 18 32 17 22 41 29 3 32 40 7 29 22 35 19 22 27 18 0 22 40 22 40 5 0 47 18 40 25 32 23 27 47 41 19
split_gain=583.868 236.742 94.8911 78.5805 74.7533 71.9499 70.8847 69.6233 67.4359 93.7929 91.0353 68.1646 95.358 95.2296 87.4524 70.1114 75.3449 87.7589 63.8485 61.2101 58.5881 55.3499 52.1563 51.9904 46.3707 45.1828 44.2238 43.4052 42.5531 42.4614 49.4198 41.1129 40.6844 40.0105 35.0606 33.5126 32.7964 32.4199 32.4118 31.8066 31.4744 29.6811 29.9858 28.4217 28.1455 28.7805 30.3006 35.1172 28.5477 32.1911 27.3243 27.2026 27.1876 26.283 26.1468 25.6117 25.4212 34.267 25.1574 24.8126 24.6751 24.1742
threshold=0.24404761904761907 57.895000000000003 1982.3400000000004 1.0000000180025095e-35 161.50000000000003 353.00000000000006 11.500000000000002 1.5000000000000002 2.5000000000000004 652.5250000000002 310.37833333333339 48.500000000000007 8026.2000000000007 1416.7800000000004 12867.354415584417 0.68301270189221941 58.500000000000007 19.500000000000004 70.500000000000014 1.0000000180025095e-35 8.5000000000000018 248.50000000000003 862.83000000000004 745.81333333333339 79.225000000000009 115.50000000000001 60.780000000000008 2.5000000000000004 1199.6145833333337 inf 872.80000000000007 14.500000000000002 1276.9200000000003 115.50000000000001 19.500000000000004 148.84000000000003 3624.2000000000003 0.80909090909090919 84.500000000000014 63.500000000000007 15.500000000000002 647.45485714285735 2.5000000000000004 9901.5300000000025 12867.354415584417 89.665000000000006 29.500000000000004 13450.990000000003 7.5000000000000009 2493.3000000000002 28.800000000000008 17.33666666666667 2546.3700000000003 8821.5750000000025 959.01333333333343 518.42250000000024 6036.5700000000006 -1.0000000180025095e-35 5186.6999999999998 5507.3600000000015 14263.560000000001 1994.9635714285719
decision_type=8 10 10 8 2 2 2 2 2 10 10 2 10 10 10 2 2 2 2 10 2 2 10 10 10 2 8 2 10 8 8 2 10 2 2 10 10 10 2 2 2 10 2 10 10 10 2 10 2 10 10 10 8 10 10 10 8 2 10 10 8 10
left_child=3 4 6 -1 5 41 8 35 9 -3 26 12 15 14 22 16 31 28 54 -5 23 40 53 -4 34 43 52 -28 -18 50 -31 -12 -33 39 -21 37 -15 -6 -22 -9 -8 42 -2 58 45 46 -36 -48 -47 -50 -20 -44 -10 61 -17 -30 57 -40 -19 -42 -35 -13
right_child=1 2 20 19 7 -7 21 33 10 -11 11 13 -14 36 -16 18 17 25 29 24 38 -23 -24 -25 -26 -27 27 -29 55 30 -32 32 -34 60 44 -37 -38 -39 56 -41 59 -43 51 -45 -46 48 47 -49 49 -51 -52 -53 -54 -55 -56 -57 -58 -59 -60 -61 -62 -63
leaf_value=-0.02024211194312291 -0.0055766506767677727 -0.0033159703028356564 0.007852756854775253 -0.028681970311393582 -0.013959893974114622 -0.013057483045227032 0.0089531672740808445 -0.0022048955905230186 -0.0050618125468460283 -0.034453426504617093 -0.0020040046428296547 0.0035286348995659765 -0.015029319532319384 -0.023950790966999022 -0.011456652136198774 -0.010744975258905972 -0.0062694872306916661 0.0013869948223197506 0.0075384260515664273 0.001887359209065195 0.016341188650814274 0.023512744829187516 0.01200429158635148 -0.015685253109869859 -0.016415716883824889 -0.0055839044972626258 -0.0040591701408937359 0.012847751114146948 -0.028817764100135253 -0.0021053244744735512 0.014724922090597434 0.0020544905268298683 0.012252609072890852 -0.01019831162059164 -0.01599599310408437 -0.017434499637382906 -0.0048294887442332348 -0.0044085985772775683 0.010356424730180626 0.0076213994322990265 0.0025783078792079289 -0.010326569034800566 -0.0013874623410486259 -0.018787161311440658 -0.031595182604419819 -0.021557526314370763 -0.0065182784220194426 0.065166736428141414 0.0094975012501031086 -0.0060432150803904159 -0.0048053267480854976 0.0054817812091638198 0.016859436996421569 0.010145123940472399 0.00090849260128203176 0.015437659201196795 0.0086039799556999579 -0.011529042525950897 0.014664265333288707 -0.020991743730812702 -0.00098930608289329977 -0.024033744677421167
leaf_weight=1047.8677016235888 520.95323790609837 960.69125933945179 221.62042275071144 189.52531862258911 701.85253477096558 462.04812622070312 1557.1014060974121 1524.4702115058899 388.06765703856945 134.23012547194958 2663.5124944150448 5196.1085977554321 525.29753160476685 131.16412734985352 387.41670036315918 304.40002012252808 218.66721022129059 989.87760162353516 474.08452320098877 523.76211214065552 606.13797760009766 228.48382949829102 1279.520339012146 236.82750424742699 688.16750693321228 2624.4317808151245 210.10590201616287 1593.8663776516914 294.22857910394669 261.90272691845894 1155.3107740581036 2763.0951960533857 578.91729159653187 1027.6881732940674 649.94355215877295 622.29875993728638 657.01900482177734 1147.6595101356506 162.48729038238525 547.66753101348877 1199.1858520507812 244.04251632094383 1004.9160825461149 71.816950798034668 60.20750093460083 80.170758105814457 769.06310524046421 7.4699790328741065 278.49887215346098 391.67401028424501 407.70814037322998 2372.0147975385189 83.333178624510765 796.47890663146973 1035.1549868583679 16.336860597133636 2860.4972038269043 187.92269992828369 211.38302803039551 56.330406188964844 545.7541332244873 38.290441513061523
leaf_count=25339 3834 5605 1067 5339 9659 4031 7550 10516 1944 2111 12944 25193 2957 604 1976 1409 1259 4783 2547 7291 3081 1135 6114 1386 11762 12979 982 7359 1909 1133 4965 12850 2825 7672 11720 9194 3119 10760 796 3462 6011 1942 8778 379 1021 1117 13435 102 3214 4938 1776 13675 371 3770 4780 80 14124 879 1037 283 3294 195
internal_value=-4.8625e-05 0.00118921 0.0026278 -0.0117979 -0.00334171 2.71956e-05 0.00192125 -0.00587676 0.00133932 -0.00716117 0.00170663 0.00104802 -0.000402253 0.00354229 0.00472887 0.000144839 -0.00131427 -0.00477823 0.00432753 -0.00936111 0.00750018 0.00698094 0.00558808 -0.00431431 -0.00829139 -0.00295995 0.00838437 0.0108775 -0.0181381 0.00786542 0.0116154 0.00123942 0.00382419 -0.00280089 -0.00626108 -0.0104103 -0.00803784 -0.00803871 0.00891992 0.000394625 0.00563009 0.00148964 0.0022319 0.00244943 -0.00816888 -0.00750674 -0.010424 -0.00574577 -0.00195425 0.000419456 0.00183216 0.00343781 -0.00115914 0.00422504 -0.00174568 -0.0264477 0.00751432 -0.00138002 0.00373362 0.00150494 -0.00700679 0.00332246
internal_weight=49176.7 44490.4 33769 4686.35 10721.4 4603.97 29493.5 6117.39 26452.4 1094.92 25357.5 23082.1 14596.1 8486 7697.81 14070.8 10432.3 4426.74 3638.56 3638.48 4275.49 3041.1 7310.4 458.448 3448.96 3897.51 2275.37 1803.97 529.233 2299.01 1417.21 6005.52 3342.01 3645.58 2760.79 2471.81 788.183 1849.51 3817.05 2072.14 2812.62 4141.93 3897.88 1273.08 2237.03 2176.82 1426.48 776.533 750.344 670.173 881.793 3376.93 471.401 6030.88 1339.56 310.565 3210.91 350.41 1201.26 1255.52 1573.44 5234.4
internal_count=338362 253084 166267 85278 86817 32260 144934 54557 129955 7716 122239 111583 70612 40971 37248 67655 51045 22426 16610 59939 21333 14979 35272 2453 54600 19178 10656 8341 3248 10421 6098 28619 15675 24944 42838 29613 3723 20419 18880 13978 13844 28229 26287 6199 35547 34526 25257 13537 9269 8152 4323 22453 2315 29158 6189 1989 15799 1675 5820 6294 10966 25388
is_linear=0
shrinkage=0.035


Tree=78
num_leaves=63
num_cat=6
split_feature=13 46 4 47 22 3 26 42 16 40 29 48 26 26 18 44 32 48 48 29 16 18 21 22 3 11 47 16 22 27 16 47 5 32 26 49 35 8 17 16 35 27 49 22 41 3 41 8 38 16 1 22 35 18 27 18 19 8 17 48 37 20
split_gain=549.258 224.756 104.855 76.079 71.4894 100.581 68.8518 70.3542 59.6709 59.5957 52.3476 48.4046 56.2064 69.8728 59.6471 47.9771 47.1617 44.8668 44.8461 43.6335 40.6104 38.7226 36.2178 34.658 54.991 31.6342 30.9688 30.0725 29.8857 29.2245 29.218 28.7398 34.0644 28.6179 28.4774 30.7745 27.6301 27.1528 27.06 31.9628 26.4477 26.3196 26.1172 26.0453 39.2426 25.2306 36.981 25.0356 25.0056 24.6887 36.4101 24.7785 24.5511 24.2604 23.7401 46.4203 23.5463 34.0752 23.2751 23.0367 22.7957 22.7264
threshold=0.24404761904761907 55.470000000000006 21.980000000000004 1.0000000180025095e-35 1.5000000000000002 17.500000000000004 177.00000000000003 1.5000000000000002 0 1.0000000180025095e-35 353.00000000000006 11.500000000000002 177.00000000000003 70.500000000000014 992.29333333333341 20.205000000000002 802.53000000000009 9.5000000000000018 11.500000000000002 145.50000000000003 1 57.438750000000006 1.0850000000000002 19.500000000000004 55.500000000000007 2236.9700000000003 64.725000000000009 2 65.500000000000014 4123.170000000001 3 150.55000000000004 83.596666666666678 2445.8400000000006 55.000000000000007 11.500000000000002 18.500000000000004 20.500000000000004 4242.5100000000011 4 14.500000000000002 5957.7000000000007 13.500000000000002 15.500000000000002 5287.1500000000015 42.500000000000007 4086.0900000000006 19.500000000000004 30.100000000000005 5 628.0200000000001 9.5000000000000018 12.500000000000002 1938.4666666666669 8932.5000000000018 6098.1750000000011 702.01800000000014 16.500000000000004 768.62500000000011 10.500000000000002 4791.3300000000008 128.41295245583282
decision_type=8 8 10 8 2 2 2 2 9 10 2 2 2 2 10 10 10 2 2 2 9 10 10 2 2 10 10 9 2 10 9 10 8 8 2 10 2 2 10 9 2 10 10 2 10 2 10 2 10 9 8 2 2 10 10 10 10 2 10 2 8 10
left_child=3 6 4 -1 5 -3 10 33 21 -5 27 12 13 14 -10 20 41 42 22 30 -11 -6 -4 24 -19 60 37 -2 29 -13 52 32 -29 56 -23 36 49 -24 39 40 -28 43 -14 44 -15 -39 61 -32 -25 50 -36 -51 -9 -18 59 -56 -8 -58 -20 -40 -16 -47
right_child=1 2 18 9 8 -7 7 19 11 15 -12 28 17 16 25 -17 53 23 58 -21 -22 34 26 48 -26 -27 38 31 -30 -31 47 -33 -34 -35 35 -37 -38 45 54 -41 -42 -43 -44 -45 -46 46 -48 -49 -50 51 -52 -53 -54 -55 55 -57 57 -59 -60 -61 -62 -63
leaf_value=-0.019902023613349185 -0.0096927000451307675 -0.0011455680652042118 0.0017672259807988511 -0.028436403034481392 -0.0023385292760160952 -0.028047713322580783 -0.016169921781423794 -0.0040004318899832456 -0.01451378566772763 0.0057803177888382101 -0.012364023186115871 0.0056209502490924433 -0.0034815254928952525 0.0036417560328798624 -0.0051752548405012196 -0.012299462837926427 0.0065785015012591024 -0.00027417128361671911 -0.00080587506178486721 -0.01092595969729881 -0.0068592792837393734 -0.0031923258332542839 0.0091033350101497462 0.00058656648982911624 -0.01865540142982006 0.050802890709379898 0.0037846075359593374 0.0036279240761157867 0.015322687162571716 -0.007486415699193295 0.0021383468911588639 -0.0052959731264912002 -0.01466967981807157 -0.0072290543365707283 -0.0032825554530089909 0.00089258571292282775 0.022927383054269654 0.011361140913800865 0.0069854637008025166 0.0054954556224567621 -0.0056103853002081394 -0.00041050535170161241 -0.011799664706961008 0.0089059974227308422 -0.041904422962649311 -0.012732653163860025 0.027015108215425705 -0.016897720482998844 0.0078332891372210681 0.013018657937907931 0.024523415824527425 0.039306396827203639 -0.024843383512462229 -0.0065419475569345638 -0.061305822537075921 0.0020365817326395935 0.064611983382984531 -0.019506392905035825 0.013264776965979771 0.017836390325261312 0.0026971010101716885 -0.050774163666763163
leaf_weight=1028.8287785686553 306.22841846942902 556.1138556972146 4813.4380967840552 184.56780624389648 429.53874391317368 244.41728508472443 1036.8523773103952 232.83358895778656 444.2428919672966 395.68348291516304 414.79827880859375 1522.0472431182861 3796.7946650162339 1280.6286155581474 783.99208824336529 1672.3244134783745 233.07012033462524 881.95379781723022 167.54278171062469 638.171875 1356.8356790840626 190.49817383289337 2980.1649514436722 1876.3169622421265 256.62798738479614 13.751073837280272 615.5185053050518 3049.8590576276183 328.13967609405518 240.52093029022217 1755.2867209911346 630.05626856535673 128.97307662665844 1044.5808917582035 261.37986098974943 283.05052279680967 298.538289681077 70.234649688005447 1263.9334758520126 1408.7037964463234 906.35733625292778 727.49813580513 525.87273439019918 2547.5662274360657 22.60408741235733 61.610676154494286 19.733325824141502 87.922430336475372 845.54896926879883 443.05720345675945 72.962500929832458 48.183285191655159 97.829950392246246 657.60250949859619 13.628185749053953 454.25225400924683 9.9695221632719058 12.013717919588087 1019.6023904085159 295.76311349868774 1056.765848711133 27.665722846984863
leaf_count=25339 2420 3637 21140 5339 2147 3694 15570 1637 2317 5666 3641 7668 19503 6187 4101 27894 1229 4621 772 4238 21040 935 14339 10368 1827 66 2730 21871 1605 1294 11611 4830 620 9135 1289 1345 1334 357 5928 6579 4129 3673 3647 12257 125 307 107 777 3892 2033 319 211 794 3829 61 2117 110 166 4986 1469 5339 151
internal_value=-4.77493e-05 0.00114872 0.0024421 -0.0115073 0.00086607 -0.00938405 -0.00364194 -0.00651016 0.00127539 -0.00910962 -0.00052885 0.000632982 -2.31455e-05 0.00210918 -0.00301006 -0.00806009 0.00426109 -0.00204724 0.00477153 -0.00288702 -0.00401 0.00695209 0.00417319 0.000695128 -0.0044299 -0.000248037 0.00559946 0.000666834 0.00563948 0.00382908 -0.00052313 0.00152349 0.00288117 -0.0113502 0.00949328 0.0112117 0.0138069 0.00830756 0.00387249 0.00172077 -0.0017988 0.00569448 -0.00449596 0.00684765 0.00282025 -0.00490034 -0.0153856 0.00121505 0.00283981 0.0104851 0.00275824 0.0153597 -0.00992411 -0.00310508 0.00698011 6.47616e-05 -0.0154053 0.0197932 0.01128 0.00905322 -0.000656782 -0.0249531
internal_weight=49071 44432.8 34987.4 4638.24 20869.3 800.531 9445.38 4915.46 20068.8 3609.41 4529.92 18041.5 15950.8 7767.72 2298.75 3424.84 5468.97 8183.12 14118.1 2812.04 1752.52 2027.21 12931 3860.45 1138.58 1854.51 8117.57 4115.12 2090.71 1762.57 2173.87 3808.89 3178.83 2103.42 1597.67 1407.17 1124.12 3159.41 4958.16 2930.58 1521.88 4578.3 4322.67 3850.8 1303.23 179.244 109.01 1843.21 2721.87 825.583 334.342 491.24 330.664 890.673 2027.58 467.88 1058.84 21.9832 1187.15 1559.7 1840.76 89.2764
internal_count=338362 253084 175664 85278 110492 7331 77420 44038 103161 59939 33382 93548 82981 39123 11823 54600 27300 43858 65172 19057 26706 9613 59414 20708 6448 9506 38274 29741 10567 8962 14819 27321 22491 24981 7466 6531 5186 15261 23013 13438 6859 22242 23150 18569 6312 922 565 12388 14260 3852 1608 2244 2431 5058 9575 2178 15846 276 5758 7397 9440 458
cat_boundaries=0 1 2 3 4 5 6
cat_threshold=1273 197741 12318 14340 26881 129
is_linear=0
shrinkage=0.035


Tree=79
num_leaves=63
num_cat=9
split_feature=13 45 2 8 42 2 48 35 16 32 27 48 7 17 16 29 16 8 16 40 35 26 3 27 27 43 29 27 40 26 16 7 44 32 29 37 16 23 43 3 41 29 48 19 46 16 17 2 16 37 19 17 3 2 1 39 2 1 8 49 16 26
split_gain=516.528 156.581 150.286 85.1009 69.7408 62.4471 56.2856 56.0508 55.8061 53.4886 52.2803 49.7263 42.265 41.999 42.8226 40.4361 44.354 36.9537 58.1029 79.5118 49.1383 46.8673 39.3085 37.315 36.6455 36.6028 36.5889 36.4055 38.0024 44.6472 35.9296 35.1257 34.3634 33.9823 37.855 33.9661 33.2708 32.5309 30.865 30.8083 30.5095 30.4831 30.1681 34.7236 33.6891 29.4647 29.3358 28.3979 47.6129 35.796 28.7016 28.3571 28.0816 27.8645 27.6896 27.4436 27.4423 27.4099 31.8159 37.8381 32.9869 29.0688
threshold=0.39444444444444454 5.1250000000000009 563.94000000000017 19.500000000000004 3.5000000000000004 4.3500000000000005 11.500000000000002 6.5000000000000009 0 inf 1.0000000180025095e-35 2.5000000000000004 0.82575757575757591 1.0000000180025095e-35 1 207.50000000000003 2 20.500000000000004 3 3367.5900000000006 20.500000000000004 31.000000000000004 49.500000000000007 9901.5300000000025 13395.420000000002 4.5000000000000009 298.50000000000006 13395.420000000002 3367.5900000000006 70.500000000000014 4 0.95833333333333337 77.850000000000009 inf 161.00000000000003 6177.6000000000004 5 0.93301270189221952 1.0000000180025095e-35 237.50000000000003 inf 207.50000000000003 3.5000000000000004 199.68000000000004 174.32000000000002 6 1053.9700000000003 1738.4400000000003 7 328.76000000000005 2277.4950000000003 1775.1650000000002 19.500000000000004 3593.52 2884.2600000000007 39.245000000000012 104.99500000000002 2031.3900000000001 15.500000000000002 2.5000000000000004 8 192.50000000000003
decision_type=8 10 10 2 2 10 2 2 9 8 10 2 10 8 9 2 9 2 9 8 2 2 2 10 10 2 2 10 8 2 9 10 8 8 2 10 9 2 2 2 8 2 2 10 10 9 8 10 9 10 10 10 2 10 10 8 10 8 2 10 9 2
left_child=1 5 3 4 9 -1 17 26 -5 10 -2 36 -3 52 -15 16 -13 18 22 21 -19 -20 -4 47 31 40 -6 28 29 -17 -31 -21 56 -23 53 -36 -11 -16 -14 -8 55 -27 -9 -44 -45 -46 -32 48 50 -49 -22 -33 -7 -35 -47 -12 -10 58 59 61 -61 -18
right_child=2 12 6 8 7 13 39 42 32 11 25 15 38 14 37 27 57 20 19 24 23 33 -24 -25 -26 41 -28 -29 -30 30 46 51 -34 34 35 -37 -38 -39 -40 -41 -42 -43 43 44 45 54 -48 49 -50 -51 -52 -53 -54 -55 -56 -57 -58 -59 -60 60 -62 -63
leaf_value=-0.010384807145947637 -0.024910589875232682 -0.018613239686303483 0.010691337973603079 0.0073029708394628133 0.0088318247881750706 -0.0088599389264497549 0.0098340907298282328 -0.0024003873868140044 -0.012087428505724735 -0.0024380121844106996 -0.0073956857415844067 -0.0053637543537713968 -0.020995002094381973 0.0074943812562894329 -0.0036200717503086653 -0.0043760270069224724 -0.010338765926461891 -0.04441517912991047 -0.013027820641845165 -0.016081082047768671 -0.0074556170806204108 -0.0062741003439002246 -0.031364865952447224 -0.01927701925747731 -0.0019822287890817634 -0.005092258579429001 0.028651086994850073 -0.013436561327275684 0.01035979757690144 0.01024743202828678 -0.0051506073044959152 0.021087379745313078 -0.013581869794328611 -0.0032297428254338652 0.0059365016079382816 -0.035258688859794794 -0.01573760436826244 0.0097131818032423541 -0.0077316531077400979 0.030236691577946319 0.001317504651294834 0.0027657669134580707 0.007994950171585866 -0.0050176720085774772 -0.0084861350075962055 0.0051134999024847845 0.0057199664177886656 -0.007406630330007824 0.0019927335922068998 0.0088846566185771872 -0.031763907721911872 0.0072654032357743507 -0.033494630992881844 0.015582065314578829 -0.035797374245950316 -0.020159391666980067 0.0031410253742321071 0.0096621117236195229 0.008258142164327938 -0.0010305699725252171 0.0093140678601603133 -0.00094596655805650185
leaf_weight=1637.6258230805397 141.97840623557568 1340.1694211959839 1951.8434829711914 276.33694171905518 485.28231935203075 207.1400588452816 1254.2740669250488 1190.3594779968262 241.74223580956459 801.67585206031799 798.76916320621967 1647.4534163177013 259.86377745866776 525.32065138220787 4486.7270290851593 818.17841517925262 641.14642613381147 29.714272499084473 310.47686131298542 75.537956401705742 173.17461538314819 654.84686279296875 26.668976783752441 112.92530298233032 565.81468868255615 1095.5164977908134 148.8852367401123 141.10282135009766 1039.4839645624161 957.14547102153301 516.34267354011536 189.06807871162891 1004.3478009700775 1363.9392166137695 2047.2120847702026 23.833157539367676 319.9981210231781 235.00063836574554 1238.3142535090446 97.079082489013672 339.49612426757812 1347.4386982917786 1622.6639801263809 708.45174819231033 217.04582786560059 2325.4399675726891 736.89631493389606 208.46244882047176 670.07563447952271 783.71808029711246 90.361887454986572 4370.6697142571211 77.663178384304047 102.80155181884766 19.458202958106995 278.40064643323421 359.0929126739502 438.22716738283634 545.01215913891792 955.64739520102739 613.62302206456661 1087.2155838012695
leaf_count=25763 2063 33993 9187 1473 2211 2634 6110 5477 1916 5014 7145 8958 7590 4276 38743 3691 3012 137 1354 338 811 3101 145 548 2537 8510 667 638 4646 4532 2353 895 7367 6050 9147 106 2183 1888 20453 498 1910 9112 7326 3408 964 10119 3265 1011 3090 3809 400 20884 1773 507 85 2304 1670 1960 2636 5321 3278 5370
internal_value=-4.67875e-05 -0.00713892 0.00177503 4.55898e-05 0.000657298 -0.00438324 0.00450711 0.00362865 -0.00709642 -0.000650806 -0.004126 0.000584567 -0.0140956 -0.002605 -0.00189293 0.00135846 -0.000504183 0.00383672 0.0046001 0.00347245 -0.000475091 7.10365e-05 0.0100581 0.000186796 0.0064235 -0.00335518 0.0135226 0.00398138 0.00458869 0.00260512 0.00519001 0.00744977 -0.00956425 0.00104392 0.00239988 0.00544565 -0.00640474 -0.00294832 -0.0100447 0.0113211 -0.00782891 -0.00075872 0.0025952 0.00381074 0.00173286 0.00360081 0.00123087 0.00133753 -0.00304232 0.00545776 -0.0153007 0.00784303 -0.0156713 -0.00190153 0.0047387 -0.0107102 -0.00299595 0.00137611 0.000432457 -0.000863035 0.00307054 -0.00443425
internal_weight=48970.2 10007.8 38962.4 23859.9 21978.3 7169.48 15102.5 6717.59 1881.52 15260.7 4001.6 11259.1 2838.35 5531.85 5247.05 10137.5 5928.33 13751.1 11682.7 9704.2 2068.43 4503.11 1978.51 2038.72 5201.09 3859.62 634.168 4209.15 4068.05 3028.56 2210.38 4635.28 1605.18 4192.63 3537.79 2071.05 1121.67 4721.73 1498.18 1351.35 1416.67 2442.96 6083.42 4893.06 3270.4 2561.94 1253.24 1925.79 933.612 992.181 263.537 4559.74 284.803 1466.74 2344.9 1077.17 600.835 4280.87 3842.64 3297.63 1569.27 1728.36
internal_count=338362 137113 201249 130584 118158 75077 70665 30257 12426 87901 31044 56857 62036 49314 44907 49660 30535 64057 54251 44919 9806 20265 9332 9669 24654 28981 2878 19125 18487 13841 10150 22117 10953 18911 15810 9253 7197 40631 28043 6608 11359 17622 27379 21902 14576 11168 5618 9121 4301 4820 1211 21779 4407 6557 10204 9449 3586 21577 19617 16981 8599 8382
cat_boundaries=0 1 2 3 4 5 6 7 8 9
cat_threshold=2184 66665 26628 5248 134321 21880 6144 4352 4353
is_linear=0
shrinkage=0.035


Tree=80
num_leaves=63
num_cat=0
split_feature=13 2 2 52 32 48 35 48 42 23 17 40 12 32 3 48 29 29 3 18 18 41 1 39 44 3 27 48 52 39 27 3 41 35 30 0 8 27 46 2 19 47 3 5 3 40 8 18 51 41 40 17 3 41 32 33 47 1 12 17 8 30
split_gain=487.033 201.906 83.5621 73.6251 67.694 65.8114 64.2532 62.0248 79.756 66.257 71.2959 61.8401 52.1237 50.0075 65.9718 48.2514 45.9816 45.9268 40.4287 39.9241 37.2202 37.9379 39.1176 35.4429 35.0161 33.4156 39.2559 32.5084 31.4723 30.6126 28.9642 28.0561 27.4 27.2391 29.9218 26.9952 28.0748 26.7877 26.6734 26.4539 32.3951 26.3976 26.1384 25.8468 25.6254 25.4775 25.2622 25.9306 24.6635 24.6337 24.2413 24.0935 23.984 23.4571 23.3378 29.3679 27.979 23.1028 23.0012 22.8661 22.1937 22.1525
threshold=0.24404761904761907 57.895000000000003 1982.3400000000004 11.500000000000002 148.84000000000003 2.5000000000000004 26.500000000000004 3.5000000000000004 5.5000000000000009 -0.6830127018922193 1.0000000180025095e-35 10823.760000000002 4.8000000000000034 802.53000000000009 64.500000000000014 2.5000000000000004 207.50000000000003 115.50000000000001 161.50000000000003 5655.8175000000019 12867.354415584417 2714.6700000000005 inf 79.225000000000009 22.405000000000005 45.500000000000007 1.0000000180025095e-35 11.500000000000002 4.5000000000000009 339.16000000000003 24.980000000000004 237.50000000000003 4948.8300000000008 5.5000000000000009 3191.8800000000006 12.621666666666664 11.500000000000002 872.80000000000007 55.470000000000006 862.83000000000004 1994.9635714285719 6.7950000000000008 8.5000000000000018 83.596666666666678 45.500000000000007 8043.4800000000005 21.500000000000004 3840.2933333333335 59.372823328434798 8689.8600000000024 1.0000000180025095e-35 2533.5200000000009 15.500000000000002 7398.2700000000013 59.085000000000015 1.5000000000000002 3809.7900000000004 6.3850000000000007 4636.3050000000012 2989.1700000000005 13.500000000000002 6801.7500000000009
decision_type=8 10 10 2 10 2 2 2 2 2 10 10 8 10 2 2 2 2 2 10 10 8 8 8 10 2 10 2 2 8 10 2 8 2 10 10 2 10 8 10 10 8 2 10 2 10 2 10 10 10 10 10 2 8 8 2 10 8 10 10 2 10
left_child=3 4 6 15 5 -2 7 19 9 10 -9 13 -7 29 -15 -1 17 18 44 33 21 28 39 50 53 26 -17 37 51 38 -6 58 -8 34 -3 -32 -37 52 43 40 57 -27 -18 -11 -14 48 47 -16 61 -13 -5 -12 -4 -19 -35 -56 -57 -23 -10 -21 -33 -39
right_child=1 2 27 23 30 12 32 8 31 11 20 49 16 14 46 25 42 24 -20 59 -22 22 -24 -25 -26 41 -28 -29 -30 -31 35 60 -34 54 -36 36 -38 45 -40 -41 -42 -43 -44 -45 -46 -47 -48 -49 -50 -51 -52 -53 -54 -55 55 56 -58 -59 -60 -61 -62 -63
leaf_value=-0.018018384898547599 -0.010818989431226023 0.0015455299985903202 0.0095519492402678253 -0.030259229927666151 -0.027188117116195849 -0.013046508000276893 -0.0053930587540285671 -0.025657712107005213 0.0084886856710122433 0.0022772450014491696 -0.016136836614361598 -0.0021291282260681274 0.0021617601610261104 0.0068649772055224649 -0.01161666415095847 -0.015243768191654981 -0.0056976981407436608 -0.011080488948146141 0.008655057064899772 0.033249389861283923 -0.012894457544037473 -0.014234606087268783 0.013690686446728047 -0.025011167953799363 -0.010997615172537653 -0.018107662936192204 0.0036249072786055164 0.018182768668617774 -0.0010270099950851839 -0.0035055166669916626 -0.016070857012779695 -0.002215558113729154 -0.026002510937709021 -0.022523542528044924 0.031518157704073596 0.0047315542498301824 -0.0080599302654216984 0.010750477513119821 0.0058567508138430407 0.0052258633024779089 -0.022547215171031247 -0.0061063770112263953 0.0041653424698190186 -0.014241266595295196 -0.0066788981510405993 7.7951494614232397e-05 -0.022220947490527786 -2.4513454209903817e-05 0.010952845850118412 -0.01654508106795817 -0.012345232991001084 -0.00026514029914571962 -0.0074411967019474565 0.0013964016032205777 -0.0082270828586666483 -0.00057789557516606607 -0.021420251308550308 0.00057087956286601545 -0.034179195572690592 0.003747848743613464 0.029819064692085034 0.00063220508511414885
leaf_weight=425.34371806867421 890.96819972991943 197.76764556765556 151.20219349861145 99.069491863250732 101.31318855285645 401.82231342792511 199.85229393839836 134.337158203125 1777.6126489639282 1473.2298542261124 370.65769685804844 415.70068550109863 861.27270114421844 698.80632621049881 416.29255816340446 165.01209366321564 371.24242448806763 244.67813058942556 603.45000433921814 32.491366863250732 266.12123107910156 132.20626260340214 314.94132423400879 436.54665565490723 1001.5399799346924 283.33297431468964 723.68048596382141 295.02761077880859 1240.3326530456543 520.5815212726593 399.33685178309679 33.107997953891754 130.46215981245041 82.547284670174122 50.445138573646545 255.08156535774469 1178.2616041451693 420.3990021944046 9740.4858314990997 1404.2936648130417 77.67065355181694 1077.9262435436249 2849.3383784294128 124.95598202943802 751.01773619651794 524.22595584392548 117.009202003479 545.27252009510994 1836.8625993728638 222.44617056846619 1338.0904259681702 171.1502571105957 306.00577330589294 741.59824088960886 1181.0715464875102 2084.423451423645 81.00682544708252 4196.3379189968109 14.64959144592285 841.7563328742981 128.98975270986557 714.82256317138672
leaf_count=7625 7794 958 718 3097 1574 5167 1120 1888 8339 8106 1732 1912 6583 3542 2410 3479 2396 2248 4655 159 1461 886 1400 10700 8154 6002 9302 1566 6697 2588 6011 152 667 461 227 2064 10818 2011 44843 6519 392 15033 18567 583 6053 2616 696 2928 9419 1248 30040 792 1639 4733 5963 10206 377 20781 69 4186 646 3364
internal_value=-4.58373e-05 0.0010737 0.00240242 -0.0109507 -0.00312623 -0.00181142 0.00173965 0.00191415 0.00261021 0.00202296 -0.000462045 0.00346918 -0.000784673 0.00396765 -0.00150646 -0.00721995 -0.000119349 -0.00253009 0.000935124 -0.00183806 -4.48591e-05 0.000389156 0.00169683 -0.0162708 -0.00639115 -0.00517145 0.000108183 0.00699028 -0.00410393 0.00478813 -0.00904838 0.00939152 -0.013587 -0.00343638 0.007739 -0.00803131 -0.00578181 0.00615066 0.00516919 0.0010445 -0.000289019 -0.00861579 0.003027 0.000977629 -0.00195788 0.00719226 -0.00693163 -0.00504998 0.00844665 -0.00717229 -0.0136003 -0.0111329 -0.00181285 -0.00170699 -0.00424733 -0.00378992 -0.00136712 0.000115494 0.00812106 0.00488101 0.0233026 0.0043854
internal_weight=48867.5 44318.5 33667.6 4549 10650.9 8716.93 29419 29088.7 24537.2 22582.8 8308.05 14274.8 7825.96 13636.6 1777.38 2675.3 7424.14 4203.56 2215.74 4551.51 8173.71 7907.59 6125.45 1873.71 1987.82 2249.95 888.693 4248.55 1782.14 11859.3 1933.99 1954.36 330.314 3677.26 248.213 1832.68 1433.34 3953.52 11338.7 5810.51 4406.21 1361.26 3220.58 1598.19 1612.29 3496.31 1078.57 961.565 2972.08 638.147 1437.16 541.808 457.208 986.276 3429.05 3346.5 2165.43 4328.54 1792.26 874.248 162.098 1135.22
internal_count=338362 253084 166267 85278 86817 66350 144934 143147 120610 111404 42548 68856 58556 65696 9576 41441 53389 32426 17291 22537 40660 39199 29978 43837 15135 33816 12781 21333 9221 56120 20467 9206 1787 18192 1185 18893 12882 19767 53532 28578 22059 21035 20963 8689 12636 17410 6034 5338 14794 3160 33137 2524 2357 6981 17007 16546 10583 21667 8408 4345 798 5375
is_linear=0
shrinkage=0.035


Tree=81
num_leaves=63
num_cat=7
split_feature=13 46 22 41 16 2 8 7 48 26 17 22 40 23 40 22 3 22 35 44 18 29 33 7 16 16 41 16 8 7 19 39 18 40 22 17 18 3 18 39 37 3 18 26 32 27 22 18 16 39 29 29 40 16 11 8 19 3 19 33 16 47
split_gain=457.868 189.954 87.2862 116.831 85.6679 90.81 81.1105 72.4511 71.3912 60.9228 55.4644 54.876 53.427 51.8998 68.5715 58.4363 67.7073 73.6438 50.8305 48.4908 46.302 46.2238 45.1061 50.4334 44.198 44.0836 39.3763 38.0577 36.355 35.9101 37.1773 34.2992 34.2085 40.7977 34.0089 34.4218 32.997 32.7036 31.3712 42.39 36.3164 46.2055 31.3407 31.2373 31.0324 30.6018 30.3793 101.495 49.1291 33.0163 30.3334 44.2707 41.2132 30.2263 29.2825 28.922 28.6077 29.1492 28.5783 28.3261 28.2304 30.7272
threshold=0.24404761904761907 55.470000000000006 2.5000000000000004 861.12000000000023 0 1133.8200000000004 19.500000000000004 0.59166666666666679 11.500000000000002 177.00000000000003 1.0000000180025095e-35 8.5000000000000018 1.0000000180025095e-35 0.68301270189221941 959.01333333333343 51.500000000000007 58.500000000000007 19.500000000000004 19.500000000000004 131.80000000000004 12867.354415584417 353.00000000000006 7.5000000000000009 0.70714285714285718 1 2 2573.1800000000003 3 12.500000000000002 0.95833333333333337 1780.2700000000002 30.245000000000005 450.0800000000001 92.836666666666687 39.500000000000007 9353.6000000000004 7330.554000000001 81.500000000000014 10757.017500000002 518.49000000000012 2418.1600000000003 55.500000000000007 2663.4285000000004 223.50000000000003 1178.0800000000002 2236.1400000000008 29.500000000000004 4652.3057142857151 4 145.61000000000004 353.00000000000006 207.50000000000003 3136.9200000000005 5 1148.1000000000001 10.500000000000002 819.42300000000012 98.500000000000014 283.46533333333338 2.5000000000000004 6 150.55000000000004
decision_type=8 8 2 10 9 10 2 10 2 2 8 2 10 2 10 2 2 2 2 10 10 2 2 10 9 9 8 9 2 10 10 10 10 10 2 8 10 2 10 10 8 2 10 2 8 10 2 10 9 10 2 2 10 9 10 2 10 2 10 2 9 10
left_child=7 9 3 25 32 6 8 43 13 21 -11 45 -9 15 27 16 50 -18 22 24 29 60 -12 -24 -14 -3 -25 -15 37 -17 31 -31 33 -4 35 -10 -19 54 40 -40 41 -13 -36 -1 -8 -7 47 48 -42 -48 51 55 -52 56 -16 -6 57 -46 -55 -30 -2 -62
right_child=1 2 4 -5 5 11 44 12 34 10 18 38 19 14 28 20 17 36 -20 -21 -22 -23 23 26 -26 -27 -28 -29 59 30 -32 -33 -34 -35 42 -37 -38 -39 39 -41 46 -43 -44 -45 53 -47 49 -49 -50 -51 52 -53 -54 58 -56 -57 -58 -59 -60 -61 61 -63
leaf_value=-0.012131863454347705 -0.0066965446714097572 0.0030776483914238045 0.0030964544993341775 -0.033321578187117437 0.0043338974373364958 -0.0012491501492341514 0.0018846987837278122 -0.027533074304894736 0.00535252979763539 -0.025854273637571461 -0.010542902737785914 0.0076961101539448048 0.0036934736911789115 -0.019207969537676867 0.0045676435818657584 -0.0066192216715226298 -0.018263307549365709 -0.0026196078710367487 -0.020578319482668337 -0.016703923167652467 -0.01134155992101522 -0.011684660036592204 -0.012794997313145873 -0.010121164777387044 -0.0074109263487549103 -0.0099136191409966937 0.001158301096084459 -0.0010312706583110042 -0.0044901790561732453 0.0024629767958155822 -0.01522827445769721 0.0087516909319298331 -0.0084335468091544467 0.013816301439572498 -0.020799309432851201 -0.022373977503233451 -0.016765252919119816 0.014264874785399489 -0.011570647026306722 0.007537242694079631 0.0010164756946091438 -0.001841603482982351 0.014401344521935602 -0.023707270170179717 0.008494726648820965 -0.022871814440519507 0.0078249899936960743 -0.020245289209988127 0.015365011569226636 0.015342999925915762 -0.012574925524842491 0.0096075924066226902 0.037507185039984882 -0.027778906538649048 0.039539167726831193 -0.002360957769573313 -0.012893994299805507 -0.0091821505147786572 0.0062196224090404709 0.0051551620200029798 0.0032851810118324251 -0.0052955027046106846
leaf_weight=546.48156601935625 543.18751275539398 736.02171178907156 633.14737439155579 170.18026981502771 1275.6098055392504 597.60436326265335 585.29533185809851 163.35545444488525 1322.3835079669952 167.20232391357422 1133.1744469739497 1398.4728187322617 549.97357878088951 169.67162322998047 1183.9358521699905 388.99512767791748 464.75984156131744 3372.3933763504028 254.44989129528403 531.33649128675461 267.760986328125 407.60568237304688 490.81967182457447 450.41430250182748 2107.4282846152782 551.1357507109642 2366.9683704487979 666.71347808837891 516.17708778381348 2682.608506783843 113.73162592947483 1759.3585824966431 123.75379836559296 1392.9234231710434 31.341675758361816 56.247017621994019 213.94141292572021 894.38405418395996 275.55973863601685 291.83576965332031 608.14370614290237 1119.743227481842 824.62026309967041 606.94856739044189 182.43138122558594 91.629630386829376 1903.8573839664459 177.44988775253296 566.76915746927261 1150.3079013824463 300.25375273823738 746.71088027954102 20.608523339033127 32.92909836769104 29.100078463554382 2074.7486690506339 997.79596185684204 302.25002241134644 281.62754416465759 1337.5915374755859 2949.5547856986523 617.43434110283852
leaf_count=13040 4095 4089 3018 2877 6311 2742 3479 5041 6562 2727 9741 6551 8156 775 5213 2616 3069 17325 3295 9333 1448 3641 6438 4477 33570 3671 17360 3165 2530 13012 534 8318 586 6532 148 284 1188 4185 1309 1379 2759 5332 4019 16138 881 454 9104 846 2787 6267 1641 3561 109 169 131 10141 5241 1555 1380 6371 20883 4763
internal_value=-4.50067e-05 0.00103701 0.00222596 -0.00615614 0.00259157 0.00212415 0.00100229 -0.0106733 0.00170576 -0.00338412 -0.00610231 0.00529325 -0.00806565 0.000991029 0.00412294 -0.000107435 -0.00190188 -0.00516938 -0.00539366 -0.00706004 0.00280792 -0.000457507 -0.00451928 -0.00245342 -0.00512623 -0.0025414 -0.000647896 -0.00497888 0.00604552 0.00357627 0.00444809 0.0049552 0.00933457 0.0104695 0.00761318 0.00420591 -0.0034679 0.00918936 0.00616267 -0.00174667 0.0068109 0.00345605 0.0130897 -0.0182382 -0.00511236 -0.00415273 0.00872689 0.00435508 0.00808459 0.0106606 0.00109481 0.00190715 -0.00925169 -0.00739109 0.00543847 0.000188563 -0.00944424 -0.00252488 0.0025044 0.00246847 0.00065846 0.0017938
internal_weight=48770.8 44265.3 34884.5 1457.34 33427.2 31277.4 23096 4505.52 20713.6 9380.81 4863.03 8181.37 3352.09 18479.1 4797.57 13681.5 8469.03 4051.09 4695.83 3188.74 5212.45 4517.78 4441.38 3308.2 2657.4 1287.16 2817.38 836.385 3961.19 4944.69 4555.7 4441.97 2149.82 2026.07 2234.59 1378.63 3586.33 2107.42 7492.14 567.396 6924.74 2518.22 855.962 1153.43 2382.33 689.234 4406.53 1352.36 1174.91 3054.17 4417.93 4097.07 320.862 1797.03 1213.04 3350.36 1482.48 484.681 314.557 1853.77 4110.18 3566.99
internal_count=338362 253084 175664 10637 165027 154891 115361 85278 102656 77420 44038 39530 56100 91643 22370 69273 43345 21582 41311 51059 25928 33382 38016 28275 41726 7760 21837 3940 18430 24480 21864 21330 10136 9550 11013 6846 18513 9529 36334 2688 33646 11883 4167 29178 12705 3196 21763 6392 5546 15371 21763 20013 1750 9226 5344 16452 7677 2436 1549 8901 29741 25646
cat_boundaries=0 1 2 3 4 5 6 7
cat_threshold=1264 197733 11289 16640 18688 20736 12446
is_linear=0
shrinkage=0.035


Tree=82
num_leaves=63
num_cat=5
split_feature=13 45 2 32 16 2 16 48 19 12 39 8 40 22 3 18 7 48 16 22 8 18 26 8 48 32 48 39 23 26 16 22 16 8 25 27 40 18 22 3 8 19 46 29 26 37 40 2 44 11 32 3 6 2 26 48 32 17 29 6 17 46
split_gain=431.766 137.106 128.037 74.2258 74.0204 55.119 54.6845 49.6084 49.175 54.9379 45.4967 44.8328 44.702 43.1747 87.1496 45.8358 40.1236 39.7844 39.5121 70.6303 55.1353 42.6319 45.621 40.9443 39.4813 38.101 50.1992 40.8044 40.6054 40.4451 40.9182 40.6764 37.4465 35.4901 34.9136 32.5991 35.438 46.0021 37.1893 49.538 44.3285 36.1386 44.2647 40.6308 38.0978 33.9825 33.2242 30.592 30.312 29.3265 28.9937 28.9011 28.0429 28.019 29.1801 27.9946 27.6437 29.3602 50.4643 28.4761 27.6323 27.3842
threshold=0.39444444444444454 5.1250000000000009 563.94000000000017 802.53000000000009 0 4.3500000000000005 1 11.500000000000002 1432.9850000000004 48.861666666666672 33.165000000000013 15.500000000000002 17772.450000000001 48.500000000000007 129.50000000000003 12867.354415584417 0.59166666666666679 3.5000000000000004 2 15.500000000000002 19.500000000000004 2663.4285000000004 70.500000000000014 6.5000000000000009 11.500000000000002 3.2500000000000004 2.5000000000000004 163.47000000000003 1.0000000180025095e-35 314.50000000000006 3 9.5000000000000018 4 11.500000000000002 122.88545454545458 1.0000000180025095e-35 310.37833333333339 57.438750000000006 14.500000000000002 64.500000000000014 6.5000000000000009 599.1600000000002 579.13000000000011 207.50000000000003 70.500000000000014 1839.6000000000001 10823.760000000002 29.010000000000002 77.850000000000009 26.820000000000018 337.12000000000006 237.50000000000003 1.650000000000001 3593.52 223.50000000000003 5.5000000000000009 86.480000000000032 11495.540000000001 207.50000000000003 276.14000000000004 4042.2600000000002 336.66000000000008
decision_type=8 10 10 10 9 10 9 2 8 8 10 2 10 2 2 10 10 2 9 2 2 10 2 2 2 10 2 8 2 2 9 2 9 2 8 8 10 8 2 2 2 8 10 2 2 10 10 8 10 10 10 2 10 10 2 2 10 10 2 10 8 10
left_child=1 5 3 6 11 -1 17 13 9 10 52 -5 24 14 18 -15 -3 61 20 21 33 22 -20 -23 35 26 -7 -27 29 30 -28 -32 -10 55 -21 -11 37 -37 39 -38 45 43 -43 47 -45 -40 -46 -42 -18 -31 -49 -9 -8 54 -24 -4 57 60 -59 -58 -36 -2
right_child=2 16 7 4 -6 25 8 51 32 12 -12 -13 -14 15 -16 -17 48 -19 19 34 -22 23 53 -25 -26 27 28 -29 -30 49 31 -33 -34 -35 56 36 38 -39 40 -41 41 42 -44 44 46 -47 -48 50 -50 -51 -52 -53 -54 -55 -56 -57 59 58 -60 -61 -62 -63
leaf_value=-0.0097313529292890298 -0.016494644625593902 -0.019541581196049176 0.014153467947545134 -0.0012133575232156943 0.010040212271581811 -0.01054785007588621 -0.0074727917243177034 0.0091284789407283379 -0.018419511177538019 -0.016721503844991097 -0.015490210611715124 -0.013037593218801923 -0.012726432338998018 0.0077054054739460554 -0.010776666530023862 -0.0067832170272386491 -0.0076042994204905947 -0.0018415417799895171 -0.016992291534855125 0.0016304195783982897 -0.00045080447874931506 0.0048724953220955422 0.0035073160963880693 -0.028623394055390085 0.0077453959744653265 -0.0045577246623635694 0.01195455960015585 -0.02120465979534155 0.0064922349797738319 0.044128392096612255 -0.015821944063847661 -0.0019502036022718292 0.0047390447933809369 0.013551816415190038 0.006806372333989499 -0.0030920963279895308 -0.0021627325716738347 0.01023809287405014 0.0025598238292379128 -0.028830570037666425 -0.0083852755674419834 -0.010663546353994647 0.002205394141065832 7.7282290751286325e-05 0.0089759057688891392 0.01315723041779969 -0.034258600468888498 0.002047654484558565 -0.017472182747099722 0.0040229567554251793 -0.009116246367411894 0.029046144490992923 0.00076402378620739147 0.016342167574968262 -0.0071745699366014557 -0.0036473099952815669 0.0038202244480655153 -0.018649348720110776 0.035451899572717729 -0.022971909150077432 0.016859113741192176 0.0027476331232701686
leaf_weight=1603.0228983368725 413.06841430068016 852.49597883224487 162.26825380325317 592.18384966254234 283.09136581420898 491.71775770187378 665.78621373325586 1245.4221687316895 252.91403961181641 110.86989939212799 302.64411052316427 1167.0516315996647 231.23697662353516 3605.4983510971069 588.09850120544434 288.14852142333984 1359.5896713733673 2847.4321556091309 220.35424864292145 3063.8196613490582 856.51541566848755 62.852238297462463 679.95103959739208 151.6279673576355 1711.9891126155853 1763.5634744167328 190.22922622412443 200.08710098266602 1202.6900253295898 37.515428945422173 327.09350097924471 1230.5333080291748 125.80133265256882 1237.972882270813 781.72302214801311 420.39740717411041 1184.164555311203 1285.1806397140026 744.86890499293804 90.976792812347412 465.03309887647629 637.34389491379261 671.64152431488037 1033.1346330940723 1830.6404180526733 738.04642295837402 21.074776649475098 3438.8013658374548 530.96504330635071 53.702256754040718 309.72939781844616 95.451854705810547 2103.6005424261093 118.24267864227295 579.26001544296741 320.17964553833008 203.1374344676733 95.046186625957489 26.099923670291901 62.794977188110352 588.26827704906464 115.64251214265823
leaf_count=25763 2667 23680 744 3524 1693 5047 6223 6110 1319 1135 2387 8961 1129 17391 2880 1279 27138 16427 971 13381 4029 275 3006 851 8538 18672 1421 2726 7781 316 3361 9625 576 5891 3761 2030 5622 5949 3338 636 3447 3307 2912 5099 8749 3478 117 15969 11218 365 1764 498 12987 587 2706 1563 900 428 111 289 3014 601
internal_value=-4.43439e-05 -0.00659121 0.00161551 1.79393e-05 -0.00636001 -0.00402268 0.000617039 0.00414402 0.00136931 0.00163296 -0.00262877 -0.00900916 0.00251027 0.00351429 0.00227492 0.00663171 -0.0132358 -0.00347045 0.00310939 0.00167031 0.00677881 -0.00421612 -0.00224382 -0.0188305 0.00275089 -0.0023565 -0.000183902 -0.0062639 0.0014944 -0.00177576 -0.00296606 -0.00484042 -0.0110948 0.0104156 0.00388704 0.0020917 0.00225504 0.00695253 0.00153692 -0.00408649 0.00226227 0.00127774 -0.00406384 0.00226319 0.00546262 0.00783946 0.00846562 7.1899e-05 -0.0103835 0.0208169 0.00112303 0.0105669 -0.00121817 0.00012614 -0.00140834 0.00235676 0.00781877 0.00967176 -0.00679887 -0.0025686 0.0111321 -0.0122886
internal_weight=48670.3 9843.21 38827.1 23794.3 2042.33 7100.15 21752 15032.7 18375.9 17997.2 3072.03 1759.24 14925.1 13691.9 9798.21 3893.65 2743.05 3376.14 9210.11 6633.18 2576.94 1812.29 1597.81 214.48 14693.9 5497.13 3533.48 1963.65 3041.76 1839.07 1747.86 1557.63 378.715 1720.42 4820.89 12981.9 12871 1705.58 11165.5 1275.14 9890.31 8407.4 1308.99 7098.41 2884.85 1482.92 1851.72 4213.56 1890.55 91.2177 3748.53 1340.87 2769.39 1377.45 1259.21 482.448 1757.07 1491.14 121.146 265.932 1369.99 528.711
internal_count=338362 137113 201249 130584 14178 75077 116406 70665 96711 94816 21597 12485 73219 64057 45387 18670 62036 19695 42507 30280 12227 8396 7270 1126 72090 49314 27916 21398 22869 15088 14407 12986 1895 8198 21884 63552 62417 7979 54438 6258 48180 41364 6219 35145 13965 6816 8866 21180 38356 681 17733 6608 19210 6299 5712 2307 8503 7314 539 1189 6775 3268
cat_boundaries=0 1 2 3 4 5
cat_threshold=20864 79879 5248 1129 256
is_linear=0
shrinkage=0.035


Tree=83
num_leaves=63
num_cat=7
split_feature=13 46 42 44 24 37 16 47 22 16 16 35 47 16 17 8 22 3 27 26 16 39 30 26 47 3 2 8 22 0 16 32 48 48 22 13 27 51 16 2 48 37 22 49 47 27 23 2 35 3 43 18 33 48 29 18 26 44 46 47 26 18
split_gain=405.065 172.682 94.2876 82.4653 69.8653 54.9547 58.862 54.4421 53.8493 82.4582 57.2707 52.9464 52.366 46.9784 49.4157 44.4341 42.2631 135.187 73.6408 60.8928 55.1159 44.6863 56.0958 40.2919 40.2385 38.914 38.8148 42.7622 38.226 36.6237 35.2627 35.1503 33.991 32.2572 32.0956 34.1583 31.724 31.548 29.2305 29.6568 29.1851 32.1818 28.9709 28.2837 27.91 27.8655 27.5268 26.7952 26.751 36.4435 28.3795 27.6875 26.2888 26.2462 33.29 26.0467 25.9676 25.8323 25.6035 25.4058 25.098 24.9534
threshold=0.24404761904761907 529.6500000000002 1.5000000000000002 102.16000000000001 9.5000000000000018 4221.7200000000012 0 943.11000000000001 4.5000000000000009 1 2 16.500000000000004 inf 3 1.0000000180025095e-35 9.5000000000000018 29.500000000000004 64.500000000000014 19554.750000000004 70.500000000000014 4 145.61000000000004 8578.2800000000025 253.50000000000003 1.0000000180025095e-35 111.50000000000001 1543.4100000000003 18.500000000000004 15.500000000000002 129.64000000000001 5 6036.5700000000006 2.5000000000000004 2.5000000000000004 10.500000000000002 0.8377192982456142 2504.7850000000003 11.93984924527946 6 2838.2150000000006 2.5000000000000004 2274.2800000000002 5.5000000000000009 12.500000000000002 943.11000000000001 1141.9200000000003 1.0000000180025095e-35 4.3500000000000005 25.500000000000004 29.500000000000004 4.5000000000000009 3507.9500000000003 9.5000000000000018 10.500000000000002 253.00000000000003 9753.7154166666678 161.50000000000003 380.63500000000005 1.4650000000000001 310.05000000000007 192.50000000000003 450.0800000000001
decision_type=8 8 2 8 10 8 9 10 2 9 9 2 8 9 8 2 2 2 10 2 9 8 8 2 8 2 10 2 2 10 9 8 2 2 2 10 10 8 9 10 2 8 2 8 8 10 2 10 2 2 2 10 2 2 2 10 2 8 10 10 2 10
left_child=4 2 3 12 13 6 11 30 9 -3 45 -4 40 37 -15 42 17 19 21 20 -12 22 23 43 -16 -9 27 -24 44 -5 -7 -23 -17 -26 -32 61 53 -1 46 -40 -2 -42 -8 -18 -21 -10 -30 -34 51 50 -50 -46 56 54 -19 -38 -37 -31 -43 -49 -6 -36
right_child=1 8 5 29 60 7 15 25 10 -11 16 -13 -14 14 24 32 18 36 -20 28 -22 31 26 -25 33 -27 -28 -29 38 57 34 -33 47 -35 35 52 55 -39 39 -41 41 58 -44 -45 48 -47 -48 59 49 -51 -52 -53 -54 -55 -56 -57 -58 -59 -60 -61 -62 -63
leaf_value=0.010846799344918496 -0.015032859616728962 0.0058061819247345655 0.00078688254043122476 -0.014693816998954407 -0.010345730237269108 0.015909631986883225 -0.014166046289217126 0.0039677605010055494 0.018042786190150189 -0.012053232135794166 0.0078956242347904739 0.013640147700908435 0.0012900531332223665 -0.026300178952071953 -0.017678881165754771 -0.013935516328544199 0.0054222340689903132 -0.01796448372605676 -0.0099434696975599732 -0.0024099984626110415 -0.0086857321803850713 -0.00089869610006420696 0.00064180508288821003 0.012028015584844991 -0.016717792628492916 -0.012731559539729933 0.0040387678727998866 -0.015772053506617353 -0.0011472340025057723 -0.0024549208384488813 -0.0059301603256687015 0.012082677293970218 -0.012440961940381098 -0.0043868998427836923 0.021159474978771037 0.0090740710643541899 -0.021051288230558962 -0.01842612921465233 0.0098327026558565536 0.023715470597221469 -0.0073437825241213991 -0.010175108628004113 0.0034991940516001675 -0.0073726516140431662 0.0076087698417118118 -0.015128259974608087 0.013052284165893621 -0.00064795899963684142 -0.0077667129275903711 0.0098463029688314729 -0.044356075217905265 -0.0080123752345112251 0.014573676580140211 0.0038616956868290937 -0.00023993146909925714 -0.0036036789635730533 0.00029936486821628867 -0.015285176347774359 0.002141459367011257 -0.0057369573933394782 -0.021312717695125414 0.0016044641715601677
leaf_weight=251.7887932062149 320.07676382362843 605.69828794896603 1504.9318242073059 1012.3774772882462 391.32480907440186 271.80893895030022 121.17720972001553 276.83301258087158 473.25475908815861 643.24635936319828 350.04370784759521 530.22612762451172 3172.1976928710938 186.34139139950275 420.91655345261097 396.56519711017609 3258.0717000514269 256.73632001876831 368.54251861572266 855.26521492004395 765.78288722038269 295.21911799907684 439.62050354480743 1200.4984612464905 296.49745234847069 444.27121257781982 893.01525115966797 347.51776027679443 526.74038219451904 831.77876222133636 434.91096940636635 1892.7779159545898 367.41902112960815 2068.8865090608597 80.584843851625919 974.18308148533106 330.40691876411438 53.948113150894642 1230.4796562194824 222.60307121276855 1582.9841092824936 250.88994467258453 1646.5558207631111 225.48639731109142 1765.5008854418993 32.456681951880455 243.94759082794189 3039.1266626417637 83.729544758796692 92.121115326881409 37.016758501529694 150.06057475507259 488.55611038208008 307.03759956359863 261.57538747787476 153.99158477783203 716.96280288696289 249.22580242156982 1152.8603172302246 1987.0147925317287 754.16751098632812 3983.2854741066694
leaf_count=3572 3492 2795 8696 14017 11393 1224 916 1435 2214 4484 1567 2454 16312 4528 9071 2471 14689 1285 1694 3940 3444 1472 2018 5562 4969 2449 4321 1585 2372 5538 2152 9880 3392 27847 367 4232 1651 750 5644 1166 17045 3739 9311 1132 8081 144 1087 16336 387 427 166 751 2157 1419 1157 850 3134 2053 10083 10513 23148 22182
internal_value=-4.33378e-05 0.00096858 -0.000874125 -0.00387445 -0.0101391 0.000615779 -0.00115003 0.00282378 0.0035689 -0.00344425 0.00408252 0.0041204 -0.00192247 -0.00753513 -0.00886166 -0.00257165 0.00371867 0.00180873 0.0053567 0.00392875 -0.00348869 0.00601712 0.00453244 0.00650009 -0.00771818 -0.00632405 -0.000953707 -0.00661565 0.00551848 -0.00991201 0.00377365 0.0103315 -0.00405773 -0.00593897 0.00324874 0.00389416 -0.00842163 0.00546027 0.00899118 0.0118925 -0.00500367 -0.00392421 0.00228093 0.00459216 0.00292811 0.0155807 0.0033155 -0.00332901 0.00507324 -0.00667444 -0.019256 0.0063815 0.00742809 -0.0042398 -0.00903715 -0.0155235 0.0053564 -0.00542433 -6.55366e-05 -0.00266056 -0.0175785 0.00199734
internal_weight=48569.1 44145.2 25836.8 8572.39 4423.87 17264.4 9593.02 7671.4 18308.4 1248.94 17059.5 2035.16 6479.01 3278.38 2972.64 7557.86 16553.8 7633.04 8920.75 6323.29 1115.83 8552.21 6364.21 4684.06 2786.3 721.104 1680.15 787.138 5207.46 2093.38 6950.29 2188 5790.13 2365.38 6678.48 6243.57 1309.75 305.737 2223.77 1453.08 3306.81 2986.73 1767.73 3483.56 2983.69 505.711 770.688 5393.56 2128.43 212.867 120.746 1915.56 2179.7 825.349 518.312 484.399 1691.15 1081 1403.75 5026.14 1145.49 4063.87
internal_count=338362 253084 165700 72279 85278 93421 54089 39332 87384 7279 80105 11150 50671 50737 46415 42939 77747 35394 42353 29032 5011 40659 29307 21383 41887 3884 7924 3603 24021 21608 35448 11352 32712 32816 34224 32072 6362 4322 10269 6810 34359 30867 10227 15821 13752 2358 3459 30241 9812 980 553 8832 9523 3861 2442 2501 7366 7591 13822 26849 34541 22549
cat_boundaries=0 1 2 3 4 5 6 7
cat_threshold=1272 1113 1160 1125 4192 9328 18432
is_linear=0
shrinkage=0.035


Tree=84
num_leaves=63
num_cat=7
split_feature=45 46 8 22 16 7 7 44 2 16 22 3 8 48 24 32 23 40 32 49 18 39 22 3 19 4 22 44 22 22 18 41 40 16 37 48 41 29 16 14 35 19 3 41 16 16 22 33 27 16 3 19 46 19 12 35 17 3 18 8 41 20
split_gain=380.525 172.078 85.5812 70.6216 83.4968 69.4973 67.5547 61.6036 60.1368 63.5582 69.3494 61.2201 60.874 65.6843 44.202 40.2861 39.3445 36.6334 41.6494 48.4686 36.1671 47.0544 42.7742 61.5682 44.4576 48.5905 37.6271 36.1389 36.1098 35.4994 41.7445 34.2842 34.1272 40.4544 35.4898 33.6438 33.5299 33.3519 32.4789 31.5492 31.1162 36.0425 30.1067 29.3859 51.7336 29.3137 29.2484 28.1315 27.3998 26.632 29.3367 26.1013 29.9437 26.0579 41.4604 76.8171 26.0211 25.3665 26.4384 25.281 29.8751 24.4972
threshold=4.1000000000000005 120.62000000000002 14.500000000000002 1.5000000000000002 0 0.82575757575757591 0.5634920634920636 72.060000000000016 1982.3400000000004 1 14.500000000000002 77.500000000000014 19.500000000000004 11.500000000000002 11.500000000000002 307.82000000000011 0.68301270189221941 868.63833333333343 7.2400000000000011 9.5000000000000018 12867.354415584417 403.35000000000008 51.500000000000007 58.500000000000007 1994.9635714285719 33.035000000000004 25.500000000000004 20.205000000000002 2.5000000000000004 8.5000000000000018 859.31000000000006 1276.9200000000003 310.37833333333339 2 123.21000000000001 2.5000000000000004 8026.2000000000007 192.00000000000003 3 20.500000000000004 26.500000000000004 1291.0786363636366 19.500000000000004 18738.880000000001 4 5 5.5000000000000009 9.5000000000000018 13395.420000000002 6 237.50000000000003 1291.0786363636366 951.67000000000019 756.2850000000002 333.88500000000005 13.500000000000002 9353.6000000000004 107.50000000000001 4652.3057142857151 14.500000000000002 2281.9300000000003 1.2067955732250455
decision_type=10 8 2 2 9 10 10 8 10 9 2 2 2 2 10 8 2 10 10 10 8 10 2 2 10 10 2 10 2 2 10 10 10 9 8 2 10 2 9 2 2 8 2 8 9 9 2 2 8 9 2 10 10 10 10 2 10 2 10 2 10 10
left_child=1 2 5 4 -3 15 -2 46 9 39 11 40 13 16 27 -1 20 -18 36 -20 22 -22 23 31 25 -24 -25 49 38 30 -10 -12 34 -34 -30 -17 42 45 -7 -5 41 -11 -19 -14 51 61 -4 -31 57 -8 -51 52 -45 -35 55 -55 59 -28 -59 -15 -61 -37
right_child=6 3 7 8 -6 28 14 -9 29 10 12 -13 43 56 -16 35 17 18 19 -21 21 -23 24 26 -26 -27 48 -29 32 47 -32 -33 33 53 -36 37 -38 -39 -40 -41 -42 -43 -44 44 -46 -47 -48 -49 -50 50 -52 -53 -54 54 -56 -57 -58 58 -60 60 -62 -63
leaf_value=-0.012612031559077206 -0.01913689739982433 -0.024656914410939392 -0.012842976121415096 0.0025879355234908305 0.00098948991724249298 -0.022735402761640704 0.0074514494278493625 -0.012238692723030114 0.0073581659599543546 -0.0025311045981944889 0.0024634895001801995 -0.01751912854638852 0.00028438777007378549 0.015459689786308472 -0.01854076075713397 -0.015246768059657091 -0.011127118670260719 -0.016699309085887241 -0.010625020609821541 0.005425628541305209 -0.014954893186877928 0.0088826710258905622 0.0023658786617123582 -0.01231869422375392 -0.013476206209521266 0.010178380579244282 0.0011229213612424177 -0.010058010488860014 -0.00044237990352972176 0.0062850042112914872 -0.014887119109920119 0.013615278124641316 -0.006298731406414312 0.0012714128374180574 0.011132166962747493 0.034132393349365131 -0.0093949746541800994 0.0041466878703374276 -0.0031238435099406161 0.011106506356501457 -0.016674930095262244 0.0051424928885365501 0.010736858211972466 -0.011504506913137667 0.0029601899600111815 -0.0087817659906427366 -0.0011043247235570555 0.014606882219638335 -0.03194150549608283 -0.0062891597310261588 0.021148885533036042 -0.02163616479402887 0.021643277424734139 -0.010133364084636881 0.0088226063425774198 0.13515169312537692 -0.0084341061007480889 -0.0017216576614568415 -0.012640731167300929 0.00079904932560291694 0.015319919371690541 -0.0025718135256787371
leaf_weight=753.23644723929465 862.33783483505249 243.86765098571777 306.73996448516846 892.91651272773743 404.94860601425171 115.51928472518921 279.49940073490143 1548.1790313720703 216.7140993475914 3211.6190524250269 2075.1418984979391 304.59652757644653 1271.6209617704153 761.69563984870911 422.93003845214844 233.8675235658884 152.27524089813232 49.308493211865425 319.77042602002621 817.70973587036133 343.10538133978844 143.06867218017578 2744.5933637991548 447.38674169778824 162.1681022644043 1512.4931659325957 2124.5637737214565 1453.5657942295074 536.38633978366852 3155.7359094619751 195.77824068069458 402.52114951610565 919.6933479309082 5175.8854530118406 820.26079154014587 37.574678808450699 113.05450749397278 761.20858192443848 631.67688703536987 1321.5760631561279 154.70530717074871 977.11297333240509 2097.2751616835594 211.34101730585098 333.3037691116333 655.60847958177328 1678.2778196334839 590.90071773529053 34.925282508134842 858.8091813325882 49.575310230255127 301.05967646837234 38.662016034126282 8.1094892062246799 84.859988301992416 8.5608768463134766 88.79291820526123 869.00832998752594 394.43188095092773 454.47739446163177 279.92034089565277 52.412844188511372
leaf_count=10881 23687 3445 3050 4041 2629 1193 4111 15878 984 15752 9703 2078 6480 3605 13197 2821 691 211 1639 3999 1804 729 13499 2360 782 7054 10307 23506 3489 15783 947 1946 6139 31156 4466 339 517 5302 4931 6100 810 4555 9184 1032 1566 6268 12620 3081 176 14021 856 1461 182 74 473 73 439 4335 2021 2152 1396 356
internal_value=-4.23585e-05 0.000878512 -0.00228043 0.00237656 -0.00903744 -0.000732667 -0.0104857 -0.00700773 0.00262734 0.00198851 0.00144465 -0.0023772 0.00240347 0.00313084 -0.00804574 -0.00585493 0.00240539 0.00561784 0.00637148 0.000908072 0.00139176 -0.00793627 0.00181365 -2.70916e-05 0.00445716 0.00514331 -0.00278474 -0.00635897 0.000806766 0.00652827 -0.00321042 0.00427997 0.00153305 0.000431928 0.00655891 -0.00292538 0.00912009 -0.00100416 -0.00652782 0.00763993 -0.00131154 -0.000740271 0.0100991 -0.00312415 -0.00802004 -0.00626138 -0.00292382 0.00760104 -0.00153539 -0.00182795 -0.00471823 -0.0144466 -0.00631252 0.00161472 0.0190906 0.0679023 0.00990067 -0.00121262 -0.00513777 0.0109937 0.00634708 0.0116775
internal_weight=48468.9 44542.2 14328.1 30214.1 648.816 10794.9 3926.72 3533.2 29565.3 25406.2 23191.7 4648.03 18543.7 16387.7 3064.38 2493.91 14802.8 3549.39 3397.12 1137.48 11253.4 486.174 10767.2 6347.98 4419.25 4257.09 3870.32 2641.45 8300.95 4159.13 412.492 2477.66 7553.76 6197.11 1356.65 1740.67 2259.64 1506.8 747.196 2214.49 4343.44 4188.73 2146.58 2155.99 884.366 745.596 1985.02 3746.64 3422.93 1187.88 908.384 551.063 250.003 5277.42 101.53 16.6704 1584.89 3388 1263.44 1496.09 734.398 89.9875
internal_count=338362 258984 109509 149475 6074 77961 79378 31548 143401 122606 112465 23195 89270 78549 55691 25967 70957 16241 15550 5638 54716 2533 52183 30848 21335 20553 19199 42494 51994 20795 1931 11649 45870 37915 7955 15086 9912 12265 6124 10141 21117 20307 9395 10721 4241 6963 15670 18864 16839 18988 14877 2675 1214 31776 620 147 7592 16663 6356 7153 3548 695
cat_boundaries=0 1 2 3 4 5 6 7
cat_threshold=151936 1272 6208 148872 4352 1139 132197
is_linear=0
shrinkage=0.035


Tree=85
num_leaves=63
num_cat=7
split_feature=13 2 22 41 16 22 2 40 52 19 27 8 35 48 22 48 26 33 22 16 17 46 8 3 16 48 32 16 22 18 40 18 22 40 48 3 19 16 32 42 12 16 27 4 49 26 37 16 35 8 48 18 18 39 27 8 11 24 8 41 3 17
split_gain=357.79 154.42 70.1215 96.8318 68.1288 77.6379 84.7922 83.049 66.113 59.8977 59.6669 53.7611 50.4462 45.0018 42.5244 42.1339 53.2283 54.6549 55.6433 36.1899 45.7043 36.0598 37.4388 35.9368 35.5461 35.1076 37.8441 57.105 34.9276 51.8501 45.4677 34.771 34.7996 34.1736 33.6924 31.1462 31.8542 30.4471 69.5237 30.2333 30.1362 30.0345 29.5883 31.6898 29.5152 32.8414 38.3277 29.2332 29.167 28.3785 28.315 28.1869 28.0608 27.1914 27.1864 27.0734 27.918 26.6717 25.9325 25.9302 25.2036 24.4149
threshold=0.24404761904761907 57.895000000000003 2.5000000000000004 652.5250000000002 0 12.500000000000002 672.21000000000015 2493.3000000000002 11.500000000000002 819.42300000000012 1.0000000180025095e-35 19.500000000000004 6.5000000000000009 2.5000000000000004 29.500000000000004 2.5000000000000004 161.50000000000003 8.5000000000000018 63.500000000000007 1 24.980000000000004 579.13000000000011 20.500000000000004 19.500000000000004 2 11.500000000000002 1821.1500000000003 3 45.500000000000007 12867.354415584417 8043.4800000000005 3976.1400000000003 31.500000000000004 3624.2000000000003 3.5000000000000004 64.500000000000014 1291.0786363636366 4 4182.420000000001 3.5000000000000004 8.5375000000000014 5 13395.420000000002 145.14000000000001 13.500000000000002 55.000000000000007 60.780000000000008 6 25.500000000000004 15.500000000000002 4.5000000000000009 929.11125000000015 6453.9900000000007 17.320000000000004 1536.9200000000003 15.500000000000002 693.06000000000017 10.500000000000002 2.5000000000000004 2456.0999999999999 45.500000000000007 872.80000000000007
decision_type=8 10 2 10 9 2 8 10 2 10 8 2 2 2 2 2 2 2 2 9 8 10 2 2 9 2 10 9 2 10 10 10 2 10 2 2 10 9 8 2 10 9 10 10 10 2 10 9 2 2 2 10 10 10 10 2 10 10 2 10 2 10
left_child=8 10 3 41 33 7 9 34 13 28 23 15 -11 -1 24 -12 58 61 40 -15 -21 47 37 -2 -10 26 42 -28 30 -30 55 57 -33 44 51 36 -36 -23 -39 -9 -19 50 43 -8 45 -4 -47 -14 -38 -27 -3 -6 -44 -54 -16 56 -7 -22 -17 -37 -42 -18
right_child=1 2 4 -5 5 6 25 39 14 12 11 -13 21 19 54 16 17 18 -20 20 31 22 -24 -25 -26 49 27 -29 29 -31 -32 32 -34 -35 35 59 48 38 -40 -41 60 -43 52 -45 -46 46 -48 -49 -50 -51 -52 -53 53 -55 -56 -57 -58 -59 -60 -61 -62 -63
leaf_value=-0.016786338480919014 -0.010174308763839998 -0.012337661999174175 -0.0013390650387597931 -0.031285367520555038 -0.017641450502692276 0.0015442512502880693 0.0043641023039232346 -0.021273395924060457 -0.026185377042240714 0.019550876936205039 -0.0092694790229954672 -0.012776317327882498 -0.012054361353949073 0.0087489554804624069 0.019860814797745392 -0.0071931241610069816 -0.0016414674480687908 -0.018662502944775259 0.0090501058508436483 -0.023344155181178251 -0.0011247448058026386 0.0051459496411866866 -0.016919767135505144 -0.034915966972888374 -0.01230165955827411 0.021417567862226903 -0.012742164500798321 0.0047654359156472153 0.0044441668763047929 -0.012169808100556298 -0.013116080077107255 -0.024131486110130763 -0.0056066966505775471 -0.051322775646196826 -0.0011424322797223834 -0.0031068821005855577 0.0084579480585808015 0.014552132923539787 -0.014373192605335462 -0.00088622292722442483 0.0029432695153994992 -0.010133175417337856 -0.037719451470478449 0.0092171314312584872 -0.0041300470889050651 0.0067996873090536173 0.016810468629334663 0.0076667500836866843 -0.0091578147135178839 0.0075582550249498528 0.0051537045577452964 0.00090480977467153343 -0.030988790013159045 0.0011509299934625264 -0.0099136065546222389 -0.0036951128881241102 0.017188999902312447 0.039258215425712902 0.003071841732637253 -0.028759534130349922 -0.0055589071288574448 -0.009269578650910066
leaf_weight=402.92922534234822 307.67137572169304 138.66199988871813 293.81421002745628 160.62961869686842 246.12377882003784 4259.3695320002735 6159.1130565740168 356.71328663825989 501.31444549560547 105.68477928638458 812.00838449597359 561.98786088824272 896.11920547485352 232.50474315881729 38.847954273223877 329.23823285102844 730.1096687912941 134.841218277812 658.2635612487793 162.70913167670369 1138.0842602271587 738.98040628433228 167.24958622455597 93.470081120729446 541.95722770690918 261.3627296090126 370.00093078613281 560.32733869552612 5907.399730682373 238.49351119995117 304.24763011932373 169.68936245143414 459.79372501373291 10.833978414535521 2174.1633820533752 128.94147062301636 923.70942258834839 141.83933532238007 353.75429606437683 118.78457689285278 810.28568018972874 380.56715321540833 25.212192535400391 2251.9659436568618 211.34080109000206 1062.1921124011278 840.62560568749905 98.264259159564972 130.68050098419189 590.13110584020615 601.5860710144043 168.90311551094055 33.22641895711422 556.60861541330814 679.5093092918396 1296.2493923828006 143.48432570695877 19.393837744370103 3467.5285873413086 76.422524213790894 901.09147542715073 1739.4170592427254
leaf_count=7625 3454 822 1366 2832 1301 20900 28379 2048 13594 490 7160 6532 4922 3232 840 2034 6244 1973 5063 3601 16214 3306 831 1887 13279 1305 1717 2685 28735 1321 1665 2836 7371 49 10458 755 4315 656 1606 539 5902 2520 111 11667 1029 4841 3937 539 601 2986 3255 827 157 2601 16124 6963 659 562 23034 571 7908 15626
internal_value=-4.18289e-05 0.000903996 0.00206724 -0.00595894 0.0023868 0.00192534 0.00266246 -0.00240944 -0.00962045 0.000927498 -0.00278919 -0.00226482 -0.00400296 -0.00605343 -0.0148485 -0.0016471 -0.00094043 -0.00332232 0.000321079 -0.00406486 -0.00561274 -0.00504953 -0.0014312 -0.0160119 -0.0193603 0.00501405 0.0044298 -0.00228937 0.00194307 0.00379758 4.42157e-05 -0.00401747 -0.0106308 0.00802467 -0.000702862 0.000436666 0.0012789 0.000679058 -0.00596205 -0.016193 -0.00279444 -0.00230463 0.00512252 0.00566438 0.00834619 0.00954788 0.0112288 -0.0101439 0.00626805 0.0118325 0.0018402 -0.0101097 -0.00228485 -0.00070894 -0.00827807 0.000748958 0.00205788 -0.000414814 0.00218005 -0.0127462 -0.00153401 -0.00701592
internal_weight=48376.4 44029.7 33483.8 1281.44 32202.3 29783.5 25459.1 4324.44 4346.73 14651.1 10545.9 10144.8 2501.89 2585.1 1761.63 9582.78 8770.78 4974.01 2504.48 2182.18 1949.67 2396.21 1401.82 401.141 1043.27 10807.9 9956.45 930.328 12149.2 6145.89 6003.35 1786.96 629.483 2418.81 3848.94 3433.92 3228.55 1234.57 495.594 475.498 1846.22 1120.82 9026.13 8411.08 2407.97 2196.63 1902.82 994.383 1054.39 851.494 740.248 415.027 615.047 589.835 718.357 5699.1 4402.85 1157.48 3796.77 205.364 1711.38 2469.53
internal_count=338362 253084 166267 9429 156838 145616 124201 21415 85278 72593 86817 81476 12350 41441 43837 74944 67784 42716 20846 33816 30584 11860 6399 5341 26873 51608 47317 4402 60243 30056 30187 26983 10207 11222 18828 16700 15374 5568 2262 2587 15783 6597 42915 40046 11173 10144 8778 5461 4916 4291 4077 2128 2869 2758 16964 28522 21559 16776 25068 1326 13810 21870
cat_boundaries=0 1 2 3 4 5 6 7
cat_threshold=1272 1133 20872 16384 151552 76873 20736
is_linear=0
shrinkage=0.035


Tree=86
num_leaves=63
num_cat=10
split_feature=0 17 2 7 45 8 18 48 23 33 16 22 16 22 44 16 27 8 48 22 40 16 16 32 16 22 40 18 8 30 26 41 8 8 52 37 47 16 35 38 16 7 26 40 16 40 41 16 39 37 19 2 41 37 44 40 18 18 37 1 18 41
split_gain=339.417 157.036 119.394 82.0256 76.3022 65.4751 60.9296 52.8211 69.2268 86.9853 74.0143 70.3318 62.4883 50.6296 49.4129 48.3313 47.9085 47.8272 44.9017 40.3659 64.7233 40.3846 40.1616 45.1653 40.609 40.0514 45.231 38.8548 36.7136 55.5377 34.7841 34.5844 41.4304 36.3378 37.1608 34.5616 34.3174 34.1658 52.2276 45.3222 33.792 32.5001 31.4141 31.2429 64.199 55.0178 50.2154 30.9462 29.8274 29.2185 29.1808 28.4637 34.1141 28.1216 27.9051 27.8916 27.4881 27.0174 26.5314 26.0666 25.8182 39.9508
threshold=19.953333333333337 1.0000000180025095e-35 616.59000000000003 0.47727272727272735 5.5833333333333348 19.500000000000004 370.30641666666673 3.5000000000000004 0.25000000000000011 8.5000000000000018 0 5.5000000000000009 1 63.500000000000007 102.16000000000001 2 13395.420000000002 10.500000000000002 11.500000000000002 12.500000000000002 3136.9200000000005 3 4 1821.1500000000003 5 39.500000000000007 6025.0800000000008 12867.354415584417 6.5000000000000009 671.13000000000022 177.00000000000003 3901.5650000000005 13.500000000000002 19.500000000000004 8.5000000000000018 9005.3000000000011 368.07000000000005 6 23.500000000000004 336.62000000000006 7 0.91287878787878796 161.50000000000003 3624.2000000000003 8 959.01333333333343 8026.2000000000007 9 12.975000000000001 11049.300000000001 819.42300000000012 71.660000000000025 4411.8000000000002 1839.6000000000001 1423.2 2858.5200000000009 3713.3400000000001 450.0800000000001 21617.460000000003 27.510000000000002 3507.9500000000003 2106.1800000000007
decision_type=10 8 10 8 10 2 10 2 2 2 9 2 9 2 8 9 10 2 2 2 10 9 9 10 9 2 10 10 2 10 2 10 2 2 2 10 8 9 2 10 9 10 2 8 9 10 10 9 10 10 10 8 10 8 8 10 10 10 8 8 10 10
left_child=3 6 4 -1 5 7 40 12 9 10 36 57 28 35 51 -7 43 48 19 20 21 -4 -21 25 -25 26 58 31 29 -3 -19 33 -33 34 42 59 -9 -35 39 -39 -2 -15 -27 44 -10 47 60 -46 -5 -16 -30 -13 -53 -45 -28 -48 -44 -12 -24 -11 61 -47
right_child=1 2 18 17 -6 15 -8 8 16 13 11 14 -14 41 49 -17 -18 30 -20 22 -22 -23 23 24 -26 27 54 -29 50 -31 -32 32 -34 37 -36 -37 -38 38 -40 -41 -42 -43 56 53 45 46 55 -49 -50 -51 -52 52 -54 -55 -56 -57 -58 -59 -60 -61 -62 -63
leaf_value=-0.018141902562214995 0.0018530491322296459 -0.0025075768292790426 0.0092911830398922576 -0.00053689524169239691 -0.0094661272129976607 0.0063014558607083814 -0.031445127734828292 -0.00081329902152258099 0.008295325526639875 -0.0058940944200309795 -0.010551359172661558 -0.0045862625361581203 -0.011788817493514245 -0.0056100302711694318 -0.0058704792003075488 -0.0080877432708299102 -0.014129236411957916 -0.0051995327816812681 0.0099013361775013402 0.010765408524522005 -0.018528374584297489 -0.0012471918119607254 0.0010656402127564252 -0.012095734030052667 0.0030760656780546868 0.013478315394031231 -0.013299475209072469 -0.0052438806043063049 -0.00072041463396939093 0.026173629122104601 -0.014622558440808481 0.0027889189089692124 0.016672787038304888 0.0084407479580907111 -0.0039907855567428863 -0.010211770091267921 0.013866016633677937 -0.0099193406510384198 0.033232929559799208 -0.053368347979159625 -0.016416641692839594 0.01090844478884497 -0.0026638328310663434 -0.03353609809457446 -0.0013093161265809454 0.0034734588099429352 -0.0015782526560404644 -0.017355415875578425 -0.0095964538917029107 -0.025946548759327819 -0.012442011114696774 -0.00039054798051268113 0.0091677614514659462 0.0094514599558269338 0.0079618967137978346 -0.038162154571201874 0.0080561008475507935 -0.032044277420318686 0.0077284082610467398 0.0030432567171969709 0.0093909151795860853 -0.012224242312626055
leaf_weight=904.08170671202242 217.4415697157383 186.90505923330784 554.87397882342339 1623.6901487112045 1031.2919094748795 336.00621974468231 204.66327551007271 335.07200841605663 1955.7202627211809 442.17388792335987 159.09322770312428 1392.8944239169359 797.33954413048923 164.75145530700684 2553.5097171366215 1727.6594839375466 167.11917877197266 852.38867509365082 1325.2774047851562 1007.7835502624512 224.66722327470779 2086.4574110209942 2628.0090620517731 405.19033813476562 445.60612773895264 922.36748859286308 356.37806940078735 330.3061261177063 2022.4264566898346 147.12338744103909 1101.9644498825073 387.46244883537292 823.61868000030518 184.24663543701172 338.03671944141388 293.13504028320312 465.64094924926758 257.43591177463531 29.521408915519714 32.335939168930054 283.69546490907669 1238.6639633178711 393.98874081671238 17.901907920837402 308.52501106262207 1366.9683735817671 47.294286727905273 286.83170016109943 612.41793179512024 91.118072509765625 297.60844397544861 2301.0066823810339 569.87792673707008 1630.3881344795227 95.191480159759521 54.701211452484131 1137.7218907028437 131.6405714713037 1014.0715770721436 4086.2724001854658 666.69465112686157 231.34359662234783
leaf_count=22631 2399 1226 2654 17001 20810 1822 4434 2243 10247 3256 967 9861 5269 1301 15620 11579 918 12274 6782 5010 1395 10183 12193 2019 2179 4529 1930 1582 12371 757 19439 1906 4111 921 1612 1941 2252 1258 151 172 4429 6342 1897 108 1562 6339 305 1539 9000 747 1578 11439 2965 8239 459 339 5701 1332 4671 23040 3730 1396
internal_value=-4.15393e-05 0.000966345 0.00123852 -0.0085848 -0.000130812 0.000233196 -0.0153957 0.000739384 0.00140012 1.60889e-05 -0.00239811 -0.0035206 -0.0032721 0.00311851 -0.0028142 -0.00575163 0.00432352 -0.00651904 0.0037525 0.00315505 -0.000536987 0.000999764 0.00413575 0.00343714 -0.00426109 0.00417477 0.00162636 0.00633074 -0.000663119 0.0101655 -0.0105175 0.00718004 0.0122369 0.00531861 0.00687902 0.00141478 0.00763463 -0.00333027 -0.0100767 -0.0149347 -0.00879162 0.00896667 0.00837729 0.00479523 0.00339636 0.000131962 0.00252522 -0.00936914 -0.00302128 -0.00657173 -0.00222875 -0.000482589 0.00150933 0.00896453 -0.00880986 -0.0213786 0.00529877 -0.0203596 0.00292238 0.00216947 0.00361059 0.00119511
internal_weight=48285.6 43191 42485.2 5094.54 27504.7 26473.4 705.8 24409.7 20958.3 14224.9 7999.85 7199.14 3451.4 6225 6908.41 2063.67 6733.49 4190.46 14980.5 13655.3 2866 2641.33 10789.3 9781.49 850.796 8930.69 4093.65 4837.04 2654.06 334.028 1954.35 4506.74 1211.08 3295.65 2792.11 4821.58 800.713 503.54 319.293 289.772 501.137 1403.42 2454.08 6566.37 4918.08 2962.36 2367 595.357 2236.11 2644.63 2320.03 4263.78 2870.88 1648.29 451.57 101.995 1531.71 290.734 3642.08 4528.45 2265.01 1598.31
internal_count=338362 258017 246755 80345 173440 152630 11262 139229 118028 83306 47426 42931 21201 35880 40632 13401 34722 57714 73315 66533 14232 12837 52301 47291 4198 43093 19253 23840 15932 1983 31713 22258 6017 16241 13739 28237 4495 2502 1581 1430 6828 7643 12127 33804 25457 15210 12109 3101 26001 16367 13949 24265 14404 8347 2389 644 7598 2299 16864 26296 11465 7735
cat_boundaries=0 1 2 3 4 5 6 7 8 9 10
cat_threshold=74857 22000 3208 1152 4224 16384 16384 133149 134368 77848
is_linear=0
shrinkage=0.035


Tree=87
num_leaves=63
num_cat=5
split_feature=2 22 16 46 50 49 16 48 26 26 22 3 43 32 28 16 22 3 27 26 26 26 39 30 26 18 16 8 48 33 18 18 37 18 16 2 8 30 32 37 40 25 22 40 49 48 22 27 40 7 22 8 38 1 35 47 22 18 8 19 22 35
split_gain=322.369 145.697 143.203 112.836 71.2083 68.2907 63.9559 55.9351 50.3602 67.0736 44.8155 70.2998 56.4011 44.0023 64.1086 43.7611 154.357 65.4882 57.0678 55.1331 49.5785 48.4262 43.8222 52.9686 45.0892 43.7284 43.4656 38.2175 38.1572 36.197 35.6082 35.3063 40.6718 37.6394 41.1185 35.2155 38.7464 33.9307 33.7565 32.8656 32.0417 30.5907 30.0834 29.6004 27.6551 27.1221 26.8479 26.5605 26.3334 25.8663 25.803 25.5199 25.4001 31.5718 35.2569 27.636 25.3758 26.0492 25.1099 32.8966 24.4907 23.7485
threshold=4.3500000000000005 1.5000000000000002 0 529.6500000000002 0.37267799624997611 14.500000000000002 1 2.5000000000000004 314.50000000000006 161.50000000000003 52.500000000000007 45.500000000000007 1.5000000000000002 inf 419.44000000000011 2 29.500000000000004 49.500000000000007 19554.750000000004 70.500000000000014 100.50000000000001 238.50000000000003 145.61000000000004 8578.2800000000025 253.50000000000003 5655.8175000000019 3 12.500000000000002 9.5000000000000018 4.5000000000000009 121.26791666666669 6098.1750000000011 21617.460000000003 1544.3600000000001 4 1543.4100000000003 18.500000000000004 7627.2600000000011 6036.5700000000006 6916.9500000000007 241.37500000000006 36.634090909090915 15.500000000000002 3136.9200000000005 12.500000000000002 10.500000000000002 8.5000000000000018 3638.7200000000007 1.0000000180025095e-35 0.91287878787878796 18.500000000000004 12.500000000000002 289.71000000000009 5337.0000000000009 6.5000000000000009 1284.3000000000002 16.500000000000004 4391.5800000000008 10.500000000000002 116.17500000000003 78.500000000000014 23.500000000000004
decision_type=10 2 9 8 8 8 9 2 2 2 2 2 2 8 8 9 2 2 10 2 2 2 8 10 2 10 9 2 2 2 10 10 8 10 9 10 2 10 8 10 10 10 2 10 10 2 2 10 10 10 2 2 8 8 2 10 2 10 2 10 2 2
left_child=4 2 29 5 26 6 30 39 9 13 11 46 56 14 -9 31 17 19 22 47 -19 -22 23 24 44 -23 48 -7 -12 -2 -3 33 -33 34 42 36 -25 -35 -24 -8 -32 -16 -5 -10 -18 -29 -11 -17 -1 -30 -14 -21 55 -54 -55 -15 -13 -58 59 -6 -51 -39
right_child=1 3 -4 15 58 27 7 8 43 10 28 12 50 52 41 16 18 20 -20 51 21 25 38 35 -26 -27 -28 45 49 -31 40 32 -34 37 -36 -37 -38 61 -40 -41 -42 -43 -44 -45 -46 -47 -48 -49 -50 60 -52 -53 53 54 -56 -57 57 -59 -60 -61 -62 -63
leaf_value=-0.033474985610944336 -0.0083849182961549477 0.0034008733716824882 -0.0028739870695375768 0.00046845206700373639 -0.0052475547707523168 0.00079259032063329587 -0.0083303318062279957 0.0035357740303137365 0.0036554118357868888 -0.0053686708503946738 -0.0023247444943388759 -0.027448623997356213 -0.012561156369597586 0.0077563452164519896 -0.0031807466952392307 -0.010164700422333023 0.0047043237943754064 0.0024338072926790885 -0.0087865993610847081 0.0099151660047504357 -0.018196731195329292 -0.0011676700085224599 -0.001226347071530064 0.00015601801569475868 0.011780020358204319 -0.021950513876741847 -0.0211115896689246 -0.012265936254131233 -0.0063631142887057178 -0.033032423454787331 0.021134714502500391 -0.015602453672902089 0.0099774509961202251 0.0059499150933096613 0.011616435160523608 0.0034257637801136226 -0.015471431909125725 0.018508952703528141 0.011556399230640941 0.0010665880876998932 0.0035292327494609922 -0.01515648825063534 0.0098432185265792255 0.017791355516002891 -0.0080168814024489023 -0.0029688984325847399 0.0023094608151554719 0.031825008036167363 -0.0082077926181797281 0.0028259010106304961 -0.0028432480978247267 0.0007292609555702396 -0.0020131713133051104 -0.001294744728466922 0.014189286799564698 -0.010074735022721945 -0.0075073128428760176 -0.022953894307699067 -0.0095460254473308248 0.0061719570906847571 0.011962897853153713 0.0030133471682985882
leaf_weight=52.412534607574344 95.138234376907349 1106.9464714750648 1078.9684629440308 2012.3455476760864 1601.2259927690029 724.08633443713188 1520.2476991787553 1728.6880348920822 459.42382580041885 768.38281744718552 1819.9271123409271 169.40867841243744 409.01717513799667 2463.0429883897305 827.88406324386597 540.91899672150612 3226.7330288887024 414.43974113464355 358.87753295898438 573.85288740694523 667.6348762512207 619.9643702507019 293.37929248809814 440.69259071350098 1190.3225154876709 154.07246255874634 691.63123893737793 1045.1068988144398 214.62855529785156 324.74025797843933 329.97308000922203 187.8821873664856 126.69057846069336 826.57567667961121 773.16418600082397 888.00035858154297 346.6618709564209 715.43764781951904 1832.7919082641602 650.77744674682617 205.87117093801498 381.29366540908813 528.72730541229248 299.66730111837387 222.96625185012817 608.94210433959961 2028.3184772133827 18.150819778442383 985.54300427436829 867.60688054561615 1827.9103822112083 1042.6134707778692 1139.4325323104858 323.88702201843262 404.45532417297363 110.45361748337746 444.54589748382568 191.37735366821289 1150.7682987451553 381.9776876270771 613.47863733768463 146.34132862091064
leaf_count=1784 993 6718 10770 9355 17065 7328 10716 13068 2765 4986 10987 2151 3199 12127 6965 2452 14785 2078 1708 2556 3613 3171 1539 2055 5637 1048 18749 9889 1771 6782 1661 1030 682 3842 3643 4372 1624 3618 9829 4262 1028 2376 2438 1711 1159 5658 11271 89 24180 4693 10488 4832 5194 1361 1753 604 3914 1800 13238 3284 3198 720
internal_value=-4.08989e-05 0.000918142 -0.0098001 0.00130238 -0.0085841 -0.000288818 0.000339162 -0.000216843 0.000440782 4.05533e-05 -0.00192742 -0.00380695 -0.00748818 0.00253529 -0.000787689 0.00337881 0.00226613 -0.00340298 0.00486593 0.000717589 -0.00823045 -0.0112957 0.00544731 0.00398301 0.00590874 -0.00532749 -0.0142836 -0.00591292 0.0011944 -0.0268431 0.00694955 0.0060475 -0.00530147 0.00677415 0.00460497 -0.00135079 -0.00673544 0.011027 0.00979283 -0.00551436 0.0143899 -0.0069665 0.0024127 0.00925194 0.00388002 -0.00884707 0.000198759 -0.00874707 -0.00942397 0.00497047 -0.00462496 0.00399441 0.00473309 0.00162491 0.00731135 0.00698743 -0.0154256 -0.0121846 -0.00543509 -0.00304608 0.00661604 0.0158841
internal_weight=48196.4 43332.9 1498.85 41834 4863.56 23684.8 21306.6 19663.9 17492.8 16733.7 9354.6 5838.96 3042.26 7379.14 2937.87 18149.2 12832.1 4031.65 8800.43 2175.54 1856.11 1441.67 8441.55 6315.38 4640.02 774.037 1729.59 2378.14 3515.64 419.878 1642.79 5317.16 314.573 5002.59 3314.24 1675.35 787.354 1688.35 2126.17 2171.03 535.844 1209.18 2541.07 759.091 3449.7 1654.05 2796.7 559.07 1037.96 1695.71 2236.93 1616.47 4441.27 1867.77 728.342 2573.5 805.332 635.923 3133.97 1983.2 1481.09 861.779
internal_count=338362 260062 18545 241517 78300 153642 130767 121360 106382 101906 58458 37809 21552 43448 22409 87875 62547 19839 42708 9929 9910 7832 41000 29632 21581 4219 44713 22875 20649 7775 9407 25328 1712 23616 15436 8051 3679 8180 11368 14978 2689 9341 11793 4476 15944 15547 16257 2541 25964 9662 13687 7388 21039 8308 3114 12731 7865 5714 33587 20349 7891 4338
cat_boundaries=0 1 2 3 4 5
cat_threshold=151938 1144 136336 67941 135168
is_linear=0
shrinkage=0.035


Tree=88
num_leaves=63
num_cat=7
split_feature=45 46 22 16 27 2 16 22 8 24 16 8 16 18 18 23 29 26 47 47 2 22 17 19 12 17 41 16 42 39 19 47 47 41 43 47 52 22 23 35 25 18 22 18 16 16 17 37 18 18 29 49 30 42 35 19 8 18 24 35 39 37
split_gain=304.332 139.599 66.1066 89.5036 60.1053 59.7012 59.4821 66.425 63.5188 54.7126 51.2173 48.8802 46.4696 40.8219 39.7008 37.839 52.2656 52.1989 40.3339 39.7578 46.134 46.4107 46.3652 38.9561 38.6987 35.7001 34.3519 54.4566 34.1662 38.8251 43.3199 41.2344 35.3641 34.0008 33.6772 36.8892 67.5276 43.2113 36.3728 33.319 33.294 32.3147 29.8268 36.5457 29.789 29.0246 33.8872 28.9135 28.4263 28.6967 28.1278 33.2754 27.6306 27.587 27.4819 31.0968 30.8435 28.6259 27.6476 26.9866 26.7969 26.7852
threshold=4.1000000000000005 55.470000000000006 1.5000000000000002 0 1.0000000180025095e-35 1982.3400000000004 1 15.500000000000002 19.500000000000004 9.5000000000000018 2 17.500000000000004 3 57.438750000000006 2393.7525000000005 0.68301270189221941 115.50000000000001 70.500000000000014 3009.2400000000002 1416.7800000000004 115.22000000000003 48.500000000000007 1645.8900000000003 283.46533333333338 4636.3050000000012 872.80000000000007 18738.880000000001 4 1.5000000000000002 163.47000000000003 702.01800000000014 1824.1250000000002 400.86000000000007 2456.0999999999999 10.500000000000002 inf 3.5000000000000004 89.500000000000014 -1.0000000180025095e-35 9.5000000000000018 518.42250000000024 553.27250000000015 8.5000000000000018 745.81333333333339 5 6 24.980000000000004 4221.7200000000012 12867.354415584417 8821.5750000000025 323.50000000000006 12.500000000000002 671.13000000000022 4.5000000000000009 26.500000000000004 1291.0786363636366 12.500000000000002 1544.3600000000001 2.5000000000000004 18.500000000000004 23.970000000000002 2418.1600000000003
decision_type=10 8 2 9 8 10 9 2 2 10 9 2 9 10 10 2 2 2 8 10 8 2 10 10 10 10 8 9 2 10 10 8 8 10 2 8 2 2 2 2 10 10 2 10 9 9 10 8 10 10 2 10 10 2 2 8 2 10 8 2 10 10
left_child=1 4 3 -3 -1 6 13 10 15 45 54 28 -13 -4 33 16 24 -17 25 20 23 44 -23 -18 34 -19 -10 -28 29 30 31 -6 -32 52 35 36 -9 -37 53 -21 -16 50 43 -7 -22 60 -47 -30 49 -24 51 -15 -12 -38 55 56 -8 58 -57 -40 -2 -14
right_child=9 2 5 -5 11 42 7 8 26 -11 14 12 61 41 40 17 19 18 -20 39 21 22 48 -25 -26 -27 27 -29 47 -31 32 -33 -34 -35 -36 37 38 -39 59 -41 -42 -43 -44 -45 -46 46 -48 -49 -50 -51 -52 -53 -54 -55 -56 57 -58 -59 -60 -61 -62 -63
leaf_value=-0.017138357828992524 0.0087845857375323001 -0.026242863604246457 -0.0032867225027203785 -0.00084802134716719377 -0.0068784782150620892 0.0076895029445819543 0.00095338773561085531 -0.0093355648989756727 -2.6492430319521488e-05 -0.016236596507947013 -0.013615652081675962 0.011918097378780371 -0.021295732250406377 0.012656390867053445 -0.022820609392057298 0.0011328805370672858 -0.001268666906101823 -0.018137335190096044 0.016127747137275335 0.027644530210801366 -0.0026251390115490164 0.022658796284943439 0.0036663051972674996 -0.013260027528788163 -0.04647898761291909 0.0071684965731600991 -0.014840221554776231 0.0028799856013162701 -0.0019982454129803162 -0.020186507885397342 0.10764179739555196 0.00092810128690609802 0.017079492652527568 -0.035129496122963809 0.024487695508219921 0.0077409426431351248 0.0033782830646454497 0.031622117444290457 -0.0011117842851586196 -0.0097261547816069431 0.0087326013745043403 -0.008709727310784213 0.0069748040371277872 -0.013132959798947678 0.0049634150492253457 -0.023758606649051869 -0.0070773498184724462 0.0036437681699412424 -0.0094021946714836751 0.014457851488448126 -0.0011653498523394859 0.00036124349303364578 0.0019190338161020925 0.010000211951913297 -0.013943789585913057 -0.00095917515715108841 -0.0055740110466070544 0.014221980817578131 0.021871537584160772 -0.026878763030721654 -0.017546647751972483 -0.0082396011994106868
leaf_weight=353.18194233253598 237.20260093361139 223.1798095703125 453.07435703277588 635.92829561233521 1996.1671105604619 201.21533048152924 2172.9865024387836 497.39191013015807 1336.9826106932014 1072.9863739013672 196.45266959071159 102.17036318778992 283.24963362701237 1642.0211830288172 312.33104968070984 1763.1553955078125 1368.0837881863117 70.796287372708321 702.96586894989014 29.664140701293945 2559.6651000976562 172.878422498703 2629.0743141174316 437.27583411335945 17.250190734863281 1421.4275409430265 605.41256141662598 325.06382465362549 2528.8933874517679 173.56747031211853 5.9482074715197113 1416.49507875368 24.288552850484848 40.749873518943787 101.25233173370361 971.62880849838257 2103.9045324921608 101.82287979125977 586.64021135866642 643.76996040344238 46.591285705566406 130.53003466129303 3719.0686378479004 210.07142025232315 830.36309427022934 158.92405107617378 2274.2484731376171 1985.2713432312012 179.48026657104492 340.25712966918945 282.68418216705322 322.65699861943722 483.51617851853371 1216.7453652620316 184.63681983947754 637.13144495338202 1496.9191216528416 302.13028883934021 71.346760250627995 53.420829772949219 58.118784688413143 604.03185214102268
leaf_count=5520 3489 3707 2238 4456 25754 917 10866 2450 7225 34541 954 899 3325 7615 2144 8236 8240 366 3056 144 12201 816 12353 3056 79 6881 3060 1544 17020 1632 59 8255 207 366 499 4480 11224 474 3129 3061 219 617 18889 1017 3820 3803 36594 11533 891 1571 1339 1549 2290 5699 1038 2831 8167 1450 461 253 951 6842
internal_value=-4.01528e-05 0.000775368 0.00179995 -0.00778293 -0.00299165 0.00204251 0.00149654 0.00098876 0.00191113 -0.00954246 -0.00227791 -0.00244199 -0.00978316 0.0063136 -0.00913234 0.00257861 0.00176742 0.00561872 0.00921954 0.000138742 0.000786408 0.00212241 0.005062 -0.00417883 0.00441617 0.00595656 -0.00362153 -0.00878159 -0.00154751 -0.00408185 -0.00326434 -0.00363888 0.0377707 -0.00446891 0.00458026 0.0042115 0.0028077 0.0100335 0.00433464 -0.00804146 -0.0187118 0.00816996 0.00598585 -0.00295197 -0.000758566 -0.00690499 -0.00814276 0.000483297 0.004089 0.00490736 0.00915379 0.0106384 -0.00258256 0.00580696 -0.000734981 -0.000212623 -0.00170987 0.00522076 0.00136756 -0.00330092 0.00344467 -0.0122885
internal_weight=48106.3 44304.9 34831.6 859.108 9473.26 33972.5 29842.1 27011.2 21066.4 3801.48 5944.79 9120.08 989.452 2830.97 1079.64 18798.9 14840.6 3958.35 2195.19 9190.51 8517.08 6711.72 3321.69 1805.36 5650.06 1492.22 2267.46 930.476 8130.63 3616.47 3442.9 3412.66 30.2368 720.719 5632.81 5531.55 4458.1 1073.45 3960.71 673.434 358.922 2377.89 4130.36 411.287 3390.03 2728.49 2433.17 4514.16 3148.81 2969.33 2247.36 1964.68 679.969 3320.65 4865.15 4680.51 3669.91 1010.61 708.478 640.061 295.321 887.281
internal_count=338362 258984 177938 8163 81046 169775 148952 135594 104808 79378 30786 75526 11066 13358 5973 92979 74440 18539 10303 46153 42948 31652 15631 11296 28287 7247 11829 4604 64460 35907 34275 34009 266 3610 28208 27709 22755 4954 20305 3205 2363 11120 20823 1934 16021 44837 40397 28553 14815 13924 10503 9164 3244 16923 24813 23775 19033 4742 3292 3382 4440 10167
cat_boundaries=0 1 2 3 4 5 6 7
cat_threshold=151808 1272 145409 2248 4352 18688 66661
is_linear=0
shrinkage=0.035


Tree=89
num_leaves=63
num_cat=9
split_feature=0 17 46 7 16 13 18 44 32 22 16 22 16 42 35 48 27 9 26 22 16 22 41 32 17 18 26 1 37 16 32 22 16 26 27 16 22 37 26 22 44 18 18 37 35 16 37 23 33 41 22 18 9 0 18 39 32 48 3 22 16 47
split_gain=289.456 138.04 107.575 76.1391 60.3286 67.1571 58.1569 47.8737 42.9325 41.5472 40.8809 70.8606 58.1467 39.9442 40.8823 39.0498 35.6584 45.213 38.1754 37.2507 42.02 47.6255 58.8949 38.2508 36.7831 36.1394 35.4376 33.6455 33.6027 33.0387 32.1945 32.0211 31.5678 31.1836 30.6525 29.4911 31.9534 28.9653 28.2654 28.0855 62.4175 39.2565 43.5529 45.9712 30.3078 27.6792 27.6614 27.5572 27.4582 27.2536 26.7691 56.133 25.1031 29.4497 24.9704 24.9344 24.4504 39.378 26.9218 24.2942 24.282 23.7301
threshold=19.953333333333337 1.0000000180025095e-35 529.6500000000002 0.47727272727272735 0 0.25657894736842107 370.30641666666673 102.16000000000001 530.37000000000012 1.0000000180025095e-35 1 8.5000000000000018 2 1.5000000000000002 12.500000000000002 2.5000000000000004 8932.5000000000018 561.69000000000017 31.000000000000004 61.500000000000007 3 29.500000000000004 1977.6000000000004 2445.8400000000006 7704.7500000000009 1097.9762500000004 85.500000000000014 inf 4558.6800000000012 4 1441.6800000000001 16.500000000000004 5 314.50000000000006 4281.1050000000005 6 17.500000000000004 4372.6550000000016 161.50000000000003 41.500000000000007 1423.2 12867.354415584417 5278.9345714285728 4221.7200000000012 6.5000000000000009 7 39.135000000000005 0.93301270189221952 8.5000000000000018 1276.9200000000003 59.500000000000007 4736.4725000000008 2.1600000000000015 1856.2800000000002 6098.1750000000011 12.975000000000001 2072.2750000000001 7.5000000000000009 103.50000000000001 25.500000000000004 8 3809.7900000000004
decision_type=10 8 8 8 9 8 10 10 10 2 9 2 9 2 2 2 10 10 2 2 9 2 10 10 8 10 2 8 10 9 10 2 9 2 10 9 2 8 2 2 8 10 10 8 2 9 8 2 2 10 2 10 10 10 10 10 10 2 2 2 9 8
left_child=3 6 4 -1 26 50 32 15 9 -5 49 12 -12 29 47 60 17 18 54 20 25 22 24 37 27 52 -3 -22 38 30 -9 -31 -2 61 -29 -26 -37 -23 -17 40 -18 42 43 -41 -42 -38 -28 -15 -40 -4 51 -6 -20 -54 -13 -11 -19 58 -58 -24 -7 -30
right_child=1 2 10 8 5 7 -8 13 -10 55 11 16 -14 14 -16 28 39 56 19 -21 21 23 59 -25 35 -27 46 34 33 31 -32 -33 -34 -35 -36 36 45 -39 48 41 44 -43 -44 -45 -46 -47 -48 -49 -50 -51 -52 -53 53 -55 -56 -57 57 -59 -60 -61 -62 -63
leaf_value=-0.017399251874731042 0.0020115967106442501 -0.0056733726423668597 0.01187553410964173 -0.018422420711180422 -0.0055615400139861718 -0.002369174377159086 -0.030848269424079765 -0.0016550922980524746 -0.018871043677993065 -0.0022343186066708931 -0.00077222357210066377 -0.0071956384204052331 -0.017007336675770465 0.00099575728832258033 -0.0038331901197594552 0.0031999651100123377 -0.016444618943263749 0.011104340020745689 0.019495750928468971 0.0086135166445402023 -0.00021721991042475693 0.0015768424989849377 -0.020314564570514115 -0.0089460077292747697 0.011255090671870362 0.0093037920323893134 0.00024321277783323982 0.015338422550517275 0.0025104807300444765 -0.021593230345726144 0.036083147323545346 -0.0074192105372454875 -0.015745319992075461 0.019373592788013774 -0.026704982178925273 -0.035570395450435187 0.0085013996437036405 0.0073990846470686966 -0.0029269324689125079 -0.073838731482161482 0.021950742726360988 -0.0071737431753328487 0.0085549227056348747 0.005853253663725853 -0.0069734884349999908 -0.022005916677250641 0.010054527279521911 0.015555827228154238 0.002271798193235198 -0.03090936687878644 0.0012715251600730363 -0.021451086619791442 -0.0061635220983157655 0.0088224323017296706 0.012520178155234377 -0.0087829689199054838 -0.042893625402582472 0.0085287579836894299 0.0047346001094355364 -0.0029827639408393624 -0.015063013214629257 0.012533863101891795
leaf_weight=872.10988932289183 216.33244079351425 302.37135577201843 799.69195139408112 263.21824464201927 1605.2365502566099 918.79348583519459 194.05790150165558 357.34083735942841 294.795191437006 2590.8916880935431 1545.4440973848104 595.83024036884308 317.55204917490482 2737.1820717453957 3340.2732581496239 3627.5600252449512 351.92175531387329 1471.8986358642578 76.515622735023499 1739.9045174121857 1558.790824174881 2007.9418118447065 272.3309662938118 270.42674112319946 49.23138427734375 1955.2575253248215 489.91672629117966 292.25946041941643 1513.1432584524155 257.06144332885742 29.012510418891907 811.12033450603485 276.6788792014122 187.44259643554688 22.000896483659744 79.800050437450409 66.005638122558594 2187.1308893710375 3084.1515235900879 15.550491809844969 97.62007375061512 384.540771484375 693.92691135406494 18.810396194458008 80.001182124018669 62.058679342269897 1249.991888821125 168.08724975585938 2085.1541719436646 17.731235861778259 443.1819806098938 327.35362672805786 507.98412099480629 233.73527225852013 89.715958595275879 981.8596677929163 37.973216995596886 134.0242931842804 22.896397367119789 156.01062774658203 224.38224720954895 356.98805102705956
leaf_count=22631 2399 2105 3801 5778 23184 5438 4434 2633 5266 30901 7569 2768 2162 13753 18180 17964 1933 8025 460 8421 7407 9521 1697 1338 222 9157 3556 1267 8486 2224 269 7226 4429 1031 94 386 278 10362 17434 72 478 1874 3465 102 424 269 6660 802 11586 80 6302 5714 2183 1080 423 15769 183 710 111 747 1557 1582
internal_value=-3.94059e-05 0.00088739 0.00114015 -0.0080067 -0.000393214 -0.000926418 -0.0146635 -0.000256237 -0.00601996 -0.00502769 0.00317044 0.00280449 -0.00364256 -0.00240988 -0.0011928 0.00112606 0.00357977 0.0041564 0.00341844 0.00389531 0.00305663 0.00160692 -0.00219774 0.00379039 0.000185737 0.00669624 0.00534578 0.00189167 0.00177419 -0.00763143 0.0012328 -0.0107467 -0.00824332 0.00579965 0.0123197 -0.0122019 -0.0174864 0.00461335 0.000832083 -0.00129647 -0.00792347 0.00186129 0.00663515 -0.0312807 0.00895707 -0.00738444 0.00729362 0.00184321 -0.000829875 0.0107791 -0.00648438 -0.00826271 0.000543222 -0.00143553 -0.00460099 -0.00403597 0.0095627 -0.00207752 -0.0251911 -0.0140236 -0.00502406 0.00442951
internal_weight=48018.2 43015.3 42328.3 5002.87 24115.7 22073.5 687.069 19697.7 4130.76 3835.97 18212.5 17395.1 1863 7700.08 6245.54 11997.6 15532.1 13889.7 12222.9 11537.4 9797.48 7023.99 2558.49 4465.5 2130.15 2773.49 2042.28 1873.05 10854.4 1454.54 386.353 1068.18 493.011 2057.57 314.26 257.096 207.864 4195.07 8796.87 1642.37 529.543 1112.83 728.288 34.3609 177.621 128.064 1739.91 2905.27 5169.31 817.423 2375.77 1932.59 818.235 741.719 685.546 3572.75 1666.79 194.894 60.8696 428.342 1143.18 1870.13
internal_count=338362 258017 246755 80345 157686 145365 11262 110165 57714 52448 89069 85188 9731 45087 32735 65078 75457 67109 58080 54889 46468 33588 12367 21221 9923 12880 12321 8768 58083 12352 2902 9450 6828 11099 1361 1155 933 19883 46984 8348 2835 5513 3639 174 902 547 10216 14555 29020 3881 35200 28898 3723 3263 3191 46670 9029 1004 294 2444 6995 10068
cat_boundaries=0 1 2 3 4 5 6 7 8 9
cat_threshold=66680 1152 137305 135200 133120 133149 2048 16384 20865
is_linear=0
shrinkage=0.035


Tree=90
num_leaves=63
num_cat=8
split_feature=2 17 46 24 49 26 16 26 48 22 18 16 22 16 16 2 8 16 32 32 28 8 22 18 16 18 27 18 15 26 50 8 14 40 48 12 32 51 26 16 41 21 17 46 19 1 27 22 41 47 32 16 41 8 23 30 4 52 0 9 41 18
split_gain=275.179 137.294 97.1275 64.1569 63.2661 58.4479 56.341 52.6389 62.8868 70.7182 50.9023 39.8835 68.8295 51.4174 39.7811 38.4642 46.1556 44.1775 37.1302 36.313 59.7737 35.801 35.7715 63.8903 34.9873 33.9059 32.7291 30.8236 29.7228 29.7139 29.5198 28.7397 28.5045 28.1711 27.5451 26.4145 26.1515 25.8591 25.8477 26.7648 25.5681 25.3479 25.572 24.6381 24.3636 24.3605 24.0652 28.6706 31.6432 28.0504 27.9462 32.4024 45.1756 33.5637 27.8144 26.9738 26.6483 25.971 24.0017 32.8538 27.4317 23.9573
threshold=4.3500000000000005 1.0000000180025095e-35 529.6500000000002 6.5000000000000009 14.500000000000002 31.000000000000004 0 161.50000000000003 10.500000000000002 65.500000000000014 370.30641666666673 1 8.5000000000000018 2 3 2347.6300000000006 20.500000000000004 4 1610.7200000000005 inf 419.44000000000011 12.500000000000002 8.5000000000000018 647.43055555555566 5 929.11125000000015 8932.5000000000018 12867.354415584417 0.018731783402015863 177.00000000000003 64.35531517021731 5.5000000000000009 22.500000000000004 1.0000000180025095e-35 10.500000000000002 4636.3050000000012 3371.3300000000004 78.434003051781445 70.500000000000014 6 1276.9200000000003 10.105000000000002 486.88000000000005 109.10000000000002 1291.0786363636366 1581.3000000000002 19554.750000000004 67.500000000000014 8026.2000000000007 1610.7100000000003 307.82000000000011 7 3048.6600000000003 17.500000000000004 -0.6830127018922193 9734.2400000000016 30.245000000000005 4.5000000000000009 724.35000000000002 98.00500000000001 129.96000000000001 121.26791666666669
decision_type=10 8 8 10 8 2 9 2 2 2 10 9 2 9 9 10 2 9 8 8 8 2 2 10 9 10 10 10 10 2 10 2 2 10 2 10 10 8 2 9 10 10 10 10 10 10 8 2 10 10 8 9 10 2 2 10 8 2 10 10 10 10
left_child=3 10 4 29 5 24 61 19 22 32 33 40 13 -13 -5 16 25 -18 -19 20 -8 -6 23 -9 -3 -14 30 41 58 38 -17 -26 43 -2 -23 36 46 -22 -1 -40 -4 42 -24 -10 -20 -45 47 48 50 56 -27 52 53 -52 57 -55 -49 -53 59 60 -21 -7
right_child=1 2 11 14 21 6 7 8 9 -11 -12 12 15 -15 -16 26 17 18 44 28 37 34 27 -25 31 35 -28 -29 -30 -31 -32 -33 -34 -35 -36 -37 -38 -39 39 -41 -42 -43 -44 45 -46 -47 -48 49 -50 -51 51 54 -54 55 -56 -57 -58 -59 -60 -61 -62 -63
leaf_value=-0.010879997565483088 -0.023630003247992689 -0.018414926220293691 0.011562966795769451 -0.0088364952075738364 0.00069697175048004519 0.0039265144866267284 0.0035432118442619101 -0.003625248146013494 -0.0063448434842088997 0.011272229628556838 -0.030256635537787593 -0.00096227846344065034 -0.0032919904566918023 -0.016143836532733671 -0.021943488217834026 0.0040836715801334678 0.0073135211610484202 0.0093600166962102237 0.0016157455376995739 5.5411033162869323e-05 -0.003901998609100349 -0.011901791935461283 0.0048208385030622915 -0.025436453571525772 0.017232540330023745 -0.0055573341890653178 -0.0019045324638190047 -0.015451858867326865 0.0070002625123216245 -0.0086892279318199449 0.011869673215905697 -0.0057410802098372075 0.0061658485444052559 -0.0044153564743654675 -0.0026485865296852922 -0.021449416747001428 -0.0075649227555455922 -0.016329508685359467 0.0066888354343402154 -0.0036010832485469297 -0.029853390218697699 0.0011720266775377246 -0.0043358631151286017 0.0018071633431396522 -0.01325803874683989 -0.031245361247618144 -0.0056180440700152661 0.0054741469412639904 -0.0069594452300884126 -0.0031992804266970836 0.0016212341081420305 -0.0021603284747058909 0.011653127636914019 -0.00358567353088113 0.0079608797836427485 -0.021332898024506382 0.015033502828723112 0.006268221312664325 0.015831613106073346 -0.010611836762042217 0.011619686887426433 0.012625929752959324
leaf_weight=340.29193987324834 120.66853031516075 258.18181943893433 806.6498174071312 691.60836362838745 745.51966492831707 1309.2230825126171 1733.0230316370726 531.05711250007153 972.09241962432861 836.53556251525879 183.18863847851753 1545.1845300942659 878.09073945879936 322.29689244925976 544.58324575424194 1024.0567502975464 328.42976379394531 137.30459642410278 169.08770084381104 1350.0278181731701 955.98385906219482 1072.7486103326082 410.73221468925476 237.63383264839649 71.25705885887146 347.11930390447378 423.39237213134766 214.57943524420261 2420.9186725616455 1840.9022464752197 1432.877552986145 872.29283833503723 648.91448974609375 406.28388345241547 623.70903015136719 49.278469324111938 233.83467057347298 260.51319217681885 458.08055913448334 900.10900461673737 17.750878393650055 2097.7934692502022 4051.5957229584455 1228.932448387146 662.44238758087158 26.937297821044922 293.14422428607941 680.77826632559299 326.55997815728188 209.12626171112061 1420.934805393219 790.22023785114288 410.74036359786987 350.03521871566772 3448.7052366510034 149.14114236831665 754.78322066366673 1031.4047193527222 129.31578803062439 286.30191826820374 307.74488499760628 550.94194374978542
leaf_count=4274 3862 1951 3842 19825 7647 8281 13146 3750 7249 4574 4250 7549 3976 2188 16412 5076 1531 731 823 6495 7646 10460 2666 2442 459 1736 2196 1710 11117 24563 7724 6221 3906 3581 5871 248 1165 1856 4368 8858 80 9873 28556 6607 3370 136 1439 3131 1887 1003 6608 3605 2015 1713 16065 716 3744 4995 607 1306 1857 2824
internal_value=-3.89971e-05 0.000843209 0.00109869 -0.00801021 -0.000354817 0.00024469 0.000683342 0.000103538 -0.00140639 0.00232172 -0.0144082 0.00302706 0.00266482 -0.00368116 -0.0148724 0.00342877 0.0025985 -0.00365424 -0.00737532 0.00238692 -0.000630574 -0.00569544 -0.00324171 -0.0103923 -0.00725468 0.00331192 0.00707916 -0.00242895 0.00436694 -0.00560994 0.00862743 -0.0039479 -0.000283913 -0.0088518 -0.00850338 0.00386467 0.00398612 -0.00657458 -0.0022693 -0.000105487 0.0105088 -0.00200069 -0.00349215 -0.00216439 -0.0102352 0.00107392 0.00425132 0.00454352 0.00370381 0.00876349 0.00414273 0.00458637 0.00112804 -0.00112245 0.00610163 -0.00892014 0.0105072 0.00261274 0.00129035 0.000315453 0.00220789 0.00647372
internal_weight=47933.6 43158 42447.9 4775.58 24204.5 21762.5 20560.8 18700.6 11256.8 3713.41 710.141 18243.4 17419 1867.48 1236.19 15551.5 12671.2 1297.26 968.835 7443.83 2949.52 2441.98 7543.39 768.691 1201.73 11373.9 2880.33 6774.7 4494.31 3539.38 2456.93 943.55 2876.88 526.952 1696.46 10495.8 10446.5 1216.5 1698.48 1358.19 824.401 6560.12 4462.33 2227.96 831.53 1255.87 10212.7 9919.55 8274.86 1644.69 7948.3 7601.18 2330.85 1920.11 5270.33 499.176 1435.56 1821.62 2073.39 1944.07 1657.77 1860.17
internal_count=338362 260062 248369 78300 159213 135235 126604 115499 71469 22472 11693 89156 85234 9737 36237 75497 60501 6455 4924 44030 22648 23978 48997 6192 8631 54046 14996 42805 21382 42063 12800 6680 17898 7443 16331 50070 49822 9502 17500 13226 3922 41095 31222 13992 4193 6743 48657 47218 39340 7878 37453 35717 11052 9037 24665 2429 6875 8600 10265 9658 8352 11105
cat_boundaries=0 1 2 3 4 5 6 7 8
cat_threshold=66680 1152 137305 76037 133120 142344 198709 2304
is_linear=0
shrinkage=0.035


Tree=91
num_leaves=63
num_cat=8
split_feature=45 2 8 27 3 48 16 3 26 32 33 16 43 48 16 7 44 26 48 16 43 1 18 12 2 30 14 12 39 19 11 39 36 47 16 16 18 16 27 40 37 17 37 26 3 2 37 40 30 27 27 37 37 17 18 2 8 14 37 16 35 30
split_gain=260.97 133.303 69.1134 59.9221 51.5009 51.3905 45.6738 41.9522 40.0521 46.7459 92.4157 89.3591 66.7378 46.5004 38.7224 36.6866 38.4266 35.1121 43.598 44.5467 34.9337 35.6344 35.7994 34.8228 34.3882 40.0576 33.4676 33.4589 43.6797 32.7898 32.0404 31.7536 31.5671 29.9255 29.8005 29.4331 29.1557 28.8943 28.7209 39.1327 49.9 38.5771 36.6741 36.6656 36.322 32.1109 43.3597 39.0847 34.3332 29.0853 28.2566 29.8745 28.154 27.5822 27.1286 26.8946 26.5765 26.5709 26.5519 26.528 50.1254 33.7245
threshold=5.1250000000000009 104.99500000000002 19.500000000000004 1.0000000180025095e-35 19.500000000000004 11.500000000000002 0 237.50000000000003 31.000000000000004 inf 6.5000000000000009 1 9.5000000000000018 9.5000000000000018 2 0.27922077922077926 77.850000000000009 223.50000000000003 3.5000000000000004 3 2.5000000000000004 inf 553.27250000000015 4636.3050000000012 3593.52 23358.760000000002 20.500000000000004 48.861666666666672 23.970000000000002 139.38600000000002 2236.9700000000003 79.225000000000009 64.840000000000018 943.11000000000001 4 5 12867.354415584417 6 13395.420000000002 3367.5900000000006 6177.6000000000004 4731.7500000000009 6567.3000000000002 70.500000000000014 221.50000000000003 466.12000000000006 2418.1600000000003 8043.4800000000005 2396.1600000000003 4281.1050000000005 872.80000000000007 2418.1600000000003 21617.460000000003 10266.120000000001 3619.4528571428577 1982.3400000000004 15.500000000000002 20.500000000000004 745.14000000000021 7 19.500000000000004 23358.760000000002
decision_type=10 10 2 8 2 2 9 2 2 8 2 9 2 2 9 10 10 2 2 9 2 8 10 10 10 10 2 10 10 8 10 10 8 10 9 9 10 9 10 8 10 8 10 2 2 10 8 10 10 10 10 10 8 8 10 10 2 2 10 9 2 10
left_child=1 2 3 4 -1 8 27 53 14 11 38 23 58 20 30 -2 -17 18 -8 -20 21 35 -23 32 25 36 -19 28 29 -5 -3 33 -10 -29 -4 -12 37 50 39 40 43 -40 -42 -11 -45 48 -47 -48 -41 -50 -15 -52 -43 55 -14 56 -7 -49 -13 60 -22 -62
right_child=15 5 34 6 -6 7 17 -9 9 10 13 12 54 24 -16 16 -18 26 19 -21 59 22 -24 -25 -26 -27 -28 31 -30 -31 -32 -33 -34 -35 -36 -37 -38 -39 41 45 42 52 -44 44 -46 46 47 57 49 -51 51 -53 -54 -55 -56 -57 -58 -59 -60 -61 61 -63
leaf_value=-0.0071853916725813441 -0.022359887111218394 -0.0018315749942525877 0.012505287799717671 -0.00011632124526271114 -0.033435744052259374 0.0079050438634905226 -0.012672736925655017 0.020159744898049923 -0.0025349105173235447 -0.0013266515537139149 0.0013935896499220196 0.0036972842419986849 0.0050911489957599521 -0.012034541232035885 -0.013635534075144132 -0.0066414288138496582 -0.017080760392614532 -0.014406620528644944 0.0058555756818128423 -0.0042265359648884513 -2.1456182863738043e-05 0.025889418196502045 -0.00080185288468139469 -0.041969571742466953 0.015199871284298316 -0.01936553162743735 -0.0042810901231508823 0.0032786324695685243 -0.011054232928705221 -0.019937998261959564 0.032207543309619863 -0.0063947332916009418 -0.011243545526938689 -0.012335667028007475 -0.013752653206593704 -0.0096005010886900492 -0.011994254550967282 0.0047551710537693977 -0.032197845753446593 0.007514120033089545 -0.066943492501649021 -0.01434824291803341 -0.0073136569614938593 0.0061267077972020885 -0.027172288938339527 -0.010742726460134017 0.015272460639671597 0.031587509985327451 0.0064540457104392676 -0.018447857396319555 0.0036659752882535427 -0.026959736001947759 0.0058314994966704942 -0.019344203923054967 0.01625803678570208 0.016207692895261791 0.0005243699712461638 -0.0043012791242383235 -0.0026536005128425968 0.0036753763923719428 -0.012028930360718948 -0.049254987299910555
leaf_weight=401.36356307938695 305.47403931617737 1177.9273053407669 50.938312292098999 3410.753094304353 117.94713735580444 1254.0472155064344 364.0573670566082 244.59868049621582 1263.1874500904232 1108.4400280714035 379.89795696735382 1264.9346353765577 681.8797173500061 260.63135010004044 372.65199172496796 1625.8661094903946 588.58546841144562 629.73214912414551 982.95613193511963 1156.4933500289917 1218.9785606861115 74.193993449211121 339.0998603105545 32.628425598144531 261.79969024658203 102.37461090087891 1096.1616497039795 4952.5317700952291 582.08847892284393 104.39301933720708 33.877679824829102 504.08401775360107 854.90521346032619 154.10116469860077 751.17655062675476 1431.4967795610428 158.74962496757507 3275.1480877399445 48.923032283782959 853.45474737882614 19.034013271331787 115.47629022598267 34.98779821395874 4247.9614651799202 39.541299819946289 97.501783847808838 1485.4709379673004 27.705992698669434 100.90096527338028 131.23292070627213 589.72147938609123 40.780707806348801 309.3721923828125 54.675628423690796 438.0102972984314 260.94460362195969 1141.2445378452539 210.19746804237366 2220.6915655136108 1578.9745299816132 199.62842631340027 34.324748992919922
leaf_count=5104 10111 5797 452 29884 2775 6269 3284 1266 7237 4902 1989 6913 3211 1422 1980 37537 14388 6603 7240 8756 5766 336 1560 165 1394 513 9921 30419 6256 1249 170 4045 4266 1002 8794 7737 828 16001 243 3788 89 545 180 19659 184 476 7345 127 452 595 2738 205 1431 296 2029 1445 5820 1059 13393 7601 936 184
internal_value=-3.86068e-05 0.000570913 -0.00209348 -0.00153819 -0.0132002 0.00192286 -0.00110274 0.00630469 0.00144506 0.00178019 0.00267851 -0.000716307 0.00203598 0.000364709 -0.00395297 -0.0109991 -0.00942259 -0.0041327 -0.00149352 0.000413807 -0.00189547 -0.00522531 0.00404066 -0.00658706 0.00289823 0.00216755 -0.00798183 0.000221616 -0.00218235 -0.00071049 -0.000847207 0.00197759 -0.00605354 0.00280512 -0.0120872 -0.00734053 0.0026816 0.00324354 0.00528429 0.00575958 0.00400926 -0.00309351 -0.0291584 0.00434667 0.00581334 0.00903913 0.0118791 0.0131644 0.00426908 -0.00764256 -0.00233828 0.00164556 0.000325715 0.00504761 0.00946934 0.00555678 0.00439018 -6.9837e-06 -0.000348463 0.000548752 -0.00285494 -0.017677
internal_weight=47850.9 45331 15258.8 14456.7 519.311 30072.2 13937.4 2955.51 27116.7 25532.2 18776 6756.24 4605.52 9945.8 1584.46 2519.93 2214.45 4229.4 2503.51 2139.45 5256.59 2224.69 413.294 2150.72 4689.21 4427.41 1725.89 9707.95 4097.23 3515.15 1211.8 5610.72 2118.09 5106.63 802.115 1811.39 4325.03 4166.28 8830.2 8356.43 5449.96 473.772 54.0218 5395.94 4287.5 2906.46 1820.88 1723.37 1085.59 232.134 891.134 630.502 424.848 2710.91 1119.89 2656.24 2395.29 237.903 3485.63 3031.91 1452.93 233.953
internal_count=338362 276326 125784 116538 7879 150542 108659 15096 135446 127499 90285 37214 25546 49210 7947 62036 51925 35804 19280 15996 26109 11622 1896 11668 23101 21707 16524 72855 37389 31133 5967 35466 11503 31421 9246 9726 21194 20366 41075 38856 25014 2219 269 24745 19843 13842 9007 8531 4835 1047 4365 2943 1976 13830 5240 13534 12089 1186 20306 14487 6886 1120
cat_boundaries=0 1 2 3 4 5 6 7 8
cat_threshold=132593 24689 29120 75776 2056 205944 141376 2432
is_linear=0
shrinkage=0.035


Tree=92
num_leaves=63
num_cat=9
split_feature=46 17 4 24 49 48 16 22 16 16 16 26 26 16 48 32 49 41 18 39 11 35 37 16 24 17 3 26 18 16 22 46 50 26 16 22 3 26 18 18 48 32 29 3 18 37 29 6 3 40 18 6 29 39 10 16 27 35 52 22 41 37
split_gain=250.492 129.83 83.5573 68.4246 50.2376 59.7412 50.3978 48.8524 60.7048 46.418 45.3489 45.2817 51.5387 38.6299 36.3397 35.9531 43.7325 35.1584 35.8221 34.7525 33.5215 33.3564 33.2283 30.5965 28.4615 27.9541 30.0657 29.7517 27.9493 27.7801 27.6537 34.3327 27.4624 26.9462 26.6552 58.367 83.0367 60.0816 57.6531 33.7893 28.5372 41.4617 40.478 39.3753 64.6057 26.5387 26.5067 26.3045 26.1666 25.8865 25.8344 31.0188 25.2944 25.2587 25.0049 24.8441 24.4994 24.3023 24.1953 30.432 28.6558 24.6578
threshold=10.020000000000001 1.0000000180025095e-35 21.980000000000004 6.5000000000000009 13.500000000000002 2.5000000000000004 0 5.5000000000000009 1 2 3 314.50000000000006 146.50000000000003 4 11.500000000000002 inf 5.5000000000000009 1276.9200000000003 12867.354415584417 46.105000000000011 2236.9700000000003 16.500000000000004 2870.6550000000002 5 2.5000000000000004 1142.3900000000001 145.50000000000003 223.50000000000003 10757.017500000002 6 65.500000000000014 192.83000000000004 28.745504457870336 177.00000000000003 7 29.500000000000004 64.500000000000014 70.500000000000014 12867.354415584417 5655.8175000000019 2.5000000000000004 6036.5700000000006 176.50000000000003 201.50000000000003 4844.5922727272728 39.135000000000005 192.00000000000003 3.4571666666666672 68.500000000000014 1834.2316666666668 12867.354415584417 54.722500000000011 323.50000000000006 238.11000000000004 48.245000000000012 8 6584.670000000001 19.500000000000004 6.5000000000000009 21.500000000000004 2714.6700000000005 3372.3900000000003
decision_type=8 8 8 10 10 2 9 2 9 9 9 2 2 9 2 8 10 8 10 10 10 2 10 9 10 10 2 2 10 9 2 8 8 2 9 2 2 2 8 8 2 8 2 2 10 8 2 10 2 8 10 8 2 10 10 9 10 2 2 2 8 10
left_child=3 10 4 23 5 13 21 8 -8 -6 -2 12 15 -3 34 16 -9 -14 25 -5 47 29 48 -1 -17 26 -19 32 -24 -7 31 -29 -27 52 57 36 37 49 39 40 -37 56 -43 -44 -45 -31 58 -15 -11 -36 51 -38 -25 -20 -13 -34 -42 -4 59 60 -39 -62
right_child=1 2 14 19 9 6 7 11 -10 22 -12 54 17 20 -16 24 -18 18 53 -21 -22 -23 28 33 -26 27 -28 30 -30 45 -32 -33 55 -35 35 38 50 46 -40 -41 41 42 43 44 -46 -47 -48 -49 -50 -51 -52 -53 -54 -55 -56 -57 -58 -59 -60 -61 61 -63
leaf_value=-0.010816127790662322 0.0010437194323343045 -0.018914039673462977 0.0081657719908516495 -0.010919431761181339 -0.0096513348594342661 -0.0018359831068884608 -0.022102006250289338 -0.015329683209130002 -0.0025047115384560724 -9.8426221382385537e-05 -0.020676783146448257 0.017966719622277565 -0.0086144649244133398 -0.01124969967724806 0.0087083904441119884 0.0044239920110592506 0.0012489738594574202 0.0060013558623057571 -0.019158476134631015 -0.024514152099401512 0.042908597637905894 0.012882188807360646 0.0063657245479940457 0.0016471842102119827 0.016303069243881252 -0.00067911674202392235 -0.022423500539765759 -0.0056579837354066775 -0.019330812887124314 -0.0021973345895382767 0.005420777893651231 0.0019620220724510767 -0.0026445086003654495 -0.0066290151882037766 -0.012408615127200302 -0.0039098313759274531 -0.0032541087161800297 -0.017851279920939458 -0.0085699600538384126 0.0081647973607148882 -0.0010226612913066479 0.0018632774202508955 0.01066999470439225 0.0038512568684766772 -0.061619897414388843 0.0098007707187295311 0.0073763677943705632 -0.0017988749745183907 -0.012398848264326374 0.0029589512820500127 0.010041867939199565 -0.019344481509771996 -0.0091040027071011623 -0.0003998587922026184 0.0049099492077933878 -0.012224899148240148 -0.025602353094609807 -0.00043839794837347403 0.0078895043189510048 0.0074977346476913769 -0.0010659627830468918 -0.033819630154157065
leaf_weight=852.12930631637573 165.99427032470703 205.48411560058594 1715.2470200061798 969.9837851524353 1208.8959344625473 753.30104064941406 227.63763427734375 212.74060046672821 1075.1457087993622 494.13579261302948 445.98526763916016 248.9227147102356 700.16429705172777 454.50483828410506 1310.2467346191406 3222.868247628212 2211.8519077301025 1163.7212163731456 208.78571236133575 302.8550500869751 18.020663976669312 598.88433766365051 733.89496326446533 1421.3741410784423 266.81925237178802 1959.3632781505585 46.472512722015381 1110.5208751261234 54.823457717895508 301.51351226866245 1265.2970447540283 2078.3909495770931 736.26943588256836 1632.9867472648621 511.29708652570844 644.58908280730247 219.25921134650707 165.69380910694599 435.39917126297951 2190.5099425315857 951.75145471096039 1683.4560976028442 1700.1466679573059 76.731281280517578 23.270604133605957 894.94213245809078 1095.5734592676163 1737.2626334577799 369.8821222782135 181.51837944984436 58.671414375305176 445.78131313621998 329.32606506347656 151.4589958190918 643.72290754318237 623.38991737365723 51.417292237281799 525.05537950992584 420.04136061668396 339.02989768981934 902.00855284929276 28.066482171416283
leaf_count=10245 2014 1788 8248 28144 11924 4445 2252 1648 7354 4233 8801 1603 5010 5406 6534 14209 16341 6751 1604 9517 89 2936 7181 12602 2130 12545 374 8473 707 2219 7136 10822 3769 19453 2356 2941 1065 735 1903 10537 4472 8312 8211 366 107 4792 4869 9896 4209 796 257 1959 3885 1100 3453 3149 234 2498 1980 1544 4106 123
internal_value=-3.79497e-05 0.000877049 0.00111234 -0.00705728 -0.000105327 0.00043625 0.00104405 0.000394962 -0.00613204 -0.00447904 -0.0151135 0.000900153 0.000470785 -0.00477167 0.00313036 0.00306255 -0.000211405 -0.00105552 -0.000488236 -0.0141708 -0.00334794 0.00564172 -0.000630039 -0.00491686 0.00533667 -5.36777e-05 0.0048922 -0.000824219 0.00455735 0.00344121 0.00104488 -0.000692545 -0.00333215 -0.0033865 0.00262099 0.00196684 -0.00126797 0.000884101 0.00379034 0.00452642 0.00297196 0.00396127 0.00576641 0.00941346 -0.0118432 0.00672174 0.0030625 -0.00376292 -0.00537243 -0.00838383 -0.012088 -0.0140524 -0.000379276 -0.0112947 0.00856698 -0.00715206 -0.00230673 0.00612262 0.000511883 -0.00165193 -0.00448708 -0.00208962
internal_weight=47774.5 42265.8 41653.9 5508.66 25979.1 23117.5 20702.2 18153.5 1302.78 2861.63 611.98 16850.8 15958.1 2415.27 15674.8 5914.28 2424.59 10043.8 9343.67 1272.84 2209.79 2548.64 1652.74 4235.82 3489.69 8983.43 1210.19 7773.23 788.718 1949.76 4454.21 3188.91 3319.02 3383.69 14364.5 12124.2 4366.94 3643.23 7757.27 7321.87 5131.36 4486.77 3483.6 1800.15 100.002 1196.46 2950.41 2191.77 864.018 692.815 723.712 665.041 1750.7 360.245 892.646 1359.66 1003.17 2240.3 1854.84 1434.8 1095.77 930.075
internal_count=338362 254516 243701 83846 169548 141294 124115 109723 9606 28254 10815 100117 95061 17179 74153 34328 17989 60733 55723 37661 15391 14392 16330 46185 16339 53019 7125 45894 7888 11456 26431 19295 19463 35940 67619 56873 19790 16509 37083 35180 24643 21702 16996 8684 473 7011 13357 15302 8442 3152 3281 3024 16487 2704 5056 6918 4706 10746 8488 6508 4964 4229
cat_boundaries=0 1 2 3 4 5 6 7 8 9
cat_threshold=1272 16644 22585 8223 10240 28682 136 5296 151552
is_linear=0
shrinkage=0.035


Tree=93
num_leaves=63
num_cat=0
split_feature=0 17 2 7 8 18 18 48 18 22 33 48 3 22 19 7 0 8 42 39 19 48 22 3 3 22 18 2 29 3 32 3 22 37 13 22 32 0 3 22 37 3 30 35 8 37 18 40 35 49 3 40 40 19 26 19 32 18 18 22 28 26
split_gain=235.169 114.007 83.5773 68.1498 61.8383 64.1615 54.4459 53.4837 65.8913 65.3012 66.6695 57.8048 61.6407 56.3525 42.947 55.22 43.8331 40.5074 40.1359 38.8825 38.5375 37.2589 34.1825 64.253 35.5117 74.7005 52.9664 36.222 31.5181 31.1305 30.1092 29.6194 29.4559 29.3217 28.865 28.7779 27.7003 27.6682 27.0915 26.2377 25.9988 33.3603 38.6492 42.3152 27.8096 25.9069 25.5662 25.1361 28.3085 34.0832 25.0879 42.207 24.7673 24.4413 24.0258 23.9586 41.6039 23.659 38.4406 23.6477 23.3249 23.1564
threshold=19.953333333333337 1.0000000180025095e-35 616.59000000000003 0.47727272727272735 9.5000000000000018 12867.354415584417 370.30641666666673 3.5000000000000004 370.30641666666673 48.500000000000007 5.5000000000000009 10.500000000000002 64.500000000000014 21.500000000000004 363.68500000000006 0.95833333333333337 346.05000000000001 10.500000000000002 3.5000000000000004 102.41000000000001 217.96000000000001 11.500000000000002 12.500000000000002 52.500000000000007 49.500000000000007 29.500000000000004 2990.8328571428578 3593.52 192.00000000000003 215.00000000000003 1821.1500000000003 138.50000000000003 18.500000000000004 6916.9500000000007 0.30384615384615393 14.500000000000002 113.59500000000001 551.16333333333353 85.500000000000014 78.500000000000014 2418.1600000000003 134.50000000000003 7627.2600000000011 23.500000000000004 20.500000000000004 15866.640000000001 9753.7154166666678 3136.9200000000005 7.5000000000000009 8.5000000000000018 201.50000000000003 2858.5200000000009 1.0000000180025095e-35 819.42300000000012 70.500000000000014 702.01800000000014 973.2600000000001 10757.017500000002 4844.5922727272728 47.500000000000007 2.7250000000000005 100.50000000000001
decision_type=10 8 10 8 2 8 10 2 10 2 2 2 2 2 10 10 10 2 2 10 10 2 2 2 2 2 10 10 2 2 10 2 2 10 8 2 8 10 2 2 8 2 10 2 2 10 10 10 2 10 2 10 10 10 2 8 8 10 10 2 10 2
left_child=3 6 4 -1 18 7 52 33 35 10 50 12 -12 -14 15 -11 46 39 19 36 -21 22 23 47 27 26 31 34 55 -20 37 -26 38 60 -24 -9 -3 -27 -13 -5 -39 57 59 44 -44 -34 -17 48 49 -4 -10 -52 -2 -35 -50 -19 -57 58 -42 -43 -6 -22
right_child=1 2 21 17 5 -7 -8 8 9 14 11 32 13 -15 -16 16 -18 28 29 20 61 -23 24 -25 25 30 -28 -29 -30 -31 -32 -33 45 53 -36 -37 -38 40 -40 -41 41 42 43 -45 -46 -47 -48 -49 54 -51 51 -53 -54 -55 -56 56 -58 -59 -60 -61 -62 -63
leaf_value=-0.016419953507999914 -0.022092877160952391 -0.0066090102637164786 -0.007836376104795862 -0.0037139263986675549 -0.0082518671511461385 -0.015449766832616625 -0.029848434655578501 0.0042436520493136275 0.0018898671808572401 -0.0061680592772688676 -0.0042257132742542563 -0.0039462334109447795 -0.029805297845262976 -0.010918903259419339 -0.0023409793727283464 0.0037665774100256494 0.021953668365496243 -0.013910833903266596 0.010218755865317307 -0.011112873729386404 0.011264029751786982 0.0087737302303646323 0.028563618220197897 -0.018541475548085013 0.001812023721105131 -0.003080244605099907 -0.013129567183686165 0.017425366920686552 -0.0040968924431164832 -0.010355564343714929 -0.0037928229014493934 -0.030200671917321897 0.0029158844733057185 0.0050342867171132514 0.0047362269455620606 0.024495088821742478 0.0033862602008181745 0.00051508672784360569 -0.022725604513927557 0.0074709236488300175 0.0067843271505531868 -0.0093659929356785382 -0.0034663218946035506 0.027307830233580844 -0.025186082944996864 -0.021620171739116512 0.015172937109495015 -0.01278848745482363 -0.005989604690704837 -0.068542992792941945 0.015498652082886491 -0.040002767050192269 -0.003114839871680744 -0.013647040273167097 0.0041086311261147755 0.085247246173381919 -0.022801818533984695 -0.0055833961646492986 0.015928924597693721 0.0087668996899171389 0.0037438552116834428 -0.0027817419192470295
leaf_weight=832.83648153580725 107.876590102911 363.024488421157 152.09360123425722 1893.2622373104095 2063.407100206241 377.84920206665993 181.94592574238777 2558.6339016258717 2644.9650242030621 542.32729744911194 1667.9591326713562 878.36018133163452 237.25346612930298 1046.793888092041 1960.526611328125 2561.8350504040718 195.19818896055222 1029.9587633088231 1066.7495355606079 544.19161805510521 202.1036562025547 1307.9573364257812 63.096567898988724 229.4092515707016 861.92320048809052 516.16068744659424 570.72007346153259 352.50965881347656 827.1772068887949 97.59321117401123 564.23838424682617 35.92035984992981 1335.7382799386978 478.83495235443115 2263.2776523530483 88.007731437683105 5088.0751337409019 1075.1967871189117 104.50735473632812 296.28810501098633 1778.291184425354 96.849802017211914 522.93996596336365 48.112162351608276 82.877536296844482 53.887143492698669 264.89071083068848 157.08014261722565 337.76558271050453 11.283280543982981 26.229412078857422 43.570627212524414 374.23953592777252 103.4827184677124 1951.7829655706882 7.177212513983247 8.6680196523666382 129.88019180297852 825.25135493278503 898.70028448104858 219.12496107071638 491.42748546600342
leaf_count=22631 3597 4486 690 23001 14267 3426 4434 15367 15976 5926 10899 5914 3145 7739 10793 14813 905 19190 4752 4193 1043 6782 519 1632 3931 2463 3107 1839 12274 435 2767 212 8656 3049 10406 434 28445 5241 1322 3000 8830 458 2654 258 413 518 1314 899 1571 68 209 329 3231 624 9372 90 159 586 4205 4412 1546 2915
internal_value=-3.79596e-05 0.000793199 0.00102009 -0.00730409 -0.000128744 -0.00118699 -0.013585 -0.000903678 -0.000124459 -0.00111022 -0.00312324 -0.0053988 -0.00866727 -0.014429 0.00181903 0.00410727 0.00595276 -0.00543172 0.0024925 0.00144793 -0.00414999 0.00313485 0.00258894 -0.000824236 0.00349586 0.00232829 -0.00480266 0.00698351 -0.00920917 0.00848685 0.00393041 0.000499105 -0.00133001 -0.00531129 0.00539448 0.00492606 0.00271952 0.00466034 -0.00596409 -0.00219768 0.00539278 0.00658897 0.00265594 -0.00395087 -0.00647425 0.00194956 0.00484045 0.000739545 0.00161071 -0.0124204 0.00134017 -0.0192222 -0.00739824 0.00169675 0.00261692 -0.0132449 0.028295 0.00896051 0.00968792 0.00699525 -0.00709913 0.0013217
internal_weight=47699.3 42803.9 42139.9 4895.37 27306.5 19453.4 664.062 19075.5 16210.7 13564 8039.26 5324.5 2952.01 1284.05 5524.78 3564.25 3021.92 4062.53 7853.17 6688.82 1237.72 14833.3 13525.4 2839.41 10685.9 8007.06 1468.56 2678.88 1872.98 1164.34 6538.5 897.844 2372.49 2864.85 2326.37 2646.64 5451.1 5974.26 982.868 2189.55 5458.1 4382.9 1649.48 653.93 605.818 1389.63 2826.73 2610.01 2452.93 163.377 2714.77 69.8 482.116 582.318 2289.55 1045.8 15.8452 2733.42 2603.54 995.55 2282.53 693.531
internal_count=338362 258017 246755 80345 173440 127171 11262 123745 104259 88458 54707 38193 21783 10884 33751 22958 17032 57714 46269 41082 8151 73315 66533 14232 52301 39537 7250 12764 31713 5187 32287 4143 16410 19486 10925 15801 32931 29520 7236 26001 27057 21816 8195 3325 3067 9174 16127 12600 11701 758 16514 538 6828 3673 10943 19439 249 13621 13035 4870 15813 3958
is_linear=0
shrinkage=0.035


Tree=94
num_leaves=63
num_cat=6
split_feature=45 2 8 27 3 22 3 16 22 40 48 2 47 35 33 22 44 48 23 16 44 14 7 1 12 49 37 22 48 23 16 27 16 10 17 49 33 25 22 40 3 37 18 8 16 35 22 19 47 2 16 1 32 37 37 33 38 25 43 46 23 22
split_gain=224.597 113.218 63.2144 53.9027 49.8599 45.6552 67.8423 49.5171 54.8863 72.7285 51.8927 43.7284 45.3517 58.6947 43.5336 42.2863 40.8497 39.2033 35.3221 34.8411 34.7867 34.5339 33.0721 32.7844 31.7785 31.6239 30.2918 33.8502 29.3176 28.5278 28.0836 27.7079 36.2421 36.1111 27.032 26.6987 26.3451 26.1706 26.091 24.8814 24.632 23.7034 23.4222 23.0271 49.5039 34.2004 29.8482 26.8769 34.0224 36.7276 27.1556 31.2415 30.8047 28.7162 25.9054 28.3019 25.5283 26.2322 24.7326 24.5269 23.6193 24.5409
threshold=5.1250000000000009 104.99500000000002 19.500000000000004 1.0000000180025095e-35 19.500000000000004 3.5000000000000004 52.500000000000007 0 12.500000000000002 2493.3000000000002 10.500000000000002 942.3900000000001 259.22500000000008 8.5000000000000018 6.5000000000000009 59.500000000000007 141.21000000000004 2.5000000000000004 -1.0000000180025095e-35 1 77.850000000000009 22.500000000000004 0.27922077922077926 67.850000000000009 15.783333333333337 3.5000000000000004 21617.460000000003 25.500000000000004 4.5000000000000009 0.93301270189221952 2 4123.170000000001 3 957.67500000000007 24.980000000000004 3.5000000000000004 7.5000000000000009 259.21000000000009 89.500000000000014 1.0000000180025095e-35 168.50000000000003 480.12500000000006 2393.7525000000005 17.500000000000004 4 16.500000000000004 21.500000000000004 1291.0786363636366 5507.3600000000015 1738.4400000000003 5 681.3900000000001 inf 400.92000000000002 inf 6.5000000000000009 inf 211.40571428571431 10.500000000000002 5350.8600000000015 0.93301270189221952 39.500000000000007
decision_type=10 10 2 8 2 2 2 9 2 10 2 10 10 2 2 2 10 2 2 9 10 2 10 8 10 10 10 2 2 2 9 10 9 8 8 10 2 10 2 10 2 10 10 2 9 2 2 10 10 10 9 10 8 10 8 2 8 10 2 10 2 2
left_child=1 2 3 4 -1 6 19 23 9 37 11 12 14 40 -10 31 17 -5 36 28 22 -17 -2 -7 38 -15 -20 -28 41 -27 -4 33 -33 -12 -21 -11 -18 -9 -19 -24 -14 -3 -25 54 -45 -46 -47 -48 50 -50 52 53 59 -52 60 -56 57 -54 -53 -49 61 -13
right_child=20 5 30 16 -6 7 -8 8 10 35 15 43 13 25 -16 21 18 24 26 34 -22 -23 39 42 -26 29 27 -29 -30 -31 -32 32 -34 -35 -36 -37 -38 -39 -40 -41 -42 -43 -44 44 45 46 47 48 49 -51 51 58 56 -55 55 -57 -58 -59 -60 -61 -62 -63
leaf_value=-0.0067303122208445627 -0.020429817585086114 -0.012778875472820738 0.01221343108086562 -0.0067138748486608333 -0.03312768847179965 -0.0069094835795176076 -0.029531638251607841 -0.001103258079850233 0.0044480823026447147 -0.024328555423216703 0.004029011080430446 -0.00047909318740881106 0.01905207054060197 -0.011473672184469333 -0.0011006546769219106 0.0088888815123560078 -0.017310902226060017 -0.0054426896438093033 -0.0015332943893257528 -0.02189728177222729 -0.017369401443851833 0.025256449108241995 -0.023955177599794878 0.010515676860180855 0.0012849063700058054 -0.0032005822579471146 0.076942950952023206 -0.0017655479076655863 0.0056288140549687225 0.0060752071253675401 -0.013222036866952537 0.003418129419341305 -0.012027314263297178 0.015857487474003094 -0.0043867572552758081 -0.0073113648109046402 -0.0060211800877485316 0.012172215976899475 0.010973212305220718 -0.0050200431596522091 -0.011572884551378716 0.038769926548878508 -0.030366242906649164 0.0092920968883974352 -0.059439603394272365 -0.015451631041916462 0.01127787509583845 -0.005041245280934803 -0.0281126204707088 0.017304817009611412 0.028467041231715492 -0.015311889537352163 0.0035739153606142056 -0.02023982094804137 0.013644244221558461 0.0027787112473262898 -0.013623286080836673 0.023189903066953874 0.015220133655967437 -0.037199682251031797 0.022485183177944269 0.0062177469435244657
leaf_weight=396.22732204943895 224.13237988948822 181.3647623360157 51.172191739082336 1016.155621111393 111.84526360034943 155.77321553230286 116.71959745883942 3224.8905811309814 4091.9995096921921 210.96054615080357 2248.7064334154129 1267.6819756478071 207.8153070807457 501.16050526499748 3002.2969179153442 821.97021389007568 355.40204620361328 1448.2635519653559 1044.4989602863789 141.59644347429276 637.49403667449951 195.23623275756836 89.19821560382843 1351.137814283371 8984.9771907180548 3641.9248471558094 11.912861511111261 13.806399658322333 720.07144406437874 456.2022819519043 738.60356080532074 560.89874649047852 265.3897123336792 367.18227851390839 448.25345891714096 244.45237885415554 881.54661560058594 191.77885055541992 128.24879360198975 1509.0810256004333 37.338478744029999 10.663838207721708 16.449398756027222 675.34629821777344 11.486553907394407 165.56717245280743 226.18118317425251 204.05785942077637 23.974332809448242 175.44714546203613 44.275956928730011 433.20455840229988 303.34270186722279 21.195980966091156 801.138292491436 464.23554784059525 70.686416625976562 114.49283890426159 34.343222588300705 32.970424652099609 77.977645874023438 1421.2254721671343
leaf_count=5104 7701 973 452 9174 2775 770 2312 15815 19584 1149 10726 5961 977 2401 14833 4070 3559 17061 8297 1773 16798 1018 3387 6298 60676 18383 89 127 3635 2070 8794 2916 1376 1908 2516 1530 8399 923 1277 34150 211 50 73 3272 54 831 1092 951 113 904 248 2215 1468 100 3965 2306 337 635 179 148 382 7091
internal_value=-3.7233e-05 0.000523813 -0.00193863 -0.00140918 -0.012595 0.00177084 -0.00394471 0.00209716 0.00174588 -0.00210781 0.00239641 0.00157959 0.000317559 -0.00229264 0.00210004 0.0057853 -0.00099899 -0.000151359 -0.0052506 -0.00193797 -0.010334 0.0120521 -0.00786482 0.00821551 0.000480618 -0.00318317 -0.000593386 0.0362065 0.00236222 -0.00216677 -0.0115734 0.00393042 -0.00165529 0.00569475 -0.00847673 -0.0152303 -0.00927632 -0.000354758 -0.00410115 -0.00609111 0.0143596 -0.00973022 0.0100021 0.00387292 0.0012595 -0.00169933 -0.00131803 7.97551e-05 -0.00166397 0.0117317 -0.00379416 -0.00968887 0.000667873 0.0126313 0.00551623 0.00966328 0.00569813 0.00899151 -0.0130415 -0.00965195 0.00361686 0.00306153
internal_weight=47623.6 45163.7 15182.7 14392.9 508.073 29981.1 1618.67 28362.4 26839 3872.08 22967 18507.6 11938.7 4844.44 7094.3 4459.38 13884.8 11577.6 2307.17 1501.95 2459.91 1017.21 1822.41 1523.36 10561.5 4599.29 1070.22 25.7193 912.1 4098.13 789.776 3442.18 826.288 2615.89 589.85 455.413 1236.95 3416.67 1576.51 1598.28 245.154 192.029 1367.59 6568.83 2536.57 1861.23 1849.74 1684.17 1457.99 199.421 1258.57 533.02 725.55 65.4719 4032.26 1265.37 488.522 417.836 467.548 237.028 2766.89 2688.91
internal_count=338362 276326 125784 116538 7879 150542 11259 139283 132142 19417 112725 90711 58459 24042 34417 22014 108659 88188 20471 8947 62036 5088 45238 7141 79014 22854 8513 216 4658 20453 9246 16926 4292 12634 4289 2679 11958 16738 18338 37537 1188 1023 6371 32252 12547 9275 9221 8390 7298 1017 6281 2742 3539 348 19705 6271 2440 2103 2394 1099 13434 13052
cat_boundaries=0 1 2 3 4 5 6
cat_threshold=66744 9321 2056 20480 135168 16384
is_linear=0
shrinkage=0.035


Tree=95
num_leaves=63
num_cat=7
split_feature=46 17 46 26 42 39 3 12 48 26 35 50 22 3 18 22 16 22 41 41 27 18 8 39 30 26 18 37 26 8 16 22 1 16 18 48 48 16 42 18 36 27 32 43 18 16 22 16 50 19 48 16 22 49 46 28 41 8 12 36 41 3
split_gain=214.733 115.57 77.8921 60.3505 49.17 51.2257 48.6654 41.968 41.6082 43.3759 38.8882 40.5893 36.4806 75.9375 41.1317 35.9437 35.7363 128.969 62.4436 47.5027 43.95 42.483 56.6911 38.0648 45.5108 39.7273 35.3234 38.5896 33.1813 40.5628 32.9858 32.7511 34.8192 31.9463 31.702 34.0417 30.8074 30.3686 31.2901 29.9294 29.2762 28.8999 28.5563 27.1656 27.0973 26.4839 26.3449 25.3678 25.336 25.236 25.1665 24.9217 26.2359 24.7687 24.6343 23.6464 23.5691 31.6584 25.1161 23.0065 22.8088 44.8988
threshold=4.4850000000000012 1.0000000180025095e-35 529.6500000000002 223.50000000000003 1.5000000000000002 163.47000000000003 19.500000000000004 15.783333333333337 2.5000000000000004 146.50000000000003 8.5000000000000018 49.141025619619548 59.500000000000007 45.500000000000007 6453.9900000000007 15.500000000000002 0 29.500000000000004 2106.1800000000007 7398.2700000000013 19554.750000000004 5278.9345714285728 5.5000000000000009 145.61000000000004 8578.2800000000025 253.50000000000003 12867.354415584417 4372.6550000000016 70.500000000000014 14.500000000000002 1 13.500000000000002 2884.2600000000007 2 3408.0525000000007 7.5000000000000009 10.500000000000002 3 1.5000000000000002 1199.6145833333337 34.745000000000012 13395.420000000002 6036.5700000000006 11.500000000000002 6911.4450000000015 4 78.500000000000014 5 40.651723801087954 395.74500000000006 4.5000000000000009 6 10.500000000000002 12.500000000000002 120.62000000000002 1.0000000180025095e-35 1154.2700000000002 29.500000000000004 1471.1250000000002 293.85000000000008 90.945000000000007 26.500000000000004
decision_type=8 8 8 2 2 10 2 10 2 2 2 10 2 2 8 2 9 2 10 10 8 10 2 8 8 2 10 8 2 2 9 2 10 9 10 2 2 9 2 10 8 10 8 2 10 9 2 9 10 10 2 9 2 10 10 10 10 2 8 10 10 2
left_child=3 6 4 37 5 8 -2 -5 -3 41 59 26 13 30 15 39 19 18 21 31 23 28 -23 24 25 53 27 33 -18 -30 -11 47 56 -12 35 -20 -14 38 -1 55 -31 -10 -25 -21 -40 48 -7 -4 -26 54 -49 -29 -53 -19 -35 -15 57 58 -33 -6 -52 -62
right_child=1 2 16 7 10 46 -8 -9 9 12 11 -13 36 14 -16 -17 17 20 34 43 -22 22 -24 42 45 -27 -28 51 29 40 -32 32 -34 49 -36 -37 -38 -39 44 -41 -42 -43 -44 -45 -46 -47 -48 50 -50 -51 60 52 -54 -55 -56 -57 -58 -59 -60 -61 61 -63
leaf_value=-0.010124518058960199 -0.0078687707538200643 -0.010615029144339672 0.0087378914754854802 -0.018708004573622847 0.0038829910629973475 -0.013491006774056558 -0.029024546921278024 -0.0077128510018711341 0.0031462215427991084 -0.0046669311692368407 0.0029116973667931345 -0.0038127034755445943 -0.0011060893661350229 -0.015878946907061365 -0.027127131108873305 -0.0055981830508758249 -0.007798949423893438 0.0037676888008947224 -0.044249228579939737 -0.021342745807110972 -0.0080529107152242357 0.016855350119663583 -0.026135052119047507 -0.0015909719415820014 -0.0076226860535518158 0.010416207988079688 -0.020301334008612823 0.016917175489934232 0.005676491923104131 0.0070800451850864879 0.0050684399567333541 0.0011195772851448009 0.020055286382277798 -0.0035305689419432352 -0.0072763752499711556 -0.015407703162255152 0.011832178624893898 0.0012315621411625316 -0.0034109114336790714 -0.031807356709599596 -0.0062575475613865167 -0.019847084752029794 0.010183824764557554 0.034801122302779548 0.018309034603678418 -0.0063424402042847414 0.017021849789282967 -0.0041588996480819099 0.0060887289532393024 -0.0066388013119543492 0.0068067833926486005 -0.010156684719373617 0.0039410458698194845 -0.008226091616816443 0.0030856512073765639 0.013979464606884786 0.012175071674712566 -0.028556700232554823 0.012148649219248808 0.024652913659327692 -0.014173379042675823 0.0043681344749733749
leaf_weight=1118.1041952371597 472.87079906463623 595.1828815639019 797.4911527633667 773.01356562227011 2972.0617900639772 629.47457778453827 185.10664844512939 949.34420339018106 2605.8428173065186 777.29730653762817 2116.0677588433027 2770.2545547485352 818.37318086624146 166.47209414839745 150.24021561443806 1391.867740124464 645.99590116739273 3230.1370582729578 70.085189819335938 114.29486000537872 357.38006961345673 47.390104681253433 170.20205220580101 292.90030002593994 223.13995361328125 1182.8582592010498 93.720333099365234 162.80558443069458 1200.9901479557157 255.29837389290333 917.90525794029236 717.43976244330406 292.58669281005859 1541.6110048890114 343.05255341529846 177.08886241912842 310.08672332763672 857.26592933479697 357.47730910778046 125.80467213690281 945.12935695797205 67.74052619934082 1808.4736938476562 10.722653269767759 86.549295425415039 811.18785929679871 35.847599625587463 680.12500298023224 626.05728149414062 1202.525338858366 1146.7402458786964 168.5594390630722 3517.3049030303955 224.72569309175014 1245.3859179019928 39.488249748945236 687.56155847012997 34.537421226501465 389.86193411052227 65.844151496887207 223.26712542772293 557.19010257720947
leaf_count=20574 6760 6938 3829 19832 15141 7105 5305 14446 20274 7156 11272 14195 7867 2369 1943 15616 3099 14943 377 725 1716 215 1150 1553 1104 5674 590 720 5603 1487 7478 3265 1570 9486 2170 1107 3096 11506 2763 2250 4471 560 9904 65 657 3952 349 3148 2997 6566 5441 793 17690 1195 6142 595 3239 175 1938 336 1116 2764
internal_value=-3.63153e-05 0.000690247 0.000914435 -0.00764973 -0.000375782 -0.0025013 -0.0138555 -0.0126556 -0.00172131 -0.00100185 0.000781372 -6.25585e-05 -0.00302714 -0.00476115 -0.00961497 -0.00807368 0.00264425 0.00160315 -0.00372909 0.00495518 0.00395267 -0.00183324 -0.0167378 0.00446438 0.00310253 0.00488246 0.000971643 0.00117395 -0.000763888 0.00113104 0.00060675 0.00544756 0.00885979 -0.000556279 -0.0141957 -0.0237309 0.00245651 -0.00408233 -0.00696076 -0.0184112 -0.00341747 0.00255644 0.00854262 -0.0162894 0.000854351 -0.00186907 -0.0118239 0.00331898 0.00245227 -0.00239727 0.0016191 0.00391824 0.00328485 0.00298538 -0.000574026 -0.0101144 0.00705925 0.00397078 0.00501018 0.00434113 0.0036677 -0.000947427
internal_weight=47551.4 43409.7 42751.7 4141.75 24487.8 8631.62 657.977 1722.36 7966.3 7371.12 15856.1 12818.2 4697.54 3569.08 1873.87 1723.63 18263.9 12612.1 3855.23 5651.82 8756.86 3265.01 217.592 8399.48 6298.11 4637.72 10048 9954.26 3047.41 2401.42 1695.2 5526.8 2121.99 6105.59 590.227 247.174 1128.46 2419.4 1562.13 331.765 1200.43 2673.58 2101.37 125.018 444.027 1660.39 665.322 3404.81 849.197 3989.52 2607.32 3848.67 3685.86 3454.86 2787 205.96 1829.4 1141.84 1107.3 3037.91 1927.2 780.457
internal_count=338362 268584 256519 69778 166527 83596 12065 34278 76142 69204 82931 67454 48370 37407 22773 20830 89992 62717 19679 27275 43038 16025 1365 41322 29865 21812 53259 52669 14660 11561 14634 26485 10187 33466 3654 1484 10963 35500 23994 5214 5958 20834 11457 790 3420 8053 7454 16298 4101 22194 12469 19203 18483 16138 15628 2964 8617 5378 5203 15477 9321 3880
cat_boundaries=0 1 2 3 4 5 6 7
cat_threshold=136328 30864 197865 29066 16384 1152 74848
is_linear=0
shrinkage=0.035


Tree=96
num_leaves=63
num_cat=9
split_feature=2 17 2 47 49 48 16 17 22 26 26 18 22 47 41 18 8 19 16 30 32 16 48 8 40 18 17 13 22 41 16 8 7 17 39 46 12 18 15 41 16 40 27 48 16 0 41 17 32 22 16 25 16 16 15 40 29 30 39 40 29 37
split_gain=204.161 103.522 70.3466 55.2817 52.182 51.7641 57.108 53.2058 67.8685 53.9104 60.3851 47.4491 53.444 48.8596 47.5504 46.0535 44.7127 46.4128 42.1549 41.3263 35.5979 35.2306 33.6466 32.8158 31.4401 32.4585 30.6637 29.9365 29.6651 67.2115 50.1616 61.2661 29.3911 29.3326 29.1113 28.985 28.7339 28.6409 27.774 27.6639 26.7225 26.705 26.2584 27.4952 27.1411 25.6098 25.2276 25.0963 25.0797 24.3838 38.9761 33.2428 26.6376 24.1947 24.1881 27.4046 24.0988 23.4007 23.1354 23.0699 22.7381 21.9139
threshold=4.3500000000000005 1.0000000180025095e-35 616.59000000000003 6.7950000000000008 14.500000000000002 3.5000000000000004 0 486.88000000000005 7.5000000000000009 100.50000000000001 314.50000000000006 12867.354415584417 48.500000000000007 1416.7800000000004 8026.2000000000007 370.30641666666673 6.5000000000000009 819.42300000000012 1 671.13000000000022 685.98000000000013 2 11.500000000000002 9.5000000000000018 2971.6500000000001 5655.8175000000019 872.80000000000007 0.46410256410256417 48.500000000000007 8689.8600000000024 3 14.500000000000002 0.23611111111111113 8447.4900000000016 111.09000000000002 629.97000000000014 1877.53 12867.354415584417 0.44435442338374026 3416.6700000000001 4 241.37500000000006 1.0000000180025095e-35 2.5000000000000004 5 173.51000000000002 6540.3000000000011 13571.190000000001 370.00000000000006 13.500000000000002 6 122.88545454545458 7 8 0.23542026703711527 3741.1716666666671 207.50000000000003 2396.1600000000003 163.47000000000003 4779.300000000002 237.50000000000003 4990.7700000000013
decision_type=10 8 8 8 10 2 9 8 2 2 2 8 2 10 10 10 2 10 9 10 10 9 2 2 10 10 10 10 2 10 9 2 10 8 10 8 10 10 8 10 9 10 8 2 9 10 10 10 10 2 9 10 9 9 10 10 2 10 10 10 2 10
left_child=3 15 4 32 5 6 16 39 18 26 11 12 14 24 23 40 19 45 -9 -3 42 -6 28 46 -14 38 41 -23 29 30 31 36 -1 57 -13 54 -4 -30 -26 58 -2 -10 -5 -44 -45 -18 -11 61 -29 50 60 52 -51 -37 55 -25 -46 -33 -7 -43 -32 -31
right_child=1 2 22 20 21 7 -8 8 9 10 -12 34 13 -15 -16 -17 17 -19 -20 -21 -22 27 -24 35 25 -27 -28 48 37 47 49 33 -34 -35 -36 53 -38 -39 -40 -41 -42 59 43 44 56 -47 -48 -49 -50 51 -52 -53 -54 -55 -56 -57 -58 -59 -60 -61 -62 -63
leaf_value=-0.024494773891435642 0.00051273787296433621 0.00077025811732390581 0.0012109829320683871 -0.015504995746694616 -0.01007425114851764 0.0051433073342554312 -0.011286316131925571 -0.019441641181245046 0.021181789419017785 0.0012703504002925924 0.0088085222340768734 -0.020484835250001013 0.010354587444994866 -0.015830144851359043 -0.018239279197960066 -0.028787266187047442 -0.0035477954705276761 -0.0130818029480136 -0.0035257284103478947 0.025248858308648054 -0.016647295640159567 -0.0080738023004034865 0.0082585686018787595 -0.0064418898114663083 0.0041364365657719062 0.0050140120294212883 0.008020140185205419 0.0088708566641931604 0.0059206629680004169 -0.0056849884168492341 -0.01850105226698736 0.012023263177111502 -0.010626922158372876 -0.030818633188562424 -0.0020945315481449142 -0.0066330085746041786 0.020756641308212153 -0.0053835102518754018 -0.0030966926555065191 -0.030625200827028177 -0.015467324573849398 -0.0046145714659318283 -0.013929222423146384 -0.0073241908634672573 -0.0031674534875613725 0.0040816023782354327 0.033596925531266628 0.004558385981979325 -0.0033188513516524279 0.001162397063055163 0.0019038458277421063 0.008452188004749478 0.010731707989390129 0.0058713329116119334 -0.0029748753912272317 -0.019355965055882864 0.0048141364685454673 -0.0091519888574045933 -0.011121379743462232 0.015079322116067084 0.0027777255597510979 -0.027299374285516601
leaf_weight=223.77593531832099 260.33396577835083 209.11879596114159 655.62339895963669 204.21834349259734 992.89332064986229 4176.955259013921 853.75273418426514 306.36494493484497 63.530308485031128 1880.7000042945147 853.78538417816162 235.23448094725609 574.98842835426331 180.77092361450195 228.98576629161835 166.53156769275665 1397.2207247018814 434.34620904922485 614.53277730941772 140.8341363966465 271.19607109203935 503.63294616341591 1300.1905212402344 966.40080812573433 976.91064774990082 2122.491749048233 1715.4234924316406 410.34935295581818 3433.4593825340271 90.373096466064453 197.10100275278091 68.318758130073547 1150.9282734394073 70.776929616928101 190.90539026260376 266.21072006225586 106.2299633026123 297.65438842773438 1940.3186765909195 26.304483652114868 248.95381009578705 627.62808752059937 236.07359701395035 690.71196642518044 940.46712258458138 876.05230319499969 29.048103332519531 66.594877243041992 414.92824304103851 2724.661319732666 2517.3803405165672 1752.4671382904053 400.49159669876099 593.67384187877178 2153.3657749891281 253.98421311378479 911.60687005519867 842.98119163513184 109.04085929319263 81.436104297637939 88.881831109523773 159.88038635253906
leaf_count=7764 3021 1468 3092 4079 9451 25014 6347 2564 271 11209 4701 1767 3713 955 2077 4250 10932 2633 3732 744 4586 7790 6782 7520 5225 11875 8983 2515 17295 515 1239 353 25898 373 1441 1291 523 1441 11606 300 4422 2747 3673 9207 13250 4723 163 400 2637 12588 12093 8972 1929 2778 12795 2038 9843 4209 710 339 523 988
internal_value=-3.54108e-05 0.000718976 0.000936879 -0.0070175 -0.000112693 0.000352096 -0.00334656 0.00103561 0.000148024 0.000682125 -0.000193636 -0.000804571 -0.000402042 0.00203007 -0.00261395 -0.0128608 -0.00108615 -0.00261238 -0.00908512 0.0106652 -0.00452914 -0.00513137 0.00288358 -0.00202866 0.00260782 0.0017221 0.0054138 -0.00134762 0.00236429 0.00134764 0.0018813 -0.00346557 -0.0129005 -0.00925943 -0.0122704 -0.00374644 0.00395999 0.00501766 -0.000673902 0.00450432 -0.00760682 -0.000376038 -0.00342225 -0.00252904 -0.00146558 -0.000607149 0.00177938 -0.0144826 0.00274559 0.00309605 0.000498593 0.00459486 0.0024298 0.00198807 -0.00520818 -0.00914319 0.000757544 -0.00755307 0.00472702 -0.00233467 -0.0115004 -0.0195475
internal_weight=47480 42851 42175.2 4628.98 27402.1 25080.3 3911.32 21169 16856.7 15935.8 13447.8 12594 12167.8 5795.48 6372.37 675.819 3057.57 2707.62 920.898 349.953 3254.27 2321.8 14773.1 6143.38 5614.71 5039.72 2488.02 1328.91 13472.9 9741.76 9424.91 1743.93 1374.7 982.077 426.14 4233.64 761.853 3731.11 2917.23 4312.3 509.288 772.595 2983.08 2778.86 2542.79 2273.27 1909.75 316.848 825.278 7680.98 2803.36 4877.62 3125.15 859.885 3373.75 1220.39 1852.07 911.3 4286 709.064 285.983 250.253
internal_count=338362 260062 248369 78300 175054 152661 26847 125814 99790 93494 81154 76453 73245 33374 39871 11693 20500 18288 6296 2212 44638 22393 73315 37794 32419 28706 12340 12942 66533 47797 45894 8550 33662 4935 3208 26422 3615 18736 16831 26024 7443 3357 40052 35973 32300 15655 11372 1903 5152 37344 13855 23489 14517 4069 22353 9558 23093 4562 25724 3086 1762 1503
cat_boundaries=0 1 2 3 4 5 6 7 8 9
cat_threshold=22000 86304 22569 2369 133197 28808 16384 147456 6400
is_linear=0
shrinkage=0.035


Tree=97
num_leaves=63
num_cat=8
split_feature=46 17 2 29 8 16 13 3 37 18 47 12 39 48 3 27 35 16 37 49 16 30 32 16 48 8 35 47 27 16 40 18 3 17 33 41 8 29 16 18 44 36 16 30 35 46 47 18 40 3 46 37 46 51 16 5 49 18 3 47 48 15
split_gain=193.08 102.672 68.9474 56.1098 50.7144 62.4068 54.0962 46.757 42.4906 58.0479 44.2182 40.7451 39.6422 38.0459 37.1693 35.3228 33.7688 46.5115 49.5428 33.5753 31.6687 29.4236 28.8699 26.9703 26.6162 28.3572 46.1872 36.0265 32.6554 29.8986 48.8858 49.8915 34.3835 31.204 29.4966 27.9595 26.1191 25.278 24.6571 24.5836 34.8916 23.6177 24.7019 23.3987 24.0931 23.3823 22.272 22.2152 28.2212 22.1634 21.8238 30.7294 24.645 24.5906 26.6688 22.3735 21.5745 21.4313 20.7684 20.7565 20.491 20.9077
threshold=4.4850000000000012 1.0000000180025095e-35 672.21000000000015 192.00000000000003 9.5000000000000018 0 0.18465909090909094 19.500000000000004 4558.6800000000012 12867.354415584417 1610.7100000000003 211.39500000000001 163.47000000000003 3.5000000000000004 190.50000000000003 1.0000000180025095e-35 16.500000000000004 1 88.560000000000016 14.500000000000002 2 45.610000000000007 236.50000000000003 3 11.500000000000002 20.500000000000004 20.500000000000004 368.07000000000005 9901.5300000000025 4 3367.5900000000006 4736.4725000000008 49.500000000000007 1775.1650000000002 1.5000000000000002 1276.9200000000003 14.500000000000002 298.50000000000006 5 12867.354415584417 1423.2 37.470000000000006 6 23358.760000000002 13.500000000000002 1283.2200000000005 1610.7100000000003 7330.554000000001 3907.5300000000002 201.50000000000003 1149.7800000000002 328.76000000000005 1759.1050000000002 26.574339102944663 7 77.035000000000011 5.5000000000000009 4736.4725000000008 94.500000000000014 8.4800000000000022 3.5000000000000004 0.0059384444420585644
decision_type=8 8 10 2 2 9 10 2 8 10 10 10 10 2 2 10 2 9 8 8 9 10 10 9 2 2 2 8 10 9 8 10 2 10 2 8 2 2 9 10 10 8 9 10 2 8 10 10 8 2 8 10 10 8 9 10 10 10 2 8 2 10
left_child=3 7 4 15 11 16 -7 -2 13 10 14 12 23 -8 20 -1 17 -6 -19 41 22 -17 56 59 25 29 -27 -28 50 32 31 34 -4 -32 -31 -36 -37 -11 -5 43 -41 -15 57 44 -35 -44 -13 48 -25 -33 53 52 -52 -29 55 -55 -10 -43 -42 -3 -46 -62
right_child=1 2 24 38 5 6 8 -9 9 37 -12 46 -14 19 -16 21 -18 18 -20 -21 -22 -23 -24 47 -26 26 27 28 -30 30 33 49 -34 39 35 36 -38 -39 -40 40 58 42 45 -45 60 -47 -48 -49 -50 -51 51 -53 -54 54 -56 -57 -58 -59 -60 -61 61 -63
leaf_value=-0.02659620906758001 -0.0073579709467041232 -0.0041444661477892802 0.0078954817435204199 -0.010014336052618531 -0.0050467414853195012 -0.010177544753118309 -0.0088667298175283994 -0.028436596565030586 0.0034409840220955687 -0.018006081680602071 -0.0090655978052014263 0.0054290591435493547 -0.014080625328388852 0.00098559222333731737 0.0063032449969081493 -0.016495915795328546 0.0098979991992750524 -0.00076265490748758224 0.012675823896752179 -0.0075620482031977668 -0.0018826655703006103 -0.0071008957045551168 -0.0022692355062671173 -0.0066319654711910194 0.0078922682877993772 -0.043102255659961307 0.022891589722489818 0.0069743154045528982 -0.019604281740949622 -0.011104063092381803 0.019013620230168636 -0.016601408163286209 -0.030925043480594324 0.0017116140321002827 -0.0055107810184179011 0.0054504972840472218 -0.0010123838136726507 0.0053458929679779197 -0.00084309159121149645 -0.010357013634528895 0.031998091042152725 0.00073858956463199264 -0.0075936605231782719 -0.0090141314520152723 0.00047582681776164241 0.0072831552208306337 0.028724522882075169 -0.030179580711546274 0.005033423651833892 -0.058942792355919107 0.0076319802491077397 0.0045489265465570644 -0.015705146913011031 0.014976002939450658 -0.016302398472521077 -0.019355755948865943 0.013228964041821872 -0.0091608927632478195 0.0016549987806444338 0.0032925258624534213 0.0003457997383463535 0.010316902279671429
leaf_weight=168.41364626679569 467.50670146942139 520.71794643998146 1778.659553527832 462.7528247833252 833.34021759033203 902.25740391947329 1155.7526043653488 177.59622097015381 693.26521503925323 277.84372138977051 463.59677076339722 2475.2125988006592 216.53166961669922 3294.8372804522514 1846.0096075534821 582.82685220055282 781.43639469146729 726.39495733380318 624.22083100676537 1180.2870635986328 2803.8388981670141 1370.0540272016078 572.24446547031403 753.32513828761876 1193.1793823242188 30.924002647399902 75.486590147018433 123.05844768881798 115.01543506979942 268.82668946683407 180.10142628848553 61.616091728210449 27.431081771850586 1328.5576748102903 684.97566686570644 1573.312798500061 1491.4734559059143 70.813322067260742 1512.9667682647705 296.98886108398438 40.257144808769226 1931.2071426585317 1505.2565215826035 139.39872717857361 422.0807006508112 140.80152118206024 50.383869647979736 36.250093460083008 382.17627673223615 19.70412015914917 78.193762578070164 1065.8953078016639 185.33450889587402 74.909386157989502 278.94655895233154 32.556638240814209 458.29182934761047 310.01785349100828 84.031856656074524 3875.2182826697826 299.76272527873516 1833.8072101473808
leaf_count=5283 6760 5686 8832 7375 5669 18316 7485 5305 3267 2099 2559 12037 1955 21557 11278 15375 4075 5631 3291 10479 14752 20631 3692 5149 6247 154 387 665 639 1239 900 337 173 6616 3151 7296 7248 516 21114 1573 181 9947 8293 787 2002 633 258 329 2684 93 372 5440 936 359 1369 145 2622 1641 395 21997 1625 9461
internal_value=-3.51745e-05 0.000651868 0.000861549 -0.00729656 -0.000110482 -0.00104263 -0.00183362 -0.0131959 -0.00138344 0.000648125 0.00135927 0.00219697 0.000577189 -0.00291712 0.00211884 -0.0112483 0.00364664 0.00142304 0.00541301 -0.00209387 0.000411754 -0.0099118 0.00412963 0.00114967 0.00289803 0.00242417 -0.00133049 -0.000673057 -0.00159469 0.00315881 0.00230045 -0.000479522 0.00724897 0.00476935 7.29919e-05 0.00087704 0.00230604 -0.0132615 -0.00305009 0.00418804 -0.00384912 -0.00119432 -0.00304179 0.00503029 0.00553652 -0.00627934 0.00590497 -0.00354949 -0.00270477 -0.0274522 -0.000458218 0.00190257 -0.00877791 -0.00661016 -0.0109432 0.00411346 0.00734446 -0.000631417 0.0116601 0.00240537 0.00752345 0.0089168
internal_weight=47408.1 43311.1 42666 4097.01 28881.5 20571.7 17606.3 645.103 16704.1 7185.9 6837.25 8309.82 5784.22 9518.16 6373.65 2121.29 2965.39 2183.96 1350.62 8362.41 4527.64 1952.88 1723.8 5567.69 13784.5 12591.3 2060.32 2029.4 1953.91 10531 8724.9 4099.91 1806.09 4624.99 4018.59 3749.76 3064.79 348.657 1975.72 4444.88 421.278 7182.12 3887.28 4023.61 3884.21 1646.06 2525.6 1171.75 1135.5 81.3202 1838.89 1329.42 263.528 509.471 386.413 107.466 1151.56 2241.22 124.289 4395.94 2555.65 2133.57
internal_count=338362 268584 256519 69778 187897 137802 119136 12065 100820 40785 38170 50095 37800 60035 35611 41289 18666 14591 8922 52550 24333 36006 9581 35845 68622 62375 10466 10312 9925 51909 42904 19364 9005 23540 18934 17695 14544 2615 28489 22640 2149 42071 20514 20491 19704 8926 12295 8162 7833 430 9286 6748 1308 2538 1873 504 5889 11588 576 27683 13088 11086
cat_boundaries=0 1 2 3 4 5 6 7 8
cat_threshold=66792 136 24576 134640 5248 20618 131345 131080
is_linear=0
shrinkage=0.035


Tree=98
num_leaves=63
num_cat=5
split_feature=45 22 16 46 44 8 16 22 18 26 26 35 32 10 27 9 7 35 47 2 16 28 47 49 49 3 44 45 46 37 3 18 18 26 7 48 49 41 16 22 32 29 3 29 16 32 8 22 37 41 33 49 17 32 22 40 41 48 33 40 26 27
split_gain=183.184 96.732 125.002 73.9094 60.2052 54.0065 43.0342 72.5933 113.234 69.9388 56.5138 47.5337 46.1867 43.0603 41.0722 45.5047 37.9233 36.3504 35.9583 35.2148 34.0726 89.0906 42.6076 42.1009 42.6702 33.7939 33.4191 32.282 31.4135 30.884 49.0887 31.2485 30.7161 30.3256 29.9918 29.9411 38.5704 29.6694 30.5558 40.2713 28.5625 29.7729 27.9965 27.9366 27.8378 28.4649 27.7564 27.1433 32.7096 26.3119 25.6679 25.5743 25.5047 25.4292 26.2478 25.124 24.7372 24.3723 39.6721 29.075 25.6887 25.3785
threshold=5.1250000000000009 1.5000000000000002 0 145.10000000000005 109.39500000000002 16.500000000000004 1 19.500000000000004 2990.8328571428578 70.500000000000014 192.50000000000003 22.500000000000004 1821.1500000000003 842.13000000000011 13395.420000000002 435.7650000000001 0.6515151515151516 6.5000000000000009 440.30000000000001 5270.7600000000011 2 508.41000000000008 1284.3000000000002 3.5000000000000004 13.500000000000002 49.500000000000007 77.850000000000009 1.8819444444444446 2401.7800000000007 2274.2800000000002 61.500000000000007 12867.354415584417 9753.7154166666678 223.50000000000003 0.27922077922077926 3.5000000000000004 7.5000000000000009 1154.2700000000002 3 78.500000000000014 1821.1500000000003 115.50000000000001 161.50000000000003 253.00000000000003 4 38.370000000000012 16.500000000000004 41.500000000000007 5956.29 167.37000000000003 8.5000000000000018 1.0000000180025095e-35 10266.120000000001 6036.5700000000006 13.500000000000002 390.44166666666678 3048.6600000000003 10.500000000000002 6.5000000000000009 3367.5900000000006 70.500000000000014 1536.9200000000003
decision_type=10 2 9 8 8 2 9 2 10 2 2 2 10 8 10 10 10 2 10 10 9 8 10 10 8 2 10 10 10 8 2 10 10 2 10 2 10 10 9 2 8 2 2 2 9 10 2 2 8 10 2 8 10 10 2 10 10 2 2 8 2 10
left_child=1 2 43 4 16 27 11 8 9 -8 -11 25 14 50 15 18 -3 32 57 49 21 -20 56 -22 -25 53 34 51 33 30 35 37 -10 -24 -2 36 -18 38 39 -31 41 -39 46 -1 45 -17 -35 52 -49 -13 -12 -6 -16 54 -5 -40 -23 58 59 60 -9 -62
right_child=26 3 -4 6 5 -7 7 12 17 10 13 19 -14 -15 47 44 29 -19 20 -21 23 22 28 24 -26 -27 -28 -29 -30 31 -32 -33 -34 42 -36 -37 -38 40 55 -41 -42 -43 -44 -45 -46 -47 -48 48 -50 -51 -52 -53 -54 -55 -56 -57 -58 -59 -60 -61 61 -63
leaf_value=-0.030486434695647654 -0.019396128261818295 -0.0073316560160928074 -0.0021175020407641575 0.005119461905330411 -0.012552076367335444 -0.012521992513523757 -0.011555055940414815 -0.0033756934513530755 -0.010754390641320792 0.0062452430501848391 -0.0082634812701354397 -0.018140819094265462 -0.0045298342880829342 0.010440974817475966 -0.03770014140295673 0.01525029983090043 -0.015042666078278494 -0.019739010759496835 0.013296356130313648 0.011528606303316402 -0.0077023859001716013 -0.0042268684088760103 -0.021375482111354083 0.0059333513740995967 -0.011423234332392332 -0.024431377829503716 -0.016524915489151932 -0.0077780038451126538 0.0044786856810727247 -0.0027339156989666922 -0.0084088420458585146 -0.016168693417599148 0.021285743413330966 0.0083518717734055534 -0.0053603794450025775 0.0023623763804263955 0.0025266903040137216 0.011686811349140904 0.010969974275532082 0.0056442335393490544 0.011169990095727217 -0.00011744343200830037 0.0019152893935048872 -0.0094261990232718338 0.004148646265173841 -0.0074006865432577149 -0.022124841462510498 0.015856088908498364 -0.0044251532856201927 -0.0010449681519277723 -0.0006603476315932775 0.0012111171197786445 -0.0085954972927859644 -0.021205088778545156 0.011659940529645226 -0.0074185589362302769 0.0066382336880033638 0.0083369138218555728 0.00010683829479353859 0.0081583152019977841 0.014298873617964055 0.0025382905516227925
leaf_weight=301.08089858293533 211.06849521398544 782.56439161300659 1182.2846246445552 3353.2832896411419 181.39687187969685 891.42390727996826 598.43498170375824 654.78039285540581 124.33732825517654 1662.4402811527252 900.70831060409546 214.82929703593254 1136.5491433143616 298.55837917327881 48.18991756439209 761.57987904548645 308.4892578125 541.63935559988022 366.15432673692703 125.79966735839844 393.62958383560181 916.83201110363007 352.38591696321964 2275.970981836319 186.90873217582703 43.229284763336182 612.78443098068237 1009.4959769248962 134.93240165710449 2659.0680649578571 1019.4045429229736 111.47428423166275 50.805997848510742 45.338293343782425 1562.9855433106422 2281.7061252593994 302.35801315307617 346.35392424464226 531.70614503324032 954.17537021636963 771.39597371220589 1061.9596433639526 203.38354051113129 105.19288605451584 931.95095875859261 74.023789167404175 179.69284607470036 114.51283764839172 620.89446425437927 225.7783479988575 1371.3377041816711 1772.4178325384855 151.21369171142578 39.757811069488525 969.3964652121067 109.0385684221983 355.38539612293243 1302.4057722091675 3053.6708388328552 2171.0894637107849 286.44573473930359 1033.8757679462433
leaf_count=6777 7701 10899 11322 15884 842 10034 2959 3041 618 7747 4673 1025 5865 1542 241 4325 2349 3532 1844 615 1810 4415 1725 10654 1044 238 16798 12074 638 15684 8476 859 276 210 37537 16849 2359 3359 2555 5487 4105 9055 1011 901 5019 354 865 548 3065 1136 6909 11816 732 189 4940 663 1673 6508 15034 10653 1326 4978
internal_value=-3.46986e-05 0.000467052 -0.00801301 0.000777863 -0.00119956 -0.00497343 0.00183361 0.00120073 -0.00229293 -0.000365796 0.00121841 0.00478652 0.00229341 -0.00203367 0.00276039 0.00318533 9.50391e-05 -0.0152642 0.0025129 -0.0047417 0.000282291 -0.00264952 -0.00533503 0.00290285 0.00461205 0.00602315 -0.00948121 -0.00269921 -0.0110876 0.000651467 -0.00180857 0.00212185 -0.00139203 -0.0137799 -0.00704027 0.000519624 -0.00635625 0.00244123 0.000739432 -0.000519051 0.00576064 0.00279187 -0.00749703 -0.0244692 0.00847376 0.0130809 -0.0159747 -0.00436329 -0.00124985 -0.00940268 -0.00367677 -7.24584e-05 -0.0157822 0.00633047 0.00658858 0.00771383 -0.00118895 0.0039322 0.00313437 0.00536359 0.00228898 0.00509866
internal_weight=47342 44955.1 1588.56 43366.6 15094.4 3854.73 28272.1 23300.1 5548.26 4831.48 4233.04 4972.07 17751.8 2570.6 16615.2 15680.4 11239.7 716.783 13912.9 566.407 5410.61 2554.1 2187.95 2856.51 2462.88 4405.67 2386.84 2963.31 915.733 10457.1 3911.96 6545.17 175.143 780.801 1774.05 2892.55 610.847 6433.7 4253.99 3613.24 2179.71 1408.31 428.415 406.274 1767.55 835.604 225.031 934.811 735.407 440.608 2272.05 1953.81 199.404 4362.44 4322.68 640.745 1272.22 8502.27 7199.86 4146.19 1975.1 1320.32
internal_count=338362 276326 19000 257326 117465 34766 139861 115834 28256 23830 20871 24027 87578 13124 81713 77127 82699 4426 67429 2776 25889 12381 10537 13508 11698 21251 62036 24732 4449 71800 30033 41767 894 3811 45238 21557 4708 40908 24389 21171 16519 12414 2086 7678 9698 4679 1075 4586 3613 2161 11582 12658 973 21013 20824 3218 6088 41540 35032 19998 9345 6304
cat_boundaries=0 1 2 3 4 5
cat_threshold=151938 5368 2304 160133 16384
is_linear=0
shrinkage=0.035


Tree=99
num_leaves=63
num_cat=6
split_feature=2 40 42 47 43 37 33 29 16 33 22 33 26 16 22 31 50 35 26 41 47 1 22 44 48 52 40 33 3 3 41 22 30 2 40 8 1 35 36 2 19 45 16 41 26 16 41 3 0 40 22 48 16 49 48 16 3 22 35 33 15 2
split_gain=174.788 90.7035 62.4966 99.5061 56.5923 81.7569 58.6245 50.2198 47.3887 46.9418 59.6374 44.972 46.2526 58.6567 45.9852 53.3266 42.0287 41.2305 40.057 42.9175 47.2219 38.2281 37.4343 37.0311 36.0288 35.8512 35.252 34.611 34.6038 34.5912 31.4736 35.4897 30.3524 38.7753 29.229 29.1677 42.0252 34.6135 28.4509 27.9668 33.1448 27.9624 26.7628 26.7601 30.6786 42.7642 26.7415 26.1228 25.5875 30.3303 32.2868 25.3918 24.0066 23.8436 31.2625 28.7273 26.1921 61.8583 26.3703 23.2957 23.0716 22.5616
threshold=4.3500000000000005 1.0000000180025095e-35 3.5000000000000004 inf 1.5000000000000002 inf 6.5000000000000009 192.00000000000003 0 9.5000000000000018 65.500000000000014 6.5000000000000009 70.500000000000014 1 16.500000000000004 1.0000000180025095e-35 0.37267799624997611 8.5000000000000018 100.50000000000001 988.56000000000029 340.02000000000004 inf 35.500000000000007 31.755000000000003 10.500000000000002 3.5000000000000004 2493.3000000000002 1.5000000000000002 201.50000000000003 254.50000000000003 7398.2700000000013 25.500000000000004 23358.760000000002 5270.7600000000011 3367.5900000000006 20.500000000000004 1155.3000000000004 7.5000000000000009 159.42000000000004 1982.3400000000004 3511.8900000000003 1.1715686274509807 2 2714.6700000000005 223.50000000000003 3 2714.6700000000005 42.500000000000007 1432.9500000000003 241.37500000000006 4.5000000000000009 10.500000000000002 4 13.500000000000002 3.5000000000000004 5 61.500000000000007 19.500000000000004 17.500000000000004 7.5000000000000009 0.62299753973487093 514.35000000000014
decision_type=10 8 2 8 2 8 2 2 9 2 2 2 2 9 2 2 8 2 2 8 10 8 2 8 2 2 8 2 2 2 10 2 10 10 8 2 10 2 8 10 10 10 9 8 2 9 8 2 10 10 2 2 9 8 2 9 2 2 2 2 8 10
left_child=7 -2 3 4 5 8 -7 16 -3 11 42 12 34 -14 26 35 22 18 38 20 -20 32 -1 -10 -19 -6 48 -9 -21 39 53 -32 33 43 -5 37 -37 -16 -4 40 -26 -31 -11 -13 45 -45 -44 -34 49 -15 -51 -24 -29 54 55 -27 58 -58 -56 -18 -47 -39
right_child=1 2 17 9 25 6 -8 27 23 10 -12 21 13 14 15 -17 59 24 19 28 -22 -23 51 -25 29 30 -28 52 -30 41 31 -33 47 -35 -36 36 -38 61 -40 -41 -42 -43 46 44 -46 60 -48 -49 -50 50 -52 -53 -54 -55 56 -57 57 -59 -60 -61 -62 -63
leaf_value=-0.021814375359377643 -0.02571091832235298 -0.013578655537694455 0.0085686877442636544 -0.0050467379724393148 -0.0057522476529349035 0.019018551945277663 -0.0043679715597600951 -0.01756508471481287 -0.00042923315403956626 -0.0056693370119045286 0.0232184972269797 -0.014824860431074461 0.010898823210665314 0.0034186166192734396 -0.003431816706883274 0.014108741079985542 -0.014650455360468889 0.0009878096098490123 0.001802942757991563 0.010091573053917035 -0.051640909346297281 0.0054216915667133977 -0.015836435032636539 -0.0098382206919771682 0.0036927271121834043 -0.00043491225502283437 -0.018941984888857129 0.0013387024304081633 -0.013075475540044861 0.030194798084701397 -0.02108712922844419 -0.0031389757287162575 0.0089841495045104251 0.021760730766812418 0.004822513111848328 0.012591346266216153 -0.044302554582814853 0.0013294801855086729 0.032006843662029959 0.014238365581140342 -0.023917593373421499 0.0054762143586903926 -0.019412943237416058 0.0049698524808862053 0.0028510989087658306 -0.0036317109368396517 0.0093716383892940153 -0.053908926425910622 0.011405305132518391 -0.031970636042269844 -0.0056790076843566371 0.0024966143198982111 -0.007098815561721197 -0.0033064719572027486 0.0028626878918162589 -0.010801918257672306 -0.014016496085598164 0.0018209731677773242 0.010403751341704421 -0.0041833635621666646 -0.012998418350994629 0.0089837842960643413
leaf_weight=537.61429783049971 158.16143143177032 1133.2684872150421 119.989750623703 1205.4832736253738 1591.1417409367859 255.65523135662079 268.23264706134796 172.26087951660156 1145.7863744199276 232.00755190849304 267.52648067474365 247.92568327486515 1330.9398572742939 439.14617778360844 707.1603759676218 604.68029031157494 330.9851975440979 9300.1575067043304 54.670982003211975 807.86292435228825 31.110003352165222 716.09637451171875 198.44047164916992 926.09465909004211 2661.8351187705994 1497.4336180686951 151.14064009487629 1351.5086655318737 86.667084440588951 117.65652427077293 162.17107748985291 783.59089994430542 11.294829338788984 73.198291778564453 527.78225409984589 26.743124902248383 36.987178087234497 841.1864745169878 136.00558567047119 309.14690291881561 53.361468911170959 107.28847160935402 40.882689386606216 369.06829452514648 799.40205651521683 618.95859828591347 729.12902387976646 25.404679328203201 171.7331748008728 65.233165740966797 426.05648803710938 172.22788619995117 582.72697213292122 1725.2610095739365 2301.6642920970917 409.55903531238437 334.12025809288025 3065.8511662483215 753.76481747627258 1216.3374786376953 673.16520000994205 1074.2233686447144
leaf_count=17589 6366 14967 536 5370 7288 1178 1632 3153 13947 1106 1290 1190 6101 2152 3386 2651 4200 43564 249 3719 143 3326 5652 12229 12337 10973 768 18316 383 627 1516 6145 58 407 2400 127 188 3819 622 1734 255 468 190 1870 3912 2954 3509 136 874 400 1874 4947 8882 14969 15042 3268 3018 19331 4301 15561 3809 5388
internal_value=-3.40167e-05 0.000661604 0.00076023 -0.00016835 -0.00196169 -0.00574944 0.00705905 -0.00654508 -0.00784456 0.00219436 0.00856839 0.00146745 0.00298281 0.00446485 0.00254888 0.00472687 -0.00994534 0.00269773 0.00879364 0.00556255 -0.0179511 -0.0017945 -0.0159197 -0.00461534 0.00209654 -0.000842505 -0.00314903 -0.00257847 0.00783493 0.00526868 -0.000134008 -0.00623559 -0.00362924 -0.00320527 -0.00204049 0.00261056 -0.0206025 0.00318229 0.021097 0.00428015 0.0031415 0.0184816 0.00463774 -0.00388776 -0.00278018 -0.00549016 0.00772004 -0.0348278 -0.000968127 -0.00326172 -0.00922785 -0.00733434 -0.00123539 0.000438604 0.00121156 -0.00272479 0.00237464 0.000260938 0.00472584 -0.00643038 -0.00845245 0.00562471
internal_weight=47272.2 42710.1 42551.9 28766.2 16353.6 3729.04 523.888 4562.1 3205.15 12412.6 1269.55 11143 7608.5 5875.23 4544.29 3290.98 2455.61 13785.8 1236.31 980.311 85.781 3534.51 908.283 2071.88 12549.4 12624.6 1253.31 2106.5 894.53 3249.29 11033.4 945.762 2818.42 2781.72 1733.27 2686.3 63.7303 2622.57 255.995 3024.34 2715.2 224.945 1002.02 2708.52 2460.59 1661.19 770.012 36.6995 1102.17 930.436 491.29 370.668 1934.24 10087.7 8362.39 1906.99 6455.4 3399.97 3055.43 1547.32 1292.12 1915.41
internal_count=338362 260062 253696 189059 129804 43953 2810 78300 41143 59255 6095 53160 35498 27728 21627 15559 47949 64637 5652 4494 392 17662 28188 26176 58985 85851 6068 30351 4102 15421 78563 7661 14336 14142 7770 12908 315 12593 1158 14326 12592 1095 4805 13735 12545 8633 3699 194 5300 4426 2274 10599 27198 70902 55933 14241 41692 22349 19343 19761 6763 9207
cat_boundaries=0 1 2 3 4 5 6
cat_threshold=26752 134177 133184 205928 198965 22000
is_linear=0
shrinkage=0.035


end of trees

feature_importances:
tile_size_code=512
size_branch_positive_sku_count_lag_1=418
sku_global_lag_1=354
target_month_num=348
size_branch_roll_12_mean=293
sku_global_lag_6=255
sku_global_lag_12=211
size_branch_roll_3_mean=200
target_days_since_prev_tet_from_midmonth=198
size_branch_target_available_sku_count_lag_1=187
size_branch_lag_1=173
sku_known_branch_count_to_origin=167
size_branch_lag_2=151
pair_adi_target_available_to_origin=149
target_days_to_next_tet_from_midmonth=147
months_since_last_positive=144
sku_global_positive_rate_12m=141
sku_global_lag_2=137
size_branch_lag_12=136
size_branch_lag_6=134
target_month_sin=132
sku_global_roll_12_mean=129
pair_roll_6_positive_count=121
sku_global_roll_3_mean=119
sku_ever_positive_branch_count_to_origin=110
pair_lag_1=105
pair_positive_rate_to_origin=96
pair_roll_3_positive_count=93
pair_peak_positive_m2_to_origin=83
sku_global_lag_3=82
target_lunar_month_mid=73
pair_last_positive_m2_to_origin=60
pair_lag_2=49
pair_roll_3_std=48
months_since_first_positive=48
pair_roll_12_target_available_count=41
sku_global_roll_6_mean=38
pair_roll_3_mean=37
sku_global_roll_6_sum=36
pair_roll_6_std=26
pair_roll_12_std=26
pair_lag_3=24
target_working_days_proxy=23
pair_roll_12_positive_count=23
pair_roll_12_mean=20
pair_cv2_positive_to_origin=19
pair_lag_6=18
pair_roll_6_mean=17
pair_roll_3_sum=16
pair_roll_6_sum=13
pair_lag_12=12
pair_roll_12_sum=4
target_public_holiday_event_count=4

parameters:
[boosting: gbdt]
[objective: binary]
[metric: binary_logloss]
[tree_learner: serial]
[device_type: gpu]
[data_sample_strategy: bagging]
[data: ]
[valid: ]
[num_iterations: 1400]
[learning_rate: 0.035]
[num_leaves: 63]
[num_threads: 1]
[seed: 42]
[deterministic: 0]
[force_col_wise: 1]
[force_row_wise: 0]
[histogram_pool_size: -1]
[max_depth: -1]
[min_data_in_leaf: 50]
[min_sum_hessian_in_leaf: 0.001]
[bagging_fraction: 0.9]
[pos_bagging_fraction: 1]
[neg_bagging_fraction: 1]
[bagging_freq: 0]
[bagging_seed: 400]
[bagging_by_query: 0]
[feature_fraction: 0.9]
[feature_fraction_bynode: 1]
[feature_fraction_seed: 30056]
[extra_trees: 0]
[extra_seed: 12879]
[early_stopping_round: 0]
[early_stopping_min_delta: 0]
[first_metric_only: 0]
[max_delta_step: 0]
[lambda_l1: 0]
[lambda_l2: 1]
[linear_lambda: 0]
[min_gain_to_split: 0]
[drop_rate: 0.1]
[max_drop: 50]
[skip_drop: 0.5]
[xgboost_dart_mode: 0]
[uniform_drop: 0]
[drop_seed: 17869]
[top_rate: 0.2]
[other_rate: 0.1]
[min_data_per_group: 100]
[max_cat_threshold: 32]
[cat_l2: 10]
[cat_smooth: 10]
[max_cat_to_onehot: 4]
[top_k: 20]
[monotone_constraints: ]
[monotone_constraints_method: basic]
[monotone_penalty: 0]
[feature_contri: ]
[forcedsplits_filename: ]
[refit_decay_rate: 0.9]
[cegb_tradeoff: 1]
[cegb_penalty_split: 0]
[cegb_penalty_feature_lazy: ]
[cegb_penalty_feature_coupled: ]
[path_smooth: 0]
[interaction_constraints: ]
[verbosity: -1]
[saved_feature_importance_type: 0]
[use_quantized_grad: 0]
[num_grad_quant_bins: 4]
[quant_train_renew_leaf: 0]
[stochastic_rounding: 1]
[linear_tree: 0]
[max_bin: 63]
[max_bin_by_feature: ]
[min_data_in_bin: 3]
[bin_construct_sample_cnt: 200000]
[data_random_seed: 175]
[is_enable_sparse: 1]
[enable_bundle: 1]
[use_missing: 1]
[zero_as_missing: 0]
[feature_pre_filter: 1]
[pre_partition: 0]
[two_round: 0]
[header: 0]
[label_column: ]
[weight_column: ]
[group_column: ]
[ignore_column: ]
[categorical_feature: 16]
[forcedbins_filename: ]
[precise_float_parser: 0]
[parser_config_file: ]
[objective_seed: 16083]
[num_class: 1]
[is_unbalance: 0]
[scale_pos_weight: 1]
[sigmoid: 1]
[boost_from_average: 1]
[reg_sqrt: 0]
[alpha: 0.9]
[fair_c: 1]
[poisson_max_delta_step: 0.7]
[tweedie_variance_power: 1.5]
[lambdarank_truncation_level: 30]
[lambdarank_norm: 1]
[label_gain: ]
[lambdarank_position_bias_regularization: 0]
[eval_at: ]
[multi_error_top_k: 1]
[auc_mu_weights: ]
[num_machines: 1]
[local_listen_port: 12400]
[time_out: 120]
[machine_list_filename: ]
[machines: ]
[gpu_platform_id: -1]
[gpu_device_id: -1]
[gpu_device_id_list: ]
[gpu_use_dp: 0]
[num_gpu: 1]

end of parameters

pandas_categorical:[["100100", "1033", "15580", "1580", "1590", "2040", "2550", "3030", "3060", "4040", "4060", "4080", "5050", "60120", "6060", "8012", "80120", "8080"]]
