tree
version=v4
num_class=1
num_tree_per_iteration=1
label_index=0
max_feature_idx=52
objective=tweedie
feature_names=sku_global_roll_3_mean sku_global_lag_3 sku_global_lag_1 size_branch_target_available_sku_count_lag_1 pair_lag_1 pair_roll_3_mean pair_roll_6_mean sku_global_positive_rate_12m sku_known_branch_count_to_origin pair_roll_3_sum pair_roll_12_sum pair_roll_6_sum sku_global_roll_6_mean pair_positive_rate_to_origin target_working_days_proxy pair_cv2_positive_to_origin tile_size_code size_branch_lag_2 size_branch_roll_12_mean sku_global_roll_12_mean pair_roll_3_std pair_lag_2 size_branch_positive_sku_count_lag_1 target_month_sin months_since_last_positive pair_roll_12_mean target_days_since_prev_tet_from_midmonth size_branch_lag_1 pair_lag_12 target_days_to_next_tet_from_midmonth sku_global_roll_6_sum target_public_holiday_event_count sku_global_lag_12 target_lunar_month_mid pair_roll_3_positive_count sku_ever_positive_branch_count_to_origin pair_lag_6 size_branch_lag_6 pair_lag_3 pair_last_positive_m2_to_origin size_branch_roll_3_mean size_branch_lag_12 pair_roll_6_positive_count pair_roll_12_positive_count pair_peak_positive_m2_to_origin pair_adi_target_available_to_origin sku_global_lag_2 sku_global_lag_6 target_month_num months_since_first_positive pair_roll_6_std pair_roll_12_std pair_roll_12_target_available_count
feature_infos=[0:22618.98] [0:31196.16] [0:31196.16] [0:344] [0:10404] [0:8577.3600000000006] [0:8577.3600000000006] [0:1] [1:46] [0:22632] [0:70125] [0:36366] [0:22618.98] [0:1] [16:23] [0:7.5059184138653743] -1:8:14:17:11:12:7:6:5:3:13:10:0:16:4:2:1:15 [0:65640.959999999992] [0:47521.4375] [0:22618.98] [0:3566.2724937951671] [0:10404] [0:138] [-1:1] [0:22] [0:8577.3600000000006] [5:340] [0:65640.959999999992] [0:13108.32] [14:367] [0:84486.419999999984] [0:2] [0:31196.16] [1:12] [0:3] [0:46] [0:10404] [0:65640.959999999992] [0:9823.5] [0.029999999999999999:10404] [0:59159.5] [0:65640.959999999992] [0:6] [0:12] [0.029999999999999999:13108.32] [1:23] [0:31196.16] [0:31196.16] [1:12] [0:22] [0:3941.0323999683128] [0:3941.0323999683128] [0:12]
tree_sizes=6605 6970 6967 6962 7003 6991 6969 6996 6970 6964 7007 6973 6991 6988 7007 7013 6992 6956 6994 6990 6919 6989 6979 6990 6949 6981 6971 6955 6961 6981 6981 6977 7003 7015 6936 6993 6975 6956 7001 6968 6946 6971 6973 7015 6986 6956 6956 6986 7013 6975 6997 6962 6971 6957 7021 6946 6985 7011 6994 6936 7004 6998 6989 7006 7017 6988 6999 7018 7010 6991 6991 7000 6991 6993 7038 6964 6993 7051 7019 7002 7070 7028 7027 7011

Tree=0
num_leaves=63
num_cat=0
split_feature=5 2 6 2 24 6 5 2 2 6 0 2 22 20 2 6 25 2 2 1 4 0 24 51 4 2 4 22 24 51 45 0 51 4 17 19 6 12 10 6 4 4 48 25 4 25 14 50 23 14 4 48 4 17 25 4 19 23 48 4 18 47
split_gain=2.78352e+06 355631 279954 76169.7 53308 51553 39046.5 33011.5 15208.4 11987.1 9701.83 9461.16 8400.37 8078.4 7692.16 7642.58 6960.09 5078.87 4806.09 4638.94 4490.73 4419.89 4337.15 4216.77 3930.24 3898.12 3708.01 3566.8 3535.37 2980.31 2721.79 2709.78 2631.01 2626.79 2380.86 2268.5 2249.19 2221.57 2183.83 2069.3 2008.57 1948.19 1863.1 1874.57 1856.32 1855.25 1791.89 1784.16 1760.79 1742.34 1994.38 1677.13 1685.06 1636.91 1602.67 1596.18 1534.35 1509.82 1508.59 1507.24 1494.51 1428.1
threshold=30.081666666666671 186.06000000000003 144.01800000000006 509.42000000000007 4.5000000000000009 5.3420000000000014 394.77000000000004 557.46000000000015 127.06000000000002 68.046666666666695 63.158333333333339 1702.6150000000002 1.0000000180025095e-35 1.0000000180025095e-35 1702.6150000000002 22.761000000000006 57.571666666666665 1231.9200000000003 1508.9400000000003 inf 864.75000000000011 122.04333333333335 1.5000000000000002 48.875744492801935 2.7950000000000004 421.07000000000005 1.0000000180025095e-35 1.5000000000000002 1.5000000000000002 90.421071831133943 2.0454545454545459 271.53000000000003 162.62849488278209 14.445000000000002 1917.1000000000001 146.08840909090912 221.25000000000003 58.085833333333341 950.45000000000016 221.25000000000003 1.0000000180025095e-35 9.0050000000000008 2.5000000000000004 30.365454545454543 28.590000000000003 324.26583333333343 18.000000000000004 111.06230141098062 0.68301270189221941 19.500000000000004 2.0100000000000002 2.5000000000000004 12.245000000000003 10.900000000000002 12.197500000000003 36.025000000000006 454.0585714285715 0.68301270189221941 2.5000000000000004 246.41000000000003 10558.677000000001 175.30000000000001
decision_type=10 10 10 10 8 8 10 8 10 10 10 10 2 8 10 10 10 10 8 8 10 10 10 8 10 10 8 2 10 8 10 10 8 10 10 10 10 10 10 10 10 10 2 10 10 10 2 8 2 2 10 2 10 10 10 10 10 2 2 10 10 10
left_child=1 5 3 8 7 13 11 15 19 17 26 25 53 37 23 28 42 51 44 24 -8 -15 31 30 60 35 32 -6 56 -29 -14 57 -7 -18 -21 -4 54 -1 40 -27 -17 -19 -10 -44 -11 55 -35 -16 -20 -25 -51 -5 -53 -9 -28 -37 -3 -12 -46 -13 -2 -58
right_child=2 4 6 9 27 10 20 12 16 18 22 59 14 21 47 38 33 41 48 34 -22 -23 -24 49 -26 39 36 29 -30 -31 -32 -33 -34 46 -36 45 -38 -39 -40 -41 -42 -43 43 -45 58 -47 -48 -49 -50 50 -52 52 -54 -55 -56 -57 61 -59 -60 -61 -62 -63
leaf_value=3.4194319016054511 3.4513273737902233 3.4616488830100325 3.4658712360061892 3.4792488053988864 3.421921352141819 3.4295441678036105 3.5424415869157713 3.4205351207920138 3.4602505589711283 3.5056137238830813 3.4496040592620099 3.5322784870192958 3.4855245333506328 3.4290174393967949 3.5006166720547567 3.4671268870883662 3.4881872193651544 3.4998219864427242 3.5205382772536566 3.4683623376723149 3.550862690135081 3.4491176310565028 3.4418296522280323 3.474193557426577 3.475239707809417 3.5223651421796096 3.4370476804633787 3.4398703092901721 3.4502224987272716 3.4611867093735582 3.4676314392798346 3.47045158841747 3.4619310731749797 3.4752277307408086 3.5051649942870742 3.501681652325932 3.5476309937906105 3.4255004116275658 3.4957219323804507 3.5309181758189068 3.4829436232240201 3.5153670545079603 3.469519336918188 3.4870340748929949 3.4985619019253096 3.5300765653277946 3.5044089926577171 3.5168926836934831 3.5306966203511467 3.489677094466102 3.50443163764829 3.4908228895715609 3.5032576176335573 3.4699633652506652 3.4521007416922012 3.518610811178708 3.487148491829883 3.4620444791517397 3.5170264474588402 3.5388377749379458 3.4821963311776791 3.4671319426326526
leaf_weight=271292.43300890923 21048.80650639534 40069.142810583115 1172.1848373413086 5317.9155883789062 9745.0615711212158 64595.441388607025 154223.34219646454 2306.4985325336456 4610.3269755840302 29575.695014953613 49677.941603183746 89305.977641582489 46823.709573745728 95806.151954174042 23190.166641235352 19333.32696890831 21654.571272611618 12545.295848369598 66072.131835222244 3443.4783401489258 156294.18905353546 15589.363365650177 45438.7294921875 4348.7508392333984 20305.085400342941 70453.02490234375 17868.446664571762 30698.774845123291 26275.235319137573 10888.502288818359 13391.729940414429 12388.430529117584 3228.2816925048828 2727.4037156105042 5743.7902145385742 12377.158369779587 259.39721179008484 101775.10240006447 7550.133056640625 68276.065185546875 20019.662903308868 46466.130909442902 9335.8414306640625 37755.322937011719 5815.0303275585175 8093.6329402923584 46792.798805236816 12809.235961914062 30604.30810546875 21464.470459461212 23520.32116651535 18725.445929050446 46512.146295070648 1275.0561244487762 16846.561570644379 15211.235522508621 6399.5281496047974 15747.247192382812 80261.137939453125 82825.685444355011 2114.5143432617188 13741.134253501892
leaf_count=92356 5487 9411 263 1015 3257 20357 5066 779 1099 3695 13164 5203 8202 30319 3187 4276 3649 1749 5789 751 1843 4150 12924 885 4079 5851 5296 8882 6922 2570 2945 2637 756 548 724 1668 5 33103 1130 4210 3636 4672 2009 6471 829 516 5987 1239 1904 3537 3008 3032 6085 273 4359 1406 1095 3683 7737 3467 388 3039
internal_value=3.48558 3.444 3.52252 3.50325 3.47379 3.43 3.53766 3.47975 3.48451 3.51288 3.4438 3.5296 3.49107 3.42356 3.49237 3.4671 3.49126 3.50449 3.51799 3.46877 3.54668 3.43183 3.45042 3.48776 3.464 3.52389 3.43586 3.44098 3.46093 3.44545 3.48154 3.45544 3.43109 3.49836 3.49137 3.51377 3.44512 3.42109 3.47848 3.52657 3.47517 3.51206 3.48148 3.48356 3.51318 3.51534 3.5028 3.50641 3.52375 3.49535 3.49739 3.49815 3.49969 3.43812 3.44435 3.51102 3.46561 3.4526 3.51578 3.53543 3.45415 3.47349
internal_weight=2.22002e+06 1.04436e+06 1.17566e+06 517427 333850 710514 658232 282518 175532 341895 226050 347715 149130 484463 145548 133388 122876 129567 212328 52655.7 310518 111396 123252 109549 43468.4 175583 102798 51332.3 86485 41587.3 60215.4 77813.6 67823.7 71174.8 9187.27 36854.2 34974.4 373068 46903.1 138729 39353 59011.4 51701.5 47091.2 115652 35682 49520.2 35999.4 96676.4 49333.5 44984.8 70555.5 65237.6 3581.55 34715 27588.4 60209.8 65425.2 86076.2 172132 23163.3 20140.7
internal_count=388574 291382 97192 67699 68273 223109 29493 53564 31192 36507 63181 22584 24055 159928 23003 29509 19763 16553 19954 11429 6909 34469 32408 18577 9954 13914 30773 14709 20467 11452 11147 19484 21113 10184 1475 3853 9660 125459 9042 10061 7912 6421 9579 8480 12261 3590 6535 4426 7693 7430 6545 10132 9117 1052 9655 3074 13545 16847 8566 8670 5875 4134
is_linear=0
shrinkage=1


Tree=1
num_leaves=63
num_cat=0
split_feature=5 2 6 2 6 24 5 2 0 2 2 2 22 6 2 6 25 47 4 24 4 35 51 2 22 24 0 25 4 12 51 4 4 35 6 45 19 14 23 35 50 19 48 25 4 6 35 35 19 6 24 4 17 34 35 4 48 35 4 35 2 19
split_gain=2.6342e+06 346920 272797 71588.6 52944.7 50718.8 40071.7 30856.7 13388.3 12774.8 12396.2 9416.07 7954.3 7389.18 7226.5 7193.64 6280.83 5862.2 4782.88 4580.58 4219.05 4103.12 3917.59 3773.68 3635.32 3377.16 2943.24 2929.09 2905.52 2887.23 2560.88 2486.15 2449.02 2325.24 2305.83 2295.6 2256.73 2249.01 2247.96 2210.3 2101.19 2077.53 2066.95 2065.22 2053.62 2047.44 1838.36 1781.95 1778.8 1750.4 1699.07 1650.67 1630.68 1615.77 1584.86 1574.29 1541.98 1577.64 1535.42 1527.7 1503.46 1472.71
threshold=30.081666666666671 186.06000000000003 144.01800000000006 462.16000000000008 3.3300000000000018 4.5000000000000009 394.77000000000004 557.46000000000015 63.158333333333339 115.74500000000002 1508.9400000000003 1702.6150000000002 1.0000000180025095e-35 74.163333333333355 1508.9400000000003 22.761000000000006 52.860000000000007 inf 864.75000000000011 1.5000000000000002 5.1250000000000009 5.5000000000000009 48.875744492801935 421.07000000000005 1.5000000000000002 1.5000000000000002 246.77333333333337 48.873863636363645 28.590000000000003 58.085833333333341 162.62849488278209 13.470000000000002 1.0000000180025095e-35 6.5000000000000009 12.691666666666665 2.0454545454545459 270.31000000000006 18.000000000000004 0.68301270189221941 13.500000000000002 111.06230141098062 101.28545454545457 2.5000000000000004 204.33085714285716 2.7950000000000004 221.25000000000003 8.5000000000000018 5.5000000000000009 174.97285714285718 221.25000000000003 1.5000000000000002 28.590000000000003 10.900000000000002 1.5000000000000002 14.500000000000002 4.3500000000000005 2.5000000000000004 11.500000000000002 246.41000000000003 4.5000000000000009 421.07000000000005 454.0585714285715
decision_type=10 10 10 10 8 8 10 10 10 10 8 10 2 10 10 10 10 8 10 10 8 2 8 10 2 10 10 8 10 10 10 10 10 2 10 10 10 2 2 2 8 10 2 10 10 10 2 2 10 10 10 10 10 2 2 10 2 2 10 2 10 10
left_child=1 4 3 9 17 7 11 15 20 21 13 23 52 31 22 25 56 29 -8 26 30 41 35 33 -7 46 39 60 -12 -1 -6 -5 -18 48 -22 -14 -19 -34 -30 -10 -16 -2 -33 50 -23 -25 -3 -32 -4 -36 -17 -15 -9 -35 -28 -24 -11 -58 -13 -39 -26 -48
right_child=2 5 6 10 8 24 18 12 19 16 28 58 14 51 40 43 32 36 -20 -21 34 44 55 45 27 -27 54 -29 38 -31 47 42 37 53 49 -37 -38 59 -40 -41 -42 -43 -44 -45 -46 -47 61 -49 -50 -51 -52 -53 -54 -55 -56 -57 57 -59 -60 -61 -62 -63
leaf_value=-0.065621096230408238 -0.014725332815976287 -0.0056292946066113557 0.00041919734940273667 0.0053074755165698484 -0.055530401009837367 -0.063261107880744114 0.056169900666555188 -0.06472446410928058 -0.0288482736080545 -0.027079097778619925 0.024983366479403812 0.045778295996174827 -0.00090781522143971722 0.019671777971088409 0.012962027428784124 -0.0039774266495494967 -0.0016158287637759612 -0.049944143533931951 0.064976944069853645 -0.043441276041390565 -0.047512506420715042 -0.032708921203120619 0.0028496838675253098 0.035845255948318104 -0.051656590167847974 -0.034426578239718446 -0.0075635037367974322 -0.021229693786202024 0.033180088749077422 -0.058883892136382267 -0.0010502934997550916 -0.0035518756727794809 -0.015831259533473217 -0.00014439145254654286 -0.030325408642463893 -0.017879575696356346 -0.00741287887363713 0.030287085511158215 0.043829710578108312 -0.041763554606820963 0.029190165098499407 0.0096180958802166653 0.018997153950133933 0.023106177368437231 -0.014404720929481309 0.044404436493904915 -0.026636704886592616 -0.051816529511410879 0.038845505037929516 0.063130839343197839 -0.018718354614526134 0.029546989975430715 -0.015095827554274596 0.024360266800514067 -0.029891257865595947 0.015870087710490994 0.0040031633333874059 -0.010104589680862914 0.052457754525205513 0.01334019033825698 -0.036556533229009244 -0.014169539993926696
leaf_weight=286175.85461878777 9395.835086107254 9995.0459203720093 1608.6594140529633 28975.180495023727 95434.637448310852 9467.8510112762451 150723.29312634468 2237.974374294281 45801.299729347229 3930.0527637004852 32563.014128684998 87939.05130815506 43873.231599807739 27789.419797420502 28436.441925048828 30157.083854436874 15448.883233785629 27934.686025619507 151618.58968615532 52730.34814453125 19729.074189186096 17625.358912944794 23650.345739841461 69783.92041015625 16069.755685806274 26044.699642181396 9388.3878202438354 8748.7602996826172 68949.216491699219 107245.67198181152 1823.828408241272 5363.7452261447906 2905.1661944389343 4454.4252369403839 12768.781060695648 12556.218732833862 1617.1147556304932 7622.2808356285095 37505.702972412109 25157.930051803589 14894.186706542969 7908.375367641449 69510.531311035156 2657.0010681152344 13085.268523931503 67291.020141601562 31703.671014308929 1580.4768857955933 17860.130520820618 249.41252756118774 14036.420402526855 81787.473757266998 1272.8724274635315 12676.258338928223 6654.9935512542725 21917.572640895844 16907.033190488815 22809.253003358841 81176.72994184494 44910.669645786285 16273.126041412354 18317.082710027695
leaf_count=100250 2006 1910 280 4672 30811 3257 5066 779 11520 966 3614 5203 7779 3464 4032 5595 2765 8620 1843 15302 5941 4597 3964 5851 4999 6922 1839 2021 6243 35589 328 987 627 774 3259 2784 320 751 2406 7159 1499 1203 8778 310 2775 4210 7753 488 1371 4 3137 8154 273 1428 1679 2945 2794 4579 3467 6318 4432 3882
internal_value=-1.85629e-06 -0.0408382 0.0361345 0.0171385 -0.0549142 -0.011429 0.0512984 -0.00563668 -0.0428462 -0.0020766 0.0260006 0.043106 0.00530876 0.0207028 0.00656649 -0.0178938 0.00427638 -0.0626552 0.0605867 -0.0353009 -0.0508583 -0.0172306 0.00147945 0.0373812 -0.0437071 -0.0239015 -0.0303667 -0.0392002 0.0341338 -0.0637847 -0.0544663 0.014013 0.0107077 0.0273952 -0.0399675 -0.00468448 -0.0476171 0.0141418 0.0369325 -0.0334278 0.0185407 -0.00359998 0.0173818 -0.00685768 -0.0249105 0.0400473 -0.0193335 -0.0246272 0.0356706 -0.0285302 -0.00865965 0.0270428 -0.0467408 0.0179888 -0.0168266 0.00911254 -0.00616881 -0.00409904 0.0489848 0.0157996 -0.0440605 -0.0220717
internal_weight=2.18673e+06 1.0266e+06 1.16012e+06 514992 694292 332309 645132 281750 271319 162548 352444 342790 148839 213426 145328 132911 114533 422973 302342 139733 131586 48014.8 101997 173674 50559.5 86060.5 87002.6 41091.6 139018 393422 98838.9 103849 70887 36599.5 32747.3 56429.5 29551.8 55438.1 106455 70959.2 43330.6 17304.2 74874.3 46850.5 30710.6 137075 60015.8 3404.31 19468.8 13018.2 44193.5 109577 3510.85 17130.7 16043.4 45567.9 43646.3 39716.3 169116 52533 32342.9 50020.8
internal_count=388574 291382 97192 67699 223109 68273 29493 53564 78330 29381 38318 22584 24055 26055 23003 29509 18800 144779 6909 37499 40831 10581 17472 13914 14709 20467 22197 11452 12263 135839 31627 14437 10461 3853 9204 10563 8940 7696 8649 18679 5531 3209 9765 9042 7372 10061 13545 816 1651 3263 8732 11618 1052 2202 3518 6909 8339 7373 8670 7069 9431 11635
is_linear=0
shrinkage=0.035


Tree=2
num_leaves=63
num_cat=2
split_feature=5 2 25 2 50 24 5 2 2 25 0 25 27 2 2 2 25 47 24 4 4 2 8 4 25 22 51 16 4 4 51 1 4 24 24 46 4 25 24 1 25 0 14 25 8 8 27 19 0 17 4 51 14 4 50 14 16 8 45 25 5 42
split_gain=2.49247e+06 320396 279067 82920.8 47758.3 46286.6 31801.3 27923.4 15779.1 15756.3 15208.7 7559.81 7265.19 6909.01 6648.91 6583.67 6403.67 5818.92 5153.67 5029.05 4446.39 4335.44 4303.85 4230.54 4141.14 3692.17 3629.54 3383.87 3196.42 3059.34 2863.15 2772.07 2704.15 2665.69 2436.72 2361.35 2203.39 2201.29 2137.39 2036.38 2027.07 1942.37 1911.72 1889.57 1881.58 1870.45 1814.93 1774.69 1684.1 1637.9 1599.25 1576.34 1571.92 1755.25 1556.08 1501.89 1487.74 1471 1456.34 1427.41 1441.38 1414.97
threshold=27.975000000000005 186.06000000000003 172.91833333333335 509.42000000000007 3.9960292756018378 4.5000000000000009 394.77000000000004 557.46000000000015 127.06000000000002 67.683750000000018 63.158333333333339 73.92728571428573 1.0000000180025095e-35 1918.6700000000003 1702.6150000000002 1702.6150000000002 35.517000000000003 inf 1.5000000000000002 864.75000000000011 4.3500000000000005 1231.9200000000003 4.5000000000000009 3.8600000000000003 88.546666666666695 1.5000000000000002 48.875744492801935 0 84.620000000000019 5.1250000000000009 83.974591394956377 inf 28.590000000000003 7.5000000000000009 1.0000000180025095e-35 363.56000000000012 0.65000000000000013 32.881875000000015 1.5000000000000002 575.00000000000011 13.255238095238097 57.275000000000013 18.000000000000004 73.92728571428573 13.500000000000002 6.5000000000000009 25.745000000000005 174.97285714285718 17.47666666666667 10.900000000000002 14.445000000000002 291.37244500848823 19.500000000000004 2.0100000000000002 111.06230141098062 19.500000000000004 1 18.500000000000004 7.166666666666667 204.33085714285716 9.1200000000000063 1.5000000000000002
decision_type=10 10 10 10 8 8 10 10 10 10 10 10 10 8 10 10 8 8 10 10 10 10 2 10 10 2 8 9 10 10 8 8 10 8 10 10 10 10 10 8 10 10 2 10 2 2 10 10 10 10 10 10 2 10 8 2 9 2 10 10 10 2
left_child=1 4 3 8 17 7 15 16 20 21 22 34 49 28 26 32 23 33 27 -8 31 46 24 39 48 -7 38 44 -11 -24 58 61 -4 41 37 -19 -23 -10 57 56 -29 -1 -39 -22 -12 -25 -5 -34 -6 -9 -13 -20 -28 -54 -16 -48 -3 -14 -27 60 -18 -2
right_child=2 5 6 9 10 25 19 12 11 13 18 50 14 -15 54 -17 59 35 51 -21 43 36 29 45 -26 30 52 40 -30 -31 -32 -33 47 -35 -36 -37 -38 42 -40 -41 -42 -43 -44 -45 -46 -47 55 -49 -50 -51 -52 -53 53 -55 -56 -57 -58 -59 -60 -61 -62 -63
leaf_value=-0.062628600051292227 -0.042528157387740809 -0.019176579291144368 0.030457782614049259 -0.052251226984206048 -0.049701913652405415 -0.062843758192260277 0.055503777261649317 -0.064337928168086617 -0.010879591307647341 0.022308132411749958 -0.012671788424884122 0.0059733976828386277 0.0036722956125645983 0.039357222960078576 0.013841874963506312 0.048974412056461018 -0.014326699523314401 -0.049033347624181864 -0.04473773716887787 0.064658146555283694 -0.011756118948006157 0.0077883244172816087 -0.057098202408816745 0.009492625723716815 0.0089297553981275094 -0.038893166952271789 -0.011987569174177799 -0.04109920306122461 0.031846215004197195 -0.042641142641814345 -0.023377146807584962 0.0023935394943796619 -0.012445126541108457 -0.066499780618086854 -0.013233104377917564 -0.0046383918487049288 0.026892974316052091 -0.0254673713425182 -0.015949825534099151 -0.019145817397099921 -0.028126267825879882 -0.053777641011412282 0.0069393441847618925 0.0085983159171377499 -0.033058251924500195 -0.016496205618307825 -0.0050231033013541492 0.04168280626822185 -0.030931958835722476 -0.013833475179910784 0.018741826001568974 -0.011545763445795941 0.0035636206014351343 0.017796163929182169 0.029551232967030234 0.013044912725392594 -0.037252912467591999 -0.010884062905760014 -0.055855101886822883 0.02013777389938428 0.00062895144625450101 -0.024481040044815373
leaf_weight=122803.14419317245 7367.0236539840698 6982.2249450683594 39215.344412565231 551.67031860351562 16293.576549530029 9201.8699436187744 147105.00077462196 2153.403302192688 13246.869934082031 77397.217950582504 17028.509937286377 16905.865482807159 30362.769290208817 94699.509764432907 21600.844596862793 140709.341796875 16162.230319023132 23345.08705329895 55189.809631347656 147117.78828787804 20228.270801067352 8742.2260365486145 98475.059813737869 3745.3920667171478 2035.0112380981445 20302.680626153946 4070.3161010742188 29697.844387531281 96999.619941234589 21943.023499250412 11367.495552062988 3821.48193359375 747.12126588821411 195380.32131648064 17252.457885742188 1566.3621654510498 48030.161658763885 2347.9420356750488 14580.083251953125 17056.481657981873 29349.39860200882 40434.933903932571 44017.570476531982 7718.032958984375 8225.3224754333496 35935.08042550087 6188.8436377048492 100616.95424342155 9152.172137260437 1240.0570554733276 41559.093013286591 1811.0841674804688 20937.915655136108 21529.535882949829 12026.056579589844 63007.197957754135 29429.5287733078 11812.002568006516 8940.1690213680267 2561.702392578125 15430.181477546692 19197.602761745453
leaf_count=43401 2133 1600 3768 168 5149 3257 5039 772 2708 9006 3625 2693 5044 6984 2991 7047 3465 7320 16579 1841 4187 1338 33116 573 317 5783 835 8555 8967 6461 2725 650 154 71134 3610 302 5033 572 3170 3889 7433 13260 6908 1190 2192 7915 1156 6855 2427 264 5237 386 3464 2763 1180 8852 8116 2394 2944 315 2699 4663
internal_value=-3.70093e-06 -0.0408296 0.0347013 0.017771 -0.0545056 -0.0118456 0.0520366 -0.00607938 -0.000994273 0.0269569 -0.0437661 0.00556484 0.00468938 0.0317464 0.00594333 0.0436218 -0.0179486 -0.0626036 -0.035554 0.0600814 -0.0162111 0.01677 -0.0516116 -0.0227019 -0.0391102 -0.0428238 0.00154259 -0.0300569 0.0276134 -0.0544642 -0.038286 -0.0254779 0.038264 -0.06374 -0.00164975 -0.0462422 0.0239513 0.00170276 -0.00439839 -0.0291276 -0.0346457 -0.0604365 0.00529776 -0.00613465 -0.0193052 -0.014043 0.0109245 0.0412837 -0.0429523 -0.0458918 0.0150498 -0.0436834 0.00878782 0.0107793 0.0194608 0.0114289 -0.0338028 -0.000404705 -0.0440805 -0.0049847 -0.00702236 -0.0294874
internal_weight=2.15495e+06 990159 1.16479e+06 589279 672731 317428 575512 267616 193662 395616 289201 135330 140313 269096 136920 281289 127303 383530 141302 294223 58332.4 126520 147899 93148.7 27480.8 49812.2 103293 84301.1 174397 120418 40610.3 30386.1 140579 358618 76864.8 24911.4 56772.4 59612.4 56754.9 53468.2 59047.2 163238 46365.5 27946.3 25253.8 39680.5 69747.7 101364 25445.7 3393.46 58465 57000.9 46537.8 42467.5 33626.9 69196 36411.8 42174.8 29242.8 34154.1 31592.4 26564.6
internal_count=388574 287815 100759 76055 221657 66158 24704 51449 34551 41504 86240 21728 22877 24957 21841 17824 28572 135417 38770 6880 12823 16547 47470 22093 7893 14709 17670 21805 17973 39577 11452 7446 10777 127795 13798 7622 6371 10188 10608 13605 15988 56661 7480 5377 5817 8488 10176 7009 7576 1036 7930 16965 7062 6227 4171 10008 9716 7438 8727 6479 6164 6796
cat_boundaries=0 1 2
cat_threshold=152584 132104
is_linear=0
shrinkage=0.035


Tree=3
num_leaves=63
num_cat=0
split_feature=5 0 6 2 24 6 5 2 2 6 2 2 51 6 22 4 2 47 4 13 8 2 13 8 22 2 2 51 2 13 24 51 0 2 4 6 8 12 25 4 19 14 8 0 4 8 14 39 35 0 8 8 4 26 36 48 8 48 26 48 27 34
split_gain=2.35713e+06 296661 289678 73862.2 44926.8 42531.4 41962.5 32861.8 13668 13286.7 10880.9 9300.57 7067.08 6101.47 5925.71 5650.84 5633.65 5546.39 5388.62 4854.53 4659.4 4623.12 4569.62 4127.51 3831.32 3803.07 3629.39 3595.46 3478.88 3270.78 2890.18 2649.32 2524.46 2483.58 2424.48 2258.08 2229.87 2180.5 2009.42 1968.81 1963.69 1948.19 1934.55 1917.42 1903.5 1869.03 1841.52 1782.83 1736.37 1949.01 1708.12 1676.15 1631.3 1593.29 1589.74 1585.36 1583.36 1540.23 1538.38 1536.96 1516.66 1510.22
threshold=25.806666666666668 183.15000000000001 144.01800000000006 462.16000000000008 4.5000000000000009 3.3300000000000018 394.77000000000004 509.42000000000007 139.26000000000002 63.001000000000005 105.37000000000002 1702.6150000000002 162.62849488278209 49.974000000000011 1.0000000180025095e-35 5.1250000000000009 1508.9400000000003 2038.8600000000004 864.75000000000011 0.46410256410256417 15.500000000000002 1231.9200000000003 0.48913043478260876 5.5000000000000009 1.5000000000000002 1702.6150000000002 355.28000000000009 291.37244500848823 509.42000000000007 0.46410256410256417 7.5000000000000009 162.62849488278209 37.523333333333341 271.84500000000008 28.590000000000003 221.25000000000003 4.5000000000000009 289.16100000000006 12.197500000000003 1.0000000180025095e-35 101.28545454545457 19.500000000000004 6.5000000000000009 57.275000000000013 5.1250000000000009 13.500000000000002 16.500000000000004 233.37000000000003 17.500000000000004 224.10000000000005 11.500000000000002 16.500000000000004 246.41000000000003 100.50000000000001 914.31000000000006 2.5000000000000004 12.500000000000002 2.5000000000000004 100.50000000000001 2.5000000000000004 25.745000000000005 1.5000000000000002
decision_type=10 10 10 10 8 8 10 10 10 10 10 10 8 10 2 8 8 8 10 8 2 10 10 2 2 10 10 10 10 10 8 10 10 10 10 10 2 10 10 10 10 2 2 10 10 2 2 8 2 10 2 2 10 2 10 2 2 2 2 2 10 2
left_child=1 5 3 8 7 17 11 19 22 21 15 26 14 55 -9 31 34 30 -8 -3 37 41 -2 40 -6 29 42 45 -26 -16 43 32 -7 -22 -11 -28 -33 -21 -17 -15 -24 -5 -4 -1 -23 -12 -41 -30 49 -25 -34 -31 -13 -18 -40 -10 -57 -46 -59 -36 -43 -44
right_child=2 4 6 9 24 10 18 12 13 16 27 52 -14 39 25 38 53 -19 -20 20 33 44 23 48 28 -27 35 -29 47 51 -32 36 50 -35 59 -37 -38 -39 54 46 -42 60 61 -45 57 -47 -48 -49 -50 -51 -52 -53 -54 -55 -56 56 -58 58 -60 -61 -62 -63
leaf_value=-0.061994639135719828 -0.038211629668744286 -0.032404048656297466 0.032425604308146408 -0.0087722806542376228 -0.063177396775463218 -0.056519921166474529 0.054715903514144938 -0.050505418198401653 -0.025688449310354921 0.01626207844164354 -0.024631777944800062 0.043864324610866527 0.01755107847976721 -0.00083604808006515908 -0.01596847485218246 -0.043320111509302338 0.042201920520403176 -0.04705630437570963 0.06431006473119856 -0.019712569843887268 -0.033854469298143952 0.0097986930193478955 -0.0099293875080360919 -0.022648111650392908 -0.047451593140161757 0.013648361749812 0.033508235630480818 0.034539804524143285 -0.03655370915535839 0.0059425001605476774 -0.066197563859583128 0.0043077037681790737 -0.040024930146916958 -0.017353379909281826 0.010871970519273719 0.042354742897860391 -0.043492878232059294 -0.005629455457736513 -0.029658695110887891 -0.027729659725704368 0.012474909949439117 -0.044202650394528351 -0.0051031660391335594 -0.05344163485109879 0.00053156530854762192 -0.039286556258730621 0.014578025900792619 -0.014510693391952309 -0.04170118553495529 -0.0049021491021100528 -0.051543899948233857 -0.0051628043665308387 0.050861601855901988 0.032357804782808162 0.062745672163453795 0.0034551342725045735 -0.010094449915703876 0.038343224036802438 0.023359958409962935 0.028156847968230269 0.011561519942145318 0.02158117978789495
leaf_weight=135840.94230246544 9779.7934341430664 32996.93554019928 16122.736051082611 6631.1752319335938 9834.4549760818481 64193.096699476242 144203.14644861221 2878.4263229370117 4490.62744140625 35447.084864139557 30759.957403659821 85542.914154291153 32851.923583984375 14834.992459058762 18440.6463804245 24346.969524860382 27810.105957746506 28204.331604003906 142808.33792638779 20711.218232154846 22134.479336738586 11296.033431768417 9920.0107553005219 22098.358006954193 25283.529556274414 21188.503280639648 72037.507934570312 1090.7837219238281 10942.564956665039 35150.94645524025 187898.93179416656 1885.9377717971802 27138.846130371094 22571.37451171875 6774.8832137584686 69461.666748046875 3263.7287282943726 38508.10542678833 21535.816900253296 1290.3673393726349 9269.3402309417725 601.71657562255859 3568.3215584754944 42129.86767578125 2750.6777193546295 16323.95347738266 52563.228336334229 7630.9644775390625 3738.9101901054382 11541.589823961258 37734.990127563477 31628.636923551559 78221.375884771347 73193.6923828125 229.61456298828125 19666.993751525879 22825.401023864746 11683.630599975586 29852.352096557617 90568.255554199219 69101.097938537598 9551.797981262207
leaf_count=49278 2766 8885 1455 1305 3594 22079 5066 934 1102 4638 7642 5217 4239 2632 4039 7372 1823 8910 1843 4829 6013 1665 2028 5284 7983 2919 6242 99 3099 5628 70543 315 7993 5059 972 4509 986 7497 5654 320 1343 175 659 14108 460 4711 7154 1686 1080 2218 12299 5950 3467 6549 4 3287 4616 885 3343 9086 9922 1116
internal_value=-5.63489e-06 -0.0407905 0.0333175 0.0147602 -0.0141122 -0.0550494 0.0496717 -0.00847104 -0.00345802 0.0238276 -0.0430355 0.0412474 0.00331706 0.00380576 -0.000961831 -0.0469832 0.0288388 -0.0620155 0.0594899 -0.0207082 -0.0169945 0.0149462 -0.0161216 -0.012302 -0.0434314 0.000378817 0.0355313 -0.0282578 -0.0390023 -0.00292054 -0.0631686 -0.0506151 -0.0515974 -0.0255239 0.0241 0.0378512 -0.0259897 -0.0105551 -0.0364111 0.0104538 0.000893006 0.00935488 0.0243049 -0.0599703 0.0226246 -0.0297133 0.0135638 -0.0274986 -0.0190758 -0.0165599 -0.0467258 0.000682726 0.0472068 0.0350686 -0.028681 -0.00591366 -0.00382329 0.0258957 0.0275754 0.026954 0.0110795 0.0143239
internal_weight=2.12458e+06 955330 1.16925e+06 547730 332753 622578 621518 279061 182020 365711 228504 334506 142139 115672 109287 180329 233794 394074 287011 136922 103925 131917 66348 56568.2 53691.5 106409 170742 48174.7 43857.1 85220.2 365870 134217 129067 44705.9 132790 141499 5149.67 59219.3 46112.4 68688.6 19189.4 76334 29242.9 177971 55582.7 47083.9 53853.6 18573.5 37378.9 33639.9 64873.8 66779.6 163764 101004 21765.4 46983 42492.4 44286.7 41536 97343.1 69702.8 13120.1
internal_count=388574 284347 104227 74653 72354 211993 29574 55992 33830 40823 69154 22665 23709 19111 19470 56702 23068 142839 6909 32283 23398 17755 14719 11953 16362 18536 13981 12452 12768 15617 133929 43672 42371 11072 14696 10751 1301 12326 13030 10106 3371 11402 3230 63386 6353 12353 7474 4785 8582 7502 20292 11578 8684 8372 5658 9005 7903 4688 4228 10058 10097 1775
is_linear=0
shrinkage=0.035


Tree=4
num_leaves=63
num_cat=2
split_feature=5 0 6 2 24 6 6 2 25 25 2 2 50 2 51 4 4 4 24 2 27 35 2 2 27 2 2 13 51 4 4 16 12 0 51 0 14 4 25 6 25 14 14 16 49 6 25 22 40 4 19 8 35 4 19 0 45 8 8 23 14 2
split_gain=2.22813e+06 289930 280568 75107.1 44407.9 40315.2 35206.7 32123.2 15498.5 14239.5 9101.61 8755.77 7681.98 6556.32 6228.24 5909.83 5422.42 5055.58 4817.63 4728.25 4604.11 4086.63 4084.32 3782.16 3757.08 3401.33 3372.56 3292.92 3128.91 2974.43 2939.32 2815.77 2494.99 2470.59 2461.56 2513.19 2445.17 2163.13 2125.83 2113.93 2065.73 2049.01 2001.36 1985.32 2017.45 1973.42 1959.73 1948.29 1918.15 1884.52 1783.99 1751.1 1727.09 1722.63 1722.44 1698.12 1647.5 1599.91 1448.02 1431.68 1430.67 1395.96
threshold=25.806666666666668 164.31000000000003 162.91500000000005 462.16000000000008 3.5000000000000004 3.3300000000000018 535.87500000000011 509.42000000000007 67.683750000000018 57.571666666666665 105.37000000000002 1918.6700000000003 86.074488152058095 2250.9900000000002 162.62849488278209 1.0000000180025095e-35 5.1250000000000009 5.8000000000000007 3.5000000000000004 1231.9200000000003 1.0000000180025095e-35 14.500000000000002 509.42000000000007 355.28000000000009 1.0000000180025095e-35 226.17000000000004 1366.2500000000002 0.48913043478260876 291.37244500848823 19.005000000000003 864.75000000000011 0 289.16100000000006 203.97000000000006 162.62849488278209 37.523333333333341 18.000000000000004 0.65000000000000013 324.26583333333343 31.266000000000009 23.863928571428577 18.000000000000004 19.500000000000004 1 1.5000000000000002 105.50500000000001 45.003750000000004 12.500000000000002 937.80666666666684 246.41000000000003 160.40045454545455 11.500000000000002 16.500000000000004 13.470000000000002 71.576666666666682 51.732500000000037 7.166666666666667 5.5000000000000009 7.5000000000000009 0.68301270189221941 18.000000000000004 1918.6700000000003
decision_type=10 10 10 10 8 8 10 10 10 10 10 10 8 10 8 10 8 10 8 10 10 2 10 10 10 10 10 10 10 10 10 9 10 10 10 10 2 10 10 8 10 2 2 9 10 10 8 2 10 10 10 2 2 10 10 10 10 2 2 2 2 10
left_child=1 5 3 9 7 18 11 21 19 15 16 23 20 29 24 33 34 45 43 53 -6 27 -22 50 -9 -23 40 -3 59 -10 -8 -18 -29 -2 35 -7 -17 -21 60 -38 52 -19 -31 44 -1 -11 -27 -36 -14 -13 -4 -37 -26 -5 -43 -20 -24 -56 -52 -12 -25 -16
right_child=2 4 6 8 12 10 30 14 13 17 28 49 48 -15 61 36 31 41 55 37 22 25 56 38 26 46 -28 32 -30 42 -32 -33 -34 -35 47 51 39 -39 -40 -41 -42 54 -44 -45 -46 -47 -48 -49 -50 -51 58 -53 -54 -55 57 -57 -58 -59 -60 -61 -62 -63
leaf_value=-0.018978231436845325 -0.035222112905830015 -0.027739567536862655 -0.028495090419680895 0.0013345336058555918 -0.064627113160070609 -0.05581552044945149 0.056216497852922653 -0.047718888412647653 0.017813356151944335 -0.010107771625669287 -0.033862544101384548 0.044400971282973628 -0.04014881858429311 0.038445620881512536 0.013818886606471747 -0.033582472643734554 -0.019137693498195558 -0.013585591778726924 -0.065272933349166895 0.0068313428202098651 -0.045947447967766966 -0.035933692688272546 -0.022163405162524116 0.015505346157303106 -0.0024947743658984465 -0.023864993505262288 0.011325048274203608 -0.018890703057330108 0.034832551782899727 0.015423869038471249 0.064456244930107293 -0.040439044055490585 -0.0038592840948365676 -0.015220532461698329 0.0052684015742890805 -0.038966218540642569 -0.01379585630746758 0.025214362853269348 0.045972090732547453 0.000215407895087246 0.0034475601042573438 -0.017775133741850732 0.029507167246500033 -0.057267688191357448 -0.049619227994571712 0.0081999463145815913 -0.0050489763336494103 -0.041373088893284157 -0.0039930645782734328 0.051965684274753531 0.03350922675085586 -0.050924463249006464 -0.017973917280238737 0.012575905087245647 0.026209915415623928 -0.058423345706857976 -0.046039826230866839 0.012287540793763934 0.015723434622866767 -0.019519994400201388 0.037798941877728608 0.030711182447039506
leaf_weight=3228.161021232605 14680.020014047623 16593.225142478943 741.06438827514648 23731.296090364456 9648.4847412109375 62753.77340388298 89270.801365852356 1954.7597503662109 43126.230424404144 22037.944680452347 27564.686250448227 67645.063835382462 2238.0803146362305 69555.94873046875 22114.896728515625 3737.3342227935791 9802.5318222045898 3393.4018466472626 234484.5112285614 9314.7394299507141 35182.076669692993 25994.024163246155 18069.144290924072 3655.7414054870605 22560.726364850998 29344.504425048828 28944.173572540283 22839.019317388535 949.57846069335938 13588.86919260025 130983.41738414764 34917.35350394249 33177.027700662613 15612.809917211533 1658.4523134231567 26068.067945480347 19675.831450223923 49597.842601299286 47170.21875 40017.475999116898 33403.357647418976 1971.9438428878784 137184.96325683594 71145.443776607513 14300.4736328125 10720.230224609375 8819.1863708496094 3239.0516309738159 9115.396614074707 100200.73694586754 14491.071475028992 35411.433763504028 14507.63000369072 56353.248457670212 13131.208778381348 54808.380615234375 4403.6621589660645 43976.125683784485 9151.4375314712524 12351.079730987549 101038.20473098755 8221.54345703125
leaf_count=794 4085 4338 182 4029 3663 22079 2762 632 5399 4512 7664 3943 664 5091 3038 1008 2350 717 90301 1435 11203 7370 4397 460 4133 7198 4168 5337 84 1761 1595 10451 6322 3425 283 7760 4245 5267 2577 7043 5549 434 13084 25414 4797 1667 1692 968 1747 4063 1236 11787 3242 7890 1400 19819 1383 6206 1190 2948 7521 772
internal_value=-7.4383e-06 -0.0400295 0.0325369 0.0156914 -0.014628 -0.054907 0.0501901 -0.00785199 0.0242378 -0.0025117 -0.0427954 0.0431957 -0.0377556 0.0292267 0.00448507 -0.0121967 -0.0462892 0.00702002 -0.0617872 0.0147816 -0.042248 -0.0197326 -0.0385019 0.0377467 0.000321382 -0.0261689 0.00126644 -0.0140452 -0.0279312 0.0259195 0.0611169 -0.0357837 -0.00998816 -0.0249142 -0.0499271 -0.0508866 -0.00612283 0.022308 0.0398013 -0.00440307 -0.00286494 0.0128595 0.028238 -0.0546476 -0.0439526 -0.00411644 -0.0195171 -0.0255809 -0.0111233 0.0489172 0.0249494 -0.0458547 -0.00855325 0.00924483 0.0143787 -0.0639754 -0.026844 0.0154892 0.0266257 -0.0294251 0.0370206 0.0183978
internal_weight=2.09557e+06 939814 1.15576e+06 591407 347131 592683 564348 268474 402453 188954 214716 344094 78656.8 263456 131707 93723.5 173851 95230.9 377967 138997 67303.4 136767 57654.9 176248 101371 64157.7 99415.9 72609.3 40865.3 193900 220254 44719.9 56016 30292.8 129131 124233 63430.6 58912.6 151864 59693.3 70471.7 62472.7 150774 88674.1 17528.6 32758.2 38163.7 4897.5 11353.5 167846 24383.6 61479.5 37068.4 80084.5 59079.3 289293 22472.8 57107.3 23642.5 39915.8 104694 30336.4
internal_count=388574 284347 104227 78698 76848 207499 25529 53791 43956 34742 66374 21172 23057 25335 21534 19806 55678 14936 141125 18621 20646 32257 16983 13166 17724 16260 17092 15997 10696 20244 4357 12801 11659 7510 42877 41626 12296 6702 10558 11288 12924 8757 14845 31005 5591 6179 8890 1251 2411 8006 2608 19547 7375 11919 8040 110120 5780 7606 2426 10612 7981 3810
cat_boundaries=0 1 2
cat_threshold=152600 152597
is_linear=0
shrinkage=0.035


Tree=5
num_leaves=63
num_cat=2
split_feature=5 0 6 2 24 6 6 2 25 6 2 2 51 2 47 4 4 2 27 2 13 8 27 2 4 24 2 51 19 4 4 16 2 4 12 51 0 16 40 4 45 4 2 18 14 8 48 8 27 12 45 19 8 2 25 26 14 8 14 8 50 2
split_gain=2.10527e+06 283173 272016 70510.6 42380.5 41329.2 36048.2 32196.9 14312.6 13839.4 8942.7 8722.11 6282.46 6161.81 5753.29 5411.55 5245.72 4771.9 4683.16 4581.71 4509.33 4423.02 3867.49 3402.93 3122.6 3084.72 3020.15 2934.08 2779.23 2766.66 2758.1 2716.37 2707.54 2704.69 2538.92 2412.08 2562.44 2378.21 2327.54 2171.1 2069.07 1993.28 1965.38 1931.28 1808.16 1774.06 1761.03 1754.93 1680.78 1678.18 1668.36 1641.74 1723.25 1637.71 1622.03 1571.74 1545.88 1542.5 1522.56 1519.9 1482.14 1405.63
threshold=25.806666666666668 164.31000000000003 162.91500000000005 509.42000000000007 4.5000000000000009 3.3300000000000018 535.87500000000011 509.42000000000007 57.571666666666665 74.163333333333355 105.37000000000002 1108.4800000000002 97.73788127701944 139.26000000000002 1769.9400000000003 5.1250000000000009 1.0000000180025095e-35 2250.9900000000002 1.0000000180025095e-35 1231.9200000000003 0.48913043478260876 15.500000000000002 25.745000000000005 421.07000000000005 864.75000000000011 7.5000000000000009 1366.2500000000002 291.37244500848823 174.97285714285718 1.0000000180025095e-35 317.70000000000005 0 205.29000000000005 129.64500000000004 289.16100000000006 162.62849488278209 37.523333333333341 1 251.43000000000004 19.005000000000003 2.6904761904761911 25.960000000000004 1918.6700000000003 9413.0104166666697 18.000000000000004 4.5000000000000009 2.5000000000000004 11.500000000000002 25.745000000000005 58.085833333333341 7.166666666666667 71.576666666666682 6.5000000000000009 105.37000000000002 38.402727272727283 100.50000000000001 18.000000000000004 12.500000000000002 19.500000000000004 16.500000000000004 137.25795576937824 2250.9900000000002
decision_type=10 10 10 10 8 8 10 10 10 10 10 10 8 10 8 8 10 8 10 10 10 2 10 10 10 8 10 10 10 10 10 9 10 10 10 10 10 9 10 10 8 10 10 10 2 2 2 2 10 10 10 10 2 10 10 2 2 2 2 2 8 10
left_child=1 5 3 8 7 14 11 20 13 19 15 28 18 29 25 35 43 39 -9 48 -3 34 -6 60 -8 49 40 -12 -4 -2 -13 -17 -23 -30 -22 36 -7 -16 -14 -11 59 -21 -40 53 -18 -37 -43 -38 -5 -1 -25 -46 -53 -10 -50 -48 -15 -58 -41 -20 -24 -52
right_child=2 4 6 9 22 10 24 12 16 17 27 30 38 56 37 31 44 -19 26 41 21 32 23 50 -26 -27 -28 -29 33 -31 -32 -33 -34 -35 -36 45 47 -39 42 58 -42 46 -44 -45 51 -47 55 -49 54 -51 61 52 -54 -55 -56 -57 57 -59 -60 -61 -62 -63
leaf_value=-0.061503436980053582 -0.031904830833715418 -0.030771783223522572 -0.014588380588139088 -0.04457120200095023 -0.062980401144410891 -0.055088101713906025 0.05550200669188967 -0.051573246460322554 -0.020742013897536327 0.018477033171118623 -0.028581403977224158 0.042703667339351013 -0.017449778984948809 -0.029966686249920351 -0.024928139483344523 -0.018517089144880934 -0.010399547644341742 0.037780167587874551 0.0031019947797126957 0.013915565463020318 -0.019444306551216463 -0.036509512749349764 -0.049195138517378625 -0.022562347945762763 0.064102713552146667 -0.065777258683696313 0.0092270502087478268 0.033908663358385917 0.028103121140221603 -0.013425681216479203 0.050340389410474883 -0.03948547797589539 -0.01872642114506623 0.039619543395285797 -0.0052374480777986933 0.0026752013095999549 -0.038014850691474124 -0.050967168639194642 0.011333913958477097 0.016359852613824832 -0.019550384112546809 0.00081432831651933582 0.028326352804952347 0.014760584450605619 -0.017521406974510878 -0.041114242050255684 0.038200957823249254 -0.050069812236132792 0.0033573162777739622 -0.053925675496893179 -0.052474366015365766 0.024093640165896654 0.011439972942890401 -0.0020282034931877182 0.01408576509418521 0.024097616340775011 0.0036511686322850938 -0.0079930665003130185 0.02965756739391778 -0.0082806419282429843 -0.01560788819392459 0.0032208304960989124
leaf_weight=113797.95774626732 17767.199290037155 37210.006809234619 1437.2252197265625 666.85743713378906 9112.3377513885498 61381.566376447678 87290.649296998978 2271.8614807128906 9071.0223026275635 33555.19552731514 39660.89888715744 136059.11502575874 2727.82958984375 2640.0571441650391 5488.5525670051575 9777.3070335388184 3983.7522602081299 62609.837399959564 31143.749765872955 22338.396824836731 25297.287321090698 16188.295545578003 23220.69868850708 16651.303987979889 127163.71007800102 175043.42099666595 26733.569561004639 941.48388671875 45568.252166509628 22490.095700502396 101002.98311877251 34516.471326589584 29797.2900390625 55337.412750482559 39424.540437698364 1800.2024717330933 25790.273258209229 21056.201674938202 31045.715896606445 11588.185822725296 9787.4966595172882 3076.033839225769 11400.463790893555 5087.9931640625 1986.4456977844238 3058.0531663894653 13578.088165283203 34766.87788772583 23716.734780311584 52362.044165611267 4432.4452910423279 17856.23228263855 50398.965383529663 15544.745822906494 63449.160712242126 33758.194061279297 26104.053438186646 29894.87989616394 117931.017578125 26679.973442316055 1730.5486259460449 634.4222297668457
leaf_count=43757 4868 10191 299 197 3537 22079 2762 782 2157 4094 10612 8304 612 699 1471 2350 812 4586 5216 2997 6015 4709 7835 4180 1595 69936 3977 84 4397 4867 4368 10451 6941 3804 7695 311 7760 7253 4457 1458 2273 503 1122 711 440 940 997 11787 3862 18708 1506 1977 7173 2808 8581 3617 4351 5924 11019 5284 399 117
internal_value=-9.17711e-06 -0.0392663 0.0317595 0.0152033 -0.0141863 -0.0542201 0.0493689 -0.00880722 -0.00150704 0.0239778 -0.0418996 0.0422709 0.00311015 -0.0110381 -0.0613122 -0.045404 0.0075625 0.0295661 -0.00192751 0.0161238 -0.0202309 -0.0166878 -0.0421222 -0.0380483 0.0606022 -0.0625334 -0.000731484 -0.0271316 0.0337308 -0.0215819 0.0459576 -0.0348706 -0.0249873 0.0344191 -0.0107906 -0.0490834 -0.050047 -0.0456129 0.0138843 0.0264123 -0.00466918 0.0226197 0.0158984 -0.00486742 0.0125367 -0.0248911 0.0264763 -0.0449365 0.0107431 -0.0591158 -0.0279159 0.0138377 0.0147506 -0.00892489 0.0111668 0.0281438 -0.00379928 -0.00256511 0.0284679 -0.00215003 -0.0468663 -0.0455015
internal_weight=2.06788e+06 924931 1.14295e+06 589093 345490 579441 553859 289708 202825 386268 211693 339405 141791 98896.3 367748 171091 103929 225684 96616.7 160583 147917 110707 55781.8 46669.4 214454 341203 94344.8 40602.4 102343 40257.3 237062 44293.8 45985.6 100906 64721.8 126797 121939 26544.8 45174 163074 67611.2 72750.7 42446.2 29703.8 74225.4 4858.26 50412.3 60557.2 87832.8 166160 21718.2 70241.6 68255.2 24615.8 87165.9 47336.3 58639 55998.9 129519 57823.7 24951.2 5066.87
internal_count=388574 284347 104227 78698 76848 207499 25529 59274 36787 41911 66374 21172 23723 20709 141125 55678 16078 21157 17532 20754 35551 25360 17574 14037 4357 132401 16750 10696 8500 9735 12672 12801 11650 8201 13710 42877 41626 8724 6191 16571 12773 8114 5579 5676 10402 1251 5117 19547 12640 62465 5803 9590 9150 4965 12443 4614 10974 10275 12477 10500 8234 1623
cat_boundaries=0 1 2
cat_threshold=152600 148497
is_linear=0
shrinkage=0.035


Tree=6
num_leaves=63
num_cat=3
split_feature=5 2 6 2 6 6 24 2 2 25 2 2 25 47 27 2 25 51 5 8 24 51 22 4 4 4 4 3 8 13 12 25 48 19 24 16 2 4 4 19 34 19 2 24 4 2 2 29 25 25 17 17 8 16 1 27 52 16 26 25 46 26
split_gain=1.98825e+06 275369 263298 66137.9 53116.1 36834.3 36315.4 20215.9 14800.3 12133.8 10606.9 8737 7472.24 7133.4 5819.78 5344.99 5290.79 5265.49 4502.24 4329.7 4077.42 4069.33 3874.67 3653.56 3516.25 3431.37 3309.68 2882.59 2828.03 2775.36 2753.67 2748.37 2648.27 2647.5 2599.09 2579.96 2523.95 2446.78 2248.33 2218.58 2180.25 2120.06 2021.58 1991.58 1940.84 1834.78 1825.13 1806.02 1799.28 1728.5 1681.04 1674.88 1662.24 1616.86 1606.24 1593.87 1569.55 1540.03 1528.5 1517.72 1396.39 1374.43
threshold=25.806666666666668 186.06000000000003 162.91500000000005 557.46000000000015 3.3300000000000018 535.87500000000011 4.5000000000000009 557.46000000000015 139.26000000000002 67.683750000000018 63.945000000000007 1918.6700000000003 73.92728571428573 inf 1.0000000180025095e-35 2250.9900000000002 35.517000000000003 97.73788127701944 10.023333333333337 5.5000000000000009 7.5000000000000009 162.62849488278209 1.5000000000000002 84.620000000000019 1.0000000180025095e-35 12.245000000000003 864.75000000000011 54.500000000000007 15.500000000000002 0.48913043478260876 58.085833333333341 48.873863636363645 2.5000000000000004 101.28545454545457 1.5000000000000002 0 1231.9200000000003 72.980000000000018 1.0000000180025095e-35 174.97285714285718 1.5000000000000002 270.31000000000006 1366.2500000000002 1.5000000000000002 246.41000000000003 421.07000000000005 1918.6700000000003 237.50000000000003 32.881875000000015 324.26583333333343 10.900000000000002 45.470000000000006 6.5000000000000009 1 575.00000000000011 25.745000000000005 7.5000000000000009 2 100.50000000000001 132.53000000000003 305.69500000000011 11.000000000000002
decision_type=10 10 10 10 8 10 8 10 10 10 10 10 10 8 10 10 8 8 10 2 8 10 2 10 10 10 10 2 2 8 10 8 2 10 10 9 10 10 10 10 2 10 10 8 10 10 10 2 10 10 10 10 2 9 8 10 2 9 2 10 10 2
left_child=1 4 3 8 13 11 7 16 19 25 18 23 38 20 50 37 24 34 21 33 30 43 -8 45 54 55 -7 47 29 59 -1 56 -27 -2 42 -31 -34 -11 -10 -25 60 57 -16 -6 -13 -4 -19 -23 -40 -41 -9 -37 -26 -20 -3 -5 -24 -15 -38 -12 -21 -50
right_child=2 6 5 9 10 26 22 14 12 15 28 44 -14 41 17 -17 -18 46 53 40 -22 27 31 39 52 32 -28 -29 -30 35 -32 -33 36 -35 -36 51 58 -39 48 49 -42 -43 -44 -45 -46 -47 -48 -49 61 -51 -52 -53 -54 -55 -56 -57 -58 -59 -60 -61 -62 -63
leaf_value=-0.06109857853651865 -0.013396756386683809 -0.032089120140216303 0.018701696740508277 -0.044257787295515237 -0.043864046634713667 0.054764674575560439 -0.061013933699021403 -0.063248282143872112 -0.011668231466240492 0.020033193628237769 -0.040182318699302076 0.042528387599683297 0.014639442283968618 -0.027951555689489729 -0.00023073704271579871 0.036585149531242089 -0.0039167318396098084 0.010617838622233242 -0.023516704918538026 -0.035967706409140127 -0.065486915066112386 -0.023060530456344881 -0.026652555934326434 -0.0091368467611530613 0.0068936737699011666 -0.0049173587694908011 0.063729805697824424 -0.039107266898126186 -0.039703767252872002 -0.0089647812452399271 -0.051707627252398157 -0.017090486852765943 0.013928969243764482 0.010737487906398096 -0.0092708718985665111 -0.047994617014922511 0.03650305181171476 0.028431356345550603 -0.0082243700840187953 0.036958307267498901 -0.014336161824890734 -0.0039906645179778599 0.013622615238426851 -0.053514300139433327 0.050324861110455789 0.032617657261565854 0.02706448432812017 0.042669311266009501 -0.033706422723170509 0.046186819375695132 -0.010292413875350275 -0.023862128804844313 -0.01584959071780373 -0.039215344519236903 -0.017551447841016379 0.0062429842125562834 -0.0444834405323963 -0.049779737650290368 0.021736502631577469 0.010356657163106825 -0.013328349318613791 0.0060220986031732163
leaf_weight=110225.43441033363 11338.171442508698 30131.428884267807 16640.038890838623 783.70942711830139 43266.968580722809 85403.283924102783 8250.2873802185059 1958.4054338932037 19415.127588748932 71195.477221250534 16200.40812587738 65839.904994249344 63574.208801269531 5027.6585307121277 42978.666488647461 68170.19287109375 32024.11376953125 29961.034072875977 11754.356956481934 12903.324624061584 172811.31166958809 911.00420951843262 8364.5312519073486 1144.9220259189606 4359.8796045780182 5663.245612859726 123495.96607589722 3190.9466209411621 24663.921215057373 14294.927472114563 58664.349088430405 8562.6759147644043 44317.5908203125 10939.300808429718 26014.133407592773 4009.3351011276245 11905.400482177734 105481.08377575874 16313.954617977142 80356.301013708115 27998.234741210938 1598.4583864212036 18439.206680297852 66570.416976928711 96576.503208875656 38405.975463867188 11415.181518554688 1166.9708919525146 1089.4762229919434 36039.100496292114 1175.192405462265 29075.266254425049 40500.722948074341 26379.875221252441 13479.505289077759 31423.811996459961 21886.041786193848 20648.285426616669 30839.89990234375 761.76438999176025 4503.9698486328125 49023.174663543701
leaf_count=43580 2486 8393 1978 230 14155 2762 3257 765 4049 8305 5031 3943 8473 1405 7578 5091 6150 4318 3087 3694 71166 226 2270 224 712 1033 1595 966 7605 3061 21093 2021 5963 1631 5229 1316 907 10025 3270 5902 6196 320 2526 24032 4063 3200 1140 86 302 1862 256 7550 9210 8196 3149 4867 7161 7215 3443 122 997 7736
internal_value=-1.08742e-05 -0.0384988 0.030987 0.0147282 -0.0519708 0.0485305 -0.011005 -0.00574262 -0.000606058 0.0237309 -0.0392368 0.0413377 0.00554452 -0.060331 0.00372263 0.0282598 -0.0161069 0.00486929 -0.0448186 -0.0141839 -0.061706 -0.0482719 -0.0392307 0.035854 -0.0205193 0.014855 0.0600649 -0.018221 -0.0296264 -0.0257629 -0.0578369 -0.0345989 0.0182735 -0.00154574 1.188e-06 -0.0214127 0.0197821 0.0250473 -0.00119125 0.0393392 -0.0203844 -0.0431024 0.00392855 -0.0497133 0.0471646 0.0284114 0.0151558 0.0138555 0.00187109 0.0398161 -0.0433979 -0.0267799 -0.0136391 -0.0343936 -0.0275962 0.00501281 -0.0395541 -0.045537 0.02585 -0.0379122 -0.0301111 0.00515772
internal_weight=2.0415e+06 910723 1.13078e+06 586879 611222 543902 299501 252437 217099 369780 242246 335003 149416 368975 131942 244847 120496 128808 153241 67683 341701 115106 47063.5 172586 88471.5 124934 208899 5268.92 89005.6 64341.7 168890 38813.2 92726.1 22277.5 87432 47379.5 87062.9 176677 85841.7 117540 45405.5 27274.4 61417.9 109837 162416 55046 41376.2 2077.98 66426.6 116395 3133.6 33084.6 44860.6 38134.2 43610.9 32207.5 30250.6 25675.9 42745.3 16962.2 17407.3 50112.7
internal_count=388574 284347 104227 78698 220212 25529 64135 49426 38834 39864 75433 21172 23830 144779 21812 23421 27614 20791 50748 15004 135839 39465 14709 13166 21464 16443 4357 1278 24685 17080 64673 11452 11346 4117 15333 11927 10313 18330 15357 7988 10887 8940 10104 38187 8006 5178 5458 312 11308 7764 1021 8866 9922 11283 11542 5097 9431 8620 4350 5153 4691 8038
cat_boundaries=0 1 2 3
cat_threshold=152577 152593 148497
is_linear=0
shrinkage=0.035


Tree=7
num_leaves=63
num_cat=1
split_feature=6 5 0 2 20 20 6 2 2 5 2 6 8 24 24 6 27 2 1 2 22 24 24 0 2 6 25 45 2 24 45 27 48 44 12 2 8 8 21 48 26 35 35 35 6 17 25 27 0 6 3 16 46 35 46 48 2 0 12 8 48 26
split_gain=1.8783e+06 264203 249138 69525.6 48855.9 40687.5 35771 26440.5 17122.1 13932.8 8412.86 8169.02 7001.21 6904.53 6513.13 5853.04 5802.56 5988.47 5033.66 4580.81 4368.84 4339.81 4274.53 3841.11 3745.31 3448.69 3319.5 3055.74 2989.15 2930.49 2800.41 2516.3 2469.29 2298.47 2047.76 1961.88 1958.99 1934.94 1973.3 1927.28 1920.28 1885.5 1772.81 1757.84 1757.42 1674.06 1660.98 1627.13 1624.32 1616.73 1571.69 1566 1558.71 1514.54 1509.81 1492.29 1486.17 1439.67 1390.44 1338.26 1333.06 1328.49
threshold=33.796000000000006 165.07166666666669 135.45833333333323 462.16000000000008 1.0000000180025095e-35 2.038896652994842 535.87500000000011 462.16000000000008 105.37000000000002 86.79000000000002 1918.6700000000003 13.760000000000005 5.5000000000000009 1.0000000180025095e-35 4.5000000000000009 87.60750000000003 1.0000000180025095e-35 271.84500000000008 3585.4200000000005 1702.6150000000002 1.0000000180025095e-35 1.5000000000000002 1.0000000180025095e-35 57.275000000000013 2250.9900000000002 13.760000000000005 324.26583333333343 2.2678571428571432 421.07000000000005 1.0000000180025095e-35 7.166666666666667 12532.460000000003 2.5000000000000004 619.04000000000008 63.915000000000013 1508.9400000000003 9.5000000000000018 5.5000000000000009 5.8050000000000006 2.5000000000000004 100.50000000000001 7.5000000000000009 3.5000000000000004 13.500000000000002 87.60750000000003 18041.040000000005 250.53000000000006 2373.2100000000005 51.732500000000037 96.006000000000014 41.500000000000007 0 1536.6600000000005 8.5000000000000018 429.62500000000006 11.500000000000002 2250.9900000000002 1574.0216666666668 18.72333333333334 11.500000000000002 11.500000000000002 100.50000000000001
decision_type=10 10 10 10 8 8 10 10 10 10 10 10 2 10 8 10 10 10 8 10 2 10 10 10 10 10 10 10 10 8 10 10 2 10 10 10 2 2 10 2 2 2 2 2 10 8 10 10 10 10 2 9 8 2 10 2 10 10 10 2 2 2
left_child=2 3 5 8 16 14 10 25 12 13 26 23 27 19 34 22 -4 42 29 32 55 -14 39 -7 49 36 28 33 -3 35 51 -8 -5 -2 -1 -9 -6 -17 -39 -10 -34 -25 -18 -27 -29 -20 -12 -47 -16 -11 -33 -19 -41 58 -38 -15 -32 -22 -13 -36 -24 -53
right_child=1 6 4 9 7 11 31 18 15 24 46 53 21 20 48 37 17 30 45 -21 57 -23 60 41 -26 43 -28 44 -30 -31 56 50 40 -35 59 -37 54 38 -40 52 -42 -43 -44 -45 -46 47 -48 -49 -50 -51 -52 61 -54 -55 -56 -57 -58 -59 -60 -61 -62 -63
leaf_value=-0.056983804374671446 -0.00020102900813645026 0.019472540133320521 -0.061523198398500047 -0.0014777589357291671 -0.013116569049248366 -0.049409804160835964 0.055649896024225022 0.0013653369615670985 -0.014622952009316629 0.020007246644401282 0.041943330813099866 -0.04987114149991257 -0.018324552915466991 -0.045758166134847261 -0.064711248502449095 0.027257567583351787 0.025063643582675512 -0.011712365631186564 0.022156291839771677 0.029014977027589352 0.0046613046668179574 -0.04259982739195204 -0.015154125384164777 -0.022240225727158329 0.037299778034170596 -0.0079321903233741439 0.043039711719255122 -0.05002627975448614 0.034497617942567435 -0.0077839318213344432 -0.051639247252622159 0.066749942785436611 0.027350728241748706 0.03913638172731948 -0.038977443542647573 0.016056375212862465 -0.031362335515667646 -0.00064457599074447158 0.016074290184769944 0.004565131773688111 0.015661483268681005 -0.039871429131023602 -0.046066719226923465 -0.019089901337253214 -0.0041564487298702026 -0.033772208147029567 0.049400490290411256 0.01632073408829492 -0.057241254047642694 0.028646076702051888 0.05777353357160276 -0.013723752776044391 0.029288864866852185 -0.032441333450038697 -0.017512181315108743 0.033634031547478932 0.0044921526193589124 0.015911306455663153 -0.017149080241509934 -0.051862168858411536 0.0061728496826095759 -0.031218538849041744
leaf_weight=73836.067106485367 14485.163011074066 19629.087341308594 10893.712802886963 8662.6671752929688 14022.001310586929 65573.153964996338 98827.609375 53149.848092317581 6141.1627197265625 36275.598022460938 59107.8486328125 1728.4241333007812 24786.000304222107 2432.1041641235352 206347.14220643044 10339.94287109375 433.92952728271484 11460.551438331604 19425.051811218262 51476.286865234375 38672.489120483398 14185.953491210938 25491.502792358398 9574.8008153438568 53096.1015625 34697.185775756836 46044.4736328125 2225.1728110313416 93518.350158691406 37349.246512174606 6425.8242177963257 65476.204637527466 21362.525756835938 2079.9407348632812 15082.027792930603 14085.689880371094 38373.047449350357 13363.681835651398 24506.008059978485 52822.510274887085 88735.854309082031 33242.515346765518 35270.426300048828 34494.304458618164 1893.8389835357666 1381.4203653335571 96305.919921875 1866.3237218856812 43212.666870117188 98979.501586914062 37747.857862472534 6995.3208351135254 3319.1234531402588 24800.262936115265 12883.263644695282 328.54266357421875 634.73559188842773 21783.854652404785 19898.128116130829 28710.025717735291 4178.2266845703125 22193.934623718262
leaf_count=28716 2648 2305 4392 1499 3181 23463 2898 9054 1342 4185 3537 594 5895 782 87083 1053 57 2573 2245 4759 6181 4604 5699 2520 3792 7181 2659 767 7303 7367 2286 428 2130 155 4862 1782 10816 2349 3180 8572 11322 10578 12086 8263 370 356 4158 246 16896 9215 937 1603 328 7162 3055 32 117 2788 4834 10464 701 6169
internal_value=-1.24921e-05 0.0296565 -0.038475 0.0142838 -0.0159003 -0.0538722 0.0481524 -0.00811755 -0.00272269 0.0223401 0.0407717 -0.0388231 -0.0184268 0.0166264 -0.0602172 0.00396139 -0.0374989 -0.0343607 0.00331778 0.0202943 0.00674877 -0.0271617 -0.00121742 -0.044085 0.0294221 -0.0189395 0.0351161 -0.0019683 0.0318912 7.66665e-05 -0.0262472 0.0596443 0.0165142 0.0047403 -0.0534258 0.00444327 -0.0247102 0.013839 0.0101746 0.00399096 0.0179298 -0.0359294 -0.0452016 -0.0134949 -0.0289424 0.0182677 0.0465646 -0.00499002 -0.063418 0.0263293 0.063468 -0.0227122 0.00602731 -0.0265377 -0.0278815 -0.036301 -0.0465932 0.00871514 -0.0197665 -0.0474256 -0.0121507 -0.0270172
internal_weight=2.01632e+06 1.13828e+06 878041 621624 356036 522005 516657 261727 199818 421806 314606 154817 59656.1 233454 367188 140162 94308.4 83414.7 127258 170237 63217 38972 91952.5 108390 188351 134470 159192 20684.1 113147 104585 47710.4 202052 118761 16565.1 117628 67235.5 65278.3 48209.6 37869.7 62282.8 110098 42817.3 35704.4 69191.5 4119.01 22672.8 155414 3247.74 249560 135255 103224 40649.8 56141.6 46426.8 51256.3 2760.65 7060.56 60456.3 21626.6 43792.1 29669.7 29189.3
internal_count=388574 108573 280001 84348 82829 197172 24225 53546 37663 46685 19962 49151 14439 29493 148021 23224 29283 24891 21050 19710 9783 10499 16642 36561 17192 32496 12267 3940 9608 18203 12748 4263 14951 2803 44042 10836 17052 6582 5529 10242 13452 13098 12143 15444 1137 2847 7695 602 103979 13400 1365 10345 8900 12590 13871 814 2403 8969 5428 15326 6400 7772
cat_boundaries=0 1
cat_threshold=134152
is_linear=0
shrinkage=0.035


Tree=8
num_leaves=63
num_cat=0
split_feature=5 6 0 2 6 6 24 2 25 6 0 2 4 51 2 27 47 22 8 8 4 2 4 8 2 10 2 13 4 2 2 51 4 0 4 19 12 12 19 14 4 2 45 48 18 2 6 45 2 4 25 48 4 1 14 52 14 8 26 25 23 3
split_gain=1.77397e+06 257657 250865 62504.8 41544.1 38045.2 35481.4 24691.7 14364.2 11554.4 9991.15 8489.03 5594.08 5270.44 4769.12 4465.64 4302.54 4152.16 4114.24 4098.27 3992.08 3981.36 3729.51 3729.16 3625.67 3552.5 3349.1 3322.28 3014.91 2862.31 2837.14 2781.9 2444.97 2420.95 2347.49 2218.32 2217.13 2171.89 2150.6 2114.74 1988.81 1978.42 1944.51 1926.38 1819.19 1802.14 1790.08 1714.01 1834.94 1699.52 1644.07 1600.43 1595.5 1492.3 1469.18 1444.45 1420.41 1657.23 1410.18 1396.5 1342.68 1321.09
threshold=23.786666666666672 162.91500000000005 164.31000000000003 557.46000000000015 1.8735000000000002 535.87500000000011 4.5000000000000009 509.42000000000007 48.873863636363645 74.163333333333355 63.158333333333339 2250.9900000000002 5.8000000000000007 162.62849488278209 139.26000000000002 1.0000000180025095e-35 671.88000000000011 1.5000000000000002 8.5000000000000018 4.5000000000000009 84.620000000000019 2250.9900000000002 864.75000000000011 15.500000000000002 1508.9400000000003 1299.4800000000002 509.42000000000007 0.48913043478260876 4.3500000000000005 1366.2500000000002 271.84500000000008 291.37244500848823 0.65000000000000013 17.47666666666667 1.0000000180025095e-35 133.66476190476195 289.16100000000006 18.72333333333334 174.97285714285718 18.000000000000004 28.590000000000003 168.56000000000003 2.6904761904761911 2.5000000000000004 10558.677000000001 421.07000000000005 96.006000000000014 4.1000000000000005 1508.9400000000003 8.2950000000000035 324.26583333333343 2.5000000000000004 246.41000000000003 363.37000000000006 19.500000000000004 7.5000000000000009 18.000000000000004 11.500000000000002 100.50000000000001 45.003750000000004 0.68301270189221941 122.50000000000001
decision_type=10 10 10 10 8 10 8 10 10 10 10 10 10 8 10 10 8 2 2 2 10 10 10 2 10 10 10 10 10 10 10 10 10 10 10 10 10 10 10 2 10 10 10 2 10 10 10 10 10 8 10 2 10 10 2 2 2 2 2 10 2 2
left_child=2 3 4 8 16 11 7 23 14 24 19 20 41 15 34 -9 33 -8 31 25 45 40 -7 27 43 37 55 59 -21 42 -25 -12 -20 -1 -2 -14 -29 -6 -22 -40 -11 44 -17 -5 -10 -3 51 -28 -49 -45 -41 -37 -13 -26 -42 -19 -16 -58 -31 -4 -39 -46
right_child=1 5 6 9 10 22 17 13 12 21 18 52 35 -15 56 29 -18 26 32 28 38 -23 -24 30 53 -27 47 36 -30 58 -32 -33 -34 -35 -36 46 -38 60 39 50 54 -43 -44 49 61 -47 -48 48 -50 -51 -52 -53 -54 -55 -56 -57 57 -59 -60 -61 -62 -63
leaf_value=-0.06491837994586426 -0.030970960219664969 0.017344216320688343 -0.028794310748950724 -0.0059729541522243745 -0.04818407766191915 0.053195031439307469 -0.061356715985887718 -0.046818093809398033 -0.016574058271194344 0.017219299999693582 -0.022545323539901747 0.04144802910127135 -0.005097858113108227 0.015028503636241683 -0.031180139424622531 -0.0017027169116086355 -0.045858527639471763 -0.029818389066523867 -0.041831463516675896 -0.053080506164520369 -0.0096302048714329291 0.034936894278229852 0.062945568811603639 -0.03331719349121632 0.033005469451605832 0.028645299345140211 -0.01194691744844114 -0.0180126666623368 -0.038908278423854289 0.021567601290259572 -0.0175240681298173 0.038454464165958782 -0.028855518755443465 -0.05824742711649971 -0.01352202763553241 -0.0094581467053573686 -0.0043381969153226205 -0.034909135210091771 0.018392354555822679 0.036805335907825344 0.014152426469804092 0.0026537107631690667 -0.018166016422597742 0.0038645942255181244 0.033268608364631677 0.030980230879052464 0.019641068192032769 -0.043127067270718425 -0.0091785930092419688 0.014936895204085098 0.045493746331501973 0.011064713593521083 0.049198823586139008 0.019090935365498548 0.02780350486027355 -0.048126982620344656 0.0042191088602204678 -0.0086707629091835794 0.0042562153650214738 -0.0054601752540906334 -0.0099970338323855986 -0.015005276257987915
leaf_weight=166084.91173124313 16900.027880191803 16595.196427345276 20028.486804008484 7568.5452880859375 11792.752820730209 81807.996264696121 8937.1108636856079 2590.3907012939453 17015.424189805984 36406.267459392548 22062.682754516602 53568.616507053375 9209.142019033432 30930.21923828125 2448.7287445068359 60093.917971611023 21155.378890991211 7276.4073104858398 46967.965071439743 92948.891339302063 1146.233030796051 60940.5693359375 116679.08186030388 28837.866075515747 12096.943237304688 1038.9238739013672 8350.6865997314453 23900.0167760849 22941.231804847717 7872.6328582763672 26969.784912109375 954.621337890625 28651.67419552803 111542.82443237305 21416.06378698349 5200.0094771385193 37026.658106803894 8566.0035552978516 6103.4808869361877 86225.786483764648 10614.574093341827 24350.715942382812 10292.91564655304 22104.926888227463 1697.9222564697266 41763.185546875 30938.197766780853 6949.4296264648438 2712.0452651977539 73285.17577290535 38675.105905532837 44335.120231628418 83082.524117946625 43056.653442382812 107504.09106445312 19293.067840576172 19364.633483409882 33107.527908802032 21519.236694335938 3727.073974609375 3838.8558502197266 1173.8061370849609
leaf_count=72512 4795 1989 5655 1412 4283 2762 3745 916 3933 4415 5845 3195 1727 4059 672 10861 7544 2136 15557 35524 224 4600 1595 8485 1008 110 1915 5769 7422 917 6385 78 8154 45660 4792 1044 7278 2686 672 6121 1345 4069 2395 3564 159 3509 3662 2270 608 9488 1964 6302 3519 4999 10078 6900 3221 6695 3426 774 916 259
internal_value=-1.40171e-05 0.0289427 -0.0376836 0.0132841 -0.0523705 0.0468381 -0.0135178 -0.00842288 -0.00119393 0.0220876 -0.0415185 0.0395036 0.00614977 0.00236768 -0.011742 -0.00145783 -0.0610788 -0.0395818 -0.0329716 -0.0474918 0.0347282 0.0273605 0.0589271 -0.0186611 0.0149019 -0.0347077 -0.0352154 -0.0140317 -0.0502754 -0.000279756 -0.0256854 -0.0200139 -0.0369154 -0.0622384 -0.0212188 0.0111738 -0.00970256 -0.0374288 0.0380953 0.0385129 0.0243724 -0.00403528 -0.00411043 0.0110226 -0.0122253 0.027103 0.0130359 -0.0235622 -0.0335994 0.0123712 0.039496 0.00891015 0.0461608 0.0221434 0.0265769 -0.0431142 -0.00513007 -0.00391382 0.00889366 -0.0251337 -0.0272012 0.0135385
internal_weight=1.99224e+06 1.12638e+06 865855 600735 538547 525647 327308 273789 227157 373578 239764 327160 133920 133299 93237 102369 298783 53518.7 98636.9 141127 190509 215466 198487 140490 158112 25236.5 44581.6 84682.2 115890 99778.7 55807.7 23017.3 75619.6 277628 38316.1 89682.5 60926.7 24197.6 132151 131004 154525 44237.9 70386.8 102959 19887.2 58358.4 80473.3 18012.2 9661.47 95390.1 124901 49535.1 136651 55153.6 118119 26569.5 54920.9 52472.2 29391.9 23755.6 12404.9 2871.73
internal_count=388574 107789 280785 82239 206291 25550 74494 56920 41330 40909 80575 21193 21155 22574 20175 18515 125716 17574 29634 50941 14479 20438 4357 34346 20471 7995 13829 19476 42946 17599 14870 5923 23711 118172 9587 12735 13047 7885 8981 8757 15838 8420 13256 14464 4351 5498 11008 4793 2878 13052 8085 7346 6714 6007 11423 9036 10588 9916 4343 6429 3602 418
is_linear=0
shrinkage=0.035


Tree=9
num_leaves=63
num_cat=0
split_feature=6 5 0 2 20 20 6 2 24 4 2 6 24 6 27 2 2 1 2 25 2 27 0 4 4 6 6 40 8 19 45 4 46 2 8 48 12 8 48 0 23 35 4 35 25 8 2 40 29 41 35 48 12 14 22 2 14 8 8 47 9 6
split_gain=1.67526e+06 245628 236678 60817.3 44363.3 42198.2 36819.2 22942.2 15288.3 12685.3 8168.48 7851.81 7185.03 6303.78 5809.35 5657.17 5395.38 4566.12 4500.34 4417.06 4264.74 3838.63 3789.53 3692.22 3617.69 3251.94 3010.18 2721.26 2703.57 2969.92 2658.4 2643.21 2603.72 2458.94 2270.77 2168.86 2160.42 2004.46 1915.31 1845.09 1808.23 1806.39 1773.18 1713.97 1696.88 1682.31 1680.68 1632.87 1561.63 1658.31 1548.66 1542.48 1512.54 1424.05 1593.89 1410.23 1404.09 1674.37 1378.86 1371.85 1369.89 1310.06
threshold=33.796000000000006 165.07166666666669 135.45833333333323 462.16000000000008 1.0000000180025095e-35 2.038896652994842 535.87500000000011 462.16000000000008 1.5000000000000002 49.340000000000011 1918.6700000000003 13.760000000000005 4.5000000000000009 96.006000000000014 1.0000000180025095e-35 271.84500000000008 2250.9900000000002 3585.4200000000005 127.06000000000002 88.546666666666695 139.26000000000002 25.745000000000005 57.275000000000013 864.75000000000011 9.0050000000000008 221.25000000000003 96.006000000000014 23.108333333333338 4.5000000000000009 92.895000000000024 7.166666666666667 8.2950000000000035 429.62500000000006 1008.5400000000001 9.5000000000000018 2.5000000000000004 63.915000000000013 11.500000000000002 2.5000000000000004 51.732500000000037 0.68301270189221941 7.5000000000000009 30.245000000000005 3.5000000000000004 250.53000000000006 12.500000000000002 717.93000000000018 2614.7983333333341 268.50000000000006 2500.3800000000006 11.500000000000002 11.500000000000002 319.20333333333343 19.500000000000004 1.0000000180025095e-35 2250.9900000000002 19.500000000000004 10.500000000000002 11.500000000000002 inf 130.37000000000006 7.2000000000000055
decision_type=10 10 10 10 8 8 10 10 10 10 10 10 8 10 10 10 10 8 10 10 10 8 10 10 10 10 10 10 2 10 10 10 10 8 2 2 10 2 2 10 2 2 10 2 10 2 10 10 2 10 2 2 10 2 2 10 2 2 2 8 10 10
left_child=2 3 5 8 14 12 10 24 13 19 25 22 36 18 -4 43 26 31 50 21 28 -5 -7 -8 32 46 35 -21 29 -10 61 53 37 -23 47 -11 -1 -6 -20 -14 -19 -24 -13 -16 -12 -40 -3 -22 49 -31 -2 60 -27 -9 -55 -32 -26 -58 -38 -37 -29 -17
right_child=1 6 4 9 7 11 23 17 20 16 44 42 39 -15 15 30 -18 40 38 27 34 33 41 -25 56 52 -28 51 -30 48 55 -33 -34 -35 -36 59 58 -39 45 -41 -42 -43 -44 -45 -46 -47 -48 -49 -50 -51 -52 -53 -54 54 -56 -57 57 -59 -60 -61 -62 -63
leaf_value=-0.055619579829728136 -0.0069813300178557742 0.019668679057749064 -0.060565690280136031 -0.042850981579843669 -0.016901494740206194 -0.047659558743509925 0.052641443618144386 -0.024884016758883742 -0.052311901194748656 -0.0011880613034688208 0.040025867688423089 -0.028310799190401102 -0.064029139496187742 0.013795001549463707 0.025462312905462987 -0.026338481073390676 0.03534341284329362 0.0085563259651219685 -0.013666920570900595 -0.061520211088439844 -0.021184828983770207 0.0043716243827244001 -0.020671703118689426 0.062511784269001489 -0.028282866809913133 0.017125724717320257 0.028010942047663714 0.010972814525704562 -0.038844719655787632 -0.033995066284020256 -0.050091285286902085 0.0056161713071693478 -0.012323956410004963 0.015456040457250032 -0.016346781595279782 0.016628179267006601 -0.036963367274189807 -0.030307071995028512 0.0099504188611975151 -0.05587552591620696 0.028532583771288846 -0.038024341784549755 -0.01099821361017659 -0.044335684161957579 0.047668833040166558 -0.0008264162885881323 0.031472683723103516 0.025337327059678439 0.034382029467042545 0.024475280425683515 -0.022290767800936691 0.031887604742385695 0.038576439209424496 -0.04888615414208667 -0.0029366624428560626 0.0046768509032961737 0.0037057078224218441 -0.012093231413187308 -0.05022604816994275 0.025853851595953561 0.021644471305578925 -0.013325191807587591
leaf_weight=70562.46479845047 24711.110954523087 22736.62744140625 10352.107089996338 1707.7890491485596 20460.822712421417 63363.6682472229 78690.275417566299 4276.5509684085846 1505.5773501396179 6206.7056179046631 57667.771484375 36864.930514335632 194616.59127211571 43154.072204589844 435.86211013793945 25039.216463088989 61248.8193359375 12651.762817382812 7764.2760009765625 497.28710556030273 1284.5316886901855 47755.702214002609 9499.2060546875 113434.1620824337 4648.8017036914825 4224.1447219848633 83840.311798095703 20792.959871768951 16944.896368980408 1529.4067873954773 6206.6771330833435 51349.67405295372 24286.255065917969 50381.904284715652 13215.305450439453 50120.293334960938 14733.645828485489 41157.747131586075 36019.039482355118 41279.846313476562 9890.8819580078125 32525.207275390625 9022.5147981643677 34279.286220550537 93156.5869140625 34972.60541510582 42243.00634765625 3288.0020332336426 1446.5452890396118 970.4219217300415 12037.087470769882 12451.665826320648 87189.585746765137 941.97858572006226 47905.777716159821 634.64874267578125 11054.926010131836 32008.856155395508 27667.766742706299 32590.498046875 50607.653846740723 15252.888554096222
leaf_count=28716 5089 2576 4392 541 4967 23463 2668 1027 550 1049 3537 10588 87083 5834 57 6896 4513 1868 1693 200 313 7572 2520 1595 1249 492 7680 2914 5485 431 2286 8057 5456 6384 3036 6080 4862 11732 5308 16896 979 10578 2002 12086 4158 6217 3491 382 137 117 3071 1083 5708 325 8794 117 1950 7142 10464 3245 5424 3449
internal_value=-1.54179e-05 0.0282013 -0.036946 0.0134326 -0.0149958 -0.0524314 0.0464511 -0.00761419 -0.00250271 0.0210094 0.038935 -0.0369922 -0.0591262 0.0023815 -0.0358618 -0.0327366 0.0264176 0.00303634 -0.00188284 0.0141386 -0.0217862 0.00915678 -0.042254 0.0584694 -0.0177385 0.0333299 0.0232529 0.0200354 -0.0319473 -0.0105068 -0.0248387 -4.62608e-05 -0.0220305 0.0100622 -0.00899122 0.0187662 -0.0518661 -0.025856 0.00283638 -0.0626026 0.017322 -0.0341025 -0.0249071 -0.0434586 0.0447468 0.00464149 0.0273428 0.0122664 0.00545149 -0.0112964 -0.0119965 0.0205198 0.0375854 -0.00551954 -0.00382373 -0.0450107 -0.0100106 -0.00803749 -0.0456185 0.0202636 0.0185369 -0.0214127
internal_weight=1.96936e+06 1.11639e+06 852971 617044 352835 500136 499342 260634 198843 418202 307218 151276 348860 158658 92200.7 81848.6 234007 127017 115504 184195 40184.7 99845.4 105388 192124 133617 156393 172758 84349.6 22396.8 5451.95 47133.4 104474 85904.8 98137.6 17787.8 88917.5 112964 61618.6 78755.9 235896 22542.6 42024.4 45887.4 34715.1 150824 70991.6 64979.6 4572.53 3946.37 2499.83 36748.2 83852.3 91413.7 53124.3 48847.8 6841.33 47712.6 43063.8 42401.4 82710.8 71400.6 40292.1
internal_count=388574 108573 280001 84348 82829 197172 24225 53546 37663 46685 19962 49151 148021 27212 29283 24891 22567 21050 21378 24118 10451 14497 36561 4263 32496 12267 18054 9621 6720 1235 12748 18203 22155 13956 3731 10374 44042 16699 13218 103979 2847 13098 12590 12143 7695 11525 6067 695 685 548 8160 9421 6200 10146 9119 2403 10341 9092 15326 9325 8338 10345
is_linear=0
shrinkage=0.035


Tree=10
num_leaves=63
num_cat=2
split_feature=5 6 0 2 6 6 24 2 2 6 2 4 50 6 2 22 12 2 35 8 2 4 4 8 19 47 51 0 23 6 12 35 23 47 14 10 14 4 19 32 0 2 4 40 2 47 27 16 4 9 22 14 1 48 8 35 6 16 22 2 45 4
split_gain=1.58046e+06 249601 226065 58336.7 38891.4 35993.8 33259.2 23913.6 13633.6 11016.6 8213.8 8159.72 6721.1 5503.37 5086.71 4992.23 4958.84 4760.49 4592.2 4571.88 4213.03 4114.54 3814.7 3436.25 3268.57 3241.21 3182.46 2931.32 2907.09 2824.98 2669.74 2600.07 2215.31 2157.41 2142.39 2130.34 2060.01 2042.38 2028.54 1995.58 1903.04 1828.85 1783.75 1774.06 1741.53 1737.07 1665.61 1660.37 1629.75 1616.11 1582.69 1562.87 1570.76 1517.81 1516.21 1503.87 1467.77 1455.05 1445.59 1442.05 1405.54 1396.14
threshold=21.770000000000007 162.91500000000005 135.45833333333323 557.46000000000015 535.87500000000011 1.2800000000000009 3.5000000000000004 421.07000000000005 186.06000000000003 63.001000000000005 2250.9900000000002 5.1250000000000009 86.074488152058095 58.002500000000005 1918.6700000000003 1.0000000180025095e-35 63.915000000000013 1508.9400000000003 6.5000000000000009 5.5000000000000009 509.42000000000007 864.75000000000011 84.620000000000019 15.500000000000002 101.28545454545457 671.88000000000011 45.846190157811911 203.97000000000006 0.68301270189221941 74.163333333333355 218.07500000000005 16.500000000000004 0.68301270189221941 938.61000000000013 18.000000000000004 1299.4800000000002 18.000000000000004 28.590000000000003 174.97285714285718 53.465000000000011 17.47666666666667 205.29000000000005 1.1000000000000003 854.88833333333343 168.56000000000003 8.0400000000000009 331.47000000000008 0 246.41000000000003 25.920000000000009 5.5000000000000009 19.500000000000004 48.245000000000012 2.5000000000000004 5.5000000000000009 3.5000000000000004 221.25000000000003 1 1.0000000180025095e-35 105.37000000000002 7.166666666666667 12.245000000000003
decision_type=10 10 10 10 10 10 8 10 10 10 10 8 8 10 10 2 10 10 2 2 10 10 10 2 10 8 8 10 2 10 10 2 2 8 2 10 2 10 10 10 10 10 10 10 10 10 10 9 10 10 2 2 10 2 2 2 10 9 2 10 10 10
left_child=2 3 5 8 10 25 7 23 19 28 22 16 15 53 26 -8 33 37 35 24 55 -6 44 30 61 40 45 42 34 47 -4 -29 -19 -7 -5 -18 -24 -11 -38 -30 -1 -25 -21 -14 -3 -9 -36 -13 -12 -49 -16 -32 -53 -10 -15 -17 -40 -35 -28 -20 -22 -2
right_child=1 4 6 9 21 11 12 14 13 17 48 29 43 54 50 20 18 32 59 27 60 -23 36 41 -26 -27 58 31 39 -31 51 -33 -34 57 46 -37 38 -39 56 -41 -42 -43 -44 -45 -46 -47 -48 49 -50 -51 -52 52 -54 -55 -56 -57 -58 -59 -60 -61 -62 -63
leaf_value=-0.064569717504357596 -0.026658744002515031 0.010177600491277524 -0.024085979923143472 -0.010369903119059418 0.05157530418117641 -0.053994249262969515 -0.062863763049352608 0.0012535444567795665 -0.018637936730726147 0.012896274713302449 0.039523909783317018 -0.017594926409207436 -0.03894260588555909 0.025191221470481303 -0.016823527088287805 0.028245808491106871 -0.024552762751373983 0.026835987193678936 -0.045313588238699146 -0.031656752603232328 -0.018255952731731692 0.062056170755298332 0.01646273537078654 -0.034769827354294312 0.011468516095301154 -0.045967500603922011 -0.042321311060162362 -0.003204678338754526 0.024685201939542205 0.031094515078767555 -0.030876935838357766 -0.029571130735717099 0.037376271503093791 -0.023827551667305765 -0.0040503207168220935 0.024065084071689748 -0.010207054034877932 0.022864977203139014 0.032480194703687397 0.0015763486912450451 -0.058169085614047628 -0.020781657135467254 -0.016534579330934544 -0.0034123532381140345 0.027896335005101445 -0.011234768375311691 0.012099376221067317 -0.039238981496318166 0.047465174853029667 -0.024974779232108165 0.020046392468404485 0.0066538327241778576 -0.011404632787103922 -0.00018221519456375945 0.010119177294232926 -0.042371948864322516 0.040519145075714497 -0.04660962792925015 0.0057733109443725136 -0.032832093154125261 -0.041163718518475279 -0.0035131066146694891
leaf_weight=149813.08739042282 5140.4435186386108 7862.5333368778229 27584.044155359268 6445.7356262207031 78643.911964893341 72641.031239748001 8960.7484292984009 21042.621784448624 5990.7427978515625 33892.587157249451 52301.728325128555 9433.0891065597534 2097.3327102661133 9394.373767375946 1537.3476531505585 372.30061674118042 10942.944738864899 80594.346435546875 58360.999815940857 16300.401752233505 17688.05432844162 110322.82241010666 6114.649493932724 21491.123069524765 14877.25324678421 16223.821662902832 776.39033126831055 24041.7932305336 28758.616356134415 915.08409357070923 4272.3004760742188 5659.3714904785156 35065.280029296875 4870.362500667572 8667.4350261688232 1227.1408538818359 1091.8949730396271 97951.712159156799 42862.886215925217 5444.4639661312103 91998.269500732422 24520.091552734375 23101.555094957352 9587.3370895385742 50127.411804199219 38804.602657079697 80269.021486282349 26182.057030677795 80400.589057683945 15497.470947742462 19608.733889818192 6904.3100991249084 40556.397786617279 61361.210205078125 63044.888195514679 39077.726890087128 79464.502105712891 12351.467487812042 50412.231662750244 14090.739583969116 4028.7008137702942 8422.782130241394
leaf_count=69586 1403 1055 7502 1258 2763 29689 4016 3729 1421 4429 3196 2450 673 979 347 46 3138 7433 21429 4787 4397 1595 682 6711 2187 6084 265 4625 2987 100 1194 1521 2398 1450 1544 146 214 10132 3353 862 40011 6193 5395 1879 4467 8210 10861 8816 3519 4405 2280 1188 9158 10947 8968 13769 4732 4634 7958 4391 1383 1634
internal_value=-1.68103e-05 0.0269819 -0.0368384 0.0119646 0.0451026 -0.0521807 -0.0149296 -0.00875317 -0.00162934 0.0205205 0.0376718 -0.041999 -0.0343699 0.00537797 0.00163245 -0.0384647 -0.0456265 0.0248492 -0.0395449 -0.0116716 -0.0348894 0.0576946 0.0329559 -0.0197067 0.000139705 -0.0611185 -0.00136389 -0.0165326 0.0122527 -0.0298326 -0.0152923 -0.00822947 0.0300318 -0.0513529 0.0091133 -0.0196489 0.0362962 0.0203025 0.0372787 0.0210069 -0.0621348 -0.0273159 -0.0227912 -0.00979262 0.0254942 -0.00684386 0.0105255 -0.030924 0.0443356 -0.0339278 0.0173652 -0.0106031 -0.00877751 -0.00182405 0.0120741 -0.0417048 0.0377026 -0.0402095 0.00504304 -0.0428866 -0.0225073 -0.0122866
internal_weight=1.94749e+06 1.12362e+06 823870 614424 509193 484548 339322 257510 237335 377089 320226 226512 81812.2 139791 132182 70127.5 174485 247504 84621.8 97543.6 61166.8 188967 187524 125328 28440.5 258035 111036 69103.1 129585 52027.7 79317.1 29701.2 115660 89862.9 95382.2 12170.1 129534 131844 123419 34203.1 241811 46011.2 39402 11684.7 57989.9 59847.2 88936.5 51112.6 132702 41679.5 21146.1 51733 47460.7 67352 72439.3 39450 122327 17221.8 51188.6 72451.7 21716.8 13563.2
internal_count=388574 111347 277227 85771 25576 196329 80898 54735 43867 41904 21218 80648 26163 22315 22789 23611 64877 24392 29104 21552 19595 4358 14503 31946 5224 115681 20162 16328 17512 15771 19042 6146 9831 35773 13663 3284 8981 14561 8299 3849 109597 12904 10182 2552 5522 11939 12405 15671 6715 13221 2627 11540 10346 12368 9947 13815 8085 6084 8223 25820 5780 3037
cat_boundaries=0 1 2
cat_threshold=148489 151701
is_linear=0
shrinkage=0.035


Tree=11
num_leaves=63
num_cat=2
split_feature=6 5 0 2 20 20 5 2 5 4 6 6 6 2 27 4 2 2 23 2 2 27 0 25 25 4 4 45 45 46 1 26 4 0 4 14 14 37 23 18 8 8 48 2 0 35 25 14 16 1 33 17 16 48 4 19 26 2 1 8 0 35
split_gain=1.49143e+06 228197 223414 58203.8 43391.3 40015.2 31190.2 20084.1 14408.6 14032.7 7771.07 7503.72 6303.34 5907.66 5776.17 5770.69 5384.83 4834.75 4204.32 3974.7 3806.29 3630.98 3537.27 3526.75 3358.56 3337.45 2828.34 2588.56 2496.6 2399 2347.45 2275.99 2257.58 2249.16 2232.68 2156.83 2070.01 1906.4 1896.4 1860.28 1843.73 1813.46 1787.06 2052.6 1618.4 1612.77 1593.68 1560.59 1550.46 1534.45 1531.89 1487 1461.06 1452.68 1418.08 1417.91 1406.81 1389.94 1372.63 1368.4 1361.22 1347.3
threshold=33.796000000000006 186.49000000000004 135.45833333333323 462.16000000000008 2.038896652994842 1.0000000180025095e-35 599.18666666666684 462.16000000000008 86.79000000000002 3.0800000000000005 0.80500000000000027 11.520000000000007 105.50500000000001 2763.6300000000001 1.0000000180025095e-35 1.1000000000000003 271.84500000000008 105.37000000000002 0.68301270189221941 1508.9400000000003 1702.6150000000002 1.0000000180025095e-35 63.158333333333339 324.26583333333343 73.92728571428573 9.0050000000000008 864.75000000000011 2.0454545454545459 7.166666666666667 393.88000000000005 3585.4200000000005 85.500000000000014 36.025000000000006 26.460000000000004 6.7350000000000003 18.000000000000004 19.500000000000004 8823.8700000000008 0.68301270189221941 10558.677000000001 8.5000000000000018 11.500000000000002 11.500000000000002 115.74500000000002 29.910000000000025 2.5000000000000004 204.33085714285716 18.000000000000004 0 2838.2150000000006 6.5000000000000009 398.59500000000008 1 11.500000000000002 20.370000000000001 54.662142857142861 100.50000000000001 2250.9900000000002 2838.2150000000006 14.500000000000002 110.90666666666668 13.500000000000002
decision_type=10 10 10 10 8 8 10 10 10 10 10 10 10 10 10 10 10 10 2 10 10 10 10 10 10 10 10 10 10 10 8 2 10 10 10 2 2 8 2 10 2 2 2 10 10 2 10 2 9 8 2 10 9 2 10 10 2 10 8 2 10 2
left_child=2 3 4 9 10 14 13 25 15 12 33 22 17 23 -4 21 45 27 34 46 36 50 -6 32 35 29 -8 39 48 41 -20 37 -3 -1 -9 -11 -17 -14 -13 -2 -24 -7 43 52 -12 -16 54 -21 -18 60 -5 -52 -33 -23 -10 -26 -49 -30 -31 -19 -37 -45
right_child=1 6 5 8 11 7 26 18 19 24 44 38 31 -15 16 20 28 59 30 47 -22 53 40 -25 55 -27 -28 -29 57 58 -32 42 -34 -35 -36 49 -38 -39 -40 -41 -42 -43 -44 61 -46 -47 -48 56 -50 -51 51 -53 -54 -55 -56 -57 -58 -59 -60 -61 -62 -63
leaf_value=-0.063859839520651759 -0.024793976519702207 0.020720741073130662 -0.059533429840149393 -0.057637151994694373 -0.046182434804673232 -0.016095055996849149 0.051900728809900522 -0.0070681857779437661 0.01214531687639101 -0.028041780957357373 -0.054116606362475096 -0.029002556523902955 0.0011584154510720214 0.045746132121116653 0.053534465299674039 -0.00047727226701521657 -0.0091432774172258476 -0.0036074904458020039 0.007425530406878043 0.012825563403510359 0.026103876932113929 0.0052133293838550181 -0.017958035713134108 0.04142687326929443 -0.042839332160256871 -0.0092476381072887359 0.061660899395277143 -0.044286183391152659 -0.048474672502863039 -0.015460185631787231 0.027366662702913522 0.0025353775462038067 0.033699441277391863 -0.056338011206346905 0.0039997450619960557 -0.013148833178593907 0.015994631818447794 0.039349415290752268 -0.014592171423031049 0.010364263920352454 -0.036873866819969771 -0.029215367834449963 0.02378788744810157 0.014237041399618964 -0.045333072049847156 -0.04235854221147433 0.033242247791259477 0.039971229258522263 -0.024446877473286482 0.017804541808907878 -0.03921685382063704 0.040608774370678627 -0.038841366955193336 0.020290154182623015 0.022936683911753505 0.0130166961388022 0.03048722718098474 0.0059444968242917985 0.0069631288696436668 -0.017441665869614591 0.0024469592009391909 -0.016613740819903595
leaf_weight=158267.28201031685 20122.149079322815 20163.311641931534 9834.5996932983398 1501.5742213726044 60812.492210388184 19371.386132240295 55037.048705816269 42987.015238523483 18301.942939758301 3085.8092048168182 54525.537475585938 39164.176147460938 2990.0792465209961 103279.146484375 215.42333221435547 10252.163616895676 11374.102118492126 22268.075538635254 27544.450927734375 4964.7542724609375 49844.147338867188 53330.386459350586 8586.3486309051514 68641.552734375 561.56558990478516 47575.676843643188 107545.18566918373 8509.3300993442535 6010.0063281059265 23317.708027839661 9805.679443359375 1509.5957744121552 88533.457889318466 70479.983459472656 46453.041157960892 8186.8800530433655 105718.20855712891 3446.0225830078125 15664.974243164062 2028.9638671875 23864.786867141724 38686.44243144989 2483.0678100585938 4700.2866382598877 48717.14990234375 33624.051612854004 14842.09521484375 25828.692993164062 28621.371121883392 6643.8624649047852 648.12821173667908 509.83562541007996 3422.1527035236359 9174.8430786132812 80747.417411804199 54121.822257995605 74375.7138671875 635.52919006347656 3903.4851503372192 14437.268028259277 42134.919881343842 2746.5149021148682
leaf_count=75422 5596 2131 4392 549 23301 4741 1849 8390 2382 831 23145 11654 528 4802 10 1717 2573 4325 4245 592 4694 8206 2274 3824 163 10341 1586 3014 2286 5545 979 271 6550 30979 7436 1813 12976 261 3938 342 7984 11205 292 638 18475 12133 1130 1580 7772 859 225 40 1020 1086 8205 7294 6073 117 664 3393 7144 592
internal_value=-1.81294e-05 0.0267725 -0.0354135 0.0136236 -0.0509168 -0.0141457 0.0461588 -0.00716549 0.0206461 -0.0019143 -0.0579446 -0.0351618 -0.012372 0.0390911 -0.0342125 0.0145471 -0.0311176 -0.0176192 0.00279888 0.0270768 0.0180152 0.00572228 -0.0412027 0.0352151 0.00616715 -0.016675 0.0583572 -0.0278781 -0.0234052 -0.0208184 0.0126613 0.00422499 0.0312921 -0.0615425 -0.00131978 0.000452819 0.0145385 0.0216096 -0.0248858 -0.0215733 -0.0318696 -0.024838 -0.0033047 -0.0087408 -0.0499724 -0.0417465 0.022546 0.0319831 -0.0201035 0.00199683 -0.0343226 -0.00406601 -0.0262517 0.00742667 0.0209428 0.0124423 0.0329322 -0.0432703 -0.0122446 -0.0090492 -9.05393e-05 0.00285801
internal_weight=1.92668e+06 1.09664e+06 830043 653438 480083 349960 443200 259645 450040 203398 331990 148093 88663.5 280617 90315.1 230979 80480.5 67365.8 126790 219061 165815 65164.8 93263.6 177338 114735 132855 162582 30660.4 46641 85279 37350.1 21297.7 108697 228747 89440.1 60051.5 115970 6436.1 54829.2 22151.1 32451.1 58057.8 14861.6 12378.6 103243 33839.5 113891 105169 39995.5 56965.7 2659.54 1157.96 4931.75 62505.2 99049.4 54683.4 100204 6645.54 27221.2 36705.3 50321.8 7446.8
internal_count=388574 108573 280001 87831 197172 82829 20742 53546 49455 38376 148021 49151 20272 17307 29283 29493 24891 16670 21050 19962 19387 10106 33559 12505 18104 32496 3435 8952 12748 22155 5224 3602 8681 106401 15826 10647 14693 789 15592 5938 10258 15946 2813 2521 41620 12143 11717 8245 10345 9816 814 265 1291 9292 10587 7457 7653 2403 6209 7718 8957 1230
cat_boundaries=0 1 2
cat_threshold=134152 133128
is_linear=0
shrinkage=0.035


Tree=12
num_leaves=63
num_cat=2
split_feature=5 25 0 2 5 6 24 2 25 25 2 2 47 24 4 2 25 22 2 4 47 2 4 2 8 4 48 47 23 40 25 4 35 4 42 8 50 0 22 0 16 10 13 48 47 48 2 39 13 8 0 13 8 27 26 48 27 42 16 4 18 44
split_gain=1.40754e+06 249811 194011 60491.8 37999.1 34273.2 27610.5 21425.9 14350.2 11789.7 7610.92 7196.27 5084.35 5052.43 4727.07 4602.9 4409.5 4327.83 4031.07 3784.01 3560.45 3356.5 3209.61 3207.87 3140.88 2964.68 2800.46 2791.19 2732.03 2387.5 2370.77 2329.41 2294.13 2287.97 2259.9 2171.4 2161.31 2158.75 2107.84 2031.89 2005.62 1897.26 1683.12 1656.98 1606.5 1599.13 1582.5 1558.13 1539.31 1527.39 1519.35 1496.87 1496.41 1467.96 1464.91 1461.64 1424.19 1406.33 1394.75 1386.85 1365.4 1360.85
threshold=18.480000000000011 172.91833333333335 135.45833333333323 557.46000000000015 599.18666666666684 1.2800000000000009 4.5000000000000009 509.42000000000007 48.873863636363645 67.683750000000018 2763.6300000000001 105.37000000000002 233.69500000000002 1.0000000180025095e-35 5.1250000000000009 1918.6700000000003 324.26583333333343 1.5000000000000002 1918.6700000000003 12.245000000000003 671.88000000000011 509.42000000000007 33.185000000000009 205.29000000000005 13.500000000000002 864.75000000000011 2.5000000000000004 304.35000000000008 0.68301270189221941 1.0000000180025095e-35 30.365454545454543 111.98000000000002 6.5000000000000009 2.7950000000000004 1.5000000000000002 9.5000000000000018 216.13992458440376 17.47666666666667 6.5000000000000009 135.45833333333323 0 352.56500000000005 0.46410256410256417 3.5000000000000004 1033.0800000000002 2.5000000000000004 205.29000000000005 233.37000000000003 0.48913043478260876 17.500000000000004 366.38000000000005 0.13961038961038963 4.5000000000000009 25.745000000000005 100.50000000000001 2.5000000000000004 198.66000000000003 2.5000000000000004 1 25.960000000000004 21462.930000000004 943.75000000000011
decision_type=10 10 10 10 10 10 8 10 10 10 10 10 8 10 8 10 10 2 10 10 8 10 10 10 2 10 2 8 2 10 10 10 2 10 2 2 8 8 2 10 9 10 10 2 8 2 10 8 10 2 10 8 2 10 2 2 10 2 9 10 10 10
left_child=2 3 5 8 10 20 7 23 12 19 16 14 34 39 27 31 22 -8 29 53 37 35 -3 24 48 -6 -14 41 43 -9 44 55 61 50 -2 -19 42 -1 -20 -10 -16 57 -31 -21 -25 -17 49 51 -4 -15 -28 -23 -41 -5 -12 -11 -47 -7 -44 -36 -27 -13
right_child=1 4 6 9 25 11 17 18 13 15 54 32 26 46 40 45 -18 21 38 28 -22 47 -24 30 -26 60 33 -29 -30 36 -32 -33 -34 -35 59 -37 -38 -39 -40 52 -42 -43 58 -45 -46 56 -48 -49 -50 -51 -52 -53 -54 -55 -56 -57 -58 -59 -60 -61 -62 -63
leaf_value=-0.063863344536344541 -0.037202342473299566 0.019676129042869833 -0.028432079186789048 -0.039633873067781766 0.05106694634156226 -0.053390074053105925 -0.059638939767528119 -0.05941402603714676 -0.0039665388311244439 0.0015838207439159615 0.050315410649379062 -0.008913879196691555 -0.026709257860750391 -0.0092227761847091718 -0.014456447686110334 0.011488615148061414 0.039591241694805393 -0.018526284150724666 -0.016822978642423957 -0.0054377894513289865 -0.043952341286666349 -0.054713010716244778 0.03223887260484759 -0.023995119222691156 -0.032990684663120391 0.056958265002823028 -0.020328143206207051 -0.038958420037088125 0.023706835027551023 -0.012760589101200238 -0.0052441258318458557 0.025188965068441007 -0.029138895472587818 0.00036443824185745547 -0.023288944196775262 -0.044043145608222076 0.010575498016877375 -0.056868713014427856 0.018737993894547958 0.023981390793475211 -0.035962552658963871 -0.033082101871020772 -0.024480248532801265 0.012774458957707339 -0.011788405162893114 -0.013874465469258666 0.0016318014595212628 -0.0087060738740842806 -0.01209150643576626 -0.040870484997754586 -0.002073972815472174 -0.022569615245269552 0.0094729454154600188 0.0031011854487275098 0.041614350694840978 0.017952364093830761 0.03187075453907965 -0.043713528484968067 0.0004664605560485003 -0.0088165839791830899 0.064972385086810233 0.054250591841827588
leaf_weight=141279.11255407333 8710.0895538330078 32752.839625597 10520.333877086639 1009.2756071090698 53996.520494937897 68954.737107753754 8895.8809566497803 880.50165462493896 12526.38264465332 7237.5514552593231 34531.240966796875 4631.1265621185303 7393.2395477294922 17958.639728307724 6501.5547218322754 5256.2137451171875 79664.1435546875 4847.9865401983261 2289.4826560020447 6712.3862428665161 15708.767501831055 2287.1179192066193 104156.4543197155 30073.13648223877 31831.027336120605 49684.917005062103 13994.65164232254 45168.370001792908 29556.622436523438 19647.443143606186 23210.688667297363 68147.059689760208 23471.693635940552 47167.293035268784 19198.009202957153 26037.061353325844 15043.710579872131 87744.99210357666 18825.444101810455 9815.8646664619446 30244.445811033249 8039.117805480957 2885.8330726623535 69241.990173339844 23555.852554321289 841.79800415039062 18742.13623046875 7431.1103210449219 21488.267271518707 2084.169353723526 9295.705194234848 7926.1042563915253 77177.310306072235 38824.993118286133 75847.153564453125 87210.445495605469 81526.220672607422 25144.416105747223 52513.8004591465 14048.251081466675 54985.140625 458.25889587402344
leaf_count=69586 2726 3553 3191 304 1849 29378 4122 391 2351 1120 1275 1101 2006 3874 1679 636 4700 1377 531 1224 6084 929 7918 8148 10031 1113 3639 16267 3039 4318 4726 6446 7262 8659 5141 9757 2110 40011 2235 1036 10264 2764 701 9031 5412 149 3174 1687 5061 653 1786 2177 11077 6219 4057 9931 6310 9650 9151 2988 472 17
internal_value=-1.93326e-05 0.0246623 -0.0366555 0.0105362 0.043677 -0.0511473 -0.0152886 -0.0103114 -0.00264455 0.0191368 0.0368564 -0.0408674 -0.0115114 0.00503641 -0.043404 0.023742 0.0330437 -0.0371962 0.00110475 0.0112085 -0.0600779 -0.0330811 0.0292337 -0.0194071 -0.0252056 0.0577313 -0.00621811 -0.0462057 0.0146785 -0.00209304 -0.0145893 0.0202569 -0.02452 -0.00406759 -0.0213327 -0.0400385 -0.00153216 -0.0611838 0.0148815 0.00921255 -0.0321716 -0.0494103 -0.00395933 0.0111649 -0.0186338 0.0302086 -0.00567924 -0.0209011 -0.0174629 -0.0125156 -0.0130429 -0.0297724 0.0111103 0.00201745 0.0443369 0.0166981 0.0314031 -0.0508049 -0.000837796 -0.0171741 0.0611688 -0.00321688
internal_weight=1.90683e+06 1.13929e+06 767537 653676 485618 457347 310191 252766 258112 395565 326952 212614 119807 138305 184053 250219 216573 57425.3 112086 145345 244733 48529.4 136909 140679 63839.6 158667 77850.9 147307 105511 90971.3 76839.7 162595 28561.1 70457.6 41956.3 30885 90090.8 229024 21114.9 99519.6 36746 102138 75047.1 75954.4 53629 87624.2 38784.9 17644.3 32008.6 20042.8 23290.4 10213.2 86993.2 39834.3 110378 94448 82368 94099.2 55399.6 33246.3 104670 5089.39
internal_count=388574 118456 270118 93519 24937 194063 76055 56006 49110 44409 21503 78382 26945 22165 70002 24592 16171 20049 19437 19817 115681 15927 11471 36569 18283 3434 16090 58059 13294 16671 18286 17497 8380 14084 10855 11134 16280 109597 2766 14464 11943 41792 14170 10255 13560 7095 7701 4793 8252 4527 5425 3106 12113 6523 5332 11051 6459 39028 9852 8129 1585 1118
cat_boundaries=0 1 2
cat_threshold=148480 128
is_linear=0
shrinkage=0.035


Tree=13
num_leaves=63
num_cat=1
split_feature=6 5 0 2 24 6 20 0 5 4 2 2 4 27 2 24 6 4 8 27 1 2 2 19 50 23 45 14 13 19 8 2 4 26 8 12 2 2 25 2 21 4 29 8 8 48 1 14 29 17 23 23 44 25 27 8 16 14 29 17 19 10
split_gain=1.32743e+06 232227 187145 58686.7 38008.1 31785.5 30224 17129.7 15918.9 13982.2 8522.07 6925.23 6188.32 6028.75 5871.02 5843 5745.02 4314.34 4255.28 4151.23 4090.04 3914.96 3773.32 3678.1 3673.96 3596.37 3322.28 3281.05 2927.2 2604.47 3120.17 2440.01 2296.22 2271.02 2241.33 2189.56 2057.53 2032.01 1999.13 1828.3 1806.31 1785.01 1755.65 1716.65 1710.93 1683.05 1592.55 1578.73 1567.71 1721.77 1529.05 1505.02 1501.75 1501.05 1482.13 1447.93 1440.75 1438.89 1412.75 1467.72 1409.94 1402.65
threshold=28.800000000000015 186.49000000000004 100.57500000000002 421.07000000000005 1.5000000000000002 535.87500000000011 1.2067955732249624 485.49000000000007 86.79000000000002 14.445000000000002 296.98000000000008 105.37000000000002 7.410000000000001 1.0000000180025095e-35 1918.6700000000003 7.5000000000000009 7.9830000000000014 864.75000000000011 5.5000000000000009 1.0000000180025095e-35 3585.4200000000005 1508.9400000000003 1008.5400000000001 92.895000000000024 3.9960292756018378 0.68301270189221941 5.5833333333333348 16.500000000000004 0.48913043478260876 111.205 6.5000000000000009 271.84500000000008 84.620000000000019 100.50000000000001 6.5000000000000009 58.085833333333341 1918.6700000000003 79.225000000000009 106.96214285714287 845.50500000000022 5.1250000000000009 19.005000000000003 268.50000000000006 4.5000000000000009 11.500000000000002 11.500000000000002 1983.2400000000002 18.000000000000004 358.00000000000006 1.0000000180025095e-35 0.68301270189221941 0.68301270189221941 1383.8400000000004 88.546666666666695 589.47000000000014 3.5000000000000004 0 18.000000000000004 176.50000000000003 398.59500000000008 292.86533333333335 1588.5000000000002
decision_type=10 10 10 10 8 10 8 10 10 10 10 10 10 10 10 8 10 10 2 10 8 10 10 10 8 2 10 2 10 10 2 10 10 2 2 10 10 10 10 10 10 10 2 2 2 2 10 2 2 10 2 2 10 10 10 2 9 2 2 10 10 10
left_child=2 3 6 9 7 14 15 25 12 11 24 18 19 48 32 35 37 -7 23 58 39 47 57 -2 55 31 56 -11 -20 43 -31 -4 60 -24 54 -1 -28 -8 -21 -9 -36 -18 45 -29 -37 -25 -38 -10 49 -12 -16 -23 -19 -49 -13 -6 -15 -14 59 -5 -3 -44
right_child=1 5 4 8 10 17 16 20 21 27 13 34 22 26 50 -17 41 52 28 38 -22 51 33 42 -26 -27 36 29 -30 30 -32 -33 -34 -35 40 44 46 -39 -40 -41 -42 -43 61 -45 -46 -47 -48 53 -50 -51 -52 -53 -54 -55 -56 -57 -58 -59 -60 -61 -62 -63
leaf_value=-0.056314133161959594 -0.030911036354150257 -0.010683237623934007 -0.02429894523369408 -0.039663513355207153 0.016469723680647089 0.049409596107290732 -0.046354890019528201 -0.0056144103981021175 0.00084483526604024999 -0.030778809444042262 -0.067412496603015321 -0.039633320561543658 -0.010019812388657437 -0.0098825552110915014 0.039181747409561651 -0.063469203066937929 -0.032718346965013925 0.051500959998472637 -0.046978482033659952 0.0030522486787525603 0.018343738374854705 0.027628415838556034 0.029940816993273524 -0.015359332757512998 -0.03150478915748841 -0.0065568560958026 -0.041630156166940435 0.0055733315252479935 -0.022911048719618046 0.021423975607484498 0.0054928857108149948 -0.011666422760766055 0.033991186287391777 0.017764333814131349 -0.014040670208888856 -0.038007011001003024 0.025890723188677151 -0.029519643168029623 0.015162657322178879 0.0053150199140630048 -0.0012113622579842994 -0.018028385535157041 0.0099077562528464731 -0.019739682333036624 -0.051935328246311356 0.028518855793576756 -0.05730774634824088 0.012795253685751419 0.027317621983854779 -0.022192006174284136 0.047374232834099007 0.037006596383253487 0.062566892001029856 0.023572581695956815 0.018945360589509633 -0.047931068540351084 -0.021907008854510728 0.011758139792162533 -0.057537258069566298 0.037146158023460663 0.024804521218022034 0.055013502396758944
leaf_weight=99953.67174243927 4809.6238646507263 1432.74822473526 57600.270414352417 744.74547910690308 432.37431597709656 72859.251352310181 64408.173389434814 36509.487426757812 4601.1265258789062 2901.1571652889252 4878.9895558357239 574.86041593551636 3910.9338464736938 29633.152050018311 87420.741455078125 132523.5602812767 42068.767666578293 18368.092397689819 7953.2936272621155 61232.239265441895 18569.534545898438 74476.75634765625 25647.18115234375 4647.1537029743195 37177.638633728027 32811.644409179688 9792.0808181762695 6361.0436611175537 27945.445307731628 19762.231710910797 63287.116942882538 27760.593202590942 93258.550450801849 69941.498291015625 23490.281804561615 16317.106353759766 1040.1655502319336 10177.42972946167 22957.926231384277 38541.442138671875 31432.571705818176 13353.790927171707 2494.4751052856445 6778.2980842590332 32069.483255386353 1390.455192565918 385.4505615234375 19037.419523239136 276.04074859619141 1309.4945673942566 41050.030029296875 29192.65087890625 83384.34375 94111.707368850708 6525.1290912628174 35848.088643312454 20833.197925567627 74466.703399658203 1645.550488948822 514.38639640808105 31792.480621337891 1276.2913284301758
leaf_count=46523 1478 258 16213 271 76 2651 26008 7199 701 783 2437 167 774 6689 4996 67067 14001 566 3010 9869 2261 6351 2176 1093 11946 7086 3543 1050 7755 2233 10069 6166 6584 7926 5425 6136 137 3323 2881 6027 5741 3524 397 1608 13848 156 147 2415 42 412 1708 1894 1029 9188 852 14691 5445 9906 625 46 2950 45
internal_value=-2.04749e-05 0.0241832 -0.0356062 0.0116661 -0.0169314 0.0444089 -0.0516686 -0.0075458 0.0184063 -0.00370042 -0.0309687 -0.0121421 0.0125513 -0.0220538 0.0365295 -0.0581272 -0.0377155 0.0559134 -0.0217623 0.00493531 0.00363722 0.0253094 0.0163641 -0.00584297 -0.0392389 -0.0164053 -0.0186832 0.00588705 -0.0282443 0.00699324 0.00928402 -0.0201909 0.0311761 0.0210317 -0.00430631 -0.0533544 -0.0359113 -0.0440581 0.00635479 -1.74563e-06 -0.00669856 -0.0291793 0.00645128 -0.00748561 -0.0472393 -0.00525118 0.00337156 0.0209422 -0.0542085 -0.0578489 0.0417998 0.0302696 0.0605698 0.0217594 0.0141975 -0.0471631 -0.014853 0.0106713 -0.0361954 -0.00828029 0.0232739 0.0251852
internal_weight=1.88795e+06 1.12368e+06 764272 694110 353400 429566 410872 211793 482481 211629 141607 112540 261061 68148.6 254955 280864 130008 174612 50516.7 87094.8 93620.5 221420 173966 14618 73458.1 118173 61684 99089.8 35898.7 96188.7 83049.3 85360.9 126484 95588.7 62022.8 148340 11217.7 74585.6 84190.2 75050.9 54922.9 55422.6 9808.38 13139.3 48386.6 6037.61 1425.62 117750 6464.52 6188.48 128471 103669 101752 113149 7099.99 36280.5 50466.3 78377.6 2904.68 1259.13 33225.2 3770.77
internal_count=388574 117627 270947 96885 90517 20742 180430 44952 55023 41862 45565 26119 34474 18852 16496 133574 46856 4246 13934 13692 15487 20549 20782 3169 26713 29465 15961 15743 10765 14960 12302 22379 9792 10102 12185 66507 3827 29331 12750 13226 11166 17525 1691 2658 19984 1249 284 12304 2891 2849 6704 8245 1595 11603 1019 14767 12134 10680 942 317 3208 442
cat_boundaries=0 1
cat_threshold=150536
is_linear=0
shrinkage=0.035


Tree=14
num_leaves=63
num_cat=1
split_feature=5 25 0 2 5 6 24 2 25 25 4 2 2 2 24 40 51 2 47 2 47 4 4 2 14 8 27 45 51 22 16 0 48 42 2 4 35 48 1 14 8 8 25 48 25 48 26 13 25 47 14 4 18 14 48 24 26 32 2 2 37 0
split_gain=1.25125e+06 229417 183043 52864.4 38304.4 35424.3 25071.7 18879.7 14433.6 8486.52 7457.47 6890.85 5885.27 4788.4 4735.6 4402.36 4202.29 4004.18 3866.4 3768.92 3627.09 3246.76 3218.49 3137.45 3079.45 2920.58 2891.65 2640.69 2482.26 2452.32 2444.3 2437.07 2241.95 2222.57 2191.44 2182.71 2131.33 2098.29 2027.91 1991.81 1905.83 1839.76 1837.62 1766.67 1765.35 1741.29 1808.61 1719.69 1688.97 1664.36 1660.13 1611.75 1557.7 1538.43 1508.94 1484.78 1600.19 1473.55 1451.78 1437.03 1431.02 1399.23
threshold=18.480000000000011 172.91833333333335 135.45833333333323 355.28000000000009 599.18666666666684 1.2800000000000009 4.5000000000000009 509.42000000000007 67.683750000000018 52.860000000000007 317.70000000000005 105.37000000000002 1508.9400000000003 1231.9200000000003 1.5000000000000002 23.108333333333338 162.62849488278209 1108.4800000000002 671.88000000000011 2763.6300000000001 233.69500000000002 8.2950000000000035 864.75000000000011 421.07000000000005 19.500000000000004 15.500000000000002 1.0000000180025095e-35 2.0454545454545459 143.37237064049216 12.500000000000002 0 17.47666666666667 2.5000000000000004 2.5000000000000004 271.84500000000008 120.03000000000002 6.5000000000000009 2.5000000000000004 120.15000000000002 18.000000000000004 9.5000000000000018 13.500000000000002 7.7760000000000007 11.500000000000002 324.26583333333343 2.5000000000000004 100.50000000000001 0.46410256410256417 52.860000000000007 728.05000000000018 19.500000000000004 3.0800000000000005 21462.930000000004 18.000000000000004 2.5000000000000004 8.5000000000000018 192.50000000000003 95.265000000000015 127.06000000000002 2763.6300000000001 6058.170000000001 366.38000000000005
decision_type=10 10 10 10 10 10 8 10 10 10 10 10 10 10 10 10 10 10 8 10 8 10 10 10 2 2 10 8 8 2 9 10 2 2 10 10 2 2 10 2 2 2 10 2 10 2 2 10 10 8 2 10 10 2 2 10 2 8 10 10 8 10
left_child=2 3 5 9 10 18 7 24 13 20 17 14 35 37 30 -8 57 39 31 26 33 60 -6 40 -4 27 43 -26 47 -18 49 -1 -22 -2 -27 54 -13 -5 -15 -3 -17 -39 -32 -9 58 -14 -47 -28 -29 -7 -19 61 -24 -23 -10 56 -25 -16 -41 -12 -11 -34
right_child=1 4 6 8 22 11 15 19 12 21 59 36 45 38 16 23 29 50 -20 -21 32 53 52 55 25 34 28 48 -30 -31 42 -33 51 -35 -36 -37 -38 41 -40 44 -42 -43 -44 -45 -46 46 -48 -49 -50 -51 -52 -53 -54 -55 -56 -57 -58 -59 -60 -61 -62 -63
leaf_value=-0.06309600258397606 -0.031095341487987413 -0.0030418673795752468 -0.035399874111193795 -0.012713537942291995 0.049381010578184045 -0.031227558071640637 -0.063625359438258852 -0.050172648639611454 -0.00047878918102211757 -0.012668318139520711 0.038445645959850186 -0.0024340186716797405 0.010854044400419654 0.028972810345122193 -0.056244478375137921 -0.018854822864992803 0.01900369573700245 0.022493113632033029 -0.041923389156984112 0.019971574890617485 -0.027452906370878098 -0.016849072982889873 0.055538587478169005 -0.0066741519407845628 -0.0081927859134769306 -0.029994956922928216 -0.012326685468824728 -0.025597671764018826 0.0097838158023823979 -0.035024359208705128 -0.043730128332972615 -0.05547729492067064 -0.019257090278651443 -0.014170361632773024 -0.015131433327060713 0.02224437976831764 -0.027492303198928997 0.010924501568938337 0.013138262030306685 0.0044360698603315386 -0.043678917404454592 0.0017496066245554687 -0.032284215228109051 0.036526199979604559 0.034583266605432227 0.036039449235596363 0.025621183722347046 -0.00017352532781016178 0.0016424242050324903 -0.0076023624854569764 0.036298631694651244 -0.00079723250758349817 0.064323545706287719 0.0092699829665799146 0.015052954702320426 -0.039493212271902695 -0.028232094962142535 -0.046009703191667445 0.024506892737668602 0.046250369314128882 0.0023842604269593759 0.00072932964514264246
leaf_weight=133519.13297402859 16290.166351318359 2994.8657736778259 11749.042611122131 8270.6864013671875 52098.3932056427 11418.810635089874 6096.9246435165405 2139.4776659011841 8309.5892164707184 18835.560899734497 60814.916086673737 5066.9671993255615 7586.7584228515625 12164.633808135986 23493.337416052818 4502.7935228347778 1726.9581394195557 11795.589599609375 15254.741119384766 11555.46044921875 6253.5548095703125 2931.2311534881592 47432.3958568573 8629.9582276344299 54279.754555940628 27258.624313354492 19220.225164651871 21306.572165250778 23281.836948394775 2544.1037197113037 38378.105420589447 83823.283020019531 14139.031062841415 22824.083099365234 21931.332763671875 58751.415544271469 23182.351291656494 45823.390689849854 53411.927227020264 4832.4203023910522 23957.538447380066 64398.011287689209 31148.108510017395 331.9254150390625 21458.133117675781 27111.28759765625 82719.269897460938 55291.201370954514 3207.9849090576172 5371.9956431388855 112455.18676757812 35025.564794301987 51850.7109375 47743.252502441406 98378.271606445312 4679.7544798851013 8250.5747680664062 64973.548722863197 51140.427414894104 55171.48046875 13129.001342773438 6160.3220505714417
leaf_count=69586 4912 456 3688 1755 1849 3850 3107 873 1346 4168 3549 1118 924 1079 10840 1331 259 1065 6084 1365 1758 654 1113 2015 12078 8531 4212 6338 3267 862 15313 40011 3714 5469 5310 5875 7262 6462 6747 722 9419 10583 10613 33 1484 1799 7374 9687 624 1340 7148 6636 472 6907 11842 1689 2488 26925 4764 2315 2355 1160
internal_value=-2.15485e-05 0.0233456 -0.0351017 0.00986293 0.0419183 -0.0495855 -0.0143929 -0.00967385 0.0161161 -0.00606324 0.0350678 -0.0390646 0.0210802 0.00848779 -0.0415993 -0.0355463 -0.0470912 0.0310494 -0.0589622 0.00104483 -0.0128851 0.00224904 0.0564292 -0.0321226 -0.0182513 -0.0166768 -0.00113665 -0.012499 -0.000191561 -0.0131794 -0.0356983 -0.0601579 -0.00759072 -0.0212198 -0.0233685 0.0168268 -0.0229979 0.00428818 0.016076 0.024964 -0.0397522 0.00556404 -0.0385973 -0.0385184 0.0260472 0.027073 0.0281932 -0.00330856 -0.0220331 -0.0236558 0.0349882 -0.00534517 0.0601271 0.00775884 0.0138432 -0.0220498 -0.0172119 -0.0487283 0.0227742 0.0421585 -0.0064858 -0.013192
internal_weight=1.86987e+06 1.1223e+06 747572 650257 472045 439901 307671 251553 466925 183332 320663 207304 282857 184069 179055 56117.5 92737.9 204677 232597 111820 100693 82639 151382 50020.6 139733 127984 100265 78794.3 97793.3 4271.06 86317 217342 61578.5 39114.2 49190 165439 28249.3 118492 65576.6 80425.8 28460.3 110221 69526.2 2471.4 77431 117417 109831 74511.4 24514.6 16790.8 124251 55324.9 99283.1 50674.5 106688 21560.3 16880.5 88466.9 55972.8 115986 31964.6 20299.4
internal_count=388574 118456 270118 93519 24937 194063 76055 56006 55786 37733 21503 78382 29160 26626 70002 20049 38886 15639 115681 19437 23649 14084 3434 16942 36569 32881 18072 19040 17166 1121 31116 109597 13268 10381 13841 19063 8380 18800 7826 7426 10750 17045 25926 906 6970 10097 9173 13899 6962 5190 8213 11510 1585 7561 13188 6192 4503 37765 5486 5864 6523 4874
cat_boundaries=0 1
cat_threshold=152592
is_linear=0
shrinkage=0.035


Tree=15
num_leaves=63
num_cat=2
split_feature=6 5 0 2 24 5 24 0 2 5 22 2 6 24 2 6 4 23 22 24 8 4 2 25 23 4 45 8 0 50 35 6 25 14 14 35 31 2 26 16 2 14 8 35 44 8 8 21 37 12 2 27 4 48 25 16 3 19 8 47 13 46
split_gain=1.17929e+06 213108 176933 51265.7 34264.9 32114.5 31407.5 15037.9 14166.5 12713.9 8319.37 8230.2 7443.03 5835.84 5564.78 5347.25 5172.75 3695.12 3549.15 3447.25 3398.1 3345.22 3340.13 3252.74 3183.63 3181.36 3063.88 2935.08 2905.16 2904.6 2849.49 2415.34 2413.63 2267.04 2212.2 2109.49 2068.45 2037.33 2030.38 2015.54 1968.2 1819.13 1626.39 1622.35 1610.78 1572.74 1546.23 1539.88 1517.24 1500.43 1479.73 1458.19 1446.15 1435.36 1377.55 1360.48 1336.24 1316.73 1422.09 1302.55 1287.3 1250.98
threshold=28.800000000000015 186.49000000000004 100.57500000000002 509.42000000000007 1.5000000000000002 599.18666666666684 3.5000000000000004 485.49000000000007 105.37000000000002 86.79000000000002 1.0000000180025095e-35 296.98000000000008 9.6060000000000034 1.5000000000000002 2763.6300000000001 87.60750000000003 7.410000000000001 0.68301270189221941 1.0000000180025095e-35 7.5000000000000009 9.5000000000000018 864.75000000000011 2763.6300000000001 324.26583333333343 0.68301270189221941 1.0000000180025095e-35 5.5833333333333348 4.5000000000000009 23.128333333333334 3.9960292756018378 8.5000000000000018 74.163333333333355 9.3618181818181849 18.000000000000004 19.500000000000004 11.500000000000002 1.0000000180025095e-35 421.07000000000005 85.500000000000014 0 1508.9400000000003 19.500000000000004 5.5000000000000009 5.5000000000000009 1383.8400000000004 14.500000000000002 14.500000000000002 5.8050000000000006 6058.170000000001 58.085833333333341 247.47000000000006 4427.8200000000006 1.0000000180025095e-35 11.500000000000002 88.546666666666695 1 51.500000000000007 21.993000000000006 2.5000000000000004 3713.8950000000004 0.93095238095238109 1122.6400000000001
decision_type=10 10 10 10 8 10 8 10 10 10 2 10 10 10 10 10 10 2 2 10 2 10 10 10 2 10 10 2 10 8 2 10 10 2 2 2 2 10 2 9 10 2 2 2 10 2 2 10 10 10 10 10 10 2 10 9 2 10 2 8 10 10
left_child=2 3 6 8 7 14 12 20 13 16 -6 29 28 27 23 25 18 45 56 49 34 -7 33 37 36 53 55 48 -1 43 39 -15 -22 -11 -4 57 59 -3 -33 -30 -28 -27 -17 -12 -23 -9 -43 -44 -2 -8 -34 -35 -32 -10 -20 -13 -5 -14 -59 -18 -19 -42
right_child=1 5 4 9 10 21 19 17 15 22 11 26 35 31 -16 42 24 60 54 -21 32 44 -24 -25 -26 41 40 -29 30 -31 52 38 50 51 -36 -37 -38 -39 -40 -41 61 46 47 -45 -46 -47 -48 -49 -50 -51 -52 -53 -54 -55 -56 -57 -58 58 -60 -61 -62 -63
leaf_value=-0.050097626725125521 -0.00082642474304625796 0.015638820636878829 -0.029454801547204441 -0.014871490063444081 -0.057764241143081665 0.04849766251902915 -0.057036908833225278 0.0060065927029420317 -0.012187165171465989 0.0022116748563782594 -0.0064874715550721739 -0.0090991170973524407 -0.040541799032418703 -0.038230882890000636 0.042100809219431976 0.023311601223191824 0.011885374120310353 0.0071771118825260591 0.0029665316442316547 -0.063012901049964987 -0.027742859389536804 0.049958602991339335 0.032540884390708215 0.037755451824316062 0.024149478696375792 -0.014071300735777744 -0.041508926751038809 -0.014004268432019637 -0.010604305096478417 -0.028424856351548421 -0.048270226463618705 0.015168475505185618 -0.01982937275700351 0.020156450093194837 -0.0012002178799339273 -0.03728613715736314 0.0032156960888844372 0.029771939530073569 -0.025333936617948132 -0.03521703432494043 0.023830881807621489 0.0082556209010245553 0.00016021829697149842 -0.044812791320266859 0.061690676661015229 -0.0049380736146213289 -0.0026130104726994588 0.013561840435305948 0.027575291783473174 -0.047875305218415556 -0.0089696997899493518 0.027156863784488724 -0.035749793889288235 0.0075026592642800033 0.012793179365050592 -0.02081000066797685 -0.065552068461391055 0.0070865851110227633 -0.022463577137117871 0.020261381014705919 0.023034525238586664 -0.030306839903704627
leaf_weight=52234.100865960121 10218.568312644958 14479.369293212891 3922.7732334136963 1656.5272336006165 11629.497426986694 51206.693606376648 71805.41802573204 25871.497982263565 32354.119265794754 6854.2694702148438 1417.1717042922974 29562.522750854492 4552.4461216926575 14998.639373779297 97766.34375 12147.291633844376 56313.659775018692 12872.924123764038 48570.35279083252 117069.04426002502 26076.042509555817 17540.954831123352 46610.3408203125 65673.7353515625 43489.325744628906 7013.663693189621 8898.3881244659424 32414.186173439026 5885.2196388244629 34910.437742233276 30606.534204483032 2114.2050819396973 35024.156985282898 97321.042178153992 25169.114837646484 20125.048484325409 21391.30446100235 91315.434417724609 5354.2283592224121 13473.952177047729 1024.7947654724121 47699.31445646286 16056.61143040657 30066.692852973938 79214.6015625 42510.057193517685 24153.617336750031 30364.108868122101 2973.8518981933594 31578.083683252335 27395.605558872223 58303.262570381165 17945.09061050415 5274.0628662109375 27296.835433959961 20703.209981918335 1035.58709025383 2149.9038481712341 27612.385237216949 38159.908447265625 12229.834909439087 1065.4662818908691
leaf_count=23474 1921 1667 1147 442 5593 1849 35891 4098 7306 986 378 6689 1714 5447 4802 1266 7194 2008 7753 62882 7815 556 3329 3824 4215 1572 3346 7795 1621 11178 13227 341 9480 9921 5105 7273 3222 7014 1556 5001 148 7210 2741 12455 1030 8056 4416 3924 323 13945 5918 5059 6641 898 3520 5445 449 426 8335 4079 1325 333
internal_value=-2.25307e-05 0.0228875 -0.0340573 0.0109495 -0.0159501 0.0426356 -0.0501161 -0.00705865 -0.00198484 0.0179848 -0.0294246 -0.0268423 -0.0390259 -0.0155329 0.0354365 0.00328343 0.0124511 0.00341885 0.00510072 -0.0588986 -0.0153884 0.0557347 0.0242812 0.0316365 0.0160746 -0.00105383 -0.0175892 -0.00833993 -0.0438907 -0.0353786 -0.0391158 -0.0301332 -0.0187998 0.0219116 -0.00501097 -0.0282891 0.0130436 0.0278378 -0.0138678 -0.0277593 -0.0343305 0.00294131 0.0119103 -0.0430879 0.0595643 -0.000797238 0.00460211 0.00892641 0.00557753 -0.054239 -0.0150634 0.0227793 -0.0436434 -0.00942726 0.00650226 -0.0139288 -0.0343841 -0.0230115 -0.0203288 0.0152688 0.0149033 -0.00376597
internal_weight=1.85272e+06 1.10734e+06 745387 690139 350350 417197 395037 211072 243136 447002 139278 127649 174585 68073.7 269235 175063 237914 93484.3 78559.3 220453 117588 147962 209089 171469 159354 116495 61254.4 45606.6 120145 66394.3 67910.8 22467.1 88495.8 162479 29091.9 54439.8 115865 105795 7468.43 19359.2 10988.6 78866.6 58568 31483.9 96755.6 68381.6 71852.9 46420.7 13192.4 103384 62419.8 155624 48551.6 37628.2 75867.2 50265.7 2692.11 34314.7 29762.3 94473.6 25102.8 2090.26
internal_count=388574 117627 270947 96885 90517 20742 180430 44952 46716 50169 45565 39972 67712 17383 17307 29333 30874 15487 12164 112718 29465 3435 19295 12505 18710 21402 15961 10039 49964 24011 26490 7344 23213 15966 6252 17748 14495 8681 1897 6622 3827 13198 7931 12833 1586 12154 11626 6665 2244 49836 15398 14980 19868 8204 11273 12134 891 10475 8761 11273 3333 481
cat_boundaries=0 1 2
cat_threshold=152601 150536
is_linear=0
shrinkage=0.035


Tree=16
num_leaves=63
num_cat=1
split_feature=5 6 0 2 5 6 2 50 6 6 24 2 4 40 2 8 19 2 2 2 24 4 2 6 6 47 4 16 13 51 8 29 8 2 47 23 24 44 1 4 2 18 1 14 14 8 11 35 22 1 27 8 47 8 4 11 27 19 29 14 32 26
split_gain=1.11023e+06 209173 172849 49197.2 32758 28577.6 28168.6 13973.4 12015 11118.3 10855.7 5460.38 5151.69 4234.25 4037.95 3922.29 3875.59 3843.27 3737.11 3663.23 3639.68 3470.58 3415.69 3295.78 3006.62 2329.65 2328.81 2285.38 2249.09 2177.02 2173.12 2149.06 2041.05 2037.54 2018.31 1995.12 1973.28 1869.14 1862.95 1858.2 1839.07 1771.75 1766.64 1811.83 1697.52 1691.87 1683.33 1661.63 1630.01 1625.82 1588.65 1536.06 1518.14 1489.59 1476.03 1469.63 1465.29 1464.73 1451.35 1439.74 1368.45 1341.29
threshold=18.480000000000011 188.24400000000003 100.57500000000002 557.46000000000015 599.18666666666684 1.2800000000000009 421.07000000000005 1.0000000180025095e-35 49.974000000000011 80.536666666666676 3.5000000000000004 2763.6300000000001 1.0000000180025095e-35 1.0000000180025095e-35 79.225000000000009 15.500000000000002 207.35250000000005 168.56000000000003 1918.6700000000003 1508.9400000000003 7.5000000000000009 864.75000000000011 2250.9900000000002 14.973000000000001 348.77500000000003 569.94500000000005 30.245000000000005 0 0.48913043478260876 143.37237064049216 3.5000000000000004 358.00000000000006 9.5000000000000018 205.29000000000005 671.88000000000011 0.68301270189221941 7.5000000000000009 943.75000000000011 209.96000000000004 111.98000000000002 271.84500000000008 21462.930000000004 inf 18.000000000000004 19.500000000000004 3.5000000000000004 613.47000000000014 11.500000000000002 3.5000000000000004 363.37000000000006 147.72000000000003 5.5000000000000009 51.160000000000011 12.500000000000002 8.2950000000000035 32.95000000000001 1.0000000180025095e-35 32.947500000000012 298.50000000000006 19.500000000000004 59.085000000000015 100.50000000000001
decision_type=10 10 10 10 10 10 10 8 10 10 8 10 8 10 10 2 10 10 10 10 10 10 10 10 10 8 10 9 8 8 2 2 2 10 8 2 10 10 8 10 8 10 8 2 2 2 10 2 2 10 10 2 10 2 10 10 10 10 2 2 8 2
left_child=2 3 5 8 11 20 7 45 14 19 18 24 23 31 47 16 28 42 29 44 25 -6 39 38 26 -1 -3 34 -9 56 -25 -12 37 -17 -14 40 -15 -18 60 -11 -16 -23 46 -44 -5 -4 54 57 -47 -21 -46 -19 -52 -37 -10 -29 -8 -2 -38 -58 -7 -13
right_child=1 4 6 9 21 12 10 15 17 22 13 61 27 36 35 33 32 51 -20 49 -22 41 -24 30 -26 -27 -28 55 -30 -31 -32 -33 -34 -35 -36 53 58 -39 -40 -41 -42 -43 43 -45 50 48 -48 -49 -50 -51 52 -53 -54 -55 -56 -57 59 -59 -60 -61 -62 -63
leaf_value=-0.055443558461938866 -0.033924536661821394 0.018436940356698368 0.026938931547947614 -0.0049806314187983017 0.047600157523794963 -0.055694953465378359 -0.039448355574057313 -0.034952037494078041 -0.01849428695855301 0.01642510193559334 -0.064856536547642868 0.047382349996109296 -0.02741800011441595 -0.012857357338832346 -0.013834958030527591 -0.034001559351497471 -0.0030377779679245809 0.020658049986820394 0.015271696230602481 0.028467334431566994 -0.062582555347656638 0.053996283617198333 0.029390425851322604 -0.0098795820497617724 0.037247209307642387 -0.039276616069255837 0.030217254914901362 -0.038710517798692085 -0.018428152635180134 0.0080598547517349833 -0.036887535537743418 0.045882746411989576 -0.014520073639764703 -0.020635236884270994 0.0048943259948443785 0.010551326232847415 -0.043900933122477712 0.047332322404444536 -0.024542647667799292 0.023935835338041438 -0.0025399263785597509 0.063604133348066999 -0.045562944069263596 0.017289592129841193 -0.010200901673703765 -0.064855970330744694 0.0094935144693216421 -0.030614212608355916 -0.043493436170856735 0.015169885403823835 0.015268557125716365 0.0076855498159863365 0.0067901045077197342 -0.0073372580474992807 -0.0020192460128583044 -0.025744720664615375 -0.020451766752956877 -0.010354018113239421 -0.004280226393081993 -0.0024897850160672534 -0.045215970768436919 0.038415522700953032
leaf_weight=84076.798029661179 3861.0915665626526 26456.047683954239 379.52554130554199 11421.3671875 50361.368041038513 19711.82691192627 1447.841668009758 15790.787889957428 14124.09299492836 83860.442942380905 3291.725319981575 29365.060607910156 6297.5577020645142 25524.050562024117 37081.090346813202 30328.771146774292 15007.049554824829 12917.436593055725 18644.812072753906 14358.995025634766 113806.28998565674 45373.596802711487 67990.74609375 4344.006938457489 59244.7529296875 12561.623547554016 92288.884933233261 27918.128522157669 27965.923591136932 21331.883392333984 22856.34340763092 228.95670890808105 46321.130353927612 25915.609130859375 3794.2631483078003 14040.747742652893 4863.0177210569382 959.2091064453125 4529.3728427886963 77801.070729494095 33714.259155750275 48958.62890625 611.90540313720703 6746.645866394043 4960.2842330932617 5351.5293596982956 6217.251220703125 11139.169146060944 24115.459930539131 52272.168060302734 42027.552103996277 83186.002371788025 67304.005948066711 9600.5666494369507 12607.887229681015 17389.259934186935 5935.4970746040344 19735.076857566833 1476.6243286132812 69060.255702495575 68080.127950429916 67422.882751464844
leaf_count=42729 1261 2742 56 2069 1849 9535 540 5594 3546 9353 1790 1134 2044 6223 8727 10535 3224 1419 2362 1235 62882 1114 5213 1163 3454 5124 6871 10863 7706 3148 8713 21 11841 7036 794 2205 1886 58 1520 7135 6381 472 189 873 981 2846 928 3489 10131 6128 5174 12112 9696 1991 2280 5641 1411 4747 361 12966 29375 3688
internal_value=-2.35085e-05 0.022065 -0.0335528 0.0101819 0.0415431 -0.04965 -0.0155166 -0.0244198 -0.00161939 0.0176091 -0.00424799 0.0344453 -0.0391953 -0.0212248 -0.00926949 -0.0203718 -0.0164088 0.00562475 0.000912025 0.0114013 -0.0583397 0.0550218 0.0228083 -0.0432849 0.0308065 -0.0533425 0.0275928 -0.0303715 -0.0243919 -0.00182635 -0.0325748 -0.057644 -0.0108005 -0.0278433 -0.015255 -0.00551637 -0.0171991 -8.90543e-06 -0.04644 0.0200398 -0.00845613 0.0589834 -0.00344646 0.0120576 0.00788473 -0.0464293 -0.00690924 -0.0194728 -0.0473752 0.0180359 0.00917042 0.0094294 0.0100494 0.0032869 -0.0107244 -0.0337274 -0.0045852 -0.0142122 -0.0346746 -0.00391163 -0.0475694 0.0411365
internal_weight=1.83636e+06 1.10705e+06 729305 687580 419471 385366 343940 192135 265583 421997 151805 274778 174921 35384.4 129172 162288 106044 136411 116420 192344 210445 144694 229652 119522 177990 96638.4 118745 55399.2 43756.7 97775.5 27200.4 3520.68 62287.4 56244.4 10091.8 94436.7 31863.7 15966.3 92321.3 161662 70795.3 94332.2 40307.8 7358.55 125713 29846.5 32949.2 34735.3 29467 66631.2 114292 96103.4 109332 23641.3 26732 45307.4 76443.6 23596.2 6339.64 74995.8 87792 96787.9
internal_count=388574 118456 270118 97132 21324 180383 89735 59027 50148 46984 30708 17889 69648 10281 28801 45994 28423 21347 20427 25283 110735 3435 21701 50306 13067 47853 9613 19342 13300 18065 9876 1811 15123 17571 2838 19304 8470 3282 40430 16488 15108 1586 7816 1062 17920 13033 6754 9497 12977 7363 15851 13531 14870 4196 5826 16504 14917 6008 2247 14377 38910 4822
cat_boundaries=0 1
cat_threshold=152592
is_linear=0
shrinkage=0.035


Tree=17
num_leaves=63
num_cat=5
split_feature=6 5 0 2 24 20 5 5 2 24 6 25 27 24 2 2 18 2 24 16 27 1 23 16 2 47 3 2 24 24 24 14 24 14 16 6 2 8 47 16 18 48 6 12 45 26 24 14 0 8 16 29 8 23 6 0 19 22 0 17 2 25
split_gain=1.04658e+06 203901 155784 53465.7 31081.5 29411.8 26004 15896.7 14690.8 13054.4 6631.34 6244.34 5871.41 5594.23 5452.75 3966.52 3881.43 3744.48 3720.15 3630.71 3527.73 3446.28 3396.04 3197.75 3183 2921.77 2752.21 2665.72 2537.21 2326.08 2130.32 2089.56 2082.05 2043 2006.85 2005.11 1906.96 2581.33 1899.81 1735.03 1712.83 1674.45 1654.61 1615.92 1604.1 1557.09 1886.13 1542.49 1537.25 1537.18 1517.57 1495.51 1434.85 1426.69 1419.21 1377.91 1525.26 1377.64 1350.44 1342.47 1325.85 1314.54
threshold=26.647500000000004 213.49000000000004 100.57500000000002 462.16000000000008 3.5000000000000004 1.0000000180025095e-35 599.18666666666684 94.67333333333336 462.16000000000008 1.5000000000000002 7.9830000000000014 73.92728571428573 1.0000000180025095e-35 1.0000000180025095e-35 421.07000000000005 2763.6300000000001 7223.9000000000005 1702.6150000000002 7.5000000000000009 0 1.0000000180025095e-35 2838.2150000000006 0.68301270189221941 1 2250.9900000000002 211.07000000000002 73.500000000000014 115.74500000000002 1.0000000180025095e-35 1.0000000180025095e-35 1.0000000180025095e-35 18.000000000000004 6.5000000000000009 18.000000000000004 2 348.77500000000003 205.29000000000005 4.5000000000000009 inf 3 21462.930000000004 5.5000000000000009 162.91500000000005 58.085833333333341 2.3541666666666674 100.50000000000001 7.5000000000000009 19.500000000000004 183.15000000000001 14.500000000000002 4 176.50000000000003 7.5000000000000009 0.68301270189221941 68.046666666666695 122.04333333333335 1122.6360000000002 6.5000000000000009 19.933333333333341 398.59500000000008 845.50500000000022 88.546666666666695
decision_type=10 10 10 10 8 8 10 10 10 10 10 10 10 10 10 10 10 8 10 9 10 8 2 9 10 8 2 10 10 10 10 2 8 2 9 10 10 2 8 9 10 2 10 10 10 2 10 2 10 2 9 2 2 2 10 10 10 2 10 10 10 10
left_child=2 3 4 9 10 12 15 13 22 11 25 28 -4 17 32 35 27 33 43 40 51 39 23 41 42 58 -18 50 31 -12 -25 -2 -14 -5 52 -3 37 -13 48 -10 -8 -7 44 -6 -9 -16 -47 -41 -33 -35 54 59 -27 -23 -11 -39 -57 -45 -1 -15 -49 -22
right_child=1 6 5 7 18 8 19 24 21 16 29 36 14 20 45 -17 26 -19 -20 -21 61 53 -24 30 -26 34 -28 -29 -30 -31 -32 38 -34 49 -36 -37 -38 55 -40 47 -42 -43 -44 57 -46 46 -48 60 -50 -51 -52 -53 -54 -55 -56 56 -58 -59 -60 -61 -62 -63
leaf_value=-0.05192438396118939 -0.024736461706770567 0.028195346566419283 -0.058037844450770988 -0.0068716925099382015 -0.055761394191591034 -0.036237632292618595 0.050927028172011883 0.019412223129123843 -0.023459657339442108 -0.032368917442739731 -0.021262718883279817 0.015824878688353358 -0.030688758186326201 -0.036629265361882768 -0.0023732031917842512 0.04109414904411951 0.028028573450280658 0.021824110572477448 -0.062130463135741949 0.049765063244955464 0.0012055559669237076 0.0061917373836527278 -0.0071720632165164439 -0.018076736608292673 0.030199187600783602 -0.007365890859729266 -0.011205179846270012 -0.014657956535437135 -0.013178145724759061 -0.034942078652459324 -0.029629946280808776 -0.012506783235089306 -0.044827447573796822 0.016424167700355392 -0.039029702550992418 0.036876042495937608 0.012895165542829328 -0.025011510599101727 0.0077334221364149802 -0.018456655198297655 0.064996087822979012 -0.003710053916130697 0.026353731013602309 -0.060755995656968799 -0.008195696578916091 -0.01682496798568826 -0.041731896011432464 -0.0045191557576187711 0.00045592342644471901 0.0090111062098770199 -0.041707765443625242 -0.056535022725178005 -0.037786815672530609 0.024808867101659696 -0.0017632135900636447 0.0030119352272169712 -0.025446058522434398 -0.042255213319775491 -0.042381800658657674 0.036717596090195433 0.0053154788217616945 0.011102345686524953
leaf_weight=32775.656684875488 4333.3822326660156 86403.8642578125 9607.1964263916016 7092.8317105770111 68545.628867149353 2175.940842628479 14341.623046875 103618.19091057777 4407.3527221679688 5424.4232878684998 29671.9365234375 11130.192955970764 35574.112329006195 725.43190240859985 6616.8007354736328 84420.1015625 2919.6685972213745 60278.767822504044 110677.69587135315 86325.400390625 45173.320003509521 12200.186218261719 34994.671508789062 46265.856252670288 69835.06640625 5030.5727531909943 8757.3656435012817 17672.957260131836 28587.1982421875 31296.40869140625 33870.303719520569 16555.698242902756 19907.913778781891 62935.013451814651 24517.54864859581 52374.6865234375 49194.6630859375 3488.7757413387299 27044.7919921875 5637.2136764526367 40906.9296875 17716.087707519531 51831.773986816406 6208.1731729507446 2643.3642041683197 19764.637907981873 4589.4077463150024 32249.609851837158 34684.388152360916 75233.901053190231 11365.720084190369 1643.8996322154999 3051.0039792060852 8594.7866821289062 2821.2546534538269 16106.921673774719 2691.8264257907867 24088.178184509277 40876.186279296875 526.79857707023621 35033.188495635986 25847.45308303833
leaf_count=15946 1193 6749 4991 1316 35834 704 425 10673 1069 1918 8922 1411 12458 279 1430 4105 335 5863 62882 2707 7462 1845 8102 12315 5093 1373 2154 4264 6862 11820 10711 3810 8701 7368 9937 3000 6397 926 4255 1282 303 3916 4271 3206 440 5107 1767 6184 6163 10131 4333 655 1216 885 620 2717 679 10624 17501 47 5513 3409
internal_value=-2.4371e-05 0.0210898 -0.0333712 0.0106526 -0.0487406 -0.0157825 0.0425542 0.017116 -0.00906731 -0.00285543 -0.0374871 0.00122376 -0.0320805 0.011521 -0.0291953 0.0351113 -0.019003 0.0144906 -0.0577218 0.054288 0.00326328 0.00123886 -0.0165568 -0.01984 0.0239758 -0.0427671 -0.0013938 -0.0245177 -0.00419092 -0.0282851 -0.0229573 -0.00108108 -0.0357627 0.0114474 -0.0340407 0.0314717 0.00851249 0.0020605 0.000228641 -0.00216269 0.0613339 -0.00726616 0.0212265 -0.0527847 0.0187254 -0.0174296 -0.0215201 -0.000871846 -0.0037325 0.0123878 -0.0334018 -0.0345941 -0.0188305 0.0138872 -0.0218722 -0.0048137 -0.00106415 -0.0460482 -0.046629 -0.00576843 0.0006016 0.00480752
internal_weight=1.82088e+06 1.11494e+06 705944 750165 376739 329205 364773 507386 233145 242779 167219 193818 96060.1 279457 86452.9 223199 48961.4 205541 209520 141574 73916.9 98122.3 135023 100028 227928 106251 11677 37284.4 111205 60968.3 80136.2 82618.3 55482 145262 32599.1 138779 82612.4 33417.7 78284.9 77327.4 55248.6 19892 158093 98842 106262 30970.8 24354 72920 51240.1 138169 19611.4 2896.13 8081.58 20795 8245.68 22287.5 18798.7 30296.4 73651.8 1252.23 67282.8 71020.8
internal_count=388574 122333 266241 105044 179261 86980 17289 57007 52526 48037 66715 34413 34454 36530 29463 13854 13624 24678 112546 3435 11852 16778 35748 27646 20477 45973 2489 11135 22283 20742 23026 15421 21159 18815 12526 9749 12130 5733 14228 14048 728 4620 15384 49664 11113 8304 6874 12979 9973 17499 6871 981 2589 2730 2538 4322 3396 13830 33447 326 11697 10871
cat_boundaries=0 1 2 3 4 5
cat_threshold=4096 136201 152593 192 203792
is_linear=0
shrinkage=0.035


Tree=18
num_leaves=63
num_cat=2
split_feature=6 5 0 2 24 20 5 5 0 2 6 27 35 6 2 4 47 24 2 16 8 27 20 2 24 2 19 47 25 8 48 24 45 6 16 14 26 18 14 51 14 6 25 19 35 0 26 23 26 24 33 2 8 34 37 8 25 0 8 12 8 8
split_gain=984328 194786 150997 49979.3 31379.2 27851.4 26021.4 14060 13890.3 13385.9 6484.08 5808.5 5367.71 5227.47 5209.79 5089.02 3904.22 3890.11 3867.32 3788.74 3591.49 3397.49 3361.03 3173.49 3056.61 2929.91 2878.88 2876.25 2439.4 2244.95 2126.52 2039.31 1983.81 1938.82 1923.61 1856.74 1835.23 1805.77 1696.47 1681.02 1628.37 1610.51 1600.61 1583.62 1572.34 1732.58 1569.41 1479.74 1461.91 1807.67 1423.59 1422.17 1412.75 1657.84 1401.9 1389.02 1373.05 1361.96 1361.61 1355.47 1353.35 1322.46
threshold=26.647500000000004 213.49000000000004 100.57500000000002 509.42000000000007 3.5000000000000004 1.0000000180025095e-35 599.18666666666684 94.67333333333336 485.49000000000007 105.37000000000002 7.9830000000000014 1.0000000180025095e-35 6.5000000000000009 96.006000000000014 421.07000000000005 7.410000000000001 12.835000000000003 7.5000000000000009 2763.6300000000001 0 10.500000000000002 1.0000000180025095e-35 1.0000000180025095e-35 2763.6300000000001 1.0000000180025095e-35 2763.6300000000001 122.0925 211.07000000000002 9.3618181818181849 12.500000000000002 2.5000000000000004 6.5000000000000009 2.3541666666666674 348.77500000000003 1 19.500000000000004 100.50000000000001 21462.930000000004 18.000000000000004 106.26751056869763 19.500000000000004 162.91500000000005 48.873863636363645 32.947500000000012 17.500000000000004 271.53000000000003 85.500000000000014 0.68301270189221941 100.50000000000001 7.5000000000000009 6.5000000000000009 79.225000000000009 6.5000000000000009 1.5000000000000002 14045.58 14.500000000000002 88.546666666666695 19.933333333333341 7.5000000000000009 58.085833333333341 14.500000000000002 3.5000000000000004
decision_type=10 10 10 10 8 8 10 10 10 10 10 10 2 10 10 10 10 10 10 9 2 10 8 10 10 10 10 8 10 2 2 8 10 10 9 2 2 10 2 8 2 10 10 10 2 10 2 2 2 10 2 10 2 2 10 2 10 10 2 10 2 2
left_child=2 3 4 9 10 11 18 15 20 12 27 -4 26 24 31 21 47 39 33 37 40 50 -14 30 35 38 32 57 -22 43 -17 -13 -2 -3 58 -11 -32 -8 -9 59 -7 -40 -38 -12 45 -24 -28 -10 -16 -50 -5 -30 -15 -54 -41 -37 -23 -1 -29 -6 -26 -33
right_child=1 6 5 7 17 8 19 25 16 13 29 14 22 52 48 23 -18 -19 -20 -21 28 56 44 -25 60 -27 46 34 51 -31 36 61 -34 -35 -36 55 42 -39 41 54 -42 -43 -44 -45 -46 -47 -48 -49 49 -51 -52 -53 53 -55 -56 -57 -58 -59 -60 -61 -62 -63
leaf_value=-0.051091249270119855 -0.0075530269977087646 0.027364006096500651 -0.057387467255710256 -0.055557426452038532 -0.055907293481428408 -0.025244023955124421 0.050072468481938713 0.0047526967385283971 0.0039257969729320314 -0.01329261584297466 -0.034918491658136472 -0.029815323205180409 -0.042656795881095826 0.020929318688433292 -0.0022902459293079316 -0.0013780354720694635 -0.004798002156816826 -0.061656110164268682 0.040140189887369206 0.048888511346370324 -0.028115533662747452 0.0023376532428655574 -0.019347186603796616 0.026002763774263516 -0.0033800512236793904 0.030604589310500349 0.023757533312349484 -0.0071109139656285337 -0.028634092401711404 -0.037212594424256229 0.021970798292260046 0.030581708443971307 -0.040039251130596358 0.035934550863960135 -0.038078726458258674 0.0076532073554473378 0.0054661877052976865 0.064672906577098094 0.019432665665201517 -0.039826292460318623 -0.0048186623394831825 0.026840121007447412 0.01467070673298944 -0.018901335318678839 -0.035352690139472093 0.00032753958708687435 -0.0005778669948623917 0.017337264850884524 -0.016269033784230291 -0.040779011558113185 -0.0049681300976384193 -0.013782068847782488 -0.0028253894713606222 0.013030206278808026 0.014181567354060893 -0.0020078786601865403 0.011786064248236234 -0.041430169495304391 -0.036840557267692267 -0.046562005194296971 -0.016046122722092809 -0.044996037473206255
leaf_weight=32155.427857637405 12335.166953921318 85921.75390625 9380.0327606201172 1573.4845700263977 64151.600346088409 5515.5360019207001 14080.552734375 7374.9860076904297 25262.737682342529 7994.1538391113281 10001.156156539917 35338.972407102585 8192.1932773590088 15495.946030855179 6616.5394592285156 11821.855487346649 56739.218402862549 107678.88931274414 83419.544921875 84824.689453125 30159.777112007141 52838.407318115234 23614.792041897774 26465.289794921875 25171.654391288757 52984.517578125 5149.7602486610413 5028.6553798913956 9278.280736207962 19580.954538345337 28759.147399902344 287.18374752998352 2830.4443947076797 51874.833984375 24255.309868454933 53854.390980243683 32208.697103977203 39693.9140625 107129.53584671021 4979.6257934570312 35883.740478515625 54137.001583099365 82236.518365383148 31023.903465270996 5340.8627257347107 7140.8013232946396 8780.1492004394531 16766.158935546875 19725.369956254959 4533.2998740673065 1201.6727294921875 53108.019782066345 11357.368178129196 27974.618347167969 667.18252563476562 27558.497905254364 29282.132553100586 40360.862915039062 3020.4196870326996 27084.865504741669 17530.797574043274 19339.942722320557
leaf_count=15946 2725 6749 4991 641 34588 1610 425 982 4136 1792 3772 12458 3352 1643 1430 1952 10995 62882 4105 2707 9526 8482 6471 2287 5088 3751 620 1373 2987 7508 2866 39 1082 3000 9937 8179 4644 303 10817 2190 7934 4316 9566 9462 1753 1396 1701 2110 5107 1767 315 13228 2024 3544 153 5019 3761 17501 1216 12733 4275 8662
internal_value=-2.52062e-05 0.0204805 -0.0325838 0.0103054 -0.0479104 -0.0152916 0.0416424 0.0169116 -0.00876689 -0.00207906 -0.0365754 -0.0312371 -0.0147462 0.00289362 -0.0283789 0.0114928 0.00119103 -0.0570766 0.0341919 0.0535337 -0.0161096 0.00441953 -0.0224184 0.0148014 -0.000876905 0.0234248 -0.00306735 -0.0418446 -0.0199427 -0.0274616 0.0128889 -0.0348413 -0.0136184 0.0305907 -0.0331557 0.00280236 0.0140667 0.0608395 0.0211688 -0.0519863 -0.00754043 0.0219195 0.0120803 -0.0228068 -0.0178242 -0.0147793 0.00841977 0.00927618 -0.0168735 -0.0208508 -0.0336614 -0.0159913 0.0119787 0.00845184 -0.0334438 0.00438292 0.00570682 -0.0457148 -0.0182475 -0.0531336 -0.00858015 -0.0438887
internal_weight=1.80607e+06 1.10815e+06 697924 748335 369989 327935 359815 488013 232713 260322 165427 95221.3 73384.2 186937 85841.3 266387 98768.1 204562 221216 138599 133945 84895.7 44288.6 181492 132109 221626 29095.5 104821 92546.1 60606 155026 54966.1 15165.6 137797 32304.4 89407 143204 53774.5 168642 96883.3 41399.3 161267 114445 41025.1 36096.5 30755.6 13929.9 42028.9 30875.2 24258.7 2775.16 62386.3 54827.9 39332 5646.81 81412.9 82120.5 72516.3 8049.08 91236.5 42702.5 19627.1
internal_count=388574 122333 266241 105044 179261 86980 17289 54380 52526 50664 66715 34454 19100 31564 29463 34514 17241 112546 13854 3435 35285 13199 12972 21315 24353 19866 6128 45973 25741 20742 19028 21159 3807 9749 12526 14990 17076 728 16115 49664 9544 15133 14210 13234 9620 7867 2321 6246 8304 6874 956 16215 7211 5568 2343 13198 12243 33447 2589 47321 9363 8701
cat_boundaries=0 1 2
cat_threshold=4096 152593
is_linear=0
shrinkage=0.035


Tree=19
num_leaves=63
num_cat=1
split_feature=5 25 0 2 24 5 24 0 4 25 6 2 40 24 4 2 2 47 17 2 2 2 8 2 24 8 35 14 51 48 16 47 25 18 25 34 14 35 48 26 37 12 39 25 27 26 26 0 45 44 4 8 47 0 25 20 14 1 15 14 8 26
split_gain=925969 184589 156679 42456.1 29725.8 29684.4 24365.3 17901.9 10940.7 10361.2 6705.78 4792.6 4713.79 4025.2 3953.58 3912.97 3826.96 3778.81 3719.08 3649.08 3643.72 3364.79 3127.84 3074.01 2825.57 2573.77 2544.58 2451.89 2449.27 2251.7 2136.51 2141.36 2056.29 2041.79 2011.86 1966.5 1933.05 1931.05 1867.52 1831.77 1793.52 1788.33 1722.24 1695.54 1678.57 1648.43 1614.17 1600.86 1585.57 1605.72 1576.71 1525 1520.75 1494.46 1463.6 1420.69 1378.56 1345.62 2160.5 1789.5 1290.82 1268.86
threshold=18.480000000000011 204.33085714285716 100.57500000000002 557.46000000000015 4.5000000000000009 599.18666666666684 4.5000000000000009 531.03000000000009 72.980000000000018 48.873863636363645 9.6060000000000034 1918.6700000000003 23.108333333333338 1.5000000000000002 864.75000000000011 186.06000000000003 296.98000000000008 233.69500000000002 1.0000000180025095e-35 2250.9900000000002 421.07000000000005 2763.6300000000001 13.500000000000002 1231.9200000000003 8.5000000000000018 4.5000000000000009 17.500000000000004 19.500000000000004 189.31965343479749 2.5000000000000004 0 1269.5400000000002 97.171666666666681 21462.930000000004 324.26583333333343 1.5000000000000002 19.500000000000004 9.5000000000000018 11.500000000000002 100.50000000000001 9702.1800000000003 218.07500000000005 329.55000000000007 8.5606250000000035 25.745000000000005 253.50000000000003 177.00000000000003 57.275000000000013 2.0454545454545459 746.10000000000014 4.3500000000000005 5.5000000000000009 8.0400000000000009 19.933333333333341 41.620500000000007 1.0000000180025095e-35 19.500000000000004 inf 0.0063086078931933178 18.000000000000004 3.5000000000000004 192.50000000000003
decision_type=10 10 10 10 8 10 8 10 10 10 10 10 10 10 10 10 10 8 8 10 10 10 2 10 10 2 2 2 8 2 9 8 10 10 10 2 2 2 2 2 8 10 10 10 10 2 2 10 10 10 10 2 10 10 10 10 2 8 10 2 2 2
left_child=2 3 4 9 10 11 7 16 23 17 13 27 -8 30 -7 26 22 35 45 32 37 28 41 36 40 42 57 -3 38 -19 31 -1 -10 -16 -29 -2 -5 -14 46 -13 47 48 -12 -24 -25 -9 -20 -6 -4 -50 -31 -17 -46 -32 -38 -27 -18 58 -11 -59 -42 -22
right_child=1 5 6 8 24 14 12 18 19 15 25 39 20 -15 33 51 56 29 21 -21 61 -23 43 44 -26 55 -28 34 -30 50 53 -33 -34 -35 -36 -37 54 -39 -40 -41 60 -43 -44 -45 52 -47 -48 -49 49 -51 -52 -53 -54 -55 -56 -57 -58 59 -60 -61 -62 -63
leaf_value=-0.033022714276718608 -0.028094585282632013 0.011625440767284881 -0.015460801978386255 -0.0083221040555275533 -0.056935307739600996 0.044681357638937748 -0.062396338750164794 -0.056440348483208017 0.013776274722560447 -0.022313495228384862 -0.017307071794618989 0.044136210148934756 -0.021040421168589601 -0.04785699346089875 0.051708602596769897 0.020106102566033835 -0.029358210540374539 -0.023313351099253463 0.00025713901893444194 0.028509747471338897 -0.010453482929475689 0.020168434363657291 -0.036976403892945188 -0.024814809072793112 -0.061864726108480109 -0.038603946643405405 -0.03224401433236835 0.025136319922521608 0.011002730171173187 -0.0099874610763097237 -0.046786720632891438 -0.0022419889231777151 0.022016714505787717 0.062392389426624423 0.03428271621492416 -0.012115711127416233 0.0011910274096628305 -0.041526586188259516 0.010347323458355893 0.034709811685024385 -0.015112355134862126 -0.00832122825253594 0.02298762122327393 -0.023054763583090727 0.020257801538541134 0.019012260192926563 -0.010407695881074453 -0.042909977533625257 -0.034049334325369954 0.062563449790124376 0.0010462265985753897 0.0070013617763921461 0.011603263301516537 -0.034588018374762948 0.010603476079605727 -0.025771239397381306 -0.0079059286191317003 -0.039152160717328216 -0.00017496173933057932 0.016423816532645484 -0.04569870653632585 -0.027619453254261732
leaf_weight=8072.722874879837 14702.988525390625 10564.003173828125 22277.55716085434 9860.0068528652191 65137.026824951172 47919.632159233093 6360.9319696426392 1923.495617389679 61863.979597330093 6587.2069511413574 8467.1696124076843 35498.99267578125 7033.1543102264404 66406.3125 42820.274090766907 12448.189670085907 3960.6173400878906 7215.7313842773438 35418.508523702621 66776.8857421875 10475.195854187012 11085.804794311523 15193.219676017761 1286.28076171875 89905.501654624939 17336.690330982208 3496.2882895469666 66012.36474609375 19443.919372558594 24288.01969575882 18493.99726319313 4213.8099105358124 92681.2607421875 44997.046875 53235.662353515625 26338.06689453125 28287.753967285156 28451.341272354126 11326.122373819351 87678.25048828125 2186.9500375986099 25302.195893287659 1534.0012817382812 36410.261535644531 44390.171158075333 434.31987333297729 34144.070045471191 11791.050323486328 10132.64422750473 214.32549285888672 45745.455218791962 86218.329372882843 56578.882064580917 36832.298645019531 71111.939270019531 27102.957607269287 49813.50830078125 780.79945611953735 29940.932981967926 7702.9349188804626 7460.2396596670151 10628.442108154297
leaf_count=3217 4535 1141 6074 1831 36661 1847 3690 882 7267 1657 2647 1496 2380 32363 1113 1340 1142 2006 6470 5011 2730 1242 5625 286 54252 7171 1024 5589 2681 5691 8796 1058 8542 472 3309 6320 4613 12348 1754 5119 752 6075 208 11152 4501 66 7272 5580 3684 4 8393 12583 6861 14787 9161 9240 11002 232 5526 990 3651 3462
internal_value=-2.59394e-05 0.0202351 -0.0312674 0.00947415 -0.0471945 0.0395659 -0.0141735 -0.00970775 0.0162328 -0.00154568 -0.0375277 0.0324812 -0.0338297 -0.0417358 0.0527702 0.00465338 -0.0171335 -0.00925842 0.000950538 0.0216726 -0.0306176 0.00187124 -0.0208877 0.0105406 -0.0575171 -0.0271681 -0.00348578 0.0277881 -0.000150609 -0.00469864 -0.0357231 -0.0224489 0.0187182 0.0571836 0.0292198 -0.0178407 0.00645861 -0.0374669 -0.00283174 0.0374268 -0.0530016 -0.0153048 -0.0111249 -0.0271542 0.0149021 -0.0425395 -0.00497766 -0.0547862 -0.0207205 -0.0320423 -0.00278041 0.0086549 0.0154083 -0.0386595 0.00792486 -0.0307783 -0.00948647 -0.00125133 -0.00416776 0.0113049 -0.0387673 -0.0190997
internal_weight=1.792e+06 1.08703e+06 704970 698302 364941 388726 340030 277081 432837 265465 188460 252989 62949.1 134019 135737 147175 163304 118290 113776 221322 56588.1 111418 109530 211515 176481 54440.8 48508.2 129812 100333 77249.2 67612.8 12286.5 154545 87817.3 119248 41041.1 109260 35484.5 80888.7 123177 86575.3 57926.7 10001.2 51603.5 102255 2357.82 69562.6 76928.1 32624.5 10347 70033.5 98666.5 100969 55326.3 99399.7 44439.6 53774.1 45011.9 36528.1 8483.73 9647.19 21103.6
internal_count=388574 118456 270118 98370 180383 20086 89735 65125 48073 50297 79487 16654 24610 60221 3432 23352 44758 26945 20367 20820 20920 19419 32614 27253 100896 19266 9429 10039 18177 16090 27858 4275 15809 1585 8898 10855 15605 14728 15496 6615 46644 15837 2855 16777 11648 948 13742 42241 9762 3688 14084 13923 11362 23583 13774 16411 12144 8405 7183 1222 4403 6192
cat_boundaries=0 1
cat_threshold=152601
is_linear=0
shrinkage=0.035


Tree=20
num_leaves=63
num_cat=4
split_feature=5 25 0 2 24 5 24 0 25 25 25 40 0 2 2 16 8 2 51 23 16 16 24 32 32 16 9 12 1 25 8 8 2 23 18 45 13 48 47 24 37 2 2 8 0 14 10 19 24 8 2 2 46 42 29 26 39 34 8 21 46 22
split_gain=870192 175852 151358 39740.9 29967.4 29489.5 23103.5 15449.6 13460.8 6502.13 6078.42 5853.18 5490.34 5152.75 4633.28 4118.56 3805.1 3437.21 3276.44 3255.95 3146.21 3090.86 2945.77 2882.26 2816.09 2791.31 2443.99 2310.57 2295.09 2163.43 2094.87 2075.14 2060.74 1999.69 1994.78 1919.07 1893.9 1858.11 2180.01 1806.78 1805.33 1804.39 1727.01 1659.67 1636.79 1609.34 1571.67 1530.32 1511.99 1452.2 1441.9 1423.96 1687.77 1415.34 1367.92 1363.04 1642.05 1355.06 1354.65 1501.47 1339.52 1304.19
threshold=18.480000000000011 204.33085714285716 100.57500000000002 355.28000000000009 4.5000000000000009 599.18666666666684 3.5000000000000004 485.49000000000007 88.546666666666695 57.571666666666665 7.0866071428571447 23.108333333333338 581.28333333333342 1008.5400000000001 2763.6300000000001 0 11.500000000000002 2250.9900000000002 189.31965343479749 0.68301270189221941 1 2 8.5000000000000018 1036.2600000000002 inf 3 778.28000000000009 58.085833333333341 130.62000000000003 8.5606250000000035 13.500000000000002 9.5000000000000018 63.945000000000007 0.68301270189221941 21462.930000000004 7.166666666666667 0.12771739130434787 2.5000000000000004 inf 1.0000000180025095e-35 9702.1800000000003 845.50500000000022 28.885000000000005 17.500000000000004 57.275000000000013 19.500000000000004 1299.4800000000002 174.97285714285718 1.0000000180025095e-35 4.5000000000000009 226.17000000000004 1108.4800000000002 1122.6400000000001 1.5000000000000002 298.50000000000006 177.00000000000003 233.37000000000003 2.5000000000000004 5.5000000000000009 1.0000000180025095e-35 inf 1.0000000180025095e-35
decision_type=10 10 10 10 8 10 8 10 10 10 10 10 10 8 10 9 2 10 8 2 9 9 10 8 8 9 10 10 10 10 2 2 10 2 10 10 10 2 8 10 8 10 10 2 10 2 10 10 10 2 10 10 10 2 2 2 10 2 2 10 8 2
left_child=2 3 4 9 10 14 7 19 13 21 20 -8 31 30 26 34 27 37 41 25 23 24 40 -1 53 43 45 -12 -15 -27 -5 -13 -11 -26 -7 55 -33 -10 57 -22 44 -9 -18 46 -6 -3 -4 -47 -30 -29 -38 -37 -53 -2 -16 56 -14 -39 -34 -60 -49 -43
right_child=1 5 6 8 22 15 11 18 17 32 16 12 35 28 54 -17 42 -19 -20 -21 39 -23 -24 -25 33 29 -28 49 48 -31 -32 36 58 -35 -36 51 50 38 -40 -41 -42 61 -44 -45 -46 47 -48 60 -50 -51 -52 52 -54 -55 -56 -57 -58 -59 59 -61 -62 -63
leaf_value=-0.045561148872024691 -0.034291170724832162 0.010838785945498986 -0.010646660550643896 0.008697554139153095 -0.056245118294015177 0.048336634550454644 -0.058418217323817544 -0.0067601769672960043 0.0055096890160651456 -0.0095529577443824159 -0.03084102977872992 -0.017857102922128516 -0.0084543253356267941 0.024805564455065206 0.036126747018756962 0.04708193057677678 -0.044750651339667623 0.02646464321115834 0.013157824852615713 -0.0076548683882718743 -0.037318543465283099 -0.023330612849593993 -0.061377545786290524 -0.016657042871781425 -0.0072368080533957053 -0.033225877221305274 0.033482081870665432 0.0014958794955535577 0.013681290170356051 -0.01930378716728446 -0.00013575585638780758 -0.048933200621095546 0.014082265174639839 0.0070302816946595488 0.063996091207113484 -0.06010963269394972 -0.038410967436066083 0.010804724788551446 0.023862602046068049 -0.04880112026505088 -0.037862792466600209 -0.038724076786884949 -0.030238809790935756 -0.02774651563281082 -0.041960258968190604 -0.027474420951688526 0.030048163586255169 0.025073899506036165 0.0025906975936304758 -0.019872025467130475 -0.023957844818136877 0.013334109375772337 -0.059944824463252507 -0.013152775051202594 0.047852541207037511 -0.016818217466854638 0.023708439778146115 0.018686355945358672 -0.0075220166380270872 0.0061316605516407476 0.039241519706555761 0.0040271926633200592
leaf_weight=7358.2624289989471 4622.3884818553925 9310.0792846679688 32435.992510795593 59038.623290777206 63654.972229003906 13601.740234375 7698.1637344360352 43955.981811523438 14836.138244628906 13624.921508789062 23897.763096570969 9479.0636941194534 6734.1741586923599 19373.081603527069 73041.776977539062 81964.056640625 21037.00553894043 70627.232421875 22803.4033203125 39771.5751953125 23688.020172595978 18409.631873369217 87490.310020446777 9931.4829523563385 42634.092315673828 21473.277527809143 63461.04296875 4934.5172951221466 82240.570202350616 37660.910102844238 74250.968994855881 10449.879830241203 16509.738558769226 16766.512176513672 37466.609375 1698.2033094167709 18785.134561061859 44447.275665283203 59033.72412109375 57795.68603515625 9534.32275390625 890.65019607543945 19250.68729019165 7159.131519317627 11638.664978027344 647.17420291900635 1204.838508605957 80819.928641319275 18434.077685832977 18512.638916015625 15391.900186061859 1018.4745254516602 617.78800201416016 24161.036773681641 14642.336303710938 12353.998828887939 2732.8263854980469 67025.691558837891 13378.82654094696 37570.880090713501 9098.36474609375 44516.940685272217
leaf_count=3551 1557 1020 8086 8404 36661 425 4361 9286 1997 3023 9346 2999 1634 1791 3960 2704 9698 5454 3000 9436 10139 5190 54252 3331 9463 7492 3907 1115 9628 10690 12314 4993 2096 2937 303 841 7908 5364 5291 29016 4403 362 7247 2277 5580 136 137 6642 2852 6044 4905 205 284 5907 513 3266 360 6743 2589 5770 476 7213
internal_value=-2.65938e-05 0.0196389 -0.0305033 0.0091603 -0.0463483 0.0386557 -0.0137279 -0.00835776 0.0142336 -0.00460728 -0.0366216 -0.029282 -0.0264515 0.00851405 0.031595 0.0519782 -0.0299108 0.0198943 0.00131636 -0.0161249 -0.042575 -0.0102891 -0.0568699 -0.0289434 -0.00756279 -0.0194956 0.0281106 -0.0231822 0.0137737 -0.0243556 0.00377686 -0.0327325 0.00286211 -0.00320971 0.0598146 -0.0129411 -0.0358916 0.0173904 0.0184241 -0.045458 -0.0522201 -0.00170541 -0.0378174 -0.0124423 -0.0540376 0.0246973 -0.00918834 0.0261218 0.0116506 -0.0153752 -0.0319028 -0.0376673 -0.0143528 -0.0165485 0.0380854 -0.0091612 0.000831581 0.0155439 0.00536971 0.00254628 0.0265079 0.00318781
internal_weight=1.7786e+06 1.08104e+06 697557 696985 358724 384053 338832 251873 509307 187678 186406 86959.6 79261.4 253337 251021 133032 87632.6 255970 112167 139706 98773.5 106594 172318 17289.7 88184 99934.2 163337 47344.9 120048 59134.2 133290 54106 81084.4 59400.6 51068.3 25155.5 44626.9 185343 170507 81483.7 84828 89363.6 40287.7 40800 75293.6 99875.5 33640.8 90565.5 100675 23447.2 34177 3334.47 1636.26 28783.4 87684.1 21821 9467 111473 67459.4 50949.7 89918.3 45407.6
internal_count=388574 118456 270118 98370 180383 20086 89735 57979 59838 38532 79487 31756 27395 34989 16654 3432 33450 24849 19861 38118 46037 25054 100896 6882 19864 28682 12181 16505 14271 18182 20718 20805 13478 12400 728 6590 17806 19395 17398 39155 46644 16861 16945 10500 42241 8274 8223 7254 12480 7159 12813 1330 489 7464 4473 5260 1994 12107 10455 8359 7118 7575
cat_boundaries=0 1 2 3 4
cat_threshold=4096 152597 152841 152585
is_linear=0
shrinkage=0.035


Tree=21
num_leaves=63
num_cat=3
split_feature=5 25 0 0 5 24 24 0 4 4 47 40 48 4 16 47 16 0 25 25 17 25 50 47 24 25 12 12 8 14 8 48 18 35 14 25 8 39 29 23 25 9 47 48 48 26 41 45 4 4 4 35 26 5 16 45 47 46 32 19 22 29
split_gain=817518 172205 139886 37719.7 29279.9 25764.5 23591.1 17381.1 16030.2 8245.92 5320.82 5065.87 4715.31 4679.98 4262.59 3846.51 3833.46 3518.7 3455.06 3384.82 3350.65 3224.67 2859.76 2810.03 2731.04 2675.04 2529.67 2429.13 2402.95 2371.49 2244.22 2119.32 2087.96 2018.12 2093.23 1989.73 1920.2 1840.7 1761.82 1754.34 1738.71 1716.61 1659.63 1609.98 1603.58 1554.22 1529.8 1527.73 1453.36 1451 1449.43 1449.08 1429.35 1418.06 1415.86 1410.15 1388.31 1388.06 1347.82 1343.02 1335.07 1324.01
threshold=16.960000000000012 204.33085714285716 84.454999999999998 366.38000000000005 599.18666666666684 4.5000000000000009 4.5000000000000009 531.03000000000009 72.980000000000018 30.245000000000005 304.35000000000008 23.108333333333338 2.5000000000000004 317.70000000000005 0 5422.0350000000008 1 581.28333333333342 8.5606250000000035 97.171666666666681 1.0000000180025095e-35 7.0866071428571447 86.074488152058095 6.4400000000000013 7.5000000000000009 73.92728571428573 111.02000000000002 111.02000000000002 6.5000000000000009 19.500000000000004 10.500000000000002 2.5000000000000004 21462.930000000004 11.500000000000002 19.500000000000004 172.91833333333335 9.5000000000000018 329.55000000000007 298.50000000000006 0.68301270189221941 324.26583333333343 2.8800000000000017 5422.0350000000008 9.5000000000000018 9.5000000000000018 100.50000000000001 6134.5800000000008 8.2500000000000018 864.75000000000011 36.025000000000006 1.0000000180025095e-35 13.500000000000002 100.50000000000001 4.4949999999999868 2 7.166666666666667 12.835000000000003 1248.9000000000003 941.79000000000008 40.803000000000004 1.5000000000000002 358.00000000000006
decision_type=10 10 10 10 10 8 8 10 10 10 8 10 2 10 9 8 9 10 10 10 8 10 8 10 10 10 10 10 2 2 2 2 10 2 2 10 2 10 2 2 10 10 8 2 2 2 8 10 10 10 8 2 2 10 9 10 10 8 10 10 2 2
left_child=2 3 5 9 13 10 7 16 12 27 21 61 -5 29 32 25 28 36 23 42 43 50 56 -18 35 60 -11 -2 -4 -3 -29 -21 -6 34 -28 46 -13 53 57 -20 49 44 -10 -9 -30 -33 -7 54 -16 -31 -1 59 -15 -12 58 -19 -22 -17 -38 -23 -14 -8
right_child=1 4 6 8 14 24 11 20 19 26 37 17 15 52 48 38 18 55 39 31 22 51 -24 -25 -26 -27 33 30 41 40 -32 45 -34 -35 -36 -37 47 -39 -40 -41 -42 -43 -44 -45 -46 -47 -48 -49 -50 -51 -52 -53 -54 -55 -56 -57 -58 -59 -60 -61 -62 -63
leaf_value=-0.04925394573716449 -0.022340471167173311 0.012636639705024917 0.0057734363970517993 -0.0069006874069682438 0.047436837191214755 -0.056391930400601205 -0.066203298376008191 -0.055497965149395409 0.010699064385130632 -0.0091848772544362196 -0.033116841471768264 -0.019838680781160439 -0.0294151619272973 0.042646477344231992 0.041006239527677402 0.0082282053095034859 -0.020020172896340189 -0.011150434495381674 -0.02001135867330615 0.0081819437576912402 0.0062158009481119159 -0.042672096714454051 0.010495499558733594 -0.038566039189541025 -0.060415362826311221 0.010516044669529375 -0.012235238119199989 -0.0018554614382648245 -0.027379046114900534 0.017818503414791655 -0.015209190229289783 0.030968559585183814 0.063617445507611656 -0.0025268719054724596 0.013390191838086946 0.0035468798259197195 -0.029981141453425376 0.013661253326990992 0.026082734205443388 -0.006622603118941665 0.033236815737119202 -0.0089054526664907614 0.020503169917644497 0.019495819440507114 -0.0084035604462832578 0.022109337120326037 -0.045459927174746277 -0.052515553462958338 0.050448076902599344 0.027964339370779516 -0.03750491523482636 -0.0434828559511466 0.033679649145266388 -0.020685913770324259 -0.039827497840133799 -0.036925530138300487 -0.0048948750338540601 0.017113818248119896 0.0044815263224171715 -0.026407459252500015 0.0023610011547751629 -0.0043184490367422093
leaf_weight=48921.040004968643 25569.646294355392 13212.229320049286 9071.1124725341797 25098.821490764618 13378.671875 37608.08007478714 6321.3656806945801 1848.8442542552948 56716.241131305695 18374.773451089859 30531.16187286377 8150.7572214603424 1647.6175632476807 32283.411549091339 36554.921608448029 44082.14404296875 19314.293894052505 13115.426791071892 44440.987091064453 11113.553039550781 18286.311529874802 8198.9055933952332 31064.289825439453 20779.937883138657 96541.820278167725 79833.207885742188 4403.4349367618561 26743.751011371613 15782.74348449707 24094.032477855682 36400.747195005417 31095.348693847656 36389.546875 23394.218034267426 34442.558471679688 804.66416549682617 6537.7333289384842 1299.7040710449219 13698.0771484375 16419.204406738281 51592.279541015625 38396.957550048828 33733.911010742188 432.16389393806458 8339.13037109375 110462.77795410156 26959.440330028534 7673.2456294298172 44133.765891551971 61012.972282886505 17478.212696194649 14709.202608585358 67067.000610351562 17804.479431152344 20906.261424541473 3242.6759806871414 55853.005089998245 42113.761779785156 1765.2393760681152 25804.706502914429 92365.188161849976 454.06623840332031
leaf_count=25646 7680 1353 1772 4670 425 22025 3999 880 7103 4049 12609 2803 455 1396 1542 6179 5814 3469 13058 1346 2986 3746 4315 8079 61246 10037 942 5282 5141 2401 9087 2202 303 4363 4496 213 2592 227 1327 3912 3193 9283 3339 64 2160 9801 14124 4010 1162 4441 7745 6841 3896 5977 9118 1318 11139 4550 436 9714 14940 153
internal_value=-2.71737e-05 0.0187025 -0.0303065 0.00854266 0.0377338 -0.0467582 -0.0148721 -0.0103772 0.0130478 -0.00587671 -0.0370131 -0.0333368 0.00761845 0.0307024 0.0511682 0.00894971 -0.0172594 -0.0301662 -0.0216532 0.0197214 0.000670787 -0.0411437 0.0015809 -0.0296328 -0.0566734 0.00580466 0.00222562 -0.0132393 -0.0110586 0.0267978 -0.00955357 0.0229002 0.0592569 0.00559436 0.0104851 -0.0511465 -0.0352164 -0.0274332 0.0144229 -0.0163994 0.0281664 -0.0135026 0.0143557 -0.0412872 -0.0208197 0.0240556 -0.0518282 -0.0386141 0.0461654 0.0250923 -0.0461619 -0.0343026 0.0365938 -0.0285384 -0.0349605 -0.0162618 -0.0021544 0.0125697 -0.0226274 -0.0303303 0.0018038 -0.0620572
internal_weight=1.76587e+06 1.09101e+06 674857 711290 379719 326661 348196 280029 541961 169329 164747 68166.8 298839 249262 130457 273740 172544 61391.3 100954 243122 107485 115112 105204 40094.2 161914 173846 80615 88714.1 71589.9 149912 63144.5 152672 49768.2 62240.2 38846 65372.2 45033.2 49635.3 99894 60860.2 136699 62518.8 90450.2 2281.01 24121.9 141558 64567.5 36882.5 80688.7 85107 66399.3 48712.8 99350.4 48335.6 29209.2 16358.1 74139.3 86195.9 8302.97 34003.6 94012.8 6775.43
internal_count=388574 121960 266614 101848 20112 170113 96501 68603 65949 35899 72505 27898 42158 16680 3432 37488 49219 23746 30863 23791 19384 53692 18440 13893 97608 25432 13850 22049 18356 11388 14369 13349 728 9801 5438 36362 18959 18813 12056 16970 10035 16584 10442 944 7301 12003 36149 16156 2704 6842 33391 20301 5292 18586 12146 4787 14125 10729 3028 13460 15395 4152
cat_boundaries=0 1 2 3
cat_threshold=4096 152584 134157
is_linear=0
shrinkage=0.035


Tree=22
num_leaves=63
num_cat=0
split_feature=6 5 0 2 24 20 9 6 2 24 40 4 2 4 27 2 24 2 2 1 8 47 8 8 19 3 4 22 0 9 0 9 4 25 3 24 48 29 14 23 48 17 51 2 23 19 2 10 35 4 48 2 35 41 27 22 27 47 8 19 25 14
split_gain=772171 160885 131711 38671.7 27328 25944.2 25339.4 16791.3 12592.2 6733.84 6006.75 5995.36 5430.36 5276.65 4982.39 4750.06 4114.87 4002.83 3672.45 3382.11 3173.91 3016.54 2734.52 2600.09 3262.48 2576.64 2548.19 2244.6 2162.98 2117.17 1971.22 1932.77 1922.96 1897.37 1888.92 1881.12 1876.89 1848.83 1837.01 1785.94 1778.92 1749.47 1747.86 1709.87 1701.88 1670.72 1656.87 1605.28 1661.15 1557.84 1556.94 1547.4 1533.63 1481.88 1375.62 1372.77 1370.23 1339.24 1309.52 1525.84 1265.49 1217.91
threshold=26.647500000000004 213.49000000000004 84.454999999999998 205.29000000000005 3.5000000000000004 1.0000000180025095e-35 1531.5000000000002 87.60750000000003 296.98000000000008 1.5000000000000002 23.108333333333338 1.0000000180025095e-35 271.84500000000008 5.1250000000000009 12532.460000000003 1508.9400000000003 7.5000000000000009 1008.5400000000001 5178.7850000000008 2838.2150000000006 5.5000000000000009 363.06000000000012 11.500000000000002 5.5000000000000009 92.895000000000024 41.500000000000007 90.090000000000018 1.0000000180025095e-35 19.933333333333341 151.03000000000006 271.53000000000003 778.28000000000009 1.1000000000000003 8.5606250000000035 25.500000000000004 7.5000000000000009 2.5000000000000004 268.50000000000006 19.500000000000004 0.68301270189221941 2.5000000000000004 13109.220000000003 115.92880583121742 845.50500000000022 0.68301270189221941 101.28545454545457 774.90000000000009 83.17000000000003 11.500000000000002 103.71500000000002 11.500000000000002 115.74500000000002 17.500000000000004 2500.3800000000006 498.56000000000012 1.0000000180025095e-35 2373.2100000000005 671.88000000000011 2.5000000000000004 679.75000000000011 48.873863636363645 19.500000000000004
decision_type=10 10 10 10 8 8 10 10 10 10 10 10 10 10 10 10 10 8 10 8 2 8 2 2 10 2 10 2 10 10 10 10 10 10 2 10 2 2 2 2 2 8 8 10 2 10 10 10 2 10 2 10 2 10 10 2 10 8 2 10 10 2
left_child=2 3 4 9 13 10 18 11 22 20 -4 27 35 21 49 29 42 40 26 38 45 28 36 24 -11 -16 -3 34 -1 -9 -22 58 -17 -14 -5 -12 -7 53 -10 -34 -13 -21 55 -40 -19 -2 -29 -30 -49 -8 -31 -24 -32 -26 -45 -6 -43 -57 -28 -60 -42 -47
right_child=1 6 5 7 16 8 14 15 19 23 12 17 33 -15 25 32 -18 44 -20 41 30 -23 51 -25 37 -27 31 46 47 50 52 -33 39 -35 -36 -37 -38 -39 43 -41 60 56 -44 54 -46 61 -48 48 -50 -51 -52 -53 -54 -55 -56 57 -58 -59 59 -61 -62 -63
leaf_value=-0.048552339010765944 -0.004889641094837833 0.020637023193796976 -0.058046760527064575 -0.0034851892118609716 -0.06353532781043908 -0.029223433390354076 0.026075861489645073 0.0071514393612877522 -0.01978097408181723 -0.04266854375186574 -0.030943635723135559 -0.0077915322319127836 -0.026943267449442358 -0.022347635649203283 0.062711832226668346 0.01282412503921487 -0.059861706898535753 0.012141703803159883 0.041239225453054452 0.01451992774551375 -0.012973299275381137 -0.028576345814707797 -0.027679703471832164 -0.028556081110405588 -0.02435764996416008 0.0480960224435803 0.03999418746727644 -0.0050457956758756511 -0.041402456268977213 0.015237847024195268 0.0038800466492597517 0.034756876986513252 0.022396288552780041 -0.012094952198404616 -0.061326395887382139 -0.046596935782965643 -0.0073431341045098941 0.03258662388820998 -0.0060481265011479192 0.032186079957629468 0.0026170741504112833 -0.033751460996071542 -0.028087398293840514 -0.011523315562890138 0.022312081161087714 -0.018041928347546136 0.0052023239022660518 -0.014179231719706283 -0.037515689091892929 0.045264823336428048 0.026187060800146173 -0.017084209302504521 -0.020477120293018968 0.019831824986704341 0.0065420112245514654 -0.050103661735787355 0.0079517618729757471 -0.030830060318796385 0.012990094578588745 0.027515133165054141 0.0099252982142959603 0.015666115662606197
leaf_weight=32707.078310728073 10708.393103122711 36594.211419820786 8309.3208312988281 1386.3362792730331 8740.6925745010376 5496.803582906723 5738.2236886024475 36200.698757171631 8176.0230712890625 2174.6639776229858 36665.149215698242 10875.495752096176 17580.760316371918 34436.236390471458 41197.638679981232 17778.781020402908 94068.462308883667 68493.786132574081 35238.75390625 20898.116580963135 40355.374331712723 29682.315716266632 27890.40079331398 23742.508399009705 2406.1726317405701 23074.585929393768 8029.0161397457123 41420.205631256104 30446.770997047424 126379.49841308594 19209.735323190689 77521.2734375 79116.077912092209 26338.302999973297 1379.4607888460159 12657.001091003418 37986.32958984375 2235.3475246429443 62322.079399108887 32096.809036254883 48540.698460102081 1771.2324018478394 4534.7885589599609 6217.2379531860352 28562.817626953125 1434.6071047782898 36227.781673431396 6555.092582821846 8695.0852726697922 53996.122014522552 18202.043090820312 42812.176971435547 3790.6891331672668 1513.6109337806702 30441.220581054688 67199.820785522461 2118.6204996109009 4733.4261083602905 10757.22315454483 50292.924285888672 72194.141139507294 15400.898635864258
leaf_count=17309 2241 3177 4940 330 5521 1791 371 5049 2012 905 14578 2180 5988 11748 386 1999 61246 8186 1530 2745 9812 11692 9632 8227 687 695 393 8187 14419 13668 3287 4312 6715 7029 626 6513 9371 233 13111 2081 7883 485 1942 1286 2650 331 5433 2087 3789 1879 1552 12094 969 221 4623 37896 329 2065 1063 3483 9611 1981
internal_value=-2.76767e-05 0.0182215 -0.0295833 0.00906136 -0.0457197 -0.014648 0.0380649 0.0126236 -0.00850669 -0.00886546 -0.0295326 0.00685188 -0.0269909 -0.0342799 0.050701 0.0183823 -0.0548139 0.00974257 0.030891 -0.00114211 -0.00400039 -0.0380813 -0.0170166 -0.0226536 -0.00582813 0.0574654 0.0289002 -0.00136819 -0.0416793 0.0147212 -0.0083126 0.0309627 0.0235133 -0.0180392 -0.0323456 -0.0349614 -0.0101097 0.00719274 -0.00383723 0.025222 0.00576585 0.0105084 -0.0492406 -0.00252006 0.0151349 0.0059184 -0.000264383 -0.036759 -0.0274864 0.043422 0.0166165 -0.0212642 -0.000134962 -0.00729333 0.00347792 -0.0504292 -0.0110415 -0.0488358 0.0267045 0.024956 0.00698712 0.0127928
internal_weight=1.75375e+06 1.08427e+06 669481 741827 321800 347681 342440 618855 246130 122972 101551 309081 93241.2 142523 124007 309774 179277 228667 218433 131945 90899.7 108086 114186 32072.3 8329.8 64272.2 183195 80413.8 78404 180782 63355.8 146600 128992 43919.1 2765.8 49322.2 43483.1 6155.13 107157 111213 131610 24788 85208.7 98980.5 97056.6 27543.9 77648 45696.9 15250.2 59734.3 144582 70702.6 23000.4 3919.78 36658.5 80673.9 3889.85 71933.2 69079.2 61050.1 120735 16835.5
internal_count=388574 122333 266241 105044 169714 96527 17289 76150 57479 28894 39048 45086 34108 61044 3331 31064 108670 30510 13958 24591 18621 49296 32888 10273 2046 1081 12428 14576 37604 20269 14068 9251 10795 13017 956 21091 11162 1141 21032 8796 19674 3559 47424 19020 10836 4553 13620 20295 5876 2250 15220 21726 4256 908 5909 45482 814 39961 4939 4546 17494 2312
is_linear=0
shrinkage=0.035


Tree=23
num_leaves=63
num_cat=3
split_feature=6 6 0 2 5 9 50 2 2 4 2 25 24 24 27 4 40 2 17 23 2 8 3 16 27 24 29 6 25 41 2 8 8 48 34 17 25 4 6 25 45 18 16 23 14 52 14 14 4 46 8 14 12 29 48 16 21 19 35 0 22 27
split_gain=725330 158795 120440 39069.7 28652.7 25404.2 19449.1 14476.1 14030.1 9085.97 6938.89 5562.13 5168.87 5144.31 5093.21 4167.25 3895.05 3772.97 3608 3523.99 3090.99 2846.6 2684.98 2629.43 2614.02 2601.13 2533.13 2470.87 2410.37 2199.96 2156.58 2144.91 2038.69 2035.71 2055.51 1965.53 1932.13 1929.87 1885.72 1854.39 1825.63 1746.72 1736.77 1712.08 1669.27 1640.87 1637.63 1579.69 1525.54 1484.25 1459.37 1451.92 1450.89 1484.56 1421.36 1410.92 1403.71 1396.48 1564.25 1354.86 1341.79 1505.12
threshold=24.733500000000003 221.25000000000003 57.275000000000013 717.93000000000018 1.0000000180025095e-35 1531.5000000000002 1.2745587471748807 296.98000000000008 127.06000000000002 39.090000000000011 271.84500000000008 57.571666666666665 1.5000000000000002 1.5000000000000002 12532.460000000003 57.660000000000004 1.0000000180025095e-35 2763.6300000000001 1.0000000180025095e-35 0.68301270189221941 1508.9400000000003 10.500000000000002 41.500000000000007 0 25.745000000000005 7.5000000000000009 358.00000000000006 96.006000000000014 7.7760000000000007 inf 5178.7850000000008 9.5000000000000018 3.5000000000000004 11.500000000000002 1.5000000000000002 1.0000000180025095e-35 8.5606250000000035 3.0800000000000005 74.163333333333355 45.003750000000004 7.166666666666667 59.521666666666668 1 0.68301270189221941 19.500000000000004 9.5000000000000018 18.000000000000004 19.500000000000004 103.71500000000002 393.88000000000005 4.5000000000000009 19.500000000000004 319.20333333333343 283.50000000000006 2.5000000000000004 2 65.960000000000022 49.610000000000007 17.500000000000004 15.000000000000041 9.5000000000000018 12532.460000000003
decision_type=10 10 10 10 8 10 8 10 10 10 10 10 10 10 10 10 10 10 8 2 10 2 2 9 10 10 2 10 10 8 10 2 2 2 2 10 10 10 10 10 10 10 9 2 2 2 2 2 10 8 2 2 10 2 2 9 8 10 2 8 2 10
left_child=2 3 6 8 10 15 29 19 12 24 18 37 32 36 48 -3 26 27 -4 23 31 47 -16 45 35 49 -12 54 -25 59 46 -9 -2 34 -23 -5 55 -10 -14 -31 42 -21 -18 -15 -26 -6 -17 -13 -7 -20 -45 -33 -48 -54 -11 -8 -46 -34 -59 -1 -40 -62
right_child=1 5 4 9 7 14 13 20 11 17 16 21 38 43 22 30 40 -19 25 41 -22 33 -24 28 44 -27 -28 -29 -30 39 -32 51 57 -35 -36 -37 -38 -39 60 -41 -42 -43 -44 50 56 -47 52 -49 -50 -51 -52 -53 53 -55 -56 -57 -58 58 -60 -61 61 -63
leaf_value=-0.060686912626681674 0.0059715044985666852 0.020668025764834796 -0.063230802034241473 -0.058248674629564491 -0.007384236129318913 0.025286324855607719 -0.019922450404697589 0.0077309200049751449 -0.0094417199589698995 -0.0034797446043112424 -0.065311549855346165 -0.003255356072566135 -0.031194011434699298 -0.047469625350565238 0.062266252811481661 0.014299912253072023 -0.0030006561425066853 0.026805842610267836 -0.033430998917422919 -0.038569416225203837 0.010766669588610023 -0.0066892892757415643 0.047192674710824667 -0.034244356161121536 -0.0027958610097875351 -0.046804428170505036 0.050241054416071421 0.020504218489514083 -0.020451638347030759 -0.048101205036313835 0.040844211635514202 -0.021130632343594385 -0.034244589823209506 0.016207362321873069 0.0054603359393549326 -0.002776573595258164 -0.02252798008610116 0.00078712779144703409 0.011511214239742502 0.0054194637348348087 -0.035241431497680255 -0.0065726201690019621 -0.019559569370111437 -0.010693987308113008 0.0069107177394636199 -0.02443225121225466 0.0082030524100036879 0.015940666989207198 0.044329507372918284 -0.014990127243642669 -0.039102887988120581 -0.0047895867685736199 0.030089384555665833 0.039039279165312989 0.013883745035942339 -0.03838547374097262 0.014244682660832376 -0.0064838286775187534 -0.028052419785246235 -0.052528680432498621 -0.030245623864396793 0.021171543426180855
leaf_weight=84648.216681718826 12124.580049514771 46694.171693086624 6182.5945656299591 1168.8184978961945 20869.322031736374 5710.8193898200989 6185.40489590168 16116.735258102417 34271.345399260521 6230.0914731025696 3117.5351963043213 5840.5214524269104 19072.49951171875 50086.263061523438 40060.384550094604 7145.0274341106415 10945.596696853638 65452.45751953125 43014.35771894455 2229.6696319580078 21125.67822265625 23103.390381336212 22699.942598342896 23997.060846328735 12639.953048706055 17655.273759841919 250.39383506774902 113216.84130859375 43965.398920059204 20205.438304424286 30825.348876953125 7292.611421585083 2758.4781653881073 15048.812744140625 65182.189544677734 2363.3999655246735 24204.20358479023 66313.845489144325 2361.2964096069336 825.23357057571411 6209.2153496742249 33159.172775268555 26774.254619121552 2703.2152404785156 64664.994863510132 10344.255584716797 3199.76096534729 52045.385559082031 53219.634711742401 6108.2623295783997 12289.631072998047 76772.121002197266 103328.00845909119 29117.057571411133 79031.831359863281 30377.17179274559 63234.841455459595 41712.931033849716 4569.5551543235779 35452.23547744751 3817.7552871704102 852.485107421875
leaf_count=56807 2069 4240 3874 551 5302 371 2247 2636 7675 1025 2093 996 7258 26714 386 644 2614 4869 18422 864 2844 4447 695 9475 2054 9627 22 10207 13502 11490 1323 1855 895 1851 9267 437 8558 11538 429 255 2623 8443 7897 935 9049 3333 352 6101 1879 1983 6058 15460 6521 1398 8956 14107 7159 9338 1422 21734 1275 123
internal_value=-2.80476e-05 0.0172469 -0.0295511 0.00830525 -0.0167902 0.0370406 -0.0475291 -0.0101675 -0.000290634 0.0156596 -0.030881 0.00376054 -0.0124439 -0.0375246 0.0498757 0.0299508 -0.0204382 0.0195185 -0.0376501 -0.0180717 -0.00139942 0.00779007 0.0568151 -0.0214551 0.0085902 -0.0352809 -0.0567083 0.0171153 -0.0253185 -0.0564499 0.0324473 -0.00396502 -0.00687909 0.00430915 0.00228087 -0.0211437 -0.0302003 -0.0026981 -0.0254823 -0.0460009 -0.0176563 -0.00858961 -0.0147607 -0.0443629 0.00933765 -0.0130304 0.0306343 0.0140038 0.0424845 -0.0311383 -0.0339818 -0.00620741 0.0314946 0.0320572 0.012615 -0.0352786 0.0105368 -0.0100563 -0.0086139 -0.0582792 -0.0099876 -0.0208576
internal_weight=1.74218e+06 1.09908e+06 643107 757078 376130 342000 266977 255872 349075 408003 120257 261805 87269.6 125846 121691 220309 47297 263931 72960.5 134565 121307 161220 62760.3 99176 144072 66777.9 3367.93 198479 67962.5 141131 173615 100181 61165.5 103334 88285.6 3532.22 60766.8 100585 26104 21030.7 43929.1 35388.8 37719.9 65079.1 140540 31213.6 142790 57885.9 58930.5 49122.6 14992.8 84064.7 135645 132445 85261.9 36562.6 127900 49041 46282.5 120100 7031.54 4670.24
internal_count=388574 126800 261774 108991 112869 17809 148905 63714 64684 44307 49155 41875 22809 58619 3331 14478 15249 25057 33906 40919 22795 22662 1081 31612 19250 30032 2115 20188 22977 90286 10238 19951 13724 15565 13714 988 24912 19213 9085 11745 13134 9307 10511 33707 18262 8635 8915 7097 2250 20405 6993 17315 8271 7919 9981 16354 16208 11655 10760 78541 1827 1398
cat_boundaries=0 1 2 3
cat_threshold=160777 134152 151577
is_linear=0
shrinkage=0.035


Tree=24
num_leaves=63
num_cat=4
split_feature=6 5 0 2 20 6 24 2 5 24 27 2 4 4 4 2 27 8 25 18 2 2 2 47 3 48 16 24 41 1 26 35 16 48 35 32 25 16 25 26 37 2 23 2 14 16 3 17 3 14 26 4 22 48 26 25 35 19 8 29 6 2
split_gain=680957 150824 116481 36670.8 27296.8 24696.8 19671.3 13654.5 12518.4 7568.5 6647.78 6453.49 5655.27 4790.21 4317.63 3482.65 3391.68 3384.62 3288.72 3212.4 2919.68 2913.29 2833 2745.7 2643.18 2628.13 2551 2431.1 2412.31 2216.51 2107.29 2062.49 1941.72 1860.87 1838.5 1775.57 1774.34 1752.75 1697.85 1694.91 1593.54 1522.95 1493.67 1468.37 1454.08 1439.06 1438.03 1981.29 1436.77 1435.12 1434.47 1385.28 1383.6 1412.67 1395.1 1310.17 1302.42 1249.99 1399.8 1246.96 1239.57 1237.04
threshold=24.733500000000003 213.49000000000004 57.275000000000013 355.28000000000009 1.0000000180025095e-35 535.87500000000011 4.5000000000000009 296.98000000000008 94.67333333333336 1.5000000000000002 1.0000000180025095e-35 271.84500000000008 864.75000000000011 7.410000000000001 5.1250000000000009 1918.6700000000003 1.0000000180025095e-35 13.500000000000002 73.92728571428573 7223.9000000000005 1508.9400000000003 1108.4800000000002 1508.9400000000003 304.35000000000008 73.500000000000014 2.5000000000000004 0 7.5000000000000009 inf 524.43000000000018 223.50000000000003 13.500000000000002 1 11.500000000000002 19.500000000000004 1.0000000180025095e-35 7.7760000000000007 2 7.7760000000000007 100.50000000000001 10728.000000000002 845.50500000000022 0.68301270189221941 115.74500000000002 18.000000000000004 3 22.500000000000004 194.56500000000003 51.500000000000007 19.500000000000004 100.50000000000001 90.090000000000018 41.500000000000007 10.500000000000002 192.50000000000003 7.7760000000000007 11.500000000000002 111.205 6.5000000000000009 253.00000000000003 58.002500000000005 63.945000000000007
decision_type=10 10 10 10 8 10 8 10 10 10 10 10 10 10 10 10 10 2 10 10 10 8 10 8 2 2 9 8 8 8 2 2 9 2 2 10 10 9 10 2 10 10 2 10 2 9 2 10 2 2 2 10 2 2 2 10 2 10 2 2 10 10
left_child=2 3 6 9 10 15 14 17 13 18 46 27 -7 16 23 51 48 25 32 37 31 44 -10 38 59 -6 -14 -12 52 45 40 49 35 41 57 -2 -13 60 -1 -23 -30 -18 -24 -19 -15 -27 47 -4 -5 -9 -17 -3 54 -54 -8 -47 -46 -20 -59 -21 -11 -39
right_child=1 5 4 8 7 12 28 20 22 19 11 36 26 21 -16 50 33 43 34 24 -22 39 42 -25 -26 29 -28 -29 30 -31 -32 -33 -34 -35 -36 -37 -38 61 -40 -41 -42 -43 -44 -45 56 55 -48 -49 -50 -51 -52 -53 53 -55 -56 -57 -58 58 -60 -61 -62 -63
leaf_value=-0.046809971137603691 0.00014673507538595906 0.016359177898576546 -0.049892923679573306 -0.015601915893457313 -0.031035038910276102 0.039543266420893446 -0.054838987835784593 -0.015930849179522019 0.015296875001587325 -0.02200540369106601 -0.030015553649169465 -0.025864926025087623 0.060472441722424275 -0.0099355692390953598 -0.023129599950462668 0.039500084756400128 -0.003783922292056045 -0.030544175795685233 -0.012055410802983255 0.0046719813998985253 0.010431831602564298 0.02325826317731269 0.020484019955287282 -0.029855206662557823 -0.010626125189384621 0.001307232649805356 0.047719817741694474 -0.044803639736647978 -0.035320988259674953 0.00066563246109679517 -0.054305368513101922 -0.008215391532173353 -0.017242828843174778 0.014702440567977964 -0.021155246885213235 -0.011207050289250892 -0.01111079295196683 -0.039367312503098634 -0.035818016405707337 0.012908780064779329 0.021018403771919995 0.0054592383846049424 0.029625114449249076 -0.019031783586950502 0.014542937456371384 -0.023794041595384008 -0.067954536299558943 0.021551394175358105 -0.06544341792672842 0.0041888749267706129 0.030153389075640587 0.025945421192729082 -0.056256777445865665 -0.040862209096304974 -0.064240186518371697 -0.011831377754436045 0.0060164905315628001 0.0160733657421606 0.0041542905508090353 0.052447867826762674 -0.0021415422109987287 -0.021266115974224897
leaf_weight=50984.402452707291 60528.630466222763 25211.711813926697 4700.9258425235748 1881.17147564888 8764.3372123241425 61750.057159900665 33033.886923313141 4896.2373204231262 124966.7861328125 9398.0693600177765 45380.297119140625 16336.771702051163 36777.763671875 5580.8207244873047 23387.602917790413 27883.659057617188 39530.38557434082 24762.116919755936 4058.1106890439987 1278.3030214309692 21221.615234375 26477.892333507538 79408.95361328125 25565.270015716553 7732.1240539550781 6579.7515068054199 41881.554168224335 19466.683177947998 7309.6412978172302 16178.949744462967 10804.807213306427 57219.92973279953 13661.960353136063 14876.007331848145 3056.1226441860199 23393.505982398987 25686.388747930527 8697.0137567520142 26022.753949761391 72376.017822265625 670.83664512634277 48782.609260559082 30245.86474609375 30051.4853515625 30351.164101600647 17537.472111344337 5844.8271408081055 528.43711066246033 1136.4281189441681 38366.330444335938 72342.806274414062 69092.311135292053 27865.060543060303 9915.0150146484375 46870.661368846893 31119.993141293526 79248.904623985291 17987.228771567345 36691.867118835449 1404.0291013717651 6516.9250619411469 9887.797119140625
leaf_count=28056 11636 2413 2765 547 3092 2624 21578 1180 13150 3107 18879 5614 421 1123 8455 1258 7256 9396 855 237 2862 2341 6860 10812 2041 1469 1174 10600 3711 3561 6810 12170 3478 1936 735 5498 6843 3638 12028 8196 158 7053 2037 8979 3631 6197 3945 115 569 6687 4377 5022 18412 5780 33105 8515 11192 2125 5884 63 1468 2855
internal_value=-2.84617e-05 0.0167219 -0.0287952 0.00809027 -0.0162695 0.0362859 -0.0466767 -0.00986558 0.0127579 -0.00458712 -0.0302071 -0.0275318 0.0474726 0.00825803 -0.0367018 0.0282112 0.00218123 -0.0175301 -0.00101084 -0.0172772 -0.00136398 0.0112734 0.0188998 -0.0397962 -0.000240554 -0.0129477 0.0536969 -0.0344555 -0.055883 -0.0107275 -0.0442297 -0.0038553 -0.00501165 0.00325095 0.00530721 -0.0030179 -0.016847 -0.0224198 -0.043096 0.0156811 -0.0305831 0.00132185 0.0230056 -0.024233 0.00749039 -0.0140645 -0.0560201 -0.0426706 -0.0343877 0.00191151 0.0327541 0.0233828 -0.0577427 -0.0522178 -0.0603543 -0.0161401 0.0083778 0.00668441 0.00807541 0.0296898 -0.0138634 -0.0297225
internal_weight=1.73117e+06 1.09409e+06 637072 759155 374643 334940 262430 256698 554863 204292 117944 106870 140409 320241 125960 194530 106207 134994 159377 44914.3 121704 214035 234622 102572 10414.5 80180.5 78659.3 64847 136470 71416.2 18785.3 100482 97584.1 103189 61793.3 83922.1 42023.2 34499.8 77007.2 98853.9 7980.48 88313 109655 54813.6 115181 55237.2 11074.2 5229.36 3017.6 43262.6 100226 94304 117685 37780.1 79904.5 48657.5 109600 58737.2 54679.1 2682.33 15915 18584.8
internal_count=388574 126800 261774 109511 112869 17289 148905 64108 65891 43620 48761 41936 4219 43844 59351 13070 17361 41209 30211 13409 22899 26483 22047 50896 2341 22834 1595 29479 89554 19742 10679 20037 20612 16245 9599 17134 12457 11068 40084 10537 3869 14309 8897 18375 15946 16181 6825 2880 1116 7867 5635 7435 78875 24192 54683 14712 14823 8864 8009 300 4575 6493
cat_boundaries=0 1 2 3 4
cat_threshold=4096 152841 203928 132096
is_linear=0
shrinkage=0.035


Tree=25
num_leaves=63
num_cat=2
split_feature=5 25 0 2 9 50 24 4 2 25 27 22 4 2 47 2 0 19 8 47 4 3 8 0 19 2 8 2 27 40 8 14 22 44 46 21 10 26 21 8 41 0 8 19 24 26 4 4 26 41 45 19 14 8 35 29 45 2 39 16 16 14
split_gain=639541 156656 104815 38715.5 27650.6 24940.9 14639.8 12502.8 9750.52 5903.75 5297.4 4691.24 4435.56 4425.57 4280.5 3864.04 3816.18 3507.49 3475.09 3029.7 3028.07 2890.82 2827.6 2809.91 2797.47 2577.21 2389.35 2288.13 2032.02 1873.82 1818.46 1775.86 1766.19 1747.72 1724.68 1690.62 1674.92 1663.94 1663.11 1596.08 2437.62 1812.39 1549.89 1632.42 1546.89 1524.2 1520.65 1507.05 1474.17 1461.53 1446.9 1440.93 1434.67 1428.72 1373.53 1358.87 1351.63 1626.8 1747.59 1350.91 1331.67 1251.75
threshold=12.000000000000005 204.33085714285716 100.57500000000002 296.98000000000008 1531.5000000000002 1.2745587471748807 4.5000000000000009 72.980000000000018 421.07000000000005 30.365454545454543 12532.460000000003 1.5000000000000002 317.70000000000005 1008.5400000000001 363.06000000000012 1508.9400000000003 17.47666666666667 40.803000000000004 8.5000000000000018 475.72000000000008 13.470000000000002 41.500000000000007 15.500000000000002 581.28333333333342 207.35250000000005 2763.6300000000001 13.500000000000002 1108.4800000000002 10.835000000000003 1.0000000180025095e-35 9.5000000000000018 18.000000000000004 6.5000000000000009 943.75000000000011 157.77000000000007 71.175000000000026 499.93000000000006 25.500000000000004 14.445000000000002 4.5000000000000009 3060.7100000000005 17.47666666666667 2.5000000000000004 49.610000000000007 8.5000000000000018 100.50000000000001 1.0000000180025095e-35 103.71500000000002 100.50000000000001 inf 2.6904761904761911 40.803000000000004 18.000000000000004 9.5000000000000018 18.500000000000004 207.50000000000003 7.166666666666667 1108.4800000000002 273.67500000000007 0 1 18.000000000000004
decision_type=10 10 10 10 10 8 8 10 10 10 10 2 10 8 8 10 10 10 2 8 10 2 2 10 10 10 2 10 10 10 2 2 2 10 10 8 10 2 10 2 10 10 2 10 10 2 8 8 2 8 10 10 2 2 2 2 10 10 10 9 9 2
left_child=2 3 5 9 12 16 8 13 22 19 47 -8 27 26 17 38 49 59 -19 51 34 -12 24 30 -4 29 61 52 55 -10 -13 -22 -18 -26 -11 -30 -28 -21 -9 40 41 -16 -33 -44 53 -14 -20 -6 -17 -1 -31 -2 -3 -34 -36 -15 -25 -58 -59 -7 -39 -5
right_child=1 4 6 7 10 14 11 15 25 20 21 23 45 28 39 48 32 18 46 37 31 -23 -24 56 33 -27 36 -29 35 50 -32 42 44 -35 54 -37 -38 60 -40 -41 -42 -43 43 -45 -46 -47 -48 -49 -50 -51 -52 -53 -54 -55 -56 -57 57 58 -60 -61 -62 -63
leaf_value=-0.05935343945692409 -0.037442932532464474 -0.010654002611397166 -0.02037521016789794 -0.012509985279106463 0.023071354539960131 0.036871406458998258 -0.054536963169567174 0.0086470200257113689 -0.054568514835477047 -0.016866660791051039 0.061357798308686998 -0.014112051608273181 0.038771458999075165 0.011481574198450986 -0.031852587294360156 0.028538493169479588 -0.056358054156689999 -0.017828269965640995 -0.039981954887498859 -0.033001248511051448 -0.019264962047122886 0.045413827663876874 -0.023746936881129204 -0.0076257210083413157 -0.0080996852544804009 0.016870659752395926 -0.004363800927815048 0.027208047597405343 0.0072489020551185692 -0.00033495526232470065 -0.034287890222882672 0.020158210192446461 -0.024455926060268054 0.030263680126657023 -0.0016505943308310514 0.015035447094073746 0.0049349148578357368 -0.024268978754231063 0.016281222748758407 -0.028978739552616498 0.02389978508774257 -0.0042165396790898044 -0.030654057331521285 0.0036360601465342131 -0.051159134539797396 0.029932939478024473 -0.027564970354761461 0.042465283728420483 0.019362805412682604 -0.046201544268932651 -0.011627214348546695 -0.018101611786576335 0.019259636389528306 -0.042554486077173242 -0.023636691580662134 -0.057696468378863559 -0.060385527285866138 -0.052197939140379512 0.023748721293678068 -0.046689926947446232 -0.00146284991334146 0.0085009119903916991
leaf_weight=84118.821511983871 5377.2649502754211 2036.3217895030975 31573.037063598633 3653.0034756660461 5425.0900826454163 234.01135635375977 7744.3672246932983 59826.09709239006 856.68344306945801 18233.049601197243 37999.919610977173 6699.7818211317062 37609.369860887527 577.62186312675476 7004.1602039337158 29472.722290039062 15738.120079040527 14748.629395484924 46019.088328480721 2657.2296214103699 4106.4160932302475 22021.686834335327 40677.04653263092 12325.630239963531 44486.413943052292 8708.248046875 62281.965178966522 87370.367431640625 62710.980229616165 69865.582020878792 29919.135789036751 6881.7283093929291 7508.6384558677673 1502.9139988422394 35155.426518678665 75029.799616575241 38333.2822265625 3540.2751207351685 84106.009662628174 32711.073171615601 1743.6813759803772 4969.4920172691345 1755.8623270988464 53214.685379743576 16058.481910705566 65676.767578125 16397.941417574883 51922.405034542084 78853.991577148438 11827.0078125 17351.283089518547 38540.159358978271 54888.00146484375 18570.943636417389 3862.331282377243 872.29457902908325 1452.6828246116638 644.92591857910156 871.58493804931641 37189.43664932251 26886.398341178894 70357.574249267578
leaf_count=59245 2233 315 10132 805 359 35 4853 7538 497 4957 386 2206 1684 78 2962 2061 10292 5460 23140 912 1036 695 13408 3143 11188 1077 11577 5954 8389 12598 13175 797 3434 169 6904 8107 5517 1126 8833 13384 297 1418 503 8760 10396 3913 6572 1884 6997 7016 3972 11487 5000 10376 1065 291 786 305 142 20586 6090 10057
internal_value=-2.88428e-05 0.0153745 -0.0295865 0.006386 0.0342476 -0.0433713 -0.0137862 0.0110647 -0.00952999 -0.00684241 0.0482399 -0.0291262 0.0276142 0.00640104 -0.0337425 0.0168663 -0.0534501 -0.0373751 -0.0331098 -0.0144449 -0.00209104 0.0555089 -0.016273 -0.0253345 -0.0123531 -0.00129189 0.00269023 0.0236503 0.0110565 -0.00308788 -0.030597 0.00302086 -0.0463497 -0.00684535 -0.00798041 0.0114904 -0.000821081 -0.00644577 0.0131081 -0.0247763 -0.0147535 -0.020384 0.00450071 0.00254023 -0.0426104 0.0331516 -0.0367203 0.040631 0.0218595 -0.0577327 -0.00258159 -0.0204706 0.0181894 -0.0373448 -0.00382753 -0.0301482 -0.0127338 -0.0339286 -0.0085622 -0.0461691 -0.00412561 0.0074637
internal_weight=1.72075e+06 1.13124e+06 589519 766286 364950 314840 274679 566075 215021 200211 117369 59658.1 247581 313817 161018 252259 153822 114589 77165.7 77001.3 123209 60021.6 118239 51913.7 77562.4 96781.8 174626 144295 139191 88073.5 36618.9 65958.7 57876.2 45989.3 57250.8 137741 100615 33083.9 143932 46428.4 13717.3 11973.7 61852.3 54970.5 42138.1 103286 62417 57347.5 108327 95945.8 87216.9 43917.4 56924.3 26079.6 39017.8 1449.92 15294.8 2969.19 1516.51 37423.4 30426.7 74010.6
internal_count=388574 136310 252264 116120 20190 174613 77651 70250 53041 45870 3324 24610 16866 44821 73854 25429 100759 55793 35172 21848 24022 1081 34897 19757 21489 18144 27956 11269 16865 17067 15381 11096 34498 11357 12926 16496 17094 8128 16371 18061 4677 4380 10060 9263 24206 5597 29712 2243 9058 66261 16570 13720 5315 13810 7969 369 4376 1233 447 20621 7216 10862
cat_boundaries=0 1 2
cat_threshold=4 75840
is_linear=0
shrinkage=0.035


Tree=26
num_leaves=63
num_cat=3
split_feature=6 25 0 2 24 4 24 4 0 5 27 2 2 9 4 25 44 47 24 1 13 48 8 47 23 41 22 35 26 16 25 17 45 25 2 17 46 42 16 26 47 18 46 2 49 48 25 16 17 48 22 26 18 48 46 17 31 13 47 4 23 19
split_gain=600727 136320 108671 35055 24782.4 22220.9 19866.5 12416.2 9639.99 8995.89 8603.27 7576.35 6421.56 4449.58 4135.87 3738.32 3525.36 3476.24 3264.34 3193.41 2882.02 2648.39 2725.84 2618.58 2532.3 2503.07 2385.18 2354.1 2148.79 2140.29 2046.72 2045.3 2036.55 2015.17 1984.68 1819.88 1781.02 1760.69 1744.23 2037.03 1713.5 1710.25 1702.02 1696.26 1610.68 1597.35 1596.31 1568.14 1560.9 1556.84 1536.11 1577.71 1532.66 1519.35 1569.71 1513.1 1500.78 1427.74 1399.5 1381.97 1377.86 1293.64
threshold=24.733500000000003 250.53000000000006 57.275000000000013 717.93000000000018 1.5000000000000002 864.75000000000011 4.5000000000000009 8.2950000000000035 271.53000000000003 94.67333333333336 25.745000000000005 271.84500000000008 139.26000000000002 778.28000000000009 5.1250000000000009 73.92728571428573 1383.8400000000004 inf 7.5000000000000009 2838.2150000000006 0.46410256410256417 2.5000000000000004 9.5000000000000018 304.35000000000008 0.68301270189221941 inf 1.0000000180025095e-35 16.500000000000004 223.50000000000003 0 88.546666666666695 72.40000000000002 7.166666666666667 495.03125000000006 2250.9900000000002 1.0000000180025095e-35 157.77000000000007 2.5000000000000004 1 100.50000000000001 5422.0350000000008 21462.930000000004 393.88000000000005 845.50500000000022 10.500000000000002 2.5000000000000004 6.4352777777777801 2 13109.220000000003 2.5000000000000004 41.500000000000007 192.50000000000003 10558.677000000001 10.500000000000002 98.750000000000014 13109.220000000003 1.0000000180025095e-35 0.59545454545454557 inf 25.960000000000004 0.68301270189221941 54.662142857142861
decision_type=10 10 10 10 8 10 8 10 10 10 10 10 10 10 10 10 10 8 10 8 10 2 2 8 2 8 2 2 2 9 10 10 10 10 10 10 10 2 9 2 10 10 8 10 10 2 8 9 10 2 2 2 10 2 10 8 2 10 8 10 2 10
left_child=2 3 6 7 8 13 14 12 21 17 35 18 20 34 23 31 -7 26 42 29 47 -4 -23 37 56 50 -5 36 52 -10 -14 -9 38 -15 40 -6 -22 60 -13 -40 -3 -18 46 -31 -26 -19 -12 -2 -32 -17 51 -8 -27 -52 -55 -21 59 -28 -33 -11 -1 -51
right_child=1 5 4 9 10 16 25 15 19 24 11 32 30 33 -16 49 41 45 -20 55 27 22 -24 -25 44 28 57 -29 -30 43 48 58 -34 -35 -36 -37 -38 -39 39 -41 -42 -43 -44 -45 -46 -47 -48 -49 -50 61 53 -53 -54 54 -56 -57 -58 -59 -60 -61 -62 -63
leaf_value=-0.046812642334272819 -0.015760497059515006 0.021738268906718476 -0.033562122598803389 -0.038110059384958997 -0.059666627610058982 0.038020584758431016 -0.053308224838874235 -0.01848015554783421 0.0047552561144318297 0.010966892312282549 -0.035282113002889491 -0.00086735072239633624 -0.0058995839582833406 0.029856109871200857 -0.021586398264212471 -0.0027053366434458912 0.048364635651985816 -0.0082938548688958457 -0.043685509660445737 0.014734236050277141 -0.016786946063750717 -0.0042441669381417611 -0.017696491898565231 -0.028239831594671975 0.027801631253737934 -0.033467934796906344 -0.0019792832753309664 -0.030194725545389763 -0.052901728102444548 -0.010886820827073094 0.002461176387174158 -0.00098146740810175592 -0.032876133290672446 0.038627972325790336 0.030921204159092552 -0.034928227128549288 -0.001330425455735758 -0.031420381455965048 -0.0026022583389131077 -0.020308030423921347 -0.006015451403475959 0.060103379047774165 -0.012184305453674481 0.0012147233545456173 0.0023695463575590411 0.016672912054713624 -0.023680847048793467 -0.039081320933052881 0.027441378959142459 -0.041302889471183921 -0.054832479601590281 -0.063546520387490119 0.02085133620336865 -0.041160042185100026 0.039519004823002274 -0.01119834991536872 0.010383760552171795 0.008108267178690046 0.0076909441624609005 0.020580767631849555 -0.03304654026740398 0.012223010988547198
leaf_weight=46865.856263160706 5785.0511852502823 60870.025372028351 9060.1947689056396 1479.5779495239258 9739.7922477722168 19392.099627971649 31650.186569213867 6321.0244859457016 27176.316980361938 21834.704023122787 24749.16065454483 14578.851152420044 58212.23388671875 67124.81005859375 23174.016787528992 10016.0712890625 26484.267822265625 3286.0836181640625 16450.466044425964 19737.00316619873 17550.935637950897 26274.198142051697 61982.878029823303 25239.55265212059 49896.122337341309 7147.3716659545898 20300.003043889999 7562.8049986362457 10402.070236206055 43619.501913070679 27142.750854492188 65317.208068847656 5887.9734878540039 61507.64453125 34480.3046875 5828.5336132049561 19038.010233163834 17147.186526894569 11278.264783859253 27054.252090454102 2852.38916015625 35814.544677734375 9050.4365320205688 21028.93196105957 3249.4318618774414 69940.791381835938 35217.337441921234 9265.0759859085083 3453.2088623046875 555.78372192382812 26663.230794906616 44357.473541259766 697.83153533935547 9337.8269882202148 304.31009674072266 3202.8059158325195 30017.523409843445 112085.83542656898 35012.52099609375 113793.33808064461 11011.31298828125 85291.533660888672
leaf_count=26650 1828 5168 3404 622 6404 782 21578 1572 4687 2390 11285 3248 12080 4053 8455 1633 690 569 9306 2574 5195 6489 19428 10812 3513 3699 3341 2704 6810 10170 4308 11853 2529 2636 2026 2663 3924 7907 2523 7872 447 400 2791 3468 387 7494 13364 3811 339 167 18412 33105 170 5732 48 664 3196 14498 5307 9699 5527 10168
internal_value=-2.91131e-05 0.0157237 -0.0273343 0.0079029 -0.0152822 0.0354045 -0.0449814 -0.000294666 -0.00743879 0.0146499 -0.0256893 -0.0230215 -0.00799988 0.0297675 -0.0349139 0.0053368 0.0510567 0.00942133 -0.0296743 -0.000567359 -0.0169287 -0.0155421 -0.0136918 -0.0379941 0.0195988 -0.0544992 0.00606742 -0.0124196 -0.0424703 -0.00348552 -0.00204754 0.000828372 -0.0133511 0.0340508 0.0241566 -0.0504078 -0.00874484 -0.0412751 -0.0111778 -0.0150949 0.0204959 0.0551139 -0.0263341 -0.00694938 0.0262467 0.0155524 -0.0284694 -0.0301552 0.00528137 0.0103525 -0.0564532 -0.059284 -0.0286342 -0.0505252 -0.0386099 0.0111133 0.0174658 0.00656144 0.00204503 0.0190331 -0.0441942 0.011876
internal_weight=1.71085e+06 1.08493e+06 625915 776408 371917 308526 253998 350524 212082 425883 159835 144267 148010 226835 123438 202514 81690.9 207092 85467.4 114765 59201.9 97317.3 88257.1 100264 218791 130560 133865 44151.8 18247.3 91824.8 88808.2 106651 58799.3 128632 98202.7 15568.3 36588.9 75024.4 52911.4 38332.5 63722.4 62298.8 69016.9 64648.4 53145.6 73226.9 59966.5 15050.1 30596 95863.4 112313 76007.7 7845.2 36305.4 9642.14 22939.8 165646 132386 100330 135628 57877.2 85847.3
internal_count=388574 126800 261774 110598 112869 16202 148905 64889 50884 45709 61985 52918 34189 14330 59351 30700 1872 26524 36746 21563 17462 29321 25917 50896 19185 89554 18461 11823 10679 18325 16727 18732 16172 6689 7641 9067 9119 40084 13643 10395 5615 1090 27440 13638 3900 8063 24649 5639 4647 11968 78875 54683 3869 24192 5780 3238 15285 17839 17160 12089 32177 10335
cat_boundaries=0 1 2 3
cat_threshold=136201 134152 198681
is_linear=0
shrinkage=0.035


Tree=27
num_leaves=63
num_cat=2
split_feature=5 25 2 2 50 5 24 25 0 0 32 16 25 40 2 2 47 23 16 35 17 18 22 2 47 29 2 25 14 14 24 2 8 35 48 46 26 8 19 25 8 46 15 42 48 50 48 26 47 48 35 17 41 34 47 19 35 29 1 19 46 26
split_gain=564877 140298 97308.3 33730.1 27091.3 26538.6 12876.6 11893.3 6033.5 5351.27 5280.41 4934.26 4677.34 4222.42 4151.32 4003.3 3932.56 3074.44 3020.96 2774.09 2612.55 2590.52 2560.34 2461.42 2410.26 2330.64 2320.89 2250.42 2199.97 2197.65 2191.04 2184.75 2027.86 1982.19 1970.44 1953.96 1872.45 1869.93 2231.27 1815.4 1806.26 1856.85 1766.78 1751.49 1719.43 1700.95 1677.28 1890.42 1638.19 1598.49 1586.18 1547.24 1532.76 1519.53 1404.64 1400.33 1534.63 1382.53 1353.65 1329.12 1316.07 1275.57
threshold=12.000000000000005 204.33085714285716 105.37000000000002 271.84500000000008 1.2745587471748807 599.18666666666684 4.5000000000000009 67.683750000000018 531.03000000000009 17.47666666666667 135.61000000000004 0 30.365454545454543 23.108333333333338 1508.9400000000003 1918.6700000000003 inf 0.68301270189221941 1 17.500000000000004 1.0000000180025095e-35 21462.930000000004 6.5000000000000009 421.07000000000005 475.72000000000008 358.00000000000006 25.425000000000004 8.5606250000000035 19.500000000000004 19.500000000000004 1.0000000180025095e-35 2763.6300000000001 6.5000000000000009 9.5000000000000018 2.5000000000000004 53.660000000000004 100.50000000000001 11.500000000000002 65.967857142857142 495.03125000000006 5.5000000000000009 618.93000000000018 2.2471004005897552 1.5000000000000002 11.500000000000002 16.50261796836028 2.5000000000000004 100.50000000000001 inf 2.5000000000000004 14.500000000000002 663.10000000000014 inf 2.5000000000000004 2.9250000000000007 1538.0700000000002 6.5000000000000009 69.500000000000014 1.0000000180025095e-35 40.803000000000004 157.77000000000007 253.50000000000003
decision_type=10 10 10 10 8 10 8 10 10 8 8 9 10 10 10 10 8 2 9 2 8 10 2 10 8 2 10 8 2 2 10 10 2 2 2 8 2 2 10 10 2 10 8 2 2 8 2 2 8 2 2 10 8 2 10 10 2 2 10 10 8 2
left_child=2 3 4 12 9 15 8 16 18 52 43 21 24 25 34 29 30 35 32 26 61 -7 -11 45 59 -8 -14 54 -18 -3 -5 44 -4 -24 -9 37 -17 38 -12 57 51 42 -42 -6 50 -15 -16 -48 53 -26 -22 -28 -1 -36 -20 -13 -57 -31 -30 -2 -19 -10
right_child=1 5 6 7 10 11 13 14 20 22 17 55 19 23 46 36 28 60 27 -21 31 -23 33 -25 49 -27 40 -29 58 39 -32 -33 -34 -35 48 -37 -38 -39 -40 -41 41 -43 -44 -45 -46 -47 47 -49 -50 -51 -52 -53 -54 -55 -56 56 -58 -59 -60 -61 -62 -63
leaf_value=-0.05818477546728567 -0.035780514113503234 0.0061710652289913718 0.014752745450217555 0.002953194374273522 -0.048536632078555908 0.042001775000334071 -0.064862033597705079 -0.00041483289730480106 -0.053464824233422838 -0.055051631074755379 -0.036642578678114851 0.031055126212092977 -0.013777341611738549 -0.034766021319937022 0.0047968640427895285 0.037650221695693459 -0.0080724810785576182 -0.022141396164952924 -0.017001375552657266 -0.019570475388292867 0.0037684716837633821 0.061015208724143344 -0.027019590647024232 -0.014621563282891617 -0.030543283489930812 0.035504728751688308 -0.0084506768901916867 -0.011468787011496938 0.018785222818220437 0.031830388263104678 -0.0070836537133309617 0.017819877726987524 -0.008263617099715884 -0.043365956142770015 0.0057342428567591234 -0.025315035476031797 0.027765697054229151 -0.042704039267967259 -0.018073075846629826 0.033159609465798712 -0.0016402985577250845 0.010628420207786329 -0.018808277067377047 -0.03465564239415133 0.011989845513403765 -0.0099732828705361917 0.027586147011330744 0.017657950323218798 0.016959081454393624 -0.0038484319262325605 -0.0075826932374269459 0.013990495122911732 -0.044496544560750931 0.013405620692910491 -0.032418014285540642 0.052701871107537601 0.039784647237785055 0.019416381072165822 0.0087362023233297555 -0.016994638408431999 -0.0052271878084763444 0.018749226758944141
leaf_weight=80120.249230146408 5274.9202575683594 10454.756225585938 5360.4971303939819 109007.55590820312 22264.766729354858 12276.7265625 4413.4482536315918 16612.494262695312 1599.0310528278351 16557.113697052002 21577.991518974304 14856.263488769531 14404.10692024231 21641.049557924271 9499.3529052734375 32766.512939453125 7757.1640625 26873.523456573486 14657.178183555603 10597.508230209351 24477.441032767296 30901.03125 12380.943050861359 20530.273876190186 3047.3623065948486 302.25168609619141 4680.400749206543 35449.919242858887 22361.213266134262 12643.013530731201 35261.195922851562 8357.1161956787109 37400.257546424866 34233.009799480438 57879.368591308594 45437.327199935913 82916.227294921875 23193.56932926178 12534.288190841675 17943.87744140625 42796.775516271591 12133.697963953018 8863.0988616943359 22310.363245010376 10613.10768032074 4020.5838229656219 30898.666381835938 98092.994384765625 59500.279296875 27876.752899169922 39277.202461838722 19200.702774047852 11474.90625 69749.232360839844 14313.963185310364 15129.851295471191 44288.916465759277 84164.124286651611 61822.689077615738 36816.748350143433 7131.3112602233887 368.14491152763367
leaf_count=59245 2231 1153 916 16991 13114 425 3301 2524 839 11152 10861 730 3731 10482 1136 1499 1508 10751 4410 2811 4153 303 6074 6192 1053 52 949 9497 2453 818 6977 957 9408 20293 7718 17720 5127 12168 4646 994 8317 1794 2198 10673 1590 1185 2159 8922 6063 6675 8061 2576 7016 7659 5540 312 1662 7167 8590 11085 1910 58
internal_value=-2.9391e-05 0.0144534 -0.0281125 0.00597974 -0.0403089 0.0325226 -0.0112286 0.0101461 -0.00707667 -0.0510649 -0.0311281 0.0461633 -0.00699876 -0.0268772 0.0143155 0.0258715 0.00410521 -0.0277176 -0.0125937 -0.00252712 -9.45807e-05 0.0555973 -0.0432263 -0.0236555 -0.0138992 -0.0584229 -0.000757551 -0.0173803 0.00976219 0.0215341 0.000500024 0.000853589 -0.00537675 -0.0390249 0.0111373 -0.0307369 0.0305657 -0.0350353 -0.0298201 0.0229337 0.00138161 -0.0016921 -0.00458605 -0.04159 -0.00105322 -0.0308821 0.0189911 0.0200363 0.0121628 -0.00647993 -0.00322463 0.00959213 -0.0564704 0.00992674 -0.0246192 0.0406655 0.0430746 0.021038 0.0114056 -0.0193497 -0.0185945 -0.0399477
internal_weight=1.70135e+06 1.12248e+06 578871 764134 336089 358341 242781 578442 191874 154766 181323 117453 185692 50907.6 342232 240889 236210 136748 107182 112676 84692 43177.8 63171.1 46191.9 73015.8 4715.7 102079 64421.1 91941.1 125206 144269 82724.9 42760.8 46614 203741 102743 115683 57305.8 34112.3 114751 87674.7 63793.6 51659.9 44575.1 74367.8 25661.6 138491 128992 187129 30924.1 63754.6 23881.1 91595.2 127629 28971.1 74275 59418.8 96807.1 84183.9 42091.7 34004.8 1967.18
internal_count=388574 136310 252264 116120 185623 20190 66641 72700 45429 103780 81843 3432 43420 21212 36181 16758 36519 58056 29771 22376 15658 728 37519 17859 21044 3353 19565 19447 12551 10132 23968 14761 10324 26367 23964 45395 6626 27675 15507 8979 15834 12309 10515 23787 13804 11667 12217 11081 21440 7728 12214 3525 66261 15377 9950 2704 1974 7985 11043 13316 12661 897
cat_boundaries=0 1 2
cat_threshold=4096 148488
is_linear=0
shrinkage=0.035


Tree=28
num_leaves=63
num_cat=5
split_feature=5 25 0 2 4 2 24 5 25 24 40 24 25 44 4 23 2 8 8 2 22 12 24 4 4 25 29 14 35 3 25 16 13 1 16 10 8 35 13 44 47 37 8 0 1 2 8 48 16 48 16 26 18 21 48 4 22 14 16 11 40 12
split_gain=529904 132838 93999.2 36107.1 20650.2 18088.2 18039.4 9493.84 9275.21 8113.17 7233.57 4179.83 3768.07 3617.95 3561.14 3485.01 3321.27 3203.11 3198.52 3018.99 2959.7 2945.57 2862.81 2705.55 2656.29 2533.89 2458.18 2395.17 2257.3 2187.79 2180.85 2103.77 2196.65 2047.18 2034.48 1994.43 1934.29 1832.21 1777.05 1905.71 1753.07 1746.58 1654.37 1643.72 1578.67 1536.97 1528.28 1521.79 1468.45 1407.58 1399.65 1389.2 1384.2 1380.4 1362.17 1312.23 1302.69 1200.6 1191.98 1175.15 1161.66 1158.02
threshold=12.000000000000005 250.53000000000006 63.158333333333339 557.46000000000015 864.75000000000011 271.84500000000008 4.5000000000000009 94.67333333333336 48.873863636363645 4.5000000000000009 1.0000000180025095e-35 6.5000000000000009 495.03125000000006 1383.8400000000004 1.0000000180025095e-35 0.68301270189221941 1508.9400000000003 4.5000000000000009 13.500000000000002 186.06000000000003 3.5000000000000004 24.41833333333334 7.5000000000000009 49.340000000000011 152.89000000000001 48.873863636363645 358.00000000000006 19.500000000000004 17.500000000000004 41.500000000000007 172.91833333333335 0 0.34057971014492755 394.96000000000009 1 352.56500000000005 11.500000000000002 5.5000000000000009 0.48913043478260876 291.90000000000009 522.18000000000018 20668.500000000007 7.5000000000000009 203.97000000000006 inf 2763.6300000000001 4.5000000000000009 11.500000000000002 2 11.500000000000002 3 100.50000000000001 3865.5475000000001 110.67000000000002 2.5000000000000004 1.0000000180025095e-35 41.500000000000007 18.000000000000004 4 17.505000000000006 397.6733333333334 63.915000000000013
decision_type=10 10 10 10 10 10 8 10 10 8 10 10 10 10 10 2 10 2 2 10 2 10 10 10 10 10 2 2 2 2 10 9 8 8 9 10 2 2 8 10 8 8 2 10 8 10 2 2 9 2 9 2 10 10 2 8 2 2 9 10 10 10
left_child=2 3 6 8 12 9 17 15 14 18 26 16 23 -6 33 25 31 35 34 28 -11 50 30 -3 -9 -5 -7 -16 -10 -15 41 -12 -33 61 38 48 -23 -22 39 -4 -29 -8 -34 59 -17 -25 -21 -48 -1 -27 -19 -26 -44 -14 -40 -38 -24 -54 -43 -20 -18 -2
right_child=1 4 5 7 13 10 22 24 19 20 11 -13 53 29 27 44 60 21 43 46 37 36 56 45 51 49 -28 40 -30 -31 -32 32 42 -35 -36 -37 55 -39 54 -41 -42 58 52 -45 -46 -47 47 -49 -50 -51 -52 -53 57 -55 -56 -57 -58 -59 -60 -61 -62 -63
leaf_value=-0.012963708448217266 -0.0324874723620934 0.015603984997237119 -0.023063022858380522 0.00056658652601360192 0.036148824233346033 -0.061209317972996877 -0.048685044047456431 0.014021807854319968 -0.00116838792983392 -0.057170796390401193 0.0027480643457262048 -0.025009591195142952 0.027037782949973225 0.058798210585157107 -0.020333857242215564 0.012331217912925824 -0.020217382532800865 0.037281600582083435 -0.040257857811723752 0.019413764242702979 -0.0022386584897988336 -0.025705561004440207 -0.059893476190447034 0.024137734479285248 0.028074427666674815 0.007142582452607891 0.049799566096801556 -0.0078278728846850869 -0.02808001450407244 0.044900031291187491 0.012580468937312012 -0.018005352256462603 0.012964082994057236 -0.0068620579217632451 -0.031541835075478065 0.0098644991734053999 -0.041470521408948441 -0.034217421617418128 -0.026977031554799316 0.0067890426589067394 0.0015585474289695649 0.00015999520778186879 -0.011219462358883145 -0.017275791433383775 0.026111769579065594 0.032507773537011724 0.003863888080520188 0.016889494484919557 -0.033157162339263649 0.017513492710623819 -0.045779196027611241 0.019255998639238638 -0.034309960501646107 0.037556642905558428 -0.0045844103605225178 -0.026866658130382026 -0.0501707202482762 0.0012363000165138192 -0.04261291998164541 -0.025522318498713906 0.009698908566539325 -0.017285378627881265
leaf_weight=7484.0632525682449 8122.0018680095673 29100.534625291824 19685.14163184166 74166.761833190918 19009.849689006805 3608.1653022766113 48656.074039459229 120312.11418890953 48745.943583011627 6890.1428728103638 25662.799411773682 12096.696237564087 20945.102233886719 37744.377456665039 10714.815863847733 53849.60400390625 1700.5718841552734 245.80373764038086 9318.339367389679 10798.8015666008 2349.7321720123291 30813.921837329865 52463.543943405151 65080.01802945137 28895.475113153458 99391.450866699219 261.37784957885742 46455.471558094025 4141.5612998008728 21975.747543334961 762.27556228637695 22793.378200054169 5491.828337430954 20156.554906845093 6778.1460213661194 2261.3688468933105 27746.705111503601 33308.852880477905 3680.4321963787079 3021.3116912841797 51278.673583507538 1553.0024490356445 38284.707894086838 21469.663850307465 12559.0634765625 45809.84375 85357.537353992462 12609.864204406738 10902.474524497986 19114.61962890625 31357.514336585999 90270.083251953125 1224.5822057723999 56673.475891113281 34651.804458618164 10359.530735015869 24962.732070922852 23158.351211547852 1641.92333984375 23020.049312591553 24264.606163024902 25153.222942352295
leaf_count=2749 3341 2693 7288 11855 782 2598 32052 12005 9210 4673 4960 4672 1262 457 3111 6322 412 38 4448 1087 724 13488 40759 4606 1946 12776 24 11207 1264 633 193 6487 830 4694 2762 468 15117 16719 1286 637 9867 510 8813 6685 1062 2390 12709 1485 5263 2012 18437 7657 374 2443 9004 4452 17771 4437 902 8722 3510 7434
internal_value=-2.94833e-05 0.0140001 -0.0273692 0.0067581 0.0340906 -0.0148721 -0.0434236 0.012667 -0.00234736 -0.023015 -0.00644019 -0.00525755 0.028533 0.0494511 -0.00826928 0.00802343 -0.00358161 -0.0337068 -0.0184128 0.0035829 -0.0361697 -0.036286 -0.0524774 0.0251031 0.0176906 0.00564022 -0.0537 -0.00462543 -0.0032763 0.0536848 -0.0461748 -0.00610222 -0.00859874 -0.0156649 -0.0133567 -0.0211491 -0.0322278 -0.0321103 -0.0113298 -0.0190908 -0.00290309 -0.0470388 -0.00545409 -0.0247849 0.0149377 0.0275958 0.00691819 0.00554063 -0.0249638 0.00881551 -0.0451347 0.0213945 -0.00706833 0.0347186 -0.00673506 -0.0375011 -0.0567595 -0.000550271 -0.021961 -0.0297695 0.00773886 -0.0209969
internal_weight=1.69236e+06 1.11843e+06 573932 822094 296339 322721 251211 498559 323534 164174 158547 154678 217609 78730 161881 259081 142581 121171 121625 161654 42548.7 100523 130040 139990 239478 192673 3869.54 108449 52887.5 59720.1 52613.3 116616 90952.8 53431.8 67816.8 20647.9 68920.2 35658.6 61038.7 22706.5 97734.1 51851 68159.5 53808.1 66408.7 110890 108766 97967.4 18386.5 118506 31603.3 119166 62667.6 77618.6 38332.2 38106.2 77426.3 24382.9 3194.93 32338.4 25965.2 33275.2
internal_count=388574 136310 252264 121044 15266 100065 152199 55635 65409 62948 37117 34495 13394 1872 39654 34027 29823 60012 40832 25755 22116 51532 92187 9689 21608 26643 2622 24185 10474 1090 33657 25901 20941 15469 20977 8480 33057 17443 18215 7925 21074 33464 14454 19855 7384 6996 15281 14194 8012 14788 18475 9603 13624 3705 10290 19569 58530 4811 1412 13170 3922 10775
cat_boundaries=0 1 2 3 4 5
cat_threshold=132104 154889 151569 4 149632
is_linear=0
shrinkage=0.035


Tree=29
num_leaves=63
num_cat=3
split_feature=6 6 0 4 4 24 24 0 22 0 0 0 9 24 44 24 8 17 23 6 41 19 3 45 26 26 27 3 1 14 19 35 17 23 14 6 6 14 35 29 23 32 22 26 35 46 6 18 16 35 0 17 18 4 16 26 16 29 14 47 41 4
split_gain=497437 116011 96811.3 25648.1 23052 21167.8 19775.4 12884.9 8250.8 7955.17 6115.27 5755.54 4567.26 4044.2 3775.89 3269.94 2956.84 2913.35 2842.67 2660.93 2628.83 2568.83 2239.78 2235.97 2222.99 2194.15 2174.34 2165.37 2156.95 2148.06 2139.17 2556.46 2054.33 2022.13 2014.28 1991.69 1970.39 1929.7 2157.01 1797.44 2097.41 1858.87 1752.7 1894.42 1736 1717.27 1701.47 1559.23 1539.02 1466.46 1617.08 1555.27 1460.12 1447.48 1423.05 1407.86 1370.2 1341.61 1339.21 1300.23 1289.85 1286.5
threshold=24.733500000000003 221.25000000000003 57.275000000000013 45.215000000000011 864.75000000000011 1.5000000000000002 4.5000000000000009 485.49000000000007 1.0000000180025095e-35 485.49000000000007 366.38000000000005 915.69666666666672 778.28000000000009 1.5000000000000002 1383.8400000000004 1.5000000000000002 9.5000000000000018 1.0000000180025095e-35 0.68301270189221941 3.3300000000000018 inf 133.66476190476195 41.500000000000007 7.166666666666667 100.50000000000001 223.50000000000003 10.835000000000003 22.500000000000004 2838.2150000000006 19.500000000000004 174.97285714285718 6.5000000000000009 194.56500000000003 0.68301270189221941 18.000000000000004 535.87500000000011 5.3420000000000014 18.000000000000004 10.500000000000002 69.500000000000014 0.68301270189221941 149.23500000000004 41.500000000000007 177.00000000000003 9.5000000000000018 785.34000000000026 128.65950000000004 9413.0104166666697 0 6.5000000000000009 183.15000000000001 322.68000000000001 10558.677000000001 72.980000000000018 1 11.000000000000002 2 192.00000000000003 19.500000000000004 1033.0800000000002 3416.6700000000001 4.3500000000000005
decision_type=10 10 10 10 10 8 8 10 2 10 10 10 10 10 10 10 2 8 2 8 8 10 2 10 2 2 10 2 8 2 10 2 10 2 2 10 10 2 2 2 2 10 2 2 2 8 10 10 9 2 10 10 10 10 9 2 9 2 2 10 8 10
left_child=2 3 6 7 12 9 13 15 27 16 19 21 24 36 -6 49 34 26 46 44 42 -5 -16 48 47 52 -9 32 -11 -19 -17 -32 -7 60 -4 53 -1 -23 -39 -31 56 -42 43 -8 -10 -26 -13 55 -12 51 -51 -2 -22 -14 -35 -3 -41 -50 -18 -33 -15 -60
right_child=1 4 5 11 14 8 20 17 10 28 23 18 35 33 22 30 58 29 -20 -21 25 37 -24 -25 45 -27 -28 -29 -30 39 31 59 -34 54 -36 -37 -38 38 -40 40 41 -43 -44 -45 -46 -47 -48 -49 57 50 -52 -53 -54 -55 -56 -57 -58 -59 61 -61 -62 -63
leaf_value=-0.032324123121031181 -0.025125084830263444 -0.003014835648644357 -0.028447287550454944 -0.0066026670724712126 0.034999967036300469 -0.044587411174145108 -0.050798942123305178 -0.060172786550004548 -0.019935133215847143 -0.00089124236360682801 0.0019708927740589694 0.011430642041311147 0.017859329596996248 -0.050660488794376311 0.058149612487944202 -0.029797795811630255 -0.028265619510373121 -0.0053988324237388766 0.024092045812256643 -0.019706184748079846 -0.030502325707965107 -0.0065745705541436373 0.043962336307189112 -0.035322011965355983 0.0082620986911708348 -0.050637358111628387 0.012008737223712098 -0.067574138240890536 0.013087949035092477 0.015186419197986878 0.010890119147214349 -0.012075806440111523 0.021047757343091129 -0.011456726858989413 -0.00081694912066399125 0.036482897874828599 -0.019886664112740728 0.01583752020503534 0.0070699750429133092 0.0085460323072660653 0.01607319721765706 -0.00015507106056943188 -0.047882158194753902 -0.062405698169908902 -0.034874009859951247 0.020826512230579571 0.018777531305575731 0.041862456786070722 -0.019867989882243427 -0.014803570944984391 -0.0035833736787841222 0.0058950848561007537 0.022499053168402422 0.029806717510240707 -0.035186705660614361 0.026824165354072879 0.0010423045303887643 -0.0060847603185450946 -0.018191997553622507 -0.031235781141923057 -0.038142302043625842 -0.009738307692888408
leaf_weight=31315.691564917564 2176.7563416957855 2099.3461170196533 3572.9294242858887 12937.154430627823 19178.98064994812 5205.9320688247681 29785.731949806213 1432.3387484550476 12235.551930308342 59329.674438476562 11307.987165331841 85898.35205078125 15144.733930587769 15923.327743530273 36859.266490936279 10439.085403442383 8561.4688758850098 19272.218000411987 53361.7919921875 39758.324754714966 6952.2983770370483 8479.9489688873291 21664.913196563721 4413.51407122612 17295.68310546875 9852.2526865005493 794.19906282424927 5670.1292953491211 17511.006713867188 27307.490310192108 5205.391655921936 21910.045968770981 657.38864803314209 4615.8922653198242 33791.933731079102 49942.765625 31114.927124023438 57647.803008079529 85149.547135353088 43513.113613128662 34645.508219718933 11521.911580085754 34375.17024230957 40988.957793235779 43157.164536595345 58081.705169677734 70161.60400390625 8289.0020141601562 17128.142494797707 22183.255874633789 54128.456146240234 21798.733627319336 700.19112396240234 69248.664995193481 9605.8939895629883 25015.067611694336 94641.630133152008 17480.356917142868 42141.588428854942 5410.1305210590363 27573.946548461914 46268.585948586464
leaf_count=15622 632 230 1251 2567 805 3172 21578 738 5000 10777 2431 9494 1230 10000 459 4127 3062 3343 4084 14009 3699 1553 633 2020 1926 6810 115 4238 2228 3269 914 6187 145 1809 7801 2122 11715 6294 11276 5850 3911 1806 24192 33105 21693 4449 5965 362 5063 6034 10557 3785 170 3953 5072 1640 14565 4214 13545 1925 15133 12220
internal_value=-2.96231e-05 0.0143266 -0.0252374 0.00677573 0.0318696 -0.0139237 -0.0423936 0.000327036 -0.0236561 -0.00668737 -0.0213968 0.0132718 0.0266035 -0.0323009 0.0484812 -0.00793412 -0.011825 0.00540333 0.0171184 -0.0266157 -0.0522798 0.00836609 0.0528985 -0.0115299 0.021342 -0.039716 -0.034432 -0.0521505 0.00229457 0.0057876 -0.016013 -0.0115879 -0.0372261 -0.0389796 -0.00345973 0.0309422 -0.0261258 0.00964625 0.0106096 0.00680632 0.00556473 0.0120232 -0.0543709 -0.0575217 -0.0315746 0.0179437 0.0147338 0.0285767 -0.0092423 -0.00447288 -0.00684515 0.00307781 -0.0256505 0.0276629 -0.0275189 0.0245138 0.00340641 -0.0129029 -0.0150483 -0.015871 -0.042726 -0.013768
internal_weight=1.68383e+06 1.07284e+06 610996 750016 322820 368192 242804 376380 157014 211177 145481 373636 245117 120150 77703.2 143252 134337 233128 209422 95151 122655 164214 58524.2 50330 110781 17504.7 2226.54 11533.5 76840.7 230902 42964.7 32525.6 5863.32 57719.1 37364.9 134336 62430.6 151277 142797 211630 184322 46167.4 105150 70774.7 55392.7 75377.4 156060 35403.4 45916.5 100287 76311.7 23975.5 7652.49 84393.4 14221.8 27114.4 138155 34608.5 96971.6 27320.2 43497.3 88410.2
internal_count=388574 126800 261774 108991 17809 112869 148905 67758 61985 50884 54430 41233 15912 59351 1897 34161 37879 33597 19543 40702 89554 21690 1092 13728 8607 10679 853 7555 13005 32744 13153 9026 3317 32014 9052 7305 27337 19123 17570 29401 26132 5717 78875 54683 26693 6375 15459 2232 11708 21008 16591 4417 3869 5183 6881 1870 20415 9277 28827 8112 25133 25765
cat_boundaries=0 1 2 3
cat_threshold=134145 151701 136192
is_linear=0
shrinkage=0.035


Tree=30
num_leaves=63
num_cat=4
split_feature=0 6 6 6 24 4 2 24 0 4 4 25 22 35 47 0 23 2 0 17 16 8 18 0 8 32 45 10 14 48 48 6 23 19 16 29 45 13 14 16 23 2 18 35 46 48 27 31 35 24 25 14 37 35 18 47 48 23 22 41 16 25
split_gain=467964 135337 70205.8 33993.1 29420.1 13093.1 12076.3 10438.3 6968.66 6394.26 6199.99 6060.66 5963.07 4745.15 4502.04 3883.85 3344.6 3338.33 3153.12 3043.92 3023.67 2953.52 2691.36 2656.05 2647.65 2590.68 2534.13 2471.14 2329.11 2322.24 2298.5 2290.8 2161.51 1958.07 1882.2 1832.45 1829.9 1780.62 1763.8 1748.78 1742.93 1739.03 1723.83 1674.77 1656.67 1598.39 1557.55 1523.56 1517.83 1479.02 1427.23 1523.79 1422.67 1403.37 1374.94 1359.38 1358.52 1636.93 1340.11 1286.87 1370.81 1267
threshold=203.97000000000006 144.01800000000006 2.8800000000000012 535.87500000000011 1.5000000000000002 10.100000000000001 845.50500000000022 7.5000000000000009 37.523333333333341 45.215000000000011 864.75000000000011 48.873863636363645 1.0000000180025095e-35 6.5000000000000009 671.88000000000011 581.28333333333342 0.68301270189221941 3501.3600000000006 26.460000000000004 1.0000000180025095e-35 0 13.500000000000002 10558.677000000001 17.47666666666667 2.5000000000000004 1.6350000000000002 4.1000000000000005 1299.4800000000002 18.000000000000004 11.500000000000002 2.5000000000000004 42.844000000000015 0.68301270189221941 40.803000000000004 1 358.00000000000006 7.166666666666667 0.39565217391304358 19.500000000000004 2 0.68301270189221941 1108.4800000000002 7972.6575000000003 11.500000000000002 1122.6400000000001 9.5000000000000018 331.47000000000008 1.0000000180025095e-35 5.5000000000000009 1.5000000000000002 88.546666666666695 19.500000000000004 7268.9399999999996 11.500000000000002 21462.930000000004 938.61000000000013 10.500000000000002 0.68301270189221941 1.5000000000000002 inf 3 20.210259740259747
decision_type=10 10 8 10 8 10 10 10 10 10 10 10 2 2 8 10 2 10 10 8 9 2 10 10 2 10 10 10 2 2 2 10 2 10 9 2 10 10 2 9 2 10 10 2 10 2 10 2 2 10 8 2 10 2 10 8 2 2 2 8 9 10
left_child=2 4 7 9 6 8 11 14 27 29 -5 21 19 22 23 26 31 28 -9 35 54 38 -10 -1 -7 -18 56 37 -11 -3 -13 -8 45 -26 49 39 50 -4 -2 -6 -35 -38 -30 -32 -43 59 -25 -33 -48 -16 51 -17 -28 -39 -12 -29 57 -14 -20 -15 -61 -23
right_child=1 3 5 10 12 24 16 18 13 17 20 30 15 32 34 36 25 -19 58 -21 -22 61 -24 46 33 -27 52 55 42 -31 43 47 -34 40 -36 -37 41 53 -40 -41 -42 44 -44 -45 -46 -47 48 -49 -50 -51 -52 -53 -54 -55 -56 -57 -58 -59 -60 60 -62 -63
leaf_value=-0.046639647418384431 -0.015453279448925951 0.0092664777059728153 -0.042175419294287017 0.03368119078495415 0.010958403339944725 0.011955386428503736 0.0027864444910774325 -0.057544412071208778 -0.0090626004537627692 0.0037957584585249491 0.04169982771600287 -0.006632093470910724 -0.021454021901504389 -0.033550965483165274 0.0074498084033023989 -0.028939642989840302 0.019953417194487618 0.030345545747340014 -0.061898392169789714 -0.0085364325134975865 0.04229501306226803 -0.013294326651674682 0.023067668255090719 -0.045300352173487719 -0.025285705484232469 0.0018291882222003337 -0.025703947966833122 0.024563839313351668 0.020226953243362523 0.028164123175457807 0.012486427319009917 0.012703778986872648 -0.012022382868610255 -0.0098118588319080248 -0.029282467084376707 0.02492997007708761 -0.058772212914770118 -0.023673409344756906 0.0032747417972996389 -0.063410270443056749 0.0021783548996752236 0.020389789756931995 0.028948721956978455 0.0045713588028822244 -0.056293544298436846 -0.017967096801137162 -0.0074758856702364738 0.003562015799852279 -0.033889705856744591 -0.028544785273707528 0.006755021361604001 -0.004106773524009729 -0.060147147394679093 -0.038319360286275653 0.060483873500076391 -0.063391010035942122 -0.0025699240651892931 -0.0063899334529471672 -0.040108177992871683 -0.010851863825115866 -0.02937014300568554 -0.0046033207900839463
leaf_weight=47410.785187005997 6805.6510705947876 64013.064864873886 19917.484488844872 60640.223393440247 421.07541012763977 9265.7238832712173 56849.808227539062 60558.782245635986 22497.655632019043 9132.6048738956451 5866.2880859375 16007.665496826172 24642.483613014221 25209.693702697754 3654.1735268831253 3251.9174138307571 66017.015413284302 63121.455810546875 4052.4178771972656 2636.0011938810349 38350.636958122253 34695.353549003601 3720.9200439453125 14821.057281494141 7154.9659447669983 11317.664762496948 11217.538462638855 1335.6024985313416 142999.6291217804 9097.3851318359375 50452.801499128342 122558.69581341743 23844.022644042969 47346.515221118927 16921.25955760479 344.20542526245117 1429.8546876907349 21913.120782256126 64870.875610351562 5398.7185009717941 21637.929016113281 1031.3583393096924 34455.981290817261 93321.927504777908 517.44247627258301 31032.683685302734 2851.5414689779282 27309.635729551315 40878.010777115822 2264.0407028198242 14437.200333476067 43586.315402984619 1690.4073486328125 12644.270749688148 25874.015625 255.59902429580688 12020.114379882812 13778.055408477783 23697.027862548828 8413.0775003433228 11849.544569969177 50395.170051574707
leaf_count=32002 1715 7170 11196 2809 121 1427 8709 49006 6161 1023 181 3034 7833 10674 923 947 6191 3480 3272 821 1174 8885 527 9140 2599 1521 4542 223 11168 694 6237 13260 7469 11953 7732 73 828 9339 11536 3851 4337 201 2170 13735 264 10986 1118 3576 21586 1012 2193 9208 911 6732 240 120 2937 3456 14924 2554 4751 10117
internal_value=-2.96921e-05 0.0117773 -0.029004 0.0268198 0.00252006 -0.0170211 0.00585258 -0.0437977 -0.0223109 0.0207221 0.0418769 0.00115125 -0.0121535 -0.0177604 -0.0374425 -0.0102315 0.0110917 0.0233875 -0.0530665 -0.0400183 0.048967 -0.00373801 -0.00450199 -0.0404806 -0.00570903 0.0173011 -0.0163811 -0.0325832 0.0210335 0.0116183 0.00594824 0.00876873 -0.0212244 -0.00785882 -0.0233464 -0.0534778 -0.0041684 -0.033839 0.00149633 -0.0581187 -0.00605098 -0.0309532 0.0219206 0.00734895 -0.00524932 -0.0240921 -0.0354926 0.011038 -0.0321675 -0.00631193 -0.00286588 -0.00583147 -0.0302189 -0.0290332 0.0569956 0.0104045 -0.0128394 -0.0160522 -0.0432924 -0.0282717 -0.0217021 -0.00814716
internal_weight=1.6757e+06 1.19056e+06 485148 453551 737005 268039 600602 217109 182634 322820 130731 316549 136403 126568 128801 127603 284053 249710 88308.2 8800 70090.9 156767 26218.6 105961 85405.1 77334.7 63348.6 56066.1 186588 73110.4 159782 206718 100349 76139.4 22839.5 6164 64254.1 54474.9 71676.5 5819.79 68984.4 2978.66 177456 143775 1548.8 76505 58550.6 149868 43729.6 5918.21 61275.4 46838.2 12907.9 34557.4 31740.3 1591.2 50440.7 38420.5 27749.4 45472.3 20262.6 85090.5
internal_count=388574 156811 231763 30109 126702 91048 88516 140715 70732 25705 4404 55259 38186 43122 73513 33320 33257 17841 67202 4866 1595 32253 6688 63846 20316 7712 19679 27610 14361 7864 23006 25545 36434 18889 9667 4045 13641 27267 13251 3972 16290 1293 13338 19972 465 28965 31844 16836 22704 1935 12348 10155 5453 16071 421 343 14226 11289 18196 17979 7305 19002
cat_boundaries=0 1 2 3 4
cat_threshold=4096 148497 1040 162840
is_linear=0
shrinkage=0.035


Tree=31
num_leaves=63
num_cat=5
split_feature=0 5 6 25 24 4 25 0 4 0 40 2 25 35 2 48 35 2 25 16 8 8 24 24 23 18 26 10 8 8 48 35 16 47 10 22 14 32 4 31 4 26 45 51 18 22 19 51 14 48 4 8 2 8 16 16 26 13 25 47 48 16
split_gain=439012 127498 67841.2 33659.5 25633.4 14229.6 11005.4 8975.24 6975.62 6811.66 6522.13 5335.17 4713.28 4526.32 4398.81 4049.56 3573.07 3319.68 3168.44 3092.85 2821.09 2765.98 2749.02 2600.49 2589.99 2533.1 2131.17 1983.45 1959.13 1958.84 1933.79 1904.62 1887.52 1886.17 1855.15 1700.05 1688.85 1672.45 1642.28 1589.95 1744.62 1577.19 1547.83 1529.69 1487.24 1476.82 1474.49 1455.98 1441.64 1416.75 1453.89 1369.15 1338.29 1236.68 1388.82 1228.03 1194.95 1183.63 1174.31 1170.54 1322.54 1157.95
threshold=203.97000000000006 133.86333333333337 1.8735000000000002 495.03125000000006 1.5000000000000002 5.1250000000000009 48.873863636363645 17.47666666666667 864.75000000000011 37.523333333333341 1.0000000180025095e-35 1108.4800000000002 41.620500000000007 6.5000000000000009 845.50500000000022 2.5000000000000004 9.5000000000000018 1918.6700000000003 17.122000000000003 0 4.5000000000000009 13.500000000000002 7.5000000000000009 7.5000000000000009 0.68301270189221941 10558.677000000001 39.500000000000007 1299.4800000000002 2.5000000000000004 2.5000000000000004 2.5000000000000004 13.500000000000002 1 12.835000000000003 1.0000000180025095e-35 1.0000000180025095e-35 19.500000000000004 5829.5700000000015 30.245000000000005 1.0000000180025095e-35 1.0000000180025095e-35 100.50000000000001 2.8166666666666669 5.8654113182623968 21462.930000000004 7.5000000000000009 77.979166666666686 45.846190157811911 19.500000000000004 11.500000000000002 20.370000000000001 4.5000000000000009 607.84000000000026 5.5000000000000009 2 3 100.50000000000001 0.31698564593301443 20.210259740259747 10.125000000000002 9.5000000000000018 4
decision_type=10 10 8 10 8 10 10 8 10 10 10 10 10 2 10 2 2 10 10 9 2 2 10 10 2 10 2 10 2 2 2 2 9 10 10 2 2 8 10 2 10 2 8 10 10 2 8 8 2 2 10 2 10 2 9 9 2 10 8 10 2 9
left_child=2 4 7 11 6 9 14 22 -5 20 26 28 23 25 21 -8 35 38 -7 44 27 36 51 48 39 -11 -6 -4 -3 -20 -15 46 37 -16 -18 -9 -2 57 -17 40 -13 -26 61 55 -10 -36 -32 -37 -12 50 -30 -1 -50 -49 -55 -31 -19 -14 -23 60 -25 -22
right_child=1 3 5 8 10 18 15 16 19 13 12 24 32 30 33 17 34 56 29 -21 42 58 -24 59 41 -27 -28 -29 49 43 31 -33 -34 -35 45 47 -38 -39 -40 -41 -42 -43 -44 -45 -46 -47 -48 53 52 -51 -52 -53 -54 54 -56 -57 -58 -59 -60 -61 -62 -63
leaf_value=-0.033677754189478208 -0.015181868103409239 0.029147000618712768 -0.022866767417072189 0.032466350491515188 0.037005133904712099 -0.014994092704388791 -0.0026817112130255254 -0.05870035535259896 0.040240200896395441 -0.0099793885707708217 -0.029194905885279808 0.0082973701185486918 -0.046449016024438725 -0.038317434730568728 0.011339724881882375 0.0053295538356465987 -0.052671865584330679 0.024946868861842504 0.012964948888487964 0.041292018727087612 0.00095726327544748738 -0.012845242080209098 -0.057253787817823351 -0.044155957350348808 0.032166993749790151 0.0216484363848451 -0.058680517224016349 0.030045355872730033 0.002467896466548926 0.0037862684431437441 -0.026803013874633977 -0.026707244187641255 0.0065605292907845395 0.0010442965486981352 -0.047572012573136549 -0.027253915236432929 0.0031924123180249843 -0.0012999991710546121 0.011171588573426147 0.012768262793798968 0.023300922062387933 0.017062524276078433 -0.045810807521827639 -0.0016100693819041812 0.059900980263928656 -0.034430420499124335 -0.013082361197798101 0.014363174665683955 -0.015457074466066801 0.023699630058139839 0.012837590301322655 -0.048666786767321939 -0.0052245175833885498 0.030515849537074091 -0.034400658283576996 -0.020457565070662351 0.014685120871433328 -0.013021404967767413 -0.0044700625909506889 -0.037059584561686842 0.044437889042319711 -0.033858594978600845
leaf_weight=9487.7129061222076 6767.2598826885223 8450.4979858398438 13870.192270636559 73290.698235988617 305.10160779953003 41505.209149003029 30005.351135253906 1742.8159580230713 5808.5087890625 21057.290210843086 6055.0358431339264 10346.63609957695 1459.5960385799408 8236.9572867155075 43611.66597366333 96798.377235651016 13146.957557678223 19416.510314941406 8580.8934273719788 38887.824224948883 1226.266387462616 34652.333533287048 53425.3716340065 361.13268733024597 44215.601318359375 3636.997314453125 4227.6205196380615 924.93045043945312 22650.961293697357 3333.9678497314453 12587.859610199928 36854.396707415581 20438.912288665771 43582.307415008545 14365.804915308952 18582.298747777939 64759.969970703125 24889.583709716797 150752.25594305992 27451.150359153748 115396.91422486305 10479.48388671875 16287.51589345932 41954.840129494667 25205.859375 38786.145922780037 40364.059173107147 2119.4219145774841 38924.894170761108 10473.669425964355 61627.948687076569 35207.7331199646 26195.474262237549 494.46457242965698 2053.8946144580841 11031.262407183647 48963.589416503906 11646.666507959366 50246.70688700676 8036.5368981361389 479.05330514907837 30162.80948638916
leaf_count=5526 1713 561 5980 3498 50 13795 4954 1318 186 5947 2116 1035 615 3797 5442 14237 9667 1437 1221 1214 413 8885 44515 193 2383 526 3234 99 2964 580 5390 15116 3517 6837 9635 9508 11514 4746 17369 2438 8112 815 10001 8895 241 21818 12908 538 12108 844 6036 24892 5818 86 1037 2879 4736 2876 10093 3938 56 15676
internal_value=-2.97695e-05 0.0114018 -0.0282355 0.0259692 0.0023683 -0.0176421 0.00559294 -0.0445445 0.0400116 -0.0235023 -0.0109243 0.0195055 -0.00957183 -0.0187133 -0.00010542 0.00960591 -0.036645 0.0107729 -0.00744187 0.047922 -0.0329107 -0.00361671 -0.0518938 -0.0150884 0.022735 -0.00532053 -0.0522331 -0.0195571 0.013 -0.00261195 -0.0220865 -0.0205974 -0.00201431 0.00619381 -0.0408966 -0.0253655 0.00145382 -0.00662696 0.00888724 0.0204004 0.0220665 0.0292734 -0.0370541 -0.00498543 0.0562021 -0.0379831 -0.0163445 -0.0228643 -0.0128603 0.0115596 0.0100507 -0.0454858 -0.011341 -0.0053875 -0.021813 -0.0148426 0.0175993 -0.0167474 -0.00788858 -0.0329505 0.00635084 -0.0325089
internal_weight=1.66789e+06 1.18686e+06 481028 454286 732576 291615 589556 189413 143193 185209 143020 311093 138487 122738 243620 345936 91291.8 315931 106406 69902.2 62471.7 156426 98120.8 80052.1 207890 24694.3 4532.72 14795.1 103203 64901 98043.3 89806.3 58434.8 87194 66298.9 24992.9 71527.2 37995.8 247551 153195 125744 54695.1 47676.6 56320.1 31014.4 53152 52951.9 23250.1 71175.4 94752.6 84278.9 44695.4 65120.4 4667.78 2548.36 14365.2 68380.1 13106.3 84899 8876.72 840.186 31389.1
internal_count=388574 156811 231763 30327 126484 103223 87217 128540 5139 75853 39267 25188 35983 43684 44484 42733 53607 37779 27370 1641 32169 32205 74933 24229 14783 6473 3284 6079 10405 13575 37211 33414 11754 12279 41120 12487 13227 8237 31606 11585 9147 3198 26090 12354 427 31453 18298 11169 20042 9844 9000 30418 17926 1661 1123 3459 6173 3491 18978 4187 249 16089
cat_boundaries=0 1 2 3 4 5
cat_threshold=4096 18689 3072 21512 65557
is_linear=0
shrinkage=0.035


Tree=32
num_leaves=63
num_cat=2
split_feature=0 9 6 4 9 4 24 0 2 12 27 8 0 25 25 23 40 3 27 8 16 25 24 48 27 10 4 23 48 16 37 32 8 29 46 8 48 23 14 8 14 1 25 24 4 17 51 19 8 14 8 45 48 2 2 17 19 47 45 29 47 40
split_gain=411723 120648 65469.4 30056.8 25832.6 13409.1 9446.62 8936.33 7484 6546.68 5802.73 5352.37 5108.32 4661.03 4494.95 3611.61 3489.06 3454.1 3324.56 3282.26 3081.42 2972.92 2810.19 2807.36 3436.96 2702.49 2593.24 2554.17 2547.47 2474.77 2382.78 2350.19 2315.73 2233.41 2225.95 2182.92 1900.1 2386.77 1856.9 2091.86 1855.16 2111.25 1781.12 1759.69 1570.72 1570.3 1532.04 1501.47 1453.73 1399.62 1396.95 1377.79 1374.97 1356.34 1334.18 1309.18 1298.63 1270.32 1259.13 1233.64 1212.5 1201.71
threshold=203.97000000000006 430.47000000000008 1.8735000000000002 8.2950000000000035 1531.5000000000002 5.1250000000000009 4.5000000000000009 17.47666666666667 1508.9400000000003 76.490000000000023 12532.460000000003 11.500000000000002 581.28333333333342 324.26583333333343 45.003750000000004 0.68301270189221941 9.6133333333333351 41.500000000000007 1.0000000180025095e-35 9.5000000000000018 0 14.401000000000005 7.5000000000000009 11.500000000000002 1.0000000180025095e-35 1299.4800000000002 67.715000000000018 0.68301270189221941 2.5000000000000004 1 2629.8000000000006 71.910000000000025 9.5000000000000018 358.00000000000006 inf 14.500000000000002 11.500000000000002 0.68301270189221941 18.000000000000004 2.5000000000000004 18.000000000000004 7.6850000000000014 88.546666666666695 7.5000000000000009 103.71500000000002 1.0000000180025095e-35 45.846190157811911 379.74000000000007 4.5000000000000009 16.500000000000004 10.500000000000002 8.2500000000000018 2.5000000000000004 115.74500000000002 2250.9900000000002 2112.6000000000004 40.803000000000004 3713.8950000000004 2.4722222222222228 283.50000000000006 10.125000000000002 1439.2766666666666
decision_type=10 10 8 10 10 10 8 8 10 10 10 2 10 10 10 2 10 2 10 2 9 10 10 2 10 10 10 2 2 9 8 8 2 2 8 2 2 2 2 2 2 10 10 10 10 10 8 10 2 2 2 8 2 10 10 10 10 8 10 2 10 10
left_child=2 3 7 6 13 9 12 22 14 15 44 25 20 26 35 31 33 -12 -9 46 52 -7 50 24 29 -11 -3 42 -16 55 -10 -4 -22 -8 -30 49 37 -34 -23 -40 -32 -42 58 -18 -6 -33 -20 -15 -17 -5 -1 -21 -2 -13 60 -14 -41 -28 -26 -49 -45 -29
right_child=1 4 5 8 10 21 16 18 30 11 17 53 23 47 28 48 43 -19 19 51 32 38 -24 -25 27 -27 57 61 34 -31 40 45 36 -35 -36 -37 -38 -39 39 56 41 -43 -44 54 -46 -47 -48 59 -50 -51 -52 -53 -54 -55 -56 -57 -58 -59 -60 -61 -62 -63
leaf_value=-0.038947323170266931 -0.029410568251591895 0.010290309369068006 -0.047429036711026246 -0.025409000122977025 0.016245654020769978 -0.015465634227894024 -0.066336982526441976 -0.056741995869579474 0.0095228037868017677 -0.010676025379405122 0.057591967395134135 -0.027775429590767887 -0.023051744027253171 -0.012429584753656013 -0.0029863370532559256 -0.0038422595540044649 -0.012741952286866145 0.03909099530334547 -0.026600923301682657 -0.034889646382233949 0.00029190602455892546 -0.023641500391752383 -0.056574781156522522 0.013509117220971728 -0.0028189865072916743 0.023342464361615703 0.017264815829138851 -0.0005254755377759264 0.0093699164293085061 -0.061730126440948531 0.0007058363607434831 -0.059121469829661433 -0.019613388275363172 0.036565408655299871 0.026169733146562981 -0.0048613420892922856 0.0011088117699806397 -0.005340489038558948 0.015425312599139479 -0.025940848924758873 0.030352000101776248 0.017425975644655305 0.0045061008806187566 0.0052406718247355842 0.036060680345685929 -0.029389942920307326 -0.0034997142588195384 0.025780462462682195 -0.024024613983999504 0.0062536844225420003 -0.051490739407273271 -0.047480161265933282 0.0039864185386314739 -0.015986172556760582 0.014478291807218678 0.040846927601896607 -0.0025517093054099461 0.02425923177993616 -0.014457887486793582 0.034626215554400153 -0.037508915028705764 0.013276172056218673
leaf_weight=24317.128617763519 1595.9250197410583 39533.495609045029 14091.307352662086 1767.4113782644272 5461.0416111946106 35438.604239344597 2776.7486000061035 8385.2688026428223 48856.759094238281 45186.606424331665 32026.94590139389 40789.166707038879 1413.8325238227844 1131.8151245117188 19649.196166992188 6221.1735992431641 24723.886105060577 20150.96132516861 16874.943395137787 46824.596149563789 18768.585142493248 4985.9840469360352 52196.158708572388 20888.94580078125 62384.003109574318 3053.0990295410156 67773.920894861221 11371.566317558289 192871.43383789062 1858.8670616149902 6314.3268737792969 2298.3309969902039 48868.211134672165 284.24520111083984 10170.35205078125 51679.302219390869 9714.0930328369141 20321.482574462891 7882.5411698818207 3069.5907599925995 19988.594367980957 68647.983726501465 35943.360847473145 896.5659636259079 47951.746474742889 40993.435161590576 4442.8656539916992 73656.253924369812 14710.787094116211 51996.182098388672 19717.504423141479 13794.5906509161 27785.699829101562 16917.971519470215 766.31291580200195 542.74628782272339 54920.308393001556 59970.33984375 13927.731838583946 26194.608197212219 8668.9240108728409 24118.797134399414
leaf_count=15670 492 4214 8642 492 371 12107 2473 6595 5243 13571 386 17607 468 134 3243 1958 7901 695 8691 27048 3718 1537 44515 2756 11233 389 5715 1892 23293 962 789 1471 14126 48 759 10141 2042 4606 1044 994 1264 6153 4855 267 1879 19917 1548 4408 6753 8260 14748 9725 5369 5545 164 40 11688 4083 3265 1207 4309 3096
internal_value=-2.9708e-05 0.0110363 -0.0274774 0.00344202 0.0274813 -0.0170886 -0.00453138 -0.0436579 0.00914608 -0.0227993 0.0421459 -0.017127 -0.00244279 0.021709 0.00622824 -0.0304727 -0.0209422 0.0504478 -0.0357501 -0.0336012 -0.00776804 -0.00718909 -0.0510797 0.00148067 -0.000177236 -0.00852255 0.0181243 0.000669857 0.00904702 -0.0329708 0.0158038 -0.0350123 -0.0107569 -0.0567726 0.0102115 0.000275073 -0.0133864 -0.0154215 -0.00304957 -0.0014906 0.0190355 0.0203413 -0.0019177 -0.017812 0.0340351 -0.0309697 -0.0217868 0.027647 -0.0180267 0.00521236 -0.044565 -0.0377555 0.00217071 -0.0243195 -0.0299421 -0.00528771 -0.0037902 0.0205486 -0.00494338 0.0281014 -0.0335019 0.00885406
internal_weight=1.66053e+06 1.18341e+06 477112 809562 373851 290559 337621 186553 471942 184262 105591 105947 299504 268260 328134 78315 38116.7 52177.9 90322.3 81937 127054 106297 96230.8 172450 151561 48239.7 167278 147745 222691 3815.45 143808 57383.1 97672.4 3060.99 203042 105443 78903.8 69189.7 70858.4 65872.4 94950.9 88636.6 112255 35055.7 53412.8 43291.8 21317.8 100983 20932 53763.6 44034.6 60619.2 29381.6 57707.1 10331.8 1956.58 57989.9 127744 76311.7 99850.9 9565.49 35490.4
internal_count=388574 156811 231763 133719 23092 103223 74082 128540 59637 75853 3331 37112 58920 19761 46188 38741 15162 1081 53607 47012 30353 27370 74933 28567 25811 13960 14012 24341 27295 1470 13449 30030 24492 2521 24052 18893 20774 18732 15263 13726 8206 7417 19353 12641 2250 21388 10239 5749 8711 8752 30418 36773 5861 23152 4740 508 12682 9798 14498 5615 4576 4988
cat_boundaries=0 1 2
cat_threshold=132121 7176
is_linear=0
shrinkage=0.035


Tree=33
num_leaves=63
num_cat=4
split_feature=5 25 0 0 24 9 50 6 0 27 25 22 47 3 47 24 23 40 47 35 23 41 19 41 16 26 3 24 48 48 24 31 27 32 48 16 17 0 19 32 35 5 0 1 47 10 10 45 25 16 23 1 42 16 48 14 29 18 9 12 45 15
split_gain=386805 101408 76915.2 25362.4 17311.7 17304.9 13051.1 8112.91 6620.86 5681.97 5657.24 4897.13 3704.68 3482.75 3361.98 3000.12 2911.07 2894.36 2703.83 2672.9 2657.43 2999.15 2625.48 2186.24 2156.78 2090.38 2059.22 2026.25 2006.03 2004.61 1776.5 1755.41 1691.85 1899.79 1680.05 1676.61 1661.27 1649.63 1630.95 1582.8 1483.75 1451.17 1429.57 1422.01 1420.1 1422.29 1410.77 1388.4 1373.24 1338.55 1326.9 1315.89 1458.7 1287.58 1249.85 1172.67 1375.46 1169.88 1165.29 1153.02 1150.37 1133.43
threshold=12.000000000000005 250.53000000000006 63.158333333333339 485.49000000000007 4.5000000000000009 1531.5000000000002 3.9960292756018378 96.006000000000014 531.03000000000009 12532.460000000003 48.873863636363645 1.5000000000000002 inf 41.500000000000007 2896.8300000000004 7.5000000000000009 0.68301270189221941 1.0000000180025095e-35 193.84000000000003 13.500000000000002 0.68301270189221941 3416.6700000000001 174.97285714285718 6134.5800000000008 0 100.50000000000001 22.500000000000004 1.0000000180025095e-35 11.500000000000002 2.5000000000000004 1.0000000180025095e-35 1.0000000180025095e-35 1032.4000000000003 inf 2.5000000000000004 1 194.56500000000003 4558.2000000000016 40.803000000000004 340.83000000000004 7.5000000000000009 1.0000000180025095e-35 183.15000000000001 16.595000000000006 6.4400000000000013 3139.3800000000006 458.48000000000008 2.5277777777777781 2.9431111111111115 2 0.68301270189221941 734.58000000000027 1.5000000000000002 3 2.5000000000000004 19.500000000000004 298.50000000000006 5187.3004166666678 648.09000000000003 18.72333333333334 1.4580419580419581 0.0063086078931933178
decision_type=10 10 10 10 8 10 8 10 10 10 10 2 8 2 8 10 2 10 8 2 2 8 10 8 9 2 2 10 2 2 10 2 10 8 2 9 10 10 10 8 2 8 10 10 10 10 10 10 10 9 2 8 2 9 2 2 2 10 10 8 10 10
left_child=2 3 4 10 20 25 11 12 19 60 18 26 30 -11 24 23 27 -10 38 22 21 -1 41 -6 39 -3 36 31 37 -14 -5 -9 -12 61 -20 59 -4 58 -2 50 46 -8 -21 -31 -19 -46 -25 -23 -26 -22 -13 52 -36 -43 -55 -35 -57 -18 -27 -17 -7 -34
right_child=1 5 6 7 15 9 8 16 17 13 32 14 29 -15 -16 35 57 44 34 42 49 47 -24 40 48 28 -28 -29 -30 43 -32 -33 33 55 51 -37 -38 -39 -40 -41 -42 53 -44 -45 45 -47 -48 -49 -50 -51 -52 -53 -54 54 -56 56 -58 -59 -60 -61 -62 -63
leaf_value=-0.042219040048010095 -0.031688509792367529 0.029063981991360819 -0.041442241427458421 0.0049885851626039566 -0.048374495059588712 0.034762808684935628 -0.030116947140945524 0.015453595742174406 -0.055756839685912572 0.05694291597329694 -0.0066667822353683555 -0.042611405440561502 -0.0084750865932289692 0.038212066751150457 -0.0078185590793653972 -0.053277268997703291 0.018299102951674615 0.008517763816218181 -0.019398827565082804 -0.024824954578682043 -0.0076845609614655096 -0.024036774729160597 -0.0032975020419821173 -0.028053473831374489 -0.035705079506553258 0.011687150980066979 -0.067509663684539478 0.0036387361358046805 0.032109664929879794 0.019481398459354437 -0.0028113271202554377 0.0063855960839354449 -0.034410891675281108 -0.006485360866125384 -0.015499540590213048 -0.059582627302584269 0.014861004536837853 0.027793780152478107 -0.012170614810847526 -0.01039102876919914 -0.042140867434963696 0.0016244812770821772 -0.013907349424102078 0.0099099704861731717 -0.0031957983214544361 0.024636785483031626 0.015356327991692953 -0.035226443433347486 -0.023341828907025537 -0.024808241599925191 -0.0026018388592425087 0.0058408959152765685 -0.0026059780015746602 -0.043007644075380186 -0.013657523046320638 0.0064279955060879057 0.019983974841006467 0.029492647375282614 0.020105411025929647 -0.041090434998095747 0.015277565232491417 -0.0020197970846759531
leaf_weight=27493.836980104446 5949.5273435115814 55612.282104492188 4981.4025063514709 141232.49606895447 27725.346069335938 48530.710063457489 7202.3586759567261 143298.43457889557 1129.8609313964844 31276.945714950562 20742.990356445312 3945.4012951850891 5936.921630859375 19912.921472549438 18670.918235778809 24034.264030814171 44004.031585693359 20752.04779112339 8359.9792785644531 23865.528971672058 7405.8630867004395 36608.145383358002 48233.95521736145 8944.7504065036774 20602.062423706055 32023.75146484375 3774.4757680892944 27870.226257324219 16924.037109375 25976.809500455856 47901.662841796875 31991.410965919495 1397.7764358520508 6839.5762786865234 13325.407105922699 29679.713088512421 736.39621591567993 21625.63232421875 44246.553802728653 16747.089584350586 11285.785403966904 6143.8187675476074 38238.74951171875 70960.245431184769 57507.988602995872 2339.6951427459717 1021.2226123809814 21612.18377161026 23650.820613384247 23233.213329315186 1367.3903884887695 16737.29504442215 55572.840696334839 2004.5623626708984 15644.493106842041 53403.677444458008 11069.164245605469 15460.430816650391 54319.800903320312 15779.362213253975 4021.383686542511 24551.399711608887
leaf_count=16711 2535 3155 3150 19592 20667 1954 3135 13149 817 385 3970 2221 1097 692 5190 20391 3685 3121 2553 9665 2686 17113 11924 5090 10774 2919 3229 3571 942 2555 8549 3530 392 1306 3622 26453 186 1197 12380 5791 7642 1480 11179 8784 11436 244 258 12284 10033 11218 489 3128 12099 932 5069 7727 1221 1025 3757 11686 265 4574
internal_value=-2.96265e-05 0.0119605 -0.0239306 0.00569465 -0.0391182 0.0299663 -0.0126992 0.00993506 -0.00808125 0.0413576 -0.00327524 -0.0236021 0.0059206 0.0496575 -0.0209385 -0.0485362 0.0143986 -0.000151762 -0.00792612 -0.0126666 -0.0295285 -0.0326911 -0.00840504 -0.0418992 -0.0246323 0.0234191 -0.0474446 0.0124049 0.0209054 0.0112659 0.00301311 0.0137987 0.00240775 0.00434312 -0.00442361 -0.0532131 -0.0341896 0.0191489 -0.0144846 -0.0156655 -0.0334496 -0.0163529 -0.0181031 0.0124751 0.000628402 -0.00210731 -0.0236041 -0.0281911 -0.0290917 -0.0206802 -0.0323163 -0.00296148 -0.00509987 -0.0121853 -0.0169837 0.00729382 0.00875566 0.0212098 0.0169834 -0.0484362 0.0332721 -0.00376583
internal_weight=1.65344e+06 1.10108e+06 552363 816829 234824 284247 317539 554633 223063 103742 262196 94476 292008 51189.9 84983.7 118470 262625 81729.6 144192 141333 116353 85714.2 79229.2 48977.1 66312.8 180506 9492.27 203160 124893 102874 189134 175290 118005 97261.6 93995.5 69493.3 5717.8 107969 50196.1 22059.9 21251.8 30995.2 62104.3 96937.1 80599.7 59847.7 9965.97 58220.3 44252.9 30639.1 5312.79 85635.5 68898.2 23792.9 17649.1 71312.4 64472.8 59464.5 86343.6 39813.6 52552.1 25949.2
internal_count=388574 136310 252264 121044 152199 15266 100065 65537 59002 3296 55507 41063 40577 1077 34498 92187 24960 15618 36317 43384 60012 46108 22540 33657 29308 11970 6565 20250 8815 12436 28141 16679 19190 15220 21402 58530 3336 7873 14915 8501 12990 10616 20844 11339 14801 11680 5348 29397 20807 13904 2710 18849 15721 7481 6001 10254 8948 4710 6676 32077 2219 4966
cat_boundaries=0 1 2 3 4
cat_threshold=138265 3365 151573 152576
is_linear=0
shrinkage=0.035


Tree=34
num_leaves=63
num_cat=3
split_feature=2 9 24 25 9 6 24 12 27 8 47 0 17 27 48 25 2 3 26 10 16 35 11 46 8 19 14 35 24 22 41 12 41 27 2 8 8 16 19 37 23 13 8 33 27 3 4 13 4 2 48 26 27 22 29 46 44 19 26 47 16 0
split_gain=363104 104252 68887.7 25050.4 22986.2 16818 10439.2 10232.4 5733.6 5365.49 5343.16 5221.51 4770.92 4564.47 4033.28 3914.62 3553.96 3457.83 2840.95 2809.26 2803.77 2745.67 2667.28 2299.8 2210.1 3238.25 2000.66 2176 1963.6 1956.88 1908.13 1866.5 1857.97 1844.86 1806.23 1713.13 1671.72 1660.78 1661.24 1621.91 1607.17 1602.02 1588.28 1561.29 1545.37 1540.8 1492.08 1439.51 1432.57 1417.85 1339.26 1446.19 1324.78 1317.62 1285.53 1260.56 1493.63 1259.89 1254.24 1215.71 1188.57 1176.82
threshold=186.06000000000003 430.47000000000008 3.5000000000000004 48.873863636363645 1531.5000000000002 13.760000000000005 1.5000000000000002 58.085833333333341 12532.460000000003 12.500000000000002 inf 26.460000000000004 1.0000000180025095e-35 198.66000000000003 2.5000000000000004 324.26583333333343 845.50500000000022 41.500000000000007 192.50000000000003 1588.5000000000002 0 4.5000000000000009 613.47000000000014 inf 2.5000000000000004 40.803000000000004 19.500000000000004 13.500000000000002 7.5000000000000009 43.500000000000007 inf 1024.8233333333337 inf 1.0000000180025095e-35 41.590000000000011 14.500000000000002 4.5000000000000009 1 226.88500000000002 5599.9800000000005 0.68301270189221941 0.48913043478260876 13.500000000000002 2.5000000000000004 198.66000000000003 22.500000000000004 67.715000000000018 0.11437908496732027 103.71500000000002 2250.9900000000002 11.500000000000002 100.50000000000001 498.56000000000012 9.5000000000000018 145.50000000000003 192.83000000000004 22.700000000000006 146.08840909090912 100.50000000000001 3713.8950000000004 2 17.47666666666667
decision_type=10 10 8 10 10 10 8 10 10 2 8 10 8 10 2 10 10 2 2 10 9 2 10 8 2 10 2 2 10 2 8 10 8 10 10 2 2 9 10 10 2 10 2 2 10 2 10 8 10 10 2 2 10 2 2 10 10 10 2 8 9 8
left_child=2 3 5 6 15 11 16 18 48 19 22 36 43 -9 -12 46 26 -10 32 24 42 53 33 31 -7 -26 -2 -28 37 30 -20 -16 61 45 -11 -18 60 -14 -39 -34 -22 -27 -13 -8 -43 -5 -3 55 -6 57 51 -24 -37 -15 -31 -23 -57 -35 -17 -48 -1 -4
right_child=1 4 7 10 8 9 12 13 17 34 14 20 28 21 23 58 35 -19 29 -21 40 47 50 -25 25 41 27 -29 -30 54 -32 -33 39 49 -36 52 -38 38 -40 -41 -42 44 -44 -45 -46 -47 59 -49 -50 -51 -52 -53 -54 -55 -56 56 -58 -59 -60 -61 -62 -63
leaf_value=-0.0093810439914936046 -0.016140281346584635 0.011232476660384967 -0.048573873210235326 0.0018390791014282063 0.014058092329047941 0.0086993748598551499 0.018053524016237329 -0.05322365492736373 0.056399695137406801 -0.026791469267660389 -0.0058195083320399035 -0.0039570881015064119 7.8668424687437696e-05 0.032820208933398876 0.009637379723792092 0.032204525846547004 0.01157582283352878 0.037526142956100246 -0.060841631909863601 0.020526102678555768 -0.02516952406312779 -0.049052335719385089 0.019198644176703993 0.02802149244097368 -0.030688561738038255 -0.016177899217029078 0.0026354558156716302 -0.0062471649924314282 -0.027570142499367397 -0.039649227147964351 -0.041463725228227173 0.017765839054143705 -0.029135086369167406 -0.028129061968667188 -0.012414351643663888 -0.011211563614666551 -0.036184428080257791 -0.029638961542906173 -0.01087721853196945 0.043810946738744305 -0.013970896016790597 -0.019954529757334454 -0.021850507200773146 -0.053949400409525151 -0.00091153640656777999 -0.054883776093627559 0.016139079515938674 -0.026627989636327141 0.034246528781329486 0.012162497717370272 0.021415064501172996 0.006800656089440406 0.0040186753303595377 -0.012710067420019655 -0.059227237730578752 -0.0028353770220307293 -0.058380902451440606 0.0035527463149930779 0.023719904276526076 0.023017427605899827 -0.031367439677657788 -0.03563954970223536
leaf_weight=5609.2006716132164 13489.768515586853 35350.065296649933 29216.719747185707 1159.7032871246338 4740.9647598266602 14142.929922103882 401.72667598724365 9838.9005928039551 30414.784963607788 14505.670797348022 11747.390869140625 19717.343902111053 14909.535681128502 1178.8439116477966 64393.774948120117 31581.854736328125 35188.869736909866 19542.023630142212 36113.230560302734 5966.3320922851562 60039.684898853302 7204.9525399208069 14646.739013671875 15989.9453125 6153.077845454216 12087.798565745354 64647.666765213013 70763.208478927612 9107.0013981461525 16178.511749267578 7533.13623046875 74819.388870239258 6191.2851099967957 1549.8265056610107 40858.673828125 8335.1263568401337 37931.106888771057 6546.6554637551308 49425.629722595215 396.47709703445435 21263.184051513672 5664.9258282184601 8783.4454498291016 4456.0449771881104 66380.900324821472 1186.0119895935059 67089.30005979538 43638.146971344948 47107.32039642334 25057.483638763428 13733.704345703125 54082.247009277344 43526.992309570312 2288.6420783996582 5515.19677734375 1815.3644217252731 879.84103155136108 180735.82180023193 65918.593505859375 59326.385620117188 6571.1396670341492 12244.53499352932
leaf_count=2161 3524 3563 23642 362 327 2442 103 7257 378 5614 1811 5728 3407 166 7510 1488 4408 680 32777 575 26207 5303 1375 1080 2457 3869 11689 15280 4272 11624 5281 6568 3451 352 11154 1598 22173 2660 13122 58 7772 1675 3483 3175 14354 696 5680 22304 1878 2627 1211 6485 6275 829 4802 679 620 26743 4046 4060 3394 8290
internal_value=-2.9499e-05 0.0109139 -0.02471 0.00371525 0.0264626 -0.015102 -0.00378877 -0.042071 0.0405553 -0.00728984 0.00895869 -0.0231996 -0.0143175 -0.0312086 0.0139535 0.0209287 -2.65403e-06 0.0490177 -0.0484742 -0.00283044 -0.0189268 -0.027408 0.00610434 0.0154502 -0.00416504 -0.00618026 -0.00328701 -0.00200645 -0.0122719 -0.0532262 -0.0574981 0.0140061 -0.0420113 0.00400711 -0.0161816 0.00561521 -0.0325616 -0.010306 -0.0130698 -0.0247389 -0.0222382 -0.00438751 -0.00946878 -0.0479924 -0.00240913 -0.0268516 0.0175896 -0.0293628 0.0324008 0.00435634 0.0114371 0.00944302 0.00157075 0.0027739 -0.0446291 -0.0414137 -0.020983 0.00328323 0.0264685 0.0193672 -0.0212775 -0.044755
internal_weight=1.64688e+06 1.14097e+06 505909 779900 361071 325675 320798 180234 101805 165760 459102 159915 84846.6 66844.7 166950 259266 235952 49956.8 113389 110396 109804 57005.8 292152 155203 104430 90286.7 148901 135411 79988.8 65340.1 43646.4 139213 48049 209689 55364.3 87051 50111.4 70881.8 55972.3 6587.76 81302.9 84133.6 28500.8 4857.77 72045.8 2345.72 161766 53538.3 51848.3 207343 82462.7 68729 51862.1 3467.49 21693.7 9900.16 2695.21 182286 97500.4 126416 12180.3 41461.3
internal_count=388574 148433 240141 126333 22100 113058 69513 127083 3263 42140 56820 70918 26739 37158 16969 18837 42774 1058 89925 25372 43190 29901 39851 15158 24797 22355 30493 26969 23461 54484 38058 14078 35441 30780 16768 12281 27728 19189 15782 3509 33979 19898 9211 3278 16029 1058 13303 28906 2205 29722 9071 7860 7873 995 16426 6602 1299 27095 5534 9740 5555 31932
cat_boundaries=0 1 2 3
cat_threshold=152601 132120 151697
is_linear=0
shrinkage=0.035


Tree=35
num_leaves=63
num_cat=3
split_feature=0 6 6 9 24 5 0 27 25 45 27 3 3 25 12 35 22 8 19 8 48 26 25 8 44 24 1 24 48 0 23 16 32 17 48 32 26 0 51 14 42 46 23 22 26 26 16 8 0 45 22 25 49 26 48 25 26 16 25 45 41 48
split_gain=340921 103681 54144.8 25650.3 25078.8 11292 8256.41 7897.54 7815 5815.53 5697.74 4353.93 4062.3 3963.48 3930.8 4099.5 3397.97 3270.03 3348.14 3029.05 2841.92 2878.46 2801.08 2675.87 2637.88 2580.85 2561.86 2519.08 2499.2 2371.57 2263.54 2176.1 2126.75 2074.57 1819.21 1816.21 1837.73 1766.71 1728.01 1590.7 1555.09 1513.08 1475.56 1443.81 1437.27 1443.89 1412.36 1408.26 1389.19 1362.32 1337.22 1307.84 1295.49 1206.82 1311.11 1205.49 1160.79 1156.94 1147.5 1143.79 1115.8 1109.85
threshold=183.15000000000001 162.91500000000005 1.5600000000000016 1531.5000000000002 1.0000000180025095e-35 10.023333333333337 17.47666666666667 1.0000000180025095e-35 48.873863636363645 3.0714285714285716 10904.020000000002 22.500000000000004 41.500000000000007 324.26583333333343 63.915000000000013 11.500000000000002 1.5000000000000002 2.5000000000000004 40.803000000000004 9.5000000000000018 2.5000000000000004 100.50000000000001 80.641428571428591 14.500000000000002 943.75000000000011 1.0000000180025095e-35 3585.4200000000005 7.5000000000000009 2.5000000000000004 581.28333333333342 0.68301270189221941 0 59.085000000000015 1801.0000000000002 2.5000000000000004 2702.3600000000006 100.50000000000001 1226.9400000000003 45.846190157811911 19.500000000000004 1.5000000000000002 1122.6400000000001 0.68301270189221941 16.500000000000004 314.50000000000006 85.500000000000014 1 4.5000000000000009 1383.5900000000004 13.500000000000002 8.5000000000000018 172.91833333333335 7.5000000000000009 100.50000000000001 11.500000000000002 25.924090909090918 100.50000000000001 2 5.2441071428571435 1.4580419580419581 2500.3800000000006 2.5000000000000004
decision_type=10 10 8 10 8 10 8 10 10 10 10 2 2 10 10 2 2 2 10 2 2 2 10 2 10 10 8 10 2 10 2 9 8 8 2 8 2 10 8 2 2 8 2 2 2 2 9 2 10 8 2 10 10 2 2 8 2 9 10 10 8 2
left_child=2 4 6 13 8 14 27 11 23 22 59 33 -12 25 32 24 -8 -7 -19 38 -10 48 26 29 -16 34 28 47 -9 -2 40 -30 -4 -6 -3 46 58 -25 -18 -15 -20 -23 60 -29 45 -33 -11 57 -22 -21 -32 -13 -26 -41 -55 -47 -36 -1 -37 -5 -34 -31
right_child=1 3 5 10 7 17 16 9 20 35 12 51 -14 39 15 -17 19 18 30 49 21 41 -24 37 52 -27 -28 43 31 61 50 44 42 -35 56 36 -38 -39 -40 53 -42 -43 -44 -45 -46 55 -48 -49 -50 -51 -52 -53 -54 54 -56 -57 -58 -59 -60 -61 -62 -63
leaf_value=-0.017596840237160086 0.00046408897882623229 0.0041832694763965584 -0.04051264768977373 0.032219533058760463 -0.021517679296568105 0.0081153169319225452 -0.052774174008673215 -0.022074152651157464 -0.0004900455945366733 -0.038691883574913148 0.055529946232138631 -0.061548420162205873 0.036103631747542657 0.011450862031288912 -0.011561337129339006 -0.02456254425214888 -0.024446525667005427 -0.029865160678566455 -0.021572258182125739 -0.033335391564909708 0.013649163018585445 0.0067035025612269834 0.0040650838498753582 -0.0058097108705138997 -0.013478681027976426 0.0059376298090820243 0.008660180860185147 -0.061033887529882931 0.0034055197361671807 -0.0066732859563937838 -0.017082541688225927 0.00041108150657042459 -0.042508385116412861 0.043010385714072875 0.024566694523891132 -0.021729308935808593 -0.015449078479357004 0.0050409365965045031 0.001476178473795048 0.030689590241412192 -0.0090055038873991869 0.012235318742805023 -0.016091758984746157 -0.048952898785197402 0.0069873075869901734 -0.015528663196629223 -0.017641697735514765 -0.046082474461614481 0.024340344109403805 -0.051625475109907878 0.0033455553217526853 0.012231579496923878 0.051478972670753104 0.020750637436839144 0.034270660049724039 -0.0067325624101838124 0.016993376036048224 -0.043516603007214792 0.015499082156522364 0.012544438072681128 -0.026600011673150372 0.013593813500206886
leaf_weight=4472.7243690490723 52361.143744468689 11491.432312011719 15571.07267999649 43766.406925678253 4998.7373304367065 13002.437563896179 9993.9378356933594 11553.605890274048 28633.341514587402 6275.3422241210938 30772.326892852783 5167.9289088249207 23090.514415740967 10998.070556640625 38209.142639636993 51356.462513923645 14554.935570001602 9896.5024371147156 15773.84165596962 46081.96130156517 39468.91650390625 128650.71978759766 56543.136249542236 70446.736980438232 537.46000337600708 27360.778915405273 15166.497528076172 22436.058548927307 28789.968817591667 3638.2174072265625 4722.5932006835938 17448.768696904182 6548.4389667510986 694.25671577453613 31743.049850463867 1322.2639131546021 22972.114868164062 24870.855133056641 4019.9441146850586 35540.95556640625 51276.152280092239 114468.27972412109 14085.788558959961 26445.50080871582 7762.6751937866211 35061.481728553772 10512.408639907837 30988.405584335327 23911.95263671875 5597.9345569610596 23228.357452392578 311.76593828201294 1249.0517153739929 59176.544189453125 10321.59765625 41893.987406730652 113337.63345336914 4074.3283206224442 4342.6887845993042 3947.6814532279968 30910.409025192261 36620.049530029297
leaf_count=2381 9924 1229 9745 1833 2146 2328 8095 3360 4413 2940 399 3582 829 895 12946 22395 7765 4160 5035 28337 4318 16451 8724 14648 132 3261 2402 21681 5466 676 1375 3622 4081 55 2090 454 7120 3385 1369 1786 13911 11790 6046 22834 1437 9806 3820 23561 1732 4359 4823 84 66 3969 513 8942 9082 2804 774 270 15673 4445
internal_value=-2.94021e-05 0.00970578 -0.0261797 0.024199 0.0023751 -0.0166424 -0.0418068 -0.00627024 0.0068512 -0.00503033 0.0394006 -0.0350818 0.0472029 0.0190513 -0.0227447 -0.0180195 -0.0336777 -0.00844027 -0.0104925 -0.0309604 0.0100549 0.01104 -0.00261823 0.00113831 -0.00961747 0.0158557 -0.00501488 -0.0491846 -0.00647028 0.005375 -0.00847405 -0.00509348 -0.029176 -0.0136424 0.0175888 -0.0164053 -0.0110463 -0.00297847 -0.0188366 0.0241166 -0.0119622 0.0093081 -0.0257506 -0.0544991 -0.00748805 -0.00867919 -0.0255457 -0.0426125 0.017683 -0.0353175 -0.000106464 -0.0573493 0.0319403 0.0254427 0.022759 -0.0107403 0.0186505 -0.0300278 0.00680725 0.030592 -0.0293821 0.0117621
internal_weight=1.64047e+06 1.19543e+06 445033 401547 793888 276368 168666 270818 523070 259645 101577 11172.7 53862.8 299970 158468 91352.1 80248.7 117900 104897 70254.8 335133 306500 214220 187937 39995.7 183933 157677 88417 142510 92619.4 95000.9 130957 67115.7 5692.99 156572 45424.8 28637.1 95317.6 18574.9 116037 67050 243119 51544.6 48881.6 102167 94404.2 16787.8 39535.5 63380.9 51679.9 27951 5479.69 1786.51 105039 69498.1 76955.5 145081 8547.05 5664.95 47714.1 37458.8 40258.3
internal_count=388574 162672 225902 26156 136516 102716 123186 64734 71782 58867 3331 5867 1228 22825 71084 35539 49925 31632 29304 41830 38704 34291 43759 33078 13144 15662 35035 73261 32633 15045 25144 29273 35545 2201 12401 15108 8348 18033 9134 7163 18946 28241 25800 44515 23807 22370 6760 28746 6050 32696 6198 3666 198 6268 4482 18748 11172 5185 1228 2103 19754 5121
cat_boundaries=0 1 2 3
cat_threshold=132121 18432 157776
is_linear=0
shrinkage=0.035


Tree=36
num_leaves=63
num_cat=3
split_feature=0 9 24 4 4 25 12 27 45 25 25 16 3 0 27 8 44 48 46 26 0 16 51 3 8 27 22 47 26 4 23 34 8 32 48 17 8 48 32 29 14 8 41 45 19 24 16 48 23 0 0 29 41 18 4 29 23 35 0 25 39 15
split_gain=319456 97971.5 52117.9 24894.7 22663 11617.4 9058.22 8265 6765.72 5796.11 5778.83 4753.88 4629.18 4358.44 4212.56 4140.56 4072.12 3877.57 3447.52 2945.81 2907.4 2765.79 2686.05 2468.56 2427.54 2395.74 2362.69 2212.38 2206.77 2203.03 2104.89 2103.1 2051.15 2028.37 1947.1 1939.34 1926.03 1910.59 1902.41 2378.48 1875.54 1828.36 1767.91 1761.4 1755.05 1751.73 1686.17 1658.17 2278.66 1614.48 1525.63 1505.84 1491.76 1459.73 1452.98 1443.78 1317.79 1301.37 1286.62 1272.87 1250.15 1238.17
threshold=183.15000000000001 430.47000000000008 3.5000000000000004 8.2950000000000035 864.75000000000011 12.197500000000003 58.085833333333341 1.0000000180025095e-35 3.0714285714285716 48.873863636363645 324.26583333333343 0 22.500000000000004 581.28333333333342 198.66000000000003 11.500000000000002 1383.8400000000004 2.5000000000000004 2814.4800000000009 192.50000000000003 23.128333333333334 1 189.31965343479749 41.500000000000007 9.5000000000000018 589.47000000000014 43.500000000000007 938.61000000000013 100.50000000000001 67.715000000000018 0.68301270189221941 1.5000000000000002 2.5000000000000004 5829.5700000000015 11.500000000000002 1801.0000000000002 14.500000000000002 2.5000000000000004 inf 207.50000000000003 19.500000000000004 11.500000000000002 inf 1.5166666666666668 40.803000000000004 1.5000000000000002 2 11.500000000000002 0.68301270189221941 581.28333333333342 84.454999999999998 145.50000000000003 377.78000000000003 3745.6350000000007 103.71500000000002 69.500000000000014 0.68301270189221941 42.000000000000007 17.47666666666667 62.18833333333334 329.55000000000007 0.38281250000000017
decision_type=10 10 8 10 10 10 10 10 10 10 10 9 2 10 10 2 10 2 8 2 10 9 10 2 2 10 2 8 2 10 2 2 2 8 2 8 2 2 8 2 2 2 8 10 10 10 9 2 2 10 10 2 8 8 10 2 2 2 10 10 10 10
left_child=2 3 5 7 10 11 19 12 13 36 29 43 35 21 -8 25 -6 -11 28 42 -13 -9 41 -18 -23 -7 33 -24 -19 -3 32 50 -27 -21 -30 -2 49 -22 46 -40 -15 -16 58 -1 -34 -39 53 48 -26 -5 -17 -28 -14 60 -12 -42 -57 -54 -4 -44 -10 -43
right_child=1 4 6 9 16 15 14 8 38 17 54 20 52 40 22 31 23 18 -20 26 37 24 27 -25 47 30 51 -29 34 -31 -32 -33 44 -35 -36 -37 -38 45 39 -41 55 61 59 -45 -46 -47 -48 -49 -50 -51 -52 -53 57 -55 -56 56 -58 -59 -60 -61 -62 -63
leaf_value=0.0054690032118329748 -0.019804494925006935 0.0087469080686389707 -0.046765598225230229 0.0014361660846493732 0.028226788827230814 -0.016906407487606075 -0.052119763705675413 0.0034746061164400194 -0.010602763577722439 -0.0019320676155751082 0.019011984194699311 -0.035858558872856411 -0.012222179919685064 -0.010067453691771568 -0.018768515403176395 -0.031915009190747141 0.053504140070427912 0.01584026798287513 0.019715660718142999 -0.060047985435585795 -0.041773932452082163 0.0021711832432379898 0.014666530951823045 0.037795995560775224 -0.017560282718776597 0.01030156115554841 -0.036668347268546182 -0.059120224059207506 0.0065009447717059464 0.018184560907132559 0.0070519487303690453 -0.0091249477434935337 -0.033344251599007071 -0.040446476157644524 0.015853959496439966 0.040489274328215225 -0.001922585403154767 -0.017534816181409053 -0.017164979931163567 0.0049767814790115097 0.012418176800822711 -0.040216931773299658 -0.026065036105572394 -0.015470691569058816 -0.0067621411623012316 -0.030161057434556666 -0.031364804698238102 0.0017286079935493145 -0.0039869520674073681 0.012041146627929104 -0.01574354606134094 -0.058199204309647444 -0.068041333722736769 -0.046277633469809475 0.027827242217048295 5.4345811204790443e-05 0.0080340506942172922 0.024868317955236641 -0.033228081766528639 0.055232346273273218 0.031021799890659188 -0.026237387570570887
leaf_weight=6487.8889271020889 5208.5296405553818 39838.551173448563 28258.438415527344 39495.285544991493 18374.935714244843 15588.124639511108 8760.2250936031342 28254.09848344326 4200.419100522995 28354.190795898438 29784.788245201111 31290.880559802055 788.82141733169556 13531.165679931641 16757.213049888611 13222.288019180298 31628.444480895996 58647.951599121094 52973.898315429688 33944.015563964844 6095.6738891601562 19539.655309319496 3109.5261640548706 20031.239112854004 49826.233100652695 8200.4860072135925 16073.773780822754 591.62210941314697 160539.03948974609 126571.78923535347 22743.945648193359 23890.458099365234 3293.7718088626862 8000.6325302124023 32844.347778320312 746.2905330657959 73368.683897018433 45458.613494873047 17801.13916015625 8920.81201171875 19504.754730224609 15283.390334129333 6286.4268027544022 20369.482238292694 39772.931972742081 19127.056060791016 13065.04733300209 10080.273803710938 21772.000274658203 31698.878204345703 15559.240112304688 5293.942626953125 4515.9917912483215 1090.7228624820709 99307.072350502014 94241.402984619141 34680.34814453125 192.07049655914307 12382.014485120773 244.20503318309784 1118.3928298950195 15790.257741928101
leaf_count=1660 2193 4274 23642 7174 826 4897 6723 5537 1355 4280 2038 18898 349 2669 7960 6472 459 5589 4254 32373 3342 3784 833 634 14603 1433 11691 316 19309 9819 4456 6817 1436 5817 3375 62 13233 18010 5648 1952 2602 9961 3500 8300 10440 9828 5736 2159 5008 3931 5143 4812 3351 482 5107 15763 4927 34 8466 20 156 8656
internal_value=-2.922e-05 0.00938983 -0.0254493 0.0027203 0.0244791 -0.015909 -0.0405941 -0.00438506 -0.00339316 0.00791011 0.0202363 -0.0235229 -0.033626 -0.00142051 -0.0296814 -0.00901436 0.0423804 0.0104483 0.0115992 -0.046549 -0.0269732 -0.00620765 -0.025866 0.0474141 -0.00890984 -0.00443626 -0.051483 0.00285906 0.0098932 0.0159253 -0.00180963 -0.0168018 -0.005741 -0.0563102 0.00808954 -0.0122426 0.00205699 -0.023043 -0.0158373 -0.0097733 0.00240645 -0.0280888 -0.0399256 -0.0104084 -0.00879589 -0.0212745 -0.024157 -0.0115618 -0.0134329 0.00615809 -0.0231736 -0.0420052 -0.0567844 -0.0093985 0.0257935 0.00354368 0.00220096 -0.0642465 -0.042642 -0.023017 -0.00184613 -0.0331142
internal_weight=1.63441e+06 1.19254e+06 441877 827000 365537 271101 170776 349078 337626 477922 295502 128830 11451.7 291430 60292.2 142271 70034.6 333359 305005 110483 101972 129472 51532 51659.7 101218 89599.3 63312.4 3701.15 252031 166410 74011.1 52672 51267.2 41944.6 193383 5954.82 144563 70681.3 46196.5 26722 161958 47830.9 47171.1 26857.4 43066.7 64585.7 19474.6 81678.5 71598.2 71194.2 28781.5 21367.7 5496.88 6409.53 129092 148427 128922 4708.06 40640.5 6530.63 5318.81 31073.6
internal_count=388574 162672 225902 139515 23157 101132 124770 78370 72381 61145 21238 60038 5989 57052 34449 41094 1919 36807 32527 90321 50078 31091 27726 1093 25554 22662 54693 1149 28273 14093 17765 18432 13309 38190 22684 2255 24338 31180 15329 7600 25961 26577 35628 9960 11876 27838 7729 21770 19611 11105 11615 16503 3734 1993 7145 23292 20690 3385 32108 3520 1511 18617
cat_boundaries=0 1 2 3
cat_threshold=152597 132121 136201
is_linear=0
shrinkage=0.035


Tree=37
num_leaves=63
num_cat=6
split_feature=2 6 24 5 4 6 12 6 2 8 0 27 21 22 2 41 23 48 40 8 29 22 48 27 8 10 16 18 2 29 45 16 19 8 23 32 16 34 48 4 13 24 3 8 16 30 13 1 33 8 10 16 18 31 48 22 4 29 8 48 25 16
split_gain=300773 87258 61001.2 24308.7 17332.8 13809.2 9667.07 7240.03 4890.83 4751.58 4575.78 4404.5 3839.12 3123.11 2999.77 2802.99 2735.04 3025.95 2856.49 2531.08 2461.07 2854.17 2597.79 2399 2386.08 2375.05 2254.6 2231.86 2219.04 2094.98 2001.39 1947.53 1954.98 2070.42 1934.88 1917.3 1849.46 1793.1 1709.47 1689.12 1651.24 1648.47 1631.87 1560.39 1531.52 1528.58 1507.01 1506.08 1490.16 1463.21 1427.5 1422.28 1407.32 1386.92 1363.71 1362.85 1320.48 1253.29 1216.74 1215.82 1182.75 1151.75
threshold=186.06000000000003 221.25000000000003 3.5000000000000004 43.780000000000001 864.75000000000011 13.760000000000005 58.085833333333341 4.8000000000000025 1108.4800000000002 12.500000000000002 26.460000000000004 198.66000000000003 872.10000000000014 1.0000000180025095e-35 5178.7850000000008 inf 0.68301270189221941 11.500000000000002 1.0000000180025095e-35 13.500000000000002 192.00000000000003 45.500000000000007 10.500000000000002 1897.22 11.500000000000002 1588.5000000000002 0 7972.6575000000003 1108.4800000000002 130.50000000000003 8.2500000000000018 1 21.993000000000006 2.5000000000000004 0.68301270189221941 5.1750000000000016 2 1.5000000000000002 11.500000000000002 1.0000000180025095e-35 0.46410256410256417 1.5000000000000002 22.500000000000004 4.5000000000000009 3 1.0000000180025095e-35 0.12771739130434787 575.00000000000011 3.5000000000000004 11.500000000000002 1588.5000000000002 4 21462.930000000004 1.0000000180025095e-35 2.5000000000000004 5.5000000000000009 103.71500000000002 298.50000000000006 10.500000000000002 11.500000000000002 9.3618181818181849 5
decision_type=10 10 8 10 10 10 10 10 10 2 10 10 10 2 10 8 2 2 10 2 2 2 2 10 2 10 9 10 10 2 10 9 10 2 2 10 9 2 2 8 10 10 2 2 9 8 10 8 2 2 8 9 10 2 2 2 10 2 2 2 10 9
left_child=2 3 5 7 14 10 15 13 23 25 43 -8 -6 42 27 20 17 18 -9 26 21 -4 -23 -5 50 31 -12 37 30 -17 36 -7 -33 -34 38 -18 -15 -3 -10 44 -35 -11 51 -1 -20 -31 -26 -46 -29 -25 -13 -2 -14 58 -28 -36 -39 -57 -41 -50 -21 -45
right_child=1 4 6 8 12 9 11 16 34 41 19 24 52 28 -16 29 35 -19 39 60 -22 22 -24 49 46 -27 54 48 -30 45 -32 32 33 40 55 -37 -38 56 -40 53 -42 -43 -44 61 47 -47 -48 -49 59 -51 -52 -53 -54 -55 -56 57 -58 -59 -60 -61 -62 -63
leaf_value=-0.019096671418007419 0.032988631564620237 0.0097532570331095598 -0.059336371256469601 0.00064208660356846327 0.033634222658555223 -0.030673341437198336 -0.051163832166464987 -0.061002393830285724 0.0099139010597429633 -0.011511709632949649 -0.0031061554544974546 -0.017797987043887239 0.040048049566258528 -0.001638599861562754 0.030428471117233007 -0.044983630834474354 0.0088383406320189928 0.0069048246502642439 0.011846714252575333 -0.029259197186751497 -0.041954975214106398 -0.055608527588789078 -0.027459801661325913 0.012658085005580175 -0.044282073230831095 0.019074291052083685 -0.034883923963357752 0.035536271914837589 0.0019792184678188635 0.025279333588948735 -0.037857585495692021 -0.03286493833735326 0.011004632344744761 -0.015864725473630915 -0.01343682877668813 -0.0031454525340102501 -0.016863437297907624 0.012025892931787418 0.02068867910303664 0.010456868325014633 -0.0020460308578950765 -0.0253477420146942 -0.068291315666570401 0.011828973199433157 -0.015858645488649719 -0.025639727595785325 -0.026790183348147777 -0.0051826015429402364 0.020190280951884208 0.0057246940850511265 0.020084703706599677 -0.037289515833688391 0.055310981759218274 -0.0081612423774172875 -0.015221714234372593 0.015385983603336321 0.021635080270284528 0.025932831640398273 -0.00068376721383460275 0.037610238694038643 -0.016934402605100721 -0.034451304930713744
leaf_weight=12018.897759974003 439.45057678222656 30390.286671638489 34172.427913665771 72335.301513671875 35695.073985099792 3172.4298248291016 9320.4519958496094 1068.2088425159454 148596.72265625 40825.990785598755 19673.257658004761 18070.275259017944 11171.544921875 14012.953693389893 38867.94140625 9145.7057898044586 56554.542110443115 37636.68603515625 4600.0323867797852 23425.050115585327 39756.348871231079 7983.8385829925537 8088.5725708007812 59742.939873218536 7623.788774728775 5917.6217651367188 4782.173360824585 13667.660308837891 12803.25040435791 793.84425139427185 4072.7105820178986 2592.1821503639221 12878.465077877045 12386.72955095768 1589.8417358398438 23007.270877838135 32391.142197370529 22646.444949626923 20530.10009765625 14318.039045155048 73111.228794455528 14224.76025390625 1761.1975090503693 671.38565826416016 25124.640273690224 7922.5671463012695 28981.20973944664 45503.943606376648 39655.632171630859 99203.818183422089 1305.8026428222656 1662.3909327983856 22012.794921875 25403.072511911392 44809.248626708984 36288.277069091797 77432.243771076202 22281.054534912109 74444.469390928745 5602.4511108398438 16099.30234336853 36297.354616165161
leaf_count=5555 103 2659 33364 10538 1309 1220 7257 864 15373 11110 5728 8444 320 3567 1859 7055 8433 6154 792 11378 31932 7232 5597 6768 5542 575 2381 606 2615 215 2311 1091 2015 4076 227 4527 10592 1946 1708 2093 16395 5658 1724 217 6926 4530 15678 9258 2657 12951 237 1100 268 5234 17548 3093 4921 1538 13153 246 6155 21956
internal_value=-2.91635e-05 0.00992548 -0.0227562 0.00413131 0.0262149 -0.0137678 -0.039516 -0.0024871 0.00951727 -0.00669213 -0.0211722 -0.0288869 0.0416033 -0.0128999 0.0215712 -0.0459506 -0.000214599 -0.00216357 -0.00395557 -0.0171722 -0.0484645 -0.0536142 -0.041445 0.0059261 -0.0251771 -0.00249285 -0.0131391 0.0197534 -0.0110344 -0.0332818 -0.0143353 -0.00371853 -0.00286799 -0.00207755 0.0131397 0.00537293 -0.01227 0.0171997 0.011222 -0.0036335 -0.00404821 -0.0150872 -0.0434475 -0.0300547 -0.0077053 -0.0209999 -0.0304344 -0.00897928 0.0254071 0.00833079 -0.0152441 -0.0226076 0.0501741 -0.000950364 -0.017115 0.0185307 0.0194608 0.0193986 0.0011134 0.0223475 -0.0242395 -0.0336166
internal_weight=1.62857e+06 1.13251e+06 496051 835372 297142 322886 173165 374804 460568 165109 157777 65301.5 68879.4 67143.1 228263 107863 307661 228099 190462 108789 90001.2 50244.8 16072.4 231282 55981.1 110059 69264.7 189395 63280.1 17862.1 50476.8 104141 100969 98376.4 229286 79561.8 46404.1 130469 169127 189394 85498 55050.8 3863.04 48987.6 75228.6 8716.41 36605 70628.6 58925.7 158947 19376.1 2101.84 33184.3 114166 49591.4 60159.2 100079 58569.3 88762.5 45258.1 39524.4 36968.7
internal_count=388574 148433 240141 131642 16791 113058 127083 79446 52196 42140 70918 37158 1897 22012 14894 89925 57434 44474 38320 43190 78125 46193 12829 30257 29901 25372 25657 13035 19085 11800 16470 24797 23577 22486 21939 12960 14159 9526 17081 37456 20471 16768 2927 27728 16976 4745 21220 16184 3509 19719 8681 1203 588 20480 19929 4858 6867 4631 15246 2903 17533 22173
cat_boundaries=0 1 2 3 4 5 6
cat_threshold=152601 73830 134152 1048 131072 22
is_linear=0
shrinkage=0.035


Tree=38
num_leaves=63
num_cat=4
split_feature=2 25 6 4 4 5 0 27 2 21 6 3 2 22 35 25 25 19 35 35 23 52 2 16 13 16 22 35 14 26 14 35 35 48 0 35 35 40 35 14 29 19 46 51 37 19 35 2 19 46 26 48 2 16 14 41 48 14 35 41 16 35
split_gain=281562 82274.3 58481.6 21782 18554.7 14065.2 7703.23 6954.42 6771.51 5923.5 4746.61 4012.5 4003.83 3554.59 3384.44 3241.27 3139.5 3019.79 2773.28 2619.45 2484.07 2398.24 2301.98 2080.67 1880.36 1841.03 1811.67 1781.58 1764 1733.64 1712.89 2008.55 1641.64 1858.2 1612.46 2037.86 1609.15 1598.43 1580.02 1515.86 1452.11 1436.77 1433.45 1408.62 1404.56 1362.66 1504.5 1349.59 1321.08 1317.69 1255.48 1705.25 1342.46 1251.19 1241.58 1225.3 1222.17 1198.75 1212.05 1197.57 1295.09 1178.07
threshold=186.06000000000003 172.91833333333335 1.2800000000000009 576.09000000000003 1.0000000180025095e-35 10.023333333333337 17.47666666666667 1.0000000180025095e-35 1008.5400000000001 872.10000000000014 7.2000000000000055 22.500000000000004 32.540000000000006 1.5000000000000002 17.500000000000004 324.26583333333343 52.860000000000007 49.610000000000007 9.5000000000000018 6.5000000000000009 0.68301270189221941 8.5000000000000018 3501.3600000000006 0 0.20526315789473687 1 16.500000000000004 11.500000000000002 19.500000000000004 11.000000000000002 19.500000000000004 16.500000000000004 5.5000000000000009 10.500000000000002 1574.0216666666668 13.500000000000002 12.500000000000002 1566.7350000000004 3.5000000000000004 19.500000000000004 298.50000000000006 346.99500000000006 174.51000000000002 1.0000000180025095e-35 5599.9800000000005 1715.9350000000002 4.5000000000000009 1108.4800000000002 160.40045454545455 618.93000000000018 100.50000000000001 11.500000000000002 2763.6300000000001 2 18.000000000000004 6682.6800000000012 2.5000000000000004 18.000000000000004 10.500000000000002 540.97000000000014 3 8.5000000000000018
decision_type=10 10 8 10 10 10 8 10 10 10 10 2 10 2 2 10 10 10 2 2 2 2 10 9 10 9 2 2 2 2 2 2 2 2 10 2 2 10 2 2 2 10 8 8 10 10 2 10 10 10 2 2 10 9 2 10 2 2 2 8 9 2
left_child=2 4 6 15 7 12 21 11 16 45 25 37 20 53 17 39 28 38 42 29 24 -1 30 -11 -4 41 -23 48 -6 -19 -10 -32 54 -34 35 -12 -30 -2 -7 -3 -31 -9 -15 -20 -42 -5 -47 -27 56 -21 -17 52 61 -8 -26 -43 -14 -18 -59 -22 -61 -52
right_child=1 3 5 9 8 14 13 10 22 23 34 -13 27 18 -16 50 57 19 43 49 59 26 -24 -25 32 47 -28 -29 36 40 31 -33 33 -35 -36 -37 -38 -39 -40 -41 44 55 -44 -45 -46 46 -48 -49 -50 -51 51 -53 -54 -55 -56 -57 -58 58 -60 60 -62 -63
leaf_value=-0.034093332792365941 -0.02093661306210547 0.0041585767421403264 -0.044607462633702771 0.022487352853976697 -0.013218582839575039 -0.0046294384607642649 -0.038266247207022687 -0.017907991255728305 -0.00095322499283523549 0.054588248111327585 0.0022157475356332198 -0.059928134669026467 -0.037335315436426007 -0.022350898201005776 -0.023233005102394098 0.028312161643250688 -0.0073078891210268289 -0.030347831856239516 -0.045343202430716004 -0.0079040572012300699 -0.033670317329928451 -0.05641236982576428 0.018849880212275485 0.038040506152828626 -0.051361001882030993 -0.019917089452804529 -0.044823336211008591 -0.019503728025016001 0.0053367404988193881 0.0015563080674615756 0.01381071350785675 0.0062840005893165882 -0.034367170284437663 -0.019057922106224885 0.0054329381008113012 -0.0067492933440707831 -0.0028371990689371679 0.040655865458700376 -0.026196976126566872 0.015594419403134651 0.0086834602367787637 0.0063074634828298864 0.0015120183411403356 -0.030300107466246437 0.036016399503363737 0.048311722266147675 0.030717950504472121 -0.0042900639144548098 6.0661248097855046e-05 0.0061107511882122221 0.023112575109368188 0.03270281054334611 0.023823197385001868 -0.064099294432633472 -0.012104174210141134 -0.069736900572572938 -0.011395638292851991 0.01210012614667118 0.0050338512723989079 -0.017571626373494055 0.0033243419825727417 0.010251621727039991
leaf_weight=14251.573703408241 4229.0954612493515 15702.11744594574 8407.9613084793091 20347.063096046448 12921.54655611515 6612.7158279418945 4603.759042263031 5197.1727743148804 17699.137878417969 21376.4033203125 53590.101098179817 4304.0740833282471 2481.3903006315231 14609.600505948067 13183.337642669678 30260.473754882812 7399.4608154296875 1702.5598239898682 9475.4376375675201 75688.183323383331 3762.8410339355469 29461.729064941406 37975.521484375 17014.7216796875 1081.0156416893005 33044.641280651093 37723.039855957031 50044.551979064941 48565.823496818542 29408.612548828125 97838.614128112793 78107.365913391113 33298.076226711273 13718.086898803711 35727.172744750977 73878.951820731163 75161.946522712708 586.94356727600098 11224.250839233398 148415.64990234375 8375.4682521820068 10638.322710752487 3908.5089396238327 39161.99312376976 3176.0451755523682 6992.7990407943726 40209.69473361969 8515.0096206665039 12212.530056118965 9218.4435706138611 12317.095846176147 11133.7255859375 28598.624176025391 4906.5544013977051 11248.100830078125 265.05885815620422 21489.730056762695 42370.002185821533 99724.611217498779 13661.744652271271 4950.2360911369324 29923.658761978149
leaf_count=9806 1893 1681 5626 1095 3188 1801 3469 1885 2521 270 9781 3191 1252 8083 4400 1613 1366 577 7535 20014 2179 29025 3142 529 670 12026 32715 20518 7933 5409 9863 9112 18819 6738 4957 15506 14765 45 4663 12558 1375 2326 1253 24145 250 142 1702 2002 3216 1518 749 557 1615 4738 4635 155 8063 4724 13045 6102 1547 2496
internal_value=-2.89855e-05 0.00960008 -0.0220981 0.0228079 0.00284738 -0.0138164 -0.039643 -0.00542524 0.00652185 0.0363012 -0.00418835 -0.0353746 -0.0206178 -0.0316797 -0.00625307 0.0176351 0.00292068 -0.00471342 -0.0288428 -0.00282731 -0.0257761 -0.0471393 0.0109707 0.0472797 -0.0291154 -0.0128205 -0.0499061 -0.0152259 -0.000913876 0.00424796 0.00942542 0.0104694 -0.0269197 -0.0299008 -0.0011384 -0.00298025 0.000371266 -0.0134233 -0.0182019 0.0145003 0.00568668 -0.00276422 -0.0173145 -0.0332316 0.016201 0.0300611 0.0333253 -0.0167115 -0.00930893 -0.00638239 0.0222188 0.0199691 0.0179673 -0.051707 -0.0155501 0.00445262 -0.0140823 0.00642574 0.00714095 -0.0156637 -0.0120217 0.0140022
internal_weight=1.62308e+06 1.13003e+06 493048 382292 747741 334946 158102 229977 517764 105941 220856 9120.11 176356 76665.9 158590 276351 286143 145406 67155.5 127569 90128.1 81436.3 231621 38391.1 67753.2 57660.2 67184.8 86228.2 136649 42662.7 193645 175946 59345.3 47016.2 163196 127469 123728 4816.04 17837 164118 40960.1 16100.6 18518.1 48637.4 11551.5 67549.6 47202.5 41559.7 36183.7 84906.6 112234 81973.1 70839.4 9510.31 12329.1 10903.4 23971.1 149494 142095 22374.8 18612 42240.8
internal_count=388574 148433 240141 25007 123426 119372 120769 53767 69659 3738 48638 5129 79365 49223 40007 21269 45021 35607 41016 29143 46316 71546 24638 799 36488 18394 61740 33049 25886 7611 21496 18975 30862 25557 30244 25287 22698 1938 6464 14239 7034 4366 9336 31680 1625 2939 1844 14028 12531 21532 7030 5417 4860 8207 5305 2481 9315 19135 17769 9828 7649 3245
cat_boundaries=0 1 2 3 4
cat_threshold=4096 134168 1277 92514
is_linear=0
shrinkage=0.035


Tree=39
num_leaves=63
num_cat=4
split_feature=0 4 50 44 6 4 24 0 2 2 17 32 3 8 26 16 48 48 22 48 1 35 27 37 19 27 24 45 16 27 11 19 24 8 34 2 16 13 32 29 22 27 37 2 16 29 37 10 22 51 0 35 47 35 47 45 17 27 26 17 1 2
split_gain=264201 81684.2 46387 23024.1 20061 10327.9 8347.03 8006.84 5684.68 4589.42 4509.04 4348.16 4217.88 3902.13 3897.03 3890.34 3656.38 3530.28 3441.56 2843.84 3431.51 2828.28 2758.45 2698.97 2307.54 2394.77 2300.54 2292.18 2141.89 2039.18 1981.55 1862.21 1842.52 1834.94 1861.59 1810.63 1800.41 1786.02 1777.27 1741.23 1601.94 1538.94 1773.84 1506.75 1501.59 1496.6 1417.48 1379.79 1362.15 1325.96 1321.1 1279.94 1249.35 1227.57 1480.84 1226.86 1211.92 1158.37 1150.17 1138.41 1440.38 1133.05
threshold=183.15000000000001 152.89000000000001 2.3039999999995175 1383.8400000000004 42.844000000000015 1.0000000180025095e-35 1.5000000000000002 15.000000000000041 1108.4800000000002 2763.6300000000001 1.0000000180025095e-35 103.77000000000002 41.500000000000007 11.500000000000002 70.500000000000014 0 11.500000000000002 2.5000000000000004 1.0000000180025095e-35 2.5000000000000004 3585.4200000000005 12.500000000000002 9656.1900000000005 10728.000000000002 60.210000000000001 1576.9800000000002 7.5000000000000009 4.1000000000000005 1 10904.020000000002 32.95000000000001 92.895000000000024 1.5000000000000002 2.5000000000000004 1.5000000000000002 1918.6700000000003 2 0.10263157894736843 inf 298.50000000000006 59.500000000000007 198.66000000000003 1816.5400000000002 5178.7850000000008 3 298.50000000000006 6464.6100000000015 3139.3800000000006 16.500000000000004 11.00817739085506 57.275000000000013 16.500000000000004 inf 17.500000000000004 12.835000000000003 4.5500000000000007 45.470000000000006 9656.1900000000005 284.50000000000006 1.0000000180025095e-35 575.00000000000011 557.46000000000015
decision_type=10 10 8 10 10 8 8 10 10 10 8 8 2 2 2 9 2 2 2 2 8 2 10 8 10 8 10 10 9 10 10 10 10 2 2 10 9 10 8 2 2 10 8 10 9 2 10 10 2 10 10 2 8 2 8 8 10 10 2 10 8 10
left_child=2 4 7 9 6 11 19 26 16 33 14 31 29 24 49 38 21 -17 -9 -2 28 47 41 37 36 -26 -1 61 40 -5 -19 55 -23 -3 -35 46 -13 -20 -7 -11 -21 42 -10 -43 -34 58 53 -6 -28 -8 -15 -25 -36 -29 -55 -4 -41 -47 -27 -40 -61 -12
right_child=1 3 5 12 8 15 10 18 22 39 27 13 -14 50 -16 17 -18 30 23 20 -22 32 -24 51 25 45 48 35 -30 -31 -32 -33 44 34 52 -37 -38 -39 59 56 -42 43 -44 -45 -46 57 -48 -49 -50 -51 -52 -53 -54 54 -56 -57 -58 -59 -60 60 -62 -63
leaf_value=-0.039844353157483872 -0.012752616242385833 0.028151259762443984 -0.034187412069677077 0.033713913711435825 0.0057324792838981805 -0.0093773070706448594 -0.058439018516082603 -0.054348568794868601 0.0051222585190262033 0.021977975173408864 -0.011226554310765628 -0.0058617158680156402 0.031854306273747038 -0.032519058659332821 -0.055305761795457133 -0.031691907200723742 0.014212923070929908 -0.016513797503743325 -0.043985944399645073 -0.0091588160069806836 0.011379277194295599 0.00049777845832862737 0.024933848336341501 -0.0097174730704080378 -0.01899723908718309 -0.0097048664997089543 -0.059002767470065255 -0.013789932043990091 0.0025323974322346578 0.05308969605101857 -0.0050144412400930736 -0.018110819842590574 0.0025673798563813585 0.0065404368234674047 0.012917813291120257 0.010721668594014968 -0.027475287389971625 -0.028741158025961243 -0.017866050408264448 0.0056489520090554869 0.00033554683742669135 0.009755737280183684 -0.037724001297853686 0.020456002919473366 -0.018651567431706432 0.0050907153919147723 -0.044479048256783317 0.02649889128949005 -0.046520940057369425 0.041435032383238993 -0.021059351840716518 -0.050623228637461534 0.01991863713170592 0.039476448284408681 -0.040392855355898198 -0.054857302793694267 0.038377470706878934 0.043130051504224436 0.0085257387330729094 0.0045428357164481259 0.025539744007962092 -0.0025390038475950174
leaf_weight=32504.449213922024 20799.320294141769 11386.578129529953 17334.594887495041 8849.9381103515625 101121.41068267822 12272.5986328125 204.22417938709259 7034.9413299560547 3918.5207439661026 84017.016784667969 43745.916674017906 6568.6139925718307 41100.770263671875 19515.116938710213 4804.279842376709 9563.2135778665543 35847.10302734375 28796.823258399963 11660.781425118446 49458.661892652512 32001.459297180176 117287.49589538574 17031.0986328125 10671.677809357643 15475.172681808472 18440.620797634125 19589.877279758453 12563.029804468155 98152.584265947342 26905.182250976562 50633.657454490662 7451.9808292388916 6182.6363296508789 35730.739343643188 83507.490244865417 2089.4932861328125 16966.682339668274 48959.387164473534 2125.1655502319336 1547.3051781654358 38884.353870391846 168345.25091552734 1694.8266681432724 17828.285461425781 12044.706237792969 3478.4666047096252 3301.0295555591583 4076.596435546875 23711.839416503906 788.47947728633881 33470.9404296875 1026.3489898443222 49888.41015625 304.06890606880188 4232.339772105217 4417.6051908731461 13323.254209041595 1364.8458709716797 5503.9173431396484 19617.918067932129 5027.2230224609375 31729.682243347168
leaf_count=25165 5058 624 10471 335 13886 3511 140 6556 554 5047 13558 2496 1666 11578 3953 4237 4198 11408 9338 11037 4312 17349 1209 4567 5794 6045 20858 4766 17179 367 13331 3207 1093 3454 7524 434 8930 30569 662 126 7411 17453 473 1333 2970 891 1753 254 22033 95 13909 806 3638 42 2143 3471 507 115 1466 3872 616 6731
internal_value=-2.87065e-05 0.00852385 -0.0234186 0.0225385 0.00249706 -0.0148624 -0.00398137 -0.03875 0.00707592 0.0178717 -0.0122721 -0.021095 0.0395034 -0.0181645 -0.0422631 -0.00756113 0.00378458 -0.0116013 -0.0309782 -0.000386333 0.000790899 0.00223153 0.011435 -0.028704 -0.0126027 -0.00789405 -0.046885 -0.010497 -0.00102605 0.048295 -0.00918359 -0.0332144 -0.00111111 0.0145515 0.0136357 -0.0203045 -0.0214577 -0.0316743 0.00165068 0.0239324 -0.00497933 0.0102361 -0.00781864 0.0107805 -0.0114633 -0.00192498 -0.0234827 0.00653746 -0.052169 0.0208503 -0.0252806 -0.0133104 0.0155362 -0.019427 -0.0350318 -0.0383875 0.0349726 0.0158169 -0.00551418 0.00670714 0.00882674 -0.00757442
internal_weight=1.61788e+06 1.18469e+06 433184 356257 828437 278025 343059 155159 485378 279401 103763 149989 76855.9 120784 5796.98 128037 276560 88993.7 79353.1 239296 218497 240713 208818 72318.2 67798.3 44263 75806.2 97965.6 186496 35755.1 79430.5 29204.2 135515 180513 169127 22490 23535.3 60620.2 39042.9 98887.6 88343 191787 5613.35 186174 18227.3 28787.9 20400.5 105198 43301.7 992.704 52986.1 11698 133396 17099.4 4536.41 21752.2 14870.6 4843.31 23944.5 26770.3 24645.1 75475.6
internal_count=388574 162672 225902 23288 139384 106010 78612 119892 60772 20920 33615 68373 2368 51224 4188 37637 39750 28976 51836 44997 39939 35552 21022 45280 25737 14311 68056 29427 35627 702 24739 17149 21412 15240 14616 9138 11426 39907 8661 5680 18448 19813 1027 18786 4063 8517 8704 14140 42891 235 25487 5373 11162 6951 2185 13942 633 1006 7511 5150 4488 20289
cat_boundaries=0 1 2 3 4
cat_threshold=152600 68084 20629 136328
is_linear=0
shrinkage=0.035


Tree=40
num_leaves=63
num_cat=7
split_feature=6 25 0 4 4 50 2 24 2 27 1 21 27 2 24 14 41 45 24 21 26 22 2 8 16 14 1 25 26 29 16 8 1 17 19 29 25 45 8 42 9 6 16 4 8 1 23 25 16 40 47 16 32 12 17 16 40 26 48 8 2 16
split_gain=247695 73862.9 48113.1 20930.7 15318 12524.8 9448.2 9058.66 5504.04 5126.03 4754.53 3659.36 2984.81 2972.03 2854.4 2796.9 2760.56 2717.88 2628.61 2532.45 2437.83 2420.7 2334.86 2246.32 2228.47 2202.59 2079.43 2216.16 2003.61 1960.95 1877.04 1876.68 1829.28 1797.37 1775.75 1606.58 1592.58 1564.16 1546.75 2062.9 1481.19 1472.08 1455.47 1357.25 1341.14 1346.72 1312.35 1301.07 1300.24 1293.57 1283.76 1224.22 1788.53 1197.01 1187.92 1155.02 1130.58 1127.77 1188.49 1114.77 1146.41 1106.73
threshold=14.973000000000001 250.53000000000006 51.732500000000037 30.245000000000005 864.75000000000011 1.2745587471748807 115.74500000000002 3.5000000000000004 1008.5400000000001 1.0000000180025095e-35 524.43000000000018 872.10000000000014 46.120000000000005 5178.7850000000008 1.5000000000000002 19.500000000000004 706.36500000000012 4.8750000000000009 8.5000000000000018 110.67000000000002 11.000000000000002 41.500000000000007 421.07000000000005 16.500000000000004 0 19.500000000000004 inf 88.546666666666695 100.50000000000001 344.00000000000006 1 11.500000000000002 1032.0950000000003 1801.0000000000002 133.66476190476195 222.50000000000003 8.5606250000000035 8.2500000000000018 2.5000000000000004 2.5000000000000004 120.96000000000005 128.65950000000004 2 45.215000000000011 8.5000000000000018 33.525000000000006 0.68301270189221941 495.03125000000006 3 2392.2450000000003 5422.0350000000008 4 792.00000000000011 7.1925000000000017 1028.9700000000003 5 1566.7350000000004 161.50000000000003 10.500000000000002 19.500000000000004 845.50500000000022 6
decision_type=10 10 10 10 10 8 10 8 10 10 8 10 10 10 10 2 10 10 10 10 2 2 10 2 9 2 8 10 2 2 9 2 8 10 10 2 8 10 2 2 10 10 9 8 2 8 2 10 9 10 8 9 10 10 10 9 10 2 2 2 8 9
left_child=2 3 5 6 13 18 17 10 20 30 24 -6 16 19 -7 61 33 23 44 43 -5 35 37 32 46 49 27 59 29 -10 56 34 38 -8 -22 -20 -26 51 -2 -40 -33 -30 -13 -3 45 -1 48 -21 -4 -12 -27 52 -11 -23 -34 -29 -9 -16 -59 60 -17 -14
right_child=1 4 7 8 11 14 12 9 28 22 25 42 15 -15 57 26 -18 -19 21 47 31 53 -24 -25 36 50 -28 55 41 -31 -32 40 54 -35 -36 -37 -38 -39 39 -41 -42 -43 -44 -45 -46 -47 -48 -49 -50 -51 -52 -53 -54 -55 -56 -57 -58 58 -60 -61 -62 -63
leaf_value=-0.034797681969575465 0.0086197192621600104 0.0037855311976767647 0.009446071663703641 -0.019929072431693701 0.031198976508265912 -0.019337966418061379 -0.01435102112180626 -0.035318760325936553 0.02058779492915595 -0.016748652412785191 -0.033109250963305692 0.053688621065264591 -0.0040186259199968761 0.028933425728777017 -0.025004320059031186 -0.0012802584153866607 -0.050967038968345153 -0.04174214632275116 -0.059898763153970226 0.018321060813598789 -0.0014348455312894279 -0.049329569826133506 -0.0090846837128743252 -0.023765885864665048 -0.0214956099103716 -0.0035131661117245262 0.014841906387148605 0.0033202702039463474 0.00772237624026215 0.00035069515102483802 -0.065837297824765134 -0.0033424255417826478 -0.014039480321610736 0.035594830602532615 0.011065930620395074 -0.042970005144540767 -0.010748630774062963 -0.035898148182505252 -0.01945579976727952 -0.0063950502773471246 0.0050309802712727369 0.014108113631474798 0.038029703772071877 0.015376061483696338 -0.04233949350349038 -0.0095822667178344628 0.0020687350511997761 0.026267427689681197 -0.012260753450564285 -0.0041913152150628618 0.0067892924274402071 -0.023535251718896824 0.019728870512762307 -0.030595046370284745 0.012039334162303544 0.011880055358379099 0.044227115795449141 -0.042150423762725965 -0.027518299151491073 -0.006537122033428636 0.0053406259851875972 -0.019084511187823255
leaf_weight=14808.392560660839 4767.364598274231 16497.269777655602 3735.3599243164062 4750.5421407222748 34499.133950710297 43848.786888122559 6747.2934637069702 2682.7951357364655 50313.97265625 9124.3818980455399 3688.58775806427 19402.494140625 15760.923553466797 36025.08203125 18219.970397949219 105295.06602334976 2370.5837631225586 3594.4789069890976 23329.519559860229 70928.699127197266 16720.03126335144 7347.3843544721603 20283.169059753418 13669.243068218231 35253.965129613876 28876.860877990723 15518.425659179688 54629.03955078125 95313.923478126526 6639.543212890625 4090.6778757572174 36993.692295074463 2934.6895726919174 1014.46178150177 83120.236705780029 9752.0310363769531 32435.854262828827 9495.2189302444458 26262.964762687683 33985.035193443298 86125.315858840942 82508.804793357849 12120.771484375 49552.802417874336 31942.066342353821 3146.9579792022705 14824.945434570312 39200.5322265625 35083.9742000103 3896.361216545105 30426.665855407715 34586.868207812309 2008.2129783630371 9704.785643696785 7890.5976505279541 29882.703689575195 237.47063970565796 16681.362487792969 11495.888305664062 31142.634404182434 46044.9830327034 9625.5153274536133
leaf_count=11123 996 2137 749 1156 1284 20796 1742 2076 3751 4217 1286 240 2921 1713 10498 21038 1208 2021 25448 4971 3260 7089 6193 5408 14474 6299 1818 7514 10583 822 4210 6828 835 85 9780 8907 10090 6446 9652 9407 11192 6832 348 3610 26422 1561 3517 1936 11224 929 5430 17633 509 7593 1295 3473 36 11925 7141 5985 6539 2373
internal_value=-2.84024e-05 0.00864892 -0.021709 0.00364716 0.0243542 -0.0351962 -0.00209869 -0.0122298 0.00875504 -0.0218995 -0.0079909 0.0390774 0.0007721 0.0197732 -0.0257417 0.00138722 -0.0179183 -0.0119048 -0.0437254 0.0179 0.00487801 -0.0493869 -0.0192406 -0.0107062 -0.0121211 -0.000498807 0.00238719 0.00166324 0.0125153 0.0182286 -0.0505259 0.00540666 -0.00835204 -0.00781935 0.00897246 -0.0549098 -0.0163437 -0.0229711 -0.0105701 -0.0120886 0.00251501 0.0106854 0.0476982 0.0124812 -0.0380363 -0.0303791 -0.00678836 0.0211498 -0.0101726 -0.0182567 0.00177271 -0.0202856 -0.0101582 -0.0386697 0.00496883 0.00634885 -0.0287389 -0.0317932 -0.0361819 -0.000506793 0.000734158 -0.00974063
internal_weight=1.61286e+06 1.15185e+06 461009 873622 278227 190277 411136 270731 462486 82508.8 188223 66022.4 318032 212204 90246 307899 10132.3 93104.4 100031 176179 227710 50133.7 75497.9 89509.9 121334 66888.5 282513 266994 234776 56953.5 7010.94 222959 75840.7 7761.76 99840.3 33081.6 67689.8 55214.7 65015.4 60248 123119 177823 31523.3 66050.1 49897.4 17955.4 53644.3 110129 38819.3 7584.95 59303.5 45719.5 11132.6 17052.2 10825.3 84511.7 2920.27 46397.2 28177.3 182483 151340 25386.4
internal_count=388574 154753 233821 138514 16239 138503 84310 95318 54204 41320 53998 1872 54696 14367 50360 51661 3035 29614 88143 12654 32216 49037 34998 27593 40054 13944 46367 44549 21988 4573 6322 31060 22185 1827 13040 34355 24564 28805 20055 19059 18020 17415 588 5747 39106 12684 15490 6907 11973 2215 11729 22359 4726 14682 2130 10987 2112 29564 19066 33562 27577 5294
cat_boundaries=0 1 2 3 4 5 6 7
cat_threshold=154633 200733 4096 1032 134164 18688 152704
is_linear=0
shrinkage=0.035


Tree=41
num_leaves=63
num_cat=0
split_feature=2 9 24 44 6 6 22 0 3 35 24 47 0 22 48 2 10 27 3 48 19 35 23 29 34 45 14 32 22 46 2 24 37 47 4 14 47 45 12 2 4 35 29 45 29 48 24 48 23 42 48 0 29 32 12 27 26 48 37 7 35 47
split_gain=232406 68917.1 51128.1 17551.4 15239.3 13595.7 5958.94 5856.38 5423.28 4454.18 4262.58 4081.77 3997.82 3725.49 3559.57 3075.78 3074.91 2918.39 2768.4 2660.19 2455.71 2258.71 2226.46 2049.68 2159.7 2039.73 2035.74 1970.92 1885.55 1865.14 1800.49 1719.6 1672.81 1672.04 1636.49 1798.79 1618.54 1509.4 1467.32 1459.3 1388.71 1330.56 1262.49 1261.58 1235.73 1234.58 1199.62 1191.4 1201.21 1631.23 1190.59 1285.39 1208.54 1184.19 1167.21 1156.59 1153.49 1149.74 1147.76 1147.42 1123.36 1114.77
threshold=186.06000000000003 430.47000000000008 4.5000000000000009 1383.8400000000004 42.844000000000015 9.6060000000000034 1.0000000180025095e-35 17.47666666666667 41.500000000000007 11.500000000000002 1.0000000180025095e-35 inf 26.460000000000004 1.5000000000000002 2.5000000000000004 3501.3600000000006 1299.4800000000002 10904.020000000002 22.500000000000004 11.500000000000002 32.947500000000012 9.5000000000000018 0.68301270189221941 298.50000000000006 1.5000000000000002 3.0714285714285716 19.500000000000004 1.0000000180025095e-35 1.0000000180025095e-35 inf 57.645000000000003 7.5000000000000009 4749.5200000000004 76.715000000000018 13.470000000000002 18.000000000000004 inf 5.8750000000000009 1024.8233333333337 1918.6700000000003 1.4650000000000001 4.5000000000000009 298.50000000000006 8.2500000000000018 298.50000000000006 10.500000000000002 1.5000000000000002 11.500000000000002 0.68301270189221941 1.5000000000000002 2.5000000000000004 164.31000000000003 298.50000000000006 941.79000000000008 3.8399999999999994 261.90000000000003 192.50000000000003 3.5000000000000004 9702.1800000000003 0.27922077922077926 9.5000000000000018 363.06000000000012
decision_type=10 10 8 10 10 10 2 10 2 2 8 8 10 2 2 10 10 10 2 2 10 2 2 2 2 10 2 10 2 8 10 10 8 8 10 2 8 8 10 10 8 2 2 10 2 2 10 2 2 2 2 10 2 10 10 10 2 2 10 10 2 8
left_child=2 4 5 15 6 12 18 28 17 16 26 19 41 -9 -13 36 20 -5 -2 23 33 56 46 24 -6 50 -8 55 -4 38 -11 61 -28 -7 47 -36 -3 45 -16 43 53 59 -17 -27 -34 -23 57 48 49 -22 -12 -52 -53 -10 -33 -25 -15 -14 -50 -1 -45 -30
right_child=1 3 7 8 11 9 10 13 40 30 25 14 22 21 29 42 -18 -19 -20 -21 34 37 -24 27 -26 39 32 -29 31 -31 -32 54 44 -35 35 -37 -38 -39 -40 -41 -42 -43 -44 60 -46 -47 -48 -49 58 -51 51 52 -54 -55 -56 -57 -58 -59 -60 -61 -62 -63
leaf_value=-0.048286903579030198 -0.014880558301091095 0.012176750601300959 -0.06058240104886467 0.029304217855964553 -0.0050541949798165548 -0.036483311938979718 -0.010461990858680083 -0.052935148557072077 0.019458397410621355 -0.020141806633187292 -0.017149027466705425 -0.0070060341409351927 -0.031348681500721925 -0.0075373139526757572 0.0076357088137305506 0.021680953790601139 0.017673021819089189 0.051380852867482764 -0.06067345220534625 0.012685190214682675 -0.023244282816462163 -0.030972601268783252 -0.0081149029591327908 -0.017249894915398176 0.003515253068146543 -0.013668032374712103 -0.00044343468676610713 0.00044800184786169471 -0.038595001422768595 0.023883087313590637 -0.0095051554211780503 -0.055060894175510987 0.005018813439911827 -0.0075816392773683187 -0.022810764029892763 0.0047627188992974065 0.018690491051588813 -0.039113720969026024 0.014631050435527948 0.0077131098743099128 0.029939945448366957 -0.032151132102850193 0.036017415397492765 0.0027426543001308258 0.019231774539220751 -0.012956978454526478 -0.025686960133678879 0.0088146379942234641 -0.0026247917884210494 -0.0070465986388046501 -0.020525086665562343 -0.0041634853913438 0.0066364869478842091 -0.020052319551801107 -0.042580836931621201 0.016934108040976316 -0.027068712531045151 -0.013969356726673217 0.03919931159088888 -0.015059180783825685 -0.042041941342500333 -0.013938258533657816
leaf_weight=1442.2758409976959 3483.9254207611084 113951.140625 8852.03153860569 10075.03369140625 47683.25269317627 4640.8425931930542 16077.842112779617 8241.2644103765488 5182.0349864959717 31502.956323623657 8271.2027398347855 12263.133422851562 5392.7776561975479 8434.011298418045 69910.894897460938 59722.689208984375 8209.8411865234375 27022.772155761719 3018.7091541290283 40436.97705078125 10608.050060868263 16293.565350294113 25296.151123046875 1268.9453382492065 147361.7041015625 26799.717863678932 90941.372123718262 17546.576878547668 21827.296016693115 16029.6806640625 51150.58154296875 16284.017118930817 56174.557899475098 5199.3967492580414 3143.8828471899033 36953.030319213867 79229.6328125 19335.595211029053 77406.462890625 3361.5205078125 43681.021270275116 40061.594497680664 8611.728759765625 843.71909856796265 8646.3858947753906 6528.9099731445312 28915.003376960754 5665.8832550048828 17648.532897949219 27004.876751422882 5036.6455612182617 76219.830115318298 15227.623047828674 1131.3722710609436 21118.737229824066 26885.934448242188 6605.4417724609375 34466.245361328125 841.12261962890625 10818.462514400482 3669.2747464179993 2505.5098152160645
leaf_count=1047 1664 9817 9777 427 8184 2366 3694 7845 318 12509 2316 1941 2669 3902 8304 3458 872 394 2704 4573 3818 10609 9127 275 19210 8988 16300 2582 17825 1131 14326 17369 9045 1686 1012 6738 5401 14582 6953 665 1813 25988 333 300 1049 3516 14997 1316 4330 7682 1901 16863 2743 139 20090 2691 4040 13665 84 5112 2257 1242
internal_value=-2.81176e-05 0.00871506 -0.0202762 0.0216382 0.00289875 -0.0131811 -0.0029873 -0.0384778 0.0352468 -0.00730817 -0.00229449 0.00699342 -0.0213077 -0.0309342 0.0111799 0.017106 -0.0029993 0.0453862 -0.036145 0.00437875 -0.00451877 -0.0277634 -0.0169937 0.00298351 0.00142024 -0.00684143 0.00139487 0.00965509 -0.0454705 0.0125452 -0.0135595 -0.0433028 0.0026188 -0.0212145 -0.00290576 0.00260025 0.0148483 -0.0319177 0.0113114 -0.0141994 0.0277222 -0.0290632 0.0234882 -0.0165519 0.00691493 -0.0258196 -0.0202593 -0.00647996 -0.00802471 -0.0116154 -0.00440583 -0.00331324 -0.00236505 0.012376 -0.0480156 0.0153929 -0.0161169 -0.0163214 -0.000720133 -0.0189715 -0.0336706 -0.0360568
internal_weight=1.60816e+06 1.12317e+06 484988 348607 774566 348962 317772 136026 87092.2 202569 311270 456794 146393 65438.8 175610 261515 119915 37097.8 6502.63 281183 111706 57197.5 94070.2 240746 195045 139430 171840 45701.5 70587.6 163347 82653.5 61735.6 155762 9840.24 101865 40096.9 193181 42158.1 147317 34674.2 49994.4 52322.3 68334.4 31312.7 64820.9 22822.5 68774 61768.5 56102.6 37612.9 104755 96484.1 91447.5 6313.41 37402.8 28154.9 15039.5 39859 18489.7 12260.7 4512.99 24332.8
internal_count=388574 148433 240141 22100 126333 129344 70489 110797 3091 56739 66121 55844 72605 44494 18329 19009 29904 821 4368 37515 29032 36649 40458 32942 27394 36033 30088 5548 66303 16388 26835 56526 26394 4052 24980 7750 15218 28707 15257 12210 2270 32147 3791 11545 10094 14125 31331 17230 15914 11500 23823 21507 19606 457 37459 2966 7942 16334 4414 6159 2557 19067
is_linear=0
shrinkage=0.035


Tree=42
num_leaves=63
num_cat=6
split_feature=2 9 24 4 6 6 27 24 45 2 24 44 8 6 14 1 48 22 3 10 16 22 3 12 14 8 51 21 14 19 35 41 26 26 16 26 19 41 16 19 2 48 8 26 16 40 32 30 26 2 16 22 26 16 13 17 29 26 24 12 35 37
split_gain=217479 69621 43057 17098.9 16789.7 11012.5 6707.62 4985.85 4872.77 4104.51 4019.49 3814.92 3765.38 3701.23 3242.47 3349.29 2871.51 2772.31 2727.79 2695.66 2545.55 2536.7 2506.41 2496.6 2440.8 2431.41 2286.05 1953.39 1838.83 1832.74 1811.49 1799.24 1942.56 1795.94 1732.07 1679.35 1660.86 1641.69 1576.66 1524.6 1503.95 1494.46 1466.69 1408.41 1396.65 1388.07 1371.33 1368.66 1355.75 1308.17 1258.4 1244.8 1243.14 1240.78 1230.22 1225.89 2029.45 1195.4 1156.98 1146.14 1130.52 1130.04
threshold=139.26000000000002 430.47000000000008 4.5000000000000009 864.75000000000011 42.844000000000015 11.520000000000007 1.0000000180025095e-35 8.5000000000000018 2.0454545454545459 2763.6300000000001 1.5000000000000002 1383.8400000000004 7.5000000000000009 348.77500000000003 19.500000000000004 inf 11.500000000000002 1.0000000180025095e-35 22.500000000000004 1299.4800000000002 0 39.500000000000007 41.500000000000007 58.085833333333341 19.500000000000004 15.500000000000002 189.31965343479749 1.0000000180025095e-35 19.500000000000004 454.0585714285715 16.500000000000004 inf 223.50000000000003 161.50000000000003 1 146.50000000000003 21.993000000000006 2500.3800000000006 2 71.576666666666682 355.28000000000009 2.5000000000000004 4.5000000000000009 70.500000000000014 3 23.108333333333338 4046.0300000000002 1.0000000180025095e-35 100.50000000000001 1108.4800000000002 4 8.5000000000000018 100.50000000000001 5 0.46410256410256417 1.0000000180025095e-35 358.00000000000006 100.50000000000001 12.500000000000002 24.41833333333334 9.5000000000000018 7268.9399999999996
decision_type=10 10 8 10 8 8 10 10 8 10 10 10 2 10 2 8 2 2 2 10 9 2 2 10 2 2 8 10 2 10 2 8 2 2 9 2 10 8 9 10 10 2 2 2 9 10 8 8 2 10 9 2 2 9 10 10 2 2 10 10 2 8
left_child=2 4 5 13 6 10 18 17 24 14 20 -5 19 49 53 16 27 50 55 36 46 34 -13 31 -8 29 28 45 -10 -26 39 -19 47 -12 -9 -36 -7 -35 43 -14 -27 -22 -23 -30 -38 -16 -1 -33 -15 -3 -4 -11 -51 -6 -46 56 -2 -47 -40 -43 -25 -31
right_child=1 3 7 11 9 12 8 21 26 51 33 22 30 48 15 -17 -18 23 -20 -21 41 42 -24 60 25 40 -28 -29 38 61 -32 32 -34 37 35 -37 44 -39 58 -41 -42 59 -44 -45 54 57 -48 -49 -50 52 -52 -53 -54 -55 -56 -57 -58 -59 -60 -61 -62 -63
leaf_value=-0.016015544477900011 -0.054039196734110333 0.0096018929043545417 -0.021736819413699097 0.023232558347687764 0.0014468957642174228 -0.027373209066938645 -0.01130435636388449 -0.036264354162246298 -0.029037268111024445 -5.1696497269741776e-05 -0.020384894362526794 0.04883488611905052 -0.022346650054150284 0.028771845407680557 -0.068852993667015208 0.015713830140875139 0.013008503493766789 -0.040608765609582868 -0.060620552389260111 0.021710100986990895 -0.034716456324796738 -0.064982761762338054 0.0324031848957703 -0.0096993591051175859 -0.00053025049100343324 -0.010641824506946927 0.014061363041621779 0.0056944908987732589 -4.4884575220263368e-05 0.0046263529211019666 -0.021263988664640788 0.034008319568493123 -0.039050113579797908 -0.044439197376540555 -0.042604716762577856 -0.060496019619665706 -0.045932075480799785 -0.027929229073080659 -0.0026674921169265024 -0.0073920497552264824 -0.00085336680184878858 -0.025613199808275915 -0.032825641758205654 -0.016183241435555541 -0.012603097051941809 0.0056649935792262027 0.0042542676927686497 -0.016335712369925311 0.019899729646473456 0.023521029970295305 -0.060674134259959128 0.016291509409547395 0.014379598262635431 -0.011265348704344888 0.0019017911837438787 0.00065383699053329848 0.050242206145555607 -0.003067597487242283 -0.056210169110777988 -0.014266801252538524 -0.025932864721821994 0.014145940478544627
leaf_weight=6732.2725805044174 1537.3813755512238 55801.30447435379 1298.0313372612 17802.61495923996 19973.117797851562 3229.4997451305389 22732.700957775116 7825.0467910766602 6458.7338242530823 6324.2331314086914 26967.835654258728 28345.280429840088 9588.861234664917 28761.62548828125 362.23291349411011 40602.609375 47643.408020019531 26119.662744164467 3267.7257823944092 5993.4002685546875 6563.1163885593414 1917.9412956833839 19007.133632659912 7179.1373208761215 59843.492649793625 25609.633980989456 4671.218994140625 193253.11671876907 7904.7851420640945 44873.311447143555 19691.53332567215 761.77647244930267 5290.5407463312149 9910.6181411743164 9300.4124183654785 20893.327869415283 839.69626021385193 28918.973899841309 31014.070870757103 64669.716960906982 77158.272705078125 14534.455584049225 18512.905872285366 40897.210713863373 8724.5189340114594 28143.144268274307 10409.00847196579 4983.8127861022949 79274.37939453125 22419.810546875 5452.6081652641296 58686.030540466309 97425.44091796875 17766.770210266113 39996.327820539474 2127.5625598430634 267.70520401000977 60442.185970067978 501.39192008972168 43709.653638362885 19626.039031028748 23159.415817260742
leaf_count=2855 1337 5492 932 826 2934 1431 5585 7049 2605 795 14008 459 3982 1322 275 3721 5383 22552 2999 535 3712 2196 634 3126 12614 7122 944 24529 2089 7196 7455 169 4280 7260 8541 23529 403 17015 8011 18475 13535 8225 15246 14121 2949 3659 2807 2766 4611 1345 5693 4837 7617 3288 8347 614 27 9536 362 17996 11763 2853
internal_value=-2.77597e-05 0.00776916 -0.021334 0.020878 0.00222775 -0.0140696 -0.00356037 -0.0382336 -0.00286217 0.0065337 -0.0208822 0.037047 -0.00747937 0.0171643 0.00523279 0.00622845 0.00506079 -0.0319806 -0.0369919 -0.000531881 -0.015709 -0.0457977 0.0422401 -0.0297283 -0.000362625 0.000715856 -0.00978768 0.00371895 -0.0110716 0.00393735 -0.0118263 -0.0356019 -0.0237494 -0.0273249 -0.0511438 -0.0549684 -0.00305744 -0.0321442 -0.00962658 -0.00932338 -0.00329272 -0.0188804 -0.0358474 -0.0135665 -0.00147244 -0.000573237 -0.00370505 -0.00965611 0.0222619 0.0140288 -0.0533136 0.0147017 0.0160899 -0.00454038 -0.000695685 -0.017348 -0.0385544 -0.000293262 -0.00351996 -0.0170986 -0.0215856 0.00786713
internal_weight=1.6037e+06 1.17406e+06 429641 348838 825221 300479 352025 129161 344824 473197 147746 65155 152734 283683 408187 370447 329844 70711.6 7200.37 58783.4 81948.5 58449.6 47352.4 63961 253377 230644 91447.4 282201 86776.2 127876 93950.1 37155.8 11036.1 65797.4 38018.8 30193.7 52790 38829.6 80317.5 74258.6 102768 64807.2 20430.8 48802 49560.5 88947.6 17141.3 5745.59 108036 175647 6750.64 65010.3 119845 37739.9 48720.8 3932.65 1805.09 88585.3 31515.5 58244.1 26805.2 68032.7
internal_count=388574 163277 225297 22306 140971 117455 82014 107842 77037 58957 73878 1919 43577 20387 53325 47103 43382 51281 4977 13665 35595 56561 1093 44656 48905 43320 28132 37999 27188 22663 29912 29767 7215 38283 39119 32070 13130 24275 24583 22457 20657 29933 17442 16210 11699 13470 5662 2935 5933 14454 6625 5632 8962 6222 11296 1978 1364 13195 8373 26221 14889 10049
cat_boundaries=0 1 2 3 4 5 6
cat_threshold=148505 3077 90593 73794 149 21632
is_linear=0
shrinkage=0.035


Tree=43
num_leaves=63
num_cat=6
split_feature=0 4 50 44 6 4 0 27 45 2 8 32 2 27 35 14 48 47 8 3 8 27 35 19 19 25 29 27 24 27 19 19 48 40 29 45 2 34 29 16 2 35 26 8 21 16 27 27 37 24 47 2 0 45 14 16 16 16 27 16 23 2
split_gain=204437 64375.2 38803.4 19396.4 14742.4 8490.81 7561.26 6604.08 4790.26 4522.92 4095.15 3890.95 3859.6 3453.72 3438.04 3271.95 3128.15 3015.73 2866.37 2681.26 2674.69 2467.55 2435.04 2244.21 2232.27 2157.93 2034.63 2396.37 1978.82 1806.72 1753.09 1724.46 1714.97 1944.22 1901.07 1629.02 1611.38 1577.58 1530.22 1516.42 1484.82 1464.34 1432.72 1564.63 1480.09 1413.44 1378.1 1341.97 1645.99 1267.58 1537.84 1264.57 1259.85 1255.31 1250.4 1245.82 1232.11 1215.61 1193.71 1184.54 1467.36 1337.36
threshold=183.15000000000001 152.89000000000001 2.3039999999995175 1383.8400000000004 42.844000000000015 1.0000000180025095e-35 12.888333333333335 1.0000000180025095e-35 3.5500000000000003 1108.4800000000002 7.5000000000000009 103.77000000000002 3501.3600000000006 1.0000000180025095e-35 11.500000000000002 18.000000000000004 11.500000000000002 10.125000000000002 4.5000000000000009 22.500000000000004 9.5000000000000018 9656.1900000000005 12.500000000000002 49.610000000000007 1932.7608333333335 21.974166666666672 298.50000000000006 9656.1900000000005 14.500000000000002 1486.3699999999999 60.210000000000001 92.895000000000024 2.5000000000000004 1879.9233333333334 298.50000000000006 13.500000000000002 1918.6700000000003 2.5000000000000004 298.50000000000006 0 5178.7850000000008 13.500000000000002 100.50000000000001 2.5000000000000004 15.850000000000001 1 1486.3699999999999 198.66000000000003 1816.5400000000002 7.5000000000000009 10.125000000000002 5178.7850000000008 51.732500000000037 4.5500000000000007 19.500000000000004 2 3 4 1032.4000000000003 5 0.68301270189221941 355.28000000000009
decision_type=10 10 8 10 10 8 10 10 10 10 2 8 10 10 2 2 2 10 2 2 2 10 2 10 10 10 2 10 10 10 8 10 2 10 2 8 10 2 2 9 10 2 2 2 10 9 10 10 8 10 10 10 10 8 2 9 9 9 10 9 2 10
left_child=2 4 6 12 7 11 28 19 17 16 24 31 29 55 26 45 22 32 38 -2 -15 47 -6 -20 -5 39 30 58 -1 -3 57 53 33 -9 -34 52 49 59 -17 -19 -12 -25 43 -31 -44 -7 -32 48 -11 -10 -51 -49 -22 -4 -45 -8 -54 -13 -28 -24 61 -61
right_child=1 3 5 10 9 15 13 8 36 21 40 14 -14 20 -16 18 -18 25 23 -21 35 -23 37 41 -26 -27 27 -29 -30 42 46 -33 34 -35 -36 -37 -38 -39 -40 -41 -42 -43 44 54 -46 -47 -48 51 -50 50 -52 -53 56 -55 -56 -57 -58 -59 -60 60 -62 -63
leaf_value=-0.041342756908127616 -0.016709856665687479 0.0052865464668796465 -0.031298516335073273 0.029331099866091379 0.0057055054131742375 -0.0010137992019094908 -0.064468008941722887 -0.031955317983337526 -0.013492502576504278 0.0043792992953780776 0.020945518667355865 -0.011500290993616602 0.02280580553161363 -0.015017707568604814 -0.022984661293449546 0.00090222290946678145 0.012808819537197164 -0.0016574682349929672 -0.019836729250664081 -0.060236515847684906 -0.033823649039565917 0.022838676028614963 0.0018087201317476308 -0.0020916655616598006 0.049286048188231582 -0.00093251764710981452 -0.015971848879778566 0.042318217623261378 -0.057699529505477361 0.036719212694571665 -0.019682637002586233 -0.015882476021697907 0.0025835529250038008 0.002579497884811668 0.015958326840736906 -0.047952550135963043 0.008554098124232164 0.0029351586176376548 0.021504476068731463 -0.012039954327614844 0.03497853496219102 -0.012531327978158051 0.0070642248966560064 -0.0073162431668736981 0.015242292923258276 -0.032722502999349881 -0.0048266230803458788 0.0084167379543833108 -0.037123620210113943 0.012136276991175083 -0.035551087891425255 0.01826751054438076 -0.008420595665300408 -0.052748997029249865 0.019015229580460244 -0.033996450023971309 -0.026751049168299221 -0.029504090075357998 0.0062034225453718814 -0.020798405276985038 0.0022923754001415854 -0.006775934506101461
leaf_weight=56611.29418605566 3691.6364269256592 29116.412889480591 16864.021180868149 9159.9523601531982 104916.18084335327 2223.3675537109375 4000.979419708252 3455.8299187421799 22847.724595427513 3899.1992146968842 18937.936555862427 7631.9302185773849 71498.3603515625 20198.828711509705 50378.589217066765 17094.111145853996 35686.0634765625 26207.025748729706 15249.158950448036 3269.506233215332 23001.563616037369 16794.430908203125 23732.290390014648 55764.083978056908 27505.219482421875 116974.74025797844 5535.5687294006348 1539.4522171020508 10795.951941490173 5947.5687327384949 11010.665679454803 7374.9925508499146 83701.987548828125 4728.2146034240723 15415.416381835938 5528.7640902996063 3169.3976440429688 58450.902465820312 5953.787353515625 50391.065029859543 18043.4228515625 23350.612051129341 38650.464015007019 2343.2171177864075 90810.617405891418 7769.2994509935379 25052.51921081543 167782.41870117188 1671.6872599124908 941.20842719078064 6884.2867555618286 17642.582275390625 5884.3361625671387 4171.2916756868362 38491.615264892578 2950.6241569519043 19430.606479644775 11712.398056745529 6423.2274398803711 11942.562000274658 13657.800537109375 27556.875640869141
leaf_count=52096 1826 2945 10471 358 14140 581 4561 1110 7596 554 982 3379 3986 10751 24717 3813 4198 5826 6768 3057 17877 1209 3708 14078 452 22980 2155 139 12531 236 4377 3207 14517 941 2081 5037 619 7906 868 13836 576 7954 3707 278 7090 3575 7999 17453 473 288 3935 1333 2815 3471 2678 2474 11750 6670 1788 3121 2094 4583
internal_value=-2.75452e-05 0.00748188 -0.0208786 0.0200487 0.00214544 -0.0130972 -0.0353029 -0.00342013 -0.00271835 0.00607661 0.0360124 -0.0188081 0.0158022 -0.0280951 -0.0160354 -0.00647665 0.00313977 -0.00131407 -0.00484022 -0.0371592 -0.0258799 0.00997666 0.00170355 -0.00754287 0.0443017 -0.00392293 -0.0109544 0.0012306 -0.0439633 0.0133637 -0.0139229 -0.0304486 0.00339234 -0.0120054 0.00466383 -0.0299542 -0.0152026 -0.0013988 0.00622495 -0.00848958 0.0277931 -0.00517304 0.014698 0.0199477 0.0128008 -0.0257019 -0.00936282 0.00884558 -0.00807914 -0.0176575 -0.0298147 0.0093541 -0.0278937 -0.0355544 0.0175041 -0.0516827 -0.0225046 -0.0224232 -0.00406169 -0.00469344 -0.00759525 -0.011016
internal_weight=1.59942e+06 1.17592e+06 423502 350505 825411 275099 148403 341678 334717 483733 73646.5 147695 276858 80995.7 119284 127404 275943 300874 117412 6961.14 74044.1 207790 240257 94363.9 36665.2 193573 68905.8 13498.2 67407.2 205360 55407.5 28410.3 107301 8184.04 99117.4 53845.3 33842.6 135340 23047.9 76598.1 36981.4 79114.7 176243 46782.4 129461 9992.67 36063.2 190996 5570.89 30673.2 7825.5 185425 48316.5 21035.3 40834.8 6951.6 25314.9 19344.3 11958.8 76889.5 53157.2 39499.4
internal_count=388574 162672 225902 23288 139384 106010 119892 78612 73729 60772 2368 68373 20920 55265 51224 37637 39750 61291 33481 4883 48230 21022 35552 28800 810 42642 26507 4082 64627 16934 22425 17149 18649 2051 16598 37479 12438 21412 4681 19662 1558 22032 13989 3192 10797 4156 12376 19813 1027 11819 4223 18786 32442 13942 2956 7035 14565 10049 3943 13506 9798 7704
cat_boundaries=0 1 2 3 4 5 6
cat_threshold=146441 20480 162114 134148 28885 136328
is_linear=0
shrinkage=0.035


Tree=44
num_leaves=63
num_cat=6
split_feature=0 25 50 4 4 4 0 40 2 45 32 21 40 35 16 48 37 48 2 16 16 26 8 26 26 21 24 26 29 27 45 9 23 19 19 16 51 33 18 47 47 48 24 2 47 18 1 6 32 27 37 15 48 26 4 17 41 39 16 16 22 24
split_gain=191240 60805.3 36941.5 20174.8 12795.8 7969.44 7349.87 5519.02 4798.49 4354.94 3693.7 3532.59 3439.46 3225.64 3154.4 2960.47 2658.69 2604.94 2495.92 2402.76 2337.34 2564.96 2332.94 2154.06 2039.67 2010 2005.73 1927.3 1898.81 2259.43 1879.05 1856.32 1824.6 1706.61 1649.01 1620.46 1560.57 1549.89 1496.97 1496.96 1450.41 1494.76 1417.43 1404.27 1394.26 1375.62 1577.16 1326.95 1300.17 1290.13 1264.42 1262.59 1253.27 1310.88 1272.73 1239.64 1200.84 1418.05 1271.68 1156.49 1149.75 1148.77
threshold=183.15000000000001 250.53000000000006 2.3039999999995175 12.245000000000003 864.75000000000011 1.0000000180025095e-35 12.888333333333335 1.0000000180025095e-35 1231.9200000000003 2.0454545454545459 103.77000000000002 872.10000000000014 1.0000000180025095e-35 11.500000000000002 0 2.5000000000000004 12132.270000000002 11.500000000000002 5178.7850000000008 1 2 100.50000000000001 11.500000000000002 11.000000000000002 100.50000000000001 110.67000000000002 14.500000000000002 39.500000000000007 298.50000000000006 9656.1900000000005 8.2500000000000018 120.96000000000005 0.68301270189221941 21.993000000000006 60.210000000000001 3 9.2313162615454427 11.500000000000002 21462.930000000004 857.43000000000018 10.125000000000002 9.5000000000000018 7.5000000000000009 355.28000000000009 394.96000000000009 655.74250000000018 5312.0000000000009 128.65950000000004 28.990000000000006 1486.3699999999999 357.79500000000002 0.20241662471314523 11.500000000000002 85.500000000000014 49.340000000000011 1.0000000180025095e-35 inf 36.025000000000006 4 5 7.5000000000000009 12.500000000000002
decision_type=10 10 8 10 10 8 10 10 10 10 8 10 10 2 9 2 8 2 10 9 9 2 2 2 2 10 10 2 2 10 8 10 2 10 8 9 10 2 10 8 10 2 10 10 8 10 8 10 10 10 10 10 2 2 10 10 8 8 9 9 2 10
left_child=2 3 6 7 18 10 26 27 22 17 33 -6 -8 28 39 -16 30 19 25 43 61 48 23 -5 32 -3 56 -2 34 -30 60 -24 -10 -4 59 -29 44 45 -13 -7 41 -23 -42 50 -17 -21 -47 -26 -22 -36 -9 -50 53 -27 -55 -41 58 -58 -1 -12 -14 -11
right_child=1 4 5 8 11 14 12 9 24 20 13 38 16 -15 15 36 -18 -19 -20 37 21 40 31 -25 47 52 -28 35 29 -31 -32 -33 -34 -35 49 -37 -38 -39 -40 55 42 -43 -44 -45 -46 46 -48 -49 51 -51 -52 -53 -54 54 -56 -57 57 -59 -60 -61 -62 -63
leaf_value=-0.051288919012052306 0.038311990532911212 0.010906764511169306 -0.046832558640082858 -0.016733189515139957 0.027777984535108116 -0.0039010511801859942 -0.059168708652952116 0.0044149566179127603 -0.00073741977926881637 -0.0019817003773216412 -0.032696256572698479 0.033667263629358436 -0.035499952746161842 -0.022264259299648176 -0.028580493606620367 -0.02027358329051393 -0.0099596734444072962 0.0089096023219111687 0.026052365467794811 -0.015509424001662116 0.0078488202680993858 -0.014218757895219064 -0.002167130880125235 0.0096989738673289687 0.0064272869526559358 0.02560529301021406 -0.057036762829576947 0.018494951687383195 -0.0039235999543881898 0.041367348403678797 -0.038934486001048971 0.0048385437625819904 0.019076381603310589 -0.025301162743575498 -0.019046508420394362 -0.062838317999122734 -0.0030563644451520352 -0.029715805072988349 0.050136509157374012 -0.015455343217378856 -0.018280203422577825 0.016691614207477876 -0.039927092177265762 0.0030571767368478536 -0.0067048718875334767 -0.0055034288717062362 0.0090016946398928932 0.012697467866542477 -0.039150585160409923 -0.004658474973409191 -0.0086626790721065113 -0.0027235970270406973 0.029441358197752069 0.0070560573593258348 0.017804681580502271 0.013549837046865795 -0.03737281216944674 -0.0079405968612310425 -0.038684066770974024 -0.0149759673252534 -0.022313011305487213 -0.05881880797585945
leaf_weight=14924.21993637085 298.13067483901978 63730.993866920471 5637.8187580108643 3925.918270111084 33557.433653831482 22223.696487426758 3945.1178588867188 13278.210314154625 6407.36669921875 39584.764401555061 7314.2700729370117 10431.5859375 10202.615007638931 50191.80361521244 9311.1311507225037 17086.669316411018 11270.963897705078 31231.810722351074 35336.80078125 13806.988005876541 8703.9760326147079 6666.7731988430023 74582.16231918335 98891.309448242188 92616.923367023468 19186.482299804688 10543.655391216278 335.13768672943115 11947.151145935059 1520.090389251709 15671.798328638077 122322.57853317261 51085.64794921875 22562.045773029327 10980.739801883698 2910.7051849365234 41653.972007274628 3306.412841796875 19267.5390625 2058.2983322143555 31785.137002825737 2688.5225372314453 4194.6430667638779 107606.96698379517 20298.316623091698 67245.077415943146 10633.95611000061 74692.612765789032 1681.8160970211029 25048.417877197266 28481.842239379883 3793.0464498996735 11930.272033691406 17419.178357601166 59926.874163150787 14624.867301940918 7594.8509774208069 2725.4816913604736 30687.616984426975 11951.335859179497 39357.656762599945 439.46797835826874
leaf_count=15956 56 5471 4551 902 1284 5691 4510 2559 806 9799 4408 320 7869 24717 4237 7475 5170 4801 1723 3625 1709 1772 13718 11884 10410 1063 12531 119 3943 139 13318 15425 3846 12598 4377 3194 11271 1000 268 647 10065 440 2544 16634 5993 14421 1596 6136 875 7999 6966 1080 600 1506 3721 2323 5884 1623 28633 5641 24398 334
internal_value=-2.72005e-05 0.00723245 -0.0202551 0.002871 0.0217798 -0.0126717 -0.0344184 -0.00328547 0.00731557 -0.00287471 -0.0182184 0.0355606 -0.0273017 -0.0155183 -0.00625768 -0.00991376 -0.0256577 -0.000608326 0.0175792 -0.00182485 -0.00914956 -0.013547 0.00441635 0.00868955 0.011181 0.0158402 -0.0430303 -0.0467515 -0.0105939 0.00119123 -0.0283698 0.00218499 0.0168682 -0.0296073 -0.0134642 -0.054574 -0.00771566 -0.00617649 0.0443531 0.00204665 -0.0176127 -0.00533491 -0.0208049 0.000943017 -0.0129068 -0.00532797 -0.00352274 0.00922657 -0.000556628 -0.00904398 -0.00450445 -0.0139187 0.0187389 0.0174159 0.0153841 0.00997059 -0.040389 -0.0296016 -0.0428291 -0.0217296 -0.0250284 -0.00260658
internal_weight=1.59532e+06 1.17399e+06 421335 903198 270787 274411 146924 378673 524525 375129 147154 63256.6 80448.2 118954 127257 88350.1 76503 275591 207531 244359 99538.1 59513.9 299722 102817 224803 172194 66475.8 3543.97 68762 13467.2 65232.1 196905 57493 28199.9 55294.8 3245.84 79039 94992.4 29699.1 38906.9 45335.1 9355.3 35979.8 149367 37385 91686 77879 167310 14178.8 36029.2 41760.1 5474.86 108463 96532.5 77346.1 16683.2 55932.2 10320.3 45611.8 19265.6 49560.3 40024.2
internal_count=388574 162672 225902 146716 15956 106010 119892 83589 63127 80220 68373 1872 55265 51224 37637 28976 50755 51602 14084 46801 28618 18485 41929 12786 21198 12361 64627 3369 26507 4082 45585 29143 4652 17149 22425 3313 24739 20642 588 8661 14821 2212 12609 26159 13468 19642 16017 16546 3664 12376 9525 1955 6890 6290 5227 2970 52096 7507 44589 10049 32267 10133
cat_boundaries=0 1 2 3 4 5 6
cat_threshold=152600 152585 138264 1041 28906 298
is_linear=0
shrinkage=0.035


Tree=45
num_leaves=63
num_cat=8
split_feature=2 25 24 4 24 25 27 44 2 27 12 8 3 25 24 2 3 41 14 10 18 8 16 48 26 30 51 2 26 26 46 23 47 16 16 16 48 19 35 35 22 48 29 39 40 27 16 13 31 29 18 48 10 20 8 35 26 16 16 14 16 12
split_gain=179529 58531.5 37736.5 16230.7 13796.1 9349.69 5885.23 5263.19 5261.02 5119.65 4578.27 4180.25 3950.22 3845.11 2898.57 2870.78 2827.35 2561.39 2452.72 2415.74 2359.99 2319.05 2312.18 2122.39 2108.13 2073.47 2028.92 1875.44 1842.61 1829.09 1802.66 1762.92 1664.66 1742.82 1593.56 1545.06 1471.39 1454.52 1469.18 1443.7 1548.34 1435.33 1414.54 1407.29 1394.26 1391.16 1359.62 1334.85 1302.31 1269.44 1266.69 1250.43 1241.26 1221.38 1307.05 1200.84 1171.81 1150.97 1149.56 1137.26 1127.19 1121.2
threshold=139.26000000000002 172.91833333333335 4.5000000000000009 576.09000000000003 1.0000000180025095e-35 9.3618181818181849 1.0000000180025095e-35 1383.8400000000004 1008.5400000000001 1.0000000180025095e-35 58.085833333333341 7.5000000000000009 22.500000000000004 30.365454545454543 1.5000000000000002 25.425000000000004 41.500000000000007 inf 19.500000000000004 1299.4800000000002 7972.6575000000003 6.5000000000000009 0 2.5000000000000004 223.50000000000003 20.490000000000034 26.5085283948187 1008.5400000000001 100.50000000000001 100.50000000000001 11.590000000000002 0.68301270189221941 inf 1 2 3 11.500000000000002 44.88600000000001 11.500000000000002 9.5000000000000018 13.500000000000002 9.5000000000000018 344.00000000000006 45.95000000000001 1566.7350000000004 10904.020000000002 4 0.46410256410256417 1.0000000180025095e-35 298.50000000000006 10558.677000000001 2.5000000000000004 1.0800000000000145 2.038896652994842 7.5000000000000009 25.500000000000004 70.500000000000014 5 6 19.500000000000004 7 289.16100000000006
decision_type=10 10 8 10 8 8 10 10 10 10 10 2 2 8 10 10 2 8 2 10 10 2 9 2 2 10 10 10 2 2 10 2 8 9 9 9 2 10 2 2 2 2 2 8 10 10 9 10 2 2 10 2 10 10 2 2 2 9 9 2 9 10
left_child=2 4 5 20 8 14 12 -5 18 57 17 19 44 23 22 30 45 25 -2 34 27 -20 -1 -8 50 -11 -23 53 42 -22 -13 41 33 61 -7 -16 55 -37 -39 -12 -41 -17 -10 46 58 -9 -27 -36 -30 -29 -19 -24 -42 54 -3 -31 -35 -4 -6 -51 -15 -25
right_child=1 3 9 7 6 11 13 16 28 10 39 15 -14 60 35 31 -18 24 21 -21 29 26 51 32 -26 43 -28 49 48 36 -32 -33 -34 56 47 37 -38 38 -40 40 52 -43 -44 -45 -46 -47 -48 -49 -50 59 -52 -53 -54 -55 -56 -57 -58 -59 -60 -61 -62 -63
leaf_value=-0.0020896080122640498 -0.0077983525306107018 0.0067161049988767032 -0.032453183027479071 0.021851049724279575 -0.0050690454015319564 -0.037752186778912331 -0.027384462492763467 0.030287882306729994 0.016370733096252758 -0.051091900180122177 -0.010836472369787138 -0.033192943272980481 -0.058039103982370117 0.0043657108243173341 0.006582964924900566 -0.015695495716971066 0.02934956618808551 -0.013838736216866685 0.01207122584668849 0.020472184153161401 0.029133029589841129 -0.0024168737496500729 -0.035778083367150375 -0.013661388333399421 -0.037802310705831288 -0.050378152438166846 0.0041137440467158507 0.012891377098411995 0.008751959569126137 0.01222881859777088 -0.015393443518046531 0.00030841560397869874 -9.8436675134505448e-05 0.0038451395158765056 -0.0125389846034244 -0.035099285105293483 0.03067944542356241 -0.013172231608727668 -0.029551969664579944 -0.040150270975816152 -0.040801733152247416 -0.0047949239307558842 -0.00058701555908337929 -0.049321610385399658 0.038735802184852862 0.049350974480952353 -0.03088791903502688 0.00074798752604362032 0.0016774281338083142 -0.0032019935390943939 0.039147532162159229 -0.017210800411406938 -0.018087076981289727 0.0094225310361226375 -0.016507834040576905 0.036637604353847109 -0.015151660108593857 -0.06038310908651176 -0.040888663733004364 0.024684610241625736 -0.0024063064845881972 0.0031914082350332604
leaf_weight=12318.35018157959 29258.843752264977 6960.2276002168655 2253.1741442084312 46005.310097694397 2926.7045167088509 1553.9367294311523 7092.6873550415039 5904.0858306884766 49665.75244140625 18068.308275938034 8791.4314145445824 9413.8292217254639 4107.3157196044922 46556.381103515625 1629.789285838604 36362.173004150391 24946.36457824707 5130.4498184919357 29857.391450881958 5963.003173828125 18390.400146484375 91185.54972743988 4911.7898000478745 7017.0439344644547 5991.4235183000565 5218.2920653820038 161469.89597988129 131115.66288757324 131537.44109010696 40069.531176567078 26859.069263458252 21903.057586669922 26870.525085449219 4322.9087094068527 11623.879725694656 20774.183390676975 7358.4224853515625 11355.93176484108 16398.019517421722 7978.1910662651062 3559.8579621315002 24953.000610351562 6857.762939453125 9035.910795211792 583.36004483699799 22914.690216064453 29746.517093241215 45571.890364408493 42070.633616924286 1974.0938262939453 618.43037414550781 46600.710868835449 17127.094964981079 41860.633274078369 5174.9758785963058 2630.5287599563599 49758.600379943848 11474.416348993778 1755.597377717495 19339.2841796875 85180.781326293945 15551.58712053299
leaf_count=4017 6252 671 2040 2312 1100 748 2761 203 4271 20188 4196 5554 3507 7602 636 12263 901 2858 3662 542 1038 17882 3010 2634 5121 5492 23168 9918 14182 3269 10629 5682 5830 1084 4328 15035 424 5215 9966 6202 2981 7416 948 9287 50 322 25644 10343 5237 205 123 22071 9977 3993 880 112 16877 13733 1138 1143 16260 3441
internal_value=-2.68715e-05 0.00704821 -0.0195587 0.0184504 0.0016656 -0.0127919 -0.00510514 0.0305423 0.00481074 -0.0357018 -0.0332131 -0.00791657 -0.0323163 -0.00405261 -0.0206703 -0.0117967 0.0379785 -0.0382709 0.00184786 -0.000751925 0.0140614 0.00284691 -0.0157223 -0.00886375 -0.023276 -0.0411068 0.00175679 0.0121938 0.00882468 0.0196934 -0.0200137 -0.00821487 -0.00759456 -0.0102224 -0.00290645 -0.0269665 0.0162249 -0.028089 -0.0228507 -0.0232458 -0.0270512 -0.0112595 0.0143133 -0.0370055 -0.0122449 0.0454467 -0.0338213 -0.00195215 0.0070376 0.0141793 -0.00813297 -0.0189782 -0.0219977 0.00658836 -0.00318813 0.0137333 -0.0136306 -0.0558692 -0.0186034 0.0221017 -1.28878e-05 -0.00204793
internal_weight=1.59146e+06 1.16827e+06 423186 374644 793627 298193 251723 99770.5 541903 124993 111266 184204 9372.98 242351 113989 119491 53765.1 73809.3 311772 64712.7 274874 282513 63830.9 110613 11740.3 62069 252655 206425 230132 68448.9 36272.9 83218.2 103521 76650.1 58749.7 50157.9 50058.5 48528.1 27754 37456.6 28665.1 61315.2 56523.5 44000.7 5265.66 28818.8 34964.8 57195.8 173608 152429 5748.88 51512.5 20687 53995.8 12135.2 42700.1 54081.5 13727.6 4682.3 21313.4 131737 22568.6
internal_count=388574 163277 225297 25391 137886 117455 62284 3738 75602 107842 92069 57505 5795 56489 59950 41544 1426 68713 50964 15961 21653 44712 29098 32627 8102 60611 41050 16810 24638 4843 16183 25361 29866 24036 15419 30852 3805 30216 15181 23356 19160 19679 5219 40423 2288 525 31136 14671 19419 11266 2981 25081 12958 5544 1551 3381 17961 15773 2238 1348 23862 6075
cat_boundaries=0 1 2 3 4 5 6 7 8
cat_threshold=152600 134200 73826 21 90248 149 197725 136328
is_linear=0
shrinkage=0.035


Tree=46
num_leaves=63
num_cat=6
split_feature=6 25 2 2 4 24 22 4 47 24 21 3 46 25 48 47 22 2 35 23 35 15 30 27 41 14 2 16 47 47 12 19 11 16 48 16 25 16 2 24 16 29 48 47 18 1 15 26 26 18 35 2 17 16 27 14 27 35 39 46 43 17
split_gain=168276 56988.5 25819.1 18749.9 11741 8682.1 6531.06 6482.78 5462.07 4728.6 3421.71 3080.79 2831.13 2608.8 2497.57 2516.76 2457.09 2374.56 2306.58 2287.71 2261.78 2108.61 2050.94 2025.31 2112.85 1993.65 1952.74 1943.44 1862.49 1794.34 1757.87 1723.35 1715.61 1652.78 1614.42 1602.93 1509.28 1476.07 1460.57 2061.76 1449.85 1444.51 1416 1420.27 1401.6 1396.01 2042.34 1538.72 1371.92 1365 1344.29 1444.25 1302.26 1298.94 1298.49 1265.5 1248.35 1226.51 1323.72 1218.77 1183.16 1161.63
threshold=9.6060000000000034 250.53000000000006 18.940000000000001 271.84500000000008 864.75000000000011 7.5000000000000009 1.0000000180025095e-35 39.090000000000011 728.05000000000018 1.5000000000000002 872.10000000000014 22.500000000000004 107.92000000000002 2.9431111111111115 2.5000000000000004 5422.0350000000008 9.5000000000000018 5178.7850000000008 17.500000000000004 0.68301270189221941 7.5000000000000009 0.67195401121737053 520.98000000000013 46.120000000000005 1608.8750000000002 19.500000000000004 127.06000000000002 0 56.920000000000009 inf 63.915000000000013 15.742500000000001 613.47000000000014 1 2.5000000000000004 2 48.873863636363645 3 1508.9400000000003 7.5000000000000009 4 298.50000000000006 10.500000000000002 618.0200000000001 4291.0425000000005 524.43000000000018 0.019290123456790018 11.000000000000002 284.50000000000006 9413.0104166666697 8.5000000000000018 659.97000000000014 1801.0000000000002 5 5444.8200000000006 22.500000000000004 8579.9700000000012 3.5000000000000004 59.080000000000005 856.88000000000022 3.5000000000000004 45.470000000000006
decision_type=10 10 10 10 10 10 2 10 8 10 10 2 8 8 2 8 2 10 2 2 2 8 10 10 10 2 10 9 10 8 10 10 10 9 2 9 10 9 10 10 9 2 2 10 10 8 10 2 2 10 2 10 8 9 10 2 10 2 10 10 2 10
left_child=2 3 5 9 17 12 11 23 13 18 -6 35 20 55 -9 32 -7 21 27 30 31 50 57 24 52 -25 -23 45 -24 36 -11 -1 -16 -10 -15 -4 -27 -12 39 -35 -36 44 43 -32 -17 46 59 -47 -26 -21 60 -52 53 -5 -29 -8 -57 -18 -59 -2 -3 -14
right_child=1 4 6 7 10 16 8 14 33 19 37 -13 61 34 15 41 22 -19 -20 49 -22 26 28 25 48 29 -28 54 -30 -31 42 -33 -34 38 40 -37 -38 -39 -40 -41 -42 -43 -44 -45 -46 47 -48 -49 -50 -51 51 -53 -54 -55 -56 56 -58 58 -60 -61 -62 -63
leaf_value=-0.029307717797901103 -0.017437980148928164 0.015786604441883959 0.0019167672647886634 -0.0032463991524381368 0.02609751461777832 -0.055428039292339616 -0.027564454106203225 -0.0018303493876515222 0.0073890979475229358 -0.033509028885809526 0.049034002611640051 -0.066378644841515066 -0.035271155324089677 -0.027983515892324798 0.0037949652597236085 0.008827357226883395 -0.061865424751181529 0.024744000428212277 -0.014304698503892554 -0.0066890668425108445 -0.032690119094707745 -0.021792512275151915 0.022281635385065005 -0.0073313255620283809 -0.06465806358632159 -0.0027298356589641904 0.0108331781956324 -0.011441790604160579 -0.031308889030805948 0.0071445125778675398 -0.015114210428993852 -0.012743607312937423 0.010516898741587137 -0.0075877664796655444 -0.014605241685652935 -0.037093441664647897 0.0035303060970945871 0.032706286912464445 0.0057454614397367135 -0.039538395327560434 -0.004336824571755651 0.023117462206143476 -0.0047805914745379747 -0.033897149702584999 0.016203162423888844 -0.019319360522846492 -0.00044505847405534318 0.0067256286469154752 0.053495311901759254 0.02271599135620311 0.0010339212241184939 0.016985619408521568 0.025756549948450756 -0.036880411913848228 0.029834744404446091 -0.017850749225697619 0.020693292582972631 -0.035594957429055184 -0.056062453519447664 0.029017934181044539 0.03122576162492811 -0.0050656387654146422
leaf_weight=14933.181779384613 13035.387386798859 10431.61892747879 1801.3073291778564 4586.3212080001831 33173.479221820831 16011.12230682373 29539.569917917252 27555.747861027718 11391.352508544922 7422.18359375 17410.2548828125 3673.5143737792969 1855.1471751928329 7976.6787621974945 116953.73489046097 91103.676044464111 3308.2698945999146 35028.35546875 20244.032208919525 13344.916748046875 53214.483920097351 2333.4275436401367 1177.8904219269753 25735.31658744812 1298.1449584960938 78747.17440032959 60275.728698730469 28113.994293212891 2435.6032647490501 83538.326416015625 23127.456882476807 15877.504554986954 77224.781100749969 59931.576347947121 55120.634527444839 4584.2284069061279 117678.33435058594 11483.3798828125 9615.0249156951904 2579.7029966115952 24298.07324385643 14155.466552734375 11830.788436889648 6268.6484794616699 48292.591655731201 2976.2506365776062 85294.23690032959 41682.866058349609 131.93062591552734 2260.57373046875 7628.2813863754272 78540.754058837891 1218.6636457443237 2022.7944630384445 964.74517059326172 12655.656555175781 1119.6386108398438 21706.724624633789 4715.2909917831421 729.67643213272095 14589.063678741455 9767.7636871337891
leaf_count=10316 3758 738 851 1015 1284 19414 18595 3966 2351 4499 240 4337 1171 4130 14955 9021 4155 1713 6004 4520 39719 468 394 5022 834 15351 4712 8349 1893 11234 8677 8592 7024 18343 23516 3666 16483 348 1661 1577 8449 1012 3856 2860 4219 931 19514 6807 7 421 918 5151 135 802 101 7109 345 20952 5486 74 694 3835
internal_value=-2.65744e-05 0.00624642 -0.0207236 0.00219914 0.020403 -0.0322334 -0.0132823 0.00520511 -0.011988 -0.00586491 0.0337684 -0.0408436 -0.0260809 -0.0164553 0.00831247 0.00911623 -0.0441561 0.0164304 -0.00312744 -0.014089 -0.0283204 0.0147547 -0.0387419 0.00150253 -0.0146246 0.00199097 0.0096169 -0.00181789 -0.0138387 0.00284794 -0.0178293 -0.0207725 0.00646832 -0.00499636 -0.012974 -0.0261455 0.00102061 0.0425744 -0.00695261 -0.00890691 -0.0114661 0.0124647 -0.0150057 -0.0191206 0.0113827 -0.000147884 -0.00246402 0.0049895 -0.0537281 -0.00242834 0.0176476 0.0155735 -0.00747468 -0.0136052 -0.0100679 -0.0234789 -0.0147167 -0.0417682 -0.0392496 -0.0149735 0.0247898 -0.0098894
internal_weight=1.58772e+06 1.21843e+06 369290 947539 270894 145003 224287 690243 214228 257296 62067.1 10059.1 95648.1 130710 375286 347730 49354.9 208827 193041 64254.6 84025.2 173799 33343.8 314957 9257.85 305699 62609.2 172797 3613.49 279964 48649.1 30810.7 194179 83517.7 87395.4 6385.54 196426 28893.6 72126.3 62511.3 79418.7 153552 41226.9 29396.1 139396 143718 99059.3 44659.1 1430.08 15605.5 111190 86169 7827.78 6609.12 29078.7 43314.9 13775.3 29730.3 26422 13765.1 25020.7 11622.9
internal_count=388574 177717 210857 161451 16266 115927 94930 91080 86076 70371 1872 8854 63633 62144 40197 36231 52294 14394 45538 24833 58627 12681 32880 50883 2793 48090 5180 39534 2287 43068 19892 18908 21979 23932 36095 4517 31834 588 21581 19920 31965 14252 15393 11537 13240 31084 23346 7738 841 4941 7501 6069 1952 1817 8450 26049 7454 30593 26438 3832 1432 5006
cat_boundaries=0 1 2 3 4 5 6
cat_threshold=152857 132096 131093 4096 25060 1496
is_linear=0
shrinkage=0.035


Tree=47
num_leaves=63
num_cat=5
split_feature=2 25 24 4 4 25 27 40 44 2 0 35 3 25 3 47 14 18 14 41 45 35 2 35 51 26 36 10 1 16 16 4 45 2 48 16 26 27 40 48 17 16 23 19 7 29 46 46 48 23 30 35 17 46 29 16 27 48 4 19 35 19
split_gain=157664 51380.8 34517.9 14657.7 12099.6 8264.39 5295 5163.94 4941.01 4692.52 4306.12 3964.75 3816.05 3372.35 2742.27 2689.2 2271.7 2193.55 2191.22 2116.73 2079.17 2062.69 1934.01 1929 1909.79 1875.75 1868.33 1853.12 1711.29 1657.61 1649.44 1621.34 1522.87 1492.14 1741.76 1471.64 1427.54 1380.8 1283.15 1245.92 1204.1 1202.38 1199.71 1191.35 1190.25 1177.62 1152.48 1136.05 1128.13 1106.9 1089.16 1082.21 1150.05 1340.72 1074.8 1068.26 1037.15 1028.52 1027.49 1022.17 1272.65 1021.44
threshold=139.26000000000002 172.91833333333335 4.5000000000000009 576.09000000000003 1.0000000180025095e-35 8.5606250000000035 1.0000000180025095e-35 1.0000000180025095e-35 1383.8400000000004 1008.5400000000001 12.888333333333335 11.500000000000002 22.500000000000004 20.210259740259747 41.500000000000007 175.30000000000001 19.500000000000004 7972.6575000000003 19.500000000000004 inf 2.3541666666666674 10.500000000000002 25.425000000000004 9.5000000000000018 26.5085283948187 223.50000000000003 14.445000000000002 3139.3800000000006 130.62000000000003 0 1 1.0000000180025095e-35 5.8750000000000009 3501.3600000000006 3.5000000000000004 2 100.50000000000001 10904.020000000002 1566.7350000000004 11.500000000000002 322.68000000000001 3 0.68301270189221941 9.8475000000000019 0.47727272727272735 69.500000000000014 53.660000000000004 334.35000000000002 2.5000000000000004 0.93301270189221952 1.0000000180025095e-35 14.500000000000002 72.40000000000002 471.51000000000005 29.500000000000004 4 2514.690000000001 9.5000000000000018 24.015000000000004 15.742500000000001 4.5000000000000009 21.993000000000006
decision_type=10 10 8 10 10 8 10 10 10 10 10 2 2 8 2 8 2 10 2 8 8 2 10 2 10 2 8 10 10 9 9 8 8 10 2 9 2 10 10 2 10 9 2 8 10 2 10 8 2 2 8 2 10 8 2 9 10 2 10 10 2 10
left_child=2 4 5 16 6 15 12 49 -5 18 19 20 38 26 37 31 -3 33 -6 29 27 47 46 -12 -23 50 48 30 40 43 -7 35 -25 39 -35 -1 -19 -10 55 -18 -11 -28 57 -9 -32 -38 -13 -20 -8 -4 -21 52 -17 61 -15 -2 -30 -24 -46 -37 -61 -54
right_child=1 3 7 8 9 11 13 10 14 28 23 22 -14 54 -16 51 17 36 21 25 -22 24 42 32 -26 -27 41 -29 56 -31 44 -33 -34 34 -36 59 45 -39 -40 -41 -42 -43 -44 -45 58 -47 -48 -49 -50 -51 -52 -53 53 -55 -56 -57 -58 -59 -60 60 -62 -63
leaf_value=0.0055175810012211609 -0.0044822475229743738 0.0033478171616618947 -0.063260627818846338 0.020490100285454647 -0.0074148461937709196 -0.026416669643542678 -0.037014858794386409 -0.048129107673690469 0.028536434702131037 0.0016372084462809879 -0.015290892221856159 -0.029727866938391991 -0.05706123800297417 -0.015719533946015253 0.02770346461157612 -0.02283770406956722 0.0092954992028706687 0.0282656265520452 0.003128446537518129 0.033398113280676614 -0.013349977961457871 -0.0041195365638621029 -0.017611693481692194 -0.023467337033077799 0.0031410593021267124 -0.037609741586843402 0.0056848003916833553 0.028693912456230486 0.0040775262489316207 -0.051816072940704408 -0.035705757483518438 -0.01590485628547041 -0.036574320849535137 0.039441357108117144 0.015647062548299503 -0.041148061848592828 0.029381568935019448 0.04769228124031423 0.037836535167300123 0.01935922767261903 0.018123691048552371 -0.0077900620703187252 -0.00090589891275740647 -0.033139852809057256 -0.0029238416235515706 0.013977511218281408 -0.014000382551051276 0.011379650640019051 -0.013695771160295177 -0.009577832723447673 -0.013617904675638021 -0.026243733504065191 -0.023728888655185743 0.014516130840566046 -0.00020114343278692252 -0.039267437602233758 0.0092499823415879839 -0.0066939893029052903 0.0056658780078610617 0.0031610922174241346 -0.02814016169170178 -0.0062485329718637243
leaf_weight=1563.2408866882324 2918.3004846572876 26137.484132766724 8136.4815044403076 45700.279783248901 29228.934611558914 3226.272364616394 2751.8623701334 9159.9842300415039 5825.291748046875 6603.218505859375 16158.61133146286 11886.991622924805 3915.5754623413086 5671.153026342392 24656.523803710938 7249.5129919052124 123649.40985107422 17815.354064941406 40085.699373245239 788.6792711019516 20702.248180389404 66285.479751586914 24697.625030517578 23837.266640663147 134279.13463401794 4224.5897181034088 10244.825780272484 2493.512336730957 84763.649887084961 14756.164966106415 1189.7568120956421 19926.469646215439 19960.43637752533 4150.2716979980469 40945.382354736328 7194.442721247673 7283.8256225585938 22192.575073242188 577.08195698261261 17161.7919921875 30465.208709716797 38862.533409118652 13269.166290283203 22398.01130771637 59582.393767952919 36786.544250488281 10984.774417877197 41710.832237243652 33156.5625 499.80728149414062 2560.2391895055771 6235.4502985477448 5177.2019931674004 3097.7052481770515 151351.33525300026 1716.7672744989395 107994.02055358887 18481.978576660156 23901.491155982018 1667.3444577455521 34750.688057899475 19581.125481128693
leaf_count=632 1100 2557 10576 2312 6252 1392 1378 10337 203 865 9457 6957 3507 1488 901 3629 10794 1005 6391 187 8057 13740 8946 16305 19645 3740 2177 155 9995 17314 522 9670 16901 141 2645 5954 424 322 50 1261 2598 10422 3788 21174 16122 2826 4226 4936 12574 371 1480 3238 2836 666 28450 1138 11180 5879 4340 685 22395 7366
internal_value=-2.62033e-05 0.00659851 -0.018429 0.0173235 0.00156056 -0.0119789 -0.00478858 -0.0340622 0.0289121 0.00450596 -0.0320823 -0.0076126 -0.0309558 -0.00380164 0.0362185 -0.0197896 0.0131617 0.0141969 0.00170753 -0.0392627 -0.0033451 0.00265187 -0.0135895 -0.0256281 0.000741465 -0.0221042 -0.00941626 -0.00105362 0.00829996 -0.042068 -0.0018978 -0.0242228 -0.0294414 0.0122968 0.0178377 -0.0278913 0.0199046 0.0437107 -0.0113371 0.0105222 0.015187 -0.00497929 -0.0101104 -0.0374801 -0.00096004 0.0165241 -0.0221753 0.0073361 -0.0154838 -0.0601553 -0.00253884 -0.0128079 -0.0104207 -0.00718854 -0.000761715 -0.0174663 0.00697547 -0.0129389 -0.000464561 -0.0290835 -0.026707 -0.00990465
internal_weight=1.58423e+06 1.16489e+06 419340 372305 792582 296859 251166 122480 98374.7 541416 113844 190416 9127.73 242038 52674.4 106443 273930 247793 311590 53887.7 111096 282361 79320.5 59956.3 200565 7573.51 85015.8 90393.4 229826 46314.2 87899.9 65102.2 43797.7 185907 45095.7 45175.7 61885.7 28017.9 5212.15 140811 37068.4 49107.4 56448.8 31558 84673.6 44070.4 22871.8 81796.5 35908.4 8636.29 3348.92 41341 35105.5 27856 157022 4635.07 192758 43179.6 83483.9 43612.5 36418 24758.3
internal_count=388574 163277 225297 25391 137886 117455 62284 107842 3738 75602 96895 60384 5795 56489 1426 57071 21653 19096 50964 54232 30588 44712 29796 42663 33385 5407 26551 22531 24638 48825 22376 39336 33206 14841 2786 29666 4255 525 2288 12055 3463 12599 18613 31511 20984 3250 11183 11327 13952 10947 1667 17735 14497 10868 29938 2238 21175 14825 20462 29034 23080 10202
cat_boundaries=0 1 2 3 4 5
cat_threshold=133412 73826 1045 132185 197725
is_linear=0
shrinkage=0.035


Tree=48
num_leaves=63
num_cat=4
split_feature=0 4 24 44 25 12 25 47 45 27 8 16 26 22 35 48 46 40 32 9 23 23 19 10 33 4 17 8 19 12 26 47 35 1 21 14 24 17 22 32 16 16 22 19 36 27 41 16 41 47 29 0 23 12 17 27 48 39 41 8 0 25
split_gain=147671 47777.3 30670.9 15403.7 10737.7 6817.79 5971.39 5298.18 4127.47 3820.31 3809.15 3577.47 3556.27 3012.53 2994.55 2991.15 2990.46 2706.78 2582.56 2520.23 2320.43 2231.4 2172.15 2022.03 1960.35 1935.97 1859.75 2050.06 1828.16 1734.73 1674.04 1629.92 1621.3 1612.42 1915.72 1754.35 1582.43 1573.74 1496.7 1484.87 1472.42 1430.63 1426.27 1360.88 1279.81 1270.57 1864.88 1432.41 1375.45 1762.5 1237.81 1236.2 1195.06 1186.32 1172.74 1164.03 1758.48 1154.72 1151.47 1101.18 1099.71 1093.41
threshold=183.15000000000001 152.89000000000001 3.5000000000000004 1383.8400000000004 48.873863636363645 58.085833333333341 8.5606250000000035 10.125000000000002 3.7083333333333335 198.66000000000003 7.5000000000000009 0 192.50000000000003 43.500000000000007 15.500000000000002 11.500000000000002 1122.6400000000001 1.0000000180025095e-35 5829.5700000000015 778.28000000000009 0.68301270189221941 0.93301270189221952 1932.7608333333335 1588.5000000000002 7.5000000000000009 7.410000000000001 10.900000000000002 2.5000000000000004 40.803000000000004 460.93500000000006 330.00000000000006 3713.8950000000004 13.500000000000002 5312.0000000000009 5.1250000000000009 18.000000000000004 1.0000000180025095e-35 11049.300000000001 8.5000000000000018 7.1200000000000019 1 2 1.0000000180025095e-35 2208.7536507936516 2.8650000000000007 1198.4150000000002 3249.9000000000001 3 4074.8400000000006 inf 54.500000000000007 17.47666666666667 -0.93301270189221919 4469.3100000000004 10.900000000000002 1985.2100000000003 2.5000000000000004 45.95000000000001 3886.6500000000005 6.5000000000000009 84.454999999999998 324.26583333333343
decision_type=10 10 8 10 10 10 10 10 8 10 2 9 2 2 2 2 8 10 8 10 2 2 10 10 2 10 10 2 10 10 2 10 2 8 10 2 10 10 2 10 9 9 2 10 8 10 10 9 10 8 2 10 2 10 10 10 2 8 10 2 10 10
left_child=2 4 6 19 7 12 11 29 17 -7 22 44 51 18 20 16 21 -9 -14 33 26 25 -5 30 -15 31 -8 -28 -29 -2 32 42 -11 34 -3 -35 -13 -23 -22 -10 -19 -20 -6 -25 -1 46 54 48 49 -47 -26 -4 -52 -12 -18 56 -31 -54 -42 -44 -16 -17
right_child=1 3 5 10 15 9 14 8 39 23 53 36 13 24 60 61 45 40 41 -21 38 37 -24 43 50 -27 27 28 -30 55 -32 -33 -34 35 -36 -37 -38 -39 -40 -41 58 -43 59 -45 -46 47 -48 -49 -50 -51 52 -53 57 -55 -56 -57 -58 -59 -60 -61 -62 -63
leaf_value=-0.017041403820315406 -0.0021849784598094732 0.0029022601318881465 -0.033049019832838332 0.025307123599773478 -0.033973303425909526 -0.044454536285096262 -0.027641377940357627 -0.067401802805652555 -0.011537042943592897 -0.011562378675341474 0.017440152860721626 -0.014874410468070268 -0.053628021442965579 -0.051777932378994092 -0.027186447695611855 0.011110674087721999 -0.022646631569650369 -0.0017580330658881066 -0.0046095833139951003 0.01821250908946918 -0.011454216799101379 0.0077014926128850256 0.045374266844624263 0.028194640094053668 -0.049692517503085232 0.0029410940692238875 0.0097813295494688958 -0.025397728772433049 -0.006702417118659802 -0.029803435099539113 -0.054472798051303839 -0.033289236914994552 -0.024886011214774368 -0.0029291219041948139 0.011958737214779526 0.019026582048756849 -0.025137209860470553 0.03458776228398467 0.0051473082494480514 -0.027949986958028177 -0.010982727037429309 -0.039644972817862792 0.0078898369936159143 -0.061438546382427628 0.0015236860760202227 -5.3851563772448196e-05 -0.030614590963717832 0.014279624113189275 0.01255577267489115 0.0095981464532360859 -0.042998916098911398 -0.020350955086830436 -0.010800721388574169 0.030149231681242634 0.004707108508347678 0.0097213429686374749 0.0031446531885504087 -0.046245342303235182 -0.001209533998408397 -0.0042979912096976301 -0.011957272144850605 0.027592358891674097
leaf_weight=6812.4807183742523 51834.070377349854 41326.011603832245 27500.698287248611 8917.3891658782959 1819.359209895134 7343.9081294536591 5445.7602205276489 833.38839089870453 14659.705290913582 24681.786427497864 17686.823724746704 30317.497713804245 26708.827667236328 4343.4711837768555 9792.166277885437 50439.614501953125 2019.3227903842926 114558.82331824303 1994.0519262552261 93000.11962890625 8221.4660949707031 23251.995666503906 25563.2314453125 1726.378280878067 2116.3657073974609 109248.70428013802 8502.9102164506912 6983.7360233068466 77554.509750843048 2144.355224609375 1559.9759397506714 2292.0717315673828 20468.481551885605 4986.1458129882812 93006.676800251007 42081.869812011719 46863.117065429688 3011.6022338867188 34836.819549560547 12521.097321987152 50995.443533182144 5136.7569650411606 10522.605996191502 234.87749481201172 13684.027469754219 49869.48785161972 2080.690173625946 39530.052734375 35164.730654239655 43295.73046875 2380.8271484375 14273.143062591553 8678.7099254131317 18325.7822265625 38678.496526956558 44553.080810546875 26436.266723632812 1293.0023548603058 20787.908424377441 66253.4717643857 14282.898071289062 5464.758544921875
leaf_count=3409 11659 4280 25547 358 803 6723 2215 1059 5509 12583 919 13880 32373 4812 5140 5954 626 24032 1211 5328 2664 2883 452 324 2096 14365 1599 3373 23444 589 1290 633 13343 544 8038 2730 28094 200 7837 6398 12929 4606 1342 186 4544 6146 528 3687 3407 4172 2329 10081 5977 639 4572 6014 4194 1289 4524 12831 4933 328
internal_value=-2.58158e-05 0.00634303 -0.0179924 0.017277 0.00175686 -0.0305992 -0.0107891 -0.00301466 -0.00635395 -0.0209248 0.0318703 -0.0176525 -0.036338 -0.0423886 -0.00674117 0.00510942 0.00411278 -0.00450314 -0.0486315 0.0135278 -0.00480015 0.00122313 0.0401854 -0.0173736 -0.0311571 -9.78039e-05 -0.00776321 -0.00659944 -0.00824713 0.00271319 -0.0188354 -0.0042022 -0.0176029 0.011126 0.00917265 0.0167007 -0.0211034 0.0107857 0.00197725 -0.0190986 -0.00422147 -0.0299118 -0.00335353 0.0174344 -0.00464511 0.00708144 0.00169672 0.0084537 0.00665739 0.00443168 -0.0249637 -0.028711 -0.0207232 0.0239081 0.00334936 0.00618479 0.000671658 -0.0154009 -0.00815141 -0.0026275 -0.0181524 0.0127223
internal_weight=1.5809e+06 1.16716e+06 413739 344894 822267 150441 263297 339324 214356 56015.4 70493.2 97677.1 94425.9 52652 165620 482943 427038 187176 33839.6 274401 141545 216400 34480.6 48671.5 18812.4 190136 98486.9 93041.2 84538.2 124968 46710.2 80887.5 45150.3 181401 134333 47068 77180.6 26263.6 43058.3 27180.8 186342 7130.81 78595.4 1961.26 20496.5 210639 42778.5 167860 128330 93165.2 14468.9 41773.8 12352.5 36012.6 40697.8 73133.7 28580.6 9971.71 71783.4 76776.1 24075.1 55904.4
internal_count=388574 162672 225902 23288 139384 124770 101132 76907 54451 34449 2368 49927 90321 54693 51205 62477 56195 42544 38190 20920 41132 33057 810 27726 16503 29974 30631 28416 26817 22456 27216 15609 25926 15592 12318 3274 41974 3083 10501 11907 41485 5817 14976 510 7953 23138 5726 17412 13725 10318 11691 35628 9595 1558 5198 10797 4783 7266 17453 14173 10073 6282
cat_boundaries=0 1 2 3 4
cat_threshold=152597 154648 196673 18688
is_linear=0
shrinkage=0.035


Tree=49
num_leaves=63
num_cat=0
split_feature=6 25 0 2 24 4 2 40 4 47 8 8 21 45 8 22 51 14 19 6 27 26 17 34 26 26 40 19 31 2 30 2 21 18 8 15 27 14 35 1 21 37 17 32 48 29 32 8 40 37 18 22 4 8 49 8 26 45 37 51 48 13
split_gain=138406 47135.3 24316.1 17818 8490.98 7509.1 6049.86 5402.97 4614.15 3721.12 3701.94 3232.58 3062.64 3060.68 2923.89 2720.3 2403.91 2187.16 2071.06 1980.62 1974.78 2138.19 1874.74 1738.12 1630.46 1622.11 1600.64 1594.94 1590.43 1578.71 1558.02 1553.34 1696.77 1451.12 1429.65 1707.78 1478.85 1395.06 1394.93 1394.68 1393.74 1358.43 1271.65 1210.25 1192.67 1167.44 1145.54 1123.06 1110.24 1129.49 1075.37 1060.26 1541.94 1124.45 1032.8 1013.62 996.29 980.967 976.213 971.284 962.195 960.926
threshold=9.6060000000000034 324.26583333333343 51.732500000000037 557.46000000000015 7.5000000000000009 864.75000000000011 63.945000000000007 1.0000000180025095e-35 103.71500000000002 1769.9400000000003 14.500000000000002 8.5000000000000018 872.10000000000014 4.8750000000000009 3.5000000000000004 19.500000000000004 5.2643187444579036 19.500000000000004 15.742500000000001 0.80500000000000027 331.47000000000008 100.50000000000001 1.0000000180025095e-35 1.5000000000000002 192.50000000000003 39.500000000000007 65.408333333333346 40.803000000000004 1.0000000180025095e-35 3501.3600000000006 30.285000000000007 5178.7850000000008 110.67000000000002 21462.930000000004 6.5000000000000009 2.2471004005897552 1315.6800000000003 18.000000000000004 16.500000000000004 33.525000000000006 14.445000000000002 inf 2112.6000000000004 37.505000000000003 2.5000000000000004 298.50000000000006 inf 2.5000000000000004 1236.2500000000002 3091.5900000000006 12187.619166666665 19.500000000000004 25.960000000000004 4.5000000000000009 18.500000000000004 5.5000000000000009 131.50000000000003 3.0714285714285716 5599.9800000000005 78.073348542000502 11.500000000000002 0.14642857142857144
decision_type=10 10 10 10 10 10 10 10 10 8 2 2 10 10 2 2 8 2 10 10 10 2 8 2 2 2 10 10 2 10 10 10 10 10 2 8 10 2 2 8 10 8 10 10 2 2 8 2 10 10 10 2 10 2 10 2 2 10 10 10 2 10
left_child=2 3 4 6 11 31 13 25 20 16 17 18 56 14 58 24 41 42 39 -13 22 46 -5 -12 48 59 -11 -16 57 40 -17 32 51 -14 36 -36 -19 -20 -29 -1 47 43 -8 -9 55 -37 -22 -10 49 -6 -28 53 -53 -3 -40 -18 -7 -23 -2 -4 -25 -32
right_child=1 5 7 8 15 12 10 9 29 26 23 19 33 -15 27 30 44 34 37 -21 21 28 -24 60 -26 -27 50 38 -30 -31 61 -33 -34 -35 35 45 -38 -39 54 -41 -42 -43 -44 -45 -46 -47 -48 -49 -50 -51 -52 52 -54 -55 -56 -57 -58 -59 -60 -61 -62 -63
leaf_value=-0.030650596200380451 -0.00069618979233240644 0.028110499825070436 -0.050362904810722552 -0.039873729222951397 -0.034584417046696944 0.029038278496888652 -0.017965018503433527 -0.01704539990063875 0.039701007454722527 -0.024264711972137684 -0.01167568507528787 -0.036118730632811992 0.029310224037850028 -0.041555492130903642 -0.028905838120898451 -0.044592620702553133 0.028521436977669169 -0.0041355578792235947 -0.04320127913257376 -0.023753978832401611 -0.00095469080866855606 0.0052207889659754512 -0.0024179329160620129 -0.0042357179891707245 -0.056519601331278584 -0.057356208231988642 -0.0007232761188347809 -0.0085505581075662682 -0.0017851521840809576 0.016312120887557197 -0.034614591008632241 0.02413771993790113 0.018069779066845995 0.045962240631738843 0.0032868196152760808 -0.010343191486836255 0.011555363845834221 -0.0079790162774183073 -0.026490085673331734 -0.0077268510920450138 0.011089515119853458 0.0073427711308555223 -0.0002607870964407077 -0.02997211370625557 -0.0088862658354077161 0.0072050197236071291 0.011955346219854323 0.0040797542120350585 -0.063357827737053743 0.041927215293037362 -0.035806882645552228 -0.014847804473764643 0.0085511235255442165 0.0097706168968720673 0.0036933620385281194 -0.024289588224042969 0.016296217338384864 -0.010086600629299896 0.019497297126345743 0.065655155475887267 0.0070102288036559129 -0.018172038503817697
leaf_weight=13967.671353697777 12415.256897985935 5752.9443826675415 145.62050914764404 1736.2661302089691 7397.0862404108047 19093.136936187744 9802.5979385375977 23248.143772244453 1102.5795540809631 4003.4590721130371 39470.21410369873 25447.521248817444 10035.3203125 3772.4250838160515 6470.4139434099197 9463.7204098701477 466.67633056640625 9129.8582153320312 1457.9036731719971 42197.560791015625 9768.4683227539062 189501.48069667816 28356.332872390747 64360.790161132812 14863.92903137207 3749.0200395584106 56811.703735351562 57877.039491295815 58247.99584031105 44037.53515625 9358.1483645439148 27803.701171875 75053.486312866211 17789.18359375 120031.92819213867 20994.361541748047 37904.953033447266 24715.05184173584 9503.7537131309509 4238.4862387180328 124943.21453857422 2039.8240966796875 10079.953788757324 14354.073392748833 85398.327608108521 5962.4320983886719 60966.2890625 61878.279756307602 1708.9022282361984 243.34394598007202 1089.8048706054688 4315.0620019435883 17191.24782204628 14213.556733131409 1626.0766143798828 9339.9342651367188 12406.345108032227 5270.2309215068817 3838.5703048706055 221.77803039550781 10896.934448242188 8149.9362411499023
leaf_count=10441 3106 303 141 988 7627 646 2802 11115 45 1694 11073 22801 319 2475 3351 10933 95 1759 1109 26860 1425 23878 4704 13205 19829 4593 14435 18841 8751 2991 9152 1306 4399 268 21904 4900 4995 12691 4408 1925 10923 543 2057 9324 31676 991 6559 6550 2234 66 421 693 1261 1176 564 4552 572 1120 612 4 1797 6596
internal_value=-2.54189e-05 0.00565259 -0.0189522 0.00255515 -0.0289868 0.0210131 -0.00290836 -0.0107988 0.00651085 -0.00996836 -0.000654938 -0.0235902 0.031496 -0.0106625 -0.00939155 -0.0407972 -0.0132296 0.00206557 -0.0162492 -0.028406 0.00399584 0.004793 -0.00458029 -0.00572719 -0.0493143 -0.0504794 -0.00286429 -0.0122913 0.00328906 0.0103473 -0.0331496 0.0167041 0.0149302 0.0399577 0.00319851 0.00149898 0.0085096 -0.00994257 -0.010733 -0.0253145 0.0089495 -0.0204716 -0.00898988 -0.0219806 -0.010214 -0.00646167 0.0101725 0.00470398 -0.0378542 -0.0321424 -0.00138422 0.00924825 0.00385585 0.015056 -0.0220803 -0.0217738 0.0240204 0.00480654 0.00407369 0.0196588 -0.00260729 -0.0269621
internal_weight=1.57768e+06 1.2136e+06 364078 1.00995e+06 163209 203654 424138 200868 585809 196752 328634 112024 59324 95503.5 91731.1 51185.1 134847 213906 44379.1 67645.1 353847 323754 30092.6 114728 24213.3 4116.42 61905 75477.3 253020 231962 26971.8 144330 116526 27824.5 194024 146989 47034.8 26173 69006.9 18206.2 187924 39642 19882.6 37602.2 95204.9 26956.8 70734.8 62980.9 9349.33 7640.43 57901.5 41472.8 21506.3 19966.5 11129.8 9806.61 31499.5 194772 16253.8 367.399 75257.7 17508.1
internal_count=388574 177717 210857 166774 132264 10943 98840 78593 67934 73855 65483 75827 1805 33357 30882 56437 57305 39408 26166 49661 47425 41733 5692 26075 29756 4738 16550 27164 33749 20509 26681 9138 7832 587 34549 27795 6754 13800 23813 12366 17518 20982 4859 20439 36323 5891 7984 6595 9927 7693 14856 3433 1954 1479 4972 4647 1218 24998 3718 145 15002 15748
is_linear=0
shrinkage=0.035


Tree=50
num_leaves=63
num_cat=3
split_feature=2 9 6 44 25 5 13 3 22 12 23 14 46 41 17 27 8 26 2 2 35 14 26 21 48 14 2 8 19 45 46 22 41 16 19 16 26 29 26 48 32 2 27 32 26 18 16 8 41 49 13 35 2 45 18 41 31 47 21 19 35 40
split_gain=129940 44511.6 26010.4 11805.8 11611.6 6452.65 5767.21 4564.99 4525.66 3963.72 2875.19 2820.15 2944.86 2792.08 2745.6 2687.11 2560.4 2423.54 2399.31 2194.66 2077.59 1935.42 1803.19 1747.61 1683.62 1667.86 1491.97 1477.96 1868.02 1456.76 1458.12 1447.61 1488.01 1446.76 1544.18 1429.21 1560.25 1395.95 1377.09 1920 1584.54 1360.26 1317.19 1299.05 1285.53 1284.52 1545.64 1247.3 1231.63 1227.5 1225.74 1181.14 1177.02 1169.22 1162.49 1235.6 1162.04 1128.78 1125.32 1107.88 1331.6 1085.7
threshold=115.74500000000002 430.47000000000008 0.60250000000000015 1383.8400000000004 48.873863636363645 9.1200000000000063 0.48913043478260876 41.500000000000007 6.5000000000000009 58.085833333333341 0.68301270189221941 19.500000000000004 inf 3605.8500000000008 1.0000000180025095e-35 10904.020000000002 15.500000000000002 192.50000000000003 1918.6700000000003 5178.7850000000008 17.500000000000004 19.500000000000004 192.50000000000003 1.0000000180025095e-35 10.500000000000002 19.500000000000004 1008.5400000000001 2.5000000000000004 40.803000000000004 10.250000000000002 192.83000000000004 48.500000000000007 628.11000000000001 0 28.849166666666669 1 70.500000000000014 283.50000000000006 100.50000000000001 11.500000000000002 7.1200000000000019 2763.6300000000001 198.66000000000003 86.480000000000032 100.50000000000001 10558.677000000001 2 17.500000000000004 inf 20.500000000000004 0.54195804195804198 17.500000000000004 1108.4800000000002 8.2500000000000018 1808.0287500000002 1503.9500000000003 1.0000000180025095e-35 51.160000000000011 110.67000000000002 21.993000000000006 4.5000000000000009 9081.8700000000026
decision_type=10 10 10 10 8 10 10 2 2 10 2 2 8 8 8 10 2 2 10 10 2 2 2 10 2 2 10 2 10 10 10 2 10 9 8 9 2 2 2 2 10 10 10 8 2 10 9 2 8 10 10 2 10 10 10 10 2 10 10 10 2 10
left_child=2 4 8 19 6 10 14 15 17 22 13 -6 18 56 37 -5 21 45 23 38 27 -8 48 -13 61 -16 -23 -7 -29 47 -31 32 -26 34 -15 53 -37 -2 40 50 -3 -18 -20 -33 -9 46 -1 -11 -10 -36 -40 -35 -38 -27 55 -49 -4 -32 -46 -12 -61 -24
right_child=1 3 5 7 11 20 16 44 9 29 59 12 -14 33 25 -17 41 -19 42 -21 -22 26 24 -25 31 35 -28 28 -30 30 57 43 -34 51 49 36 52 -39 39 -41 -42 -43 -44 -45 58 -47 -48 54 -50 -51 -52 -53 -54 -55 -56 -57 -58 -59 -60 60 -62 -63
leaf_value=-0.055344689588421363 -0.04851717791060374 0.018850784779664918 -0.023987342777157621 0.022405866728729292 -0.0033617750512796372 0.0070868378949529541 -0.0095508105852310562 0.029865291578573958 -0.029310677777997052 -0.0090693846581613394 -0.023416722833922231 0.00040581020820377409 0.020508026549085057 -0.031324202973011077 -0.026166278776909115 0.044309582267710652 -0.0057871944417495881 -0.05358302274284113 -0.020160845435283587 0.020565807612028891 -0.022402756259946047 0.0016839704732598433 -0.048807193784730377 0.0057765380118693877 -0.020697439394087878 0.00050546493204654765 0.010526837591264217 -0.020304652446869832 -0.0040199596983762969 -0.053844385120152223 0.03166650400073235 -0.0074267997932054288 -0.050417009866859548 -0.0073435369912703821 -0.017135969409755897 0.0017060878433480255 -0.01579017997094502 0.0017193906272476177 -0.0038597113442894898 0.020030920986685161 -0.0023222043516496721 0.0084359609151727754 0.010872321735232586 -0.037779323424570514 0.0038931003296271837 0.060340055372054086 -0.027169218354304067 -0.029847386490265471 -0.0082921048284100383 0.02126498662605044 0.0094028018444106305 -0.032278698682486874 -0.0020839074999568826 -0.035685802288807467 -0.037401646891946673 0.035260856100574479 -0.039080362226235454 -0.047320248594869829 0.020390919887092608 0.012998323297286301 -0.0085653635757197318 -0.01055560203808132
leaf_weight=3208.9714326858521 3320.8970489501953 42455.006310224533 27845.354565560818 9672.9484252929688 44774.002418518066 12552.957126617432 15493.670223236084 14344.646759033203 22313.989576399326 17836.945057332516 5201.9802761077881 114505.46576690674 16194.201171875 10310.961440086365 6646.627254486084 23629.763671875 104123.78879165649 15052.064605712891 1706.3262329101562 37301.390625 8268.6912956237793 116328.49890899658 15047.864079117775 210951.2445602417 3195.5574188232422 24828.18464910984 29248.713859558105 9626.1852169036865 83232.514993667603 2269.0190034508705 528.75881868600845 4543.9630904197693 5836.8780155181885 27097.132058143616 38803.841872215271 10113.854220747948 42579.001161694527 851.13618087768555 9068.3131904602051 20472.315460205078 4821.3769905567169 8943.637451171875 90050.160705566406 2786.2366070747375 6207.4146957397461 177.3919677734375 9666.4425495862961 803.58463108539581 4033.425048828125 1046.4041862487793 145436.67164230347 2544.8708009719849 9363.0468920469284 1142.898946762085 4156.0461959838867 640.94804894924164 8061.3871031403542 380.05708730220795 27526.585823059082 3961.6457409858704 30583.938313961029 968.06853806972504
leaf_count=3742 3172 2631 16861 430 7163 2286 3988 533 20583 9685 3066 18284 1171 7249 2821 395 22998 18965 504 1957 3164 22814 17248 26591 2632 6397 3509 4334 21947 2422 141 3239 7171 11418 19357 2692 16303 343 1052 1361 513 1079 8155 2617 444 9 8340 574 2101 313 11800 1516 2036 774 3245 159 5719 324 1309 1037 13178 713
internal_value=-2.49927e-05 0.00567073 -0.0177724 0.0163568 0.00139039 -0.0118473 -0.00323831 0.0279882 -0.0318286 -0.0278163 -0.0164817 0.0050008 0.00586472 -0.0192714 -0.0104862 0.0379484 -0.000624931 -0.0440108 0.00529629 0.0127098 -0.00550986 0.00220905 -0.0328944 0.00388696 -0.0384275 -0.00926138 0.0034607 -0.00418455 -0.00570831 -0.0166109 -0.0388456 -0.0305277 -0.0399061 -0.0156242 -0.0192477 -0.00798466 -0.010869 -0.0382705 0.0113912 0.00995904 0.0166915 -0.00466208 0.010295 -0.0189675 0.0210883 -0.0329691 -0.0342593 -0.0135947 -0.0260935 -0.0161271 0.00862437 -0.00948213 -0.0133196 -0.00108808 -0.0280027 -0.00095405 -0.0273769 -0.00138062 0.0173554 -0.00836005 -0.00609216 -0.0464959
internal_weight=1.57469e+06 1.1921e+06 382584 340936 851165 269138 372984 81381.4 113446 85341.3 155458 478181 433407 115710 98845.6 33302.7 274138 28104.9 417213 259555 113680 161071 58726 325457 32378.6 94673.6 145577 105412 92858.7 26615.4 3177.83 16362.6 9032.44 79803.2 50161.2 88027 62055.9 4172.03 222254 174977 47276.4 113067 91756.5 7330.2 48078.6 13052.8 12875.4 23437.5 26347.4 39850.2 154505 29642 51942 25971.1 5600.58 1444.53 35906.7 908.816 33734 39747.6 34545.6 16015.9
internal_count=388574 173219 215355 22425 150794 111445 88926 3111 103910 72854 79714 61868 54705 62433 34538 825 54388 31056 53534 19314 31731 30311 56304 44875 33620 31023 26323 28567 26281 16550 2887 15659 9803 39853 26919 28202 21031 3515 17357 14213 3144 24077 8659 5856 2286 12091 12082 13663 22684 19670 12852 12934 18339 7171 3978 733 22580 465 1753 17281 14215 17961
cat_boundaries=0 1 2 3
cat_threshold=2465 134156 28946
is_linear=0
shrinkage=0.035


Tree=51
num_leaves=63
num_cat=7
split_feature=2 25 24 25 22 25 4 12 4 35 16 22 3 21 26 8 2 14 2 16 48 4 35 48 35 33 16 47 29 27 13 48 42 25 6 34 16 41 30 46 18 36 14 40 30 37 2 42 22 40 16 40 48 41 3 8 10 6 18 16 3 16
split_gain=121703 37089.6 32843.4 11727 6967.42 6409.39 6299.98 6197.5 5382.88 3912.27 2976.81 2959.92 3663.55 2895.72 2538.69 2089.91 2487.54 2069.02 1970.26 1942.27 1914.5 1912.02 1911.15 1904.92 1871.27 1613.2 2191.56 1612.63 1604.03 1975.29 1591.81 1453.57 1448.75 1432.74 1423.83 1409.32 1398.95 1347.21 1351.43 1318.89 1296.2 1273.56 1268.08 1207.31 1154.17 1145.59 1128.26 1124.86 1121.79 1115.69 1320.87 1111.24 1104.36 1238.27 1158.58 1093.32 1664.29 1083.78 1082.25 1078.84 1070.58 1059.24
threshold=205.29000000000005 324.26583333333343 3.5000000000000004 88.546666666666695 1.0000000180025095e-35 8.5606250000000035 864.75000000000011 58.085833333333341 1.0000000180025095e-35 16.500000000000004 0 1.0000000180025095e-35 22.500000000000004 872.10000000000014 192.50000000000003 2.5000000000000004 63.945000000000007 19.500000000000004 2763.6300000000001 1 2.5000000000000004 152.89000000000001 3.5000000000000004 2.5000000000000004 16.500000000000004 2.5000000000000004 2 394.96000000000009 298.50000000000006 678.60000000000014 0.10263157894736843 1.5000000000000002 1.5000000000000002 0.67145454545454564 7.2000000000000055 1.5000000000000002 3 inf 12.200000000000003 1248.9000000000003 12187.619166666665 2.8650000000000007 19.500000000000004 1439.2766666666666 12.200000000000003 5599.9800000000005 5178.7850000000008 2.5000000000000004 3.5000000000000004 1566.7350000000004 4 96.585000000000022 10.500000000000002 1.0000000180025095e-35 167.50000000000003 13.500000000000002 2057.0400000000004 58.002500000000005 6002.6999999999998 5 132.50000000000003 6
decision_type=10 10 8 10 2 10 10 10 10 2 9 2 2 10 2 2 10 2 10 9 2 10 2 2 2 2 9 8 2 10 8 2 2 8 10 2 9 8 8 8 10 8 2 10 10 10 10 2 2 10 9 10 2 10 2 2 10 10 10 9 2 9
left_child=2 3 5 8 19 10 42 14 11 15 41 12 49 -8 37 58 28 -5 23 -4 -13 51 -9 -10 39 43 60 47 35 -30 -16 -24 -18 -33 40 -17 -15 38 -6 -25 48 -1 59 -22 -32 -39 55 -12 -28 50 -2 -19 53 61 -54 56 -44 -21 -7 -3 -27 -46
right_child=1 6 4 17 7 9 13 22 18 -11 27 20 -14 36 30 16 32 21 -20 57 25 -23 31 24 -26 26 34 -29 29 -31 44 33 -34 -35 -36 -37 -38 45 -40 -41 -42 -43 46 -45 52 -47 -48 -49 -50 -51 -52 -53 54 -55 -56 -57 -58 -59 -60 -61 -62 -63
leaf_value=-0.016966455253907886 -0.00062134667134757155 0.025341029827781223 -0.066227022937674865 5.0532193339505989e-05 -0.042494774944139273 0.0020620884270876058 0.022588989524371324 0.014206777990931639 -0.0080073771016352883 -0.016016934774124372 -0.025915063695262107 -0.017440980755408616 -0.06061256734872008 0.044807773729724137 -0.048818689008263 -0.016535139106380766 -0.0085178766900188396 -0.03541505973240041 0.011822275975872733 -0.041859314014198991 -0.006978715912556846 0.011749252046760727 -0.047870100180080324 0.0031886488438065273 -0.0014166358597442889 0.0030050494937510436 -0.045092815179768653 -0.011872237208778037 -0.015912418738359222 0.0072096545212182207 -0.0487461172973222 -0.028540746570447074 0.0016700113564489846 -0.01431387678785268 -0.0043781310779463208 -0.0054845024956949309 0.028518156895789244 -0.013717927398678756 -0.024273312165947181 0.010844348704971085 -0.051802004490682181 0.00092262224492565951 0.013898372972397518 0.01491758747410892 0.0072817377164597014 0.04746375429139895 0.023927390318922027 -0.01495997300356311 -0.010648681314836785 0.049572141815538567 -0.052548564904549469 0.0067309140875698292 -0.032932330544600708 -0.043617518589764231 -0.012447694134048885 0.012252107672703363 0.027455982207211869 0.045028024835888504 0.020442483199736662 0.00079355606261697785 -0.059859762315642162 -0.034093479531740412
leaf_weight=7028.8080142736435 2541.251691699028 2757.652587890625 6120.0255126953125 37416.79443359375 6247.1205353736877 11480.057066082954 31219.805842876434 2317.5190596580505 22715.459633469582 34417.598766803741 36012.895627617836 12435.679824829102 2587.7988376617432 16146.0810546875 11407.91591334343 34056.814114928246 22083.198760986328 768.14243268966675 25764.18603515625 8057.2161777019501 4499.6639270782471 148352.1678853035 1954.3897175788879 138166.44377708435 94218.291761398315 40968.686105728149 1207.8968547582626 26727.110654115677 6801.2428092956543 13524.240802764893 5197.7808628082275 10832.977891206741 75739.063598632812 43474.506723642349 71229.265399098396 24173.090003967285 11072.0556640625 5223.083915412426 24742.646297454834 34436.018474578857 1042.1076965332031 15904.42253112793 26384.048497915268 9805.0348701477051 1200.929048538208 402.91999083757401 24852.7744140625 16863.274453520775 27740.524406909943 389.99413108825684 775.74733877182007 213398.02415466309 7508.9608612060547 10476.246950626373 6157.1081390380859 54549.60518860817 19141.45556640625 179.00376343727112 5961.5031585693359 10569.075870990753 333.55860900878906 2043.7268569469452
leaf_count=3550 931 146 8646 4634 7112 2401 1218 569 4820 12848 23053 3780 2728 240 14221 13927 5908 444 2520 9048 937 11954 1591 21137 15512 8423 634 11496 2498 3410 6310 8198 16484 23375 14672 6959 347 2983 20965 3946 572 5149 1684 1557 593 58 1148 8431 9253 25 675 23841 7101 11307 4448 3748 895 21 712 883 183 1715
internal_value=-2.46113e-05 0.00647479 -0.0146183 0.00343748 -0.0279958 -0.00840849 0.0202303 -0.025601 -0.000187375 -0.00514289 -0.0156773 -0.00509927 -0.0286635 0.029865 -0.031897 -0.00321185 -0.00435475 0.00788641 0.00254754 -0.0512108 -0.00422276 0.00869518 -0.016937 0.0017222 0.00255054 -0.00317451 -0.00429913 -0.0188774 -0.00899305 -0.000527776 -0.0375641 -0.0182201 -0.00062995 -0.0171523 -0.00707111 -0.0119478 0.0382096 -0.0250873 -0.0279478 0.0047161 -0.0134691 -0.00455872 0.0161577 0.00802991 -0.0336225 -0.0093286 0.0172525 -0.0224216 -0.0120874 -0.00635003 -0.012938 0.00657959 -0.0307505 -0.0377659 -0.0237048 0.0155946 0.0195992 -0.0399172 0.0083453 0.00589421 0.00249531 -0.0188646
internal_weight=1.5718e+06 1.08749e+06 484317 890793 153544 330773 196693 139188 490858 228237 102537 175557 6294.79 58437.9 80608.4 193819 176378 399935 315300 14356.2 169262 362518 58579.4 289536 266821 156827 142522 79603.3 78555.4 20325.5 43992.7 56261.9 97822.3 54307.5 101220 58229.9 27218.1 36615.8 30989.8 172602 29990.5 22933.2 138255 14304.7 32584.8 5626 124928 52876.2 28948.4 3706.99 3317 214166 27387 13720.9 13666.1 100075 45525.5 8236.22 17441.6 13326.7 41302.2 3244.66
internal_count=388574 143487 245087 133178 128261 116826 10309 110546 92305 65147 51679 44370 4359 1805 76813 52299 49186 40873 47935 17715 40011 36239 33733 45415 40595 36231 33737 42980 26794 5908 45695 33164 22392 31573 25131 20886 587 31118 28077 25083 10459 8699 8504 2494 31474 3041 7475 31484 9887 1631 1606 24285 25164 13615 11549 6327 2579 9069 3113 1029 8606 2308
cat_boundaries=0 1 2 3 4 5 6 7
cat_threshold=152597 160000 134168 4096 199769 4096 155732
is_linear=0
shrinkage=0.035


Tree=52
num_leaves=63
num_cat=5
split_feature=0 9 24 5 44 25 40 0 40 8 14 27 24 16 23 0 19 1 35 24 2 8 41 34 8 16 26 15 26 35 48 26 3 2 32 18 16 10 14 13 16 48 10 13 40 23 7 27 2 8 19 39 1 45 2 27 2 1 14 16 27 3
split_gain=114029 37402.9 24941.1 12954.8 5938.22 5796.26 5531.34 4462.94 4252.31 3761.43 3399.54 3149.45 3090.69 2906.45 2857.29 2538.54 2472.84 2415.84 2090.47 2040.06 2012.2 2011.48 1971.83 1842.66 1765.88 1764.21 1727.04 1726.55 1714.18 1615.2 1578.75 1707.68 1594.26 1545.6 1510.39 1506.08 1504.73 1461.42 1409.64 1369.83 1556.3 1462.73 1368.77 1307.85 1296.47 1281.9 1243.49 1239.77 1233.88 1223.79 1200.22 1183.15 1170.08 1149.16 1098.9 1081.58 1080.7 1044.91 1167.65 1037.11 1024.62 1139.14
threshold=183.15000000000001 778.28000000000009 4.5000000000000009 50.898333333333341 1383.8400000000004 9.3618181818181849 1.0000000180025095e-35 12.888333333333335 1.0000000180025095e-35 7.5000000000000009 19.500000000000004 2234.8750000000005 6.5000000000000009 0 0.68301270189221941 581.28333333333342 1932.7608333333335 inf 14.500000000000002 1.0000000180025095e-35 925.1350000000001 9.5000000000000018 inf 1.5000000000000002 14.500000000000002 1 39.500000000000007 1.8715040210421774 223.50000000000003 24.500000000000004 11.500000000000002 100.50000000000001 69.500000000000014 25.425000000000004 53.465000000000011 10558.677000000001 2 2057.0400000000004 18.000000000000004 0.07417582417582419 3 2.5000000000000004 324.9500000000001 0.44722222222222224 3088.8600000000001 0.93301270189221952 0.27922077922077926 498.56000000000012 1108.4800000000002 4.5000000000000009 9.8475000000000019 233.37000000000003 19.300000000000004 1.0227272727272729 2763.6300000000001 12532.460000000003 1508.9400000000003 81.660000000000011 18.000000000000004 4 3886.0200000000004 110.50000000000001
decision_type=10 10 8 10 10 10 10 10 10 2 2 10 10 9 2 10 10 8 2 8 10 2 8 2 2 9 2 8 2 2 2 2 2 10 8 10 9 10 2 10 9 2 10 8 10 2 10 10 10 2 10 10 10 10 10 10 10 10 2 9 10 2
left_child=2 3 5 8 54 13 45 22 26 16 43 20 15 46 23 24 -6 27 53 -15 -5 42 25 33 -12 50 -2 30 -24 -11 31 -13 -33 60 -21 -16 -28 -35 -19 -23 -41 -42 -9 -10 -14 -4 -1 -20 -46 52 -8 -50 -48 -17 -3 -18 -49 58 -22 -26 -7 -62
right_child=1 4 6 11 9 14 7 21 10 29 12 17 44 19 35 18 55 38 47 34 57 39 28 -25 59 -27 36 -29 -30 -31 -32 32 -34 37 -36 -37 -38 -39 -40 40 41 -43 -44 -45 48 -47 49 56 51 -51 -52 -53 -54 -55 -56 -57 -58 -59 -60 -61 61 -63
leaf_value=-0.049484179739241713 0.04015293654109571 0.011655889264721102 -0.061784145065292062 -0.0015771350727607654 0.021351588628588113 -0.024030757252389214 -0.044182432809080179 -0.014276025739998381 -0.02491269606729226 0.01583547129376596 0.00016463808959574523 0.013100664052047444 -0.0083787544992954318 -0.012258153510636367 -0.00094063453201111624 0.012902506879624728 0.026835876632358802 -0.00067133152382758304 -0.0075804201281003082 -0.034401543801682664 -0.013601600324424111 -0.041251667581806421 0.00035897175703529868 -0.0039347784504250773 0.0069412731351389248 -0.048354989159855609 0.024320560498182639 -0.00062703318115616834 -0.03357918740509834 0.032276177196150543 0.016179615892042941 0.010839338365652956 0.0036290432413604093 -0.0096521669646774319 -0.020365416258767314 0.022528585313055405 -0.058183203619420518 0.030365201107301398 0.017732737171559865 -0.034146183228047466 -0.044641315617568428 -0.016017223604407885 0.016177683064749211 -0.0082638276043901365 -0.040301749158889018 -0.005337582429837652 0.015582688452748338 -0.00078501974486921121 -0.053406437429655583 -0.0088720006506929801 -0.028663320066994978 0.023064004390919633 -0.029958626439245351 0.0039563909457275628 0.018457723502621957 0.045135051195777799 0.0064588622458705515 0.0043879767074446654 0.0169078264740368 -0.0079036509010297819 0.0044518383780234524 -0.019553649581528314
leaf_weight=771.76012641191483 286.31600713729858 64221.3486328125 7241.362576007843 75457.0537109375 10549.65608215332 18312.510726928711 8540.2900807857513 13753.609002113342 7162.9528274536133 29705.228248596191 104766.49414283037 48465.968078613281 8223.6860419511795 32738.04833304882 46629.607696533203 29612.208250284195 4927.683349609375 5763.6037750244141 21027.037872314453 11719.682441473007 1708.139573097229 5436.7925705909729 3318.7812249660492 48784.971282958984 6248.5226331353188 13638.935499191284 300.32498693466187 30355.618530273438 4044.3739264011383 9715.4074172973633 27158.294525146484 52819.947334289551 130073.23500823975 42385.431148529053 47325.11211848259 3607.7721862792969 2621.4782133102417 1147.2620468139648 44154.851303100586 10410.030279636383 2380.6602325439453 26809.177696228027 2080.7127552032471 29930.48176574707 3918.4430904388428 529.04982757568359 5123.3727920055389 74172.901580810547 351.08591651916504 18223.498073339462 21454.474745035172 836.19151306152344 797.89172220230103 43322.835298299789 53213.8115234375 20195.24365234375 38232.265625 93238.009815216064 15247.190455436707 73668.746891021729 3973.8832168579102 6196.7071762084961
leaf_count=653 56 4506 10592 11148 457 9569 10337 8488 2761 1474 22032 4414 3600 14830 12797 3422 182 740 4458 9389 233 5426 1667 13308 1210 17314 100 3593 3740 309 2412 5195 15120 14001 27518 568 3280 150 3242 8757 2226 18358 662 6831 2458 403 1410 13244 204 7940 21174 153 379 7078 2804 307 4960 9762 1136 19791 1184 3062
internal_value=-2.42569e-05 0.00556326 -0.0159573 0.00276401 0.0196537 -0.010373 -0.0293878 -0.0274038 -0.00163056 0.0273406 -0.00133875 0.00649023 -0.000408536 -0.0163869 -0.00626966 0.000156408 0.0355753 0.00849802 0.0028241 -0.0192643 0.00282621 -0.0210045 -0.0350417 -0.00918691 -0.0028245 -0.037869 -0.041774 0.00726936 -0.0182843 0.0198881 0.00819657 0.00725941 0.00571144 -0.0127447 -0.023152 0.000745211 -0.0498133 -0.00859687 0.0156078 -0.0247771 -0.0225142 -0.0183469 -0.0102735 -0.0114794 -0.0169813 -0.0579422 -0.00577712 0.000219691 -0.0308329 -0.00438048 -0.0330723 0.000425266 0.00944196 0.00758871 0.0147382 0.041547 0.00167887 0.00584147 0.0138336 -0.00674301 -0.0190836 -0.0101746
internal_weight=1.56903e+06 1.16165e+06 407376 969124 192528 287738 119638 111868 444682 75093.2 441474 524442 404380 116699 171038 391051 35672.6 338792 206367 91782.8 185650 60871 50996.9 120801 184684 43633.7 3208.12 288873 7363.16 39420.6 258517 231359 182893 72015.8 59044.8 50237.4 2921.8 43532.7 49918.5 45036.7 39599.9 29189.8 15834.3 37093.4 13329.4 7770.41 24916.5 133432 5105.72 24144.8 29994.8 1187.28 5921.26 72935 117435 25122.9 112405 110193 16955.3 79917.3 28483.1 10170.6
internal_count=388574 162672 225902 152633 10039 116758 109144 98149 95638 2729 92202 56995 82610 62119 54639 76195 946 34716 33162 51737 22279 43917 54232 41274 43033 48825 3436 30734 5407 1783 27141 24729 20315 27966 36907 13365 3380 14151 3982 34767 29341 20584 9150 9592 6415 10995 10382 22662 2815 9729 31511 357 1789 10500 7310 489 18204 11131 1369 21001 13815 4246
cat_boundaries=0 1 2 3 4 5
cat_threshold=152597 133412 1025 28872 1033
is_linear=0
shrinkage=0.035


Tree=53
num_leaves=63
num_cat=7
split_feature=2 9 24 44 6 13 40 3 8 14 1 0 40 2 27 16 26 22 16 26 32 33 16 40 18 41 19 19 35 2 35 30 13 16 48 4 35 37 42 26 8 26 39 44 47 16 23 0 23 16 26 22 33 31 19 17 38 32 16 40 17 48
split_gain=106782 36726.9 22368.8 12522.9 7626.58 5598.28 4948.7 4170.17 3762.1 3730.69 5068.12 3681.66 3080.32 2800.2 2575.45 2402.15 2342.13 2945.77 2293.42 2032.25 2104.14 1974.3 1968.07 1933.33 1894.22 1889.36 1862.6 1793.21 1791.19 1787.93 1743.68 1743.29 1672.37 1689.79 1665.99 1920.61 1659.08 1763.9 1664.77 1616.27 1544.7 1519.08 1417.45 1489.57 1404.01 1330.84 1284.17 1268.95 1228.72 1189.83 1188.51 1174.93 1961.61 1266.48 1161.15 1128.76 1117.68 1089.31 1062.5 1062.34 1043.84 1033.8
threshold=115.74500000000002 313.41000000000003 4.5000000000000009 1383.8400000000004 8.7473333333333354 0.48913043478260876 1.0000000180025095e-35 41.500000000000007 8.5000000000000018 19.500000000000004 inf 12.888333333333335 1.0000000180025095e-35 5178.7850000000008 10904.020000000002 0 299.50000000000006 1.0000000180025095e-35 1 100.50000000000001 inf 1.5000000000000002 2 3717.0600000000004 4563.7545000000009 inf 28.849166666666669 60.210000000000001 9.5000000000000018 1508.9400000000003 6.5000000000000009 5.5800000000001146 0.12771739130434787 3 11.500000000000002 49.340000000000011 17.500000000000004 3397.7300000000009 3.5000000000000004 223.50000000000003 13.500000000000002 100.50000000000001 100.89000000000003 57.660000000000004 431.70000000000005 4 0.68301270189221941 1226.9400000000003 0.93301270189221952 5 100.50000000000001 39.500000000000007 5.5000000000000009 1.0000000180025095e-35 3361.2412500000005 194.56500000000003 1.1000000000000003 17.700000000000003 6 937.80666666666684 1490.9350000000002 10.500000000000002
decision_type=10 10 8 10 8 10 10 2 2 2 8 10 10 10 10 9 2 2 9 2 8 2 9 10 10 8 10 10 2 10 2 8 10 9 2 10 2 8 2 2 2 2 8 10 10 9 2 10 2 9 2 2 2 2 10 10 8 10 9 10 10 2
left_child=2 4 5 13 12 26 48 14 15 45 16 25 21 34 -5 -7 17 18 -11 20 46 -2 -21 -24 -22 31 58 -17 -13 30 -14 -8 44 -34 35 -3 37 38 -10 -27 -28 57 43 -30 -32 -6 -19 59 -4 -45 -9 52 -33 60 -16 -29 -26 -37 -1 -12 -53 -51
right_child=1 3 6 7 9 8 11 50 36 10 47 28 29 -15 54 27 -18 19 -20 22 24 -23 23 -25 56 39 40 55 42 -31 32 51 33 -35 -36 41 -38 -39 -40 -41 -42 -43 -44 49 -46 -47 -48 -49 -50 61 -52 53 -54 -55 -56 -57 -58 -59 -60 -61 -62 -63
leaf_value=0.020955216552413232 0.044872161680223198 0.0026468727565980314 -0.060774117450242415 0.020290851602181591 -0.0018718781210887564 0.0061175489806540159 -0.049172765849135255 0.027607360686956597 -0.020242173589688377 -0.061070214024734885 -0.0047475708618286072 -0.010833021610121478 0.0063575610152699479 0.01875469033985978 0.030600167076392924 -0.0140507708102879 0.0077015825623408104 -0.015818851650612035 -0.0077173295462074649 0.0037420614887529115 0.0044667654684266379 -0.059326303774658397 -0.0056751497937426489 0.00083272632967112069 0.027269601717268544 0.00034641754254670013 -0.01150027409322265 -0.022252298427641971 -0.02803294933483989 0.0059525158965151323 -0.015120463780620623 -0.025062107670751007 -0.00051972123776150298 -0.011393135450143813 0.017054735837584489 0.016655733281581691 -0.020728277752559254 -0.0046002581720985423 -0.0056037892251652168 -0.032667396015700942 -0.022761965379027436 0.0082028974860955776 -0.039538432461765464 -0.029695162210624178 -0.044869842648996988 -0.012585615786852456 0.00097888641362989335 0.018876566795617701 -0.0033849518092223516 -0.014002682979561202 0.01567014028567176 0.021107083089767074 -0.047962549508241886 -0.042810655689366636 0.047319529819137257 0.0039698922874666252 0.011003742079605852 0.0002275055547109449 -0.028677160961591973 0.010999106728721585 -0.021805328586171544 0.0109805061013279
leaf_weight=538.97190588712692 249.36292171478271 57232.594793558121 6895.1468458175659 9861.1966857910156 32962.765014648438 32541.648162841797 10735.742004275322 14401.161285400391 24768.146352410316 1610.2928161621094 6251.740364074707 15176.713137686253 8960.6021558642387 42825.658203125 7674.9539794921875 20095.297016382217 68877.475555419922 7324.6687164306641 2551.0597381591797 97411.469012022018 66141.529479980469 2036.5823907852173 105162.46004605293 119419.30727005005 7330.5852813720703 3318.7854354381561 46166.619272232056 2278.6469306945801 19828.348371505737 11851.412582397461 6664.8240591287613 7798.0460086464882 24641.361459732056 60546.224414050579 29913.267028808594 48117.30387544632 18790.893872737885 46343.628158569336 15457.238283038139 4012.3608658313751 22047.220945358276 168238.50796508789 6783.6737060546875 3687.5448184013367 2743.3208122253418 24962.714599609375 23331.209716796875 22741.98291015625 489.58083343505859 6560.4917225837708 35190.675354003906 750.5101221203804 11124.047729969025 3593.4054672122002 15148.8798828125 17059.363342285156 17601.689926147461 5510.5587589740753 19279.422280550003 32682.955436706543 9167.202169418335 2936.3584823608398
leaf_count=176 41 6397 10340 453 5717 6755 14200 552 11836 1244 953 9030 2199 2343 203 8963 9888 1669 889 14556 9303 2830 19521 19313 696 1667 20776 886 16887 2156 3576 7425 6692 20532 2225 3098 8856 15805 5082 3740 12808 14196 5977 2905 1882 5808 4106 1744 366 4359 1880 353 14466 4046 196 3841 2151 575 14090 3635 8335 1385
internal_value=-2.38322e-05 0.00513204 -0.0162207 0.013242 0.000463076 -0.0106698 -0.0292725 0.0255348 -0.00708798 0.00197683 0.00282487 -0.0273327 -0.00772166 0.0103673 0.0352408 -0.000920108 0.00169304 0.000769005 -0.0285379 0.00104392 0.00489625 -0.0479451 -0.00041247 -0.00221456 0.00756596 -0.0341555 -0.017885 -0.00672766 -0.0210645 -0.00692453 -0.00839827 -0.0369455 -0.00979607 -0.00824933 0.00920485 0.00836346 -0.0113014 -0.00925498 -0.0146174 -0.0177241 -0.0151404 0.00983809 -0.024966 -0.0219705 -0.0237989 -0.00649155 -0.00303501 0.0123078 -0.0569704 -0.0128516 0.0191371 -0.0328967 -0.0385268 -0.0250096 0.0416989 0.000879074 0.0157871 0.0149677 -0.0273303 0.00847061 -0.0185562 -0.00627111
internal_weight=1.5664e+06 1.18817e+06 378225 434115 754058 265367 112858 82276.9 177335 636364 578438 105473 117694 351838 32685 71975 516762 447884 4161.35 443723 121730 2285.95 321993 224582 91073.8 50500.1 88032.2 39433.3 54973.1 115408 103556 43169 94595.7 85187.6 309012 279099 105360 86569 40225.4 7331.15 68213.8 221866 39796.4 33012.7 9408.14 57925.5 30655.9 61676.7 7384.73 13184.4 49591.8 32433.2 18922.1 13511.1 22823.8 19338 24932.3 53627.9 19818.4 38934.7 9917.71 9496.85
internal_count=388574 173219 215355 32118 141101 109874 105481 3284 62024 101193 89668 94775 39908 28834 852 20445 83336 73448 2133 71315 17925 2871 53390 38834 12150 54232 47850 13690 40543 37037 34881 48825 32682 27224 26491 24266 41579 32723 16918 5407 33584 17869 31513 25536 5458 11525 5775 6332 10706 8649 2432 34625 21891 12734 399 4727 2847 3673 14266 4588 8688 5744
cat_boundaries=0 1 2 3 4 5 6 7
cat_threshold=152600 147712 136216 134236 152576 28800 1
is_linear=0
shrinkage=0.035


Tree=54
num_leaves=63
num_cat=0
split_feature=0 6 25 4 40 0 4 4 0 8 41 18 17 22 3 8 24 6 45 27 17 8 48 29 26 3 18 32 48 48 13 3 41 30 8 51 46 14 10 27 26 26 3 22 37 15 14 10 8 46 1 39 34 23 32 23 41 8 51 3 44 26
split_gain=100184 31391.6 27114.7 7877.97 7426.24 6648.76 5883.57 5545.35 3675.49 3295.61 2888.27 2664.8 2476.15 2802.47 2460.21 2459.01 2368.37 2167.43 1910.09 1761.9 1635.3 1675.47 1635.17 2134.09 1952.24 1610.25 1585.21 1551.12 1544.63 1535.17 1497.65 1419.11 1399.98 1380.72 1377.1 1318.69 1302.76 1288.38 1260.84 1247.22 1235.05 1830.91 1746.63 2023 1204.82 1204.82 1202.25 1162.28 1157.44 1177.39 1082.22 1053.19 1049.91 1048.85 1394.11 1022.79 1017.39 1004.57 1402.32 975.878 962.332 945.565
threshold=366.38000000000005 2.8800000000000012 324.26583333333343 7.410000000000001 1.0000000180025095e-35 12.888333333333335 10.100000000000001 864.75000000000011 37.523333333333341 9.5000000000000018 1024.2550000000003 7972.6575000000003 1.0000000180025095e-35 1.0000000180025095e-35 41.500000000000007 7.5000000000000009 7.5000000000000009 128.65950000000004 3.0714285714285716 498.56000000000012 45.470000000000006 4.5000000000000009 2.5000000000000004 298.50000000000006 314.50000000000006 47.500000000000007 233.45175000000003 579.5100000000001 2.5000000000000004 2.5000000000000004 0.07417582417582419 6.5000000000000009 3060.7100000000005 5.5800000000001146 9.5000000000000018 78.073348542000502 393.88000000000005 18.000000000000004 671.85000000000014 1032.4000000000003 100.50000000000001 284.50000000000006 96.500000000000014 54.500000000000007 1816.5400000000002 1.8715040210421774 19.500000000000004 1299.4800000000002 15.500000000000002 1122.6400000000001 431.9550000000001 100.89000000000003 1.5000000000000002 0.68301270189221941 532.82000000000005 0.93301270189221952 22158.180000000004 7.5000000000000009 19.429527785604787 27.500000000000004 2.9250000000000003 100.50000000000001
decision_type=10 8 10 10 10 10 10 10 10 2 8 10 8 2 2 2 10 10 10 10 10 2 2 2 2 2 10 8 2 2 10 2 8 10 2 10 10 2 8 10 2 2 2 2 8 8 2 10 2 8 8 10 2 2 10 2 8 2 8 2 8 2
left_child=1 4 3 12 31 16 8 46 32 37 -5 -9 13 26 -13 19 57 34 22 -10 -8 -22 -14 24 48 -20 35 -27 -11 -17 36 55 52 -18 -12 60 -30 -7 50 -25 -31 42 -42 -44 -15 -23 -4 -34 -24 -50 -21 59 -3 -36 -55 -1 -41 58 -6 -35 -2 -48
right_child=2 6 7 10 5 9 20 11 15 28 17 14 18 44 -16 29 33 -19 25 38 21 45 23 39 -26 27 -28 -29 30 40 -32 -33 47 51 53 -37 -38 -39 -40 56 41 -43 43 -45 -46 -47 61 -49 49 -51 -52 -53 -54 54 -56 -57 -58 -59 -60 -61 -62 -63
leaf_value=-0.045459424560248735 0.053896888825209245 -0.031544284228278159 0.0045934340974260607 -0.0020066913210062521 -0.0239074954664589 -0.037841337626636988 -0.012519147700606633 0.017087779177079564 -0.016356750116482431 -0.03629416844233585 0.011793987319479097 0.040911900936041558 -0.0090738451555236396 -0.019469057192771033 0.022879259615261636 -0.021258024857988212 -0.049655695138727703 0.010032944259492228 0.0020100992882412082 -0.0037297301476900096 0.0086935748504384167 0.00046287922858914677 0.0018391804297460041 0.00017753029850405187 0.011883580007699611 -0.047849730095224516 -0.062291202884860897 -0.012124833890618681 -0.039650087288507878 -0.001819757942449635 -0.017583274945966516 -0.067456220400007649 -0.015395011931434891 -0.050628117913885926 0.0031158923966205596 0.039343917265392547 0.021306563476995909 -0.0056530647595127237 0.01810731270475386 0.0098838836642754259 -0.0076992678784834744 -0.0015430547732614181 -0.028353030492794345 -0.01157749865972928 0.035669456377741542 -0.0090546470648632318 0.020449199150691117 0.017071171042549568 -0.0083730725007139326 -0.00012459702364382027 0.011522936258467412 -0.055549478813008667 -0.0067780796569189283 0.010648119464704302 -0.0034929063918785982 0.01266597379048057 0.027046672179093938 -0.029773972901572996 0.00095878286715478725 -0.027322572880408666 -0.056764435193057967 0.013729816698357241
leaf_weight=2582.7235262989998 113.42272675037384 11686.724881649017 13290.08083820343 46722.639080524445 11292.130169868469 1603.0371634960175 12673.315626621246 19602.347750663757 6421.8681926727295 6953.6752197742462 34578.302272319794 21134.741004943848 20149.104662299156 960.09842491149902 16515.636070251465 11962.573823928833 8855.3406999111176 188908.98379993439 10258.859729409218 20469.548665523529 25604.075892329216 91119.779126286507 77199.165623605251 11130.81449508667 15128.088144302368 1631.8659477233887 2151.6287719011307 16898.673038482666 5951.1379252672195 29288.046142578125 70119.39983522892 5077.7938842773438 33996.044750213623 2544.8075811862946 198243.16851758957 405.97477722167969 462.2873547077179 30284.348388671875 6056.1575756072998 15203.045249938965 42915.179810523987 24320.389953613281 14361.840685844421 22767.893566131592 980.01817893981934 19840.118492126465 36043.716644287109 1405.8718757629395 40747.613460600376 44185.074091911316 7895.7796597480774 2301.3630332946777 2556.0671577453613 51986.431884765625 10218.513122558594 432.54560089111328 5862.8812255859375 20049.269508361816 3684.5461835861206 16341.258834838867 610.68941426277161 89066.204254150391
leaf_count=3331 12 8294 1038 6665 8633 1102 3627 839 2208 5594 3831 358 4437 315 605 5174 12301 15728 2513 5712 3684 19452 12782 1933 2087 922 2389 5347 5805 8185 43771 8275 17853 3609 26444 75 142 14623 776 2186 14472 7275 6506 8188 97 4399 1914 297 8987 6644 1451 3259 1166 5318 1458 246 543 18017 1938 17379 702 5661
internal_value=-2.34379e-05 -0.0116584 0.00672157 0.00384664 -0.0233613 -0.0218899 -0.00593258 0.0183926 -0.00937094 -0.0168442 0.00630343 0.027554 -0.00109886 -0.0249582 0.0330026 -0.00711757 -0.0308361 0.00710575 -0.000616602 0.000471695 -0.000492825 0.000623317 0.000448972 0.00136508 -0.000140605 -0.00911466 -0.0446682 -0.0152733 -0.0205 -0.00924625 -0.0190645 -0.0561596 -0.017834 -0.0380467 0.00523141 -0.0110895 -0.0352536 -0.00727236 0.00361169 0.0096544 -0.00817099 -0.0099533 -0.0125086 -0.0180669 0.00838729 -0.00123896 0.0146026 -0.0141053 -0.00126262 -0.00408197 0.000516262 -0.0331925 -0.0271004 0.00436008 0.00832513 -0.0371198 0.0146615 -0.0246505 -0.0177903 -0.0304654 -0.0393804 0.0156658
internal_weight=1.5638e+06 573877 989928 794275 188536 180443 385341 195653 236104 115374 530658 57252.7 263617 5221.83 37650.4 186459 65068.7 483935 258395 40843.4 149237 136564 229606 209457 177260 28789.4 3281.72 18530.5 83486.5 145616 76532.8 8093.06 49644.7 30042.8 295026 1130.09 6413.43 31887.4 34421.5 32196.7 133653 104365 80044.9 37129.7 1940.12 110960 138400 35401.9 162132 84932.7 28365.3 21187.4 14242.8 260448 62204.9 3015.27 21065.9 35025.9 14976.7 18886.1 724.112 125110
internal_count=388574 266744 121830 111415 148025 136173 118719 10415 87557 71037 59444 1802 51971 3590 963 59947 65136 52779 48381 10147 31162 27535 39599 35162 30500 8782 3178 6269 55312 49800 49718 11852 27610 36548 37051 789 5947 15725 7939 4662 44626 36441 29166 14694 412 23851 8613 18150 28413 15631 7163 24247 9460 33220 6776 3577 2729 28588 10571 20988 714 7575
is_linear=0
shrinkage=0.035


Tree=55
num_leaves=63
num_cat=8
split_feature=0 9 24 4 40 4 4 40 0 2 0 23 44 27 19 8 3 35 16 14 32 18 8 45 41 8 41 47 37 26 50 29 27 16 16 16 16 47 29 29 45 16 45 35 23 49 37 23 16 37 27 22 49 16 14 14 1 26 27 49 27 26
split_gain=93843.4 31793.4 20581.7 11551.8 5128.87 5068.21 5062.88 3833.76 3596.6 3549.53 3179.33 2987.2 2883.93 2642.44 2630.7 2354.28 2208.21 2151.49 2116.95 2115.9 1873.3 1867.15 1802.41 1795.2 1779.34 1704.4 1685.76 1644.84 1545.96 1526.7 1485.56 1411.05 2294.06 1916.69 1409.04 1407.95 1398.84 1321.81 1320.46 1299.31 1294.22 1292.2 1287.01 1231.02 1230.21 1187.94 1182.48 1172.59 1168.91 1148.07 1142.3 1132.93 1504.2 1389.08 1127.55 1124.24 1127.78 1163.87 1122.82 1087.1 1078.02 1063.9
threshold=164.31000000000003 778.28000000000009 4.5000000000000009 12.245000000000003 1.0000000180025095e-35 576.09000000000003 1.0000000180025095e-35 1.0000000180025095e-35 17.47666666666667 2250.9900000000002 581.28333333333342 0.68301270189221941 1383.8400000000004 4427.8200000000006 71.576666666666682 14.500000000000002 41.500000000000007 11.500000000000002 0 18.000000000000004 inf 10558.677000000001 4.5000000000000009 4.1000000000000005 7111.46 2.5000000000000004 11296.710000000001 6.4400000000000013 2465.9200000000005 39.500000000000007 2.3039999999995175 298.50000000000006 2234.8750000000005 1 2 3 4 24.490000000000006 298.50000000000006 298.50000000000006 16.500000000000004 5 2.9375000000000004 9.5000000000000018 0.93301270189221952 19.500000000000004 526.16000000000008 -0.93301270189221919 6 2919.4200000000005 10904.020000000002 45.500000000000007 18.500000000000004 7 20.500000000000004 18.000000000000004 inf 39.500000000000007 1315.6800000000003 14.500000000000002 2234.8750000000005 11.000000000000002
decision_type=10 10 8 10 10 10 8 10 10 10 10 2 10 10 8 2 2 2 9 2 8 10 2 8 8 2 10 8 8 2 10 2 10 9 9 9 9 10 2 2 10 9 10 2 2 10 10 2 9 10 10 2 10 9 2 2 8 2 10 10 10 2
left_child=2 3 6 7 44 -3 11 29 24 13 15 14 -7 18 20 59 50 49 -5 -8 -1 41 39 48 35 46 -26 -25 -11 -2 -24 33 -33 58 -31 47 -22 60 -30 -21 43 -13 -39 -10 -4 -19 -15 -6 -17 -16 -14 53 -53 54 -45 -20 -57 -58 -12 -9 -35 -40
right_child=1 5 4 9 8 12 19 10 40 28 31 21 16 25 17 23 -18 45 55 22 36 -23 30 27 26 -27 -28 -29 38 34 -32 32 -34 37 -36 -37 -38 42 61 -41 -42 -43 -44 51 -46 -47 -48 -49 -50 -51 -52 52 -54 -55 -56 56 57 -59 -60 -61 -62 -63
leaf_value=-0.032263839749630388 0.037200122585492816 0.012714163898496323 -0.060235452557633885 0.0060289836549812974 -0.055584837720946051 0.016968898908986736 -0.021259272068829108 -0.0012244553245634436 -0.0092336335962779903 0.0048543109172433478 4.942278654682885e-05 -0.0016159302688270013 0.02289335037430892 0.037718053897291187 -0.012427746940318339 0.008350954448324498 0.022057365490895774 -0.020564665838329652 -0.010865416909583961 0.00082737066621677187 -0.024542462078018499 0.025074138777006181 -0.013720709841563542 0.033733360970345648 -0.016869136196842823 0.0069267898531394168 -0.047626952931362092 -0.031395115599706876 0.011383782337666074 0.023036619890478512 -0.0030279715988156264 -0.00017961650965806321 0.016816446400623172 -0.0069069832173546692 -0.057064523913911633 -0.045423471096966164 -0.0077231989219092873 -0.0034557355369131499 0.0014376817229053711 0.020441393659318748 -0.048970364090068552 -0.014485395419460962 -0.015496965298965782 -0.035460652949170286 -0.0044398028981033101 0.0028736245773187765 0.0080392229441542066 -0.028944846835468021 -0.0095433449603829386 0.0017067926602750904 0.040852720381178161 -0.01889044121561137 0.011334360519272103 -0.033147149562420763 -0.0083741781498864482 -0.00049448608562127302 0.02072000626238106 0.0026977799940568511 0.0096838285560868903 -0.017901521757011259 0.0063361482937661197 0.026813809462363898
leaf_weight=18593.122829079628 278.01487362384796 103477.92660999298 6638.2733020782471 107018.4658203125 2209.081298828125 38278.885890007019 8599.039951145649 104777.25249326229 14161.37569642067 37207.888793945312 29951.994441986084 19609.232443809509 5553.482666015625 3819.5224719047546 14324.016514062881 4807.4687004089355 23510.98291015625 31062.4659948349 11271.850076079369 16606.486011266708 14684.204685211182 2225.8227844238281 20495.392559528351 510.90080332756042 13268.073608398438 156886.08608818054 2612.3489379882812 6625.9099147319794 70377.936309814453 299.68986827135086 71236.507964849472 23292.31413269043 16705.03190612793 10461.418416500092 2519.2850906252861 12754.306927680969 10361.131252288818 71514.707374095917 2406.6060485839844 5509.0873413085938 1707.266040802002 18654.199654579163 12822.736323356628 2582.0055596232414 522.32884979248047 2895.6814575195312 2888.5251069068909 24235.6342420578 63033.865232110023 13840.829315185547 19904.339111328125 10693.659212172031 2485.1790466308594 13767.246313095093 6946.7987022399902 153313.3069152832 6325.6882171630859 14337.896743774414 29326.349857330322 5016.4189610481262 26862.370483398438 12729.33837890625
leaf_count=14426 60 6710 10508 12700 3112 1927 3782 24411 7979 3450 5184 7192 199 155 5632 967 883 16678 2251 3903 9371 430 8202 108 10689 18407 3264 3848 5523 105 22024 4006 2044 1899 3388 16775 4933 12489 250 852 1996 9162 3963 2309 400 1171 231 25585 18620 4342 320 7592 1170 12017 4536 22219 540 1670 4002 1719 3611 683
internal_value=-2.30448e-05 0.00487112 -0.0150665 0.00234412 -0.0274864 0.0179533 -0.00977006 -0.00215961 -0.0255742 0.00552629 -0.00186342 -0.0141661 0.0241669 0.0041039 -0.017261 -0.00525142 0.0297931 -0.0126342 0.00211024 -0.00451938 -0.0238472 -0.00608151 -0.00325482 -0.0100322 -0.0318175 0.00766561 -0.0219315 -0.0267287 0.0108098 -0.0409468 -0.00541714 0.000970009 0.00691909 -0.000345088 -0.0486644 -0.0358218 -0.0175979 -0.0028595 0.013401 0.00571401 -0.0190041 -0.00789448 -0.00528666 -0.0179928 -0.0561666 -0.018566 0.0249413 -0.0311605 -0.00827537 -0.00548191 0.036936 -0.0213932 -0.0131904 -0.0260328 -0.0157002 -0.000153967 0.000540071 0.00821561 0.00481505 -0.00198658 0.00262417 0.0227794
internal_weight=1.5614e+06 1.17811e+06 383281 987389 114584 190726 268697 408806 107423 578583 405709 146251 87247.7 455861 105761 184772 48968.8 62123 292267 122447 43638.5 40489.3 113847 74978.1 55079.4 163594 15880.4 7136.81 122722 3096.99 91731.9 220937 39997.3 180940 2818.97 39199 25045.3 121661 85513.9 22115.6 52343.5 38263.4 84337.4 50636.3 7160.6 33958.1 6708.05 26444.7 67841.3 28164.8 25457.8 36474.9 13178.8 23296.1 9528.8 185249 173977 20663.6 59278.3 109794 37323.8 15135.9
internal_count=388574 168542 220032 158503 107932 10039 112100 90424 97024 68079 86871 73337 3329 58173 56553 49673 1402 27823 39380 38763 28730 16784 34981 23543 59425 18793 13953 3956 9906 3553 30226 37198 6050 31148 3493 45472 14304 21962 6456 4755 37599 16354 16452 35603 10908 17849 386 28697 19587 9974 519 27624 8762 18862 6845 26680 24429 2210 9186 26130 5510 933
cat_boundaries=0 1 2 3 4 5 6 7 8
cat_threshold=136192 136192 1025 198964 2344 153733 1032 142389
is_linear=0
shrinkage=0.035


Tree=56
num_leaves=63
num_cat=5
split_feature=2 25 50 4 24 24 22 22 12 21 2 41 6 41 16 32 26 26 14 14 40 8 51 32 16 26 48 26 48 32 2 50 16 1 42 8 45 48 41 0 22 41 35 14 16 33 48 32 29 41 37 16 17 22 40 41 35 26 40 32 40 41
split_gain=87958.2 30590 19101.1 9118.46 8040.03 4747.55 4264.61 4120.99 3695.36 3613.22 3010.93 2927.29 2472.99 2449.01 2371.25 2062.55 1831.98 1783.96 1781.14 1757.93 1747.73 1658.91 1905.52 1656.62 1632.37 1605.19 1892.73 1559.5 2087.39 1676.05 1498.02 1476.05 1425.8 1323.39 2198.58 1316.52 1325.69 1303.67 1432.29 1302.18 1299.34 1589.41 1267.28 1360.18 1251.98 1598.31 2211.09 1239.79 1181.7 1172.3 1171.68 1165.12 1142.43 1138.29 1136.78 1177.11 1134.43 1130.08 1105.29 1199 1095.07 1086.21
threshold=115.74500000000002 172.91833333333335 1.2745587471748807 576.09000000000003 1.0000000180025095e-35 1.5000000000000002 1.0000000180025095e-35 6.5000000000000009 52.919166666666676 872.10000000000014 845.50500000000022 540.97000000000014 3.7891666666666675 1024.2550000000003 0 64.630000000000024 223.50000000000003 100.50000000000001 18.000000000000004 19.500000000000004 1.0000000180025095e-35 6.5000000000000009 19.429527785604787 inf 1 192.50000000000003 10.500000000000002 85.500000000000014 11.500000000000002 inf 3501.3600000000006 21.03552794409168 2 524.43000000000018 1.5000000000000002 15.500000000000002 11.250000000000002 10.500000000000002 2323.2400000000002 46.730000000000011 48.500000000000007 628.11000000000001 16.500000000000004 19.500000000000004 3 3.5000000000000004 10.500000000000002 86.480000000000032 344.00000000000006 5239.0800000000008 14045.58 4 10.900000000000002 7.5000000000000009 9081.8700000000026 10094.040000000003 11.500000000000002 161.50000000000003 1439.2766666666666 5.1750000000000016 7047.6900000000023 943.6600000000002
decision_type=10 10 8 10 8 8 2 2 10 10 10 10 8 10 9 8 2 2 2 2 10 2 10 8 9 2 2 2 2 8 10 10 9 8 2 2 10 2 10 10 2 10 2 2 9 2 2 8 2 10 10 9 10 2 10 8 2 2 10 10 10 10
left_child=2 4 7 19 10 14 11 13 25 57 21 32 -8 16 23 -7 51 31 -16 -3 -19 -2 48 -4 -11 -9 54 29 53 -21 42 -17 52 34 -20 36 -10 56 39 -39 41 -28 43 -12 -14 58 60 -42 -23 -48 -15 -1 -6 -29 -27 -56 -22 -5 -46 -60 -47 -18
right_child=1 3 5 9 6 15 12 8 35 24 30 -13 44 50 18 17 61 20 33 27 37 22 -24 -25 -26 26 40 28 -30 -31 -32 -33 -34 -35 -36 -37 -38 38 -40 -41 47 -43 -44 -45 45 46 49 -49 -50 -51 -52 -53 -54 -55 55 -57 -58 -59 59 -61 -62 -63
leaf_value=-0.011771620779173811 0.0077921000091236616 0.0011846071191290565 -0.0083067970191767846 0.021196374373901011 -0.066280634031679067 -0.026575632585055131 -0.0099948529546870883 -0.0220110689205518 -0.0048564304355291658 0.0399441549159208 -0.0046697793342672187 -0.054716077405619977 0.0024587106013934388 -0.066360270144786876 -0.028226223913047171 -0.012287890736320252 -0.049378081974612832 -0.064218699298215096 -0.020733698429991849 0.0024527851937056065 -0.013534850013483013 -0.0036034100907435412 0.0018632507027553048 0.0043845228607227865 0.023853699015870613 -0.045635785616155999 -0.014870249187644074 -0.0025733272826265864 0.018196420875583996 0.018778009243179572 0.012478645305851891 0.0061482032454028834 -0.0018527149826354429 0.0008921828629838718 -0.0067627951591260078 -0.023392245437110992 -0.038830464161656066 -0.025044402420645689 0.0066176146271021584 -0.0034028724592515621 -0.0031204881492055071 -0.046503518257510597 0.0019686270382333264 0.0082636683175448152 -0.0097988456122444882 -0.010751767071236691 -0.0004962702636492855 -0.033287525179935405 -0.021353775066172441 0.018291168785240539 0.022622470896597364 -0.033720410544463612 -0.0085446485662587675 0.0085852885491968876 -0.062334993786925794 0.020131823231907753 -0.024565616526277929 0.011425467714727825 0.012378029325931517 -0.0038337535101955538 -2.8558123249982885e-05 0.019053560866561622
leaf_weight=4573.2141172885895 36150.874202370644 26096.582839012146 19377.666799545288 39626.575196266174 927.20241558551788 17181.933610916138 53429.150418758392 24836.806403815746 17199.816281616688 16161.40673828125 10867.410255432129 3193.8022465705872 65303.700924873352 4329.949342250824 5597.1207656860352 12872.27864074707 8181.2248077392578 914.24588775634766 17628.15398311615 9298.415283203125 24242.168145060539 74880.61537361145 170155.80666160583 36013.28125 15084.18505859375 13692.182131528854 3083.6909790039062 12087.415950775146 27417.194641113281 44929.93359375 37041.796875 9065.7880096435547 4124.5267523527145 17189.829833984375 63509.612969398499 9945.5215511322021 1531.3693590164185 6749.5057069063187 5818.9309577941895 6874.8902510404587 4431.2320332527161 5277.6238479614258 101586.61305999756 119354.62023925781 6093.0204710960388 60806.807651519775 25116.354572296143 2676.3109278678894 4893.8076171875 4853.9691734313965 188.73081970214844 8606.8784703016281 767.1459196805954 152238.90845108032 311.6379292011261 657.92490386962891 21602.971606373787 22875.015060424805 16344.645010828972 8491.2077800035477 14435.749526977539 293.87075805664062
leaf_count=3576 5088 2583 6426 1690 1221 12661 20950 22301 9331 270 1658 3213 11768 6876 2952 6464 11278 995 8646 1023 11618 16199 26666 7743 529 16988 2575 1364 1911 2846 3142 2601 1607 4362 23581 7480 1539 4530 2295 2672 3228 7051 12459 12593 1470 14665 5209 2591 1480 718 93 9160 293 12112 426 298 12834 1249 2400 1976 2867 184
internal_value=-2.26314e-05 0.00465126 -0.014809 0.0130657 0.000891997 -0.00971671 -0.00413736 -0.0270801 -0.0232869 0.0224794 0.00328362 -0.0277971 -0.00330062 -0.0392008 -0.00590505 -0.0154823 -0.0343073 -0.0133195 -0.00902195 0.009822 -0.0161859 0.000784362 -0.000229291 -5.5399e-05 0.0321977 -0.0286005 -0.0340313 0.0107384 0.00925622 0.0159789 0.00594304 -0.00466934 -0.0130153 -0.00792943 -0.00979836 -0.0131011 -0.0076359 -0.0155123 -0.00791728 -0.0141251 -0.025488 -0.0348402 0.00489863 0.00718431 -0.00152507 -0.00343592 -0.00549229 -0.0144828 -0.00469257 0.00254704 -0.0626396 -0.0261406 -0.0399246 0.00776448 -0.0430426 -0.00641166 -0.0187331 0.0176206 0.00355823 0.0068354 -0.00869448 -0.0470033
internal_weight=1.55909e+06 1.18463e+06 374456 365816 818819 264638 263887 109818 83644.1 93747.2 554932 9012.68 254875 26173.9 159316 105323 21655.2 88140.8 103925 272068 66202.7 286081 249930 55390.9 31245.6 54967.4 30130.6 245972 191744 54228.3 268850 21938.1 5818.88 98327.6 81137.8 28676.7 18731.2 65288.5 19443.3 13624.4 15468.9 8361.31 231809 130222 201445 136142 105213 7107.54 79774.4 29970.3 4518.68 13180.1 1694.35 164326 14661.7 969.563 45845.1 62501.6 30928.9 24835.9 75242.6 8475.1
internal_count=388574 173219 215355 25577 147642 110380 68357 104975 73808 3738 79285 6334 62023 31167 53710 56670 24198 44009 39541 21839 34944 49433 44345 14169 799 55458 33157 19256 15387 3869 29852 9065 3121 36589 32227 18350 10870 33949 9497 7202 15445 9626 26710 14251 41073 29305 23459 5819 17679 5927 6969 12736 1514 13476 17712 724 24452 2939 5846 4376 17532 11462
cat_boundaries=0 1 2 3 4 5
cat_threshold=152601 4096 24992 136312 148533
is_linear=0
shrinkage=0.035


Tree=57
num_leaves=63
num_cat=6
split_feature=2 9 50 25 24 27 40 3 0 16 32 14 14 2 12 27 16 27 8 29 18 45 26 32 3 16 19 26 3 3 19 45 41 39 44 35 16 19 35 19 33 24 35 45 16 48 5 26 30 44 28 27 18 29 33 27 29 37 16 4 3 37
split_gain=82294.7 25649.7 23705.5 8582.56 5755.82 4742.35 4726.76 4378.71 3887.49 2823.65 2795.87 2712.96 2605.37 2632.7 2260.67 2116.62 2074.35 2055.27 2037.21 1990.43 1989.43 1813.75 1805.43 1665.26 1632.23 1609.01 1552.62 1495.73 1466.79 1459.51 1444.3 1419.07 1413.22 1416.67 1358.83 1427.42 1327.71 1429.62 1315.48 1256.52 1238.01 1208.45 1166.83 1164.92 1161.11 1146.67 1185.15 1141.31 1140.74 1108.39 1108.19 1104.6 1069.51 1065.76 1052.58 1039.39 1034.6 1007.48 1003.38 1000.76 999.852 984.601
threshold=205.29000000000005 778.28000000000009 1.2745587471748807 48.873863636363645 1.5000000000000002 10904.020000000002 1.0000000180025095e-35 41.500000000000007 26.460000000000004 0 7.1200000000000019 18.000000000000004 19.500000000000004 2250.9900000000002 63.915000000000013 4784.4000000000005 1 1.0000000180025095e-35 15.500000000000002 207.50000000000003 9413.0104166666697 8.2500000000000018 55.000000000000007 inf 16.500000000000004 2 65.967857142857142 161.50000000000003 27.500000000000004 6.5000000000000009 3361.2412500000005 3.5500000000000003 9173.8000000000011 28.630000000000006 79.830000000000013 3.5000000000000004 3 3361.2412500000005 13.500000000000002 249.46500000000003 11.500000000000002 1.5000000000000002 13.500000000000002 3.7083333333333335 4 11.500000000000002 2.1600000000000019 284.50000000000006 364.93000000000012 126.63000000000001 28.460000000000004 1684.7750000000003 4291.0425000000005 298.50000000000006 8.5000000000000018 1108.3050000000003 344.00000000000006 7982.8200000000006 5 1.0000000180025095e-35 10.500000000000002 4749.5200000000004
decision_type=10 10 8 10 10 10 10 2 10 9 10 2 2 10 10 10 9 10 2 2 10 10 2 8 2 9 10 2 2 2 10 8 8 10 10 2 9 10 2 10 2 10 2 10 9 2 8 2 10 8 10 10 10 2 2 10 2 8 9 8 2 8
left_child=2 3 6 10 9 41 29 30 21 23 19 -11 44 15 16 25 -6 24 -16 45 26 32 61 -4 -12 51 -13 -18 -17 -1 -7 -19 48 -34 35 -23 56 -38 -28 -35 42 -3 -10 53 -5 46 -2 -30 49 -8 -20 60 -25 54 59 -24 -21 -55 -44 -27 -14 -15
right_child=1 5 4 12 14 7 8 -9 40 11 17 20 13 22 18 28 27 31 50 36 -22 34 55 52 -26 43 38 -29 47 -31 -32 -33 33 39 -36 -37 37 -39 -40 -41 -42 -43 58 -45 -46 -47 -48 -49 -50 -51 -52 -53 -54 57 -56 -57 -58 -59 -60 -61 -62 -63
leaf_value=-0.033404644764674675 -0.012689783938939094 0.013703923679481212 -0.0060777256873677252 0.002569241159984617 0.0050264901081782205 0.026121514823541601 -0.028206436375853301 0.017622483544607409 -0.010770324287650975 -0.026738512379755677 -0.0078800447887735856 -0.013639113030575677 0.010176082575137805 0.012561323278851904 -0.0066429100157258478 0.031213600927385086 -0.014418977595682099 -0.0046043023079765663 -0.023401293618013758 0.0092901111026267875 0.0059195586023861931 -0.061416717363952357 0.00035663967623999706 0.0010793719282569739 -0.069433169660511398 -0.01222739142790609 -0.0016893544286220314 -0.028149293523499062 0.0065196252803692697 -0.066981302069096513 0.043904909318518037 -0.017762186002762914 -0.023025886938339842 0.0094316320797217384 -0.058680182268016787 -0.030364959090987041 -0.0012729936171991287 0.035509514074427165 -0.010546177055193997 -0.069300623441902798 -0.046420409021148551 -0.015955669026420469 -0.017057839565136651 -0.025786632367790888 -0.0076654428434669662 0.0040383364566816057 -0.0027737831732184423 0.016301589068252999 -0.0083921195646623654 -0.044901388822898937 -0.0063138564653947927 0.010092186265556916 0.011698180501160192 0.0032899576067029032 0.0032959324453178001 0.010532576156710145 -0.0071183311389688914 0.017932888457847185 -0.034272107236962557 -0.0012781448834657527 0.00090549894312461098 0.033389635690579469
leaf_weight=2566.5079941153526 18251.473374605179 124326.2053527832 29673.602762699127 30855.600280761719 3677.934671163559 9145.1569366455078 20892.836266219616 36159.647506713867 26750.427714407444 8339.0687146186829 969.33493304252625 37013.93986082077 19292.158334255219 5080.7947044372559 56656.394557952881 3362.1658935546875 16615.548293352127 67732.700869083405 17447.977481842041 46491.961935997009 14851.631233215332 2082.6618609428406 14101.239788532257 39964.500732421875 1158.1704075336456 12324.45689368248 53663.735954761505 23428.913970947266 111757.89452171326 4164.7675304412842 14434.870849609375 11787.595548152924 9562.4110221862793 3149.181323826313 3416.3370475769043 14058.608391284943 49950.337136268616 1327.8490600585938 33284.323841094971 268.56381243467331 1653.2223815917969 1705.0998229980469 15263.284248352051 2004.9468239545822 24235.706470489502 22987.95751953125 77283.108423948288 16808.662973403931 2735.9450829029083 6357.8764915466309 6339.5376663208008 49341.1162109375 16380.874267578125 23871.824214935303 54535.154144287109 96052.64876127243 5236.8881225585938 7584.0044174194336 5746.7207727432251 60031.469400286674 54536.317558288574 6144.3694801330566
leaf_count=3231 6234 7273 8702 3934 1645 276 21973 1752 16066 4134 504 17416 2206 414 21392 188 10008 15060 9273 6954 3434 3339 1653 8864 1581 2571 14090 18074 12391 7516 200 5075 7747 1874 5267 16317 9798 84 11751 358 1592 187 10743 693 3731 4467 14849 1590 2012 8056 2680 5210 2614 3148 6855 7675 1174 642 4919 7461 7383 274
internal_value=-2.22777e-05 0.0053178 -0.012148 0.00286152 -0.00764686 0.0171528 -0.0257015 0.0252752 -0.0239882 -0.00440532 -0.00192726 -0.00734979 0.00531429 0.00605815 -0.013734 0.0047333 -0.0201399 -0.00746354 -0.0102521 0.000113242 -0.00618538 -0.0297867 0.0105927 0.00063259 -0.0414052 0.00302913 -0.00763569 -0.0224471 0.00839558 -0.054186 0.0370093 -0.00655494 -0.0257636 -0.0161138 -0.0386235 -0.034375 0.00367193 -0.000319774 -0.00507989 0.00322645 -0.0166507 0.0133025 -0.0156192 0.000718022 -0.00193417 -0.0029796 -0.00466831 0.00779863 -0.02994 -0.032103 -0.0188478 0.00603733 0.00416665 0.00105382 -0.000375838 0.00922993 0.00762739 0.00682083 -0.0217922 -0.00314328 0.00332811 0.0239642
internal_weight=1.55688e+06 1.08087e+06 476007 895098 357338 185771 118669 59739.7 111938 233172 303177 147153 591921 536829 124166 415450 43722.4 81647.8 80443.9 221530 138814 62524.4 121379 86019 2127.51 283521 123962 40044.5 131929 6731.28 23580 79520.3 42966.8 12980.2 19557.6 16141.3 103007 51278.2 86948.1 3417.75 49413.7 126031 47760.4 160352 55091.3 118523 95534.6 128567 29986.7 27250.7 23787.5 123170 56345.4 158347 126891 110154 51728.9 31455.8 21010 72355.9 73828.5 11225.2
internal_count=388574 143487 245087 133799 134077 9688 111010 2228 100263 71005 65780 50825 68019 60354 63072 50338 29727 22220 33345 43560 46691 66943 10016 20180 2085 36169 43257 28082 14169 10747 476 20135 42020 9979 24923 19656 18010 9882 25841 2232 33320 7460 31728 21370 7665 25550 21083 13981 32041 30029 11953 14799 11478 20677 16887 9328 8128 3790 15662 10032 9589 688
cat_boundaries=0 1 2 3 4 5 6
cat_threshold=152601 4117 136344 152577 21632 142628
is_linear=0
shrinkage=0.035


Tree=58
num_leaves=63
num_cat=4
split_feature=0 50 4 44 0 2 25 22 8 32 23 8 8 24 19 42 48 16 45 22 27 35 8 17 8 48 19 24 48 19 22 49 27 35 41 19 16 23 48 19 27 2 24 8 27 29 16 2 22 29 8 49 22 37 22 47 2 18 41 16 37 8
split_gain=77129.4 24717.1 21217.6 6038.65 5997.45 5839.22 5405.84 3488.94 3080.93 3077.81 3034.88 2920.05 2397.6 2310.07 2187.52 2105.97 2086.9 1908.57 1900.4 1844.12 1804.92 1775.17 1756.64 1750.96 1693.15 1679.39 1638.89 1630.93 1575.37 1519.57 1472.3 1468.1 1381.94 1312.05 1283.69 1260.75 1248.14 1232.16 1408.15 1219.26 1343.86 1180.12 1119.74 1117.54 1115.04 1362.14 1114.25 1106.85 1034.49 1030.14 1015.62 1012.21 1251.64 1134.56 1139.61 987.27 1211.16 981.163 980.15 1108.89 972.642 970.137
threshold=366.38000000000005 2.3039999999995175 317.70000000000005 1383.8400000000004 15.000000000000041 63.945000000000007 97.171666666666681 1.0000000180025095e-35 6.5000000000000009 inf 0.68301270189221941 4.5000000000000009 7.5000000000000009 14.500000000000002 28.849166666666669 1.5000000000000002 11.500000000000002 0 3.0714285714285716 9.5000000000000018 1.0000000180025095e-35 14.500000000000002 9.5000000000000018 927.68000000000018 19.500000000000004 11.500000000000002 3361.2412500000005 1.5000000000000002 2.5000000000000004 18.757500000000004 33.500000000000007 20.500000000000004 10904.020000000002 13.500000000000002 3060.7100000000005 190.81333333333336 1 -0.93301270189221919 2.5000000000000004 1018.09 4260.7800000000007 5178.7850000000008 7.5000000000000009 17.500000000000004 331.47000000000008 298.50000000000006 2 1108.4800000000002 1.5000000000000002 298.50000000000006 13.500000000000002 18.500000000000004 39.500000000000007 1563.6500000000003 11.500000000000002 5422.0350000000008 462.16000000000008 59.521666666666668 5239.0800000000008 3 3828.9600000000005 2.5000000000000004
decision_type=10 8 10 10 10 10 10 2 2 8 2 2 2 10 8 2 2 9 8 2 10 2 2 10 2 2 10 10 2 10 2 10 10 2 8 10 9 2 2 10 10 10 8 2 10 2 9 10 2 2 2 10 2 10 2 8 10 8 10 9 8 2
left_child=1 4 6 -4 13 11 9 17 23 18 25 29 26 33 46 35 27 -6 20 -20 -2 57 -9 -7 31 43 -5 32 -22 -3 -15 34 41 37 -16 -10 42 -1 -39 51 -41 58 -24 -11 -31 61 -13 -45 -12 -50 -37 53 -53 -38 -55 -34 -57 -17 59 -8 -51 -46
right_child=2 5 3 12 7 8 16 22 15 10 48 14 -14 30 24 21 -18 -19 19 -21 28 -23 36 -25 -26 -27 -28 -29 -30 44 -32 -33 55 -35 -36 50 39 38 -40 40 -42 -43 -44 47 45 -47 -48 -49 49 60 -52 52 -54 54 -56 56 -58 -59 -60 -61 -62 -63
leaf_value=-0.046714770164785681 -0.040215884314667008 -0.014369570666529118 0.012263024596367441 0.025204797569876893 -0.064631220086555655 -0.0062374350478647568 0.0088279602156160278 -0.0062026131732328621 -0.01680864948543672 0.0010610112338960715 -0.025075297480300494 -0.0060174530351140816 0.018802292044124196 -0.060482103450113865 -0.01699298434381805 -0.020416181407632274 0.014135325705826204 -0.02400155726866263 -0.0022657059639418446 -0.030309210587711601 -0.015650681747705775 -0.0074521974790597925 -0.018537234019670588 0.008751069086877299 -0.027707964076528757 0.0078703722475578445 0.041640449287875927 -0.0027255243895012802 -0.0006282135482667602 -0.017131221440892203 -0.031166896668252793 0.014498811531425956 0.0054116009655766689 -0.038473801854604132 -0.0087167088828805847 -0.0011317368148778476 -0.011950133630678986 -0.044323666234690834 -0.021264351279559127 0.024768984690627955 -0.059304869668334488 0.01329540062836837 -0.038411501393199189 -0.0097523493813492668 0.0097859758722912381 0.018410927509208683 -0.029753543776471048 -0.00015353790804215151 0.0052595289286513384 0.0070968555702436735 -0.01398473315089787 -0.027054163171016912 0.010958471983567464 -0.067775505705775951 -0.022343731786982866 -0.0066048594302354387 0.022703320796118191 0.0011856489953382273 0.010124512397553357 0.0027198957147018189 0.018468315451220473 -0.007866550173410692
leaf_weight=3031.1904602050781 1534.329972743988 8845.7573690414429 121314.23902726173 15935.189671516418 2677.2971229553223 12671.487296104431 46514.208152770996 21229.148544549942 22348.816210746765 144993.38265609741 1116.0699005126953 2992.9240975379944 29460.311793327332 4895.6737887859344 32923.263780355453 2650.5911551713943 40037.40625 3089.0973167419434 5293.2505576610565 6280.4993357658386 9401.370558142662 53240.775391578674 8150.9201683998108 38719.776489257812 7546.9294662475586 33428.36376953125 13940.46337890625 26083.99706029892 94485.568849205971 3119.3672409057617 3680.0256550312042 2787.377908706665 10199.709045410156 11959.843352794647 75857.751888513565 19969.822072982788 18685.91707855463 3592.9495441317558 33433.334575653076 1601.5975346565247 271.53162789344788 22732.767944335938 6054.6803998947144 27678.550815582275 6576.8683910369873 6698.1313648223877 13178.396470546722 31421.33447265625 44686.938840866089 17299.400307178497 12090.04211139679 1561.0397171974182 3307.7953391075134 700.03643363714218 19432.561030864716 1957.7419128417969 14645.723602294922 89999.463348269463 38325.87633895874 167643.63756418228 19718.787362575531 9074.8855590820312
leaf_count=3936 1301 4643 7630 506 4423 2983 4291 10771 8708 24141 392 1628 1217 8597 17188 1059 3459 3039 2064 2846 2363 15463 4922 5887 4496 4843 225 4365 16431 1244 4370 975 961 14408 31377 4539 11542 4452 32293 475 260 1526 5846 6225 1367 1257 9672 4727 5755 2411 4243 1349 1592 761 14041 207 860 19987 3506 17478 2100 2951
internal_value=-2.18407e-05 -0.0102876 0.00589784 0.0167385 -0.0226258 -0.00597198 0.00346652 -0.0167246 -0.00258949 0.000835816 0.00261024 -0.0109916 0.0258884 -0.0310752 -0.0133045 -0.00455094 0.00659168 -0.0430272 -0.00402269 -0.0174848 -0.00254458 -0.00235925 -0.0148515 0.00505532 -0.0116645 0.000598583 0.0328751 0.00567112 -0.00198783 -0.00187282 -0.0479074 -0.010579 0.0063963 -0.0282993 -0.0112217 -0.0104276 -0.0179235 -0.0252607 -0.0235031 -0.0150864 0.0125564 0.00565742 -0.0269911 -0.000592493 0.00246784 0.00520392 -0.0253833 -0.00464909 0.00837935 0.00883663 -0.00597899 -0.0162753 -0.00123214 -0.0181621 -0.0239267 0.0139827 0.0192474 0.000567437 0.00496967 0.00404712 0.0131545 -0.000448806
internal_weight=1.55478e+06 568647 986129 180650 147355 421292 805479 86761.6 251691 437338 320343 169602 59336 60593 135287 200300 368141 5766.39 116995 11573.7 105421 145891 80995.2 51391.3 119115 237522 29875.7 328104 103887 34315 8575.7 111568 302020 52017.3 108781 54408.7 59766.1 40057.5 37026.3 45560.5 1873.13 275216 14205.6 204093 25469.3 22349.9 16171.3 59099.9 82821.2 81705.1 32059.9 43687.3 4868.84 38818.5 20132.6 26803.2 16603.5 92650.1 252484 214158 37018.2 15651.8
internal_count=388574 266744 121830 9578 127077 139667 112252 59021 62869 75599 50594 76798 1948 68056 65336 53999 36653 7462 25005 4910 20095 36509 51559 8870 54036 39936 731 33194 18794 11462 12967 49540 28829 55089 48565 17490 40788 40681 36745 30020 735 26801 10768 35093 6819 5575 11300 10952 10658 10266 8782 29285 2941 26344 14802 2028 1067 21046 25275 21769 4511 4318
cat_boundaries=0 1 2 3 4
cat_threshold=162050 86168 65699 5248
is_linear=0
shrinkage=0.035


Tree=59
num_leaves=63
num_cat=8
split_feature=12 6 24 25 4 40 22 45 3 10 35 48 0 35 8 19 2 48 4 2 12 16 27 16 32 44 35 48 45 43 41 26 2 16 16 33 22 16 40 16 16 3 41 24 19 48 32 26 17 26 26 40 16 32 14 1 26 0 11 3 22 13
split_gain=72416.3 29201.6 12253.1 10911.4 7593.68 5488.12 4396.22 4215.94 4035.5 3232.29 3502.52 2778.27 2630.44 2389.03 2243.82 2218.26 2141.53 2019.56 2182.92 1894.27 1831.38 1753.86 1718.22 1677.83 1592.06 1579.54 1722.25 1494.5 1487.5 1439.35 1433.33 1431.96 1357.98 1352.78 1329.32 1746.31 1298.03 1359.83 1273.97 1339.23 1272.93 1223.35 1217.23 1215.02 1209.38 1205 1527.84 1381.85 1194.68 1160.83 1441.32 1139.63 1123.45 1116.75 1115.14 1451.3 1107.27 1145.31 1087.43 1082.48 1755.66 1046.52
threshold=111.02000000000002 105.50500000000001 1.5000000000000002 495.03125000000006 5.8000000000000007 1.0000000180025095e-35 1.0000000180025095e-35 8.2500000000000018 22.500000000000004 3139.3800000000006 8.5000000000000018 2.5000000000000004 366.38000000000005 7.5000000000000009 19.500000000000004 15.742500000000001 5178.7850000000008 11.500000000000002 20.370000000000001 5178.7850000000008 16.03166666666667 0 2893.23 1 inf 79.830000000000013 3.5000000000000004 2.5000000000000004 7.166666666666667 1.5000000000000002 377.78000000000003 223.50000000000003 2250.9900000000002 2 3 3.5000000000000004 41.500000000000007 4 1566.7350000000004 5 6 6.5000000000000009 inf 4.5000000000000009 3361.2412500000005 10.500000000000002 792.00000000000011 177.00000000000003 7284.1500000000015 85.500000000000014 284.50000000000006 1439.2766666666666 7 215.07000000000002 16.500000000000004 2838.2150000000006 314.50000000000006 915.69666666666672 36.180000000000028 69.500000000000014 23.500000000000004 0.20526315789473687
decision_type=10 10 8 10 10 10 2 10 2 10 2 2 8 2 2 10 10 2 10 10 10 9 10 9 8 10 2 2 10 2 8 2 10 9 9 2 2 9 10 9 9 2 8 10 10 2 8 2 10 2 2 10 9 10 2 8 2 10 10 2 2 8
left_child=2 4 21 16 6 41 8 13 38 -5 44 33 14 15 49 31 17 18 43 -12 -15 24 23 -6 -1 26 -9 -23 34 -16 58 42 -30 53 -14 51 37 -22 39 -2 -31 -4 -7 -3 -11 47 -47 -38 -35 -13 59 -36 -28 -8 -25 -56 57 -37 -10 -51 -61 -44
right_child=1 3 5 9 22 7 11 25 30 10 19 12 28 20 29 -17 -18 -19 -20 -21 36 27 -24 54 -26 -27 52 -29 32 40 -32 -33 -34 48 35 56 45 -39 -40 -41 -42 -43 61 -45 -46 46 -48 -49 -50 50 -52 -53 -54 -55 55 -57 -58 -59 -60 60 -62 -63
leaf_value=-0.011939245413651645 -0.046035054941238149 0.00050011754608201881 -0.035292922972394281 0.011992179704232926 0.0033659142622391083 -0.031528179918441847 0.00049978915013727473 -0.060466989622913039 -0.065975197009509864 0.026191567364761161 0.010420663002066831 0.001297280944843751 0.0060459416252771131 -0.031375718084578022 -0.049498741649211329 -0.0061981350552062142 0.015024165109615784 0.01376442750831104 0.0068575729812500718 0.025908076195180613 -0.031032147943056001 -0.024919869814911479 0.0047630342717644193 -0.024924197009542366 0.0053479986925074842 -0.052347269916156097 -0.021624354776505622 -0.0087980716582163783 -0.033873530943704891 0.013728444306183384 -0.062190473983294553 -0.041848415969746471 0.025671619607061179 -0.024718215813043596 -0.005609438315691404 -0.0079507475826740039 -0.010022965290598382 -0.017452760326970598 0.041634238830592578 -0.0045477889088645987 -0.02027322628120885 -0.064855525897516197 0.010096448948618145 -0.051587127649428285 0.039821266089729579 0.011007322786700564 -0.021421979022164455 -0.028897728717275598 0.0034900616725858447 -0.0045040518248187431 0.00064747771146189681 0.010851915594303549 -0.040541524605051192 -0.020918846082444841 -0.0043946555583029064 0.0076579337553362237 0.0083107163751197036 -0.0005108652740330211 0.022088014364586218 -0.034519570951069632 -0.010500086647690945 -0.022565153606986649
leaf_weight=9744.8174273371696 1215.9717918634415 75771.064216852188 2897.0905342102051 49088.515625 95684.305633544922 3565.5531125068665 9631.0173606872559 2062.8645634651184 264.29184693098068 18155.015041351318 23826.412204742432 27211.388792514801 38023.1382188797 19651.507050514221 1780.7748084068298 27925.078306674957 37017.68359375 38751.243835449219 259167.05161356926 16289.400390625 16202.249225616455 7757.0961703062057 192670.46801757812 2803.7934960126877 19751.443359375 4754.2143478393555 14170.711778819561 76545.705078125 2706.0710997581482 1554.373761177063 3564.6710910797119 3817.3653411865234 566.76697540283203 14058.769193649292 6927.5226616859436 52346.958869934082 11361.071769714355 20710.16809463501 558.73668956756592 4306.8077826499939 9974.915789604187 4217.7432823181152 2670.6807312965393 551.60110473632812 14238.56298828125 4638.1353267431259 2886.2878910303116 8168.53369140625 2115.7744064331055 35256.921180725098 24281.016563415527 20093.145400047302 5345.4053738713264 4318.3705806732178 78948.263854980469 14482.977294921875 9233.4421920776367 49142.003684997559 486.33998709917068 4104.2161792516708 40575.425586342812 2183.2518858909607
leaf_count=3880 1155 10186 3571 2557 13907 3703 2305 3409 420 649 1449 7893 6370 21350 1536 14766 2291 3241 22972 560 13667 4331 27875 833 4665 6767 14364 31501 1687 406 4264 4220 102 5750 1368 12679 6901 14621 52 1866 4669 7479 1207 247 263 2269 2029 6590 629 11597 7954 2992 6946 1596 14595 1720 1518 8641 117 2442 15581 1404
internal_value=-2.14203e-05 0.00345425 -0.0164586 0.00971712 -0.00100198 -0.0227898 -0.0046232 -0.0213659 -0.0270542 0.0189279 0.0236231 -0.00396415 -0.00301823 -0.0186602 -0.00652686 -0.0116436 0.00699371 0.00619934 0.00532549 0.01671 -0.0220301 -0.00771103 0.00242819 8.41885e-05 -0.000363357 -0.0340829 -0.0300567 -0.0102806 -0.000181756 -0.0202202 -0.0529363 -0.024069 -0.0235572 -0.0141307 0.000253637 -0.00134567 -0.0191585 -0.0234271 -0.00868325 -0.0137805 -0.015694 -0.0528246 -0.0160039 0.000123 0.0321835 -0.0133339 -0.0014334 -0.0179187 -0.0210153 -0.00513997 -0.00682074 0.00663152 -0.0268394 -0.0061275 -0.00317878 -0.0025263 -0.00329258 -0.00434832 -0.00896491 -0.00908922 -0.0127072 -0.00459605
internal_weight=1.55277e+06 1.28175e+06 271027 532857 748889 157228 364299 150113 10396.8 121598 72509.4 353902 323778 123780 144739 40161.9 411259 374241 335490 40115.8 83618 113799 384590 191919 29496.3 26333.2 21579 84302.8 179039 13310.1 4315.3 12236.9 3272.84 30123.9 175766 137743 63966.4 36912.4 6081.52 5522.78 11529.3 7114.83 8419.49 76322.7 32393.6 27054 7524.42 19529.6 16174.5 131429 104218 27020.7 19516.1 13949.4 96235 93431.2 110722 101489 750.632 79936.6 44679.6 4853.93
internal_count=388574 208934 179640 44415 164519 135263 105589 124213 7874 5478 2921 97715 87435 92727 52078 25300 38937 36646 33405 2009 67427 44377 58930 31055 8545 31486 24719 35832 35357 6611 4801 10534 1789 10280 33568 27198 46077 28288 3073 3021 5075 11050 6314 10433 912 17789 4298 13491 6379 45467 37574 4360 21310 3901 17148 16315 22838 21320 537 29620 18023 2611
cat_boundaries=0 1 2 3 4 5 6 7 8
cat_threshold=152601 138240 21712 132105 29064 86404 2056 71973
is_linear=0
shrinkage=0.035


Tree=60
num_leaves=63
num_cat=5
split_feature=12 9 24 44 24 40 45 48 1 40 3 25 33 27 4 3 35 26 26 46 0 8 19 12 16 26 44 35 32 16 48 22 26 3 29 15 31 27 39 3 41 18 19 16 33 45 29 48 32 26 41 16 18 32 29 48 29 3 42 1 36 16
split_gain=67657.2 27278.6 11564.1 8738.22 7452.27 5348.91 4029.66 3476.11 4815.48 3372.83 3139.82 2317.67 2518.63 2061.78 2006.46 2001.57 1999.64 1965.64 2150.16 2015.33 1809.98 2182.11 1721.79 1659.7 1635.34 1565.09 1553.03 1705.43 1483.77 1430.82 1404.47 1342.78 1532.85 1436.49 1351.65 1289.15 1273.48 1264.37 1254.95 1251.44 1236.54 1232.26 1179.29 1154.77 1104.38 1096.39 1088.04 1239.38 1304.9 1074.9 1146.14 1061.16 1114.46 1058.42 1049.33 995.229 991.521 991.021 989.677 1314.53 989.448 974.729
threshold=111.02000000000002 313.41000000000003 1.5000000000000002 1383.8400000000004 1.5000000000000002 1.0000000180025095e-35 8.2500000000000018 2.5000000000000004 5312.0000000000009 1.0000000180025095e-35 41.500000000000007 97.171666666666681 11.500000000000002 10904.020000000002 84.620000000000019 13.500000000000002 7.5000000000000009 314.50000000000006 100.50000000000001 618.93000000000018 581.28333333333342 14.500000000000002 15.742500000000001 16.03166666666667 0 100.50000000000001 79.830000000000013 3.5000000000000004 inf 1 2.5000000000000004 39.500000000000007 284.50000000000006 66.500000000000014 207.50000000000003 0.53651621188819709 1.0000000180025095e-35 498.56000000000012 329.55000000000007 6.5000000000000009 7539.5700000000006 5187.3004166666678 3361.2412500000005 2 3.5000000000000004 18.500000000000004 298.50000000000006 10.500000000000002 1.6350000000000002 223.50000000000003 inf 3 4005.2550000000006 161.36000000000004 298.50000000000006 11.500000000000002 115.50000000000001 4.5000000000000009 1.5000000000000002 190.76000000000005 24.490000000000006 4
decision_type=10 10 8 10 8 10 10 2 8 10 2 10 2 10 10 2 2 2 2 10 10 2 10 8 9 2 10 2 8 9 2 2 2 2 2 10 2 10 10 2 8 10 10 9 2 10 2 2 10 2 8 9 10 8 2 2 2 2 2 8 8 9
left_child=2 4 24 14 7 39 11 29 17 15 13 12 16 -5 55 43 22 18 41 51 21 46 49 57 28 -16 27 -8 -1 -2 -26 33 34 -25 -33 38 -27 -10 -23 -4 -39 -9 -15 -6 -12 61 47 48 -11 50 -7 -20 -53 -48 -35 -3 -54 -18 59 -32 -34 -29
right_child=1 3 5 10 9 6 26 8 37 20 44 -13 -14 42 25 -17 23 -19 19 -21 -22 35 -24 31 30 36 -28 45 -30 -31 58 32 60 54 -36 -37 -38 40 -40 -41 -42 -43 -44 -45 -46 -47 53 -49 -50 -51 -52 52 56 -55 -56 -57 -58 -59 -60 -61 -62 -63
leaf_value=-0.011533249850623636 -0.0041170578409492715 0.002570748037658045 -0.034363926297226254 0.016284698913972721 0.007899656657690832 -0.030642436808132657 -0.059916718260378934 0.0029811535940879193 -0.0016852701183303548 -0.0055754755227784957 0.024531266986440373 0.017064226632173201 -0.047042620601533629 0.0244838993083819 0.014463192352004082 -0.060020190018017394 0.034315990620380293 0.0089843926132170075 0.0017351201835262395 0.0015281257540864515 -0.0010978516293467747 -0.016769622663617506 -0.0060959985823177843 -0.018085088973024303 -0.024154944224976698 0.0096630553320989476 -0.051524180569804234 -0.018077720548158881 0.0051618835153538828 -0.018274832704445788 -0.018889908549755547 -0.027086943254690746 0.0071728879326959424 -0.040742554811732973 -0.0087479389026525137 -0.0078933377674191788 0.0030289030854468426 0.0036343493947675206 -0.047957032150017072 -0.064524866116314167 0.013926277224998932 0.012771960927269827 0.041590964892104919 -0.059589841897726689 0.012346460936628674 -0.050136206838871301 -0.015763782740354251 0.0019526460437102717 -0.019667484304678733 -0.038834046320418716 -0.0044447398720145123 -0.0080215786838778794 0.0041969167050279017 0.0091812618784763225 -0.015368092106043115 0.014711961964845959 -0.0049461662081586207 -0.030963917796850014 -0.0054793720831634602 -0.0025169336779700159 -0.035111933727560066 -0.036844207883507452
leaf_weight=9735.0586814880371 45475.291442871094 86849.982713222504 2871.7577838897705 10025.902587890625 1230.3803861737251 3540.6914055943489 2009.8968377113342 78757.716125488281 10270.619140625 28209.68834066391 12011.9755859375 2256.5905330181122 3729.6166858673096 7672.3021240234375 62735.956839084625 2249.0576562285423 288.48562103509903 34641.484436035156 35411.976609230042 197238.73168945312 68490.225860595703 26441.451753616333 25753.962265253067 24161.451191782951 7723.2910994291306 152625.76926231384 4662.7580642700195 12662.301336765289 19747.478515625 10822.059043884277 19135.37575006485 9035.6571205854416 5893.5763459205627 7321.8621941804886 10818.837221860886 26668.90431022644 46168.024438858032 18981.974700927734 1680.4151458740234 4093.1885662078857 57994.342926025391 19681.82958984375 13872.31787109375 403.86762166023254 37760.619018554688 2067.9434833526611 2545.4022274017334 15992.940673828125 11263.199720859528 3403.1484069824219 4844.21484375 72722.673320293427 22656.127048015594 11466.163690567017 2747.0743335485458 9140.1502685546875 40503.235595703125 18771.887825012207 48613.066865921021 8755.6823534965515 764.98505544662476 4677.5414668321609
leaf_count=3880 9302 9658 3571 478 690 3703 3409 11845 1686 9382 479 768 3876 221 3950 3530 99 5059 6478 27781 15009 12983 13613 17271 4331 11595 6767 12349 4665 2881 9693 7137 3072 7188 6547 10805 4055 2292 1190 7479 6034 2500 196 544 2027 3075 1206 5155 5499 3735 2611 17484 4211 2952 1886 787 8990 20653 18952 2856 568 5886
internal_value=-2.1146e-05 0.00333615 -0.0159402 0.0104107 -0.000352116 -0.0221159 -0.020718 0.00146596 0.00226033 -0.006317 0.0207646 -0.0180745 -0.0187296 0.0293987 0.00805496 -0.0386078 -0.0178293 0.000940329 0.000343577 -0.000883878 -0.00566627 -0.00818412 -0.0111675 -0.0209631 -0.0074472 0.00964345 -0.0332176 -0.0292299 -0.000350892 -0.00684287 -0.0099299 -0.0181351 -0.0122215 -0.022715 -0.0170948 -0.0134068 0.00812236 0.0098494 -0.0186349 -0.0520958 0.0113884 0.00493882 0.0355003 -0.0091212 0.0152875 -0.026049 -0.00406535 -0.00626674 -0.00959689 -0.0222459 -0.0155096 -0.0036612 -0.00506729 0.00464883 -0.0338219 0.00372697 -0.0016664 -0.0299741 -0.00849484 -0.0137503 0.00231035 -0.0231736
internal_weight=1.55075e+06 1.28066e+06 270087 438863 841800 156377 149412 645158 588861 196642 81343.1 123332 121075 31570.5 357520 3883.31 117346 501614 466972 368533 192758 124268 37542 79803.8 113710 261530 26080.4 21417.7 29482.5 56297.4 84227.4 60743.4 26513.1 34230.4 19854.5 54790.8 198794 87246.9 28121.9 6964.95 76976.3 98439.5 21544.6 1634.25 49772.6 19407.8 69477.4 55465.8 39472.9 11788.1 8384.91 171294 135882 14011.6 10068.9 95990.1 63159.4 19060.4 76504.1 27891.1 6658.56 17339.8
internal_count=388574 208934 179640 33446 175488 135263 124213 106543 94360 68945 3401 92727 91959 895 30045 4764 88083 84348 79289 64944 64181 49172 23662 64421 44377 19600 31486 24719 8545 12183 35832 43669 17324 26345 13684 24978 15650 10012 14173 11050 8326 14345 417 1234 2506 21310 24194 20036 14881 10049 6314 37163 30685 4158 9074 10445 13201 20752 31501 12549 3640 18235
cat_boundaries=0 1 2 3 4 5
cat_threshold=152601 21952 134169 140344 71973
is_linear=0
shrinkage=0.035


Tree=61
num_leaves=63
num_cat=6
split_feature=5 9 12 2 40 24 27 3 16 32 37 51 16 37 47 3 40 2 48 48 8 16 29 23 19 12 27 0 48 25 8 26 26 24 47 27 2 51 39 44 16 33 22 17 3 2 42 22 19 2 17 2 28 16 44 16 26 37 27 10 27 29
split_gain=63325 21730.9 15782.2 8404.63 4680.43 4217.24 3750.12 3724.57 3478.6 3142.32 2768.53 2749.69 2661.36 2227.43 2074.6 2040.02 1847.92 1733 1724.92 1642.26 2116.73 1634.72 1576.62 1523.6 1476.34 1464.94 1448.08 1425.74 1416.74 1380.82 1370.83 1369.83 1363.86 1351.49 1274.13 1235.05 1225.15 1211.63 1447.66 1839.33 1224.45 1196.03 1193.53 1178.13 1632.92 1131.46 1103.06 1071.17 1056.24 1024.64 1002.68 996.254 974.501 1029.55 1015.1 973.692 970.388 956.226 955.77 951.783 943.637 1065.13
threshold=5.0050000000000017 778.28000000000009 58.085833333333341 845.50500000000022 1.0000000180025095e-35 7.5000000000000009 10904.020000000002 41.500000000000007 0 inf 3091.5900000000006 15.121209660160146 1 2465.9200000000005 1.0000000180025095e-35 13.500000000000002 1.0000000180025095e-35 105.37000000000002 2.5000000000000004 2.5000000000000004 8.5000000000000018 2 298.50000000000006 -0.6830127018922193 1932.7608333333335 3.8399999999999994 5218.4700000000012 17.47666666666667 11.500000000000002 25.924090909090918 14.500000000000002 11.000000000000002 11.000000000000002 1.0000000180025095e-35 394.96000000000009 3886.0200000000004 3501.3600000000006 1.0000000180025095e-35 18.735000000000003 22.700000000000006 3 6.5000000000000009 19.500000000000004 2921.3100000000004 248.50000000000003 3501.3600000000006 2.5000000000000004 45.500000000000007 15.742500000000001 607.84000000000026 13109.220000000003 2250.9900000000002 480.48000000000008 4 466.35000000000008 5 284.50000000000006 1.0000000180025095e-35 7800.1200000000008 3139.3800000000006 1198.4150000000002 298.50000000000006
decision_type=10 10 10 10 10 10 10 2 9 8 8 8 9 8 10 2 10 10 2 2 2 9 2 2 10 10 10 10 2 10 2 2 2 10 10 10 10 10 8 8 9 2 2 8 2 10 2 2 10 10 10 10 8 9 10 9 2 10 10 10 10 2
left_child=2 3 5 8 15 16 -3 24 9 46 33 14 23 -5 -6 55 -1 30 -16 -18 48 -22 28 47 -8 -25 31 -23 34 -12 -13 -11 35 -10 58 -24 -34 38 -20 -40 56 -14 -28 57 -45 -17 -2 -7 -21 -41 -51 -9 53 -32 -55 -4 -39 -27 -15 -19 -31 -62
right_child=1 6 4 13 11 12 7 51 10 26 29 17 41 22 18 45 19 59 37 20 21 27 32 25 -26 43 42 -29 -30 60 52 -33 36 -35 -36 -37 -38 40 39 49 -42 -43 -44 44 -46 -47 -48 -49 -50 50 -52 -53 -54 54 -56 -57 -58 -59 -60 -61 61 -63
leaf_value=-0.048142388292957028 -0.010686609428252615 0.011562267597307831 0.0028542151349404995 0.0021989719601350488 -0.0027422774855512828 -0.049900526842506253 0.013615212324338226 0.0084377300435830981 -0.0057361920799568833 -0.019140002534512108 -0.0053020135491203399 -0.0043143672760214873 -0.033216059312506714 0.0059767685156891714 -0.033353107181595405 -0.068092456717963379 -0.03208003979030271 -0.001629959727841085 -0.051822540477418563 -0.016525690536659431 0.020317775197063643 -0.027725742938760227 -0.013292608017293067 -0.036450744010978892 0.037191436292863513 -0.042774314154035237 0.024005777624950115 -0.015038921910050422 0.014067499339102204 -0.0088726249281233498 -0.025618544341480823 0.0031910706481347302 0.0128534032212712 -0.014644172589930903 0.00196058705216413 0.019751677886485072 0.028695031551358722 -0.019192775184810388 0.046704659001634098 -0.030487757557260978 -0.0051998429876723056 -0.052446222201501906 0.0075602982731829468 -0.043046031759835048 -0.0050275771606201449 0.015549684231871011 -0.0014542544003793511 -0.024646890606836478 -0.003962547868108241 -0.014172136843900743 0.057103406084981913 0.02013683218666068 -0.025841788233545982 -0.010219769326834513 0.01805561848394039 -0.043594426507067609 -0.0036708688198623597 -0.0023326517550568311 0.013426091595707821 0.018625060621489557 0.00045796384556409284 0.0094775664456641165
leaf_weight=2389.0597215592861 20941.906800270081 128214.6767578125 1340.196590423584 155645.07495117188 25369.848760604858 4043.7587864398956 3920.5759887695312 15334.162536621094 67265.552550315857 3448.6618957519531 61893.611134529114 29948.061448097229 8189.3063049316406 101100.07982540131 5454.6928405761719 2480.0770854949951 7976.5114898681641 100611.28787994385 1936.5939788818359 13488.440884023905 1167.9670921862125 22284.78363469243 4005.7542495727539 4525.5057907104492 19171.137451171875 783.29521870613098 6286.1094055175781 21158.005082756281 25537.98974609375 10269.665537834167 3541.3060188293457 137117.95806884766 30850.892272949219 30245.3125 82940.812232971191 2116.9947738647461 7418.8240356445312 22641.956615209579 506.42078232765198 4493.7609187960625 24785.533687829971 7691.7728805541992 38592.067504882812 3133.8086640834808 2478.3305969238281 214.94869804382324 65229.703491210938 4195.7683131694794 20900.565681219101 850.8885732293129 336.60415649414062 21312.365234375 7778.7356414794922 6141.6901979446411 2081.7062759399414 932.15677642822266 6309.2400054931641 8251.622633934021 26663.635041236877 2923.5083999633789 79929.90539932251 20063.726863861084
leaf_count=3288 5952 7711 834 18365 8222 6374 182 948 16040 934 19154 12562 10457 10057 3793 4349 7128 25909 2098 9533 467 20497 609 6069 323 1177 490 14126 2246 2313 2329 22143 2695 11000 9622 169 367 12086 104 3898 10431 12966 5324 3826 1979 102 12183 4515 11064 380 22 875 4761 3353 726 1129 2786 6715 2151 357 13296 3013
internal_value=-2.08192e-05 0.00403783 -0.0123609 0.00194227 -0.00719468 -0.0221232 0.014937 0.0221799 -0.000971297 0.00182441 -0.00378713 -0.00651459 -0.0310891 0.00555707 -0.011272 -0.0408271 -0.0177793 -0.00363305 -0.0144866 -0.0169448 -0.0154162 -0.0204463 0.00741951 -0.0244492 0.0331894 -0.019047 0.00439067 -0.0215424 0.00628226 -0.0011183 -0.00902017 0.00264307 0.0134713 -0.00849934 0.00533861 -0.00186589 0.0159251 -0.0128225 -0.0254197 -0.0171492 -0.0109175 -0.0425059 0.00986431 -0.0136676 -0.0262609 -0.0614181 -0.00369805 -0.0370453 -0.00889054 -0.0228483 0.00606252 0.0152419 -0.0162307 -0.00987423 -0.00305697 -0.0163898 -0.0158049 -0.00584315 0.0075315 -0.00105785 0.00123016 0.00226782
internal_weight=1.54885e+06 1.16552e+06 383338 977564 250679 132659 187953 59738.2 541284 271616 269668 245712 43293.2 436280 92685.5 4967.38 89365.3 153026 67315.7 86976.3 78999.8 44610.8 280635 27412.1 23091.7 19172.6 185445 43442.8 236243 172157 49491.5 140567 44392.5 97510.9 210705 6122.75 38269.7 61861 8124.27 6187.67 53736.7 15881.1 44878.2 14647.1 5612.14 2695.03 86171.6 8239.53 34389 5681.25 1187.49 36646.5 19543.4 11764.7 8223.4 2272.35 28951.2 9034.92 127764 103535 110263 99993.6
internal_count=388574 168162 220412 158123 100231 120181 10039 2328 111842 47026 64816 93817 54078 46281 43820 6414 66103 49997 35598 62815 55687 35090 27916 30655 505 19766 28891 34623 24076 37776 23731 23077 3840 27040 21830 778 3062 31805 6502 4404 25303 23423 5814 13697 5805 4451 18135 10889 20597 4300 402 1823 11169 6408 4079 1963 14872 7892 12208 26266 18622 16309
cat_boundaries=0 1 2 3 4 5 6
cat_threshold=152600 67877 5 12768 24768 134165
is_linear=0
shrinkage=0.035


Tree=62
num_leaves=63
num_cat=5
split_feature=12 6 24 4 24 40 22 3 45 19 8 18 33 29 8 19 1 14 37 2 8 44 8 8 2 12 29 19 47 15 29 41 1 47 42 40 3 45 8 16 40 16 14 22 16 44 8 27 17 46 16 45 8 29 47 18 16 27 14 11 29 14
split_gain=59372.8 24037.7 10381.2 8990.52 6394.4 5075.88 3717.28 3820.88 3714.55 2755.86 3061.65 2120.25 2039.68 1946.28 2075.42 1849.83 1844.05 1669.01 1907.61 1633 1545.53 1540.05 1562.68 1501.23 1784.76 1489.52 1459.68 1445.45 1426.46 1529.93 1421.55 1413.75 1356.98 1351.99 1374.73 1340.53 1320.9 1314.01 1270.27 1183.36 1178.76 1218.3 1165.22 1162.8 1418.65 1189.02 1117.16 1091.34 1087.32 1086.69 1067.96 1064.75 1058.84 1044.08 1034.73 1473.53 1342.39 1453.35 1033.22 1018.87 1012.16 1226.25
threshold=111.02000000000002 105.50500000000001 1.5000000000000002 576.09000000000003 1.0000000180025095e-35 1.0000000180025095e-35 1.0000000180025095e-35 22.500000000000004 8.2500000000000018 1932.7608333333335 6.5000000000000009 7972.6575000000003 11.500000000000002 29.500000000000004 8.5000000000000018 15.742500000000001 676.00500000000011 19.500000000000004 7268.9399999999996 1508.9400000000003 13.500000000000002 79.830000000000013 3.5000000000000004 19.500000000000004 18.940000000000001 16.03166666666667 283.50000000000006 25.320000000000004 5422.0350000000008 1.8715040210421774 298.50000000000006 377.78000000000003 inf 5422.0350000000008 2.5000000000000004 16440.143333333337 6.5000000000000009 6.5833333333333348 11.500000000000002 0 1566.7350000000004 1 18.000000000000004 38.500000000000007 2 32.020000000000003 6.5000000000000009 147.72000000000003 9753.1200000000008 938.07000000000028 3 18.500000000000004 42.000000000000007 130.50000000000003 93.090000000000018 1531.941428571429 4 2514.690000000001 19.500000000000004 36.180000000000028 298.50000000000006 20.500000000000004
decision_type=10 10 8 10 8 10 2 2 10 10 2 10 2 2 2 10 8 2 8 10 2 10 2 2 10 8 2 10 10 8 2 8 8 8 2 10 2 10 2 9 10 9 2 2 9 10 2 10 8 8 9 10 2 2 10 10 9 10 2 10 2 2
left_child=2 4 20 11 17 36 7 40 13 -5 -11 19 16 -7 15 58 23 -2 49 28 27 22 -10 -8 -25 -16 33 -1 29 38 -20 59 -31 34 35 -13 -4 39 -3 -26 41 -6 -29 44 -27 -45 -44 -21 -34 -19 -14 -24 -33 -35 55 -18 57 -56 -15 -9 -49 -62
right_child=1 3 5 9 6 8 12 31 21 10 -12 26 50 14 25 -17 54 18 30 47 -22 -23 51 24 37 43 -28 42 -30 32 -32 52 48 53 -36 -37 -38 -39 -40 -41 -42 -43 46 45 -46 -47 -48 60 -50 -51 -52 -53 -54 -55 56 -57 -58 -59 -60 -61 61 -63
leaf_value=-0.014059560327021912 -0.0049420728093315242 0.0099371357086332109 -0.032409636790746259 0.0092199579010295678 -0.044311187332808137 -0.041501501104803842 -0.0047045567841069941 -0.06551571109983241 -0.058541499936898903 0.033775751076511915 0.017491644742974252 -0.0023258282781260619 0.050015946740571547 0.0082317704625548497 -0.028560471573043148 -0.0053860579964346185 -0.0053610669957525076 -0.00079543935393220115 0.0047057221877438125 -0.021833564873041597 -0.015879483950532479 -0.050201173669518276 -0.021920260459506107 -0.047642649064788732 0.011829937567309226 -0.015268091696674915 0.020293896433842079 -0.019536523355327923 -0.018647231541355135 -0.0095067290652817733 0.01612208364101432 -0.065125276403703136 0.0083546878929592391 0.023068123926344868 0.0070662955406036532 -0.045743370156984285 -0.063901146363367384 -0.055050258385613775 0.0028235909213712375 -0.013713429046123332 0.040780263268046145 -0.0041336777080062575 0.0036800066580080209 -0.020869377892569863 -0.030345925156796245 -0.0056728602888993845 -0.0053247770948372138 0.0071382258640935092 -0.014933102337084527 0.0037378746372167407 -0.021698769797585175 -0.048792852374973078 0.038992001289661661 0.0098818830083301813 -0.00032774445724161624 0.0099320088830180744 -0.0057296956142945353 0.018937715769186843 -0.024945797984507315 0.021844869402581641 0.008533376462662768 0.025487522825756056
leaf_weight=17803.033210903406 40942.692708492279 46766.963045597076 2818.491382598877 26726.888487815857 1169.7203321456909 3846.6712847948074 155253.86913609505 245.51603800058365 1834.9128144979477 20495.590747833252 45651.511791229248 3316.0960540771484 252.04603910446167 1283.4842312335968 17721.362064123154 30345.662483930588 11489.565782546997 174954.93336486816 105297.39292907715 1499.7669067382812 19636.593888521194 4519.8973617553711 17232.164254903793 1874.4057643413544 2672.4519565105438 18637.178776144981 18741.470825195312 4873.244743347168 3609.63671875 18355.527886390686 15302.291076660156 3243.2937405109406 13902.429183959961 10980.845001220703 28956.146865844727 1180.5645751953125 3886.402889251709 809.95002144575119 89794.368545532227 12997.80497699976 552.35052680969238 4295.7817029953003 27492.506484985352 10305.405940055847 13066.491696000099 16257.226890563965 43707.612075805664 153945.86943817139 2982.0415191650391 102855.95440673828 9510.7731747627258 2017.726390838623 123.6076831817627 22287.162322998047 22879.684164047241 23507.470901489258 50873.817676544189 6068.1690731048584 11007.152053833008 484.93835037946701 13343.731391906738 8590.9345092773438
leaf_count=9472 8589 4532 3571 1473 1155 3926 51032 420 3233 421 1942 470 26 619 19659 16187 2438 32156 15109 301 9889 6767 18384 1582 612 13231 1230 2229 606 2697 1798 4239 1260 691 2597 258 7479 769 10174 4925 52 1866 6612 7785 11437 9790 16175 12105 467 13016 3856 3102 25 1737 4361 3697 11806 873 10093 117 1024 430
internal_value=-2.04214e-05 0.00312017 -0.0149896 0.00881352 -0.000924317 -0.0208855 -0.00478827 -0.0256537 -0.0195366 0.0187053 0.0225377 0.00671723 -0.00408039 -0.0170016 -0.0162068 -0.010026 -0.00354778 0.00178712 0.00247866 0.005519 -0.00695016 -0.0316604 -0.0276836 -0.00582369 -0.0152892 -0.0196746 0.0116634 -0.00508221 0.00312441 0.00358195 0.00615441 -0.0517188 -0.00291983 0.00923889 0.00427025 -0.0137324 -0.0506701 -0.0116068 0.00525976 -0.00935791 -0.0079012 -0.0128276 -0.00298114 -0.0169716 -0.0214975 -0.0115692 -0.00184776 0.00788698 0.00424109 0.00088297 -0.0198134 -0.0247394 -0.0612924 0.0142349 -0.000106538 0.00491127 -0.00230658 0.00370999 -0.0214807 -0.00756768 0.00814054 0.0151745
internal_weight=1.54708e+06 1.27879e+06 268293 531128 747658 154780 308305 10115.2 148075 92874 66147.1 438254 298190 122471 118624 42636.3 288427 439353 398411 352791 113513 25604.7 21084.8 173608 18354.6 75987.7 85462.3 93876.4 175411 171801 120600 4097.36 35240 66720.8 33452.8 4496.66 6704.89 16480.2 136561 15670.3 6017.85 5465.5 76073.4 58266.3 31703.7 26562.6 71200.1 177380 16884.5 277811 9762.82 19249.9 3366.9 33268 114819 34997 79821.7 28947.9 12290.6 730.454 175881 21934.7
internal_count=388574 208934 179640 44415 164519 135263 93851 7874 124213 3836 2363 40579 85977 92727 88801 26899 82095 70668 62079 33596 44377 31486 24719 58920 7888 61902 6983 34488 19736 19130 16907 4801 4424 5753 3325 728 11050 6306 14706 5537 3073 3021 25016 42243 24668 17575 22787 13860 1727 45172 3882 21486 4264 2428 23175 6135 17040 5234 10712 537 13559 1454
cat_boundaries=0 1 2 3 4 5
cat_threshold=3080 86404 199781 80 136192
is_linear=0
shrinkage=0.035


Tree=63
num_leaves=63
num_cat=5
split_feature=2 25 24 25 24 21 17 16 48 47 40 16 2 35 12 31 45 39 12 16 35 16 48 21 40 8 29 3 18 35 14 1 15 14 12 18 24 16 1 30 46 17 39 40 2 1 37 3 8 19 45 46 18 26 49 35 1 19 37 48 6 35
split_gain=55724.1 19706.3 13415.6 7821.3 5193.91 3627.95 3079.99 2854.15 2516.25 2486.4 2460.56 2096.89 2037.5 1962.41 1956.27 1914.55 1848.77 1713.08 1815.97 1675.35 1666.36 1798.73 1547.37 1536 1495.28 1476.89 1429.99 1391.71 1390.23 1383.09 1354.89 1426.33 2163.17 1287.12 1286.07 1219.12 1205.51 1203.59 1184.93 1171.3 1163.27 1127.58 1085.8 1064 1059.49 1181.31 1102.98 1503.5 1057.93 1056.43 1020.46 1415.08 1013.61 1006.29 1004.02 1135.41 1003.74 994.014 912.832 892.734 892.325 1327.15
threshold=115.74500000000002 324.26583333333343 7.5000000000000009 48.873863636363645 1.5000000000000002 872.10000000000014 1.0000000180025095e-35 0 1.5000000000000002 inf 1.0000000180025095e-35 1 1508.9400000000003 8.5000000000000018 58.085833333333341 1.0000000180025095e-35 3.5500000000000003 100.89000000000003 3.8399999999999994 2 7.5000000000000009 3 2.5000000000000004 14.445000000000002 1.0000000180025095e-35 11.500000000000002 298.50000000000006 16.500000000000004 1667.9592857142859 3.5000000000000004 19.500000000000004 1.0000000180025095e-35 2.2471004005897552 20.500000000000004 18.72333333333334 6002.6999999999998 15.500000000000002 4 108.45000000000003 435.98000000000008 174.51000000000002 8689.8600000000024 12.980000000000002 9081.8700000000026 1702.6150000000002 2324.5200000000004 3828.9600000000005 256.00000000000006 11.500000000000002 18.757500000000004 14.500000000000002 33.525000000000006 124.15950000000002 223.50000000000003 6.5000000000000009 5.5000000000000009 1.0000000180025095e-35 3361.2412500000005 3701.9000000000001 11.500000000000002 26.647500000000004 2.5000000000000004
decision_type=10 10 10 8 8 10 8 9 2 8 10 9 10 2 10 2 8 10 10 9 2 9 2 10 10 2 2 2 10 2 2 10 8 2 10 10 10 9 10 10 8 10 10 10 10 10 10 2 2 10 10 10 8 2 10 2 10 10 8 2 8 2
left_child=2 3 4 6 13 30 27 17 -6 16 19 -7 23 15 20 40 37 18 -4 52 49 -22 28 29 -20 54 -24 -2 -11 43 -3 -32 -33 39 -15 -29 50 -8 -14 -26 -1 56 -41 -5 46 -46 -18 -48 -25 53 -9 -52 -10 -12 -16 -56 -35 -30 -39 -50 61 -51
right_child=1 5 7 12 8 11 9 36 10 22 14 -13 38 34 25 -17 44 -19 24 -21 21 -23 26 48 33 -27 -28 35 57 -31 31 32 -34 41 -36 -37 -38 58 -40 42 -42 -43 -44 -45 45 -47 47 -49 59 60 51 -53 -54 -55 55 -57 -58 -59 -60 -61 -62 -63
leaf_value=-0.00068508262326534173 -0.014106578191357591 0.0011104718291536299 -0.035599298811829092 0.0043280840420643098 -0.039326834575158322 0.031421410857772017 -0.00058730607268956737 -0.039254452667946908 0.0073572015231090143 -0.030983742964284921 -0.011602491164512885 0.01631398641519707 0.0135125832850595 -0.026021607687838223 -0.0080148081276105905 -0.0089539432888840857 -0.0093071116866819611 -0.044192867605208734 -0.056550462879669305 -0.059170381078418099 0.022723033510150363 -0.022870492169139334 0.0016238670782469005 0.0080694502423530618 -0.034308952282901567 -0.012772372761585715 0.01325767076263577 -0.05744688997644553 -0.0056622277302213701 -0.00096038935801590693 0.018949126819130465 0.011947555111042819 -0.0059775244217460033 0.003866800981571948 -0.0073400037501741636 0.045065642159835342 -0.060430334524070962 -0.0094368367299894097 0.0058097092509033178 -0.038026721791224696 0.010454949682555854 -0.049821294870426927 0.014680459407538867 0.027727583802511762 0.021755518213353389 -0.029451364629456186 -0.030087223320705396 0.0098439539258720413 0.0018453618683257397 0.025305839743180503 -0.035545247567763893 0.029230138203501458 -0.069735358595317487 -0.035080945160658593 0.021151656576025912 -0.0018152335860334491 -0.013729008321852264 0.053642717585044616 -0.0020754511089899059 0.0092516449747116411 -0.03237504705751916 -0.005716952320357847
leaf_weight=33229.474154829979 3305.4717464447021 14621.563598632812 7148.2256697416306 7240.1905956268311 4621.6990070343018 18907.0263671875 123778.7793841958 12256.620114028454 993.42722296714783 3134.3111588954926 8260.1409665346146 28055.3173828125 27944.567749023438 4761.8895883560181 19237.429396510124 23297.636905968189 21940.476347625256 4006.8758544921875 1051.9822298288345 2330.0578751564026 1085.4352778196335 36733.823057055473 101315.16143798828 67908.144023895264 5572.8402574062347 43693.204106330872 14837.345520019531 2011.0064487457275 4462.4008009433746 147483.92915534973 30653.16040968895 90578.735332727432 9072.6656589508057 6569.9736849665642 86499.723007202148 152.1895751953125 2917.9761390686035 44655.139313459396 196403.87170410156 733.62734311819077 17544.568965911865 779.26410865783691 1373.8894090652466 3545.888427734375 2152.1121826171875 741.13967895507812 7497.9877519607544 1364.9101867675781 142437.08876419067 1994.5895925760269 1072.8471022844315 670.54922121763229 263.51038765907288 3066.3778686523438 3640.0157814025879 9560.2925415039062 10038.096903920174 374.32942199707031 38363.025543212891 23180.805541992188 1209.3461867570877 11003.370674133301
leaf_count=11052 1648 1110 10053 887 4315 430 26050 16608 662 1107 5608 1239 2116 3510 7437 7973 9244 5464 2091 3638 436 31670 18406 7493 6724 23482 1996 2875 1083 23850 1432 5524 734 5048 32132 17 5532 11986 18546 738 2922 979 696 242 369 264 4220 489 18196 607 1563 298 425 3053 745 4023 8886 12 9191 2463 693 6292
internal_value=-2.00697e-05 0.00369054 -0.0119245 0.00169385 -0.00914096 0.0139527 -0.00232784 -0.0280023 -0.013911 -0.00193676 -0.0130897 0.0224069 0.00410946 -0.00487979 -0.0123535 -0.000647233 -0.00401316 -0.0225676 -0.0199685 -0.0417088 -0.0168973 -0.0215614 0.00208632 0.00258642 -0.0156896 -0.00857214 0.00311007 -0.0283971 -0.0128302 -7.55402e-05 0.0112131 0.0123467 0.0103155 -0.0139726 -0.00831506 -0.0502172 -0.0399375 -0.00277439 0.00676923 -0.0259048 0.0031644 -0.00870077 -0.00367626 0.0120225 -0.0116152 0.00863264 -0.0135172 -0.0239373 0.00439054 -0.00998843 -0.0356908 -0.0106287 -0.00877766 -0.0179612 -0.00291426 0.00451906 -0.00676848 -0.0010623 -0.00603445 0.00288204 -0.00363143 -0.000954799
internal_weight=1.54534e+06 1.17812e+06 367219 986230 313026 191888 370086 54192.8 147693 364617 143071 46962.3 616144 165333 139484 74071.7 240494 37274.8 33267.9 3587 63353.1 37819.3 124124 391796 26119.7 76130.9 116153 5468.67 7971.04 158270 144926 130305 99651.4 25067.7 91261.6 2163.2 16918 206797 224348 7680.36 50774 17387.3 2107.52 10786.1 33696.6 2893.25 30803.4 8862.9 233526 25533.8 14000 1743.4 1256.94 11326.5 32437.7 13200.3 16608.1 4836.73 83018.2 165618 14207.3 12998
internal_count=388574 173219 215355 162750 150675 10469 88957 64680 93086 84417 88771 1669 73793 57589 84046 21947 61813 40679 35215 4725 48359 32106 22604 53131 25162 35687 20402 4540 2202 24979 8800 7690 6258 23071 35642 2892 24001 47227 20662 8158 13974 14913 1434 1129 14586 633 13953 4709 28152 16253 18469 1861 1087 8661 12205 4768 13934 1095 21177 20659 7592 6899
cat_boundaries=0 1 2 3 4 5
cat_threshold=134437 4096 2204 5 154697
is_linear=0
shrinkage=0.035


Tree=64
num_leaves=63
num_cat=6
split_feature=0 50 4 22 4 44 24 0 27 18 16 8 19 16 48 26 16 35 27 8 27 16 17 41 45 44 16 18 47 19 26 48 14 3 35 25 12 39 45 49 46 37 35 26 8 16 45 48 27 24 29 37 3 51 22 27 48 29 18 41 14 19
split_gain=52248.2 17426.3 14781 4840.87 4549.85 4423.92 3856.55 3788.46 3129.36 2871.32 2525.05 2482.79 3435.81 2394.09 2200.41 2413.81 2073.93 1955.93 1943.89 1936.59 1658.6 1548.14 2142.51 1459.78 1439.41 1554.98 1404.49 1506.61 1398.61 1369.62 1365.41 2153.19 1360.41 1340.38 1271.06 1243.06 1224.89 1206.5 1144.89 1120.32 1305.12 1117.15 1059.9 1057.86 1036.07 1467.02 1465.83 1012.76 1009.27 1001.43 996.206 989.848 984.653 976.141 967.027 964.998 964.697 1117.48 951.893 924.661 918.794 939.825
threshold=366.38000000000005 1.2745587471748807 317.70000000000005 1.5000000000000002 5.8000000000000007 1383.8400000000004 1.5000000000000002 26.460000000000004 25.745000000000005 5187.3004166666678 0 4.5000000000000009 40.803000000000004 1 2.5000000000000004 39.500000000000007 2 13.500000000000002 1393.9050000000002 7.5000000000000009 2373.2100000000005 3 1.0000000180025095e-35 377.78000000000003 8.2500000000000018 79.830000000000013 4 1667.9592857142859 3713.8950000000004 3361.2412500000005 192.50000000000003 10.500000000000002 19.500000000000004 22.500000000000004 8.5000000000000018 97.171666666666681 52.919166666666676 100.89000000000003 5.1250000000000009 9.5000000000000018 119.02000000000002 12132.270000000002 13.500000000000002 100.50000000000001 9.5000000000000018 5 8.2500000000000018 2.5000000000000004 3309.6600000000003 14.500000000000002 298.50000000000006 4749.5200000000004 189.50000000000003 21.090125461917697 34.500000000000007 2753.3700000000003 11.500000000000002 283.50000000000006 9413.0104166666697 3738.2400000000002 18.000000000000004 7.0645833333333341
decision_type=10 8 10 2 10 10 8 10 10 10 9 2 8 9 2 2 9 2 10 2 10 9 8 10 8 10 9 10 8 10 2 2 2 2 2 10 10 8 10 10 10 8 2 2 2 9 10 2 10 10 2 10 2 10 2 10 2 2 10 8 2 10
left_child=1 3 6 10 8 43 9 24 13 14 -1 35 33 -3 26 -16 18 47 -17 29 -18 22 48 -15 36 41 -2 -28 59 -7 44 -32 -6 -13 50 -10 42 52 -24 40 -19 -26 60 -4 -9 46 -46 51 -8 -12 -34 -14 -33 -38 -37 -23 57 -30 -43 -11 -5 -62
right_child=2 4 5 7 32 19 21 30 11 28 49 12 17 23 15 16 20 39 -20 -21 -22 55 38 -25 25 -27 27 -29 56 -31 31 37 34 -35 -36 54 53 -39 -40 -41 -42 58 -44 -45 45 -47 -48 -49 -50 -51 -52 -53 -54 -55 -56 -57 -58 -59 -60 -61 61 -63
leaf_value=-0.063617104338138317 0.007291915700829819 -0.0071535192218144033 0.015129921636087435 -0.057454670411152445 -0.0099782181259692026 0.021358326572637767 -0.057181557336517932 0.004842708033172871 -0.0015866332600531791 -0.0098634936824565141 -0.026239824775288332 -0.0049987534881501079 -0.02306299430643264 -0.026997567179047138 0.016677364786697863 0.0023050724081044344 -0.0028411592801022702 -0.023347710552718365 0.0093052480628061634 0.015559313494980178 0.002815799287017915 -0.00092728727175404575 -0.0042788894364745493 -0.063386740653370549 -0.030601078021184263 -0.056185272463243972 -0.01920945621591234 -0.0034043275757482355 0.0081932244997201999 0.036705496294569158 -0.026272857197663008 -0.0091905781155970315 0.0017043117287038694 -0.026284444475232222 -0.0023896945474632882 0.020337921825200458 -0.020854443207789463 -0.0304203613912747 -0.020848973713160485 -0.0073024508875451106 -0.0099291261102079555 0.016198943680137492 -0.032664474666993862 0.0079927630256303155 0.013068903220601348 -0.015528142751506739 -0.044922380749430973 -0.0030904209638402307 0.030397719688758918 -0.061781078271825517 0.012328109044704308 0.00041042810368531116 0.013746911459435381 0.012763981291173399 -0.018524766890613935 0.011777184581073468 0.025293058490690207 0.019825189580219518 -0.065747542626392458 0.0058481711971419626 -0.031317566618575314 -0.013614189786022477
leaf_weight=3902.807373046875 9598.5738525390625 8205.6422066092491 36470.572166204453 717.95475822687149 17895.455628037453 15585.530349254608 1393.8278694152832 8017.0370819568634 25659.928842902184 4896.9844360351562 8696.5326308310032 4616.3957196474075 6329.7654353380203 9815.7421352863312 15980.298706054688 101913.78935241699 94255.677249908447 15722.764629721642 92884.76456451416 29058.974045276642 194516.48331069946 34916.965516924858 57150.406608998775 1565.8974568247795 14632.143810272217 2785.3274993896484 10163.127132773399 27055.069772720337 52506.905197143555 13129.33935546875 13973.059692382812 6483.4339768886566 48432.004440784454 16866.327995300293 92486.436721324921 5936.1755276918411 1936.1827487945557 2070.6666488647461 5608.4618831276894 40726.006042480469 20403.973834991455 1096.2976379394531 8977.9374091625214 84126.767578125 4500.207061290741 15043.793994188309 604.81633949279785 106073.98034667969 181.62143707275391 1093.1488933563232 13919.338623046875 3373.1802425384521 3545.4634611606598 2330.3099498748779 902.942666888237 9266.9991874694824 5832.7713623046875 12532.439163208008 205.29298400878906 72651.32568359375 4624.3793186545372 17869.947824716568
leaf_count=7540 1216 3689 1961 1074 5377 506 1826 3279 9722 795 10263 2602 3204 6723 1497 13007 14396 8808 9508 1217 23757 8613 12405 1674 18831 4937 2246 4355 4952 225 11197 3984 9288 13069 22421 678 1723 1617 2655 17700 7119 521 10872 5669 1745 9963 642 36044 21 2239 2039 1215 1586 1277 203 1426 383 897 355 8297 5342 16182
internal_value=-1.96905e-05 -0.00852952 0.00485243 -0.0201666 -0.00526564 0.0139665 0.00282867 -0.0177111 -0.0081361 0.00378709 -0.0397857 -0.00706656 -0.00843475 -0.021601 0.00261438 0.00329434 0.00285205 -0.00695404 0.00564267 0.0219302 0.000969322 -0.00330753 -0.00677133 -0.0319811 -0.0241682 -0.0320581 -0.00464103 -0.00771854 0.00810404 0.0283766 -0.011142 -0.0169137 -0.000841959 -0.0217108 0.000214027 0.00194738 -0.0201163 -0.00610415 -0.00575999 -0.0112828 -0.0157695 -0.0278372 -0.0224519 0.0101513 -0.00579876 -0.0100329 0.00617885 -0.00408055 -0.0470723 -0.0301836 0.00407613 -0.0149034 -0.00108105 -0.00249375 0.0152051 0.00173712 0.011658 0.0104349 0.00323341 0.0048559 -0.0185007 -0.0172549
internal_weight=1.54372e+06 562039 981678 123107 438932 178371 803306 109414 266199 694788 13692.5 246611 214112 19587.3 546368 499551 483571 192630 194799 57773.8 288772 108518 64334.3 11381.6 55175.8 18719.1 46816.8 37218.2 148420 28714.9 54238.5 26072.6 172733 21482.7 154838 32499 36456.7 12099.6 62758.9 76852.7 36126.7 15933.7 32190.2 120597 28165.9 20148.8 5105.02 115777 1575.45 9789.68 62351.3 9702.95 10028.9 4266.49 6839.12 44184 70872.1 65039.3 1301.59 77548.3 23212.3 22494.3
internal_count=388574 266744 121830 115169 151575 9578 112252 95127 112450 85306 20042 100364 89761 12086 69982 62165 60668 74090 22515 1948 38153 26946 16907 8397 61114 24644 7817 6601 15324 731 34013 18384 39125 15671 33748 10603 36470 7187 15060 33627 15927 19707 33470 7630 15629 12350 2387 40463 1847 12502 11327 4419 5570 3000 881 10039 6232 5849 876 9092 22598 21524
cat_boundaries=0 1 2 3 4 5 6
cat_threshold=151816 68637 138240 16832 5120 133121
is_linear=0
shrinkage=0.035


Tree=65
num_leaves=63
num_cat=6
split_feature=2 25 24 11 13 8 8 16 48 19 1 22 12 39 12 2 14 8 2 16 46 22 3 3 22 42 19 16 29 49 3 40 35 17 26 8 34 37 16 33 2 7 35 37 14 16 2 32 41 29 14 19 40 1 14 29 46 39 29 26 16 18
split_gain=49162.9 19952.5 9509.77 7657.27 5332.24 3536.56 3256.15 3020.6 2937.68 2866.31 2509.59 2630.17 2344.98 2047.38 2085.13 1964.89 1895.89 1806.89 1659.55 1604.51 1596.04 1575 2908.06 1516.16 1461.85 1438.24 1399.55 1399.21 1477.37 1394.44 1379.1 1351.23 1345.63 1329.49 1324.98 1288.42 2201.83 1274.78 1229.91 1225.99 1210 1192.11 1170.54 1468.94 1156.63 1135.45 1132.69 1165.95 1412.92 1127.32 1111 1099.2 1061.46 1058.99 1022.88 1430.25 1167.32 1096.97 967.184 963.514 962.361 1276.4
threshold=63.945000000000007 106.96214285714287 7.5000000000000009 2215.440000000001 0.48913043478260876 8.5000000000000018 8.5000000000000018 0 2.5000000000000004 21.993000000000006 5312.0000000000009 1.0000000180025095e-35 63.915000000000013 100.89000000000003 3.8399999999999994 5178.7850000000008 19.500000000000004 19.500000000000004 3501.3600000000006 1 334.35000000000002 1.5000000000000002 22.500000000000004 47.500000000000007 33.500000000000007 1.5000000000000002 1932.7608333333335 2 298.50000000000006 19.500000000000004 51.500000000000007 1.0000000180025095e-35 2.5000000000000004 8689.8600000000024 100.50000000000001 2.5000000000000004 1.5000000000000002 10728.000000000002 3 3.5000000000000004 3501.3600000000006 0.68333333333333346 16.500000000000004 3225.8700000000003 20.500000000000004 4 11.590000000000002 1036.2600000000002 2323.2400000000002 192.00000000000003 20.500000000000004 249.46500000000003 186.97500000000002 4.3900000000000015 18.000000000000004 298.50000000000006 2.9250000000000007 768.25000000000011 54.500000000000007 161.50000000000003 5 3431.3325
decision_type=10 10 10 10 8 2 2 9 2 10 8 2 10 10 10 10 2 2 10 9 10 2 2 2 2 2 10 9 2 10 2 10 2 10 2 2 2 10 9 2 10 8 2 8 2 9 10 10 8 2 2 10 10 10 2 2 10 10 2 2 9 8
left_child=2 4 6 15 16 26 9 13 38 -1 11 30 19 14 -4 35 -2 20 -7 -8 -13 22 45 -23 -9 49 -5 -11 32 42 -10 -16 -29 44 50 59 51 -30 -6 -20 -40 -34 43 -14 -33 -18 -44 -48 -49 -21 -25 -37 -53 -38 -54 56 -56 58 -58 -3 -22 -62
right_child=1 3 7 5 8 18 12 24 10 27 -12 17 29 -15 31 -17 21 -19 39 25 60 23 -24 34 -26 -27 -28 28 37 -31 -32 33 41 -35 -36 36 53 -39 40 -41 -42 -43 46 -45 -46 -47 47 48 -50 -51 -52 52 54 -55 55 -57 57 -59 -60 -61 61 -63
leaf_value=-0.015225127618432012 -0.021750331111434186 0.020885722217086497 -0.035157128522552969 0.015769986560665465 -0.0016022453904677395 0.0058891215077779072 0.014294697727170805 -0.050128445783075591 -0.016833854786083031 -0.024173409390443518 0.0079931835725832647 -0.0013151072467148747 -0.013841876094363175 -0.046246317842817908 -0.051105389099326153 0.013149863144176965 0.0047468395536249637 -0.004553565499335388 0.030763778258029787 -0.029946844836621352 0.0068206091699310519 0.00071223082675268346 -0.051766163015807894 -0.0067863518040256312 -0.024046595592204938 -0.013277608331178957 0.030916382493751289 0.0092033424694961969 0.0053841829883975257 0.011156260018178588 -0.069919530439791766 -0.022792404934067489 -0.017891845909139007 -0.054253898469156597 -0.010124470895191438 -0.0163889784344203 0.015334509842322578 0.040487568310904339 -0.014291342540502032 0.01396707564005667 0.029728229492461948 -0.0031722626472053808 -0.031872531713956875 -0.0023909751597500717 -0.0057886075557806154 -0.027299543651688327 -0.019638721747671433 0.026019025667712213 -0.015504357722185344 -0.017349923797383413 0.009996396238570935 -0.036753463526800326 -0.010925522001890375 0.0060111668706072513 0.012046658123743059 0.011013721756670347 0.015310970974584726 -0.015724470497574337 -0.0012669809882574516 0.0013082550411770844 -0.001378759214959968 0.0045011397644316477
leaf_weight=25794.95499932766 9910.9112091064453 10862.430809020996 7756.6823760271072 11034.040740966797 21677.658538818359 28913.166046142578 1746.8610101938248 8610.2117192745209 1931.5771141052246 3187.9020938873291 61740.475875854492 146404.35080260038 27287.68070089817 3855.8418807983398 1170.6649018526077 43650.94921875 3716.7822799682617 68668.153382122517 6685.6066131591797 19281.228989362717 68454.618548870087 40106.445068359375 2544.0794117450714 11483.51132774353 3795.9672164916992 25002.529624938965 23180.036376953125 8233.4829769134521 16785.212766647339 3773.266845703125 868.8974723815918 7053.9515697360039 8583.6536440849304 902.84418678283691 61786.207954406738 4487.6759757995605 15812.9320333004 1369.8324890136719 24838.013595581055 26132.60334777832 788.34426879882812 31369.774136066437 5326.8858270645142 27607.770010948181 16050.34467869997 2118.7202498912811 9260.2262153625488 1797.1717472076416 2271.5168323516846 15872.774421691895 8340.5375213623047 887.7900505065918 7304.9152917861938 265361.75450158119 9103.6639304161072 19748.489636421204 4711.6211479306221 5904.127197265625 50591.69200104475 4298.0309600830078 79628.608182966709 104676.2570976615
leaf_count=17269 4725 620 11345 511 4219 1902 740 14519 945 1906 7969 33732 13227 5741 2319 2635 1505 12777 191 19148 9164 11229 3296 4025 4410 14860 542 1775 4979 1401 991 7623 4740 1239 23568 838 1049 136 7129 1192 60 11057 3713 10381 13772 1651 4922 466 1106 12549 2136 433 1080 24555 650 1961 464 822 6357 402 13035 14871
internal_value=-1.93345e-05 0.0029482 -0.0131796 0.00804237 -0.000864708 0.0170063 -0.010245 -0.0271701 0.000615883 -0.00526112 0.0013586 0.000488215 -0.0136572 -0.0221115 -0.0192913 0.00609973 -0.00699481 0.000690686 0.0120033 -0.0187339 0.00159286 -0.00587056 -0.0205468 -0.00486001 -0.0421167 -0.0196923 0.0260323 -0.00156439 -0.000473907 -0.00959283 -0.0333237 -0.0144022 -0.0036799 -0.0126104 -0.00759841 0.00532855 0.00493333 0.00803488 -0.00774268 0.0173897 -0.012931 -0.00633501 -0.0106574 -0.00808319 -0.0109808 -0.0069297 -0.0182314 -0.0127777 0.00283873 -0.0242597 0.000274773 0.000548409 0.00132218 0.00653555 0.00166974 0.00269148 0.000353859 -0.00138543 0.000145646 0.0153359 0.00327723 0.00196064
internal_weight=1.5421e+06 1.25836e+06 283749 538672 719684 95945.5 234553 49196.5 579677 95324.8 532373 470632 139228 36790.3 32934.5 442726 140007 467832 61731.4 61903.4 399164 130096 8379.58 121717 12406.2 60156.5 34214.1 69529.9 66342 77324.5 2800.47 25177.8 48186.9 24007.1 81610.3 399075 383915 18155 47304 32818.2 25626.4 39953.4 73551.3 54895.5 23104.3 5835.5 18655.8 13328.9 4068.69 35154 19824 102740 98252.3 281175 97364.5 90059.6 70311.1 61207.4 55303.3 15160.5 252759 184305
internal_count=388574 203231 185343 46204 157027 4338 124375 60968 104892 41862 93484 85515 82513 42039 36298 41866 52135 83579 3285 47297 70802 47410 6452 40958 18929 46557 1053 24593 22687 35216 1936 24953 17572 22634 29729 39231 38209 5115 11408 1383 7189 15797 33815 23608 21395 3156 10207 6494 1572 31697 6161 12605 11767 25604 11334 10254 8293 7643 6821 1022 37070 27906
cat_boundaries=0 1 2 3 4 5 6
cat_threshold=203045 5 73826 21568 136348 144448
is_linear=0
shrinkage=0.035


Tree=66
num_leaves=63
num_cat=6
split_feature=2 25 24 11 4 35 27 3 35 16 19 48 26 30 39 48 27 30 2 42 16 29 2 45 16 29 46 26 18 48 19 40 35 17 35 48 16 34 47 6 18 41 40 33 26 14 18 16 27 28 26 26 23 47 15 3 37 3 48 3 48 16
split_gain=45897.7 18602.2 8997.02 7172.02 4988.28 3336.67 3154.74 3402.05 3061.2 2911.88 2567.31 2058.66 2286.41 2004.26 1969.66 1936.92 1872.21 1834.98 1767.14 1684.42 1643.52 2217.12 1567.58 1561.64 1389.97 1547.55 1364.9 1333.83 1510.3 1500.59 1330.78 1300.84 1285.99 1272.82 1267.65 1255.76 1206.28 1329.02 1655.95 1275.72 1187.97 1155.77 1150.24 1148.78 1115.29 1091.71 1072 1070.44 1060.55 1059.38 1055.78 1048.26 1046.02 1150.48 1042.3 1057.48 1030.86 1043.36 988.756 987.542 953.33 943.974
threshold=63.945000000000007 106.96214285714287 7.5000000000000009 2215.440000000001 1.0000000180025095e-35 8.5000000000000018 1.0000000180025095e-35 22.500000000000004 7.5000000000000009 0 21.993000000000006 2.5000000000000004 100.50000000000001 364.93000000000012 100.89000000000003 2.5000000000000004 1032.4000000000003 20.490000000000034 5178.7850000000008 1.5000000000000002 1 314.00000000000006 2763.6300000000001 2.5277777777777781 2 298.50000000000006 1021.0700000000001 100.50000000000001 7972.6575000000003 11.500000000000002 1932.7608333333335 1.0000000180025095e-35 2.5000000000000004 8689.8600000000024 2.5000000000000004 10.500000000000002 3 1.5000000000000002 146.94000000000003 63.001000000000005 3745.6350000000007 1024.2550000000003 1236.2500000000002 3.5000000000000004 55.000000000000007 20.500000000000004 1187.27125 4 1789.1400000000003 25.960000000000004 177.00000000000003 39.500000000000007 0.93301270189221952 56.920000000000009 0.43453726385764962 312.50000000000006 618.48500000000013 66.500000000000014 10.500000000000002 167.50000000000003 2.5000000000000004 5
decision_type=10 10 10 10 10 2 10 2 2 9 10 2 2 10 10 2 10 10 10 2 9 2 10 8 9 2 8 2 10 2 10 10 2 10 2 2 9 2 10 10 10 10 10 2 2 2 10 9 10 8 2 2 2 10 10 2 8 2 2 2 2 9
left_child=2 4 8 16 6 30 7 46 10 14 60 -6 51 19 17 -8 -3 -4 27 50 -17 23 -7 48 -12 32 -14 28 -18 36 -5 -19 -26 45 -30 52 -29 38 39 -38 -27 -37 -23 -24 -9 -33 61 49 -22 -21 -10 -13 53 -15 -55 -56 -25 -58 -52 -60 -1 -2
right_child=1 3 9 5 11 22 15 44 13 -11 24 12 26 35 -16 20 18 31 -20 47 21 42 43 56 25 40 -28 29 34 -31 -32 33 -34 -35 -36 41 37 -39 -40 -41 -42 -43 -44 -45 -46 -47 -48 -49 -50 -51 58 -53 -54 54 55 -57 57 -59 59 -61 -62 -63
leaf_value=-0.035286969686587427 -0.0041831800249938983 -0.00059347716615211314 -0.033941605035320919 0.015245132825870814 -0.0065459282775593673 0.0043291588503679371 -0.014497732851435571 0.016712914356545944 -0.01604806701852041 -0.041209326374208405 -0.02349967419023782 0.018384644170096304 -0.00088600059471258415 -0.0047283307188757118 -0.045320630973832259 0.001668653075863197 0.0069137318596604195 -0.05041495483179767 0.013661993211838388 -0.02712641883855612 -0.0095202436582846016 -0.012638360310854276 0.028137504011031184 -0.027090403020838167 0.0092037148311618008 0.0018910945969763933 0.0039440988014242942 0.009593898170089217 0.034033473653212042 0.011430154223289106 0.030039515932294602 -0.022353848147562683 -0.006248681050161636 -0.053348856873692521 0.013294347636965877 -0.0083701220532645549 0.044443160928016243 0.0041732666263333048 -0.011107477911398633 0.0012456436506164054 0.021035916151642312 0.0097507317732603918 0.010421492698948586 0.012922865254365579 -0.059334272576865695 -0.0058737639891428143 0.034931366048483646 -0.013390547220335986 -0.0014344524300508982 0.018356032098407117 -0.034693029775759734 0.0057660788227785788 0.0039995202537926383 -0.023558893533118529 -0.01290504596935569 0.036354066370352968 -0.0013943367824633987 -0.012652400704583969 -0.02906707554479741 -0.0065779044895837467 -0.011996110884527919 -0.036570739004110869
leaf_weight=2385.3906824886799 3673.329939365387 48576.10693359375 7468.902487039566 11014.788108825684 36518.084080576897 22856.387672424316 19513.969360351562 255.87382125854492 18808.576133787632 12238.895966768265 3144.1935021877289 8932.7890625 213879.77108764648 15504.614890038967 3797.9479446411133 66079.332759380341 65355.946853637695 1158.5237288475037 40000.837890625 823.73731952905655 27173.802246510983 3188.1670708656311 7548.755989074707 4452.1526842713356 8195.642872095108 10170.232381820679 107783.70986938477 35289.677352905273 4487.1848101615906 34858.813323974609 23024.53515625 7074.3294273018837 33817.33154296875 897.11444473266602 18477.265141010284 10699.451421737671 862.28443145751953 149057.2366027832 17497.088981628418 28016.293151855469 6512.422119140625 7220.6329288482666 15669.162466049194 31239.001823425293 3018.5176582336426 16198.675496518612 612.58578717708588 24232.971079349518 73936.9907746315 2620.4757899641991 11000.745895385742 82923.02734375 4872.3729248046875 14308.531487464905 27496.202304840088 543.50022125244141 13973.897541046143 36229.947978973389 5554.664909362793 4201.5690383911133 22033.943267822266 1570.0211584568024
leaf_count=2089 1770 6014 11004 511 8395 1583 7053 116 14102 18929 1817 929 40077 6122 5741 16741 5837 2342 2294 555 7120 818 232 2313 1756 3093 13361 3034 162 3051 542 7708 13143 1258 1463 4944 79 14096 3063 2773 1359 2722 3073 1470 4238 13986 109 14382 17528 880 11420 11933 1840 8414 12721 109 4068 15988 5726 3113 14068 1397
internal_value=-1.89221e-05 0.00284688 -0.0127543 0.00776854 -0.000834954 0.0164573 -0.00460225 -0.0248229 -0.00990411 -0.0264195 -0.00466401 0.00141978 0.00212325 -0.0129605 -0.0214551 -0.00389267 0.00588961 -0.0186967 0.0066891 -0.0174227 -0.00303285 -0.00481176 0.0116002 -0.00618423 -0.000869585 0.000346982 0.000732487 0.00590093 0.00962695 0.0046618 0.0252528 -0.0142001 -0.00323417 -0.0124623 0.017348 -0.00923969 0.00363915 0.00256323 -0.00261108 0.00253697 0.00936549 -0.00106846 0.00652235 0.0158845 -0.0533884 -0.010884 -0.00884386 -0.0107988 -0.0036076 0.00745185 -0.0220558 0.0069934 -0.0115741 -0.0128858 -0.0158722 -0.011949 -0.0109507 -0.00951889 -0.0274986 -0.0193837 -0.0142726 -0.0139638
internal_weight=1.54053e+06 1.25755e+06 282982 538162 719385 95683.5 269348 9130.33 234147 48834.4 86259.2 450037 413519 147888 36595.5 260217 442479 32797.5 393903 67242.7 240703 174624 61644.1 155767 61839.8 58695.6 321663 353902 88320.4 265581 34039.3 25328.6 42013 24170.1 22964.4 80645.3 230723 195433 46375.7 28878.6 16682.7 17920.1 18857.3 38787.8 3274.39 23273 5855.94 27677.2 101111 3444.21 39565.6 91855.8 62725.2 57852.8 42348.2 28039.7 54656 50203.8 20757 9756.23 24419.3 5243.35
internal_count=388574 203231 185343 46204 157027 4338 82332 7630 124375 60968 37325 74695 66300 87050 42039 74702 41866 36298 35852 50178 67649 50908 3285 47017 21168 19351 53438 33558 7462 26096 1053 25294 14899 22952 1625 36872 23045 20011 5915 2852 4452 7666 3891 1702 4354 21694 3276 15817 24648 1435 34361 12862 29206 27366 21244 12830 22369 20056 20259 8839 16157 3167
cat_boundaries=0 1 2 3 4 5 6
cat_threshold=203045 134200 73827 4224 208901 197789
is_linear=0
shrinkage=0.035


Tree=67
num_leaves=63
num_cat=0
split_feature=12 4 24 44 13 40 45 48 23 46 2 8 8 32 48 35 33 27 26 35 44 3 19 14 19 17 22 3 26 33 21 8 40 48 8 26 27 17 41 27 3 40 13 8 41 26 23 51 0 32 45 22 32 19 19 10 37 17 41 13 1 2
split_gain=43401.2 17715.3 7901.58 6658.91 4681.58 4581.06 2999.46 2794.09 2592.37 2208.21 2188.36 2138.58 2124.18 1887.58 1758.98 1715.47 1648.93 1657.19 1537.5 1521.14 1606.61 1452.93 1435.23 1420.32 1404.51 1402.79 1398.55 1828.38 1760.95 1575.37 1363.77 1537.28 1359.72 1340.37 1449.77 1333.77 1325.95 1777.53 1482.2 1249.94 1976.48 1513.73 1428.66 1235.93 1225.71 1224.96 1158.18 1118.5 1093.91 1082.53 1070.41 1040.47 1029.66 1029.48 1014.05 994.015 1096.35 1250.35 985.176 986.976 968.602 948.036
threshold=111.02000000000002 103.71500000000002 1.5000000000000002 1383.8400000000004 0.48913043478260876 1.0000000180025095e-35 8.2500000000000018 11.500000000000002 0.68301270189221941 618.93000000000018 3501.3600000000006 19.500000000000004 7.5000000000000009 1.0000000180025095e-35 1.5000000000000002 7.5000000000000009 3.5000000000000004 498.56000000000012 85.500000000000014 3.5000000000000004 79.830000000000013 6.5000000000000009 12.747000000000002 19.500000000000004 3361.2412500000005 6496.2000000000007 39.500000000000007 66.500000000000014 284.50000000000006 3.5000000000000004 14.445000000000002 2.5000000000000004 1439.2766666666666 2.5000000000000004 13.500000000000002 161.50000000000003 1315.6800000000003 1.0000000180025095e-35 3416.6700000000001 25.745000000000005 13.500000000000002 3088.8600000000001 0.4045454545454546 7.5000000000000009 1727.0400000000002 223.50000000000003 1.0000000180025095e-35 2.4615746816316437 12.888333333333335 631.98000000000013 18.500000000000004 23.500000000000004 792.00000000000011 111.205 25.320000000000004 2057.0400000000004 14045.58 18041.040000000005 inf 0.20526315789473687 2838.2150000000006 205.29000000000005
decision_type=10 10 8 10 8 10 10 2 2 8 10 2 2 10 2 2 2 10 2 2 10 2 10 2 10 10 2 2 2 2 10 2 10 2 2 2 10 10 10 10 2 10 10 2 10 2 2 8 10 10 10 2 8 10 10 10 10 10 8 8 8 10
left_child=2 4 33 10 13 21 14 8 9 11 30 43 24 18 -7 22 17 -10 32 -8 50 -4 45 -15 -5 44 27 48 46 -29 31 35 -2 -1 54 -3 37 -11 -39 40 61 -41 -43 -6 -9 58 -28 -34 -17 -19 -21 -38 53 -30 -35 56 57 -20 -16 -60 -27 -25
right_child=1 3 5 12 7 6 19 25 16 36 -12 -13 -14 23 15 26 -18 49 55 20 -22 -23 -24 39 -26 60 28 29 52 -31 -32 -33 47 34 -36 -37 51 38 -40 41 -42 42 -44 -45 -46 -47 -48 -49 -50 -51 -52 -53 -54 -55 -56 -57 -58 -59 59 -61 -62 -63
leaf_value=-0.017723366569709111 -0.0073889042822513854 0.02194809498305279 -0.028347814085791585 0.018862671599327224 0.004400628868117957 -0.038436186168765304 -0.05511385918566624 0.0024401129555326026 -0.0031978189177970366 -0.024421457747226389 0.011799439140538015 -0.015426639132291038 0.012896274811457262 -0.032771188612121624 -0.02710737642491573 -0.025895727692141993 -0.00086440663478419197 0.010220850994902933 -0.0049991761315113185 -0.018240656120569194 -0.046378720069752355 -0.062558399248434843 -0.0037620236990120091 -0.052019047740305108 0.034053661927157114 0.01479698091771425 -0.025302190721722941 -0.011483603835732143 -0.00037734195579881851 -0.039059727491079325 0.0070626989312606962 0.00072619567962931659 -0.027219968225144629 -0.010706546844176207 -0.013766473003096261 -0.0087552724697269324 0.0069001189872977924 -0.001060881566548021 -0.037052443108907929 -0.0036992483208099485 -0.058746090556160036 -0.021501893452197076 0.00010620285137133778 -0.0042009463391655486 0.01259466063172638 -0.039307110957678602 -0.0100892243535436 0.016745130687750916 -0.011743176638492493 0.00050175190617320065 -0.046013907649084584 0.00088259049217187058 -0.019685892993580006 0.029257061889828226 -0.00092417303504148775 0.018532437927066991 -0.021506980764297717 0.025441506034733646 0.013709711714674505 -0.02047549485785418 0.044367875659434154 0.011138770170518461
leaf_weight=10664.617407768965 5485.3032878637314 7792.5758115053177 2701.3539237976074 17097.885594367981 24078.355100631714 3680.461406826973 2300.092596411705 45859.730134963989 18217.648712158203 4560.0792350769043 77734.22265625 18665.496422767639 35755.313868522644 3322.4702301025391 2979.5363181829453 9860.1427323818207 58022.7705078125 73606.571136474609 70474.997985839844 16779.095551490784 3673.4999775886536 3487.2039070129395 28293.611027956009 378.61106157302856 13228.034912109375 6435.2970581054688 10590.248155593872 3432.2980713844299 5604.8176968097687 9748.042781829834 176979.17170715332 97608.041745185852 758.55050086975098 16010.126122236252 17792.707487344742 2228.2594113349915 45996.355560302734 65121.766554832458 1431.4944620132446 35415.773597478867 1556.3654255867004 14349.024720191956 5073.479736328125 136266.03548145294 21335.454496383667 2706.8997039794922 14560.4306640625 10641.428003311157 20818.666887402534 17347.311157226562 1891.2674598693848 149935.48062133789 2266.3997540473938 1929.6833670139313 68592.374154090881 2191.7763671875 4830.53759765625 1691.6701049804688 2430.5527280569077 1799.7939516305923 1719.215576171875 1248.3418943881989
leaf_count=5410 1707 435 3571 595 4090 3926 4343 7498 3644 1838 4716 6176 1662 1981 3292 10816 9567 9487 23024 18235 5833 7479 15058 417 240 781 9545 2521 3962 11225 15238 10509 327 8362 8899 221 5320 10079 388 13104 2308 7248 1439 33217 3053 3312 10204 1789 14186 3396 3075 20810 1751 654 21706 253 1611 215 1074 1201 63 488
internal_value=-1.85016e-05 0.00265959 -0.0129177 0.00845834 -0.000276908 -0.0181421 -0.0168861 0.00096795 0.000186448 -0.00120676 0.00659488 -0.00421453 0.018676 -0.00572229 -0.014614 -0.0138645 0.00390334 0.0064373 -0.00265975 -0.0280135 -0.0252214 -0.0476322 -0.00777819 -0.0105186 0.0254898 0.00732828 -0.0168152 -0.0209774 -0.0115917 -0.03188 0.00517333 0.00206652 0.00692847 -0.00591543 -0.00468545 0.0151206 0.000809473 -0.00328419 -0.00183557 -0.0092438 -0.0305623 -0.00800574 -0.0158578 -0.00290926 0.00566447 -0.0192352 -0.0164957 0.0138176 -0.0162925 0.00836719 -0.0210563 0.00229527 0.000993177 0.00721529 -0.00277549 -0.00470428 -0.00536596 -0.00428527 -0.0116949 -0.000835729 0.0210361 -0.00358172
internal_weight=1.53903e+06 1.27444e+06 264594 428424 846017 151534 145346 688599 613249 446055 362342 179010 66081.2 157418 120702 117021 167194 109172 96074.3 24644 22343.9 6188.56 38210.4 61344.1 30325.9 75349.7 78810.7 43859.2 34951.6 13180.3 284608 107629 16885.3 113060 102395 10020.8 267045 71113.3 66553.3 58021.6 3183.32 54838.3 19422.5 160344 67195.2 9916.78 25150.7 11400 30678.8 90953.9 18670.4 195932 9800.9 7534.5 84602.5 79189 76997.2 72166.7 7209.88 4230.35 8154.51 1626.95
internal_count=388574 208934 179640 33616 175318 135263 124213 119407 108012 81918 31119 43483 2497 55911 92727 88801 26094 16527 28926 31486 27143 11050 23937 26985 835 11395 64864 38748 26116 13746 26403 11165 3823 44377 38967 656 38435 12305 10467 25004 3213 21791 8687 37307 10551 8879 19749 2116 25002 12883 21310 26130 6367 4616 30068 25103 24850 23239 5567 2275 844 905
is_linear=0
shrinkage=0.035


Tree=68
num_leaves=63
num_cat=6
split_feature=12 4 45 11 24 8 40 2 12 8 40 35 41 22 48 29 3 19 16 16 41 42 48 26 3 22 1 43 14 19 8 17 40 14 16 45 2 35 29 35 17 41 37 16 45 2 22 30 2 35 37 10 23 16 16 41 3 24 41 41 22 48
split_gain=40517.2 16526.9 7494.5 5791.54 4674.47 3219.06 2464.52 2460.04 2300.44 2264.95 2243.07 2241.33 1951.08 2397.88 2946.53 2783.51 1800.12 1740.58 1718.73 1673.32 1777.24 1655.72 1504.32 1878 2045.03 2099 1419.3 2614.17 1562.66 1346.12 1329.24 1325.73 1322.96 1302.53 1291.87 1257.37 1232.57 1158.57 1165.59 1149.13 1143.59 1208.6 1135.96 1642.78 1294.11 1130.28 1100.99 1069.49 1364.08 1041.58 1067.39 1131.17 1032.86 1031.34 1027.38 1019.63 1155.91 1007.99 1002.96 964.384 958.005 1468.29
threshold=111.02000000000002 120.03000000000002 4.8750000000000009 2215.440000000001 1.5000000000000002 7.5000000000000009 1.0000000180025095e-35 1108.4800000000002 9.0340000000000007 7.5000000000000009 1.0000000180025095e-35 11.500000000000002 43.065000000000005 41.500000000000007 10.500000000000002 222.50000000000003 13.500000000000002 21.993000000000006 0 1 3886.6500000000005 3.5000000000000004 11.500000000000002 100.50000000000001 66.500000000000014 2.5000000000000004 5312.0000000000009 1.5000000000000002 18.000000000000004 3361.2412500000005 7.5000000000000009 1318.3250000000003 2013.4150000000002 19.500000000000004 2 8.2500000000000018 3501.3600000000006 4.5000000000000009 176.50000000000003 14.500000000000002 1.0000000180025095e-35 252.18500000000003 10728.000000000002 3 6.5833333333333348 3501.3600000000006 50.500000000000007 758.61000000000024 774.90000000000009 9.5000000000000018 713.60000000000002 17.755000000000006 0.93301270189221952 4 5 252.18500000000003 137.50000000000003 11.500000000000002 5397.1250000000009 1202.5900000000004 63.500000000000007 9.5000000000000018
decision_type=10 10 8 10 8 2 10 10 10 2 10 2 10 2 2 2 2 10 9 9 10 2 2 2 2 2 8 2 2 10 2 10 10 2 9 8 10 2 2 2 8 10 8 9 10 10 2 10 10 2 8 10 2 9 9 10 2 10 10 8 2 2
left_child=2 4 5 26 7 17 16 11 -7 29 34 33 42 15 37 18 53 -1 49 -13 -21 40 23 30 57 -26 27 -3 -28 -5 32 55 -8 -2 52 -24 -18 -15 -39 -9 41 -10 43 -12 -44 -11 -40 -27 60 50 51 -14 -4 -6 -19 -17 -57 -25 -41 -29 61 -49
right_child=1 3 10 9 6 8 22 39 21 45 12 19 13 14 -16 31 36 54 -20 20 -22 -23 35 24 25 47 28 59 -30 -31 -32 -33 -34 -35 -36 -37 -38 38 46 58 -42 -43 44 -45 -46 -47 -48 48 -50 -51 -52 -53 -54 -55 -56 56 -58 -59 -60 -61 -62 -63
leaf_value=-0.012602976029873375 -0.0062668553471062934 -0.0069616880745427224 -0.033584347068995851 0.018117672205572619 0.014368938519367441 -0.029374338760414075 -0.0087383969043079348 0.0081813996507425161 -0.021605712929485696 0.0061498077579539585 -0.0067431581037548996 0.0027924036344260019 0.01593659112900939 -0.05536453422231525 0.0071042769388619999 -0.033095209495897122 -0.067052656748080378 -0.021317841954700177 -0.053054120912504187 -0.0053501490078476542 0.0014294043224371534 -0.0010933656648212033 0.0055077624474452174 -0.0021309864574776101 -0.059309481468808906 0.0057527515210836393 -0.0049730438587767198 -0.0012901513993313015 0.012060293708728891 0.033315225526411328 -0.0017464352706960693 -0.033952743286295613 0.025159933197167448 0.0042690038613158411 -0.057297032335898966 -0.033704621748557186 0.020275348513231681 -0.040238602444763835 0.0040710517793869361 0.0015981112689183116 -0.012048441886785072 -0.069452592908742727 -0.0074781690028231087 -0.029401768658790111 0.033088093287335585 0.016841623441312813 -0.022683556658403634 -0.023294357430567438 -0.0032833516034907594 -0.042198649860249286 -0.036144339285477133 -0.062499759521386145 0.053818598239426592 -0.044454266208502728 0.0011044199128498139 0.0040217620307864774 -0.056536610461086052 -0.046892651084348022 0.010519319358651516 0.0069180615030244464 -0.0063469815710091486 -0.009116327287768863
leaf_weight=17785.289571076632 15961.421789526939 20299.89722597599 536.46917545795441 16278.119930267334 1033.9382115900517 9085.1656289100647 2011.9894962310791 68065.791061401367 3386.3348727226257 20390.710147857666 8590.6069329977036 70881.318855285645 1481.4105240404606 1314.6504767537117 5129.7296752929688 1604.3282197713852 1679.87074264884 2619.9867286682129 7911.5677005052567 161573.60644721985 67012.652479171753 17271.952808558941 23929.759370803833 57740.553460001945 1102.7865288257599 4546.6634433269501 7271.5286560058594 19267.149967193604 71159.700836181641 12724.20849609375 41868.17344379425 4195.0045313835144 4712.1227350234985 144479.701171875 3257.952587723732 1044.5087490081787 223.96548748016357 2834.8575817942619 2721.8105173110962 128138.11177062988 92094.38102722168 798.95287352800369 4666.2305488586426 7230.6801980733871 1212.8817253112793 29837.94580078125 6119.4197721481323 22091.547316551208 17161.49422454834 3461.6412477493286 1511.3773260116577 264.58740290999413 238.41023755073547 550.79237651824951 51555.008029937744 4605.3192472457886 420.43525123596191 621.93649590015411 17550.978515625 194928.30170059204 12494.810853004456 15042.041822433472
leaf_count=11001 3828 2080 794 578 523 10703 575 7086 2757 1192 6843 11800 1027 2177 3605 1955 3428 1398 13214 34280 12386 6413 6054 16881 910 1904 786 2137 4504 231 12791 4937 647 22834 6863 817 102 3629 1927 14827 55096 1530 2517 7034 425 1198 6127 10427 3461 4793 2023 359 45 711 16482 3380 586 603 1645 16968 4805 5935
internal_value=-1.81254e-05 0.00256808 -0.0124998 0.00854558 -9.11006e-05 -0.0089797 -0.00467945 0.00132462 -0.0124279 0.0169985 -0.0223827 -0.000117293 -0.020817 -0.0250872 -0.0153547 -0.0320143 -0.0338452 -0.00310301 -0.0419696 -0.0019057 -0.0033625 -0.0110718 -0.00418142 -0.00530182 -0.00748448 -0.0114126 0.00640531 0.00504206 0.0104811 0.0247862 0.000573531 -0.0185566 0.0150171 0.00322082 -0.0477132 0.00386648 -0.0567742 -0.024223 -0.0207123 0.004427 -0.0128619 -0.0307539 -0.0122415 -0.0171227 0.000894999 0.0125014 -0.0144475 -0.0106714 -0.0117895 -0.02879 -0.0146203 0.00402143 -0.00657331 -0.00628065 1.594e-05 -0.00881148 -0.00105456 -0.00260878 0.0026729 0.00617972 -0.0147308 -0.0175515
internal_weight=1.53758e+06 1.27368e+06 263906 392158 881521 194597 207857 673664 122637 79231 69309.4 459909 65276.5 43576.1 18120.5 25455.7 3488.57 71960.3 14630.6 299468 228586 113552 204368 179394 130802 72439.3 312927 234495 78431.2 29002.3 48592.3 10825.1 6724.11 160441 4032.83 24974.3 1903.84 12990.7 11676.1 213755 96279.7 4185.29 21700.4 15821.3 5879.11 50228.7 8841.23 71336.6 66789.9 6719.02 3257.38 1746 774.879 1584.73 54175 6630.08 5025.75 58362.5 145689 214195 49628.4 37133.6
internal_count=388574 208934 179640 29674 179260 105380 70574 108686 76499 3199 74260 85128 66558 49739 17465 32274 4764 28881 21416 58466 46666 65796 65810 58939 44926 27442 26475 21185 5290 809 14013 10858 1222 26662 7702 6871 3530 13860 11683 23558 59383 4287 16819 13877 2942 2390 8054 26532 24628 8202 3409 1386 839 1234 17880 5921 3966 17484 16472 19105 21167 16362
cat_boundaries=0 1 2 3 4 5 6
cat_threshold=133173 144392 133 202853 134165 73826
is_linear=0
shrinkage=0.035


Tree=69
num_leaves=63
num_cat=3
split_feature=0 50 4 22 2 44 8 0 2 8 16 18 13 48 14 40 37 47 10 3 8 48 8 19 49 23 22 25 26 45 43 12 37 26 48 40 39 51 44 41 48 3 16 40 29 47 1 8 24 22 26 18 51 26 43 39 19 39 37 8 16 45
split_gain=38106.2 12952 10710.7 4238.82 3640.76 3237.53 3097.12 2983.75 2933.66 3252.46 2716.1 2067.08 1933.32 1837.98 1653.75 1645.55 1629.33 1569.2 1556.28 1533.12 1507.98 1517.64 1454.22 1468.37 1784.8 1421.98 1411.88 1366.94 1325.87 1320.95 1254.4 1249.94 1211.07 1189.48 1880.33 1136.65 1112.17 1094.32 1090.08 2472.89 1344.44 1086.23 1059.62 1053.5 1051.14 1049.74 1030.76 1030.61 1012.05 988.179 978.526 1120.71 943.37 936.892 923.599 1012.83 1036.69 902.529 898.633 892.571 1298.37 1355.63
threshold=366.38000000000005 1.2745587471748807 317.70000000000005 1.5000000000000002 18.940000000000001 1383.8400000000004 13.500000000000002 26.460000000000004 1508.9400000000003 15.500000000000002 0 5514.5100000000011 0.13961038961038963 11.500000000000002 18.000000000000004 1.0000000180025095e-35 4749.5200000000004 5422.0350000000008 105.63000000000004 41.500000000000007 6.5000000000000009 2.5000000000000004 5.5000000000000009 40.803000000000004 20.500000000000004 -0.93301270189221919 1.5000000000000002 41.620500000000007 100.50000000000001 3.0714285714285716 1.5000000000000002 52.919166666666676 433.18000000000012 192.50000000000003 10.500000000000002 65.408333333333346 100.89000000000003 21.090125461917697 126.63000000000001 inf 2.5000000000000004 13.500000000000002 1 9081.8700000000026 298.50000000000006 5422.0350000000008 inf 17.500000000000004 14.500000000000002 8.5000000000000018 11.000000000000002 1808.0287500000002 2.0366590604726329 100.50000000000001 1.5000000000000002 100.89000000000003 190.81333333333336 12.980000000000002 989.64000000000021 9.5000000000000018 2 8.2500000000000018
decision_type=10 8 10 2 10 10 2 10 10 2 9 10 10 2 2 10 8 10 10 2 2 2 2 8 8 2 2 10 2 10 2 10 10 2 2 10 8 10 10 8 2 2 9 10 2 8 8 2 10 2 2 10 8 2 2 8 10 10 10 2 9 10
left_child=1 3 8 10 22 53 11 25 9 13 -1 14 41 20 -6 -14 49 27 -8 -7 -2 -22 30 57 47 43 -18 -17 -13 -23 45 38 -31 59 -35 -16 -36 -33 40 -40 -27 -11 -42 -5 -28 52 54 -25 -12 -10 51 -46 -3 -4 55 56 -37 -24 -54 -9 61 -61
right_child=2 4 5 7 6 19 18 33 16 12 48 28 15 -15 35 17 26 -19 -20 -21 21 29 23 24 -26 31 44 -29 -30 32 -32 37 -34 34 36 46 -38 -39 39 -41 42 -43 -44 -45 50 -47 -48 -49 -50 -51 -52 -53 58 -55 -56 -57 -58 -59 -60 60 -62 -63
leaf_value=-0.06263257170729726 0.0089639930868505788 0.013951441319200555 0.013386246405081724 -0.043431303410020564 -0.014774934075373659 0.025237908885178743 -0.012691421189948454 0.0055171640322853009 -0.0048100805824984275 0.025801813230359575 -0.02260566310105714 0.014126533879875294 -0.061072018489815957 0.011417563508758487 -0.012557027560228976 -0.0051850283435619796 -0.040687327371850289 -0.02061040572476382 -0.0041947892998260112 0.01366613757427584 -0.0075073856365501122 0.00282300800046931 -0.016780832032174259 -0.0094605032742917563 0.019987491891996775 -0.041583457171271827 0.007315286428437119 0.00061881608471471485 0.0019945795494221148 0.0067757792116035056 0.0028495035321605758 -0.017932785800984164 -0.021668351242386617 -0.023664245040589147 0.00011749639686519196 -0.0089095150965364904 -0.028341951743448703 0.014991952431514896 -0.041855068316973366 0.024092119371939343 -0.036669919919623872 -0.04457703382788681 -0.014934438433647708 0.025790160023691056 -0.033728376030681607 -0.0056324291665523097 0.0067265578920715574 -0.023435369326012954 -0.059974819773908047 0.0039670907985108446 0.020641535925064038 0.011738683871875146 -0.013406508509493324 0.0066509853906961394 1.4209152125821401e-05 -0.019648310158237887 0.0056783984718455057 -0.034225187555935239 -0.048450777415058828 0.013488179319915137 -0.013528820111928991 -0.043103488296934424
leaf_weight=3520.8842163085938 36976.803347587585 619.51594352722168 36226.05389881134 4483.8251705169678 11987.136551380157 25309.668792724609 43700.294891357422 7985.6020350456238 17894.734252929688 311.98565244674683 8448.3564066886902 15968.896606445312 572.53605556488037 30942.0361328125 10284.028666973114 73771.973424196243 714.10595703125 5259.8676691055298 66736.681762695312 31468.260894775391 21488.071269989014 199701.61006200314 12433.21159696579 42806.977377653122 2294.296914100647 2922.7223545312881 105396.13027119637 152412.38982653618 35712.353576660156 2830.1369034051895 15911.03978395462 2657.2082961797714 5204.8539867401123 13697.734497070312 9969.687629699707 17115.826812267303 2022.519157409668 2311.3368682861328 5930.841344833374 788.55926513671875 3015.5858668088913 1907.3184895515442 31348.600786328316 285.90432167053223 899.87331891059875 11714.258544921875 20679.856323242188 7614.2859423160553 991.65848731994629 128841.69616699219 14113.942138671875 2525.8006091117859 1624.1859219670296 83893.37158203125 97534.119364738464 6105.1197509765625 9160.8447971343994 5135.1523442268372 2002.1329571604729 4495.7787523269653 14903.561254024506 585.13515281677246
leaf_count=7540 4135 316 1961 6836 4687 617 18979 3279 3057 91 10263 2659 1085 3667 4788 16804 259 950 19690 1331 4301 27849 9335 21159 794 4163 9600 21376 8366 759 5484 2583 2085 11197 5570 6447 1617 1288 9005 363 4366 1548 32366 144 190 4473 3491 5175 2239 13301 936 259 991 5669 24987 1612 1940 4534 1668 1745 9963 642
internal_value=-1.78911e-05 -0.0073215 0.00414269 -0.017488 -0.00452216 0.0119378 -0.00275826 -0.0152061 0.00242281 0.00091259 -0.036395 -0.000398118 -0.0021715 0.00334376 -0.00223425 -0.00186044 0.00539077 -0.0017137 -0.00755702 0.0188248 0.00240526 0.00134721 -0.0103062 -0.0131183 -0.0101975 -0.0210351 0.00835049 -0.00127417 0.00574341 0.00226316 -0.00410479 -0.0192576 -0.01165 -0.00936757 -0.0148048 -0.00129975 -0.00468423 -0.00261646 -0.0211364 -0.0341134 -0.018797 -0.0346761 -0.0168578 -0.0392775 0.00863567 -0.0110374 -0.000530928 -0.0115713 -0.0265091 0.00289668 0.016569 -0.00021119 -0.025945 0.00868232 -0.00168621 -0.00680772 -0.0038237 -0.0218814 -0.0327629 -0.00437324 -0.00832542 0.00695002
internal_weight=1.53617e+06 557506 978663 120366 437140 176897 334985 107405 801766 531380 12960.9 224548 234236 297144 172867 232017 270386 231444 110437 56777.9 266201 229225 102155 70283.9 52715.6 53744.6 123650 226184 51681.3 207737 31871.1 48974.9 8034.99 53660 25689.9 160880 11992.2 4968.55 44006.3 6719.4 37286.9 2219.3 34364.2 4769.73 122936 15960.1 150596 50421.3 9440.01 146736 17539.6 3425.67 4245.83 120119 129916 32381.8 26276.7 17568.4 3626.32 27970.1 19984.5 5080.91
internal_count=388574 266744 121830 115169 151575 9578 97646 95127 112252 84650 20042 58977 41854 42796 47952 40215 27602 39130 38669 1948 39129 34994 53929 40997 27128 61114 11244 38180 11025 30693 12932 54134 2844 34013 18384 43265 7187 3871 50263 9368 40895 1639 36732 6980 10985 7448 38477 26334 12502 16358 1385 449 2975 7630 34986 9999 8387 13869 2659 15629 12350 2387
cat_boundaries=0 1 2 3
cat_threshold=151816 69768 133121
is_linear=0
shrinkage=0.035


Tree=70
num_leaves=63
num_cat=0
split_feature=2 24 9 27 25 8 19 27 3 35 30 33 35 22 3 17 14 1 15 3 18 20 8 47 43 24 17 26 29 32 18 23 48 2 19 19 29 29 26 3 37 48 24 26 12 17 27 45 22 18 27 17 45 47 2 2 29 26 37 42 38 2
split_gain=35583.6 11754 11303.2 4166.65 3721.15 3133.19 3570.43 2568.32 2637.64 2407.18 2343.48 2098.89 2070.86 2413.99 2041.24 1832.92 1774.27 2152.17 2204.86 1758.6 1648.92 1589.19 1569.06 1531.11 1530.69 1326.55 1258.31 1202.4 1302.46 1361.26 1201.47 1169.44 1446.33 1148.87 1139.3 1134.59 1097.9 1034.76 1017.84 1554.84 994.69 961.129 1088.01 930.651 927.432 920.762 918.563 1201.83 944.033 907.612 1001.19 894.707 893.687 1230.43 933.575 887.857 863.918 856.126 845.47 914.227 853.505 839.661
threshold=226.17000000000004 4.5000000000000009 778.28000000000009 1.0000000180025095e-35 48.873863636363645 19.500000000000004 49.610000000000007 10904.020000000002 47.500000000000007 6.5000000000000009 12.200000000000003 11.500000000000002 9.5000000000000018 19.500000000000004 18.500000000000004 1581.3900000000003 19.500000000000004 inf 1.8715040210421774 66.500000000000014 1406.1600000000001 1.4400000000000013 15.500000000000002 76.715000000000018 1.5000000000000002 11.500000000000002 4168.0800000000008 299.50000000000006 207.50000000000003 inf 1531.941428571429 0.68301270189221941 9.5000000000000018 63.945000000000007 3361.2412500000005 454.0585714285715 329.50000000000006 298.50000000000006 269.00000000000006 149.50000000000003 8823.8700000000008 11.500000000000002 1.5000000000000002 223.50000000000003 16.03166666666667 1.0000000180025095e-35 2630.3400000000006 6.166666666666667 25.500000000000004 4676.9100000000008 108.12000000000002 1.0000000180025095e-35 4.1000000000000005 15.125000000000002 1918.6700000000003 3501.3600000000006 298.50000000000006 131.50000000000003 6464.6100000000015 3.5000000000000004 129.64500000000001 4.3500000000000005
decision_type=10 8 10 10 10 2 10 10 2 2 10 2 2 2 2 8 2 8 8 2 10 10 2 8 2 10 10 2 2 8 10 2 2 10 10 10 2 2 2 2 10 2 10 2 10 8 10 8 2 10 10 10 8 8 10 10 2 2 8 2 8 10
left_child=1 5 4 14 22 6 23 41 34 30 43 12 19 15 61 25 -6 18 27 -12 -15 31 35 24 -1 -14 -21 28 -18 -30 51 32 -11 -17 57 -2 -16 -32 44 -40 -39 42 56 -5 -22 -37 47 -28 -48 50 -31 -8 -24 -54 -55 -19 -4 -9 59 60 -23 -3
right_child=2 3 7 10 16 -7 9 8 -10 21 11 -13 13 20 36 33 17 55 -20 26 38 58 52 -25 -26 -27 46 -29 29 49 37 -33 -34 -35 -36 45 -38 40 39 -41 -42 -43 -44 -45 -46 -47 48 -49 -50 -51 -52 -53 53 54 -56 -57 -58 -59 -60 -61 -62 -63
leaf_value=-0.026323736677229558 -0.0024272391111641845 -0.041072972012819342 0.0068783595649794275 -0.021331599157600255 -0.0024722376881364271 -0.018753852619572239 -0.025288084429092476 0.02716018219350819 0.011529503937139694 -0.017422366375112613 0.0042291608277355676 -0.043910355239374636 -0.016060566287641704 0.022608260564463814 -0.068259524579615011 -0.059525096055236149 0.0013787071856940472 0.0084459450847538739 -0.0031316553404472699 -0.024321073431830247 -0.031969122522752344 -0.0050807286424218402 -0.0033274965567412326 -0.0049385921826080358 -0.01130397393519098 -0.041025703459376006 0.043681830108882172 0.0090659197225198222 0.0012180655608127948 -0.026218021053373008 0.0031412544862750641 -0.0012925514482132357 -0.0046621190036814138 -0.023433094817728838 0.033625044666626101 -0.044614817020943297 -0.0036096905928540168 0.0096285549128862519 -0.025417537921954766 0.0038685578122697162 0.032820540020124293 0.01838897181773862 -0.022695030018503468 -0.04025483110620471 -0.013632611515777325 0.0038314970296972149 -0.057505224344372607 -0.036064689545075267 -0.0053631474591343455 0.011933204286622378 0.0060352969368716886 -0.0013458392066005693 0.028870587680624091 -0.02367906727234002 0.0054843562076806662 0.019517295304444446 0.015689869024752334 0.0062803779744664504 0.0015978287465264827 -0.00030969229233928286 -0.016692755781670281 -0.014965187817677375
leaf_weight=11759.832926779985 66701.318576812744 2946.642457485199 95270.541481018066 7244.3271965384483 54237.218700408936 18863.549282073975 2172.2557597160339 5379.1626777648926 33966.475341796875 25304.432108879089 13386.691209375858 2736.8931770324707 14628.519313335419 1700.8767347335815 3075.9426574707031 2766.2453284263611 175704.94485473633 47244.389404296875 55957.789215087891 6813.7648351192474 4042.0315192937851 52344.525107741356 121561.65625762939 27099.416299581528 28354.500389397144 3172.7735538482666 930.78648468852043 55471.850891113281 58690.818359375 1195.472559928894 34376.880950927734 17686.1982421875 19091.886474609375 1775.661247253418 13145.028076171875 482.133544921875 359.49388122558594 10622.935760498047 3030.8790628910065 8299.9354286193848 2879.05126953125 11461.640167236328 1418.8281631469727 5686.0579681396484 20602.050429701805 90972.803466796875 455.7025785446167 307.19185665249825 6201.2417144775391 41195.504211425781 80719.077916145325 15905.841810703278 738.60049480199814 7086.3390422463417 1659.0842132568359 10925.332275390625 15906.198684692383 4352.4027519226074 47736.262191772461 46836.575275421143 9101.8152424097061 3095.6884136199951
leaf_count=9149 16078 5127 5903 8887 7526 9007 893 150 1699 13389 8047 3466 12946 796 7340 4228 21536 3941 7400 6611 5300 19137 25762 12042 17818 4803 213 5746 8032 359 7068 6681 8562 1323 209 523 379 1951 3024 5498 224 573 167 9453 16380 15172 527 354 4376 3654 8019 3882 180 3913 456 582 786 166 12330 12261 2964 3606
internal_value=-1.75764e-05 -0.00787722 0.00359585 -0.0177435 0.0019416 -0.00485817 -0.00411191 0.0115565 0.0177174 -0.00239544 -0.0157145 -0.01373 -0.0127921 -0.0164631 -0.039957 -0.0255779 0.00355557 0.00417581 0.00338812 -0.00494949 -0.0110572 -0.00416725 -0.00130274 -0.0113659 -0.0157077 -0.0205122 -0.0133029 0.00427154 0.00352761 0.00560444 0.00346345 -0.00890342 -0.0119353 -0.0454232 0.0269042 0.00104395 -0.0614974 0.00636609 -0.0126495 -0.00396673 0.0145759 0.00873346 0.00775042 -0.0296554 -0.0166413 0.00357561 -0.00379171 0.0238804 -0.00894065 0.00769555 0.00556427 -0.00422397 -0.00413489 -0.0144822 -0.0181465 0.0105256 0.00813916 0.0178234 -0.00228261 -0.0039933 -0.00680102 -0.0277018
internal_weight=1.53484e+06 483395 1.05144e+06 113259 870544 370136 351272 180900 56843.1 284059 103782 90851.2 88114.4 60019 9477.77 22343.2 581342 527105 468935 28095.4 37675.8 218102 289202 67213.7 40114.3 17801.3 14708.7 412978 357506 181801 65957 62082.5 44396.3 4541.91 22876.6 158156 3435.44 47878.9 35974.9 11330.8 13502 124057 112596 12930.4 24644.1 91454.9 7894.92 1237.98 6656.94 123110 81914.6 18078.1 131046 9484.02 8745.42 58169.7 111177 9731.57 156019 108283 61446.3 6042.33
internal_count=388574 250042 138532 112684 128879 137358 128351 9653 2224 89342 96232 77892 74426 54298 16452 23300 66795 59269 54746 20128 30998 75324 62084 39009 26967 17749 12081 47346 41600 20064 14018 28632 21951 5551 525 31773 7719 9243 30202 8522 2175 7429 6856 18340 21680 15695 5470 567 4903 12032 8378 4775 30311 4549 4369 4523 6689 316 46692 34362 22101 8733
is_linear=0
shrinkage=0.035


Tree=71
num_leaves=63
num_cat=6
split_feature=2 25 24 11 24 22 16 22 3 35 35 19 0 48 48 26 35 27 16 29 26 18 37 31 2 29 18 22 49 16 29 35 41 29 16 4 17 19 17 2 35 37 22 39 37 41 25 22 18 32 32 12 28 39 16 32 32 45 23 16 22 24
split_gain=33414.6 13618 6933.56 5287.07 3829.67 2829.89 3542.82 2654.89 3203.7 2621.24 2422.26 1902.31 1885.34 1704.38 1690.6 1906.63 1675.29 1540.12 1506.46 1861.35 1433.23 1369.96 1347.39 1339.64 1317.75 1241.12 1201.73 1301.01 1182.56 1178.19 1353.25 1146.36 1144.05 1140.08 1126.39 1406.98 1099.65 1092.73 1074.03 1066.28 1372.96 1058.32 1052.74 1007.52 1029.05 1437.43 996.403 993.283 985.778 985.16 1657.37 1149.3 968.548 1092.48 967.836 992.008 948.753 1347.53 945.535 943.235 1134.49 936.428
threshold=63.945000000000007 106.96214285714287 7.5000000000000009 2215.440000000001 1.0000000180025095e-35 16.500000000000004 0 1.0000000180025095e-35 22.500000000000004 8.5000000000000018 7.5000000000000009 21.993000000000006 17.47666666666667 2.5000000000000004 2.5000000000000004 100.50000000000001 3.5000000000000004 1032.4000000000003 1 314.00000000000006 100.50000000000001 9413.0104166666697 618.48500000000013 1.0000000180025095e-35 5178.7850000000008 207.50000000000003 7972.6575000000003 33.500000000000007 20.500000000000004 2 298.50000000000006 2.5000000000000004 540.97000000000014 69.500000000000014 3 28.590000000000003 1106.1900000000003 1932.7608333333335 757.7600000000001 1108.4800000000002 19.500000000000004 10728.000000000002 9.5000000000000018 100.89000000000003 12132.270000000002 1202.5900000000004 1.0800000000000007 41.500000000000007 1187.27125 683.67000000000019 340.83000000000004 58.085833333333341 33.165000000000013 45.95000000000001 4 17.700000000000003 1.0000000180025095e-35 3.4500000000000006 0.93301270189221952 5 56.500000000000007 3.5000000000000004
decision_type=10 10 10 10 8 2 9 2 2 2 2 10 10 2 2 2 2 10 9 2 2 10 8 2 10 2 10 2 10 9 2 2 8 2 9 10 8 10 10 8 2 10 2 10 10 10 10 2 10 10 10 10 10 10 9 10 10 8 2 9 2 8
left_child=2 4 10 17 14 6 -4 8 48 37 11 -1 34 56 -2 -16 -7 -3 -15 22 26 38 -20 -22 -11 52 -19 -28 -14 -13 31 -31 61 -17 49 58 -27 -5 -18 40 -24 -32 -21 44 45 -40 -42 -29 -6 50 54 -52 -8 -54 55 -12 -9 -58 -36 -35 -61 -10
right_child=1 3 5 9 7 16 25 13 32 24 12 29 28 18 15 33 21 20 19 42 23 -23 39 -25 -26 36 27 47 -30 30 41 -33 -34 59 35 -37 -38 -39 43 -41 46 -43 -44 -45 -46 -47 -48 -49 -50 -51 51 -53 53 -55 -56 -57 57 -59 -60 60 -62 -63
leaf_value=-0.012127455932112698 -0.0059814665304951577 -0.00085018382337908715 -0.057881580023187357 0.012975109952587298 -0.012529145192788808 -0.048923506854812754 -0.037645375026995373 -0.0058260767357751148 0.026267458857205574 0.0059773886938460424 0.03493167337637855 -0.021499611396889599 -0.0095164389662988607 0.0019129033626668478 0.0063346732441195847 0.005637248313751099 0.021696122530914335 0.0072156116415461715 -0.016229687128044144 -0.016647102785106654 0.0058129668331611713 -0.047181300206605624 -0.0046780071264425288 0.00018712154569558057 0.016648214232447639 -0.0065963600047043037 0.025817194050105432 -0.018987380131493301 0.013534924320309899 0.0089847756295414801 0.0064598288055593882 -0.0056243053109653442 -0.062358984508743734 0.0015366807456015951 -0.031039895887771993 0.043595552285747879 -0.050669003807778376 0.02647166268576151 -0.043267983756004838 0.0015836764409344311 -0.054705227252608526 0.039379188494701359 0.0091167477466361103 -0.036888115007276498 0.027882605458862911 -0.010052089067480202 -0.014271754594128307 0.012356557357476256 0.034594824721546798 -0.039205415892345545 -0.0085432835979737162 0.048925647425476372 0.031624109845660074 -0.058829757741228915 -0.016238262333231186 -0.033827551461522151 -0.013848057888670504 -0.044707767683356193 -0.0024701152498036102 -0.0064968794297237797 0.00041109646022103165 -0.064536238359686623
leaf_weight=24147.760297745466 36440.633674144745 48512.694213867188 5307.0350646972656 10938.080024719238 5165.1375504732132 1785.8026118278503 6935.1354882717133 9936.3020524978638 366.98161202669144 39038.726127624512 908.14865219593048 3107.3952639102936 107527.31196385622 65985.95521068573 91683.53466796875 47196.75244140625 1107.2074871063232 78278.394775390625 13251.773644685745 2199.3236775398254 222992.96002030373 1431.9815545082092 101171.03148937225 67558.486757040024 22261.0703125 5292.2867796421051 9990.9126815795898 1370.8060302734375 2796.3217010498047 8174.4851109981537 15319.208965301514 33710.704284667969 2465.6346266269684 155881.98416137695 12080.147344708443 346.9902355670929 797.17700362205505 22412.51416015625 1739.6540694832802 27821.832252502441 794.14879631996155 1296.754638671875 16604.66072845459 2069.066252887249 789.02645301818848 19223.784009218216 12273.606491088867 12755.144569396973 606.79592931270599 1652.219259262085 805.1398229598999 904.3425760269165 530.99716830253601 235.18736600875854 17572.884429931641 357.44229418039322 7165.8461647033691 2286.1678075790405 1608.1308065652847 51724.590301513672 66647.375244140625 222.71992772817612
leaf_count=16157 8395 6014 10825 511 3167 3332 11688 2748 83 2407 279 1817 54329 16741 12862 7190 661 6525 4896 568 20443 2127 32385 7209 878 5412 544 171 1061 1756 4333 13143 3813 23547 12224 46 1261 542 2348 4761 795 119 3323 2960 406 19228 4180 960 109 1725 638 143 287 433 15225 346 2507 1798 1034 10938 11763 458
internal_value=-1.72021e-05 0.00242215 -0.0109592 0.00664277 -0.000729751 -0.023182 -0.0335811 -0.00403873 -0.0229138 0.0141492 -0.00847344 -0.00380127 -0.0112072 -0.00339656 0.00124514 0.00188258 -0.016125 0.00503335 -0.00259048 -0.00429701 0.00575972 -0.0139013 -0.00555643 0.00450486 0.00985272 -0.0241667 0.00932038 0.0161514 -0.00893205 -0.000537642 0.000579716 -0.00277299 -0.0518886 0.000612743 -0.0181339 -0.0259002 -0.0123733 0.0220457 -0.0119878 -0.0045607 -0.00605711 0.00903116 0.00610267 -0.0135543 -0.0113332 -0.0128104 -0.016733 0.00931376 -0.00756993 -0.0132054 -0.0111194 0.0218695 -0.0335203 0.00381797 -0.0141139 0.0153791 -0.0133783 -0.0213161 -0.0276839 -0.000251949 -0.00260727 -0.0080787
internal_weight=1.53356e+06 1.254e+06 279560 536110 717893 47244.3 19097.8 268318 8827.27 94650.4 232315 85756.3 146559 259491 449575 413134 28146.5 441459 240102 174116 392947 26360.7 155312 290551 61299.8 13790.8 102395 24116.9 110324 61608.5 58501.2 41885.2 3055.34 321451 36235.4 14035.3 6089.46 33350.6 24928.7 142061 114239 16616 18804 23821.5 21752.5 20963.4 13067.8 14126 5771.93 22200.2 20548 1709.48 7701.32 766.185 18838.5 1265.59 19388.3 9452.01 13688.3 274254 118372 589.702
internal_count=388574 203231 185343 46204 157027 60968 29906 82332 7630 4338 124375 37325 87050 74702 74695 66300 31062 41866 67649 50908 35852 27730 47017 27652 3285 19081 8200 1675 55390 21168 19351 14899 4354 53438 31660 13304 6673 1053 25603 42121 37360 4452 3891 24942 21982 21576 4975 1131 3276 18356 16631 781 12408 720 15850 625 7053 4305 13258 46248 22701 541
cat_boundaries=0 1 2 3 4 5 6
cat_threshold=16792 134200 73827 375 23 154632
is_linear=0
shrinkage=0.035


Tree=72
num_leaves=63
num_cat=7
split_feature=12 4 13 21 13 8 48 37 45 16 2 27 27 48 40 2 32 41 29 16 19 16 16 41 22 17 8 48 22 17 45 27 29 21 8 26 22 41 41 16 22 3 1 16 8 33 44 41 7 27 41 2 1 17 19 29 40 33 32 29 25 16
split_gain=31472.8 12765.7 6236.34 5052.58 3503.25 2779.9 2402.77 2246.45 2177.94 2109.1 1950.94 1924.93 1820.56 1729.76 1727.87 1725.81 1522.94 1500.42 1392.77 1385.75 1364.66 1443.48 1335.93 1301.14 1996.25 1802.1 1554.05 1471.61 2116.01 1596.35 1416.8 1284.31 1255.4 1209.33 1683.21 1531.15 1203.07 2049.91 1198.66 1857.96 1186.79 2894.46 1172.8 1157.18 1112.74 1102.1 1067.57 1063.92 1061.75 1051.84 1037.65 1016.92 999.065 990.341 982.185 1110.72 984.074 1080.15 975.288 967.849 1245.68 957.702
threshold=111.02000000000002 103.71500000000002 0.20526315789473687 576.36000000000013 0.48913043478260876 13.500000000000002 11.500000000000002 7268.9399999999996 18.500000000000004 0 5178.7850000000008 25.745000000000005 2893.23 2.5000000000000004 1.0000000180025095e-35 4.3500000000000005 1.0000000180025095e-35 252.18500000000003 237.50000000000003 1 21.993000000000006 2 3 43.065000000000005 19.500000000000004 1106.1900000000003 10.500000000000002 10.500000000000002 45.500000000000007 1581.3900000000003 13.500000000000002 4260.7800000000007 54.500000000000007 14.445000000000002 2.5000000000000004 161.50000000000003 1.5000000000000002 377.78000000000003 5940.3600000000015 4 2.5000000000000004 18.500000000000004 144.04500000000004 5 4.5000000000000009 3.5000000000000004 20.490000000000006 1503.9500000000003 0.15476190476190479 933.81000000000006 943.6600000000002 271.84500000000008 2838.2150000000006 2655.6250000000005 454.0585714285715 268.50000000000006 1439.2766666666666 1.5000000000000002 28.990000000000006 115.50000000000001 0.67145454545454564 6
decision_type=10 10 10 10 8 2 2 8 10 9 10 10 8 2 10 10 10 10 2 9 10 9 9 10 2 10 2 2 2 8 10 10 2 10 2 2 2 8 10 9 2 2 10 9 2 2 10 10 8 10 10 10 8 10 10 2 10 2 8 2 10 9
left_child=2 4 8 10 16 11 7 9 13 47 33 17 36 -1 19 42 18 61 43 -15 21 -13 -5 59 25 26 30 29 -29 -26 -25 50 -18 34 35 -3 37 53 40 -40 41 51 -7 -2 -22 -14 -32 -6 -31 -20 -8 -34 -33 -11 -9 -56 57 -57 -23 60 -16 -4
right_child=1 3 5 22 6 15 31 54 -10 12 -12 20 45 14 23 -17 32 -19 49 -21 44 58 -24 24 27 -27 -28 28 -30 48 46 52 38 -35 -36 -37 -38 -39 39 -41 -42 -43 -44 -45 -46 -47 -48 -49 -50 -51 -52 -53 -54 -55 55 56 -58 -59 -60 -61 -62 -63
leaf_value=-0.038091950645487101 0.015523224423866668 0.020811659266519116 -0.0035827204517589065 0.023584978705493611 0.00061659696264986907 -0.028978997477012911 7.8833220078617936e-05 -0.00023920139214895838 -0.05035828067004048 -0.012375639944636726 0.01261561325004028 -0.016629631456027163 0.0061768732838492725 -0.021525892365522978 -0.041595887116578377 -0.011108134056899756 -0.030460499799498993 -0.061891105588423929 -0.0075243725455433723 -0.068126270027523625 0.0038877322471540664 -0.027778408069199574 0.012730260871209305 -0.020953737486011464 0.0038353008117030579 -0.050951997120581252 -0.037605354537270208 -0.033606291485327761 0.01424486714131205 -0.062729478746857095 0.033007322425087041 0.011119716867767618 -0.034037067457839416 0.0063889562541913124 0.00066908758090329081 -0.010900302609446185 -0.0054541825424330431 -0.04826417628010924 -0.0050671847946258666 -0.034808713631832744 -0.0037847511551778513 -0.05411782772576916 0.011438358497894676 -0.0057930197210244614 -0.0045504136164251545 -0.001732193050479533 -0.042113910097487287 0.0081221170460241913 -0.021286899050935872 0.0087390110576529706 0.0098275017786292034 0.011252393788547749 0.033236568571091411 0.052263350098300868 0.0027193919241283496 -0.03135419595554563 0.012563462660491648 0.0042273717691694874 0.011660291238131643 -0.0024594477253202566 -0.0097323194701488275 -0.024192362814924911
leaf_weight=5288.2400002479553 3263.7512111663818 9468.6271406412125 4871.3779655694962 21046.91796875 94199.03627204895 12183.661170244217 33073.470598220825 67216.980407714844 2813.3742065429688 1000.6014640331268 43035.42578125 18152.713514328003 25789.63422870636 1820.9168815016747 2059.9078958034515 33763.530427932739 3247.5455627441406 915.42808139324188 6484.2291374206543 1405.265894651413 24574.582680881023 939.93107467889786 41206.357421875 3927.167163670063 3170.4781746268272 3744.7999308109283 4534.9413781166077 1531.0687885284424 4334.8788814544678 803.20963537693024 1230.5121011435986 16728.652412414551 820.1134204864502 196822.41083908081 112888.72898507118 2321.898952960968 129119.34093093872 2087.6644461154938 5563.7593820095062 4796.8033182621002 42058.563505649567 2030.0530157089233 947.37644577026367 66366.362129807472 86623.293263673782 132280.46069335938 284.55646422505379 30667.063428878784 13077.061386168003 19578.390518188477 22455.841054916382 2331.7899994850159 2941.5452117919922 407.91024780273438 87340.247131347656 1188.0180969238281 32488.463928222656 8635.4329528808594 4181.4005174636841 12221.294570922852 5555.4021338224411 6410.5839970111847
leaf_count=6772 778 482 2417 577 15742 13232 5597 14110 5576 367 2328 13201 4092 2676 2658 20993 1981 1465 2205 3588 6512 976 1911 4446 2407 6059 6363 2143 2639 1684 683 2327 695 16525 11564 229 27453 1466 2304 2652 16157 2507 440 21884 39470 24122 489 4338 13797 4059 3308 689 163 12 11378 341 3563 1028 1706 7955 4325 4968
internal_value=-1.68751e-05 0.00225782 -0.011078 0.00719105 -0.000236326 -0.00787816 0.000839474 0.000114478 -0.0202127 -0.00134456 0.0056173 -0.00550638 -0.00297874 -0.0189069 -0.017207 -0.015296 -0.00496184 -0.0188192 -0.00220896 -0.0421168 -0.0042987 -0.0120054 0.0164062 -0.0157832 -0.0196922 -0.0302499 -0.0224753 -0.0133695 0.00175166 -0.0185714 -0.00986302 0.00674372 -0.009291 0.00468048 0.00198341 0.0145663 -0.00600286 -0.0262589 -0.00809696 -0.0188776 -0.00573225 -0.021535 -0.0260623 -0.00479226 -0.00268558 -0.000441773 0.0188798 0.0024598 -0.0236894 0.00469264 0.00402126 -0.000538812 0.0144287 0.00636785 0.00319421 0.00497422 0.00962848 -7.85075e-05 0.00440939 -0.00856263 -0.0183556 -0.0153192
internal_weight=1.53232e+06 1.27095e+06 261367 426790 844162 193564 687620 612421 67803.1 415552 364537 146669 290686 64989.7 59701.5 46894.6 156541 12197.4 95692.7 3226.18 134472 23274 62253.3 56475.3 36638.7 13722 9977.18 22916.7 5865.95 17050.7 5442.24 75199.5 60848.6 321502 124679 11790.5 132616 3496.18 57601.1 10360.6 47240.5 5181.96 13131 69630.1 111198 158070 1515.07 124866 13880.3 26062.6 55529.3 3151.9 19670.2 1408.51 196869 129652 42311.9 9823.45 5121.33 19836.6 7615.31 11282
internal_count=388574 208934 179640 33616 175318 105380 119407 108012 74260 77592 31128 70715 57512 68684 61912 34665 55911 8850 28926 6264 61865 15883 2488 55648 40710 18040 11981 22670 4782 17888 5618 11395 26985 28800 12275 711 29298 1845 25004 4956 20048 3891 13672 22662 45982 28214 1172 20080 15481 6264 8905 1384 2490 379 30420 16310 4932 1369 2682 14938 6983 7385
cat_boundaries=0 1 2 3 4 5 6 7
cat_threshold=144472 73895 137546 4096 264 1048 67615
is_linear=0
shrinkage=0.035


Tree=73
num_leaves=63
num_cat=8
split_feature=0 50 4 34 40 27 27 8 12 19 26 16 16 4 17 21 3 8 35 16 24 3 16 29 18 40 12 23 32 16 18 3 16 3 48 9 29 29 15 40 41 26 10 47 48 13 16 19 40 26 46 8 35 35 41 41 16 47 14 1 40 4
split_gain=29561.5 11432.2 7712.87 3752.13 3747.15 3013.23 2880.77 2619.69 2564.96 2334.14 2303.34 2628.73 2282.27 2179.12 2095.2 1986.91 1965.92 1857.95 1707.88 1599.22 1649.14 1551.76 1532.32 1487.93 1486.92 1280.43 1278.51 1295.17 1210.63 1163.47 1149.92 1209.73 1120.07 1390.55 1098.48 1165.84 1113.93 1283.91 1051.14 1034.24 1029.69 1021.82 1014.07 1002.1 1477.9 1445.84 991.849 985.72 1027.38 984.911 975.615 935.011 924.871 959.404 1282.29 898.838 890.89 879.851 877.263 1119.17 967.594 860.431
threshold=485.49000000000007 1.2745587471748807 446.90000000000003 1.5000000000000002 1.0000000180025095e-35 1684.7750000000003 25.745000000000005 4.5000000000000009 3.8399999999999994 40.803000000000004 85.500000000000014 0 1 7.410000000000001 1.0000000180025095e-35 872.10000000000014 51.500000000000007 15.500000000000002 9.5000000000000018 2 11.500000000000002 16.500000000000004 3 54.500000000000007 6341.1225000000004 317.00833333333338 70.168333333333351 -0.6830127018922193 inf 4 6002.6999999999998 38.500000000000007 5 54.500000000000007 2.5000000000000004 384.06000000000006 298.50000000000006 115.50000000000001 0.53651621188819709 5825.2800000000016 3738.2400000000002 223.50000000000003 3139.3800000000006 110.97000000000001 9.5000000000000018 0.36602870813397131 6 133.66476190476195 42.153333333333336 100.50000000000001 856.88000000000022 14.500000000000002 17.500000000000004 3.5000000000000004 463.80000000000001 3605.8500000000008 7 394.96000000000009 20.500000000000004 793.92000000000019 937.80666666666684 45.215000000000011
decision_type=10 8 10 2 10 10 10 2 10 8 2 9 9 8 8 10 2 2 2 9 10 2 9 2 10 10 10 2 8 9 10 2 9 2 2 10 2 2 10 10 8 2 10 10 2 10 9 10 10 2 10 2 2 2 10 8 9 10 2 8 10 10
left_child=1 4 5 6 12 14 16 30 32 25 28 13 -1 43 21 49 22 34 -5 20 -10 -2 -3 -21 55 -9 27 40 -7 -16 58 -32 33 -6 47 36 37 -36 -19 -33 -25 -14 -17 44 -12 -45 -39 -11 -49 -4 -38 -31 53 54 -35 -15 -53 -48 -8 -60 -61 -20
right_child=2 3 15 18 8 10 7 9 19 17 11 -13 41 24 29 42 -18 38 61 23 -22 -23 -24 26 -26 -27 -28 -29 -30 51 31 39 -34 52 35 -37 50 46 -40 -41 -42 -43 -44 45 -46 -47 57 48 -50 -51 -52 56 -54 -55 -56 -57 -58 -59 59 60 -62 -63
leaf_value=-0.067651592041067993 -0.0036974049971081088 -0.0048533216848314102 0.014802154381759894 0.0044978094721101749 0.0024417021330878333 0.00048204035937139585 -0.0081508795576801778 -0.0029323062902499681 -0.015420881099008068 -0.026244278301225724 -0.0015382312627887054 0.0085990382137147176 -0.004261265216209697 -0.003942062622175023 -0.0051608253906480833 0.0044030268499271113 -0.058931292008910452 -0.016362048280084626 -0.0036894879933945489 -0.02788630947401767 -0.039195791510120509 -0.046458849029201957 -0.025947907942758267 -0.034894489338270301 0.0080131896586878269 -0.022412288572511641 -0.0021217810982799312 -0.0078603853323954576 0.011239083822398129 0.0042014538205893655 0.033090104994581655 0.029741876004697302 -0.045119826096958138 -0.0079122594178341159 0.0013216179964292642 -0.029101864065964513 0.0030662444046945744 0.0012496178928688103 -0.0066557432872258633 0.0014352645721448596 -0.013384367595267658 -0.046941228166857793 0.022317257423335266 -0.018301254556941923 0.017946447736099234 -0.0031636713492743541 -0.0067793364017693517 0.054363672674884865 -0.0087075282055159159 0.007012630160557593 0.047413109832918632 -0.0062299338405833573 -0.060409499805272257 -0.018092669486090132 -0.058658810591715647 0.0029030155344833605 0.00095764845101950578 -0.019361923204410828 -0.0047425400345100614 -0.010484423216316423 0.015960948797057888 0.0027972553763542436
leaf_weight=2572.6182250976562 2078.3956763744354 7982.6451938152313 30022.868177890778 72419.44139111042 2345.8789968490601 15475.22900390625 13410.790433347225 5537.5485885739326 22671.516410827637 4537.6692807078362 23968.792708516121 89607.206909179688 1658.2611119151115 27288.634101748466 43772.592724859715 4503.34765625 1417.6049914360046 24950.98556381464 104911.28389883041 4857.0047194063663 4242.7588043212891 2079.2911021709442 8975.3739230632782 4481.091947555542 66322.753681182861 16304.796279907227 28120.776854068041 28373.584932297468 74592.6328125 75047.425862729549 2447.5055952072144 1886.0862283706665 3217.6233194768429 909.06265643239021 40342.029143571854 2023.9832389354706 26178.373443603516 16860.077781438828 30226.365478515625 9754.6312599182129 6964.5797290802002 1172.6943798065186 27584.23046875 9165.8425859212875 5951.9692993164062 49293.798817276955 56937.669541120529 325.25828886032104 10456.995342254639 58891.343017578125 621.14968490600586 28172.250350952148 937.27542591094971 8091.2610459029675 1855.1317887306213 169210.1570482254 84342.909869670868 7731.8309664726257 10962.110369682312 2084.4997210502625 9051.7945265769958 32905.576993346214
leaf_count=7019 776 3513 1363 14083 2081 2240 4675 3164 18185 2872 3588 9098 1882 3544 7552 220 1759 11405 29457 4663 6295 2370 6581 6255 5998 12538 14986 24398 6984 9690 157 267 5717 742 12674 352 6984 4305 12545 2051 6479 2438 733 3166 627 8257 19883 25 3553 3378 38 4884 1816 10252 3826 18327 11651 3034 4183 565 1345 5086
internal_value=-1.65993e-05 -0.00572661 0.00412555 -0.00346569 -0.0153491 0.00282896 -0.00590717 -0.00506302 -0.0140336 -0.006559 0.00429065 0.00324853 -0.0438427 0.00188306 -0.000466176 0.0123375 -0.0193492 -0.00548109 0.000146067 -0.0118719 -0.0191629 -0.0250888 -0.0160371 -0.00917214 0.00348185 -0.017474 -0.00783523 -0.01187 0.00939086 -2.35388e-05 0.00226749 0.010728 -0.0264509 -0.0221519 -0.00363175 -0.00272395 -0.00236465 -0.00378533 -0.0110451 0.0060238 -0.0218081 -0.0218741 0.0198033 -0.00287112 0.00233822 -0.00553735 -0.00631231 -0.0125607 -0.00680005 0.00964299 0.00409583 0.00117561 -0.0270627 -0.0241782 -0.0419787 0.00195239 -0.000842531 -0.0082827 -0.0010894 0.00319615 0.0110104 -0.00214068
internal_weight=1.53109e+06 643715 887372 521244 122471 766370 311008 292632 117068 243035 530877 440809 5403.57 351202 235493 121002 18375.6 221192 210236 99711.3 26914.3 4157.69 16958 72797 262822 21842.3 67940 39819.3 90067.9 231335 49597.4 14088.2 17356.2 14138.6 166015 150695 148671 121872 55177.4 11640.7 11445.7 2830.96 32087.6 88380.4 29920.8 58459.6 81529.6 15319.9 10782.3 88914.2 26799.5 187563 11792.7 10855.5 2764.19 196499 112515 64669.5 35509.2 22098.4 11136.3 137817
internal_count=388574 284128 104446 167094 117034 98752 118468 106615 105695 93372 61829 52605 11339 43507 36923 5694 11853 77670 48626 81261 24480 3146 10094 56781 27869 15702 52118 37132 9224 33777 13243 2475 24434 18717 53720 47270 46918 39896 23950 2318 12734 4320 953 15638 4215 11423 27222 6450 3578 4741 7022 26225 16636 14820 4568 21871 16535 22917 10768 6093 1910 34543
cat_boundaries=0 1 2 3 4 5 6 7 8
cat_threshold=16640 153928 28888 85021 16577 215296 140312 2304
is_linear=0
shrinkage=0.035


Tree=74
num_leaves=63
num_cat=4
split_feature=12 2 45 27 8 34 8 45 3 8 29 27 40 8 2 40 40 32 14 1 19 41 27 14 16 41 22 31 23 8 16 37 26 13 19 26 26 17 10 16 0 8 29 26 41 1 33 3 27 7 52 3 29 18 44 33 40 16 26 49 15 24
split_gain=27630.7 11560 5597.81 4853.17 4764.85 4039.34 2504.64 2082.65 2055.82 1966.27 1849.68 1735.57 1691.28 1617.41 1594.02 1593.72 1590.93 1434.07 1432.27 1557.57 1892.41 1432.15 1428.11 1357.69 1336.08 1329.12 1878.01 2139.64 2060.37 1689.74 1474.06 1319.19 1307.46 1275.03 1634.88 1268.19 1246.38 1230.85 1190.61 1181.83 1197.25 1168.63 1164.49 1124.77 1517.21 1092.87 1080.13 1077.48 1286.36 1107.57 1071.9 1068.51 1071.99 1040.28 1006.16 1003.81 982.429 986.632 976.621 964.801 1110.69 959.657
threshold=111.02000000000002 1508.9400000000003 4.8750000000000009 10904.020000000002 6.5000000000000009 1.5000000000000002 13.500000000000002 18.500000000000004 41.500000000000007 15.500000000000002 298.50000000000006 46.120000000000005 1.0000000180025095e-35 19.500000000000004 4.3500000000000005 1041.5333333333335 1.0000000180025095e-35 371.77000000000004 18.000000000000004 431.9550000000001 9.8475000000000019 252.18500000000003 678.60000000000014 18.000000000000004 0 43.065000000000005 41.500000000000007 1.0000000180025095e-35 0.25000000000000011 4.5000000000000009 1 7982.8200000000006 284.50000000000006 0.12771739130434787 292.86533333333335 39.500000000000007 314.50000000000006 1490.9350000000002 3139.3800000000006 2 63.158333333333339 20.500000000000004 358.00000000000006 11.000000000000002 3738.2400000000002 144.04500000000004 3.5000000000000004 44.500000000000007 12532.460000000003 0.5634920634920636 3.5000000000000004 256.00000000000006 358.00000000000006 1808.0287500000002 7.5950000000000015 4.5000000000000009 10247.670000000004 3 100.50000000000001 13.500000000000002 0.019290123456790018 4.5000000000000009
decision_type=10 10 8 10 2 2 2 10 2 2 2 10 10 2 10 10 10 10 2 8 10 10 10 2 9 10 2 2 2 2 9 8 2 10 10 2 2 10 8 9 10 2 2 2 8 10 2 2 10 10 2 2 2 10 10 2 10 9 2 10 10 8
left_child=2 4 6 10 15 9 11 16 -5 23 22 21 42 31 45 -2 24 43 -13 20 -20 -1 61 -6 -4 56 28 29 30 -28 54 -7 37 34 -14 -30 46 -31 47 41 -41 -35 -11 53 -45 -8 51 48 -17 -49 -22 52 -25 -12 -27 -40 57 -18 -10 60 -48 -3
right_child=1 3 7 8 5 13 14 -9 58 12 17 18 33 -15 -16 38 25 -19 19 -21 50 -23 -24 36 -26 26 27 -29 35 32 -32 -33 -34 39 -36 -37 -38 -39 55 40 -42 -43 -44 44 -46 -47 59 49 -50 -51 -52 -53 -54 -55 -56 -57 -58 -59 -60 -61 -62 -63
leaf_value=-0.013284563488029618 -0.0053651471340878032 -0.0032189538155405133 -0.022112612898699233 0.026059436169700911 -0.013927907571693921 0.00064359176529093425 -0.027689423105736466 -0.049052207436413434 0.018638735548904026 -0.059544945134348236 -0.032902770494992253 -0.019165077702468922 0.0023130812030869928 -0.0042742761187233476 -0.010419655847697374 0.0090011859370842592 -0.004706031856828905 -0.0058634317765050865 -0.022629643152879741 0.0085141020414967426 -0.0090243854072125131 -0.057050360984914499 0.0050707716975620992 0.0034584894442552879 -0.067444266377779769 -0.0025165558893210207 -0.057022356226213454 -0.030831044335682931 -0.04911510309972706 0.041153246422036674 -0.048589986349701172 0.0053378177168989498 0.014866238681425463 -0.0072463282430117633 -0.040372057771285677 -0.011048076784308261 0.010125932549093452 -0.014018136307089323 0.031507567921524079 -0.036055110626904301 -0.0011585487128491921 -0.019107258159125354 0.041945885372343499 0.0073351201508882365 0.021387319845564624 0.011354477767514103 -0.0059456626522611748 -0.033306559313834888 0.029655752245313458 0.0044026986290645323 -0.00096953099428439377 0.031819361654203689 -0.013050016602202303 0.0067212992575144707 -0.033342524225328837 0.01086774348173351 0.021156501987857738 -0.020441380943827105 0.0073436627017390713 -0.013825980264909622 0.00084975701462164908 -0.049951849253038139
leaf_weight=15291.61853942275 12070.685699462891 20096.651072740555 1923.5035334825516 18432.319869995117 11034.7618714571 274894.25769031048 12056.904077529907 2729.8143615722656 15663.183044433594 1145.46642100811 1073.1719493865967 7012.8094482421875 1720.2493053674698 60430.247650265694 33691.88715171814 25568.400880157948 11613.824854254723 5057.1361923217773 6466.3226725459099 13078.386377811432 27583.751871407032 973.41264909505844 276722.18920898438 41354.139045715332 1394.0641824007034 1825.4907220602036 677.08084461092949 4918.0884596407413 1210.3984336853027 536.7136949300766 6188.8230055570602 100017.35116577148 4353.3032455444336 57440.049706339836 3043.037561416626 9332.7819213867188 11015.723876953125 6291.9023056030273 4452.5247230529785 1236.9084389209747 44439.667568206787 12366.737474679947 156.79801368713379 15787.008858680725 23313.586813926697 946.66369152069092 63159.630120396614 970.13317221403122 4316.9130859375 54560.38042974472 75992.394989490509 1471.0722961425781 5452.9947738647461 3320.1029148101807 4481.6231746673584 8208.9502601623535 1207.4014282226562 8436.1549791097641 23370.849624633789 10539.680481791496 55227.285161972046 552.10123133659363
leaf_count=9611 2623 2883 2892 398 3668 44048 13232 5576 742 2451 211 4142 1052 10518 20993 3036 8474 628 5615 3183 10709 1544 24371 8316 3767 1805 1274 5931 1762 169 10686 13132 2597 17742 2608 9096 2417 6131 192 1004 10948 4976 49 1342 1346 440 16092 304 208 7468 35911 170 2039 318 6076 450 454 7570 1483 4850 14288 563
internal_value=-1.63016e-05 0.00211307 -0.0104062 0.00700713 -0.000165844 -0.00115655 -0.00737957 -0.0191131 0.016426 -0.00413654 0.00544238 -0.00512825 -0.00764484 0.00103941 -0.0144376 0.00663515 -0.0178432 0.0117763 -0.00378091 -0.0029045 -0.00426165 -0.0159072 0.00440821 -0.0019964 -0.0414457 -0.0165604 -0.0203331 -0.0114244 -0.0268196 -0.00337435 -0.0364335 0.00189591 -0.000121076 -0.00721496 -0.0249592 -0.0154226 -0.00129682 -0.0096764 0.0081121 -0.00648287 -0.00210385 -0.00934648 -0.0473022 0.0138274 0.015714 -0.0248464 -0.00200696 0.00662724 0.0119856 0.00374332 -0.00311472 0.00245845 0.00153502 -0.0029632 -0.0243836 0.0181278 -0.00949333 -0.01134 0.0118764 -0.00367909 -0.00277563 -0.00447084
internal_weight=1.5299e+06 1.26968e+06 260215 403388 866294 756146 193094 67121 57466.4 320804 345922 146399 121549 435342 46695.5 110148 64391.2 48551 130134 123121 110042 16265 297371 199255 3317.57 61073.6 39816.2 16777.1 23039.1 11859 12495.9 374912 11181.9 120247 4763.29 10543.2 188221 6828.62 98077.3 115483 45676.6 69806.8 1302.26 43493.9 39100.6 13003.6 177205 85415.8 29885.3 55530.5 103576 48278.2 46807.1 4393.27 6307.11 12661.5 21257.4 20050 39034 128927 118387 20648.8
internal_count=388574 208934 179640 34285 174649 160368 105380 74260 2623 92670 31662 70715 40830 67698 34665 14281 68684 3845 59560 55418 52235 11155 27817 51840 6659 62025 45527 16102 29425 10171 18567 57180 8897 38330 3660 10858 48172 6300 11658 34670 11952 22718 2500 3217 2688 13672 45755 11016 3244 7772 46620 10525 10355 529 7881 642 16498 16044 2225 35230 30380 3446
cat_boundaries=0 1 2 3 4
cat_threshold=73895 133237 90368 215141
is_linear=0
shrinkage=0.035


Tree=75
num_leaves=63
num_cat=10
split_feature=0 50 4 22 41 34 27 32 0 10 2 35 35 17 21 18 3 35 48 29 16 41 16 23 22 16 37 43 16 16 33 29 2 16 16 35 46 45 16 27 47 12 44 35 19 17 22 41 17 10 10 50 32 50 26 16 35 44 0 18 16 26
split_gain=26038 10074.4 6756.81 3365.77 4238.71 3312.87 2736.42 2613.05 2311.58 2083.9 1934.17 1944.22 1836.39 1812.32 1788.32 1638.01 1617.79 1562.54 1562 1564.94 1446.8 2187.77 1407.49 1388.13 1346.36 1338.93 1322.11 1298.74 1168.37 1147.48 1118.87 1113.86 1105.91 1070.39 1064.36 1028.67 1010.67 1010.07 1002.33 996.89 960.639 958.38 1041.14 1028.76 955.561 939.49 1546.65 992.172 1379.97 940.642 926.483 905.146 896.886 1231.15 873.212 836.278 975.656 834.169 833.922 823.735 874.675 809.741
threshold=485.49000000000007 1.2745587471748807 446.90000000000003 3.5000000000000004 540.97000000000014 1.5000000000000002 1315.6800000000003 215.07000000000002 51.732500000000037 1.0800000000000145 2763.6300000000001 14.500000000000002 13.500000000000002 1.0000000180025095e-35 872.10000000000014 6002.6999999999998 16.500000000000004 9.5000000000000018 2.5000000000000004 298.50000000000006 0 3605.8500000000008 1 -0.93301270189221919 33.500000000000007 2 20668.500000000007 1.5000000000000002 3 4 10.500000000000002 298.50000000000006 607.84000000000026 5 6 9.5000000000000018 25.960000000000004 2.0454545454545459 7 25.745000000000005 45.95000000000001 70.168333333333351 35.150000000000013 14.500000000000002 4556.2400000000007 2921.3100000000004 41.500000000000007 1202.5900000000004 105.80000000000001 48.00500000000001 3139.3800000000006 216.13992458440376 740.07000000000016 0.38400000000000128 131.50000000000003 8 9.5000000000000018 291.90000000000009 42.375000000000007 5187.3004166666678 9 161.50000000000003
decision_type=10 8 10 2 10 2 10 8 10 10 10 2 2 8 10 10 2 2 2 2 9 10 9 2 2 9 8 2 9 9 2 2 8 9 9 2 8 8 9 10 8 10 8 2 10 10 2 8 10 10 10 10 10 10 2 9 2 10 10 10 9 2
left_child=1 3 6 4 9 7 13 27 23 38 11 -8 15 16 54 18 -2 -7 -9 28 -13 34 -15 40 32 26 57 -3 -20 -11 41 -12 35 -21 -22 -17 -26 44 61 -30 -5 45 -43 -44 -36 47 -47 48 -27 -50 -16 -38 -23 -54 -4 56 -10 -25 -14 60 -19 -1
right_child=2 5 14 8 -6 17 10 12 55 29 31 20 58 22 50 24 -18 59 19 33 21 52 -24 25 36 30 -28 -29 39 -31 -32 -33 -34 -35 37 -37 51 -39 -40 -41 -42 42 43 -45 -46 46 -48 -49 49 -51 -52 -53 53 -55 -56 -57 -58 -59 -60 -61 -62 -63
leaf_value=0.0027341917806664963 -0.0027014184276629152 -0.022569907906145312 0.012534570072182295 -0.045197840173990117 -0.067029157335095943 0.0042926942960349697 0.0053457785909767075 -0.015244877103495364 0.007813264713444245 0.0077098942196526981 0.0065955382260531473 0.0059432224696949433 -0.019344094560416178 0.0023634027718050241 0.0039580606465523796 0.021007296458172012 -0.047235374221326246 -0.0063176202859759221 0.011921627480989343 -0.0330712920990551 -1.7515150423153944e-06 0.0072659358203265032 -0.0038929549006063427 -0.024739288961261572 -0.01204835501979382 0.011429554301410757 0.016529925877832755 -0.0096154160872832985 -0.019938811537659095 -0.018985691523671824 -0.033318107393394573 0.01688705853196993 -0.034335584563468406 0.0060869120918592068 -0.0043210268215055185 -0.014660720614083781 0.0053429588610641471 -0.021895355783159331 -0.05310431316754112 -0.0046246692900607771 -0.0146642122898804 -0.027671937315536035 0.030879693531647122 -0.010312936713321395 -0.029341249497103719 -0.045458805907787947 -0.014146434648114228 -0.0027720597298656964 -0.038400039275259985 -0.0014063651478000165 0.021092812585468513 -0.036521830087468031 -0.041158516142095258 0.00068274800390211892 0.0055907066728265713 -0.014427720940916468 -0.0064028978605689263 -0.055961057718043848 -0.0075249191211431829 0.0025632933099364523 0.00026097387150252413 -0.040936406628136475
leaf_weight=960.1725797355175 2050.8864948749542 12374.564616680145 43766.103965759277 3266.1831144094467 2925.9842545986176 72387.743541836739 210986.51072692871 13553.650398612022 7890.5787768363953 2714.433572769165 96819.574340820312 53910.08212852478 8282.9997783899307 93702.266418457031 4500.943359375 9246.1126174926758 1947.9794738292694 60878.30081987381 4971.3053350448608 873.64684867858887 65732.8642578125 46798.935081481934 83108.511510848999 10711.610579431057 6428.264591217041 1339.9051885902882 885.02142333984375 40537.914066314697 5495.1366065740585 7180.8779189586639 2779.4140090942383 14859.700073242188 535.87519073486328 25902.667783737183 61142.61753898859 1108.6128692626953 18934.759929656982 4705.1549085974693 2831.3898048400879 99067.649431824684 2059.061209321022 886.55955502390862 1955.0792164802551 1196.6500124931335 1927.9054260253906 2249.0813319683075 13703.120338439941 15672.369621276855 3335.9110546708107 1126.2462577223778 27407.09765625 653.51686096191406 888.55179452896118 27279.34890127182 44994.368286132812 10064.273359298706 23596.769506931305 1161.9529507756233 62420.177368164062 35181.875732421875 41730.176662325859 1133.5747718811035
leaf_count=745 771 8628 2069 5492 7040 14083 24428 5520 2969 1778 7828 6351 6154 12996 220 1116 2350 17702 1005 464 9223 5457 13699 14092 2993 1015 394 22556 3321 8371 3537 971 76 5985 8707 344 4469 1503 5872 33135 2114 877 748 992 309 3563 13634 13795 4905 1002 733 145 491 3668 2672 6395 13612 2070 22557 7631 9210 2022
internal_value=-1.59961e-05 -0.00538287 0.0038717 -0.014452 -0.0285384 -0.00326391 0.00265883 -0.0055615 -0.0120453 -0.0209352 0.00382187 0.00284439 -0.00410567 -0.00110448 0.0115695 -0.002287 -0.0244018 0.00012915 -0.00391359 -0.00278679 0.000832991 -0.000488759 -0.000577441 -0.0163082 0.0043178 -0.0147112 -0.0247037 -0.0126454 -0.00464097 -0.011674 -0.011821 0.00796504 0.0146494 0.00479801 -0.00317549 0.0171875 -7.4269e-06 -0.00625259 -0.0395362 -0.00542914 -0.0333967 -0.0103821 0.00581571 0.0152413 -0.00508628 -0.0121299 -0.0185637 -0.00735 -0.0197132 -0.0290653 0.018676 0.00394445 0.00429595 -0.000638542 0.0090147 -0.00565063 -0.00283936 -0.0277991 -0.00890981 -0.00205817 -0.00364276 -0.0208184
internal_weight=1.52872e+06 642191 886529 121626 17746.4 520565 765861 310387 103880 14820.4 585051 473372 257474 180810 120669 186771 3998.87 210178 149864 136310 262385 208475 176811 62328.2 36907.1 57002.9 12758.6 52912.5 109534 9895.31 44244.3 111679 10890.6 26776.3 133509 10354.7 26016.5 67775.7 4925.14 104563 5325.24 41464.9 4038.29 3151.73 63070.5 37426.6 15952.2 21474.4 5802.06 4462.16 31908 19588.3 74966.8 28167.9 88760.5 41551.6 31487.3 11873.6 70703.2 137790 102608 2093.75
internal_count=388574 284128 104446 117034 25828 167094 98752 118468 91206 18788 68936 60137 87284 29816 5694 58573 3121 48626 49430 43910 35709 29358 26695 68230 9143 60624 16556 31184 37461 10149 44068 8799 1536 6449 19742 1460 7607 10519 8639 36456 7606 40531 2617 1740 9016 37914 17197 20717 6922 5907 953 4614 9616 4159 4741 22976 16581 16162 28711 34543 26912 2767
cat_boundaries=0 1 2 3 4 5 6 7 8 9 10
cat_threshold=135304 7176 20617 1048 148501 65656 16384 1191 138528 6596
is_linear=0
shrinkage=0.035


Tree=76
num_leaves=63
num_cat=7
split_feature=2 25 24 10 22 16 22 16 47 35 8 25 19 35 0 33 18 29 2 18 18 14 46 20 0 41 41 39 16 18 26 28 8 16 27 8 27 19 16 17 49 2 39 43 35 37 41 14 45 18 16 26 6 32 27 17 45 26 11 16 45 20
split_gain=24442.9 10016.5 5284.65 4008.54 3139.85 3022.64 2577.42 3541.9 2508.78 2335.22 1973.33 1949.76 1522.76 1502.53 1447.82 1386.81 1615.96 1538.56 1378.27 1368.31 1321.01 1258.51 1434.05 1723.49 1337.56 1218.64 1215.32 1191.65 1061.98 1260.47 1055.62 1067.41 1049.13 1098.62 1040.97 1022.74 1001.62 974.704 972.87 971.166 960.307 956.177 952.771 948.915 1081.02 918.386 1356.6 915.558 899.054 897.269 1167.64 896.837 1072.16 1010.34 1165.79 877.758 866.094 853.75 821.574 872.201 821.369 812.27
threshold=63.945000000000007 106.96214285714287 7.5000000000000009 3139.3800000000006 1.5000000000000002 0 16.500000000000004 1 inf 8.5000000000000018 8.5000000000000018 8.5606250000000035 21.993000000000006 3.5000000000000004 46.730000000000011 1.5000000000000002 1808.0287500000002 298.50000000000006 5178.7850000000008 12187.619166666665 9413.0104166666697 19.500000000000004 inf 0.90509667991878107 638.24000000000012 2323.2400000000002 463.80000000000001 64.845000000000013 2 4005.2550000000006 192.50000000000003 33.165000000000013 19.500000000000004 3 2514.690000000001 21.500000000000004 6343.5600000000004 3361.2412500000005 4 757.7600000000001 18.500000000000004 1918.6700000000003 100.89000000000003 3.5000000000000004 2.5000000000000004 12132.270000000002 1202.5900000000004 18.000000000000004 1.1291666666666669 4563.7545000000009 5 55.000000000000007 144.01800000000006 161.36000000000004 678.60000000000014 18041.040000000005 4.1000000000000005 100.50000000000001 68.060000000000016 6 2.3541666666666674 66.062929025443694
decision_type=10 10 10 10 2 9 2 9 8 2 2 10 10 2 8 2 10 2 10 10 10 2 8 10 10 10 10 8 9 10 2 10 2 9 10 2 10 10 9 10 10 10 10 2 2 8 10 2 10 10 9 2 8 8 10 10 10 2 8 9 10 8
left_child=2 4 10 21 5 -2 7 -4 11 48 12 19 -1 -8 27 16 -10 49 -11 41 39 38 23 24 -23 30 -7 32 34 -30 -9 -32 33 56 -13 -28 -25 -18 -3 -15 -16 55 45 44 -14 46 -41 -46 -5 50 -17 53 -53 -49 -55 -6 -12 -38 59 -35 -48 -29
right_child=1 3 6 9 8 26 13 25 15 18 14 28 43 20 40 17 37 -19 -20 -21 -22 22 -24 36 -26 -27 35 61 29 -31 31 -33 -34 58 -36 -37 57 -39 -40 42 -42 -43 -44 -45 47 -47 60 51 -50 -51 -52 52 -54 54 -56 -57 -58 -59 -60 -61 -62 -63
leaf_value=-0.010736059587035347 -0.047424118094447389 -0.0092405369766187309 -0.055992444132342931 0.023081970681430378 -0.0079603172450728437 -0.0045674950084622157 -0.045764851174079225 -0.0073350075758109069 -0.023534377550720284 0.0049478820239009505 -0.015923380973223985 0.00029835258937778794 0.0073140341260498716 0.022443583774247988 -0.0073878149027444056 0.0075054226312869813 -0.0019802446219893354 0.011232025003979851 0.01619712810732948 -0.047648477494178686 -0.044946293839054546 -0.010167217843754111 0.013821724211525565 0.0042045239837803661 0.0021010426140285108 -0.06276211821714317 -0.055103515316605983 -0.03116557673010387 -0.0046494100386807189 0.00020132221046699345 -0.032265314580792834 0.014407043496502561 -0.028923658038109281 0.01668488851318509 0.0086281366343449132 -0.00070077908066542302 0.014380386587072832 0.043630239057408704 0.002147103286725828 -0.040585264675475893 0.010062010014198465 0.016623462719808163 -0.03419185516525107 0.006170069799241105 -0.031266584526049766 0.028289074246704623 -0.042483266840497538 -0.027641579288976131 0.0090208669763434668 0.0062048195318407844 -0.00072375725841684923 -0.0061626630416891995 -0.038959308572890129 -0.0074349697990319756 0.019101961255134737 0.050718549500153691 -0.040215199704846653 0.0064654611274446161 0.0046354152457685743 -0.011071281395374269 -0.006185612675838701 0.043487021387633065
leaf_weight=25206.298387944698 2994.9377555847168 13404.920532226562 4882.8162460327148 24727.146799564362 59104.453726530075 11885.099495530128 1664.5304164886475 5712.9071202278137 5190.3636205196381 44600.126361846924 10252.487221121788 122228.75822067261 9774.2854814529419 1105.2156252861023 63686.387490510941 25939.757190704346 7175.5978052616119 26735.095336914062 19036.86572265625 1022.2209167480469 1366.8837873935699 15351.297009468079 20871.00634765625 239400.17552471161 37422.443115234375 808.15687990188599 1158.2001070380211 5573.3717346191406 129464.09558165073 133074.8252671957 6166.2531093657017 664.43332919478416 4255.8981568813324 1428.9354910850525 21629.811622619629 666.85919946432114 23100.251556396484 622.85162353515625 29169.321044921875 1671.7732115387917 4111.9895324707031 2055.8050222396851 2003.7091688513756 18210.825423240662 1638.4808540344238 780.38525533676147 796.15413039922714 1049.2795911431313 7192.3454909324646 51729.298457860947 113505.19831871986 28464.723116159439 1274.8463723659515 3326.2171029448509 5192.8472504615784 312.95823121070862 2180.2961174249649 60210.889556884766 5216.2836265563965 39779.105510234833 18216.848172008991 183.61111450195312
leaf_count=17269 3913 1688 10825 667 26250 4643 3332 6157 1848 3294 7617 22761 2224 661 28120 3740 1653 3420 759 749 2127 2685 1200 22308 3723 1694 1382 5754 28051 26656 10661 569 4102 647 3424 401 1453 28 3065 2348 1540 340 2960 5268 1169 406 1145 775 423 7945 19789 12678 322 1108 1049 34 2717 4939 1999 29980 18083 37
internal_value=-1.57172e-05 0.00206624 -0.00943023 0.00569233 -0.000638729 -0.0156343 -0.0202848 -0.0304961 -0.00028074 0.0121885 -0.00727434 -0.00175132 -0.00337491 -0.0135389 -0.00996025 0.00270561 -0.00840413 0.00336786 0.00831327 -0.00750664 -0.0114694 0.00427807 0.0048923 0.00439593 -0.00146778 -0.0211107 -0.00864604 -0.0135345 -0.000866253 -0.00219061 -0.0184393 -0.027724 -0.0121437 -0.0109298 0.00155072 -0.0352365 0.00535483 0.00166773 -0.00144021 -0.00960553 -0.00632935 -0.00683837 -0.0111157 -0.000683033 -0.00314365 -0.00896013 -0.0103667 -0.00564012 0.019914 0.00226803 0.000807576 -0.00457116 -0.00756982 0.00474887 0.00874112 -0.0076504 -0.02017 0.00866023 -0.0084487 -0.0101071 -0.0077077 -0.0287775
internal_weight=1.52763e+06 1.25098e+06 276646 534487 716496 16705.1 45840.1 18234.6 699791 95556.5 230806 468893 94137.8 27605.5 136668 230898 12988.8 217909 63637 62495.4 25941 438930 396356 375485 52773.7 13351.8 13710.2 68870 406397 262539 12543.6 6830.69 63113 58857.1 143859 1825.06 322711 7798.45 42574.2 24574.1 67798.4 61473.2 23468.9 68931.5 50720.7 21465.2 20684.8 40946.4 31919.5 191174 139445 39307.9 29739.6 9568.34 8519.06 59417.4 12432.8 83311.1 46424.3 41208 19013 5756.98
internal_count=388574 203231 185343 46204 157027 10339 60968 29906 146688 5143 124375 108265 41862 31062 82513 38423 3529 34894 4053 27373 27730 41061 36308 35108 6408 19081 6426 52853 80892 54707 17387 11230 47062 42960 26185 1783 28700 1681 4753 25603 29660 26624 24942 24593 19325 21982 21576 17101 1090 31474 23529 15932 13000 2932 2157 26284 10334 6392 32626 30627 19228 5791
cat_boundaries=0 1 2 3 4 5 6 7
cat_threshold=16674 16792 138313 145416 2304 132104 5
is_linear=0
shrinkage=0.035


Tree=77
num_leaves=63
num_cat=0
split_feature=0 0 4 27 35 41 27 40 19 15 29 48 3 45 17 19 18 48 40 47 35 4 47 3 10 43 39 35 41 22 18 10 19 48 3 47 26 1 19 23 10 12 32 30 17 18 27 48 3 22 48 19 31 3 22 41 3 4 17 32 22 2
split_gain=22850.9 8966.58 5914.57 3993.89 3402.26 3398.1 2493.49 2477.2 2130.59 2106.66 1969.86 2186.2 1999.7 1915.59 1730.66 1644.73 2236.02 1623.91 1595.86 1564.07 1537.8 1431.96 1426.09 1378.92 1257.51 1255.2 1209.47 1167.52 1124.28 1070.35 1325.4 1067.23 1090.81 1057.37 1036.51 1033.44 1032.32 1043.37 1027.25 964.129 957.347 932.863 1365.14 1075.9 1059.52 930.364 920.859 893.345 880.809 871.539 852.455 849.231 834.148 792.643 940.292 2301 774.644 771.994 746.502 973.215 856.449 738.667
threshold=485.49000000000007 17.47666666666667 446.90000000000003 1.0000000180025095e-35 13.500000000000002 377.78000000000003 1684.7750000000003 1.0000000180025095e-35 160.40045454545455 1.0000000180025095e-35 283.50000000000006 11.500000000000002 66.500000000000014 8.2500000000000018 1.0000000180025095e-35 3361.2412500000005 21462.930000000004 2.5000000000000004 2954.3533333333335 233.69500000000002 10.500000000000002 7.410000000000001 12.835000000000003 16.500000000000004 1588.5000000000002 2.5000000000000004 77.850000000000009 3.5000000000000004 3605.8500000000008 27.500000000000004 1297.3923611111113 97.960000000000022 2208.7536507936516 11.500000000000002 63.500000000000007 62.850000000000009 11.000000000000002 9.6150000000000038 18.757500000000004 -0.93301270189221919 2057.0400000000004 52.919166666666676 161.36000000000004 476.91000000000003 3106.9800000000005 59.521666666666668 3457.0150000000008 11.500000000000002 18.500000000000004 6.5000000000000009 2.5000000000000004 60.210000000000001 1.0000000180025095e-35 10.500000000000002 8.5000000000000018 2885.1300000000006 51.500000000000007 28.590000000000003 1490.9350000000002 371.77000000000004 33.500000000000007 36.915000000000006
decision_type=10 10 10 10 2 10 10 10 10 10 2 2 2 10 8 10 10 2 10 8 2 10 10 2 10 2 10 2 8 2 10 10 10 2 2 10 2 10 10 2 10 10 8 10 8 10 8 2 2 2 2 10 2 2 2 10 2 10 10 10 2 10
left_child=1 7 6 5 8 -3 14 48 17 22 11 12 -8 20 23 56 -17 -5 -14 25 38 -20 -6 -2 33 34 27 -15 49 30 57 -11 -33 61 -19 -13 -16 -38 50 -29 -37 42 44 -43 51 -21 -36 53 -1 -12 -9 -31 -45 -39 55 -55 -4 -22 -30 60 -60 -10
right_child=2 3 15 4 9 -7 10 13 24 31 28 35 18 26 36 16 -18 19 21 45 29 -23 -24 -25 -26 -27 -28 39 58 41 -32 32 -34 -35 46 40 37 47 -40 -41 -42 43 -44 52 -46 -47 -48 -49 -50 -51 -52 -53 -54 54 -56 -57 -58 -59 59 -61 -62 -63
leaf_value=-0.031872203449077284 -0.0031819843827379781 -0.014398693668638813 0.011054925585934411 -0.015436282029494682 -0.0055551493114108525 -0.062379036458834136 0.0056350326026362437 -0.033834047378742002 -0.0066176698944853353 -0.0095024908302028359 0.045795643827486618 0.018202853481138519 -0.0074234640659352775 -0.04996275991995134 -0.025486667321492219 0.011155756479977156 0.027414774319512079 -0.0048708320657526423 -0.0033533259949209758 -0.015252552778741929 -0.020754422374910004 0.0028416653108949059 -0.023878805505979497 -0.044004747330371075 0.013810748163518795 -0.0016870816260392957 -0.049542932766453565 -0.05147896161379948 0.0053631369560564676 -0.0032521750057006981 -0.046458631778214826 -0.0028977172638708203 -0.030885243561231741 0.0088569897136127756 -0.02603005433007544 0.0035792379650514947 0.0073895700563724291 0.0036412274145363639 -0.0027062552613461017 -0.014378887007669414 0.01655964270342386 0.019170068029740264 -0.031063326721765094 -0.0020925256413388336 -0.020054041597910608 0.002487491636190063 -0.010299215705684013 0.0052118655583182471 -0.069935997531424043 0.00092810382491074052 -0.010792421873695982 0.036368939666749311 -0.053662581527520417 -0.0053218001920026731 -0.0010163278827756081 -0.043335725248607848 0.0034994395412412892 0.051656093505942524 0.022526918314029403 0.0012128765861129543 0.011661184458022892 0.00087911524511091732
leaf_weight=2346.1623618006706 2070.4177968502045 9882.3470089435577 32242.071590900421 13623.406917095184 8415.2733452320099 2212.4422976970673 124263.7982711792 2157.7864262759686 18047.577745676041 51022.243819892406 541.8966178894043 13012.952580451965 29472.245346069336 1519.8482718467712 1946.0333623886108 39808.755859375 14007.93359375 19920.960060119629 61990.082906126976 3860.958728313446 9656.6992065906525 174005.41296637058 13632.916673660278 1985.088235616684 9806.3349609375 40251.336268901825 2130.5082778930664 932.00065231323242 20699.825485229492 3139.4717184901237 2864.0776834487915 105295.26369601488 1733.0168981552124 18645.015960693359 7322.2693229913712 28404.650584220886 21803.518851727247 29943.670188814402 24716.464381963015 10716.901297092438 9218.8334808349609 2193.2621412277222 4993.3503880500793 1334.9284374415874 4226.1889988183975 58145.128326416016 12081.223849654198 27534.662544250488 1092.6911253929138 22941.819568634033 22165.984371185303 838.95027655363083 538.55498293042183 34693.657953858376 113181.58102321625 2065.8380184173584 34316.77555847168 182.86983895301819 13789.871515393257 6848.5651820898056 25001.767480373383 149153.02435398102
leaf_count=4171 776 7873 1551 7393 3245 4009 13389 2258 6601 25819 32 1031 4772 3349 456 1811 276 9947 10739 1826 10380 18373 9419 2370 1043 14651 4585 1881 2292 2703 4259 32042 847 3655 5533 3712 2270 4222 15706 13508 589 1030 5900 815 4487 16104 6959 3540 3348 2911 17590 293 559 6184 16396 709 2056 18 946 912 2131 30322
internal_value=-1.54089e-05 -0.00505 0.0036267 -0.00329347 -0.00284043 -0.0231799 0.00249251 -0.0148086 -0.000833119 -0.00675091 0.00382311 0.00285959 0.00197067 -0.0137443 -0.000506641 0.0108385 0.0153882 -0.00389536 0.00025539 -0.00278476 -0.011549 0.00121439 -0.0168857 -0.0231698 0.00159608 -0.00603201 -0.0250799 -0.0211186 0.00854678 -0.0177953 -0.0255064 -0.00533701 -0.00335118 0.000951492 -0.0104792 0.0097011 -0.000108952 0.000106607 -0.00773161 -0.0173513 0.00676017 -0.0121202 -0.0166361 0.00253575 -0.00785286 0.00138264 -0.0162366 -0.000658995 -0.0439837 0.00196535 -0.0128378 0.00510997 -0.0169377 -0.00155766 -0.00259591 -0.00745926 0.00715954 -0.0194035 0.0108765 0.0133768 0.0155243 6.988e-05
internal_weight=1.52659e+06 640797 885792 543051 530956 12094.8 765416 97746.7 350857 180099 530192 440368 389732 94307.8 235224 120376 53816.7 155205 265468 141582 79008.6 235995 22048.2 4055.51 195652 79575.8 15299.3 13168.8 89823.7 29968.4 12703.6 158051 107028 185846 39324.5 50636.4 231169 229223 49040.2 11648.9 37623.5 17264.7 13198 4066.75 8204.61 62006.1 19403.5 207419 3438.85 23483.7 24323.8 3978.42 1873.48 179885 149941 36759.5 66558.8 9839.57 66340 45640.2 38791.6 167201
internal_count=388574 284128 104446 187288 175406 11882 98752 96840 104034 71372 61829 52605 47273 89321 36923 5694 2087 62413 33884 55020 65998 29112 12664 3146 41621 37090 23323 18738 9224 30444 14657 58708 32889 40578 22439 5332 33777 33321 35554 15389 4301 15787 13383 2404 7483 17930 12492 31051 7519 2943 19848 2996 1374 27511 23289 6893 3607 10398 6281 3989 3077 36923
is_linear=0
shrinkage=0.035


Tree=78
num_leaves=63
num_cat=5
split_feature=2 2 24 25 27 22 3 48 22 16 29 8 8 48 8 19 8 36 35 19 49 29 2 18 21 26 13 18 3 41 16 16 22 16 8 3 40 16 2 37 29 28 46 17 14 17 32 41 3 30 44 15 17 39 48 3 22 46 29 47 3 39
split_gain=21341.8 9004.98 4729.19 4285.99 3031.92 2596.81 3189.37 2654.35 2435.56 3483.67 2211.91 2066.42 1825.25 1889.9 1801.51 1787.46 1548.2 1466.35 1395.05 1360.21 1306.31 1280.55 1274.82 1260.7 1234.82 1211.86 1209.09 1206.11 1200.27 1180.93 1176.61 1166.59 1104.58 1042.42 1047.64 1027.6 1311.12 1015.58 979.045 976.928 971.18 954.052 951.767 938.949 927.515 1070.13 918.884 1061.46 910.135 939.927 900.124 827.055 818.308 812.827 802.743 865.946 1076.71 790.785 788.125 787.597 782.055 756.121
threshold=63.945000000000007 2763.6300000000001 7.5000000000000009 80.641428571428591 10904.020000000002 1.0000000180025095e-35 22.500000000000004 2.5000000000000004 16.500000000000004 0 298.50000000000006 16.500000000000004 5.5000000000000009 11.500000000000002 4.5000000000000009 40.803000000000004 19.500000000000004 1.1000000000000003 3.5000000000000004 4556.2400000000007 20.500000000000004 298.50000000000006 11.590000000000002 9413.0104166666697 5.1250000000000009 314.50000000000006 0.12771739130434787 2467.2191666666672 38.500000000000007 377.78000000000003 1 2 2.5000000000000004 3 20.500000000000004 87.500000000000014 1767.8650000000005 4 2250.9900000000002 3397.7300000000009 207.50000000000003 33.165000000000013 471.51000000000005 11049.300000000001 20.500000000000004 757.7600000000001 48.030000000000008 5693.4900000000007 167.50000000000003 435.98000000000008 119.10000000000001 0.18367346938775519 5067.3600000000015 45.95000000000001 2.5000000000000004 63.500000000000007 6.5000000000000009 33.525000000000006 176.50000000000003 15.125000000000002 82.500000000000014 162.21000000000004
decision_type=10 8 10 8 10 2 2 2 2 9 2 2 2 2 2 8 2 8 2 8 10 2 10 10 10 2 10 10 2 8 9 9 2 9 2 2 10 9 10 8 2 10 8 10 2 10 8 10 2 10 8 10 10 10 2 2 2 8 2 8 2 10
left_child=2 3 14 5 10 6 57 30 9 -4 32 17 35 19 46 31 20 -9 60 24 39 25 -18 44 -14 42 38 40 -6 -8 -7 -16 58 34 -28 36 -5 -24 59 54 41 -11 -19 -15 48 -46 51 -48 -20 -50 -33 -1 -51 -43 -17 -56 -57 -2 -3 -13 -10 -36
right_child=1 4 8 12 28 7 29 11 18 27 -12 26 13 43 15 16 22 21 23 -21 -22 -23 37 -25 -26 -27 33 -29 -30 -31 -32 50 -34 -35 61 -37 -38 -39 -40 -41 -42 53 -44 -45 45 -47 47 -49 49 52 -52 -53 -54 -55 55 56 -58 -59 -60 -61 -62 -63
leaf_value=-0.040421841735698301 -0.040401969844133176 0.0013185485151779022 -0.054994973721594967 -0.00083076435406167506 0.028116118788094616 -0.0037043630252174826 -0.0048388440463821439 -0.0039811186593303538 -0.0027952784124571531 -0.030800462760656157 0.016036095718259809 0.013886246276779892 -0.0015824568301328334 0.0074073251682256064 -0.0022994071280374984 -0.020260777152647642 -0.034778554251920092 -0.0013790970399323078 -0.035143384163548855 -0.015064599359219681 0.016087865354585482 0.0078665655023271355 0.015311795422766644 -0.043677023206278531 0.002984472704676317 0.01074914767197325 -0.0029381259125967718 -0.066164182761008994 0.013836929854652466 -0.068779984418492285 -0.015231244815045944 -0.015647671487027632 0.0053345664916961306 0.002063946035883159 -0.009065381248692439 0.00073101802048755387 0.013865553306763378 -0.017307839979145045 0.040853177539061258 -0.0028426360575695563 -0.0069273103821719398 0.034372658935873712 0.0030768533754586365 0.02614704694479068 0.034202524057082677 -0.0062790758975472902 -0.00072684620290364914 0.018897847488010471 -0.017891815731237961 0.032676605580214721 -0.036805545547935616 -0.004779974882544346 -0.05759942509809661 -0.055921977892558067 -0.0044265052131977501 -0.050934906865175149 -0.011602556151698211 -0.001111741065586808 -0.042534998190243034 -0.03726313154421914 -0.058436349955879416 -0.034239260730309994
leaf_weight=1252.414554387331 730.81142950057983 995.1241397857666 4717.0424575805664 9168.1820087432861 10018.087898254395 21729.932739257812 438.31832885742188 58819.180797189474 416.82885432243347 6137.1837488114834 26087.333488464355 428.46598938107491 102993.2581744194 43360.766815185547 7839.032829284668 6858.4943861961365 4032.1003069877625 135972.63223111629 2734.3716549873352 6079.3665161132812 3380.8696789741516 40318.097595214844 1514.6304321289062 1338.9451439380646 245158.14698839188 15160.044376373291 101487.57981914282 656.12945342063904 25749.660636901855 1838.1696319580078 21696.144073486328 32727.481505572796 145063.91355323792 36109.082186281681 28947.125095367432 15472.260122299194 39365.514232635498 5028.2809448242188 257.62933349609375 63363.016855716705 5753.616153717041 515.4873026907444 103351.80615401268 3542.1752014160156 840.77493298053741 16097.784132361412 36522.349305808544 3719.1421432495117 3765.003653049469 874.89873933792114 2663.4141452908516 2193.6504311561584 142.16181659698486 158.98266768455505 37789.170244067907 888.68310752511024 20506.362285614014 4403.5839028358459 1012.0013694763184 2625.8830099105835 1201.3171663284302 1538.5014581680298
leaf_count=1439 767 249 10825 1140 173 5694 443 19748 528 10791 1624 226 14511 4315 5259 4615 3893 32925 4079 803 1413 6565 522 2127 25017 2552 22889 1446 1178 3577 7560 26215 11216 7315 7314 1524 2503 3037 30 27416 6242 270 15848 226 359 16171 13724 773 4474 329 3175 1282 191 332 19338 1083 11191 2321 315 2154 2804 509
internal_value=-1.50812e-05 0.00192891 -0.0088306 0.000598016 0.00856015 -0.00142038 -0.0220035 -0.00115199 -0.0191613 -0.0291878 0.00664382 -0.000464134 0.00309682 0.00222102 -0.00679602 -0.00829395 -0.00641275 0.00106456 -0.0125992 0.00134683 -0.00538623 0.00207128 -0.0193007 -0.0106205 0.00163344 0.00115311 -0.00361813 -0.0199204 0.017837 -0.0564762 -0.0094679 -0.0145322 0.00497772 -0.0032054 -0.00464695 0.00858551 0.0110894 -0.00975853 -0.0245569 -0.00594739 -0.0175164 -0.0264585 0.000545202 0.0088231 -0.00880889 -0.0042678 -0.000398271 0.0010873 -0.0190405 -0.00982744 -0.0172361 -0.0177414 0.0200139 0.0130376 -0.00892607 -0.00761224 -0.0132386 -0.00671095 -0.0208028 -0.0300857 -0.044114 -0.0103369
internal_weight=1.52555e+06 1.24992e+06 275630 1.04099e+06 208926 575853 7410.88 568442 45350.5 17938.4 173158 525016 465140 401134 230279 186592 143362 353622 27412.1 354231 132787 294803 10575 25793.9 348151 254484 171394 13221.4 35767.7 2276.49 43426.1 43229.9 147071 168082 131973 64006 48533.7 6542.91 3311.98 129406 12565.3 6811.65 239324 46902.9 24455 16938.6 43687.6 40241.5 7516.44 4782.06 35390.9 3446.06 1017.06 674.47 66042.7 59184.2 21395 5134.4 2007.13 3054.35 1618.15 30485.6
internal_count=388574 203231 185343 188476 14755 138437 7108 131329 60968 29906 13404 118075 50039 44872 124375 107157 72508 77638 31062 40331 65056 57890 7452 27730 39528 51325 40437 19081 1351 4020 13254 34649 11780 38027 30712 5167 3643 3559 2410 63643 17635 11393 48773 4541 25603 16530 17218 14497 9073 4994 29390 2721 520 602 36227 31612 12274 3088 564 2380 3332 7823
cat_boundaries=0 1 2 3 4 5
cat_threshold=16792 21728 65703 20928 6144
is_linear=0
shrinkage=0.035


Tree=79
num_leaves=63
num_cat=7
split_feature=0 0 2 27 16 8 35 51 27 40 29 45 48 48 10 8 27 16 26 26 16 42 16 41 44 44 35 24 3 23 41 41 32 16 17 27 6 32 3 3 48 23 16 31 29 16 41 32 11 41 15 27 2 32 29 42 27 1 19 3 27 14
split_gain=20050.4 7955.33 5290.24 3615.53 3671.61 3251.89 3017.23 2862.72 2838.8 2342.21 2067.04 1732.67 1629.94 1616.7 1557.3 1553.77 1420.6 1350.33 1274.35 1735.34 1896.98 1479.93 1182.92 1936.75 1180.44 1175.52 1289.43 1145.13 1134.89 1113.45 1382.19 1068.36 1061.06 1036.72 972.282 1024.03 967.154 949.519 986.88 908.599 904.807 903.068 899.672 899.507 1178.64 898.663 980.49 890.896 885.638 942.494 854.329 844.486 836.221 816.766 957.143 934.676 861.528 838.964 807.991 802.697 792.554 755.629
threshold=485.49000000000007 17.47666666666667 2763.6300000000001 1.0000000180025095e-35 0 9.5000000000000018 14.500000000000002 5.2643187444579036 10904.020000000002 1.0000000180025095e-35 298.50000000000006 8.2500000000000018 2.5000000000000004 11.500000000000002 2057.0400000000004 19.500000000000004 5444.8200000000006 1 284.50000000000006 100.50000000000001 2 1.5000000000000002 3 3886.6500000000005 380.25000000000006 79.830000000000013 3.5000000000000004 1.0000000180025095e-35 38.500000000000007 0.68301270189221941 2500.3800000000006 377.78000000000003 1947.8700000000003 4 1.0000000180025095e-35 10.835000000000003 42.844000000000015 740.07000000000016 47.500000000000007 18.500000000000004 11.500000000000002 -0.93301270189221919 5 1.0000000180025095e-35 283.50000000000006 6 943.6600000000002 124.39000000000001 225.73500000000004 43.065000000000005 inf 1108.3050000000003 32.540000000000006 2246.0800000000004 207.50000000000003 2.5000000000000004 12532.460000000003 5312.0000000000009 1122.6360000000002 35.500000000000007 4994.5500000000011 19.500000000000004
decision_type=10 10 10 10 9 2 2 10 10 10 2 10 2 2 10 2 10 9 2 2 9 2 9 10 10 10 2 8 2 2 8 8 10 9 8 10 10 8 2 2 2 2 9 2 2 9 8 8 10 10 8 10 10 10 2 2 10 10 10 2 8 2
left_child=1 9 6 4 -3 14 16 24 10 39 51 15 33 22 17 29 34 50 19 -14 32 36 23 27 -7 26 -13 -8 -10 30 -11 -19 -21 58 35 -2 -22 -18 -39 -1 -40 -28 -32 44 -33 -36 -47 59 49 -6 -5 -4 -44 54 55 -24 57 -55 -9 -45 -23 -48
right_child=2 3 8 5 48 7 13 12 28 11 -12 25 18 -15 -16 -17 37 31 -20 20 21 60 53 -25 -26 -27 41 -29 -30 -31 42 43 -34 -35 45 -37 -38 38 40 -41 -42 -43 52 47 -46 46 61 -49 -50 -51 -52 -53 -54 56 -56 -57 -58 -59 -60 -61 -62 -63
leaf_value=-0.030492737210871611 -0.069596959708392692 -0.057540558224989657 -0.0024461490190190137 -0.0023653157214305822 -0.0099474684157961502 -0.010506293678257462 -0.004175566292258558 -0.0063101003758301863 0.027286288300745656 -0.020944499360041311 0.015503341783285008 -0.050989719220025306 0.0019965498965336306 0.0058548670773043397 0.019579742246834741 -0.033076395888259467 -0.016303640822950386 -0.014242873571242933 0.0025378622549136038 0.0012428422454749827 -0.01278919091181582 -0.0076353043960127017 -0.0068309632085180724 0.0034952989082356217 -0.049498684940006657 -0.047034130329606086 -0.049770615267816294 -0.013216064028768371 0.013370949712885076 -0.0026513770574250963 0.011996611842252055 0.0014551243262704342 0.031273013474409792 -0.027456899495725298 0.0068417604712642218 -0.0069119221999324153 -0.039256395044874375 0.016339429085458209 0.0057788561056914206 -0.069932524417790146 0.020396024081168116 -0.012901106996016567 -0.011228894986665261 0.014578582329290112 0.010042579739188182 -0.0089665178473595925 -0.0055515195285917411 -0.00074419889159529342 0.019359389327431743 -0.041647229734029872 -0.027790561078058655 0.0057751450716534121 0.015055388545534464 -0.0030785602883360457 0.0046832934436655928 0.001137443194573034 -0.057634804554990544 -0.034095878865431042 -0.035448848455740534 -0.0258159456100426 -0.00088959694147974116 0.0031952881472223161
leaf_weight=2317.5924155414104 442.53272724151611 2748.1355781555176 17353.190208435059 3204.4385334253311 6810.0393390655518 68147.7171844244 67610.297253608704 16140.005586624146 9962.5009613037109 16107.942761838436 26040.252799987793 1431.3737616539001 50984.69522857666 46137.22607421875 5390.90380859375 3671.7027907967567 1932.2571716308594 5407.8553246855736 53030.415832519531 25069.873805999756 25289.452596664429 60958.47390639782 23454.305492401123 32438.206237792969 963.63346099853516 2265.3533554077148 881.22591781616211 23002.843131065369 25715.060562133789 19849.288288116455 2394.4332432746887 84140.040816277266 1528.2420978546143 4384.7570457458496 56491.015964508057 1140.1536092758179 1811.8375244140625 16178.610243320465 71826.321678638458 1036.4004435539246 5590.6712579727173 10523.158390522003 35091.018099427223 745.06878098845482 25515.627109527588 9897.0162805318832 13289.533699631691 57268.4069480896 1014.3059595227242 1381.4370920062065 3271.44775390625 129676.00328063965 1547.3154028654099 25292.041305541992 67096.194808959961 77993.953796386719 376.57859802246094 1114.3740234375 1255.5798168182373 3138.5778427124023 32824.845479130745 134948.92914581299
leaf_count=4171 600 4936 2173 1327 4932 36553 9544 6535 173 17879 1624 3339 13776 5964 400 4762 305 1962 15479 8135 14180 18571 5255 4242 1059 4938 1814 5857 1178 13297 1209 21850 251 2391 6299 152 802 766 6879 3348 395 13232 28154 198 5067 1659 2236 13870 195 1819 1824 9607 697 4003 8710 9804 106 204 727 1903 8546 16711
internal_value=-1.48137e-05 -0.00473649 0.00339729 -0.00308475 -0.0221192 -0.00265577 0.00189384 -0.00468681 0.00826784 -0.0139618 0.00641461 -0.0129335 -0.00307737 -0.000268155 0.00104158 -0.0108486 0.00442186 0.000494445 -0.00228188 -0.00356972 -0.00549398 -0.00735557 -0.00115548 -0.00384318 -0.0110507 -0.0237923 -0.0196871 -0.00647069 0.0172573 -0.00975986 -0.0123186 0.00107167 0.00296827 -0.0122623 0.00285134 -0.0244721 -0.01456 0.00797638 0.0084778 -0.042697 0.00683469 -0.0157542 -0.00875849 0.00155668 0.0034534 0.00305293 0.00169887 -0.00184446 -0.0114651 -0.0152978 -0.0151883 0.00480481 -0.0101157 0.000537891 0.00144014 -0.00070486 -0.00513954 -0.00438876 -0.00841036 -0.0180646 -0.00527429 0.00241111
internal_weight=1.52454e+06 639543 885000 542426 11953.9 530472 676253 342390 208747 97116.8 173069 93762.8 273278 364516 188082 78661.7 311737 182691 251498 198467 147483 120885 318379 123051 69111.4 15101.1 12835.8 90613.1 35677.6 74990 55140.7 176216 26598.1 21780.3 216209 1582.69 27101.3 95527.9 93595.6 3353.99 77417 11404.4 39032.8 170808 109656 214626 158135 61152.1 9205.78 8191.48 6475.89 147029 36638.3 195327 168544 101448 26783 26406.4 17395.6 3883.65 93783.3 148238
internal_count=388574 284128 104446 187288 11882 175406 89691 127005 14755 96840 13404 89321 89393 53689 48401 65998 36002 48001 79740 64261 50485 42099 47725 19643 37612 23323 18385 15401 1351 61236 47939 44850 8386 9653 27657 752 14982 8345 8040 7519 7274 15046 30060 42888 26917 26905 20606 15971 6946 6751 3151 11780 28851 28082 23769 15059 4313 4207 7262 2101 27117 18947
cat_boundaries=0 1 2 3 4 5 6 7
cat_threshold=151810 73827 76857 2432 20856 73810 7168
is_linear=0
shrinkage=0.035


Tree=80
num_leaves=63
num_cat=0
split_feature=12 2 13 8 18 21 8 27 41 45 8 48 3 40 3 48 12 29 43 47 40 47 40 48 26 29 14 35 23 27 33 33 41 29 3 39 18 19 3 18 29 37 7 37 17 25 40 48 18 50 51 39 35 40 39 3 46 20 2 52 43 18
split_gain=18872.1 8152.04 4185.38 3628.32 3524.39 3119.85 2077.5 1987.13 2017.07 1902.95 1830.72 1580.14 1480.37 1352.71 1345.58 1330.33 1323.76 1281.73 1278.82 1928.64 1331.68 1278.55 1277.44 1226.3 1284.07 1317.49 1209.08 1140.86 1180.48 1120.91 1647.14 1058.54 1144.25 1004.13 1003.83 1113.24 991.57 988.73 984.534 1038.82 1756.02 982.194 1272.91 1028.02 982.043 975.492 972.986 920.541 857.273 843.75 868.464 854.221 795.359 790.613 786.734 786.032 781.042 800.56 769.201 768.867 767.126 829.38
threshold=111.02000000000002 1508.9400000000003 0.20526315789473687 6.5000000000000009 7972.6575000000003 8.2950000000000035 16.500000000000004 1.0000000180025095e-35 377.78000000000003 18.500000000000004 8.5000000000000018 2.5000000000000004 38.500000000000007 1.0000000180025095e-35 6.5000000000000009 11.500000000000002 16.03166666666667 298.50000000000006 1.5000000000000002 12.835000000000003 1.0000000180025095e-35 5422.0350000000008 1041.5333333333335 2.5000000000000004 314.50000000000006 283.50000000000006 18.000000000000004 13.500000000000002 -0.93301270189221919 46.120000000000005 6.5000000000000009 1.5000000000000002 5239.0800000000008 207.50000000000003 78.500000000000014 119.10000000000002 3865.5475000000001 12.747000000000002 87.500000000000014 10558.677000000001 253.00000000000003 7982.8200000000006 0.11805555555555557 5839.9250000000002 1404.5400000000002 0.32000000000000023 1.0000000180025095e-35 10.500000000000002 13.935000000000004 30.720000000000045 115.92880583121742 77.850000000000009 18.500000000000004 16440.143333333337 17.320000000000004 4.5000000000000009 938.07000000000028 1.0000000180025095e-35 271.84500000000008 8.5000000000000018 4.5000000000000009 1297.3923611111113
decision_type=10 10 10 2 10 10 2 10 10 10 2 2 2 10 2 2 10 2 2 8 10 8 10 2 2 2 2 2 2 10 2 2 8 2 2 8 10 10 2 10 2 8 10 10 10 10 8 2 10 10 8 8 2 10 8 2 8 10 10 2 2 10
left_child=2 3 9 22 17 6 23 8 -4 11 26 -1 -6 14 54 33 -12 29 19 -8 -20 44 -2 60 25 46 -9 28 -15 30 -3 36 -33 -7 35 -22 -19 -28 39 -24 -41 42 -30 49 -14 -21 48 58 -25 50 51 -44 -18 -40 -13 -56 57 -48 -36 -53 61 -5
right_child=1 4 7 5 12 15 18 10 -10 -11 16 13 21 27 -16 -17 52 31 20 45 34 -23 38 24 -26 -27 37 -29 41 -31 -32 32 -34 -35 47 -37 -38 -39 53 40 -42 -43 43 -45 -46 -47 56 -49 -50 -51 -52 59 -54 -55 55 -57 -58 -59 -60 -61 -62 -63
leaf_value=-0.033946439923361521 -0.0049858285988456531 -0.053998144354039379 -0.016359219783067449 -0.028056492098550063 0.022696386144363572 -0.0013474501165453409 0.035080022664211064 -0.017825438670787907 -0.068521892360850795 -0.04596853852555069 -0.018632565186059723 -0.047658357003426695 0.042809993776440625 -0.029263416331042093 -0.061779010752748512 0.0067847884984429084 -0.0058614093896782399 -0.0076218247516995847 -0.059540422912117447 -0.036469975163385938 -0.0044192989290996743 0.014137916410718456 0.0072314152653664907 0.0085465490838236187 0.0094479145103172919 0.0036240558143506301 -0.010611318888942721 -0.022325925806666588 -0.03980607877214639 0.0036353303625257937 0.0055054803124190577 0.0061819467982007718 0.018784235094659114 0.0025018116982457486 -0.017180457646898094 0.0079754425462222871 0.014773007267781423 0.0013614757814581656 0.0042920158632923106 0.0063264741846730836 0.030690646691602912 0.0032392625969189606 -0.0050910595483305348 -0.034430786812147798 0.001788902019973765 -0.014170233973832401 -0.0068343706055896515 -0.0015485087705923082 -0.066633880006636947 -0.045183077143348273 0.036502085482189112 -0.0009833668637868919 -0.017328257587747271 -0.011874385519760557 -0.041042234577431981 0.026016728234609481 0.0028501844231408925 -0.0014608491991452797 -0.0072152001521737022 -0.035819726241971196 0.0010155451496775859 -0.0089575607952495449
leaf_weight=5013.1556566953659 12035.231758117676 1021.9006094932556 5996.5610551834106 3886.8161187171936 14818.186492919922 179891.78486442566 893.95761632919312 5097.068044424057 1069.4419813156128 2544.1456756591797 13444.027017831802 548.64305853843689 740.74574279785156 3483.5568008422852 1379.1581239700317 45880.916015625 83854.967530965805 7024.7530097961426 553.48939514160156 2825.0626025497913 38178.603161811829 37586.736450195312 49408.989505529404 282.57439860701561 14232.214233398438 49165.726699829102 9720.589629650116 10979.47861328721 1738.3277604281902 280656.21982955933 1286.3700089454651 17185.864458084106 18145.768842697144 154160.67358398438 16114.151455879211 11564.621246337891 3695.0641593933105 64562.468903064728 29513.571529626846 7645.3477630615234 6889.2406158447266 7674.7805397510529 24581.924234747887 1836.7591383457184 19765.187271118164 16080.213617771864 59246.917582929134 16941.200017929077 540.36028048396111 707.17963773012161 562.78630101680756 1187.9405323863029 8127.5470869541168 4236.83349609375 313.5006822347641 669.92669677734375 26052.411528110504 79586.852039337158 23081.576049804688 2238.0062522888184 5584.7966861724854 9827.8426990509033
leaf_count=6772 2623 581 5118 1839 341 29103 170 2867 2500 5576 14506 1137 20 4654 4076 5967 44704 914 1241 2897 10136 1877 6027 222 3027 9649 6564 13165 3473 25681 510 1472 1070 23002 7794 1892 270 22714 4217 582 283 4918 22180 2271 1549 6300 20217 4254 1161 574 209 805 6407 549 558 493 3989 17913 5014 3399 1440 3141
internal_value=-1.45196e-05 0.00174154 -0.00865536 -0.000173538 0.0058597 -0.00103831 -0.00330467 -0.00604814 -0.0242626 -0.0162974 -0.00535159 -0.0150968 0.0128219 -0.0134643 -0.0367115 0.00119649 -0.00837431 0.00431683 -0.00696083 -0.0151284 -0.00544134 0.0103028 0.00577315 -0.0014467 -0.000732943 -0.00140731 -0.001337 -0.0122329 -0.00971454 0.00343552 -0.0208495 0.00973182 0.0126546 0.000428934 -0.00515798 -0.00153759 9.82131e-05 -0.000205391 0.00709862 0.00965124 0.0178762 -0.00803353 -0.010667 -0.00903781 0.00327274 -0.0175043 -0.00290013 -0.00836593 -0.0408398 -0.00744364 -0.00650797 -0.00737348 -0.00687479 0.00226229 -0.0141204 0.00461944 -0.00271053 -0.00375402 -0.0113125 -0.0237441 -0.00991937 -0.014372
internal_weight=1.52356e+06 1.26623e+06 257332 864302 401927 754573 374639 191873 7066 65459.3 184807 62915.1 72910.9 57902 2911.23 379933 105427 329016 126233 19799.2 106434 58092.7 109729 248407 229107 214875 79380.1 54990.7 44011.3 282964 2308.27 46051.5 35331.6 334052 105880 49743.2 10719.8 74283.1 97694 63943.6 14534.6 40527.7 32852.9 31114.6 20505.9 18905.3 165709 56136.9 822.935 29277.8 28570.7 28007.9 91982.5 33750.4 1532.07 983.427 164886 138834 39195.7 3425.95 19299.5 13714.7
internal_count=388574 208934 179640 174649 34285 160368 102296 105380 7618 74260 97762 68684 3787 61912 6264 58072 65617 30498 39698 9367 30331 3446 14281 62598 56178 53151 32145 55648 42483 26772 1091 3726 2542 52105 29090 12028 1184 29278 11658 6892 865 37829 32911 29438 1569 9197 43502 17062 1383 27167 26593 26384 51111 4766 2188 1051 42119 38130 12808 4204 6420 4980
is_linear=0
shrinkage=0.035


Tree=81
num_leaves=63
num_cat=7
split_feature=2 2 45 18 13 35 39 35 16 41 18 17 46 16 40 3 0 2 41 23 40 16 26 14 48 1 48 14 1 47 19 14 41 16 3 16 26 39 8 28 35 48 23 3 26 22 22 35 47 1 43 16 27 10 35 19 16 32 1 36 35 29
split_gain=17631.6 7390.13 4037.32 3267.7 3211.73 2840.92 1844.38 1833.96 1829.14 1680.38 1590.13 1613.67 1496.46 1494.38 1491.48 1480.25 1450.29 1428.37 1393.38 1333.53 1280.08 1840.99 1133.35 1123.75 1104.63 1089.27 1071.03 1048.01 1416.17 1040.45 1034.48 1142.2 1029.76 1144 997.781 965.027 1203.39 918.037 1447.18 917.938 910.592 894.307 1197.06 1092.29 894.07 890.643 870.752 869.704 1067.98 988.845 869.252 902.661 854.464 846.134 842.834 831.257 850.061 900.828 838.531 830.698 809.13 803.166
threshold=63.945000000000007 1918.6700000000003 4.8750000000000009 5514.5100000000011 0.48913043478260876 14.500000000000002 100.89000000000003 5.5000000000000009 0 377.78000000000003 7223.9000000000005 45.470000000000006 1729.3200000000004 1 1.0000000180025095e-35 38.500000000000007 17.47666666666667 355.28000000000009 11296.710000000001 -0.6830127018922193 1.0000000180025095e-35 2 100.50000000000001 19.500000000000004 2.5000000000000004 5312.0000000000009 11.500000000000002 18.000000000000004 108.45000000000003 5422.0350000000008 28.849166666666669 19.500000000000004 5066.9100000000008 3 38.500000000000007 4 70.500000000000014 49.935000000000009 19.500000000000004 9.0200000000000014 19.500000000000004 10.500000000000002 0.68301270189221941 248.50000000000003 39.500000000000007 7.5000000000000009 5.5000000000000009 13.500000000000002 1.0000000180025095e-35 334.17000000000002 1.5000000000000002 5 9656.1900000000005 1299.4800000000002 16.500000000000004 9.8475000000000019 6 11.590000000000002 11.860000000000001 1.0000000180025095e-35 19.500000000000004 29.500000000000004
decision_type=10 10 10 10 8 2 10 2 9 10 10 10 8 9 10 2 10 10 10 2 10 9 2 2 2 10 2 2 10 8 10 2 10 9 2 9 2 8 2 8 2 2 2 2 2 2 2 2 10 10 2 9 10 10 2 10 9 8 10 8 2 2
left_child=2 4 7 27 20 10 8 -1 -4 13 11 -6 50 59 -10 -5 37 40 24 -15 21 -2 -17 -22 -16 32 29 -3 44 -24 31 -26 33 -19 -12 39 46 38 55 -25 -7 42 -18 60 -29 -30 -37 49 54 -32 51 -13 -21 -35 -49 -9 -57 58 -58 -8 -43 -36
right_child=1 3 6 15 5 17 9 16 14 -11 34 12 -14 19 18 22 41 25 -20 52 23 -23 26 35 30 -27 -28 28 45 -31 47 -33 -34 53 61 36 -38 -39 -40 -41 -42 43 -44 -45 -46 -47 -48 48 -50 -51 -52 -53 -54 -55 -56 56 57 -59 -60 -61 -62 -63
leaf_value=-7.5443454480814151e-05 0.0025021338896271447 -0.0061672476626346527 -0.043286736000928604 0.022679736149420999 -0.0065932046622148742 -0.0036541118822383013 0.036150795565672182 -0.026987402610753785 -0.041249178373843544 -0.0458996217451558 0.018970798510465296 0.001621091048549814 0.0086189113148808852 -0.064216917963387271 -0.029027098090331469 0.017395796103501265 -0.0097936662887239262 -0.0044591244983175331 -0.044903581450831474 -0.021879565976829121 -0.015383466719164846 -0.064893653734196879 -0.00084829380766770384 -0.010342553822609259 0.022885997176255887 -0.021683148956680384 0.022324160394462705 0.024359267213415442 -0.0046087327767818506 0.0096120923942427973 0.0029830488266623153 -0.016062876844084917 0.0048335299350333438 -0.00055906482938184224 -0.016690739718130881 -0.033286203102759392 -0.0076075551155215578 -0.028276140063088599 -0.036114296676990114 0.0024966291514144957 -0.013210750835438084 -0.00064548484354779595 -0.0014096504328591328 0.018377694129104352 0.0088389605740333207 0.0042748676095706734 0.0063394192263094276 -0.014338103584890152 -0.019053204948335643 -0.055904384403850767 0.0026593618847793985 -0.0067895508836131203 0.041881966039083555 0.0058491153719693097 0.039333721804507442 -0.018950774636665741 0.019242163508831022 -0.0074791083235796387 -0.030187457943485756 -0.06931931864854457 -0.026224272850540811 0.0067374056224920988
leaf_weight=51959.344734251499 962.94334506988525 11504.355621337891 2429.819052696228 13530.510711669922 25247.32666015625 56640.442535400391 831.6157488822937 3038.7842144966125 2078.4479740858078 4486.0178871154785 8279.9659729003906 37120.410827636719 43818.164060592651 813.63792896270752 3429.9368237257004 19658.983528137207 66992.05549633503 74533.481323242188 1436.6980285644531 1310.8328304290771 10268.596404075623 1022.1833639144897 17473.646249771118 8128.531325340271 968.23967617750168 2851.5727996826172 5526.1097545623779 5658.180682182312 15090.275151252747 34937.547119140625 14759.073264062405 19113.406793117523 45825.926524162292 112905.28363513947 1841.7087593078613 718.90333366394043 67534.468658447266 4470.1532249450684 2705.0295462608337 42392.173812866211 15571.081680297852 18481.73127746582 30296.340637207031 3524.0474700927734 23146.149559020996 164770.2220916748 12054.727710723877 669.67043820023537 6298.1303100585938 356.78465759754181 243912.20746350288 26988.849316358566 319.36341381072998 32507.475463867188 769.14056167006493 6592.8087940216064 2874.7090580463409 21052.095884919167 491.48628425598145 101.83852624893188 1649.20849609375 65911.668773651123
leaf_count=19604 894 1398 4326 307 6153 15262 380 3589 5012 7634 344 5184 4288 1099 4535 948 35393 11556 2234 1406 4635 2565 1428 3489 427 396 263 268 2232 2018 10793 23374 5583 17502 355 430 26314 5473 3688 11245 5014 8434 12127 1192 1605 14141 3302 729 6682 311 38060 5620 61 3069 308 6358 1588 16737 502 108 1239 7363
internal_value=-1.41951e-05 0.00175129 -0.00804884 0.00642347 0.000199126 0.001069 -0.0160589 -0.00579785 -0.0136826 -0.0318629 0.00288478 0.00195375 0.00256708 -0.0132101 -0.0122285 0.0119973 -0.00763132 -0.00134498 -0.0109684 -0.0275369 -0.00462771 -0.0325307 0.0101343 -0.00423491 -0.0099159 -0.000170223 0.00767018 0.00411644 0.00468344 0.0061247 -0.00838851 -0.0141839 6.0678e-05 -0.000933766 0.00750215 -0.00335976 -0.00574354 -0.0133005 -0.0114784 0.000430619 -0.00571498 -0.00569882 -0.00718286 0.000404819 0.0118884 0.00352951 0.00410685 -0.00329547 -0.0128383 0.0015895 0.00170614 -0.0019205 -0.00937035 0.000873474 0.0143605 -0.00952027 -0.00780785 -0.00478894 0.0120183 0.024322 -0.0027422 0.00610033
internal_weight=1.52263e+06 1.24833e+06 274300 311296 937038 793956 60172.7 214128 52309.3 7863.31 453120 377087 351840 3377.29 49879.5 91126.8 162168 340835 47801.1 2443.83 143083 1985.13 77596.3 141097 46364.4 268624 57937.3 220169 208665 52411.2 42934.4 20081.6 265772 219946 76033.3 130829 80308.1 41225.1 36754.9 50520.7 72211.5 120943 97288.4 23655 28804.3 179860 12773.6 22852.8 7736.94 15115.9 308021 64109.3 1630.2 145413 1438.81 34049.9 31011.1 24418.3 3366.2 933.454 20130.9 67753.4
internal_count=388574 203231 185343 24608 178623 125749 69419 115924 58731 10688 67367 59305 53152 3054 54405 4964 96320 58382 49393 2566 52874 3459 4657 49415 47159 38106 3709 19644 18246 3446 42624 23801 37710 32127 8062 44780 30046 37935 32462 14734 20276 58385 47520 10865 1873 16373 3732 18823 7719 11104 48864 10804 1467 20571 1037 28774 25185 18827 2090 488 9673 7718
cat_boundaries=0 1 2 3 4 5 6 7
cat_threshold=138 10242 197833 2304 138268 152576 143560
is_linear=0
shrinkage=0.035


Tree=82
num_leaves=63
num_cat=5
split_feature=4 12 2 40 18 16 40 26 29 49 48 26 40 32 41 16 48 18 22 41 3 29 16 33 39 15 22 16 24 37 2 16 22 22 26 1 46 3 8 8 8 45 44 49 48 26 40 23 46 17 17 23 46 33 37 20 2 17 37 49 3 27
split_gain=16701.7 7630.01 4736.69 3087.46 2472.18 2172.15 2275.67 2151.08 2385.61 2084.29 1938.07 3164.99 2247.32 2098.71 1878.06 1875.38 1839.07 1758.83 1717.09 2377.5 1702 1436.24 1423.83 1397.66 1401.07 1356.88 1341.86 1939.15 1231.46 1228.12 1199.18 1190.5 1111.42 1072.79 1275.25 1013.92 1002.4 958.805 946.909 937.652 926.818 949.429 941.192 911.302 907.509 1248.05 907.041 885.147 874.387 868.764 858.593 843.463 841.088 837.346 815.946 801.41 801.05 788.688 1006.37 894.948 780.242 1461.12
threshold=5.8000000000000007 76.490000000000023 3501.3600000000006 1.0000000180025095e-35 5187.3004166666678 0 1.0000000180025095e-35 192.50000000000003 145.50000000000003 4.5000000000000009 10.500000000000002 85.500000000000014 1439.2766666666666 1.0000000180025095e-35 4387.9500000000007 1 2.5000000000000004 6341.1225000000004 43.500000000000007 1.0000000180025095e-35 60.500000000000007 344.00000000000006 2 10.500000000000002 64.845000000000013 0.097337620094191543 2.5000000000000004 3 17.500000000000004 3828.9600000000005 659.97000000000014 4 7.5000000000000009 8.5000000000000018 39.500000000000007 inf 174.51000000000002 63.500000000000007 13.500000000000002 15.500000000000002 20.500000000000004 1.8819444444444446 1383.8400000000004 12.500000000000002 11.500000000000002 100.50000000000001 397.6733333333334 -0.93301270189221919 22.410000000000007 1318.3250000000003 25.710000000000004 0.93301270189221952 5198.1500000000005 9.5000000000000018 1.0000000180025095e-35 1.0000000180025095e-35 9.4000000000000021 2655.6250000000005 1477.9800000000002 19.500000000000004 13.500000000000002 1032.4000000000003
decision_type=10 10 10 10 10 9 10 2 2 10 2 2 10 10 10 9 2 10 2 10 2 2 9 2 8 10 2 9 8 10 10 9 2 2 2 8 10 2 2 2 2 8 10 8 2 2 10 2 8 8 8 2 8 2 8 8 10 10 10 8 2 10
left_child=1 3 4 22 15 36 9 21 18 -7 11 12 49 32 38 -2 -17 35 19 31 52 -5 51 24 47 -23 27 54 55 46 40 -9 -14 -18 -35 -4 39 -36 -12 -3 41 -28 57 -15 45 -22 -29 48 -20 -8 -34 -1 -6 -39 -13 -21 -16 58 59 -43 -38 -62
right_child=2 5 17 7 20 6 10 8 -10 -11 14 26 13 43 56 16 33 -19 23 28 44 25 -24 -25 -26 -27 30 29 -30 -31 -32 -33 50 34 37 -37 60 53 -40 -41 -42 42 -44 -45 -46 -47 -48 -49 -50 -51 -52 -53 -54 -55 -56 -57 -58 -59 -60 -61 61 -63
leaf_value=-0.031291789510998438 0.0053546510389332422 -0.0011650589524958412 0.0050498093232922512 -0.0046478727205948199 0.01012399382397274 0.0088084384092140967 -0.0066752905806631083 0.0045307696883091124 -0.026584153576804392 -0.06593986879820124 0.0044176039775453589 0.035922213660915241 0.038195547985541693 -0.0088472867857171886 0.03461346147504709 -0.007390919569211965 -0.0045065162677490889 0.015646858013597092 -0.024882572629861238 -0.026733044806668445 0.0085441258685545821 -0.037358999329463252 -0.063210011742630301 -0.023241757891049267 -0.033796437149043956 -0.0080853751700158873 -0.0043872517108804561 -0.010262300730501647 -0.055889476525428139 0.044493864430709781 -0.0025663271678486661 -0.014292455452113833 0.048690740514008228 0.01352641548794636 0.0031204992291594767 0.014743509995679813 0.0090002767151179438 -0.0016915865673371613 -0.0046929375692489825 -0.017501451326416489 -0.019653381056972286 -0.012410944387563932 -0.057816109925221126 0.0055690137916955531 0.011958152024082232 0.0013749786353775962 -0.069795631626233506 0.0060297392271815723 0.0075806898101432717 -0.029005071146382271 0.0074142479366944751 0.022267462083599518 0.024567462703885625 0.0038314912111330674 -0.054250212601828017 -0.0097834703212411247 0.0097864359036625853 -0.0074335453688375956 -0.027142174798685723 0.031693702344380063 -0.0045602411395413711 0.0049383080179252687
leaf_weight=2364.0030769258738 93755.76318359375 23219.762335777283 77237.558227539062 76959.930635452271 21268.081787109375 693.31779098510742 15323.435300827026 6983.7847836613655 15279.764063894749 1338.3305702209473 23112.089679718018 129.81315040588379 1566.7338409423828 15584.286168217659 1808.8562431335449 38609.497812628746 44846.58145904541 37955.640014648438 2569.4181948304176 12432.763654828072 40502.27339553833 3315.8297653198242 1805.2866915464401 3898.0226440429688 1432.444504737854 4673.3231887817383 55463.980951607227 3711.5463981628418 1428.7955231666565 468.6485595703125 62449.250135421753 10005.005240797997 626.96482086181641 10046.713706970215 140873.28801727295 15946.5634765625 22404.22639465332 170614.22940826416 35347.099811553955 5282.2582330703735 8518.4433734416962 13165.166434466839 514.71188545227051 8195.435210108757 16338.473541259766 112005.30762863159 341.49784469604492 15121.726347923279 1680.4890851378441 2478.9999389648438 36587.652744293213 424.1640739440918 6433.184814453125 41879.402374267578 2122.8247585296631 4714.5563102960587 13243.784954071045 39354.070613622665 6609.5821323394775 587.85846328735352 30170.606050729752 57924.564038991928
leaf_count=4289 10220 7641 5398 53116 1131 601 5212 3837 18104 3381 6192 44 130 5765 439 8294 8971 1469 2766 17831 4207 3819 5644 3691 1577 3456 15863 1705 3546 38 10480 7602 35 965 19074 896 4239 25881 10623 3067 4065 5998 234 2271 1724 14131 196 9691 886 967 6258 281 265 5774 1488 3077 2980 16087 3871 154 7192 9745
internal_value=-1.3881e-05 -0.0042407 0.00316695 -0.0107455 0.00207663 -0.00204169 -0.00351405 -0.00993557 -0.0142323 -0.0404396 -0.00329803 -0.00465276 0.00118541 0.0043076 0.00174776 0.000854521 -8.97596e-05 0.00929585 -0.0111003 -0.0160237 0.00543816 -0.00611432 -0.0390352 -0.00401128 -0.00040716 -0.0202383 -0.00707822 -0.0223792 -0.0246775 -0.00906914 -0.00652281 -0.0065605 0.00932728 0.000600731 0.001231 0.00670883 0.00165884 0.000881382 -0.00109103 -0.00419318 -0.00851191 -0.00769143 -0.0107339 -0.00387883 0.00411888 0.00327897 -0.0152944 0.00206344 -0.0120473 -0.00978618 0.00811093 -0.0230561 0.013479 -0.000603055 -0.0488236 -0.0220737 0.012772 -0.0103272 -0.0159189 -0.0105236 0.00316847 0.00168525
internal_weight=1.52175e+06 653435 868313 165089 737173 488346 349344 160496 75546.8 2031.65 347313 273801 80363.5 62561.1 73511.8 540625 446870 131140 60267 35564.9 196547 84949.1 4593.45 24702.1 20804.1 7989.15 193437 6774.33 18576.1 4521.69 186663 16988.8 38781.4 408260 363414 93184.1 139001 353367 58459.2 28502 124214 115695 60231.4 23779.7 168846 152508 4053.04 19371.6 4249.91 17802.4 37214.6 2788.17 27701.3 212494 2252.64 17147.3 15052.6 59716.7 20362.6 13753 110499 88095.2
internal_count=388574 280174 108400 143213 100637 136961 105077 132999 72608 3982 101095 80861 20638 14459 20234 79179 68959 7763 54504 35893 21458 60391 10214 18611 14920 7275 60223 3471 24454 1939 56752 11439 6423 60665 51694 6294 31884 50729 16815 10708 46272 42207 26344 8036 20062 18338 1901 13343 3652 6179 6293 4570 1396 31655 1532 20908 3419 26110 10023 6152 21176 16937
cat_boundaries=0 1 2 3 4 5
cat_threshold=136216 5120 73911 16640 200791
is_linear=0
shrinkage=0.035


Tree=83
num_leaves=63
num_cat=8
split_feature=0 25 10 47 40 22 16 35 16 44 48 48 10 35 47 30 16 42 16 40 27 32 8 26 2 18 40 29 16 27 8 22 26 16 8 9 23 23 45 48 2 0 48 50 40 27 0 16 48 18 22 8 49 14 24 25 45 46 8 26 3 16
split_gain=15580.7 6302.96 4298.72 2742.25 2666.08 2660.66 3531.44 2089.22 1966.97 1948.82 2067.33 1877.4 1766.92 1702.69 1641.48 1685.34 1658.86 1589.21 1325.85 1285.36 1277.41 1265.6 1242.75 1233.71 1453.93 1377.33 1118.06 1870.57 1060.69 1202.24 1057.55 1034.66 1029.04 1003.31 980.396 1065.09 1033.78 973.86 972.43 968.552 1057.95 1236.24 946.399 1000.98 1020.47 939.039 938.347 937.52 1176.99 936.552 911.359 903.19 1050.74 1040.77 900.416 874.65 861.154 1070.78 1013.94 860.194 1743.01 1300.92
threshold=485.49000000000007 5.2441071428571435 2057.0400000000004 10.125000000000002 1.0000000180025095e-35 1.0000000180025095e-35 0 17.500000000000004 1 380.25000000000006 2.5000000000000004 2.5000000000000004 1588.5000000000002 8.5000000000000018 211.07000000000002 12.200000000000003 2 1.5000000000000002 3 16440.143333333337 678.60000000000014 215.07000000000002 19.500000000000004 39.500000000000007 3501.3600000000006 4563.7545000000009 1.0000000180025095e-35 358.00000000000006 4 1684.7750000000003 20.500000000000004 39.500000000000007 299.50000000000006 5 3.5000000000000004 430.47000000000008 0.68301270189221941 0.93301270189221952 1.1291666666666669 11.500000000000002 1508.9400000000003 3163.8000000000006 9.5000000000000018 40.539912789871728 10247.670000000004 3886.0200000000004 17.47666666666667 6 2.5000000000000004 765.27458333333345 33.500000000000007 4.5000000000000009 14.500000000000002 19.500000000000004 1.5000000000000002 57.571666666666665 16.500000000000004 255.15000000000003 6.5000000000000009 284.50000000000006 200.50000000000003 7
decision_type=10 10 8 10 10 2 9 2 9 10 2 2 10 2 8 10 9 2 9 10 10 8 2 2 10 10 10 2 9 10 2 2 2 9 2 10 2 2 10 2 10 10 2 10 10 10 10 9 2 10 2 2 8 2 10 10 8 10 2 2 2 9
left_child=1 4 3 11 8 6 -3 12 -1 10 -6 -2 17 38 15 50 -17 21 20 26 -9 47 33 24 -13 30 27 -5 29 -28 -25 -21 -27 54 49 36 42 -10 -4 40 41 -15 43 -36 -45 -30 -20 48 -7 -23 -12 53 -53 -52 -16 -8 59 58 -58 61 -61 -18
right_child=2 5 13 19 9 7 55 18 37 -11 14 23 -14 39 22 16 56 -19 46 31 -22 34 -24 25 -26 32 28 -29 45 -31 -32 -33 -34 -35 35 -37 -38 -39 -40 -41 -42 -43 -44 44 -46 -47 -48 -49 -50 -51 51 52 -54 -55 -56 -57 57 -59 -60 60 -62 -63
leaf_value=-0.065927757138852502 -0.0066869898133624928 -0.055103473570532406 0.018022064428401645 -0.059520544688651637 -0.022728255091091679 -0.051816165991934657 -0.012741395668755887 -0.0048563524307665921 -0.02737131970066789 -0.043902647925433885 -0.033904927955376918 0.0097920164618018456 0.011562530030066191 0.00083770303590650897 0.013425523638217989 0.01737235521280403 -0.0035617489384902755 0.0003768135419190025 -0.028951600982390698 -0.045225344346332241 0.02066833791881912 -0.014435629535224776 -0.03121959620767354 0.0034156692610719814 0.037853902712690519 0.0069231021979076733 0.00023398115056488499 0.056900535273285188 -0.0028150708965069826 0.0067458304076549831 -0.0068155249851088199 -0.0064901000452123299 0.021919992290537194 -0.0049531369967270979 -0.0082295260565181487 -0.037336112905570908 0.00082650749537998853 0.028276964532615089 0.0043011472124217329 0.014737371945778186 0.0074390043304474246 -0.041114032190066256 -0.0016010863677290408 -0.034293629114951915 0.0060442554921579074 0.0013544410009053369 -0.0090825129196999681 -0.01672163758208127 0.0072184525057884807 0.0063552526269362473 0.036174487886282518 0.01592333029893123 -0.021882904367775399 -0.048042813751892087 -0.0035563274877401319 0.023026220435452435 0.004663435705833309 0.029655067229777666 -0.035878142789507808 -0.01080310191838478 0.011496495510672016 -0.014143521397896069
leaf_weight=1714.0739135742188 17719.9223279953 2651.2077331542969 28340.066396951675 832.69077813625336 12155.483633995056 458.55712270736694 4053.1156415939331 7845.1819432973862 2374.4516235738993 1965.6769158840179 5241.9635380208492 16148.686767578125 13569.139518737793 29648.97318649292 8666.6532031297684 2877.0058689117432 21381.077460765839 250151.67734146118 3109.0148043632507 1330.9001998901367 3460.4985376596451 3063.5250144004822 1769.7368602752686 167122.63175535202 2629.422607421875 88626.159290313721 91671.910051167011 211.21622085571289 151307.8482015729 55914.770679473877 13364.942047595978 2310.6330032348633 5982.6038208007812 31325.329432457685 30771.992684364319 1193.6930997371674 33737.817272186279 458.96164703369141 8147.1251046657562 14470.110961914062 69340.219055175781 885.19773864746094 24925.638902902603 3621.4431223869324 974.71621704101562 117590.80574226379 45723.183057785034 15106.567734718323 4145.8725929260254 19819.650405883789 208.64197254180908 1738.3617467880249 1866.3780612945557 1269.1059322357178 6844.9708737134933 1054.6102800369263 937.08195078372955 428.49398332834244 3898.4694927334785 10805.641689300537 7123.6252136230469 42700.204269826412
leaf_count=5765 2608 3998 890 1909 11276 434 2858 2499 4263 3108 9384 1475 1820 2964 2078 1306 15134 63065 3638 339 812 1074 1403 17767 71 7594 13682 22 25296 6210 1637 374 393 14613 12183 205 8862 272 529 881 4000 128 10296 1686 232 15677 17534 11212 1820 4214 64 1305 2618 2539 3423 210 833 134 6028 9783 4240 35907
internal_value=-1.36053e-05 -0.00418538 0.00299479 0.0018872 -0.0100086 -0.00210447 -0.0224287 -0.00176285 -0.0364392 -0.00927188 -0.00884943 0.00437647 -0.000851673 0.00837557 -0.00771767 -0.010272 -0.00873785 -0.00128588 -0.00784668 4.55614e-05 0.00295489 -0.00430377 -0.00243734 0.00504359 0.0137232 0.00445107 0.000226157 -0.0359329 0.000316875 0.00270091 0.00265802 -0.0206555 0.00787166 -0.00134916 -0.00293354 -0.00449672 -0.00407944 -0.018286 0.0149586 0.00627483 0.00504861 -0.000379801 -0.00682457 -0.0105057 -0.0257396 -0.000991686 -0.010346 -0.0125136 0.00132632 0.00357133 -0.0236663 -0.0131018 -0.00365174 -0.0361358 0.0059282 -0.00534281 -0.00959965 -0.0233226 -0.0280222 -0.00871971 -0.00194292 -0.0106157
internal_weight=1.52079e+06 637188 883597 732765 167751 469437 7758.93 461678 4547.49 163204 161238 311594 401540 150832 149083 100476 90151.6 387971 60137.9 421171 11305.7 137819 48606.7 293874 18778.1 275096 417529 1043.91 416485 147587 180488 3641.53 94608.8 46837 118108 95225.3 94031.6 2833.41 36487.2 114345 99874.4 30534.2 60293.8 35368.2 4596.16 268899 48832.2 19711 4604.43 22883.2 10324.5 5082.49 3604.74 1477.75 15511.6 5107.73 87274.6 5264.05 4835.55 82010.5 17929.3 64081.3
internal_count=388574 284128 104446 95054 135476 148652 7066 141586 10300 125176 122068 31545 117103 9392 110792 89275 73365 115283 24483 63509 3311 52218 21517 28937 1546 27391 62796 1931 60865 19892 19404 713 7987 20114 38752 33464 33259 4535 1419 7973 7092 3092 24397 14101 1918 40973 21172 13466 2254 5288 15910 6526 3923 2603 5501 3068 72059 6995 6861 65064 14023 51041
cat_boundaries=0 1 2 3 4 5 6 7 8
cat_threshold=160130 153920 1031 2184 136201 156688 197678 217184
is_linear=0
shrinkage=0.035


end of trees

feature_importances:
sku_global_lag_1=416
tile_size_code=319
sku_known_branch_count_to_origin=286
pair_lag_1=235
target_month_num=222
months_since_last_positive=194
target_days_since_prev_tet_from_midmonth=192
pair_roll_12_mean=186
sku_ever_positive_branch_count_to_origin=186
size_branch_lag_1=181
sku_global_roll_3_mean=180
target_working_days_proxy=156
sku_global_roll_12_mean=156
size_branch_positive_sku_count_lag_1=149
pair_roll_6_mean=143
size_branch_target_available_sku_count_lag_1=129
target_days_to_next_tet_from_midmonth=125
sku_global_lag_6=119
size_branch_roll_3_mean=111
size_branch_lag_12=111
pair_adi_target_available_to_origin=109
target_month_sin=100
size_branch_roll_12_mean=99
size_branch_lag_2=98
sku_global_lag_12=81
sku_global_lag_3=78
sku_global_roll_6_mean=77
size_branch_lag_6=67
pair_roll_3_mean=65
sku_global_lag_2=60
pair_roll_12_std=53
pair_peak_positive_m2_to_origin=52
pair_positive_rate_to_origin=51
pair_roll_12_sum=48
pair_last_positive_m2_to_origin=39
pair_roll_3_sum=34
pair_lag_2=34
pair_roll_6_std=34
target_lunar_month_mid=32
pair_roll_6_positive_count=26
pair_roll_3_positive_count=22
months_since_first_positive=22
pair_cv2_positive_to_origin=21
pair_roll_3_std=20
sku_global_roll_6_sum=19
target_public_holiday_event_count=16
pair_roll_6_sum=14
pair_roll_12_positive_count=12
sku_global_positive_rate_12m=7
pair_lag_12=7
pair_lag_6=7
pair_roll_12_target_available_count=6
pair_lag_3=2

parameters:
[boosting: gbdt]
[objective: tweedie]
[metric: tweedie]
[tree_learner: serial]
[device_type: gpu]
[data_sample_strategy: bagging]
[data: ]
[valid: ]
[num_iterations: 1400]
[learning_rate: 0.035]
[num_leaves: 63]
[num_threads: 1]
[seed: 42]
[deterministic: 0]
[force_col_wise: 1]
[force_row_wise: 0]
[histogram_pool_size: -1]
[max_depth: -1]
[min_data_in_leaf: 50]
[min_sum_hessian_in_leaf: 0.001]
[bagging_fraction: 0.9]
[pos_bagging_fraction: 1]
[neg_bagging_fraction: 1]
[bagging_freq: 0]
[bagging_seed: 400]
[bagging_by_query: 0]
[feature_fraction: 0.9]
[feature_fraction_bynode: 1]
[feature_fraction_seed: 30056]
[extra_trees: 0]
[extra_seed: 12879]
[early_stopping_round: 0]
[early_stopping_min_delta: 0]
[first_metric_only: 0]
[max_delta_step: 0]
[lambda_l1: 0]
[lambda_l2: 1]
[linear_lambda: 0]
[min_gain_to_split: 0]
[drop_rate: 0.1]
[max_drop: 50]
[skip_drop: 0.5]
[xgboost_dart_mode: 0]
[uniform_drop: 0]
[drop_seed: 17869]
[top_rate: 0.2]
[other_rate: 0.1]
[min_data_per_group: 100]
[max_cat_threshold: 32]
[cat_l2: 10]
[cat_smooth: 10]
[max_cat_to_onehot: 4]
[top_k: 20]
[monotone_constraints: ]
[monotone_constraints_method: basic]
[monotone_penalty: 0]
[feature_contri: ]
[forcedsplits_filename: ]
[refit_decay_rate: 0.9]
[cegb_tradeoff: 1]
[cegb_penalty_split: 0]
[cegb_penalty_feature_lazy: ]
[cegb_penalty_feature_coupled: ]
[path_smooth: 0]
[interaction_constraints: ]
[verbosity: -1]
[saved_feature_importance_type: 0]
[use_quantized_grad: 0]
[num_grad_quant_bins: 4]
[quant_train_renew_leaf: 0]
[stochastic_rounding: 1]
[linear_tree: 0]
[max_bin: 63]
[max_bin_by_feature: ]
[min_data_in_bin: 3]
[bin_construct_sample_cnt: 200000]
[data_random_seed: 175]
[is_enable_sparse: 1]
[enable_bundle: 1]
[use_missing: 1]
[zero_as_missing: 0]
[feature_pre_filter: 1]
[pre_partition: 0]
[two_round: 0]
[header: 0]
[label_column: ]
[weight_column: ]
[group_column: ]
[ignore_column: ]
[categorical_feature: 16]
[forcedbins_filename: ]
[precise_float_parser: 0]
[parser_config_file: ]
[objective_seed: 16083]
[num_class: 1]
[is_unbalance: 0]
[scale_pos_weight: 1]
[sigmoid: 1]
[boost_from_average: 1]
[reg_sqrt: 0]
[alpha: 0.9]
[fair_c: 1]
[poisson_max_delta_step: 0.7]
[tweedie_variance_power: 1.5]
[lambdarank_truncation_level: 30]
[lambdarank_norm: 1]
[label_gain: ]
[lambdarank_position_bias_regularization: 0]
[eval_at: ]
[multi_error_top_k: 1]
[auc_mu_weights: ]
[num_machines: 1]
[local_listen_port: 12400]
[time_out: 120]
[machine_list_filename: ]
[machines: ]
[gpu_platform_id: -1]
[gpu_device_id: -1]
[gpu_device_id_list: ]
[gpu_use_dp: 0]
[num_gpu: 1]

end of parameters

pandas_categorical:[["100100", "1033", "15580", "1580", "1590", "2040", "2550", "3030", "3060", "4040", "4060", "4080", "5050", "60120", "6060", "8012", "80120", "8080"]]
