tree
version=v4
num_class=1
num_tree_per_iteration=1
label_index=0
max_feature_idx=52
objective=binary sigmoid:1
feature_names=sku_global_roll_3_mean sku_global_lag_3 sku_global_lag_1 size_branch_target_available_sku_count_lag_1 pair_lag_1 pair_roll_3_mean pair_roll_6_mean sku_global_positive_rate_12m sku_known_branch_count_to_origin pair_roll_3_sum pair_roll_12_sum pair_roll_6_sum sku_global_roll_6_mean pair_positive_rate_to_origin target_working_days_proxy pair_cv2_positive_to_origin tile_size_code size_branch_lag_2 size_branch_roll_12_mean sku_global_roll_12_mean pair_roll_3_std pair_lag_2 size_branch_positive_sku_count_lag_1 target_month_sin months_since_last_positive pair_roll_12_mean target_days_since_prev_tet_from_midmonth size_branch_lag_1 pair_lag_12 target_days_to_next_tet_from_midmonth sku_global_roll_6_sum target_public_holiday_event_count sku_global_lag_12 target_lunar_month_mid pair_roll_3_positive_count sku_ever_positive_branch_count_to_origin pair_lag_6 size_branch_lag_6 pair_lag_3 pair_last_positive_m2_to_origin size_branch_roll_3_mean size_branch_lag_12 pair_roll_6_positive_count pair_roll_12_positive_count pair_peak_positive_m2_to_origin pair_adi_target_available_to_origin sku_global_lag_2 sku_global_lag_6 target_month_num months_since_first_positive pair_roll_6_std pair_roll_12_std pair_roll_12_target_available_count
feature_infos=[0:22618.98] [0:31196.16] [0:31196.16] [0:353] [0:13108.32] [0:7787.5200000000004] [0:7787.5200000000004] [0:1] [1:47] [0:21807] [0:74509.5] [0:41260.5] [0:22618.98] [0:1] [15:23] [0:8.5140033033036193] -1:8:14:17:11:12:7:6:5:3:13:10:0:16:4:2:1:9 [0:65640.959999999992] [0:47521.4375] [0:22618.98] [0:5490.7199999999993] [0:13108.32] [0:138] [-1:1] [0:27] [0:7787.5200000000004] [17:382] [0:65640.959999999992] [0:13108.32] [2:367] [0:84486.419999999984] [0:2] [0:31196.16] [1:12] [0:3] [0:47] [0:10404] [0:65640.959999999992] [0:9823.5] [0.029999999999999999:13108.32] [0:59159.5] [0:65640.959999999992] [0:6] [0:12] [0.029999999999999999:13108.32] [1:28] [0:31196.16] [0:31196.16] [1:12] [0:27] [0:5490.7199999999993] [0:5490.7199999999993] [0:12]
tree_sizes=6859 6988 6992 6971 7033 6967 6998 6993 7000 6992 7045 7017 7012 7022 6992 7006 7019 7024 7036 7038 6967 7037 7002 7062 6991 7065 7045 7026 7005 7023 7026 7041 7087 7076 7052 7059 7052 7045 7021 6997 7051 7058 6996 6940 7042 6968 7028 7045 6998 7060 7023 7013 6999 7069 7007 7057 7022 7020 7001 7011 6972 7028 7062 7037 7042 7071 7032 7055 7014 7065 7068 7010 7011 7055 7070 7059 7047 7047 7074 7079 7098 7087 7073 7043 7037 7029 7095 7035 7089 7047 7037 7053 7064 7027 7073 7063 7080 6996 7088 7054 7024 7065 7024 7061 7085 7078 7064 7038

Tree=0
num_leaves=63
num_cat=0
split_feature=45 2 20 34 0 34 50 4 2 7 0 47 45 6 22 48 2 45 14 48 20 4 22 14 45 34 12 23 2 24 45 45 7 1 34 5 14 45 22 40 23 22 2 18 45 14 2 23 18 24 34 42 23 4 23 0 4 7 23 0 45 0
split_gain=107073 14612.5 13607.4 3465.43 3173.12 2627.86 1908.43 1367.99 977.507 881.038 878.919 871.056 847.27 714.279 703.855 694.546 571.656 483.945 410.024 339.215 334.389 325.487 260.873 242.333 230.848 225.981 223.822 215.445 212.149 208.754 200.405 198.292 192.558 180.813 236.359 188.565 180.514 176.166 174.009 180.284 169.172 168.18 149.78 144.47 143.947 143.689 129.098 136.54 128.465 124.534 124.062 123.622 123.18 121.938 133.681 117.717 112.131 110.526 109.247 106.304 102.104 100.16
threshold=1.531372549019608 238.36000000000001 1.0000000180025095e-35 2.5000000000000004 189.88333333333335 1.5000000000000002 0.13416407864995034 2.9200000000000004 64.120000000000019 0.95833333333333337 130.17333333333337 inf 2.0801282051282057 96.845000000000013 1.0000000180025095e-35 3.5000000000000004 1017.0700000000001 1.0976190476190479 20.500000000000004 3.5000000000000004 0.90509667991877596 2.7100000000000004 1.0000000180025095e-35 20.500000000000004 2.0384615384615388 2.5000000000000004 68.439166666666679 0.93301270189221952 1227.7200000000003 8.5000000000000018 1.3514705882352944 2.5505050505050506 0.95833333333333337 inf 1.5000000000000002 295.3683333333334 18.000000000000004 3.3875000000000006 39.500000000000007 6025.0800000000008 0.25000000000000011 1.0000000180025095e-35 34.425000000000004 1934.8824999999999 1.1277173913043479 16.000000000000004 396.17000000000007 0.93301270189221952 16040.242500000002 3.5000000000000004 2.5000000000000004 4.5000000000000009 0.25000000000000011 2.1950000000000007 0.93301270189221952 463.62666666666672 1.8050000000000004 0.95833333333333337 0.93301270189221952 390.72000000000008 1.2440476190476193 54.07
decision_type=8 10 8 2 10 2 10 8 10 8 10 8 10 10 2 2 10 10 2 2 10 10 2 2 8 2 10 2 10 10 10 10 10 8 2 10 2 10 2 10 2 2 10 10 10 2 10 2 10 10 2 2 2 8 2 10 8 10 2 10 10 10
left_child=1 5 6 7 9 11 29 14 25 31 32 20 21 19 -3 18 33 50 40 23 49 41 -12 52 53 27 -13 -7 -15 57 55 56 -8 34 59 -35 -19 -24 39 -18 -9 -6 -22 -20 -21 -23 47 -43 -40 61 58 -38 -5 54 -11 -16 -4 -2 -10 -17 -36 -1
right_child=2 3 4 13 12 8 10 15 17 24 22 26 -14 28 30 16 38 36 43 44 42 45 37 -25 -26 -27 -28 -29 -30 -31 -32 -33 -34 35 60 -37 51 -39 48 -41 -42 46 -44 -45 -46 -47 -48 -49 -50 -51 -52 -53 -54 -55 -56 -57 -58 -59 -60 -61 -62 -63
leaf_value=-1.0092148031914576 -1.0273870965446052 -1.0206634139411142 -1.0079000491303454 -0.918025967084383 -1.0054459933275832 -0.97810042866869873 -1.0225747215639154 -0.93606828776381279 -0.94553316565774426 -0.99263084934159462 -1.0262341180802088 -0.97808636792145964 -0.98691456844704262 -0.90077152157270868 -0.95357434650957917 -0.95783796939701671 -0.90879396665587397 -0.98477267443758143 -0.94145493946037695 -0.90029620989645553 -0.99582157344595967 -0.99157458744913163 -0.99103427150529055 -0.91072740812144304 -0.99825533454118953 -0.95148463612001399 -0.95221496485887835 -0.94726768607708645 -0.88503862865326588 -1.0308848193318114 -0.95580454823479766 -1.0169749331302957 -1.0120309555831677 -0.90204700941924865 -0.91620644001831864 -0.95429417742619038 -0.95451114804417958 -1.0057598971171944 -0.89148560823698164 -0.94861960287756841 -0.96782286042545995 -0.98078684675532701 -0.97447367661973439 -0.91544290560126274 -0.91761456652722129 -0.94831559641549423 -0.96145674442032403 -0.95708659202113677 -0.94545456237181325 -1.0214194009804838 -0.91894218108435033 -0.93730202983402811 -0.9523948698405309 -0.97296367073521495 -0.97038831350303889 -0.93339401635212138 -0.99237697360429722 -1.0200655584752314 -0.90706508391342622 -0.93401751706588221 -0.93215466500552002 -0.99038081407083967
leaf_weight=700.08879005908966 7248.629891872406 156.32282197475433 2230.8651834726334 181.84895366430283 152.16740518808365 1781.2886625528336 6201.0691076517105 306.90721124410629 525.16553103923798 1798.1082066893578 423.65463525056839 745.99625170230865 2976.2678042054176 1779.5077696442604 466.00031107664108 413.16715478897095 1751.6071140766144 178.08929085731506 443.44233423471451 2257.3807001113892 687.02890872955322 99.730002880096436 2306.0584396123886 583.53924304246902 2682.0247203111649 804.56784069538116 909.64052230119705 328.08004915714264 2785.1186320185661 18561.0595241189 1265.2254730463028 2737.2324004769325 3246.7656493186951 581.95622712373734 1158.7676525115967 100.9172648191452 1396.8136712908745 1751.01348310709 1052.7055859565735 154.34405207633972 624.49977993965149 1237.5226944684982 969.59725022315979 667.2412097454071 834.4472661614418 1586.7755815386772 1793.5570359230042 391.40068590641022 59.165219962596893 433.54848474264145 1053.4970939159393 817.42984503507614 441.26568734645844 853.44345718622208 404.65844422578812 1565.6027436256409 766.97121262550354 3941.7096376419067 110.41536033153534 529.32094782590866 900.7360577583313 683.86287689208984
leaf_count=3538 36632 790 11274 919 769 9002 31338 1551 2654 9087 2141 3770 15041 8993 2355 2088 8852 900 2241 11408 3472 504 11654 2949 13554 4066 4597 1658 14075 93801 6394 13833 16408 2941 5856 510 7059 8849 5320 780 3156 6254 4900 3372 4217 8019 9064 1978 299 2191 5324 4131 2230 4313 2045 7912 3876 19920 558 2675 4552 3456
internal_value=-0.986038 -0.935105 -1.0127 -0.917484 -0.988563 -0.965716 -1.0236 -0.929595 -0.951765 -1.00046 -1.0129 -0.984745 -0.97199 -0.900823 -0.948267 -0.922227 -0.916777 -0.94071 -0.940142 -0.911113 -0.994701 -0.963549 -1.00013 -0.926967 -0.990764 -0.967259 -0.96386 -0.973289 -0.891152 -1.0286 -0.944824 -1.01016 -1.01895 -0.926068 -0.929813 -0.909711 -0.950864 -0.997393 -0.905456 -0.911998 -0.957317 -0.969536 -0.983328 -0.925779 -0.904947 -0.950875 -0.967935 -0.975078 -0.894318 -1.00506 -0.926358 -0.948139 -0.942272 -0.984187 -0.98854 -0.938005 -1.00393 -1.02481 -0.938737 -0.944419 -0.923152 -0.999918
internal_weight=96576.8 33186.1 63390.7 21061 19710.7 12125.1 43680 12197.9 6995.35 11473.3 13928.6 5129.76 8237.42 8863.11 3453.15 8744.78 6702.69 4081.41 2042.09 4298.48 3474.13 5261.15 4480.73 1206.65 5738.23 2913.94 1655.64 2109.37 4564.63 29751.4 3296.83 5735.07 9447.83 3684.87 3001.99 682.873 2392.33 4057.07 3017.82 1905.95 931.407 3574.65 1656.63 1110.68 3091.83 1686.51 3422.48 1628.92 1111.87 1817.5 1689.08 2214.24 623.115 3056.21 2202.77 2031.6 2997.84 11190.3 635.581 942.488 2059.5 1383.95
internal_count=488065 167711 320354 106435 99611 61276 220743 61644 35352 57982 70390 25924 41629 44791 17451 44193 33873 20626 10320 21723 17557 26588 22644 6098 28999 14726 8367 10660 23068 150353 16661 28983 47746 18622 15171 3451 12090 20503 15251 9632 4707 18065 8372 5613 15625 8523 17296 8232 5619 9185 8536 11190 3149 15445 11132 10267 15150 56552 3212 4763 10408 6994
is_linear=0
shrinkage=1


Tree=1
num_leaves=63
num_cat=0
split_feature=13 24 2 0 34 34 4 13 7 24 2 6 47 22 34 48 0 4 14 23 26 47 0 42 2 42 13 22 23 14 22 18 2 34 13 27 13 0 1 19 2 2 14 13 4 13 37 23 26 5 17 14 52 47 14 29 4 14 23 44 24 26
split_gain=98625.3 13108.4 12814.7 3783.58 3559.26 1783.14 1380.24 1164.06 970.648 889.779 790.621 703.063 692.674 669.354 549.418 463.903 444.961 370.912 333.241 322.576 306.729 285.385 275.592 260.211 245.614 231.652 228.003 222.889 211.127 201.291 199.744 198.636 197.232 195.603 192.273 190.086 180.901 175.793 163.386 157.164 142.477 140.138 135.447 130.582 128.554 123.925 122.041 120.44 120.183 119.992 117.348 116.852 116.62 115.383 114.181 114.155 103.647 99.5583 96.9057 95.7715 95.7183 95.689
threshold=0.65301003344481623 3.5000000000000004 157.72000000000006 162.93000000000004 2.5000000000000004 1.5000000000000002 7.2250000000000005 0.48074074074074075 0.95833333333333337 6.5000000000000009 715.33000000000004 96.845000000000013 inf 1.0000000180025095e-35 2.5000000000000004 2.5000000000000004 99.750000000000028 2.1950000000000007 16.000000000000004 0.93301270189221952 39.500000000000007 7327.9950000000008 390.72000000000008 2.5000000000000004 46.305000000000014 2.5000000000000004 0.39208074534161497 29.500000000000004 0.25000000000000011 16.000000000000004 1.0000000180025095e-35 11770.278500000002 1088.5700000000002 1.5000000000000002 0.86038961038961048 1.0000000180025095e-35 0.73798627002288331 358.11000000000007 1223.5800000000002 60.31944444444445 181.36000000000001 65.725000000000009 16.000000000000004 0.82971014492753636 1.7750000000000001 0.28285714285714292 4375.9800000000005 0.93301270189221952 131.50000000000003 0.30000000000000127 9729.1800000000021 19.500000000000004 3.5000000000000004 43.110000000000007 19.500000000000004 324.00000000000006 16.215000000000007 18.000000000000004 0.68301270189221941 382.04000000000002 10.500000000000002 39.500000000000007
decision_type=10 8 10 10 2 2 8 10 10 10 10 10 8 2 2 2 8 10 2 2 2 8 10 2 10 2 10 2 2 2 2 10 10 2 10 8 10 10 8 10 10 10 2 10 8 10 10 2 2 10 8 2 2 10 2 2 10 2 2 10 10 2
left_child=1 3 5 8 6 12 13 40 26 16 29 18 23 -4 19 28 52 30 -6 24 -20 25 49 -2 -7 58 -1 46 -12 -8 -9 53 -13 38 -22 -18 -24 -32 -31 -14 -5 -16 -19 -35 -28 -42 -17 -38 55 -15 -40 -39 -3 -29 -26 -37 -36 -51 -10 61 -11 -53
right_child=2 9 4 7 11 14 10 17 21 60 15 32 39 22 41 27 35 42 20 -21 34 -23 36 -25 54 -27 44 31 -30 33 37 -33 -34 43 56 48 47 51 50 -41 45 -43 -44 -45 -46 -47 -48 -49 -50 57 -52 59 -54 -55 -56 -57 -58 -59 -60 -61 -62 -63
leaf_value=-0.032264353157543973 -0.022314434043178184 -0.012267444951624054 -0.032117115455176433 -0.014758172516615178 0.028481428178979955 0.0048778050255332932 0.0024748788254282061 -0.021193972261604251 -0.019915564814372365 -0.04059304186077009 0.061923589814741352 0.077775752978335014 0.0064789643339314964 -0.0057842311829788091 0.032937737601365639 0.066087439118070315 -0.041973568910444257 -0.0055287465384612957 0.04582685687173018 0.044947576397362382 0.060441689374789449 0.0065689393372431659 0.031952079136561444 -0.0017696509821192288 0.00086691650131907557 -0.00086567987821504241 -0.023536913108813676 0.088942302463655407 0.02312814833844519 0.029622678869477136 0.0054250537709383028 0.037732289250800577 0.09269433647927218 0.045319983141835218 0.068532693810583495 -0.0028762357131016593 0.045985868480275111 -0.001455258987506366 0.062747155115740486 0.030290358163081791 -0.013145967549469355 0.052547917854588601 0.03510754479816941 0.062242949757365704 -0.0071634055114026636 0.003174071554776392 0.031952379673691994 0.07104380386566235 -0.024110974142395353 -0.0062974315573123239 0.034653903201403213 -7.8554433262019056e-05 -0.036749501272602403 0.07128575545198608 0.027986006661703398 -0.024872050813324328 0.082357018238899002 0.031000105514505674 -0.0066814558307119734 0.0085477329001891478 -0.045044276950996144 0.028725892539264331
leaf_weight=4057.3372070789337 1432.2822502106428 246.06115698814392 172.95122800767422 1119.736023709178 242.3647573441267 1419.3441040813923 120.63154388964176 189.15940365195274 2783.8865744769573 10966.561005353928 317.47497314214706 1741.4976082593203 669.26264688372612 144.45329581201077 837.85357464849949 2127.8116203248501 531.92031268775463 106.43918424844742 545.02415455877781 539.49062959849834 1018.0162849128246 1282.191104978323 1157.2433879822493 1596.6586633175611 217.83090800046921 1636.7011572867632 2800.2487153857946 1296.1336184442043 377.48522746562958 951.07727611064911 1392.2814533114433 131.58055174350739 3133.0821471810341 994.3337424993515 1010.6673647910357 805.26824337244034 1920.142038166523 261.62723861634731 455.72400802373886 689.73178581893444 725.91864040493965 975.95273049175739 1720.6356200426817 1328.0734912753105 744.67941431701183 2638.8733547180891 139.51862999796867 271.71301531791687 2445.9769971221685 95.071704596281052 311.32734712958336 153.18193720281124 9088.9369563758373 748.96472778916359 1501.1921726763248 450.13295018672943 2232.0761158317327 1080.349916100502 897.59751351177692 448.8329720646143 13301.71618938446 1816.395056694746
leaf_count=20818 7301 1258 886 5677 1206 7147 605 966 14156 56502 1566 8483 3370 726 4168 10425 2735 539 2687 2673 4999 6495 5767 8079 1092 8283 14318 6315 1892 4734 7016 651 15158 4915 4931 4098 9481 1312 2238 3437 3692 4810 8556 6529 3775 13353 687 1342 12481 476 1537 768 46702 3655 7482 2297 10883 5378 4561 2251 68640 9105
internal_value=-1.59389e-05 -0.0260609 0.0480248 -0.00627008 0.0618033 0.01446 0.0505211 0.00958163 -0.0180706 -0.0390196 0.0584129 0.0778762 -0.0021748 0.0353541 0.0277495 0.0676048 -0.0318357 0.0195472 0.0686822 0.019966 0.0707033 -0.00824904 0.0378597 -0.0114887 0.0156586 -0.0118222 -0.0265957 0.0717686 0.0409144 0.0470475 0.0138852 0.0798256 0.0873816 0.0483773 0.0738739 -0.0224139 0.0432012 0.0155195 0.0393714 0.0185774 -0.0039498 0.0435125 0.0327385 0.05502 -0.0201003 -0.000349666 0.064002 0.0491232 -0.0195924 0.0242836 0.0514048 0.0207595 -0.0361056 0.082514 0.024552 -0.0107765 0.0780708 0.0279806 -0.0166916 0.0231624 -0.0430346 0.0264868
internal_weight=96556.7 62612.3 33944.4 24775.7 24064.8 9879.6 14142.1 10573.1 14202.6 37836.6 9300.14 9922.73 4387.94 4841.92 5491.66 5138.97 13568.3 6088.55 5048.15 3677.86 4805.78 6600.38 4668.97 3028.94 3138.37 5318.19 7602.27 4444.01 694.96 4161.17 4261.48 2176.68 4874.58 4040.54 4260.76 4233.3 3349.1 4072.32 1718.13 1358.99 4484.53 1813.81 1827.07 2322.41 3544.93 3364.79 2267.33 2191.86 3701.38 1319.87 767.051 2680.04 9335 2045.1 1719.02 1255.4 3242.74 1175.42 3681.48 2418.41 24268.3 1969.58
internal_count=488065 320354 167711 125641 118152 49559 69805 53235 72406 194713 45749 48347 22187 24056 27372 25191 69571 30513 24706 18394 23500 33495 23170 15380 15721 27000 38911 21733 3458 20558 21418 10621 23641 19953 20813 21611 16590 20452 8509 6807 22722 8978 9095 11444 18093 17045 11112 10823 18876 6580 3775 13436 47960 9970 8574 6395 15814 5854 18717 12124 125142 9873
is_linear=0
shrinkage=0.035


Tree=2
num_leaves=63
num_cat=2
split_feature=13 24 2 2 34 34 13 4 24 7 47 2 22 2 2 0 13 23 14 0 42 33 14 14 33 29 14 22 13 13 13 13 27 16 19 14 4 4 25 2 22 5 4 34 16 2 14 52 0 29 34 40 39 23 33 14 47 22 14 18 2 23
split_gain=91043.3 12638.1 11326.1 3584.96 2695.44 2006.87 1234.6 1100.52 877.095 836.894 711.603 699.559 613.998 513.173 493.824 433.18 371.566 329.675 293.108 289.468 284.402 256.231 246.581 234.709 232.757 229.267 221.491 219.171 207.523 200.287 198.575 194.889 182.608 181.93 173.198 165.946 180.11 149.125 139.859 137.272 135.475 134.484 131.791 128.749 128.066 125.646 124.81 120.165 116.777 113.109 112.505 109.86 108.09 107.187 106.705 106.119 105.15 100.489 107.465 98.8872 98.4889 96.1642
threshold=0.65301003344481623 3.5000000000000004 213.55000000000004 95.800000000000026 2.5000000000000004 1.5000000000000002 0.49074074074074076 8.115000000000002 6.5000000000000009 0.95833333333333337 inf 48.980000000000011 1.0000000180025095e-35 1165.7150000000001 1256.5200000000002 104.98 0.91485507246376818 0.93301270189221952 16.000000000000004 358.11000000000007 2.5000000000000004 1.5000000000000002 16.000000000000004 16.000000000000004 1.5000000000000002 353.00000000000006 16.000000000000004 1.0000000180025095e-35 0.36602870813397131 0.86038961038961048 0.74537037037037046 0.32738095238095244 1.0000000180025095e-35 0 57.572500000000012 16.000000000000004 2.1950000000000007 2.5350000000000006 247.53900000000007 396.17000000000007 39.500000000000007 139.18000000000004 1.0000000180025095e-35 1.5000000000000002 1 37.625000000000007 18.000000000000004 3.5000000000000004 54.07 353.00000000000006 1.5000000000000002 5706.2400000000007 14.875000000000002 0.68301270189221941 1.5000000000000002 16.000000000000004 11041.500000000002 1.0000000180025095e-35 19.500000000000004 16040.242500000002 449.39000000000004 0.93301270189221952
decision_type=10 8 10 10 2 2 10 10 10 10 8 10 2 10 10 8 10 2 2 10 2 2 2 2 2 2 2 2 10 10 10 10 8 9 10 2 10 8 10 10 2 10 8 2 9 10 2 2 10 2 2 10 10 2 2 2 8 2 2 10 10 2
left_child=1 3 5 9 7 10 31 12 15 28 20 37 -4 23 18 47 46 42 -6 -8 48 -20 -14 -9 -24 33 -15 -21 -1 -23 -26 -5 -17 38 -12 -29 -37 -7 39 -25 51 49 56 -32 -18 -22 -13 -3 -2 55 -30 54 -31 -34 -28 -16 -11 -33 -59 -42 -60 -48
right_child=2 8 4 6 14 11 19 13 -10 17 34 16 22 26 41 32 44 -19 21 27 45 29 24 25 30 -27 40 35 50 52 43 57 53 -35 -36 36 -38 -39 -40 -41 59 -43 -44 -45 -46 -47 61 -49 -50 -51 -52 -53 -54 -55 -56 -57 -58 58 60 -61 -62 -63
leaf_value=-0.032619392797052608 -0.028714802683817698 -0.011439736588164424 -0.030753999609888567 -0.014767215602343751 0.028518771981286169 0.0058805528543612292 0.0091031876489647886 0.0072919266233263365 -0.042414467131104645 -0.018210754606071924 0.0055928796575300845 0.0013459585559881734 -0.00025373065239452298 0.016727163297238098 0.039624849068689828 -0.041278565843287124 0.017320116507166115 0.010045763849663613 0.045707878213889594 -0.022651461132296401 -0.0092827531714744799 0.056560165034381042 0.014079301635296521 0.047958300158611952 0.031387709803294569 0.010905991271781859 0.035979826390142529 -0.0093850361882152466 -0.023144429401312741 0.063570387023780803 0.037825280433997667 -0.028250554449185152 -0.022403235378657394 0.037418508802788249 0.029061398393635605 0.021975032768885711 0.038546229028175963 0.023275021902012236 0.03295713122808875 0.063432597757056772 0.081593154430765355 0.088659070752629618 -0.0021726260606310071 0.05321024385876081 0.053658342259204045 0.0092937967987225464 0.029212548979341956 -0.036041974351372824 -0.0093369600833980177 0.039183569552943609 -0.0052847220316963482 0.037458055001091499 0.077825008722623393 -0.0084361643197732889 0.068885013141728735 0.079850242719667522 -0.0037362517172410898 -0.015390438360905239 -0.0018471797979961362 0.037211284617135791 0.011125284017443927 0.051305465253354512
leaf_weight=3518.3697246611118 839.85761660337448 251.11144478619099 160.56128668785095 1577.3679907768965 235.31589783728123 1200.1253106594086 2427.2957117855549 152.50162577629089 23770.170631140471 3226.2219863682985 649.95427094399929 177.51653970777988 191.53355967998505 100.99123804271221 87.778132259845734 509.48465149104595 165.74594493210316 947.43086485564709 546.62941244244576 116.47399920225143 838.01590113341808 948.06255097687244 382.97649635374546 1026.9987764209509 1338.5304941385984 165.55928236246109 133.65123972296715 155.74065701663494 3143.0691117197275 873.01706174015999 1052.9275641590357 146.21316716074944 2666.9383027404547 949.84072399139404 946.79929333925247 2440.1723756343126 1202.7513629794121 1215.853268891573 283.03689077496529 2365.4715409576893 1114.0822112858295 2300.1606674641371 1188.8232841789722 1883.7056684494019 1581.4330582022667 951.22068345546722 2109.309827491641 9034.2785442918539 699.07626344263554 101.87153752148151 501.7149967700243 179.31852999329567 3043.5589446425438 902.45232756435871 1706.1945671290159 1585.8022384494543 760.23302344977856 413.37500014901161 1691.3675249814987 67.652866393327713 1243.1090042442083 274.15307615697384
leaf_count=18320 4338 1291 835 8081 1144 5982 12203 761 125142 16495 3263 889 943 501 423 2673 805 4772 2623 601 4261 4520 1870 4961 6577 815 653 786 16209 4134 5111 745 13753 4581 4653 12116 5886 6033 1366 11328 5248 10725 6025 9099 7634 4783 10335 47239 3573 489 2568 869 14346 4615 8114 7462 3852 2098 8606 330 6278 1334
internal_value=-2.96979e-05 -0.0254749 0.0454081 -0.00607298 0.0596603 0.0172929 0.00831274 0.0493862 -0.0383795 -0.0184314 0.000317667 0.0297241 0.036435 0.0572506 0.0736618 -0.0312001 0.0381776 -0.00892786 0.0669231 0.0186048 -0.00889719 0.0685876 0.0386653 0.0500894 0.0402653 0.0514499 0.0679535 0.0244917 -0.0265522 0.0711486 0.0426072 -0.00455983 -0.0216831 0.0528985 0.0195181 0.0259428 0.0274553 0.0146404 0.0566318 0.0587636 0.069564 0.0829792 -0.0124026 0.0477087 0.050629 0.000592865 0.0296664 -0.0353779 -0.019924 0.0755749 -0.0206881 0.0639548 0.0746646 -0.0188753 0.0665155 0.0777654 -0.015452 5.11271e-05 0.00129523 0.079086 0.00365016 0.0317742
internal_weight=96461 61834.2 34626.8 24699.7 22977.7 11649.1 11413.9 13255.5 37134.4 13285.9 4924.92 6724.14 5010.24 8245.3 9722.2 13364.3 4308.16 6122.71 5646.58 6342.43 3328.17 5411.27 4849.67 4943.41 4658.14 4790.91 3301.89 3915.14 7163.15 4864.64 4275.16 5071.43 4078.88 4625.35 1596.75 3798.66 3642.92 2415.98 3675.51 3392.47 3200.9 4075.61 5175.28 2936.63 1747.18 1789.24 2560.98 9285.39 1538.93 1775.45 3644.78 2019.16 3916.58 3569.39 1839.85 1673.58 3986.46 3494.06 3347.85 1181.74 2934.48 2383.46
internal_count=488065 320354 167711 125641 109828 57883 57400 63962 194713 68241 24871 33012 24435 39527 45866 69571 20997 31144 26767 31592 16955 25623 23600 23812 22657 23051 15715 19389 37097 23000 20787 25808 21041 22236 7916 18788 18002 12015 17655 16289 15214 19099 26372 14210 8439 9044 12558 48530 7911 8374 18777 9636 18480 18368 8767 7885 20347 17727 16982 5578 14884 11669
cat_boundaries=0 1 2
cat_threshold=21896 75793
is_linear=0
shrinkage=0.035


Tree=3
num_leaves=63
num_cat=0
split_feature=13 24 2 2 34 34 13 4 24 2 47 22 6 7 34 0 0 48 14 7 0 48 26 42 13 47 22 27 26 42 13 13 21 14 4 14 31 7 44 2 0 4 48 2 4 13 38 2 52 26 5 14 26 1 13 24 13 44 4 2 7 32
split_gain=84205.5 12188.9 10112.5 3382.23 2688 1492.09 1342.79 1078.41 865.891 681.782 599.603 540.073 532.181 516.822 466.176 422.294 419.422 412.338 256.426 247.931 244.951 242.193 238.587 233.141 219.138 215.886 200.122 179.426 177.4 168.092 164.386 159.431 153.013 152.938 161.58 152.177 158.342 150.584 146.443 141.755 134.705 133.27 133.214 132.791 121.43 117.788 111.961 110.171 109.871 107.147 106.611 104.243 129.522 103.906 101.372 97.4618 97.4035 89.8744 87.5491 87.2218 85.3834 83.0758
threshold=0.65301003344481623 3.5000000000000004 157.72000000000006 50.445000000000007 2.5000000000000004 1.5000000000000002 0.49074074074074076 2.9200000000000004 6.5000000000000009 519.08000000000004 inf 1.0000000180025095e-35 96.845000000000013 0.95833333333333337 2.5000000000000004 99.750000000000028 365.84333333333336 2.5000000000000004 16.000000000000004 0.95833333333333337 463.62666666666672 1.5000000000000002 21.500000000000004 2.5000000000000004 0.32071428571428579 7327.9950000000008 1.0000000180025095e-35 1.0000000180025095e-35 131.50000000000003 4.5000000000000009 0.47913043478260875 0.88675213675213682 1.0000000180025095e-35 16.000000000000004 2.1950000000000007 19.500000000000004 1.5000000000000002 0.95833333333333337 382.04000000000002 1088.5700000000002 24.930000000000039 2.7100000000000004 3.5000000000000004 272.0800000000001 1.7750000000000001 0.73798627002288331 1.0000000180025095e-35 65.725000000000009 3.5000000000000004 39.500000000000007 0.12000000000000015 20.500000000000004 345.50000000000006 882.46000000000015 0.2752525252525253 10.500000000000002 0.46291208791208799 382.04000000000002 1.3 553.7700000000001 0.84523809523809534 inf
decision_type=10 8 10 10 2 2 10 8 10 10 8 2 10 10 2 8 10 2 2 10 10 2 2 2 10 8 2 8 2 2 10 10 10 2 10 2 2 10 10 10 10 8 2 10 8 10 8 10 2 2 10 2 2 8 10 10 10 10 8 10 10 8
left_child=1 3 5 13 7 10 24 11 15 37 23 -4 18 30 19 48 44 21 -6 -7 50 -11 -20 61 -5 29 -18 -17 49 -19 -1 -24 38 -28 57 -21 41 -9 -27 -14 -12 -37 51 -26 53 -22 54 -16 -3 -15 -13 -39 -53 -8 -29 -10 -51 -35 -25 -33 -50 -2
right_child=2 8 4 6 12 14 16 9 55 17 40 20 39 28 47 27 26 25 22 35 45 -23 31 58 43 32 33 46 -30 -31 -32 59 -34 34 -36 36 -38 42 -40 -41 -42 -43 -44 -45 -46 -47 -48 -49 60 56 -52 52 -54 -55 -56 -57 -58 -59 -60 -61 -62 -63
leaf_value=-0.030882638962873282 -0.026478262550426276 -0.01157364207125154 -0.030955501866836332 -0.015863391238618598 0.025704994080035428 0.00050899640349733239 -0.00020597690463473235 0.016383327850681764 -0.039308379587318816 0.054663620614011768 -0.0019558042930653131 -0.0057823629792994099 0.068414385983616627 -0.024571941875326422 0.030142103919777855 -0.040740938355869186 -0.021395706075723511 0.048041297940296136 0.029910609912824893 -0.00083091043790585798 0.02924535362024798 0.019185245824167828 0.053614010686111657 -0.0058782888203975127 -0.0080123984066922411 0.065420877780769979 -0.0094490087865910493 -0.026068884933202335 -0.017301190910031475 0.067826537780961899 -0.018910464341630732 0.061547384958472048 0.07667228644542412 0.024067230671544811 0.036486371672171718 0.012222102607736346 0.043212538891780242 0.013033978270677012 0.04034571326416999 0.080694069486822798 0.02330679819610933 0.029598049794293212 0.045470732163498721 0.0042748584238574191 0.015440105093245813 0.044329882830204281 0.0052774827627810519 0.047262628129783157 -0.038529543296725338 -0.0090791397683211896 0.024315890651847735 0.029945449119810244 0.072209858756386303 0.026690302485350866 -0.013977624215617903 -0.043891870439637756 0.0085631213672835594 0.0069385444592536955 0.014353465933446118 0.072960528126922566 -0.031527159160466618 -0.007361452355448472
leaf_weight=4320.8484857678413 1018.9665215164423 243.328578338027 168.11280746757984 2037.5659759640694 248.67408700287342 781.46011897921562 2142.0985735505819 334.23215983808041 10530.515005618334 452.90109173953533 344.1764308065176 163.64362458884716 1844.8417578041553 239.40111164748669 858.88413816690445 510.80990691483021 118.73446510732174 1895.6684978753328 267.42697887122631 303.07060496509075 1004.6440923660994 493.84808129072189 1329.3790649324656 1265.5991294682026 2177.1941858679056 1643.2135299891233 154.67889629304409 1742.2483532726765 2486.9402730613947 741.02470710873604 2091.7854155153036 1515.3214867860079 1285.6092535704374 2037.1356520950794 1216.1806911379099 1043.8842371851206 494.48298518359661 310.01570782065392 352.91174654662609 3350.1683527976274 1036.6545808911324 1126.073060542345 2354.4544236809015 2131.1739096194506 1273.0120711624622 1764.9924684911966 225.54109393060207 1015.0667795389891 4942.5104951560497 701.61901563405991 1189.118301525712 453.57997763156891 110.66755479574203 190.69535386562347 1666.1733281314373 12742.725927829742 842.67508992552757 461.17353692650795 329.35931074619293 1963.3749054968357 3831.3592839688063 384.39173686504364
leaf_count=22781 5307 1258 886 10534 1206 3866 10853 1609 56502 2127 1723 813 8483 1229 4168 2735 619 8859 1280 1508 4881 2424 6215 6416 11172 7622 784 9092 12777 3446 10875 6994 5945 10007 5857 5147 2370 1510 1654 15158 5084 5503 11183 10757 6337 8385 1152 4810 26344 3585 5771 2165 525 952 8632 68640 4239 2283 1663 9011 20358 1994
internal_value=-4.11529e-05 -0.0249053 0.043039 -0.00588231 0.0548418 0.0132548 0.00547365 0.0451791 -0.0377605 0.0512575 -0.00206347 0.0303969 0.0683565 -0.0206988 0.025183 -0.0305802 0.0154032 0.0577097 0.0605466 0.0180499 0.0329057 0.036197 0.0622482 -0.0108517 -0.00640882 0.0611443 0.0232236 -0.0213238 -0.0112618 0.0536254 -0.0269809 0.0640403 0.0671672 0.024598 0.026018 0.0226673 0.0253395 0.0388126 0.0610101 0.0763473 0.0170132 0.0212486 0.0411287 -0.00193481 0.00674998 0.0388707 -0.018584 0.0394361 -0.0348321 -0.00283623 0.0206733 0.0293967 0.038348 0.00200317 -0.020164 -0.0418197 0.000547026 0.0209094 -0.00169405 0.0680081 -0.0354757 -0.021251
internal_weight=96298 61058.1 35239.9 24622.9 25237.8 10002.1 13939.6 14718.6 36435.2 10428.1 4379.15 4290.51 10519.2 10683.3 5622.92 13162 7593.71 6865.18 5324.18 3748.97 4122.4 946.749 5075.5 2998.32 6345.93 5918.43 3987.9 4144.77 4270.64 2636.69 6412.63 4808.08 3281.73 3869.17 3714.49 2967.51 2664.44 3562.95 1996.13 5195.01 1380.83 2169.96 3228.72 4308.37 3605.81 2769.64 3633.96 1873.95 9017.2 1783.7 1352.76 874.263 564.248 2332.79 3408.42 23273.2 1544.29 2498.31 1594.96 3478.7 8773.87 1403.36
internal_count=488065 320354 167711 125641 118152 49559 70155 69805 194713 49069 22187 20736 48347 55486 27372 69571 37692 32077 24706 18394 19850 4551 23500 15380 32463 27526 19550 21611 21830 12305 33656 22220 15221 18931 18147 14528 13020 16992 9276 23641 6807 10650 15383 21929 18142 13266 18876 8978 47960 9053 6584 4200 2690 11805 17724 125142 7824 12290 8079 16005 46702 7301
is_linear=0
shrinkage=0.035


Tree=4
num_leaves=63
num_cat=1
split_feature=13 24 2 2 13 34 13 21 24 4 7 32 9 34 0 0 0 14 4 23 2 23 42 12 2 33 22 2 27 22 13 33 14 51 44 14 4 16 14 27 22 1 17 41 2 22 1 4 52 22 38 27 17 0 17 13 13 1 24 2 14 14
split_gain=78006.4 11759.4 9048.5 3183.06 2387.44 1368.62 1242.68 1186.62 855.938 662.311 495.951 491.949 474.797 420.203 411.615 383.702 356.266 297.627 292.518 255.895 246.041 229.467 213.428 212.846 198.408 195.398 186.075 182.762 174.425 164.147 159.31 150.804 162.826 143.349 141.224 139.819 146.76 137.957 134.286 141.377 153.537 128.101 121.831 118.654 118.166 116.761 113.167 111.664 106.78 106.069 106.002 102.997 102.426 101.259 99.4218 99.0285 97.4728 97.3812 97.1843 94.0991 91.5837 90.7475
threshold=0.65301003344481623 3.5000000000000004 157.72000000000006 50.445000000000007 0.82971014492753636 1.5000000000000002 0.49074074074074076 9.6350000000000033 6.5000000000000009 16.215000000000007 0.95833333333333337 inf 2.5200000000000018 2.5000000000000004 99.750000000000028 358.11000000000007 382.78333333333336 16.000000000000004 13.470000000000002 0.93301270189221952 1115.1400000000001 0.93301270189221952 2.5000000000000004 359.93250000000006 46.305000000000014 1.5000000000000002 1.0000000180025095e-35 21.980000000000004 1.0000000180025095e-35 1.0000000180025095e-35 0.47913043478260875 1.5000000000000002 16.000000000000004 60.64658678964512 303.24000000000007 16.000000000000004 2.1950000000000007 0 16.000000000000004 14699.280000000001 29.500000000000004 3829.1399999999999 12761.820000000002 3243.6000000000008 396.17000000000007 1.0000000180025095e-35 934.74000000000012 1.7750000000000001 3.5000000000000004 1.5000000000000002 1.0000000180025095e-35 2.1950000000000007 3223.7100000000005 59.531666666666688 1.0000000180025095e-35 0.28285714285714292 0.19615384615384621 882.46000000000015 10.500000000000002 519.08000000000004 19.500000000000004 16.000000000000004
decision_type=10 8 10 10 10 2 10 10 10 10 10 8 10 2 8 10 10 2 10 2 10 2 2 10 10 2 2 10 8 2 10 2 2 8 10 2 10 9 2 10 2 8 8 8 10 2 8 8 2 2 8 10 8 10 10 10 10 8 10 10 2 2
left_child=1 3 5 10 12 11 23 16 14 31 30 22 49 19 48 47 33 -14 29 24 37 -12 -2 55 -7 -18 -17 -13 -16 -19 -1 -9 -33 -6 51 -28 -37 61 -27 40 52 -29 -43 -22 -31 -34 -35 57 -3 -4 56 -25 54 -15 -40 -5 -30 -8 -10 -42 -26 -11
right_child=2 8 4 6 7 13 15 9 58 20 21 27 17 53 28 26 25 18 -20 -21 43 -23 -24 34 60 38 35 41 50 44 -32 32 45 46 -36 36 -38 -39 39 -41 59 42 -44 -45 -46 -47 -48 -49 -50 -51 -52 -53 -54 -55 -56 -57 -58 -59 -60 -61 -62 -63
leaf_value=-0.030271163669027896 -0.025889426848369923 -0.01123303809426302 -0.03818997132678964 -0.021439706240441472 0.04819713814369888 0.0037890476539388829 -0.00040673108035341285 0.023597718790796907 -0.038717390907344142 0.037078953114694939 -0.014632908824250338 -0.0064963608767120628 0.004588268393636896 0.022241437169334834 -0.04015733052563214 -0.021039551615285677 0.021804965820904187 -0.018731055940414333 0.04653262025501792 0.038977558707273006 0.065480308055247072 0.0069233144258171175 -0.0034672806229788561 -0.02813366271036484 0.00013776059801573465 0.015376317193826297 -0.0090303413990757558 0.0075899497400664442 -0.029649932491485634 0.024090916195901441 -0.018419549925400912 0.0064276455189823173 -0.029337074723770899 0.018316924752704224 -0.012497789906160378 0.019889417988886885 0.034537854038263226 0.042996849955929638 0.0035445212552428869 0.01775681200683259 0.046346065532051881 0.043706826335511789 0.013071096637569809 0.078473897807495641 0.037952182993363372 0.055150034942768648 0.039211529551721934 0.014726145026726953 -0.034864674381351587 0.0078725198413395116 0.0050809489068261004 0.007305292722127806 0.033149586811356199 0.041771606260486455 0.054172229412028712 -0.0083060328356788019 -0.016101597354109955 0.025623395683266926 -0.043342427528440419 0.066183077905899279 0.024274209771532541 0.067413648070171056
leaf_weight=4255.0384062677622 1005.9230160117149 241.98645627498627 71.339168265461922 973.25872568786144 576.68672862648964 1438.1227774918079 2106.921968370676 237.12900933623314 10320.79682931304 129.09246702492237 3517.946868211031 650.74014247953892 326.52184630930424 421.62425993382931 500.29626893997192 118.26945339143276 254.35338893532753 76.943584501743317 3133.6720316559076 565.57922306656837 1189.7008288353682 729.89740887284279 1076.2162736952305 104.80367074906826 219.81922800838947 111.41573624312878 156.18102730810642 1001.6017812490463 882.98392570018768 1209.1603433936834 2072.7399299442768 89.641116812825203 19.619379505515099 752.33995202183723 711.91790977120399 2558.2139908075333 1250.9412427097559 526.87327112257481 49.050664976239204 125.93746945261955 370.35713286697865 303.08876401185989 335.90558148920536 3594.0917204618454 2034.8276529014111 2545.0699502229691 552.96512961387634 1261.3408777862787 8618.0195913165808 398.12340906262398 226.09449826180935 1998.3229792565107 412.06826095283031 1481.6947509795427 1676.4334919154644 2538.1674973368645 2492.2676392793655 191.10964724421501 12457.670259475708 1641.3351527005434 1553.6653711646795 3631.3904053419828
leaf_count=22781 5307 1258 376 5092 2676 7147 10680 1112 56502 613 18171 3296 1588 2017 2735 623 1203 410 14428 2673 5322 3659 5459 542 1092 539 795 5022 4674 5756 10875 431 104 3580 3618 12475 5937 2400 232 589 1709 1471 1632 15959 9583 11638 2592 6239 46702 1935 1152 10148 1900 6961 7663 13063 13050 943 68640 7416 7482 16398
internal_value=-5.14675e-05 -0.0243512 0.0408787 -0.00569775 0.0518779 0.0127207 0.00526879 0.0585553 -0.0371612 0.0651078 -0.0201827 -0.00199645 0.0348482 0.0240499 -0.0299755 0.0147654 0.0465302 0.0372045 0.0388535 0.0172849 0.0697642 -0.0109282 -0.0143071 -0.00620455 0.0134537 0.0517448 0.0220858 0.0091916 -0.0207994 0.0315955 -0.0263925 0.0504805 0.0528723 0.0336505 0.000965573 0.0233771 0.0247078 0.0636195 0.0534755 0.0544646 0.0555742 0.0154144 0.0276479 0.0752568 0.0327946 0.0544925 0.0271917 0.00636297 -0.0342206 0.000806602 -0.0180998 0.00552676 0.0489774 0.0374592 0.0527359 -0.0119513 -0.0196536 0.0017682 -0.0412486 0.0625559 0.0212843 0.0662064
internal_weight=96075.3 60285.2 35790.1 24545.1 25736.1 10054 13969.4 18485.6 35740.1 11962.6 10575.6 4373.48 7250.59 5680.51 12961.6 7642.98 6522.94 6781.13 6454.6 3777.19 9071.15 4247.84 2082.14 6326.47 3211.61 4640.95 4083.61 2291.34 4101.64 3320.93 6327.78 2891.46 2654.33 1881.99 2815.04 3965.34 3809.16 4287.36 4386.6 4275.18 4149.24 1640.6 638.994 4783.79 3243.99 2564.69 1305.31 3559.37 8860.01 469.463 3601.35 2103.13 2137.55 1903.32 1725.48 3511.43 3375.25 2298.03 22778.5 2011.69 1773.48 3760.48
internal_count=488065 320354 167711 125641 118152 49559 70155 84076 194713 53977 55486 22187 34076 27372 69571 37692 30099 31765 30177 18394 40692 21830 10766 32463 15721 21251 19830 11421 21611 15749 33656 13285 12173 8848 14308 19207 18412 19411 20048 19509 18920 8125 3103 21281 15339 11742 6172 17862 47960 2311 18876 10690 9795 8978 7895 18155 17724 11623 125142 9125 8574 17011
cat_boundaries=0 1
cat_threshold=21896
is_linear=0
shrinkage=0.035


Tree=5
num_leaves=63
num_cat=0
split_feature=13 24 2 2 13 34 13 50 34 2 47 4 13 27 0 0 1 20 14 23 13 4 4 41 13 24 14 26 27 2 2 2 48 44 12 12 40 14 4 0 26 2 0 14 24 27 47 42 25 23 2 26 23 26 29 26 27 26 46 23 21 34
split_gain=72366.1 11347.7 8140.34 2995.36 1851.07 1658.4 1150.62 848.512 835.357 600.166 599.458 583.956 433.618 419.898 351.051 319.543 293.72 274.786 267.68 253.965 247.804 247.113 231.448 209.114 201.054 198.673 182.789 190.975 171.633 167.327 160.166 158.455 146.098 149.175 145.554 137.981 134.551 128.125 132.67 122.791 120.5 114.81 114.16 111.053 108.879 107.369 104.121 134.767 103.312 103.172 103.056 100.334 99.7355 96.175 101.7 93.5144 89.1749 88.1182 85.8525 81.6395 81.6338 81.2507
threshold=0.65301003344481623 3.5000000000000004 238.36000000000001 50.445000000000007 0.82971014492753636 1.5000000000000002 0.49074074074074076 0.13416407864995034 1.5000000000000002 89.370000000000019 inf 28.845000000000002 0.47913043478260875 1.0000000180025095e-35 358.11000000000007 104.98 5185.1250000000009 0.90509667991877596 16.000000000000004 0.93301270189221952 0.87750000000000006 13.470000000000002 2.5350000000000006 2373.2100000000005 0.28285714285714292 8.5000000000000018 16.000000000000004 21.500000000000004 1.0000000180025095e-35 1227.7200000000003 3.8300000000000005 2.9250000000000007 3.5000000000000004 239.13000000000002 68.439166666666679 359.93250000000006 1711.4799999999998 16.000000000000004 2.1950000000000007 390.72000000000008 131.50000000000003 34.425000000000004 444.76000000000005 18.000000000000004 3.5000000000000004 1.0000000180025095e-35 inf 2.5000000000000004 59.450714285714291 0.93301270189221952 3.8300000000000005 39.500000000000007 0.93301270189221952 39.500000000000007 207.50000000000003 192.50000000000003 1.0000000180025095e-35 21.500000000000004 36.550000000000004 0.93301270189221952 1.0000000180025095e-35 2.5000000000000004
decision_type=10 8 10 10 10 2 10 8 2 10 8 10 10 10 10 8 8 10 2 2 10 10 8 8 10 10 2 2 10 10 10 10 2 10 10 10 10 2 10 10 2 10 10 2 10 10 8 2 10 2 10 2 2 2 2 2 10 2 10 2 8 2
left_child=1 3 5 12 13 10 24 25 16 22 17 26 31 -4 46 60 39 44 -15 30 43 42 52 -13 -5 50 -10 -28 -16 -25 -14 -1 36 -34 -12 -26 -18 -30 -39 -6 -17 -19 -20 -11 58 -29 47 -8 -37 61 -3 -44 -7 -41 -55 -52 -42 -23 -2 -22 -9 -24
right_child=2 7 4 6 8 9 14 15 11 20 34 23 19 18 28 40 32 41 21 -21 59 57 49 29 35 -27 27 45 37 -31 -32 -33 33 -35 -36 48 -38 38 -40 53 56 -43 51 -45 -46 -47 -48 -49 -50 -51 55 -53 -54 54 -56 -57 -58 -59 -60 -61 -62 -63
leaf_value=-0.031570940382146334 -0.021164378105950725 -0.039608832838272788 -0.030054691272736678 -0.016978261071248616 0.017512555033956094 0.0034190261046231343 -0.0058424928549485342 -0.032439439640680787 0.01182792930317059 -0.00521958861621615 0.00621260963345512 0.055620574243046547 -0.024889372384568578 0.004582469495253998 -0.020523762604817593 -0.006609729049180094 0.015215355636940632 -0.0084968621260973175 0.018920724038801826 0.0072147551650908245 0.043410497076331413 0.017147117071154655 0.015381486428327469 0.063142748802349102 -0.0080475679289858659 -0.041948300043370072 0.018906856429212391 -0.030910312948729594 -0.0087533521515484429 0.073924638575114901 -0.0091020126183126854 -0.020424389118016872 0.066409544844326207 0.038698015818804984 0.026667469480266329 0.0083191475795486112 0.05088371394471957 0.019031172653467158 0.032877280658739232 0.00017845218791219219 -0.043199590950291168 0.010247421823148134 0.011333877417212162 0.030180617858741456 -0.033059661083807396 0.053892845195107363 0.017698016217977154 0.0096283097140765026 -0.0088728161301609623 0.044664238867444792 -0.027341479292111785 0.036962628583376275 0.02658843832170061 0.030197021789824054 0.049479781549202843 -0.036520687086065907 -0.019343662940839883 0.046489880452053857 -0.0035157863949454439 0.06614119036486113 -0.0078584795248409743 0.029859835827778753
leaf_weight=2844.0358798503876 681.38004313409328 4612.42914070189 118.83271333575249 1544.0333570688963 488.88568392395973 1383.3063732981682 1201.2243664264679 5249.3630866706371 145.25167126953602 115.59708000719547 761.22422847151756 1891.2937403619289 1258.9623126685619 312.77765227854252 117.04534544050694 911.40202589333057 210.46773102879524 673.62201498448849 745.77159540355206 773.57953815162182 1545.95876981318 132.91724072396755 1096.7901235073805 3442.6334009468555 2528.2091693729162 16670.595307379961 206.65470391511917 17.773712322115898 155.52730989456177 3787.6516113877296 2103.4480803608894 3489.7285006642342 914.35238705575466 328.91993407905102 969.38722161948681 1659.2066107690334 340.85080821812153 2579.6578945219517 1267.8679749518633 78.3756303191185 217.35460603237152 983.51855920255184 206.39868621528149 1715.1641861349344 408.0689590126276 4049.7296786904335 750.61607417464256 1617.3403507620096 576.10132072865963 273.48928524553776 2443.1144129931927 2123.925576031208 271.51120360195637 664.76097929477692 691.23036125302315 3127.3540422767401 1647.1697368621826 2767.6844783574343 669.31620182096958 225.68364664912224 171.66015237569809 842.69578601419926
leaf_count=15430 3569 25654 647 8109 2306 6793 6063 28916 693 570 3770 8391 6659 1515 623 4760 970 3472 3526 3932 7074 624 5338 15233 13063 93807 967 96 795 16452 10941 18524 4080 1494 4597 8368 1544 12475 5937 371 1215 4900 971 8054 2191 18075 3730 8069 2923 1274 13446 9865 1276 3020 3114 17287 8726 12481 3425 1022 902 3951
internal_value=-6.03564e-05 -0.0238115 0.0388987 -0.00551916 0.0510025 0.0161913 0.00507236 -0.0365798 0.0569683 0.0267227 0.000902816 0.0610063 -0.0196779 0.0349291 0.0141603 -0.0267165 0.0422487 -0.00759925 0.0361615 -0.0108596 0.0370021 0.0378131 0.0171415 0.066074 -0.00600692 -0.0395894 0.050534 0.0518463 0.0211199 0.0688004 -0.0150188 -0.0254337 0.0524438 0.0591152 0.017679 -0.00244789 0.0373194 0.0223423 0.0236012 0.0327133 -0.0170495 0.0026274 0.0308807 0.0279438 -0.017231 0.0535148 0.00612294 0.00303518 0.00388631 0.0245432 -0.0357238 0.0346985 0.00723427 0.0378785 0.0400558 -0.0325005 -0.0221463 0.0451516 -0.012428 0.0463418 -0.0316627 0.0216844
internal_weight=95800.9 59517 36283.9 24466.6 23667.1 12616.7 13996.8 35050.4 17258.8 7470.2 5146.52 13541 10469.8 6408.31 7689.28 8196.95 3717.84 3415.91 6289.48 4135.99 3602.4 5976.7 3867.79 9121.58 6307.55 26853.5 4419.41 4274.16 4120.1 7230.29 3362.41 6333.76 1794.59 1243.27 1730.61 4763.52 551.319 4003.05 3847.53 1923.25 2775.93 1657.14 3076.1 1830.76 1758.77 4067.5 3569.18 2818.56 2235.31 2212.98 10182.9 2330.32 1654.82 1434.37 1355.99 5570.47 1864.52 2900.6 1350.7 1771.64 5421.02 1939.49
internal_count=488065 320354 167711 125641 106435 61276 70155 194713 76806 35352 25924 59907 55486 29629 37692 44519 16899 17557 28982 21532 16720 27467 18632 40076 32463 150194 19831 19138 19830 31685 17600 33954 8088 5574 8367 24354 2514 19207 18412 8811 14701 8372 14362 8624 9185 18171 17862 14132 11291 10563 56387 10836 8069 6505 6134 30733 9941 13105 6994 8096 29818 9289
is_linear=0
shrinkage=0.035


Tree=6
num_leaves=63
num_cat=3
split_feature=13 24 2 2 34 34 13 24 4 7 47 22 2 6 7 2 23 22 48 16 26 26 42 26 2 42 2 13 40 26 16 13 48 23 23 26 25 47 42 24 47 2 23 37 13 16 26 24 27 18 44 13 47 22 40 26 29 17 2 2 2 4
split_gain=67217.3 10952.5 7368.21 2819.98 1987.17 1156.08 896.742 841.178 804.281 713.304 490.188 451.331 440.377 403.403 397.169 358.647 276.91 217.249 211.907 205.982 203.048 215.12 202.13 200.378 204.555 191.466 180.89 180.616 179.586 174.997 162.329 157.831 157.563 152.4 151.923 151.807 133.793 133.253 141.713 127.724 126.881 126.762 122.346 112.84 110.181 102.096 98.8946 97.8937 97.1984 95.0394 94.8485 92.6977 92.4125 92.1414 88.3347 86.8838 86.268 87.0381 99.2636 86.1061 83.0764 83.0586
threshold=0.65301003344481623 3.5000000000000004 157.72000000000006 95.800000000000026 2.5000000000000004 1.5000000000000002 0.49074074074074076 6.5000000000000009 8.115000000000002 0.95833333333333337 inf 1.0000000180025095e-35 1165.7150000000001 118.17833333333336 0.95833333333333337 46.305000000000014 0.68301270189221941 1.0000000180025095e-35 3.5000000000000004 0 366.50000000000006 39.500000000000007 2.5000000000000004 366.50000000000006 467.64500000000004 1.5000000000000002 565.02000000000021 0.86038961038961048 1.0000000180025095e-35 366.50000000000006 1 0.32738095238095244 2.5000000000000004 0.93301270189221952 0.25000000000000011 51.000000000000007 278.72000000000008 inf 4.5000000000000009 1.5000000000000002 492.36000000000007 129.26000000000002 0.68301270189221941 1857.2500000000002 0.77097902097902116 2 21.500000000000004 10.500000000000002 20386.710000000006 11184.261136363637 443.97000000000003 0.49074074074074076 56.530000000000008 1.0000000180025095e-35 4388.1900000000014 21.500000000000004 23.500000000000004 5376.8700000000017 509.31000000000012 440.01000000000005 661.81000000000006 1.0000000180025095e-35
decision_type=10 8 10 10 2 2 10 10 10 10 8 2 10 10 8 10 2 2 2 9 2 2 2 2 10 2 10 10 8 2 9 10 2 2 2 2 10 8 2 10 8 8 2 10 10 9 2 10 10 10 10 10 10 2 10 2 2 10 10 10 10 8
left_child=1 3 5 9 8 10 31 14 11 25 22 -4 19 18 -3 44 39 -8 34 -10 21 -13 -2 24 46 40 33 -17 -16 35 -20 -5 -14 45 -6 -21 37 38 59 -11 -1 -30 -36 -12 -7 -23 -19 -9 -39 -15 -26 -18 -34 -33 -43 -29 -55 58 -58 -37 -32 -27
right_child=2 7 4 6 13 15 17 47 12 16 43 20 32 49 28 27 51 23 30 29 -22 26 -24 -25 50 61 -28 55 41 -31 60 53 52 -35 42 36 -38 48 -40 -41 -42 54 -44 -45 -46 -47 -48 -49 -50 -51 -52 -53 -54 56 -56 -57 57 -59 -60 -61 -62 -63
leaf_value=-0.032597837865658889 -0.019867424794667649 -0.034494202403441969 -0.028160576498672228 -0.013247179885777371 0.05738188580946417 0.0024991203564575302 -0.022209293024380652 -0.037583349110231486 0.014933882669806612 -0.0068783964513566935 0.010656335550798918 0.010280968046577339 0.03471632964053524 0.067344579820450931 -0.044146252900790606 0.021354353529201359 -0.0054701599140916752 -0.019845776203936405 0.062923823863821296 0.027370922931062854 -0.0031466480916222043 0.030030245113108034 -0.0015111513931018183 -0.012866093628214208 0.027921404841002501 -0.021108330517482305 0.040588785494109283 -0.00022925734082516273 -0.025093728403902775 0.0047475014122379793 0.040369777456486892 -0.027207683423211247 0.061974132700255098 0.048959009056782576 0.024173629252182766 0.025326889727997511 0.021003857974410206 0.05389828024748302 0.053942220847177154 -0.019238415105430357 -0.016595353925800718 -0.010458652972883726 0.046306465325309111 0.037263509949001454 0.01782478629354297 0.01422912380562083 0.01328223444136971 -0.042325010490517102 -0.0082802261854126469 0.046499582069475194 0.011025640857563178 0.0099969555970259374 0.049346021522105876 -0.017287594040707479 -0.026451973841518032 0.039178747024875192 0.0003089079747130629 -0.0098033473597521729 0.014540282137396721 0.041585736249481142 0.054200569230300664 -0.0076720921439068189
leaf_weight=3125.3082752972841 1365.0312077254057 6837.1039573252201 166.48945204913616 1537.1099080145359 551.26456125080585 979.56484255194664 178.64609397947788 9904.1109776198864 445.13547092676163 2076.016401797533 1173.6993692964315 532.88183671236038 433.32797409594059 4287.1792251616716 415.37407153844833 1751.3385187983513 853.83822710812092 113.57798133790493 2574.9524486511946 744.65263052284718 215.6563271433115 1369.5486994087696 1590.7847594469786 265.83317351341248 2349.0843588262796 2178.0705993324518 2422.6814883351326 71.602356895804405 2948.4336515069008 158.67288039624691 955.8555349111557 142.92943432927132 1997.8371772170067 344.84244421124458 620.47752046585083 691.37830477952957 281.19134499132633 1892.25679859519 673.38713563978672 2023.7192901670933 757.41433587670326 1812.2740043252707 611.49870818853378 233.64293678104877 1390.4559790343046 899.89996480941772 3120.0924270451069 11898.212571144104 31.054280415177345 296.23099580407143 494.47508856654167 1066.50852227211 1150.2965199798346 276.71850644052029 552.12456241250038 1592.2730716019869 1561.9487295150757 530.03373165428638 974.31105016171932 966.68497125804424 1260.7625489383936 762.34747000038624
leaf_count=17149 7301 38336 909 8081 2404 4795 941 56502 2038 10742 5685 2499 1988 18315 2349 8264 4434 558 11187 3402 1045 6359 8079 1350 11118 11799 11003 329 16230 772 4190 745 8683 1575 2849 3170 1274 8416 2984 10640 4113 9692 2689 1122 6678 4186 15273 68640 140 1263 2352 5328 5044 1417 2964 7306 7990 2699 4876 4318 5450 4036
internal_value=-6.82819e-05 -0.0232851 0.037076 -0.00534622 0.0467636 0.0117047 0.00720649 -0.0360144 0.0386165 -0.0166295 -0.00189804 0.0285262 0.0449574 0.0580163 -0.0287964 0.0219623 -0.0078463 0.0157663 0.0524362 0.0390524 0.030162 0.031452 -0.00999215 0.0168392 0.0181404 -0.0243767 0.0336893 0.0292212 -0.0219907 0.0409205 0.0562818 -0.0039081 0.0546458 0.0272825 0.0420773 0.0420838 0.0444925 0.0460396 0.0403677 -0.0129828 -0.0294813 -0.0202505 0.035188 0.0150969 0.0114942 0.0239686 0.0121129 -0.0401728 0.0528905 0.0660078 0.0249883 0.00312059 0.0573771 0.000212543 -0.014203 0.0374838 0.00139267 0.00308356 0.0057795 0.0348255 0.0480407 -0.0176286
internal_weight=95480.1 58755.6 36724.5 24388 26576.1 10148.4 11544.8 34367.6 15417.9 12843.2 4363.16 5952 9465.88 11158.2 12565.3 5785.23 6020.08 6521.71 6574.81 5884.41 5785.51 5569.85 2955.82 6343.06 6077.23 6823.14 5036.97 3415.21 5728.21 5439.28 4791.57 5023.05 3581.46 2614.29 1783.24 5280.61 4535.95 4254.76 2331.45 4099.74 3882.72 5312.83 1231.98 1407.34 2370.02 2269.45 3233.67 21802.3 1923.31 4583.41 2843.56 1920.35 3148.13 3485.94 2364.4 1663.88 3343.01 3066.29 2536.26 1658.06 2216.62 2940.42
internal_count=488065 320354 167711 125641 118152 49559 57400 194713 69805 68241 22187 27576 42229 48347 69571 27372 31144 31592 28769 26514 26667 25622 15380 30651 29301 37097 23123 15899 31235 24476 20827 25808 15715 12120 7942 23704 20302 19028 10472 21382 21262 28886 5538 6807 11473 10545 15831 125142 8556 19578 13470 9762 13727 17727 12656 7635 16982 15565 12866 7488 9640 15835
cat_boundaries=0 1 2 3
cat_threshold=10325 1416 132488
is_linear=0
shrinkage=0.035


Tree=7
num_leaves=63
num_cat=3
split_feature=24 0 24 13 13 0 2 7 34 36 7 22 34 13 13 7 2 52 26 34 16 47 47 26 24 26 2 26 48 16 2 16 42 26 1 12 22 39 42 29 26 2 40 25 26 26 0 29 42 9 7 37 26 13 17 0 18 3 22 48 19 26
split_gain=62779.9 11038.2 4926.58 4107.2 2216.48 1696.2 842.73 787.762 475.18 451.999 421.134 415.455 412.576 401.233 390.133 383.935 263.748 242.907 229.276 209.11 191.623 175.746 173.933 172.897 169.291 161.083 160.839 154.547 154.434 154.361 148.789 144.985 144.452 140.784 133.14 129.89 117.594 117.274 114.065 110.017 148.376 109.95 108.606 101.701 97.2121 94.2857 93.7944 92.6936 92.5809 92.4148 91.9508 91.2915 90.9805 89.3088 89.144 86.4282 82.9828 82.3802 81.0317 78.6576 77.2657 75.8659
threshold=1.5000000000000002 235.31333333333333 4.5000000000000009 0.73798627002288331 0.59175084175084181 152.02000000000004 1227.7200000000003 0.95833333333333337 2.5000000000000004 0.34500000000000003 0.95833333333333337 1.0000000180025095e-35 2.5000000000000004 0.56832298136645976 0.49074074074074076 0.95833333333333337 51.865000000000009 2.5000000000000004 51.000000000000007 2.5000000000000004 0 6176.7750000000005 7327.9950000000008 366.50000000000006 8.5000000000000018 366.50000000000006 186.18000000000004 366.50000000000006 2.5000000000000004 1 458.76000000000005 2 3.5000000000000004 131.50000000000003 89.370000000000019 37.856666666666676 8.5000000000000018 23.050000000000004 1.5000000000000002 84.500000000000014 131.50000000000003 310.36000000000007 4296.54 297.31250000000006 21.500000000000004 366.50000000000006 109.58000000000001 272.50000000000006 1.5000000000000002 425.81500000000005 0.91287878787878796 5985.2700000000013 21.500000000000004 0.32738095238095244 13984.92 35.496666666666677 2406.2133333333336 107.50000000000001 1.5000000000000002 11.500000000000002 420.89976190476199 131.50000000000003
decision_type=8 10 8 10 10 10 10 10 2 8 10 2 2 10 10 10 10 2 2 2 9 8 8 2 8 2 10 2 2 9 10 9 2 2 10 10 2 10 2 2 2 10 10 10 2 2 10 2 2 10 10 8 2 10 10 10 10 2 2 2 10 2
left_child=1 4 5 13 10 15 8 32 18 24 35 -7 16 21 42 53 -9 -11 -5 28 25 48 38 31 50 44 61 30 -8 -10 -15 -20 55 47 43 -1 56 -31 -12 -36 57 -42 -13 -33 -18 -28 -19 -17 -3 -21 -4 -14 -32 -2 -38 -6 -30 -41 -23 -35 -46 -16
right_child=2 3 9 6 7 11 19 12 29 17 22 14 51 27 26 33 20 46 23 49 -22 58 -24 -25 -26 -27 45 -29 36 37 52 34 -34 59 39 -37 54 -39 -40 40 41 -43 -44 -45 60 -47 -48 -49 -50 -51 -52 -53 -54 -55 -56 -57 -58 -59 -60 -61 -62 -63
leaf_value=-0.025608250671256536 -0.033482403770254042 -0.0031226853262077236 -0.038342769143347881 0.022476986185374425 -0.017628010776208292 -0.032418593785644122 0.032899853536286043 0.0073175026416152176 0.033735673776809354 0.00013235198430015509 -0.017084639228509751 -0.0033031682664207301 0.030045055349162988 0.020204290798158563 0.0084470117488752855 0.00460486628507213 -0.0050015278072844099 -0.032809127424289423 0.017023165562651873 0.057268521382097634 0.0094906052044907343 -0.014966153524200282 0.012551648018074252 0.0073014617320815529 -0.040974219231905994 -0.022077278265172109 0.016277801365254876 -0.002185120592760219 0.041284177352005832 0.045878584116878805 0.00528303047344654 0.056058250093793768 0.011207603653388897 -0.021951518872941205 0.049356350061310054 -0.011309049485752344 0.058136790379489836 0.056723600887247025 -0.0012078362526558135 0.038158803428596684 0.016566438660478217 0.035315068284998412 -0.017430329985106761 0.025103620821693835 0.031587087142585166 -0.016128937563885337 -0.021391364451356677 -0.012861372750917102 0.011172047601398161 0.067528286410523358 -0.031012697655561555 0.046513921742325756 0.035143883513259346 -0.02489440247546322 0.027426465051230808 -0.00088640296102088223 -0.015796501996511746 0.0558816582514804 0.026868793396630085 -0.0051319770601657997 0.0080206972212833651 -0.010983035316999025
leaf_weight=1716.2938729971647 2583.3212625831366 765.35965073108673 4484.4162774085999 1042.7158190310001 690.88630351424217 479.09849435091019 470.36642129719257 2289.0444587171078 736.98161990940571 372.85872519016266 779.08493623137474 2593.2570284307003 1289.0576706379652 1606.944968894124 453.15964943170547 556.44236481189728 101.0472064614296 2920.3069379329681 336.46494421362877 1996.5088396370411 1085.0569090247154 59.742845207452774 825.39572915434837 190.13698147237301 16685.567745402455 78.242824882268906 2259.3613453656435 208.53806649148464 366.84573182463646 1888.0326809436083 131.80155068635941 1148.6386233121157 650.1338847130537 2595.4709688127041 1112.0542079210281 1428.0442943274975 2834.037736967206 3653.8963055610657 1915.957949206233 768.77707113325596 508.46556112170219 1589.5022166073322 896.59744569659233 149.26703532040119 2438.9188961535692 114.83163207769394 1274.7296749353409 1120.6136160194874 2014.92991065979 2513.4261124879122 4015.6328158527613 615.038957670331 2563.6611812710762 3542.3046813756227 123.44740696251392 832.21137852966785 33.577629551291466 570.35116165876389 938.87310637533665 392.85482230782509 184.09014430642128 536.58402179181576
leaf_count=9411 14620 3820 25993 4748 3577 2625 2135 11325 3199 1958 4075 13465 5851 7534 2284 2915 482 16632 1525 8486 5123 305 4111 918 98166 387 10763 1031 1601 8211 614 5022 3139 13923 4954 7620 12192 15656 9841 3431 2349 7025 4696 672 11446 578 6940 5906 9854 10498 22970 2769 11609 19562 545 4083 154 2536 4499 2102 871 2733
internal_value=-7.47042e-05 0.02855 -0.0283194 0.0411868 0.00589986 -0.0139331 0.0490878 0.0161127 0.0437385 -0.0370819 -0.00981255 -0.000943748 0.0211432 0.0201833 0.00126084 -0.0227589 0.0167472 -0.0269399 0.0377271 0.0578676 0.0222965 0.0117657 -0.00149661 0.0402181 -0.0389202 0.0271193 0.00976466 0.0272307 0.0518064 0.0508317 0.0286566 0.0412289 -0.00259287 -0.0151887 0.0425168 -0.0191197 0.0544442 0.0529423 -0.00580215 0.0397452 0.0366222 0.0307812 -0.00693661 0.0525203 0.0286394 0.0147043 -0.0293456 -0.00706683 0.00723728 0.0630001 -0.0348839 0.0353863 0.0336863 -0.028521 0.0568646 -0.00848708 0.0364702 0.0457433 0.0243535 -0.0197428 0.0299368 -0.00208733
internal_weight=95119.3 47241.9 47877.4 30323.3 16918.5 18123.9 22033.5 10253.7 13695.3 29753.5 6664.78 7332.89 8080.5 8289.85 6853.79 10791 6176.4 4567.9 7416.37 8338.21 3887.36 3778.91 3520.44 6373.66 25185.6 2802.3 3363.94 4510.95 3828.27 6278.91 4302.41 6183.52 2173.23 4665.38 5847.06 3144.34 3357.91 5541.93 2695.04 4549.15 3437.1 2097.97 3489.85 1297.91 2724.06 2374.19 4195.04 1677.06 2780.29 4509.93 8500.05 1904.1 2695.46 6125.63 2957.49 1523.1 400.423 1339.13 998.616 2988.33 2623.01 989.744
internal_count=488065 219234 268831 135123 84111 96172 95857 49053 60246 172659 35058 37144 38254 39266 34519 59028 29634 25530 33180 35611 18309 18478 18027 28432 147129 13186 16358 20788 16627 27066 19757 27514 10799 24846 25989 17031 14492 23867 13916 20295 15341 9374 18161 5694 12799 11341 23572 8821 13674 18984 48963 8620 12223 34182 12737 7660 1755 5967 4804 16025 12317 5017
cat_boundaries=0 1 2 3
cat_threshold=132584 133185 10769
is_linear=0
shrinkage=0.035


Tree=8
num_leaves=63
num_cat=2
split_feature=24 0 24 13 13 2 4 7 21 13 36 7 4 13 22 21 52 7 13 23 26 0 14 24 47 47 48 14 26 2 19 2 0 2 23 22 12 17 0 16 47 22 16 14 32 41 23 19 0 17 1 7 4 14 13 0 26 14 26 26 48 26
split_gain=58717 10069 4804.66 3734.37 2055.61 1625.56 819.608 724.126 568.483 473.173 448.293 398.518 377.754 366.606 291.137 235.77 233.351 232.287 218.971 202.449 200.223 181.901 171.442 169.529 161.62 160.814 145.739 142.587 137.857 138.05 137.269 133.868 130.168 128.794 127.758 125.619 125.079 122.808 120.423 118.47 115.24 115.157 105.969 105.54 97.3093 95.644 92.5466 117.563 91.8411 91.4551 92.4178 91.168 88.7233 87.705 84.3144 82.2768 81.0502 82.8013 79.1848 86.2127 84.8649 78.7756
threshold=1.5000000000000002 235.31333333333333 4.5000000000000009 0.73798627002288331 0.59175084175084181 55.140000000000008 14.440000000000003 0.95833333333333337 8.6800000000000015 0.49074074074074076 0.34500000000000003 0.95833333333333337 4.3500000000000005 0.56832298136645976 1.0000000180025095e-35 2.1700000000000004 2.5000000000000004 0.84523809523809534 0.94281045751633996 0.68301270189221941 39.500000000000007 399.95999999999998 19.500000000000004 8.5000000000000018 7327.9950000000008 6176.7750000000005 3.5000000000000004 18.000000000000004 299.50000000000006 449.39000000000004 420.89976190476199 542.21000000000015 35.496666666666677 367.35000000000008 0.68301270189221941 1.0000000180025095e-35 46.539166666666681 10070.100000000002 58.175833333333337 0 1.3000000000000003 1.0000000180025095e-35 1 20.500000000000004 inf 2610.1400000000003 0.93301270189221952 1081.4133333333334 130.17333333333337 1.0000000180025095e-35 1284.6600000000001 0.91287878787878796 1.3 19.500000000000004 0.32738095238095244 325.05000000000007 21.500000000000004 16.000000000000004 131.50000000000003 39.500000000000007 10.500000000000002 269.00000000000006
decision_type=8 10 8 10 8 10 10 10 10 10 8 10 10 10 2 10 2 10 10 2 2 10 2 8 8 8 2 2 2 10 10 10 10 10 2 2 10 10 10 9 10 2 9 2 8 8 2 10 10 8 8 10 8 2 10 10 2 2 2 2 2 2
left_child=1 4 5 13 11 17 20 32 26 19 23 36 30 25 -11 42 -12 -2 56 35 -5 58 -22 51 54 52 43 -15 29 -29 38 -20 -6 46 -19 -7 -1 49 -9 53 -17 -35 -14 -8 -21 -33 47 61 -18 -28 -51 -4 -3 -40 -13 -37 -10 -58 59 -16 -60 -24
right_child=2 3 10 6 7 9 8 12 18 14 16 24 15 27 21 40 48 34 31 44 22 -23 33 -25 -26 -27 37 28 -30 -31 -32 45 -34 41 -36 55 -38 -39 39 -41 -42 -43 -44 -45 -46 -47 -48 -49 -50 50 -52 -53 -54 -55 -56 -57 57 -59 60 -61 -62 -63
leaf_value=-0.024298458285306898 -0.030236466416225103 0.00061798972688329292 -0.037823223560659404 0.01589954309322917 -0.012652990697291608 -0.036909588570353237 0.018156952396875984 0.0045907226242926352 0.021191388112526868 -0.033092932053252463 0.00012772369521781916 -0.019677202499404856 0.0034686267129307178 0.0049626544956125089 -0.015794899435925606 0.046929357225502615 -0.032019090745955082 -0.022577906170090242 0.049054075722020397 -0.0074133812577567215 0.020917823863579849 0.01597905741764764 0.026118204305723623 -0.040495873141487032 0.012045026284207748 0.023270741521010194 0.0025108058948015194 0.016573292084151217 0.044652031997736999 0.030655969443532983 -0.0086565239827028923 0.051826034970515508 0.0047290599875610224 -0.02385273352636328 -0.010436697897334682 -0.017329545852158759 -0.0099327976160998605 0.019301733058855096 0.00072972263954136098 0.0061426098653144063 0.029565539096043696 0.044987563169985874 0.022606921297547242 0.039278905640718884 0.013001697190491785 0.062801512086515007 0.046056249266048462 0.0035693703516385053 -0.020316432774344723 0.041454609883322308 0.052689691367619362 -0.030454717267071375 0.013103620590446369 0.028737142588351781 -0.0028821451777539761 -0.006452859616561263 0.021743904413652457 0.04992346353811454 -0.011170662908670765 0.014592130557111907 0.010045137169511944 0.045827833444541249
leaf_weight=1885.5618781000376 4017.2880904823542 1372.2312263846397 4388.6171649843454 553.17090368270874 903.08222891390324 275.75365163385868 492.46949981153011 1105.1539632976055 142.00626942515373 219.89386294782162 372.88275913894176 436.41606350243092 444.86891308426857 362.71421340107918 138.05826863646507 688.18984341621399 2984.8281944990158 3574.1796495467424 1519.4910035431385 580.43174713850021 643.45397366583347 1880.5158884525299 796.63698194921017 16298.630102679133 829.96708072721958 1008.3215414732695 58.014416381716728 1359.917694658041 524.3587536662817 2306.0252683013678 374.99457022547722 1239.3975745886564 1267.0198474228382 29.468450874090195 1514.0986494719982 1873.8074129074812 1227.8362075537443 223.10751801729202 155.98140572011471 618.53356285393238 1499.6862794160843 3214.3971478641033 2129.3751378506422 713.59916676580906 561.99082431197166 5245.738035351038 474.41167053580284 204.72025811672211 1143.8405752032995 1908.6114074736834 1753.0757655650377 3947.3189339488745 1416.4843790978193 1125.6798534840345 2251.0764893740416 1564.9485801905394 136.62634128332138 2594.9726474136114 820.41082386672497 646.28778010606766 320.42759552598 365.47065114974976
leaf_count=10457 22899 6786 25993 2504 4653 1536 2238 5436 624 1224 1958 2320 2129 1735 700 3084 17280 19628 6480 3050 2881 8875 3576 98166 4111 4804 257 6331 2378 10344 1816 5234 6146 162 8100 10094 6574 980 749 2946 6792 13907 10023 3116 2912 21861 2106 925 6292 8268 7462 22970 6888 5279 11596 8127 615 11035 4184 3226 1617 1626
internal_value=-8.06038e-05 0.0273362 -0.0277756 0.0393025 0.00568238 -0.0135512 0.0467757 0.0154573 0.0509782 -0.00289784 -0.0365567 -0.00951999 0.0202448 0.0193332 0.00597448 0.0265961 -0.0263883 -0.0239422 0.0555184 -0.0102512 0.0360472 0.0082399 0.0379897 -0.0384137 -0.00144635 0.0112981 0.041377 0.0260303 0.0278523 0.0254378 0.0112921 0.0585056 -0.00250693 0.0401454 -0.0189679 -0.0142132 -0.0186381 0.0446415 0.0137832 0.0191243 0.0350462 0.044355 0.0194034 0.0306764 0.00263198 0.0607123 0.0327088 0.0280457 -0.0287826 0.0461558 0.0468465 -0.0343381 0.00696229 0.0251358 -0.00561576 -0.012383 0.0471797 0.0485225 0.000675936 0.00923019 -0.0052082 0.0323507
internal_weight=94726.5 47602.3 47124.2 30658.9 16943.4 17988.1 22308.8 10312.6 16027.1 8882.53 29136.1 6630.86 8142.46 8350.05 4025.59 4762.12 4501.55 9105.57 10878.2 4856.93 6281.73 3805.7 5728.56 24634.6 3517.46 3797.04 5148.88 4553.02 4190.3 3665.94 3380.34 8004.63 2170.1 5085.11 5088.28 3714.51 3113.4 3942.81 3005.35 1900.19 2187.88 3243.87 2574.24 1206.07 1142.42 6485.14 1841.24 1366.83 4128.67 3719.7 3661.69 8335.94 2788.72 1281.66 2687.49 3438.76 2873.61 2731.6 1925.18 784.346 1140.84 1162.11
internal_count=488065 219234 268831 135123 84111 96172 95857 49053 68170 45545 172659 35058 38254 39266 19826 22028 25530 50627 45849 25719 27687 18602 25183 147129 18027 18478 22321 20788 19053 16675 16226 33575 10799 22302 27728 19757 17031 16967 14410 8974 9876 14069 12152 5354 5962 27095 8233 6127 23572 15987 15730 48963 13674 6028 13916 18221 12274 11650 9727 3926 5801 5202
cat_boundaries=0 1 2
cat_threshold=416 75847
is_linear=0
shrinkage=0.035


Tree=9
num_leaves=63
num_cat=0
split_feature=24 0 24 13 13 2 2 7 42 24 34 13 7 34 26 47 42 7 19 48 26 14 47 22 7 23 0 22 40 14 2 22 26 14 26 48 2 0 47 42 12 23 40 40 19 22 44 42 42 6 22 2 47 26 40 26 22 19 14 22 22 13
split_gain=54952.4 9236.4 4686.75 3751.61 1584.54 1546.99 881.088 546.946 461.035 432.344 414.776 375.418 338.985 308.259 303.826 302.191 236.134 226.51 213.868 204.661 177.699 182.497 173.221 171.436 169.952 168.149 161.585 144.48 148.061 143.922 142.12 141.37 135.913 144.684 135 133.344 149.315 133.033 125.664 118.505 110.035 108.151 107.283 102.734 99.7892 97.1825 96.0601 95.7497 95.4372 94.5123 95.8215 89.0798 87.9063 85.4202 84.0175 83.3139 81.8218 81.7917 78.4608 85.7118 77.4178 76.6466
threshold=1.5000000000000002 189.88333333333335 4.5000000000000009 0.73798627002288331 0.59175084175084181 55.140000000000008 553.7700000000001 0.95833333333333337 2.5000000000000004 7.5000000000000009 2.5000000000000004 0.56832298136645976 0.95833333333333337 2.5000000000000004 131.50000000000003 inf 5.5000000000000009 0.95833333333333337 330.93650000000008 2.5000000000000004 21.500000000000004 16.000000000000004 6176.7750000000005 1.0000000180025095e-35 0.95833333333333337 0.25000000000000011 70.486666666666693 29.500000000000004 16440.143333333337 18.000000000000004 449.39000000000004 1.0000000180025095e-35 51.000000000000007 19.500000000000004 39.500000000000007 4.5000000000000009 112.35000000000001 340.87500000000006 7327.9950000000008 3.5000000000000004 26.826666666666672 0.68301270189221941 1.0000000180025095e-35 5706.2400000000007 1188.2160000000001 1.0000000180025095e-35 394.01000000000005 1.5000000000000002 1.5000000000000002 118.17833333333336 46.500000000000007 565.02000000000021 inf 21.500000000000004 2484.6200000000003 299.50000000000006 1.5000000000000002 330.93650000000008 16.000000000000004 30.500000000000004 1.0000000180025095e-35 0.32738095238095244
decision_type=8 10 8 10 10 10 10 10 2 10 2 10 10 2 2 8 2 10 10 2 2 2 8 2 10 2 10 2 10 2 10 2 2 2 2 2 10 10 8 2 10 2 10 10 10 2 10 2 2 10 2 10 8 2 10 2 2 10 2 2 2 10
left_child=1 4 5 11 12 17 16 39 14 15 19 22 40 18 34 24 32 61 26 25 -12 -22 47 -16 -4 -8 -9 43 52 -13 55 -10 54 -34 -7 -35 -37 -25 48 -6 -1 -19 -26 45 -38 -21 -39 -3 -14 50 -23 -33 -29 -32 -5 -31 -24 -15 -28 -60 -36 -2
right_child=2 3 9 6 7 8 10 13 31 -11 20 29 38 57 23 -17 -18 41 -20 27 21 49 56 37 42 -27 58 28 -30 30 53 51 33 35 60 36 44 46 -40 -41 -42 -43 -44 -45 -46 -47 -48 -49 -50 -51 -52 -53 -54 -55 -56 -57 -58 -59 59 -61 -62 -63
leaf_value=-0.025896491885853055 -0.032701292591432861 -0.0040852097148249764 -0.035438250602671202 0.0092784201805194456 -0.0085143263580614182 -0.015235953203532309 0.04253059561696472 0.0088503679805223296 -0.030291449147733275 -0.039430709051107737 0.032328814345186072 0.0038087152181751622 -0.01694453697029832 0.033727523614044658 -0.037357654608293739 -0.003254950835130522 0.047205575714544847 -0.020489646798201751 -0.006693116864526334 -0.025640899572562114 0.030180320463823521 0.047910480281036734 -0.014147119881374706 -0.017176393712247148 -0.043370846357411216 0.014016404360893088 -0.015897756228851832 0.045071862685484465 0.013278406558785878 0.015725473863160536 0.0038792330716809617 0.0073451646744605841 0.017150536596510592 0.046630509670871054 -0.021317923616958626 0.010976101410712842 0.036534328824926909 0.00021008820069310627 0.010509890551625285 0.0099660208270981494 -0.012392081300197727 -0.0070606661150167801 -0.024405011232620403 0.01548023952524165 0.013867473212937234 0.042234077039143385 -0.019147421528598409 0.0095771222678291742 -0.0015819850116101581 0.060693980861621401 0.06003773615454306 0.022116447889651756 0.057265387319021713 0.032535353647453448 0.029621146076451308 0.038425751300156373 0.024178788364414363 0.0064727208410577186 0.015929615491079633 0.028744774690895349 0.0085153544514812076 -0.024307157154259001
leaf_weight=1376.429399907589 2301.9080437868834 871.45812441408634 6263.6396899074316 481.89240668714046 1433.5203844457865 420.68666934967041 507.65324860811234 2148.8070550113916 99.479403287172318 17648.74910530448 426.75056101381779 390.42807377874851 695.8769782781601 1432.8051231503487 331.23374581336975 475.44699820876122 1489.9787524193525 2403.5814751982689 569.46443672478199 25.43824315071106 332.62975887954235 2126.8411801159382 72.282292649149895 2077.3372387588024 406.35238049924374 507.65305665135384 65.363713964819908 1278.7790167033672 125.70118683576584 1632.0817594975233 134.41397400200367 1543.4604840427637 571.62119451165199 1091.4049204140902 112.53321513533592 352.40374870598316 3305.8599025905132 1389.595804810524 733.83287046849728 603.10404945909977 1602.8848915845156 1059.9295074045658 3732.5616573095322 196.23090243339539 258.1219719350338 3142.136901140213 404.71933513879776 2247.4457956552505 1713.952448785305 3795.8496368974447 1325.0086106657982 740.1091643422842 1767.9512861073017 2556.6165315061808 515.88165548443794 225.25258675217628 1062.4875603616238 149.48334339261055 1209.4796713590622 1368.2202817797661 1746.1157367676497 3223.8856644481421
leaf_count=7765 13495 4372 37477 2162 7277 2195 2184 10471 556 108671 1820 1866 3695 6388 1894 2553 6312 13198 2757 141 1431 8864 366 11204 2432 2343 323 5440 550 7574 618 7544 2567 4754 618 1634 14353 7077 3623 2910 8728 5597 21526 851 1124 13391 2079 10950 8852 15573 5503 3426 7389 11330 2290 1033 5012 667 5641 6340 8952 18337
internal_value=-8.58383e-05 0.0261988 -0.0272432 0.0366224 0.00354793 -0.013179 0.0440039 0.0129083 -0.00280417 -0.0360451 0.0488733 0.0176485 -0.0101804 0.0175858 -0.00764341 -0.0305491 0.0346076 -0.0234092 0.013575 0.0429722 0.0544325 0.0556725 0.0100235 -0.0132226 -0.0317961 0.0283013 0.0159846 0.0452465 0.0506279 0.0242124 0.0259626 0.0103569 0.031747 0.0338768 0.00264532 0.0357822 0.0327479 -0.0111486 -0.00216185 -0.00303955 -0.0186377 -0.0163832 -0.0262771 0.0401577 0.034897 0.0416811 -0.00416436 0.00575962 -0.00602336 0.0568381 0.0525816 0.0121402 0.052164 0.031106 0.0198154 0.0184977 0.0217272 0.0311584 0.0217791 0.0227403 0.00669859 -0.0278092
internal_weight=94302.8 47921.5 46381.3 32818.3 15103.2 17854.6 23625.8 8980.25 8865.27 28526.7 15558.6 9192.47 6122.98 6943.62 6482.22 10878 8067.16 8989.3 5361.34 7551.54 8007.08 7580.33 4253.67 4202.89 10402.6 1015.31 4791.87 6536.24 3172.43 4938.79 4548.36 2383.05 6577.19 5579.41 2279.34 5007.79 3916.39 3871.65 3143.66 2036.62 2979.31 3463.51 4138.91 3363.81 3563.98 3167.58 1794.32 3118.9 2409.83 7247.7 3451.85 2283.57 3046.73 2691.03 997.774 1857.33 1134.77 1582.29 2643.06 2577.7 1858.65 5525.79
internal_count=488065 219234 268831 143797 75437 96172 100676 42774 45545 172659 65480 43121 32663 32587 34019 63988 35196 50627 25532 32289 33191 31371 20700 22254 61435 4527 22775 27762 13379 22421 20555 11526 28884 24432 11765 21865 17111 20360 16170 10187 16493 18795 23958 14383 15477 13532 9156 15322 12547 29940 14367 10970 12829 11948 4452 8607 5378 7055 12304 11981 9570 31832
is_linear=0
shrinkage=0.035


Tree=10
num_leaves=63
num_cat=1
split_feature=24 0 24 13 13 0 0 4 16 36 47 21 22 13 7 13 4 52 7 13 24 48 42 2 4 32 26 14 23 44 26 42 7 14 48 2 22 14 4 23 19 27 22 19 14 0 2 2 14 40 40 29 26 23 2 19 13 44 23 26 32 43
split_gain=51459.8 8500.6 4572.29 2567.54 2305.17 1482.08 852.353 585.256 449.998 445.272 421.685 410.664 373.646 332.864 326.525 238.785 229.183 216.853 207.547 188.931 172.048 169.202 151.803 147.232 146.143 144.383 138.562 126.775 118.484 109.978 109.222 105.085 105.061 104.172 103.291 102.822 101.132 100.607 96.7539 95.8421 95.5567 94.7847 113.552 91.1672 90.771 90.6076 88.8073 86.3341 85.5315 84.9269 83.5154 83.4739 82.2228 84.5041 109.938 122.143 82.0599 80.4116 79.4247 77.9368 76.7638 76.5163
threshold=1.5000000000000002 332.6133333333334 4.5000000000000009 0.73798627002288331 0.59175084175084181 133.78000000000006 62.670000000000009 14.440000000000003 0 0.34500000000000003 52.425000000000004 3.8550000000000009 1.0000000180025095e-35 0.49074074074074076 0.95833333333333337 0.56832298136645976 1.8050000000000004 2.5000000000000004 0.95833333333333337 0.94281045751633996 10.500000000000002 3.5000000000000004 1.5000000000000002 186.18000000000004 3.0800000000000005 inf 39.500000000000007 19.500000000000004 0.68301270189221941 345.44000000000005 131.50000000000003 4.5000000000000009 0.84523809523809534 16.000000000000004 2.5000000000000004 1227.7200000000003 1.0000000180025095e-35 20.500000000000004 7.9350000000000014 0.93301270189221952 226.99000000000004 17494.470000000005 29.500000000000004 498.55750000000006 19.500000000000004 99.750000000000028 10.805000000000001 13.690000000000003 16.000000000000004 1.0000000180025095e-35 5706.2400000000007 272.50000000000006 299.50000000000006 0.93301270189221952 553.7700000000001 1188.2160000000001 0.29814814814814822 135.79500000000004 0.93301270189221952 51.000000000000007 inf 4.5000000000000009
decision_type=8 10 8 10 10 10 10 10 9 8 8 10 2 10 10 10 10 2 10 10 8 2 2 10 10 8 2 2 2 10 2 2 10 2 2 10 2 2 10 2 10 10 2 10 2 10 10 10 2 10 10 2 2 2 10 10 10 10 2 2 8 2
left_child=1 4 5 15 10 14 18 26 16 20 22 34 -7 28 56 29 43 -11 -6 -13 32 37 -1 39 -10 61 -5 -28 -14 44 51 57 -4 -17 -9 -21 -29 -18 -35 -15 46 42 50 -8 -3 -19 -20 58 -25 -34 -36 -16 53 54 55 -38 -2 -23 -27 -46 -30 -12
right_child=2 3 9 7 6 12 8 11 24 17 25 19 13 23 30 33 21 45 40 35 -22 31 -24 48 -26 47 27 36 60 -31 -32 -33 49 38 41 -37 52 -39 -40 -41 -42 -43 -44 -45 59 -47 -48 -49 -50 -51 -52 -53 -54 -55 -56 -57 -58 -59 -60 -61 -62 -63
leaf_value=-0.026665818516108289 -0.032341175900335958 -0.0042145830360858765 -0.037615287125629199 0.015835636749342654 -0.0088428776334348626 -0.031097645662557061 0.020235168355832292 0.023021074563098431 0.0032929040432486349 0.00028922468319812186 -0.014362668159193757 0.043363248441289172 -0.010329202499867931 -0.0075480808277796022 0.0046265324432795893 -0.00083573879223381819 0.0082815837685061167 -0.031304849932210825 -0.0020806775592594161 0.049584530491092293 -0.040507020953695447 0.035811597463533865 -0.010525422803023701 -0.016170082251614509 0.017846032179436869 -0.016380094309976962 0.020158928161719922 -0.016651612604941229 -0.0056111662578200378 -0.00032909402216418172 -0.018592286279937267 0.047397719165216477 -0.042781371646293698 0.020524065932097341 0.036881636611467129 0.057578934814413438 0.030750310139053435 0.030475521297879282 0.031754116113358898 0.017678070918109724 -0.014456104945390635 0.0090032282424615875 0.047754260784521142 -0.0064368168081270216 0.0018998119757620124 -0.020008784549515927 0.014496440394170572 0.0080959819125318543 0.014631637179088089 -0.029449992553463124 0.0024201249758835051 -0.012607502891810842 0.049981608254736964 0.047484755198749402 0.039162173422644046 0.0016652483177063944 -0.023754980842554726 0.016047058066248454 0.0082219873118892887 0.020692410792296227 0.0144258664933144 -2.8623875268086196e-05
leaf_weight=1355.3647648245096 2253.8720417022705 250.54133524000645 6331.7269785106182 465.08939810097218 1274.9731986820698 481.30202469229698 1256.9815107285976 490.40913708508015 1234.3242648243904 372.03338724374771 1091.5559257417917 2890.8055965602398 2740.1250488013029 872.65333123505116 512.07553026080132 178.83243434131145 443.51286919414997 2699.2505731582642 514.27870588004589 3789.2063201516867 11552.05209594965 1829.8407041728497 1511.4627946913242 115.14429479837418 2684.4756112545729 398.92538087069988 563.34286734461784 40.815909415483475 483.07192069292068 663.16845552623272 2695.0935953557491 903.00639672577381 668.79944069683552 1779.2463852018118 1792.1111095845699 4306.6444224119186 986.04797351360321 576.01164555549622 2014.8899113386869 232.90264889597893 201.30456991493702 116.26072274148464 1710.8643268495798 178.89593817293644 315.73432704806328 1295.3094616085291 1715.2612006217241 1937.1751494258642 2324.345285564661 5007.1702275425196 90.646268740296364 1046.9919092953205 643.07244020700455 688.15107701718807 1866.7583765238523 215.63332113623619 3512.9470881819725 295.21254472434521 267.98196883499622 1888.064207598567 452.94645257294178 783.24555997550488
leaf_count=7619 13432 1232 39383 2071 6537 2768 5844 2172 5849 1958 5827 12089 14540 4488 2698 881 2028 16246 2509 15709 73106 8177 8134 581 12117 2168 2469 219 2518 3224 14918 3908 4141 8093 7586 17569 4279 2569 8781 1164 990 512 7150 850 1518 7326 8214 9761 10934 30499 394 5604 2733 2935 7871 950 20213 1322 1388 8983 2314 4003
internal_value=-9.05207e-05 0.0251313 -0.0267213 0.0377508 0.00801145 -0.0128161 0.0168069 0.0439888 0.0224096 -0.0355456 -0.00768373 0.0475268 -0.00127133 0.00072067 -0.0216888 0.0195746 0.0288891 -0.0252681 0.00258975 0.0510904 -0.0374493 0.0332048 -0.0181628 0.0083716 0.0132304 -0.000973749 0.0341569 0.0358563 -0.00665769 0.0123175 -0.0143274 0.0373603 -0.0345044 0.0252645 0.0381959 0.0538438 0.0378428 0.0208383 0.0264946 -0.00222262 0.00858731 0.0401951 0.0412014 0.0169099 0.0157334 -0.0276478 0.0106734 0.00435771 0.0131718 -0.0310281 0.0352246 -0.00694765 0.038352 0.0363484 0.0338362 0.0255369 -0.0271158 0.0330747 -0.00649678 0.0180021 0.00408995 -0.00837747
internal_weight=93849.9 48200.1 45649.8 27746.3 20453.8 17723.5 13108.1 20655.9 9402.26 27926.3 7345.71 15186.9 7702.49 7221.19 10021 7090.48 5483.46 4366.59 3705.82 10986.7 23559.7 4047.58 2866.83 3545.05 3918.8 4478.88 5468.91 5003.82 3676.14 3117.51 4254.16 3028.06 12007.7 3972.97 4200.29 8095.85 4440.48 1019.52 3794.14 1105.56 2430.84 3709.88 3593.62 1435.88 2454.34 3994.56 2229.54 2604.08 2439.49 5675.97 1882.76 1559.07 4399.66 3756.59 3068.44 1201.68 5766.82 2125.05 666.907 2203.8 936.018 1874.8
internal_count=488065 219234 268831 119420 99814 96172 60914 86708 42664 172659 38900 63181 39307 36539 56865 32712 24698 25530 18250 45367 147129 18004 15753 17167 17966 23147 23527 21456 19372 14957 23220 13407 74023 17755 17814 33278 18987 4597 16874 5652 11713 15642 15130 6694 11733 23572 10723 13317 11515 34640 7980 8302 18768 16035 13100 5229 33645 9499 3556 10501 4832 9830
cat_boundaries=0 1
cat_threshold=1448
is_linear=0
shrinkage=0.035


Tree=11
num_leaves=63
num_cat=3
split_feature=5 13 6 2 2 2 13 0 34 13 34 13 52 23 22 47 4 20 23 6 4 16 42 10 2 22 18 48 27 14 27 16 14 26 44 19 22 0 47 0 26 12 27 47 2 14 40 2 2 46 26 26 2 13 17 14 16 48 2 23 51 37
split_gain=47942.5 9632.3 3035.87 2762.05 1981.29 1000.92 703.335 624.939 517.748 453.837 361.262 355.576 266.717 246.214 220.215 220.21 214.003 211.464 207.028 198.523 195.928 191.656 166.07 157.321 152.027 148.126 148.789 141.042 139.696 133.935 130.721 123.28 118.22 116.514 115.222 114.941 107.987 107.146 106.513 102.509 102.492 98.8653 94.9478 93.3328 91.5999 91.4348 90.69 90.3553 87.9351 86.6725 86.6387 92.7003 108.798 84.1582 82.8149 82.7726 77.564 77.3007 76.8586 75.7676 73.4476 73.6887
threshold=1.4400000000000011 0.74537037037037046 1.0000000180025095e-35 303.03000000000009 100.49000000000002 37.625000000000007 0.48074074074074075 62.670000000000009 2.5000000000000004 0.48074074074074075 2.5000000000000004 0.39009661835748799 4.5000000000000009 0.93301270189221952 1.0000000180025095e-35 inf 2.7100000000000004 1.0000000180025095e-35 0.68301270189221941 91.207500000000024 1.0000000180025095e-35 0 4.5000000000000009 1.0000000180025095e-35 374.4500000000001 30.500000000000004 12463.275000000001 3.5000000000000004 1.0000000180025095e-35 18.000000000000004 4314.7800000000007 1 19.500000000000004 21.500000000000004 103.71500000000002 1081.4133333333334 1.0000000180025095e-35 8.740000000000002 4.870000000000001 21.835000000000001 21.500000000000004 19.561666666666671 2.1950000000000007 129.30500000000004 14.445000000000002 19.500000000000004 1.0000000180025095e-35 467.64500000000004 10.805000000000001 5.780000000000002 314.50000000000006 122.00000000000001 403.65000000000003 0.24500000000000002 3274.2000000000003 16.000000000000004 2 10.500000000000002 53.660000000000004 0.68301270189221941 285.78692438589201 inf
decision_type=8 10 10 10 10 10 8 10 2 8 2 10 2 2 2 8 10 8 2 10 8 9 2 10 10 2 10 2 8 2 10 9 2 2 10 10 2 10 8 10 2 10 10 8 10 2 10 10 10 8 2 2 10 10 10 2 9 2 10 2 8 8
left_child=2 4 12 7 9 17 43 38 15 41 13 36 -1 21 -13 22 28 37 20 31 44 -9 42 -14 34 27 -27 -17 -8 -18 -29 -10 -30 -34 -16 57 -7 -4 -3 -25 -31 -2 -5 -6 -11 -45 -41 -42 -40 -19 51 -35 -53 -38 -15 -44 -12 58 -23 -43 -57 -62
right_child=1 3 5 8 6 11 16 10 19 18 56 14 23 54 24 25 29 49 -20 -21 -22 35 -24 39 -26 26 -28 30 32 40 -32 -33 33 50 -36 -37 53 -39 48 46 47 59 55 45 -46 -47 -48 -49 -50 -51 -52 52 -54 -55 -56 60 -58 -59 -60 -61 61 -63
leaf_value=-0.0069752477143929254 -0.02818377202483752 -0.018292465426578738 -0.033238666818076114 -0.028119261798251818 -0.012331450529971113 -0.035366505599881234 -0.017576854108519935 0.0052063685239907183 0.048347316617883586 -0.020490679129801685 0.037378508146510309 -0.033140781746471504 -0.040260572948956776 0.029994747043668866 0.0017447111485715304 0.019047856733999363 0.0039156491065564453 -0.024298484053676794 0.0079238385895226329 0.052387263098875821 0.0044545898274875699 0.0039843999273474371 0.040085345660070722 -0.037247812755067382 0.0093573516206775838 0.050480135136382699 0.014353032371958232 0.044111419760777364 -0.0019713858819517946 0.00051893601039040783 0.016851278426232033 0.034960210788178563 -0.012290895462150684 0.022227253595554018 -0.012251185526699775 -0.0061799118896843979 -0.021798061388134872 -0.024445236823867299 -0.0050645154723876293 -0.042186219775727923 0.020868133872886684 -0.018373391129416695 0.0014504520342817099 -0.017321065113731122 -0.0063690627719133371 0.0044931033245954096 -0.029514739303153861 0.031856414688694934 0.011068802981423854 -0.010177214911516444 0.032594527631628553 0.0024965256969948979 0.017848226600432046 -0.010691139079568516 0.055043286940800455 0.032000527442209624 0.018643774605481535 0.03560423145435785 0.022637851051156239 -0.0053627683430202177 0.012329607026523656 0.036306784445108223
leaf_weight=372.49128556251526 883.70197330415249 229.49625140428543 3037.969153046608 36.55313603579998 704.67248229682446 331.01583361625671 174.19644722342491 1375.723031103611 2248.2108828872442 1046.5005555450916 2414.8570263832808 260.85047875344753 9712.1014700680971 547.20524300634861 1574.2961144894361 481.08617240190506 379.98770813643932 892.46782827377319 1758.5010759681463 5730.0055918991566 1228.6097205579281 311.24660155177116 2017.5746728777885 7279.5091553330421 1406.4220013767481 2345.7744870185852 149.50965547561646 1586.689653724432 494.8358007222414 188.67738977074623 251.2731411755085 1956.1844784468412 169.96110217273235 1536.2580178081989 1327.3905840814114 177.47601230442524 1274.7675303369761 3897.8039109706879 563.83030487596989 798.11434297263622 1664.927151620388 1935.2428621649742 137.95645229518414 263.04601956903934 1218.6290440708399 2167.9470660686493 5510.8381008058786 2067.3396390229464 1549.8166262358427 1324.4316000044346 405.19777055084705 1008.2737683802843 1287.9069616943598 2436.0258691310883 232.86414784193039 2525.8752384483814 389.02678476274014 482.6049542427063 2095.166117683053 766.39699183404446 528.8653262257576 223.47198414802551
leaf_count=2052 5179 1200 18436 205 3732 1984 939 6373 9283 5709 10287 1538 62957 2429 8115 2093 1816 5071 8850 23260 6121 1500 8558 46340 6780 9725 646 6625 2383 865 1067 8112 807 7159 6978 828 7276 22856 2800 5090 7613 10812 645 1361 6285 11015 34384 8964 7438 7149 1878 4821 5868 13338 1018 10763 1680 2169 9438 4182 2271 949
internal_value=-9.46658e-05 0.0223055 -0.0281724 0.0348978 0.00426439 -0.0172343 0.0132241 0.0202086 0.0424298 -0.00842188 0.0248507 -0.00866723 -0.0363789 0.0194031 -0.00197685 0.0369156 0.018022 -0.0252923 -0.00186789 0.0481341 -0.00679721 0.0162117 0.0320957 -0.0368486 -8.26575e-05 0.0423844 0.0483221 0.0359773 0.0131508 0.0237672 0.0403958 0.0423266 0.014246 0.0160668 -0.00465979 0.0210601 -0.0162278 -0.0283011 0.00430381 -0.0344072 0.0256896 -0.0180197 0.0274167 -0.00112547 -0.0128995 0.00212655 -0.0311242 0.0269616 0.00676477 -0.0158705 0.0172068 0.0155718 0.0111112 -0.0145115 0.0375331 0.028019 0.0349864 0.0228079 0.0202279 -0.0146859 0.0291363 0.0194905
internal_weight=93375.6 51939.2 41436.5 30588.3 21350.8 17763.4 12513.2 10369.3 20219 8837.58 8026.17 8610.77 23673.1 5222.29 4568.96 10284.6 9377.56 9152.67 5252.24 9934.4 3493.74 4442.22 5470.3 23300.6 4308.11 4814.33 2495.28 2319.05 5076.63 4300.93 1837.96 4204.4 4902.43 4407.6 2901.69 3066.49 4041.81 6935.77 2343.14 13588.5 3920.94 3585.34 3452.72 3135.67 2265.13 2430.99 6308.95 3732.27 2113.65 2216.9 4237.64 3832.44 2296.18 3710.79 780.069 3416.17 2803.88 2889.02 2406.41 2701.64 3278.21 752.337
internal_count=488065 237721 250344 131362 106359 99521 59221 47160 84202 47138 35722 46009 150823 23755 23411 43547 43113 53512 26965 40655 18115 20308 23391 148771 21873 20156 10371 9785 23855 19258 7692 17395 22916 20533 15093 13935 22598 41292 11438 85814 17442 20173 14833 16108 11994 12376 39474 16577 10238 12220 19726 17848 10689 20614 3447 14628 11967 13107 10938 14994 13983 3220
cat_boundaries=0 1 2 3
cat_threshold=92229 1408 21984
is_linear=0
shrinkage=0.035


Tree=12
num_leaves=63
num_cat=3
split_feature=24 0 24 13 13 2 2 36 47 42 13 16 4 21 26 29 7 34 52 7 24 26 22 32 42 26 26 0 26 26 22 44 4 41 23 42 16 26 18 1 32 16 4 7 34 0 22 18 2 21 26 2 42 2 23 29 29 29 22 13 47 48
split_gain=45277.8 7241.88 4348.43 2152.3 2026.34 1349.78 786.843 435.179 408.303 388.128 381.984 365.778 343.758 306.607 279.671 224.794 215.262 211.005 200.644 198.91 175.356 158.558 155.42 149.218 143.487 129.486 125.154 123.026 120.286 122.364 116.264 115.446 111.764 111.631 104.391 101.933 101.059 100.155 99.5742 99.2343 97.4531 115.252 93.3129 91.623 89.193 87.3418 86.3004 99.1793 81.7665 79.3284 77.9755 77.3032 75.6537 73.0773 72.9956 72.713 70.3138 69.5312 68.2304 67.714 67.5521 65.6895
threshold=1.5000000000000002 382.78333333333336 4.5000000000000009 0.59175084175084181 0.82480818414322254 50.445000000000007 62.680000000000007 0.34500000000000003 52.425000000000004 2.5000000000000004 0.59629629629629644 0 28.845000000000002 7.2250000000000005 131.50000000000003 23.500000000000004 0.95833333333333337 2.5000000000000004 2.5000000000000004 0.84523809523809534 8.5000000000000018 39.500000000000007 1.0000000180025095e-35 inf 1.5000000000000002 366.50000000000006 39.500000000000007 340.87500000000006 366.50000000000006 21.500000000000004 1.0000000180025095e-35 345.44000000000005 4.5050000000000008 2373.2100000000005 0.68301270189221941 2.5000000000000004 1 39.500000000000007 5529.2250000000013 953.19000000000017 6802.920000000001 2 2.1950000000000007 0.91287878787878796 1.5000000000000002 59.531666666666688 29.500000000000004 11770.278500000002 13.690000000000003 1.4450000000000001 177.00000000000003 565.02000000000021 1.5000000000000002 1115.1400000000001 0.93301270189221952 23.500000000000004 23.500000000000004 84.500000000000014 1.0000000180025095e-35 0.82247899159663873 36.170000000000009 2.5000000000000004
decision_type=8 10 8 10 10 10 10 8 8 2 10 9 10 10 2 2 10 2 2 10 8 2 2 8 2 2 2 10 2 2 2 10 10 8 2 2 9 2 10 8 8 9 8 10 2 10 2 10 10 10 2 10 2 10 2 2 2 2 2 10 10 2
left_child=1 3 5 8 10 19 16 20 24 14 31 15 21 46 26 -8 35 37 -9 -2 43 -6 -16 52 -1 36 -7 -24 29 -12 -11 55 57 -15 -21 -5 -23 -17 -29 44 -13 -42 -18 -4 -39 -20 -14 -48 54 -44 -45 -32 -10 -35 -25 -3 -50 -31 -28 -46 -34 -51
right_child=2 4 7 6 12 9 11 18 23 30 28 40 13 33 22 17 42 -19 45 34 -22 25 27 48 -26 -27 58 38 -30 32 51 -33 60 53 -36 -37 -38 39 -40 -41 41 -43 49 50 59 -47 47 -49 56 61 -52 -53 -54 -55 -56 -57 -58 -59 -60 -61 -62 -63
leaf_value=-0.025597412273535868 -0.028219414998863983 -0.0053575728671991342 -0.035890203898622908 -0.016262922592671973 0.016791725741040348 -0.014570534441322272 0.0033094504498616985 0.0002385331355146582 -0.018193424515057992 -0.028290749253303372 0.0041569383250419237 0.0047164064034435757 0.03113715881951799 0.041638621958419032 -0.035947795307827372 0.01054163109600019 0.0028080486211333236 0.040232270107870935 -0.031135718877022083 -0.020838184181179706 -0.038760869734274665 0.0088248362716650906 -0.016258577615166293 -0.01540168781327473 -0.0098232158283939972 0.0036905654281100451 -0.020060716661648621 0.00046948176078041382 0.0048526482392155061 0.035749811483879151 0.0063541029398783708 0.00033667238594138442 0.043048437957537468 0.047134000525329019 -0.0094878533056715012 0.0024417757602941867 0.039278766809704026 0.015607183760446038 -0.019733089274214632 0.042135669990236768 0.022396636909148299 0.0060957352449773671 0.0076572893542094095 -0.022379628270781146 0.023502807378631405 -0.020458943972411704 0.04511545424883448 0.0079289767351625844 -0.011018854401061299 -0.0018690655136317223 -0.032705178051254946 0.019957590202127201 -0.0033010639865197243 0.054767876247532092 0.0081580269624041309 0.017961891075334125 0.010399710471312825 0.020722333443878079 0.0080486676095272332 0.037025328316690455 0.031032797578225413 0.02441685715236926
leaf_weight=1331.7386838197708 3742.6264503151178 175.87565429508686 4020.8122195452452 673.52673132717609 503.22062881290913 425.54212263226509 427.05235020816326 372.23582568764687 592.98377586901188 96.52058233320713 241.87999215722084 1099.9784741699696 1606.7784260809422 1697.7172674387693 319.53326065838337 501.98813182115555 1447.4721914231777 1627.5527268499136 2250.4560109972954 3278.7544636726379 14820.92168314755 161.7381846755743 2135.8258357793093 395.18600191175938 1507.5396457463503 135.72064992785454 111.44854956865311 1409.6771144419909 273.99913531541824 472.50985004007816 1596.6362537741661 713.63372655212879 733.74083313345909 2600.7276470214128 1427.2478033900261 757.45714183151722 4746.7371249943972 883.66953983902931 378.25391690433025 476.84999684989452 1688.7877756357193 812.12401086091995 1087.9953031986952 1601.4720783382654 1106.7477002292871 1627.0405104011297 1432.150659263134 94.103091284632683 207.83838799595833 133.02312843501568 2069.7345373034477 753.20574778318405 1411.3953629285097 4036.2187530100346 270.66932605206966 2307.4582687616348 1873.6502242535353 1914.6418404579163 1798.0913653671741 780.59464499354362 2774.8405396938324 926.83527857065201
leaf_count=7659 22728 874 25993 3534 2175 2252 1964 1958 3223 564 1087 4986 6729 6945 1926 2267 7021 6844 14046 18852 98166 684 11788 2183 8194 609 635 7199 1302 2065 7778 3426 3074 10605 7839 3774 19700 4084 1979 2047 7467 3703 5222 9969 4961 9526 5892 409 1073 613 13001 3426 7294 16268 1394 10798 9343 8449 9206 3366 11713 4214
internal_value=-9.77553e-05 0.0232048 -0.0257235 0.0083562 0.0354865 -0.0121418 0.0162913 -0.0345902 -0.00672989 -0.00272903 0.0226334 0.0222653 0.0427429 0.046208 -0.00715513 0.0277115 0.00511062 0.0297 -0.0243063 -0.0221948 -0.0365303 0.035573 -0.0125076 -0.000454475 -0.0172284 0.0374429 0.00257249 -0.01059 0.0275613 0.0285741 0.00917099 0.0127447 0.029575 0.0497227 -0.0173986 -0.00636725 0.0383753 0.0251191 -0.00381321 0.0273683 0.0133669 0.0172217 0.00967945 -0.0322279 0.0248127 -0.0266621 0.0368449 0.0428294 0.00484256 0.0143067 -0.0282082 0.0107211 -0.00771376 0.051784 -0.00582682 0.0163089 0.00825678 0.0237106 0.00639845 0.0291123 0.0335571 0.0211191
internal_weight=92882.4 48646.3 44236 22022.7 26623.7 17473.4 14431.7 26762.7 7591 9024.73 9608.58 9405.35 17015.1 11467.7 6578.37 5804.46 5026.31 5377.4 4249.73 8448.63 22512.9 5547.42 4243.29 4751.72 2839.28 5044.2 2335.08 3923.76 6411.61 6137.61 2446.36 3196.97 5895.73 8334.66 4706 1430.98 4908.48 3749.85 1787.93 3247.86 3600.89 2500.91 3595.33 7692.02 2771.01 3877.5 3133.03 1526.25 2747.34 2147.85 3671.21 2349.84 2004.38 6636.95 665.855 2483.33 2081.49 2387.15 1909.54 1887.34 3508.58 1059.86
internal_count=488065 219234 268831 106430 112804 96172 66067 172659 40363 46753 42788 41689 70016 46848 34985 25533 24378 23569 25530 49419 147129 23168 22892 24510 15853 20993 12093 20966 27690 26388 11768 15098 25301 33818 26691 7308 20384 16725 9178 14458 16156 11170 17070 48963 12411 23572 13030 6301 13993 10049 22970 11204 10517 26873 3577 11672 10416 10514 9841 8327 14787 4827
cat_boundaries=0 1 2 3
cat_threshold=5544 2048 148048
is_linear=0
shrinkage=0.035


Tree=13
num_leaves=63
num_cat=2
split_feature=24 0 24 13 0 7 2 13 24 13 16 27 7 42 13 47 4 16 47 21 2 7 47 19 20 20 13 14 2 26 40 23 23 23 48 26 48 14 4 29 14 25 26 25 42 19 2 14 48 13 12 4 26 9 48 4 41 41 23 18 4 48
split_gain=42459 6708.77 4243.13 2729.36 1288.96 1219.23 597.253 545.094 434.449 416.384 364.87 324.747 301.577 298.468 274.23 267.229 238.845 200.482 197.176 193.471 171.608 167.626 146.152 139.42 146.785 137.991 123.657 121.874 121.553 109.94 107.856 103.948 102.665 98.1276 119.918 98.1208 95.5907 93.1587 98.7692 92.3385 90.3593 87.763 86.501 84.9571 84.9092 84.8036 120.974 84.1501 82.5306 80.4402 79.8274 78.9538 76.9943 74.2494 68.7803 68.1443 68.007 67.0675 66.5749 64.766 65.1524 63.1051
threshold=1.5000000000000002 189.88333333333335 4.5000000000000009 0.7958333333333335 133.78000000000006 0.95833333333333337 1227.7200000000003 0.74537037037037046 7.5000000000000009 0.56832298136645976 0 1.0000000180025095e-35 0.95833333333333337 2.5000000000000004 0.49074074074074076 inf 10.100000000000001 1 3913.7800000000002 7.2250000000000005 449.39000000000004 0.95833333333333337 3065.3099999999999 420.89976190476199 4.1374992089756617 37.619056920064288 0.39009661835748799 16.000000000000004 565.02000000000021 39.500000000000007 1.0000000180025095e-35 0.68301270189221941 0.68301270189221941 0.93301270189221952 10.500000000000002 161.50000000000003 2.5000000000000004 16.000000000000004 1.4650000000000001 115.50000000000001 16.000000000000004 247.53900000000007 21.500000000000004 247.53900000000007 1.5000000000000002 1081.4133333333334 553.7700000000001 20.500000000000004 10.500000000000002 0.29814814814814822 27.660000000000007 2.5350000000000006 21.500000000000004 24.395000000000007 10.500000000000002 2.9200000000000004 3168.6250000000005 1288.2900000000002 0.68301270189221941 11184.261136363637 1151.0000000000002 3.5000000000000004
decision_type=8 10 8 10 10 10 10 10 10 10 9 10 10 2 10 8 10 9 8 10 10 10 8 10 10 10 10 2 10 2 10 2 2 2 2 2 2 2 8 2 2 10 2 10 2 10 10 2 2 10 10 8 2 10 2 10 8 10 2 10 10 2
left_child=1 5 4 9 12 13 10 26 15 22 16 -6 49 18 31 21 33 23 50 41 -11 -4 44 24 -9 36 -7 -22 32 -12 -23 54 39 34 45 -14 -8 -28 58 47 -21 61 -29 -44 -3 -5 -47 -16 -37 -2 -1 -26 -42 -19 -13 -15 -27 -31 -39 -58 -61 -18
right_child=2 3 8 6 11 7 25 17 -10 20 29 14 35 55 28 -17 19 53 -20 40 27 30 -24 -25 51 56 37 42 -30 57 -32 -33 -34 -35 -36 48 -38 38 -40 -41 52 -43 43 -45 -46 46 -48 -49 -50 -51 -52 -53 -54 -55 -56 -57 59 -59 -60 60 -62 -63
leaf_value=-0.027512333392171334 -0.030962491975711347 -0.0049365502642035623 -0.033483593919603143 0.026037211473651289 -0.029600876053620374 -0.011470589757761185 0.02426310541344831 0.016981679503170231 -0.03770617104573503 0.015616605646818452 -0.00082644144132939027 -0.01252717283854898 -0.0071467970092480917 -0.0058657748247856432 -0.0091654225382574016 -0.0026890653782449658 0.02410612960566921 -0.0002563684140538242 -0.00018834538011170573 0.018871757766248238 0.0020701834827700533 -0.041993689222980905 0.018570198044573594 -0.0086237657160688486 0.018186556155713157 0.042392842963676083 -0.025628268018002366 0.0051725773764999382 0.016731181491609844 0.019537092991255788 -0.022156570210242827 0.0040245808673252635 0.012692525849224631 0.042846608012545445 0.0400799616583076 -0.02236016482877462 0.04237923192304071 -0.0043054851448143302 0.010884034485823488 -0.010885809143597784 0.024484684900972605 0.011077119700383019 0.030682374890337032 0.013144450983041685 0.0081109792533708095 -0.0091656543164726368 0.024564925936413108 0.015345978721573894 -0.0079950860472046623 -0.022270031591715395 -0.01549724442192983 0.036188783246035146 0.045058748067356984 0.014171685150175696 0.000806405679376634 0.0089310753387647577 0.053178384035062316 0.034641644651827862 0.0084509607358237149 0.020800231232903432 0.056011777173021249 0.036979848603888393
leaf_weight=1319.7765888273716 2144.9355885833502 847.41934379935265 5774.2057535648346 1777.7945411503315 458.71997903287411 759.64495356380939 414.53738209605217 1686.3659585416317 16056.699888303876 2838.492567718029 262.08298102021217 2088.736361309886 1847.291520357132 763.99926717579365 269.36989226937294 470.90711072087288 627.34010189771652 758.63868951797485 674.22556118667126 181.18575564026833 234.9146873652935 371.97878295183182 1278.8633453845978 165.76785470545292 399.59609796106815 1290.409797757864 126.22669470310211 194.96728429198265 1195.1085357666016 1447.8055330216885 3516.9701386392117 936.39470852911472 860.13531021773815 498.59877777099609 590.40892606973648 1604.78411719203 2789.6195556372404 1514.5238354504108 1807.9818239808083 774.00789360702038 237.04049687087536 227.73135857284069 3687.8750055581331 374.86225847899914 2183.7818609327078 227.95782744884491 301.60078579187393 469.05842013657093 707.28698441386223 3380.7207829505205 1402.8899741470814 1218.6305855810642 5098.3585698008537 1029.2470298707485 612.77416470646858 759.1190570294857 3411.6618497669697 482.45166262984276 747.79311919212341 161.44493807852268 108.36678993701935 1917.7263724505901
leaf_count=7729 13432 4241 37477 7592 2768 4130 1754 7728 108671 12739 1144 11246 10064 3992 1355 2553 2683 3591 3522 775 1130 2432 5949 776 1824 5258 642 879 5486 6131 21526 4832 4161 2085 2476 9154 11362 7697 8771 3871 993 971 15692 1601 10510 999 1264 2294 4002 20213 7688 5296 20757 4638 3294 3749 13746 2014 3664 655 437 7960
internal_value=-0.000100604 0.0223065 -0.0252299 0.0310008 -0.0118044 0.00294875 0.038238 0.00984301 -0.0341224 0.0172879 0.0338111 -0.00107991 -0.0202903 -0.0113635 0.000739634 -0.0284411 0.0362863 0.0176915 -0.0171345 0.0395243 0.0223632 -0.0296957 0.0086521 0.0225885 0.0242246 0.0457473 0.00151424 0.0266213 0.0076334 0.0203489 -0.0240643 -0.00602129 0.00304556 0.0284808 0.025995 -0.0131666 0.0400438 0.00386689 0.00478766 -0.00244552 0.0433228 0.0319543 0.0279751 0.0290678 0.00446291 0.0223751 0.0100551 0.00640421 -0.0179711 -0.0256492 -0.0213294 0.0317574 0.0441494 0.00800806 -0.00950358 0.00150997 0.0494142 0.0233283 -8.70599e-05 0.0518631 0.0350972 0.0338173
internal_weight=92369.8 48829.7 43540.1 33695.3 17349.3 15134.4 22054.1 10214.4 26190.8 11641.2 13878.1 7664.31 9685.02 4920.01 7205.59 10134.1 11685.7 5258.25 3396.89 8289.38 7331.11 9663.15 4310.06 3470.36 3304.59 8176.04 4956.17 4492.62 3567.68 2192.34 3888.95 3637.91 2372.57 3396.36 2897.76 4159.36 3204.16 4196.53 4070.3 1512.44 5516.58 2772.8 4257.7 4062.74 3031.2 2307.35 529.559 738.428 2312.07 5525.66 2722.67 1618.23 5335.4 1787.89 2701.51 1523.12 4971.88 1930.26 2262.32 3681.47 269.812 2545.07
internal_count=488065 219234 268831 143797 96172 75437 91056 48757 172659 52741 57844 39307 56865 26680 36539 63988 48555 23853 18939 34139 32041 61435 20700 15624 14848 33212 24904 19302 17167 9289 23958 19372 11681 14416 12331 23220 13116 20774 20132 7520 22525 11614 18172 17293 14751 9855 2263 3649 13156 33645 15417 7120 21750 8229 14540 7741 20096 8145 11361 14838 1092 10643
cat_boundaries=0 1 2
cat_threshold=21896 1456
is_linear=0
shrinkage=0.035


Tree=14
num_leaves=63
num_cat=2
split_feature=5 13 50 2 2 7 0 13 34 13 34 24 23 2 24 23 47 16 14 26 6 4 26 2 7 14 27 4 42 27 22 22 18 40 7 17 22 32 32 0 22 2 14 47 18 37 18 16 14 20 17 22 32 26 19 26 14 44 34 17 22 14
split_gain=39904.5 7936.33 2518.64 2490.7 1601.43 911.615 622.964 514.801 445.052 396.175 353.069 316.817 236.485 212.345 205.143 202.952 189.27 187.554 175.716 181.549 167.249 161.166 158.589 156.266 155.434 149.547 143.288 138.082 127 122.423 120.097 116.961 132.361 112.956 104.256 97.1759 96.8321 96.3861 92.1842 91.7292 91.4058 86.2277 82.0267 81.8193 80.792 80.7344 79.8314 77.7304 74.8696 74.612 74.5817 87.3825 73.4579 72.42 72.3007 71.1987 81.3184 69.5931 69.3756 66.8464 66.8348 64.6437
threshold=0.96000000000000052 0.71130952380952395 1.0000000180025095e-35 374.4500000000001 95.800000000000026 0.95833333333333337 62.670000000000009 0.48074074074074075 2.5000000000000004 0.39208074534161497 2.5000000000000004 3.5000000000000004 0.93301270189221952 15.850000000000001 8.5000000000000018 0.93301270189221952 inf 0 19.500000000000004 21.500000000000004 157.21333333333337 1.9500000000000002 21.500000000000004 213.55000000000004 0.95833333333333337 16.000000000000004 2.1950000000000007 1.0000000180025095e-35 3.5000000000000004 1.0000000180025095e-35 52.500000000000007 29.500000000000004 12463.275000000001 1.0000000180025095e-35 0.91287878787878796 4716.0550000000012 1.0000000180025095e-35 inf 11810.43 21.000000000000043 1.0000000180025095e-35 112.35000000000001 16.000000000000004 65.640000000000015 10806.150000000001 inf 10806.150000000001 1 19.500000000000004 1.0000000180025095e-35 5681.0700000000006 27.500000000000004 812.5200000000001 21.500000000000004 238.62083333333337 21.500000000000004 19.500000000000004 57.660000000000004 1.5000000000000002 3274.2000000000003 4.5000000000000009 16.000000000000004
decision_type=8 10 8 10 10 10 10 8 2 8 2 10 2 10 10 2 8 9 2 2 10 10 2 10 10 2 10 8 2 8 2 2 10 10 10 8 2 8 8 10 2 10 2 8 10 8 10 9 2 8 10 2 10 2 10 2 2 10 2 8 2 2
left_child=2 4 14 6 9 39 24 38 16 43 15 23 13 58 34 17 26 -8 -9 -20 22 29 -10 49 -3 -24 -5 52 45 -21 -27 35 -33 -13 -1 53 -25 -23 -6 -4 -36 -35 -15 -2 -22 -28 -38 -12 -40 -7 -31 -52 -19 -18 -26 -30 -57 -44 -11 -17 -55 -29
right_child=1 3 5 8 7 11 10 18 20 12 47 33 -14 42 -16 59 31 27 19 21 44 37 25 36 54 30 28 61 55 50 -32 32 -34 41 40 -37 46 -39 48 -41 -42 -43 57 -45 -46 -47 -48 -49 -50 -51 51 -53 -54 60 -56 56 -58 -59 -60 -61 -62 -63
leaf_value=-0.034670458273038211 -0.024915731366203467 -0.0094778756880149282 -0.029793603442434903 -0.026460201124120217 -0.0069973123000703855 -0.013371162041946166 -0.0035773610661773126 0.00047165397321375968 0.016109206760893256 -0.019304218725018106 0.0330754386180383 -0.042126871996520973 0.011633309078161102 -0.031601243335883086 -0.037935709754546694 0.026236456645355691 0.0016564291709021785 0.012000491729105282 -0.008102018987156517 -0.016597570614858323 0.051334900649042968 0.017175888773989532 0.016321456990343246 -0.028103659154117035 0.010832083590042587 0.038963542303171846 0.017486934349478324 -0.0094815894950482787 0.011632595533848079 0.016820582098248171 0.050022268288771127 0.045418109061484892 0.011173779034208346 -0.021422063899200119 -0.039041409458394218 0.016479516128837055 0.0068333305547451833 0.029265841071809559 -0.011310795648656972 -0.021382000631412736 -0.024600257703165391 -0.01051220546447921 0.0044380615459692933 -0.012612964682944887 0.032073130967489295 0.034962647962827345 -0.025226015936553933 0.016849634436774324 0.0081053962008561138 -0.0028177206031326551 -0.016492729565761907 0.011545804742357656 -0.0070688973248426417 0.014880671847635078 -0.014240641030950716 0.020247516257470202 0.035946136243372541 -0.0066349481160451309 -0.0052189857605846228 0.046688099749753506 0.039315058934860043 0.021190633951439827
leaf_weight=4481.7222035676241 1610.5347094386816 831.45740175247192 4295.363637983799 56.942870318889618 1612.9501225203276 1968.6050926148891 606.91792893409729 892.03773161768913 327.85047942399979 1531.0195040553808 3065.6845973134041 215.7090078741312 1008.8536054193974 102.21468840539455 13465.580651625991 660.29072919487953 73.756414145231247 1087.7367339134216 340.99584329128265 158.49406689405441 3034.2798521965742 1475.409904524684 284.07510381937027 112.53978990018368 1689.0019282251596 3902.7873685657978 1428.5829326212406 85.580941751599312 187.39515694975853 3414.6944544613361 1768.7127770185471 2274.0628451704979 148.03015694022179 1811.2714864015579 641.11517985165119 401.57597251236439 1821.1510351598263 1801.7930627167225 293.98968470096588 2543.8132585883141 3409.8141488730907 1746.3960413485765 1792.5676203668118 1130.6162775754929 299.44906908273697 420.20250250399113 99.419128254055977 499.19362144172192 1388.8863441497087 1407.9211863130331 182.14499972760677 530.1138513982296 319.51699674129486 152.40405742824078 152.84662565588951 471.11867022514343 3050.1140859276056 1134.481571868062 595.92296700179577 282.1973199993372 1530.4351832568645 3734.1474592834711
leaf_count=30187 9650 4318 27199 316 8361 10839 2802 4254 1369 8704 12752 1412 5051 542 93811 2882 328 5028 1594 862 12165 6518 1201 685 7955 15770 6019 408 828 15726 7125 9246 629 10938 4268 1686 8933 7859 1555 15302 21870 9788 9217 6429 1201 1733 511 2118 7081 7339 837 2451 1504 631 755 2047 12639 5840 3106 1208 6280 16403
internal_value=-0.000103267 0.0192864 -0.0275522 0.030035 0.00248207 -0.0169952 0.0181379 0.0107772 0.0378491 -0.00877975 0.0220309 -0.00978868 -0.00385618 -0.00688849 -0.0352402 0.0173356 0.0327457 0.0148963 0.0151975 0.0168592 0.043255 0.0179857 0.0398733 -0.00435782 0.00307573 0.0411786 0.0284254 0.0170159 0.0289924 0.013512 0.0424205 0.0380339 0.0433307 -0.0175713 -0.0309825 0.0320722 0.00330725 0.0238298 -0.00102047 -0.0266685 -0.0268948 -0.0160711 -0.000935763 -0.0198478 0.0496149 0.0214757 0.0051615 0.0309487 0.00470879 -0.0089728 0.0146721 0.00436248 0.00766884 0.0356254 0.00874481 0.0327328 0.0338521 0.000145524 -0.0153622 0.032403 0.0371123 0.0205011
internal_weight=91844.5 53824.1 38020.4 32826.3 20997.7 16022.2 13014.6 12091.5 19811.8 8906.21 10341.3 9183.01 6165.06 5156.21 21998.2 6776.39 10194.6 5833.9 8795.68 7903.65 9617.15 7562.65 6283.43 5409.64 2673.31 5955.58 5614.36 5226.98 5557.41 4285.45 5671.5 4580.26 2422.09 3773.38 8532.65 2158.17 2033.11 3277.2 3295.83 6839.18 4050.93 3557.67 3029.26 2741.15 3333.73 1848.79 1920.57 3564.88 1682.88 3376.53 4126.95 712.259 1407.25 1756.6 1841.85 3708.63 3521.23 2927.05 2126.94 942.488 1682.84 3819.73
internal_count=488065 244983 243082 139346 105637 92946 58133 57098 81213 48539 45105 50445 32460 27409 150136 30235 42382 26145 40101 35847 38831 34253 25465 28307 13028 24096 23582 23343 23266 19876 22895 18800 9875 22138 56325 8925 10129 14377 16997 42501 26138 20726 15599 16079 13366 7752 9444 14870 8636 18178 19014 3288 6532 7239 8710 15514 14686 15057 11810 4090 6911 16811
cat_boundaries=0 1 2
cat_threshold=75797 21984
is_linear=0
shrinkage=0.035


Tree=15
num_leaves=63
num_cat=3
split_feature=5 13 50 2 2 7 13 0 34 13 24 34 23 4 24 23 2 14 4 6 16 22 2 7 26 22 26 22 40 16 14 16 2 26 26 2 32 19 48 14 0 47 22 26 26 2 2 47 2 3 48 47 2 26 48 14 14 17 40 26 27 26
split_gain=37527.5 7347.44 2478.1 2158.55 1637.2 877.419 555.75 489.633 428.748 379.475 300.591 282.133 238.318 209.61 206.311 193.716 189.561 183.467 177.703 169.177 153.002 150.649 160.56 145.774 130.96 125.524 122.207 114.099 110.611 110.295 108.06 104.655 103.914 100.335 99.7622 99.6285 97.5755 96.8626 92.4293 91.7598 90.7333 88.6097 83.2863 83.0578 106.001 92.9617 82.7356 76.5297 71.6483 69.2794 68.2499 68.0422 67.5462 67.1121 78.5368 66.4478 65.7112 65.3499 64.1209 63.3132 62.5577 61.8538
threshold=0.96000000000000052 0.74537037037037046 1.0000000180025095e-35 303.03000000000009 86.805000000000021 0.95833333333333337 0.48074074074074075 62.670000000000009 2.5000000000000004 0.39208074534161497 3.5000000000000004 2.5000000000000004 0.93301270189221952 1.0000000180025095e-35 8.5000000000000018 0.93301270189221952 1227.7200000000003 18.000000000000004 2.7100000000000004 118.17833333333336 0 1.0000000180025095e-35 260.17500000000013 0.84523809523809534 21.500000000000004 1.0000000180025095e-35 21.500000000000004 8.5000000000000018 1.0000000180025095e-35 1 16.000000000000004 2 2.9250000000000007 192.50000000000003 21.500000000000004 15.850000000000001 11810.43 1081.4133333333334 2.5000000000000004 18.000000000000004 6.6600000000000028 99.740000000000023 13.500000000000002 299.50000000000006 122.00000000000001 396.17000000000007 112.35000000000001 65.640000000000015 1996.3800000000003 17.500000000000004 10.500000000000002 1007.3200000000001 10.805000000000001 131.50000000000003 11.500000000000002 16.000000000000004 19.500000000000004 3385.3300000000004 4388.1900000000014 39.500000000000007 12311.910000000002 131.50000000000003
decision_type=8 10 8 10 10 10 8 10 2 8 10 2 2 8 10 2 10 2 10 10 9 2 10 10 2 2 2 2 10 9 2 9 10 2 2 10 8 10 2 2 10 8 2 2 2 10 10 8 10 2 2 8 10 2 2 2 2 10 10 2 10 2
left_child=2 4 14 7 9 40 39 23 16 47 21 15 13 35 32 20 26 -8 25 24 -9 -7 53 -3 -10 -19 -5 49 -12 -28 -26 -32 -1 -34 -27 -11 -20 50 -29 -6 -4 -41 -31 44 -36 -46 -30 -2 -38 -18 -22 -44 -25 -23 -55 -15 -13 -17 -48 -58 -53 -40
right_child=1 3 5 8 6 10 17 11 19 12 28 56 -14 55 -16 57 27 18 36 -21 37 22 -24 52 30 34 29 38 46 42 31 -33 33 -35 43 -37 48 -39 61 41 -42 -43 51 -45 45 -47 58 -49 -50 -51 -52 60 -54 54 -56 -57 59 -59 -60 -61 -62 -63
leaf_value=-0.034956344896523252 -0.024502888783468388 -0.014004667648838511 -0.0308668204328062 0.00097429942396155399 -0.020225121469705839 -0.029376298363003761 -0.0016859750349632557 0.0036853369123563298 0.014109485669483885 -0.01789755584070199 -0.041766269758093943 0.015195917537526169 0.011616407699322448 -0.029029833953385646 -0.037549974916945436 0.02539500309550315 0.032197991797388789 -0.016719634719489746 0.015878952446452828 0.046210250900250452 0.016765520398425722 -0.0014534573621931438 0.0058636011897616374 -0.0034379660357867574 0.015780938298186869 -0.012271801905223253 0.034114291231942172 0.024313125635537388 -0.020937050067457601 0.016070769560692821 0.045024884884500287 0.033632181690917529 -0.02131266536549186 -0.031610029919654246 0.019040918185709951 -0.005793190973182212 0.024114968667708177 -0.0071310467829558324 0.047056880759850012 -0.011145293359956938 -0.022629516209812517 0.0034362626942294333 0.019951891310441547 0.025985574315928045 0.00052251503487668854 0.013947211122073528 -0.0065376385186288631 -0.012322936143284093 0.042140702360918325 0.0057539852645978684 0.030887733566057524 0.033128029394486377 0.01119482195410022 -0.014190606060381916 0.0060777005037019353 0.0039328359451129237 0.013487862949805616 0.047213643076432249 -0.022560157245606692 0.033334619124587447 -0.0021335784594509149 0.037061585740323533
leaf_weight=3641.8106999099255 1561.4406776130199 488.31692305207253 2879.8534305095673 207.13776358962059 286.08223822712898 275.61722815036774 745.01049633324146 1418.3012604117393 289.60577896237373 1718.0955471843481 210.06476540863514 340.20496937632561 1035.0900288671255 77.158696472644806 13133.657200187445 580.10320055484772 294.8064039349556 178.66896790266037 1908.0443241894245 4617.9824336469173 2518.4590054005384 1420.9913382828236 1717.6818764209747 524.95412115752697 249.08494244515896 182.7126679867506 2563.454430475831 451.72315044701099 1788.7928306460381 1097.1009689718485 2466.305702239275 2467.837773412466 2089.7469552010298 2635.4323410838842 1695.7322038412094 1618.7383848875761 1959.6617803871632 181.91430598497391 1350.2971345335245 641.04700058698654 3850.7738044857979 2491.0356203466654 930.76865604519844 619.88170745968819 1175.7806027084589 1365.1516823470592 1340.6049297899008 1067.404546380043 315.21809229254723 206.67101609706879 504.52855238318443 1621.7541978508234 1459.414023026824 1711.2019134163857 270.727399751544 1807.9669629484415 217.16828115284443 239.87161026895046 396.04087235033512 2322.8054997771978 63.944292634725571 1819.0649583339691
leaf_count=25063 9499 2579 18663 919 1528 1624 3583 6496 1212 9735 1412 1437 5151 408 93811 2510 1211 978 8369 18505 11186 7423 8400 2579 1057 873 10621 1921 10938 4613 9921 9963 13619 17643 7747 8504 8528 841 5474 3466 23838 12683 3901 2816 5602 6102 7524 6127 1326 885 2204 6700 6859 9398 1462 9164 914 1013 2264 9629 272 7372
internal_value=-0.000105459 0.0185687 -0.0270663 0.0294743 0.00326916 -0.0165705 0.0109189 0.0167848 0.0360922 -0.00840791 -0.00950181 0.020847 -0.00371841 -0.0067597 -0.0348086 0.0161544 0.0311712 0.0150307 0.0163555 0.0412612 0.0133683 -0.00421714 -0.00285747 0.00310797 0.0370775 0.012043 0.0274298 0.0370478 -0.0171328 0.0283025 0.0383578 0.0394941 -0.0305015 -0.0270614 0.0130659 -0.0120291 0.0217309 0.0175846 0.0392176 -0.00128651 -0.0261581 0.000449234 0.0241257 0.0140215 0.0122653 0.00773777 -0.0156535 -0.019564 0.0266301 0.0213329 0.0191319 0.027588 0.00732401 -0.00726001 -0.0114203 0.00256899 0.0297068 0.0318275 -0.0102024 0.0316437 0.03179 0.0413336
internal_weight=91306.5 53943.5 37363 31493.6 22449.9 15862.4 13564 10796 20697.5 8885.89 9131.72 8323.36 6257.05 5221.96 21500.6 5443.18 10606.7 10145.9 9400.85 10090.8 4623.2 5396.22 5120.6 2472.69 5472.83 5217.93 6484.16 4122.56 3735.5 6277.02 5183.23 4934.14 8366.99 4725.18 5039.26 3336.83 4182.92 3204.9 3621.09 3418.16 6730.63 3132.08 3713.57 4856.55 4236.66 2540.93 3525.44 2628.85 2274.88 501.477 3022.99 2616.47 1984.37 3402.92 1981.93 1885.13 2880.18 819.975 1736.65 2539.97 1685.7 3169.36
internal_count=488065 244983 243082 132794 112189 92946 63601 48247 84547 48588 50445 36230 32962 27811 150136 24250 43889 45924 42341 40658 20727 28307 26683 12017 22153 24118 27026 16863 22138 26107 20941 19884 56325 31262 23140 18239 18223 14231 14767 17677 42501 16149 15486 22267 19451 11704 20726 15626 9854 2096 13390 10873 9438 18283 10860 9572 11980 3523 9788 10543 6972 12846
cat_boundaries=0 1 2 3
cat_threshold=92229 1408 1408
is_linear=0
shrinkage=0.035


Tree=16
num_leaves=63
num_cat=2
split_feature=5 13 2 50 2 0 2 13 34 13 16 22 34 23 24 2 47 14 45 4 6 23 0 27 34 42 0 14 32 22 22 18 16 27 47 26 2 32 26 2 44 26 17 14 47 18 0 13 42 14 17 14 47 26 26 1 50 43 44 41 14 26
split_gain=35303.6 7219.01 2249.05 2025.97 1493.99 687.624 565.611 469.73 402.446 359.427 299.113 241.78 221.938 214.616 207.339 191.098 169.852 167.484 165.762 160.264 153.979 150.05 141.675 126.763 126.285 119.423 119.188 115.121 114.249 110.986 105.814 123.244 100.348 100.3 97.4523 94.3074 93.029 91.4356 88.7552 89.5983 88.1106 86.5282 85.9348 83.572 81.3002 76.2451 80.7089 75.6821 73.7639 73.0393 73.2195 70.2466 67.5492 66.0023 65.5686 100.612 123.476 63.4912 63.4505 68.6794 63.1316 63.6569
threshold=0.48000000000000015 0.71130952380952395 374.4500000000001 1.0000000180025095e-35 86.805000000000021 79.566666666666677 48.980000000000011 0.48074074074074075 2.5000000000000004 0.39208074534161497 0 1.0000000180025095e-35 2.5000000000000004 0.93301270189221952 10.500000000000002 15.850000000000001 inf 16.000000000000004 2.5634920634920637 2.9200000000000004 91.207500000000024 0.93301270189221952 7.0400000000000045 2.1950000000000007 1.5000000000000002 4.5000000000000009 19.521666666666672 16.000000000000004 812.5200000000001 1.0000000180025095e-35 30.500000000000004 12463.275000000001 1 1.0000000180025095e-35 3065.3099999999999 30.000000000000004 272.0800000000001 11810.43 122.00000000000001 396.17000000000007 121.72500000000001 161.50000000000003 4716.0550000000012 16.000000000000004 19.470000000000002 4350.6535714285719 350.22000000000008 0.92153846153846175 1.5000000000000002 16.000000000000004 13984.92 19.500000000000004 11041.500000000002 21.500000000000004 39.500000000000007 3390.3900000000008 223.44850578309817 3.5000000000000004 37.990000000000002 2555.3600000000006 16.000000000000004 21.500000000000004
decision_type=8 10 10 8 10 10 10 8 2 8 9 2 2 2 10 10 8 2 10 10 10 2 10 10 2 2 10 2 10 2 2 10 9 8 8 2 10 8 2 10 10 2 8 2 8 10 10 10 2 2 10 2 8 2 2 8 8 2 8 8 2 2
left_child=3 4 6 14 9 22 24 37 16 44 12 -7 21 15 26 48 23 -9 36 33 32 27 -5 -4 -3 49 -1 -8 54 -28 42 -32 -10 -19 -21 -35 40 57 -37 -40 -13 -24 53 -17 -2 46 -20 -14 -11 -25 -51 -39 -31 -18 -29 56 -56 -6 59 -45 -22 -62
right_child=1 2 8 5 7 11 10 17 20 13 -12 18 47 -15 -16 43 30 19 45 34 60 -23 41 25 -26 -27 29 28 -30 52 31 -33 -34 35 -36 38 -38 51 39 -41 -42 -43 -44 58 -46 -47 -48 -49 -50 50 -52 -53 -54 -55 55 -57 -58 -59 -60 -61 61 -63
leaf_value=-0.034805512918628073 -0.026187454082084366 -0.0037200007127653786 -0.025295287850151813 -0.030567151856021411 -0.013402268387320124 -0.032860223247115967 -0.015297485096319043 -0.0099088277834112563 0.040479403088994052 -0.024318660407389735 0.0024793970893838657 0.0020939689722798555 0.022458641836882485 0.010130563538163013 -0.038290953963740167 -0.032832302545897675 0.00097446332175237557 -0.01554320048589198 -0.014907937893860945 0.016999701433416378 0.024869105750374293 0.034112237391235478 -0.015158231144078245 0.00045022360324387166 0.0098935175996397035 0.03379891973041016 -0.038520470333210592 0.0090665833321691442 0.0023441938313177955 -0.026238306136328205 0.04239425226489299 0.0095583780443982466 0.028251675877261007 -0.0055825301609311231 0.030414142987292704 0.020048828784100546 0.0055043074265584543 -0.010850569406436436 0.0034036151775324354 0.015082988392738245 -0.014370027075151531 -0.024512016771745294 0.015447900627318207 -0.0089265296015181624 -0.014254236282641363 -0.021826022499880426 -0.0010228716566006314 0.034030124774637481 -0.010612091893146122 0.024670552505130654 -0.018495836205076305 0.0072929951047042696 -0.0012113080410248722 0.034383380579101695 0.022615915612908655 0.035748547556938126 0.0064656174077314041 6.1823306359422498e-05 -0.0053863172617697489 0.0091579005496993972 0.027616356689344028 0.045425531986782786
leaf_weight=5867.6454650312662 1179.3701514899731 1432.9376473724842 57.334842503070831 2801.2157790064812 916.56542363762856 473.11680772900581 134.32488425076008 355.05318041145802 2064.6769835054874 683.54640181362629 1009.1572482734919 732.99218159914017 1043.5253964215517 1058.9738826453686 9323.131625443697 98.348802790045738 75.619040831923485 172.80461636185646 1262.2355515658855 2877.232370018959 210.99937477707863 678.75250627100468 2039.7860053628683 167.77682326734066 1997.1155901998281 1913.3190206289291 972.94013501703739 652.08073338866234 545.63213770091534 4710.4009985476732 2238.46488969028 150.08192223310471 1887.4839228987694 366.14372299611568 864.92271393537521 1448.3975939899683 1397.4991901963949 315.4518505781889 1513.2659232318401 1719.0627381056547 870.19870391488075 3010.2332990169525 423.23031981289387 333.51670338213444 1730.8014426231384 822.31294800341129 863.52322812378407 2113.967974588275 1629.3888490498066 3517.2168700844049 48.123793035745621 1503.5263063162565 136.02446684241295 1753.9975740164518 2489.6123341023922 498.99614807963371 757.22724851965904 805.81392505764961 1439.0178006887436 1114.1298373043537 263.90751613676548 5224.9170022904873
leaf_count=41622 7374 7315 320 18500 4883 3095 646 1781 8331 3997 4572 3930 4345 5276 68640 536 335 953 7344 12612 853 2865 12328 770 9180 7850 6873 2892 2443 32193 9039 632 7651 1722 3694 6591 6873 1693 7216 7665 4798 18896 1760 1743 10130 4755 4738 8635 9077 14594 203 7655 795 7142 10857 2112 3441 4111 7462 5732 1063 20936
internal_value=-0.000106988 0.0173015 0.027585 -0.0274781 0.00180032 -0.0173007 0.0164605 0.00952108 0.0350123 -0.00891223 0.0206952 -0.00880449 0.0227286 -0.00424715 -0.0343909 -0.00712239 0.0302088 0.013645 -0.00688609 0.0145792 0.0401571 0.0186578 -0.0242481 0.0261518 0.00420691 0.0266786 -0.0312768 0.0165857 0.0174549 -0.0277133 0.0351878 0.0403359 0.0348221 0.0106127 0.0201075 0.0115112 -0.00109419 -0.00132927 0.0128492 0.00961785 -0.00684594 -0.0207376 0.029714 -0.00126994 -0.0190976 -0.012779 -0.0092707 0.0302142 -0.0146716 0.0230212 0.0240829 0.00414226 -0.0255363 0.0330039 0.0193287 0.0211122 0.0188525 -0.00710672 -0.000183615 0.00498823 0.0438495 0.0445744
internal_weight=90759.1 55475.8 33350.5 35283.3 22125.3 14273.1 13353.3 12858.2 19997.1 9267.09 9923.28 6421.88 8914.12 6356.92 21010.1 5297.95 10345.2 9316.88 5948.76 8961.83 9651.98 5756.63 7851.24 5703.77 3430.05 5646.44 11687 5077.87 4943.55 5819.37 4641.39 2388.55 3952.16 5219.67 3742.16 5046.87 3000.69 3541.36 4680.73 3232.33 1603.19 5050.02 2252.85 2985.01 2910.17 2948.07 2125.76 3157.49 2312.94 3733.12 3565.34 1818.98 4846.43 1829.62 4397.92 3745.84 3246.84 1722.38 2886.66 1447.65 5699.82 5488.82
internal_count=488065 252685 140782 235380 111903 85257 59303 60576 81479 51327 42808 35533 38236 33823 150123 28547 42645 42234 32438 40453 38834 25256 49724 23737 16495 23417 81483 22391 21745 39861 18908 9671 15982 24147 16306 23194 15601 18342 21472 14881 8728 31224 9237 15473 17504 16837 12082 12980 13074 15567 14797 9348 32988 7477 19302 16410 14298 8994 14937 7475 22852 21999
cat_boundaries=0 1 2
cat_threshold=153000 1408
is_linear=0
shrinkage=0.035


Tree=17
num_leaves=63
num_cat=2
split_feature=5 13 50 0 2 7 13 2 2 13 16 22 2 23 24 2 26 34 2 14 34 21 0 37 14 34 22 14 14 26 16 32 27 25 26 13 24 14 32 26 7 14 0 13 48 26 26 44 14 17 1 17 14 29 26 26 22 45 32 2 44 26
split_gain=33240.7 6695.66 1996.75 1964.62 1524.3 676.751 484.66 456.655 367.85 366.714 293.394 238.204 211.992 210.707 209.183 197.903 195.081 189.789 175.715 153.046 146.871 139.096 114.463 111.263 102.435 101.953 101.492 94.6289 93.7017 95.6845 92.8627 103.161 90.8161 93.1094 93.2601 87.1434 86.9472 85.3626 86.8451 85.3501 83.8664 83.5057 79.8608 79.2932 75.9639 75.3746 104.163 76.67 74.7512 74.363 71.9787 89.174 71.3565 85.7276 88.7808 87.4906 82.1315 67.9075 67.5036 67.0413 66.1138 65.6424
threshold=0.48000000000000015 0.74537037037037046 1.0000000180025095e-35 382.78333333333336 86.805000000000021 0.95833333333333337 0.48074074074074075 30.140000000000004 1227.7200000000003 0.39208074534161497 0 1.0000000180025095e-35 209.07000000000005 0.93301270189221952 9.5000000000000018 15.850000000000001 21.500000000000004 2.5000000000000004 458.76000000000005 18.000000000000004 1.5000000000000002 15.850000000000001 19.521666666666672 13109.220000000003 19.500000000000004 1.5000000000000002 1.0000000180025095e-35 16.000000000000004 18.000000000000004 314.50000000000006 1 6802.920000000001 1.0000000180025095e-35 182.37386363636367 30.000000000000004 0.93095238095238109 3.5000000000000004 18.000000000000004 11810.43 21.500000000000004 0.76388888888888895 16.000000000000004 21.000000000000043 0.86038961038961048 2.5000000000000004 21.500000000000004 122.00000000000001 107.58000000000003 16.000000000000004 13984.92 1081.3500000000001 11762.380000000003 19.500000000000004 84.500000000000014 131.50000000000003 51.000000000000007 1.0000000180025095e-35 2.5634920634920637 1703.9700000000003 115.31000000000002 37.990000000000002 192.50000000000003
decision_type=8 10 8 10 10 10 8 10 10 8 9 2 10 2 10 10 2 2 10 2 2 10 10 10 2 2 2 2 2 2 9 8 8 10 2 10 10 2 8 2 10 2 10 10 2 2 2 8 2 10 8 8 2 2 2 2 2 10 10 10 8 2
left_child=2 4 14 7 9 42 37 25 16 40 19 -7 36 15 22 -11 -5 52 28 -9 50 44 -1 24 -14 -3 -24 -20 -8 45 -12 -32 -29 34 -34 -23 -13 -6 -39 -22 -2 -17 -4 -41 -10 -30 -47 -48 -19 -36 -21 -52 -18 -54 55 -55 -56 -26 -58 -45 -43 -28
right_child=1 3 5 8 6 11 18 10 21 13 30 12 23 -15 -16 41 17 48 27 20 39 35 26 -25 57 -27 61 32 29 -31 31 -33 33 -35 49 -37 -38 38 -40 43 -42 60 -44 59 -46 46 47 -49 -50 -51 51 -53 53 54 56 -57 58 -59 -60 -61 -62 -63
leaf_value=-0.034155968092332165 -0.026509949738770008 -0.0078956870449766736 -0.028846602211167062 0.0061465177290547573 -0.019397358873412453 -0.032186951789157259 -0.0087143931280809096 0.0025383574444724209 0.017445737410756817 -0.014030243066846212 0.00083361556845377397 -0.0088481920225658203 -0.01782548593634533 0.010161596371137335 -0.037370033244467388 -0.031254594186236169 0.014528556588730805 0.013069644756581834 -0.0028078210942613607 0.010474063524739424 0.0058788826727360017 0.034546711882387927 -0.037973864789715435 -0.028098822910820945 0.0083592201766778118 0.007517601600786265 -0.019816015430188575 -0.015741571072640258 -0.013554317912525721 0.026167829603240551 0.0036972527095094159 0.019137735069637285 0.0066877215711819548 0.0071974957220453835 0.024113660889366114 0.044319591763628291 -0.018544731275873808 -0.0054486158254942766 0.0059964485832803283 0.023065709399242174 -0.014089197136653521 0.0054812601795342719 -0.020524666175189683 0.026083716027055222 0.034657742271430897 0.016269383351128101 0.010267020417233789 -0.0022049869484486459 0.035965235368293713 -0.013835314462843187 0.037201628161655946 0.012600699710109632 0.036783229883631939 0.019139476513019088 -0.040046761302731285 0.034044948255561168 0.023002392384822285 -0.0033662940222285581 0.0025496598321709785 0.038731527226466445 -0.0047457034006938735 -0.028576021699460497
leaf_weight=4805.7302260249853 1052.7265064716339 936.02626426517963 3776.4612967669964 424.34556239843369 291.4075542986393 562.45255324244499 336.27609531581402 395.42721837759018 363.85557027161121 2418.3609804064035 920.78925444185734 2469.4227691739798 329.02839359641075 1117.0830732584 10690.266388118267 105.39333498477936 592.54984883964062 182.384003251791 249.77304604649544 988.8455331325531 185.20795510709286 1512.0429906398058 807.04594306647778 176.70039366185665 1311.2738876491785 1196.6299318671227 2019.5843679457903 88.530839487910271 175.93221011757851 427.53916634619236 792.52262824773788 1603.0646726042032 453.72259916365147 620.53940841555595 3787.1789883375168 4558.830828115344 2097.6140635609627 1603.0625671297312 1644.126462444663 1218.8464897722006 1825.1938069313765 1521.8878104537725 2279.8634095042944 812.74002148211002 2454.7743002921343 1766.9565055072308 1473.9611588567495 1021.7658457010984 5119.5433360487223 63.724851951003075 364.30979178845882 359.83686771988869 975.83656777441502 673.74543315172195 26.619437828660011 1741.7821110337973 1860.0677189826965 1121.9008170366287 221.46976609528065 1444.8914813250303 1574.3887664079666 2209.4853086769581
leaf_count=34744 6747 4822 25336 1800 1581 3681 1648 1768 1530 13719 4207 13624 1767 5527 80505 580 2507 762 1239 4554 798 6140 5819 984 6412 5528 13722 503 846 1942 3512 6924 2003 2700 16297 18318 12941 8379 8382 5210 10757 7812 14309 3452 9928 8025 6858 4708 20568 279 1534 1577 4001 2831 152 7140 7641 6203 926 5890 8133 15333
internal_value=-0.000108479 0.016674 -0.0270064 0.0271256 0.0025458 -0.0168756 0.00991282 0.015328 0.0335162 -0.00818433 0.0187486 -0.0102361 -0.00858719 -0.00371572 -0.0339745 -0.00647541 0.029464 0.0303318 0.0136985 0.0235196 0.0251062 0.0388996 -0.0302829 -0.00125396 0.000472877 0.000752154 -0.026581 0.0182074 0.00913405 0.010369 0.0103411 0.013975 0.0192547 0.0198869 0.021714 0.0418916 -0.0133048 -0.00128459 0.000346345 0.0290656 -0.0186403 -0.000766318 -0.0257178 0.0302988 0.0324428 0.00884167 0.00976898 0.00516207 0.0351803 0.0234823 0.0166305 0.0250114 0.026107 0.0273517 0.0253095 0.0298971 0.0200413 0.0029536 0.0208285 0.0341919 0.00028122 -0.0243984
internal_weight=90203.3 55546.5 34656.8 31927 23619.5 14124.7 14004.5 11219.1 20707.8 9615.03 9086.48 8068.39 7505.94 6737.11 20532.1 5620.03 11818.3 11394 10465.9 5770.11 5374.68 8889.5 9841.85 2938.9 2762.2 2132.66 5036.12 5263.47 5202.43 4866.15 3316.38 2395.59 5013.7 4925.17 4304.63 6070.87 4567.04 3538.6 3247.19 3661.69 2877.92 3201.67 6056.32 3476.48 2818.63 4438.62 4262.68 2495.73 5301.93 3850.9 1712.99 724.147 6092.07 5499.52 4523.68 2415.53 2108.16 2433.17 2081.54 2257.63 3096.28 4229.07
internal_count=488065 252685 235380 134020 118665 85257 65390 49776 84244 53275 39426 45612 41931 35771 150123 30244 48328 46528 47048 24783 23015 35916 69618 15366 14382 10350 34874 23021 24027 22379 14643 10436 21782 21279 18579 24458 26565 18342 16761 15350 17504 16525 39645 14552 11458 20437 19591 11566 21330 16576 7665 3111 25198 22691 18690 9971 8719 12615 8567 9342 15945 29055
cat_boundaries=0 1 2
cat_threshold=5544 75783
is_linear=0
shrinkage=0.035


Tree=18
num_leaves=63
num_cat=2
split_feature=5 13 2 50 2 7 0 13 4 34 34 13 27 24 13 2 2 16 7 23 47 7 14 27 1 27 32 14 18 17 26 14 26 26 26 41 14 4 14 32 14 4 31 23 0 19 1 7 31 4 23 26 47 14 26 16 48 26 45 26 27 14
split_gain=31303.2 6217.52 1975.65 1967.43 1301.35 652.223 491.431 459.102 369.214 277.317 260.998 250.392 229.252 211.137 205.896 201.161 184.343 163.532 144.184 138.526 129.653 122.61 118.649 116.463 114.145 110.779 108.31 107.886 107.698 102.962 101.932 103.074 93.2249 93.4299 92.4958 90.7194 90.5866 90.3483 82.1089 81.2125 80.0477 80.0474 79.605 79.0992 78.439 76.6845 75.764 75.6622 74.8364 99.8491 73.156 70.7339 70.0799 69.1813 69.3555 67.842 67.4832 67.3676 66.2562 65.9177 64.4969 62.9015
threshold=0.48000000000000015 0.71130952380952395 374.4500000000001 1.0000000180025095e-35 51.865000000000009 0.95833333333333337 62.670000000000009 0.48074074074074075 14.440000000000003 2.5000000000000004 1.5000000000000002 0.44222222222222224 1.0000000180025095e-35 10.500000000000002 0.94281045751633996 260.17500000000013 467.64500000000004 0 0.95833333333333337 0.68301270189221941 inf 0.91287878787878796 19.500000000000004 1.0000000180025095e-35 inf 1.0000000180025095e-35 11810.43 18.000000000000004 9502.8600000000006 12761.820000000002 39.500000000000007 19.500000000000004 131.50000000000003 21.500000000000004 21.500000000000004 3199.3200000000002 19.500000000000004 1.0000000180025095e-35 16.000000000000004 1367.6600000000001 16.000000000000004 0.55000000000000016 1.0000000180025095e-35 -0.6830127018922193 21.000000000000043 238.62083333333337 1739.5100000000004 0.76388888888888895 1.0000000180025095e-35 3.0800000000000005 -1.0000000180025095e-35 269.00000000000006 37.330000000000005 16.000000000000004 39.500000000000007 1 11.500000000000002 21.500000000000004 3.535714285714286 131.50000000000003 15.945000000000002 20.500000000000004
decision_type=8 10 10 8 10 10 10 8 10 2 2 8 10 10 10 10 10 9 10 2 8 10 2 10 8 10 8 2 10 8 2 2 2 2 2 8 2 8 2 10 2 8 2 2 10 10 8 10 2 10 2 2 10 2 2 9 2 2 10 2 10 2
left_child=3 4 6 13 11 44 18 26 23 17 24 47 -7 21 38 32 27 -8 -3 37 22 -1 -19 -4 61 -23 52 -9 36 46 -25 -32 33 -14 -29 -16 -17 -13 -12 42 -18 -42 -24 -36 -5 55 51 -2 49 60 -44 -22 -6 -11 -55 -20 -34 -40 -38 -28 -45 -10
right_child=1 2 8 5 7 12 9 16 10 53 14 19 15 -15 35 28 40 20 45 -21 29 25 39 30 -26 -27 59 34 -30 -31 31 -33 56 -35 43 -37 58 -39 57 -41 41 -43 50 48 -46 -47 -48 -49 -50 -51 -52 -53 -54 54 -56 -57 -58 -59 -60 -61 -62 -63
leaf_value=-0.033688251328918686 -0.025400169985265245 -0.009761232580859246 -0.026592324241902353 -0.028364011411839262 -0.02154565922465031 -0.031702994352139316 -0.0020394085512482926 -0.01114361930837289 0.0083075102355294143 -0.000909552405222651 0.01023908887118229 -0.013592191953291968 -0.029653832135274952 -0.037612219939445121 0.033920506689964776 -0.016711165129343605 -0.0045254283200774435 -0.0046796535655208331 -0.001979001134999232 0.0034853416062283916 0.016245936020938861 -0.037904049043175778 0.012852463491547835 0.0093193214687278154 0.032980696078516496 -0.023979173845985073 0.013391277882527485 -0.014295243805812123 -0.025252882291379817 0.0090609269244203653 0.012629496803192093 0.028515321717836314 -0.018237344193059359 -0.0034297109673392663 0.0020599745967772162 0.042694594346777963 0.0080030066282383433 -3.6126190927068661e-06 0.012506585043290401 0.0015432506501187205 0.013142130752170482 0.022586894707110429 -0.00056924614840622636 -0.025603621648855494 -0.020056552029983809 -0.015466781391140485 0.035953697294698113 -0.013855819010633147 0.018237377236239059 0.017098928028183732 0.027847726666269983 0.04034063024241781 -0.0048122430913834042 0.010958003791676626 0.028818175541915396 0.013581811182290042 -0.0030351112793678627 0.033294363215482944 -0.0057919318413568368 -0.00041221051351997653 0.0046498401945898604 0.02384379864388134
leaf_weight=6159.2690333873034 1096.0777997821569 861.59572349488735 53.832518666982651 3707.5345884561539 374.94886973500252 551.26639631390572 664.40693135559559 356.702258720994 469.9335518181324 109.45033444464207 221.95729154348373 2002.6088574528694 184.75937896966934 8851.6443131119013 1906.9882687479258 290.01735097169876 205.08181658387184 431.62825378775597 467.39194209873676 1542.4919876456261 780.42312367260456 843.5072088688612 2175.3601043522358 472.12140306830406 1362.6292437911034 4209.8295808583498 584.42436093091965 205.62447033822536 197.16949808597565 488.23197069764137 577.50245355069637 3859.5247046202421 2673.2983364462852 1603.1242437362671 1298.5470329225063 6309.3592137992382 1514.0584998577833 855.23611550033092 203.27408221364021 499.21306157112122 2225.6933643519878 2183.9882877767086 125.66096666455269 90.651059612631798 2251.9406694322824 163.04955938458443 718.75222583115101 1917.1702628135681 1485.9144198000431 984.556595697999 946.10796724259853 184.63877157866955 1667.4262213259935 292.10566301643848 3224.3016166239977 1307.6203017532825 413.44366249442101 3621.6349509060383 592.78384709358215 1534.8479505330324 1486.4929264634848 1004.3684265613556
leaf_count=45741 7109 4514 311 25336 2151 3681 3049 1784 1954 468 957 11352 1095 68640 7686 1565 1028 1992 2211 7931 3347 6254 9635 2006 5530 29488 2936 1005 1097 2114 2432 15713 15969 8918 6125 25353 7531 4456 852 2250 9929 9215 562 477 14309 810 2991 11353 6780 4426 4093 783 8735 1212 13192 6080 2427 14593 3329 8043 7068 4092
internal_value=-0.000109958 0.0160735 0.0255787 -0.0265412 0.00166232 -0.0164592 0.0151926 0.00769698 0.0325351 0.0186253 0.0352587 -0.0102906 -0.0099403 -0.0335644 0.037474 -0.00832995 0.0115884 0.0145592 0.00214421 -0.00496598 0.0162735 -0.0303659 0.0126877 0.0242429 0.0256728 -0.0263106 -0.00214346 0.00749245 -0.000455379 0.0232367 0.0248057 0.026451 -0.0125194 -0.00615477 0.00869161 0.0406625 0.00159418 -0.00952711 0.0309919 0.0146894 0.0168299 0.0178239 0.0167094 0.00957824 -0.0252287 0.00743927 0.0273392 -0.0180621 0.0119891 0.00835914 0.0245185 0.0208928 -0.00789328 0.0264854 0.0273381 0.0095509 -0.0162028 0.0321932 0.00412074 0.00339885 0.00289581 0.0189006
internal_weight=89645.2 55601.5 33503.1 34043.6 22098.5 13979.4 13439.9 14684.9 20063.1 10640.3 15100.1 7413.59 8019.92 20064.3 12263.2 7468.65 10523.3 7014.42 2799.66 4400.34 6350.02 11212.6 4177.97 4962.98 2836.93 5053.34 4161.65 5908.49 2594.03 2172.05 4909.15 4437.03 4874.63 1787.88 5551.79 8216.35 2396.86 2857.84 4046.87 3746.34 4614.76 4409.68 3247.13 5346.16 5959.48 1938.06 1683.81 3013.25 4047.62 2561.7 1071.77 965.062 2042.38 3625.86 3516.41 1775.01 3086.74 3824.91 2106.84 2119.27 1577.14 1474.3
internal_count=488065 252685 140782 235380 111903 85257 59303 69702 81479 45688 61017 42201 45612 150123 49441 41931 47837 30816 13615 23739 27767 81483 18532 20462 11576 35742 21865 27665 13522 9235 20151 18145 28409 10013 25881 33039 12425 15808 16402 16540 20172 19144 14290 24876 39645 9101 7121 18462 18751 11971 4655 4130 10886 14872 14404 8291 18396 15445 10860 10979 7545 6046
cat_boundaries=0 1 2
cat_threshold=75781 75879
is_linear=0
shrinkage=0.035


Tree=19
num_leaves=63
num_cat=3
split_feature=5 13 50 0 2 7 13 4 2 13 16 21 2 22 24 2 23 20 14 4 41 23 4 26 40 2 22 41 14 47 26 26 27 34 14 44 2 16 49 0 23 16 14 17 48 24 7 40 22 23 47 26 23 2 14 12 34 14 6 1 49 14
split_gain=29483.9 5774.27 1938.1 1728.35 1335.13 628.36 426.045 425.664 400.767 321.174 262.453 250.507 231.919 220.6 213.645 192.141 144.559 137.441 133.535 132.033 127.872 126.591 124.288 115.787 115.54 105.734 105.115 103.518 97.6927 97.5375 97.5195 96.9814 97.5466 92.2945 87.3992 80.7791 80.0791 78.9172 79.7525 77.7413 75.6913 75.3451 74.6361 74.044 80.9386 71.0712 71.0376 66.553 73.4194 66.1217 65.731 65.1638 78.3038 75.8625 64.7001 64.4616 63.8388 63.7857 63.6084 67.7532 62.6885 60.1463
threshold=0.48000000000000015 0.74537037037037046 1.0000000180025095e-35 382.78333333333336 141.33000000000004 0.95833333333333337 0.39208074534161497 16.215000000000007 30.140000000000004 0.49074074074074076 0 8.6800000000000015 16.595000000000006 1.0000000180025095e-35 8.5000000000000018 112.35000000000001 0.68301270189221941 4.566311421705711 16.000000000000004 18.735000000000003 2373.2100000000005 0.93301270189221952 0.70000000000000007 21.500000000000004 4388.1900000000014 1.8900000000000001 1.0000000180025095e-35 3243.6000000000008 19.500000000000004 19.470000000000002 192.50000000000003 21.500000000000004 1.0000000180025095e-35 1.5000000000000002 19.500000000000004 84.980000000000018 1115.1400000000001 1 13.500000000000002 8.740000000000002 -0.6830127018922193 2 16.000000000000004 12761.820000000002 3.5000000000000004 3.5000000000000004 0.95833333333333337 6363.7400000000007 29.500000000000004 0.68301270189221941 4641.8750000000009 299.50000000000006 0.93301270189221952 553.7700000000001 18.000000000000004 1137.9100000000001 1.5000000000000002 20.500000000000004 382.73500000000007 69.500000000000014 2.5000000000000004 18.000000000000004
decision_type=8 10 8 10 10 10 8 10 10 8 9 10 10 2 10 10 2 10 2 10 8 2 8 2 10 10 2 8 2 8 2 2 8 2 2 8 10 9 10 10 2 9 2 10 2 10 10 10 2 2 8 2 2 10 2 10 2 2 10 10 8 2
left_child=2 4 14 8 6 39 29 23 33 54 17 43 21 -7 25 45 27 46 -11 31 41 56 -19 -5 28 -1 -25 -14 -17 -2 -27 -20 -33 -3 -28 -29 -22 -12 -39 -4 -30 -13 -24 44 -9 -15 -10 50 -49 -31 60 52 53 55 -6 -36 -8 -43 59 -46 -34 -48
right_child=1 3 5 7 9 13 12 11 10 18 37 20 16 15 -16 24 -18 22 19 -21 36 -23 42 26 -26 30 34 35 40 49 -32 32 47 -35 51 -37 -38 38 -40 -41 -42 57 -44 -45 58 -47 61 48 -50 -51 -52 -53 -54 -55 -56 -57 -58 -59 -60 -61 -62 -63
leaf_value=-0.033542839609151012 -0.024758845675283494 -0.0077523466460121945 -0.029057225246518107 -0.00084015077339403611 -0.017034960912401368 -0.031226383622416396 -0.016697816341915344 0.019655024933295209 -0.0036330084824066464 -0.0065865887756326692 0.00064340472217244075 0.038974554560626838 -0.011129948375306302 -0.0093532169922974692 -0.036109802416910343 -0.017064095443246361 0.011375391078295988 0.011139362024635245 -0.011471339139318129 0.020720093623730982 0.035390093718701464 0.0044340232457966604 0.00090940922068939408 -0.021293241104498716 -0.014129044214089352 -0.019444876048801466 0.0122317594066675 0.0061912257624165386 -0.0089305816357591206 -0.016436073972807198 -0.029772967142602462 -0.015266436177152381 0.00033258720862051053 0.0069078525644929037 0.019292093854999394 -0.0069999430474636474 0.042503214981860042 0.015356158358919132 -0.0029849920276209187 -0.020956133721409278 0.0057840779044438986 0.015703532510270717 0.030439206744012706 0.0022832076020160184 0.041240602421541477 -0.019241285313827156 -0.0078231553075176572 -0.017916916898072004 0.0094400050435942962 -0.0028209641183787344 0.021479002906942438 0.03614397726799113 0.035011073688921424 0.026290363270334252 0.0019182250563395877 -0.0012670904964811628 -0.0040464760648630613 0.030750850731686954 0.015480582095960723 0.029283588293115427 0.01399567620007193 0.018675132117654477
leaf_weight=3164.8781202584505 1208.6320255100727 933.45620995759964 2740.7075314819813 234.09633196890354 239.70292443037033 540.30184695124626 1760.7885392308235 1030.9683005809784 217.22784414887428 379.32051703333855 921.63514685630798 808.51169784367085 962.70850567519665 1942.2252232730389 11883.467447966337 340.2295797765255 1581.8114306777716 551.35076357424259 214.50457614660263 2900.516161352396 3454.5555059611797 627.51632586121559 109.06447008252144 60.658459097146988 836.95305976271629 2024.7295207083225 611.77157397568226 1892.0726460367441 535.06990663707256 1404.0005486607552 2533.508772149682 150.45305623114109 473.6649384945631 1202.6719591915607 1064.0677213221788 811.92431397736073 4579.0612769424915 2075.3507315665483 337.30464696884155 3124.1158428639174 2128.7466235458851 589.81538753211498 2752.5526049286127 138.88601072132587 797.24569644033909 1649.3251641243696 109.99471241235733 159.34004728496075 478.87867717444897 634.88153602182865 1266.4415739774704 708.04762068390846 744.5826950520277 2329.905892983079 2645.5935880690813 226.41766308248043 677.17400914430618 844.34874927997589 300.33628891408443 2229.8196156620979 3128.9964806884527 2074.5402229428291
leaf_count=23837 7827 4822 19203 1011 1303 3681 10403 4259 1053 1899 4207 3251 5006 10951 93811 1880 7634 2443 1016 12285 13875 3178 483 341 4625 14097 2557 9557 2864 8394 18378 845 2147 5528 4421 4111 18466 8934 1502 20442 11096 2399 11388 578 3199 10515 499 721 2146 3649 5597 2873 3029 9426 13515 956 3580 3394 1219 8990 13852 8917
internal_value=-0.000111151 0.0155003 -0.0260817 0.0251772 0.00236229 -0.0160507 -0.00613205 0.0311718 0.0141514 0.0105206 0.0173381 0.0343623 -0.00193221 -0.00965201 -0.03316 -0.0080797 0.0025353 0.0218288 0.0137303 0.0146095 0.0373808 -0.00957951 0.0263825 0.0232848 -0.00263692 -0.0286172 0.0242677 -0.00128037 0.00056852 -0.0168802 -0.0251906 0.0115882 0.0124643 0.000500934 0.0247576 0.00222921 0.0394493 0.00940875 0.012739 -0.0247462 0.00282616 0.0299567 0.0293145 0.0274582 0.0282598 -0.0138981 0.0154405 0.0132245 0.00259263 -0.0122 0.0146173 0.0262654 0.024655 0.0225161 0.000338287 0.0156868 -0.0131869 0.0244077 0.0309192 0.0324453 0.0121999 0.0173379
internal_weight=89081.4 55637.2 33444.3 32038.2 23598.9 13837.7 11561.5 20753.1 11285.1 12037.4 9149.02 14773.5 8314 7972.85 19606.6 7432.55 5248.52 5814.73 9152.12 8772.8 10276.3 3065.48 3412.97 5979.55 3841 7723.12 5745.45 3666.71 3004.05 3247.51 4558.24 5872.28 5657.77 2136.13 5684.79 2704 8033.62 3334.29 2412.66 5864.82 2663.82 2242.68 2861.62 4497.26 4358.37 3591.55 2401.76 5507.32 638.219 2038.88 4869.1 5073.02 4364.97 3620.39 2885.3 1290.49 2437.96 1434.16 3327.4 3027.07 3602.66 2184.53
internal_count=488065 252685 235380 134020 118665 85257 63339 84244 49776 55326 39426 59630 43469 45612 150123 41931 26308 24783 40508 38609 41385 17161 14314 24614 20465 56312 23603 18674 15840 19870 32475 26324 25308 10350 23262 13668 32341 14643 10436 39645 13960 9044 11871 18245 17667 21466 10469 24463 2867 12043 21596 20705 17832 14803 14818 5377 13983 5793 13408 12189 15999 9416
cat_boundaries=0 1 2 3
cat_threshold=5544 75783 5248
is_linear=0
shrinkage=0.035


Tree=20
num_leaves=63
num_cat=0
split_feature=20 13 2 24 2 0 2 45 34 32 24 34 42 22 2 7 23 47 14 5 7 26 13 26 26 40 7 42 19 14 32 23 48 14 2 22 3 22 18 40 26 48 42 22 42 22 23 22 1 22 8 42 26 37 47 18 3 18 2 44 17 18
split_gain=27810 5736.24 1803.72 1520.44 1233.8 536.772 464.474 390.842 346.21 244.44 216.185 211.792 199.309 193.079 174.278 171.894 150.353 149.642 144.475 138.614 123.553 121.417 118.753 115.139 112.927 112.453 110.111 108.686 108.437 105.53 104.174 104.07 126.49 102.336 101.956 101.448 109.804 98.9892 128.674 98.9809 90.613 88.8393 81.5043 81.4282 78.1821 77.0692 77.0375 83.5207 77.0124 76.912 76.6533 75.2433 75.0646 74.2873 72.9699 67.2017 65.1707 63.0444 61.6933 59.4961 59.3351 58.7091
threshold=1.0000000180025095e-35 0.71130952380952395 374.4500000000001 5.5000000000000009 51.865000000000009 85.44000000000004 89.370000000000019 2.0801282051282057 2.5000000000000004 inf 10.500000000000002 1.5000000000000002 1.5000000000000002 1.0000000180025095e-35 467.64500000000004 0.95833333333333337 0.68301270189221941 inf 16.000000000000004 136.22500000000005 0.91287878787878796 21.500000000000004 0.87750000000000006 131.50000000000003 51.000000000000007 1.0000000180025095e-35 0.84523809523809534 3.5000000000000004 1059.4800000000002 18.000000000000004 612.49000000000012 0.93301270189221952 10.500000000000002 16.000000000000004 1.4650000000000001 19.500000000000004 86.500000000000014 26.500000000000004 4252.6050000000005 10112.85 21.500000000000004 3.5000000000000004 1.5000000000000002 1.0000000180025095e-35 3.5000000000000004 2.5000000000000004 -0.6830127018922193 1.5000000000000002 1405.8400000000004 52.500000000000007 13.500000000000002 3.5000000000000004 21.500000000000004 inf 4641.8750000000009 7125.5400000000018 257.50000000000006 11184.261136363637 10.105000000000002 66.245000000000019 8118.7200000000012 2480.8145833333338
decision_type=8 10 10 8 10 10 10 10 2 8 10 2 2 2 10 10 2 8 2 10 10 2 10 2 2 10 10 2 10 2 8 2 2 2 10 2 2 2 10 10 2 2 2 2 2 2 2 2 8 2 2 2 2 8 8 10 2 10 10 8 8 10
left_child=3 4 6 5 9 26 15 14 17 12 20 48 -2 -7 29 44 34 27 -13 21 -5 -10 -20 24 -15 -22 -1 53 31 -6 -9 32 50 -23 -11 36 41 38 -16 -37 -31 -19 -25 -29 -3 -18 -42 -48 -8 -35 58 -14 -24 -4 -39 -32 -54 -21 -17 -49 -50 -43
right_child=1 2 8 10 7 13 11 30 19 16 -12 18 51 23 37 28 45 35 22 57 25 33 52 42 -26 -27 -28 43 -30 40 55 -33 -34 49 -36 39 -38 54 -40 -41 46 61 -44 -45 -46 -47 47 59 60 -51 -52 -53 56 -55 -56 -57 -58 -59 -60 -61 -62 -63
leaf_value=-0.028098035323007382 -0.024988454604023814 -0.012737404786969424 0.011684899572054853 -0.032882579922845372 -0.011471096757088635 -0.031937662711986538 0.0052798510396267536 -0.009961208313284696 0.010354697416312671 -0.019423191033826288 -0.036970516196395548 -0.0086653287931691535 -0.012140235823797989 -0.012925064837077595 0.01373993932969588 -0.0055282226744968414 -0.010926080501576041 0.0072038606012899556 0.017526877360809687 0.041522933322736072 -0.039821415708058326 0.011437123066696078 0.003106836793894618 -0.015313930342991016 0.0061800378905607191 -0.023359242745813438 -0.01914126377884029 -0.025424221480164742 -0.014622295985482913 -0.014644950074720584 0.0035062881969500606 0.023436323236063789 0.022606010361434354 0.031062278934810561 -0.0039210672272483463 0.036268531748505257 -0.022747576742889637 0.016611814754894455 -0.010724279689069522 0.014604471134275218 0.0013054420048027445 0.03206303370357956 -0.0040015489094590217 0.026029271864827733 0.0059120426144547702 0.01164370942582948 -0.010043425595197527 0.016833805981686975 0.027121239806958627 0.040315134905097305 -0.0038081170515664262 0.0043424101255626294 0.027436490328144453 0.028144405484698556 0.030607260583466096 -0.013394137400528574 0.045195780916444557 0.024199831758570888 0.011368128980481215 0.0082705634548455465 0.0091599696944894438 0.0094084064043062146
leaf_weight=3306.6524344086647 1709.6892136633396 745.98684392869473 1508.4972706586123 5882.697010345757 372.00841200351715 406.03833344578743 1455.4924051612616 1360.2163054943085 311.40561996400356 711.74079322814941 8403.2364876940846 173.91404268145561 2166.6590353250504 546.70829337835312 2380.8793328404427 313.13693957030773 231.62267793715 276.98244868218899 2290.4577203989029 3565.8113497048616 578.67770258337259 261.32741667330265 143.55324877798557 1948.8268776386976 1229.3838779628277 4289.4689967781305 3447.3660590201616 37.301822051405907 221.29577168822289 212.6302293241024 2696.9390687793493 640.45553734898567 605.00507694482803 3591.3368770331144 1921.8073457479477 2803.4864577502012 60.168902739882469 1391.7256826460361 295.36776971817017 286.60042059421539 1352.0844137072563 1089.1591300815344 1302.1722135543823 3838.5751420259476 435.39410510659218 913.14434933662415 220.54758758842945 1777.0008665174246 458.27522996068001 1613.5729120820761 849.97833459079266 401.70178265869617 2920.6633048504591 432.4904618114233 682.87686814367771 321.70356287062168 279.33525547385216 282.64870467782021 1692.6625238358974 2262.9843782037497 445.28000223636627 161.97850397229195
leaf_count=23505 10883 3963 6245 45731 1874 2890 6582 7468 1277 4444 68640 781 12427 3045 10418 1508 1214 1153 9617 14427 4553 1082 604 11603 6499 31165 22259 220 1042 1050 13953 2798 2730 14416 10760 11308 247 6019 1304 1175 6380 4388 6964 15695 2105 4810 1113 8213 1916 6484 3943 2088 11905 1750 2916 1685 1128 1140 7627 10357 1921 658
internal_value=-0.000111928 0.0144128 0.0236345 -0.0266088 0.00108565 -0.0169422 0.0138228 0.00691434 0.0302997 -0.0100027 -0.0327582 0.0191185 -0.0157312 -0.00875014 0.0104488 0.00596269 -0.00351407 0.0258968 0.0227109 0.0350969 -0.0294626 0.0316533 0.0236808 -0.00687131 0.000295232 -0.0253239 -0.0235299 0.0221398 0.0091959 0.00658069 -0.00192288 0.0104843 0.00808135 0.0328645 -0.00811644 0.0305624 0.0233427 0.015492 0.0110369 0.0342646 0.00773527 0.0251712 -0.0107854 0.0255276 -0.00586502 0.00707157 0.00858559 0.0108951 0.0102685 0.0339379 0.00499742 -0.0095616 0.0278899 0.015365 0.0212311 0.00170133 0.0290004 0.0402573 0.0087289 0.0120404 0.0182897 0.0291399
internal_weight=88516.8 57175.6 33792.2 31341.2 23383.3 12187.1 13670.9 15327 20121.3 8056.37 19154.1 8166.97 4278.05 5433.13 10948.1 5503.92 3778.32 10495.2 5807.92 9626.1 10750.8 5777.64 5634.01 5027.09 1776.09 4868.15 6754.02 5816.86 4322.53 6197.26 4378.86 4101.24 3460.78 5466.24 2633.55 4678.38 1588.29 4750.85 2676.25 3090.09 5825.25 1528.12 3251 3875.88 1181.38 1144.77 5612.62 4260.53 2359.05 5204.91 2855.78 2568.36 3343.55 1940.99 2074.6 3018.64 3200 3848.46 2005.8 4039.99 903.555 1251.14
internal_count=488065 261211 141835 226854 119376 76765 60170 72750 81665 46626 150089 34454 25398 31001 49644 25716 21228 42839 24035 38826 81449 23259 23254 28111 9544 35718 45764 23910 19648 28987 23106 18606 15808 21982 15204 18929 6446 20657 11722 12483 27113 6199 18567 15915 6068 6024 26063 19683 10419 20900 13078 14515 13637 7995 8935 15638 13033 15567 9135 18570 3837 5046
is_linear=0
shrinkage=0.035


Tree=21
num_leaves=63
num_cat=4
split_feature=5 13 50 0 0 7 4 7 0 13 16 21 24 40 19 0 4 13 7 47 7 41 40 4 18 26 22 4 26 26 14 50 4 27 40 47 13 26 14 45 18 5 47 13 5 16 48 17 21 48 14 26 13 44 22 26 23 16 26 48 19 16
split_gain=26178.4 4993.06 1877.02 1525.81 1154.81 587.513 392.291 385.366 350.056 278.768 235.115 232.231 217.539 210.41 175.815 173.45 159.257 149.068 122.64 120.643 120.245 119.531 111.813 108.888 106.239 105 92.5218 91.2511 90.9796 93.2366 88.0897 89.0195 87.5917 86.5546 87.6843 91.2943 85.3794 82.7072 80.4694 77.2113 77.1425 77.2571 75.0859 73.7202 72.7697 71.3141 67.0243 76.2175 66.2874 64.9628 63.217 62.5142 61.8938 61.7333 61.3291 60.5967 68.0175 64.7758 60.4953 60.3597 58.2864 62.1951
threshold=0.48000000000000015 0.74537037037037046 1.0000000180025095e-35 382.78333333333336 189.88333333333335 0.95833333333333337 16.215000000000007 0.95833333333333337 62.670000000000009 0.42206477732793529 0 8.6800000000000015 10.500000000000002 1.0000000180025095e-35 677.95666666666682 332.6133333333334 2.7100000000000004 0.39208074534161497 0.91287878787878796 1.0000000180025095e-35 0.95833333333333337 2373.2100000000005 1.0000000180025095e-35 1.0000000180025095e-35 5529.2250000000013 21.500000000000004 1.0000000180025095e-35 0.70000000000000007 131.50000000000003 21.500000000000004 16.000000000000004 4.1569219381653513 25.580000000000005 1.0000000180025095e-35 8363.2266666666692 inf 0.91485507246376818 131.50000000000003 19.500000000000004 3.535714285714286 11770.278500000002 139.18000000000004 5326.0000000000009 0.53452380952380962 1296.4800000000002 1 3.5000000000000004 10070.100000000002 702.00000000000011 10.500000000000002 19.500000000000004 39.500000000000007 0.32738095238095244 250.31000000000003 19.500000000000004 314.50000000000006 0.93301270189221952 2 131.50000000000003 11.500000000000002 238.62083333333337 3
decision_type=8 10 8 10 10 10 10 10 10 8 9 10 10 10 10 10 10 10 10 10 10 8 10 8 10 2 2 8 2 2 2 10 10 8 10 8 10 2 2 10 10 10 8 8 10 9 2 10 8 2 2 2 10 10 2 2 2 9 2 2 10 9
left_child=2 4 12 8 7 39 25 17 20 53 14 46 18 -7 30 28 33 -2 -1 -9 -3 45 -20 37 50 -5 -27 -19 29 -15 -10 -32 -12 -11 35 43 -33 51 -28 -4 41 -23 -18 -35 -42 -13 -8 58 -34 -39 -17 -21 -25 -6 -37 56 57 -40 -48 -30 61 -22
right_child=1 3 5 6 9 13 11 19 10 16 32 21 -14 15 -16 24 42 27 22 23 60 40 -24 52 -26 26 38 -29 59 -31 31 36 48 34 -36 54 -38 49 55 -41 44 -43 -44 -45 -46 -47 47 -49 -50 -51 -52 -53 -54 -55 -56 -57 -58 -59 -60 -61 -62 -63
leaf_value=-0.03248658875037206 -0.020902113197982693 -0.0098146048259159947 -0.020172865156305515 -0.0014156845355636301 0.0018076315195277182 -0.038838867894455981 0.01769235413447794 0.0086341158200020553 -0.004253798929405756 -0.014752167111798466 0.004977279788502883 0.036602354500625427 -0.036654897550719094 -0.028646367411276998 -0.0061036994445539819 -0.014869688377240349 0.01527680560769615 -0.012795697333661364 -0.039545089621895638 -0.015580601967536068 0.012523673218701604 0.034670368339098298 -0.022920102052159816 -0.016090584246775293 -0.016441683392148663 -0.020641754753143782 0.010910749360757749 0.00018101729525187073 -0.017230177071004646 -0.0029592523808146583 0.016283039905115444 0.021224504830210694 0.021950243342413089 0.001202533795868237 -0.0051770097589321634 0.01113353846900474 0.032546483798158367 -0.015470254606209887 -0.0036381035760739118 -0.028401042739112904 0.011616156735437482 0.041820569858175331 0.028196225763250322 0.011244285293262823 0.046713683549722357 0.022525831174113137 0.035248646790406811 0.0070733425509263885 0.0071418151252460906 -0.00057896580136808926 0.0047636941513950386 0.0058376450859379441 0.0049992371224671017 -0.011525367475356976 0.026565212062624913 0.036424315563770689 0.032802400062666083 0.02204989563184381 0.025375379244774319 -0.0030799278168520783 -0.014766493571331505 -0.0027119128830839652
leaf_weight=5750.0825559645891 1919.2865495681763 769.32083594799042 3155.97615686059 235.09832918643951 1614.0278800278902 279.72480972111225 1044.5739517062902 1448.5858515352011 141.99614748358727 190.76016588509083 2120.1124335825443 807.06717179715633 8182.8549142181873 192.01135681569576 270.42867727577686 223.73529206216335 3507.2643317878246 1944.96619322896 563.27075520157814 214.28277134895325 1227.638992190361 4290.9765724241734 4225.7157230302691 185.93849819898605 426.5378246307373 59.700280845165253 615.00766445696354 1007.4450955688953 2754.2960620820522 1681.2394102364779 1398.0977387279272 1654.1973113417625 914.11362782120705 1349.2208775877953 478.64511409401894 651.094612210989 1630.1300511658192 1387.1295810043812 128.52604165673256 2532.1555664688349 265.96142306923866 3341.4650246053934 655.29416961967945 2664.1632385253906 98.965455114841461 1434.7312777340412 1240.6131906062365 204.45898927748203 624.25351487100124 484.10269799828529 1894.8634046316147 742.36909461021423 1936.4011849462986 576.5531158298254 615.66459666192532 464.17999774217606 748.03461071848869 3753.0479943305254 2018.7355991005898 426.99784556031227 142.09971591830254 447.63000792264938
leaf_count=45741 12565 4056 21507 1011 8275 2060 4293 7109 643 1065 9353 3251 68640 1176 1198 1226 15119 11402 4558 1166 5632 17287 31184 1080 2382 341 2557 5297 16889 9456 5931 7020 3795 6422 2220 2907 6632 7667 535 18138 1073 13580 2727 11914 401 5793 4988 841 2703 2632 9876 3828 9517 3028 2725 1877 3029 15264 8123 2547 706 2107
internal_value=-0.000112651 0.0144303 -0.0251831 0.0234143 0.00219953 -0.0152686 0.029056 -0.00589383 0.0130887 0.00961374 0.0164313 0.0321277 -0.0323669 -0.00907854 0.0212961 -0.00797817 0.0120657 -0.01331 -0.0290343 -0.000246385 0.00177574 0.0350452 -0.0248833 -0.00284631 -0.000526237 0.0215064 0.0224407 -0.00836912 -0.0117296 -0.0056061 0.0228771 0.0237006 0.00956805 0.00838939 0.00915839 0.0104586 0.0268522 -0.00734222 0.0228947 -0.0238401 0.0370524 0.0378058 0.0173169 0.00786959 0.021236 0.0278712 0.0254954 0.0278428 0.0159497 -0.0116201 0.00268427 0.00102886 0.00314485 -0.00170522 0.0186486 0.0243392 0.0231199 0.021246 0.0291431 -0.0153325 0.00668482 0.00851209
internal_weight=87953.8 55664.4 32289.5 32091.2 23573.2 13567.5 20751.1 11270.5 11340 12302.7 8753.33 14747.5 18721.9 7879.41 5094.85 7599.68 10112.1 4871.7 10539.1 6398.81 2586.69 10239.2 4788.99 4950.22 2545.14 6003.59 5768.5 2952.41 5054.54 1873.25 4824.42 4682.43 3658.48 5949.55 5758.79 5280.14 3284.33 2827.88 5708.8 5688.13 7997.37 7632.44 4162.56 4013.38 364.927 2241.8 4508.38 3463.81 1538.37 1871.23 2118.6 956.652 2122.34 2190.58 1266.76 5093.79 4629.61 3881.57 3259.35 3181.29 1817.37 1675.27
internal_count=488065 252685 235380 134020 118665 85257 84244 62263 49776 56402 37275 59630 150123 45612 21424 43552 45099 29264 81483 32999 12501 41385 35742 25890 13484 24614 23603 16699 30068 10632 20226 19583 15851 27253 26188 23968 13652 15293 23262 39645 32341 30867 17846 18336 1474 9044 18245 13952 6498 10299 11102 4994 10597 11303 5632 20705 18828 15799 13111 19436 8445 7739
cat_boundaries=0 1 2 3 4
cat_threshold=1440 5248 2048 152984
is_linear=0
shrinkage=0.035


Tree=22
num_leaves=63
num_cat=0
split_feature=20 13 2 24 2 0 2 45 34 34 22 45 14 2 13 13 7 52 48 7 22 47 24 14 26 23 23 44 0 4 26 1 17 26 22 18 26 4 26 18 22 40 7 2 13 26 4 14 42 7 26 14 3 9 47 47 3 40 19 26 48 8
split_gain=24748.5 4964.45 1603.55 1490.03 1090.46 584.439 532.983 348.098 265.567 235.036 224.698 212.908 193.806 188.33 152.998 149.334 147.886 145.395 137.874 125.399 124.15 120.492 115.542 114.958 127.199 114.662 113.526 106.516 113.788 101.154 100.634 93.2425 93.065 91.0435 90.6365 146.568 85.4209 106.803 88.252 82.646 104.26 111.958 81.9203 81.3464 80.0192 78.1363 76.4467 72.3205 72.2708 65.1165 64.0775 63.0086 79.5971 62.7728 61.7988 61.6405 60.1793 58.7912 57.1501 56.9861 98.4565 58.5038
threshold=1.0000000180025095e-35 0.71130952380952395 553.7700000000001 6.5000000000000009 46.305000000000014 85.44000000000004 89.370000000000019 2.5227272727272729 2.5000000000000004 1.5000000000000002 1.0000000180025095e-35 2.0871212121212124 16.000000000000004 467.64500000000004 0.23904761904761906 0.87750000000000006 0.95833333333333337 4.5000000000000009 2.5000000000000004 0.84523809523809534 1.5000000000000002 2206.2600000000007 10.500000000000002 16.000000000000004 21.500000000000004 0.68301270189221941 0.25000000000000011 394.01000000000005 358.11000000000007 2.1950000000000007 21.500000000000004 inf 9729.1800000000021 21.500000000000004 26.500000000000004 4252.6050000000005 122.00000000000001 1.3 284.50000000000006 11770.278500000002 29.500000000000004 5706.2400000000007 0.76388888888888895 3.8300000000000005 0.95553359683794481 39.500000000000007 37.840000000000011 16.000000000000004 3.5000000000000004 0.76388888888888895 21.500000000000004 16.000000000000004 257.50000000000006 1607.2200000000005 795.06000000000029 4641.8750000000009 100.50000000000001 1.0000000180025095e-35 129.1179166666667 122.00000000000001 10.500000000000002 16.500000000000004
decision_type=8 10 10 8 10 10 10 10 2 2 2 10 2 10 10 10 10 2 2 10 2 8 8 2 2 2 2 10 10 8 2 8 8 2 2 10 2 8 2 10 2 10 10 10 10 2 10 2 2 10 2 2 2 10 10 8 2 10 10 2 2 2
left_child=3 4 6 5 11 19 16 12 18 31 -7 25 -6 30 -12 47 48 -5 26 -1 -20 -9 49 -10 -25 43 -4 28 -16 54 -14 -8 -33 -17 35 50 -32 38 -38 40 41 -22 -13 -2 -26 -31 -42 -11 -3 -19 -15 -35 -53 -41 -18 -36 -52 -51 -21 -47 61 -61
right_child=1 2 8 17 7 10 9 21 23 15 14 42 13 34 27 33 29 22 20 58 39 -23 -24 24 44 -27 -28 -29 -30 45 36 32 -34 51 55 -37 37 -39 -40 53 46 -43 -44 -45 -46 59 -48 -49 -50 57 56 52 -54 -55 -56 -57 -58 -59 -60 60 -62 -63
leaf_value=-0.027912532692960245 -0.017598803095037939 -0.012218688063649575 0.025224592386952637 -0.0040626161891426623 -0.013073294553311555 -0.031917391462368883 0.0060532479055456492 -0.0088740049079071466 0.014612790353893731 -0.010687527859274192 -0.018171468746352122 -0.02366871164493433 -0.014989461771063211 -0.014387924171038192 -0.006905009319917178 0.0020274947350890247 0.0040872917577054711 -0.034016765214526089 -0.013067985579625607 -0.016034710190430547 0.025441479195809677 0.0077470329315575508 -0.03625681329769849 0.016886598190835916 0.029836698115773424 0.0030841854276124911 0.0038088243987012284 -0.015732727281266363 0.0057982104280264925 -0.0026670148668771917 0.011960627900982205 0.027929728662535 0.0080818865118377128 0.0031091882097600966 0.016027737415562168 -0.010991371514163278 -0.0048152690633614928 0.010271483102571099 0.0091394516012329209 -0.00039298761061593539 0.026901306031198377 -0.0072333752783470123 -0.012335293544875389 -0.0045900284291810036 0.038186133112919192 0.022229837478397969 0.03759481484254705 0.017077424837605801 0.0057368664156678753 -0.038791346527133459 0.016187522097755931 0.025930576662782472 0.042441407956473318 0.040198729214513486 -0.016093024454732641 0.028608368798327066 -0.0043124450159706621 -0.025606697381416101 -0.024605939756037278 0.0089669957653853369 0.025931253828465808 -0.013254405996332597
leaf_weight=4182.9877555221319 886.71579349040985 738.99919690191746 596.56806425750256 208.26220805943012 480.07528856396675 497.30158847570419 2015.0341650694609 2156.7355087697506 357.05272890627384 118.55605089664459 1253.5843071490526 1206.7481265217066 269.43748115003109 96.187456130981445 2107.9145802557468 191.41894802451134 1348.693017706275 3082.0086354389787 92.506442591547966 2539.2498098760843 3536.0846040397882 709.2725602388382 8582.4658092185855 452.06281624734402 1912.2652671486139 1526.0251788645983 616.45265311002731 813.05772158503532 1462.0684799551964 364.39067341387272 2501.3518013209105 609.2306674271822 552.59292827546597 135.44317647814751 1475.1705298423767 337.0954561829567 1852.4455579221249 1881.8466066122055 791.55665428936481 211.12709201872349 1497.380911052227 132.89301484823227 2228.267022125423 1752.2084740102291 5578.9968142956495 817.4960563480854 1851.4935702085495 3204.7434966117144 435.86538963019848 474.6211036965251 2287.1792229413986 4192.5569647401571 393.31540089845657 58.906316459178925 214.58968521654606 709.50602060556412 189.58013060688972 3487.1362137570977 1537.0295356363058 1034.7139804214239 397.84317861497402 167.88352644443512
leaf_count=31438 5386 3963 2414 1347 2481 3748 8904 11839 1459 545 8013 8235 1357 438 12378 801 6324 25402 461 17164 14254 3656 73500 1839 7699 7902 2654 4593 7707 1662 11574 2503 2353 582 6377 1516 9136 8676 3850 868 6041 542 13549 9558 22683 3553 7457 13269 2105 3972 9986 16970 1582 239 1028 3008 852 27258 10334 4596 1736 749
internal_value=-0.000112799 0.0134311 0.021998 -0.0257257 0.00101312 -0.0175731 0.0143852 0.0062706 0.0296273 0.0187036 -0.00938697 -0.00987307 0.00872677 0.00957235 -0.00739387 0.0218233 0.00545567 -0.0331346 0.0253072 -0.0236509 0.0271054 -0.0047594 -0.0335218 0.0340964 0.0349702 -0.00455128 0.0143533 -0.00430795 -0.0017023 0.00843391 0.00596553 0.0106113 0.0185047 0.0257016 0.0147358 0.0106847 0.00677101 0.0039008 -0.000635654 0.0276171 0.0283483 0.0242563 -0.0163225 -0.00896617 0.0360591 0.0124354 0.0328229 0.016084 -0.00555811 -0.0301846 0.0135278 0.0266608 0.0273556 0.00857752 0.00130865 0.0201247 0.0146173 -0.0271956 -0.0192719 0.0147116 0.0108598 0.00585644
internal_weight=87392.2 57164.6 33827.2 30227.7 23337.4 14393.2 16933.4 15737.4 16893.8 11412.9 6133.93 7599.96 12871.4 12391.4 5636.63 8236.03 5520.47 15834.5 8593.41 8259.27 7380.39 2866.01 15626.2 8300.38 7943.32 4164.95 1213.02 4383.04 3569.98 4345.61 7296.64 3176.86 1161.82 4912.73 5094.72 2910.04 7027.2 4525.85 2644 7287.89 7017.85 3668.98 3435.02 2638.92 7491.26 2782.33 3348.87 3323.3 1174.86 7043.77 2572.95 4721.32 4585.87 270.033 1563.28 2184.68 2476.76 3961.76 4076.28 2417.94 1600.44 1202.6
internal_count=488065 261211 141835 226854 119376 95375 73225 74746 68610 47509 36439 44630 59251 56770 32691 33749 25716 131479 34930 58936 29862 15495 130132 33680 32221 22846 5068 24678 20085 19648 34593 13760 4856 19935 22177 12792 33236 21662 12986 29401 28294 14796 21784 14944 30382 12296 13498 13814 6068 56632 11276 19134 18552 1107 7352 9385 10838 31230 27498 10634 7081 5345
is_linear=0
shrinkage=0.035


Tree=23
num_leaves=63
num_cat=2
split_feature=5 13 50 2 2 0 34 7 2 13 7 24 16 40 47 42 23 22 23 16 42 22 9 32 7 45 4 18 0 14 47 4 29 22 41 27 18 2 44 48 18 4 0 41 15 29 44 12 17 14 4 29 6 29 14 29 14 42 14 29 32 40
split_gain=23271.4 4594.25 1512.25 1413.35 1103.05 476.416 345.606 325.696 322.997 319.041 241.09 223.67 205.062 176.966 173.915 173.589 149.857 142.384 137.645 132.189 130.988 121.611 114.427 113.925 111.585 110.376 108.092 107.339 102.502 101.454 98.0111 96.1842 94.3113 94.2548 88.0341 87.5648 97.2266 80.4884 76.3935 75.4551 75.4052 92.5446 72.7831 69.9849 68.6147 68.3383 66.3825 73.0574 64.5646 64.5504 64.1917 64.075 60.1896 57.1679 57.0775 58.1261 56.3747 54.7125 54.5331 56.2117 53.8316 53.4571
threshold=1.0000000180025095e-35 0.74537037037037046 0.13416407864995034 303.03000000000009 95.800000000000026 85.44000000000004 2.5000000000000004 0.95833333333333337 1227.7200000000003 0.56832298136645976 0.95833333333333337 8.5000000000000018 0 1.0000000180025095e-35 6176.7750000000005 1.5000000000000002 0.93301270189221952 17.500000000000004 0.68301270189221941 1 1.5000000000000002 8.5000000000000018 176.10000000000002 7754.420000000001 0.95833333333333337 2.7888888888888892 4.3500000000000005 845.5754166666668 8.740000000000002 16.000000000000004 431.70000000000005 4.5050000000000008 192.00000000000003 1.5000000000000002 5319.9000000000005 12311.910000000002 4422.0750000000016 603.18000000000018 345.44000000000005 2.5000000000000004 11770.278500000002 1151.0000000000002 251.66000000000005 3199.3200000000002 0.92524613279643053 192.00000000000003 432.27000000000004 374.34666666666675 3385.3300000000004 18.000000000000004 1.0000000180025095e-35 69.500000000000014 167.70750000000004 353.00000000000006 19.500000000000004 353.00000000000006 19.500000000000004 5.5000000000000009 19.500000000000004 100.00000000000001 588.79000000000008 8363.2266666666692
decision_type=8 10 8 10 10 10 2 8 10 10 10 10 9 10 8 2 2 2 2 9 2 2 10 8 10 10 8 10 10 2 8 10 2 2 8 10 10 10 10 2 10 8 10 8 8 2 10 10 10 2 8 2 10 2 2 2 2 2 2 2 10 10
left_child=2 4 11 6 7 28 10 15 12 14 -3 24 31 -7 20 30 19 -14 34 26 -6 27 39 -19 -1 38 58 -10 -4 -11 -2 -5 -26 -16 -9 36 -25 51 42 -23 43 -42 -15 -24 -33 -30 47 -22 -18 -17 -36 -31 -46 -47 -8 57 -49 -56 -12 -60 -53 -35
right_child=1 3 5 8 9 13 54 18 21 29 16 -13 17 25 33 49 48 23 -20 -21 46 22 40 35 32 -27 -28 -29 45 37 -32 44 -34 61 50 -37 -38 -39 -40 -41 41 -43 -44 -45 52 53 -48 56 -50 -51 -52 60 -54 -55 55 -57 -58 -59 59 -61 -62 -63
leaf_value=-0.030157553100264883 -0.02493739657192454 -0.0059159759325136899 -0.027538692923677138 0.018956865452000069 -0.0082631333372605916 -0.037755456017596854 0.0087356045503760443 -0.012125811020417326 0.027844687221422457 -0.0065604507786812018 -0.013681411306076583 -0.034775125353702731 0.0087711661484668607 -0.0054487149953439664 -0.016380038158037215 -0.025857102307103343 0.017358323181167798 0.012945079432144565 0.0059019033668490416 2.472250132958518e-05 -0.00087201409519419449 0.012406572606209766 0.030449972231282246 0.021305368414201727 -0.027014875735316132 -0.011777600606219683 0.016488136356241068 0.00057333835886374173 -0.022435442256112725 0.021264056955696203 -0.0075329016679660347 0.032477952783938419 -0.013837813510309402 0.016138932459922175 -0.0052344626920805539 -0.011945887938343721 0.034897265422645672 0.018917693239468757 -0.011727370020656006 0.029694594223676776 0.0051999149000566888 0.042595199573913362 0.007891940358225805 0.039663191969187925 0.026514930738737685 -0.011206079924551299 -0.0098415552881258306 -0.0069452201852184901 0.037213615800676315 -0.0057500918270380376 0.0071663747913983814 0.011592403575673401 0.0073153725321629393 -0.033165416661655893 0.020047949123268925 0.0015580704103175529 0.011910628894525295 0.030096214784748384 0.018933758295106039 0.0030414193345019054 0.00084284957809583412 -0.001280277318102334
leaf_weight=4543.4344963058829 1700.8244403749704 1313.6609224677086 2431.2845664545894 1271.1903942972422 1716.5723010897636 229.48183637112379 401.13005584478378 1447.4555429518223 563.90975520014763 294.88605485856533 173.77120895683765 10738.873594708741 1432.6047275811434 910.32645878195763 134.91539795696735 212.82859368622303 701.66697260737419 1282.8840258270502 2055.3102868050337 1681.3435248583555 1420.6530707627535 367.89513769745827 1392.0824752300978 1677.1777941584587 1498.6244934275746 2449.9981209784746 2395.5070224255323 257.40154187381268 2266.894730001688 622.67588259279728 518.14621052145958 3579.1873120963573 1203.390624910593 1622.4845449626446 1536.8736504167318 73.745912253856659 1055.9949561655521 2777.3749173283577 671.95073774456978 2009.8080993145704 204.06827099621296 133.85928006470203 1111.6652053296566 3897.4354772269726 1488.3351368010044 1594.3396801054478 408.84215015172958 219.74513080716133 282.44516231119633 2310.6991801261902 765.07754401862621 2323.423614397645 232.12561793625355 159.21081955730915 1721.9849138259888 149.55046141147614 1634.7945918440819 1093.9458962827921 362.59562236070633 1091.9701154381037 756.60147151350975 248.74210564792156
leaf_count=36912 11501 6631 18272 5225 8930 1791 1673 7959 2290 1463 812 93811 5863 5242 705 1287 2988 5221 10257 7648 7182 1518 5648 6794 11456 14751 10280 1077 15692 2733 3141 14457 8667 7450 8451 305 4267 11602 3673 8098 831 548 5704 15965 6020 10521 1974 1100 1178 13639 3835 10223 948 1095 7069 627 7560 4446 1597 4955 3330 1177
internal_value=-0.000113172 0.0129883 -0.0251726 0.0216825 0.00163553 -0.0154488 0.0117482 -0.00693565 0.0270808 0.00801012 0.00778873 -0.0315651 0.0233608 -0.00774878 0.00298873 -0.0137391 0.0104806 0.0182423 -0.0013758 0.00830205 -0.000280564 0.0321745 0.0334919 0.0216015 -0.0268031 -0.00640305 0.0117306 0.0193089 -0.0218596 0.0134985 -0.0208785 0.0275894 -0.0211535 0.0117855 -0.00536572 0.0255519 0.0265676 0.0144122 -0.00151262 0.027026 0.0362186 0.0200948 0.00188608 0.0372447 0.0297081 -0.0184193 0.00344014 0.00510059 0.0230889 -0.00745544 -0.00111159 0.0110284 0.0239303 -0.0132176 0.0211555 0.022832 0.00967385 0.0239608 0.00479784 0.00701336 0.00895293 0.013824
internal_weight=86827.7 57018.2 29809.5 32289.3 24728.9 11825.2 11369.6 10547.2 20919.7 14181.7 8002.96 17984.3 12093.2 5373.42 7406.75 4742.5 6689.3 5522.41 5804.72 5705.19 5400.61 8826.46 8005.15 4089.8 7245.45 5143.94 4023.84 821.311 6451.73 6774.96 2218.97 6570.84 2702.02 2006.14 3749.41 2806.92 2733.17 6480.08 2693.94 2377.7 5627.45 337.928 2021.99 5289.52 5299.65 4020.45 3684.03 3275.19 984.112 2523.53 2301.95 3702.7 1720.46 1753.55 3366.61 2965.48 1854.54 2815.93 1628.34 1454.57 3080.03 1871.23
internal_count=488065 260478 227587 134979 125499 76741 49904 60070 85075 65429 36089 150846 49100 31161 36078 29568 29458 22450 30502 25292 26746 35975 32608 16587 57035 29370 17644 3367 45580 29351 14642 26650 20123 9332 20245 11366 11061 27888 14619 9616 22992 1379 10946 21613 21425 27308 17816 15842 4166 14926 12286 16286 6968 11616 13815 12142 8660 11515 7364 6552 13553 8627
cat_boundaries=0 1 2
cat_threshold=5512 136632
is_linear=0
shrinkage=0.035


Tree=24
num_leaves=63
num_cat=4
split_feature=20 13 24 2 12 0 2 34 34 22 47 34 32 43 13 52 0 2 13 48 24 7 22 22 0 6 23 26 26 48 44 1 17 44 14 2 26 16 19 23 16 23 47 16 48 26 26 18 14 26 44 14 26 26 26 14 7 16 19 22 19 0
split_gain=22014.8 4307.04 1457.13 1425.02 958.967 544.743 472.286 343.206 250.224 218.017 216.155 210.186 198.653 166.601 146.482 144.139 143.329 138.937 134.467 126.508 118.73 118.559 114.901 113.508 111.987 110.723 104.81 101.312 107.684 100.444 91.4355 84.5199 85.183 84.0475 83.7527 83.6857 82.2654 81.5284 84.0719 80.2794 79.3279 77.7648 76.9003 72.0938 71.9768 81.4852 97.2622 71.2311 67.8684 68.2475 67.3074 66.4595 66.6406 68.166 85.1465 65.9501 65.9191 62.2927 63.582 60.028 60.0193 56.8724
threshold=1.0000000180025095e-35 0.71130952380952395 6.5000000000000009 553.7700000000001 63.571666666666665 77.563333333333347 89.370000000000019 1.5000000000000002 2.5000000000000004 1.0000000180025095e-35 6176.7750000000005 1.5000000000000002 inf 4.5000000000000009 0.24500000000000002 4.5000000000000009 325.05000000000007 10.805000000000001 0.88117647058823534 2.5000000000000004 10.500000000000002 0.84523809523809534 1.5000000000000002 1.5000000000000002 643.83666666666693 157.21333333333337 0.25000000000000011 131.50000000000003 51.000000000000007 3.5000000000000004 382.04000000000002 inf 9729.1800000000021 172.71000000000004 20.500000000000004 1.8900000000000001 21.500000000000004 0 558.93750000000011 0.93301270189221952 1 -0.6830127018922193 inf 2 10.500000000000002 131.50000000000003 39.500000000000007 10806.150000000001 19.500000000000004 39.500000000000007 127.40000000000002 18.000000000000004 299.50000000000006 131.50000000000003 51.000000000000007 16.000000000000004 0.76388888888888895 3 1106.22 1.0000000180025095e-35 129.1179166666667 603.54666666666674
decision_type=8 10 8 10 10 10 10 2 2 2 8 2 8 2 10 2 10 10 10 2 8 10 2 2 10 10 2 2 2 2 10 8 8 8 2 10 2 9 10 2 9 2 8 9 2 2 2 10 2 2 10 2 2 2 2 2 10 9 10 2 10 10
left_child=2 4 5 6 12 21 17 10 19 -7 16 31 13 -2 -11 -4 51 39 55 26 56 -1 -12 -21 42 29 -5 28 -16 34 48 -8 -33 -24 -10 -14 -20 -19 44 -3 -29 -25 -9 -31 45 46 -39 -27 -18 -50 -42 -6 53 54 -53 -13 -17 58 -38 -58 -23 -60
right_child=1 3 15 8 7 9 11 24 25 14 22 18 35 -15 27 20 30 37 36 23 -22 60 33 41 -26 47 -28 40 -30 43 -32 32 -34 -35 -36 -37 57 38 -40 -41 50 -43 -44 -45 -46 -47 -48 -49 49 -51 -52 52 -54 -55 -56 -57 59 -59 61 -61 -62 -63
leaf_value=-0.027162881670715049 -0.02272466353931633 -0.0097759983202517567 -0.0032439224407762412 0.023497830472290007 -0.019492087041948165 -0.031344103616301022 0.0054354068086561224 0.0061265209903915594 0.013233843096848419 -0.017621641901405995 -0.013811210396230157 -0.010655193265401493 -0.014432916198797082 -0.0058427219494681572 -0.010875907356812358 -0.033314350518432859 -0.0082356150957807704 -0.0045685649379840626 0.0015584448768213828 -0.013160743656474865 -0.03565996599518715 -0.015138210546894544 0.015530539459872024 0.019323253478666067 0.018351924459352624 0.039020825300584851 0.0029657521520637768 0.0053794646110829529 0.008127431361916803 0.037655789416892314 -0.0072827478864877322 0.026260021244294388 0.0073150918991171593 0.0017192445848878274 0.030576843596295346 -0.00042943318403565462 0.028254738083215578 1.8798135128559643e-05 -0.0039635349254654876 0.013095581271842169 -0.004793471474044771 0.027791117403915738 0.019745744438757377 0.026853867754612883 0.023913105075593168 0.0034671124952564453 0.020957193366372247 0.020332241637624589 -0.0076686232285918974 0.0097221010640739704 -0.016636113886266148 -0.011643586005436668 0.0067126140314977233 -0.010331938004917959 0.0054851500298702038 0.01586626907351292 -0.036210215182157252 0.014034253227094775 -0.0065644305806829163 -0.024327867786076238 -0.024333395067618113 0.021424748236407654
leaf_weight=3991.7717408761382 2152.3975334465504 993.24888262152672 205.025107011199 598.41911612451077 382.50437551736832 496.38878174871206 2023.1062912940979 3175.4557928293943 780.58369785547256 1284.6957117319107 233.23126648366451 118.44173747301102 713.64910949021578 1074.1659444049001 521.57321819663048 2937.0642573535442 359.53443872928619 557.70014464855194 191.84975980222225 92.474760010838509 8147.0397295355797 2396.6844216734171 1969.5873161405325 1764.4297130852938 2126.1625463366508 2801.7260651737452 619.81851628422737 432.86733858287334 1212.7530945539474 1696.4189591109753 774.1801789700985 612.0302005559206 555.02355955541134 743.7290593534708 608.81302635371685 1947.3601924479008 3588.9684067815542 368.33817797899246 476.44144243001938 230.9174465239048 1139.4979601725936 5521.5070118904114 604.06391489505768 2075.1124557107687 504.72885005176067 1369.6344595700502 1035.5517847687006 278.10235321521759 308.67709009349346 2591.7698974460363 1215.9686134159565 548.40016063302755 581.88902507722378 1997.9538779258728 1006.3723684996367 3221.7616299688816 628.8625074326992 648.16025415062904 116.48927429318428 3178.426915243268 1373.3868974819779 369.5930098593235
leaf_count=31153 14069 5062 1347 2414 2151 3887 8904 14881 3176 8416 1233 545 4501 6030 3002 25402 1790 2659 801 461 73500 16604 9290 7118 9079 11586 2654 2472 6523 6910 3711 2503 2353 3556 2459 10724 14494 1681 2180 1076 6700 22283 2630 8411 2239 6250 4569 1138 1457 11959 7087 3002 3112 11059 5142 13284 5452 2656 476 25778 9531 1493
internal_value=-0.00011332 0.0125206 -0.0248551 0.0204969 0.000938413 -0.0167479 0.0133418 0.00506914 0.0277122 -0.00910264 0.00154627 0.0174012 -0.0112707 -0.017108 -0.00719647 -0.0324071 -0.00127093 0.00494851 0.0203499 0.0235281 -0.0328083 -0.0229549 0.00971982 0.0252541 0.0119264 0.0320737 0.0130625 -0.00423188 0.00240948 0.0289241 0.00352345 0.00976679 0.0172642 0.0117468 0.0208498 -0.004189 0.0240342 0.00790221 0.00974149 -0.00545451 -0.00836214 0.0257434 0.00830787 0.0318922 0.0117636 0.00954481 0.0154675 0.0373404 0.00609116 0.00786931 -0.0108654 -0.00555254 -0.00425856 -0.00605687 -0.000560107 0.0149229 -0.0293589 0.0249466 0.0265788 -0.0262995 -0.0184935 0.0147175
internal_weight=86272.5 57110.5 29162 33819.4 23291.1 14065.6 16982 17403.5 16837.4 6303.74 11497.8 11445.4 5887.57 3226.56 5807.36 15096.4 8551.28 5536.56 8255.26 8596.65 14891.4 7761.84 2946.55 7378.41 5905.68 8240.76 1218.24 4522.66 1734.33 5160.93 4034.16 3190.16 1167.05 2713.32 1389.4 2661.01 4915.06 4312.39 3754.69 1224.17 2788.33 7285.94 3779.52 3771.53 3278.25 2773.52 1403.89 3079.83 3259.98 2900.45 2355.47 4517.12 4134.62 3552.73 1554.77 3340.2 6744.35 4723.21 4075.05 3807.29 3770.07 486.082
internal_count=488065 261211 226854 141835 119376 95375 73225 84052 68610 38087 57462 47509 35324 20099 34200 131479 43383 25716 33749 34930 130132 57288 14079 29862 26590 33680 5068 25784 9525 20956 18917 13760 4856 12846 5635 15225 19920 19578 16919 6138 16259 29401 17511 15321 14739 12500 6250 12724 15206 13416 13787 24466 22315 19203 8144 13829 56632 19119 16463 31230 26135 1969
cat_boundaries=0 1 2 3 4
cat_threshold=75783 132184 1408 21928
is_linear=0
shrinkage=0.035


Tree=25
num_leaves=63
num_cat=2
split_feature=5 13 50 2 2 0 2 13 24 34 12 47 34 40 42 23 2 42 47 22 14 3 14 26 14 26 42 26 14 26 22 40 2 4 0 29 22 26 26 14 1 47 27 17 41 42 14 47 13 26 16 23 23 26 37 4 44 46 18 19 16 26
split_gain=20693.6 3992.21 1471.94 1252.53 979.127 439.697 416.52 331.957 226.826 225.093 206.365 204.17 191.244 167.121 162.507 150.713 130.135 125.008 157.434 121.145 115.012 113.762 108.574 108.171 107.403 115.614 107.303 106.902 116.601 104.156 102.659 122.076 101.971 101.501 100.261 98.8936 92.8388 90.8721 90.7356 118.434 83.7957 83.0815 77.0537 75.918 74.4144 74.0777 73.6286 73.1001 71.1216 69.5412 67.9595 63.8067 63.4754 62.3071 61.3856 61.1499 60.9278 60.8665 60.6411 60.2882 58.945 57.5031
threshold=1.0000000180025095e-35 0.74537037037037046 0.13416407864995034 553.7700000000001 46.305000000000014 85.44000000000004 89.370000000000019 0.56832298136645976 10.500000000000002 2.5000000000000004 15.157500000000002 6176.7750000000005 1.5000000000000002 1.0000000180025095e-35 1.5000000000000002 0.68301270189221941 4.330000000000001 4.5000000000000009 4232.1600000000008 1.0000000180025095e-35 16.000000000000004 254.50000000000003 16.000000000000004 30.000000000000004 18.000000000000004 299.50000000000006 1.5000000000000002 21.500000000000004 16.000000000000004 131.50000000000003 8.5000000000000018 849.17000000000019 603.18000000000018 4.5050000000000008 7.0400000000000045 324.00000000000006 1.5000000000000002 131.50000000000003 269.00000000000006 19.500000000000004 1188.9000000000003 11041.500000000002 11871.720000000003 9729.1800000000021 5319.9000000000005 2.5000000000000004 18.000000000000004 6176.7750000000005 0.95553359683794481 177.00000000000003 0 0.68301270189221941 0.93301270189221952 314.50000000000006 2444.5800000000004 1.0000000180025095e-35 84.980000000000018 53.790000000000013 1099.0050000000003 1081.4133333333334 1 269.00000000000006
decision_type=8 10 8 10 10 10 10 10 10 2 8 8 2 10 2 2 10 2 8 2 2 2 2 2 2 2 2 2 2 2 2 10 10 10 10 2 2 2 2 2 8 8 10 8 8 2 2 8 10 2 9 2 2 2 10 8 10 8 10 10 9 2
left_child=2 4 8 6 10 34 17 11 16 22 -2 14 40 -7 -6 26 -1 18 45 -18 -14 33 -5 -24 -9 32 -12 -11 -29 35 31 -25 51 52 -4 -15 -13 42 60 -40 57 -21 -32 -42 -28 -3 -16 -17 -30 -36 -35 56 61 -41 -20 -48 -26 -8 -52 -19 -31 -22
right_child=1 3 5 9 7 13 12 24 -10 27 15 36 20 29 46 47 19 59 54 41 21 -23 23 30 25 -27 44 28 48 38 37 -33 -34 50 49 -37 -38 -39 39 53 43 -43 -44 -45 -46 -47 55 -49 -50 -51 58 -53 -54 -55 -56 -57 -58 -59 -60 -61 -62 -63
leaf_value=-0.031603076980917612 -0.020080044912574885 -0.014885687402970898 -0.027098883264159723 0.00010678832060272153 -0.0093117184381529931 -0.037165428876865768 -0.0079131649674238202 -0.0027197363393061417 -0.035460913596171345 0.014530502302473885 -0.017929197219026218 -0.014599531194897295 -0.0039756278578996374 0.0057503935539598176 -0.012049259825279044 -0.002217518868901867 -0.035720748724099208 0.015997555524101401 0.0065107525560596149 -0.022032836021395923 0.0053230094946137571 0.034979495440850959 0.0086702247106857401 0.021128801870485981 0.010061316780307566 0.023806256716409749 -0.012565017345677873 0.012425925495524173 0.027016389604113154 -0.00030532801082656995 0.033508893262139197 -0.007918928152817889 0.016711931307670583 0.033617060863536607 -0.012577194067380171 -0.011872669695729121 0.012170080452058597 0.023148285606909118 -0.01982193530128426 -0.0045401718208455608 0.023954078110661286 0.0056782616843643738 0.0091257083270962231 0.0067193374103034003 -0.00085035825597814412 -0.00041922377635396775 -0.00040755153964256141 0.012640604909902584 0.035103820325685174 -0.021754867102886735 0.0094514131006870235 0.013361133682528619 0.027426521063440696 0.012307874871944468 0.023895490143885537 0.0081330116980379737 -0.00090394203555956118 0.0080000875171265841 0.021945547225391583 -0.013928827468994614 -0.018118047577407224 0.019150044532152681
leaf_weight=4619.5387703552842 1588.0606838166714 619.33668258786201 2141.2871705442667 247.0827634781599 2188.5553414076567 218.58320329338312 378.94925047457218 601.64638705551624 7359.517036408186 447.70827613770962 1339.130567997694 169.72307226061821 237.87251307070255 1327.0087171196938 397.8710802346468 1489.5888487696648 837.05025512725115 1281.4494421780109 1392.0000971406698 4229.7129452675581 1101.8040407299995 629.75771695375443 549.93785539269447 732.54000625014305 1139.3880212754011 985.59923626482487 1153.4435915797949 351.04952508211136 1786.3114073127508 281.0433002486825 2234.009782075882 233.10550935566425 2328.7772183716297 594.71978998184204 1801.8008846342564 551.29261396825314 2283.1010391563177 4025.2159250974655 400.81610706448555 656.68314017355442 707.26324842870235 136.44364292919636 171.87093715369701 563.03913502395153 1564.7496112287045 1440.7177851498127 2134.7260736376047 556.30312524735928 5496.7091326862574 2322.3356291279197 543.65388382971287 1430.4940601587296 300.76228591799736 453.91031274944544 302.36796417832375 1977.8951061666012 1361.9359917193651 1308.8242554217577 3941.750702381134 87.382734149694443 1432.1271562799811 553.46528109908104
leaf_count=40096 10480 3282 16758 1060 11790 1791 1735 2873 68640 1820 8572 894 1045 7124 2114 8227 7306 5525 6319 33929 4573 2545 2284 2969 5158 4240 6721 1431 7247 1686 9018 992 9684 2399 12233 3172 10598 16229 2397 3853 2898 875 700 2383 8816 6783 10635 2827 22686 16589 2238 6253 1212 2564 1332 9489 6128 5673 15944 385 8574 2272
internal_value=-0.000113093 0.0121092 -0.024308 0.0202159 0.00151678 -0.0146654 0.0132557 0.0062048 -0.0308093 0.0270506 -0.00884442 0.00167538 0.0171357 -0.00726527 -0.00148815 -0.00591809 -0.0273209 0.00502806 0.00172552 -0.0235137 0.0199771 0.0207208 0.0229559 0.0236663 0.011486 0.0126657 -0.0098229 0.0311987 0.0321741 -0.00597745 0.0247799 0.0141158 0.0109083 0.0194398 -0.0209484 0.000574354 0.0103126 0.0263787 -0.00979284 -0.00353858 0.00953942 -0.0211658 0.0317715 0.0163264 -0.00582417 -0.00477355 0.00230918 0.00182679 0.0331242 -0.0177492 0.0220495 0.00746746 0.0126541 0.00235067 0.00962541 0.00370087 0.00409291 0.00442458 0.0203882 0.0140784 -0.0153053 0.00995507
internal_weight=85720.8 56951.6 28769.2 32260.7 24691 11586.9 15985.1 16999.7 17182.3 16275.5 7691.28 9151.87 10861.9 5321.46 6699.05 6103.22 9822.75 5123.25 3754.42 5203.21 7903.79 7665.91 8193.76 7946.68 7847.84 7246.19 4057.32 8081.78 7634.07 5102.88 7396.74 965.646 6260.6 7036.16 6265.42 1878.3 2452.82 6431.1 3224.58 1511.41 2958.08 4366.16 2405.88 1270.3 2718.19 2060.05 4510.49 2045.89 7283.02 4124.14 5080.12 3931.82 1956.03 1110.59 1694.37 4112.62 2501.32 1687.77 4485.4 1368.83 1713.17 1655.27
internal_count=488065 260478 227587 134979 125499 76741 68543 79856 150846 66436 45643 45520 44917 31161 34028 35163 82206 23626 17716 42110 32228 31183 33252 32192 34336 31463 24109 33184 31364 29370 29908 3961 27223 28638 45580 10296 11492 25947 19074 8814 12689 34804 9718 5281 15537 10065 22238 11054 29933 28822 20581 17539 8057 6417 7651 20124 11286 7408 18182 5910 10260 6845
cat_boundaries=0 1 2
cat_threshold=1192 132157
is_linear=0
shrinkage=0.035


Tree=26
num_leaves=63
num_cat=5
split_feature=20 13 24 0 2 0 4 45 34 21 22 4 23 0 1 42 24 13 18 7 26 26 47 52 13 19 26 4 32 13 26 26 47 42 33 4 42 47 46 16 17 16 22 33 7 40 16 22 17 18 16 44 13 26 16 19 4 42 44 2 47 17
split_gain=19587 3744.56 1424.16 1264.69 848.962 507.631 367.687 315.607 299.037 211.074 205.047 192.084 189.153 183.911 149.576 142.256 139.933 136.602 119.919 116.043 115.863 113.229 112.107 110.017 109.523 98.7532 98.4427 98.3814 96.0211 92.8795 89.8111 94.4204 84.6451 98.7512 84.4703 84.0934 82.6202 79.2973 75.8574 72.4003 69.0884 67.414 66.9167 66.661 66.4836 67.1426 65.6079 65.503 83.6914 69.5893 65.4029 63.7248 62.2574 61.2748 61.0983 58.8692 57.2443 56.0569 54.9981 52.3407 51.5434 50.8446
threshold=1.0000000180025095e-35 0.71130952380952395 6.5000000000000009 382.78333333333336 29.350000000000005 77.563333333333347 27.060000000000006 2.5227272727272729 1.5000000000000002 7.2250000000000005 1.0000000180025095e-35 10.100000000000001 0.93301270189221952 399.95999999999998 1081.3500000000001 1.5000000000000002 10.500000000000002 0.24500000000000002 1162.3770833333335 0.84523809523809534 39.500000000000007 366.50000000000006 2206.2600000000007 4.5000000000000009 0.94590643274853814 508.80750000000006 366.50000000000006 9.5450000000000035 6.3350000000000017 0.88348416289592768 131.50000000000003 51.000000000000007 inf 4.5000000000000009 11.500000000000002 1.0000000180025095e-35 4.5000000000000009 329.0200000000001 42.125000000000007 0 8118.7200000000012 1 1.0000000180025095e-35 8.5000000000000018 0.76388888888888895 1.0000000180025095e-35 2 29.500000000000004 3363.3800000000006 11770.278500000002 3 382.04000000000002 0.21980676328502416 30.000000000000004 4 129.1179166666667 1.0000000180025095e-35 3.5000000000000004 817.0200000000001 1227.7200000000003 728.05000000000018 1.0000000180025095e-35
decision_type=8 10 8 10 10 10 10 10 2 10 2 10 2 10 8 2 10 10 10 10 2 2 8 2 10 10 2 10 10 10 2 2 8 2 2 8 2 8 8 9 8 9 2 2 10 10 9 2 10 10 9 10 10 2 9 10 8 2 10 10 8 8
left_child=2 4 5 8 12 19 20 13 14 47 -7 25 15 21 38 37 23 -12 41 -1 -5 28 52 -4 -11 34 29 51 35 42 31 -19 33 -13 36 -6 60 -2 -3 -32 -20 -16 -22 -41 -25 -46 -26 48 61 -49 -31 53 -9 -15 -40 -21 -17 -30 -44 -48 -10 -8
right_child=1 3 16 6 7 10 9 22 11 24 17 32 -14 27 18 56 -18 30 40 55 26 -23 -24 44 46 -27 -28 -29 57 50 39 -33 -34 -35 -36 -37 -38 -39 54 43 -42 -43 58 -45 45 -47 59 49 -50 -51 -52 -53 -54 -55 -56 -57 -58 -59 -60 -61 -62 -63
leaf_value=-0.026316377586602761 -0.023784833983343516 -0.0079471133693891065 -0.0028621072120587438 0.0048510776407195691 0.0030622918786009589 -0.030594255362879842 -0.014186222713325277 -0.022985270209452048 0.0033631574647557433 0.024529716634000245 -0.016899247096860946 0.0080142525147435754 0.0033505501360555573 -0.0061331410770813291 0.025023541805653454 -0.011340865652609385 -0.035170952379287627 -0.010178033149120776 0.028123513781845869 -0.014253263379961559 -0.022696595907843266 -0.019624901313414742 0.0066320885023274248 -0.032847148077069413 0.012541862236112993 -0.0056058548144568279 -0.0026788535547996001 0.017002342349021492 -0.0038304811755742502 -0.00057408562281463212 0.0043210531769129123 0.0076845070696937873 0.028242715616364933 0.021812160963497956 -0.0090589860302456478 0.012982499559106964 0.019670852071556194 -0.008827446282100769 0.0080640328388591753 -0.017044117848215943 0.0091294795902940803 -0.0052462612351829559 0.017871208368113983 -0.0049749885834144934 -0.038069723149890232 -0.024213111747467316 0.030090689123308933 0.027493964201722718 -0.003854609321917377 -3.4214994209294822e-05 0.024848504821435455 -0.00078204590371872907 -0.0065057979187903734 0.011492986599073588 -0.0051816786745303442 -0.023480510644228961 -0.00080775654128983812 0.0082138295286391053 -0.00052069977388445187 0.036453985929689015 0.015100897628124055 0.02013988613918315
leaf_weight=3846.9727286025882 1611.7688824236393 1251.9455557465553 203.4554595053196 710.86808867752552 2407.9561175853014 476.48685551434755 53.774721696972847 323.21970830857754 1151.8871273249388 2582.1811529695988 1260.5327113568783 1012.9329632818699 1034.3716159239411 260.38416856527328 97.66056701540947 1965.1500236988068 7163.9531626701355 514.79187839478254 531.07082729041576 2342.6472154855728 53.076721787452698 254.25767181813717 767.47992147505283 3085.5684272199869 228.70454351603985 498.19720952212811 233.83548703789711 2401.4110035002232 2068.9913463294506 137.19558101892471 495.75504891574383 1218.9982168972492 1090.7606451660395 1711.5521471053362 236.63954329490662 1851.9284935891628 1229.8519386351109 596.42032002657652 1155.3040328323841 1027.0224928930402 422.04119510948658 517.49745135009289 2949.5263188779354 1235.6060654595494 492.6500551328063 3450.3513919338584 2830.764344766736 1786.761930167675 215.86822003126144 120.04351384937763 3770.6760719120502 796.05818754434586 2112.9847955107689 3250.9790373295546 664.70928658545017 1334.2755010649562 931.7437349408865 612.73089420795441 213.53138197958469 3738.9170826375484 760.95676343142986 1815.5492276996374
leaf_count=31153 11120 6410 1347 2952 11857 3887 218 1963 5094 10486 8416 4274 5514 1184 422 11924 68640 3002 2227 16604 313 1387 3939 27926 936 2161 1014 10152 10303 560 2844 6523 4465 7011 1073 8531 5202 3629 5265 6120 1830 2297 12006 7295 4561 29005 11542 7244 876 495 15264 3651 11835 14383 3113 9531 5179 2825 885 15630 3236 7334
internal_value=-0.000112937 0.0116798 -0.0240013 0.0191209 0.000869125 -0.015945 0.0242574 0.00487578 0.0101895 0.0278188 -0.00855288 0.0144219 -0.0102949 0.00715752 0.00317131 -0.0130598 -0.0316962 -0.00672223 0.0119624 -0.0220631 0.0183524 0.0032702 -0.00502664 -0.0282498 0.0306895 0.00893232 0.019656 0.0113259 0.00411151 0.0203894 -0.00386337 0.002378 0.0199973 0.0166871 0.0110766 0.00737701 0.0125952 -0.0197507 -0.00131909 -0.00778584 0.0197313 -8.69314e-05 0.015974 -0.0104124 -0.0289841 -0.0259536 0.0330252 0.021067 0.0167636 0.0257618 0.0240182 0.00815809 -0.00870072 0.0101846 0.00324204 -0.0176071 -0.00795449 -0.00107651 0.0166298 0.0336659 0.00803805 0.0191454
internal_weight=85171.2 57022.1 28149.1 33774.3 23247.8 13753.1 21441.3 17108.4 12333 13372.6 6229.19 7692.78 6139.45 13904.7 4640.23 5105.08 14396 5752.71 1568.27 7523.9 8068.71 7195.86 3203.68 7232.03 9380.57 3877.53 7357.84 6708.83 6941.61 7124.01 4492.17 1733.79 3815.25 2724.49 3379.34 4259.88 3142.7 2208.19 3071.96 2758.38 953.112 615.158 3216.13 2262.63 7028.57 3943 6798.39 3992 2085.19 1906.81 3907.87 4307.42 2436.2 3511.36 1820.01 3676.92 2896.89 2681.72 3163.06 6569.68 1912.84 1869.32
internal_count=488065 261211 226854 141835 119376 95375 87755 82010 54080 54761 38087 32516 37366 64273 21564 31852 131479 34200 6776 57288 32994 34903 17737 62839 38594 16766 30042 29370 33516 29028 25784 9525 15750 11285 14605 20388 13532 14749 14788 16259 4057 2719 13204 13415 61492 33566 28108 16167 8428 7739 15824 19218 13798 15567 8378 26135 17103 13128 12891 27172 8330 7552
cat_boundaries=0 1 2 3 4 5
cat_threshold=132344 1152 2049 2048 198112
is_linear=0
shrinkage=0.035


Tree=27
num_leaves=63
num_cat=2
split_feature=5 2 13 50 7 2 34 34 34 42 24 2 47 40 1 47 0 14 2 13 14 26 22 16 26 23 17 22 32 37 14 18 14 2 7 41 3 47 23 48 13 26 19 29 22 45 46 14 14 29 40 22 26 45 35 41 22 18 14 32 16 47
split_gain=18405.9 3490.63 1447.37 1429.7 797.869 409.898 374.599 294.973 290.443 238.004 229.273 227.199 202.125 178.024 171.619 141.242 132.205 129.958 129.594 129.548 123.88 135.53 120.228 114.91 108.473 106.965 98.9815 97.7264 101.629 93.9968 92.512 91.0475 84.3008 81.269 79.1228 78.7152 78.0011 77.6092 76.2485 75.8604 72.3907 71.826 71.4574 65.1289 65.088 62.7923 62.2975 61.6602 60.7298 60.17 60.1479 75.4526 59.7657 58.9569 57.3004 56.5288 56.0882 62.2249 54.7984 53.732 53.6924 53.6239
threshold=1.0000000180025095e-35 157.72000000000006 0.82971014492753636 0.13416407864995034 0.95833333333333337 18.090000000000007 1.5000000000000002 1.5000000000000002 1.5000000000000002 2.5000000000000004 10.500000000000002 1227.7200000000003 1.0000000180025095e-35 1.0000000180025095e-35 5185.1250000000009 633.03000000000009 251.66000000000005 19.500000000000004 4.330000000000001 0.91485507246376818 16.000000000000004 39.500000000000007 1.0000000180025095e-35 0 299.50000000000006 0.68301270189221941 10070.100000000002 1.0000000180025095e-35 11810.43 13109.220000000003 18.000000000000004 1081.5812500000002 16.000000000000004 1088.5700000000002 0.59166666666666679 3199.3200000000002 9.5000000000000018 11041.500000000002 0.68301270189221941 10.500000000000002 0.53452380952380962 21.500000000000004 1701.8517857142858 84.500000000000014 6.5000000000000009 2.683333333333334 24.490000000000006 20.500000000000004 18.000000000000004 84.500000000000014 5897.670000000001 41.500000000000007 299.50000000000006 3.7321428571428577 8.5000000000000018 1194.1450000000002 8.5000000000000018 9361.461212121214 20.500000000000004 7754.420000000001 1 inf
decision_type=8 10 10 8 10 10 2 2 2 2 10 10 10 10 8 8 10 2 10 10 2 2 2 9 2 2 8 2 8 10 2 10 2 10 10 8 2 8 2 2 8 2 10 2 2 10 8 2 2 2 10 2 2 10 2 8 2 10 2 8 9 8
left_child=3 4 7 10 9 53 14 17 12 15 18 20 36 -7 47 34 48 -3 -1 30 -8 -22 -20 42 27 39 44 -19 40 45 -10 -25 -9 41 -2 60 -6 -24 50 -14 -29 -34 -23 -32 -16 -18 -26 -4 -15 -33 55 -52 61 -5 -11 -30 -35 -58 -27 -51 -13 -43
right_child=1 2 6 5 8 13 11 32 19 54 -12 35 25 16 26 -17 29 24 22 -21 21 23 37 31 46 58 -28 28 38 -31 43 49 33 56 -36 -37 -38 -39 -40 -41 -42 52 -44 -45 -46 -47 -48 -49 -50 59 51 -53 -54 -55 -56 -57 57 -59 -60 -61 -62 -63
leaf_value=-0.030885986269754116 -0.027602652214998896 -0.007905503866797968 0.00060825856961483737 -0.01874307990673094 -0.0056532635269191233 -0.036321615106807065 0.0024508450196656169 -0.0019800801309356052 -0.01253570986366399 0.0069719239806271876 -0.03488475329615004 0.034241376767923028 -0.011239989532189359 -0.02637444022245158 0.0022731504394046323 -0.0030951900527381292 0.005023001405197197 -0.01999014778334918 -0.035139572336718938 0.017085524086806143 0.010271200515134533 0.030577725425781827 -0.021161683696132368 0.0082594440599165538 -0.021914500130576001 0.0091936798595370749 0.012448062987161303 -0.0060765990799007269 -0.006226222707729755 -0.026691384438445147 0.017109054586967605 0.030788035913273778 -0.0064436949830682542 0.007607050014934634 -0.015330896380235508 0.034222295536814509 0.010006955234182375 0.005624078903212924 0.017219086245194016 0.0011715194824009328 0.0057660006337845859 0.010306366533885824 0.013468517717757303 0.0056947524242550313 0.029952956605411172 -0.0057998546344629346 0.019326244618231143 0.012572252819259326 -0.010306351633241872 0.013958809216812446 -0.021928731842154218 0.0066098553332758301 0.022030147281514142 -0.026897615714151116 -0.005347888689392441 0.011415581434146446 0.025303670361146925 0.0036783130999221633 -0.0044352544348410568 0.024265674792204189 0.019968144716241417 0.020072745016524111
leaf_weight=4416.4919325485826 854.71692828088999 840.32129614055157 782.44036720693111 2658.7821483537555 471.55459906160831 269.93004400283098 341.78617565333843 359.96311339735985 293.97419063746929 780.23987580835819 6973.3133411332965 586.6276488751173 2488.4262450635433 313.99713462591171 113.25940571725368 946.15646910667419 1417.481749676168 186.36107207834721 796.10228668898344 2028.2831274569035 816.57951155304909 4088.3966397941113 4097.244296208024 605.25923213362694 46.30014032125473 813.1637882143259 819.96308135986328 1153.1214152127504 259.06585158407688 170.99537156522274 746.577517837286 901.55318100750446 221.36379632353783 329.6993004232645 2632.3510175049305 4444.8849169313908 2226.0233954638243 136.54844710975885 1102.3213120996952 795.96287040412426 1397.4862664192915 3579.2465505450964 325.04864329099655 3398.9051919430494 1305.5123573690653 1221.771536052227 944.74082897603512 1620.5276782810688 3452.7962802648544 1017.7231400758028 192.53691467642784 273.5700466632843 913.88235828280449 1855.7834398522973 1132.4347762018442 1551.3455284833908 1731.7592664808035 180.32986490428448 649.02290713787079 1605.9585003554821 1094.7870739102364 854.11559492349625
leaf_count=40096 5972 4195 3263 19716 2250 2257 1432 1699 1431 4117 68640 2416 13792 2137 461 5422 7304 1088 7306 8429 3334 16590 33929 2456 235 4028 3369 5804 1188 1042 3357 3656 983 1381 16865 18613 10428 875 4916 4281 6013 15107 1326 15430 5291 7201 4239 6669 22412 4125 913 1255 3821 14672 6063 7046 7086 746 3390 6513 4487 3507
internal_value=-0.000112528 0.0112983 0.0177518 -0.0234609 -0.000357549 -0.0139139 0.0239287 0.00990568 0.00433372 -0.0106411 -0.0300656 0.0264931 -0.000380257 -0.00851379 0.0151799 -0.0150925 -0.00736717 0.0051038 -0.0265047 0.00975856 0.0231553 0.0239109 -0.0226524 0.0252132 0.00664293 -0.00472774 0.0221513 0.00490058 0.00568613 -0.00162122 0.00640796 0.0207677 0.0145752 0.0153383 -0.0183459 0.0317746 0.00726836 -0.0202967 0.00966636 -0.00823265 0.000411717 0.0130684 0.0292547 0.00775403 0.0277465 1.25513e-05 0.0173794 0.00867848 -0.0116524 0.0229712 0.00600327 -0.00520042 0.0138772 -0.0221003 -0.000321234 0.00888903 0.0209685 0.0232672 0.00314529 0.0202745 0.0252875 0.012192
internal_weight=84626.9 56845.6 36587.8 27781.2 20257.8 11361.5 20470.3 16117.5 13911.9 6345.9 16419.7 15828.6 7444.15 6846.97 4641.7 4433.22 6577.04 7947.17 9446.39 6467.74 9702.31 9360.52 5029.9 8543.94 7106.85 4746.58 2238.73 6115.81 5929.45 2810.25 4439.46 4130.49 8170.36 7810.4 3487.07 6126.3 2697.58 4233.79 3378.84 3284.39 2550.61 5568.61 4413.45 4145.48 1418.77 2639.25 991.041 2402.97 3766.79 3525.23 2276.52 466.107 5347.24 4514.57 1912.67 1810.41 2241.79 1912.09 1462.19 2623.68 1681.41 4433.36
internal_count=488065 260478 155223 227587 105255 76741 84001 71222 66816 38439 150846 64948 38169 42353 19053 28259 40096 36892 82206 28647 39432 38000 42110 34666 32697 25491 9121 28223 27135 15547 20218 16750 34330 32631 22837 25516 12678 34804 15318 18073 11817 23418 17916 18787 5752 14505 4474 9932 24549 14294 10402 2168 22435 34388 10180 8234 9213 7832 7418 10638 6903 18614
cat_boundaries=0 1 2
cat_threshold=1448 5248
is_linear=0
shrinkage=0.035


Tree=28
num_leaves=63
num_cat=3
split_feature=20 13 24 2 12 0 2 34 16 4 21 40 47 42 47 47 42 42 24 13 7 52 37 51 22 14 44 0 41 42 0 26 14 26 3 27 14 26 23 44 18 7 40 4 47 48 26 26 26 16 37 22 2 18 22 18 27 14 40 26 26 16
split_gain=17429.3 3275.92 1389.11 1147.21 761.704 474.987 364.77 268.679 240.773 218.726 203.261 190.833 176.164 174.577 170.893 154.227 202.768 147.711 141.877 122.865 117.059 105.702 97.466 99.2198 96.4701 95.6734 95.5582 94.9733 91.6105 88.8919 87.9016 87.5237 87.2803 85.8328 81.9154 81.6412 82.9397 86.0423 75.3434 74.4602 72.0696 67.1234 67.5298 65.5012 65.064 64.5347 64.1165 64.0072 104.883 69.7801 63.3065 61.9532 60.9721 58.4815 57.4918 57.5442 55.2991 54.742 54.5481 54.4068 52.7561 58.7197
threshold=1.0000000180025095e-35 0.71130952380952395 6.5000000000000009 553.7700000000001 63.571666666666665 85.44000000000004 30.140000000000004 1.5000000000000002 0 28.845000000000002 3.8550000000000009 1.0000000180025095e-35 15.850000000000001 5.5000000000000009 6176.7750000000005 inf 3.5000000000000004 1.5000000000000002 10.500000000000002 0.23904761904761906 0.84523809523809534 4.5000000000000009 15465.870000000001 267.26312786597191 1.5000000000000002 18.000000000000004 394.01000000000005 332.6133333333334 2418.1600000000003 2.5000000000000004 643.83666666666693 314.50000000000006 19.500000000000004 161.50000000000003 267.50000000000006 2.1950000000000007 16.000000000000004 39.500000000000007 0.93301270189221952 172.71000000000004 11770.278500000002 0.76388888888888895 1.0000000180025095e-35 1394.1600000000003 inf 2.5000000000000004 21.500000000000004 131.50000000000003 39.500000000000007 1 inf 7.5000000000000009 7.745000000000001 16040.242500000002 29.500000000000004 4294.5600000000004 12311.910000000002 19.500000000000004 1.0000000180025095e-35 39.500000000000007 131.50000000000003 2
decision_type=8 10 8 10 10 10 10 2 9 10 10 10 8 2 8 8 2 2 10 10 10 2 8 8 2 2 10 10 8 2 10 2 2 2 2 10 2 2 2 10 10 10 10 10 8 2 2 2 2 9 8 2 10 10 2 10 10 2 10 2 2 9
left_child=2 4 5 6 12 20 38 14 45 35 54 -7 29 15 17 16 50 -6 21 -13 -1 -4 -17 -24 -16 -19 27 -21 -12 -2 44 47 -18 59 46 -5 -37 -38 52 -26 57 -23 -43 -42 -9 -8 -34 48 -27 51 -10 -49 -3 60 55 -11 -56 -30 -22 -14 -39 -62
right_child=1 3 18 9 7 11 8 30 13 10 28 19 33 -15 24 22 32 25 -20 26 58 41 23 -25 39 31 -28 -29 40 -31 -32 -33 34 -35 -36 36 37 53 -40 -41 43 42 -44 -45 -46 -47 -48 49 -50 -51 -52 -53 -54 -55 56 -57 -58 -59 -60 -61 61 -63
leaf_value=-0.025386676748522206 -0.021544657790255654 -0.011201768772370118 -0.0025052331970451254 -0.025785883280016717 -0.0083789809200380105 -0.036709535462626487 -0.020480601203425874 0.0052555601199959631 -0.0015368043418800144 0.01747333121748704 0.023027532994685514 -0.016155976791657842 -0.013797200525784868 0.02466231069010608 -0.013189732485558268 0.024923482546426311 0.0017773735032244546 -0.013068869399382045 -0.034601898236809571 -0.0062352971026412686 -0.037794880834475415 -0.03219465928365408 0.022446124754007011 0.007475229123454206 0.013405399053579825 -0.0081164308838152753 -0.014489463242213764 0.005201728583817994 0.02471003180955824 -0.0032918887449409798 0.016117316984109033 0.016036093788315515 -0.0044795701022540295 -0.011245352891021413 0.031528778401717049 -0.0031278450867024549 0.0065784823503981394 0.027864391328087598 0.012382706383714231 -0.0004973091862109164 0.006401755630380224 -0.037621871384962161 -0.023359323483522685 0.042123251983951483 0.017717701826256354 0.0020145816513517964 0.015182670879911254 -0.031035754743917492 0.010051886629429714 0.0060803025658117986 0.016432753372158136 -0.0042558243279395671 0.0011188712667639432 -0.017907648957373894 0.026832029372599105 -0.0035631707421129003 0.0032130609192265731 0.034308757076393796 -0.015808190686140602 0.0022046992514770801 0.035257032289571597 0.017763848836865281
leaf_weight=3748.9850913137197 1759.3823968172073 792.91766558587551 201.9803463742137 49.561942860484123 2497.8358318135142 265.26975805312395 183.45298960804939 3195.9336069375277 1759.3911423534155 1537.2952793389559 1765.7551876753569 1232.2156694084406 310.08440490067005 1947.9219111949205 230.54309841990471 1789.7299494445324 640.19889403879642 489.69601257145405 6787.5511848330498 2026.3783437460661 143.29689218103886 2944.1195803359151 952.68362393975258 1260.8316873759031 2140.6227350533009 501.5130303800106 813.64309519529343 1583.6496313214302 862.27799499034882 401.85608424246311 2148.0703301429749 569.78782132267952 213.31138616800308 1690.0881512612104 362.62252517044544 199.81582449376583 536.966118901968 1270.3011616617441 438.17583282291889 605.19981889426708 237.84853175282478 466.2318389415741 3330.7017685323954 84.716502860188484 610.82735024392605 1020.0075400024652 4106.0426119416952 111.70412558317184 1727.810857757926 875.22602027654648 277.10966518521309 1745.3235238790512 1293.6122768670321 45.185481339693069 1356.9410763829947 177.34845545887947 133.67824743688107 5161.5793834030628 3643.5394491553307 1592.8848877176642 274.8141884803772 2966.2078941166401
leaf_count=31438 12026 4090 1347 291 13721 2389 834 14881 7766 6208 7234 8416 1822 7895 1233 7311 2776 2606 68640 12309 1162 27926 3879 5348 9989 2475 4799 8526 3600 2274 9079 2717 917 10324 1497 861 2213 5136 1969 2857 974 4561 29005 357 2630 4519 17030 610 8202 4316 1201 8736 6193 184 5526 721 548 21635 26336 8878 1112 12010
internal_value=-0.000112008 0.0109022 -0.0231639 0.0178707 0.000781952 -0.0151707 0.0114838 0.00442341 0.0136196 0.0244013 0.0271583 -0.00775065 -0.0102598 0.014969 0.00129732 0.0133183 0.0103082 -0.00122531 -0.0309962 -0.00638619 -0.0209992 -0.0274668 0.0188475 0.0139258 0.00851553 0.00174329 -0.00366177 -0.00121804 0.0301087 -0.0181539 0.0104568 0.00305674 0.0139015 -0.00550769 0.0155586 0.0185573 0.0189773 0.0198449 -0.000794468 0.0103421 0.0320749 -0.0282142 -0.0251201 0.0158846 0.00725935 -0.00141693 0.0142108 0.00156326 0.0059629 -0.00202739 0.000915205 -0.00585104 -0.00356631 0.0214066 0.0196842 0.0152967 0.0247175 0.0329391 -0.0166499 -0.00040865 0.0218042 0.0194211
internal_weight=84090.3 56902.7 27187.6 33698.3 23204.4 13457 17038 17450.1 14513.3 16660.3 11317.4 5921.16 5754.3 13309.8 11495.3 11361.9 7358.68 8518.9 13730.6 5655.89 7535.82 6943.03 4003.25 2213.52 2976.37 6021.06 4423.67 3610.03 8112.18 2161.24 5954.83 5531.37 5322.18 3593.06 4681.98 5342.85 5293.29 5093.47 2524.71 2745.82 6346.42 6741.05 3796.93 322.565 3806.76 1203.46 4319.35 4961.58 2229.32 2732.25 2036.5 1857.03 2086.53 4556.51 3205.26 1714.64 1490.62 6023.86 3786.84 1902.97 4511.32 3241.02
internal_count=488065 261211 226854 141835 119376 95375 73225 84052 60973 68610 46803 36439 35324 55620 57462 47725 31187 43383 131479 34050 58936 62839 16538 9227 14079 29662 25634 20835 33800 14300 26590 27056 22220 21024 19444 21807 21516 20655 12252 12846 26566 61492 33566 1331 17511 5353 17947 24339 10677 13662 8967 9346 10283 18442 13003 6929 6074 25235 27498 10700 18258 13122
cat_boundaries=0 1 2 3
cat_threshold=75799 18692 1152
is_linear=0
shrinkage=0.035


Tree=29
num_leaves=63
num_cat=5
split_feature=20 13 24 0 47 4 0 4 21 34 22 42 13 24 19 14 13 26 14 16 0 7 22 17 0 52 7 16 22 23 22 44 0 16 32 29 26 5 3 7 16 26 14 32 0 40 16 17 32 0 26 18 19 22 26 27 18 3 22 14 1 17
split_gain=16438.3 3064.14 1369.49 1360.75 527.962 476.234 457.351 325.784 221.623 207.475 187.688 168.435 143.89 143.13 132.65 121.343 120.173 117.365 114.789 114.773 113.73 111.146 110.829 104.674 120.35 102.964 98.3888 91.0504 89.4875 86.6512 89.6915 83.7613 98.5319 80.2947 78.6814 77.5545 85.4928 77.4117 76.3951 76.3506 72.4726 72.1899 69.9151 68.2237 67.7762 66.797 65.4297 63.2958 62.1666 61.7812 61.3434 58.8464 58.7471 58.5674 54.7565 53.6548 51.5213 74.9021 50.5714 50.3038 49.7596 77.315
threshold=1.0000000180025095e-35 0.59175084175084181 6.5000000000000009 382.78333333333336 78.920000000000016 7.9350000000000014 77.563333333333347 2.9200000000000004 7.2250000000000005 1.5000000000000002 1.0000000180025095e-35 1.5000000000000002 0.84807692307692317 10.500000000000002 527.32500000000016 18.000000000000004 0.24500000000000002 21.500000000000004 16.000000000000004 0 85.44000000000004 0.84523809523809534 1.0000000180025095e-35 5681.0700000000006 463.62666666666672 4.5000000000000009 0.95833333333333337 1 27.500000000000004 0.93301270189221952 1.0000000180025095e-35 394.01000000000005 358.11000000000007 2 223.02000000000001 324.00000000000006 131.50000000000003 139.18000000000004 15.500000000000002 0.84523809523809534 3 21.500000000000004 20.500000000000004 6802.920000000001 19.521666666666672 1.0000000180025095e-35 4 10070.100000000002 6.8850000000000007 2930.6866666666679 21.500000000000004 4350.6535714285719 129.1179166666667 29.500000000000004 39.500000000000007 12311.910000000002 13407.280000000001 95.500000000000014 18.500000000000004 19.500000000000004 1.4650000000000001 11762.380000000003
decision_type=8 10 8 10 8 10 10 8 10 2 2 2 10 10 10 2 10 2 2 9 10 10 2 10 10 2 10 9 2 2 2 8 10 9 10 2 2 10 2 10 9 2 2 8 10 10 9 8 10 10 2 10 10 2 2 10 10 2 2 2 10 8
left_child=2 4 6 7 11 29 21 14 35 26 -8 39 -10 25 20 -6 -12 -17 -11 50 34 -1 -19 24 48 -4 -9 37 -25 30 38 32 -18 -32 -3 36 53 54 -5 -2 -22 -35 -38 -21 -27 -46 -28 -43 -24 -29 -20 -45 -23 -7 -14 -55 -39 -58 -26 -56 61 -48
right_child=1 3 13 5 15 8 10 9 12 18 16 -13 27 -15 -16 17 31 22 19 43 40 52 23 28 58 44 46 49 -30 -31 33 -33 -34 41 -36 -37 42 56 -40 -41 -42 47 -44 51 45 -47 60 -49 -50 -51 -52 -53 -54 55 59 -57 57 -59 -60 -61 -62 -63
leaf_value=-0.02507778444378889 -0.025492320580709611 0.00047898864410455161 -0.0024218340700145054 0.030453682894868595 -0.012394087006108364 0.019480575045830128 -0.029525518226968167 -0.0067854035164632686 0.018676239995399923 -0.0087434231130377078 -0.015748917044595127 -0.0061569089828756689 0.015150827220779437 -0.034321999981808869 -0.010998846413863939 -0.016559586668257877 -0.0057999040260701459 -0.015438858729108515 0.00038526233312290056 0.0018830561360823918 0.013181149099043634 -0.012965063743360324 0.0054076286863929983 -0.020193183064133799 0.0073830701618845668 -0.031259591444006959 -0.0044085824980345072 0.015842179962815013 0.00020093123721475097 0.022923254383258096 0.027930178700101938 -0.013614695076745372 0.0059398116859445587 -0.0083757066684332828 -0.017620916650234734 0.0050889464814997424 0.0085086158634782878 0.03513763431270369 -0.039515503449008636 -0.012474479097104784 0.0012355854634598391 0.012668459823634527 0.019371803342783756 0.010768865973911957 -0.037417208744189141 -0.022176988689673511 0.023463239854451808 -0.0029748518653255171 -0.0025587488281350133 0.036447728876169094 0.020613787912394457 0.027116358910943453 -0.022349724626999572 0.03369947297396983 0.018968768572434978 0.0042216767373627791 0.033416262732807983 -0.0074705558848159152 0.016808737173454963 0.029759102943925992 0.0052279393971247949 0.0051399972020584536
leaf_weight=3644.397219017148 1161.3655601516366 1981.2126307189465 201.66330462694168 24.902802601456642 701.88537725806236 1087.8194265216589 448.93176805227995 729.47058542072773 2282.9585994780064 239.08969500660896 1223.335372172296 2592.4171540662646 435.77283424139023 6606.6128366887569 928.02956236898899 374.99728174507618 2193.9795074313879 368.84902000427246 192.90101116895676 849.239612236619 1558.9840911924839 2266.4823625609279 3305.5029158219695 336.78100657463074 1609.8418977409601 3414.4110873639584 467.47812514007092 1069.2290921509266 1199.4940338283777 917.05766744911671 357.40230041742325 800.02206239849329 1456.2270288392901 229.32757070660591 344.50793270766735 497.46383638679981 1032.247336819768 3168.4752718508244 73.353776291012764 1057.8900131806731 1048.3483968228102 4901.686943128705 2462.935534209013 1351.9465076029301 405.70661535859108 2779.240677639842 627.02686983346939 338.37696029245853 1882.7776761204004 214.13175252079964 3841.5871035009623 337.07065767049789 1283.9186853542924 916.28322756290436 624.78243760764599 82.775035694241524 143.54875795543194 87.982339069247246 1233.1440848112106 3739.5575684905052 1312.6798416525126 513.4111864566803
leaf_count=31153 8451 10056 1347 134 3862 4393 3887 3752 9298 1088 8416 15092 1768 68640 4439 1976 13349 2114 821 3627 6891 16604 17067 1687 7342 32809 2148 4382 6092 3784 1468 4729 7706 998 1874 2045 4255 13495 440 6594 4826 20242 9969 5738 4088 24595 2604 1416 10036 914 15957 1392 9531 3730 2568 338 600 362 5538 15499 5838 2211
internal_value=-0.000111354 0.0105335 -0.0227494 0.0155815 -0.00254885 0.0207655 -0.0147978 0.00774023 0.0237757 0.0114409 -0.0077647 -0.0122194 0.0265808 -0.0306457 0.00113375 0.00167691 -0.00603793 0.00263581 0.0150486 0.0159153 0.00341796 -0.0207808 0.00336184 0.00408818 0.00568925 -0.0270699 0.00470589 0.0284815 -0.00428008 0.0129117 0.0113585 -0.00336552 -0.00111607 0.0119188 -0.00220856 0.0183431 0.0195231 0.0298786 -0.0216539 -0.0192953 0.0084357 0.0107968 0.0161669 0.00993937 -0.0278227 -0.0241295 0.00757738 0.0116579 0.00251677 0.0191568 0.0195984 0.0140454 -0.0163641 0.0251339 0.0270361 0.0312638 0.0339704 0.0179139 0.0114759 0.0282191 0.00984022 0.0152261
internal_weight=83560.9 56836 26724.9 41011.1 15824.9 24688.1 13317.3 16323 17846 10461.9 6122.5 4811.67 11766.4 13407.6 5861.08 11013.3 5673.56 10311.4 6811.83 6572.74 4933.05 7194.8 9936.39 9567.54 8031.27 6801.02 3650.07 9483.48 1536.28 6842.11 5925.05 4450.23 3650.21 5826.79 2325.72 6079.52 5582.06 8200.12 98.2566 2219.26 2607.33 5469.39 3495.18 2538.26 6599.36 3184.95 2920.6 5240.06 5188.28 1283.36 4034.49 1689.02 3550.4 2086.88 4800.11 999.058 3400.01 231.531 2842.99 4364.34 2453.12 1140.44
internal_count=488065 261211 226854 175360 85851 102098 95375 73262 73616 45176 38087 30137 48886 131479 28086 55714 34200 51852 28623 27535 23647 57288 49876 47762 39983 62839 16553 39588 7779 28482 24698 25784 21055 24124 11930 24730 22685 34292 574 15045 11717 22656 14224 10757 61492 28683 12801 21658 27103 5296 16778 7130 26135 8461 19835 4068 14457 962 12880 18067 10653 4815
cat_boundaries=0 1 2 3 4 5
cat_threshold=1448 21888 1152 488 10327
is_linear=0
shrinkage=0.035


Tree=30
num_leaves=63
num_cat=3
split_feature=20 2 24 13 7 2 34 4 4 13 23 42 22 1 13 24 32 48 48 0 14 26 14 47 2 17 37 47 26 14 14 22 44 23 41 23 22 19 18 26 4 7 32 22 32 26 41 17 0 27 17 14 42 26 29 47 43 18 16 35 16 16
split_gain=15503.1 2909.76 1349.37 1221.16 674.185 449.225 331.716 282.004 248.296 234.368 211.357 205.461 199.339 154.356 147.759 144.352 134.638 122.314 113.425 110.172 105.007 101.95 110.774 99.3019 89.5604 88.7643 87.9092 87.6784 85.8602 84.9371 83.979 81.3188 80.3514 79.4424 75.2702 77.0975 94.9072 74.2437 72.6393 71.852 68.8151 68.7872 68.127 67.1889 65.8378 74.4732 64.8075 63.9292 63.6541 63.2884 61.0083 59.2424 58.676 56.528 71.1454 58.9148 56.2725 54.2894 52.3414 51.8591 51.3857 50.4294
threshold=1.0000000180025095e-35 157.72000000000006 6.5000000000000009 0.82971014492753636 0.95833333333333337 18.090000000000007 1.5000000000000002 1.9500000000000002 28.845000000000002 0.56832298136645976 0.68301270189221941 2.5000000000000004 1.0000000180025095e-35 5185.1250000000009 0.24500000000000002 10.500000000000002 inf 10.500000000000002 3.5000000000000004 251.66000000000005 16.000000000000004 21.500000000000004 16.000000000000004 11041.500000000002 1115.1400000000001 10070.100000000002 1877.1300000000003 6176.7750000000005 21.500000000000004 16.000000000000004 20.500000000000004 16.500000000000004 345.44000000000005 0.68301270189221941 17509.770000000004 -0.6830127018922193 1.0000000180025095e-35 277.53833333333341 7915.5860000000002 39.500000000000007 1.0000000180025095e-35 0.76388888888888895 11810.43 1.0000000180025095e-35 525.58000000000015 70.500000000000014 815.81000000000017 3432.3000000000002 7.0400000000000045 13109.220000000003 1.0000000180025095e-35 18.000000000000004 4.5000000000000009 39.500000000000007 207.50000000000003 1427.9800000000002 1.5000000000000002 4851.7900000000009 0 8.5000000000000018 1 2
decision_type=8 10 8 10 10 10 2 8 10 10 2 2 2 8 10 10 8 2 2 10 2 2 2 8 10 8 8 8 2 2 2 2 10 2 10 2 2 10 10 2 8 10 8 2 10 2 10 8 10 10 10 2 2 2 2 8 2 10 9 2 9 9
left_child=2 4 5 9 11 48 13 10 29 27 17 16 -7 49 -14 23 56 37 30 51 -11 -10 -23 41 60 50 52 38 -22 -8 -9 47 -21 -18 35 -30 -37 -6 40 -31 -3 -4 58 -43 -28 -46 -44 -29 -1 53 -15 -16 -20 -5 55 -55 -2 -32 -38 -13 -24 -41
right_child=1 3 15 6 7 12 8 18 21 20 -12 59 14 25 19 -17 33 -19 26 32 28 22 24 -25 -26 -27 44 31 34 39 57 -33 -34 -35 -36 36 42 -39 -40 61 -42 43 46 -45 45 -47 -48 -49 -50 -51 -52 -53 -54 54 -56 -57 -58 -59 -60 -61 -62 -63
leaf_value=-0.026093399332947548 -0.028048035607724318 -0.0017099227065574848 -0.031526996855647152 -0.013505774705932684 -0.0057624242509136253 -0.028822713610612363 -0.0046503770033343595 -0.0086004680146238941 0.01210069534017515 -0.0042316005667326559 0.0066304772426628474 0.0065346971948720169 -0.016697768778745188 -0.022379161184908566 -0.024451891928919611 -0.034044682536584117 -0.011457510188188868 0.0047483172225081206 0.0013194478123770728 0.0047750764842766818 -0.0028661557103902475 0.010206157200608438 0.029746971705305079 -0.0012621019126850608 0.032551320595048616 0.011049216439257504 0.016503105351396322 0.0063868861134913643 0.0085783163360732256 0.0062849535121334947 0.0037477781230035494 0.016662959497923006 -0.0098142415780448095 0.0046450871177152247 -0.011306305367802904 -0.019735986195985412 0.017216447808345192 -0.017382717305587159 -0.015038584567375658 0.001062697777050764 0.0074955459431647938 -0.034894764883677314 0.016135126873759092 -0.022098815566263079 0.034595713363946665 -0.0074301484332991788 0.025903487010009035 -0.019619722863126139 -0.018506346229147524 -0.023680373890380593 0.026633914869023761 -0.0074920402834355677 0.01700418579887494 -0.0063059916173769971 0.015947542202896882 0.010323795486173284 -0.016244553182670571 0.024560490279870853 0.0078444914016186744 -0.005182062999492751 0.021411763781983249 0.02108021368214694
leaf_weight=2591.9378975331783 705.39972249418497 2357.9669674187899 2810.6737157776952 134.2111674696207 2478.0693155676126 573.82658252865076 189.09992410242558 655.19834122806787 497.57431098818779 453.6187329441309 2752.4543027877808 782.60672198235989 1617.0291010215878 31.11030013859272 276.12662953138351 6430.439093247056 1495.2535981535912 1047.5276858359575 1254.6271944791079 1773.6629260852933 400.41376276314259 394.811512991786 2127.2282726764679 183.27857740968466 4688.1146922111511 821.18309584259987 3036.9546331092715 603.32307456433773 2321.9809885323048 483.26252315938473 935.08928352594376 1004.1086118370295 624.42449719458818 500.35761331766844 144.62600037455559 89.126825556159019 1520.9516535848379 924.90659917891026 323.2703495323658 171.62625099718571 1719.3572624176741 605.44481297582388 2275.287161052227 3063.4521749690175 62.30296878516674 279.69674460589886 1320.4178112447262 142.23728293180466 2872.9321265667677 76.529384642839432 1381.4235865920782 2851.2685930430889 379.94925661385059 448.68196831643581 1128.7917528301477 621.08375017344952 1682.1835450008512 182.82102699577808 1527.9862517118454 1129.1458755284548 2266.0318495929241 4813.2046608626842
leaf_count=22714 5030 11658 27952 575 13323 4967 806 3125 2031 2139 13243 4119 11676 130 1951 68640 9272 5385 5906 9512 1749 1619 8769 1223 20061 3369 13254 2789 9624 1985 4245 4495 3522 2847 604 522 6281 4777 1611 702 8189 6122 9363 27542 257 1279 5407 675 22206 316 5622 18827 1574 1884 4636 2539 11367 797 6349 6072 9271 19569
internal_value=-0.000110668 0.0101783 -0.0223385 0.0160874 -0.000448441 -0.0144315 0.0218125 0.0038318 0.0242529 0.00892372 -0.000991783 -0.00995975 -0.00899209 0.0135932 -0.0073951 -0.0302968 -0.0141349 -0.00570627 0.00895067 -0.00467015 0.0122156 0.0275767 0.0283879 -0.0266751 0.0291772 0.0202197 0.0116411 0.00354112 0.012993 0.0183891 0.00134117 0.0101661 0.000973739 -0.00741982 0.0136835 0.0140838 0.0159807 -0.00892492 0.000905308 0.0191865 0.0021728 -0.0273936 0.0164626 -0.0242193 0.0148641 0.000304353 0.0197285 0.00140574 -0.0221089 0.00744386 0.0255394 -0.00899681 0.00497346 0.00847464 0.00982196 0.00334954 -0.0197421 0.00717036 0.0126059 -0.00038471 0.02557 0.0204358
internal_weight=83037.7 56763.2 26274.5 36478.6 20284.5 13181.2 20274 13989.6 15631 16204.7 7202.96 6294.95 7716.34 4643.02 7142.51 13093.3 4383.19 4450.5 6786.64 5525.48 10054.4 9973.76 9476.19 6662.85 9081.37 2233.72 5013.53 6150.26 9600.79 5657.19 1773.11 1749.67 2398.09 1995.61 9200.38 9055.75 6733.77 3402.98 4400.59 5468.09 4077.32 6479.57 6644.64 3668.9 3378.95 342 3595.7 745.56 5464.87 2409.3 1412.53 3127.4 1634.58 2332.77 2198.56 1069.77 2387.58 1117.91 3048.94 1911.75 4393.26 4984.83
internal_count=488065 261211 226854 155339 105872 95375 83884 67165 64813 71455 36728 38707 50455 19071 45488 131479 28516 23485 30437 33812 42038 41751 39720 62839 38101 9121 22270 29417 39899 23062 8167 7959 13034 12119 38150 37546 27922 18100 21458 22256 19847 61616 27400 33664 14790 1536 14770 3464 44920 9950 5752 20778 7480 9634 9059 4423 16397 5042 12630 10191 18040 20271
cat_boundaries=0 1 2 3
cat_threshold=5512 1416 2112
is_linear=0
shrinkage=0.035


Tree=31
num_leaves=63
num_cat=4
split_feature=20 2 24 13 13 2 15 4 47 34 40 2 42 24 13 14 26 26 34 14 47 52 44 26 14 26 23 19 16 2 26 22 22 18 35 14 16 17 49 0 30 0 23 35 3 40 17 23 49 14 42 42 29 16 18 35 25 2 4 47 2 16
split_gain=14621 2713.64 1328.83 1150.62 604.143 432.773 316.322 242.928 228.756 222.216 201.966 200.889 170.392 145.526 144.99 141.179 114.715 123.055 114.441 110.346 106.467 98.01 95.8216 93.0688 92.3131 100.034 89.9831 116.886 93.9746 81.3651 77.8549 81.5945 77.0015 92.1926 76.9861 75.8445 75.1615 74.7639 76.3419 70.4572 68.7404 68.2171 67.7464 74.2369 67.6781 67.1469 66.7676 64.8245 64.4782 64.2808 63.7803 60.0114 57.9775 57.6175 57.2474 57.1513 56.2838 54.4369 53.2146 51.0053 49.772 49.3638
threshold=1.0000000180025095e-35 157.72000000000006 6.5000000000000009 0.82971014492753636 0.56832298136645976 18.090000000000007 1.5486913566710447 28.845000000000002 7327.9950000000008 1.5000000000000002 1.0000000180025095e-35 17.320000000000004 1.5000000000000002 10.500000000000002 0.24500000000000002 18.000000000000004 131.50000000000003 21.500000000000004 2.5000000000000004 19.500000000000004 2206.2600000000007 4.5000000000000009 382.04000000000002 314.50000000000006 16.000000000000004 21.500000000000004 0.93301270189221952 420.89976190476199 0 1227.7200000000003 21.500000000000004 1.0000000180025095e-35 29.500000000000004 12463.275000000001 3.5000000000000004 16.000000000000004 1 12160.08 13.500000000000002 655.75666666666689 169.69500000000002 19.521666666666672 0.93301270189221952 16.500000000000004 257.50000000000006 1.0000000180025095e-35 3363.3800000000006 0.93301270189221952 13.500000000000002 18.000000000000004 1.5000000000000002 4.5000000000000009 84.500000000000014 2 511.14000000000004 14.500000000000002 247.53900000000007 1139.8000000000004 2.9200000000000004 71.480000000000018 16.595000000000006 3
decision_type=8 10 8 10 10 10 8 10 8 2 10 10 2 10 10 2 2 2 2 2 8 2 10 2 2 2 2 10 9 10 2 2 2 10 2 2 9 10 10 10 10 10 2 2 2 10 8 2 10 2 2 2 2 9 10 2 10 10 8 10 10 9
left_child=2 4 5 9 8 50 7 35 12 19 -7 42 40 21 -12 -13 17 -16 26 -3 -8 -4 23 30 -9 -26 27 28 52 61 -21 54 46 -34 -10 -5 -18 38 57 -11 -2 -23 43 51 47 -43 -22 53 -38 -14 -1 -6 -17 -37 -32 -29 59 -33 -55 -41 -51 -27
right_child=1 3 13 6 11 10 20 24 34 39 14 15 49 -15 16 18 36 -19 -20 22 32 41 -24 -25 25 29 -28 55 -30 -31 31 37 33 -35 -36 44 48 -39 -40 56 -42 45 -44 -45 -46 -47 -48 -49 -50 60 -52 -53 -54 58 -56 -57 -58 -59 -60 -61 -62 -63
leaf_value=-0.02365506907393455 -0.024253875504433212 -0.0075608303838767136 -0.0021956723179850034 -0.0042178039510549119 -0.0057832825946759463 -0.035853669259637955 0.0046364494013827759 0.010031514392728339 -0.0090891913725219282 0.0092042787395012135 -0.016594278624955393 -0.010293454836716207 -0.021473913086799593 -0.033769600825628777 -0.022705911581233119 0.020533554872428451 0.0028019632795704989 0.0043265150972978429 0.015976678213561218 -0.013191809781466951 0.015679125190129865 -0.030583066036791104 -0.0031446964359957549 0.020812732498647915 0.0121345864430329 0.02931227378508159 0.016627191773012608 0.0044404651559017258 -0.00019363603383672304 0.03198618800883142 0.0033203411719061804 0.0082406598299780247 0.023651749966735306 -0.0083461337959876269 0.0066482031173201719 -0.0030554242005332724 -0.0076542549727543303 -0.019780112300985937 -0.0029480428683465549 0.025070889241302172 -0.012911913398160517 -0.036997993004175833 0.0084398119452710595 -0.021029141335161532 0.033482503673668819 -0.021308855691456522 0.0010333845823618537 0.030850064450884045 -0.018971214916321713 -0.0098763671851084065 -0.014288072843116272 0.012419818535172196 0.0080793573004509199 0.01083786318013445 -0.039849700716147261 -0.01369318533374941 0.0041301019703807529 0.018132995942344056 0.019456018006078352 0.015056226565736436 -0.0011988727789560424 0.021330219707105511
leaf_weight=4244.5233093127608 1067.3020724505186 837.08947637677193 200.77299090474844 185.48411600291729 1679.6964791417122 321.28873933851719 1267.2587168961763 381.68658888339996 506.05110271275043 3855.5878049135208 1672.9400272890925 526.70372775197029 295.407889097929 6258.9647526592016 229.81959815323353 555.1833758354187 576.03715035319328 1939.8664775639772 1881.5883740633726 240.81881304085255 1292.6191525310278 3258.8990047425032 1204.2180658280849 593.98930570483208 486.21505959331989 2200.5633814632893 874.45013105869293 339.02292247116566 1595.4851443916559 4240.5150511115789 74.954871445894241 3409.0860117673874 1684.4694576561451 117.54751615226269 1528.6555493324995 185.08776268362999 2046.6075527071953 115.86208833754063 616.69663861393929 782.96555614471436 1704.8970929458737 383.51773239672184 477.47583377361298 343.05865032970905 346.90030705928802 2685.2138233631849 540.89421163499355 409.05940710008144 883.49360776692629 1302.1080002933741 1134.4125033542514 254.64640834927559 2611.930970042944 1209.9214238077402 74.278852820396423 569.55629567801952 460.61590844392776 852.29841291904449 3241.0443409532309 3103.1645273715258 2139.4210345894098 2420.8229424655437
leaf_count=36336 8053 4211 1347 794 9026 3024 5234 1566 2977 16376 12297 2560 1821 68640 1489 2509 3579 11293 7738 1179 5279 32809 5541 2654 1986 9128 3746 1556 7535 18328 435 15528 6908 484 7790 764 12811 549 2872 3207 10764 4088 2236 1918 1414 24595 2215 1662 5962 8230 8584 1164 11901 4956 458 2708 1906 3707 13219 12832 11640 9947
internal_value=-0.000109704 0.00983652 -0.021931 0.0155461 -0.000434484 -0.0140717 0.0211186 0.0235972 -0.00751063 0.00860255 -0.00873215 0.00472914 -0.0107122 -0.0299494 -0.00754168 0.00727189 -0.00487099 0.00145402 0.00837082 0.00445877 0.013377 -0.0262822 0.00586052 0.00767477 0.026937 0.0276261 0.00618235 0.00456919 0.00676382 0.0284746 0.00622173 0.00713312 0.0164216 0.021561 0.00273162 0.0177672 -0.00878436 0.00789632 0.0085576 0.0126528 -0.0172858 -0.027046 -0.00353494 -0.00604815 0.0185241 -0.023281 0.0113615 0.0174892 -0.0110342 -0.00583239 -0.0216826 -0.00338176 0.010236 0.0163039 -0.0182891 -0.00692944 0.0157089 0.010223 0.0170779 0.0170799 -0.00448393 0.0252461
internal_weight=82520.7 56684.4 25836.4 36431.7 20252.6 13049 20210.1 15307.3 8543.84 16221.6 7670.05 11708.8 6509.14 12787.4 7348.76 8953.92 5675.82 2169.69 8427.22 8019.29 4902.79 6528.4 7182.2 5977.98 9729.8 9348.12 6545.63 5671.18 4762.6 8861.9 5384 5143.18 3635.53 1802.02 2034.71 5577.5 3506.14 4993.94 4878.08 8202.33 2772.2 6327.63 2754.88 2277.4 5392.01 3068.73 1833.51 5045.11 2930.1 3736.94 5378.94 1934.34 3167.11 4636.05 149.234 908.579 4346.75 4261.38 4450.97 3886.13 3441.53 4621.39
internal_count=488065 261211 226854 155339 105872 95375 83884 63764 51275 71455 50455 54597 40508 131479 47431 40253 35134 12782 37693 37134 20120 62839 32923 27382 40955 39389 29955 26209 21945 37403 24728 23549 14886 7392 10767 22809 22352 22656 22107 34321 18817 61492 14344 12108 22015 28683 7494 20601 18773 21691 44920 10190 14410 18939 893 4264 17945 19235 18175 16039 19870 19075
cat_boundaries=0 1 2 3 4
cat_threshold=1528 132220 2112 1416
is_linear=0
shrinkage=0.035


Tree=32
num_leaves=63
num_cat=1
split_feature=20 4 24 0 7 2 7 13 0 40 16 13 23 48 24 13 15 27 40 19 47 42 0 20 42 4 52 24 48 33 14 19 18 3 7 40 47 29 23 37 0 27 49 3 3 14 32 14 40 23 1 14 14 48 29 14 29 29 27 18 1 14
split_gain=13787.8 2545.44 1308.02 950.873 710.393 416.731 359.862 236.95 228.859 195.978 175.74 153.318 148.317 156.042 146.652 137.751 133.832 122.062 116.958 114.266 105.221 104.174 101.82 99.8655 98.9958 96.7495 95.3698 94.0412 92.6265 87.4069 74.4391 71.2261 70.1236 69.0552 68.4026 68.4313 68.1768 67.1259 94.0736 63.8335 63.6794 63.2277 63.1683 62.4479 61.642 58.4332 58.1634 58.0702 59.7368 57.8053 56.7123 56.2963 55.2377 98.8091 103.942 54.3541 53.674 52.3064 51.7248 51.4037 51.208 49.3528
threshold=1.0000000180025095e-35 4.5050000000000008 6.5000000000000009 543.15000000000009 0.95833333333333337 18.090000000000007 0.95833333333333337 0.84412955465587058 426.32000000000005 1.0000000180025095e-35 0 0.7958333333333335 0.68301270189221941 10.500000000000002 10.500000000000002 0.24500000000000002 1.1817107270982672 1.0000000180025095e-35 8363.2266666666692 1133.8650000000002 103.77000000000002 1.5000000000000002 251.66000000000005 4.8826322909706361 2.5000000000000004 72.370000000000019 4.5000000000000009 1.0000000180025095e-35 3.5000000000000004 1.5000000000000002 19.500000000000004 579.09068181818191 3511.6200000000008 15.500000000000002 0.76388888888888895 1.0000000180025095e-35 50.820000000000014 84.500000000000014 0.25000000000000011 13109.220000000003 7.0400000000000045 1.0000000180025095e-35 13.500000000000002 165.50000000000003 44.500000000000007 16.000000000000004 1792.2600000000004 16.000000000000004 12254.933333333336 -0.6830127018922193 91.305000000000021 20.500000000000004 20.500000000000004 6.5000000000000009 241.50000000000003 18.000000000000004 353.00000000000006 84.500000000000014 14699.280000000001 1162.3770833333335 3572.5500000000006 19.500000000000004
decision_type=8 8 8 10 10 10 10 10 10 10 9 10 2 2 10 10 8 10 10 10 8 2 10 10 2 10 2 10 2 2 2 10 10 2 10 10 10 2 2 10 10 10 8 2 2 2 8 2 10 2 10 2 2 2 2 2 2 2 8 10 8 2
left_child=2 4 5 6 20 40 21 36 12 -7 11 42 13 27 26 -11 25 33 29 23 24 44 55 58 -2 56 -4 51 -12 -19 -31 32 -14 -10 -28 -36 -5 -32 -39 -24 -1 -29 -8 -15 -3 -25 -23 -38 -49 -30 -18 -6 -43 54 -54 -17 61 -47 -13 -40 -61 -9
right_child=1 3 14 7 8 9 10 16 17 15 28 19 31 43 -16 22 50 18 -20 -21 -22 46 39 45 -26 -27 34 41 49 30 37 -33 -34 -35 35 -37 47 38 59 -41 -42 52 -44 -45 -46 57 -48 48 -50 -51 -52 -53 53 -55 -56 -57 -58 -59 -60 60 -62 -63
leaf_value=-0.025324283368581911 -0.018671700342501256 -0.001388048823464722 -0.0021221747867306751 0.024140658042400988 -0.0055266593647805449 -0.03557177808395276 0.010856549743756409 0.012586349804667102 0.010384079492733473 -0.016195884389693306 -0.0069303822353849699 0.013494481590821502 0.0045916018002624586 0.0025608625911758636 -0.033496417035709776 -0.023703038479690092 0.023347003931345627 -0.0032871407728512613 -0.0061009684425949338 -0.011301924260156427 -0.0047863917316185453 -0.0038065563323278419 0.0019773987872435538 0.00040164112382804358 -0.004097936642236474 0.02920311116316596 -0.030888918496183203 -0.030364723322320489 -0.0027508311431335797 0.00061303166343838365 0.020490293726896605 -0.0064240597247153678 0.015574314522330492 -0.031271521549168832 -0.036776123169574487 -0.021633999265875125 -0.004359040920778056 0.0056245234667445677 0.0070162744261749836 -0.022934275098755352 -0.017615461974801142 -0.01219974706063854 0.00013885077024834429 0.017382997394258408 -0.019918075332975856 0.030061716423045101 0.0087863791270561369 0.014898734595285321 -0.0096939287518671147 0.011576757215646985 0.013639713548013655 0.0079913938867623314 0.016840134006370217 -0.008241371891210653 -0.010682989017405515 -0.0074320288789963733 0.0041047499950571022 0.020070249417180001 -0.01350895297916882 0.016142157099253582 0.032685256966880863 0.024463533409732643
leaf_weight=2500.6934665888548 2237.3556229397655 389.40273525565863 200.49564824253321 827.52499932050705 643.78270192444324 312.6611420288682 2678.4166923910379 496.99570232629776 72.833872869610786 1654.4548787921667 721.67154566198587 2528.1793310046196 2129.1207575947046 1030.4302523732185 6092.121356241405 274.53995980322361 1264.2550239264965 520.10823252797127 559.91375395655632 168.08022136986256 2134.0840581655502 861.94504955410957 2331.0032494217157 155.79056179523468 767.37802976369858 5361.6004528999329 2677.016032256186 144.84965869784355 463.7630028873682 674.69105470180511 1145.3099072724581 461.82766868174076 1070.1290255486965 144.0028508156538 416.49044638127089 3103.6597168967128 219.93321610987186 2140.57020008564 641.04803119599819 132.200270421803 2794.7686656713486 1491.0679357051849 899.9286767244339 525.25793984532356 504.75322961807251 828.71766462922096 936.51547162234783 3763.31680329144 124.36436928808689 1341.6780051887035 1784.8325834721327 909.19468323886395 473.53840897977352 1720.0729729533195 259.43712590634823 2920.9495911300182 196.24096225202084 2933.2775214612484 89.219476774334908 1622.6099117696285 267.58828504383564 3275.2114486545324
leaf_count=22714 15662 2118 1347 3407 3007 3024 12049 2062 407 12297 3249 10570 10122 5098 68640 1987 5175 2314 2520 704 12182 4420 12773 662 4319 23026 27926 851 2061 3071 4843 2125 5021 865 4561 29005 1028 9198 2744 816 22206 7948 4215 2541 3065 3388 4357 15580 521 5825 7337 4138 2309 8983 1340 19558 802 11969 373 6877 1122 13641
internal_value=-0.000108887 0.00950656 -0.0215263 0.0158255 0.000788562 -0.0137176 0.00952798 0.0214628 0.00396387 -0.00847795 0.0119729 0.0140015 0.000679812 -0.0022375 -0.0296031 -0.0073149 0.0240489 0.00854171 0.00928382 0.017138 -0.0107323 -0.00210238 -0.00471593 0.0178711 -0.0149523 0.026131 -0.0258911 -0.00494357 0.00364719 0.010513 0.011619 0.00641426 0.00826897 -0.0172963 -0.0266596 -0.0234355 0.0149725 0.0128952 0.0110292 0.000631623 -0.0212599 -0.00772781 0.00816192 0.00757332 -0.0118589 0.021409 0.00275222 0.0131201 0.0141097 0.00789695 0.017671 0.00238757 -0.00688898 -0.00365721 0.00709703 -0.00883693 0.0219742 0.0222786 0.0125692 0.0155957 0.0185001 0.0229024
internal_weight=82012.9 56601.8 25411.1 32815.6 23786.2 12921.3 15501.3 17314.3 18647.4 7625.81 12808.7 10281.6 10858.7 7197.63 12489.8 7313.15 12379.1 7788.68 7571.84 6703.26 5138.82 2692.62 5658.69 6535.18 3004.73 9330.05 6397.66 5641.94 2527.11 7011.93 6491.82 3661.08 3199.25 216.837 6197.17 3520.15 4935.14 5817.13 4671.82 2463.2 5295.46 4088.97 3578.35 1555.69 894.156 3917.79 1798.46 4107.61 3887.68 1805.44 3049.09 1552.98 3944.12 2453.05 732.976 3195.49 3968.45 3762 2617.4 2531.25 1890.2 3772.21
internal_count=488065 261211 226854 141604 119607 95375 69025 72579 87444 50455 55065 43930 53483 36215 131479 47431 52043 33961 32689 27666 32163 13960 35134 26962 19981 39531 62839 28576 11135 30169 27855 17268 15143 1272 61492 33566 20536 24784 19941 13589 44920 21431 16264 7639 5183 16019 8777 17129 16101 7886 12512 7145 20580 12632 3649 21545 16505 15357 10943 10743 7999 15703
cat_boundaries=0 1
cat_threshold=21928
is_linear=0
shrinkage=0.035


Tree=33
num_leaves=63
num_cat=3
split_feature=5 13 50 0 47 46 13 34 24 0 16 19 42 40 15 0 22 32 14 42 26 24 23 39 32 47 35 26 19 22 26 26 27 26 29 22 27 26 37 26 18 0 19 26 22 26 30 14 41 41 16 14 26 41 41 14 26 1 17 16 17 22
split_gain=12944.6 2380.16 1299.35 1088.12 421.679 341.947 315.235 306.779 233.896 216.751 152.013 171.926 143.768 143.07 130.809 127.464 114.251 110.551 102.113 98.1821 97.1784 92.7228 123.576 89.312 89.1733 86.0128 85.8984 81.1024 80.6592 76.4171 74.8222 74.3626 71.9214 71.0178 70.0561 69.1778 68.512 67.9824 66.8699 64.3756 60.5625 65.2244 81.3252 58.0318 56.1716 55.5251 54.129 53.8993 52.3222 52.0341 51.9846 51.6438 50.9665 50.5906 50.4952 50.0264 51.3732 56.8416 62.634 49.9681 49.4569 77.4764
threshold=1.0000000180025095e-35 0.59175084175084181 0.13416407864995034 555.66000000000008 78.920000000000016 55.305000000000014 0.88348416289592768 2.5000000000000004 10.500000000000002 62.670000000000009 0 1081.4133333333334 1.5000000000000002 1.0000000180025095e-35 0.92524613279643053 19.521666666666672 1.0000000180025095e-35 11810.43 16.000000000000004 1.5000000000000002 177.00000000000003 1.0000000180025095e-35 0.68301270189221941 72.060000000000016 453.50000000000006 8.115000000000002 14.500000000000002 39.500000000000007 1133.8650000000002 7.5000000000000009 30.000000000000004 131.50000000000003 2.1950000000000007 192.50000000000003 333.50000000000006 2.5000000000000004 20386.710000000006 131.50000000000003 6264.9900000000007 51.000000000000007 10565.300000000001 1489.8600000000001 2407.6083333333336 39.500000000000007 1.0000000180025095e-35 21.500000000000004 169.69500000000002 16.000000000000004 2373.2100000000005 2885.1300000000006 1 19.500000000000004 39.500000000000007 2555.3600000000006 15073.740000000003 19.500000000000004 314.50000000000006 797.85000000000014 9085.9500000000025 2 4032.6300000000006 37.500000000000007
decision_type=8 10 8 10 8 8 10 2 10 10 9 10 2 10 8 10 2 8 2 2 2 8 2 10 10 8 2 2 10 2 2 2 10 2 2 2 8 2 8 2 10 10 10 2 2 2 10 2 8 10 9 2 2 8 10 2 2 8 8 9 8 2
left_child=2 4 8 7 12 20 32 9 15 24 11 18 46 -7 23 -1 -17 45 -11 31 27 -19 44 43 25 -3 29 -4 38 -12 -20 34 -5 39 -15 -24 -32 -28 47 -18 41 42 53 -8 -23 -6 -2 -9 -16 -27 -21 -47 -49 -34 -53 -31 57 -57 -59 -25 -46 -62
right_child=1 3 5 6 17 13 14 28 -10 10 26 -13 -14 19 48 16 33 21 30 50 -22 22 35 59 -26 49 37 -29 -30 55 36 -33 40 -35 -36 -37 -38 -39 -40 -41 -42 -43 -44 -45 60 51 -48 52 -50 -51 -52 54 -54 -55 -56 56 -58 58 -60 -61 61 -63
leaf_value=-0.028602250954971702 -0.023732363124909138 -0.014873309542096685 -0.02733795796316716 -0.017213389233681119 -0.020360422773561131 -0.034805989069513821 0.0062556967070250252 -0.0052491478978924115 -0.033224816350445115 -0.014395768339477687 -0.0055885297912490689 -0.018558273757333765 -0.0056292492713067768 0.0035300013839384059 0.0097858349472443491 -0.033526157157292236 -0.022041947940154825 0.011870121207136789 -0.0020323529330061921 0.012632703718320294 -0.022142045460332934 -0.024518498703357441 -0.0054283668528921801 0.018853141865933228 -0.019525043569138759 -0.00049586797763607007 0.0050792184433733657 -0.0097558048880342658 -0.012603995191634219 -0.004020168406744234 0.014896658327804914 -0.012440198902952025 0.0089507706663442769 -0.022360921854692187 -0.017866903441591673 0.012228725897889457 -0.017096721127761807 -0.0092804423168657314 0.022768293562985448 -0.0080550579934581378 0.00088038183102337952 0.019842310318538052 -0.010862969069185012 0.022498119543928149 0.0021213499104621105 -0.018559483137841191 -0.012533674971021676 0.0017799648783716547 0.019742690947396072 0.01076385696925967 -0.0012668441570638576 -0.00055213578843503941 0.016112538533880935 0.01638515461508757 -0.025762726954489067 0.0056560452695044441 0.024726578292554306 0.024557298727249287 0.0019376347875269724 0.030047996466136522 -0.019524626301570189 -0.00070616094394803177
leaf_weight=4071.7861370369792 1024.9400077164173 423.73200336098671 384.22533967345953 89.059226997196674 219.2032016813755 196.08860466629267 295.62103018164635 174.77124765515327 5929.8358419239521 165.15207636356354 556.54650713503361 222.66962599754333 2563.36972181499 865.31847660988569 814.92283643782139 649.44969389587641 601.33874195069075 1456.8435456752777 359.75264620780945 398.80136765539646 3050.6188024431467 129.02116611599922 328.5831953138113 723.02327181398869 317.76804587244987 2286.4969988465309 712.18208450078964 1957.2972596287727 120.98816248774529 357.15928599238396 5552.6249598264694 1978.8674655333161 1806.4802175611258 1890.6911264508963 238.2094480022788 1558.3700693547726 82.432185679674149 930.45912683755159 1382.9915151894093 1225.1997503936291 392.11218577623367 2325.6047634482384 172.06907290220261 3156.9680246710777 2159.6028925552964 223.64684595912695 1100.9470848366618 338.40309138596058 3187.6138247996569 643.45356319844723 1679.5905836671591 3475.476942896843 3005.6238861531019 2975.7859284579754 99.129680439829826 2164.5140901356936 258.24348022043705 462.05154918134212 222.05417697131634 4145.0256935358047 390.62833072245121 849.23520517349243
leaf_count=42008 7947 2405 3160 522 1208 1924 1210 746 68640 809 2467 1014 15088 5097 3352 6913 5398 6787 1585 2168 25079 792 1665 3065 1763 11284 3086 14905 496 1617 23564 13292 7448 17307 1571 7410 345 4211 5680 10580 1622 9541 715 13210 10997 1304 7052 1392 13172 3219 9545 17861 12351 12192 516 9398 1096 1902 939 17999 2010 4424
internal_value=-0.000108251 0.00919882 -0.0210077 0.0136402 -0.00243988 -0.0118024 0.0194468 0.00801661 -0.027893 0.00560962 0.00787861 0.0115784 -0.0112137 -0.00553773 0.0229272 -0.0241427 -0.0199788 0.0013389 0.0126894 -0.00441913 -0.0180238 0.00403496 0.00192538 0.0254304 -0.00183491 -0.000153416 0.00368056 -0.0126513 0.015546 0.00644182 0.0134379 -0.00838224 0.0139182 -0.0176035 -0.00110077 0.00915277 0.0144257 -0.00305538 0.0162432 -0.0126694 0.0142818 0.0150034 0.0127284 0.0211096 -0.00194117 -0.00327286 -0.0179414 0.0136729 0.0177184 0.00197974 0.00145965 -0.00228161 0.0146631 0.0135793 -0.00125828 0.00837573 0.00980157 0.00844033 0.0172287 0.0284899 -0.00107732 -0.00664602
internal_weight=81520.7 56403.4 25117.3 40824.4 15579 10749 20084.3 20740.1 14368.3 15717.3 12045.8 6382.63 4689.26 5356.88 12323.2 8438.47 4366.68 10889.7 6159.96 5160.79 5392.14 6872.28 5415.44 8320.64 3671.45 3353.68 5663.21 2341.52 5022.78 4020.57 5994.81 3082.4 7761.11 3717.23 1103.53 1886.95 5635.06 1642.64 4901.79 1826.54 7672.05 7279.94 4954.34 3452.59 3528.49 4017.46 2125.89 3518.8 4002.54 2929.95 2078.39 3798.25 3344.03 4782.27 3574.61 3464.02 3106.86 2848.62 684.106 4868.05 3399.47 1239.86
internal_count=488065 260478 227587 175417 85061 76741 84048 91369 150846 70704 52033 27317 30087 33597 52008 82206 40198 54974 26303 31673 43144 34085 27298 35484 18671 16908 24716 18065 20665 17419 25494 19960 32040 33285 6668 9075 23909 7297 20169 15978 31518 29896 20355 14420 18223 20889 14999 14489 16524 14503 11713 19681 13743 19640 18377 14952 13335 12239 2841 21064 17431 6434
cat_boundaries=0 1 2 3
cat_threshold=1512 132232 133120
is_linear=0
shrinkage=0.035


Tree=34
num_leaves=63
num_cat=2
split_feature=20 2 24 13 7 2 21 4 40 42 23 34 4 24 13 47 48 26 26 48 48 52 14 26 44 40 16 26 14 48 7 19 37 2 40 48 47 14 27 26 17 49 48 42 48 27 46 26 19 14 26 52 0 22 27 23 3 22 18 16 18 3
split_gain=12259.9 2266.7 1267.9 919.152 558.721 392.79 273.792 248.08 186.404 184.11 181.487 179.591 171.168 148.126 127.261 116.832 109.362 102.981 112.946 100.475 96.173 93.2326 89.5358 89.04 86.6101 82.8 81.7549 78.9815 78.8606 74.6826 74.1809 73.3857 73.2435 69.1864 71.8963 65.5867 67.4431 64.7069 64.2519 66.7834 63.8326 68.605 62.8581 62.5115 62.0635 61.5908 59.1124 58.7029 68.1452 54.6658 59.9376 54.6434 55.8098 54.1227 54.3965 53.5805 53.5108 55.5122 53.3274 52.2885 51.8636 84.3868
threshold=1.0000000180025095e-35 177.49000000000004 6.5000000000000009 0.82971014492753636 0.95833333333333337 18.090000000000007 8.6800000000000015 1.9500000000000002 1.0000000180025095e-35 2.5000000000000004 0.68301270189221941 1.5000000000000002 28.845000000000002 10.500000000000002 0.24500000000000002 633.03000000000009 10.500000000000002 131.50000000000003 21.500000000000004 3.5000000000000004 3.5000000000000004 4.5000000000000009 19.500000000000004 122.00000000000001 382.04000000000002 2484.6200000000003 0 314.50000000000006 20.500000000000004 10.500000000000002 0.59166666666666679 338.29250000000008 1877.1300000000003 1.4100000000000001 1.0000000180025095e-35 11.500000000000002 7327.9950000000008 20.500000000000004 1.0000000180025095e-35 21.500000000000004 11321.010000000002 13.500000000000002 1.5000000000000002 1.5000000000000002 3.5000000000000004 12311.910000000002 139.71500000000003 91.000000000000014 374.37333333333339 16.000000000000004 39.500000000000007 3.5000000000000004 854.91666666666686 26.500000000000004 2031.74 0.68301270189221941 61.500000000000007 23.500000000000004 511.14000000000004 1 13407.280000000001 95.500000000000014
decision_type=8 10 8 10 10 10 10 8 10 2 2 2 10 10 10 8 2 2 2 2 2 2 2 2 10 10 9 2 2 2 10 10 8 10 10 2 8 2 8 2 10 10 2 2 2 10 10 2 10 2 2 2 10 2 10 2 2 2 10 9 10 2
left_child=2 4 5 11 9 43 19 10 -7 15 16 22 49 21 -10 30 31 18 -16 25 28 -4 -3 45 27 -5 60 38 -9 42 -2 -6 59 -23 -35 36 51 -27 58 -40 41 -41 46 -1 -28 53 -19 -34 -49 -8 -51 -13 -53 54 -21 -30 -44 -58 -24 -22 -14 -62
right_child=1 3 13 6 7 8 12 20 14 -11 -12 35 26 -15 17 -17 -18 29 -20 23 32 33 24 -25 -26 37 44 -29 55 -31 -32 -33 47 34 -36 -37 -38 -39 39 40 -42 -43 56 -45 -46 -47 -48 48 -50 50 -52 52 -54 -55 -56 -57 57 -59 -60 -61 61 -63
leaf_value=-0.022484460396367981 -0.02540081404973003 -0.0070223381949097346 -0.0015033762493397757 -0.00086936420860237958 -0.0054235256425623898 -0.035055267394747375 -0.0046730364849705205 -0.0077760905687834034 -0.015444280513528679 2.2340641403760528e-05 0.0059566977908337851 -0.0055442188349742287 0.027431810152798025 -0.032954500514377726 -0.021804665074603304 -0.0023631626824296473 0.004487355408386017 -0.012519417839149572 0.0044093259855123891 0.02307019296043172 0.014297960570315309 -0.030232666815228456 0.0039495352782325495 0.012994902139606093 -0.0031671733050915168 0.0024183421847310638 0.0028160071860393121 0.019505143246198127 0.022239081460533119 0.00036891259627666812 -0.013110885505506558 -0.017389403164609921 0.022540800352881835 -0.036466356297888865 -0.020692237951797168 0.022802992201139249 0.017498148228903221 0.022938599747310228 -0.01226911930974834 0.0096665844107159376 -0.01696028800700014 -0.0032279116209889052 -0.0065893162943770432 -0.013041463108989012 0.021188570981166083 -0.0071433266588765585 0.01065988313537726 0.013336112554387708 -0.0015578090677711512 0.0039931280496359944 0.018819833109465594 0.0069618811544043292 0.014103749546530606 0.030724718809099924 0.0024787093104153579 0.0033441984328721314 -0.031973473093886047 -0.014421970458413327 -0.039290558740421609 0.0008674615459517887 0.028142834422887991 -0.012739079171796328
leaf_weight=4046.080229870975 788.23957336694002 783.95107594877481 198.11513762921095 902.09433075785637 2756.8897979706526 296.97813611477613 140.22421053051949 719.80291289836168 1619.6340751498938 1968.5801819711924 2906.4871844798326 295.90973071753979 6909.1015269756317 5772.0313406959176 223.70622359961271 997.6648865789175 1095.3054399043322 260.83694098889828 1936.0454897582531 631.8445799946785 482.09899908304214 2587.6062250062823 69.905882358551025 3520.5374837964773 1181.2014095634222 315.28776884078979 306.65101708471775 577.46667616069317 224.08034801483154 938.12328477948904 2560.251452088356 812.69935746490955 682.32803189754486 403.59475453197956 2963.6712983697653 601.54076211154461 1464.171717479825 467.12320709228516 220.7415804117918 4054.0562192648649 127.46495391428471 576.94122712314129 734.72620386630297 1096.6611486747861 850.86158210039139 80.227940067648888 276.74030767381191 2584.8440424278378 440.1789935529232 366.86923243105412 3798.335937410593 3290.4303542673588 2265.6284577846527 798.10143953561783 209.42279833555222 1006.4081444740295 288.07933755218983 953.11177508533001 68.521250419318676 1289.7550831884146 148.40982869267464 104.76219172775745
leaf_count=36336 6000 3948 1347 3727 14859 3024 595 3429 12297 10470 13856 1237 29873 68640 1489 5732 5576 1927 11293 2580 2158 28046 409 14444 5430 1305 1270 2551 991 5909 17226 4214 2879 4649 28797 2463 5998 1904 1081 18134 604 2672 4746 8584 3607 328 1598 11268 1912 1503 15601 13961 9364 3302 852 4502 1893 6279 444 5876 639 437
internal_value=-0.000107351 0.00887908 -0.0207293 0.0143426 -0.00012495 -0.0130185 0.0193964 0.00355156 -0.00792347 -0.00885781 -0.000907072 0.00799944 0.0224645 -0.0289205 -0.00680448 -0.0128791 -0.00518394 -0.00430842 0.00168526 0.0137999 0.00809485 -0.0251316 0.00417801 0.0161903 0.00545577 0.00635884 0.0253979 0.00724447 0.00141933 -0.0080582 -0.0160107 -0.00815194 0.0104703 -0.0259173 -0.0225932 0.0116956 0.0107794 0.0146832 0.00585745 0.00651251 0.00738617 0.00805981 -0.0112024 -0.0204737 0.0161882 0.0227208 -0.000589269 0.0132675 0.0111691 0.0167916 0.0175152 0.00909562 0.00987618 0.0241858 0.0179532 0.00680035 -0.0140881 -0.0185181 -0.0175825 0.00461328 0.0268238 0.0112424
internal_weight=81039.1 56443.4 24595.7 35127.8 21315.6 12670.7 19549.9 15000.9 7527.98 6314.74 7571.38 15577.9 12625.2 11925 7231 4346.16 4664.89 5611.37 2159.75 6924.64 7429.5 6152.99 7660.25 5240.13 6876.3 1684.51 8319.79 5695.1 1950.29 3451.62 3348.49 3569.59 5479.21 5954.87 3367.27 7917.68 7316.14 782.411 5117.63 4979.2 4758.46 4631 2513.49 5142.74 1157.51 1719.6 537.577 3707.35 3025.02 4305.43 4165.21 5851.97 5556.06 1639.37 841.267 1230.49 1975.92 1241.19 138.427 1771.85 7162.27 253.172
internal_count=488065 261211 226854 150263 110948 95375 81967 71520 50455 39428 38505 68296 53525 131479 47431 28958 24649 35134 12782 28442 33015 62839 35273 21506 31325 6936 35826 25895 8922 22352 23226 19073 24093 61492 33446 33023 30560 3209 23344 22491 21410 20806 16443 44920 4877 7062 3525 16059 13180 17699 17104 24562 23325 6734 3432 5493 12918 8172 853 8034 30949 1076
cat_boundaries=0 1 2
cat_threshold=21888 5280
is_linear=0
shrinkage=0.035


Tree=35
num_leaves=63
num_cat=3
split_feature=20 0 24 13 13 7 32 34 40 0 16 24 19 24 16 21 43 26 26 48 14 47 52 23 24 27 40 14 26 0 42 26 5 40 7 16 22 26 37 3 18 14 26 47 43 37 41 0 17 14 26 42 0 22 3 32 0 22 22 49 26 22
split_gain=11558.5 2111.04 1245.61 739.973 717.852 381.884 238.388 236.654 180.783 173.265 171.163 168.002 158.516 149.076 139.397 131.791 127.032 109.257 118.516 101.929 94.0951 91.4433 90.576 89.9596 89.7515 82.5661 88.4219 81.5688 115.699 75.6981 74.9611 73.7857 73.7754 69.6488 82.0439 68.359 117.34 68.5411 67.2983 67.1541 66.6962 66.0269 71.7243 65.2491 61.0641 59.1563 57.3744 57.0119 56.5402 57.4198 57.2042 56.3506 56.3335 54.6003 65.3673 54.3315 53.8401 53.0111 51.1954 51.0933 50.8487 57.4516
threshold=1.0000000180025095e-35 382.78333333333336 6.5000000000000009 0.56832298136645976 0.86811594202898557 0.95833333333333337 inf 2.5000000000000004 1.0000000180025095e-35 22.560000000000041 0 1.0000000180025095e-35 569.5725000000001 10.500000000000002 1 31.715000000000003 1.5000000000000002 131.50000000000003 21.500000000000004 3.5000000000000004 16.000000000000004 1100.6100000000004 4.5000000000000009 0.68301270189221941 1.0000000180025095e-35 1.0000000180025095e-35 6157.2300000000014 20.500000000000004 299.50000000000006 235.31333333333333 1.5000000000000002 30.000000000000004 145.67333333333337 1.0000000180025095e-35 0.91287878787878796 2 7.5000000000000009 122.00000000000001 13109.220000000003 15.500000000000002 3409.2229166666671 18.000000000000004 21.500000000000004 893.61000000000001 4.5000000000000009 6264.9900000000007 560.76500000000021 1034.2300000000002 13483.800000000001 16.000000000000004 51.000000000000007 1.5000000000000002 141.39000000000004 18.500000000000004 134.50000000000003 612.49000000000012 579.59166666666681 18.500000000000004 4.5000000000000009 3.5000000000000004 100.50000000000001 22.500000000000004
decision_type=8 10 8 10 10 10 8 2 10 10 9 8 10 10 9 10 2 2 2 2 2 8 2 2 8 8 10 2 2 10 2 2 10 10 10 9 2 2 10 2 10 2 2 8 2 8 10 10 10 2 2 2 10 2 2 10 10 2 2 10 2 2
left_child=2 3 5 6 11 30 16 9 -7 -5 15 38 14 22 20 48 -2 18 -10 -12 -11 -21 -4 24 -8 39 31 -19 -29 -14 -1 -27 -17 -24 -35 -33 -37 -38 41 -13 -25 -3 -43 59 -18 -9 -45 -20 49 -6 -51 -30 55 54 -44 -22 -39 -28 -23 -16 61 -52
right_child=1 4 13 7 10 8 23 45 17 12 19 25 29 -15 43 32 44 27 47 21 52 58 33 40 -26 26 57 28 51 -31 -32 35 -34 34 -36 36 37 56 -40 -41 -42 42 53 46 -46 -47 -48 -49 -50 50 60 -53 -54 -55 -56 -57 -58 -59 -60 -61 -62 -63
leaf_value=-0.021764075456465408 -0.024864458508559013 0.0023713866874066321 -0.0014524266806206971 -0.0075137586751357933 -0.0026421275404750655 -0.035941742824611801 0.0053147439778872194 0.011084675067326405 -0.022466172424141652 -0.016069809249398402 -0.00037954792562925834 0.0082792898871199942 -0.015300916724118981 -0.032685191126321504 -0.0099810715416393005 0.022066813786210733 -0.012305619431282531 -0.016764740333355233 0.00010274024881193608 0.0049255237929243115 0.0084935498937114533 -0.0063135532780572278 -0.036310610094678716 0.0019933569523990441 -0.0068992757735617328 -0.0059435009208056765 -0.020499680000491318 -0.011027550741582829 -0.0033360832282660854 0.001611104987099593 -0.011306698322729274 0.023672088660943443 0.029233011726984229 -0.028060170617177527 -0.019157703160987253 -0.0042730146813254634 0.016455528039176642 -0.00097408589868809808 -0.0055425713059299424 -0.029676028770658197 0.018550244749569358 -0.0021784075537590931 0.012623041346446536 0.0037342450649565564 -0.0032794018642035246 0.020915483979555699 0.01999677526612104 0.017775483844624781 -0.0051769914081734114 0.010423188126640762 0.017113511629511222 0.014207323776128943 0.014271586308885142 0.018416778468533585 -0.020380099026119283 -0.013989970520522865 0.0098803462806448909 0.00047973121604501538 0.024398686077654542 0.0012045160721581509 0.018764434534878797 0.035137539713824467
leaf_weight=4333.6340167671442 744.2893833220005 558.20251181721687 197.92604827880859 1456.2458974421024 152.36727772653103 260.91144151240587 991.4836943000555 2611.4899478256702 269.11121083050966 165.56170396506786 640.26131300628185 94.178285971283913 604.37683476507664 5618.6285905763507 699.35090920329094 4090.2120577245951 2607.6054952964187 1364.6641581356525 2024.2435810640454 576.93854142725468 3340.8934251591563 70.978687301278114 655.5836448520422 1190.4883629456162 2863.2953785061836 438.17764858901501 187.87544178962708 2078.3001740053296 547.61900001764297 697.69636078178883 1045.9374193996191 356.17910905182362 3125.4153001606464 2910.1056822985411 2269.1451926007867 816.32908873260021 1432.5274986475706 750.2926246970892 224.50067293643951 142.67241862416267 396.71257027983665 286.01925691962242 2248.1475507766008 1325.795070335269 1418.2508698776364 1054.6110575646162 331.60405988991261 250.38225688040257 125.80028761923313 787.96910454332829 361.11196994781494 378.53043822199106 2818.5885465890169 3666.687201499939 75.131732419133186 136.18550536036491 2201.826217263937 674.00551789999008 970.78321747481823 1750.1856638044119 3546.457698225975 553.49276661872864
leaf_count=39436 5499 2489 1347 7965 629 2723 5181 10794 1859 854 2641 526 2983 68640 3297 17339 16839 9366 12255 2381 15260 290 7658 6033 16862 1999 902 14142 3840 3065 8258 1539 13875 31981 21853 3650 6103 3380 937 887 2010 1214 9314 5762 7808 4325 1414 1355 518 3221 1483 2141 11846 15115 322 671 9507 3027 4065 8314 14750 2326
internal_value=-0.000106484 0.00858143 -0.0203353 0.00156893 0.0151247 -0.0126845 -0.00587676 0.0060437 -0.0073965 0.00387671 0.020459 0.00946924 0.00527462 -0.0285766 0.00669432 0.0220391 -0.0115876 -0.00631407 -0.000546952 0.0113918 0.00989284 0.0161156 -0.0247452 -0.000869751 -0.00375716 0.00566419 0.00636659 -0.00967085 -0.0064442 -0.00624458 -0.0197334 0.0078734 0.0251744 -0.025535 -0.0241643 0.00896372 0.00789141 0.0101746 0.013292 -0.0146126 0.00614074 0.0139114 0.0149373 0.00163302 -0.00912742 0.0139176 0.00699807 0.00205505 0.0179821 0.0185223 0.0191371 0.00384175 0.0105937 0.0157548 0.0115475 0.00760918 0.00712225 -0.00411188 0.0223021 -0.00199178 0.0206735 0.0280476
internal_weight=80564 56359.3 24204.7 27204.7 29154.5 12553.3 10212.1 16992.6 7173.76 13326.5 15001.8 14152.8 11870.2 11651.4 10568.2 12742.8 4770.15 6912.85 2543.74 2258.96 6461.23 1618.7 6032.76 5441.98 3854.78 7094.06 6857.21 4369.11 3004.45 1302.07 5379.57 5995.33 7215.63 5834.83 5179.25 5557.15 5200.98 4384.65 7058.69 236.851 1587.2 6834.19 6275.99 4106.94 4025.86 3666.1 1657.4 2274.63 5527.2 5401.4 5249.03 926.149 6295.67 5989.97 2323.28 3477.08 2952.12 861.881 1041.76 2449.54 4461.06 914.605
internal_count=488065 261211 226854 136782 124429 95375 60232 76550 47681 61431 63518 60911 53466 131479 47418 54141 30146 44958 15469 9377 28631 6736 62839 30086 22043 31520 30107 29489 20123 6048 47694 26178 31214 61492 53834 24179 22640 18990 29391 1413 8043 28454 25965 18787 24647 15119 7176 13610 22927 22409 21780 5981 27777 24751 9636 15931 12887 3929 4355 11611 18559 3809
cat_boundaries=0 1 2 3
cat_threshold=21896 6072 1160
is_linear=0
shrinkage=0.035


Tree=36
num_leaves=63
num_cat=4
split_feature=24 4 7 0 24 7 0 13 22 40 23 27 16 14 48 18 16 22 13 26 26 26 16 4 29 27 40 6 32 13 19 32 29 17 22 32 14 26 23 43 13 20 24 41 26 14 41 48 14 26 26 48 44 26 32 32 41 32 22 0 16 46
split_gain=10921.9 2640.18 771.034 742.056 670.987 282.948 260.663 254.494 204.683 176.061 172.911 183.243 159.945 163.492 157.527 156.1 153.487 125.641 124.794 119.204 111.116 136.616 119.789 110.638 109.634 100.593 97.278 105.104 93.0032 90.0952 87.2694 87.0941 82.2915 81.1914 79.7895 91.8316 79.4102 93.418 77.5872 75.6576 74.5165 74.3906 73.9176 71.4205 68.3468 76.5936 66.626 66.1081 65.7261 64.2577 63.3619 63.3578 57.2968 56.9567 56.6732 55.0603 55.0325 53.8086 53.726 52.9407 52.9341 51.8144
threshold=3.5000000000000004 4.5050000000000008 0.95833333333333337 543.15000000000009 7.5000000000000009 0.95833333333333337 21.000000000000043 0.49074074074074076 39.500000000000007 1.0000000180025095e-35 0.93301270189221952 2.1950000000000007 0 16.000000000000004 10.500000000000002 16040.242500000002 1 14.500000000000002 0.36602870813397131 192.50000000000003 21.500000000000004 131.50000000000003 2 119.60000000000002 272.50000000000006 3054.1500000000001 8178.8999999999996 115.20416666666668 324.45000000000005 0.74537037037037046 1375.9165909090909 1792.2600000000004 324.00000000000006 1700.0600000000002 15.500000000000002 176.85000000000005 20.500000000000004 345.50000000000006 0.68301270189221941 4.5000000000000009 0.82480818414322254 4.1374992089756617 10.500000000000002 652.56000000000006 21.500000000000004 19.500000000000004 786.38000000000022 1.5000000000000002 18.000000000000004 30.000000000000004 51.000000000000007 10.500000000000002 1426.0500000000002 192.50000000000003 155.94000000000003 831.5100000000001 1268.0600000000002 1847.4500000000005 1.0000000180025095e-35 27.120000000000037 3 447.57000000000011
decision_type=8 8 10 10 10 10 8 10 2 10 2 10 9 2 2 10 9 2 10 2 2 2 9 10 2 10 10 10 10 10 10 8 2 10 2 10 2 2 2 2 10 10 10 10 2 2 10 2 2 2 2 2 10 2 10 8 8 10 2 10 9 8
left_child=1 2 18 5 6 31 -2 38 12 -8 11 43 40 -14 20 23 29 25 55 32 -13 24 -23 44 46 -15 27 49 36 -7 41 39 -11 -12 50 60 -24 56 51 -3 -5 -31 -6 -9 -10 -46 -22 -30 -20 -19 -18 58 -28 -52 -26 -1 -38 -47 -4 -50 -36 -35
right_child=4 3 7 8 42 16 9 10 15 19 33 14 13 17 -16 -17 34 26 48 -21 21 22 28 -25 54 -27 52 -29 47 30 -32 -33 -34 61 35 -37 37 -39 -40 -41 -42 -43 -44 -45 45 57 -48 -49 59 -51 53 -53 -54 -55 -56 -57 -58 -59 -60 -61 -62 -63
leaf_value=-0.022193138910083326 -0.023990073532113486 -0.015704457323844342 -0.029009554313953172 0.013860309245122443 -0.025959710723112171 0.0074634134596616468 -0.035737844471771529 -0.0079883974621954863 0.0015564710661523393 -0.0027968425395556665 0.0068261949524393165 -0.013449021276139991 -0.013228297614115106 0.0089445091079637749 0.011751639938062462 -0.0036876186523881922 -0.015224373226909473 -0.0016901610979704715 -0.023628792472791635 -0.015963378520656595 0.0077791283994940938 0.0078170002546089079 -0.0073312570217837839 0.030905293982220926 0.0069105819988313612 -0.018139967345826423 -0.017815068514820783 0.024567305100160905 0.010717032068033205 0.011169529721307074 -0.023185388189687212 0.0041318479633223994 -0.015988684832279675 0.013084736856339244 -0.00051417883363214358 0.00044875145389384379 -0.019556338896307892 0.022160621752584406 0.0025297807928256416 0.0015673970349549891 0.025630335794858967 0.019524108864519781 -0.032416615584886704 -0.040651696804415396 0.010414661349488421 0.025761889600416872 0.021183045497211159 -0.015195593287947253 -0.011217120808161717 0.015592228942559946 0.0088933957499029541 0.0018111013174136417 0.01786677972473626 -0.005538145855313913 -0.005225583168716524 -0.011298939162826168 0.00232231804229323 0.010237008708902142 -0.0080329237335559113 -0.0029220161107506881 0.015063391839986737 0.027690886037004082
leaf_weight=1363.9974339753389 3869.8527634292841 744.81336440891027 157.17815987765789 914.16031584143639 3659.9441875964403 2080.6355927735567 375.38428450375795 187.21911636739969 202.95688836276531 2269.4462827667594 1141.7305891662836 536.68801774084568 280.903185531497 1666.6441006660461 2529.3886336237192 243.96040274202824 293.0704478174448 293.88613201677799 289.02149576693773 3041.4610886797309 930.33096516132355 1698.2838353067636 1322.3128405660391 2342.9880557358265 1303.8656281083822 185.86320048570633 151.54710511863232 1832.6677060574293 137.26668882369995 2069.7132256925106 68.029418259859085 1396.4327323511243 777.07586151361465 645.43051525950432 318.28833019733429 1064.967366039753 149.9196258187294 282.99858084321022 1545.892137542367 532.20986255258322 2399.1418470591307 3560.9405961930752 5469.5458937361836 145.79257369041443 563.27928933501244 3082.7327678054571 890.21926428377628 956.3672332316637 1606.0201123133302 2536.178609803319 777.68013532459736 824.62865325063467 85.370657533407211 587.07370571047068 737.02188703417778 980.42690443247557 2107.2521205693483 302.06910933554173 2813.673119276762 2281.706156745553 1930.7621951848269 556.59495411813259
leaf_count=11184 38158 4607 1153 3805 40031 9638 4174 1063 836 16052 5065 2607 1235 6939 11354 1012 1320 1216 1912 24298 4124 7654 6333 10332 5846 784 631 7894 634 8644 288 6734 6055 2849 1419 4653 741 1264 8190 2638 10273 14638 68640 1004 2386 13098 3940 4679 11169 10515 3368 4683 363 2649 3351 7384 9662 1274 16373 12819 8110 2321
internal_value=-0.000105507 0.00721732 -0.000635519 0.0140101 -0.0229168 0.00844408 -0.0168055 0.00254893 0.0190345 -0.0125008 0.0047264 0.00324452 0.0159397 0.0128808 0.00387409 0.0237837 0.0106145 0.0139879 -0.0111821 -0.0110623 0.0020704 0.00286366 -0.000175474 0.0248161 0.00809967 0.00621879 0.0169234 0.0180349 -0.0029251 0.0136847 0.0159785 -0.001908 -0.00616583 0.0135192 0.00576976 0.00891656 -0.000378768 0.00324188 -0.00407874 -0.00851068 0.0223207 0.0164557 -0.0298312 -0.0223673 0.0213725 0.0223905 0.0143415 -0.0119364 -0.0075517 0.0137976 -0.000487554 -0.00677033 -0.00493646 0.0026859 0.00252746 -0.017644 0.000861138 0.0243798 -0.00915212 -0.00635073 0.0129242 0.0198655
internal_weight=80092.9 60630.2 28121.2 32509 19462.7 15424.6 10333.2 21600.1 17084.3 6463.37 16258.7 13914.9 10346.4 7033.06 13581.9 6737.99 12751.2 6752.16 6521.17 6087.98 11052.5 10515.8 6654.4 6494.03 3861.44 1852.51 4899.65 4662.73 4956.12 7779.32 5698.68 2673.46 3046.52 2343.76 4971.84 3314.02 3862.48 2540.17 5341.37 1277.02 3313.3 5630.65 9129.49 333.012 4151.04 3948.08 1820.55 1093.63 4176.75 2830.06 1657.82 3795.48 236.918 1364.75 2040.89 2344.42 2257.17 3384.8 2970.85 3887.73 2249.05 1202.03
internal_count=488065 290657 149358 141299 197408 68706 88737 104890 72593 50579 74491 64256 43655 29577 62189 28938 54727 28342 44468 46405 50835 48228 30967 27926 17261 7723 20619 19625 23313 33208 23570 13979 22107 10235 21519 14182 18000 11667 30399 7245 14078 23282 108671 2067 17594 16758 8064 5313 25900 11731 7337 22209 994 6017 9197 18568 10403 14372 17526 23988 9529 5170
cat_boundaries=0 1 2 3 4
cat_threshold=5248 5544 136392 2048
is_linear=0
shrinkage=0.035


Tree=37
num_leaves=63
num_cat=4
split_feature=24 4 7 0 24 7 7 22 0 22 16 40 16 13 15 18 16 13 29 18 29 29 22 23 18 42 29 40 5 4 23 16 22 23 27 24 32 29 2 19 19 29 29 3 37 13 43 42 22 8 48 10 0 18 13 32 19 33 0 29 27 27
split_gain=10322.5 2464.15 722.763 701.759 664.655 312.306 254.633 240.448 228.923 177.255 155.21 153.57 142.052 141.937 137.549 125.256 120.035 119.442 119.086 111.119 105.738 113.318 103.161 94.848 89.8322 87.5288 86.2135 86.152 99.2905 84.3587 83.7529 79.0217 95.6142 96.7457 76.9458 74.6664 71.8523 69.9569 68.962 74.6129 66.5441 62.6665 62.5464 59.8411 59.5371 59.482 58.6989 58.2819 58.2072 57.7723 56.8151 56.5115 54.5445 54.4698 53.7544 53.2781 51.6846 49.9963 49.9881 48.5085 48.3718 47.5694
threshold=3.5000000000000004 4.5050000000000008 0.95833333333333337 695.54666666666685 7.5000000000000009 0.95833333333333337 0.95833333333333337 1.0000000180025095e-35 426.32000000000005 39.500000000000007 0 1.0000000180025095e-35 1 0.86811594202898557 0.83985365500855569 16040.242500000002 2 0.36602870813397131 8.0000000000000018 6848.3400000000011 23.500000000000004 69.500000000000014 14.500000000000002 0.68301270189221941 488.0024621212122 1.5000000000000002 192.00000000000003 8178.8999999999996 136.22500000000005 89.695000000000007 0.93301270189221952 3 8.5000000000000018 0.93301270189221952 3054.1500000000001 10.500000000000002 1.4650000000000001 333.50000000000006 613.89000000000021 1963.0950000000003 588.39545454545464 23.500000000000004 100.00000000000001 44.500000000000007 41161.68 0.82480818414322254 1.5000000000000002 2.5000000000000004 25.500000000000004 15.500000000000002 3.5000000000000004 98.660000000000025 56.8200000000001 8108.857954545455 0.37797619047619052 831.5100000000001 1343.6640000000002 1.5000000000000002 27.120000000000037 8.0000000000000018 419.30000000000001 14699.280000000001
decision_type=8 8 10 10 10 10 8 2 10 2 9 10 9 10 8 10 9 10 2 10 2 2 2 2 10 2 2 10 10 10 2 9 2 2 8 10 10 2 10 10 10 2 2 2 8 10 2 2 2 2 2 10 10 10 10 8 10 2 10 2 10 8
left_child=1 2 17 5 6 25 44 24 12 16 50 -8 20 36 56 29 45 55 -18 31 -9 -22 34 47 -4 43 -13 28 57 -11 49 -10 60 38 -20 -6 -12 -28 39 42 52 -19 -34 -3 46 -5 -2 51 -21 -14 -7 -23 -25 -29 -38 -1 -15 -24 -43 -40 -33 -16
right_child=4 3 7 9 35 10 11 8 19 15 13 26 30 14 61 -17 18 41 22 48 21 23 27 40 -26 -27 37 53 -30 -31 -32 32 33 -35 -36 -37 54 -39 59 -41 -42 58 -44 -45 -46 -47 -48 -49 -50 -51 -52 -53 -54 -55 -56 -57 -58 -59 -60 -61 -62 -63
leaf_value=-0.021763021389972704 -0.027164730854509975 -0.00062697403702694518 -0.0073454008003143991 0.013848907362573298 -0.025584427648751844 -0.01168709754769549 -0.03615645623358358 -0.012666679124779038 0.024758765982159137 0.020900445144701206 0.011984364685032303 -0.01405966384455596 -0.0043549980404434408 0.020348896642930377 0.011035663991995678 -0.0020847438680934968 -0.012530155709726836 -0.023137900724697028 0.0091051170599182694 -0.015719392970552908 0.014933492284193536 -0.0018989972173812466 -0.00070392540372833006 0.0018181059890406699 -0.033605797546294447 0.0024194046410696878 -0.0019408005853361915 -0.043224319045726302 0.02586580792285282 0.029612169735993829 0.0085228928612605896 0.0053502226969143491 0.014112804867567398 0.02225385675006258 -0.016206149648083555 -0.032148522264389676 -0.011121102987895015 -0.017766053387070713 -0.0076604411217379431 -0.021211593894210887 -0.0083745646781970048 -0.010903576390385045 0.00015479140495592851 -0.018870527301871449 -0.0023176357697351499 0.025089922465792728 -0.019403631491578054 0.0034352039572929111 0.0024917826081601595 -0.014277401269400119 0.0040959482170859424 -0.014603539519510187 0.012632728966210994 0.003421030205797003 0.0057388665675604748 -0.010987910262427375 -0.0082063350860075834 0.015750173225572359 -0.0028238679046913009 0.012322563518910236 -0.0084121309256676522 -0.012686505958443886
leaf_weight=1342.6724596843123 2069.5069291517138 393.68800967931747 380.00580509006977 794.72063052654266 3585.0013906285167 382.18729139864445 277.37353963404894 525.18717578053474 363.1754058599472 2837.7125228047371 2968.5865508839488 2423.3892265483737 2227.068412989378 3867.0040057003498 3542.7841823995113 215.4911452382803 211.73947049677372 284.91757480055094 1361.432628557086 324.38241648674011 941.83647447824478 1953.5080457180738 250.58053158223629 873.40792727470398 275.02934498339891 1922.5634993091226 1973.6181960254908 36.183190315961838 1355.5683857649565 2646.6631017327309 450.12592594325542 727.1806905567646 601.72243356704712 696.20363616943359 164.01847465336323 5324.7004083991051 250.88408350944519 413.04582814127207 155.48249682784081 143.03835129737854 305.65103441476822 1594.6101352870464 1131.7429359555244 499.15308737009764 182.97277610749006 2145.1959765702486 2866.2042832821608 1903.361163303256 633.11920520663261 1061.4507221579552 1030.4853287562728 548.69956953823566 1652.7316557168961 174.34251119196415 2893.5965948700905 973.05409320443869 78.737307444214821 2317.721085563302 2278.4686417132616 3175.133284971118 547.5263651907444 105.86965747177601
leaf_count=11184 21206 2146 2305 3306 40031 1762 3214 2915 1539 12079 12747 18789 11537 15981 14716 894 927 1912 5681 1574 4650 10832 1035 4475 1932 9333 13387 153 5913 11766 2088 3212 2638 2923 693 68640 1414 3172 754 635 1463 11169 5029 3109 1427 9273 27542 9069 2833 5630 4577 3105 7586 733 12613 7384 327 9679 12819 13640 2526 442
internal_value=-0.000104457 0.0069778 -0.000615404 0.0135467 -0.0225249 0.00891596 -0.0164243 0.00245952 0.00311301 0.019269 0.0109088 -0.0108755 8.86346e-05 0.0120426 0.0152471 0.0240809 0.016154 -0.0108724 0.0131727 0.0075405 0.00253923 0.00352013 0.0141596 0.00203299 -0.0184058 -0.00178658 -0.0094105 0.0170297 0.0181998 0.0251092 -0.00560783 0.00896645 0.00811829 0.0100064 0.00637478 -0.0295105 0.00807958 -0.00468588 0.00836493 0.00299662 0.00702941 -0.00732155 0.00500526 -0.0108359 -0.021936 0.0219822 -0.0226626 -0.00117944 -0.00368776 -0.00756107 -0.000178016 -0.00468965 0.00889579 -0.00476238 0.00439058 -0.0172421 0.0197771 0.0141452 -0.00615237 0.0113877 -0.000563097 0.0103441
internal_weight=79633.2 60517.4 28070.5 32446.9 19115.8 17935.5 10206.1 21596.8 20941.7 14511.4 15120.1 5087.43 12443 13707.5 7594.4 5699.87 8811.5 6473.72 5871.59 8498.71 8704.38 8179.2 5659.85 7237.36 655.035 2815.4 4810.05 4134.4 3923.87 5484.38 3738.65 7541.21 7178.03 5903.32 1525.45 8909.7 6113.07 2386.66 5207.12 1876.5 2831.79 4158 1733.47 892.841 5118.68 2939.92 4935.71 4405.57 957.502 3288.52 1412.67 2502.21 2526.14 210.526 3144.48 2315.73 3945.74 2568.3 3873.08 3330.62 1274.71 3648.65
internal_count=488065 290657 149358 141299 197408 79167 88737 104890 100653 62132 64579 38562 63350 58240 31466 24739 37393 44468 24814 37303 44095 41180 23887 36530 4237 14588 35348 17513 16627 23845 19255 32896 31357 25619 6374 108671 26774 16559 22696 8302 13524 25900 7667 5255 50175 12579 48748 23006 4407 17167 6339 13937 12061 886 14027 18568 16308 10714 23988 14394 5738 15158
cat_boundaries=0 1 2 3 4
cat_threshold=75847 132585 5248 1152
is_linear=0
shrinkage=0.035


Tree=38
num_leaves=63
num_cat=5
split_feature=24 4 2 0 24 13 0 7 21 23 40 23 27 48 16 2 2 26 42 26 48 16 19 43 16 14 32 14 41 26 1 24 27 26 22 32 43 26 46 22 18 35 26 3 22 26 14 32 17 26 2 13 42 26 51 18 14 29 3 22 16 16
split_gain=9755.33 2299.67 681.245 662.458 657.767 273.507 250.865 244.038 186.085 170.512 170.116 158.965 174.952 141.958 137.267 131.516 113.12 109.662 104.739 94.4165 89.2585 88.0266 84.9569 86.3615 84.8603 89.5173 80.8474 79.1847 76.9208 76.3432 75.805 75.3783 72.2971 72.0624 71.1516 83.514 69.5587 66.472 64.7067 62.613 68.0022 61.6892 57.7793 57.6733 80.4494 57.6342 57.4606 55.2537 54.5856 54.3754 52.8705 52.43 50.7831 50.716 56.4638 47.9228 47.8567 47.1397 46.3298 58.8026 47.7916 45.9837
threshold=3.5000000000000004 4.5050000000000008 15.850000000000001 543.15000000000009 7.5000000000000009 0.49074074074074076 21.000000000000043 0.95833333333333337 7.2250000000000005 0.93301270189221952 1.0000000180025095e-35 0.93301270189221952 2.1950000000000007 10.500000000000002 0 529.6500000000002 2072.0600000000004 192.50000000000003 1.5000000000000002 131.50000000000003 10.500000000000002 1 1035.1500000000003 10.500000000000002 2 18.000000000000004 1792.2600000000004 16.000000000000004 652.56000000000006 21.500000000000004 4166.3750000000009 10.500000000000002 20386.710000000006 51.000000000000007 15.500000000000002 176.85000000000005 4.5000000000000009 345.50000000000006 98.120000000000019 51.500000000000007 6491.3850000000011 16.500000000000004 21.500000000000004 40.500000000000007 16.500000000000004 39.500000000000007 16.000000000000004 inf 1716.8000000000004 39.500000000000007 542.21000000000015 0.94281045751633996 4.5000000000000009 131.50000000000003 100.00012517339704 6848.3400000000011 16.000000000000004 272.50000000000006 43.500000000000007 19.500000000000004 3 4
decision_type=8 8 10 10 10 10 8 10 10 2 10 2 10 2 9 10 10 2 2 2 2 9 10 2 9 2 8 2 10 2 8 10 8 2 2 10 2 2 8 2 10 2 2 2 2 2 2 8 10 2 10 10 2 2 10 10 2 2 2 2 9 9
left_child=1 2 9 7 6 19 -2 26 30 18 -8 12 28 15 22 24 21 29 47 49 43 56 23 27 25 -14 36 -9 -7 -12 39 -6 33 -29 45 61 -3 42 -35 40 46 -20 -27 -21 -45 -16 -5 -1 -13 -4 -31 -23 -15 57 -55 -17 -10 -44 60 -60 -19 -36
right_child=4 3 5 8 31 11 10 14 16 -11 17 48 13 52 34 55 -18 58 41 20 -22 51 -24 -25 -26 37 -28 32 -30 50 -32 -33 -34 38 35 -37 -38 -39 -40 -41 -42 -43 53 44 -46 -47 -48 -49 -50 -51 -52 -53 -54 54 -56 -57 -58 -59 59 -61 -62 -63
leaf_value=-0.0235729243058081 -0.023242077708015965 -0.015141409535466836 -0.010014325439508334 -0.010827079720669317 -0.025209943879708249 -0.0070407366138509914 -0.035300519972632588 -0.0073050129235833865 -0.022846631352097063 0.0019938700722128863 -0.023750619545516882 0.0080445688630342016 -0.013118341214949921 0.0090224248555477657 -0.017275041312061427 0.0091632745537001958 0.026212221716521482 0.017712292192438781 -0.0065610241157343357 -0.0033790172957696568 0.0019992504486746653 0.015848379895969482 -0.010760524824512311 0.027928840092205906 -0.005544484417155617 -0.014500225679186698 0.0040250472012238452 0.0049700897735317842 -0.040329605032833879 -0.0060999000919432301 0.019860127335854634 -0.031880672042576309 -0.015788049190028415 0.010003036763218327 -0.00046277550697656149 0.00017804305091933167 0.0014571771161031306 0.020270570112323104 0.017776118422488846 0.019202590448738059 -0.010737019990311311 -0.02036935712530898 0.01389697581678493 -0.027697035839342184 -0.010307087656021195 0.0019274233407456235 0.010785120943216946 -0.012884067204681594 0.019786325396634583 0.0043235319151154793 0.0071121355718673021 0.022317387558794852 0.021322519703982225 0.0018050719894467341 -0.01855019499122644 -0.0040651364176913698 0.011079983815439787 0.0025116324510403069 -0.026320576393135224 -0.013926416873255727 -0.010537365109691884 0.014059765776563161
leaf_weight=1272.1633421704173 3738.1647344753146 735.81218265742064 397.76722425967455 157.21768583357334 3512.2267738282681 204.0026495680213 355.5673808157444 241.04214987158775 52.253192275762558 1101.2802601233125 261.18598545342684 939.94811368733644 417.23939074575901 2029.3274198025465 219.86486713588238 3261.7357774674892 3114.2686927169561 72.845844089984894 2512.8657459765673 857.59080217778683 877.08021976053715 2423.9734560549259 182.69965752959251 466.57390773296356 2508.5998633876443 225.17785059660673 1397.2708064988256 1026.1302529424429 145.45969002693892 2313.2792998850346 1432.4074886292219 5184.0064345374703 103.88474725186825 2029.1932270824909 318.08522652089596 1065.7604609131813 532.72267242521048 280.78434412926435 3736.9900625348091 841.50502575933933 209.04745978116989 470.08209200203419 868.74443997442722 425.68701865524054 1390.7743443995714 1437.7565348148346 3263.1884429305792 1117.6142234355211 1006.1109137460589 1727.9435906261206 441.00152403861284 4251.2296512722969 515.98870103061199 1995.2770908400416 181.17108260095119 373.35642142593861 1212.1665023863316 914.35564736276865 679.03511910140514 1530.9260937422514 690.05278886854649 1933.8147036582232
leaf_count=10658 38158 4607 2382 723 40031 1172 4174 1142 225 6146 2142 4116 2166 9203 999 13701 14007 555 16038 5224 5060 10111 787 1930 12089 1146 6734 4417 1047 17185 5960 68640 440 8893 1419 4653 2638 1267 15599 3515 885 2998 3946 2673 8431 6338 13491 7953 4264 9389 2780 18635 2121 9516 864 1620 5041 4168 5581 12516 5646 8110
internal_value=-0.000103418 0.0067464 -0.000595775 0.0130984 -0.022136 0.00239603 -0.0160496 0.00784947 0.0178731 -0.0105507 -0.0118083 0.00475476 0.00344437 0.00407458 0.00986124 0.00235425 0.0205532 -0.0104078 -0.0131219 -0.00419649 -0.007688 0.0183305 0.0127628 0.0133461 -0.000326584 0.00236131 -0.00178136 0.012389 -0.0209724 -0.00570216 0.0128519 -0.0291897 0.0130784 0.0135221 0.00528228 0.0082507 -0.00817516 0.00381557 0.0150429 0.0106027 0.00860398 -0.00874317 0.0027069 -0.0108649 -0.0143954 -0.000628448 0.00978885 -0.0185816 0.0141221 0.00163716 -0.00398264 0.0199411 0.0115233 0.00368888 0.000102925 0.00780385 0.00958524 0.00806337 -0.0151773 -0.0177448 -0.00772635 0.0120695
internal_weight=79181.3 60403 28018.1 32384.9 18778.3 21544.1 10082.1 15427.6 16957.3 6474.01 6343.89 15867.3 13921.2 13571.8 12761.8 11026.4 11053.9 5988.33 5372.73 5676.84 3551.13 7939.62 7786.51 7603.81 7391.35 4882.75 2665.81 7137.24 349.462 3015.47 5903.37 8696.23 6896.2 6792.31 4975.28 3317.66 1268.53 4465.51 5766.18 4470.96 3629.45 2982.95 4184.73 2674.05 1816.46 1657.62 3420.41 2389.78 1946.06 2125.71 2754.28 6675.2 2545.32 3959.55 2176.45 3635.09 1264.42 1783.1 2972.86 2209.96 762.899 2251.9
internal_count=488065 290657 149358 141299 197408 105565 88737 68706 72593 43793 50579 72406 64026 61807 54727 50483 48019 46405 37647 33159 21388 34012 33208 32421 35162 23073 13979 30491 2219 22107 24574 108671 29349 28909 21519 14182 7245 20907 24492 18614 15099 19036 19640 16328 11104 7337 14214 18611 8380 11771 19965 28746 11324 18494 10380 15321 5266 8114 24298 18097 6201 9529
cat_boundaries=0 1 2 3 4 5
cat_threshold=5544 133129 132600 1288 2048
is_linear=0
shrinkage=0.035


Tree=39
num_leaves=63
num_cat=4
split_feature=24 34 2 4 24 47 13 2 42 42 47 22 23 22 16 14 17 46 26 16 26 3 42 48 1 17 17 48 27 24 37 32 26 26 26 16 48 7 8 16 17 14 2 26 26 26 14 29 3 23 17 2 3 35 2 2 22 32 14 2 19 23
split_gain=9218.14 2169.82 778.148 661.568 650.521 464.962 271.807 245.127 240.917 163.318 215.961 158.334 144.907 139.773 134.078 127.798 113.352 107.038 102.258 85.9682 81.0561 80.7695 80.1022 79.3858 81.4063 78.5795 77.8608 76.4027 86.6627 76.0505 73.9789 72.699 67.9389 81.8899 81.7988 77.4241 66.2134 66.0939 64.7232 64.1542 63.9551 61.5811 59.9857 59.7775 76.3912 78.5617 88.8521 76.1336 65.3206 57.0329 56.7347 54.8754 54.7885 53.8785 51.1528 50.7668 50.5692 50.2622 49.7462 49.3948 76.9396 47.3833
threshold=3.5000000000000004 1.5000000000000002 17.320000000000004 24.350000000000005 7.5000000000000009 inf 0.90692640692640702 2.9250000000000007 2.5000000000000004 4.5000000000000009 inf 1.0000000180025095e-35 0.93301270189221952 13.500000000000002 0 19.500000000000004 11762.380000000003 12.245000000000003 192.50000000000003 1 21.500000000000004 267.50000000000006 2.5000000000000004 10.500000000000002 inf 3223.7100000000005 2.2450000000000006 3.5000000000000004 1902.2600000000002 10.500000000000002 19759.320000000003 11810.43 284.50000000000006 131.50000000000003 51.000000000000007 2 10.500000000000002 0.59166666666666679 9.5000000000000018 3 2.2450000000000006 19.500000000000004 3388.5900000000006 21.500000000000004 131.50000000000003 269.00000000000006 20.500000000000004 272.50000000000006 53.500000000000007 0.93301270189221952 441.06000000000006 272.0800000000001 43.500000000000007 7.5000000000000009 1227.7200000000003 830.43000000000018 19.500000000000004 600.93000000000006 18.000000000000004 650.16000000000008 1188.2160000000001 1.0000000180025095e-35
decision_type=8 2 10 10 10 8 10 8 2 2 8 2 2 2 9 2 10 10 2 9 2 2 2 2 8 10 8 2 10 10 8 8 2 2 2 9 2 10 2 9 10 2 10 2 2 2 2 2 2 2 10 10 2 2 10 10 2 10 2 10 10 2
left_child=1 2 12 9 7 8 31 -2 15 10 22 -9 37 14 -7 -4 23 -17 20 54 -13 36 -3 24 55 26 -19 28 -26 -6 32 39 33 34 -28 -35 49 -1 -39 -5 -10 -33 -21 -42 47 48 -47 -45 -46 50 -11 -22 -20 -16 -8 -15 -54 -50 -24 60 -52 -32
right_child=4 3 5 6 29 13 19 11 40 21 -12 18 -14 16 53 17 -18 25 52 42 51 -23 58 -25 27 -27 30 -29 -30 -31 61 41 -34 35 -36 -37 -38 38 -40 -41 43 -43 -44 44 45 46 -48 -49 57 -51 59 -53 56 -55 -56 -57 -58 -59 -60 -61 -62 -63
leaf_value=-0.022371431268837255 -0.023538242928404715 -0.0048123682375675455 -0.01559447220553084 0.0023879640794884794 -0.024836211371887899 -0.014690283686513671 0.020878715569886342 -0.028491116739738649 -0.019980219651986906 0.0172903304099923 0.013331869839138056 -0.023876416952296163 0.00071438374062816987 0.0048949422568480248 -0.00050670338760510627 -0.013620204529024529 -0.0046750045288778998 -0.018181235571056664 -0.0064897261030836956 0.010099989527865146 -0.0068063061302425397 0.028209379773780047 -0.0074726313801314909 0.028933077555400585 -0.0075650226780276074 -0.0071329736548982068 -0.0075997952078274483 0.023112032682268382 0.016990002736976727 -0.031612833897959859 0.0032846631572359952 0.0053693962287459356 0.0088972845295605518 0.0034602142853119092 0.0078310186855336406 -0.013127877759462473 0.018970632711293522 -0.0064014765226839973 -0.015655275534700086 0.013185154300882202 -0.012136530867423185 0.017819022979747853 0.032482576649393427 0.020370471764727487 0.0079214314255273612 -0.0021531957917863974 0.013498093444399806 0.0061957322957309395 -0.0026538797347758782 0.019818453144114637 0.0053557034192123184 0.0042239832846705135 -0.025555186696516741 0.011017657900669983 0.026647743495322895 0.016333599302136612 -0.014017035851553401 -0.01891733224228867 0.0049471237294982772 0.012318054382563495 -0.014915116185240078 0.025811501945846253
leaf_weight=973.03505459427834 3267.5679458677769 1572.5492605194449 1121.6377606987953 1264.4678246229887 3441.573826931417 438.56106461584568 4229.8482511341572 632.73528649657965 125.97498641163111 642.25351233780384 2986.6462036669254 268.45154847204685 952.52835423499346 1611.3381182700396 825.9966954216361 1021.0462619513273 421.54892756789923 250.04497563093901 758.54631906747818 1069.9163853824139 2001.1055429875851 384.39497046172619 424.46100094914436 411.68313760310411 253.08807149529457 2155.0714244171977 612.84347984194756 1293.7617960721254 574.0113553404808 5047.3780726566911 217.24922900646925 580.78191830217838 916.58511225134134 509.4675944596529 1337.7336731031537 1050.4950737506151 1165.2163305580616 1485.2472611144185 2466.9249937161803 1474.8495004624128 234.09241081774235 3038.9199793934822 169.42087662220001 722.47686019539833 440.44198779761791 725.86250485479832 1143.5889411866665 1299.0246465802193 690.26723022758961 567.73458313941956 1703.6353980153799 762.31893115490675 657.13276588916779 1246.1943378970027 3445.592915520072 674.03040154278278 1613.9528739154339 350.54329109936953 5550.1449509710073 958.14663137495518 264.05915680527687 241.35362165421247
leaf_count=8292 34030 7729 6585 5380 40031 2118 18058 6873 781 2696 12589 2260 5487 7460 3813 6564 1945 1586 6233 4508 15505 1604 2040 1770 1065 11556 3266 5423 2381 68640 1048 2466 4700 2747 6544 5719 4846 9986 17693 6258 1161 12623 773 3201 2056 3567 5201 5841 3339 2340 7160 4776 5512 5660 15922 2876 13548 1668 24434 3986 1107 1039
internal_value=-0.000102424 0.00652276 -0.000421555 0.0128717 -0.021749 0.00249252 0.0180991 -0.0156796 -0.00107152 0.00794818 0.0053671 -0.0118408 -0.0117814 0.00946594 0.0026746 -0.00451005 0.0127192 -0.00301258 -0.0100983 0.022043 -0.00555124 0.0127285 0.00221384 0.0142418 0.0128629 -0.00152537 0.000828616 0.0178013 0.00947623 -0.0288687 0.00180504 0.0125674 0.000417407 -0.00179855 0.00298147 -0.00777357 0.0116009 -0.0141977 -0.0121801 0.0082607 0.00458703 0.0158235 0.013078 0.00514253 0.00589758 0.00265439 0.00742318 0.0112693 -0.00336511 0.00952045 0.00787679 -0.00376306 -0.0146454 0.00639505 0.0234411 0.00827425 -0.0173653 -0.00814428 0.00406367 0.00580522 0.00262922 0.0151705
internal_weight=78737.6 60286.8 28793.8 31493 18450.8 22916 15273.8 9961.81 15165.8 16219.2 10533.8 6694.24 5877.74 7750.21 2510.75 9433.53 5239.46 8311.89 6061.51 8914.78 3031.88 5685.44 7547.16 4817.91 4406.23 7290.84 5135.77 2120.86 827.099 8488.95 4885.73 6359.02 4427.12 3510.54 1950.58 1559.96 5301.05 4925.21 3952.17 2739.32 5732.27 3619.7 1239.34 5606.3 5372.21 3350.7 1869.45 2021.5 1481.25 4135.83 3568.09 2763.42 3029.63 2072.19 7675.44 2285.37 2271.09 1040.81 5974.61 2925.84 1967.69 458.603
internal_count=488065 290657 154138 136519 197408 112680 65988 88737 78169 70531 46792 54707 41458 34511 11591 51354 22920 44769 47834 39261 22541 23739 34203 20975 19205 38205 26649 8869 3446 108671 25063 26727 22976 18276 9810 8466 22135 35971 27679 11638 26815 15089 5281 26034 24873 15831 8768 9042 7063 17289 14949 20281 25293 9473 33980 10336 19060 5007 26474 12253 8267 2087
cat_boundaries=0 1 2 3 4
cat_threshold=82182 21928 197753 149553
is_linear=0
shrinkage=0.035


Tree=40
num_leaves=63
num_cat=5
split_feature=24 34 7 24 13 47 0 4 2 42 22 40 16 12 17 14 26 0 48 16 16 24 48 2 29 23 2 18 2 19 26 42 26 2 26 18 22 14 32 26 22 48 23 22 17 14 23 26 41 26 27 2 47 16 44 22 16 18 14 26 44 0
split_gain=8709.74 2024.47 731.186 642.86 623.6 363.648 240.152 227.033 196.5 168.193 165.701 164.778 149.067 140.236 120.224 101.963 100.227 86.5783 82.4208 79.805 79.2268 76.6805 74.109 72.373 71.2873 69.9052 77.6046 65.7096 63.7799 86.1435 60.0811 62.0479 58.1522 58.0737 56.8787 56.2621 66.2513 55.048 52.6445 52.3537 52.1963 51.4169 69.3763 50.0702 61.9352 49.3826 54.8402 59.3103 52.1473 51.0467 48.9833 48.9005 48.647 47.5019 47.1014 47.0771 52.8511 48.5161 45.5857 50.2307 44.3969 45.1446
threshold=3.5000000000000004 1.5000000000000002 0.95833333333333337 7.5000000000000009 0.9110671936758894 1.0000000180025095e-35 21.000000000000043 27.060000000000006 243.87000000000003 2.5000000000000004 15.500000000000002 1.0000000180025095e-35 0 37.856666666666676 11762.380000000003 18.000000000000004 192.50000000000003 93.495000000000019 11.500000000000002 1 2 10.500000000000002 10.500000000000002 1088.5700000000002 324.00000000000006 0.93301270189221952 1227.7200000000003 6151.8000000000011 97.960000000000022 277.53833333333341 39.500000000000007 4.5000000000000009 21.500000000000004 3388.5900000000006 51.000000000000007 2206.7400000000002 8.5000000000000018 18.000000000000004 1367.6600000000001 131.50000000000003 55.500000000000007 10.500000000000002 0.93301270189221952 13.500000000000002 4661.1900000000014 19.500000000000004 -1.0000000180025095e-35 21.500000000000004 26820.600000000002 238.50000000000003 5887.0800000000017 1227.7200000000003 41.800000000000004 3 86.445000000000007 59.500000000000007 4 7433.1000000000013 16.000000000000004 345.50000000000006 167.22000000000006 195.33000000000004
decision_type=8 2 10 10 10 10 8 10 10 2 2 10 9 10 10 2 2 10 2 9 9 10 2 10 2 2 10 10 10 10 2 2 2 10 2 10 2 2 10 2 2 2 2 2 10 2 2 2 8 2 10 10 8 9 10 2 9 10 2 2 8 10
left_child=1 2 13 6 8 10 -2 19 15 17 12 -8 35 52 22 -3 24 -7 23 -6 51 -5 25 32 50 26 55 45 29 53 -17 39 -10 -22 -14 36 -4 -15 -30 -32 -29 42 -21 44 -25 -19 49 -48 -49 -47 -13 -9 -1 -11 -39 56 -12 -57 -34 -60 61 -18
right_child=3 4 5 21 7 9 11 20 18 28 14 16 34 37 -16 30 60 27 -20 41 33 -23 -24 43 -26 -27 -28 40 38 -31 31 -33 58 -35 -36 -37 -38 54 -40 -41 -42 -43 -44 -45 -46 46 47 48 -50 -51 -52 -53 -54 -55 -56 57 -58 -59 59 -61 -62 -63
leaf_value=-0.019121519149576091 -0.022494670370912555 -0.011373636357012322 -0.019868497604884731 -0.024463195766858778 -0.0024219676311868915 -0.0096173175752549515 -0.034892985799298844 0.020372455559499809 -0.0073939422007766702 0.0089450922296152088 -0.0010311103355895694 3.8005396415605744e-05 -0.0051130012549816303 -0.021881191866662823 -0.00554601177560068 -0.0059418542932025403 -0.014680499129511252 -0.01000802889236467 0.021799068188759662 0.010356996798064991 0.0097506707661520302 -0.031344804385965978 0.02854591754425605 0.010174201701182493 -0.014632741419636891 0.0268987086995645 0.020355797247650371 -0.01958663208892978 0.0083634237620552731 -0.010916085054603862 0.0088430965320583782 0.011687978977791251 -0.0045661622645730591 0.03206162440174181 0.0089254268329114535 -0.029706374034720612 0.0069321834286015958 -0.00097230469991618676 -0.0017609286525750341 0.0010789909134529397 0.00074577117193290303 0.021519802745114933 0.023990610863735128 0.0171442837229384 -0.023136305043895293 -0.010509970292109689 -0.015889626304178471 0.0033800502280230066 0.0181572458726687 0.00093967645919867579 -0.014378745285065934 0.026181206059147422 -0.0090774239002944738 -0.0088825383385229585 -0.0089574534614046981 0.011567693579372172 0.010709082489810264 0.033833455326282222 0.0086739503769236725 0.022905040843134283 -0.020102901832423109 -0.0027037586827776323
leaf_weight=2079.1366028413177 3612.9800884798169 508.55851229280233 225.11507198214531 3372.9959520846605 413.77413411438465 2307.8291227445006 337.76589504629374 3904.6113178580999 284.57975678145885 784.60700157284737 877.20050744712353 1900.2128300443292 436.23975075781345 251.84774462133646 410.61330829560757 578.15479006618261 1293.4673234000802 578.85971294343472 829.65906450152397 3665.4471770972013 1016.6645602732897 4914.7274918109179 402.64554838836193 807.22165562212467 747.06633399426937 391.08806970715523 895.08747391402721 415.87367577850819 3203.5093338340521 719.77960250526667 1631.8294613882899 1643.1557519435883 296.45183075964451 165.71711325645447 1851.5069112554193 177.91993492096663 225.07726536691189 1801.1285029351711 782.46413253992796 3054.3422468528152 245.78740099072456 848.6496899574995 522.38206899166107 2375.0090768486261 73.75484736263752 793.97469096630812 172.04225476831198 2293.3571032062173 334.45651490986347 1192.194706581533 339.42121691256762 3307.1840565800667 829.09759816527367 229.45154374837875 1818.1385279297829 858.99205087125301 1005.155455365777 138.88585495948792 5188.2313650548458 322.22777286171913 1064.3724890947342 549.81192100793123
leaf_count=17130 38158 2566 1143 40031 1779 14237 4174 16776 1217 4167 3900 13488 1940 1710 1893 2753 11464 3200 3421 15273 4293 68640 1739 3370 6055 1654 3819 2197 14240 3835 7360 6906 1348 765 8456 869 965 11271 3451 14513 1282 3550 2160 9934 323 4218 918 11143 1518 5943 2564 15456 5971 1283 11269 3827 4338 612 21431 1325 8781 4053
internal_value=-0.000101363 0.00630702 -0.000408995 -0.0213643 0.0124442 0.00269421 -0.0153151 0.0180011 0.00807068 -0.000682502 0.00870414 -0.01115 0.00207702 -0.0104552 0.0125835 0.0037368 -0.00978374 -0.00385425 0.0112281 0.0124348 0.0216133 -0.0285474 0.0142136 0.0102876 -0.00527792 0.012822 0.011357 -0.00164609 0.00393894 -0.00166421 0.00485078 0.00583743 0.00803364 0.012794 0.00622026 -0.0128935 -0.00648362 -0.00608961 0.00637603 0.00378394 -0.012044 0.0136333 0.0120629 0.0145007 0.00736239 -0.000361686 0.000806866 0.0039618 0.00526702 -0.00364033 -0.00215233 0.0230076 -0.0162622 0.00490706 -0.00498501 0.00855439 0.00529176 0.0146974 0.00879085 0.00951013 -0.0144087 -0.0111115
internal_weight=78299.5 60166.7 28729.1 18132.8 31437.6 21949.7 9845.1 13844.4 17593.2 14054.2 7895.53 6232.12 2915.86 6779.35 4979.67 7416.04 5894.35 8334.38 10177.1 5450.25 8394.18 8287.72 4569.05 9347.48 2986.7 4166.41 3775.32 6026.55 5719.81 1733.84 6907.48 6329.33 6091.49 1182.38 2287.75 628.112 450.192 3871.11 3985.97 4686.17 661.661 5036.48 4187.83 3255.99 880.977 5364.88 4786.03 2799.86 2627.81 1986.17 2239.63 7211.8 2908.23 1014.06 3619.27 2880.23 1882.36 997.878 5806.91 5510.46 2907.65 1843.28
internal_count=488065 290657 154138 197408 136519 106787 88737 60052 76467 71632 35155 50579 13373 47351 21782 34098 46405 44656 42369 22762 37290 108671 19889 38948 22107 18150 16496 30419 26976 9285 31532 28779 25321 5058 10396 2977 2108 24250 17691 21873 3479 20983 17433 13627 3693 26940 23740 13579 12661 10161 16052 32232 23101 5450 22540 12677 8238 4439 24104 22756 24298 15517
cat_boundaries=0 1 2 3 4 5
cat_threshold=82183 75844 21928 4576 2304
is_linear=0
shrinkage=0.035


Tree=41
num_leaves=63
num_cat=0
split_feature=24 4 24 7 0 7 2 22 0 40 22 19 26 14 29 26 18 13 23 18 42 0 26 47 18 21 4 24 26 26 42 22 3 18 22 26 29 14 14 17 14 27 3 3 32 14 2 18 22 3 2 26 23 32 2 27 46 18 14 32 22 26
split_gain=8228.38 1920.79 634.807 576.37 568.171 242.673 234.786 209.415 188.4 168.256 158.933 139.798 128.504 143.764 151.324 125.174 117.888 105.681 104.121 102.754 99.6076 96.5026 94.1646 88.6551 83.2927 80.5836 78.223 77.2657 75.7442 73.9558 71.1405 71.0408 69.2771 78.5373 68.9685 67.4068 90.4988 90.3675 65.1409 70.0406 64.9638 63.1694 62.2384 58.0499 58.1438 56.3501 56.0481 55.8077 55.5894 54.9738 53.7419 51.2485 52.635 50.1251 50.0571 49.8078 48.3842 48.3281 47.4655 45.5407 45.4763 44.0962
threshold=3.5000000000000004 4.5050000000000008 7.5000000000000009 0.95833333333333337 695.54666666666685 0.95833333333333337 2.9250000000000007 1.0000000180025095e-35 373.98666666666674 1.0000000180025095e-35 39.500000000000007 498.55750000000006 39.500000000000007 18.000000000000004 84.500000000000014 131.50000000000003 16040.242500000002 0.36602870813397131 0.68301270189221941 6848.3400000000011 2.5000000000000004 1636.1333333333334 192.50000000000003 1.0000000180025095e-35 488.0024621212122 1.4450000000000001 89.695000000000007 10.500000000000002 21.500000000000004 39.500000000000007 1.5000000000000002 8.5000000000000018 44.500000000000007 6565.3290000000006 74.500000000000014 122.00000000000001 115.50000000000001 16.000000000000004 16.000000000000004 8439.3900000000012 20.500000000000004 20386.710000000006 8.5000000000000018 245.50000000000003 0.65000000000000013 18.000000000000004 916.49000000000012 276.75708333333336 25.500000000000004 44.500000000000007 177.49000000000004 39.500000000000007 -0.6830127018922193 831.5100000000001 542.21000000000015 2389.7000000000003 96.015000000000015 3697.8790909090912 16.000000000000004 547.88000000000022 18.500000000000004 269.00000000000006
decision_type=8 8 10 10 10 10 8 2 10 10 2 10 2 2 2 2 10 10 2 10 2 10 2 10 10 10 10 10 2 2 2 2 2 10 2 2 2 2 2 10 2 10 2 2 10 2 10 10 2 2 10 2 2 8 10 10 8 10 2 10 2 2
left_child=1 3 6 17 5 30 -2 24 11 -8 21 18 55 -14 34 41 26 53 20 29 23 38 28 -9 -5 47 -12 -4 -11 -10 49 -23 -33 -34 56 60 37 -37 -6 51 -22 43 -38 44 -16 -19 -44 -17 -21 -3 -13 -40 -53 -1 -30 -7 -15 -20 -24 -49 -31 -60
right_child=2 4 27 7 10 12 9 8 19 22 16 50 13 14 15 25 -18 45 57 48 40 31 58 -25 -26 -27 -28 -29 54 35 -32 32 33 -35 -36 36 42 -39 39 -41 -42 -43 46 -45 -46 -47 -48 59 -50 -51 -52 52 -54 -55 -56 -57 -58 -59 61 -61 -62 -63
leaf_value=-0.020556646079179775 -0.022801744095856641 -0.00016714399853308694 -0.024090878237969647 -0.0070349992633672075 -0.0097062114790398071 -0.00510350546662941 -0.034506576825009502 0.0024163485164831119 -0.0038529330780698533 -0.023302692476405741 0.018696277431317718 -0.01461887330153528 -0.0010066047682372088 0.0068939381478897201 0.01686626713493115 0.014453412183338513 -0.0036719566925130388 -0.021877514666620978 0.0035539477372573767 -0.015611954911742783 -0.0035120563902982745 0.0064859573888295047 -0.028069147865374504 -0.0086543580206847031 -0.032695248543186804 0.010124701312631728 0.027178908425914281 -0.031076376073856653 -0.0058941442080078163 0.0091225837677473345 0.0020722805113348583 0.025131405677035826 0.01767413231297954 -0.0075873774123803974 0.032730521591999524 -0.0085095451158334473 0.026512436603379107 0.01319390064185528 0.0024658692613422416 -0.011970618283793626 0.0074374726102063556 -0.02495229442378635 -0.0043608686696524242 0.02809784968405819 0.0082024947661003093 -0.0054697773563445124 0.0066028963824938712 0.001435461233625743 0.0016960916579154951 -0.017800712320253625 -0.001619803153701639 0.0075641818784212547 0.016391982578955463 -0.0099246597910247359 0.0068908059616295024 0.0064082816362763294 0.020252631154327003 0.012784906592692605 -0.018042911926122601 -0.013485911002320897 0.018458505737720399 -0.0091020422244126216
leaf_weight=1283.2424433976412 3156.7968314513564 390.11440436542034 3306.446246728301 377.31147214025259 179.64918260276318 887.41997121274471 357.50178660452366 1359.9357283562422 621.75477506220341 269.58917857706547 2792.9367290884256 1024.249059766531 1166.1357806771994 437.67761825025082 2484.8789566010237 345.17761726677418 214.62555259466171 274.06717366725206 2146.5065429955721 337.1207599490881 1004.219658151269 529.74996829032898 275.29577695578337 2540.314012914896 262.82353296875954 3065.6297255903482 2569.9711432754993 4785.9677008539438 2444.1112862452865 1443.2084103375673 1921.0623835027218 1724.1898587793112 1350.7721202969551 169.12586715817451 425.48720161616802 261.41795548796654 115.29970516264439 2272.8984288424253 550.84219887852669 147.31421338021755 1954.1073643416166 48.715561240911484 1348.6631051152945 367.0419415384531 1540.1731929183006 3814.2632006034255 989.28026080131531 1689.4134961664677 693.15586742758751 485.91994073987007 628.8476939201355 1164.9694387763739 2877.5778806805611 947.24792360514402 442.27076639980078 954.71040123701096 1394.5782417953014 1027.145244538784 1161.3766136318445 293.17102020978928 1152.1185807585716 1624.8540594428778
leaf_count=11184 34030 2146 40031 2305 797 3880 4517 6728 2805 2345 12079 5494 5227 1942 10343 1564 894 1912 10293 1660 4979 2261 2408 15438 1932 12853 11766 68640 18792 6208 9333 7670 5928 732 1801 1295 494 9823 2291 623 9286 206 6037 1566 6645 23988 4311 7344 3111 3109 2934 4927 12164 7384 2780 4048 5840 4891 10079 1320 4866 13786
internal_value=-0.000100147 0.00609842 -0.0209818 -0.000625753 0.0119257 0.00777137 -0.014956 0.00209871 0.00270243 -0.0111861 0.0171346 -0.000250346 0.00952534 0.0107288 0.0118605 0.00998263 0.0217478 -0.00992072 0.00130393 0.00643833 -0.00112168 0.014173 -0.00983991 -0.0047946 -0.017605 0.00639767 0.0227656 -0.0282255 -0.00559486 0.00774653 -0.00169753 0.0183848 0.0203252 0.01486 0.0200322 0.00869801 0.00631544 0.0109527 0.0109395 0.0117238 0.00372067 0.0143342 0.00152243 0.0147755 0.013554 -0.00657477 0.000279192 0.00148697 -0.00397699 -0.0099573 -0.00967792 0.0124861 0.0138505 -0.0160479 -0.00393344 0.000862883 0.0170671 0.00654461 -0.0142127 -0.000776695 0.0132725 -0.012834
internal_weight=77872.4 60048.2 17824.2 27879.2 32169 17897.3 9731.8 21560.4 20920.2 6575 14271.7 11685.3 15100.2 13258.1 12091.9 9834.2 5577.53 6318.82 10032.2 9234.92 6858.58 8694.19 6217.5 3900.25 640.135 5393.39 5362.91 8092.41 3155.97 8204.64 2797.1 3773.84 3244.09 1519.9 2257.74 7582.89 4987.56 2534.32 4920.35 4740.7 2958.33 4440.81 2453.24 4392.09 4025.05 4088.33 2337.94 2327.76 1030.28 876.034 1653.1 4593.39 4042.55 2230.49 2886.38 1842.13 1832.26 3173.65 3061.53 1982.58 2595.33 2786.23
internal_count=488065 290657 197408 149358 141299 79167 88737 104890 100653 54707 62132 60043 64579 56651 51424 41841 24739 44468 51615 40610 36431 37393 50190 22166 4237 23081 23845 108671 23917 35839 14588 16591 14330 6660 9583 33034 21960 11118 20802 20005 14265 18760 10842 18554 16988 25900 10348 10228 4771 5255 8428 19382 17091 18568 21572 7928 7782 15184 26273 8664 11074 23865
is_linear=0
shrinkage=0.035


Tree=42
num_leaves=63
num_cat=3
split_feature=24 4 24 2 46 42 47 2 23 22 22 16 23 40 2 18 14 32 26 26 16 22 17 22 6 5 14 42 3 2 27 32 40 24 47 42 37 14 26 48 50 19 17 16 18 13 2 43 26 18 37 29 2 14 32 8 44 21 40 22 22 15
split_gain=7772.33 1798.98 626.397 596.711 507.196 234.261 306.635 227.711 206.355 190.721 186.96 179.32 174.26 164.369 159.663 148.255 144.847 121.255 110.407 110.198 108.559 107.488 107.256 110.866 94.4212 91.4902 90.0557 86.3344 85.5508 84.4126 84.2764 82.5186 79.8697 77.8036 77.1049 104.176 75.2887 75.1318 80.2036 73.9145 71.7203 70.5245 65.4359 64.9533 64.4159 62.5494 61.4775 56.4305 56.2321 51.7328 51.3233 50.2074 49.5414 49.0663 48.4954 47.3611 47.2108 45.9943 45.2757 45.1134 44.8813 44.0175
threshold=3.5000000000000004 2.0100000000000002 7.5000000000000009 467.64500000000004 66.245000000000019 3.5000000000000004 inf 2.9250000000000007 0.93301270189221952 38.500000000000007 1.0000000180025095e-35 0 0.68301270189221941 1.0000000180025095e-35 234.12000000000003 11770.278500000002 16.000000000000004 inf 30.000000000000004 21.500000000000004 1 8.5000000000000018 8118.7200000000012 14.500000000000002 51.490000000000016 130.25000000000003 18.000000000000004 1.5000000000000002 10.500000000000002 129.26000000000002 3054.1500000000001 inf 4470.2433333333338 10.500000000000002 795.06000000000029 2.5000000000000004 1877.1300000000003 18.000000000000004 314.50000000000006 10.500000000000002 100.80049777531964 1081.4133333333334 1716.8000000000004 2 7125.5400000000018 0.84412955465587058 5.780000000000002 2.5000000000000004 21.500000000000004 3805.1250000000005 inf 241.50000000000003 1088.5700000000002 19.500000000000004 1847.4500000000005 12.500000000000002 34.220000000000006 43.225000000000009 2893.9866666666671 49.500000000000007 61.500000000000007 0.25000000000000039
decision_type=8 8 10 10 8 2 8 8 2 2 2 9 2 10 10 10 2 8 2 2 9 2 10 2 10 10 2 2 2 10 10 8 10 10 10 2 10 2 2 2 8 10 10 9 10 10 10 2 2 10 8 2 10 2 10 2 10 10 10 2 2 10
left_child=1 4 7 5 12 6 27 -2 10 11 28 45 17 -9 34 19 -13 -1 -18 -11 -16 58 23 30 -21 -25 -15 50 -6 -28 -20 47 -31 -4 35 56 40 -7 41 44 -8 43 -10 57 48 -5 -19 -14 -23 -33 -3 -52 -50 -26 -55 -43 -12 -39 -22 -34 -46 -32
right_child=2 3 33 9 8 37 36 13 42 15 14 16 31 26 20 -17 18 46 22 24 21 39 -24 25 53 -27 29 -29 -30 32 61 49 59 -35 -36 -37 -38 38 -40 -41 -42 55 -44 -45 60 -47 -48 -49 52 -51 51 -53 -54 54 -56 -57 -58 -59 -60 -61 -62 -63
leaf_value=-0.017050405745116636 -0.022410778447509872 -0.012601852363528128 -0.023719254322533068 0.012141269423115327 -0.0027032498395003321 -0.0012292164860569581 0.01277268214312403 -0.034278945558576988 0.0058985917967032588 0.0027519668614358322 -0.00060535889774534081 -0.01313930476179519 -0.018138214187551224 -0.023151454723327365 0.019651355504549856 -0.0031803142715676287 -0.0029230091186987638 -0.014143301883006451 0.0078658676247935714 0.015950582232252458 -0.0040407137662083819 -0.011643368027041136 -0.0087470665280917487 0.012474307983939861 0.015869912113506336 0.023589176988722534 -0.011781261594521909 -0.00013404920575517111 -0.033955935976309776 0.0003805070764436101 -0.034035238063324355 0.0023009163603256344 -0.024630032049695463 -0.030807362199715287 -0.013372054324256253 0.0046336979632862416 0.017773413516790976 0.0131507531600163 0.023875908313659804 0.012826120488383986 0.0025459519086078295 0.034317637014583922 0.017669856924516652 0.0071523500765870111 -0.01490301148697557 0.022393895060912789 -0.0033315336363222347 -0.0024816177630708589 0.0033234800162521799 0.020353728241542478 -0.001862329105916585 0.045131324481650699 0.011417533339470331 0.027751182434077964 0.01500064380480722 -0.0045607504669935434 -0.0093415337126362026 0.023361129422841798 -0.024960936039479024 -0.0031202881806302878 0.0038118937408038768 0.0055391618026186407
leaf_weight=2718.8221553191543 3100.475463360548 1257.7603128030896 3241.8777735307813 1064.7932774871588 178.62544439733028 541.15048003196716 1507.6928144991398 347.46425402909517 1118.5581560134888 387.382070094347 1355.8381418958306 333.71056953072548 356.78591005504131 544.18386010080576 539.97822779417038 327.42772580683231 682.24894721806049 948.5655188113451 1612.3982337415218 2164.6805380135775 847.84082819521427 241.45654626190662 292.98234982788563 2852.2759330123663 641.25964117050171 1333.573078289628 3350.8816475868225 3934.9702765867114 268.39772789925337 1789.4851220548153 93.811410903930664 810.09539693593979 282.55457530915737 4661.0103216767311 752.6393521130085 2092.8474764153361 1056.5160030424595 2422.1481489688158 662.42207098007202 1247.4017674922943 1896.8809557557106 40.788544654846191 1200.5004744678736 1981.5650575608015 371.57005812227726 2340.7346203029156 2006.5938013568521 1333.4663981720805 3208.6068120598793 255.0040130764246 131.42469736933708 34.314045295119286 1302.137245208025 3413.5561110973358 413.57287733256817 470.21500733494759 1717.2892875820398 698.38797017931938 148.12903338670731 206.94844519346952 270.68365994095802 53.670390442013741
leaf_count=20092 34030 7562 40031 4444 1167 2374 6375 4517 5122 1623 7653 1488 2782 4802 2360 1376 2869 7174 6764 9190 3916 1150 1249 12006 2841 5944 29222 18916 2029 12441 394 4310 2178 68640 3819 10146 4381 10100 2768 5421 8162 170 5274 8313 1820 10341 11889 7903 14413 1352 660 152 5645 15514 1864 1961 10329 2908 737 1547 1218 227
internal_value=-9.89693e-05 0.00589602 -0.0206014 0.0110769 -0.00120077 0.00629726 0.00283634 -0.0146019 0.00230354 0.0154918 0.000757105 0.0124991 -0.00821044 -0.0108865 0.00146445 0.0198313 0.00934178 -0.0117168 0.010441 0.0209048 0.0046331 0.00353854 0.0119027 0.0129215 0.0219644 0.0160202 -0.00956473 -0.00280684 -0.0215016 -0.00824756 0.00554647 -0.000988384 -0.00304893 -0.0279031 -0.00291375 -0.00138777 0.0096138 0.0112816 0.0123605 0.0051511 0.00707721 0.0109975 0.0119972 0.0122389 0.0033743 0.0191366 -0.00680557 -0.00579525 0.0047805 0.00663812 -0.0101899 0.00807941 0.00566204 0.0248735 0.0263776 -0.00139649 -0.00548866 0.0153933 -0.00717406 -0.0155612 -0.00702178 -0.0196933
internal_weight=77461 59936.1 17524.9 34644.3 25291.8 16636.2 9819.56 9621.99 16862.5 18008.1 14543.4 10660.2 8429.33 6521.52 14096.4 7347.88 7254.67 5673.98 6920.96 7020.45 8177.8 7637.83 6238.71 5945.73 6633.07 4185.85 6174.05 5358.47 447.023 5629.87 1759.88 2755.35 2278.99 7902.89 5918.61 5165.97 4461.09 6816.68 6275.53 6641.86 3404.57 5613.1 2319.06 5102.1 5394.45 3405.53 2955.16 1690.25 4752.2 1065.1 1423.5 165.739 4510.74 4468.39 3827.13 511.004 3073.13 3120.54 995.97 489.503 642.254 147.482
internal_count=488065 290657 197408 152936 137721 74802 46208 88737 82219 78134 71823 45726 55502 54707 68627 32408 30941 39155 29453 31032 36680 34320 26584 25335 29409 17950 50190 27290 3196 45388 7385 16347 16166 108671 31947 28128 18918 28594 26220 29667 14537 23452 10396 21321 24246 14785 19063 10685 21208 5662 8374 812 20058 20219 17378 2131 17982 13008 4653 3725 3038 621
cat_boundaries=0 1 2 3
cat_threshold=5248 1160 1464
is_linear=0
shrinkage=0.035


Tree=43
num_leaves=63
num_cat=7
split_feature=24 34 2 24 4 47 13 0 42 40 16 37 23 22 14 42 47 16 14 17 26 29 3 26 48 29 24 1 48 26 14 27 26 2 32 16 7 8 16 29 16 22 16 32 14 29 14 14 32 44 23 42 48 23 26 26 26 16 37 22 35 44
split_gain=7341.02 1696.66 634.475 617.613 544.692 368.78 235.349 224.893 200.406 155.06 142.519 127.354 125.367 115.909 111.858 110.192 164.859 99.1109 97.6385 90.545 90.1552 85.3654 83.5108 83.3653 121.204 140.773 78.2918 77.3171 79.2835 75.6636 71.4275 67.7288 65.9012 65.8139 65.026 63.9882 60.5076 58.8996 57.7786 57.5376 57.2465 54.6916 53.6625 53.478 53.3672 51.2649 103.624 68.338 62.9353 51.052 50.8504 50.7933 50.0134 48.4328 48.289 46.7262 49.1355 48.0448 45.934 50.199 45.8946 43.9667
threshold=3.5000000000000004 1.5000000000000002 17.320000000000004 7.5000000000000009 24.350000000000005 inf 0.90692640692640702 21.000000000000043 1.5000000000000002 1.0000000180025095e-35 0 inf 0.93301270189221952 5.5000000000000009 16.000000000000004 4.5000000000000009 inf 1 16.000000000000004 11762.380000000003 192.50000000000003 176.50000000000003 267.50000000000006 21.500000000000004 6.5000000000000009 145.50000000000003 10.500000000000002 2472.6300000000006 3.5000000000000004 21.500000000000004 19.500000000000004 1902.2600000000002 21.500000000000004 1227.7200000000003 11810.43 2 0.59166666666666679 9.5000000000000018 3 84.500000000000014 4 4.5000000000000009 5 74.79000000000002 18.000000000000004 241.50000000000003 20.500000000000004 20.500000000000004 558.73500000000013 345.44000000000005 0.68301270189221941 2.5000000000000004 2.5000000000000004 -0.6830127018922193 21.500000000000004 131.50000000000003 39.500000000000007 6 3525.7500000000005 37.500000000000007 1.5000000000000002 345.44000000000005
decision_type=8 2 10 10 10 8 10 8 2 10 9 8 2 2 2 2 8 9 2 10 2 2 2 2 2 2 10 8 2 2 2 10 2 10 8 9 10 2 9 2 9 2 9 8 2 2 2 2 10 10 2 2 2 2 2 2 2 9 10 2 2 8
left_child=1 2 12 7 10 8 34 -2 11 -9 52 43 36 17 -12 16 51 -7 -10 27 32 -13 -17 -20 45 53 -5 49 31 -8 -31 35 -11 42 40 -29 -1 -38 41 -18 -6 -27 -32 -4 -36 46 -25 -47 -49 54 -41 -16 -3 -26 -15 56 -45 -57 -56 -60 -30 -22
right_child=3 4 5 26 6 13 29 9 18 20 14 21 -14 19 15 22 39 -19 23 -21 61 -23 -24 24 25 38 -28 28 60 30 33 -33 -34 -35 44 -37 37 -39 -40 50 -42 -43 -44 55 -46 47 -48 48 -50 -51 -52 -53 -54 -55 58 57 -58 -59 59 -61 -62 -63
leaf_value=-0.021188124417995311 -0.021403723160245018 -0.02037038534086822 -0.018459217324079007 -0.023348330994640776 0.0013944026199187753 -0.021587017425306713 0.0056968323678231224 -0.034247579930205836 -0.014934115951569606 -0.021993422762720323 -0.0089706942471625157 -0.0091618841130529718 0.00075120118648927612 -0.017152097201743762 -0.0031214834013178791 0.011250321692118776 0.026557062453695424 0.0034822917767671573 -0.013009177596588008 -0.0053120393529994953 -0.011104239668975975 0.019689064698013799 0.028857633584609341 -0.003158562435057537 0.00019304124611926155 -0.034794545203347474 -0.030537582034813705 0.019906077663925135 -0.0059532910964887435 0.01243230807970846 0.023132274934486163 0.014998428620715371 -0.0030321857093905903 0.025713631841871431 0.0013620566306904529 -0.010297773099850582 -0.0056898377141714751 -0.014609530980786371 0.0038230503073307365 0.0081804356059881969 0.011582673066960493 -0.010781606164577417 0.014595154245001869 -0.013763220762190047 0.015514555951013502 0.010296365960767235 0.017487869536911345 0.0046929419050456833 -0.008617382770729369 -0.012028095593743661 0.019892859145938996 0.0046394708291989393 -0.0013664844680580295 0.009855410807064811 0.0072476762589339565 0.0071560221880687339 0.0023499990133676188 -0.011127264988116021 -0.0035151379475189689 0.025780852004522684 0.020139103630037895 -0.021833039814021231
leaf_weight=929.49068275094032 3440.1261187195778 200.43953273445368 595.526312276721 3179.2437170147896 1263.4273642599583 240.29989410936832 439.25443929433823 310.78174878656864 408.36472214758396 243.97944358736277 468.51167276501656 196.19717698544264 949.4422829002142 87.620163396000862 1282.077095463872 4889.5566624701023 356.84021250903606 827.73732618242502 404.8834393247962 437.27438694983721 2227.8169744536281 345.95274207741022 353.43420235812664 400.38998939841986 1893.6816979572177 130.32373992353678 4539.7674968242645 102.74081386625767 85.762852728366852 1131.7992258518934 1980.3744748681784 582.29991343617439 2698.9449769034982 3141.6398054659367 363.19473825395107 343.9001179933548 1461.4755887314677 2397.1547159478068 300.01814938336611 1638.3823679536581 1471.0986106395721 1031.4799855649471 2016.3689206391573 306.52076811343431 3238.2709966897964 1441.3091482967138 1157.9834005758166 1303.826125703752 651.91406133025885 158.28222195059061 628.86874766647816 5304.070867806673 1075.8627857342362 955.49323806911707 2472.1169173792005 185.73757895827293 941.03329968452454 2437.7895029038191 90.426110677421093 340.03605251759291 1974.061522141099 593.72458845376968
leaf_count=8292 38158 964 4182 40031 5380 1256 1840 4174 2303 2142 2236 1035 5487 399 6211 20428 1495 3917 2161 2028 19131 1547 1478 2116 9526 972 68640 438 353 5018 8685 2419 19965 15069 1557 1460 9986 17693 1553 6913 6258 5297 8649 1714 13532 6571 5435 6363 3037 729 2616 23214 4976 4513 11251 1110 4835 13899 415 1503 8343 5167
internal_value=-9.75843e-05 0.00570174 -0.000462926 -0.0202233 0.0113384 0.00215194 0.0161334 -0.0142533 -0.0010346 -0.0102014 0.00688394 -0.00675604 -0.0108666 0.00836109 0.00784104 0.00839201 0.00608513 -0.00234238 0.00180886 0.0100739 -0.0088993 0.00925063 0.0124425 0.00251729 0.00319703 -0.00109456 -0.0275799 0.0111533 0.0150877 0.0198675 0.0206194 0.00714413 -0.00461108 0.0219155 0.0109982 -0.00310639 -0.01317 -0.0112335 -0.00992062 0.013502 0.00692508 -0.0133877 0.0189244 -0.00870054 0.0140881 0.00692999 0.0121846 0.00451659 0.000254026 0.00728986 0.0114365 0.00312846 -0.0043307 0.00343571 0.00831611 -0.00719488 -0.00161683 -0.00984576 0.00909057 0.0196328 0.0190504 -0.0133688
internal_weight=77046.4 59812 28568.5 17234.4 31243.5 22831 15045.4 9515.37 15088.4 6075.25 16198 5008.76 5737.56 7742.56 14921.7 14453.2 9210.24 1068.04 10079.7 6674.52 5764.47 542.15 5242.99 9671.3 9266.42 4311 7719.01 6237.25 3088.77 8709.44 8270.18 1028.94 2942.92 7138.38 6335.99 446.641 4788.12 3858.63 1461.82 2624.09 2734.53 1161.8 3996.74 4466.61 3601.47 4955.42 1558.37 3397.05 1955.74 3148.48 2267.25 6586.15 1276.3 2849.17 2990.2 3871.08 1247.55 2623.53 2902.58 430.462 2059.82 2821.54
internal_count=488065 290657 154138 197408 136519 112680 65988 88737 78169 50579 70531 28322 41458 34511 64591 62355 40449 5173 49847 29338 46405 2582 21906 47544 45383 21861 108671 27310 13013 39261 37421 4317 22107 32403 26727 1898 35971 27679 7822 11024 11638 6269 17334 25740 15089 23522 7551 15971 9400 14297 9529 29425 5940 14039 13568 21558 6549 15009 13169 1918 8696 24298
cat_boundaries=0 1 2 3 4 5 6 7
cat_threshold=75781 147712 4320 22821 149553 1448 1129
is_linear=0
shrinkage=0.035


Tree=44
num_leaves=63
num_cat=4
split_feature=24 4 24 0 2 7 2 22 42 47 23 2 40 23 16 16 16 26 22 42 47 14 26 42 24 50 41 17 19 37 26 37 18 25 29 18 37 43 16 22 26 41 14 8 29 18 39 42 35 32 14 48 19 26 26 18 22 0 25 14 27 42
split_gain=6932.39 1584.09 608.569 549.156 445.893 221.413 189.612 180.294 163.937 264.289 162.213 150.633 134.767 133.555 133.143 130.139 113.931 91.7 89.1755 88.9081 108.828 82.2686 119.33 79.6842 78.7282 78.0027 72.6912 69.9384 69.9231 69.013 67.6365 67.0358 64.0524 63.533 62.1016 59.9562 59.4386 62.9387 54.5364 86.264 55.8802 54.2996 53.5195 53.1998 52.6807 51.4908 82.7397 51.2622 50.6397 49.5963 48.6707 47.9822 47.3521 46.0202 58.2378 44.189 44.1696 52.9598 44.1574 43.1947 42.7657 42.1544
threshold=3.5000000000000004 2.0100000000000002 7.5000000000000009 390.72000000000008 16.595000000000006 0.95833333333333337 1826.3400000000004 1.5000000000000002 3.5000000000000004 3913.7800000000002 0.93301270189221952 396.17000000000007 1.0000000180025095e-35 0.93301270189221952 0 1 2 21.500000000000004 8.5000000000000018 5.5000000000000009 138.33000000000004 18.000000000000004 284.50000000000006 1.5000000000000002 10.500000000000002 66.817363956830988 1149.0600000000002 857.18000000000018 43.022727272727288 6387.8400000000011 161.50000000000003 13.025000000000002 9502.8600000000006 384.28188311688319 333.50000000000006 3511.6200000000008 41161.68 1.5000000000000002 3 8.5000000000000018 39.500000000000007 1149.0600000000002 16.000000000000004 15.500000000000002 115.50000000000001 11770.278500000002 1727.2800000000002 3.5000000000000004 16.500000000000004 6802.920000000001 18.000000000000004 3.5000000000000004 1701.8517857142858 131.50000000000003 39.500000000000007 13407.280000000001 1.0000000180025095e-35 11.520000000000012 25.710000000000004 21.500000000000004 5983.380000000001 3.5000000000000004
decision_type=8 8 10 10 10 8 10 2 2 8 2 10 10 2 9 9 9 2 2 2 10 2 2 2 10 8 10 8 8 8 2 10 10 10 2 10 8 2 9 2 2 8 2 2 2 10 10 2 2 8 2 2 10 2 2 10 2 10 10 2 10 2
left_child=1 4 5 8 13 36 14 15 9 28 11 16 -7 23 17 -6 43 -5 -8 20 33 -18 27 -1 56 -11 51 -23 -3 50 34 -27 38 44 60 -28 37 -2 -13 -40 -41 -20 -42 61 -19 49 -47 -22 -25 -43 -10 -16 -21 54 -29 -46 -4 -58 -32 -56 -14 -9
right_child=2 3 24 6 7 12 18 10 29 25 -12 32 30 -15 26 -17 21 19 41 52 47 22 -24 48 -26 31 35 53 -30 -31 58 -33 -34 -35 -36 -37 -38 -39 39 40 42 45 -44 -45 55 46 -48 -49 -50 -51 -52 -53 -54 -55 59 -57 57 -59 -60 -61 -62 -63
leaf_value=-0.017083387723354708 -0.025120968564061742 -0.012371355588242835 -0.032737960252673559 -0.00042234938057457845 -0.0020069470721228578 -0.034813882911170949 0.0053413660752871838 -0.0060068778336801283 -0.0043946357435070658 0.014383375510283847 0.011684610321495835 0.020512326444741387 0.0022823344500078665 0.0016711260393559556 -0.0071331984529554001 -0.025820819859536683 -0.013556561146989903 0.026408569403029152 0.0098659701991917117 0.022818030159809145 0.0047490447642072895 0.0066981506417054613 0.012282914601534644 -0.005929636417375048 -0.030266876959108409 0.00030325640379779442 0.016668899545845502 -0.0087228471267693491 -0.0013193216591353759 0.01774145258805751 -0.0081896184158915183 0.012379442342330899 -0.0077573986839312662 -0.00028049332639009804 -0.015393540490399687 -0.01941627391299117 0.00081517377508525876 -0.016640520886074817 -0.0054744823437095141 -0.0047601620227384275 -0.0089805249806569429 0.013675702567442773 0.0092954639499612125 -0.013171790339699391 0.016696698709817614 -0.0050554566488252026 0.037097740371143238 0.011891225106194184 -0.018983971736552172 0.024861635201939111 0.0091717878964167453 0.0049562608523622204 0.01169737037810316 -0.0058469575905591119 0.0023154834604677686 -0.01370003993514458 -0.02666597952808453 -0.016663731213999024 -0.018389226744945749 0.018577017849782201 -0.01423032473047002 0.0065167904493074018
leaf_weight=2142.0981993600726 1845.8522289767861 846.56460151821375 482.89997607469559 549.42635543644428 690.67253597825766 228.77597928792238 481.49843361973763 1831.4153404608369 355.81255012750626 1748.1244065240026 1995.5370411649346 305.40528114140034 1490.7591193467379 1059.9739391729236 603.45449012517929 472.6225278377533 436.77291440963745 767.16470481455326 474.51455940306187 1888.0143365263939 1876.6956380903721 1318.565494582057 1153.9348122701049 2261.7200755551457 4422.1511872410774 1550.0985092073679 703.08693233132362 419.72289413958788 4064.0101814568043 1135.2454450726509 1742.077951669693 883.39727357029915 424.30351696908474 241.71966323256493 384.57616820931435 60.488814875483513 171.5500521287322 2586.7927304953337 757.8311847448349 432.19302660226822 205.3084399998188 567.06489790976048 4131.0129296332598 1096.6075261309743 2831.9698732048273 190.45847983658314 80.311865419149399 3588.3247206956148 433.33922081440687 3559.6821326762438 3556.7009640038013 1200.7316558659077 628.74024337530136 2225.0272678136826 728.03553201258183 59.114876329898834 1187.3429861962795 1448.2543998733163 742.47711834311485 275.12680435925722 219.53505159914494 400.49078522622585
leaf_count=17892 21206 5446 6757 2290 3999 3214 2066 10117 1589 7371 8774 1305 10079 5956 2540 3189 2584 3325 2040 8379 7951 6891 5764 15072 68640 6683 2923 2242 20056 4747 14676 3699 2034 1026 3172 255 1427 27542 3504 1964 1032 2555 17933 5830 12232 811 370 15114 2901 16422 14912 4985 2906 11970 3618 243 15936 17338 5810 1350 1611 1800
internal_value=-9.61766e-05 0.00551364 -0.019847 0.0103869 -0.00115732 -0.0139091 0.0140678 0.00141636 0.00508802 0.00227956 0.0022733 0.00110917 -0.0086533 -0.00957947 0.012048 -0.0119349 -0.0015805 0.0135452 0.0197235 0.0142025 0.0126302 0.00109957 0.00214933 -0.0120447 -0.027256 0.00874501 0.00472586 -0.000207159 -0.00322678 0.0101453 -0.00733908 0.00469039 0.0053589 0.0170972 -0.00270483 0.0137887 -0.0193947 -0.0201768 0.00631437 0.00547915 0.00723221 0.0211435 0.00842829 -0.00684175 0.0182452 0.0223579 0.0075379 0.00943991 -0.00803491 0.0233282 0.00793722 0.000910932 0.0200456 -0.00270429 0.0022107 0.0160706 -0.0229781 -0.0211782 -0.0112438 0.00678942 0.000155676 -0.00375773
internal_weight=76643.2 59690.1 16953 34492.4 25197.7 9412.4 20352.5 19300.6 14140 9092.19 18137.3 16141.8 4808.2 5897.13 14998.9 1163.3 9885.7 12431.2 5353.53 11881.7 9364.99 6557.19 6120.41 4837.16 7540.65 4181.62 2567.76 4966.48 4910.57 5047.76 4579.43 2433.5 6256.05 3899.97 2094.87 763.576 4604.2 4432.64 5831.75 5526.35 4768.51 4872.03 4336.32 3328.51 3658.25 4397.52 270.77 5465.02 2695.06 4126.75 3912.51 1804.19 2516.75 3647.91 1422.89 2891.08 3118.5 2635.6 2484.56 1003.16 1710.29 2231.91
internal_count=488065 290657 197408 152936 137721 88737 88433 95900 64503 43255 88712 79938 38562 41821 64169 7188 52166 53466 24264 51176 39891 34419 31835 35865 108671 17753 10703 26071 25502 21248 35348 10382 27772 16826 14862 3178 50175 48748 25738 24433 20929 22198 18965 17747 15800 20158 1181 23065 17973 18977 16501 7525 11285 19180 7210 12475 40031 33274 20486 4968 11690 11917
cat_boundaries=0 1 2 3 4
cat_threshold=21896 3321 22528 1160
is_linear=0
shrinkage=0.035


Tree=45
num_leaves=63
num_cat=6
split_feature=24 34 24 2 13 47 0 4 42 0 37 23 22 17 40 14 27 14 40 26 26 26 24 29 22 16 17 26 48 26 3 16 37 16 16 6 16 26 16 23 40 0 14 22 41 26 32 42 32 32 48 29 18 3 40 22 4 18 46 23 48 29
split_gain=6545.82 1499.88 599.137 558.01 495.412 327.592 214.929 189.877 184.536 152.063 117.919 112.439 108.015 140.578 107.996 96.1223 94.2189 88.9179 87.4234 86.8885 82.3031 80.2248 79.4586 78.614 77.7838 81.467 77.6167 78.6838 98.4334 104.765 78.729 70.4582 69.3091 65.4262 65.2429 60.1089 65.4736 59.317 58.6915 60.5715 58.5984 69.831 58.5476 57.4119 55.3373 71.5532 69.7058 51.5899 50.0387 49.9363 49.0841 49.3091 48.3098 47.9351 47.0188 50.5123 62.7156 49 46.6877 45.7667 60.8482 44.883
threshold=3.5000000000000004 1.5000000000000002 7.5000000000000009 17.320000000000004 0.9110671936758894 inf 104.98 27.060000000000006 1.5000000000000002 603.54666666666674 inf 0.93301270189221952 39.500000000000007 5519.3400000000011 1.0000000180025095e-35 18.000000000000004 13109.220000000003 16.000000000000004 4935.7200000000021 299.50000000000006 223.50000000000003 30.000000000000004 13.500000000000002 176.50000000000003 5.5000000000000009 0 2.2450000000000006 21.500000000000004 6.5000000000000009 269.00000000000006 60.500000000000007 1 2182.3400000000006 2 3 157.21333333333337 4 122.00000000000001 5 0.93301270189221952 1.0000000180025095e-35 11.520000000000012 19.500000000000004 31.500000000000004 2885.1300000000006 131.50000000000003 513.82000000000016 1.5000000000000002 87.67000000000003 inf 6.5000000000000009 333.50000000000006 11184.261136363637 44.500000000000007 9705.840000000002 13.500000000000002 122.91000000000001 3840.2933333333335 36.550000000000004 0.93301270189221952 10.500000000000002 241.50000000000003
decision_type=8 2 10 10 10 8 8 10 2 10 8 2 2 10 8 2 10 2 10 2 2 2 10 2 2 9 10 2 2 2 2 9 10 9 9 10 9 2 9 2 10 10 2 2 8 2 10 2 8 8 2 2 10 2 10 2 8 10 10 2 2 2
left_child=1 3 6 11 9 8 20 33 10 15 48 47 13 24 -8 -3 32 -10 42 34 21 -2 40 -12 25 -7 -19 -28 61 30 -30 -9 37 -6 -17 36 -33 -14 39 -26 -4 -42 -16 -32 -36 -46 -47 49 -5 -1 51 -44 -37 -54 55 57 -57 -11 -21 60 -35 -29
right_child=2 4 22 5 7 12 14 31 17 54 23 -13 16 -15 18 19 -18 26 -20 58 -22 -23 -24 -25 38 -27 27 28 29 -31 43 35 -34 59 44 52 -38 -39 -40 -41 41 -43 50 -45 45 46 -48 -49 -50 -51 -52 -53 53 -55 -56 56 -58 -59 -60 -61 -62 -63
leaf_value=-0.020703152447260124 -0.025967809570031922 -0.0075134872432189087 -0.03464540093519787 -0.01751071093821507 -0.0028369014364810971 -0.020203116506436681 -0.033480240408893316 0.0031036223084650633 -0.014384799267497627 0.0082315120676659179 -0.0088766502202406502 0.00066789754859715173 0.018524012124220966 -0.015723767228535118 -0.017274930903008724 0.013163888692691328 -0.0037905603537018479 -0.016503835501901851 -0.017408411308271147 0.0003435823407685908 -0.02184653456806664 -0.011069654281038723 -0.031979767821589976 0.018841741282548258 0.002707419573599342 0.003199216882708307 -0.01240817990403666 0.011865323062119272 0.0029136273750018636 0.0059879142154650256 -0.022658428353125617 0.021331514820414146 0.023412875780873515 0.008594333714940075 -0.0016833685951379942 0.025200695617464172 0.012953913087106323 0.0043469408629681107 0.01464353713407095 0.017772361760641391 -0.02743094203601933 -0.018432382262553289 0.0068770075590024867 -0.0063628481095878396 0.0099175253215188393 0.0033462925108514703 -0.012938202486772202 -0.0085176544609057783 -0.0069075897548081496 -0.010914682258333955 -0.0062815231984804246 -0.011986846869373076 0.032003735164893167 -0.00024638025631847478 -0.00091915576210803223 0.011141843354893937 0.020654100376544488 -0.013486853522082135 0.016811796967300445 0.021555113471935259 0.019064071084848287 0.0046341635734299539
leaf_weight=1298.7257713600993 533.84612201154232 806.44755380600691 591.30491023510695 636.23356951028109 413.95294754207134 222.27389658987522 170.66159693151712 344.718784943223 403.95003133267164 1834.6962661147118 195.2989280372858 950.53942183405161 692.53753778338432 377.84659897536039 281.85259077697992 804.8197061046958 339.39678894728422 259.14971616864204 566.8894175812602 264.69685272872448 2848.9316681846976 2599.4177644923329 2525.0210574269295 346.54085467755795 1854.1869209706783 824.60724890232086 394.30138649046421 1542.8568403422832 904.6580384299159 1794.2568783685565 345.72434931993484 2554.3010942488909 922.75150670856237 3639.9837657809258 2383.5250874906778 2621.8369540572166 2362.2565043568611 756.89194652438164 1351.1511717960238 396.07157930731773 2082.9004541635513 2168.2894429415464 1119.0111927390099 1127.6295351982117 2014.5762579292059 2827.2193699628115 362.38199407607317 2145.7693654969335 3805.5509016513824 1264.0466915145516 992.0879810154438 199.13211365044117 79.951829686760902 186.54565879702568 399.91722449660301 3568.1167984753847 1116.5374412983656 135.84561863541603 1037.1406437605619 517.21359845995903 836.70853434503078 3305.0169591009617
leaf_count=11684 5861 3915 9022 4509 1779 1171 2533 1469 2303 7669 1035 5487 2983 1773 2279 3561 1547 1699 4506 1285 31200 25860 40259 1547 8165 3898 2112 7423 4576 8597 1832 11479 4006 15273 10854 12681 10460 3448 5863 1657 30491 28899 7244 5840 8671 12631 1609 15218 21231 9069 7690 1564 380 821 1671 14832 4768 590 4411 2160 3550 15465
internal_value=-9.4963e-05 0.00533133 -0.0194745 -0.000475675 0.0106426 0.00196618 -0.0135716 0.0156682 -0.00104103 0.00676085 -0.00654948 -0.0103119 0.00781899 0.00478004 -0.00644151 0.00409024 0.0134481 0.00168343 -0.00497063 0.0050562 -0.0175384 -0.0136155 -0.0269323 0.00885307 0.00644976 -0.00194638 0.00235582 0.00287667 0.00354612 -0.000395118 -0.00521173 0.0190428 0.015915 0.0105802 0.0037502 0.0197171 0.0173795 0.0111288 0.00889027 0.00534201 -0.0242943 -0.0228467 -0.00224481 -0.0101994 0.00272915 0.00475528 0.00149268 -0.0125281 -0.00842996 -0.0158813 -0.000404431 0.00402032 0.023757 0.00951244 0.0107346 0.0114349 0.0134129 0.00672821 0.0134662 0.011675 0.010555 0.00693748
internal_weight=76250.7 59571.4 16679.3 28458 31113.4 22798.9 9311.83 13557.5 15061.2 17555.9 4983.62 5659.08 7737.72 5026.14 3329.63 10500.8 2711.58 10077.5 3158.97 9694.36 5982.2 3133.26 7367.52 541.84 4648.29 1046.88 9673.59 9414.44 9020.14 4172.27 2378.01 8149.61 2372.18 5407.86 8392.52 7804.89 4916.56 1449.43 3601.41 2250.26 4842.49 4251.19 2592.08 1473.35 7587.7 5204.18 3189.6 4708.54 4441.78 2562.77 2310.23 1318.14 2888.33 266.497 7055.11 6655.2 4684.65 1970.54 1301.84 4993.91 4476.69 4847.87
internal_count=488065 290657 197408 154138 136519 112680 88737 60052 78169 76467 28322 41458 34511 22527 25816 46937 11984 49847 23283 43022 62921 31721 108671 2582 20754 5069 47544 45845 43733 20845 12248 37290 10437 22762 37326 35821 21939 6431 15685 9822 68412 59390 18777 7672 33765 22911 14240 35971 25740 20753 16498 8808 13882 1201 29530 27859 19600 8259 5696 20983 18823 22888
cat_boundaries=0 1 2 3 4 5 6
cat_threshold=147712 10257 75844 1200 1448 26880
is_linear=0
shrinkage=0.035


Tree=46
num_leaves=63
num_cat=4
split_feature=24 2 13 24 13 20 2 13 9 40 26 8 12 14 1 26 14 26 26 16 22 2 16 16 14 24 17 2 14 2 40 6 46 44 23 26 19 41 47 18 14 22 47 18 22 16 17 29 14 44 23 4 22 23 22 7 22 18 18 41 22 2
split_gain=6180.08 1415.09 652.5 589.299 282.277 237.192 211.876 169.861 153.912 153.73 143.072 122.093 120.156 110.038 108.224 106.465 115.333 125.469 136.776 118.854 168.304 91.7663 90.8005 83.9927 83.637 79.914 79.8733 79.0193 73.8808 73.8323 70.4126 68.0679 65.8916 63.7566 63.6086 83.4686 74.7388 62.9064 62.1427 61.1595 55.9286 54.8243 52.366 49.7734 59.2252 51.6135 49.4586 49.105 50.6708 48.6207 44.7637 51.4265 46.9761 44.4109 44.202 53.0367 44.1704 43.7944 43.4397 43.1078 42.3535 41.6558
threshold=3.5000000000000004 95.800000000000026 0.82971014492753636 7.5000000000000009 0.49074074074074076 4.566311421705711 2.9250000000000007 0.39642857142857152 488.2050000000001 1.0000000180025095e-35 21.500000000000004 16.500000000000004 15.157500000000002 16.000000000000004 inf 21.500000000000004 19.500000000000004 299.50000000000006 131.50000000000003 0 5.5000000000000009 4.830000000000001 1 2 18.000000000000004 10.500000000000002 7983.5400000000009 741.24000000000001 16.000000000000004 129.26000000000002 4470.2433333333338 89.265000000000029 35.330000000000013 33.165000000000013 0.93301270189221952 61.000000000000007 265.92500000000001 839.10000000000002 1216.3200000000002 9361.461212121214 20.500000000000004 29.500000000000004 2206.2600000000007 10806.150000000001 8.5000000000000018 3 1.0000000180025095e-35 272.50000000000006 20.500000000000004 107.58000000000003 0.93301270189221952 2.5350000000000006 19.500000000000004 -0.6830127018922193 1.0000000180025095e-35 0.68333333333333346 49.500000000000007 1119.5712500000002 13407.280000000001 1334.7200000000003 63.500000000000007 381.42000000000007
decision_type=8 10 10 10 10 10 8 10 10 8 2 2 10 2 8 2 2 2 2 9 2 10 9 9 2 10 8 10 2 10 10 10 10 10 2 2 10 10 10 10 2 2 8 10 2 9 10 2 2 10 2 8 2 2 2 10 2 10 10 8 2 10
left_child=1 4 7 6 21 14 -2 42 10 -8 -7 12 -6 -12 40 -9 59 18 41 20 37 -1 38 28 -11 54 46 49 -14 -26 -31 53 -19 -23 36 -36 -13 -20 58 -29 -4 -18 -3 44 -10 -45 -16 -43 -49 -22 51 -30 -52 -24 -5 -56 -32 -33 -15 -17 -34 -40
right_child=3 2 5 25 11 8 9 15 43 24 13 34 23 22 26 16 17 32 19 -21 27 33 31 -25 29 -27 -28 39 50 30 56 57 60 -35 35 -37 -38 -39 61 -41 -42 47 -44 45 -46 -47 -48 48 -50 -51 52 -53 -54 -55 55 -57 -58 -59 -60 -61 -62 -63
leaf_value=-0.015950855576252105 -0.021045914505754056 -0.0062057115578648273 -0.0032494601158474688 -0.032267024123391552 -0.0099743610902870046 -0.002992958769317947 -0.033539318996543652 -0.008126994606926053 0.005284570568818924 -0.021834405256291694 -0.0021891371911019544 -0.0033346415371211936 -0.021292403949015916 0.020709272863578616 -0.025448966814647644 -0.013866392389173823 0.0070165028119814205 -0.011354475019405664 -0.0093819088407944458 0.016887210043024219 0.0035641969635767817 -0.0022060610820930104 0.001210335178533096 -0.0043305211456642493 -0.010488481131779687 -0.029730152141893795 0.0052138619481242997 0.0094806399261525669 0.00056126320343135162 0.00098455995286140792 -0.023446070418807058 0.0052026442831272857 0.014268741449738311 -0.011727485834602631 0.015552243456110181 -0.014691169003668576 -0.017190341534732444 -0.038857190359495711 -0.0039770179837620512 -0.0092696043609629304 0.0062293742609968528 0.01948631431283155 0.0038998193010519318 0.018118161329455394 0.02510292214634437 -0.01039647723933685 0.018853220722839081 0.021819536052417172 0.0054697888397299632 -0.0044703428549300508 0.0047171787963016798 0.0071076311845217396 0.018892724542448155 0.010906461872782373 -0.027272755332266689 -0.016658835300256601 -0.0017985225976829672 0.018198621798340416 -0.021922510381234855 0.00034103862705527131 0.029237532897844882 0.014146903801553994
leaf_weight=1925.2372032105923 2912.7576828598976 2192.6370754316449 1150.7897411063313 457.37581391632557 1000.9681586027145 609.03461107611656 312.14794427528977 665.8433200865984 199.2298521772027 516.16871389001608 467.90179438889027 967.45513213425875 133.05431241542101 4169.9089038819075 30.721736490726471 312.0220075622201 3699.4318031072617 111.77758619189262 206.94342798739672 626.96720758825541 1728.0002273470163 1942.53093213588 779.60303941369057 1633.7838039025664 3232.1244427859783 4200.62490702793 1043.2780399471521 2056.9992492794991 3062.76437304914 1769.2395265251398 270.13570454716682 375.20512698590755 1877.8893868550658 1547.8996240124106 295.29986636340618 178.56562578678131 940.66574326902628 155.38688672333956 190.12282951176167 236.91744317114353 2256.2101723477244 1049.8644374907017 879.41543762385845 242.5898779630661 2646.012665823102 105.94924652576447 1427.4104273915291 302.33145026862621 995.17879953980446 1977.3903357982635 623.44370229542255 2826.0887620002031 530.10587182641029 2247.1760038286448 895.02981954813004 1646.7506508231163 201.41828468441963 2105.6098274439573 28.718413278460503 1592.6772701814771 264.61259359121323 839.17087008059025
leaf_count=16886 34030 12555 4874 6757 6186 2505 4508 3098 908 4802 1953 5228 788 18214 125 1590 15888 535 970 2738 7709 13256 3291 8599 29228 68640 4332 8590 17034 12444 2178 1629 7970 10509 1307 862 5183 1093 794 1031 9472 4426 4610 1109 12819 454 6035 1269 4293 8797 2812 12631 2382 9501 12678 20596 1547 9393 118 7408 1119 3779
internal_value=-9.35169e-05 0.00515515 0.00865767 -0.0191046 -0.00316899 0.0130299 -0.01324 0.00428875 0.0153687 -0.00962891 0.0135234 -0.000215274 0.00151072 0.0144214 0.007088 0.00559633 0.0061282 0.00713988 0.00582054 0.00248512 0.00103513 -0.00981736 0.0151455 0.00281672 -0.00837732 -0.0266071 0.0126149 0.00243724 0.0044443 -0.00710438 -0.00222064 0.0119159 0.014763 -0.00643067 -0.00732145 0.00414875 -0.0101707 -0.0220947 0.0184868 0.00754091 0.00302767 0.00967442 -0.00331254 0.0221876 0.0237175 0.00966622 0.017903 0.0138585 0.0092933 -0.000723503 0.00493982 0.00370357 0.0112422 0.00841027 -0.0222246 -0.0204055 -0.014223 0.016236 0.0204125 -0.00199243 0.0161303 0.0107986
internal_weight=75868.6 59454.8 41846.9 16413.8 17607.9 20914.6 9213.99 20932.3 15006.2 6301.23 11812.5 12192.2 9810.21 11203.4 5908.41 17860.2 17194.4 15289.7 13035.4 6988.6 6361.64 5415.67 10735.5 8809.24 5989.09 7199.78 2501.41 5999.31 7175.46 5472.92 2240.79 5507.59 2254.28 3490.43 2381.99 473.865 1908.12 362.33 5227.92 2293.92 3407 6046.81 3072.05 3193.78 2845.24 348.539 1458.13 2347.37 1297.51 3705.39 7042.4 5888.85 1153.55 3026.78 2999.16 2541.78 471.554 2480.81 4198.63 1904.7 2142.5 1029.29
internal_count=488065 290657 186994 197408 103663 91305 88737 95689 66467 54707 51177 63012 50432 48672 24838 78524 75426 66428 56804 30928 28190 40651 46719 44246 50199 108671 10492 26127 35647 45397 16169 23814 9624 23765 12580 2169 10411 2063 22905 9621 14346 25876 17165 15290 13727 1563 6160 9988 5562 16506 34859 29665 5194 12792 40031 33274 3725 11022 18332 8998 9089 4573
cat_boundaries=0 1 2 3 4
cat_threshold=153877 1448 148976 4352
is_linear=0
shrinkage=0.035


Tree=47
num_leaves=63
num_cat=4
split_feature=24 4 24 7 2 42 47 0 22 40 0 19 22 46 18 16 50 3 13 40 24 26 26 14 18 22 29 0 16 22 23 22 26 37 50 16 18 40 7 16 37 52 37 23 41 22 14 23 2 19 13 44 44 0 3 27 27 22 14 37 42 26
split_gain=5833.69 1329.94 579.29 439.824 420.218 236.435 264.982 206.598 168.521 144.117 140.723 132.718 118.711 114.493 104.088 98.6692 97.9141 93.2394 86.8751 84.9816 80.9359 77.2574 77.0318 77.7058 74.004 72.2707 71.394 70.8095 69.0683 85.6998 70.5131 68.0318 65.8843 64.4066 61.4686 60.2357 59.4527 59.3627 70.0222 59.1152 56.8729 55.2374 57.9228 55.6211 54.1653 53.4271 51.8475 51.039 48.2902 70.8938 47.6272 52.8436 46.0797 51.4374 45.6846 45.0201 44.7222 43.385 42.1873 41.851 41.6676 41.0341
threshold=3.5000000000000004 5.8000000000000016 7.5000000000000009 0.95833333333333337 1088.5700000000002 4.5000000000000009 inf 21.000000000000043 1.0000000180025095e-35 1.0000000180025095e-35 373.98666666666674 489.35515151515159 38.500000000000007 33.165000000000013 11770.278500000002 0 1.0000000180025095e-35 84.500000000000014 0.36602870813397131 6157.2300000000014 13.500000000000002 161.50000000000003 21.500000000000004 19.500000000000004 488.0024621212122 21.500000000000004 324.00000000000006 59.531666666666688 1 8.5000000000000018 0.93301270189221952 8.5000000000000018 314.50000000000006 4.830000000000001 86.614535721857735 2 809.08424242424246 1.0000000180025095e-35 0.76388888888888895 3 6264.9900000000007 3.5000000000000004 inf 1.0000000180025095e-35 414.44499999999999 29.500000000000004 18.000000000000004 0.68301270189221941 1495.1700000000003 2158.012916666667 0.56832298136645976 53.360000000000007 345.44000000000005 199.95000000000002 40.500000000000007 5887.0800000000017 377.44000000000005 3.5000000000000004 20.500000000000004 6642.9000000000015 2.5000000000000004 223.50000000000003
decision_type=8 8 10 10 10 2 8 8 2 8 8 10 2 10 10 9 10 2 10 10 10 2 2 2 10 2 2 10 9 2 2 2 2 10 10 9 10 10 10 9 8 2 8 2 8 2 2 2 10 10 10 10 8 10 2 8 10 2 2 8 2 2
left_child=1 3 7 18 5 6 13 61 24 -9 11 15 17 60 40 27 33 31 54 28 37 26 -7 -24 -5 -19 55 59 -12 56 44 36 35 -8 -33 -25 -6 -4 -39 -13 -14 42 -15 -44 -31 -21 -20 58 49 -46 51 -29 53 -23 57 -11 -30 -1 -17 -10 -3 -2
right_child=2 4 20 8 12 22 16 9 10 21 19 39 14 41 -16 47 -18 25 46 45 -22 52 23 32 -26 -27 -28 50 29 30 -32 34 -34 -35 -36 -37 -38 38 -40 -41 -42 -43 43 -45 48 -47 -48 -49 -50 -51 -52 -53 -54 -55 -56 -57 -58 -59 -60 -61 -62 -63
leaf_value=-0.016511161891307104 -0.016086241228017949 -0.012219266725414481 -0.034299856336639144 -0.0063530587814565418 0.012347749820416691 -0.0033885782521437531 0.0013695465558399207 -0.033531077263945282 -0.0038611921856987826 0.0028160603865015751 0.020208091076192345 0.0087801998075490301 0.019143783730738741 -0.0072438590592682536 -0.003530281944343508 -0.012620707677099489 0.014632888420187147 -0.015256228848628595 -0.020459704572224173 -0.015882456961252563 -0.031523471414032875 -0.012818876851302351 0.0040145807310988466 0.0093641441231191256 -0.031183024088355348 0.0082928074816503855 -0.012595529250831773 0.0059698805982933336 0.0039340974959281424 -0.0082134362339558713 0.017337196212160479 0.013173267112552178 0.025878932661735046 0.012141746997508189 0.022121183970593313 0.017813165264670017 -0.0069946405731507923 -0.0266721202815902 -0.0174837721489546 -0.011357023382427502 0.028503787890807833 0.0045365976957523358 -0.0030579659987913475 0.022911216775558185 0.0067255214196436175 0.0012367081564775796 -0.0046184111722503522 0.0026830522116921096 0.013657890450860424 -0.010022201510960026 0.0096822637248265946 -0.0071432183637092838 -0.01977496849124085 -0.002100977647126091 -0.018087074574193129 -0.013170810788129116 -0.0084970407261986611 0.00041389784683011204 -0.0028603403541351841 0.0053817272672150081 -0.00083517025806837352 -0.0239973123476429
leaf_weight=341.55393492430449 1631.7994196638465 905.37534350156784 558.66775839030743 371.91678847372532 637.89835001528263 327.43468970060349 1659.6690863370895 278.59508575126529 1768.73431815207 1529.840043798089 434.47071745991707 196.27350948750973 2115.3719066083431 1079.9250852912664 195.83210438489914 851.76532258838415 3370.740927875042 210.90695443749428 270.01857988536358 310.364597260952 2393.1336050443351 1654.251392826438 815.86639359593391 1967.7265799045563 242.92291621118784 646.47915895283222 704.19302127510309 1332.7304992899299 766.82265068590641 297.81050860881805 808.21402111649513 2164.8144378364086 670.92590022087097 1151.1101833730936 1672.7098516374826 2424.8454191982746 279.19824747741222 2049.6195857040584 2035.5943653360009 1537.7712750434875 1288.0318458527327 5985.6930475905538 232.84113471210003 177.19814643263817 4071.3655209988356 789.34553627669811 3855.3139582797885 1115.3364031463861 1097.7504189312458 334.22482095658779 2482.1103248000145 523.56411243230104 644.94988064467907 821.05944392085075 1395.5537673681974 250.19067723304033 657.68186509609222 404.63953084498644 1493.1923774704337 907.00665905326605 696.7976111099124 1604.7260825708508
leaf_count=3057 18791 5662 9022 2305 2751 1345 7037 4165 10127 10787 1835 941 9876 4676 827 4776 14338 913 1956 1556 40259 15579 3469 8355 1932 2878 6055 7067 3379 1322 3389 9420 2891 4804 7826 10423 1200 31567 27823 7944 6174 26588 997 744 17788 3532 24584 5331 4712 1444 10865 2904 5824 6234 12392 1935 3053 3304 7955 4680 3333 19367
internal_value=-9.2106e-05 0.00498491 -0.0187368 -0.000436473 0.0100494 0.00736541 0.00502217 -0.0129128 0.00185749 -0.00900295 0.00236799 -0.000122865 0.0163026 0.00121588 0.021266 0.00136218 0.0106108 0.0131161 -0.00863145 0.00554591 -0.0262815 -0.00777791 0.0131245 0.0140446 -0.0161981 0.002489 -0.00317063 0.00374521 0.00673451 0.00597086 0.0076563 0.0150316 0.0156596 0.00578388 0.0170783 0.0140931 0.006458 -0.023574 -0.0220991 -0.00908883 0.0226934 0.00303569 -0.00299297 0.00819303 0.00630481 -0.00360477 -0.00565999 -0.0034688 0.0070918 0.00545299 0.00651178 0.0022695 -0.0114438 -0.00926604 -0.0143496 0.000562906 -0.00180719 -0.00734491 -0.00640949 -0.000727243 -0.00727184 -0.0200149
internal_weight=75492.5 59335.8 16156.6 28658.5 30677.4 21466.1 15259.4 9119.61 22391.4 5883.08 21776.5 12208.5 9211.24 9077.83 3599.24 10474.4 6181.52 5612.01 6267.08 9568.05 7037.02 5604.48 6206.8 5879.36 614.84 857.386 2484.22 7014.15 8468.34 8033.87 6609.37 4754.62 5063.5 2810.78 3837.52 4392.57 917.097 4643.88 4085.21 1734.04 3403.4 7475.66 1489.96 410.039 5801.15 1099.71 4125.33 3460.29 5503.34 4405.59 4338.4 1856.29 3120.26 2475.31 2141.75 1780.03 1424.5 746.193 2344.96 2675.74 1602.17 3236.53
internal_count=488065 290657 197408 154130 136527 94662 68179 88737 108837 50579 104600 62590 41865 42000 16877 53705 26179 24988 45293 42010 108671 46414 26483 25138 4237 3791 18777 35643 36922 35087 28655 21197 21669 11841 17246 18778 3951 68412 59390 8885 16050 33005 6417 1741 25266 5088 26540 18062 23944 19232 20836 9971 27637 21813 18753 12722 6432 6361 12731 14807 8995 38158
cat_boundaries=0 1 2 3 4
cat_threshold=67057 1152 161809 131080
is_linear=0
shrinkage=0.035


Tree=48
num_leaves=63
num_cat=6
split_feature=24 34 24 46 4 0 1 45 32 40 43 16 23 48 26 14 26 26 49 17 26 23 29 22 14 26 23 26 41 16 16 22 16 18 22 18 32 26 26 22 7 11 24 14 26 18 22 3 0 0 16 45 26 26 22 49 18 0 40 32 16 27
split_gain=5505.99 1256.21 570.84 469.622 428.322 238.41 196.978 189.312 162.969 161.796 119.699 114.621 110.556 125.63 110.372 109.896 162.497 137.962 109.589 93.3472 93.1893 85.5621 80.7168 74.354 73.5771 94.7137 83.2739 72.2174 71.6776 67.3669 62.2467 60.4406 60.8447 60.4337 58.5417 58.4139 58.0158 57.2586 56.6866 56.3013 55.7801 54.7308 53.6389 52.7531 61.5339 52.4639 57.9336 101.796 53.092 51.6182 51.3606 50.4939 50.363 48.8974 48.2542 68.3118 56.3826 47.8743 47.8371 47.1475 49.4552 47.1191
threshold=3.5000000000000004 1.5000000000000002 8.5000000000000018 53.790000000000013 24.670000000000005 21.000000000000043 10502.730000000001 1.1026315789473686 inf 1.0000000180025095e-35 2.5000000000000004 0 0.93301270189221952 10.500000000000002 21.500000000000004 19.500000000000004 314.50000000000006 131.50000000000003 11.500000000000002 10070.100000000002 161.50000000000003 0.68301270189221941 324.00000000000006 8.5000000000000018 20.500000000000004 345.50000000000006 0.68301270189221941 161.50000000000003 1532.3300000000002 1 2 1.5000000000000002 3 335.60583333333341 1.0000000180025095e-35 61.936666666666675 11810.43 39.500000000000007 51.000000000000007 67.500000000000014 0.6515151515151516 204.33500000000004 13.500000000000002 18.000000000000004 314.50000000000006 11770.278500000002 14.500000000000002 40.500000000000007 408.66000000000003 2722.0916666666672 4 1.8708333333333336 223.50000000000003 30.000000000000004 15.500000000000002 14.500000000000002 2206.7400000000002 72.470000000000013 1182.4933333333333 7754.420000000001 5 1142.4800000000002
decision_type=8 2 10 8 10 8 8 10 8 8 2 9 2 2 2 2 2 2 10 8 2 2 2 2 2 2 2 2 8 9 9 2 9 10 2 10 8 2 2 2 10 10 10 2 2 10 2 2 10 10 9 10 2 2 2 10 10 10 10 8 9 10
left_child=1 3 5 8 11 52 14 29 10 -7 -1 35 13 24 -5 -16 17 38 31 23 22 40 -11 30 26 34 28 37 -13 -6 -8 33 -33 -19 -26 -3 50 -12 -17 41 -10 -15 -4 -22 -45 46 47 -34 -48 -31 -9 -40 53 -2 56 -56 -18 -46 -14 60 -36 -32
right_child=2 4 42 6 7 9 19 36 21 20 27 12 58 39 15 16 54 18 -20 -21 43 -23 -24 -25 25 -27 -28 -29 -30 49 61 32 45 -35 59 -37 -38 -39 51 -41 -42 -43 -44 44 57 -47 48 -49 -50 -51 -52 -53 -54 -55 55 -57 -58 -59 -60 -61 -62 -63
leaf_value=-0.020481682751834006 -0.028025862758461941 -0.001085697655236228 -0.024368303455075957 -0.014546531113797154 0.018748774049592656 -0.033190364387415669 -0.020200830429060689 0.010011677681992273 -0.016797964086249898 0.00075010752211069395 -0.01808400345122153 -0.015088787383272616 0.0027575512716462697 0.0029655303607756239 -0.0072166549276515635 -0.001300015766599599 0.01127178327751956 -0.0021222393782047277 -0.01074214369380686 0.0025115328812764944 -0.022091390121601297 0.0054803770587091103 -0.012587112259590614 0.01727093111355494 -0.028358540195282861 0.017919544457289452 0.012654464602186008 -0.014076577171830435 -0.0014399686994629329 0.0064183510639347933 0.013587588899208596 0.017133114127290044 0.00081109446044135317 -0.037270753389817675 -0.0073544513964923343 0.017712084329065299 0.012355188792915636 -0.00022405736678250668 0.010768682244298057 0.021638697514795812 -0.003544789584396343 0.014500093725030822 -0.031286410122106485 -0.012442691880426539 -0.012719940009358019 -0.015829216596640147 -0.0010284550027919034 -0.019765996650551211 0.0077199436269498488 0.02624331105777962 0.00031921379385831854 0.0031539419614273747 -0.02453196180026098 -0.013678476092569178 0.025818725260958353 0.0022061989862958487 -0.017881541385065279 0.0088286907063159763 0.017149871254756057 0.0057549434947111984 0.0030155797126275195 -0.02456388776815098
leaf_weight=1406.6339694783092 359.09168479591608 238.73283596336842 3436.2722239643335 553.7773364558816 7212.9813786000013 327.51960123330355 109.87346015125513 1442.9988716766238 458.78005930036306 1916.564719542861 261.26386147737503 576.29318802058697 373.60016611218452 1096.9920311197639 1642.6343952193856 1249.9842035621405 453.8918651714921 143.10073264688253 1438.999798938632 1361.7152705490589 520.27825051546097 1199.01109328866 781.88604670763016 1830.7552311122417 71.219235524535179 564.16644224524498 418.63436089456081 1345.3612675964832 2569.4415253177285 1012.3588157594204 321.4429197832942 256.6369910761714 1030.694211833179 102.2568396255374 826.07202471792698 1329.4280040636659 3554.6518228948116 1361.3346113935113 2257.5166552439332 476.36540145426989 2534.3799278587103 932.14176750928164 2328.0322941243649 2314.6570232957602 201.5805616825819 242.87071412801743 1716.1419413462281 411.287538215518 1681.9051124677062 190.5773566365242 1254.2831093668938 2023.8062580451369 1835.2233039885759 1551.4201034791768 571.44788982719183 203.69268517941236 98.005068309605122 334.41776220500469 1169.9266847446561 3885.4821079149842 1712.1663205325603 44.288022875785828
leaf_count=12038 4602 1107 53552 2978 33806 5072 508 6165 3757 14302 1873 2690 1610 4850 9026 6295 2163 862 8202 5819 5023 6222 7055 7853 425 2433 1795 9795 11414 4333 1439 1270 5015 841 3672 5716 15000 8373 9758 2056 15613 3951 40259 21179 2097 1276 9188 2157 7371 934 5356 10146 23102 18418 2586 1039 487 2747 4947 16594 7665 188
internal_value=-9.05978e-05 0.00482005 -0.0183722 -0.000505954 0.00969874 -0.0133716 0.00246303 0.0140341 -0.00734907 -0.00926301 -0.012074 0.00578262 0.00480913 0.00377005 0.000793155 0.00134123 0.0023543 0.00112269 -0.00213303 0.00978057 -0.00796658 -0.00241684 -0.00311763 0.0140694 0.00210687 0.00417644 -0.00199187 -0.0080837 -0.00394441 0.0174616 0.00173525 8.671e-05 0.00086857 -0.0168628 0.00298011 0.0147574 0.00941824 -0.00310916 0.00525659 0.0108184 -0.00558112 0.0082688 -0.0271673 -0.0118461 -0.00996913 1.04388e-05 0.000808394 -0.00506761 0.00330267 0.00949944 0.00554459 0.00717073 -0.0203838 -0.0163884 0.013997 0.0196246 0.0060718 0.000715993 0.0136703 0.00333192 -0.000378011 0.00867667
internal_weight=75128.9 59222 15906.9 28313.5 30908.5 10142.6 19746.7 14667.9 8566.76 6396.9 4374.59 16240.7 14672.5 13129 16078.7 15524.9 13882.2 12555.2 7023.89 3668.07 6069.38 4192.17 2698.45 2306.36 10623.5 7059.11 3564.37 2967.96 3145.73 8415.92 475.604 5584.89 5339.54 245.358 6494.94 1568.16 6251.93 1622.6 5531.31 2505.5 2993.16 2029.13 5764.3 3370.93 2850.66 5082.9 4840.03 1441.98 3398.05 1202.94 2697.28 4281.32 3745.74 1910.51 1327.04 775.141 551.897 535.998 1543.53 6423.72 2538.24 365.731
internal_count=488065 290657 197408 154138 136519 103597 96467 65594 57671 57475 32079 70925 64102 57545 80660 77682 68656 62381 36182 15807 52403 25592 21357 9988 46688 30789 15899 20041 14104 39073 2135 27980 26277 1703 28356 6823 26521 10246 26199 10857 19370 8801 93811 31046 26023 25007 23731 7172 16559 5267 11521 19904 46122 23020 6275 3625 2650 4844 6557 27931 11337 1627
cat_boundaries=0 1 2 3 4 5 6
cat_threshold=1200 21928 90369 66665 5576 18432
is_linear=0
shrinkage=0.035


Tree=49
num_leaves=63
num_cat=0
split_feature=24 2 24 13 13 0 15 40 42 47 32 13 19 11 14 43 32 2 29 23 26 14 14 6 29 12 44 22 2 26 0 26 23 26 48 0 19 24 26 43 26 22 17 44 32 49 30 27 0 40 7 14 32 14 18 3 18 0 26 26 18 22
split_gain=5195.51 1199.1 561.23 475.856 316.098 230.36 181.184 157.626 131.136 194.56 115.265 113.272 104.756 89.0353 88.9474 87.6559 84.1206 81.0697 78.507 78.2804 77.1297 95.9187 76.7106 73.5667 71.5193 69.1565 66.0483 64.9803 63.1292 59.2424 57.7909 59.3433 57.6006 57.2147 55.8303 55.5933 58.1558 53.9628 49.4191 48.6018 47.8678 47.6791 55.4889 45.6224 44.0978 49.9664 43.4307 42.0113 45.1451 41.8636 43.6164 41.4567 41.047 40.8382 40.312 50.966 40.0293 39.4775 39.3759 63.0426 39.7436 65.1441
threshold=3.5000000000000004 154.47000000000003 8.5000000000000018 0.82971014492753636 0.48074074074074075 21.000000000000043 0.83415095582296817 1.0000000180025095e-35 3.5000000000000004 11041.500000000002 inf 0.39642857142857152 330.93650000000008 661.47000000000014 18.000000000000004 1.5000000000000002 11810.43 1664.0000000000005 333.50000000000006 -1.0000000180025095e-35 39.500000000000007 19.500000000000004 19.500000000000004 382.73500000000007 324.00000000000006 17.643333333333338 1125.9200000000003 52.500000000000007 1664.0000000000005 131.50000000000003 155.7466666666667 30.000000000000004 -1.0000000180025095e-35 314.50000000000006 2.5000000000000004 185.3333333333332 1081.4133333333334 13.500000000000002 223.50000000000003 6.5000000000000009 30.000000000000004 40.500000000000007 7983.5400000000009 167.22000000000006 330.86000000000007 2.5000000000000004 12.96000000000023 5887.0800000000017 85.44000000000004 1.0000000180025095e-35 0.78888888888888908 20.500000000000004 1654.7400000000005 19.500000000000004 10806.150000000001 47.500000000000007 16040.242500000002 229.20000000000002 131.50000000000003 39.500000000000007 214.79785714285717 13.500000000000002
decision_type=8 10 10 10 10 8 8 8 2 8 8 10 10 10 2 2 8 10 2 2 2 2 2 10 2 10 10 2 10 2 10 2 2 2 2 10 10 10 2 2 2 2 10 8 10 10 10 8 10 10 10 2 10 2 10 2 10 10 2 2 10 2
left_child=1 4 5 11 10 38 13 -7 9 25 15 -3 34 20 -9 -1 18 23 26 43 -5 -22 -18 30 47 -6 39 32 33 -12 -8 -32 -23 58 51 -14 -37 49 40 -13 -2 42 -33 -16 45 -27 -11 48 -21 -4 -51 -10 -34 -17 -15 -56 -29 -46 59 -24 -60 -62
right_child=2 3 37 6 8 7 17 14 12 46 29 16 35 54 19 53 22 -19 -20 24 21 27 28 -25 -26 44 -28 56 -30 -31 31 41 52 -35 -36 36 -38 -39 -40 -41 -42 -43 -44 -45 57 -47 -48 -49 -50 50 -52 -53 -54 -55 55 -57 -58 -59 60 -61 61 -63
leaf_value=-0.024171439406103792 -0.027692704056419853 -0.002536650026974026 -0.034288115091977794 0.0019769770154200745 -0.015970860500226829 -0.032974256845041926 -0.0074570984949601602 -0.021683290859146206 -0.0063241594571023631 -0.01144287307179861 0.0052399324161210197 0.0010243539789634014 -0.011048100145702322 0.021003428515133787 -0.0077956056157902813 -0.029320678055277855 -0.00013752994515257028 0.015035896999700057 -0.010668948363954942 -0.0049047381986765341 0.0039682028875385484 0.0091041266373677859 -0.0017301418959342978 -0.012868874675351383 -0.012260396587215795 -0.0084542614981428146 -0.014092736624818837 0.0217243898258822 0.015900083391164166 -0.0062964493570539064 -0.005806550506461762 0.0069224244739019801 0.019017068695106713 0.01906721631947746 0.010730101470943949 0.007107525726020027 -0.011678874536061361 -0.031048175079453975 -0.02416618809354984 0.0074289626838733606 -0.013348934617419182 0.013237779707360828 -0.028703249778651383 -0.018246847816655639 -0.012734559419129592 -8.894736521640638e-05 0.0053762966691887687 -0.011685231685143615 0.0055598647900531274 -0.026508994646160692 -0.01792087797831211 0.015790137878405532 0.0033973037966192536 -0.0090924196076625219 0.029483723431857258 -0.00073057994788745513 -0.03521777702798716 0.00096482768753493949 0.018616364321432079 0.013228619157282111 -0.0061536729936026617 0.005885879382470394
leaf_weight=661.155308380723 350.85076586902142 2471.3555209860206 427.90978915989399 695.87466284632683 648.21923414617777 318.29742909222841 313.05420832335949 511.69010666012764 443.56127016991377 196.61613913625479 755.25673341751099 2764.5817755460739 543.51548407971859 3210.2089891731739 1464.2377418875694 127.32732882350683 1291.9935116022825 1699.6752417460084 508.47864725440741 801.07049283385277 968.43880228698254 1997.0057073459029 428.74803383648396 232.68555730581284 774.78092887252569 1181.3564478009939 246.00199598819017 1853.6114250719547 1366.4199722930789 1954.6633674576879 357.40749745070934 3216.5032587200403 1935.4819537699223 489.86867358535528 2957.7900021970272 842.00355531275272 264.44090241938829 2264.9141334854066 1798.4655813537538 3055.6592237353325 1534.4094947166741 1960.0997756868601 53.496177852153778 788.03393014520407 1052.049601726234 3361.3601160421968 3924.9587794020772 331.03114246577024 1362.7402587085962 1569.1826434805989 1367.7829901576042 134.49964347481728 231.18859340250492 2699.2084957808256 95.673737853765488 233.59695422649384 14.389358922839163 340.98748657852411 223.00159735232592 1764.0275904387236 694.06389105319977 2648.6020742058754
leaf_count=6220 4602 13527 7374 2902 4710 5072 1343 5023 2115 1038 4771 12591 2576 15488 13616 1082 5871 7586 2297 7153 4169 8798 1885 974 7055 6332 1127 8443 5809 13950 1495 13500 8529 2047 13009 3585 1169 40259 23102 12973 18418 8402 222 7304 6326 18635 17781 2757 9495 25773 20405 586 994 19842 462 1034 59 1649 972 7394 3148 11240
internal_value=-8.93293e-05 0.00466016 -0.0180097 0.00851067 -0.00179341 -0.0130457 0.0123608 -0.00900507 0.000821401 -0.00139148 -0.00849712 0.00442079 0.00538904 0.0152097 -0.00773534 -0.0127037 0.00553152 0.00827302 0.00252812 -0.00643916 0.0130932 0.0141978 0.00774802 0.00639671 -0.00297894 -0.00512436 0.00363589 0.0158393 0.00908581 -0.0030805 0.00715849 0.00797855 0.0133996 0.00759331 0.0087864 -0.00189238 0.00261107 -0.0268546 -0.0200085 0.00438751 -0.0160316 0.00892151 0.006331 -0.0114588 -0.00393737 -0.00226577 0.00457137 -9.27924e-05 0.00168526 -0.0240235 -0.0225169 -0.00116036 0.0173527 -0.0100137 0.0198067 0.00811126 0.0212672 -0.00938294 0.00661409 0.0103043 0.00434247 0.00338492
internal_weight=74775.6 59110.2 15665.4 37021.2 22089 10035.6 19068.4 6351.88 15891.4 10705.5 6197.61 17952.8 5185.81 11235.5 6033.58 3487.69 15481.4 7832.92 6574.72 5521.89 7695.99 7000.12 8906.73 6133.25 3269.62 6583.97 6066.24 6031.68 7614.73 2709.92 5900.56 5587.51 4163.68 6248.31 3535.85 1649.96 1106.44 5629.79 3683.73 5820.24 1885.26 5230.1 3270 2252.27 5935.75 4542.72 4121.57 2494.84 2163.81 3364.88 2936.97 578.061 2166.67 2826.54 3539.48 329.271 1868 1393.04 5758.44 2192.78 3565.67 3342.67
internal_count=488065 290657 197408 165281 125376 103597 84400 57475 79511 56471 45865 80881 23040 50878 52403 27144 67354 33522 28988 47380 33894 30992 38366 25936 26460 37652 26691 26823 32495 18721 24962 23619 18321 26686 15710 7330 4754 93811 46122 25564 23020 22124 13722 20920 32942 24967 18819 19405 16648 53552 46178 2701 9523 20924 16984 1496 8502 7975 24639 9279 15360 14388
is_linear=0
shrinkage=0.035


Tree=50
num_leaves=63
num_cat=4
split_feature=20 2 11 13 42 47 7 46 30 40 15 19 45 26 40 14 14 2 12 16 22 32 2 26 26 26 13 26 16 16 8 18 22 17 26 22 23 13 44 14 39 3 42 46 16 18 26 18 18 47 7 3 41 29 41 18 19 43 8 26 18 40
split_gain=4791.17 918.989 852.125 340.948 325.964 335.109 207.103 201.995 156.387 155.448 147.425 104.199 99.5591 94.4556 92.3773 87.1374 86.954 80.9994 78.8308 75.8343 190.718 80.3049 81.0398 74.2795 70.9649 70.4028 70.1365 67.0224 58.1427 56.7559 56.3535 56.2093 56.0085 70.9005 55.8302 55.3961 69.4193 55.0579 60.7267 54.3714 54.312 53.1978 51.8047 50.5463 49.5155 48.4388 49.175 47.4787 46.0043 45.9206 45.31 45.1463 44.0648 43.8472 43.8398 42.3086 41.8941 41.1336 40.942 47.892 40.4898 52.4026
threshold=1.0000000180025095e-35 303.03000000000009 0.32000000000001427 0.86811594202898557 3.5000000000000004 inf 0.68333333333333346 55.305000000000014 169.69500000000002 1.0000000180025095e-35 1.5486913566710447 1106.22 7.166666666666667 21.500000000000004 1.0000000180025095e-35 18.000000000000004 16.000000000000004 1227.7200000000003 3601.2600000000007 0 8.5000000000000018 11810.43 1664.0000000000005 192.50000000000003 177.00000000000003 21.500000000000004 0.91485507246376818 39.500000000000007 1 2 12.500000000000002 6848.3400000000011 40.500000000000007 7747.0200000000004 39.500000000000007 2.5000000000000004 0.93301270189221952 0.27888888888888896 303.24000000000007 16.000000000000004 101.17000000000003 126.50000000000001 1.5000000000000002 1644.4800000000002 3 1285.0300000000002 91.000000000000014 3805.1250000000005 9502.8600000000006 71.480000000000018 0.84523809523809534 267.50000000000006 1128.2800000000002 333.50000000000006 964.10000000000014 1311.1770833333337 1701.8517857142858 1.5000000000000002 8.5000000000000018 39.500000000000007 61.936666666666675 392.33500000000009
decision_type=8 10 10 10 2 8 10 10 10 10 8 10 10 2 8 2 2 10 10 9 2 8 10 2 2 2 10 2 9 9 2 10 2 10 2 2 2 10 10 2 10 2 2 10 9 10 2 10 10 10 10 2 10 2 10 10 10 2 2 2 10 10
left_child=2 4 6 19 5 8 -1 24 57 -8 13 26 23 -5 -9 -10 -15 18 28 54 45 25 52 34 27 -22 39 -4 56 53 -13 -24 33 49 -11 -7 40 -31 -39 -6 41 44 -17 -32 60 -21 -47 -38 -27 -12 -26 58 -23 -16 -3 -30 -18 -2 -41 -60 -37 -62
right_child=1 3 7 10 11 35 9 14 15 12 32 30 -14 16 29 42 17 -19 -20 20 21 22 31 -25 50 48 -28 -29 55 37 43 -33 -34 -35 -36 36 47 38 -40 51 -42 -43 -44 -45 -46 46 -48 -49 -50 -51 -52 -53 -54 -55 -56 -57 -58 -59 59 -61 61 -63
leaf_value=-0.028011635131193705 -0.022075663547116289 0.016254159496693021 -0.022804400548660817 0.0016578720588794804 -0.014692283723708871 -0.0060215756883964426 -0.03406191365836287 -0.03130169877338243 -0.015869432620752823 -0.020123651252007439 0.0086093252196388897 0.033089620047416363 -0.02293939902536583 0.0008828533376550547 0.0085144104688790728 -0.0071982988437119923 0.019615350187017003 0.020642309399736009 -0.038220754745631712 -0.0024802030319040309 -0.015711617812611229 0.0045000558349185217 0.018545393297992888 -0.017608544903637741 -0.021567740077094204 0.0046357761954136378 0.013242723015760195 -0.0050527379642540827 0.0017436911828027782 -0.0094367705770771176 -0.012820780714953114 0.00056746683748139834 0.013533284870627715 -0.022838944781966374 -0.0047491545661648444 0.00025728963293044195 0.010444716569769143 0.0025711205823104035 -0.0096109372891547539 0.012894151724174376 -0.007355683815922066 0.011352829917563262 -0.0011751860966194669 0.019241977232656058 0.00071527783630634888 0.0027116148478142847 -0.022814920819415628 0.031324313081693922 -0.014089234246803112 -0.0023240095877014801 -0.012088209993010985 0.017402273101775126 0.011163936646940717 -0.022354835604723327 -0.024553096568330726 0.01288488981067331 0.0035341624706476545 -0.011140877219672817 -0.0089759651771310761 0.004967356157791032 0.023009208451452764 -0.024213706053538654
leaf_weight=4122.9612929224968 577.0118258073926 1003.2108428329229 307.25016690790653 570.36066018044949 157.0783971324563 579.66932622343302 646.22788948193192 131.12157316878438 665.46966872364283 357.99767226353288 1767.719395712018 39.744459599256516 1693.6756587810814 428.75274606049061 822.73471403121948 2370.3607543110847 2419.9793566316366 4195.9628044962883 34.065526232123375 1037.2956078648567 235.57692801952362 3526.013791769743 1363.5823667943478 1876.4977714940906 1196.2771595418453 4106.4992649033666 1977.4735717773438 1690.4829942770302 516.91822691261768 1269.5074659883976 561.62522564083338 252.53205730021 1237.3727003782988 110.59320648014545 1496.822957739234 225.99915201961994 762.60471585392952 1949.5594154447317 673.6559389680624 721.48607472330332 491.35358332842588 1159.8505281880498 6670.4976540133357 66.560232907533646 2820.417398288846 125.84066879749298 345.34659479558468 161.32486847043037 166.32009674608707 640.68172174692154 1288.1493890397251 402.14255972206593 1856.2124057263136 59.557152353227139 32.463288903236389 2178.434926867485 216.70652045309544 1577.3202100098133 326.92647370696068 3793.3066333606839 339.69466055929661 30.636530011892319
leaf_count=68281 5046 4313 3157 2406 804 2952 11232 1917 4153 4467 7388 169 25827 1812 5163 14878 10921 20767 151 4666 1082 15067 5801 24000 13638 17667 8248 14686 2171 9322 2493 1103 5358 454 16934 1048 3391 12062 4279 3271 2330 5202 34300 279 13117 567 1813 704 760 2678 11455 1736 7883 434 143 9598 983 11704 1487 16660 1547 140
internal_value=-8.80801e-05 0.00521802 -0.014949 0.0095949 0.000528556 -0.00203722 -0.0219552 -0.00733988 -0.00554985 -0.0178383 0.013396 0.00640564 -0.0158999 0.0155142 -0.00243201 -0.00365564 0.016305 0.0169964 0.0141422 0.00572101 0.0049815 0.00651937 0.008866 -0.0126993 -0.0127103 0.00287556 0.00760406 -0.00779298 0.0144838 -0.00163286 -0.00682446 0.0157383 0.00743786 0.00443951 -0.00772582 0.00430242 0.00530203 -0.00344759 -0.000559768 0.00553748 0.0036919 0.00487934 -0.00275497 -0.00939835 0.00267917 -0.00671297 -0.0160062 0.0141204 0.00390378 0.00570109 -0.0166595 0.00614614 0.00679993 0.00633597 0.0148097 0.0107099 0.0182264 -0.0140785 0.00520783 0.00385909 0.0117423 0.0190479
internal_weight=74429.5 54847 19582.5 28368.4 26478.6 18432.2 10194.2 9388.3 11860.7 6071.22 14317.5 8046.34 5424.99 10561.2 4906.14 9706.33 9990.82 9562.07 5366.1 14050.9 13015.2 11506.7 6998.34 3731.32 4482.16 4508.4 7378.41 1997.73 5332.04 4775.01 667.93 1616.11 3756.37 2518.99 1854.82 6571.55 5991.88 3892.72 2623.22 5400.94 5067.95 4576.6 9040.86 628.185 3416.75 1508.48 471.187 923.93 4272.82 2408.4 2484.43 5243.86 5382.23 882.292 1035.67 2695.35 2636.69 2154.33 4841.72 4120.23 596.33 370.331
internal_count=488065 261211 226854 125552 135659 100512 150741 76113 70081 82460 64687 35147 71228 48809 33177 53331 46403 44591 23824 60865 56409 49363 29854 45401 42936 19509 32206 17843 23673 31260 2941 6904 15878 10520 21401 30431 27479 25663 16341 23958 23384 21054 49178 2772 15852 7046 2380 4095 18427 10066 25093 23154 22950 5597 4456 11769 11904 16750 21418 18147 2735 1687
cat_boundaries=0 1 2 3 4
cat_threshold=1224 1416 197740 1272
is_linear=0
shrinkage=0.035


Tree=51
num_leaves=63
num_cat=4
split_feature=24 4 24 2 2 2 42 47 22 40 14 26 31 41 22 32 18 14 46 3 50 46 2 13 26 26 26 14 22 22 40 26 41 39 37 24 37 16 18 16 16 22 2 18 52 37 26 41 2 41 32 50 16 32 26 46 40 40 0 19 5 18
split_gain=4632.32 1063.19 544.196 360.733 350.575 220.723 191.6 215.249 172.237 160.073 149.897 165.107 177.262 121.37 109.297 104.232 95.5494 92.7745 90.864 87.5761 84.3252 78.2993 72.7773 72.3468 69.4262 74.2837 66.0364 69.0466 64.8856 62.6846 61.6193 61.2014 58.4576 58.2156 57.7308 55.017 54.8785 54.307 52.9868 52.8517 52.6286 64.9526 79.0711 55.8031 51.8561 52.7388 51.607 49.393 48.4151 46.4956 46.4177 46.3636 44.2649 42.792 43.8864 42.4926 46.4258 42.1935 43.7212 42.0756 41.4034 41.1594
threshold=3.5000000000000004 5.8000000000000016 8.5000000000000018 4.830000000000001 1088.5700000000002 2.3500000000000001 4.5000000000000009 inf 1.5000000000000002 1.0000000180025095e-35 19.500000000000004 299.50000000000006 1.5000000000000002 985.13999999999999 38.500000000000007 11810.43 11770.278500000002 18.000000000000004 33.165000000000013 78.500000000000014 1.0000000180025095e-35 42.125000000000007 266.9550000000001 0.53137254901960795 122.00000000000001 39.500000000000007 21.500000000000004 19.500000000000004 8.5000000000000018 21.500000000000004 4470.2433333333338 314.50000000000006 635.60000000000014 61.270000000000003 4.830000000000001 13.500000000000002 6264.9900000000007 0 809.08424242424246 1 2 39.500000000000007 994.86000000000024 4886.8350000000019 3.5000000000000004 inf 177.00000000000003 5319.9000000000005 95.800000000000026 19554.750000000004 7754.420000000001 93.297785568530486 3 0.97500000000000009 314.50000000000006 447.57000000000011 1002.8100000000001 1.0000000180025095e-35 3.3600000000000256 1413.8370000000002 43.933333333333344 4294.5600000000004
decision_type=8 8 10 10 10 8 2 8 2 8 2 2 2 10 2 8 10 2 10 2 10 10 10 10 2 2 2 2 2 2 10 2 8 10 10 10 8 9 10 9 9 2 10 10 2 8 2 8 10 8 8 10 9 10 2 8 10 10 10 10 10 10
left_child=1 3 5 24 6 -2 7 18 13 -7 47 12 15 52 19 23 36 -11 -3 28 34 -13 33 -12 25 -1 -8 -28 38 -21 -24 37 -30 53 -9 57 -16 59 -6 48 -17 42 43 -42 45 -20 -47 -10 -25 -43 -39 -34 -5 54 -19 -14 -57 -4 -59 60 -29 -52
right_child=2 4 35 8 14 9 26 20 10 17 11 21 55 -15 16 40 -18 22 44 29 -22 -23 30 39 -26 -27 27 31 32 -31 -32 -33 51 -35 -36 -37 -38 50 -40 -41 41 49 -44 -45 -46 46 -48 -49 -50 -51 61 -53 -54 -55 -56 56 -58 58 -60 -61 -62 -63
leaf_value=-0.01998792155622028 -0.020180381223534192 -0.0066941349389786605 -0.033960425690895572 0.0069915028139444927 0.010835770612043058 -0.032306324718667914 -0.0036159693567058932 0.00075882581425707808 -0.016070759341718577 -0.021329466694830195 -0.0078903289534352269 -0.0011152602746089138 0.0063627402562782499 -0.033520859954311241 0.017404455376960608 0.013406377801591039 -0.004262140575133376 -0.0031204106160757496 -0.0073811929221185828 -0.013179009127362641 0.013161130248474323 0.013678745980696457 0.0037331951728290492 -0.0041279977723230957 -0.013839233442482323 -0.00084026005437368384 0.0030730016514095835 0.013906866683386967 0.0022992885422923534 0.0072416872260759541 -0.013604294164972068 0.0240058315435728 0.013736597207719144 -0.016768588587120534 0.010965340047686739 -0.030601614998455765 0.026722426596242639 0.0034190733195441888 -0.0075927646260149596 -0.0058885290113274086 -0.0016525138995542755 0.010937734507883538 0.0079101866222998397 -0.016308169578847682 0.0039909888510753907 0.021653610438772189 -0.0034307885842293235 -0.0038577074613528454 0.0057354813233646924 0.0025473957675128706 0.0084058959413401586 0.022206213566340834 -0.0097171792655976839 -0.0097262451127902386 0.027073078810740239 0.0024132284374380562 0.019799885528885033 -0.027491169831023031 -0.018445572501833412 0.0018982476292502672 0.024105527587288917 0.02329498156919306
leaf_weight=305.58824776858091 3072.5884506702423 1581.5418197438121 403.75670161470771 241.98334225267172 628.6194579154253 338.00470252335072 326.83090779185295 1660.0684151649475 526.03054837137461 552.06066070497036 2488.7067256569862 546.57359908521175 1481.8163716048002 239.95598383247852 2067.9294242858887 511.59589086472988 195.11327993869781 1281.32827475667 1075.4192176014185 245.20985400676727 3346.1464570611715 2207.3849403113127 1228.9639272913337 909.83337887376547 2460.0871157497168 1303.7155159190297 812.31785669922829 1233.6198800206184 358.22471496462822 729.63608069717884 314.54381309449673 660.56600517034531 1951.7399924248457 866.46898712962866 1147.7633975595236 2152.6571995019913 1249.254988104105 1097.7471593171358 273.60119220614433 1385.1271953135729 3473.9958161637187 1265.3335848599672 1033.7308738976717 349.39893615990877 5982.621367752552 175.51504416763783 232.67711393535137 1765.9721083268523 1842.9631503224373 2243.0461828708649 619.17258162796497 1342.3756914585829 879.31979131698608 2111.9502862244844 60.817390471696854 247.97967904806137 782.50143814086914 1049.8866938054562 1776.1361968256533 221.38468757271767 813.44772370159626 360.33442343771458
leaf_count=2480 40022 8995 7374 1234 2739 5607 1345 7037 3091 5721 15462 3270 6798 1907 9876 2572 827 11454 4676 1065 14338 10049 8790 4845 20088 8475 3469 5219 1553 3294 2613 2891 8652 8161 4804 40259 6174 4663 1184 6647 16938 5831 4521 1850 26588 740 1001 9384 7944 10850 2647 6501 5540 20652 577 1055 3299 18121 28057 998 3656 1595
internal_value=-8.6764e-05 0.00436112 -0.0173057 -0.000495968 0.008915 -0.0124038 0.00646792 0.00435917 0.00111168 -0.00886357 0.00182594 0.00276337 0.00154302 -0.0109815 0.0146911 0.000145236 0.0195209 -0.00762375 0.000924109 0.0116203 0.00940853 0.0107433 -0.00633004 -0.00317604 -0.0101425 -0.00448634 0.0116827 0.0125425 0.0136577 0.00209688 0.000193553 0.0140781 0.0157339 -0.00866008 0.00493338 -0.0262512 0.0209206 0.0125639 0.00524504 -0.000339469 0.0026246 0.00194537 -0.000673496 -0.00299573 0.00253853 -0.00331721 0.0073816 -0.00666647 0.00246621 0.00557571 0.00832613 0.0171937 -0.00613262 -0.00662178 -0.0017331 0.0101655 0.0156223 -0.023343 -0.0218146 0.0163305 0.0179693 0.0139014
internal_weight=74090.7 58881.5 15209.2 28492.6 30388.9 9826.73 21347.2 15201.8 24423.2 6754.14 23062 20770 18016 1361.26 9041.7 15503.7 3512.3 6416.13 9047.77 5529.41 6153.98 2753.96 5864.07 6626.63 4069.39 1609.3 6145.42 5818.59 4554.56 974.846 1543.51 5006.27 3652.34 4320.56 2807.83 5382.44 3317.18 4345.71 902.221 4137.92 8877.1 8365.51 4857.13 3823.39 7466.23 1483.61 408.192 2292 2752.8 3508.38 2077.25 3294.12 1121.3 3454.1 1342.15 2512.3 1030.48 3229.78 2826.02 2268.45 2047.07 979.507
internal_count=488065 290657 197408 154130 136527 103597 94662 68179 123087 63575 114406 101931 88612 8681 41865 77460 16877 57968 42000 24988 26179 13319 52247 34898 31043 10955 26483 25138 20629 4359 11403 21669 16706 40844 11841 93811 16050 18778 3923 19436 42562 39990 23309 18788 33005 6417 1741 12475 12789 16681 8905 15153 6774 32683 12031 11152 4354 53552 46178 9873 8875 4242
cat_boundaries=0 1 2 3 4
cat_threshold=424 136584 66682 1032
is_linear=0
shrinkage=0.035


Tree=52
num_leaves=63
num_cat=6
split_feature=24 34 2 2 24 32 14 13 2 26 43 23 42 47 40 42 41 23 27 3 26 29 3 26 16 27 2 7 8 26 14 23 24 19 16 47 48 48 46 27 16 19 37 8 44 1 16 14 18 3 26 27 41 37 40 0 23 3 40 16 14 16
split_gain=4386.11 1174.4 466.769 349.042 335.442 250.677 162.348 152.689 146.425 138.344 126.674 120.241 115.513 138.79 110.123 109.853 104.437 102.687 92.3787 89.0438 82.9225 144.594 99.0076 74.7841 72.7117 71.9158 71.2394 65.9302 70.3331 60.6909 66.8951 56.2462 55.2259 53.4824 52.347 58.7577 50.3819 55.5179 49.4875 49.4132 48.5856 48.5342 48.0134 47.9459 47.743 51.083 47.5171 47.8262 45.7659 44.9295 44.8975 42.8407 42.6792 42.8544 42.2618 43.3151 40.9033 40.6166 40.146 39.7951 39.6741 38.5753
threshold=4.5000000000000009 1.5000000000000002 17.320000000000004 626.8950000000001 8.5000000000000018 11810.43 19.500000000000004 0.95553359683794481 1.8900000000000001 314.50000000000006 2.5000000000000004 0.68301270189221941 5.5000000000000009 inf 1.0000000180025095e-35 3.5000000000000004 inf 0.93301270189221952 1.0000000180025095e-35 30.500000000000004 131.50000000000003 272.50000000000006 53.500000000000007 192.50000000000003 0 144.04500000000004 661.81000000000006 0.59166666666666679 14.500000000000002 21.500000000000004 19.500000000000004 0.68301270189221941 13.500000000000002 1081.4133333333334 1 5326.0000000000009 1.5000000000000002 10.500000000000002 50.890000000000008 13109.220000000003 2 1217.0850000000003 2354.7400000000002 15.500000000000002 303.24000000000007 7228.6250000000009 3 19.500000000000004 3625.7600000000007 43.500000000000007 21.500000000000004 914.13000000000011 3503.4900000000002 5900.7600000000002 1.0000000180025095e-35 3.3600000000000256 0.93301270189221952 158.50000000000003 9705.840000000002 4 16.000000000000004 5
decision_type=8 2 10 10 10 8 2 10 8 2 2 2 2 8 8 2 8 2 10 2 2 2 2 2 9 10 10 10 2 2 2 2 10 10 9 8 2 2 10 10 9 10 8 2 10 8 9 2 10 2 2 10 8 10 10 10 2 2 10 9 2 9
left_child=1 2 17 12 8 10 -7 60 -2 11 16 18 13 15 -10 -3 -4 27 -8 34 21 51 40 50 -20 -24 44 -1 -29 -9 -31 -23 54 46 -13 -36 38 -38 -27 48 -22 -14 -32 -35 45 57 47 -17 -21 -25 -16 -12 53 -11 -6 -56 -43 -26 59 -15 -5 -50
right_child=4 3 5 7 32 6 9 29 14 52 20 19 41 58 23 33 -18 -19 24 39 22 31 25 49 26 36 -28 28 -30 30 42 -33 -34 43 35 -37 37 -39 -40 -41 -42 56 -44 -45 -46 -47 -48 -49 61 -51 -52 -53 -54 -55 55 -57 -58 -59 -60 -61 -62 -63
leaf_value=-0.019172210459321135 -0.021426177767701084 -0.002023939549406262 -0.016149223994017702 -0.0020434739523172243 -0.033790759231675654 -0.0058369037653266988 -0.022894012217339121 0.0029754305404557204 -0.032035481700690885 0.013583710357548394 0.0020636732726978342 0.0064480995046437501 0.014692857435103153 0.013226088827554817 -0.020914762329015638 -0.0017654141717481906 0.0028711105330775913 0.00058090961336689862 0.015156641159691248 0.010123421407841955 0.015551589622895479 -0.016639678846747254 -0.040037257313927342 -0.0052517848912647259 -0.002939698526204034 -0.017164517065402011 0.0062891110826709231 -0.0066279217096252346 -0.016412840799647978 0.0088188493692190548 0.014070747450065474 -0.00062401528121063497 -0.030359197777699402 0.010673766242598316 0.022309539219032445 -0.012262204802103372 -0.013136193376062236 0.00043140593793981918 0.015454439203001394 -0.0050417440427206386 -0.00096299708231251471 -0.0079314926964971829 0.021262588809760209 -0.0080494068246462977 -0.012935230248711311 0.010318239047560593 0.0024542614037620335 0.010007057335646071 0.020879501598464148 -0.017124540758333216 -0.003401912298810207 0.016292166564500891 0.027057805900394007 -0.038257994642435185 -0.027188725934329173 -0.018090851673485741 0.02225368642067321 0.0056958816427485843 -0.0022432351099053575 0.0024924460587012537 0.0097547226549903193 -0.0095923573199003815
leaf_weight=1067.9792151600122 2298.8333874568343 4314.5729922503233 1450.9932173378766 369.74254581332207 391.7978223413229 1877.3055189922452 181.13590775430202 376.14545799791813 275.58951769769192 370.91418639943004 369.88970888033509 1037.2773406803608 1967.511611148715 2661.7294305413961 195.17144121974707 482.05715546011925 467.13347753882408 1049.4173776134849 495.35739544034004 1759.1872670836747 287.41530494391918 309.64912966638803 88.18336371332407 525.51386332139373 3394.3633397519588 79.208289884030819 2505.9539382904768 3104.8119447529316 1267.8157050013542 935.03885699808598 1673.272414624691 1986.1518826931715 2094.9317555166781 225.63815586268902 69.15197079628706 426.76634877920151 1545.501635350287 485.34062086045742 196.11339315026999 186.160729393363 814.00123626738787 223.1575580239296 3612.2647718340158 641.98884069919586 373.91843970865011 525.51407749950886 2689.9265911728144 3418.2484086453915 974.05667824298143 1531.1920172721148 2098.0387124940753 867.9446379840374 412.98395105451345 19.664902843534946 1024.8660553917289 1748.0995057150722 71.870813012123108 829.40318074077368 282.94292008876801 525.91708101332188 6173.6120562553406 52.057510785758495
leaf_count=11074 31567 20511 9809 1613 7374 10524 1625 1610 4758 1697 1834 4596 8417 11245 2081 2151 2522 6470 2577 7822 1436 1896 890 5550 17888 504 11191 24580 10636 4365 7977 9939 40259 939 325 1867 8971 2560 948 819 4546 967 17968 2714 2008 2204 11503 14470 4345 16501 18391 4116 1961 97 18121 28057 320 4365 1206 2260 26283 245
internal_value=-8.53155e-05 0.00371138 -0.00110011 0.0085672 -0.0192714 0.00111573 0.00380964 0.0128784 -0.0142064 0.00514019 -0.00354822 0.00425563 0.00533054 0.00423462 -0.0106144 0.00242084 -0.011518 -0.00944295 0.00175798 0.00885935 -0.00137216 0.00240853 -0.0051934 -0.0092502 0.00231035 -0.00918717 0.0014526 -0.0113762 -0.0094681 0.0166364 0.0174619 -0.00279045 -0.0259354 0.00499218 0.00200698 -0.00726014 -0.00799067 -0.00989513 0.00604202 0.0123931 0.00348902 0.0127088 0.0189889 -0.00317351 -0.000911055 3.81518e-05 0.00606755 0.0085301 0.0135598 -0.0140949 -0.00490087 0.0120455 0.019219 0.0108825 -0.0229984 -0.0214619 -0.000527854 -0.00124302 0.0103846 0.0115058 0.00908784 0.0194356
internal_weight=73758.4 61574.4 30928.7 30645.6 12184 24438.7 15491.2 13140.1 6924.34 13613.9 8947.53 12810.3 17505.6 15243 4625.51 11772.4 1918.13 6490.02 8305.65 4504.66 7029.4 3533.64 3495.76 4349.92 8124.51 2394.35 7629.15 5440.61 4372.63 6596.72 6220.58 2295.8 5259.7 7457.86 1533.2 495.918 2306.16 2030.84 275.322 2971.46 1101.42 2262.54 5285.54 867.627 5123.2 4749.28 6590.23 3900.31 2785.3 2056.71 2293.21 1237.83 803.563 390.579 3164.76 2772.97 295.028 4223.77 3470.59 3187.65 6543.35 1026.11
internal_count=488065 315406 178887 136519 172659 126127 76156 59816 78848 65632 49971 61877 76703 66999 47281 52288 12331 52760 41858 20019 37640 17785 19855 42523 40233 13873 37656 46290 35216 31920 30310 11835 93811 31777 6788 2192 12983 11531 1452 13231 5982 9704 25945 3653 26465 24457 28124 16621 12412 22051 20472 5950 3755 1794 53552 46178 1287 22253 14711 13505 27896 4590
cat_boundaries=0 1 2 3 4 5 6
cat_threshold=66664 138929 17672 1528 148968 16640
is_linear=0
shrinkage=0.035


Tree=53
num_leaves=63
num_cat=4
split_feature=24 4 46 2 24 42 47 23 22 26 26 26 2 22 46 18 2 3 16 22 3 17 47 40 32 48 3 26 12 16 33 26 22 21 14 43 24 42 18 22 0 17 37 26 32 2 19 26 32 44 27 40 16 3 40 0 16 17 14 48 14 26
split_gain=4145.53 1132.31 368.985 359.099 330.425 190.794 201.67 155.42 166.807 143.248 136.848 126.638 117.173 102.537 93.1203 89.6779 87.6189 84.5024 83.8147 79.4161 79.1019 78.2502 76.9279 73.5548 72.2172 71.2306 69.4429 70.8587 64.4795 61.3124 72.5219 61.4584 59.9256 59.7834 57.0898 55.8387 55.4012 55.1973 55.052 56.1099 53.4425 53.3332 51.4435 48.1711 46.4117 46.3192 52.301 45.7052 56.7021 43.6924 43.4085 43.1488 42.558 44.3068 42.3098 42.8837 42.2122 41.1942 40.3768 40.3496 38.9354 65.9767
threshold=4.5000000000000009 1.9500000000000002 52.245000000000005 1088.5700000000002 8.5000000000000018 4.5000000000000009 inf 0.93301270189221952 1.0000000180025095e-35 223.50000000000003 161.50000000000003 39.500000000000007 234.12000000000003 38.500000000000007 7.2250000000000005 11770.278500000002 2.8400000000000003 13.500000000000002 0 8.5000000000000018 84.500000000000014 11762.380000000003 877.84000000000015 1.0000000180025095e-35 3447.2350000000006 11.500000000000002 268.50000000000006 39.500000000000007 3925.3400000000006 1 8.5000000000000018 223.50000000000003 21.500000000000004 46.105000000000011 19.500000000000004 3.5000000000000004 13.500000000000002 1.5000000000000002 7068.8100000000013 59.500000000000007 123.61333333333336 1716.8000000000004 6264.9900000000007 21.500000000000004 443.61000000000007 1227.7200000000003 2312.9250000000006 314.50000000000006 1568.7200000000003 36.195000000000007 28.420000000000002 2893.9866666666671 2 192.50000000000003 1.0000000180025095e-35 3.3600000000000256 3 10269.270000000002 19.500000000000004 3.5000000000000004 19.500000000000004 314.50000000000006
decision_type=8 8 8 10 10 2 8 2 2 2 2 2 10 2 10 10 8 2 9 2 2 8 10 10 8 2 2 2 10 9 2 2 2 10 2 2 10 2 10 2 10 10 8 2 10 10 10 2 10 10 10 10 9 2 10 10 9 10 2 2 2 2
left_child=1 2 10 5 9 6 14 8 17 16 11 -1 22 20 -3 42 -2 -4 -14 51 33 29 25 -11 -12 37 27 -7 34 -8 31 -31 -22 57 -29 59 54 49 43 -40 -25 -9 -15 -21 50 46 60 48 -36 -10 -13 -20 -26 -54 -6 -56 -39 -5 -32 -16 -45 -62
right_child=4 3 7 13 36 26 21 41 12 23 24 44 18 15 35 -17 -18 -19 19 38 32 -23 -24 40 52 -27 -28 28 -30 30 58 -33 -34 -35 47 -37 -38 56 39 -41 -42 -43 -44 45 -46 -47 -48 -49 -50 -51 -52 -53 53 -55 55 -57 -58 -59 -60 -61 61 -63
leaf_value=-0.018849973783587066 -0.017158854073260045 -0.0092109521394237222 -0.0046182466488947421 0.0095761738030500452 -0.033620986305690388 -0.0015176411853398729 -6.5077832790577195e-05 0.0039131077045684876 -0.0025029957710967468 -0.035972490611400149 -0.016272962724019922 -0.0090389834114558351 0.016003339240643538 0.016383471984967139 -0.0089721298126576692 -0.0045834037867397721 -0.0057850383282330841 -0.033405941632220229 -0.0036879238331701974 -0.010366604933076649 -0.014891943756779012 0.00035053616620578181 -0.013663355405876603 -0.020646315255436271 0.0066546508124868953 0.011058144836290109 0.023064417325062481 0.002748187393858118 -0.048445073689232072 0.01038278032229192 0.006138353213406088 -0.0059847908404078035 0.0063663745464664695 0.016761808632332974 0.012566772879402385 0.0038140783143875492 -0.030115057041736892 -0.0054634633602733016 -0.012226245523625986 0.0059334812646002653 -0.0093738598067054802 0.014035550595380088 0.025347131182431891 -0.0046343901328320565 -0.010831761385993446 0.010820919188554766 -0.014879601715703572 0.021326781405905965 -0.00067609484701602266 -0.012615736528951071 0.0028293569633977451 -0.023281432677081711 -0.011265652334989471 0.0034721935850312966 -0.026884671329616191 -0.017738187593847415 0.0023511808490618755 -0.02131801165517799 0.022956463687052731 0.00020452623077680707 0.0037541872401684806 0.017109693473635321
leaf_weight=534.59100580587983 1213.6652377806604 1047.4487180486321 233.15846320986748 2517.2059548646212 380.20393629744649 633.16675253212452 669.50343468040228 1257.8715358711779 1096.4213966876268 302.02332864329219 2300.3935737721622 442.77883318066597 565.17039730399847 2114.3026079237461 740.71309570223093 196.2531763613224 2623.7211779654026 268.95810921117663 940.10211650282145 249.73556294292212 214.80129593610764 1251.7353141158819 734.73472282290459 2009.4864257276058 231.39929949119687 492.8113836273551 505.6790859401226 865.73698079586029 21.442817345261574 3846.1892731264234 221.99224661290646 302.54018267989159 655.96230529248714 2236.9681739211082 3845.1647336184978 6066.636737935245 2038.9969444163144 1259.8205395415425 506.51372209191322 352.87783332169056 696.22099661827087 1294.3326873630285 1257.7992164641619 521.62321388721466 464.16418022662401 1419.2306145355105 179.49451945722103 627.07602272927761 441.42693561315536 1001.4381443038583 2527.5178091824055 160.43169979006052 1691.5227401554585 292.69097158312798 1000.6227222681046 1720.9599966555834 2526.6804645061493 53.092140644788742 838.81262311339378 2812.9715047031641 3395.7740483880043 522.08774810284376
leaf_count=4403 16444 6575 1715 10885 7374 2627 2896 5878 6911 5190 20371 3207 2490 10173 3784 833 24537 2607 4532 1243 935 5318 3979 25986 1681 2730 2231 3703 93 16388 936 1286 2968 10776 16626 26769 40259 7037 2620 1616 6691 5733 6306 2675 2905 6229 779 2738 1913 7032 16539 864 12857 2024 18121 28057 13333 220 3619 13195 15349 2274
internal_value=-8.37578e-05 0.00358901 -0.00169602 0.00785999 -0.0189119 0.00566003 0.00374036 0.00101658 -0.000232038 -0.0138723 -0.00776293 -0.00302053 0.000394807 0.0137446 0.000694177 0.0183952 -0.00938581 -0.0200741 0.0030916 0.00218297 0.0108192 0.00829677 -0.00294701 -0.0195914 -0.0119294 -0.0017104 0.0105822 0.00959778 0.0108111 0.00998829 0.0112586 0.00918804 0.00111127 0.0125771 0.0110393 0.00177348 -0.0256183 -0.00278146 0.0035334 -0.00477139 -0.0177503 0.00905012 0.0197335 0.00466902 -0.000551826 0.00529249 0.00359185 0.0124992 0.0112032 -0.00733414 0.00105771 -0.00656273 -0.00741426 -0.00904546 -0.0226536 -0.0211096 -0.000257831 0.00892998 0.0194461 -0.0017102 0.00434186 0.00553783
internal_weight=73434.8 61448.9 27464.3 33984.6 11985.9 24738.2 17798.5 18979.3 16427.1 6845.12 8485.06 3969.05 15924.9 9246.38 10667.8 3568.36 3837.39 502.117 8813.04 8247.87 5678.03 7130.77 7111.91 3007.73 4516.01 6377.17 6939.69 6434.01 5800.85 5879.04 5209.53 4148.73 870.764 4807.27 5779.4 9620.32 5140.78 5884.36 7147.34 859.392 2705.71 2552.2 3372.1 6287.95 3434.46 6038.21 4618.98 4913.67 4286.59 2097.86 2970.3 1100.53 2215.61 1984.21 3101.79 2721.58 3786.5 2570.3 1060.8 3553.68 4439.49 3917.86
internal_count=488065 315406 161613 153793 172659 110697 80766 97626 86015 78848 63987 27054 81693 43096 50323 17312 40981 4322 40671 38181 25784 30443 41022 37867 36933 37043 29931 27700 25073 25125 22229 17674 3903 21881 24980 43748 93811 34313 32785 4236 32677 11611 16479 28549 22651 27306 21077 21277 18539 13943 19746 5396 16562 14881 53552 46178 20370 11105 4555 16979 20298 17623
cat_boundaries=0 1 2 3 4
cat_threshold=1160 10245 114 22533
is_linear=0
shrinkage=0.035


Tree=54
num_leaves=63
num_cat=0
split_feature=24 4 46 0 24 0 46 23 22 26 26 26 40 14 29 26 48 22 32 22 18 3 26 48 26 29 3 22 14 19 32 48 37 0 32 18 29 17 22 37 23 36 23 14 3 17 22 39 18 22 21 32 32 48 1 22 46 18 32 30 41 3
split_gain=3917.19 1056.79 345.996 339.665 325.494 157.795 150.248 137.747 152.911 137.527 133.053 128.137 116.742 116.275 146.566 129.854 109.239 93.561 88.259 80.1213 79.8193 78.4237 76.8232 74.4615 106.232 135.201 108.513 144.793 88.8434 73.0984 71.8849 71.3648 68.6726 66.2765 61.642 61.3413 54.3286 54.1076 56.0671 52.0105 51.6077 51.4763 47.9572 57.978 50.3172 46.5012 45.841 45.3573 43.691 62.7489 45.4566 42.7583 42.754 41.0098 40.8741 39.4183 39.0935 38.7728 38.6132 38.4082 38.1829 38.1822
threshold=4.5000000000000009 1.9500000000000002 66.245000000000019 854.91666666666686 9.5000000000000018 19.521666666666672 35.330000000000013 0.93301270189221952 1.0000000180025095e-35 161.50000000000003 39.500000000000007 39.500000000000007 1.0000000180025095e-35 18.000000000000004 84.500000000000014 131.50000000000003 10.500000000000002 45.500000000000007 3447.2350000000006 72.500000000000014 16040.242500000002 13.500000000000002 192.50000000000003 1.5000000000000002 131.50000000000003 272.50000000000006 47.500000000000007 16.500000000000004 20.500000000000004 1035.1500000000003 inf 2.5000000000000004 783.05500000000006 2722.0916666666672 inf 4822.2750000000005 324.00000000000006 13483.800000000001 29.500000000000004 15465.870000000001 -0.6830127018922193 inf 0.93301270189221952 20.500000000000004 163.50000000000003 1716.8000000000004 25.500000000000004 108.08000000000001 425.86750000000001 15.500000000000002 32.435000000000009 588.79000000000008 1226.97 10.500000000000002 65.54500000000003 5.5000000000000009 6.7350000000000012 16040.242500000002 inf 8276.4000000000015 2919.4200000000005 41.500000000000007
decision_type=8 8 8 10 10 8 8 2 2 2 2 2 8 2 2 2 2 2 8 2 10 2 2 2 2 2 2 2 2 10 8 2 10 10 8 10 2 10 2 10 2 8 2 2 2 10 2 10 10 2 10 10 10 2 8 2 10 10 8 10 8 2
left_child=1 2 9 6 5 41 31 8 21 10 -1 35 -7 -13 19 37 23 33 53 -15 47 -4 36 28 25 32 -26 -28 -10 39 -29 -3 -25 42 -27 -8 -14 38 58 48 -33 -2 43 60 -45 -9 -6 59 -17 -50 51 -51 55 -11 -18 -12 -20 -32 -16 -19 -5 -24
right_child=4 3 7 17 46 12 11 45 16 18 52 13 22 14 15 29 54 20 56 -21 -22 -23 61 24 26 34 27 30 -30 -31 57 40 -34 -35 -36 -37 -38 -39 -40 -41 -42 -43 -44 44 -46 -47 -48 -49 49 50 -52 -53 -54 -55 -56 -57 -58 -59 -60 -61 -62 -63
leaf_value=-0.018216876977532825 -0.021396829568296739 -0.01360920907974016 -0.0040808929074007778 -0.0025692232425521917 -0.029222505699958417 -0.032110805567007766 -0.0041295573210362009 0.003951584188062073 -0.0030749920799964586 -0.018593524208079547 -0.0056960459818552068 -0.00201610639689143 -0.0010321026685174077 0.012799773149336042 0.0025914871206046963 0.010875489309850489 -0.0061661656456150149 0.019089349769691937 -0.013020683451848645 0.028357055522767738 -0.0059226465571704297 -0.032887587795817345 -0.0050324382846080118 0.0031683406854054181 0.0019807021591269048 -0.0073273913397400988 -0.024023068546990177 -0.011207016985873296 0.015453136591594686 -0.013301208075562903 -0.00018738829817363146 -0.0077514947637423587 0.01675440868230494 0.016327612244129985 0.0033910632868875928 0.010281491951443617 -0.013165635964222936 -0.014706887044232207 0.015476987733815641 -0.024762871531790274 0.0029974256982760604 0.00094948326304589994 0.019143912913949429 0.011041220463554576 -0.011989910637944655 0.013624373418001424 -0.021601504782329615 0.022874540928302357 -0.0058565181016079944 0.0039545283647087585 0.009927886852148864 -0.0090301805256003103 -0.015934609353997119 -0.0086058672463688122 0.0080800532847439856 0.0027705589038317844 -0.0035929259173955348 -0.01905953800321938 0.011497584510440226 0.0089750668688643644 0.0071021612682388375 -0.016392166377443115
leaf_weight=576.18284697458148 2902.5109319128096 511.56685590744019 213.57529448345304 858.70057027041912 2628.6070999577641 277.06981656327844 1883.3159649446607 1182.8024471774697 574.68540924787521 1765.7970484271646 893.26433802396059 1457.8373154178262 1670.2371575087309 2329.4608521685004 1002.3884490281343 1155.725385800004 271.75271345674992 1060.7597824335098 773.16563403606415 491.41372264921665 174.24186174571514 252.63593281805515 476.3445841781795 951.74126821011305 2046.4729704558849 1512.1210059225559 581.9780138283968 1509.5124973505735 705.33569642901421 298.64458148181438 2140.6825291290879 711.79413363337517 874.56858264654875 1779.8089369237423 1161.2527446523309 446.82687220722437 618.90605871751904 97.208554238080978 2315.2718096077442 73.296354725956917 2353.8609307184815 131.93409766256809 495.86287496984005 3764.4948260039091 119.11878095567226 1256.1368461698294 1558.2937756516039 1504.1466322541237 771.99174143373966 2923.8748564720154 1503.7226730436087 346.6326435431838 199.16511016339064 708.2603769376874 2607.4831243231893 2729.2810276001692 1776.252145010978 141.21993864327669 1473.8071552440524 817.00015532970428 1194.9708264172077 1530.4532527513802
leaf_count=4735 42358 3002 1564 3713 50841 5178 8187 5481 3128 15440 6148 6637 14550 10084 4368 5077 1741 4887 6831 2159 731 2514 5114 4512 10530 7952 3359 8604 3351 1285 10684 3852 4041 8537 5425 1910 6592 412 9986 317 11833 1329 2196 16867 525 5524 29664 7654 3350 12680 6563 1544 1236 6355 12428 17418 11867 745 6199 3852 5386 17033
internal_value=-8.23786e-05 0.00347049 -0.00164098 0.00760045 -0.0185537 -0.0142369 0.00504691 0.00120549 -8.03598e-06 -0.007074 -0.00255369 0.00631203 -0.0101271 0.00741317 0.00834309 0.00664978 0.000602939 0.0124052 -0.0110301 0.015519 0.017149 -0.019728 -0.0087021 -0.000844439 -0.00178082 0.00234237 -0.00467068 -0.00778285 0.00713874 0.00361752 -0.00528431 -0.00152096 0.00967994 0.0103493 -0.00267201 -0.00136288 -0.00431691 0.0110358 0.011561 0.00436513 0.000499991 -0.0204252 0.00869308 0.00781718 0.0103319 0.00893694 -0.0263919 0.0183391 0.00468733 0.00339611 0.00489317 0.00257597 -0.000188065 -0.0157389 0.00673377 0.000681828 -0.00645608 -0.00136316 0.00789481 0.0146958 0.00305899 -0.0136996
internal_weight=73117.4 61323.1 27405.3 33917.7 11794.4 7607.46 22148.6 17984 15545 9421.37 4397.89 18571.4 4573.01 16241.3 14783.4 11962.6 15078.8 11769.1 5023.48 2820.87 3556.15 466.211 4295.94 12199.6 10919.5 4499.68 6419.87 4373.39 1280.02 7073.89 3791.41 3577.22 1826.31 8212.96 2673.37 2330.14 2289.14 4888.68 4791.47 6775.24 3065.66 3034.45 6433.15 5937.29 3883.61 2438.94 4186.9 3381.91 6701.95 5546.22 4774.23 3270.51 3821.71 2474.06 2879.24 3622.55 2549.42 2281.9 2476.2 1877.76 2053.67 2006.8
internal_count=488065 315406 161613 153793 172659 92154 99445 91583 80578 70030 29537 80758 48467 70661 64024 51781 76500 54348 40493 12243 17124 4078 43289 62331 55852 21930 33922 23392 6479 30816 20033 18687 8553 37224 13377 10097 21142 20965 20553 29531 15685 43687 28687 26491 17392 11005 80505 16393 29214 24137 20787 14224 24802 21795 14169 23566 18698 11429 10567 8739 9099 22147
is_linear=0
shrinkage=0.035


Tree=55
num_leaves=63
num_cat=6
split_feature=24 2 13 24 46 2 2 8 16 13 40 42 23 32 19 14 29 26 26 16 22 22 32 43 41 44 16 26 46 16 18 2 26 27 18 8 32 29 24 26 40 14 50 3 44 47 16 37 16 18 4 26 22 0 26 40 7 3 22 23 18 41
split_gain=3700.71 995.595 431.665 320.637 215 170.716 137.227 130.618 126.857 122.46 106.326 92.5728 92.5401 83.9868 79.4496 77.7945 77.6016 83.5486 103.543 81.7481 135.99 74.3747 89.2663 73.799 68.2288 67.3969 75.8524 65.6492 65.1803 63.8366 62.6843 70.8044 61.1264 60.1662 76.1521 59.692 59.1759 61.6245 56.4507 56.0355 60.5698 59.1946 54.0763 48.3288 47.2294 50.3082 46.9814 46.8363 46.6973 45.2002 45.5395 44.8899 44.1319 43.951 43.166 42.9056 43.323 42.5709 46.6011 42.4609 48.0915 42.3182
threshold=4.5000000000000009 95.800000000000026 0.7958333333333335 8.5000000000000018 4.330000000000001 1227.7200000000003 0.7350000000000001 13.500000000000002 0 0.36939571150097467 1.0000000180025095e-35 3.5000000000000004 0.93301270189221952 433.00000000000006 1701.8517857142858 16.000000000000004 84.500000000000014 131.50000000000003 39.500000000000007 1 5.5000000000000009 15.500000000000002 7754.420000000001 10.500000000000002 3168.6250000000005 67.850000000000009 2 192.50000000000003 89.700000000000003 3 11184.261136363637 862.6500000000002 161.50000000000003 13109.220000000003 4033.0950000000007 16.500000000000004 152.30000000000004 272.50000000000006 13.500000000000002 39.500000000000007 18827.791666666668 16.000000000000004 51.848686204116333 12.500000000000002 169.95500000000004 99.740000000000023 4 2325.6200000000003 5 10806.150000000001 1394.1600000000003 70.500000000000014 31.500000000000004 1054.9933333333336 21.500000000000004 1.0000000180025095e-35 0.78888888888888908 43.500000000000007 20.500000000000004 0.93301270189221952 2558.7808333333337 2885.1300000000006
decision_type=8 10 10 10 8 10 8 2 9 10 8 2 2 8 10 2 2 2 2 9 2 2 8 2 8 10 9 2 10 9 10 10 2 10 10 2 10 2 10 2 10 2 10 2 10 8 9 8 9 10 10 2 2 10 2 10 10 2 2 2 10 8
left_child=1 4 9 6 32 8 -2 11 14 44 -8 13 25 -6 23 -11 28 18 61 20 43 59 -23 39 29 26 -9 54 -17 -7 31 46 -1 34 -24 -16 -20 52 55 -4 41 -41 47 -19 45 -3 -22 -26 -15 -44 -51 -14 -38 -37 -12 -5 -57 -29 -59 60 -10 -18
right_child=3 2 5 38 7 24 10 12 21 15 27 -13 51 48 35 16 17 19 36 -21 30 22 33 -25 42 -27 -28 57 -30 -31 -32 -33 -34 -35 -36 53 37 -39 -40 40 -42 -43 49 -45 -46 -47 -48 -49 -50 50 -52 -53 -54 -55 -56 56 -58 58 -60 -61 -62 -63
leaf_value=-0.0060208893780966562 -0.020691028985901212 -0.011074376178829547 0.0016453525403517012 -0.033304995745801612 -0.0072651574645696522 0.017797085937775799 -0.031538329191994924 -0.00064574524673939029 -0.0029354873210461828 -0.0078379290635130928 -0.020319077468433578 0.0079053181943551046 0.0095970942267799286 0.0034727508474803733 0.016624873969302928 -0.0041414252871751428 -0.0070944718752250432 -9.3411750100630701e-05 0.011753591487488431 0.012613658797479624 0.0017895496692252549 -0.00093102542936600102 0.0055842837588799604 0.021178208470498717 0.0026773749101484789 -0.012495740113645858 -0.014074764719784239 -0.0045191194076434175 0.010962438464165825 0.0040528342632291815 -0.013911814290229849 0.0074799768871174422 -0.015344120568541153 -0.019986058488760425 0.01647200571502809 -0.023904523154175905 0.0052741175979709081 -0.0020753582066534927 -0.029649233788442177 -0.0054500750709514266 -0.017316860172173824 0.012380112613499134 0.020812542496928176 -0.029793457342791083 -0.010334609392254966 0.0014926502188568657 -0.0064864969081529916 0.014996213911010905 -0.0030842873704423051 -0.004250028891178286 0.028552352962233706 -0.0059779545684236464 0.020317966529305183 -0.00066533088461047233 -0.0030607008254195296 -0.024649975359387882 -0.015602105980747426 -0.024833432130448325 -0.011769128578808886 0.011044013524950248 -0.02895816167102952 0.0053932967577037232
leaf_weight=1563.3654282540083 2072.8473229892552 483.92287067696452 830.72172681987286 359.60233109816909 1845.2034947983921 614.01478818058968 260.34246259555221 2019.7316983230412 1376.3394761048257 668.24891566485167 192.8149232044816 1881.0027857720852 633.97786087542772 3960.7630835436285 159.89711894840002 397.6607672944665 884.35784683376551 90.497500713914633 2748.0453954637051 586.4092391692102 2168.7633729949594 1497.4254281446338 1894.2766510397196 837.1813371181488 494.02786718308926 2065.9593741223216 682.91549677029252 525.56195178255439 2891.6154785677791 1289.2730140313506 351.16007439047098 1591.4069596752524 1923.3298595696688 82.549652710556984 1347.21831561625 146.26452678442001 832.44531597942114 1052.0006581507623 1938.1457406617701 236.44000725448132 88.449223682284355 6082.8710995130241 2673.0659355446696 258.84411326050758 895.68923497200012 1997.25995894894 1357.9708549901843 1616.7660007625818 1991.5029312111437 178.65147054195404 71.92796128988266 351.70712344348431 334.64558899402618 308.79423077404499 2121.9285458214581 1377.3779964633286 1241.0930050238967 500.20486091077328 1018.2507698237896 248.14645427465439 91.896896056830883 531.3742738738656
leaf_count=12229 30070 3326 3442 7374 13829 2890 4847 12016 5801 3560 2135 8406 3026 22062 715 1985 4066 434 11750 2638 9847 6384 8023 3757 2243 12984 4596 5707 12553 5783 1643 6720 17856 343 5937 629 3636 4619 40259 1014 371 26449 13890 1880 5504 11417 6268 7466 11721 813 373 1827 1442 1380 18958 25773 20405 5665 11466 1035 396 2432
internal_value=-8.11076e-05 0.00335513 0.0063408 -0.0181986 -0.00331838 0.00970988 -0.0132094 -0.00154462 0.00763579 0.00262922 -0.00984827 0.000938225 -0.00572008 -0.000743263 0.0104054 0.00385533 0.00434182 0.00310812 0.00594173 0.000283836 -0.00098072 0.00393122 0.00616421 0.0113408 0.0142608 -0.00773779 -0.00409744 -0.00854582 0.00913574 0.00860859 0.000371634 0.00135416 -0.0111667 0.00935981 0.0101131 -0.00170712 0.00832125 0.00406739 -0.0249857 0.0102002 0.0113089 0.0117122 0.0163955 -0.0221218 -0.00345023 -0.000961861 -0.0014114 0.0121156 0.00127941 0.0194803 0.00524185 0.00403926 0.00960141 -0.00817089 -0.00450645 -0.0219418 -0.0203691 -0.0131157 -0.0160862 -0.00231847 -0.00458285 -0.00240687
internal_weight=72816.1 61208 42288.5 11608.2 18919.5 22166.2 6691.95 15432.8 15228.5 20122.3 4619.1 9678.47 5754.29 7797.47 8690.62 16745.4 16077.2 12787.9 6382.87 6405.05 5818.64 6537.85 4821.47 8075.66 6937.73 4768.61 2702.65 4358.76 3289.28 1903.29 5469.3 5118.14 3486.7 3324.04 3241.49 614.956 4967.14 2219.09 4916.22 7238.48 6407.76 6319.31 5034.44 349.342 3376.87 2481.18 3526.73 2110.79 5952.27 2923.65 250.579 985.685 1167.09 455.059 2314.74 2978.07 2618.47 2044.02 1518.46 1716.38 1468.24 1415.73
internal_count=488065 315406 194854 172659 120552 99134 78848 90467 65676 95720 48778 56018 34449 47612 37757 75473 71913 57375 27945 29430 26792 27919 20687 35033 33458 29596 16612 43931 14538 8673 24478 22835 30085 14303 13960 2724 21447 9697 93811 31276 27834 27463 24785 2314 20247 14743 16115 9709 33783 15076 1186 4853 5078 2009 21093 53552 46178 22838 17131 7232 6197 6498
cat_boundaries=0 1 2 3 4 5 6
cat_threshold=5544 153861 5604 5248 135424 132593
is_linear=0
shrinkage=0.035


Tree=56
num_leaves=63
num_cat=4
split_feature=24 34 2 24 4 32 40 7 14 13 26 43 23 16 41 23 48 23 22 22 26 29 48 31 41 22 22 36 16 22 17 40 37 7 8 2 16 6 27 22 7 14 14 26 41 23 23 32 22 14 46 2 11 22 32 22 40 2 19 22 16 17
split_gain=3495.68 939.755 381.042 316.203 306.323 208.452 167.363 168.521 138.946 138.095 122.418 115.505 101.406 99.344 96.6312 91.364 100.491 82.1757 77.4834 69.8418 69.3912 123.778 81.1735 75.4625 68.6619 99.6733 67.6629 66.8316 63.8814 70.9568 67.1523 64.8284 63.1945 61.9226 61.6281 60.8377 60.241 68.0275 69.7643 64.9959 57.8501 56.951 56.8407 76.5795 68.7467 55.3559 49.6728 49.497 48.148 47.683 47.363 45.9225 45.3738 45.1838 44.7869 44.684 43.6208 43.1049 52.1199 42.9496 41.853 40.7691
threshold=4.5000000000000009 1.5000000000000002 16.595000000000006 10.500000000000002 24.670000000000005 11810.43 1.0000000180025095e-35 0.95833333333333337 19.500000000000004 0.90692640692640702 314.50000000000006 2.5000000000000004 0.68301270189221941 0 inf 0.93301270189221952 10.500000000000002 0.93301270189221952 1.0000000180025095e-35 40.500000000000007 131.50000000000003 272.50000000000006 1.5000000000000002 1.0000000180025095e-35 743.36000000000001 6.5000000000000009 32.500000000000007 inf 1 13.500000000000002 11762.380000000003 2512.4400000000005 5830.5600000000004 0.59166666666666679 14.500000000000002 396.17000000000007 2 136.81500000000003 12311.910000000002 15.500000000000002 0.42261904761904767 20.500000000000004 20.500000000000004 345.50000000000006 1502.0300000000002 0.68301270189221941 0.68301270189221941 11810.43 67.500000000000014 18.000000000000004 50.890000000000008 272.0800000000001 204.33500000000004 1.0000000180025095e-35 11810.43 40.500000000000007 49.978333333333346 830.43000000000018 1059.4800000000002 44.500000000000007 3 2798.2800000000002
decision_type=8 2 10 10 10 8 8 8 2 10 2 2 2 9 8 2 2 2 2 2 2 2 2 2 10 2 2 8 9 2 10 10 10 10 2 10 9 10 10 2 10 2 2 2 8 2 2 8 2 2 10 10 10 2 8 2 10 10 10 2 9 10
left_child=1 2 17 6 13 11 -2 27 -7 54 12 14 18 56 -4 16 42 33 -10 41 21 59 50 24 -24 -26 -12 40 -20 31 35 -30 51 -1 -35 -31 -11 -38 39 -39 -8 -14 44 53 -15 -46 -23 -41 52 -42 -22 -9 -18 -44 60 -5 -3 58 -55 -13 -6 -17
right_child=3 4 5 55 9 8 7 32 10 36 26 20 19 15 -16 61 48 -19 28 -21 22 46 23 -25 25 -27 -28 -29 29 30 -32 -33 -34 34 -36 -37 37 38 -40 47 49 -43 43 -45 45 -47 -48 -49 -50 -51 -52 -53 -54 57 -56 -57 -58 -59 -60 -61 -62 -63
leaf_value=-0.018297871469217263 -0.032349175200742875 -0.001726899363035812 -0.015504584239563168 -0.029428132999477247 -0.00071725639572761365 -0.0055940880935514692 -0.027049837842722625 -0.0076265601178443325 -0.021622651987775614 0.017134018760798345 0.0099809054646040271 0.0077371906647766778 0.011146011422950495 -0.013059657350477294 0.0028160779650990434 0.0068429174333984356 0.0015899507616898346 0.00023055586983695999 0.013892204153806037 0.015324859762799898 -0.012564326944744195 -0.015820643855741213 0.0069211796480521896 -0.016673556762179392 -0.035277371857049496 -0.0046658199959743055 0.030958108990068879 0.0040653458849775684 -0.0019793334732114785 0.00088693770060603908 -0.0093995119738408683 -0.02007602592386093 -0.017478734516250372 -0.0059900555225433309 -0.015368983083963745 0.00852380733682233 0.0064664498211764758 0.0036156705867206708 -0.016979678604043671 0.0063984883599494894 -0.028444251279907622 0.0017843129102233571 -0.026626180789276619 0.015200349151197145 -0.0021534065829805823 0.012730287030240761 -0.00065809640946089851 0.024404358387793378 0.018835013404488069 -0.014824646616318451 0.01556066316869279 0.002223305081192267 0.012133805787748201 0.0017424332993133558 0.010011807854455818 -0.020069199997741694 0.015121750535654776 0.0077751527041382976 -0.010092632626249714 0.023907177940087683 0.0080457204124027952 0.018512945523432061
leaf_weight=1022.1568462029099 574.15389193594456 218.73953846096992 1436.332582809031 2434.8940138891339 1245.2884561941028 1871.5427629351616 756.14453748613596 1950.5747202560306 173.64662144333124 4442.0242928117514 509.51683856919408 998.21833610162139 1293.622722428292 637.16919985413551 466.97574096173048 927.33516400307417 1093.2593056932092 1033.0097246915102 502.34056082367897 1167.6915172711015 92.985093899071217 304.12062001973391 560.78995417058468 724.03600260615349 140.76126495376229 1618.9688012003899 299.2984896749258 170.05778891593218 1705.9925878420472 2863.6820118203759 478.33586067706347 281.73380059748888 571.18879622593522 2988.4446385242045 1204.5408922024071 2306.8961893096566 1949.0839804559946 323.93215410411358 73.915252670645714 228.70992487668991 353.47538370266557 2068.1500250287354 67.240403331816196 558.68433825671673 2556.6307510659099 346.72982160747051 1997.3684898465872 1046.7042014747858 471.58375575393438 2938.5330860204995 335.39127735048532 824.38346017897129 920.83813603967428 4614.3500558882952 3511.4464141428471 854.71907383948565 1340.2859105169773 1270.0117817670107 504.780044734478 251.68911481648684 1433.9239300116897 607.79561810195446
leaf_count=11020 10739 1005 9930 50962 5335 10573 12318 19649 1632 21868 2382 4778 5685 2981 2533 3968 4850 6377 2598 5156 614 1904 3061 4608 1142 8959 1381 1723 8618 15025 2460 1493 6076 24139 10463 10241 8769 1526 333 1117 5231 9294 425 2433 11426 1492 10028 5460 2056 41136 1589 7147 3951 20382 15000 17678 5818 5415 2134 1204 6186 2589
internal_value=-7.96637e-05 0.00324411 -0.00107513 -0.0178455 0.00760698 0.000896173 -0.014141 -0.0127549 0.00334696 0.0113454 0.0045731 -0.0033649 0.00374049 0.00430376 -0.0110105 0.00339637 0.00244751 -0.00878808 0.00144432 0.00795325 -0.00129198 0.00214782 -0.00480911 -0.00681653 -0.00373514 -0.00713309 0.0177721 -0.0174074 0.00193906 0.00113139 0.00313409 -0.0045531 -0.00688642 -0.0105742 -0.00868741 0.00429518 0.0143638 0.0108856 0.0160914 0.0176294 -0.0183102 0.00538897 0.000956258 0.00278076 -0.00265851 -0.000372171 -0.00266769 0.0211831 0.0087773 -0.0162952 0.0094407 -0.00470062 0.00641419 0.00170388 0.00741163 -0.0270033 0.0126769 0.00200615 0.000573674 0.0110098 0.00400131 0.0114724
internal_weight=72516.8 61088.7 30698.2 11428.1 30390.5 24450.1 8138.51 7564.36 15522.4 14255 13650.9 8927.64 12842.1 16135.4 1903.31 14576.4 13041.3 6248.15 8312.63 4529.46 7024.33 3551.4 3472.93 3044.56 2320.52 1759.73 808.815 4218.21 8138.98 7636.64 5648.91 1987.73 3346.15 5215.14 4192.99 5170.58 8064.37 3622.35 1673.26 1599.35 4048.15 3361.77 10555.6 7015.07 3540.53 2903.36 2301.49 1275.41 2485.68 3292.01 428.376 2774.96 2014.1 6456.38 6190.66 3289.61 1559.03 6389.14 5119.13 1249.91 2679.21 1535.13
internal_count=488065 315406 178887 172659 136519 126888 104019 93280 76538 65594 65965 50350 62202 70925 12463 64102 57545 51999 42067 20135 37887 17914 19973 17770 13162 10101 3763 60408 40435 37837 27726 10111 32872 45622 34602 25266 39073 17205 8436 8103 58685 14979 46688 30789 15899 12918 11932 6577 10857 46367 2203 26796 8801 28356 26521 68640 6823 27931 22516 5982 11521 6557
cat_boundaries=0 1 2 3 4
cat_threshold=1200 66664 5536 149553
is_linear=0
shrinkage=0.035


Tree=57
num_leaves=63
num_cat=6
split_feature=24 4 24 2 2 40 2 27 14 26 26 26 41 42 32 29 3 27 21 16 18 16 14 29 26 14 18 4 32 37 0 43 8 3 26 49 40 41 31 4 16 32 29 14 44 14 44 19 41 26 39 16 16 2 0 36 41 16 13 41 48 26
split_gain=3301.42 886.228 311.458 295.431 287.07 164.589 162.938 153.484 128.265 131.248 127.413 182.463 116.088 110.845 129.528 108.721 116.067 92.6613 89.3427 85.9977 79.242 76.9876 70.4776 63.6446 68.3699 59.3034 58.9874 61.4756 58.5266 58.0992 67.6274 55.9236 54.8076 66.0595 53.3379 53.0505 50.7542 50.746 50.6659 49.7423 47.5333 47.1833 68.256 51.9565 45.3462 42.4239 41.9977 41.3418 40.6729 40.5311 40.3162 39.6778 39.4008 38.4472 38.4022 37.9324 37.906 37.7041 37.5991 37.5129 37.2868 35.2865
threshold=4.5000000000000009 1.9500000000000002 10.500000000000002 542.21000000000015 4.830000000000001 1.0000000180025095e-35 0.7350000000000001 1.0000000180025095e-35 19.500000000000004 314.50000000000006 131.50000000000003 39.500000000000007 2885.1300000000006 3.5000000000000004 inf 115.50000000000001 60.500000000000007 1177.4700000000005 6.0150000000000015 0 425.86750000000001 1 18.000000000000004 232.00000000000003 30.000000000000004 20.500000000000004 11184.261136363637 115.29000000000001 536.88000000000011 5945.8800000000019 104.98 2.5000000000000004 8.5000000000000018 258.50000000000006 21.500000000000004 14.500000000000002 18827.791666666668 5319.9000000000005 1.5000000000000002 1394.1600000000003 2 11810.43 272.50000000000006 20.500000000000004 64.965000000000018 19.500000000000004 455.58000000000004 1523.8077272727276 4749.5200000000004 192.50000000000003 187.31500000000003 3 4 779.80000000000007 1443.8550000000002 566.05000000000007 985.13999999999999 5 0.64142857142857157 3243.6000000000008 4.5000000000000009 314.50000000000006
decision_type=8 8 10 10 10 8 8 10 2 2 2 2 8 2 8 2 2 10 10 9 10 9 2 2 2 2 10 10 10 10 8 2 2 2 2 10 10 8 2 8 9 8 2 2 10 2 10 10 10 2 10 9 9 10 10 8 10 9 10 10 2 2
left_child=1 4 5 13 23 -2 55 20 37 10 11 -10 19 14 31 -12 52 -18 46 -5 -6 49 -8 57 -25 38 27 45 -19 30 44 -3 -15 34 -34 -11 48 -9 -21 -28 -36 42 58 -44 -24 -20 -14 -42 51 -16 -32 -23 -17 -54 -48 -7 -27 -1 -13 -35 -22 -50
right_child=2 3 -4 12 7 6 22 8 9 35 15 41 18 32 21 16 17 28 26 25 60 36 29 24 -26 56 39 -29 -30 -31 50 -33 33 59 40 -37 -38 -39 -40 -41 47 -43 43 -45 -46 -47 54 -49 61 -51 -52 -53 53 -55 -56 -57 -58 -59 -60 -61 -62 -63
leaf_value=-0.0042827310201771713 -0.0321411877139419 -0.013195150264994064 -0.026711361104567111 0.012598186704033693 -0.0066562810646349189 -0.020688803826221427 -0.022394734402263927 -0.017157997310685513 -0.0074783862984376106 0.014404514858852795 0.0024756382795103958 0.0047529015758017209 0.0099952923296045409 0.014814264621235895 0.0010501060769973402 0.013204459986745447 -0.029331520551177343 -0.0048082062387959576 0.0042408422713277301 -0.0048956104844607579 -0.0014750126490713645 0.013119778487059574 -0.0063541750073033039 -0.02011621656143131 -0.001794468948907393 -0.00059606085563092325 -0.0045939316546232964 0.019616912004759041 -0.015411546513660064 -0.016791954193141039 0.0015772387971755429 -0.0019611447043170905 -0.010441176241731083 -0.0044199119302447271 0.013081294403319194 0.001481217115393057 -0.019204807255015152 -0.0045391219484099505 0.021638884525471365 0.027471943807865513 0.0049364020996927318 0.0088675875625666076 0.0044357457444128478 -0.0058201219105491891 -0.016977548362048889 0.014328862302065129 -0.0067058524444208647 -0.0087466917325313264 0.01054377715981388 -0.013016260294783652 -0.014090607741701837 0.0037699135080577913 -0.0036510449774050562 0.007662376037548946 0.008877933084784741 0.0024387095919534778 0.010309110603702263 -0.015344886712648866 0.016859545878384272 0.020058079149088002 -0.035172304502735612 0.033113123520099305
leaf_weight=495.51941416412592 557.93713194876909 716.38711711764336 3210.6461562402546 1496.1012405306101 503.05626988783479 2362.5094957500696 428.74970232322812 509.33590680360794 1506.0058034658432 1256.4279210790992 3607.3191120028496 779.83020217716694 3580.005278006196 981.91825988888741 585.43388810753822 272.80593057721853 258.56423343718052 2423.1127282679081 609.63226047158241 1274.1342243105173 48.292212978005409 620.05798052251339 1475.6826824732125 296.68715907633305 1542.8494097590446 586.79785551130772 312.15391100943089 2715.7514092922211 865.25428838282824 707.1501558534801 1449.0280825607479 2232.8118087649345 268.69437211751938 88.796399757266045 849.92597141861916 563.85013188421726 100.31004387140274 1666.3720371499658 93.713607147336006 72.097700402140617 4392.3937722742558 3450.2662884294987 1317.3605462312698 1117.4640198200941 739.2639578320086 3178.3852175921202 390.91591309010983 287.34183585643768 560.36343740671873 438.00274737924337 232.59834869205952 5087.4943682551384 1440.2536383420229 493.13491332530975 382.03278428316116 89.981743339449167 1165.3728241473436 2073.5678926706314 526.66207554191351 547.11267676949501 242.52589516714215 99.506810493767262
leaf_count=4549 10739 4603 68640 6704 3732 37196 5436 3331 8368 6214 19214 4144 15454 4176 2664 1530 1594 13752 2767 5515 337 2726 17304 2805 11259 2515 1376 14161 4851 8102 12803 11577 1149 387 3619 3203 429 9771 416 378 18617 15888 6240 6087 9059 15061 1668 1226 2411 2127 2411 22442 8166 2224 1659 969 5158 19441 2326 2373 2587 435
internal_value=-7.82055e-05 0.00313675 -0.0174951 0.00693081 -0.00155623 -0.0138132 -0.0124429 2.1736e-05 0.000566304 0.00144948 0.000546281 0.003596 0.0104075 0.00384299 0.00151861 -0.00228755 -0.00527408 -0.00919391 0.0123267 0.00573249 -0.0150882 0.00396457 -0.00883502 -0.00973223 -0.00475879 0.00238927 0.0148077 0.0155948 -0.00760206 -0.0075676 -0.00588968 -0.00469353 0.00711456 0.00593741 0.00476115 0.0104044 0.00537166 -0.00749974 -0.00306321 0.00147833 0.00550161 0.00591583 0.00319205 -0.000271647 -0.00990591 0.0127069 0.00839825 0.00408582 0.00577022 -0.00492863 -0.000596985 0.00481737 0.00102921 -0.000759022 0.000998011 -0.0198396 0.00665874 -0.0132901 0.00964239 0.0166385 -0.0296009 0.0139921
internal_weight=72223.7 60970.2 11253.5 33713.6 27256.5 8042.9 7484.96 22847.9 22054 19878.3 18058 8697.59 15857.1 17856.6 10440.4 9360.44 5753.13 3546.93 11241 4616.12 793.874 7491.17 5032.47 4408.62 1839.54 3120.02 6888.02 6503.77 3288.37 4603.72 3896.57 2949.2 7416.18 6434.27 5798.36 1820.28 6467.73 2175.71 1367.85 384.252 5529.66 7191.58 3741.32 2434.82 2214.95 3788.02 4352.95 4679.74 6367.42 1023.44 1681.63 5707.55 2206.19 1933.39 772.949 2452.49 1752.17 2569.09 1306.49 635.909 290.818 659.87
internal_count=488065 315406 172659 153793 161613 104019 93280 123559 116903 103801 94384 43053 72832 80961 49414 51331 32117 20197 52524 20308 6656 33234 55115 38054 14064 13604 33743 31989 18603 49679 41577 16180 31547 27371 24611 9417 28443 13102 5931 1754 23462 34685 18797 12327 26363 17828 18781 19843 28014 4791 15214 25168 11920 10390 3327 38165 7673 23990 6470 2760 2924 2846
cat_boundaries=0 1 2 3 4 5 6
cat_threshold=5256 10262 1193 1184 74824 196727
is_linear=0
shrinkage=0.035


Tree=58
num_leaves=63
num_cat=7
split_feature=24 2 34 24 45 45 40 0 29 1 8 12 44 32 33 29 44 29 3 2 18 22 23 45 29 29 12 43 3 17 44 0 29 23 12 16 44 22 22 41 39 35 16 17 16 44 29 16 2 16 47 22 32 16 29 22 17 16 18 2 15 29
split_gain=3117.35 842.826 314.186 306.481 249.188 180.108 161.754 157.663 126.977 119.981 115.747 108.424 93.2204 92.7249 88.2663 83.4496 80.6762 79.9119 76.7427 82.192 76.7034 74.4695 73.7063 65.7965 65.603 70.6118 65.1937 63.6091 60.73 59.7361 58.0197 76.7066 57.6084 56.3263 51.0559 50.9155 48.9229 45.7903 44.0745 44.0264 48.5354 43.602 41.936 43.2075 41.6715 40.9444 40.9314 40.6575 40.4985 39.3281 39.2715 38.3996 37.4905 47.0695 43.2893 44.8261 37.1013 36.7582 36.707 35.9919 36.0862 35.9702
threshold=4.5000000000000009 154.47000000000003 1.5000000000000002 10.500000000000002 2.7321428571428577 1.1213235294117649 1.0000000180025095e-35 7.0400000000000045 8.0000000000000018 inf 15.500000000000002 21.612500000000008 93.680000000000021 inf 1.5000000000000002 8.0000000000000018 382.04000000000002 23.500000000000004 252.50000000000003 1196.3700000000001 11770.278500000002 1.5000000000000002 0.93301270189221952 5.2250000000000005 8.0000000000000018 353.00000000000006 3601.2600000000007 1.5000000000000002 267.50000000000006 1.0000000180025095e-35 345.44000000000005 159.15000000000003 302.50000000000006 0.93301270189221952 424.13000000000011 0 96.750000000000014 39.500000000000007 22.500000000000004 15073.740000000003 16.585000000000004 11.500000000000002 1 4744.7000000000007 2 67.850000000000009 23.500000000000004 3 4.830000000000001 4 1305.4800000000002 9.5000000000000018 11810.43 5 207.50000000000003 5.5000000000000009 10070.100000000002 6 10565.300000000001 1826.3400000000004 0.17019656566888461 100.00000000000001
decision_type=8 10 2 10 10 10 8 8 2 8 2 10 10 8 2 2 10 2 2 10 10 2 2 10 2 2 10 2 2 8 10 10 2 2 10 9 10 2 2 10 10 2 9 10 9 8 2 9 10 9 8 2 8 9 2 2 8 9 10 10 10 2
left_child=1 4 9 6 8 14 -2 -8 -1 16 11 -10 28 27 42 -16 20 -9 19 26 24 -13 -14 30 -3 29 -17 -6 48 44 31 45 -24 35 47 -23 46 -5 -35 40 -7 51 -4 -44 -26 -19 -15 -31 -12 -50 -47 57 53 -42 -54 -56 -53 -11 -20 60 -18 -37
right_child=3 2 5 37 13 39 7 17 10 41 12 21 22 36 15 18 59 23 58 -21 -22 33 32 -25 25 -27 -28 -29 -30 34 -32 -33 -34 38 -36 61 -38 -39 -40 -41 52 -43 43 -45 -46 50 -48 -49 49 -51 -52 56 54 -55 55 -57 -58 -59 -60 -61 -62 -63
leaf_value=-0.019416548143418755 -0.031932126263842474 -0.011366317355247617 0.019323993730202396 -0.02898775888238132 -0.021862224631784739 0.0024086909361997382 -0.020494491104899329 -0.022987070937895482 -0.0062006844149446625 -0.014866819434499136 -0.015459712844079673 -0.0094208277890390543 -0.013295972058858222 -0.018135117728726217 -0.0018471041773267722 0.010631925267463592 -0.016778143773133181 -0.00072665579840292351 0.027890302909150445 0.017123321044728083 -0.021479620446809972 -0.0010842852776501886 0.01032399815860369 -0.013243187700795611 0.0015282440465247008 -0.012095372579179035 -0.037720234556333929 -0.010007688019986348 0.017368896210225877 -0.0042075710094718194 -0.015541639002167469 0.0063398413132317666 -0.014583006175443317 0.0053580418140207111 0.006179941691350767 0.0088167399791067112 -0.015922973540043836 -0.019387443532244777 0.017717686779320119 -0.010361329264988166 0.0087006490229416273 0.017187956619132704 -0.0061903308388284034 0.0096653552147056496 -0.027198151893512327 -0.01448470924877578 -0.00036190078951760409 0.0036201781760584737 0.0026255792871066161 -0.0082982966261622663 0.0021227840976791911 0.013398659200917304 0.0071206984079609957 2.9232420229403078e-05 -0.0045000259287937888 0.016205505296157149 0.001638279396886919 0.008963047662172258 -0.032560565267708515 0.0034943534827330341 -0.0046894498708109538 0.0028797339833217216
leaf_weight=415.10237624496222 542.21888821944594 392.58471637219191 142.50125086307526 2292.6368843466043 807.82075835391879 3148.2295695021749 2012.9859894439578 458.0294766202569 1797.4316980540752 170.3866468667984 233.9079215452075 559.10231581330299 1702.8933701477945 173.06917004287243 439.93153487145901 5604.0307778269053 403.68608286604285 833.09377334266901 531.10284894704819 3582.4218046963215 162.86975818127394 3033.7360635921359 335.55541682243347 1717.915647700429 126.21202337741852 355.74289551377296 33.415092393755913 1775.8980650603771 223.80727882683277 1242.9912889748812 512.8394465111196 804.94534603133798 170.85318154096603 960.11876007169485 5947.3055655360222 1681.9453120306134 361.16393831372261 841.51983958482742 559.61241804808378 202.83309054374695 1608.6596109047532 668.82973280549049 581.81330560147762 328.60244396328926 116.32231119275093 848.8186607696116 1801.8560500629246 2301.6073942631483 1583.9998726844788 529.55438251420856 219.1738153398037 892.61391048133373 2962.8032250404358 1466.5807395651937 140.39822528511286 1415.280883923173 520.22356894612312 132.26493509113789 11.797598376870154 446.19732036441565 1203.3546391539276 4867.8232416510582
leaf_count=2938 10739 2266 639 50485 8643 13224 32540 5995 12124 720 1796 3418 10478 1594 1876 25227 2220 9785 2658 18848 879 16372 1524 21201 757 1855 149 15464 1130 6255 5578 6443 856 4376 26697 8722 2942 18155 2523 857 6882 2926 2499 1480 1116 10314 13987 11253 7867 2939 1424 3859 12566 6205 622 6004 2160 554 51 2215 5948 24246
internal_value=-7.67296e-05 0.0030326 0.00630778 -0.0171475 -0.00214707 0.00895602 -0.0134903 -0.0121363 -0.000299017 0.0024096 0.000137089 0.00179871 -0.00454062 -0.00915321 0.0120647 0.0130603 0.00105665 -0.00901441 0.0137322 0.0129765 0.00228188 0.00303202 -0.00981154 -0.00771365 0.00265307 0.00319961 0.0103387 -0.0137211 -9.65556e-06 0.00375974 -0.00475933 -0.00271091 0.00190864 0.00365987 0.0041985 0.00266656 -0.00409738 -0.0264171 0.00991791 0.00575824 0.00606355 0.00961196 0.00241402 -0.00045808 -0.0133584 -0.00654444 -0.00192782 0.000873137 -0.00167322 -0.000140872 -0.0110777 0.00664996 0.00757827 0.00459499 0.00960721 0.0143352 0.00907257 -0.00465188 0.0265192 -0.00529392 -0.00773466 0.00439872
internal_weight=71943 60858.8 37283.6 11084.2 23575.3 22200.4 7950.02 7407.8 18655.4 15083.2 18240.3 13459.8 4780.57 4919.81 11255.6 10202.7 12698.9 5394.82 9762.77 9219.87 10645.6 11662.3 2209.3 4936.79 10482.8 10090.2 5637.45 2583.72 2571.27 9734.44 3218.87 2706.03 506.409 11103.2 9491.9 9583.5 2336.09 3134.16 1519.73 10944.8 10742 2384.32 1052.92 910.416 242.534 1901.09 1974.93 3544.6 2347.46 2113.55 1067.99 1715.49 7593.72 3075.24 4518.48 1555.68 1412.84 302.652 542.9 2053.24 1607.04 6549.77
internal_count=488065 315406 171467 172659 143939 99787 104019 93280 101309 71680 98371 71781 26590 42630 53427 48809 61461 60740 46933 44224 51078 59657 12858 54745 50199 47933 25376 24107 13732 46078 33544 27966 2380 56239 44205 49340 18523 68640 6899 46360 45503 10219 4618 3979 1873 21523 15581 17508 12602 10806 11738 7293 32279 13087 19192 6626 6019 1274 2709 10383 8168 32968
cat_boundaries=0 1 2 3 4 5 6 7
cat_threshold=30734 4224 75993 22532 448 5512 157969
is_linear=0
shrinkage=0.035


Tree=59
num_leaves=63
num_cat=6
split_feature=24 0 13 24 32 43 40 2 11 16 32 14 16 22 2 43 2 22 19 48 18 26 14 26 3 18 1 37 0 18 41 22 26 16 22 39 18 19 26 48 26 26 14 26 16 49 22 3 10 32 14 22 40 26 32 14 2 37 22 16 41 16
split_gain=2943.04 791.416 327.569 301.306 243.424 246.004 158.862 154.007 119.834 135.126 113.569 105.787 100.382 218.912 104.63 97.8847 95.3911 92.123 80.5091 76.9144 73.4317 71.547 67.5331 66.9658 114.108 66.309 66.2579 64.6259 62.5172 60.5572 66.6909 57.3291 52.7566 52.1102 65.593 52.3052 53.9071 50.2535 50.4199 53.4711 47.535 111.649 75.6846 62.5022 48.9341 53.1922 47.8509 52.7922 45.8588 52.0252 45.8533 45.6993 45.003 43.6248 43.5647 45.9582 43.4849 44.2496 54.9866 43.3548 51.2711 43.2022
threshold=4.5000000000000009 189.88333333333335 0.88117647058823534 10.500000000000002 inf 2.5000000000000004 1.0000000180025095e-35 0.7350000000000001 864.18000000000018 0 748.96000000000004 18.000000000000004 1 8.5000000000000018 1040.0200000000002 5.5000000000000009 16.595000000000006 18.500000000000004 2242.9943333333335 3.5000000000000004 6565.3290000000006 314.50000000000006 16.000000000000004 122.00000000000001 48.500000000000007 16040.242500000002 41.680000000000014 5830.5600000000004 104.98 11770.278500000002 691.85000000000014 25.500000000000004 100.50000000000001 2 59.500000000000007 80.730000000000032 68.942000000000007 420.89976190476199 161.50000000000003 10.500000000000002 269.00000000000006 122.00000000000001 19.500000000000004 39.500000000000007 3 13.500000000000002 31.500000000000004 64.500000000000014 105.79499999999997 6802.920000000001 19.500000000000004 39.500000000000007 9705.840000000002 21.500000000000004 11810.43 21.500000000000004 109.99000000000002 6264.9900000000007 40.500000000000007 4 3199.3200000000002 5
decision_type=8 10 10 10 8 2 8 8 10 9 10 2 9 2 10 2 10 2 10 2 10 2 2 2 2 10 10 10 8 10 8 2 2 9 2 10 10 10 2 2 2 2 2 2 9 10 2 2 10 8 2 2 10 2 8 2 10 10 2 9 10 9
left_child=1 4 12 6 5 -1 -2 -8 9 19 15 -6 -3 23 18 50 -13 -11 29 59 54 33 -9 -14 -25 32 52 28 -24 30 -15 -22 -21 35 -35 36 -18 38 53 -40 41 43 -42 -32 -43 46 47 -46 -28 -50 -7 -5 -19 -17 55 -16 -34 61 -59 -4 -61 -58
right_child=3 2 8 51 11 10 7 22 -10 17 -12 16 13 14 20 37 21 26 -20 25 31 -23 27 24 -26 -27 48 -29 -30 -31 40 -33 56 34 -36 -37 -38 -39 39 -41 42 44 -44 -45 45 -47 -48 -49 49 -51 -52 -53 -54 -55 -56 -57 57 58 -60 60 -62 -63
leaf_value=-0.016537124443537412 -0.031721833763364259 0.011320759697123954 0.015262042981577824 -0.028731059341683809 -0.0099234018149132186 -0.024280522835881224 -0.019163666128583907 -0.027216127408401181 0.016472346368005066 -0.0018092939376918053 -0.013363913208231283 -0.0034138980730508864 -0.00074257078885252954 -0.0054790447114623324 0.00012331830257326893 -0.0075177384610829812 0.0029884424512803751 0.018696600189277792 -0.012452069199753455 0.021375619684909909 -0.017237670757815075 0.019387684026151538 -0.0094736421464016833 -0.005130582995333457 -0.026172891423397193 -0.020461898133562376 -0.0039287479833346071 -0.0166727738305994 -0.00060321180912690088 -0.0088509645966796096 -0.0020740830998803917 0.0047640502348873376 -0.0071523307892308405 -0.00050554689094243794 0.0068458517032514918 -0.023675056532666317 0.017364104836151941 -0.012759158439190992 -0.0055803736731477732 0.011133228126870544 -0.0019477548427637343 0.0079663023109857872 0.010546532914776143 0.0091100869615642777 -0.0022718456543798383 -0.012135686558159135 0.0020998973816400194 -0.020877263608117765 -0.00054044487288675122 0.010358110745895727 -0.0050294086405691654 -0.019045833617994803 -0.012612746958717025 0.0095190181632020358 0.012861297091837058 0.013850230170416176 0.02089613960639421 -0.023689352989480352 0.025557362918294094 -0.0010818677287214443 0.016621552155303226 0.010157037549099392
leaf_weight=2260.9642926193774 526.98601739481091 1731.9201782532036 391.26814797520638 2233.2234245203435 1007.387891061604 158.85952180251479 2374.7838713750243 220.53490777686238 2741.799497127533 1929.2004171088338 1181.1695660986006 3044.0392323248088 1233.8498436361551 960.11008551716805 834.39501988142729 207.22233175486326 580.91828022897243 757.86716823279858 432.37952764332294 985.54976423084736 212.04188842326403 345.41870228201151 2242.8160953894258 993.55872016772628 462.18037243932486 68.293147161602974 554.12872684001923 775.3344076089561 1719.1641591154039 516.01963019371033 759.92289920151234 453.85654357820749 134.15292516350746 4572.1405967883766 2202.1964847967029 54.982645537704229 710.53383511304855 240.59520692005754 964.05826312303543 308.75985538959503 773.44725799560547 588.16660580039024 2553.5769330263138 3138.7415268421173 666.61919493973255 623.02268994599581 2041.2185848206282 258.72632874548435 759.25367946922779 1827.4708012938499 2956.2825739383698 826.91089120134711 60.05845120549202 1604.3118724003434 2665.5683325603604 464.46573100984097 554.10525958240032 28.714222505688667 480.40394838154316 1104.5346748679876 243.78874444961548 3358.5857383012772
leaf_count=20919 10739 7820 1695 50485 6592 1389 38165 2973 14136 8226 7692 20928 5787 4485 3658 1104 2918 3362 1969 4506 1023 1655 27248 5096 3183 283 2358 9141 15753 2612 3542 2033 558 23091 10460 306 3306 1319 5444 1744 3900 2683 11329 13591 3100 3035 9328 1307 3298 8538 21559 18155 249 8053 11637 2010 2546 127 2306 4750 1105 15756
internal_value=-7.55418e-05 0.00293184 0.00598532 -0.0168033 -0.00229498 -0.00640108 -0.0131726 -0.0118354 0.00981232 0.00843172 -0.00339229 0.000946891 0.00325057 0.00256588 0.00396302 -0.00156162 0.00189905 0.0044539 0.00238637 0.0115957 0.00849432 0.00380951 -0.00832203 -0.00674291 -0.0118247 0.0136053 0.00751703 -0.0074369 -0.00562575 0.00288544 0.00337596 -0.0022573 0.0140287 0.00314459 0.00188212 0.00940656 0.010905 0.00261469 0.00381768 -0.00152044 0.00412192 0.00267098 0.00764222 0.00693011 -0.00130433 -0.00283943 -0.000893208 -0.00749084 0.00520319 0.0071602 -0.00601861 -0.026121 0.016385 0.0075671 0.0103004 0.00503887 0.0124351 0.0130309 0.0227389 0.00517764 0.00211335 0.0117622
internal_weight=71662.6 60742.8 38343 10919.8 22399.8 9882.22 7859.62 7332.63 15979.2 13237.4 7621.26 12517.6 22363.8 20631.9 17942.3 6440.09 11510.2 5887.98 13312 7349.4 4630.33 8466.19 4957.85 2689.59 1455.74 5609.81 3958.78 4737.31 3961.98 12879.6 12363.6 665.898 5541.51 8120.77 6774.34 1346.43 1291.45 3324.95 3084.35 1272.82 11403.4 8076.42 3327.02 3898.66 4177.75 3589.59 2966.56 925.346 3140.85 2586.72 3115.14 3060.13 817.926 1811.53 3964.43 1298.86 4555.96 4421.81 509.118 1739.59 1348.32 3912.69
internal_count=488065 315406 176927 172659 138479 69223 104019 93280 73799 59663 48304 69256 103128 95308 81242 40612 62664 26031 60881 33632 20361 41736 55115 14066 8279 26082 17805 52142 43001 58912 56300 3056 25799 40081 33551 6530 6224 17664 16345 7188 51815 36586 15229 17133 19453 16770 13735 4407 14194 11836 22948 68640 3611 9157 17305 5668 21293 20735 2433 7550 5855 18302
cat_boundaries=0 1 2 3 4 5 6
cat_threshold=6024 9432 1264 131072 4224 1152
is_linear=0
shrinkage=0.035


Tree=60
num_leaves=63
num_cat=6
split_feature=24 34 0 24 4 1 40 0 26 26 3 22 16 45 26 29 16 7 23 48 22 16 26 29 28 15 29 32 32 22 18 17 18 16 6 18 29 7 22 22 8 32 16 22 36 22 18 27 0 16 22 22 22 39 11 35 22 49 41 41 32 26
split_gain=2777.74 748.211 310.45 296.185 251.16 194.34 137.828 133.1 117.167 150.585 124.98 225.505 128.812 117.163 101.563 132.214 84.9929 82.3952 79.4785 86.5867 73.9341 73.9047 68.9096 83.2043 60.6744 58.3397 72.8521 65.2949 60.8045 56.253 61.5862 55.6761 55.2986 54.7165 59.6444 72.6879 53.7318 53.4669 52.7202 52.177 50.1287 48.9411 48.5577 48.1589 46.718 44.9039 44.7783 44.5108 43.3815 55.3489 60.464 45.1567 42.8573 42.1536 40.6129 40.4766 39.9995 39.6148 48.2791 39.1707 37.4528 38.9778
threshold=4.5000000000000009 1.5000000000000002 21.000000000000043 9.5000000000000018 24.670000000000005 10502.730000000001 1.0000000180025095e-35 19.521666666666672 21.500000000000004 131.50000000000003 46.500000000000007 8.5000000000000018 0 1.1026315789473686 269.00000000000006 23.500000000000004 1 0.90454545454545465 0.93301270189221952 10.500000000000002 30.500000000000004 2 131.50000000000003 272.50000000000006 1.0950000000000004 0.098775510204081915 272.50000000000006 5950.630000000001 inf 38.500000000000007 5942.7200000000003 4661.1900000000014 12463.275000000001 3 136.81500000000003 9705.8025000000034 115.50000000000001 0.59166666666666679 14.500000000000002 5.5000000000000009 11.500000000000002 11810.43 4 25.500000000000004 inf 8.5000000000000018 61.936666666666675 614.37 416.7000000000001 5 24.500000000000004 53.500000000000007 67.500000000000014 69.210000000000022 204.33500000000004 12.500000000000002 1.0000000180025095e-35 16.500000000000004 3168.6250000000005 379.27500000000003 11810.43 366.50000000000006
decision_type=8 2 10 10 10 8 8 8 2 2 2 2 9 10 2 2 9 10 2 2 2 9 2 2 8 10 2 8 8 2 10 8 10 9 10 10 2 10 2 2 2 8 9 2 8 2 10 10 10 9 2 2 2 8 10 2 2 10 10 10 8 2
left_child=1 2 37 6 16 8 -2 44 -4 24 12 36 -11 33 48 -16 46 -17 19 42 21 -7 23 -9 -10 27 -27 -26 -28 30 -19 45 -22 -6 -35 38 -12 -1 -36 59 -39 -40 55 -5 -8 -23 -3 -45 51 -50 -51 -13 54 -24 -21 -18 -44 58 -31 -14 -15 -62
right_child=3 4 5 43 13 20 7 22 9 10 11 14 39 60 15 17 18 29 -20 52 32 31 53 -25 25 26 28 -29 -30 57 -32 -33 -34 34 35 -37 -38 40 41 -41 -42 -43 56 47 -46 -47 -48 -49 49 50 -52 -53 -54 -55 -56 -57 -58 -59 -60 -61 61 -63
leaf_value=-0.017202164559855383 -0.031178563556162522 -0.0023750993137853192 -0.014373606340508429 -0.0277003411238314 0.015652082216270225 0.016075210072341008 -0.018381714569021105 0.013067978883338466 -0.0047490671494925495 0.013371659338219162 -0.014174723922979754 -0.013586819092713486 -0.0051721023773455147 0.0034209017593580162 -0.010760929628704511 -0.01201737219889033 0.00034412328764904233 0.0042039526008118815 0.010458950343757075 0.0011222412830506406 0.015865751557730047 -0.005534147076459447 -0.0075489974264531428 -0.0057992526161301959 -0.01292514543423357 0.013276106787311785 0.00020778131125234934 0.0027032668572624752 0.01122958114189827 0.0091643291412513324 -0.019246632165196627 -0.0087577078342947617 -0.0063849812427721319 0.0055119785445395244 0.0022840064065629169 -0.016376417806222031 -0.035787213552862886 -0.0037868507496686753 0.0047281924387484273 0.0016138886853307578 -0.012740272432819942 0.022552644925920653 -0.025160987614445605 0.10735681962255528 0.0036872248204480847 0.0092258512821708979 0.014109791906924865 -0.019674246385272629 0.016414227146462741 -0.020072509781583824 -0.0013927261126085867 -0.0050644744201712374 0.017426183092964516 -0.017229287386651561 0.011114693175808224 -0.015518693060089054 0.0015126354316672803 -0.0029092190178947783 0.024755302996627628 -0.026996703234711063 0.0096351512132204688 -0.010362514899294217
leaf_weight=969.14517669379711 443.14905986562371 238.06336208432913 758.70197029784322 2272.2234527245164 4339.2278466373682 450.78391856700182 2427.0122194327414 366.61169669404626 982.03803350403905 955.37782192975283 255.20798093080521 1584.0378985032439 965.24034259095788 2671.5928586795926 927.22585385292768 327.61561820656061 385.91346766799688 1014.9033263102174 1530.683273486793 1091.9980123788118 1380.3937323540449 365.74869403615594 1615.0464057065547 1294.1182906478643 378.06466566771269 1508.8083288967609 1911.4772182293236 2405.5624027326703 901.74511172994971 775.03378972411156 157.60720083862543 560.61616085469723 151.33004625141621 1929.6009204238653 269.46518179774284 87.026593074202538 319.50269414111972 1718.9423791244626 231.01899896562099 2780.2382777482271 1382.6319515034556 1044.4088380485773 68.366140097379684 2.4105990007519713 123.16083952784538 810.4839478880167 1316.4132463485003 1379.672641005367 160.90028654783964 255.30914255231619 1236.4829530641437 1469.6918374300003 469.44330453872681 838.08511068299413 915.78293044865131 401.5575470328331 9663.6024883762002 197.08649552613497 355.15580218285322 111.61195420101285 3369.2335830926895 122.99674813449383
leaf_count=10642 9158 1107 4683 50841 21868 1942 38445 3075 5649 5229 1570 10455 6161 11521 5900 2441 1849 5153 6557 4850 6034 1652 18190 12639 2263 7093 9978 11549 4235 3916 870 2414 640 8769 1283 388 2937 13613 1147 14936 12625 5618 442 51 1262 3445 5716 29613 720 1354 5788 9206 2056 9385 3951 1867 42530 1207 1750 837 14464 536
internal_value=-7.39164e-05 0.0028347 -0.00103172 -0.01646 0.00674441 0.000354983 -0.0122935 -0.0110332 -0.00086048 -0.000392466 -0.00260854 -0.00503492 0.00194725 0.0101604 -0.00359224 0.000701023 0.00375646 0.00446236 0.002916 0.00202914 0.00776969 0.00363779 -0.00713588 -0.00162889 0.00340188 0.0045289 0.00707356 0.000576779 0.00374342 0.0066261 0.00103804 0.000308104 0.0136647 0.0129821 0.00965463 0.0146057 -0.0262312 -0.0100276 0.0163605 -0.000917516 -0.00778096 0.0193303 0.000642528 -0.0245579 -0.0173149 0.00463544 0.0115113 -0.0193752 -0.00701669 -0.00244703 -0.00457032 -0.00948821 0.0079147 -0.0108618 0.00568323 -0.00765716 0.00132133 0.0115581 0.0140813 -0.00745709 0.00654203 0.00892807
internal_weight=71392.6 60631.1 30484.7 10761.5 30146.4 26414 7107.18 6664.03 22694.6 21935.9 13848.2 9035.76 4812.47 14064.6 8461.05 3754.63 16081.8 2827.4 14527.3 12996.7 3719.36 2187.63 4113.86 1660.73 8087.7 7105.66 4322.03 2783.63 2813.22 2499.79 1172.51 1736.85 1531.72 7900.75 3561.52 1631.92 574.711 4070.72 1544.89 3857.09 3101.57 1275.43 10519.4 3654.31 2550.17 1176.23 1554.48 1382.08 4706.42 1652.69 1491.79 3053.73 2477.22 2453.13 2007.78 787.471 9731.97 1327.28 1130.19 1076.85 6163.82 3492.23
internal_count=488065 315406 178887 172659 136519 142007 92154 82996 125880 121197 80430 53267 27163 65594 48760 21237 70925 15337 64102 57545 16127 9453 43289 15714 40767 35118 21306 13812 14213 12896 6023 7511 6674 39073 17205 8436 4507 36880 8048 21934 26238 6765 46688 80505 39707 5097 6823 29664 27523 7862 7142 19661 10857 27575 8801 3716 42972 6873 5666 6998 26521 15000
cat_boundaries=0 1 2 3 4 5 6
cat_threshold=1352 1200 5248 5536 2050 131072
is_linear=0
shrinkage=0.035


Tree=61
num_leaves=63
num_cat=7
split_feature=24 2 34 24 13 46 40 0 17 1 8 29 9 16 16 23 42 22 40 22 26 29 32 23 48 45 0 29 44 13 26 17 44 48 28 22 47 42 48 16 0 16 8 22 26 26 16 16 41 22 40 47 26 40 8 17 10 37 16 19 51 17
split_gain=2621.06 709.126 310.477 291.984 174.129 168.905 153.408 146.988 117.226 113.919 109.981 83.9541 81.7648 84.3025 74.3512 71.5232 70.2676 68.811 68.2092 113.736 70.5726 68.5128 65.1954 60.903 58.784 58.3179 62.1065 56.6269 55.6557 53.683 53.5505 52.8902 49.3131 48.8765 48.4675 45.7902 44.5014 51.4042 44.1496 43.4373 42.895 42.8764 42.5872 41.8638 59.84 52.5492 52.296 41.8633 41.8264 39.3771 38.9917 38.465 38.1163 37.6122 36.8109 36.5991 37.8096 38.7351 40.3994 36.0691 35.9048 35.733
threshold=4.5000000000000009 95.800000000000026 1.5000000000000002 10.500000000000002 0.90692640692640702 4.330000000000001 1.0000000180025095e-35 1.9200000000000015 1.0000000180025095e-35 inf 13.500000000000002 23.500000000000004 488.2050000000001 0 1 0.93301270189221952 3.5000000000000004 5.5000000000000009 5772.21 40.500000000000007 21.500000000000004 23.500000000000004 70.960000000000022 -1.0000000180025095e-35 10.500000000000002 5.2250000000000005 159.15000000000003 115.50000000000001 100.12000000000002 0.27888888888888896 21.500000000000004 7983.5400000000009 345.44000000000005 11.500000000000002 0.97500000000000009 40.500000000000007 7327.9950000000008 4.5000000000000009 2.5000000000000004 2 854.91666666666686 3 10.500000000000002 2.5000000000000004 122.00000000000001 39.500000000000007 4 5 1902.2600000000002 8.5000000000000018 8178.8999999999996 1216.3200000000002 70.500000000000014 9705.840000000002 6.5000000000000009 26820.600000000002 215.07000000000005 6264.9900000000007 6 238.62083333333337 50.685914846690473 521.21000000000015
decision_type=8 10 2 10 10 8 8 8 8 8 2 2 10 9 9 2 2 2 10 2 2 2 8 2 2 10 10 2 10 10 2 8 10 2 8 2 8 2 2 9 10 9 2 2 2 2 9 9 8 2 10 10 2 10 2 10 10 8 9 10 10 10
left_child=1 5 8 6 33 29 -2 -8 47 14 16 -9 13 51 -10 24 22 61 20 -20 -19 -22 -7 27 -12 26 28 -23 -13 -1 -15 -11 -28 40 -25 -5 37 -32 -24 -26 41 -4 -31 -40 45 -45 60 -3 -43 -14 -51 55 -17 -42 -18 56 57 58 -6 -56 -46 -16
right_child=3 2 4 35 12 10 7 11 9 31 15 25 49 30 17 52 54 18 19 -21 21 23 38 34 39 -27 32 -29 -30 42 36 -33 -34 -35 -36 -37 -38 -39 43 -41 53 48 -44 44 46 -47 -48 -49 -50 50 -52 -53 -54 -55 59 -57 -58 -59 -60 -61 -62 -63
leaf_value=-0.018083533605602175 -0.031302260045026828 -0.028198454722230936 0.011490240818728311 -0.028180983177801922 0.020395432141376926 -0.0087082094699045126 -0.02180067482797193 -0.022624390592317075 0.01014640674171702 0.01278257119086585 -0.0090228114277336388 -0.0039164566078756452 -0.00051507735541433182 -0.011780660517886943 -0.0024907433094486231 0.0084311820161817493 0.016622259318722566 -0.013048366294201429 -0.017400213183250898 0.00095390701635728373 -0.0074244004573427742 0.0039835980610691372 -0.0083025480261710843 -0.0043348747024744474 0.0067657703533430674 -0.012587473551001373 0.006400038054790151 -0.0046324627781573202 -0.014810533137202113 -0.0036763121288352386 -0.0045355440306342788 0.0027838432182686452 -0.011428716078562265 0.012252897540320464 0.0066716026022497071 -0.018214219413315438 0.011691527363951496 0.0069767198431408724 -0.0068578332220301909 -0.0082446901314430238 0.0079603298960249473 -0.0029383625094487249 -0.012726474110025318 -0.0043459946925642513 -0.00024482092840422592 0.010138339019597464 0.011799264081566369 -0.0056993556394418264 0.0034858543545935598 0.020049492296628949 0.0089653045447043427 0.0063688709655831772 -0.0059335475328058888 -0.0050897184421991957 0.0077249286267555553 -0.039896435862985094 0.017179188562784026 0.016188207913420367 0.0035311928415691649 -0.0045886323194477847 -0.011311864404909321 -0.015820271628107369
leaf_weight=777.63815817981958 498.28642896190286 186.58872610330582 613.31355699896812 2144.7388142496347 202.82036216557026 1041.4405105225742 1315.9837983064353 496.05637003853917 996.11667770147324 1624.4471119493246 3727.997358456254 1546.2456472180784 154.80117715895176 211.99979753792286 540.2741314843297 636.09839832037687 384.13781648874283 364.62150111049414 621.50884177535772 1232.0603491291404 772.08251015096903 1984.8044710457325 605.73788882419467 539.59571214020252 571.7633465602994 1863.7330543026328 803.77519578486681 1763.8802409023046 914.06779972463846 1471.7509607821703 693.99237401783466 1078.9252682253718 247.82385623455048 1049.9140956550837 5276.9569239914417 777.49029783532023 1212.6030827313662 1501.7519629597664 640.80085970833898 386.20066306740046 4100.3118746355176 1652.5546710267663 1123.5335625186563 377.65045964717865 2651.0750152021646 1624.0951081812382 383.3730840086937 246.0987481623888 4982.4386811032891 1845.5373113304377 495.56239192187786 1096.9382634460926 350.05217538774014 288.99221821129322 1106.8357864096761 14.602561593055723 2154.3534234315157 874.70340251922607 1020.6876495033503 394.66878452152014 414.38202429562807 452.56507775187492
leaf_count=9260 10739 1771 2581 50962 915 8463 23077 6990 4764 7075 23819 18194 757 884 2823 3026 1702 1953 3372 6223 4368 9356 4183 2795 3246 24387 6443 8884 11749 11260 3018 4540 2440 4449 23997 17678 5590 6812 3984 2531 17616 7104 9565 1872 16149 8055 2175 1489 21052 10109 2594 5260 1827 1218 4940 60 10329 4009 4535 1764 2731 2552
internal_value=-7.23663e-05 0.00274072 0.00527122 -0.0161192 0.00784967 -0.00293154 -0.0125359 -0.0112308 0.00174643 0.00219821 -0.00136798 -0.00885851 0.0109728 0.00941401 0.000971632 -0.00523337 0.000910428 0.000288673 0.000990556 -0.00520636 0.00206424 0.00259851 -0.000566078 0.00340823 -0.00703611 -0.00758424 -0.00492626 -7.0698e-05 -0.00796825 -0.0100198 0.00523544 0.00879455 0.00219158 0.00502303 0.00564997 -0.0255364 0.00631235 0.00333772 0.000701183 0.000696634 0.00436978 0.00271561 -0.00759764 0.00159775 0.00259291 0.00740491 -0.000201377 -0.016226 0.00188276 0.016578 0.017708 0.0122002 0.00333131 0.00710015 0.006967 0.013726 0.0139195 0.0105659 0.00653654 0.00448742 -0.00173837 -0.00857654
internal_weight=71125.8 60517.6 41848.4 10608.2 24167.9 18669.2 7685.97 7187.69 17680.5 17247.8 15296.3 5871.7 11480.4 8984.45 14544.5 5672.11 9624.2 13548.3 12555.5 1853.57 10701.9 10337.3 7738.55 9565.24 4685.96 5375.65 3511.91 3748.68 2460.31 3372.92 3620.35 2703.37 1051.6 12687.5 5816.55 2922.23 3408.35 2195.74 6697.11 957.964 11637.6 7248.31 2595.28 6091.38 5450.58 2001.75 3448.83 432.687 6634.99 2495.9 2341.1 5364.11 986.151 4389.3 1885.64 4267.17 4252.56 2098.21 1223.51 1501.5 3065.46 992.839
internal_count=488065 315406 194854 172659 108892 120552 104019 93280 85962 82702 90467 70203 54872 41412 71087 34449 56018 66323 60948 9595 51353 49400 47612 45032 29596 63213 38826 18240 29943 30085 16304 11615 8883 54020 26792 68640 15420 9830 39149 5777 49571 30737 20825 34966 30982 9927 21055 3260 28156 13460 12703 25108 4853 18834 8406 19848 19788 9459 5450 6704 18880 5375
cat_boundaries=0 1 2 3 4 5 6 7
cat_threshold=5544 66808 416 66720 219524 217376 128
is_linear=0
shrinkage=0.035


Tree=62
num_leaves=63
num_cat=5
split_feature=13 2 7 34 24 17 45 16 22 2 14 6 16 8 40 23 12 14 18 29 14 29 32 32 29 23 38 17 18 22 46 19 39 29 1 47 18 22 46 23 18 18 41 47 22 43 29 29 40 37 4 33 16 32 16 42 23 41 7 29 47 16
split_gain=2480.71 669.127 358.833 256.78 199.9 180.083 169.755 119.416 211.747 141.662 113.976 102.084 98.7317 96.9431 96.627 90.5316 88.5671 87.9332 79.9815 83.5238 81.8151 97.4535 73.3111 72.7451 71.8137 70.0013 69.874 65.6965 62.363 62.1037 59.6612 58.7535 55.7618 54.896 54.8178 54.609 53.8777 72.8396 53.0046 51.3946 58.3589 51.0429 49.4919 51.6408 46.9485 45.5502 45.2823 43.7995 47.7029 64.4337 41.2055 41.1656 41.1627 40.796 39.7752 41.6722 39.502 39.3571 39.1953 39.0698 45.619 37.4044
threshold=0.32738095238095244 95.800000000000026 0.68333333333333346 2.5000000000000004 4.5000000000000009 1.0000000180025095e-35 6.1250000000000009 0 8.5000000000000018 1088.5700000000002 16.000000000000004 157.21333333333337 1 15.500000000000002 1.0000000180025095e-35 0.93301270189221952 21.612500000000008 18.000000000000004 11770.278500000002 353.00000000000006 19.500000000000004 69.500000000000014 1.0000000180025095e-35 11810.43 207.50000000000003 -1.0000000180025095e-35 1386.0000000000002 3274.2000000000003 10806.150000000001 1.5000000000000002 27.365000000000006 312.50350000000009 161.37000000000003 207.50000000000003 192.76500000000001 1427.9800000000002 6565.3290000000006 40.500000000000007 184.41000000000005 0.68301270189221941 3722.4229166666673 4390.5600000000004 3199.3200000000002 22.040000000000003 59.500000000000007 1.5000000000000002 100.00000000000001 272.50000000000006 3072.7883333333334 6188.5800000000008 1394.1600000000003 1.5000000000000002 2 1253.7300000000002 3 2.5000000000000004 0.93301270189221952 1045.0450000000003 0.82575757575757591 115.50000000000001 inf 4
decision_type=8 10 10 2 10 8 10 9 2 10 2 10 9 2 10 2 10 2 10 2 2 2 10 8 2 2 8 10 10 2 8 10 8 2 10 10 10 2 10 2 10 10 10 10 2 2 2 2 10 10 10 2 9 10 9 2 2 8 10 2 8 9
left_child=2 4 26 5 10 61 14 -7 27 15 -2 12 42 16 -4 18 -12 -16 19 20 -10 30 25 -14 59 -19 45 -9 -13 -18 -22 54 51 -6 -11 47 57 -38 -33 46 -41 -25 43 -5 -32 -1 58 52 49 -49 -30 -24 -26 -17 55 -15 -40 -36 -31 60 -23 -3
right_child=1 3 6 11 33 7 -8 8 9 34 13 28 23 31 17 53 29 22 -20 -21 21 24 32 41 35 -27 -28 -29 50 39 44 38 -34 -35 36 -37 37 -39 56 40 -42 -43 -44 -45 -46 -47 -48 48 -50 -51 -52 -53 -54 -55 -56 -57 -58 -59 -60 -61 -62 -63
leaf_value=-0.025457329347689048 -0.021327936297583294 -0.026015471832730376 -0.029100136127333507 0.016438901851102278 -0.019964842057542259 0.012145437075208184 -0.01841935794653347 -0.0036521455130400482 -0.0040300497632339708 0.015578713936510769 -0.0060030337187718186 0.017708310545485169 -0.0034211559720689726 -0.0055442978188147644 -0.021301894468218428 0.014921888807638244 -0.0092823094787334911 -0.0060556992826190084 -0.010450773775208085 -0.010250832030389585 -0.011693807039362354 0.0010914246497925435 -0.018827144095479219 0.0037294255808528322 0.011070540378607241 0.0057205861068296386 0.015436538459546944 -0.021437241968552234 -0.0067555646242737702 -0.0078862414557397415 0.0095453825811919416 -0.016889840726393407 -0.021386253945947269 -0.0073450299840742235 0.00035539987074798002 -0.0066879893971300789 -0.015375679191922452 0.0086852388399823628 -0.010325428299635907 0.0030016732865275485 0.013401819728392505 0.015220914606140609 0.016970134209105776 0.0067781522070771661 0.02234672111751693 -0.015760788103054049 -0.0014526056926944747 -0.0010110412175586554 0.0082857078027660219 -0.061534518337590959 0.02654041822704627 -0.0053990034566261981 0.0038236184693434014 -0.00074004672489898931 -0.0097592465184003791 0.0058880202283625119 0.0072922165925521894 0.010260222394814739 0.0066695424212528612 -0.0028962887197883746 0.015928745793218912 -0.0061937290120053674
leaf_weight=3127.2512312717736 347.22180901840329 258.2066439948976 237.18618943914771 893.21208864450455 914.84781869128346 2072.0507674589753 2272.4488271288574 2729.1023277677596 1690.550871655345 1289.5565455555916 2133.3442748263478 2398.006431132555 1215.4224298298359 717.82945462316275 445.57366858050227 1046.2601901367307 575.25293674692512 1360.0798042789102 581.8968720138073 582.70879588276148 134.44270912930369 1469.6118842661381 317.12255127727985 1566.4686603993177 2408.5702355280519 1132.1200118623674 56.340348586440086 279.68479124084115 219.22107025980949 257.53631979972124 1639.8895533382893 876.06329225748777 377.31219387054443 786.79922496527433 570.65996324270964 446.10869515687227 279.86261128634214 340.60665858536959 418.73211752995849 2115.0709082111716 960.91955110430717 678.24872110784054 1336.5889191776514 2815.0587101578712 446.92727657780051 740.4525895267725 4044.573108650744 1372.8632661551237 925.00968069583178 20.892142340540886 56.39831654727459 2331.2275605425239 1654.8946271724999 252.82663988694549 616.7666174992919 854.35959822684526 247.15104588121176 3542.1049937903881 1842.1299491077662 2993.8213378116488 305.89366452395916 245.97811256721616
leaf_count=63792 2734 3090 5004 4292 14535 9141 39270 13091 8503 5987 15403 13018 5236 5078 5112 4525 3766 11764 2822 2894 789 6689 3594 6957 10769 8229 465 1562 1013 1997 7188 5698 4137 10964 2477 1969 1299 1541 2304 10507 4725 3196 6303 12782 1984 10811 22739 6158 4135 98 319 25074 7451 1112 4341 4074 1088 15710 10062 13810 1316 1572
internal_value=-7.09803e-05 0.00294444 -0.0142916 0.00541237 -0.00273594 0.00370441 -0.0102373 0.00406423 0.00343797 0.00453671 -0.00152307 0.00993124 0.00805427 -0.0010826 -0.00723617 0.00297968 0.000457597 -0.00636184 0.00228593 0.00274711 0.00323609 0.00412523 -0.00515177 0.0034637 0.00283839 -0.000705992 -0.0230412 -0.00531195 0.0158968 0.00186512 0.0108398 -0.00600588 -0.00881226 -0.0141375 0.00918191 0.00513987 0.0074362 -0.00217471 -0.0112368 0.00256154 0.00625391 0.00720685 0.0111725 0.00910894 0.0122964 -0.0236055 0.000712313 0.00596754 0.00212801 -0.00196175 0.000128905 -0.00701343 0.00815746 0.0118756 -0.00231765 0.000663831 -0.00378528 0.00888632 0.00488129 -0.00045707 0.00365521 -0.017014
internal_weight=70865.3 58468.2 12397.1 40759.6 17708.6 29581 8473.07 29076.8 27004.7 23996 16007 11178.6 8505 15659.7 6200.62 17973.2 11928.8 5963.44 16674.1 16092.2 15509.5 13818.9 5517.86 3460.14 11597.7 2492.2 3924.04 3008.79 2673.63 9795.48 2221.26 3730.9 3025.66 1701.65 6022.79 6828.34 4733.23 620.469 1541.95 9220.23 3075.99 2244.72 5044.86 3708.27 2086.82 3867.7 6144.24 6382.23 2318.77 1393.76 275.619 2648.35 4063.46 1299.09 2188.96 1572.19 665.883 4112.76 2099.67 4769.33 1775.51 504.185
internal_count=488065 310813 177252 190798 120015 137682 102184 133020 123879 109226 94516 53116 38766 91782 62914 82212 69199 57910 76575 73753 70859 62356 52798 15389 52395 19993 75068 14653 14350 53796 9961 22583 32805 25499 27014 30580 21027 2840 9090 50030 15232 10153 23377 17074 9172 74603 34798 28611 10391 6256 1332 28668 18220 5637 13493 9152 3392 18187 12059 21815 8005 4662
cat_boundaries=0 1 2 3 4 5
cat_threshold=67240 13792 131328 448 152864
is_linear=0
shrinkage=0.035


Tree=63
num_leaves=63
num_cat=6
split_feature=24 4 24 2 21 40 2 14 26 23 32 37 16 12 2 43 16 14 37 46 42 46 26 47 14 18 4 8 16 17 29 26 16 2 8 42 17 19 3 47 14 26 18 17 46 44 29 14 46 32 32 32 14 26 29 26 18 2 42 26 16 16
split_gain=2336.14 632.378 283.955 265.176 180.285 149.72 139.569 129.949 161.129 130.691 108.654 100.741 81.1269 78.9957 76.342 73.8898 65.4361 63.2702 60.523 56.5286 55.5557 52.5326 51.6305 51.3018 51.2349 50.4774 51.5146 50.2622 49.637 49.3824 49.1712 70.541 55.0729 48.5035 52.11 48.4748 46.5674 45.0865 43.8632 45.8296 42.4774 41.2034 40.8307 40.8043 40.8375 38.651 38.5994 52.3884 41.9321 38.3463 37.788 37.6427 37.0937 67.2077 36.6638 45.8363 49.3458 43.9625 38.7101 36.6504 36.1025 35.906
threshold=4.5000000000000009 10.100000000000001 10.500000000000002 5.1250000000000009 3.8550000000000009 1.0000000180025095e-35 0.7350000000000001 19.500000000000004 314.50000000000006 0.93301270189221952 11810.43 2257.8500000000008 0 70.005000000000024 1088.5700000000002 4.5000000000000009 1 16.000000000000004 5830.5600000000004 27.365000000000006 1.5000000000000002 114.86000000000003 21.500000000000004 157.54000000000002 16.000000000000004 11770.278500000002 1394.1600000000003 6.5000000000000009 2 1.0000000180025095e-35 333.50000000000006 131.50000000000003 3 1664.0000000000005 20.500000000000004 2.5000000000000004 7747.0200000000004 548.13333333333344 156.50000000000003 1240.6200000000001 16.000000000000004 61.000000000000007 3409.2229166666671 1716.8000000000004 447.57000000000011 64.965000000000018 115.50000000000001 19.500000000000004 1278.4850000000004 463.41000000000008 1703.9700000000003 34.985000000000007 18.000000000000004 314.50000000000006 207.50000000000003 39.500000000000007 1965.7804166666667 529.6500000000002 2.5000000000000004 131.50000000000003 4 5
decision_type=8 8 10 10 10 8 8 2 2 2 8 8 9 10 10 2 9 2 10 10 2 8 2 8 2 10 8 2 9 8 2 2 9 10 2 2 10 10 2 10 2 2 10 10 8 10 2 2 8 10 10 10 2 2 2 2 10 10 2 2 9 9
left_child=1 3 5 20 13 -2 -7 35 9 10 15 12 -6 -3 50 -9 -17 -8 21 51 23 45 -14 -1 -24 40 -27 -22 37 -15 31 36 -33 34 38 -5 41 -12 54 -40 -16 42 -31 61 -45 -19 47 -34 -48 -21 52 -10 -13 -54 58 56 -56 -57 -30 -18 -37 -11
right_child=2 4 -4 7 11 6 17 8 19 43 28 14 22 29 25 16 59 18 -20 49 27 -23 24 -25 -26 26 -28 -29 33 30 -32 32 46 -35 -36 60 -38 -39 39 -41 -42 -43 -44 44 -46 -47 48 -49 -50 -51 -52 -53 53 -55 55 57 -58 -59 -60 -61 -62 -63
leaf_value=-0.016319261622733703 -0.030927738599126724 -0.0046611263306353705 -0.02497349110223545 -0.010863832397081084 0.011503540942104635 -0.017852916924958252 -0.026198502525926537 -0.0079252535493637213 0.0097502845686096955 0.019914016055477574 0.0052613278578047826 0.00087679728600943458 -0.016164905716887373 -0.012800254190128146 -0.00048450337822704756 0.0021904252188172822 -0.0010955955148596777 -0.004595347415274449 -0.015551477562505077 0.016117075097630256 0.0041975937684386629 0.00043224269139528472 -0.017291096747570761 -0.0054149540447768658 0.0041738115279281122 -0.0098792538142657513 0.026043739432186803 -0.0075916762757588623 -0.0055841300276180629 -0.00033594703003589105 -0.0050355075913756523 0.015174180270966037 -0.0035807156991986559 0.0082099765509387815 -0.01123591068766085 0.013680071610750293 -0.0078492103032651393 0.023132881703036814 0.0065343973586695619 -0.012384023268762692 0.017621038284882276 0.012296437556789773 0.015087686705332611 0.005974078404200724 0.017450820316992174 -0.013987610582010208 -0.0036588134306925705 0.0079448612888488156 0.0057907718152919877 0.0057582954659101647 -0.0022257934657148554 -0.012779355086550551 0.0092994400885226241 0.023351812544616577 -0.016151000765790628 0.0017628696755431638 0.0039351021836235237 0.012802881110224358 0.0011881117972054409 -0.0099681268391246438 -0.0037686358232685668 0.0016032122441725937
leaf_weight=1436.609648488462 474.45642355829477 1341.0893687829375 2799.0625257082283 1478.494008269161 1769.5416496768594 2235.2951722852886 206.05598878115416 3012.2624607793987 166.92009042203426 133.81677608564496 1247.6223763525486 536.98487268388271 173.83848475664854 200.37922883778811 167.50706171989441 3138.7575188800693 1121.8049940168858 1514.6938966400921 743.63968439027667 1281.0049778595567 590.6510272808373 1514.1024056263268 140.90980247408152 838.0103370398283 3411.95760448277 175.31336042284966 66.670003399252892 1764.6515985839069 2468.5308733433485 744.25921187549829 596.63107509166002 403.16434151679277 646.39493656903505 985.2101053930819 474.4269495010376 153.62325347214937 189.61938293278217 199.97700222581625 1975.4610130004585 169.46580851823092 3011.8302158564329 2561.9219004735351 292.01955100148916 822.75399217009544 707.05950473994017 831.70993768796325 1988.2283244878054 1905.7394070401788 808.30033609271049 667.16609844565392 348.74787852168083 196.98321057856083 4728.4104906842113 456.90686463564634 304.94978378713131 1766.7707570157945 292.99785716086626 588.39869759976864 1778.0945207290351 1159.706650968641 1239.4605155363679 1461.9541461244226
leaf_count=16315 10739 7502 68640 9959 8301 38165 2973 20461 1152 606 6411 2354 750 884 751 15748 5385 18626 9141 6050 4260 13987 632 6429 15617 775 368 13305 14201 3169 2659 1728 3030 4554 2333 721 809 867 9816 797 16169 11132 1242 3728 3023 10388 8760 8300 3530 3104 1557 1456 21132 2117 1496 8678 1373 2615 7907 6428 6033 6927
internal_value=-6.97911e-05 0.00256409 -0.0154573 -0.000628155 0.00658905 -0.0119123 -0.0106276 0.000614017 0.00139098 0.000534199 -0.000473903 0.00912917 0.00535678 0.00332827 0.0113126 -0.00353135 -0.00108847 -0.00726693 -0.00641415 0.0102102 -0.00840538 -0.00465048 0.00239853 -0.0123061 0.00331787 0.0154948 8.4514e-05 -0.0046347 0.00163054 0.00436517 0.00470574 0.00531544 0.00287224 0.00080999 6.75679e-05 -0.00645185 0.00902371 0.00769134 0.000642584 0.00503462 0.0166673 0.00991482 0.00402073 0.00720362 0.0112864 -0.00792908 0.00191036 0.00502545 -0.00092644 0.0125744 0.00895366 -0.00244676 0.00963526 0.0105419 -0.000666397 0.00232823 -0.00631855 0.00452529 -0.00274893 -0.00558349 -0.00176494 0.00328497
internal_weight=70609 60290 10319 33623.6 26666.4 7519.95 7045.5 28993.7 26122.1 23810 20684.4 14988.6 5496.25 11677.7 9492.37 8432.53 5420.27 4810.2 4604.15 2312.07 4629.92 3860.51 3726.71 2274.62 3552.87 3421.32 241.983 2355.3 12251.9 10336.7 10136.3 9539.65 5751.83 10804.3 9819.1 2871.58 3787.82 1447.6 9344.67 2144.93 3179.34 3598.2 1036.28 3125.58 1529.81 2346.4 5348.66 2552.13 2796.53 1948.17 6071.05 363.903 5722.3 5185.32 7199.74 2953.12 597.948 2355.17 4246.63 2281.51 1393.08 1595.77
internal_count=488065 315406 172659 192138 123268 104019 93280 151829 135116 123354 109070 70523 25300 52745 45223 48022 27561 55115 52142 11762 40309 43001 16999 22744 16249 18063 1143 17565 61048 45243 44359 41700 25348 53770 49216 16713 16352 7278 46883 10613 16920 15543 4411 14284 6751 29014 23620 11330 12290 9154 27160 2608 25603 23249 36270 14162 2869 11293 22108 11813 6754 7533
cat_boundaries=0 1 2 3 4 5 6
cat_threshold=5280 132488 66808 1192 5184 128
is_linear=0
shrinkage=0.035


Tree=64
num_leaves=63
num_cat=4
split_feature=13 0 7 44 4 45 12 22 16 50 18 17 40 16 22 22 8 14 14 40 14 23 22 26 48 26 14 37 37 25 44 41 19 46 43 18 3 26 7 23 3 43 26 3 29 26 26 16 18 40 26 0 9 16 14 29 23 41 22 18 26 18
split_gain=2216.59 587.226 340.758 243.341 213.711 159.836 140.755 127.418 149.034 126.569 124.278 101.893 99.8357 95.7532 102.884 91.1699 88.266 87.2067 84.2291 80.8038 80.3824 79.2086 75.8978 75.7412 76.3174 68.9981 96.3714 67.8221 66.826 66.2634 66.1558 58.5909 57.0399 56.7554 55.5373 55.4898 55.3151 54.0109 53.8945 49.8995 51.4361 49.0623 48.5274 47.1066 47.071 75.8366 45.975 44.7115 44.4825 43.2492 43.024 43.9617 42.3582 41.9765 41.8813 41.2064 51.7068 41.7027 40.8777 59.9468 40.4716 40.2883
threshold=0.31909090909090915 189.88333333333335 0.68333333333333346 112.93000000000002 14.440000000000003 7.166666666666667 29.323333333333334 38.500000000000007 0 2.8621670111997242 11770.278500000002 2.2450000000000006 1.0000000180025095e-35 1 8.5000000000000018 2.5000000000000004 12.500000000000002 18.000000000000004 18.000000000000004 6523.2900000000018 18.000000000000004 0.93301270189221952 15.500000000000002 21.500000000000004 6.5000000000000009 269.00000000000006 19.500000000000004 inf 6264.9900000000007 132.17700000000005 167.22000000000006 2638.1150000000002 202.90200000000004 447.57000000000011 5.5000000000000009 393.94950000000006 84.500000000000014 30.000000000000004 0.59166666666666679 0.93301270189221952 237.50000000000003 1.5000000000000002 21.500000000000004 285.50000000000006 207.50000000000003 30.000000000000004 314.50000000000006 2 2902.3891666666673 8031.3299999999999 21.500000000000004 1534.2600000000004 303.49000000000007 3 16.000000000000004 272.50000000000006 -0.6830127018922193 4297.1400000000003 11.500000000000002 488.0024621212122 61.000000000000007 564.57125000000008
decision_type=8 10 10 10 10 10 10 2 9 10 10 8 10 9 2 2 2 2 2 10 2 2 2 2 2 2 2 8 8 10 10 8 10 8 2 10 2 2 8 2 2 2 2 2 2 2 2 9 10 10 2 10 10 9 2 2 2 10 2 10 2 8
left_child=2 3 27 6 11 12 38 8 58 -5 28 35 -4 -13 -15 61 -11 -10 -14 22 -17 25 48 -22 -25 44 47 41 42 39 37 -26 34 -23 53 -3 -21 -20 -2 40 55 -1 -9 -12 -16 -46 -28 -27 50 -47 -19 -52 -44 -33 -40 56 -24 -57 59 60 -6 -8
right_child=1 4 5 9 7 -7 15 10 17 16 43 13 18 14 21 20 -18 19 30 36 23 33 29 24 31 26 46 -29 -30 -31 -32 32 -34 -35 -36 -37 -38 -39 54 -41 -42 -43 52 -45 45 49 -48 -49 -50 -51 51 -53 -54 -55 -56 57 -58 -59 -60 -61 -62 -63
leaf_value=-0.02529880834328577 -0.015170585076286233 -0.0028760449110263446 -0.028663807305987148 -0.018403114367792586 -0.0016521271103911407 -0.019599864363119168 -0.0059322564671138583 -0.0049742219282807977 -0.010669548360277689 -0.00020849779796809159 -0.0031463223204845196 0.011751908759368757 -0.020700148330089967 -0.0047500734596919083 -0.0021231822029234605 -0.0084919090594899587 -0.010291983295027772 -0.030007233530620937 -0.016088863933343241 0.0011958280951044897 -0.010542348391914867 0.002945447495003313 -0.0014847086202993596 0.0075851908921132343 -0.0081052901123173718 0.005795688172525547 0.0058045765309329318 0.0031837056770966255 0.016879518352133329 0.014055670861497251 -0.013144804352386456 0.013258836501990529 -0.0074628906695280838 0.016461601961161823 0.013942763641490642 -0.032827679236233559 -0.023355744551542369 -0.00253616751184542 -0.027261061493024492 0.021289855212013313 -0.044753001295935194 -0.015074999022277597 0.0085539205125758095 -0.039999622518512495 -0.0052008565801294065 0.0061167082323112529 0.014585316193898069 -0.0095292360235466264 -0.018289089101065192 -0.007311191220636332 -0.0014676838796598745 0.011211819721955597 0.016199187935566815 0.0011114120389045809 -0.00307419411348557 -0.0019068120814746102 0.0099235023024828433 -0.047762033222829549 0.015751668309479661 0.00075500223886891603 0.016042056104137954 -0.030706098281045889
leaf_weight=2929.2332325354218 619.69799859449267 157.09743214771152 258.03735843300819 1183.0865262784064 188.39491660892963 1621.8135627433658 870.98749946802855 251.75057843327522 543.8648844063282 2040.0974305830896 340.22578683495522 1429.0283807143569 473.08640693500638 2180.3118948750198 3829.5920029059052 695.87791203334928 2220.417154096067 52.9981929063797 390.7257356159389 236.78736792504787 432.09797354787588 652.78285117074847 718.56990504264832 4802.0361764170229 680.73169985041022 383.80072212964296 1779.108899820596 122.37352626025677 2734.8240937590599 1304.417551741004 1094.1642883345485 386.11820203065872 566.44471400603652 913.37792725861073 627.69174375012517 145.75059338286519 212.86047005653381 4488.68719644472 89.506209928542376 205.68205171823502 25.828513830900192 722.4005441442132 3000.3539103716612 47.588457643985748 1102.9671800136566 3895.6909550838172 1241.1002740450203 564.78082891926169 162.28332498669624 316.96351778134704 1338.8052880764008 445.66714508831501 1263.6527161449194 2898.3444212377071 2853.0085148774087 653.35117517411709 1505.6282937526703 24.238888621330261 1581.847940325737 793.74302527308464 986.23552212119102 87.716057293117046
leaf_count=62931 6786 1315 5775 15737 806 31093 5467 1074 2435 12212 1450 6327 5706 10964 17723 4329 14501 227 4320 1053 2580 2879 3144 24051 4332 1931 8008 1199 13447 6400 11260 1902 3250 3931 2892 2270 920 43885 1026 921 112 10811 13679 200 5267 17298 5505 2879 696 1558 5631 2078 6728 15595 21469 2763 6591 106 7586 3646 4446 962
internal_value=-6.80974e-05 0.00276285 -0.0136986 -0.00190841 0.00540574 -0.00974244 0.000313745 0.00805614 0.00564053 -0.00827962 0.0115277 0.00275117 -0.00735544 0.00308497 0.00234138 0.00212095 -0.00546481 0.00280685 -0.00649823 0.00387653 0.00301635 0.00339646 0.00487887 0.00378761 0.0044102 0.00250753 0.00636069 -0.0224222 0.0125603 0.00742953 -0.00537021 0.00145419 0.00290868 0.0108335 0.00441192 -0.0173514 -0.0104528 -0.00362449 -0.00579742 0.00466741 0.00349272 -0.0232809 0.0099413 -0.00775981 0.000834838 0.00296592 0.0094165 -0.00336844 -0.000782254 0.00510489 0.000773036 0.00170349 0.0108229 0.00258679 -0.00381893 0.00393742 0.00623885 -0.00361512 0.0115289 0.00818759 0.0132052 -0.00822856
internal_weight=70366.3 58265.8 12100.5 21053.9 37212 8326.51 15610.3 18619.6 10981.2 5443.6 7638.4 18592.4 6704.7 18289.5 16860.5 12048 4260.51 7430.98 6446.66 6887.12 11089.3 14680.2 6437.47 10393.5 9961.37 13114 3968.79 3774.01 7250.58 4437.72 5973.58 5159.33 4478.6 1566.16 3912.15 302.848 449.648 4879.41 3562.21 3133.3 2927.62 3651.63 4515.76 387.814 9145.21 5315.62 3020.21 948.582 1999.75 4212.65 1837.47 1784.47 4264.01 3284.46 2942.51 2901.79 2224.2 677.59 3550.22 1968.37 1174.63 958.704
internal_count=488065 311085 176980 137091 173994 102039 94641 86139 49561 42450 36578 87855 70946 84270 77943 65360 26713 33077 65171 30642 58931 66979 28669 54602 52022 60169 18323 74941 34928 20037 59465 27971 23639 6810 20389 3585 1973 48205 29281 13637 12716 73742 21481 1650 41846 24123 13513 4810 8632 18856 7936 7709 20407 17497 22495 12604 9735 2869 16484 8898 5252 6429
cat_boundaries=0 1 2 3 4
cat_threshold=5768 1224 20480 9337
is_linear=0
shrinkage=0.035


Tree=65
num_leaves=63
num_cat=3
split_feature=13 2 7 34 14 32 17 40 22 13 14 26 26 16 22 29 26 18 6 46 3 22 16 26 18 47 2 46 32 22 52 26 2 14 32 38 40 40 19 18 2 17 44 48 48 41 47 18 43 39 26 22 1 3 43 21 26 46 44 22 16 18
split_gain=2086.01 557.074 331.278 218.902 172.254 159.37 155.793 139.987 119.878 111.582 105.723 106.741 114.641 142.139 183.375 126.508 103.425 96.3066 93.8477 90.7619 90.5211 170.579 89.0116 87.2585 93.7111 84.8387 82.5373 77.6215 76.9448 76.8094 74.2525 72.7627 71.7478 70.285 67.1807 66.3975 65.567 64.2781 62.1694 56.0375 56.0361 55.8349 51.0657 50.1823 48.636 46.057 48.5312 45.8166 44.7179 44.3437 41.9714 41.428 40.2483 42.3876 39.3797 38.0569 37.9601 37.561 37.3306 37.0504 36.7944 36.2904
threshold=0.31909090909090915 95.800000000000026 0.68333333333333346 2.5000000000000004 16.000000000000004 423.43000000000006 1.0000000180025095e-35 1.0000000180025095e-35 1.0000000180025095e-35 0.18898809523809526 16.000000000000004 21.500000000000004 131.50000000000003 0 8.5000000000000018 115.50000000000001 30.000000000000004 1205.0379166666669 157.21333333333337 128.42000000000004 60.500000000000007 24.500000000000004 1 122.00000000000001 3753.6000000000008 inf 1321.6500000000003 98.120000000000019 1338.9300000000003 34.500000000000007 7.5000000000000009 51.000000000000007 6.6700000000000008 18.000000000000004 11810.43 1386.0000000000002 4254.3216666666676 2156.8050000000007 330.93650000000008 10806.150000000001 830.43000000000018 12761.820000000002 169.95500000000004 10.500000000000002 6.5000000000000009 3199.3200000000002 22.040000000000003 4390.5600000000004 1.5000000000000002 227.22500000000002 345.50000000000006 26.500000000000004 3572.5500000000006 242.50000000000003 6.5000000000000009 872.2600000000001 21.500000000000004 927.54000000000008 131.45000000000002 1.0000000180025095e-35 2 11770.278500000002
decision_type=8 10 10 2 2 10 8 10 2 10 2 2 2 9 2 2 2 10 10 10 2 2 9 2 10 8 10 10 10 2 2 2 10 2 8 8 8 8 10 10 10 10 10 2 2 10 10 10 2 8 2 2 8 2 2 10 2 8 8 2 9 10
left_child=2 4 35 6 -2 8 59 -4 -6 30 -8 -12 26 -14 17 25 -10 -15 22 -7 57 -22 45 24 -18 27 31 -16 40 36 -9 37 60 -11 -24 48 -27 -13 43 -20 61 49 56 -34 -21 46 -5 -36 -1 52 -29 -28 53 -33 -45 -41 -35 -17 -32 -3 -25 -23
right_child=1 3 7 18 5 19 10 9 16 33 11 12 13 14 15 20 23 -19 39 44 21 28 34 32 -26 29 51 50 -30 -31 58 41 38 42 47 -37 -38 -39 -40 55 -42 -43 -44 54 -46 -47 -48 -49 -50 -51 -52 -53 -54 -55 -56 -57 -58 -59 -60 -61 -62 -63
leaf_value=-0.024577487606655943 -0.023302840635040647 -0.028654116731064383 -0.029488585426930558 0.0154679897941566 -0.017042432342511269 -0.014852035330044686 -0.0077948141556503639 -0.0051772711882331979 -0.010827538911276397 -0.020288574194870436 -0.0069654901449673996 -0.0054439844281576324 0.01371191054279009 -0.004084465201950058 -0.0068829360331861822 0.0017779293290368066 0.0014648079016785457 -0.023549448262529384 0.016654703370124462 0.0052885771536459562 -0.022760498692405592 -0.00093262974071542252 -0.0036574668759575542 0.0042160665656760035 0.012286067671565273 0.010880109900518384 0.0092434585049709448 0.0046700936197803643 -0.0131899338016467 0.022950430313834098 -0.014136189645185107 0.0069807514327114009 -0.00030362420259355039 -0.020284440286157831 0.0032843454428920999 0.015406263086057928 -0.01915449631518969 0.0062544554663546614 -0.010534644489389263 -0.0098583587362818473 0.0070861668673371089 -0.012512626174828692 -0.011556154024697772 0.0044814384127696951 -0.012412608621597909 0.015935593051897068 0.006046531819229835 0.014227638635380534 -0.01475271645250441 -0.0021910515248281443 0.014101150176090432 0.019376601712391264 0.016666714212238084 0.018396182796937704 0.01914239662828306 0.01717677022470368 -0.0011672241766940128 0.010435063231810565 -0.024272261472222278 -0.0087630131435268138 -0.0088030429244309958 -0.018616076374368958
leaf_weight=2932.4215852022171 474.74529191479087 181.60230242088437 406.31326125562191 881.09695510566235 519.91486034914851 1661.3451019413769 949.70435378700495 940.26898968219757 993.37909944728017 339.07423445954919 1032.6611490398645 1135.502286426723 1295.4928889647126 1002.050011407584 634.71547737345099 1570.145871642977 3250.3503430709243 451.11956963315606 2349.1942070573568 555.92112867161632 478.85825945064425 2429.6405792720616 1212.3487823903561 309.70604946091771 1402.8969136923552 550.5282556116581 1132.7906614840031 3448.5206161290407 535.05401394143701 661.08662545681 1658.1738650128245 4655.2191392742097 4246.3122050724924 131.27793342992663 1559.2500212043524 56.340990990400314 105.23744812607765 1164.3254972323775 559.07468169555068 175.11652685701847 1238.6703957617283 161.9018492475152 829.43535816296935 1301.6825109198689 287.72916102781892 1319.6700927168131 2794.8569043874741 669.62233430147171 710.83455875888467 461.37124671041965 694.0568677149713 880.94415390491486 746.14737178385258 435.3373734280467 270.47910548746586 99.001772433519363 3344.7292189821601 1007.6666510477662 612.47865151241422 312.32832397893071 1768.5657496079803 150.01089592650533
leaf_count=63698 5318 3159 9823 4292 5353 15394 5207 9264 7880 3924 4975 5078 5723 4782 3421 7161 18233 2593 13018 3033 2400 11299 5236 2622 7905 2363 5035 15335 2563 2948 28370 20548 24263 1356 6957 465 462 5150 3046 808 5661 728 8104 7415 1956 6303 12783 3196 10778 2096 3024 4152 3241 1954 1205 524 30958 4424 10240 1507 16640 716
internal_value=-6.67954e-05 0.0026707 -0.0133776 0.00492704 -0.00252887 -0.00195172 0.00335258 -0.00947794 -0.000554042 -0.00843929 0.00368467 0.00407348 0.00449551 0.00263934 0.00166918 0.00294176 5.50007e-05 -0.0101392 0.00912621 -0.0101069 -0.000130488 -0.00295577 0.00732689 0.000880421 0.00472922 0.00667679 0.00729521 0.00450686 -0.000772585 0.0145395 -0.0134555 0.00582519 -0.00123789 -0.00496923 0.00296273 -0.0220814 0.00603832 0.000478687 0.000602783 0.014908 0.000970432 0.00772823 -0.00375833 0.00167456 -0.000756007 0.0103054 0.00830837 0.00657696 -0.0226652 0.00825046 0.00625322 0.0136838 0.00907606 0.0079604 0.00701432 -6.7289e-05 -0.00189485 0.00516474 -0.0168797 -0.0161194 -0.00688389 -0.00196777
internal_weight=70126.3 58164.9 11961.3 40562.8 17602.1 17127.4 29502.7 8261.75 14622.4 7855.44 29008.8 28059.1 27026.4 16252.9 14957.4 13504.2 14102.4 1453.17 11060.2 2505 7410.05 4832.23 8436.85 13109.1 4653.25 6094.15 10773.5 4777.29 4353.38 1316.85 3210.92 8759.8 8455.82 4644.52 3441.22 3699.6 655.766 2299.83 6377.55 2623.31 3818.32 6459.98 4305.44 5818.47 843.65 4995.62 3675.95 2228.87 3643.26 6298.08 4142.58 2013.73 5836.7 5090.56 1572.16 274.118 3476.01 2577.81 2270.65 493.931 2078.27 2579.65
internal_count=488065 311085 176980 190822 120263 114945 137705 102039 94562 92216 133039 127832 122857 74875 69152 61777 89209 7375 53117 20383 34224 22639 38767 81329 26138 27553 47982 21780 20239 5773 47874 38795 55191 44342 15389 74941 2825 10228 35929 14350 17676 28567 40418 32883 4989 23378 17075 10153 74476 27839 18359 9187 25743 22502 8620 1332 32314 11585 38610 4666 19262 12015
cat_boundaries=0 1 2 3
cat_threshold=66808 13792 196691
is_linear=0
shrinkage=0.035


Tree=66
num_leaves=63
num_cat=6
split_feature=24 4 24 46 2 40 1 42 47 43 26 26 27 27 41 50 16 26 26 29 16 14 14 48 16 37 44 45 46 21 27 19 16 3 16 26 14 3 16 35 41 18 44 26 8 2 40 18 4 48 23 14 26 37 41 52 14 26 2 43 23 17
split_gain=1972.02 529.394 270.64 202.329 197.129 143.504 130.25 107.502 100.555 96.6668 96.4811 99.5809 86.8703 82.6178 70.4881 66.8577 66.0178 65.2903 85.7392 76.8254 83.2158 80.826 64.3988 61.8351 50.7112 48.7317 47.2235 51.1235 48.2907 46.6763 44.4135 44.2232 43.2453 42.9641 53.0913 42.1812 38.5575 46.1299 39.8553 42.2533 38.1001 38.084 37.8598 37.6156 36.5395 35.5247 35.2261 35.2066 45.9438 35.0531 34.956 38.0591 34.6608 34.4226 34.4154 33.2493 32.7866 37.1368 32.4485 32.3399 30.5231 29.9985
threshold=4.5000000000000009 2.0100000000000002 10.500000000000002 66.245000000000019 1088.5700000000002 1.0000000180025095e-35 3.4300000000000006 5.5000000000000009 inf 3.5000000000000004 161.50000000000003 39.500000000000007 1.0000000180025095e-35 6027.3000000000002 1149.0600000000002 465.68511037757474 0 39.500000000000007 122.00000000000001 115.50000000000001 1 19.500000000000004 18.000000000000004 10.500000000000002 2 4.830000000000001 345.44000000000005 5.291666666666667 114.86000000000003 35.32500000000001 1.0000000180025095e-35 3703.7837500000005 3 46.500000000000007 4 21.500000000000004 16.000000000000004 252.50000000000003 5 9.5000000000000018 1268.0600000000002 372.08861111111116 83.940000000000012 314.50000000000006 10.500000000000002 639.54000000000008 13159.681666666669 11770.278500000002 1394.1600000000003 3.5000000000000004 0.68301270189221941 20.500000000000004 61.000000000000007 1464.5150000000003 743.36000000000001 11.500000000000002 19.500000000000004 314.50000000000006 1.0850000000000002 1.5000000000000002 0.93301270189221952 2973.4400000000005
decision_type=8 8 10 8 10 8 8 2 8 2 2 2 10 10 8 8 9 2 2 2 9 2 2 2 9 10 10 10 8 10 10 10 9 2 9 2 2 2 9 2 8 10 10 2 2 10 10 10 8 2 2 2 2 8 8 2 2 2 10 2 2 10
left_child=1 3 5 10 7 -2 49 8 9 33 11 -1 16 17 32 -10 52 -14 50 21 42 -20 -8 30 -25 -17 27 28 44 60 -12 35 -6 34 54 -9 -11 38 -38 53 -41 -32 -21 -23 -24 -44 -39 -31 -49 -7 58 61 -5 -40 -3 -4 -37 -58 -19 -35 -16 -52
right_child=2 4 55 12 14 6 22 31 15 36 23 -13 13 -15 29 25 -18 18 19 20 -22 43 26 24 -26 -27 -28 -29 -30 47 41 -33 -34 59 -36 56 37 46 39 40 -42 -43 45 -45 -46 -47 -48 48 -50 -51 51 -53 -54 -55 -56 -57 57 -59 -60 -61 -62 -63
leaf_value=-0.015863398615799957 -0.030363499268756741 -0.013877547795164107 -0.003966091480734661 0.0042663558352511897 -0.0047979157970452829 -0.023172174892699189 -0.020591989388646582 -0.0066485686417414322 0.0092721462564109396 -0.0072445281981225055 -0.028660011200237694 0.00023617735150023326 -0.005923835286157488 -0.0049757063397260848 0.0075023057147322958 -0.0010027241166329112 -0.0021544156795720369 0.073543207663733151 -0.0054367771707459558 -0.0017967203852261306 0.0045841599163729038 0.0036303899082993974 0.0051533508770436358 0.0020231257310484767 -0.010473555078237381 0.0077651180301794645 -0.014520894996548985 -0.0095177913112131831 0.0053282523907375763 0.014511908750072586 -0.0022814558158314041 -0.034336673358365044 0.0083168355341274227 -0.01371345911423414 -0.0023825186325227921 0.0019609215211147282 0.0093177101378397638 0.012609595007009566 -0.0011972845726549092 -0.0047254263460202025 0.0020302536869348715 -0.012623512074175417 -0.013522866365735485 0.010871642332012529 -0.0076935172848177028 -0.002278683285081737 -0.026616883193566296 -0.008800423774617018 0.025274026479733567 -0.013689251472928762 0.0058989544523584733 0.00086492368617330413 -0.033882845540559869 0.012430026980512475 0.017841582331623574 -0.024903473268571716 0.011087522176647581 0.023541513516762064 0.0131251835787543 -0.0041962721060287414 0.02409458044452277 0.014674762572982834
leaf_weight=536.44015444070101 441.47093376889825 48.221027009189129 96.878657627850771 34.183394320309162 590.02417503297329 741.23411380127072 369.5479737482965 168.68157556653023 3897.9254770278931 436.64957489818335 180.1647524535656 3785.9033511132002 1116.0540876463056 2245.0094488561153 3443.7438791841269 1959.854863524437 321.17660279944539 10.132206752896307 896.86807397753 1548.9889194145799 1425.8660520687699 2446.0563409402966 350.30595207586884 918.95087392628193 688.79092831909657 1284.9181494861841 598.48511058837175 1314.8921362608671 928.0341635607183 3726.3756988048553 530.66665875539184 26.475837007164955 622.70882642269135 587.5675472766161 1384.5280690342188 392.19532123208046 962.07836981862783 803.68529672920704 326.84885156899691 1254.5132497027516 5512.943574860692 2461.7241932377219 981.62807467579842 1371.9900736585259 1191.1889963969588 530.49077191948891 28.145014546811581 173.48927941918373 66.120287463068962 1363.4862692654133 2067.4955233931541 1431.6717363148928 190.13401491940022 741.59581734240055 288.94246380031109 2534.3896124996245 2044.2146659642458 342.87323187291622 646.85859180241823 1709.0742013975978 140.65314035117626 620.61079580336809
leaf_count=4752 10739 309 2438 238 2576 13422 5455 696 17142 2193 2019 24939 5868 11930 15740 8401 2304 72 5266 8337 7212 12227 4049 7265 5895 5486 7209 17502 7620 20103 4260 122 2860 3322 6947 1706 4207 3581 1502 5640 24084 21241 5647 6436 14868 2430 131 766 375 23155 9166 6822 2238 3339 1340 66202 9455 1646 3037 8777 652 2707
internal_value=-6.55436e-05 0.00232732 -0.0145115 -0.00130758 0.0053031 -0.0110395 -0.00979114 0.00367421 0.00280074 0.00108514 -0.0055552 -0.00176513 0.000854425 0.00128738 0.00980082 0.00618314 -0.0128852 0.00221915 0.00286966 0.00089448 -0.00238351 0.00401384 -0.00657866 -0.00898109 -0.00338643 0.00247063 -0.00539269 -0.00394566 -0.000976145 0.0110587 -0.0118143 0.00990479 0.00196649 -0.0035036 0.000676322 0.0103136 0.00291703 0.0033785 0.00263288 0.00179687 0.00077741 -0.0107908 -0.00562609 0.00623465 -0.00477261 -0.00958223 0.011252 0.0136759 0.000668387 -0.0170383 0.00667363 0.00547545 -0.0268831 0.00826406 0.0128961 -0.0241344 0.0113451 0.0128855 0.0141673 -0.00663604 0.00815993 0.00792975
internal_weight=69882.8 59952.9 9929.91 26987.9 32965 7298.65 6857.17 24201.9 21227.5 14084.8 9102.64 4322.34 17885.2 17339.7 8763.12 7142.7 545.494 15094.7 13978.7 9201.89 4486.97 4714.91 4752.45 4780.3 1607.74 3244.77 4382.91 3784.42 2469.53 7550.38 3172.56 2974.44 1212.73 4018.33 1721.69 2947.96 10066.5 9629.81 8797.98 7835.9 6767.46 2992.39 3061.11 3818.05 1541.49 1512.12 831.83 3965.99 239.61 2104.72 4776.77 4119.78 224.317 1068.44 337.163 2631.27 2779.28 2387.09 656.991 2296.64 3584.4 2688.11
internal_count=488065 315406 172659 162308 153098 104019 93280 110026 96401 65372 70371 29691 91937 87157 43072 31029 4780 75227 69359 47555 23626 23929 56703 40680 13160 13887 51248 44039 26537 37636 27520 13625 5436 20695 8596 13503 44677 42484 38772 34565 29724 25501 16414 18663 18917 8077 3712 21244 1141 36577 21804 18695 2476 4841 1649 68640 12807 11101 3109 12099 16392 11873
cat_boundaries=0 1 2 3 4 5 6
cat_threshold=217344 18820 5491 133376 1312 9368
is_linear=0
shrinkage=0.035


Tree=67
num_leaves=63
num_cat=0
split_feature=13 2 52 0 22 43 18 22 23 19 42 22 8 45 44 18 41 4 0 40 41 44 26 8 37 47 8 37 26 33 22 39 22 9 14 26 26 17 1 40 26 48 14 17 3 8 32 14 41 2 41 2 22 46 37 26 17 24 3 22 2 8
split_gain=1863.49 500.333 315.553 209.651 147.775 146.905 137.948 133.18 132.98 143.955 130.534 110.219 107.308 103.942 102.657 98.7017 98.1303 96.4983 93.161 86.0086 85.6764 85.5669 69.5729 65.3487 63.0957 59.0159 56.0255 55.3251 54.936 53.3605 52.9387 62.0015 51.9559 51.5702 48.8967 53.5533 47.6865 47.3843 45.995 45.7418 45.6079 43.3363 42.6089 42.38 40.8132 39.6973 39.647 39.4535 38.3712 38.2322 37.8857 37.4568 37.1292 36.159 36.0696 35.688 35.3138 35.0764 35.0223 34.83 35.7019 34.4347
threshold=0.31909090909090915 272.0800000000001 11.500000000000002 10.616666666666669 39.500000000000007 1.5000000000000002 6565.3290000000006 2.5000000000000004 0.93301270189221952 374.37333333333339 2.5000000000000004 2.5000000000000004 15.500000000000002 5.4500000000000011 3021.1200000000003 16040.242500000002 914.13000000000011 24.670000000000005 1489.8600000000001 314.34666666666675 964.10000000000014 107.58000000000003 177.00000000000003 17.500000000000004 6264.9900000000007 97.330000000000027 7.5000000000000009 6387.8400000000011 21.500000000000004 9.5000000000000018 12.500000000000002 324.0800000000001 23.500000000000004 488.2050000000001 19.500000000000004 39.500000000000007 100.50000000000001 3385.3300000000004 3217.6250000000005 5706.2400000000007 21.500000000000004 4.5000000000000009 16.000000000000004 10070.100000000002 231.50000000000003 20.500000000000004 798.0100000000001 16.000000000000004 2885.1300000000006 2.8400000000000003 344.41000000000003 204.14000000000004 64.500000000000014 363.56000000000012 10263.150000000001 39.500000000000007 9085.9500000000025 14.500000000000002 8.5000000000000018 1.0000000180025095e-35 500.54000000000008 7.5000000000000009
decision_type=8 10 2 8 2 2 10 2 2 8 2 2 2 10 10 10 10 10 10 10 10 10 2 2 8 8 2 8 2 2 2 10 2 10 2 2 2 10 8 10 2 2 2 10 2 2 10 2 10 10 8 10 2 10 8 2 10 8 2 2 10 2
left_child=2 3 13 23 6 32 11 20 9 10 21 16 26 22 36 17 -3 45 19 -13 -5 25 28 47 40 -9 -11 42 -1 -28 31 58 57 50 -32 -36 54 46 41 -40 -19 -37 -12 -35 56 -6 -10 -2 -27 -24 -20 -14 -49 -48 -8 -44 -43 -4 -21 -30 -61 -16
right_child=1 4 5 7 15 -7 14 8 37 12 27 18 51 -15 61 -17 -18 24 33 30 -22 -23 49 -25 -26 48 29 -29 59 -31 34 -33 -34 43 35 38 -38 -39 39 -41 -42 44 55 -45 -46 -47 53 52 -50 -51 -52 -53 -54 -55 -56 -57 -58 -59 -60 60 -62 -63
leaf_value=-0.01858424687951114 -0.02925639315123988 -0.0012435247330634931 -0.02289783142079671 -0.0062927043367211784 0.007121351363599337 -0.010852692918123389 -0.011042354579885328 -0.0042037648819412384 0.0071858497548014768 0.012774217276907265 -0.013025159127319082 0.011599623611072052 -0.013133258848540684 -0.01365494048389366 0.030772619524858002 -0.006909353785599333 -0.028446890751549062 -0.0060947307231115234 -0.0062690042976050655 0.01286957789528546 -0.030497203545239826 -0.0085587838713391453 -0.017503649068382685 -0.022870690494550597 0.017519531869654267 0.0011995816325278128 -0.0058982287576286553 0.010089653676939286 -0.014349414802919794 0.0075708662531671486 -0.0039545167098392862 -0.01812051565130237 -0.018025250840646247 0.016405654934226129 -0.0028188102938764958 0.011927464288979325 -0.016960066663209525 0.014770217419473311 0.020277522552744197 -0.032576239656331961 0.010872163277495453 0.0044889702167419604 -0.0053588780652370866 -0.033949355254564155 -0.023245389263249705 -0.0031121926363648022 -0.014188982871410002 -0.0092972543312717284 0.010175933219814668 -0.0061195686305604976 0.0081979877602661368 -0.0028264778234554843 0.0020694950282750179 0.0076018307927202856 0.017336381347471917 0.0045940558012275111 -0.044610125883039482 -0.032160191432461342 -0.0013229236584010066 0.0014526451465618124 0.015325921315739826 -0.0053341794955228039
leaf_weight=167.842005379498 99.736096665263176 852.72288415580988 1276.8533873781562 1641.6173060908914 4119.8346108943224 1810.9465972967446 121.56022371351719 2438.4483475871384 1762.6977517493069 349.55122407525778 193.03753434121609 1453.4855043329298 1843.4258478209376 2175.9826907068491 97.610965665429831 457.71917408704758 199.69628487154841 206.00429613888264 236.74702283367515 234.1943442299962 200.24640219286084 1685.8857344537973 460.9199721775949 424.99399238824844 2140.9393474310637 3991.1526224836707 1409.3912053704262 1847.9328075274825 141.18463514000177 483.00553042069077 851.66132290288806 253.48301883041859 1481.0016222149134 1205.9001397788525 950.52019130438566 1000.3198772072792 714.06990042701364 840.86915810406208 381.77338387072086 20.290018618106842 3194.9578705206513 4708.577497266233 485.31733819097281 19.926478013396263 65.831938788294792 522.75113894790411 225.5321196615696 1606.365353398025 682.31005076691508 1671.4883050061762 3349.8202102445066 564.86791808530688 450.33643886074424 157.75445763766766 98.341184996068478 4784.9237828105688 17.020948484539986 845.23200450837612 2255.2645573541522 1407.8663988858461 270.02995147928596 47.766049977391958
leaf_count=1987 1542 4553 27741 10394 18458 21357 576 17731 8318 1710 1096 6439 11471 33403 507 2027 2389 886 1042 1046 2771 13313 6762 6476 10960 20194 7261 8365 1676 2434 3967 1187 32041 6413 4163 4383 3469 3915 1713 86 15858 20759 2364 90 311 2368 1223 16858 3768 15382 15255 2659 4405 686 456 22355 79 22666 10102 12373 1592 234
internal_value=-6.42721e-05 0.0025091 -0.0127987 -0.000834714 0.00567212 -0.018994 0.00383314 0.000124497 0.000827878 -0.000165755 0.00140025 0.00455977 -0.00558973 -0.00746857 -0.00831619 0.00897827 -0.00642746 0.00969291 0.0052401 0.00361204 -0.00893932 -0.00147183 -0.00419818 -0.0103391 0.0128112 0.000209108 -7.86694e-05 0.00485604 0.000514255 -0.00245826 0.00252996 -0.00166526 -0.0230817 0.00936327 0.00396912 0.0049141 -0.0125766 0.00773158 0.00610108 0.0175361 0.00984295 0.00530437 0.00308427 0.0155601 0.00391945 0.00596864 0.00496801 -0.00785989 0.002512 -0.00858729 0.00724155 -0.010718 -0.00680859 -0.0052238 0.00166981 0.00367668 0.00430272 -0.0266005 1.68588e-05 0.00228567 0.00369312 0.0189537
internal_weight=69657.5 57948.2 11709.3 28169.4 29778.8 5414.03 19136.6 25588 23746.1 20759.2 16109 18057.2 4650.24 6295.31 1079.35 10642.2 1052.42 10184.5 17004.8 12192.4 1841.86 8797.8 4119.33 2581.43 5541.9 7111.91 2241.95 7311.21 1986.92 1892.4 10738.9 2742.94 3603.09 4812.39 7996 7144.33 933.971 2986.85 6193.81 402.063 3400.96 5791.75 5463.28 1225.83 4791.43 4642.59 2145.98 2156.44 4673.46 2132.41 3586.57 2408.29 2056.7 383.287 219.901 5270.24 4725.6 2122.09 2489.46 1819.08 1677.9 145.377
internal_count=488065 311085 176980 171309 139776 103805 89219 142028 128863 114721 89186 83977 25535 73175 5242 50557 6942 48530 77035 54235 13165 55006 39772 29281 27704 41693 11405 34180 17628 9695 47796 12335 82448 22800 35461 31494 4501 14142 27331 1799 16744 25532 25815 6503 21149 20826 10227 22805 23962 22144 16297 14130 21263 1909 1032 24719 20838 50407 11148 15641 13965 741
is_linear=0
shrinkage=0.035


Tree=68
num_leaves=63
num_cat=5
split_feature=24 2 24 42 32 22 43 40 16 0 14 40 19 14 26 23 16 22 26 26 8 22 26 23 3 22 14 23 26 40 5 40 41 3 8 17 35 26 40 16 22 0 22 26 40 7 48 3 32 46 41 14 29 26 3 16 32 3 41 2 16 40
split_gain=1753.48 473.252 258.544 253.2 227.964 151.733 142.104 140.079 128.96 128.423 97.8334 103.457 93.2927 83.3674 141.331 86.8697 93.7118 78.6511 75.4137 72.4304 69.6309 68.4109 68.2491 66.2777 62.9149 60.7095 60.6596 60.9921 64.2999 59.9067 69.7477 59.0512 58.2594 56.3411 59.0508 56.2059 60.0354 55.8983 55.0225 54.3445 52.3142 51.4821 50.5747 47.1364 47.0917 48.9065 45.998 45.3964 44.4867 44.2772 43.0631 42.8468 42.4495 41.2086 44.8349 39.7964 39.7845 36.4583 36.37 38.986 36.3307 43.9707
threshold=4.5000000000000009 553.7700000000001 10.500000000000002 3.5000000000000004 inf 39.500000000000007 2.5000000000000004 1.0000000180025095e-35 0 1.9200000000000015 18.000000000000004 6107.5200000000013 1081.4133333333334 18.000000000000004 314.50000000000006 0.68301270189221941 1 17.500000000000004 30.000000000000004 192.50000000000003 15.500000000000002 59.500000000000007 30.000000000000004 -0.6830127018922193 9.5000000000000018 84.500000000000014 19.500000000000004 -1.0000000180025095e-35 39.500000000000007 16440.143333333337 42.72000000000002 6622.6500000000005 inf 267.50000000000006 8.5000000000000018 1.0000000180025095e-35 24.500000000000004 253.50000000000003 3166.2483333333339 2 1.5000000000000002 5199.5116666666672 40.500000000000007 21.500000000000004 18827.791666666668 0.95833333333333337 2.5000000000000004 5.5000000000000009 11810.43 547.0200000000001 652.56000000000006 16.000000000000004 232.00000000000003 21.500000000000004 93.500000000000014 3 812.5200000000001 45.500000000000007 4297.1400000000003 2994.8400000000006 4 3394.4100000000003
decision_type=8 10 10 2 8 2 2 8 9 8 2 10 10 2 2 2 9 2 2 2 2 2 2 2 2 2 2 2 2 10 10 10 8 2 2 8 2 2 10 9 2 10 2 2 10 10 2 2 8 10 10 2 2 2 2 9 10 2 10 10 9 10
left_child=1 3 7 4 6 8 32 -2 35 -9 -10 17 33 -6 15 16 -15 38 -19 22 -14 31 -11 -20 -17 -16 -8 37 -29 30 -7 40 -1 34 -5 -3 52 -28 53 -22 -18 50 -4 -36 45 -23 -32 -21 -25 56 -38 -49 -37 -12 58 -42 -45 -34 59 -55 -26 -62
right_child=2 5 42 12 13 29 26 9 10 19 11 -13 20 14 25 24 21 18 23 47 39 44 -24 48 60 -27 27 28 -30 -31 46 -33 57 -35 43 36 41 -39 -40 -41 55 -43 -44 49 -46 -47 -48 51 -50 -51 -52 -53 -54 54 -56 -57 -58 -59 -60 -61 61 -63
leaf_value=-0.015262479645846573 -0.030011186906341185 -0.02295587557085128 -0.026539221079772732 0.011781310504803709 -0.0088133479707155037 0.0066642012915536656 -0.018660345863670599 -0.019744371949922852 -0.010001192746350277 -0.014760340568679564 -0.019021246544165767 -0.010206637133556323 0.0094226657703358873 0.008226101729679941 0.012805708500891699 -0.0057615568741620892 -0.022295214858504817 -0.0052143680399831856 0.0015722608921203453 0.025437422824608515 -0.016511589455889673 -0.0065955262211420144 -0.00086838733593262241 0.004819022483345552 0.01981216239074552 0.045805831969722224 -0.01394996867895334 -0.01008338789165354 0.00064266841527228964 -0.0049651362750889562 0.006112302280180424 -0.016222169067588072 0.0047830124847714492 0.014579548776683967 -0.0093833292128669039 0.014696789897832886 -0.022964849790117758 -0.003026939131944436 -0.01774616965698202 0.00021998454525613793 0.0022099936577111849 0.014106105635857819 -0.015322746717588036 0.0037928676289884951 -0.019656619882731728 0.0058017616392791313 0.01555196127996537 -0.026173851424727654 0.01411232293431453 0.0096283557422184168 0.0019482106172164695 -0.010452726291022757 0.0068243841753897819 0.0022690504558268883 -0.012327158616519174 -0.0045498969847261031 -0.0056262983387846965 -0.014244010087817414 -0.028301381537616282 0.015602181378578023 0.0027131351699493616 0.010652133274714915
leaf_weight=2203.5719900093973 422.64051420614123 63.648159626871347 1840.0259405598044 1251.9445025026798 1065.9930862411857 2648.5566663742065 311.62348409369588 1179.1267197430134 763.30850724130869 524.87611573189497 118.01943939179182 665.74389073997736 327.69074935466051 1115.1824270002544 663.06079852953553 645.35980024561286 174.45278387144208 543.62496673315763 1175.1689464747906 39.600896716117859 534.95300301909447 484.9333431981504 2459.5412943586707 897.57318089902401 211.72283732146025 75.418934106826782 995.19848225265741 800.40690707787871 4698.5449026525021 294.19930323213339 770.77079062908888 480.00662346929312 330.80830257758498 770.69600912183523 327.47111844271421 2135.6942195445299 150.90121458470821 1355.6480696350336 198.59104674682021 430.35297288745642 1410.592157188803 178.05319595336914 679.48248615860939 5422.7983976602554 113.02958898991346 1971.4014342352748 3566.8804122060537 233.61274515464902 2134.9532248005271 1461.4164931848645 192.6399999409914 2304.2208639979362 1386.5001002177596 2516.8762328624725 246.53042775020003 4326.3389032185078 610.33697109669447 195.41318606212735 43.216477505862713 299.82909752428532 2751.9002015329897 1239.2505732625723
leaf_count=20739 10739 460 50962 5544 7222 11956 2550 23077 3639 7077 534 3214 1422 6383 3286 3061 1500 2398 5416 535 2400 3564 27155 3955 936 373 7133 5387 27798 1315 3592 2855 2164 3430 1487 10271 701 9574 1008 1897 7616 859 17678 23750 613 9692 18671 3784 9909 6311 873 31652 6379 11374 1386 24325 2709 1497 218 1498 12919 5643
internal_value=-6.31347e-05 0.00217607 -0.0138788 -0.000116362 -0.00191278 0.00640855 -0.00585332 -0.0104845 0.00423967 -0.00925596 0.00201071 0.00305118 0.00433829 0.000652908 0.0012977 0.000557615 -0.00129468 0.00413204 0.00704558 -0.00702923 -0.00449794 -0.00248675 -0.00331572 0.00863041 0.00440665 0.0162333 -0.00354034 -0.0029378 -0.000920126 0.010492 0.0111435 -0.00442831 -0.0127648 0.00549917 0.00472641 0.00942152 0.00995997 -0.00765502 8.70806e-05 -0.0092284 -0.00346806 -0.00112017 -0.0235215 0.00359589 0.00233312 0.00335258 0.0138764 -0.0113262 0.0113642 0.00416418 -0.0090298 -0.0119096 0.0116007 0.00119057 0.00196432 -0.00289176 0.00283921 -0.00229632 0.00320015 0.00369335 0.005969 0.0051673
internal_weight=69431.9 59748.8 9683.13 38757.5 27619.9 20991.3 10891.2 7163.62 13710.9 6740.98 9603.44 8840.13 11137.7 16728.6 15662.7 14924.2 10075.9 8174.38 4751.32 5561.85 1293 8960.75 2984.42 4207.7 4848.23 738.48 8161.42 7849.8 5498.95 7280.41 6986.21 6391.39 2729.79 9844.66 9073.97 4107.44 4043.79 2350.85 3423.06 965.306 5911.38 521.594 2519.51 7822.02 2569.36 2456.33 4337.65 2577.43 3032.53 7494.55 343.541 2537.83 3522.19 3224.47 3106.45 5736.93 6033.14 526.221 2859.92 2816.71 4202.87 3991.15
internal_count=488065 315406 172659 215780 166830 99626 76842 104019 64092 93280 44549 40910 48950 89988 82766 79107 56548 37696 21678 70203 5719 50165 34232 19280 22559 3659 52442 49892 33185 35534 34219 36296 24400 43231 39801 19543 19083 16707 16018 4297 33441 2433 68640 34257 13869 13256 22263 35971 13864 32770 1574 35436 16650 15010 14476 31941 26459 3661 13090 12872 19498 18562
cat_boundaries=0 1 2 3 4 5
cat_threshold=5760 66683 6400 139392 160
is_linear=0
shrinkage=0.035


Tree=69
num_leaves=63
num_cat=7
split_feature=50 46 4 12 22 48 26 2 45 22 16 23 48 16 16 22 22 14 18 26 48 29 16 18 26 18 2 51 3 3 18 3 22 26 49 41 44 52 46 23 14 14 22 40 41 26 22 22 16 16 16 22 14 46 22 3 26 8 19 19 2 9
split_gain=1657.98 514.936 289.303 187.988 145.128 130.135 108.459 100.78 100.443 94.525 115.354 104.684 93.8916 88.2409 80.3846 91.9957 67.4333 66.7217 64.7439 64.1964 61.4959 59.4276 58.6609 92.181 58.5918 58.4523 57.9577 78.5349 56.4054 55.9471 54.4057 52.1392 71.4277 59.5644 50.6806 48.8729 48.7982 50.576 49.3454 47.5543 46.9345 46.7865 43.4754 86.6951 43.2635 41.9284 49.3359 40.5429 53.2042 39.9293 39.5636 39.4997 39.4565 39.0654 37.9079 37.4367 35.6994 34.4006 34.3502 34.3185 41.8176 35.9779
threshold=0.13416407864995034 53.790000000000013 10.100000000000001 10.089000000000002 1.0000000180025095e-35 2.5000000000000004 131.50000000000003 2072.0600000000004 7.166666666666667 2.5000000000000004 0 0.93301270189221952 10.500000000000002 1 2 17.500000000000004 1.0000000180025095e-35 18.000000000000004 13407.280000000001 81.500000000000014 3.5000000000000004 272.50000000000006 3 2801.4325000000003 70.500000000000014 2480.8145833333338 553.7700000000001 41.79654349520964 51.500000000000007 86.500000000000014 488.0024621212122 47.500000000000007 63.500000000000007 284.50000000000006 1.5000000000000002 3168.6250000000005 331.79000000000002 4.5000000000000009 120.35000000000001 0.25000000000000011 20.500000000000004 20.500000000000004 29.500000000000004 7694.7300000000014 890.19000000000017 131.50000000000003 15.500000000000002 46.500000000000007 4 5 6 5.5000000000000009 21.500000000000004 11.590000000000002 6.5000000000000009 95.500000000000014 51.000000000000007 18.500000000000004 181.68300000000002 2242.9943333333335 542.21000000000015 338.10000000000008
decision_type=8 8 10 10 2 2 2 10 10 2 9 2 2 9 9 2 2 2 10 2 2 2 9 10 2 10 8 10 2 2 10 2 2 2 10 8 8 2 10 2 2 2 2 10 8 2 2 2 9 9 9 2 2 10 2 2 2 2 8 10 10 10
left_child=3 5 9 -1 -5 39 21 13 17 10 24 12 14 20 15 25 -8 -6 22 49 40 34 30 28 52 -11 27 41 56 45 51 -18 54 -34 -7 -25 38 -38 50 -2 -4 -17 43 -37 -9 -22 -47 48 -36 -16 -19 -15 -3 -23 -33 -20 -24 -29 -12 60 -44 -62
right_child=1 2 7 4 8 6 16 44 -10 11 58 -13 -14 18 19 26 31 36 55 -21 29 53 23 35 -26 -27 -28 57 -30 -31 -32 32 33 -35 47 42 37 -39 -40 -41 -42 -43 59 -45 -46 46 -48 -49 -50 -51 -52 -53 -54 -55 -56 -57 -58 -59 -60 -61 61 -63
leaf_value=-0.023426933218045648 -0.0075303930788051775 -0.0089676468762584158 -0.01564806300035065 -0.026902744831517608 -0.023089675921817505 -0.0048342591875297136 -0.023046714957575921 -0.00056352995094247408 -0.017229051450470226 -0.0057540343309305918 -0.0081180848591602683 0.0080184163669566096 0.0056816361557671747 0.0061866825128114962 -0.011247114953639798 -0.0049079859955151245 -0.00064830120427734515 -0.013849607613079934 0.0064155774236099479 0.0053818781705293004 0.012381528969842475 -0.006637654865403071 -0.0027877684085871714 0.0023175004975923338 -0.026638022845983003 -0.020859326612708264 0.0035222833562370882 -0.0053284754105840295 -0.0027706128729243179 -0.027672809904672788 -0.016785099802613824 -0.033742954424520182 -0.005456256811134666 0.010040081691667729 -0.0021120684655363754 0.0056882696958215351 0.0066139830011269652 -0.016536198969997282 0.0071509505863779563 -0.018758451896822608 -0.00016966343176827618 0.002462903686328087 0.0083935105045635037 -0.033070874173336332 0.01293993049357456 -0.0044233346810204442 0.0072791774554539137 0.015845389724181553 0.012628640334350395 0.0035623166179884281 -0.0013960111822804142 0.024253551236102157 0.040741593309498905 0.0015070020710093329 -0.010227760354241843 -0.014597002781732439 0.0068291712388926749 -0.015784300633382927 0.0038221704594028141 -0.00042248682862339892 0.011812078308758491 0.020501259808062593
leaf_weight=2454.6590799130499 993.38541621342301 183.91411057859659 435.71323746442795 666.14055202528834 253.60683945193887 475.66113075613976 264.87857865169644 318.09217119216919 1390.0675892643631 1544.3385037407279 457.19187449291348 2773.1959029957652 3911.5969004407525 209.09529963135719 511.81185836344957 1505.8070663288236 2167.3531104661524 425.3379375115037 166.39073899388313 3987.2980959638953 578.26845183223486 1353.4187008440495 569.17697615921497 1314.6797575056553 412.54129000380635 393.32519100606441 3058.9270812869072 1838.6971111148596 1613.4065967425704 68.423998914659023 55.122593611478806 86.218763113021851 1238.9934712573886 401.49909427762032 678.26706301048398 683.91173585504293 142.48056854307652 601.29926825687289 566.56889575347304 866.7185523621738 532.76601365208626 3516.5417421720922 3427.6547292470932 77.832875981926918 3357.8281465917826 867.01844764500856 896.77860900759697 555.74280055612326 525.87776675820351 385.04549659788609 1130.9646192863584 515.55289908498526 20.881439253687859 1542.9379462562501 2430.9739372432232 273.38945135474205 2779.1647422760725 487.46719228476286 828.43469129875302 334.84724889695644 2327.9719986617565 782.60619759559631
leaf_count=59631 8518 1008 1968 16448 4523 2245 3242 1439 30049 8470 3052 12399 19455 930 2579 8545 15592 6745 734 19680 2462 11175 2453 5914 4065 2410 13852 9707 7260 297 250 882 8877 3045 3848 3101 1002 9102 6462 7900 2296 18399 15064 338 17653 3762 3927 2999 3205 1869 17540 2328 127 9123 20094 1166 12605 2646 4452 1729 11148 4279
internal_value=-6.19213e-05 0.001845 0.00354737 -0.0154494 -0.0116626 -0.00417152 -0.00280618 0.00647836 -0.00940632 0.00102849 -0.00647706 0.00162599 0.000787108 0.00542658 -0.000324373 -0.00182778 -0.00577683 -0.00591691 0.00656645 0.00347185 0.000301581 0.00100885 0.006967 0.00642664 -0.0187522 -0.00882943 -0.000525245 -0.00221034 0.00260416 0.00329532 0.0162955 -0.00505008 -0.00734397 -0.00165983 0.00529466 0.00855253 -0.00439015 -0.0120986 -0.00168496 -0.0127694 -0.00714226 0.000252417 0.00962573 0.00168981 0.0117716 0.00421148 0.0015274 0.00803348 0.00441794 -0.00497772 -0.00490419 0.0190561 -0.00372583 -0.00229984 -0.0110463 -0.00665038 0.00519407 -0.00752542 -0.000423715 0.0105049 0.0110645 0.0140041
internal_weight=69215.8 61584.6 48002.7 7631.13 5176.47 13581.9 11721.8 22185.7 4510.33 25817 1902.96 23914.1 21140.9 18509.8 17229.3 12345.1 6589.92 3120.26 15130.8 4884.16 3378.97 5131.91 14691 13911.3 617.337 1937.66 10407.4 7348.51 4961.75 2410.49 779.771 6325.04 4157.69 1640.49 2235.55 8949.5 2866.65 743.78 2122.87 1860.1 968.479 5022.35 7634.82 761.745 3675.92 2342.07 1763.8 1759.89 1204.14 896.857 1556.3 724.648 204.796 2896.36 2517.19 439.78 3348.34 2326.16 1285.63 6873.08 6538.23 3110.58
internal_count=488065 336563 235818 151502 91871 100745 84327 103103 75423 132715 12704 120011 107612 84011 88157 64029 51732 45374 69299 24128 14712 32595 67399 63891 5200 10880 53149 39297 22318 10448 3508 48490 32898 11922 12297 41573 40851 10104 30747 16418 4264 26944 35659 3439 19092 10151 7689 10052 7053 4448 24285 3258 1135 20298 20976 1900 15058 12353 7504 32220 30491 15427
cat_boundaries=0 1 2 3 4 5 6 7
cat_threshold=160000 206869 18688 160 30092 139368 28809
is_linear=0
shrinkage=0.035


Tree=70
num_leaves=63
num_cat=0
split_feature=13 46 7 4 32 45 22 47 22 3 18 27 9 3 14 26 23 22 14 18 22 14 2 37 18 2 19 22 32 17 26 18 3 0 43 23 51 37 27 18 43 17 8 17 18 2 5 42 31 22 44 9 49 8 26 18 0 32 3 11 18 22
split_gain=1577.49 421.661 297.792 217.966 130.809 129.023 112.326 105.552 93.4176 112.465 110.962 89.8989 84.3817 80.7467 78.5335 123.927 84.3371 74.1623 77.1712 71.1514 70.2787 64.0933 63.7618 60.9561 59.4142 57.0835 86.8851 55.6163 55.3817 53.9575 54.9378 63.3541 53.625 53.5257 52.575 49.3997 49.3011 49.0391 48.1595 47.425 46.471 45.8214 43.4916 39.988 40.262 39.1073 38.9784 38.9371 38.7165 37.3232 36.9974 36.7854 36.5994 36.3793 36.0685 37.9724 35.2823 35.1745 34.3551 31.803 31.6823 57.0604
threshold=0.31909090909090915 52.245000000000005 0.68333333333333346 14.440000000000003 223.02000000000001 7.166666666666667 1.0000000180025095e-35 15.850000000000001 35.500000000000007 56.500000000000007 11770.278500000002 6091.380000000001 309.98000000000008 15.500000000000002 19.500000000000004 314.50000000000006 0.93301270189221952 1.0000000180025095e-35 18.000000000000004 2033.7791666666665 38.500000000000007 19.500000000000004 3831.6599999999999 inf 4200.9225000000006 755.61500000000012 1188.2160000000001 21.500000000000004 2159.0400000000004 1.0000000180025095e-35 51.000000000000007 1835.2 285.50000000000006 27.120000000000037 1.5000000000000002 0.93301270189221952 37.040944236587372 4411.8000000000002 4.3500000000000005 5369.3329166666672 1.5000000000000002 3385.3300000000004 26.500000000000004 1455.1300000000003 2558.7808333333337 35.480000000000011 43.275000000000006 3.5000000000000004 1.5000000000000002 63.500000000000007 109.46500000000002 309.98000000000008 6.5000000000000009 11.500000000000002 39.500000000000007 2406.2133333333336 358.11000000000007 1118.6100000000004 18.500000000000004 174.03000000000003 311.76250000000005 11.500000000000002
decision_type=8 8 10 10 10 10 2 8 2 2 10 10 10 2 2 2 2 2 2 10 2 2 10 8 10 10 8 2 10 8 2 10 2 10 2 2 10 10 10 10 2 10 2 8 10 10 10 2 2 2 8 10 10 2 2 10 10 8 2 8 10 2
left_child=2 4 23 6 7 17 13 34 9 22 12 27 28 -3 57 16 25 58 -19 45 24 -9 29 40 -21 26 36 37 39 46 31 -31 -12 -6 -2 51 54 -11 -23 43 -1 -18 60 -10 -45 53 -5 50 -15 -17 -40 -29 -13 -20 55 -16 -38 -8 -4 -57 -32 -62
right_child=1 3 5 8 33 -7 14 21 10 11 32 52 -14 48 15 49 41 18 19 20 -22 38 -24 -25 -26 -27 -28 35 -30 30 42 -33 -34 -35 -36 -37 56 -39 47 -41 -42 -43 -44 44 -46 -47 -48 -49 -50 -51 -52 -53 -54 -55 -56 59 -58 -59 -60 -61 61 -63
leaf_value=-0.023656785928809026 -0.018815697128440244 -0.00050791088380135055 -0.010827861810496884 0.0079191841708156387 -0.017276221066236868 -0.017613871518518585 -0.01349842549550506 -0.010614020823633462 0.018938223259083811 -0.0024634768498453673 -0.0029752183916743149 -0.025653718150640856 0.015862036081425068 -0.031719199018553489 -0.0085030988196287509 0.0089461553124648482 0.0047637626259758462 -0.019294163307542002 0.0028787569082789305 -0.0071492472357848943 -0.0026991596018612301 -0.012873880364742274 0.017681627744166057 0.0037579492935578031 -0.021911305271129201 0.0045050798668413109 -0.0094424908624880528 -0.00026269140872194513 -0.0082498858854643271 -0.0056561274425470801 0.01324794954089363 0.01271442002194881 -0.039352171601788846 -0.0066650176955397817 -0.0056221114752225817 0.022179788059670288 -0.0053094267975808103 -0.024330254274221863 0.0019520387290176044 0.013393171756702306 -0.013327880309660896 0.01469793580115095 -0.011544525432075599 -0.0045818053396913614 0.006896358071399317 0.004204481472337704 -0.034211045903942298 0.0076755329592430449 0.0033781363979500209 0.022305932205385716 -0.0059188339754159738 0.011144923217320813 -0.0017372136562672875 -0.010376366357404574 0.003332056524085799 0.0014471929217302786 0.00099643808264698918 -0.0020769717077383561 -0.028972617839516303 0.033992283295420971 0.00085115960997293619 0.0092692083997068346
leaf_weight=2608.9923988953233 480.26551507785916 297.37309581227601 294.39672401547432 43.000126570463181 960.30311642959714 1474.0925770401955 390.84545076265931 605.42559588700533 298.50608864426613 907.13299705833197 418.01145642995834 234.12298235297203 2276.9216209948063 249.54902107082307 703.83995241299272 1713.6004870459437 2284.8368252851069 430.31417497247458 442.69548334553838 794.27357813715935 1682.1539724543691 280.9964049346745 596.19828566908836 120.74127040058374 577.25424207374454 4171.8248985409737 1135.0502391345799 1318.9187148883939 246.35110901296139 861.44970270991325 1132.2343413606286 312.58592852950096 55.365667372941971 1482.872084448114 1607.2966455444694 174.78593529760838 2288.7324309423566 144.89077658206224 4248.1848297007382 1809.3184435963631 676.59518217667937 757.12277788296342 142.13753154873848 418.84349143505096 3475.1916190013289 1444.0797730721533 69.45915350317955 1167.8624081984162 45.278534147888422 301.08480321243405 882.7400771714747 468.53437605500221 117.80803900957108 591.84231165423989 6693.6117417551577 493.83747185021639 2068.6553603969514 2106.9784979969263 227.68382012099028 38.751899540424347 1415.309600174427 3255.4300590604544
leaf_count=62931 5884 2107 4792 192 11992 31093 2695 4726 1387 3977 1793 1009 12631 3972 3547 8210 10230 5576 5006 7688 17703 2582 3086 1199 6237 18531 5562 5791 1111 3722 5064 1390 236 10242 14307 814 12897 637 26261 8340 10811 3383 639 1906 15996 11622 296 5283 445 1444 6410 2339 518 7618 33191 2571 9409 10715 4704 182 6370 15063
internal_value=-6.08647e-05 0.00228866 -0.011978 0.00380039 -0.00363803 -0.00826975 0.00166488 -0.00173919 0.00652248 0.00438742 0.00917767 -0.000962169 0.0100936 -0.0133891 0.00201988 0.0026694 0.00186022 -0.00614327 -0.00503374 -0.00392125 -0.00749637 0.000273928 0.00668773 -0.0206371 -0.0133738 0.000929667 -0.000181856 0.000994395 0.0079893 0.00577904 0.00615992 -0.000758328 -0.00730381 -0.0108412 -0.00866499 0.00447479 0.000674293 -0.00549534 0.00127722 0.00865711 -0.0215345 0.00724033 0.00752603 0.00661053 0.0056609 0.000484572 -0.0181742 0.00191046 -0.0263359 0.0109528 0.00059702 0.00273208 -0.0176753 -0.00470698 0.00231759 -0.00317266 -0.0023162 -0.00386882 -0.0187812 0.00387448 0.00799505 0.00671913
internal_weight=69014.5 57649.4 11365.1 45933.5 11715.9 7958.79 25741 9272.77 20192.5 11194 8998.51 3366.19 8525.13 592.201 25148.8 22650.9 20636.3 6484.69 5962.61 5532.3 3053.68 7185.21 7827.8 3406.33 1371.53 17594.3 13422.5 3014.26 6248.21 7231.61 7119.15 1174.04 473.377 2443.18 2087.56 1962.24 12287.4 1052.02 6579.78 6001.86 3285.59 3041.96 5945.11 4192.54 3894.04 2478.62 112.459 6298.79 294.828 2014.69 5130.92 1787.45 351.931 1034.54 7930.04 1236.43 4357.39 2497.82 522.081 532.589 5802.97 4670.74
internal_count=488065 311085 176980 223398 87687 102039 129091 65453 94307 50907 43400 15085 41371 6524 122567 109157 99503 70946 61450 55874 31628 45262 35822 74941 13925 85890 67359 13558 28740 32736 32248 5112 2029 22234 20191 8944 61797 4614 40536 27629 73742 13613 27136 19289 17902 24246 488 37954 4417 9654 32671 8130 1527 12624 39491 6300 22306 13410 9496 2753 26497 21433
is_linear=0
shrinkage=0.035


Tree=71
num_leaves=63
num_cat=7
split_feature=13 2 7 42 47 14 45 32 22 16 22 49 37 40 49 5 48 26 46 14 32 26 26 26 18 23 2 23 40 39 3 3 16 22 2 19 16 26 21 16 14 16 29 23 16 26 26 2 35 28 48 41 18 19 16 40 26 41 32 39 17 44
split_gain=1483.08 397.803 288.764 174.635 199.287 142.728 140.523 132.613 96.5732 200.145 95.1467 94.4338 94.9864 93.862 93.0712 84.9676 81.5455 81.4266 75.6179 75.175 71.0903 72.6903 68.6715 68.0562 80.2398 65.0641 62.4081 62.0579 60.6485 60.0868 56.3576 56.3567 55.6156 59.213 54.8645 55.643 47.2801 54.6379 46.9078 46.1021 45.3545 45.207 44.1618 43.737 43.6258 43.4444 43.4228 43.0155 41.6465 41.222 40.7112 40.2284 40.1425 39.436 38.506 37.7835 37.3487 36.4203 48.6063 35.9639 35.7911 35.4984
threshold=0.31909090909090915 95.800000000000026 0.59166666666666679 4.5000000000000009 inf 16.000000000000004 7.166666666666667 423.43000000000006 17.500000000000004 0 1.0000000180025095e-35 2.5000000000000004 inf 1.0000000180025095e-35 13.500000000000002 164.44500000000002 10.500000000000002 30.000000000000004 128.42000000000004 18.000000000000004 11810.43 314.50000000000006 21.500000000000004 122.00000000000001 3753.6000000000008 1.0000000180025095e-35 830.43000000000018 0.93301270189221952 8.3541666666666696 153.66000000000003 270.50000000000006 31.500000000000004 1 5.5000000000000009 6.6700000000000008 330.93650000000008 2 131.50000000000003 97.960000000000022 3 16.000000000000004 4 176.50000000000003 0.93301270189221952 5 39.500000000000007 269.00000000000006 4187.5200000000013 5.5000000000000009 30.310000000000006 6.5000000000000009 1099.1600000000003 10011.921000000002 948.95250000000021 6 12254.933333333336 345.50000000000006 1149.0600000000002 1959.8400000000004 63.370000000000012 2484.9900000000002 13.510000000000002
decision_type=8 10 10 2 8 2 10 10 2 9 2 8 8 10 10 10 2 2 10 2 8 2 2 2 10 2 10 2 10 8 2 2 9 2 10 10 9 2 8 9 2 9 2 2 9 2 2 10 2 10 2 8 10 10 9 10 2 10 10 8 8 10
left_child=2 5 38 4 11 -2 13 10 9 27 -7 12 -3 -4 32 22 26 -12 -9 -15 29 25 53 24 -19 39 43 60 -16 45 40 -29 -13 -34 -25 44 49 -38 -1 -22 54 48 -14 -10 -36 -21 59 -43 -11 -30 -20 -23 -47 -5 -24 57 -42 -35 -59 -46 -6 -53
right_child=1 3 6 15 8 7 -8 18 16 41 17 14 42 19 28 -17 -18 23 50 20 21 51 30 34 -26 -27 -28 31 36 -31 -32 -33 33 55 35 -37 37 -39 -40 -41 56 47 -44 -45 46 52 -48 -49 -50 -51 -52 61 -54 -55 -56 -57 -58 58 -60 -61 -62 -63
leaf_value=-0.022132333614511831 -0.021782194213194019 -0.0087186548575084889 -0.027390920231138802 0.0037880039397468861 -0.01167378265879291 -0.015507436558815335 -0.017725436349295291 -0.013694003152581161 0.0038306708776453058 -0.016138404764048132 -0.0096935015907117349 0.012028502047651005 -0.0056824558590585347 -0.019078382827107682 -0.035549813887809228 0.014747306524428244 0.020659960932926491 0.0011969799073928084 0.0047762448760004066 -0.017490660463690019 0.012095116226843644 -0.015865466698764139 0.022681094843701021 -0.0060540186575340615 0.011193746169331187 0.0050968822555811904 0.011614900421192599 -0.024071147811555827 -0.0021097327400394147 -0.019818182999733577 0.019411992847117282 0.015953032374397085 -0.0064541153597157293 0.0015624483826597237 -0.0030453397579347785 -0.010047627203575105 0.0013823102772054282 -0.0090543156699943589 0.017377119192437576 -0.0083335247140365956 0.0066525366854769726 0.0023955285023363891 0.011515125808543315 0.019899343165062658 0.0016131416505415876 -0.0037777294975180503 0.0081864501028291424 0.020797376879228953 0.017264602353694623 0.01248562226995885 -0.011533002588479316 0.069288833106550388 -0.028887402198484173 -0.016136453711610307 -0.0093159231383644209 -0.0082900671441918546 0.018160863909276695 0.0069212314215742875 -0.0034894545420355973 -0.018953634683658033 -0.030097168000206329 0.022248822438429846
leaf_weight=2690.0616756789386 443.77753185108304 2233.4291074797511 248.56350911408663 242.39497072994709 255.79306364804506 493.98744509741664 1636.5539180450141 1603.0413436442614 3560.6594136953354 48.975573770701885 965.98285352438688 797.43347817286849 284.01317799836397 465.06651239097118 68.711063092574477 1925.1318617388606 655.50208446383476 3248.7463742680848 555.69847895391285 356.55369090661407 142.38721961155534 21.833984572440386 42.957569047808647 2033.2886983305216 1409.8347094915807 1075.5374459065497 2871.1404191404581 64.452541634440422 563.65131710469723 440.67026285454631 447.85834953188896 125.19881194829941 834.63727002777159 5379.2726876996458 1750.8274213969707 553.01491840183735 995.81330227479339 1602.677446089685 36.628650046885014 1296.3129088543355 6369.8609150797129 2198.5343927592039 510.37362250685692 219.43955348432064 2402.3529472760856 2661.8823190033436 1539.8944867774844 166.50425526499748 563.94367399811745 407.79598791524768 281.70870834216475 27.352093636989594 79.381039872765541 242.75229644775391 331.01118731498718 338.00990375131369 364.70435272157192 4572.625623434782 623.75908649712801 107.8721946105361 264.26101692765951 69.672788176685572
leaf_count=62560 5318 10307 6453 1004 1237 5353 35850 15394 15426 211 7880 3585 1323 6295 1759 10515 3099 18233 3033 4635 1294 178 183 19262 7905 7778 14314 276 2835 5535 2162 542 4914 24899 10487 3046 4954 9054 311 12254 29263 9752 2264 959 13234 32032 8490 849 2513 1975 1956 207 1057 1025 1415 1647 1678 20756 2880 672 1247 541
internal_value=-5.96999e-05 0.00221175 -0.0116829 0.00412602 0.00280033 -0.00221046 -0.008509 -0.00169667 0.00655812 0.00194002 -0.000426467 0.000649658 -0.00502251 -0.00631608 0.00171107 0.0081432 0.00888826 0.000106283 -0.00924341 -0.00552275 -0.00449833 -0.000143391 0.00656055 0.000832598 0.00422407 -0.00141231 0.00772518 -0.0146296 -0.00321671 -0.00773801 0.00738016 0.002296 0.00314042 0.00252377 -0.00105143 0.000550119 -0.00258461 -0.00503635 -0.0215954 -0.00627859 0.0066195 0.0059217 0.00536715 0.00476849 0.00156198 -0.00601375 0.00355269 0.00368373 0.01434 0.00398272 -0.000717494 0.0264861 -0.00451512 -0.00619425 -0.00523332 0.0032132 0.00727836 0.00358161 0.00567113 0.000722128 -0.0210753 0.0360813
internal_weight=68811.8 57563.3 11248.5 40173.3 30206.6 17390 8521.77 16946.3 10994.4 3687.66 14505.8 19212.2 3027.82 6885.21 16184.4 9966.67 7306.74 14011.8 2440.45 6636.65 6171.58 2633.1 8041.54 13045.8 4658.58 2514.24 6651.24 709.705 3638.65 3538.49 7556.39 189.651 12545.7 11748.3 8387.25 6353.96 3569.94 2598.49 2726.69 1438.7 7108.53 2977.96 794.387 3780.1 5800.95 3097.82 4050.12 2365.04 612.919 971.447 837.407 118.859 2741.26 485.147 373.969 10913.7 6734.57 10575.7 5196.38 2510.23 520.054 97.0249
internal_count=488065 311085 176980 190822 143577 120263 114109 114945 50425 16627 94562 93152 13894 78259 79258 47245 33798 89209 20383 71806 65511 22252 36730 81329 26138 21326 30699 3302 20577 43259 34701 818 58681 55096 55191 35929 18818 14008 62871 13548 32539 13325 3587 16385 32883 37724 22396 10601 2724 4810 4989 926 33089 2029 1598 50182 30941 48535 23636 13906 2484 748
cat_boundaries=0 1 2 3 4 5 6 7
cat_threshold=16660 1160 134152 105 1760 161804 4096
is_linear=0
shrinkage=0.035


Tree=72
num_leaves=63
num_cat=6
split_feature=50 45 2 0 32 40 43 26 22 19 42 45 41 22 16 22 8 16 16 29 29 26 50 47 3 0 44 16 23 4 40 35 41 26 8 32 0 32 29 27 40 44 3 27 26 23 48 8 16 7 49 26 23 27 26 16 37 51 22 41 2 26
split_gain=1403.51 431.997 214.691 180.842 168.81 147.775 122.235 91.7409 90.3266 89.4962 111.204 85.6955 81.7968 78.6417 77.9362 80.8562 75.3657 67.3351 66.8207 72.2458 88.7482 58.4609 58.1134 57.7927 56.5064 54.92 61.383 52.8006 73.5462 53.6876 52.1726 48.9353 47.9015 48.4019 47.7886 47.0381 45.8184 45.8158 45.0107 43.385 43.1494 43.0208 42.0122 41.9944 39.5587 38.5406 38.44 38.3253 37.5503 37.1799 36.7761 36.6948 40.764 36.2971 35.3839 35.0973 34.8287 34.3322 34.0643 33.9718 36.0306 33.9099
threshold=0.13416407864995034 1.8819444444444446 661.81000000000006 1.9200000000000015 inf 1.0000000180025095e-35 1.5000000000000002 366.50000000000006 45.500000000000007 1188.2160000000001 4.5000000000000009 7.166666666666667 1077.4400000000003 41.500000000000007 0 14.500000000000002 15.500000000000002 1 2 84.500000000000014 207.50000000000003 39.500000000000007 89.75982570103919 1427.9800000000002 267.50000000000006 95.493333333333354 99.045000000000016 3 0.68301270189221941 10.100000000000001 4470.2433333333338 21.500000000000004 inf 366.50000000000006 12.500000000000002 547.88000000000022 3386.4300000000007 14.005000000000001 232.00000000000003 2575.6100000000006 2107.4400000000001 367.65000000000003 231.50000000000003 20386.710000000006 366.50000000000006 0.93301270189221952 2.5000000000000004 15.500000000000002 4 0.73863636363636376 2.5000000000000004 21.500000000000004 -0.6830127018922193 165.41500000000005 61.000000000000007 5 2325.6200000000003 584.42503423309438 6.5000000000000009 230.45000000000005 1421.1300000000001 21.500000000000004
decision_type=8 10 10 10 8 10 2 2 2 8 2 10 10 2 9 2 2 9 9 2 2 2 10 8 2 10 8 9 2 8 10 2 8 2 2 10 10 10 2 10 10 10 2 10 2 2 2 2 9 10 10 2 2 10 2 9 8 10 2 8 10 2
left_child=3 2 7 -1 6 -5 49 9 14 10 18 25 27 30 31 39 -11 -18 47 23 35 40 44 50 -12 26 -7 58 29 59 42 38 33 61 -23 -21 -33 55 -4 -16 -22 -27 53 46 51 48 -10 -2 -19 -3 -20 -17 -53 -14 -47 -24 -48 -41 -6 -29 -61 -8
right_child=1 4 8 5 12 11 32 -9 43 16 24 -13 13 -15 15 22 17 45 19 20 21 34 37 -25 -26 41 -28 28 -30 -31 -32 36 -34 -35 -36 -37 -38 -39 -40 57 -42 -43 -44 -45 -46 54 56 -49 -50 -51 -52 52 -54 -55 -56 -57 -58 -59 -60 60 -62 -63
leaf_value=-0.023506337953705953 -0.0015794120712111907 -0.024281314832396275 0.015588411968309698 -0.030599313843323456 0.0039537572591797892 -0.0045528389681104347 -0.01539949133907148 -0.010600621496955499 0.0048258666256727816 0.0072916452942439385 0.0061139439904173021 -0.016355186266142231 -0.017098043435747438 0.015035882432323055 -0.00097668667407801828 -0.010641673252262944 0.013544295158621756 -0.021411648728894516 -0.0085052520410988704 -0.0013056129072951865 -0.0088046555156667556 0.0080238701549958415 0.016549622921433214 0.016154865315370109 0.019509134653984166 0.003173619748198448 -0.016360804822700442 -0.023169608649851247 0.0041711244454360136 0.0047568517087548277 -0.012088254297542974 -0.0090569987448358702 0.0064272342395457665 -0.020163328598974878 0.0020800206799544713 -0.01216271180712754 0.012746121917702262 0.0015018985647584943 0.0061652047787564409 -0.023456267619244353 0.0023390538430981809 -0.013118806811411799 -0.019377535367209368 -0.0057748468896065405 -0.012229976930339727 0.010041051939401302 0.005028822807156527 -0.012020180050000823 -0.0081019785856771328 -0.012003305031190681 0.0061800897829136095 -0.0019798707296146642 0.0067279063552744788 0.0082250346182047244 -0.013770273489444118 0.002660478907718508 0.014769502364883825 0.01158509772008022 0.024619482272183309 -0.0058236920654548665 0.0051000895180409586 -0.0040614125126802597
leaf_weight=1997.1917743012309 2228.9045311771333 442.05557266622782 1565.9958021976054 438.75219686701894 877.09943075105548 1264.6028793230653 341.56766391173005 715.11989466845989 800.39643492549658 480.05470535159111 4886.5574485361576 1507.6092640794814 73.612007144838572 786.97841633111238 1673.3075076974928 204.37965352833271 146.54632591456175 466.18295803293586 234.96896786242723 4296.8788026515394 725.92180496826768 3157.8607843033969 1089.2176486998796 697.63930653035641 418.17317232489586 939.42654284834862 940.7656576409936 127.84616277739406 1647.90601991117 722.65006142482162 285.64548264816403 290.59864502213895 454.06020053476095 257.60691627115011 3487.2222904488444 550.63360903039575 197.40493992902339 519.52889806777239 1031.8522216752172 188.76184089481831 1026.2608664147556 250.66880535706878 82.104216106235981 173.3256611675024 199.08012398332357 181.6521812826395 529.56207984685898 532.95706005208194 677.43629036098719 965.53383086249232 1827.0278534479439 874.01765839010477 2665.7929862439632 993.22801105678082 130.4811994433403 300.81971782445908 3030.7535541281104 41.151131443679333 109.05858442559838 4708.573578376323 400.65019332244992 5749.0126023683697
leaf_count=52242 10912 6528 7714 13316 5721 20819 2963 4062 3710 2142 21180 34770 809 4545 7616 862 622 2319 1139 20449 3432 14478 5636 3061 1912 10683 16095 912 8257 3518 1828 1332 2969 2535 16611 3504 995 2416 4801 824 4870 3577 437 735 891 808 2672 2898 3331 8811 9227 3971 12067 5426 631 1496 15801 183 681 34027 2154 43132
internal_value=-5.83955e-05 0.00167422 0.00364646 -0.0145214 -0.002705 -0.0111583 -0.00648871 0.00175883 0.00694464 0.00209718 0.00269941 -0.00941274 0.000167514 0.00615252 0.00520903 0.00332152 -0.00486233 -0.00850598 0.00143443 0.00230156 0.00122935 0.00340599 0.00536341 0.00745365 0.00717337 -0.00632634 -0.00959501 -0.0013802 -0.00236839 -0.00418098 0.00127226 0.00990768 -0.00454461 -0.00533028 0.00490543 -0.00254114 -0.000229272 0.0103737 0.0118494 -0.00293981 -0.00228013 -0.000266174 0.00460151 0.0110928 0.00293513 -0.0107527 0.0117644 -0.00358482 -0.0137993 -0.0158737 0.00450335 0.00374452 0.00457791 0.00646337 7.50095e-05 0.013686 0.0133225 -0.0171614 0.00619899 -0.00541497 -0.00496625 -0.00469969
internal_weight=68608.6 61269.6 42244.4 7339.02 19025.2 5341.83 8209.84 26868.5 15375.9 26153.4 24071 4903.07 10815.4 2221.57 10841.9 7756.06 2082.35 1602.3 18766.3 16004.4 13244.8 8397.27 5852.84 2759.64 5304.73 3395.46 2205.37 8593.78 7607.63 5959.72 1434.59 3085.85 6802.25 6348.19 6645.08 4847.51 488.004 1909.57 2597.85 1903.22 1752.18 1190.1 1148.94 4534.04 3943.27 1455.75 4360.71 2761.86 1143.62 1407.59 2062 3744.19 3539.81 1066.84 312.133 1390.04 3560.32 229.913 986.158 5237.07 5109.22 6090.58
internal_count=488065 336563 201310 151502 135253 99260 66938 127588 73722 123526 113673 85944 68315 13045 50804 35962 9853 7711 90581 76771 63344 39391 27339 13427 23092 51174 36914 55270 48868 40611 8500 14842 51599 48630 31089 23953 2327 9548 12515 8623 8302 14260 6672 22918 17791 7089 22183 13810 5650 15339 10366 16900 16038 6235 1439 7132 18473 1007 6402 37093 36181 46095
cat_boundaries=0 1 2 3 4 5 6
cat_threshold=5248 131072 79879 66681 256 147456
is_linear=0
shrinkage=0.035


Tree=73
num_leaves=63
num_cat=6
split_feature=50 46 4 12 27 32 26 49 21 45 23 27 48 16 14 26 23 41 47 42 2 14 48 14 16 32 26 2 3 17 40 44 2 16 16 26 41 14 26 26 38 26 14 16 47 29 26 52 14 45 3 44 12 29 26 26 16 41 0 32 14 26
split_gain=1323.56 409.94 212.199 176.734 137.123 127.23 94.7129 88.3123 86.7528 84.9391 77.1956 100.326 85.5516 75.2114 69.9719 115.739 99.5542 70.7878 65.8356 84.5874 62.8447 61.4902 60.3103 55.7562 51.407 58.0037 55.9125 50.9994 49.2796 44.7961 44.1419 61.8492 46.2832 42.9291 40.9728 40.6834 38.0371 37.298 37.1518 37.7674 38.7104 40.5703 36.9444 36.556 36.4105 35.8881 35.814 35.2669 34.9876 34.495 34.0256 33.8291 41.6763 33.5001 36.2637 35.1837 33.568 33.0397 32.4592 32.455 31.9245 44.1131
threshold=0.13416407864995034 64.560000000000016 14.440000000000003 10.089000000000002 1.0000000180025095e-35 inf 192.50000000000003 6.5000000000000009 3.6150000000000007 7.166666666666667 0.93301270189221952 2.1950000000000007 10.500000000000002 0 20.500000000000004 345.50000000000006 0.68301270189221941 1794.1900000000003 3913.7800000000002 5.5000000000000009 1.0850000000000002 18.000000000000004 10.500000000000002 19.500000000000004 1 1367.6600000000001 91.000000000000014 862.6500000000002 237.50000000000003 1700.0600000000002 1109.0000000000002 100.12000000000002 48.980000000000011 2 3 39.500000000000007 6334.3700000000008 21.500000000000004 314.50000000000006 131.50000000000003 444.88000000000005 21.500000000000004 21.500000000000004 4 1427.9800000000002 207.50000000000003 51.000000000000007 11.500000000000002 20.500000000000004 2.3693181818181821 22.500000000000004 573.28000000000009 2127.6600000000003 333.50000000000006 131.50000000000003 61.000000000000007 5 1334.7200000000003 95.493333333333354 443.61000000000007 18.000000000000004 314.50000000000006
decision_type=8 8 10 10 10 8 2 10 10 10 2 10 2 9 2 2 2 8 8 2 10 2 2 2 9 10 2 10 2 8 10 8 8 9 9 2 10 2 2 2 8 2 2 9 10 2 2 2 2 10 2 10 10 2 2 2 9 8 10 10 2 2
left_child=3 5 10 47 50 6 7 -2 51 21 11 13 14 -3 16 24 17 43 19 42 -7 -6 48 -22 26 27 -16 44 -24 33 32 -32 -23 -12 -19 -9 45 -27 39 40 41 -25 -10 -13 49 -28 -34 -1 -8 -26 -5 53 -53 54 55 56 -4 -41 -33 -37 -21 -62
right_child=1 2 8 4 9 20 22 35 18 -11 29 12 -14 -15 15 -17 -18 34 -20 60 23 30 28 38 25 37 36 -29 -30 -31 31 58 46 -35 -36 59 -38 -39 -40 57 -42 -43 -44 -45 -46 -47 -48 -49 -50 -51 -52 52 -54 -55 -56 -57 -58 -59 -60 -61 61 -63
leaf_value=-0.014502489922056038 -0.016355693049201765 -0.027879008110530411 0.0093582313310238904 -0.017010419239488411 -0.022096423024714203 -0.0081141165564895482 -0.020688225812770317 -0.010161258094697348 0.0010501280011993332 -0.015781397279874876 0.013106814186606858 -0.00047403548557365646 0.0053491845618057277 -0.0011462972660331967 -0.004564304644857557 0.012530699051264112 0.0098713463084868381 -0.0048477285972568828 0.011631639676238953 0.00056322131146524415 -0.0069435889945590641 -0.0041641229216050025 -0.0083721484532371729 -0.012690540307062147 0.00071725321509908031 -0.014817839515682449 0.003969912367018655 0.0058420683712973945 0.010714282050062559 0.010194394882615074 0.00042935393352212461 -0.017392947481032969 -0.018442313802120559 -0.0010917862026075464 0.0033531505471021705 0.0024032724660267967 -0.02505764650334483 -0.0015995905662916478 0.015165457117413978 -0.017297619331147384 -0.00083345078365762838 0.010034293194878866 0.0071581185695689074 -0.015875526707308515 -0.011767491897789077 0.013868568864685141 0.016429596693110674 -0.024735021474888944 -0.011307054516023037 -0.0055646563476619906 -0.033624745401271042 -0.0099239618268619871 0.0077060933469400199 -0.0060664411829331058 0.0023880166044719623 0.010345170547527881 -0.0041098438894117293 -9.3442775184467646e-05 -0.0053009500767226781 -0.0056118237458543472 0.010525552760772678 0.025055372960865532
leaf_weight=549.08822723478079 553.26387259364128 252.11425865441561 396.36223362386227 285.29945395886898 239.39518384076655 1070.9663824625313 769.60758911445737 545.77363048493862 3193.0948823988438 1303.4714022874832 320.42163763567805 249.93321061134338 4176.8574178591371 266.47501368075609 591.53198772668839 1022.5173911228776 615.3969601765275 2961.1902360729873 3844.5939296334982 327.428138718009 918.84019169583917 462.66877454891801 746.71561790630221 102.60238757357001 5045.0031788796186 560.97709590196609 969.75682719796896 1524.4375276938081 211.97260016947985 1685.7656756862998 882.72788832709193 609.76461034826934 39.795241855084896 1222.6790302991867 989.84746453911066 2244.346649594605 41.255496919155121 489.58643598109484 263.37289328500628 142.82619489729404 872.70265610516071 1380.5874831527472 1955.6939577385783 898.02553359419107 378.95933420211077 835.85655394941568 320.88976963236928 1728.4637225419283 1340.6840870566666 1358.259803507477 329.63222177140415 487.64565379917622 246.54198132455349 391.99431996047497 4177.3586665466428 1838.140742816031 502.23310013860464 2776.8115740790963 492.41378635540605 853.35336323454976 2271.3767423778772 288.35061913728714
leaf_count=11889 4936 3293 1688 7290 4523 10668 7725 4836 14508 30049 1509 1309 20533 2074 2786 4827 2726 15673 20307 1518 6277 7386 7329 658 23576 2828 4725 6912 1943 7461 12868 10502 497 5675 5048 16320 251 2439 1412 922 4018 6955 8982 5323 1877 3929 3658 47742 12535 9288 9158 2123 1100 1710 18432 8098 2162 16549 5940 5475 11791 1524
internal_value=-5.72009e-05 0.00161806 0.00323631 -0.014203 -0.0104971 -0.00345469 -0.00675831 -0.00333979 0.00596457 -0.00830674 0.0011819 0.0004769 0.000824791 -0.0147298 -0.000195149 0.00124079 -0.0034158 -0.00502105 0.00786462 0.00606116 -0.000265991 -0.00510573 -0.0114304 0.00103661 0.000261131 -0.000919708 0.00477525 5.97028e-05 -0.00414524 0.00625181 -0.00364998 -0.00647519 0.00316052 0.00194091 -0.00279663 -0.00135938 0.0077933 -0.00866521 0.00236145 0.00171948 0.0050152 0.00845477 0.0033711 -0.0126679 -0.00124067 0.00855735 0.0125417 -0.0222755 -0.0147365 -0.000615926 -0.0259566 0.00315638 -0.00400132 0.0038761 0.00444059 0.00757162 0.00189294 -0.000940691 -0.0120004 0.000194178 0.0108556 0.0121715
internal_weight=68415.7 61172.1 46377.7 7243.61 4966.06 14794.4 7265.72 4196.74 19920.8 4351.13 26456.8 23228 22709.4 518.589 18532.5 12818.1 5714.39 5099 11880.5 8035.94 7528.71 3047.66 3068.98 6457.74 11795.6 9357.22 2438.4 8306.66 958.688 3228.87 2808.26 1984.91 823.354 1543.1 3951.04 3643.47 1846.87 1050.56 5538.9 5275.53 2355.89 1483.19 5148.79 1147.96 6782.22 1805.61 360.685 2277.55 2110.29 6403.26 614.932 8040.28 734.188 7306.09 6914.09 2736.74 898.595 2919.64 1102.18 3097.7 2887.16 2559.73
internal_count=488065 336563 228005 151502 91871 108558 61099 31567 93943 75423 134062 119417 114050 5367 93517 63438 30079 27353 58630 38323 47459 45374 29532 36791 58611 46920 11691 41653 9272 14645 40851 29310 11541 7184 20721 26631 8905 5267 30514 29102 11631 7613 23490 6632 34741 8654 4155 59631 20260 32864 16448 35313 3223 32090 30380 11948 3850 17471 16442 21795 14833 13315
cat_boundaries=0 1 2 3 4 5 6
cat_threshold=160128 197800 2240 18692 5248 20664
is_linear=0
shrinkage=0.035


Tree=74
num_leaves=63
num_cat=3
split_feature=13 2 52 22 2 16 41 22 24 8 19 23 18 37 26 14 26 22 47 18 2 49 22 26 29 32 16 22 14 18 18 14 16 18 26 23 23 7 29 47 46 17 39 22 41 50 1 22 8 19 46 2 13 8 30 22 12 27 26 19 0 19
split_gain=1252.84 379.607 242.64 205.287 196.441 144.618 125.029 123.385 102.778 101.895 96.9259 93.7352 92.0877 99.4509 81.0529 84.9343 130.815 79.6493 79.1906 73.4856 70.5314 68.3712 64.0553 57.9445 86.3012 80.0544 57.0398 58.2133 55.8963 54.9557 58.2562 52.2753 50.0219 49.7893 48.6193 53.8777 48.069 46.8856 46.5995 45.1557 43.8126 43.7917 62.7262 55.6733 47.6584 55.8722 45.7859 41.8731 41.7053 42.277 45.9036 41.3926 41.15 40.5973 40.4913 39.5092 37.9741 37.9098 36.625 36.4627 38.8706 36.1122
threshold=0.28285714285714292 16.595000000000006 11.500000000000002 2.5000000000000004 1227.7200000000003 0 964.10000000000014 15.500000000000002 13.500000000000002 17.500000000000004 2158.012916666667 0.93301270189221952 11770.278500000002 6387.8400000000011 21.500000000000004 18.000000000000004 314.50000000000006 24.500000000000004 inf 3840.2933333333335 542.21000000000015 15.500000000000002 1.0000000180025095e-35 122.00000000000001 272.50000000000006 536.88000000000011 1 3.5000000000000004 16.000000000000004 61.936666666666675 488.0024621212122 16.000000000000004 2 1598.0400000000002 39.500000000000007 -0.6830127018922193 0.93301270189221952 0.82575757575757591 272.50000000000006 1754.5700000000002 714.69000000000005 13984.92 1727.2800000000002 55.500000000000007 10048.500000000002 51.848686204116333 311.13000000000005 8.5000000000000018 4.5000000000000009 1413.8370000000002 44.680000000000014 1.0000000180025095e-35 0.92153846153846175 9.5000000000000018 6.8850000000000007 39.500000000000007 470.93250000000006 2780.0100000000007 122.00000000000001 4036.1700000000005 1443.8550000000002 588.39545454545464
decision_type=8 10 2 2 10 9 10 2 8 2 10 2 10 10 2 2 2 2 8 10 10 10 2 2 2 10 9 2 2 10 10 2 9 10 2 2 2 10 2 8 8 10 10 2 10 10 10 2 2 10 8 10 10 2 8 2 10 10 2 10 10 10
left_child=2 9 18 6 5 29 32 19 37 22 11 12 13 14 -9 -16 20 -15 26 34 23 57 -2 24 56 48 -1 -28 -24 -5 39 -6 -3 -27 -7 -36 -11 -4 -8 -31 61 43 -43 44 45 46 -33 -47 -25 50 -50 -29 -19 -26 -30 -10 -17 -18 -21 60 -12 -13
right_child=1 3 8 4 31 7 38 10 55 36 59 40 -14 17 15 16 21 52 -20 58 -22 -23 28 25 53 33 27 51 54 30 -32 41 -34 -35 35 -37 -38 -39 -40 -41 -42 42 -44 -45 -46 47 -48 -49 49 -51 -52 -53 -54 -55 -56 -57 -58 -59 -60 -61 -62 -63
leaf_value=-0.00065921169065888082 -0.018266637532821952 0.0015802191476599657 -0.01920281635211462 -0.00053257769447265322 -0.0041394916906094129 -0.011140174890733958 -0.032839691190557053 -0.0091333630661458113 -0.029583488142506342 -0.017973798077582259 -0.012850841875468961 0.011763652108703337 -0.0088076722772101601 -0.018637027457509909 -0.00559041868564711 0.0075305794047936083 0.011177283811731 0.006605498743989858 0.0029158599585853966 -0.0021283728697947921 0.0058471732349642883 -7.6398295252284653e-05 -0.02309399655707103 0.010876045452336912 0.0069463996620171206 0.010975511722727989 -0.023278822381018898 -0.016173722165116478 -0.015940555775309638 0.0097432771050193177 -0.0099201496354954649 0.011494340994807128 -0.0091664083746345014 -0.012738733254534109 -0.0062212407018850955 0.0012427554217003805 0.0005009930633969636 -0.010249605240255146 2.4556573683903276e-05 0.020148115488374946 0.020765493503984059 -0.009562371436421406 0.027741027506684338 0.015271479949497889 -0.0096245684044927917 0.0016007277257108292 0.0020271447912375237 0.01227757328117143 -0.0067912770000118621 -0.02315032955191737 0.001303219447865767 -0.006776708179216581 0.01460146545841819 -0.0031199271534563706 -0.0016752004446789056 -0.015985442113486795 0.021164999745881305 0.022936806109644447 -0.021417002569710786 -0.027273979248998076 0.0038992847449378066 -0.00037825134353366042
leaf_weight=877.07145479694009 347.62954194657505 1069.8979859799147 1317.689081504941 589.1807304173708 420.03768707066774 565.81845878064632 275.88298498280346 768.6155999340117 1000.374549087137 993.56357682310045 419.07958224415779 923.92821075767279 840.95758115127683 129.8165737092495 1489.9370116069913 1479.1573142781854 932.14337695017457 2462.5167149789631 857.83164920657873 184.56419365480542 4451.7880554497242 456.46345063298941 161.49568729475141 427.49402137473226 681.13354708254337 121.76992854103446 400.46813363209367 762.82368822395802 253.67587608098984 2018.5306888446212 150.71475094184279 867.69498814642429 1040.9872230552137 942.49700230360031 1535.2360838577151 5175.9715956784785 208.66317284666002 1580.3465138655156 65.320206357166171 685.54777765274048 418.66412016376853 317.25810732319951 65.820917129516602 1442.2544689178467 187.69754507765174 516.08886002749205 2240.0522860102355 3528.7161694988608 1029.030773345381 97.57502431422472 5144.4621235430241 2327.5590701289475 1161.3803606927395 1748.6017629019916 5690.933312555775 360.10477427393198 300.90332604572177 527.84228257834911 348.2047161012888 115.12957834452391 284.13186808675528 444.07106086984277
leaf_count=11557 4686 5790 29432 2881 1998 2847 4076 3975 31041 12980 2029 4231 4278 686 8300 7021 4279 12706 6587 959 20253 2872 2419 1975 3039 679 7173 14520 3369 9569 700 4060 6803 5349 7681 25013 1515 24039 713 3045 1891 1483 366 7943 897 2414 10324 18190 6198 447 24202 25861 5496 8664 46295 10449 1324 2488 2081 578 1320 2029
internal_value=-5.63363e-05 0.00184934 -0.0118592 0.00293847 0.00343665 0.00233454 -0.00694064 0.00166993 -0.0180601 -0.00541818 0.00276239 0.00312243 0.00257279 0.00296613 0.00201114 0.00244352 0.00309644 0.00820493 -0.0068036 -0.00221641 0.00208637 0.0117474 -0.00367417 0.000687611 0.00399354 -0.00110548 -0.00871267 -0.0107028 -0.00284054 0.00917232 0.0112069 0.00792605 -0.00375725 -0.0100177 -0.00129679 -0.000465359 -0.0147695 -0.0143257 -0.0265664 0.0123876 0.0108671 0.00847938 -0.00309733 0.00898464 0.00774745 0.00820461 0.00467327 0.010916 0.000311769 -0.000410009 -4.68958e-05 -0.00910073 0.00917135 -0.000296313 -0.00228653 -0.0259986 0.00984595 0.0154416 -0.0147515 -0.00909741 -0.00608704 0.00782483
internal_weight=68230.8 58746.5 9484.27 51090.6 48638.5 39052.9 2452.09 35608.9 4258.51 7655.96 27799.1 26980.7 25194.1 24353.1 20599.4 19830.8 18340.9 3753.71 5225.75 7809.8 16424.4 1916.45 6453.73 11972.6 4209.8 7762.83 4367.92 3490.85 6106.1 3443.97 2854.79 9585.62 2110.89 1064.27 7277.03 6711.21 1202.23 2898.04 341.203 2704.08 1786.66 9165.58 383.079 8782.5 7340.25 7152.55 3107.75 4044.81 6698.56 6271.07 6173.49 3090.38 3623.9 2429.74 5944.61 1360.48 1780.06 1459.99 532.769 818.341 703.211 1368
internal_count=488065 327406 160659 256142 238760 191085 17382 174890 94961 71264 136309 132382 124231 119953 101065 97090 88790 18888 65698 38581 79151 9639 56769 58898 20048 38850 59111 47554 52083 16195 13314 47675 12593 6028 35541 32694 14495 53471 4789 12614 8151 45677 1849 43828 35885 34988 14384 20604 32822 30847 30400 40381 18202 11703 49664 41490 8345 6767 3040 3927 3349 6260
cat_boundaries=0 1 2 3
cat_threshold=1272 132221 67145
is_linear=0
shrinkage=0.035


Tree=75
num_leaves=63
num_cat=2
split_feature=50 34 46 0 22 2 17 26 26 3 22 16 45 48 29 42 47 49 41 49 32 18 16 22 18 14 18 2 45 6 47 0 18 44 47 41 49 14 19 22 19 22 43 3 3 27 18 47 12 22 18 37 23 26 26 4 26 32 3 37 18 41
split_gain=1180.74 368.816 191.363 171.34 138.836 131.452 110.323 98.6215 107.255 114.838 198.996 84.4726 78.1643 78.0428 75.3184 74.0561 99.771 82.9132 72.2681 69.3494 68.9362 80.856 78.9453 67.1223 61.6532 57.7518 57.4466 55.5343 52.3341 51.9954 48.0962 43.3277 65.1358 55.1236 42.0295 41.7063 41.3289 40.6138 40.3034 40.245 40.1021 38.8907 38.152 37.9502 37.2687 36.5486 52.6645 35.9131 35.7198 34.5828 37.0296 42.3696 38.4447 50.4919 34.7079 34.5918 33.0658 32.9638 32.9507 32.8738 32.4611 32.1628
threshold=0.13416407864995034 1.5000000000000002 4.330000000000001 1.9200000000000015 1.0000000180025095e-35 1088.5700000000002 1.0000000180025095e-35 21.500000000000004 122.00000000000001 46.500000000000007 18.500000000000004 0 7.166666666666667 10.500000000000002 272.50000000000006 5.5000000000000009 inf 3.5000000000000004 2732.5500000000002 13.500000000000002 inf 1162.3770833333335 1 46.500000000000007 393.94950000000006 18.000000000000004 13407.280000000001 248.98000000000005 4.366666666666668 69.564000000000021 inf 95.493333333333354 4001.9325000000003 99.045000000000016 1032.2850000000003 362.89000000000004 1.5000000000000002 20.500000000000004 3703.7837500000005 5.5000000000000009 588.39545454545464 59.500000000000007 4.5000000000000009 257.50000000000006 267.50000000000006 7983.5400000000009 3780.3675000000003 126.52000000000002 3601.2600000000007 8.5000000000000018 10806.150000000001 7425.1800000000012 0.25000000000000011 131.50000000000003 21.500000000000004 1394.1600000000003 299.50000000000006 286.83500000000004 22.500000000000004 4.830000000000001 699.02041666666685 2762.9549999999999
decision_type=8 2 8 10 2 10 8 2 2 2 2 9 10 2 2 2 8 10 8 10 8 10 9 2 10 2 10 10 10 10 8 10 10 8 10 10 10 2 10 2 10 2 2 2 2 10 10 8 10 2 10 8 2 2 2 10 2 10 2 8 10 10
left_child=3 2 28 -1 58 15 24 -8 14 11 18 -10 25 19 23 16 17 -3 35 26 42 22 -22 40 -4 -6 27 41 47 34 43 33 -33 -27 -7 -11 -24 -21 44 -13 -9 -12 -16 -15 -17 46 -23 -2 -19 60 51 52 -51 54 -54 -52 -20 -44 59 -5 -31 -29
right_child=1 5 6 4 12 29 7 8 9 10 13 39 -14 30 20 38 -18 48 56 37 21 45 36 -25 -26 31 -28 61 -30 49 -32 32 -34 -35 -36 -37 -38 -39 -40 -41 -42 -43 57 -45 -46 -47 -48 -49 -50 50 55 -53 53 -55 -56 -57 -58 -59 -60 -61 -62 -63
leaf_value=-0.022635908672938021 -0.0096787236236201592 -0.0054464353869680552 -0.006368656254974645 -0.025764170833337399 -0.021335159958625439 0.0081589715309003472 -0.011592072589177417 0.0010177487256697168 0.011086231727462873 -0.022518147454989829 -0.0080496797616505921 -0.0054590055191430387 -0.015125915292803589 0.00039104872627301125 -0.0069499437645528517 0.0072160372044966876 0.0068030347126435365 0.0020028647496181293 -0.029391919263857886 -0.019616232662754231 0.0040418482517913671 0.0058814698359904568 -0.016941499628226903 0.018603267184169835 -0.028151426259047398 -0.0017351103268177478 -0.01679797419492994 0.00065207520567948213 -0.017804702843408467 0.011210399473398901 0.016259682468249614 0.0081100880936073733 -0.010443146420412707 -0.013866124497689078 -0.0013915711668942507 -0.0051135665698781134 0.01025215275666806 -0.0062503431258847603 -0.03361565799700466 0.0024840682257105682 0.010774212114777797 0.00030848967717367359 0.0073012589285108512 0.015594647664149393 0.021201541314866207 -0.0058387114752281059 0.016921618456355203 -0.0021347758842971271 -0.029401499692287166 0.013388228834882681 -0.0045039393845297503 0.018733521343509845 -0.0023226473284260387 -0.0050531022636537415 0.013445862715302077 0.022699563475330833 -0.012071626949307869 -0.0026027763447219491 -0.033304600707008775 -0.002449129303193505 -0.0076683365118620306 0.0092182117280461499
leaf_weight=1883.8852413315326 1923.3399424776435 2232.4969684407115 478.17391235008836 206.15077911876142 246.92364616133273 1291.3264645561576 832.05107408761978 1126.4535998441279 1211.0337318591774 211.44704921543598 1381.0995430238545 1006.4511075206101 1368.6842867434025 1637.3954890482128 1274.3209996782243 2807.4606612175703 4344.1994208097458 12156.726887919009 419.76576726511121 390.75786588340998 998.00476524233818 1556.752810947597 447.25285371765494 620.56911861151457 238.22402038984001 1074.298615179956 276.66229080408812 1754.0018810778856 612.92636439576745 205.82376919686794 357.3921964764595 699.52720039710402 345.46091521158814 800.41074035316706 1001.7513620406389 823.18737763911486 80.112517789006233 969.10954642668366 27.285514637827873 3481.5632129199803 951.80074741691351 1346.0778985582292 643.91109713166952 228.29309271648526 253.99686682224274 202.22123749554157 802.46411728486419 1293.2170630507171 43.533630520105362 2005.0429294854403 302.70042784512043 934.03657531738281 219.53454834222794 380.39257788658142 768.14544762670994 69.566661834716797 201.93663276731968 1137.3406243212521 326.12675408273935 115.67913779057562 241.27243350446224 772.91935969889164
leaf_count=52242 19940 9973 3900 6048 4864 6050 5675 5676 6905 1526 9588 6561 32848 9838 8837 13004 19286 54401 3073 3281 4719 7001 2066 2992 3022 17506 1637 8463 9095 1006 1623 7823 4287 13836 4440 5338 410 6951 125 19247 4300 8655 3502 1488 1271 922 3754 9795 187 11144 1356 5596 994 1882 4030 409 1286 5616 9499 2549 1129 3598
internal_value=-5.52668e-05 0.00151449 -0.00110234 -0.0135971 -0.0103081 0.00434599 -9.38143e-05 0.000264247 0.000639624 -0.00108781 -0.00321375 0.00292962 -0.00813928 -0.00118491 0.00353028 0.0029798 0.00215342 0.000753534 -0.0143696 -0.00302452 0.00164759 0.00462032 -0.00175859 0.00851032 -0.0136412 -0.00511567 -0.00128269 -0.000462666 -0.00843726 0.00837125 0.00451592 -0.00373713 0.00197248 -0.0069191 0.00398794 -0.00868883 -0.0125612 -0.0101026 0.00800113 0.00070043 0.00548906 -0.00392566 -0.00232862 0.00225878 0.0083829 0.00841825 0.00964224 -0.00664728 0.00188841 0.0103307 0.0112191 0.0121343 0.0103019 0.00577207 0.00994215 0.000626854 -0.0237945 0.000979557 -0.0254526 -0.0174173 0.00102824 0.00327484
internal_weight=68040.7 60973.5 31688.2 7067.15 5183.26 29285.3 27858.7 27142.3 26310.3 16469.1 10770 5699.05 4535.31 9113.71 9841.2 21865.7 18777 14432.8 1656.34 6890.63 7142.38 4086.81 1525.37 2698.82 716.398 3166.62 5530.76 5254.1 3829.48 7419.59 2223.08 2919.7 1044.99 1874.71 2293.08 1034.63 527.365 1359.87 3088.74 4488.01 2078.25 2727.18 3055.57 1865.69 3061.46 2561.44 2359.22 3216.56 12200.3 5126.52 4679.42 4307.15 3373.12 1368.07 987.68 372.267 621.702 1781.25 647.957 321.83 447.096 2526.92
internal_count=488065 336563 200280 151502 99260 136283 161450 154528 148853 99058 66345 32713 81164 55122 49795 98247 83847 64561 11223 42173 36827 18872 7195 12968 6922 48316 31941 30304 38830 38036 12949 43452 12110 31342 10490 6864 2476 10232 14400 25808 9976 18243 17955 11326 14275 11677 10755 29735 54588 27546 25411 23646 18050 6906 5024 1765 4359 9118 18096 8597 2135 12061
cat_boundaries=0 1 2
cat_threshold=1353 137396
is_linear=0
shrinkage=0.035


Tree=76
num_leaves=63
num_cat=4
split_feature=50 0 45 0 40 2 19 42 32 16 22 26 8 41 14 26 45 26 29 43 31 27 22 32 22 22 2 37 14 17 4 22 19 27 26 26 32 16 16 18 18 22 26 37 0 18 44 41 22 16 11 41 0 49 41 32 2 29 12 47 37 26
split_gain=1112.83 348.531 174.547 166.726 139.394 118.507 114.669 114.124 96.9337 94.9412 197.794 79.8089 90.8622 75.9009 75.618 91.8448 73.7948 70.7401 72.0498 59.0353 58.6881 57.4884 60.8805 56.17 54.8928 54.754 54.1628 52.8767 51.5417 50.412 55.1809 47.497 45.1648 44.2331 41.7518 46.491 41.6342 42.025 41.4965 43.4597 67.1928 46.3596 40.9096 40.0127 39.6256 50.3538 49.8859 38.4767 38.3768 50.4197 37.4114 35.7906 35.056 34.5696 34.2056 33.9845 33.0062 32.7408 32.6739 32.615 43.9026 32.3727
threshold=0.13416407864995034 332.6133333333334 3.535714285714286 1.9200000000000015 1.0000000180025095e-35 2072.0600000000004 569.5725000000001 3.5000000000000004 2448.5000000000005 0 13.500000000000002 30.000000000000004 20.500000000000004 2858.8800000000006 19.500000000000004 314.50000000000006 7.166666666666667 100.50000000000001 302.50000000000006 2.5000000000000004 1.0000000180025095e-35 3810.1200000000003 5.5000000000000009 inf 24.500000000000004 8.5000000000000018 204.14000000000004 107.83000000000001 16.000000000000004 13984.92 37.100000000000009 3.5000000000000004 1081.4133333333334 5983.380000000001 131.50000000000003 39.500000000000007 11810.43 1 2 259.2050000000001 61.936666666666675 8.5000000000000018 122.00000000000001 6387.8400000000011 95.493333333333354 3970.3950000000009 99.045000000000016 17509.770000000004 3.5000000000000004 3 503.91000000000008 9261.9000000000015 5199.5116666666672 15.500000000000002 1149.0600000000002 2085.2200000000007 603.18000000000018 241.50000000000003 2872.8600000000001 2053.6200000000003 1736.2800000000002 61.000000000000007
decision_type=8 10 10 10 10 10 8 2 8 9 2 2 2 10 2 2 10 2 2 2 2 10 2 8 2 2 8 10 2 10 10 2 10 10 2 2 8 9 9 8 10 2 2 8 10 10 8 10 2 9 10 8 10 10 10 10 10 2 10 8 10 2
left_child=3 2 6 -1 -5 9 7 8 19 31 21 -12 14 38 -13 17 28 18 -16 51 29 22 -11 -20 -15 -7 58 -4 -6 30 42 61 -14 56 35 -21 37 -27 39 40 -10 -41 -19 -9 46 48 -30 -22 49 -46 -24 -2 -39 -18 -33 -44 -34 -32 -8 -43 -61 -3
right_child=1 5 27 4 16 25 26 43 13 10 11 12 32 24 15 -17 53 20 23 34 47 -23 50 -25 -26 36 -28 -29 44 -31 57 54 33 -35 -36 -37 -38 52 -40 41 -42 59 55 -45 45 -47 -48 -49 -50 -51 -52 -53 -54 -55 -56 -57 -58 -59 -60 60 -62 -63
leaf_value=-0.022313075290434574 -0.015037347816731231 -0.00865747607554921 -0.0013371841861585397 -0.029906721721054227 -0.02444743842897619 -0.00075408969773168015 -0.012404861724652966 0.0030667786791844188 -0.00057673202826620063 -0.0090357276263595323 -0.0031175702461703732 -0.00071289929357531815 0.0057715523206269262 -0.0093591039163972885 0.016156001147664526 0.015868383220579721 -0.011563175111328653 0.015773984105273885 -0.0038206634269407438 -0.0085424677943388271 -0.0012161428305527845 -0.017742929938849829 -0.0019646779335990507 0.010299292568421214 0.010836140368646378 0.0093691722416077965 -6.3003118410865551e-05 -0.011611032757223014 -0.002799990068613002 -0.0074283602833084064 0.011186204250816864 0.015958754715207035 -0.013566582355860356 -0.022344203519658691 -0.0056671247778046991 0.0026730461929192727 0.012094670185547364 -0.0030140506240211103 -0.0031106996060669312 -0.012026403764202468 0.013840305782294731 -0.0024054092039368174 0.0033947590609472605 0.0099506405110622656 0.022656916539300066 -0.0099069089591542203 -0.013978658468830259 -0.029655870915615296 0.009702686813264234 -0.020528790079363788 0.0068428607180882305 -0.001889789447521465 -0.04045165712952397 -0.023659615862418184 -0.027995281628945604 -0.011645361885568438 0.00047673867606295056 -0.0011569745437130532 0.050118766759760708 0.00117524527801731 0.012076536021306629 0.0077150786130846891
leaf_weight=1844.9596992935985 870.61114065907896 183.76355018094182 829.80471120402217 398.32590600848198 166.10415142588317 606.48425151966512 1424.6442289873958 4647.3219203129411 797.5504930280149 1291.9071446470916 1638.8043363839388 1875.177581384778 534.93855787068605 187.7599339839071 1436.2779241800308 1238.449256747961 1016.6059630401433 313.86114713549614 541.63613604009151 570.38630347698927 1253.3556273728609 321.46968834102154 2975.4896357059479 948.1793715134263 1312.5723681040108 482.15910847485065 695.77522154711187 2358.1292431782931 1179.1848321557045 352.51071174442768 2541.642067655921 1125.8440964519978 287.32135879248381 181.15610138326883 2913.9400013107806 2179.7970866076648 3521.7359307408333 259.19014383852482 3668.5730023030192 365.68498363159597 785.41731951385736 2149.5172177664936 3818.1560585051775 1330.1390445977449 35.868983712047338 366.95790656656027 835.33058375306427 60.123162031173706 616.57694301940501 114.20490456558764 736.08910017460585 358.18776231259108 33.779977813363075 406.45380453020334 21.237438276410103 192.39370010048151 709.36381607502699 293.4574740678072 9.3499797247350198 2343.6449666544795 559.93672476708889 743.13224041461945
leaf_count=52242 7980 833 8335 13316 3631 3161 9184 20614 4293 7498 7490 8912 2460 1073 6517 5748 22401 1367 2424 4327 5842 1705 13425 4240 6550 2498 3266 26313 19458 1709 12655 5171 1319 916 23458 13579 18489 1229 20500 1979 3976 13308 17451 5832 355 4626 14660 298 6858 1586 3466 2597 167 12369 96 881 3281 1415 61 10629 2581 3465
internal_value=-5.41762e-05 0.00146363 -0.00119159 -0.0132894 -0.0100439 0.00410486 -0.000282408 0.000380822 -0.000942297 0.0031504 0.00251355 0.00424909 0.00497746 0.000935947 0.00585698 0.00680535 -0.00836781 0.00584897 0.0105645 -0.00425832 0.00428452 -0.00341872 -0.00249504 0.00516673 0.00830424 0.0090894 -0.00807694 -0.00893805 -0.00550252 0.00547788 0.00611429 0.0103128 -0.00265484 -0.00648349 -0.00274857 0.000344696 0.0104786 0.0031301 -0.000100776 0.00147883 0.00658076 -9.79192e-06 0.00362499 0.00460002 -0.00449549 0.000738961 -0.00743993 -0.00253951 0.00584088 -0.00998451 -0.000216573 -0.0112096 -0.00720839 -0.0150323 0.0151213 0.00267053 -0.00358117 0.00990862 -0.0119626 0.000862039 0.00328092 0.00446327
internal_weight=67858.4 60877.8 30358.7 6980.57 5135.61 30519.1 27170.8 25041 19063.6 25615.7 23541.8 18216.8 16578 12170.7 14865.2 12990 4737.29 11751.6 2926.09 6892.92 8825.5 5324.96 5003.49 1489.82 1500.33 4903.35 2129.77 3187.93 3314.23 7512.02 7159.51 2073.98 1712.78 1177.84 5664.12 2750.18 4296.87 775.129 10670.3 7001.75 1582.97 5418.78 4324.41 5977.46 3148.12 1133.61 2014.52 1313.48 766.651 150.074 3711.58 1228.8 292.97 1423.06 1147.08 4010.55 996.685 2835.1 1433.99 5053.1 2903.58 926.896
internal_count=488065 336563 190435 151502 99260 146128 155787 143276 116830 120584 111019 84925 77435 64889 69459 60547 85944 54799 13181 51941 41618 26094 24389 6664 7623 25544 12511 34648 51174 35478 33769 9565 7976 5516 41364 17906 22383 3894 57266 36766 8269 28497 19699 26446 47543 13425 34118 6140 8799 1941 16891 10577 1396 34770 5267 18332 4600 14070 9245 26518 13210 4298
cat_boundaries=0 1 2 3 4
cat_threshold=1672 4352 132593 1192
is_linear=0
shrinkage=0.035


Tree=77
num_leaves=63
num_cat=0
split_feature=13 2 52 22 2 41 26 14 26 40 26 24 29 35 23 14 40 37 47 49 22 32 22 22 23 3 22 22 18 40 22 41 13 12 27 29 14 41 18 47 32 17 39 41 32 29 22 7 18 49 0 31 18 49 19 43 19 0 3 50 1 41
split_gain=1049.49 321.297 225.474 178.876 165.487 114.504 110.461 113.122 116.469 127.099 134.398 99.7159 95.4749 90.7604 83.6033 121.778 72.4637 104.816 70.8268 67.039 65.1212 62.3625 60.207 56.6354 54.9453 52.9312 52.395 50.2319 48.8001 57.6396 47.9362 46.2478 46.1163 45.9846 45.4757 45.4575 44.9381 42.9383 42.8383 42.4536 42.4471 41.7559 57.1288 41.7037 41.3194 50.9191 40.6247 39.3375 38.675 38.2761 37.504 36.2806 35.0386 35.9226 34.1914 38.4384 33.8718 53.6011 33.813 33.6128 38.4349 33.2995
threshold=0.28285714285714292 16.595000000000006 11.500000000000002 2.5000000000000004 1227.7200000000003 964.10000000000014 21.500000000000004 19.500000000000004 314.50000000000006 266.91000000000003 122.00000000000001 13.500000000000002 115.50000000000001 15.500000000000002 0.68301270189221941 20.500000000000004 3072.7883333333334 6188.5800000000008 inf 15.500000000000002 22.500000000000004 513.82000000000016 12.500000000000002 66.500000000000014 0.93301270189221952 66.500000000000014 1.0000000180025095e-35 76.500000000000014 3946.8150000000005 1.0000000180025095e-35 38.500000000000007 985.13999999999999 0.78759398496240618 7.0300000000000011 11367.540000000001 272.50000000000006 19.500000000000004 13177.440000000001 13407.280000000001 inf 525.58000000000015 13984.92 1056.6250000000002 1317.3600000000004 11810.43 241.50000000000003 39.500000000000007 0.82575757575757591 8952.1200000000008 19.500000000000004 21.000000000000043 1.0000000180025095e-35 61.936666666666675 12.500000000000002 3444.6440000000002 7.5000000000000009 1748.135416666667 875.69999999999993 60.500000000000007 51.848686204116333 716.9100000000002 1717.4400000000003
decision_type=8 10 2 2 10 10 2 2 2 10 2 8 2 2 2 2 10 10 8 10 2 10 2 2 2 2 2 2 10 10 2 8 10 8 10 2 2 10 10 8 10 10 10 8 8 2 2 10 10 8 10 2 10 8 10 2 10 10 2 10 10 10
left_child=2 13 18 5 6 -3 -5 43 9 52 14 36 23 26 61 20 17 -17 28 27 37 22 58 48 -15 -23 -2 -10 29 -1 -30 -6 -22 -28 40 -7 -4 -16 51 -25 -18 44 -43 -8 45 -33 -13 -38 54 -45 -31 -24 -9 -54 55 -12 57 -27 -14 60 -46 -11
right_child=1 3 11 4 31 35 7 8 19 10 12 46 21 24 15 16 34 -19 -20 -21 32 25 38 39 -26 56 33 -29 30 50 -32 41 -34 -35 -36 -37 47 -39 -40 -41 -42 42 -44 49 59 -47 -48 -49 -50 -51 -52 -53 53 -55 -56 -57 -58 -59 -60 -61 -62 -63
leaf_value=-0.026309908150036601 -0.017216143256590981 -0.0035811342367623403 -0.030660213133448296 -0.0073552127860010063 0.00074871872858345843 -0.032227527534348925 -0.013028921400944303 0.0020707868294705073 0.010638431298127178 0.00328531604553506 0.0015517883947943896 -0.029046556003062073 -0.0064675133432571244 -0.014969504390702829 0.0047922937846653297 -0.0025440252745146919 0.0081284272029686026 -0.060498943698370111 0.0030474304655811889 0.0010215234570369702 0.0076613183990211697 -2.8015389136675904e-05 0.0016683483197129866 0.0068988919774849557 0.00071054233490390538 -0.011868470780024516 -0.010123988342907272 0.026563025396442029 -0.023006740815132938 -0.010433874910889609 -0.0086582445356235254 0.0089198791524725523 0.018123586508331981 -0.00087183615950344145 -0.01121265240846288 0.00053750593067048368 -0.017139666596890785 -0.022535280328986669 -0.015820155541343847 0.023572729106829952 -0.0040990145625551628 -0.012003672567766284 0.017239320299528182 -0.0011065430333896886 0.011713938688963737 -0.0031839434480164992 -0.014890208170533202 -0.0085081060937952351 -0.012389866821978814 -0.021643988199321694 -0.0017892511682586257 -0.0057096309497443876 0.014345909997301162 0.0031486227152652418 -0.02526793216499985 0.012426694282255029 -0.024908398574032379 0.010722016033246212 -0.025418529335589683 0.012394342157942207 0.0034106104236723694 0.015958462557029884
leaf_weight=155.03712526895106 297.31339676864445 2102.0007740352303 174.06548583321273 1446.4335361868143 1164.4534611925483 263.22867943905294 451.78085719235241 561.49962877854705 2117.3208931796253 338.99465039372444 3647.5798708759248 936.47230433486402 807.29649803414941 1433.6666581891477 2318.2578798905015 3221.8138404656202 1964.3236717842519 37.690243531018496 855.10516077652574 848.70246708020568 1135.9695066474378 766.08324943110347 6065.4395348951221 906.12040855363011 338.21021774597466 1117.6455934047699 763.04841347038746 273.82258291915059 445.94509428180754 889.35655093751848 794.40379004180431 1048.5829662904143 948.87105653434992 4745.4165119752288 204.07468199729919 64.499888388440013 1159.1336304154247 71.66175777092576 197.31229491531849 235.26583042740822 421.9154519289732 266.82463816180825 116.86850354075432 3497.2654244452715 1255.7531934827566 715.67167053371668 342.72719212993979 1471.1649247296154 228.36437640339136 113.82199273630977 1988.093920936808 942.44760309159756 1626.8993542790413 448.29149343818426 53.109095968306065 446.00367391109467 195.8128685541451 144.60173240303993 133.84840220212936 3438.3686151355505 1498.1826704256237 1019.0868878662586
leaf_count=4540 3970 12593 3792 7507 5336 4076 2851 2673 9911 1619 17543 31041 3882 18289 10485 15168 9168 187 6587 5124 5368 3859 29391 4467 2416 6483 9626 1352 6027 16287 11206 5231 4332 36963 940 713 27031 378 991 1068 2081 1242 623 17697 6026 3436 10449 22648 1179 985 21051 4874 7496 2282 250 2061 979 712 848 18610 7171 4894
internal_value=-5.30271e-05 0.001677 -0.0110329 0.0026782 0.00314288 -0.00658706 0.00213248 0.00249854 0.00316845 0.00249184 0.00178954 -0.0171685 -0.000306054 -0.00504632 0.00463907 0.00356447 0.00023969 -0.00323252 -0.00614451 0.00947398 0.00790991 -0.00228489 -0.00086635 0.00341374 -0.0119778 -0.00747783 -0.00292918 0.0124724 -0.00798433 -0.00558901 -0.0138314 0.00728335 0.0124294 -0.00215508 0.00460848 -0.0257971 -0.0134661 0.00396379 0.000221596 0.0103534 0.00596566 0.0081955 -0.00307493 -0.00301571 0.00873932 0.00401093 -0.0252683 -0.012317 0.00160135 -0.0017597 -0.00446381 0.000675456 0.00983177 0.0119297 0.00237466 0.00273938 -0.0113894 -0.00927409 -0.00918682 0.0100856 0.00719968 0.0127998
internal_weight=67679 58467.5 9211.51 50889.9 48460.1 2429.73 38955.4 37509 33446.1 30206.3 27569.6 4083.56 15886.9 7577.66 11682.7 10324.6 5849.82 3259.5 5127.94 3239.85 4474.76 10370.5 8146.34 5516.44 1771.88 2224.14 5805.78 2391.14 4272.84 3032.49 1240.35 9504.71 2084.84 5508.46 2590.31 327.729 2804.36 2389.92 7205.2 1141.39 2386.24 8340.25 383.693 4062.87 7956.56 1764.25 1279.2 2630.3 4375.06 3611.09 2877.45 7007.89 2636.69 2075.19 4146.69 4093.58 1458.06 1262.25 941.145 6192.3 2753.94 1358.08
internal_count=488065 327406 160659 256142 238760 17382 191085 183578 162045 145658 133207 94961 78587 71264 54620 48107 27544 15355 65698 16387 20563 52019 39986 26568 20705 12033 50559 11263 59111 41878 17233 47675 9700 46589 12189 4789 53471 10863 35256 5535 11249 42339 1865 21533 40474 8667 41490 49679 21033 18682 37338 34265 12451 9778 19854 19604 8174 7195 4730 31807 13197 6513
is_linear=0
shrinkage=0.035


Tree=78
num_leaves=63
num_cat=6
split_feature=50 46 4 0 40 48 26 22 16 18 40 14 9 14 26 22 16 48 27 26 26 22 26 14 16 13 22 32 29 41 26 52 3 18 40 32 32 0 3 22 26 22 3 29 32 38 44 17 14 32 44 0 14 16 22 16 46 16 22 42 3 46
split_gain=991.416 317.396 173.195 159.864 134.836 100.978 79.3953 76.4529 136.873 91.1092 83.0096 82.6329 74.1173 70.4862 66.6064 63.2869 91.459 60.9794 58.5355 72.6057 84.2097 71.0505 68.8397 86.1871 69.1487 56.2741 55.8443 55.4608 53.5977 51.7495 51.5993 51.3667 49.5997 48.0403 46.4476 46.1849 45.7969 44.8368 43.3482 58.6202 49.106 42.8639 70.36 41.6246 51.6456 49.4121 40.446 40.3295 40.2456 43.0338 39.4007 44.8503 37.0172 36.8788 36.7532 36.4811 36.2978 40.2289 36.1187 34.6087 34.0294 33.3689
threshold=0.13416407864995034 53.790000000000013 10.100000000000001 1.9200000000000015 1.0000000180025095e-35 2.5000000000000004 131.50000000000003 35.500000000000007 0 11770.278500000002 6025.0800000000008 18.000000000000004 309.98000000000008 16.000000000000004 39.500000000000007 2.5000000000000004 1 7.5000000000000009 6027.3000000000002 39.500000000000007 122.00000000000001 41.500000000000007 269.00000000000006 19.500000000000004 2 0.13961038961038963 1.0000000180025095e-35 11810.43 302.50000000000006 2373.2100000000005 70.500000000000014 6.5000000000000009 285.50000000000006 8108.857954545455 3425.648333333334 2159.0400000000004 734.58000000000027 2722.0916666666672 47.500000000000007 63.500000000000007 284.50000000000006 22.500000000000004 62.500000000000007 272.50000000000006 443.61000000000007 125.12500000000001 54.570000000000007 2.2450000000000006 20.500000000000004 34.985000000000007 338.31000000000006 85.44000000000004 21.500000000000004 3 75.500000000000014 4 534.98000000000013 5 6.5000000000000009 2.5000000000000004 252.50000000000003 11.590000000000002
decision_type=8 8 10 10 10 2 2 2 9 10 10 2 10 2 2 2 9 2 10 2 2 2 2 2 9 10 2 8 2 8 2 2 2 10 10 10 10 10 2 2 2 2 2 2 10 8 8 8 2 10 10 10 2 9 2 9 8 9 2 2 2 10
left_child=3 5 15 -1 -5 48 43 8 47 12 11 -10 29 -6 -13 16 30 -16 19 53 27 59 24 -24 36 31 -8 28 -21 -9 52 -15 -11 -12 55 60 41 -19 -28 58 -41 42 -22 45 61 54 -33 -4 -2 -50 51 -27 -3 -17 -7 -29 57 -26 -40 -20 -31 -45
right_child=1 2 7 4 13 6 26 9 10 32 33 14 -14 25 17 18 -18 37 21 20 22 -23 23 -25 56 50 38 34 -30 35 -32 46 -34 -35 -36 -37 -38 -39 39 40 -42 -43 -44 44 -46 -47 -48 -49 49 -51 -52 -53 -54 -55 -56 -57 -58 -59 -60 -61 -62 -63
leaf_value=-0.021727565865867517 -0.01454864423653085 -0.0079823378495848703 -0.022843107664786557 -0.029548341684992943 -0.026309716748371043 0.0056465779213053296 -0.021236250451959596 -0.0024925441753043905 -0.01101422446196996 -0.0032676962078045375 -0.029884460102550924 -0.0057024774361602772 0.013664316480354589 0.0048610414175105626 0.0070510693475602446 0.0023177427194047569 -0.00014935254763459238 -0.0013238331187697186 -0.017706871851683181 0.0059778869077730511 -0.0028156512058551404 -0.00029383646688733783 -0.0043285506703428693 0.0061189233339066255 -0.003583524829542736 -0.0055360560633286046 -0.00012191565080703669 0.024806402487228693 -0.0035548997879996012 0.0069658422755049182 -0.024730582930225561 -0.0094233461328100086 -0.037432039373865494 -0.0056319927759365517 0.019309379371135086 -0.0075755954565916205 -0.012024033492034732 0.013252903491899211 -0.032767807105138623 -0.004620101847708509 0.0095090870998339634 -0.00017306486958384786 -0.023135001547912967 -0.0043219418572534784 -0.01436360772036599 -0.0040997259881853116 -0.021402318385493068 0.0091005333279911386 0.0081519936597795467 -0.012128613505673807 -0.013390696738948302 0.0046476893821666759 0.040110647114879078 -0.0079992844302181777 0.020877905423108929 0.0062693182213984623 0.0086372836189361202 0.010405340103780289 -0.0089270567746996664 -0.0012418127623773083 0.014947971931637995 0.0037806353149251347
leaf_weight=1777.5727088507265 1259.8623852469027 180.88737116381526 48.128347061574459 379.77235417626798 240.23318237997591 1426.5014259852469 242.71698857098818 729.35941328853369 599.61418174952269 427.33973345160484 153.40388518571854 1041.081293836236 2225.580252289772 193.30991647392511 3371.9181905984879 633.65384629741311 1273.1520628929138 2603.5485067665577 512.6226745210588 2263.4475481659174 753.96026151999831 2425.6631423123181 1237.7327192537487 4416.0119690299034 1025.1313890367746 1547.0919702183455 2137.7086924389005 131.42940717935562 1060.2592357993126 5239.6786744520068 378.27597514539957 845.82733327150345 58.318589508533478 285.9950650408864 499.35809755325317 243.03464800864458 708.11194086447358 285.97515480220318 79.694113846868277 1212.7092761062086 399.85331637039781 2900.1842203512788 287.8740363381803 1164.1131029427052 348.06884315982461 586.01252769678831 586.07536619529128 3731.1219061911106 233.67759812995791 281.50594400241971 445.83764334768057 804.46799885109067 20.978252954781055 1267.3073636218905 223.94817490875721 2109.3259868696332 990.5359230786562 321.69832028448582 2345.0079284608364 225.07286473363638 747.89722933620214 1336.2566078230739
leaf_count=52242 11690 1008 211 13316 5960 8295 3242 3271 2759 1846 684 4551 12818 1659 15237 3198 7504 11681 3229 10563 4086 12602 7305 21748 5506 26828 15592 564 5279 24407 4065 20915 255 1252 2196 1111 3959 1586 882 8877 3045 14903 1839 9940 2430 2810 13664 17833 2150 2578 7439 9479 127 6605 1192 9269 4487 1620 20094 1053 3601 7928
internal_value=-5.20441e-05 0.00136982 0.0027092 -0.0127034 -0.00951864 -0.00341298 -0.00221345 0.00500286 0.00315066 0.00732363 0.000640473 0.00146527 0.00810487 -0.00788131 0.00249133 0.00075833 -0.00546938 0.0038544 0.00124411 0.00192466 0.00258702 -0.00318814 0.000960365 0.00383137 -0.00136285 -0.00687457 -0.00480148 0.00597737 0.00293678 0.00632542 -0.0168319 -0.0120527 -0.00743869 -0.0141477 0.00966314 0.00735789 -0.00382682 0.000122907 -0.00415215 -0.00628558 -0.00111289 -0.00236136 -0.00844699 0.00105322 -0.00175254 0.00462593 -0.0143378 0.00866488 -0.0111805 -0.00293174 -0.00386301 -0.0020517 -0.00281134 -0.00459074 0.0077247 0.0075058 0.00353991 -0.000186347 -0.00972383 -0.0126918 0.00796521 8.04698e-06
internal_weight=67512.5 60692.3 47414.7 6820.19 5042.62 13277.6 11502.6 21792 12120.8 9671.21 8341.54 7902.14 9185.55 4662.84 7302.52 25622.7 1853.29 6261.44 23769.4 20606 18705.1 3163.36 12641.2 5653.74 6987.5 4422.61 6417.69 6063.82 3323.71 6959.97 580.142 1625.21 485.658 439.399 2740.11 6230.61 4650.13 2889.52 6174.97 4037.26 1612.56 3942.02 1041.83 5084.9 2848.44 2236.46 1431.9 3779.25 1775.05 515.184 2797.4 2351.56 201.866 1900.96 1650.45 2240.76 2337.37 1346.83 2424.7 737.696 5987.58 2500.37
internal_count=488065 336563 235818 151502 99260 100745 84327 103103 55794 47309 37750 35814 45208 85944 33055 132715 12704 28504 120011 103127 93324 16884 65453 29053 36400 79984 51732 27871 15842 32390 5200 36238 2101 1936 12029 29119 24787 13267 48490 32898 11922 20828 5925 32595 20298 12297 34579 18044 16418 4728 43746 36307 1135 9803 9487 9833 11613 7126 20976 4282 28008 17868
cat_boundaries=0 1 2 3 4 5 6
cat_threshold=5856 160000 18688 20608 128 135296
is_linear=0
shrinkage=0.035


Tree=79
num_leaves=63
num_cat=5
split_feature=45 2 42 32 7 40 9 14 44 29 26 27 8 41 16 3 2 26 19 8 26 44 46 1 15 27 26 41 17 16 16 37 40 40 13 0 48 37 16 16 27 35 23 3 20 43 26 41 15 27 39 12 17 40 48 14 48 26 29 46 19 2
split_gain=940.896 375.607 179.835 175.462 131.539 100.27 98.8438 90.9228 86.7809 77.7599 79.2127 73.538 75.0659 72.2001 66.5786 64.9259 60.6233 58.946 58.5817 54.1119 61.2535 53.0804 52.2074 51.535 52.8903 47.8832 46.5019 46.4975 43.8465 43.4941 42.1314 42.1572 40.1254 39.6767 37.5738 36.5126 36.2654 35.9527 35.635 34.9875 42.9703 34.835 33.7092 32.3928 32.1071 31.9928 31.3475 31.0053 30.9594 30.68 31.4969 32.132 30.5937 30.5054 30.4121 30.4051 35.0644 50.0231 31.1469 29.8248 44.5972 40.44
threshold=4.5500000000000007 16.595000000000006 3.5000000000000004 inf 0.76388888888888895 1.0000000180025095e-35 403.96000000000009 16.000000000000004 443.97000000000003 207.50000000000003 39.500000000000007 1.0000000180025095e-35 17.500000000000004 3715.0200000000009 0 267.50000000000006 1227.7200000000003 21.500000000000004 398.09000000000009 8.5000000000000018 21.500000000000004 131.45000000000002 64.560000000000016 7228.6250000000009 0.00053094330745915783 1831.1800000000001 314.50000000000006 1077.4400000000003 12761.820000000002 1 2 127.90500000000002 1.0000000180025095e-35 8363.2266666666692 0.95346320346320357 8.740000000000002 2.5000000000000004 8565.6600000000017 3 4 37.660000000000004 7.5000000000000009 0.93301270189221952 22.500000000000004 33.3129028655325 6.5000000000000009 161.50000000000003 3243.6000000000008 0.40876108572964259 1.0000000180025095e-35 69.210000000000022 1.4400000000000011 38.295000000000009 18827.791666666668 10.500000000000002 21.500000000000004 1.5000000000000002 100.50000000000001 302.50000000000006 558.09000000000026 185.80939393939397 115.31000000000002
decision_type=10 10 2 8 10 10 10 2 8 2 2 10 2 10 9 2 10 2 10 2 2 10 10 8 10 10 2 8 10 9 9 8 10 10 10 10 2 8 9 9 10 2 2 2 10 2 2 10 10 10 10 10 10 10 2 2 2 2 2 10 10 10
left_child=1 7 3 5 36 -3 15 -1 17 13 25 43 29 14 18 19 28 -7 44 -4 -21 32 46 24 54 -11 -15 -26 -12 35 31 -22 -6 47 -8 -13 -2 -27 -10 -24 -41 -18 -14 -9 -5 -31 -19 -17 -40 -38 51 -51 -25 -29 -16 56 -42 58 -58 60 -32 -62
right_child=4 2 6 9 21 8 34 11 38 10 16 12 42 26 23 33 41 22 -20 20 30 -23 39 52 27 37 -28 53 -30 45 59 -33 -34 -35 -36 -37 49 -39 48 40 55 -43 -44 -45 -46 -47 -48 -49 -50 50 -52 -53 -54 -55 -56 -57 57 -59 -60 -61 61 -63
leaf_value=-0.025101751065000816 -0.027502151201465316 -0.033146074625959566 0.011059735953228875 0.0046021073961774435 -0.026099476263657016 -0.013782751523090091 0.0063439105304760532 -0.011817221250980911 -0.013467061137440362 -0.0069139113922188451 0.0054017479353729563 -0.011949692576466104 -0.014974334026352851 0.0036275782628430705 -0.0087168794432668367 -0.0018893453469054633 -0.0046718289045571178 -0.0011156374580852972 0.019686976762235273 -0.0068316482220837959 0.0020083752250254138 -0.017346127532902454 0.0092164515803754374 -0.025967764443523222 -0.010729488128322815 -0.0030620603768828627 0.018151283948304318 0.00084648349699762121 -0.0094850079022059542 -0.0015339266819848184 0.0065008564521225271 0.013647759263216586 -0.0054950040186820268 -0.0039327780597133537 0.013840932906771001 -0.0032233971392797152 -0.027989629533914786 0.0097186727497583138 -0.01953755035068519 -0.017185452032788862 0.00959922544331278 0.013773748152015321 0.00061348144146732497 -0.031069611091059358 -0.020754931994439455 0.0078796285765229089 -0.0086677726764443647 0.018436652982395593 0.0054105580171805072 -0.02154958298443695 -0.025057540400196445 -0.0096016543439189118 0.0072047348443348824 -0.016524823092407593 0.00042575067591471419 0.0042534962275403571 0.0084415128183528039 -0.0054939213120149327 -0.0027746627933050989 0.0043924134956508888 -0.0073261946418397925 0.00085168701225204883
leaf_weight=279.18371689319611 557.52270109765232 130.93333949893713 1026.9736490361392 854.58386606164277 120.828079899773 436.92706954479218 1472.9211133494973 348.42104031145573 1097.8623073995113 980.54663834907115 6244.0505829844624 886.52153450623155 961.05122994259 730.72930544242263 1801.390008142218 105.58120953291655 136.01082190871239 1411.9174985233694 345.23750313930213 772.97468538582325 660.03301049768925 710.8660883102566 577.68705660104752 34.251403052359819 489.44108233973384 504.51798869296908 427.98727176710963 5864.0248006787151 251.26501616090536 3729.2122669629753 1313.6727232858539 902.61021569371223 2372.1516751423478 147.62831393629313 1851.805194452405 1740.2606177460402 284.5641391929239 577.19214801862836 78.275395592674613 166.94326523505151 338.43442563526332 1545.9517290014774 206.31615325249732 155.12546121887863 64.894489161670208 500.7546013109386 1286.6043097879738 701.08560873568058 262.35804723389447 390.01216645538807 339.39572131447494 948.20809105038643 1035.0491634458303 125.50814443081617 591.99808331765234 1995.6127575431019 674.66356613859534 2095.6229734700173 549.62403834611177 5588.8811959400773 929.38758772611618 3633.2069281712174
leaf_count=5299 15805 4246 4485 4647 4132 3239 6915 4970 8034 4524 28660 12495 12887 3679 9952 474 635 9839 1581 3350 2926 12370 2840 155 2572 2412 2100 30462 1209 35266 5695 4078 35698 676 11090 13911 8978 2551 652 1457 1787 7817 1538 3418 320 2903 11870 3283 1475 11814 9006 22491 4739 623 3131 10761 3170 12405 2853 25715 4184 15816
internal_value=-5.09131e-05 0.00120998 0.00232584 0.000788149 -0.013624 -0.00281468 0.00503844 -0.00548131 -0.00244975 0.00255791 0.00481359 -0.0048361 -0.00402057 0.000689753 -0.000170559 0.00388254 0.00635937 -0.0012402 0.00735761 0.00331249 0.00273522 -0.00891408 -0.000636341 -0.00113515 -0.00201128 -0.00131588 0.00900313 -0.000368529 0.0048245 -0.00262282 0.00330333 0.0086804 -0.00650371 0.0127272 0.0105225 -0.00614849 -0.0196068 0.00376032 -0.0104599 0.00108561 0.000260954 0.0122803 -0.0122212 -0.017798 0.00279187 -0.000416941 -0.00471823 0.0157772 -0.00035245 -0.0173506 -0.0155304 -0.0130973 0.0061189 0.000479777 -0.00645624 0.0007795 -0.0011162 -0.0022111 0.00340804 0.00255997 0.000821046 -0.000815365
internal_weight=67345.3 61621.7 52814.9 33708.1 5723.55 11103.5 19106.8 8806.85 10972.5 22604.6 10239.5 8527.66 8024.12 12365.1 11206.4 15782 8177.28 9534.04 1264.72 14827.7 13800.8 3203.85 9097.11 9941.66 8872.36 2062.26 1158.72 6478.97 6495.32 6856.75 13027.8 1562.64 2492.98 954.295 3324.73 2626.78 2519.7 1081.71 1438.5 6398.59 5820.9 1681.96 1167.37 503.547 919.478 4229.97 2698.52 806.667 340.633 1962.18 1677.62 1338.22 1069.3 5989.53 2393.39 5653.96 3658.35 3319.91 1224.29 11465.1 5876.27 4562.59
internal_count=488065 367771 275084 186397 120294 74628 88687 92687 70382 111769 47808 87388 79000 63961 58182 70682 38321 60221 6548 66249 61764 52200 56982 51634 46740 9487 5779 33657 29869 64575 58414 7004 39830 4433 18005 26406 68094 4963 10161 35273 32433 8452 14425 8388 4967 38169 21709 3757 2127 52289 43311 34305 4894 31085 13083 30976 20215 18428 6023 51410 25695 20000
cat_boundaries=0 1 2 3 4 5
cat_threshold=66792 30856 1192 20864 1160
is_linear=0
shrinkage=0.035


Tree=80
num_leaves=63
num_cat=0
split_feature=45 46 4 7 26 17 26 41 23 8 3 14 48 2 2 14 26 19 27 44 40 23 41 48 19 42 27 7 48 40 29 23 48 32 46 35 3 3 19 12 17 29 5 47 51 32 42 5 27 39 12 32 40 32 3 27 40 26 14 0 26 37
split_gain=886.627 352.857 166.523 127.634 115.937 111.102 81.7585 73.628 73.3427 72.1896 67.0942 66.3993 66.3503 63.7134 57.8343 58.7365 78.2617 58.4123 54.4489 50.8112 49.3908 49.3901 52.5379 49.2639 46.4669 54.3437 43.8225 41.5045 41.0418 38.7917 38.2757 36.7855 35.8796 35.517 33.6064 33.4517 33.4028 33.3926 33.0137 34.107 32.7824 32.1753 31.0824 37.1917 43.295 31.0289 30.8492 34.4159 30.2927 30.8215 31.2269 29.9264 29.2976 28.3321 28.7808 28.1688 29.6698 27.8489 32.2891 27.8062 27.6705 27.3868
threshold=4.5500000000000007 32.105000000000004 10.100000000000001 0.76388888888888895 192.50000000000003 1.0000000180025095e-35 39.500000000000007 2373.2100000000005 0.93301270189221952 17.500000000000004 17.500000000000004 16.000000000000004 10.500000000000002 1826.3400000000004 529.6500000000002 20.500000000000004 345.50000000000006 569.5725000000001 20386.710000000006 131.45000000000002 1.0000000180025095e-35 0.68301270189221941 1.0000000180025095e-35 1.5000000000000002 2158.012916666667 5.5000000000000009 2.1950000000000007 0.6515151515151516 2.5000000000000004 1.0000000180025095e-35 145.50000000000003 -0.6830127018922193 2.5000000000000004 5950.630000000001 614.88000000000011 17.500000000000004 252.50000000000003 345.00000000000006 704.27366666666683 198.51000000000002 2798.2800000000002 241.50000000000003 565.51666666666677 3913.7800000000002 3.1028115280083086 612.49000000000012 3.5000000000000004 89.826666666666682 1.0000000180025095e-35 69.210000000000022 1.4400000000000011 1654.7400000000005 185.82000000000002 504.27000000000004 257.50000000000006 15.945000000000002 150.51500000000007 39.500000000000007 18.000000000000004 1242.2100000000003 131.50000000000003 15465.870000000001
decision_type=10 8 10 10 2 8 2 8 2 2 2 2 2 10 10 2 2 8 10 10 10 2 10 2 10 2 10 10 2 10 2 2 2 8 8 2 2 2 10 10 8 2 10 8 10 10 2 10 10 10 10 8 10 10 2 10 8 2 2 10 2 8
left_child=1 4 5 32 6 10 -1 23 12 11 -3 -6 14 18 15 21 17 55 24 29 -13 22 35 -4 25 42 -8 -22 -25 -5 38 -30 -2 41 -19 -7 -27 45 53 51 -10 -15 43 -9 61 46 47 -28 -34 50 -50 -40 -33 54 -29 56 -17 -31 -59 -21 -35 -45
right_child=3 2 7 19 9 8 26 13 40 -11 -12 20 -14 33 -16 16 -18 34 -20 59 27 -23 -24 28 -26 36 37 30 31 57 -32 52 48 60 -36 -37 -38 -39 39 -41 -42 -43 -44 44 -46 -47 -48 -49 49 -51 -52 -53 -54 -55 -56 -57 -58 58 -60 -61 -62 -63
leaf_value=-0.012297278151432873 -0.027231130415148925 -0.0035876497576226756 0.016335244275173372 -0.025822974045181139 -0.02358197004601538 -0.0014491955002526643 -0.013096390326041594 0.0030210548088955048 0.0033706571645057376 -0.018298463758509728 -0.029562269235527801 -0.032028577052694074 0.0040807605893617557 0.0097107628515271781 0.0022037648237344764 -0.0047264034596717257 0.010393052345977889 -0.01052209328230431 -0.011165420312674711 -0.019561372322078573 -0.013185238513530461 0.0067339808151840892 -0.011631787162226116 -0.0055824547006466949 -0.0045471549651683726 0.009297173716032921 0.0012609608171131423 -0.0023944375644128486 -0.0042291094135614724 -0.018131266559847304 -0.011819738858498128 0.013600021752767489 -0.027734837692326365 0.016299871252707768 -0.0012812381390754524 -0.014581079771251237 0.023629820773857915 0.039067229401725294 0.13098862786469448 0.0093822000041762655 0.010707410646682696 -0.010434910412958361 -0.014181830200185984 0.0084834056911775261 0.010366640879799424 -0.0073135010288212267 0.0097556510790852285 -0.016120630464784156 -0.021223968844531434 -0.024746659361609722 -0.0093474914008607433 0.022493605376556803 0.0026308262015312671 -0.015798625438961149 0.010514072141961164 0.00063122913857838366 -0.032630397110078889 -0.018355209992122222 -0.0029088412284075009 0.0018351409945369375 0.0090531837419094135 0.00023989071113648223
leaf_weight=727.24038880877197 543.620606219396 257.04341349378228 249.4803683757782 117.91010887175798 265.090337716043 1857.2957141511142 286.58980166912079 6293.9087331742048 2397.8883471768349 776.47152877412736 231.11288445629179 83.140671083703637 4451.5487808510661 206.32173681259155 6032.8052962068468 216.04961986467242 753.86309576407075 1148.1552016288042 257.1309607848525 616.35743873380125 619.62060931511223 368.90986250899732 1531.0892667844892 1095.0079102441669 587.89534986019135 1607.4204349517822 3897.8246805779636 2166.181766550988 904.98648400604725 190.32449389249086 533.6105889659375 330.61675187945366 277.26570354215801 988.53523840010166 831.05180405452847 271.5459964685142 227.12270320951939 26.99379988014698 5.1513694152235958 42.200456198304892 1083.0550245568156 181.70146201550961 106.25705628097057 811.08768190443516 2422.1128693223 525.00422245264053 511.34642970561981 143.72691839933395 382.28881111741066 331.77929997257888 940.07426583208144 7.3532640822231778 2977.2242175340652 172.0587907563895 233.48816838487983 6624.1350650750101 58.709532983601093 179.91660613566637 1991.3906984236091 84.41339260712266 1876.5536989569664 1259.3152955770493
leaf_count=9206 15805 2554 1132 4132 4264 10600 3909 28099 11495 11036 5197 2246 23435 1105 28576 1392 4266 6816 1120 11155 9266 1786 11163 4948 2991 8084 30516 17604 4136 3144 5105 1487 8978 5376 3956 1541 1258 216 49 270 5035 921 472 3613 11664 4532 2298 675 11814 9006 22491 75 13519 1950 2109 38027 528 3225 29329 1215 10706 5447
internal_value=-4.99857e-05 0.00116924 0.00240769 -0.0133108 -0.00450385 0.000614296 -0.00128986 0.0046602 0.000907031 -0.00851256 -0.0159204 -0.00666781 0.000222204 0.00581383 -0.000650148 -0.00191055 -0.000426086 -0.00134584 0.00475874 -0.00866796 -0.00550125 -0.00545853 -0.006689 0.00116706 0.00506707 0.0055115 0.000196898 -0.00490942 0.000451183 -0.00631148 -0.00328304 0.00202041 -0.0192708 0.0102129 -0.00664455 -0.0031303 0.0110835 0.000945604 -0.00154481 0.0251139 0.00565582 0.000274479 0.00457213 0.00475817 0.00719062 0.0007353 0.00166483 0.000638996 -0.0170173 -0.0152052 -0.0127944 0.0735788 0.00373097 -0.00212142 -0.00113458 0.000175042 -0.0107855 -0.0053268 -0.0041966 -0.0169851 0.0115583 0.00347185
internal_weight=67175.4 61520 50496.9 5655.34 11023.1 28114.3 6118.73 22382.7 27626.1 4904.37 488.156 4127.9 24145.2 16825.4 19693.6 13660.8 9631.96 8878.1 13572.3 3180.31 3862.81 4028.84 3659.93 5557.32 13315.1 12727.2 5391.49 3779.67 5307.84 2479.54 3160.04 4212.83 2475.03 3253.11 1979.21 2128.84 1834.54 5104.9 2626.43 54.7051 3480.94 388.023 10892.7 10786.4 4492.52 5077.9 4552.9 4041.55 1931.41 1654.14 1322.36 12.5046 3307.84 2571.73 2399.67 6898.89 274.759 2361.63 2171.31 700.771 2865.09 2070.4
internal_count=488065 367771 262445 120294 105326 156367 51352 106078 148616 53974 7751 42938 132086 80856 108651 80075 54985 50719 62748 52200 38674 25090 23304 25222 61628 58637 42146 36428 24090 39830 27162 19142 68094 18108 10772 12141 9342 38237 22057 394 16530 2026 49295 48823 20724 38021 33489 31191 52289 43311 34305 124 15006 21663 19713 39947 1920 35698 32554 12370 16082 9060
is_linear=0
shrinkage=0.035


Tree=81
num_leaves=63
num_cat=5
split_feature=13 2 52 22 2 16 16 22 19 12 48 26 26 49 18 48 14 24 32 3 22 14 37 29 18 41 40 22 14 26 3 22 18 18 26 26 22 18 47 21 22 16 18 39 27 48 29 47 2 44 16 30 29 35 22 16 3 43 27 26 41 27
split_gain=835.409 307.753 164.601 153.586 142.374 123.27 123.202 104.793 81.8827 79.5504 79.3616 93.4249 135.198 79.7766 75.1555 74.3929 105.999 70.6164 64.9661 60.8597 60.3351 55.0638 52.48 50.5146 49.9003 48.1276 47.16 46.6949 44.605 44.1397 42.116 41.8954 41.5115 44.709 40.5716 53.7446 51.8776 48.7938 39.7062 39.5491 39.1167 115.75 47.2803 51.3889 40.0186 38.8778 38.8373 36.8645 45.0367 36.8343 35.8165 35.2752 35.1197 35.0581 35.0003 34.686 33.9602 33.8431 33.6852 33.5613 32.6143 32.3913
threshold=0.24500000000000002 16.595000000000006 11.500000000000002 2.5000000000000004 1227.7200000000003 0 1 15.500000000000002 2158.012916666667 4.6933333333333325 10.500000000000002 122.00000000000001 30.000000000000004 15.500000000000002 3840.2933333333335 1.5000000000000002 20.500000000000004 13.500000000000002 798.0100000000001 242.50000000000003 67.500000000000014 16.000000000000004 5900.7600000000002 293.00000000000006 16040.242500000002 17509.770000000004 1.0000000180025095e-35 1.0000000180025095e-35 16.000000000000004 39.500000000000007 14.500000000000002 39.500000000000007 488.0024621212122 61.936666666666675 51.000000000000007 122.00000000000001 6.5000000000000009 1205.0379166666669 1754.5700000000002 32.435000000000009 25.500000000000004 2 11770.278500000002 115.29000000000001 1983.0400000000002 2.5000000000000004 232.00000000000003 354.78000000000009 290.63000000000005 20.205000000000002 3 1245.6050000000005 272.50000000000006 19.500000000000004 12.500000000000002 4 36.500000000000007 6.5000000000000009 20386.710000000006 51.000000000000007 1334.7200000000003 2312.4600000000005
decision_type=8 10 2 2 10 9 9 2 10 8 2 2 2 8 10 2 2 8 10 2 2 2 10 2 10 10 10 2 2 2 2 2 10 10 2 2 2 10 8 10 2 9 10 8 10 2 2 10 10 10 9 10 2 2 2 9 2 2 10 2 8 10
left_child=2 9 22 5 6 23 32 14 10 -2 11 12 -9 15 34 16 55 49 21 25 53 -11 26 30 39 -14 -1 -23 -6 -29 -3 -19 33 -5 50 -36 37 -37 -35 47 41 44 43 -42 -30 -28 -31 60 -49 -4 -8 -34 -16 57 61 -13 -56 -12 -21 -7 -17 -43
right_child=1 3 17 4 28 59 7 8 -10 18 20 13 19 -15 52 24 -18 31 -20 58 -22 27 -24 -25 -26 -27 45 29 40 46 -32 -33 51 38 35 36 -38 -39 -40 -41 42 54 -44 -45 -46 -47 -48 48 -50 -51 -52 -53 -54 -55 56 -57 -58 -59 -60 -61 -62 -63
leaf_value=-0.02495825297644361 -0.015374894973740501 -0.008596750087042318 -0.0070072776694824106 0.00048725363240328685 -0.0045797411281455307 -0.013978911126349552 0.0021864505047823747 -0.0031453944279591487 -0.0087399161519700064 -0.021949882922593596 0.0038050444761679636 0.0072429908251172475 0.0057110744765291859 -0.0078233017681510232 -0.019578171780901123 -0.011256423662665365 0.016110499179485985 -0.028299383656654863 -0.014866888771354742 0.016072834793950518 0.014519512894771819 -0.015051854212309288 -0.016779716640986465 -0.0028471901298079733 -0.014782910484931881 -0.026252875898155295 -0.013119500869904989 -0.011853242567601098 0.0010081211333682711 -0.003224169437681126 -0.031527343417334229 -0.013291043571271267 -0.032124142235836352 0.0082801702525464819 0.0037353220080115924 -0.0071356023867510865 -0.0011954525588782788 -0.031125574001699963 0.017932333052747829 0.00362038557362236 0.0068807949873790578 0.0062795990035268787 -0.0036800296115766249 0.014579122858013866 -0.012474122467357664 -0.0018667470794723057 0.0026081803448436834 -0.013097809599204726 -0.0015182468851663311 -0.016773522546027774 -0.012982746711100189 0.0025903560566949992 0.00073424673332349452 -0.0057070515994945151 0.016879596949020654 -0.0056085235664105034 0.0067956735287832736 0.012722393082200596 -0.026528686133338981 0.00017686040262873952 0.00070698728662839307 -0.0079363593058623377
leaf_weight=132.1791757196188 819.27293384261429 137.77495792135596 712.60808265767992 645.6919608078897 422.21670107543468 232.5781698487699 275.80996832624078 2265.2506632395089 818.80715043842793 180.05277481116354 2255.3974239062518 420.88306134566665 6341.47219549492 1489.5257072485983 428.67723181843758 293.9740583486855 869.21156031265855 848.44256598502398 605.00350035168231 904.7686441205442 974.33471320010722 337.27323126979172 507.15010262653232 169.33427795767784 287.31242914870381 57.263522911816835 445.65886524692178 483.23947435617447 577.84914819709957 3439.5350072011352 348.22258095443249 315.24994602613151 54.336026635020971 2079.2584751471877 2366.5530553553253 519.67013288661838 3557.3291366659105 129.12375528924167 698.22186151146889 2680.8149965703487 2423.8838351778686 1514.8821778483689 319.60062123090029 1894.8544694148004 504.50557515025139 2384.6007060352713 2355.651956057176 645.99866579473019 1131.0162842758 1419.5178695376962 618.18924954161048 101.49034328758717 137.58981731534004 358.96616373024881 776.63822069764137 625.43494129180908 868.17617769911885 677.74891582876444 22.452547680586576 1686.5718733426183 5201.7676923051476 224.68499515205622
leaf_count=4243 14425 880 15940 3226 2030 1465 1395 11869 3984 3038 11249 2121 29587 10125 2739 1741 4160 30478 7075 4426 4867 4711 8042 1415 1461 308 7716 5049 2733 31772 5405 10196 278 10031 11023 2810 18183 876 3141 12516 12139 7165 1440 11008 2458 31319 17021 3691 5281 29087 3093 465 712 1879 4077 3321 4192 3140 120 10271 26344 1113
internal_value=-4.89892e-05 0.00126043 -0.0117098 0.0022546 0.00268844 -0.00607838 0.00177116 0.00115946 0.00216051 -0.00503256 0.00248533 0.00167957 0.00432649 -0.000181031 -0.00236842 0.000755943 0.00708479 -0.0173105 -0.00388573 0.00663698 0.0068725 -0.00290607 -0.00638618 -0.0190416 -0.000428427 0.00542097 -0.00460181 -0.00238453 0.00653272 -0.00170176 -0.0250578 -0.0242485 0.00795726 0.00878422 -0.00143515 -0.000483095 -0.00285689 -0.0119507 0.0107122 -1.26378e-05 0.00704847 0.00470903 0.00929986 0.010261 -0.00523361 -0.00364264 -0.00085337 -0.00135212 -0.00573277 -0.0135142 -0.00842627 -0.0096421 -0.0146501 0.00460557 0.00788155 -0.000421396 0.0115644 0.00586917 0.0150138 -0.00153703 6.51181e-05 0.00443994
internal_weight=67021.6 60256.1 6765.41 52036.1 49461.6 2574.48 39934.3 36355.3 28322.4 8220.03 27503.6 23237.1 9591.21 13645.9 8032.94 12156.4 1915.53 3295.82 7400.76 7325.96 4266.45 6795.75 3469.59 655.332 10240.9 6398.74 2962.44 6615.7 9527.29 6278.43 485.998 1163.69 3579 3423.17 7466.68 6572.68 4206.12 648.794 2777.48 9953.57 9105.08 4466.74 4638.34 4318.74 1082.35 2830.26 5795.19 7272.76 1777.01 2132.13 893.999 155.826 566.267 3292.11 3384.38 1046.32 1644.81 2933.15 927.221 1919.15 5495.74 1739.57
internal_count=488065 351044 137021 267953 248517 19436 200162 183021 142190 83091 138206 117071 46310 70761 40831 60636 9602 85701 68666 34441 21135 61591 51320 7700 51034 29895 43278 58553 48355 53842 6285 40674 17141 16398 37380 32892 21869 3686 13172 49573 46325 21738 24587 23147 5191 39035 48793 37057 8972 45027 4488 743 3451 16268 16547 5442 8269 14389 4546 11736 28085 8278
cat_boundaries=0 1 2 3 4 5
cat_threshold=151814 1273 16640 4352 151552
is_linear=0
shrinkage=0.035


Tree=82
num_leaves=63
num_cat=4
split_feature=45 46 22 7 32 43 2 16 22 16 23 48 14 26 23 18 26 2 41 19 22 1 26 18 44 26 26 46 26 3 41 44 45 41 27 26 32 8 40 48 22 14 48 16 49 26 22 3 32 41 0 46 40 48 22 49 26 40 8 2 32 16
split_gain=790.434 317.14 148.713 122.964 118.057 115.315 114.752 126.807 117.303 113.079 93.6828 92.2804 74.2282 127.727 104.71 66.4682 65.1543 64.6961 61.8487 61.3444 60.2591 54.3752 53.7856 48.9886 48.1576 47.2067 57.5188 46.6722 46.426 44.3846 40.8236 40.416 40.013 39.7878 39.0729 38.5512 40.095 37.2938 36.8405 36.196 49.6756 36.3359 35.5338 34.6852 34.5116 34.2149 32.5565 44.6093 40.8489 37.3695 32.1206 31.9132 34.9841 33.4986 31.5907 37.8589 31.5173 30.8968 30.4037 31.9778 30.3798 46.233
threshold=4.5500000000000007 52.245000000000005 2.5000000000000004 0.76388888888888895 inf 2.5000000000000004 2072.0600000000004 0 12.500000000000002 1 0.93301270189221952 10.500000000000002 20.500000000000004 345.50000000000006 0.68301270189221941 3242.8525000000004 192.50000000000003 542.21000000000015 3930.3000000000006 610.61785714285713 59.500000000000007 5185.1250000000009 81.500000000000014 8952.1200000000008 131.45000000000002 51.000000000000007 131.50000000000003 605.47000000000014 131.50000000000003 85.500000000000014 964.10000000000014 151.96000000000001 1.1081871345029242 1065.2400000000002 1495.2000000000003 39.500000000000007 297.55000000000001 15.500000000000002 1.0000000180025095e-35 10.500000000000002 38.500000000000007 20.500000000000004 2.5000000000000004 2 1.5000000000000002 51.000000000000007 39.500000000000007 94.500000000000014 600.93000000000006 19554.750000000004 1395.7166666666669 194.45500000000001 581.17166666666674 3.5000000000000004 39.500000000000007 15.500000000000002 122.00000000000001 12254.933333333336 5.5000000000000009 1.0000000180025095e-35 11810.43 3
decision_type=10 8 2 10 8 2 10 9 2 9 2 2 2 2 2 10 2 10 8 10 2 10 2 10 10 2 2 10 2 2 10 8 10 8 10 2 10 2 10 2 2 2 2 9 8 2 2 2 10 8 10 10 10 2 2 10 2 10 2 10 8 9
left_child=1 4 9 42 5 31 7 30 15 22 11 12 14 17 18 25 35 19 -10 46 23 57 -3 37 38 -9 34 43 44 -28 51 -1 -12 -8 -27 -7 -37 -13 -5 41 -41 -18 -2 -21 -6 -11 47 -14 49 58 -29 52 -4 -53 55 -44 -17 -19 -48 -60 61 -35
right_child=3 2 6 24 28 16 33 8 10 45 32 20 13 -15 -16 56 39 21 -20 27 -22 -23 -24 -25 -26 26 29 50 -30 -31 -32 -33 -34 60 -36 36 -38 -39 -40 40 -42 -43 54 -45 -46 -47 48 -49 -50 -51 -52 53 -54 -55 -56 -57 -58 -59 59 -61 -62 -63
leaf_value=-0.010777092517525571 -0.026779098850547352 -0.0058698952000307931 0.0064129604738284588 -0.025303795101595746 -0.0022477262175695182 -0.010023438093730045 -0.00077194133320816858 -0.0096523056172152701 -0.0073565248397394461 -0.01413480055009988 0.016226475796970605 0.0085837309817978543 0.0007168829394784402 0.013315391975346959 0.011062738773296209 -0.0036502759678424565 -0.019481782532301616 0.0055758825026845866 -0.00050118839988876193 0.0085148802562879152 0.013232826307917361 -0.027830380102754515 -0.026995887732569633 -0.012475354359599062 -0.016357557566366716 0.0059205036560944259 -0.0023512754105179572 0.0020970287178663392 -0.002449141551141276 -0.02124896819359854 -0.024532776866220025 -0.022104984596964725 0.0062790064142603129 -0.010979955165633642 -0.0098913968976417511 0.0038716150488731817 -0.004734517632548456 0.0012432703699969262 -0.0048983383347182986 -0.010291035659117612 0.0087084436651841089 -0.0077877217857855435 -0.014654895266942925 -0.012276639402127597 0.0065675271581977649 0.00054284925643696843 0.023540623744157309 -0.0099440134466518369 -0.0071531408718482122 0.00052334757828322368 -0.021033784989672209 0.0049039150645273505 -0.025587991175001431 0.015720121036123944 -0.009808448823130346 -0.027049275241332073 -0.021322695324526571 -0.0057055963480479198 -0.01728935822896073 0.0071834016027915119 0.01063181244143286 0.0082727214442114404
leaf_weight=1467.3237793017179 521.53102135844529 238.04112046211958 1026.6617718227208 112.75050109066069 808.74280898272991 480.97171039879322 548.72421644628048 758.48332334682345 2470.6384977567941 223.41518367081881 727.61587481200695 1853.3092338182032 2400.2794708888978 1246.5665425360203 725.78606309741735 201.27962258830667 501.05666553601623 5355.3356712758541 4636.64531875588 104.14711064845324 1219.0243834108114 61.693387575447559 390.62115067243576 201.9354539681226 683.23838269710541 1818.3309509791434 2853.6414085738361 886.65736173465848 3919.6470140293241 159.86037135869265 41.901191458106041 525.06424557231367 1555.0901272073388 205.75942714139819 213.04993402585387 1788.0826184079051 1052.740189185366 1562.8540623150766 2334.2357333321124 390.09142203815281 295.32606898620725 932.93097482062876 772.08584138192236 1001.9340351596475 1658.6119191460311 1461.6058291643858 134.02795899286866 600.2144793625921 410.91367894411087 1690.7473167181015 79.185856185853481 483.30231424048543 42.652895465493202 1289.6224872283638 604.87486478127539 501.04665960930288 321.41293279081583 314.08132912218571 66.685927068814635 2002.7445399537683 3416.4410016797483 511.42264512553811
leaf_count=23242 15805 1832 4892 4132 3840 4627 2553 3835 13357 1390 3471 9033 12008 6140 3317 1109 5689 25497 23437 484 6163 299 5715 1082 12370 8392 14580 4037 27283 1059 206 11488 7071 1013 1013 13802 7979 7695 35698 4182 2834 9507 19686 5390 9707 8828 624 3528 2364 7905 365 2170 204 5983 15622 16981 2081 1517 720 10203 18338 2691
internal_value=-4.81488e-05 0.00109455 0.00245189 -0.0127206 -0.00357176 -0.00656991 0.00289494 0.00229532 0.00175109 -0.00620102 0.00262991 0.0020928 0.00121015 0.0025519 -0.00159135 -0.00259519 -0.0039307 0.00166302 -0.00288494 -0.000127545 0.00650539 0.00459234 -0.0187213 0.00423572 -0.00814683 -0.00151728 -0.000292528 -0.00544165 -8.18336e-05 -0.00336048 0.00935519 -0.013772 0.00945549 0.00808206 0.00425811 -0.000870751 0.000681847 0.0052269 -0.00584852 -0.00872397 -0.00210396 -0.0118845 -0.0186813 -0.010347 0.00367835 -0.00140216 0.00138011 -0.00141831 0.00333038 0.00443814 0.000180827 0.00989614 0.00511379 0.012776 -0.0164194 -0.0195502 -0.0145373 0.00495 0.00744042 0.00638681 0.0092573 0.00270384
internal_weight=66864.7 61334.9 47514.3 5529.76 13820.6 7433.59 45200.7 40518.3 37634.2 2313.68 31308.1 29025.4 24188.3 16355.2 7833.07 6326.06 5441.2 15108.6 7107.28 9377.54 4837.12 5731.11 628.662 3618.1 3130.22 5803.37 5044.88 2071.92 6387 3013.5 2884.14 1992.39 2282.71 4682.35 2031.38 3321.79 2840.82 3416.16 2446.99 2119.41 685.417 1433.99 2399.54 1106.08 2467.35 1685.02 7305.61 3000.49 4305.12 3894.21 965.843 2842.24 1069.31 1772.92 1878.01 1273.13 522.693 5669.42 2203.46 2069.43 4133.62 717.182
internal_count=488065 367771 243591 120294 124180 83350 225826 201231 187776 17765 155707 145165 121192 81081 40111 32069 48620 74941 36794 47628 23973 27313 7547 17810 52200 28879 25044 10276 40830 15639 13455 34730 10542 24595 9405 26408 21781 16728 39830 22212 7016 15196 68094 5874 13547 10218 37352 15536 21816 19452 4402 13249 5096 8153 52289 36667 3190 27014 11547 10923 22042 3704
cat_boundaries=0 1 2 3 4
cat_threshold=1209 151808 131072 16384
is_linear=0
shrinkage=0.035


Tree=83
num_leaves=63
num_cat=6
split_feature=50 42 47 40 43 12 37 5 22 16 14 48 29 26 3 32 35 23 49 52 46 2 23 35 26 29 16 22 26 22 18 17 16 18 27 16 18 22 48 52 18 32 27 0 22 13 32 37 37 14 38 37 23 8 16 2 47 16 18 40 18 51
split_gain=745.451 251.847 289.197 150.71 139.303 136.161 107.284 96.91 86.8427 163.998 81.4057 74.0166 64.1721 62.0622 61.0564 59.8438 57.7213 54.8991 54.2098 55.9468 57.0727 52.8898 52.0207 52.0025 51.9984 48.265 46.2888 47.9616 44.7827 41.2102 59.603 54.5401 39.6955 36.5136 49.4422 46.8559 37.1598 36.7548 36.091 40.9412 35.7319 35.7104 35.3685 44.8658 35.6619 35.0931 39.2838 34.5314 33.5816 55.2057 50.0099 33.2954 33.6154 33.0572 35.3611 31.9291 36.9641 36.3881 34.1377 31.3668 29.5995 29.0286
threshold=0.13416407864995034 3.5000000000000004 11041.500000000002 1.0000000180025095e-35 1.5000000000000002 10.089000000000002 inf 133.35666666666671 15.500000000000002 0 16.000000000000004 10.500000000000002 207.50000000000003 39.500000000000007 267.50000000000006 7754.420000000001 8.5000000000000018 -1.0000000180025095e-35 13.500000000000002 4.5000000000000009 50.890000000000008 1227.7200000000003 0.68301270189221941 7.5000000000000009 21.500000000000004 333.50000000000006 1 7.5000000000000009 345.50000000000006 8.5000000000000018 2269.7983333333336 403.04000000000002 2 3409.2229166666671 11367.540000000001 3 1184.376666666667 18.500000000000004 3.5000000000000004 7.5000000000000009 10565.300000000001 2551.3800000000006 2953.6200000000003 73.874999999999986 32.500000000000007 0.18350168350168353 106.90000000000002 13109.220000000003 15465.870000000001 20.500000000000004 24.310000000000006 13109.220000000003 -0.6830127018922193 12.500000000000002 4 278.73000000000008 795.06000000000029 5 1330.7911111111114 2393.1016666666669 68.942000000000007 773.36203832976184
decision_type=8 2 8 10 2 10 8 10 2 9 2 2 2 2 2 8 2 2 10 2 10 10 2 2 2 2 9 2 2 2 10 10 9 10 10 9 10 2 2 2 10 10 10 10 2 10 10 10 8 2 8 10 2 2 9 10 10 9 10 10 10 10
left_child=3 2 4 -1 6 38 15 14 9 29 -6 21 26 -14 16 -2 -3 -8 19 -12 -21 22 48 -11 -18 59 -7 -28 41 -4 31 -31 60 35 37 36 -24 -35 -5 -40 -16 -22 43 -29 -44 46 -15 53 49 -10 -50 -9 -53 -20 -55 56 -34 -58 -57 -25 -26 -54
right_child=1 7 8 5 10 12 17 51 11 23 18 -13 13 45 40 -17 24 -19 47 20 28 -23 33 25 32 -27 27 42 -30 30 -32 -33 55 34 -36 -37 -38 -39 39 -41 -42 -43 44 -45 -46 -47 -48 -49 50 -51 -52 52 61 54 -56 58 57 -59 -60 -61 -62 -63
leaf_value=-0.029349716703824743 -0.016071959906316137 0.0097035668250462868 -0.0256483271512737 -0.024715911877297398 -0.012718263939782377 0.010372107388872813 -0.0040328290862824108 0.010680095571709377 -0.0037827854680259621 -0.0019582127855636944 -0.0042568450334069894 0.015718162287809222 -0.014249204289263063 0.0025598907653947888 0.012559010277774008 -0.0070715970169172538 -0.0066918549143267702 0.017106265667765509 0.0017660442653641062 -0.0025093787829844174 0.0025841509302367291 0.0096977957831022293 -0.016666328010014206 0.0079495639147018834 -0.0090032480863303926 -0.014303913346320094 -0.022434834916348997 -0.010420566876218975 0.014325951817988512 -0.02800717606981545 -0.026139911688649001 0.0066160433825818458 0.0011802806284547519 -0.028887376297808805 -0.0055284746871946356 0.018689701153975957 0.0025702584353685439 0.0154993553023064 0.013349428603813152 -0.015835140170958665 -0.031608617647915692 -0.0074225325403487301 -0.02801002961701312 0.0064257630513448053 -0.01033472794382498 0.0058799410984225198 -0.01297595338266545 -0.02699829653742639 0.0035867164837309969 0.0081905136906398213 -0.0076031685956427231 -0.017152085657480599 -0.0019926522757627361 -0.0075978154837054333 -0.0002736112864615983 -0.0015267309449861171 -0.012997931564247599 0.0011023475604401657 0.0045097227003989887 -0.011216080346431269 0.0097942601372727721 0.028692550938421598
leaf_weight=522.14588931389153 1413.7569053396583 1321.1418189778924 279.88437824137509 632.20950032398105 756.54781730845571 116.4960166849196 333.15294594690204 3210.2077445499599 742.95353382453322 1777.4520582519472 3094.6349973157048 807.96174940094352 405.93273955583572 454.11995717696846 991.93531830608845 2520.6109220925719 785.13819859921932 273.04688362032175 1007.0084809176624 3935.0995815061033 7912.0691305380315 1937.2647205069661 141.34755145013332 2240.1313446480781 110.97097384929657 136.22612059116364 417.50532561540604 507.85818412899971 378.44847922027111 69.139033518731594 164.01974221691489 270.36676460504532 3760.7964034788311 22.502581715583801 177.04939204454422 183.23454401642084 904.70301769673824 992.52373349294066 61.742495600134134 1022.4677212201059 22.028495743870735 461.44233828037977 180.75199684500694 311.79517824575305 617.86628049425781 866.32792812027037 354.05557493492961 79.45083187893033 885.18902543187141 1288.9250083677471 1091.6025712639093 107.6269124597311 120.14964666962624 2636.6801697574556 1174.1553466599435 1419.3375210464001 490.1028548926115 410.21993436664343 5984.9327642694116 108.87745635211468 1255.6320810243487 54.001376837491989
leaf_count=20185 15677 5925 1766 19974 6313 2129 2198 17611 3498 9156 14479 3949 8095 8186 4664 18550 3450 1286 8837 32388 42789 10111 625 10523 494 624 8753 11571 1809 312 850 1221 16676 98 782 807 4008 4434 1086 30679 95 2373 3997 4906 12227 11758 7956 648 4704 6018 5129 498 553 18504 7609 6196 2240 1852 27677 517 5739 301
internal_value=-4.72925e-05 0.00116538 -0.000432663 -0.0113346 -0.00262922 -0.00974875 -0.00819748 0.00437001 0.00357938 -0.000108711 -0.0014494 0.0056075 -0.00637427 -0.00198938 0.00325183 -0.010309 0.00270836 0.00550122 -0.00103653 -3.81919e-05 0.000991079 0.00462943 0.00310115 0.00260622 0.00205768 0.00588068 -0.0106099 -0.011808 0.00256508 -0.0147113 -0.00888483 -0.000496385 0.00256958 0.00715062 0.0115129 0.0029145 -4.21173e-05 0.0144879 -0.0180617 -0.0141624 0.0115693 0.00203189 -0.00912715 -0.00401222 -0.0143652 0.00098938 -0.00425387 -0.00425305 0.000653969 0.00381279 -0.00259316 0.00966782 -0.00186173 -0.00387244 -0.00536247 0.00192255 -0.000345121 -0.00671121 0.00335253 0.00705683 0.00820242 0.00763182
internal_weight=66713 60241.7 40197.5 6471.27 25976.1 5949.13 4540.57 20044.2 14221.4 5046.1 21435.5 9175.26 4232.71 2080.44 16552.2 3934.37 15538.3 606.2 20679 15781.7 12687.1 8367.3 6430.03 4262.69 14217.1 2485.23 2152.27 2035.78 8751.96 783.41 503.526 339.506 13432 2421.36 1192.08 1229.29 1046.05 1015.03 1716.42 1084.21 1013.96 8373.51 1618.27 819.653 798.618 1674.5 808.176 4897.29 4008.67 2031.88 1976.79 3491.99 281.778 4817.84 3810.84 12065.4 4661.12 900.323 7404.27 2349.01 1366.6 174.151
internal_count=488065 336563 242592 151502 173460 131317 37711 93971 69132 24969 135749 44163 79578 35995 75008 34227 70249 3484 129436 93838 79359 40214 30103 20820 64324 11664 43583 41454 46971 4149 2383 1533 60874 10754 5314 5440 4633 4532 51739 31765 4759 45162 32701 16477 16224 27900 16142 35598 19349 9516 9833 18963 1352 34950 26113 54641 20768 4092 33873 11040 6233 854
cat_boundaries=0 1 2 3 4 5 6
cat_threshold=16642 1125 1184 16640 20768 6400
is_linear=0
shrinkage=0.035


Tree=84
num_leaves=63
num_cat=4
split_feature=45 2 42 47 7 14 40 49 49 32 22 16 29 37 5 27 22 37 33 29 16 29 16 18 29 12 17 14 3 44 29 22 44 2 3 32 16 22 18 29 41 22 23 27 18 14 48 35 40 29 32 6 19 27 3 43 0 41 22 49 8 28
split_gain=704.219 286.209 137.162 161.016 117.196 100.95 97.6561 96.5424 82.4791 80.851 79.5412 138.502 84.982 77.9753 74.1009 69.5906 68.628 64.0115 62.0845 58.1634 57.1651 52.1482 49.9707 49.1555 48.9913 48.5428 47.7168 46.0594 52.7774 45.8484 44.3988 42.6747 42.4004 41.4672 40.8431 39.7513 39.4906 46.1152 39.2948 39.1534 37.8053 40.1072 35.8361 41.5743 37.4059 35.3868 35.0191 34.9637 34.5307 33.8134 33.2535 33.1067 32.7757 32.6823 32.632 32.0562 31.9808 30.8612 30.7613 37.4065 30.7154 30.5627
threshold=4.5500000000000007 29.350000000000005 4.5000000000000009 inf 0.76388888888888895 16.000000000000004 1.0000000180025095e-35 3.5000000000000004 13.500000000000002 504.27000000000004 37.500000000000007 0 115.50000000000001 inf 164.44500000000002 4941.300000000002 1.0000000180025095e-35 6264.9900000000007 1.5000000000000002 232.00000000000003 1 333.50000000000006 2 8108.857954545455 353.00000000000006 2872.8600000000001 13.290000000000001 19.500000000000004 267.50000000000006 131.45000000000002 353.00000000000006 16.500000000000004 331.79000000000002 1.0850000000000002 84.500000000000014 7754.420000000001 3 5.5000000000000009 3511.6200000000008 207.50000000000003 4106.4300000000012 46.500000000000007 0.68301270189221941 11871.720000000003 4570.7025000000003 20.500000000000004 2.5000000000000004 10.500000000000002 1.0000000180025095e-35 69.500000000000014 11810.43 32.315000000000012 948.95250000000021 20386.710000000006 73.500000000000014 3.5000000000000004 513.3900000000001 3605.8500000000008 39.500000000000007 15.500000000000002 12.500000000000002 30.310000000000006
decision_type=10 10 2 8 10 2 10 10 10 10 2 9 2 8 10 8 2 10 2 2 9 2 9 10 2 10 10 2 2 10 2 2 10 10 2 8 9 2 10 2 10 2 2 10 10 2 2 2 10 2 8 10 10 10 2 2 10 10 2 10 2 10
left_child=1 5 3 6 46 -1 -3 13 30 16 11 15 45 35 24 31 -7 21 -18 33 34 22 26 -17 27 56 -13 47 49 48 36 -5 57 55 61 51 -9 -38 -21 -15 -37 -42 -14 44 -44 -12 -2 -4 -6 -29 -32 -8 -26 -39 -45 -20 -11 -22 59 -48 -35 -10
right_child=4 2 14 10 29 9 7 8 20 25 12 17 42 39 -16 23 18 -19 19 38 32 -23 -24 -25 52 -27 -28 28 -30 -31 50 -33 -34 60 -36 40 37 53 -40 -41 41 -43 43 54 -46 -47 58 -49 -50 -51 -52 -53 -54 -55 -56 -57 -58 -59 -60 -61 -62 -63
leaf_value=-0.023556994410952121 -0.026301198825181355 -0.030453584995023507 0.01492337227278623 -0.015100694766954904 -0.024729482940519878 -0.014801772259011758 -0.0068478090853811412 0.0086061273474824715 0.00065428556509398268 -0.013094933452393534 0.0067009039840656365 -0.0014386594484157988 0.0034611161893903144 -0.00081065274786512587 0.01206401867825878 -0.038109547359137984 -0.012013551034754223 -0.015291860594886728 -0.010965601341196278 -7.6282820859877167e-05 -0.0064972975002522892 -0.0085280729283648046 0.0030143110833494792 0.0056668981169469574 0.0019257134308881638 0.079399294501847226 0.012069163562424249 0.010532716653210341 0.01721678220156363 -0.015782631880544344 -0.01118437579764274 -0.00016961697714328489 -0.010682754105530186 0.0014618149232874006 -0.025692099670404745 -0.0062091662908704661 -0.0055020578057891354 0.0028020188085431334 0.0077229446937185121 0.012965580831575663 -0.0070971243429796931 0.013242611291325767 0.0086239888221297453 -0.04384185378017201 0.022402907714609302 0.021244136546801559 -0.014065943831527278 -0.0034412078882013362 -0.0045158513251127852 0.0040798018294835731 0.0033925158815710853 -0.021541326115392036 -0.015436378495240391 -0.018317149822917808 0.00019775627604336617 -0.00035453167935468709 0.021557479126998076 0.001035668575065994 -0.0092393208101397596 -0.02660262026470344 -0.0055099533473933109 0.012128056721313658
leaf_weight=313.46089961566031 499.70685615763068 130.73259662464261 142.97306504845619 353.54922355338931 107.45956777967513 512.628726772964 407.48152957856655 1233.5878262780607 797.59486644156277 1245.1497057117522 293.19158461689949 388.20235969498754 3086.2587599903345 721.83689693361521 1840.2328143641353 142.98467606306076 657.10830507054925 200.77968392521143 1164.6851817313582 2305.4091062322259 1310.7853191476315 342.57333255559206 3769.0141169130802 39.889071583747864 295.36088451743126 6.1441792584955683 1826.7343247532845 1218.6053793877363 485.20046338438988 667.84773044660687 511.91532491892576 692.54316282272339 1162.1798005532473 2160.6445103678852 55.474565945565701 3274.6434703283012 914.52540989592671 12031.21853460744 1203.9430739004165 387.78130745142698 211.18265821784735 268.95584749430418 855.15291450172663 23.348738208413124 336.698496542871 689.58997524529696 753.36978093162179 1076.3582923784852 2310.6083791907877 5414.0929659232497 305.5250120125711 349.74147263169289 241.29994685947895 89.453126579523087 134.19703836739063 497.75371906533837 32.63323949277401 1353.2715655025095 593.01669589243829 480.32381047494709 1205.0594042632729 441.09168245643377
leaf_count=6021 15805 4559 620 1827 4132 8408 2733 6173 4894 14330 1366 1750 15044 3513 10591 696 8211 961 16862 17089 8616 1530 17736 185 1245 44 8312 5798 2462 12370 3372 3127 7621 15171 470 16436 5632 60322 9200 1757 1002 1263 3939 100 1589 3381 19686 4847 35698 25068 1554 1784 1025 480 585 5067 178 8605 15622 16981 10355 2265
internal_value=-4.6354e-05 0.00102471 0.00216499 0.00120427 -0.012146 -0.00400309 -0.000395147 -0.000241829 0.000886871 -0.00344334 0.00435549 0.00208202 0.00760887 -0.00429832 0.0056736 -0.00865109 -0.00235097 0.00411083 -0.00165526 -0.000856697 -0.00295099 0.00473541 0.00549602 -0.028582 0.00434717 -0.011694 0.00965854 0.00500708 0.00608368 -0.00767018 0.00218958 -0.0052255 -0.00509389 -0.00326988 0.00339672 -0.00634225 0.00264415 0.00207113 0.00260081 0.0040111 -0.00486449 0.00430029 0.00554325 0.0102993 0.0125321 0.0169167 -0.0180771 -0.0012774 -0.005424 0.00526679 -0.00573866 -0.0136538 -0.00589503 0.00264466 -0.0065644 -0.00779065 -0.0121938 -0.00267179 -0.0158142 -0.0189645 -0.00103526 0.00474654
internal_weight=66564.8 61152.4 49847.8 39133.7 5412.33 11304.6 25959 25828.2 20206.6 10991.2 13174.7 7756.27 5418.44 5621.62 10714.1 1228.97 9707.23 6527.3 9194.6 8537.49 5120.4 6326.52 5983.95 182.874 8873.89 1283.93 2214.94 8337.23 7117.9 3085.92 15086.2 1046.09 3826.24 5028.14 1294.16 4512 14268.8 13035.2 3509.35 1109.62 3754.78 480.139 4435.66 1349.4 1191.85 982.782 2326.42 1219.33 2418.07 6632.7 817.44 757.223 536.661 12120.7 157.546 1662.44 1277.78 2664.06 1826.71 1233.69 3365.7 1238.69
internal_count=488065 367771 256835 205179 120294 110936 143051 138492 110004 104915 62128 36124 26004 28488 51656 5835 90363 30289 81955 73744 32471 29328 27798 881 41065 14552 10062 38795 33328 52200 77533 4954 24842 47455 7629 23218 72607 66434 26289 5270 18701 2265 21257 6213 5528 4747 68094 5467 39830 30866 4926 4517 2270 60802 685 21929 14508 17221 52289 36667 25526 7159
cat_boundaries=0 1 2 3 4
cat_threshold=8470 134216 132832 1272
is_linear=0
shrinkage=0.035


Tree=85
num_leaves=63
num_cat=5
split_feature=50 42 32 40 0 43 5 29 41 22 26 16 22 18 2 37 14 18 1 3 35 45 14 26 26 48 48 48 26 46 29 46 37 22 27 16 16 22 40 14 22 3 22 6 16 40 22 0 18 41 8 3 2 13 37 8 41 8 16 22 8 26
split_gain=663.178 222.364 204.864 145.626 129.445 110.506 86.9485 81.3766 83.1456 83.0583 76.4032 71.359 73.2073 72.2129 67.1983 65.2312 63.9391 55.3183 54.8426 54.5947 53.3275 52.807 47.4539 48.1415 45.3951 45.2685 44.7128 44.0707 39.7097 44.479 39.058 38.4382 37.7518 37.6327 36.8462 36.5529 34.8208 34.7544 41.9523 34.7329 34.6115 34.4879 43.285 33.8647 33.7267 35.8325 64.9944 37.4592 33.163 33.0494 33.3809 32.9219 32.62 31.99 31.1275 31.0038 42.9816 35.7195 30.4647 29.8212 29.3862 29.3734
threshold=0.13416407864995034 3.5000000000000004 inf 1.0000000180025095e-35 1.9200000000000015 1.5000000000000002 133.35666666666671 207.50000000000003 2703.6550000000002 20.500000000000004 39.500000000000007 0 14.500000000000002 2480.8145833333338 954.00000000000011 inf 16.000000000000004 1909.2780952380951 7228.6250000000009 267.50000000000006 8.5000000000000018 7.166666666666667 19.500000000000004 21.500000000000004 21.500000000000004 1.5000000000000002 11.500000000000002 7.5000000000000009 284.50000000000006 89.700000000000003 241.50000000000003 33.165000000000013 8178.9300000000003 15.500000000000002 13109.220000000003 1 2 59.500000000000007 9705.840000000002 20.500000000000004 44.500000000000007 79.500000000000014 25.500000000000004 87.303333333333356 3 1601.3200000000002 36.500000000000007 47.640000000000008 10565.300000000001 3243.6000000000008 16.500000000000004 46.500000000000007 359.07000000000011 0.95346320346320357 2889.7500000000005 13.500000000000002 6251.5800000000008 3.5000000000000004 4 3.5000000000000004 10.500000000000002 161.50000000000003
decision_type=8 2 8 10 10 2 10 2 10 2 2 9 2 10 10 8 2 10 8 2 2 10 2 2 2 2 2 2 2 10 2 8 8 2 10 9 9 2 10 2 2 2 2 8 9 10 2 10 10 10 2 2 10 10 8 2 8 2 9 2 2 2
left_child=3 2 5 -1 -5 15 19 8 11 -10 17 12 13 -4 43 -2 -6 36 26 20 -3 44 -7 -24 -22 -11 31 30 29 -29 41 -14 -19 -16 -35 -26 59 38 51 -32 -27 -25 -43 55 52 47 -47 60 49 -21 -51 -33 -18 -8 -53 56 -12 -58 -30 -9 -46 -44
right_child=1 6 7 4 16 22 53 10 9 25 14 -13 18 -15 33 -17 21 32 -20 48 24 -23 23 27 35 40 -28 28 58 -31 39 37 -34 34 -36 -37 -38 -39 -40 -41 -42 42 61 -45 45 46 -48 -49 -50 50 -52 54 -54 -55 -56 -57 57 -59 -60 -61 -62 -63
leaf_value=-0.02897209038394287 -0.015356693711763732 0.0092589786433568879 -0.0070722394056517424 -0.018494808234058503 -0.024909862973330414 -0.013089390330303274 0.0054322972496701665 -0.036416257654930617 -0.012125613329920303 0.024643964782700357 0.011272335119393738 0.0024948287442119791 -0.010024178371178581 -0.029730365413009437 0.0038940841828463148 0.0030294119389598952 -0.012049816378176637 -0.0037454567196565109 0.0078865352350698491 -0.0044896057528942225 -0.0062722061923938255 -0.011525248810749062 -0.012646537007956236 0.0080958587200155776 0.0078009839860672236 -0.0011842810833260988 0.0047468828892777747 -0.013457430184207076 0.0061357581189980925 -0.0035562683741100359 0.0012888070645228529 0.0040628523948773657 0.0088977816039349251 0.015891013443476876 -0.0029301460817054599 0.0017674624351097853 -0.010593149348233086 0.0019188008825772357 -0.019770082319750575 -0.004407220861213243 0.011556255964419589 -0.014212122331090036 0.011172123969807568 -0.0025806284221758149 0.012364712549067522 -0.01656368332492094 0.00094635457109384978 0.012484131886016808 -0.030767301868932888 0.0073394598085434505 0.021181676071690018 -0.0098460813636335274 0.0041998679027654539 0.012195783779002373 -0.0015375582688580054 3.2823137384370338e-06 -0.0054070903322814938 0.0051207539232878217 -0.0042179867805284465 0.011753506663766192 -0.0077286906842755103 -0.0015444963424619078
leaf_weight=497.33441740833223 1393.246101198718 1321.2086122743785 1383.6791806481779 1409.1567110847682 214.69771342724562 512.50150909274817 1563.2675459496677 16.562003739178181 236.92583798617125 223.68701659142971 1270.8172585051507 4139.0463239140809 980.52804341167212 196.04483559913933 685.8086002394557 284.28105984628201 709.6524666082114 534.35489425063133 678.31781716644764 130.44903215020895 783.86451495438814 1214.7320491299033 517.98735155537724 1090.6749740261585 1362.8057496771216 382.25224791094661 880.18058819323778 962.99062400683761 544.12143662944436 1315.0036389008164 2360.8744891062379 569.39905867353082 628.75722350552678 1228.8315764293075 141.82964497804642 12049.372136298567 902.18275021761656 1524.9285625070333 206.11154159530997 2948.0581800453365 822.66784731298685 227.14278355240822 332.10976856574416 991.23462371900678 122.92296090163291 367.62340294383466 878.32262817956507 422.06533199176192 21.908039674162865 421.07775741815567 435.12635132670403 1023.1169956736267 191.72781098261476 1901.7398696169257 1200.1237233281136 1507.3768967781216 452.75904388725758 3044.1925448849797 922.80200671218336 152.98031274601817 316.9822229295969 669.55570486932993
leaf_count=20185 15705 5925 8873 45373 5960 4743 7388 79 1622 1106 6556 23432 8397 1352 3294 1836 12009 2792 3216 595 3450 32441 4257 6819 6233 1940 5210 9423 4260 8037 13265 2865 2887 6343 660 54641 4400 8144 1175 19563 4113 1552 1802 4629 2071 5924 14160 5268 95 1925 2144 5420 2196 11575 6523 7261 2536 14353 6700 698 5915 4754
internal_value=-4.53152e-05 0.00109132 -0.000412411 -0.0108055 -0.00925584 -0.00381249 0.0041065 0.00142878 -0.00032245 0.00703066 0.00361764 -0.0012811 -0.00308886 -0.00990116 0.00501082 -0.012241 -0.00631925 -0.00219377 -0.00156833 0.0030492 0.0025359 -0.00536866 -0.0026717 -0.00222165 0.00190959 0.0102139 -0.00257395 -0.00174579 -0.00485477 -0.00774592 -0.000219103 -0.00374528 0.00309102 0.0105952 0.0139428 0.0023882 -0.00792674 -0.00238239 -0.00456955 -0.00187444 0.00751678 0.00356888 -0.000452526 0.00342914 -0.00288049 -0.00043292 -0.00422922 0.00504802 0.0109362 0.0118924 0.0143906 -0.00344099 -0.00849843 0.00914683 -0.00536378 0.00437872 0.00576176 0.00375653 -0.000362876 0.00648195 -0.00209867 0.00267873
internal_weight=66422.1 60076.9 40086 6345.22 5847.88 14081.3 19990.8 26004.7 14447 1665.53 11557.7 12781.5 8642.43 1579.72 9322.85 1677.53 4438.73 2234.84 7062.71 16525.8 15517.3 4224.03 12403.8 11891.3 14196 1428.61 6384.39 11373.3 3744.92 2277.99 7628.42 5504.21 1163.11 2056.47 1370.66 13412.2 1071.73 4523.68 2998.75 5308.93 1204.92 2319.48 1228.81 7266.38 3009.3 2107.92 1245.95 861.971 1008.56 986.653 856.204 2792.64 901.38 3465.01 2223.24 6275.15 4767.77 3496.95 1466.92 169.542 439.905 1001.67
internal_count=488065 336563 242592 151502 131317 102716 93971 139876 83388 8781 56488 74607 51175 10225 45632 17541 85944 10856 40950 75008 70249 79984 85175 80432 64324 7159 37734 76175 28420 17460 47755 32524 5679 10297 7003 60874 5177 24127 15983 32828 6053 14927 8108 35335 47543 33338 20084 13254 4759 4664 4069 14808 14205 18963 11943 30706 23445 16889 10960 777 7986 6556
cat_boundaries=0 1 2 3 4 5
cat_threshold=26884 1184 4224 94352 75072
is_linear=0
shrinkage=0.035


Tree=86
num_leaves=63
num_cat=5
split_feature=45 2 22 16 2 7 16 22 19 18 14 1 8 26 22 48 23 14 29 19 26 15 44 32 22 14 40 18 16 18 18 47 23 26 48 17 17 39 22 22 50 18 1 18 22 5 18 26 26 22 18 16 26 16 12 23 30 29 40 19 0 26
split_gain=627.455 255.737 135.294 120.889 117.658 111.035 106.384 87.9091 77.5044 76.0592 72.6793 69.3056 61.6238 57.6657 56.3466 52.8224 50.1528 52.2426 50.4308 76.3319 72.7265 45.138 44.6623 42.0082 40.0461 38.9904 37.7082 37.6515 37.2751 36.8811 37.8401 36.3983 35.7051 46.7842 34.7291 34.578 33.6867 41.3298 53.4127 39.9586 44.3384 39.0205 38.4153 35.9076 34.4879 36.9739 33.2675 32.8953 49.1526 47.4903 48.6936 34.6801 38.423 32.905 32.2284 31.6101 31.4457 31.3122 33.3583 31.2864 32.6254 31.1994
threshold=4.5500000000000007 16.595000000000006 2.5000000000000004 0 1227.7200000000003 0.76388888888888895 1 15.500000000000002 2158.012916666667 3840.2933333333335 16.000000000000004 616.4100000000002 17.500000000000004 81.500000000000014 1.0000000180025095e-35 10.500000000000002 -1.0000000180025095e-35 16.000000000000004 241.50000000000003 610.61785714285713 122.00000000000001 0.59762352140604502 20.925000000000001 463.41000000000008 67.500000000000014 16.000000000000004 16440.143333333337 1184.376666666667 2 488.0024621212122 61.936666666666675 1754.5700000000002 0.68301270189221941 238.50000000000003 2.5000000000000004 1434.2450000000003 10569.420000000004 1727.2800000000002 31.500000000000004 52.500000000000007 51.848686204116333 6999.6875000000009 304.94000000000011 16040.242500000002 8.5000000000000018 193.35000000000005 5183.3404166666678 51.000000000000007 122.00000000000001 6.5000000000000009 1205.0379166666669 3 61.000000000000007 4 2.5816666666666674 0.93301270189221952 1245.6050000000005 302.50000000000006 8363.2266666666692 4036.1700000000005 1443.8550000000002 51.000000000000007
decision_type=10 10 2 9 10 10 9 2 10 10 2 8 2 2 2 2 2 2 2 10 2 8 10 10 2 2 10 10 9 10 10 8 2 2 2 10 10 10 2 2 10 10 10 10 2 10 10 2 2 2 10 9 2 9 10 2 10 2 10 10 10 2
left_child=1 10 3 13 6 34 29 9 11 47 -1 15 14 -3 -12 16 23 -18 20 46 -19 -22 -7 -9 -17 -6 27 -13 54 30 -4 -32 33 -29 -2 -23 39 38 -38 40 42 44 -27 -40 -42 -46 -20 53 51 50 -50 -49 -53 -8 -16 -14 -31 58 -34 60 -10 -5
right_child=5 2 4 61 25 22 7 8 59 -11 12 26 55 -15 28 24 17 18 19 -21 21 35 -24 -25 -26 36 -28 32 -30 56 31 -33 57 -35 -36 -37 37 -39 43 -41 41 -43 -44 -45 45 -47 -48 48 49 -51 -52 52 -54 -55 -56 -57 -58 -59 -60 -61 -62 -63
leaf_value=-0.023239570418004823 -0.025838314359396593 -0.0046468237953946612 0.00043661918437870958 -0.013365706042428446 -0.0046099328919423886 -0.002263638264409765 0.0024593218356101713 -0.0017943016941310706 -0.012212070724846234 -0.014462510956095163 -0.015344716358250521 -0.0042023889899564029 -0.014260789117130012 -0.027225426343948381 -0.019378726124827321 0.0028232969303656034 -0.007568657872530634 0.013125867092934222 0.00011463816010454413 -0.0074712225214001622 0.0067935238986672813 0.0095159965469670538 -0.010847178364611338 -0.012257810708731305 0.012292697457356061 0.0090043730979770201 -0.008525511885500589 0.00044135665872555257 -4.3856603332230884e-05 -0.030676198503055932 0.0074399514378789416 0.01668801547317517 0.01375131042199214 0.0069922376667049483 -0.015200384866760437 -0.0026157779655862608 -0.022429620448638624 0.023541370618700118 0.012393926982567268 0.01204046170042602 0.00059342914039221481 -0.0067111348268010023 0.00015191934776396152 -0.0084303317419490535 0.0078910334260328951 0.016110422115424367 0.0065511550602454444 0.0073997893961121365 -0.0066533464114587213 -0.0011990388238239107 -0.030469053083108096 0.0077614033819079506 -0.0056955264927776705 -0.012023301722843363 -0.0043133403974254083 0.00045087993028067867 0.0021415997193172842 0.0053730567439162899 -0.026238327044534063 -0.025665187444423247 0.0031361758747492459 -3.5165768997390905e-05
leaf_weight=248.79766011796892 480.06362862326205 210.49446279369295 659.97067375294864 243.64409627020359 420.39966224506497 1285.0449969395995 277.39550492726266 3568.654293153435 418.78821181505919 584.19132939726114 416.12023906223476 503.05212372541428 954.44545336067677 407.21415929868817 186.77140505053103 2010.6308420412242 760.05623560771346 974.58275259658694 3627.8339975588024 1368.3672423921525 1676.2733282763511 337.74906846135855 1760.2104619480669 540.41361783258617 751.05602030083537 824.59388305805624 256.08409746736288 2449.2176688686013 4184.2789388988167 54.160609215497971 2085.5142040941864 695.96059278398752 1246.66616422683 2936.200349599123 1777.2644385937601 1912.609690669924 151.25871343538165 70.298992298543453 200.07278264313936 1502.6823263205588 510.12466841191053 202.58860057592392 2202.6389542482793 203.72843046486378 2203.4631333574653 965.7372615262866 1348.6522224228829 1275.0588311366737 528.29186380840838 3600.8248819019645 130.60218182392418 398.53582815080881 742.82929008454084 619.77437629178166 2385.4660313986242 220.05781754106283 101.39166840910912 1420.1237362250686 25.196498177945614 114.77844803035259 284.16531437262893 1779.3718449324369
leaf_count=5299 15805 1705 3343 1622 2038 21461 1427 19349 2076 3858 7148 2212 13918 6416 3679 10641 5141 4795 19117 6840 8635 1754 30739 3437 3834 3964 1208 11441 38169 283 10162 3156 5646 13824 52289 10178 754 415 1182 8602 2430 1005 10394 905 10947 5980 7052 6065 2937 18762 939 1834 3474 3184 22727 1747 467 6287 110 589 1347 11321
internal_value=-4.4407e-05 0.000959842 0.00187802 -0.00584051 0.00228788 -0.0115913 0.00146305 0.000898403 0.00181473 -0.00230522 -0.00463513 0.0021282 -0.00407788 -0.0192404 -0.00286005 0.000930578 0.000164003 0.00130628 0.00190671 -0.000153338 0.00457302 0.00244742 -0.00722701 -0.00317308 0.00540207 0.00580083 0.0046862 0.00508145 -0.00208899 0.00719796 0.00797196 0.0097591 0.00566009 0.00401362 -0.0174732 -0.000791541 0.00628559 -0.00154939 -0.00476379 0.00686818 0.00574167 0.00821729 0.00256543 0.00189266 0.00904087 0.0104 0.00185993 -0.00136564 -0.000519543 -0.00278124 -0.011413 0.00346692 -0.0009854 -0.00765416 -0.00539339 -0.0115063 -0.00940795 0.0089512 0.0129391 -0.00879852 -0.00601198 -0.00163836
internal_weight=66282.5 60979.9 52384 2640.72 49743.2 5302.58 40285.7 36688.7 28531.2 8157.5 8595.94 27713.4 8347.14 617.709 7172.64 18876.9 16115.2 12006.1 11246.1 6344.85 4901.21 3926.63 3045.26 4109.07 2761.69 9457.59 8836.54 8580.46 6756.52 3597 3441.45 2781.47 8077.4 5385.42 2257.33 2250.36 9037.19 625.359 555.06 8411.83 6909.15 3881.91 3027.23 403.801 3679.33 3169.2 4976.49 7573.31 6676.14 4259.72 658.894 2416.42 1141.37 897.17 2572.24 1174.5 155.552 2691.99 1271.86 817.732 702.954 2023.02
internal_count=488065 367771 275084 21064 254020 120294 205404 187993 145513 42480 92687 141501 87388 8121 71723 100773 86298 63512 58371 33009 25362 20567 52200 22786 14475 48616 40728 39520 64575 17411 16661 13318 37308 25265 68094 11932 46578 3256 2841 43322 34720 20362 14358 2087 19357 16927 26169 38622 34011 22638 3876 11373 5308 4611 26406 15665 750 12043 5756 4012 3423 12943
cat_boundaries=0 1 2 3 4 5
cat_threshold=151808 1273 30856 133120 4352
is_linear=0
shrinkage=0.035


Tree=87
num_leaves=63
num_cat=5
split_feature=24 0 42 12 47 19 37 7 22 16 47 11 40 22 52 9 39 37 33 26 26 14 37 2 1 27 11 26 2 14 26 14 8 23 46 32 27 16 22 2 14 40 13 26 23 22 32 26 3 18 32 26 16 14 18 18 16 26 37 37 30 16
split_gain=593.284 233.039 136.124 110.57 109.813 107.757 80.6516 75.0297 73.7542 124.289 66.1042 61.1508 59.4246 65.803 59.4155 64.4657 58.6518 56.8959 54.9143 53.334 49.6953 47.3183 46.4493 46.1089 45.848 45.3161 45.0621 43.159 42.386 41.8006 40.1281 39.341 39.0841 38.9768 38.4403 37.6393 36.7356 36.033 40.9289 36.7756 35.8276 35.7342 35.7089 35.3164 38.9259 35.1603 34.925 34.7583 35.9207 33.3834 33.1336 32.4649 40.6928 31.5768 33.4101 31.4537 35.2591 31.2577 30.6192 30.5281 29.7894 29.5856
threshold=6.5000000000000009 444.76000000000005 1.5000000000000002 10.089000000000002 inf 599.1160000000001 1.0000000180025095e-35 0.59166666666666679 13.500000000000002 0 39.640000000000008 97.355000000000018 3592.4100000000003 5.5000000000000009 4.5000000000000009 501.92000000000013 192.03000000000003 3606.7400000000002 8.5000000000000018 161.50000000000003 39.500000000000007 18.000000000000004 12276.990000000002 467.64500000000004 10502.730000000001 1614.6750000000002 625.7700000000001 21.500000000000004 181.36000000000001 19.500000000000004 314.50000000000006 18.000000000000004 19.500000000000004 0.93301270189221952 31.170000000000005 588.79000000000008 6334.3700000000008 1 8.5000000000000018 32.060000000000009 20.500000000000004 16440.143333333337 0.84105263157894739 39.500000000000007 -1.0000000180025095e-35 43.500000000000007 1900.9600000000003 61.000000000000007 8.5000000000000018 2504.990416666667 inf 284.50000000000006 2 16.000000000000004 9361.461212121214 3946.8150000000005 3 21.500000000000004 9020.4600000000009 2582.440000000001 5963.6900000000014 4
decision_type=10 10 2 10 8 10 10 10 2 9 10 10 10 2 2 10 8 8 2 2 2 2 8 10 10 10 10 2 10 2 2 2 2 2 10 10 10 9 2 10 2 10 10 2 2 2 10 2 2 10 8 2 9 2 10 10 9 2 8 10 10 9
left_child=1 2 4 45 7 17 -5 -1 9 47 18 22 13 25 41 27 21 31 23 20 -8 -9 -6 -10 33 -11 -15 -16 61 -29 46 -4 43 -25 -33 -19 -17 39 -39 -21 -20 58 -38 -23 51 -2 -31 48 60 -49 59 -45 -53 -40 -55 56 -22 -36 -12 -46 -3 -7
right_child=3 8 5 6 11 28 19 16 10 12 14 -13 -14 26 15 36 -18 35 40 37 55 32 -24 24 -26 -27 -28 29 -30 30 -32 34 -34 -35 57 -37 42 38 53 -41 -42 -43 -44 44 50 -47 -48 49 -50 -51 -52 52 -54 54 -56 -57 -58 -59 -60 -61 -62 -63
leaf_value=-0.015036366375007193 -0.023347095829991421 -0.016019805034822147 -0.0084256760107306941 -0.026033223729590004 0.007591727073638776 -0.01651023984532916 -0.013940708766272151 -0.014851230189478331 -0.0033543993404165314 -0.0063227173569713278 -0.0043570292984595098 -0.009613489307538305 -0.013039701980113323 -0.00043872558865674834 -0.0067621247800094706 0.014487901488337321 -0.016354052618383814 0.0043359515343868327 0.0056358900837309043 -0.0018543384858611524 0.016306327289225313 -0.011683155279544517 -0.00042287767678746564 0.0069047213949108245 -0.035364533925355261 -0.036886185383873213 0.0091943875845834928 -0.0024054057293578911 -0.0017595700469426919 0.0048049870093338221 0.011495205659315482 -0.0031585337645001553 -0.011766908799844933 0.022760311272237148 -0.009892408432685856 -0.0049126597478728372 -0.006907808115817384 -0.022115761390030252 -0.025901503547051237 0.067158869931462792 0.019431734043384347 -0.035654605167999641 0.01071248524427006 -0.0069846267196361804 0.0030370978230619028 -0.011496978369862963 -0.0016892389403751888 0.0116579007492523 0.013807723254421603 -0.047905760636474892 0.0092512275547750895 0.0078328635423491333 -0.0076097278116202044 -0.0044028090562442833 -0.027066160579667299 -0.0059629093700519446 -0.00079639272828196342 0.0021947512026398736 0.0069550803753978194 -0.0058129748510029403 0.016078129981257461 -0.005366217190809733
leaf_weight=1037.6460977941751 1094.0678964219987 177.74473631754518 650.81830219179392 285.62399829924107 1192.6760811600834 565.14658912271261 271.69897855632007 467.69024308212101 558.23588983714581 1201.6139488164335 1393.073512904346 676.62097291275859 543.05096516385674 3244.9409606195986 520.32270456105471 1045.4021283984184 515.54371859692037 8104.5787573754787 343.2683046720922 25.158800607547164 287.5462634768337 463.39366295002401 3434.479094915092 3748.4558266811073 29.532701022922993 61.588956143707037 727.36345503479242 1226.533587846905 1392.1392428055406 5623.7376283928752 899.14420054107904 2659.7419447377324 606.52846641652286 199.31913417577744 271.14938442409039 576.63174039125443 237.64140268415213 356.33649208582938 113.011678814888 14.107368860393761 708.26871915534139 38.471339777112007 343.20250974595547 1923.4816878791898 1175.0350929312408 430.57497616112232 1237.0932706929743 1373.798935296014 123.3720645159483 10.65984398126602 535.38327228836715 479.85461253114045 353.50448923744261 895.65495922788978 86.551587888970971 305.41896706260741 298.49486240372062 7102.123357264325 370.20728893578053 802.8190987482667 43.313874334096909 663.7871577758342
leaf_count=18171 39368 798 4243 10691 6025 3424 6364 5902 2531 7706 6466 3558 3022 14916 2437 6041 6590 40949 1615 662 5730 5019 17662 19095 184 329 3707 6010 6299 26653 4262 17774 5981 990 1557 3221 1064 9530 3400 299 3713 198 2089 18512 10982 13727 5716 6613 548 47 3610 4957 3933 20948 2234 6260 6075 34547 1767 7359 201 3784
internal_value=-4.34537e-05 0.0008484 -0.000989856 -0.0123631 -0.00373304 0.00071516 -0.00839149 -0.00623178 0.00336608 0.000439649 0.00455216 0.000206413 -0.00202674 -0.000886025 0.00317754 0.00413179 -0.00498236 0.0016167 0.00773346 -0.00648378 -0.000865047 -0.00411891 0.00164413 0.00606025 0.00738216 -0.00784087 0.00132705 0.00302958 -0.00594366 0.00359721 0.00454617 -9.34668e-05 -0.00332498 0.00771082 0.00044781 0.00372114 0.0105694 -0.0108641 -0.011742 0.0192194 0.0149378 -0.00271783 0.00350399 -0.00243004 -0.00161436 -0.0200102 0.00363392 0.00864136 -0.00125547 0.011165 0.0015358 -0.00448567 0.00128364 -0.00845686 -0.00642539 0.00313131 0.0078729 0.00174897 -0.00197941 -0.000556305 -0.0096865 -0.0106781
internal_weight=66144.4 61680.1 35650.8 4464.25 13664.7 21986.1 2939.6 8360.88 26029.4 7507.45 18521.9 5303.78 5778.56 5235.51 12934.8 11133.1 7323.23 19365 5587.08 2653.98 1163.16 6807.69 4627.16 4535.54 3977.31 1263.2 3972.3 9506.83 2621.07 8986.51 7759.98 10683.8 6340 3947.77 10033 8681.21 1626.25 1490.82 1451.55 39.2662 1051.54 1801.75 580.844 5733.47 5270.08 1524.64 6860.83 1728.89 344.431 1384.46 2513.24 2756.84 833.359 1095.22 982.207 891.46 586.041 7373.27 1763.28 1977.85 221.059 1228.93
internal_count=488065 362777 234059 125288 118261 115798 72193 91016 128718 37887 90831 27245 29680 26658 62703 54272 72845 102291 28128 61502 24429 66255 23687 22800 20269 8035 18623 45078 13507 42641 36631 58121 60353 20085 53878 44170 9194 37073 36112 961 5328 8431 3153 54372 49353 53095 32369 8207 1547 6660 21951 27402 8890 26582 23182 18065 11805 36104 8233 18341 999 7208
cat_boundaries=0 1 2 3 4 5
cat_threshold=1672 1061 132433 131432 2304
is_linear=0
shrinkage=0.035


Tree=88
num_leaves=63
num_cat=5
split_feature=45 46 17 2 49 22 23 8 16 16 16 22 18 8 17 22 35 16 32 23 35 18 50 14 26 29 39 46 22 41 42 16 47 47 19 22 26 2 0 49 41 26 26 46 47 22 44 46 46 19 26 30 51 27 17 11 22 22 40 18 23 32
split_gain=562.013 256.747 166.868 140.45 85.5464 82.755 81.564 86.3518 81.462 74.3149 67.504 64.5874 110.878 62.9052 58.2994 78.9296 57.9027 52.9127 63.1254 54.5766 52.7111 52.4695 46.8058 46.6362 58.5109 46.5148 43.5959 42.7349 42.6911 42.5959 42.2412 41.6179 41.5225 41.2335 39.8981 39.4572 38.1638 37.9069 37.7995 37.5956 52.9773 36.1477 38.1312 40.0597 35.7564 35.5892 34.864 34.7323 34.4472 39.5364 34.0897 33.7123 33.517 32.9921 32.5537 45.8766 32.5163 31.9596 31.5574 31.3204 29.5288 29.4257
threshold=5.1000000000000005 4.330000000000001 1.0000000180025095e-35 542.21000000000015 15.500000000000002 45.500000000000007 0.93301270189221952 19.500000000000004 0 1 2 17.500000000000004 2442.6300000000006 10.500000000000002 1144.2850000000003 12.500000000000002 12.500000000000002 3 11.905000000000003 0.93301270189221952 23.500000000000004 16040.242500000002 64.618014454168261 16.000000000000004 284.50000000000006 207.50000000000003 96.90000000000002 7205.5000000000009 22.500000000000004 1649.7700000000002 2.5000000000000004 4 1427.9800000000002 766.17000000000019 1413.8370000000002 32.500000000000007 61.000000000000007 151.62000000000003 1.9200000000000015 4.5000000000000009 1.0000000180025095e-35 21.500000000000004 131.50000000000003 3396.2400000000002 3.8600000000000003 12.500000000000002 20.925000000000001 456.22000000000003 714.69000000000005 773.23541666666677 30.000000000000004 26.640000000000018 584.42503423309438 11029.590000000002 7268.7600000000011 4623.920000000001 8.5000000000000018 9.5000000000000018 3816.5700000000002 9361.461212121214 0.68301270189221941 176.85000000000005
decision_type=10 8 8 10 10 2 2 2 9 9 9 2 10 2 8 2 2 9 10 2 2 10 10 2 2 2 8 8 2 10 2 9 10 10 10 2 2 10 10 10 10 2 2 8 8 2 10 8 8 10 2 10 10 10 8 10 2 2 10 10 2 10
left_child=1 13 9 6 38 8 7 10 20 -3 16 12 41 44 56 -16 30 18 22 -19 45 26 25 -17 32 -13 34 -22 31 -26 -4 -8 61 37 -7 -6 -14 60 -2 -18 -41 -10 -43 -44 -1 58 -40 -33 49 -30 -27 -15 -38 -52 -47 -56 -12 -42 -5 -31 -9 -25
right_child=4 2 3 5 35 21 28 33 11 -11 14 17 36 51 15 23 39 19 -20 -21 27 -23 -24 24 29 50 -28 -29 48 59 -32 47 -34 -35 -36 -37 52 -39 46 40 57 42 43 -45 -46 54 -48 -49 -50 -51 53 -53 -54 -55 55 -57 -58 -59 -60 -61 -62 -63
leaf_value=-0.0099989868379956829 -0.017430904907917807 -0.027819107747146434 -0.0022244709069587391 0.0065440789448973722 -0.024883690154123266 0.0086985498784848247 0.010126763163704065 -0.010762245032516644 -0.022089649633181382 -0.0061705049937228022 0.0019593532722638474 -0.00059759278318217307 0.0073937501661103574 -0.020668531138390289 -0.0098844987194904536 -0.011202801181670094 -0.011819264750098521 -0.0040897612056783805 -0.001379318646842184 0.020377166566572402 -0.0090584250658043812 -0.0057264629658577895 0.011662931481769707 0.0012393665748048628 0.0017828919080101022 -0.0045460967230539755 0.012559039601669176 0.012895135333615344 0.010032174450285015 0.011627672207728047 0.0050035958866689999 -0.0036449748937803488 -0.015126526328050236 -0.011879529784373306 0.00051733723750554104 -0.011802477318393179 -0.021417496287958696 0.0013716318949786427 -0.0025073152525684188 0.0048770483928788078 -0.017555564740953423 0.0065553532200901439 -0.0039619750035289345 0.012456787282018192 -0.00064283054272611855 0.01493594189771328 -0.011291338065753342 0.0052516536369219321 0.022236290001420824 -0.0063464306198163581 0.014345847099092861 -0.0091066898795204021 0.0043045272130558575 -0.019415394399526241 -0.019703643758770022 0.024234861999732252 0.0071134625786990055 -0.004642536719667233 -0.014848010195060036 -0.014819755083013498 0.0043510426525968701 -0.003742616396996691
leaf_weight=671.04959281161427 557.11009597592056 287.62956381589174 2643.2496701870114 2391.7448365017772 811.00885977596045 2211.6201575770974 631.68857586011291 843.26648440025747 85.6986736766994 615.0797023512423 3291.6646536272019 1270.9500190578401 78.463466327637434 363.74809537641704 890.34133152477443 378.77305556274951 875.16568209603429 1616.8483813721687 1519.4151418060064 118.97435204312205 412.84902195259929 338.79686239734292 1579.9735876172781 7805.5263997763395 1541.7027351465076 169.70906879007816 1990.631109341979 146.31503600254655 1103.662476465106 1213.6995787546039 1582.609916139394 1308.4101507831365 217.24755396321416 950.18430425226688 1090.1173891741782 437.82804856449366 538.06786443293095 1110.0939221195877 1029.1780890934169 696.54974736273289 264.62546392343938 945.99293993972242 1610.3080134168267 204.24479078501463 1959.4112335573882 1119.2334141135216 1198.4302761908621 910.91983753070235 222.36457753181458 215.1030241958797 741.3262076228857 2056.262760238722 69.787885703146458 36.393111571669579 79.854283653199673 44.504767052829266 2754.5943862963468 2038.4869900457561 86.645778372883797 56.617345504462719 194.34852750040591 1783.2520236577839
leaf_count=10914 17910 6399 17059 11520 29006 10691 3401 7350 405 6306 19827 5918 405 9667 5372 3109 4689 7842 7036 595 2012 1554 8258 42784 8650 748 11448 747 5499 7070 7413 6914 1091 5315 5586 13170 2994 5592 19986 3803 2471 4320 7674 1073 17898 5704 23543 4134 1036 1057 3489 27028 345 156 409 294 14526 13152 442 388 1479 11392
internal_value=-4.26556e-05 0.000781322 0.00145236 0.00169301 -0.0127002 0.00399993 0.000361768 -0.000268214 0.00263099 -0.0134676 0.000344623 0.000978481 -0.00288315 -0.00678093 0.00143925 0.000190939 -0.00234767 0.00291398 0.00464062 -0.00238827 0.00669809 0.00761309 0.00706066 0.00088186 0.00124548 0.00377904 0.00846796 -0.00330113 0.00482619 0.00569521 0.000483027 0.00228774 -3.09931e-05 -0.00581235 0.00599838 -0.0203107 -0.0154997 -0.00312384 -0.0092811 -0.00544019 -0.00357575 0.000163477 0.000862054 -0.00210805 -0.00303255 0.00821878 -0.00723597 7.31731e-06 0.00951767 0.00735789 0.00964463 -0.0108524 -0.0184621 0.0127431 0.0130496 -0.00391134 0.00430828 -0.00613321 0.00579051 0.0104382 -0.00793002 0.00031256
internal_weight=66009.4 61975.8 56925.3 56022.6 4033.56 20498.5 35524.1 31132 14867.3 902.709 28034.1 10586.2 3532.56 5050.47 19933.4 13887.2 8100.69 7053.59 5317.77 1735.82 4281.15 5631.17 3798.35 12996.8 12618 2218.38 5292.37 559.164 4392.15 2812.02 4225.86 2851.02 9806.03 3097.89 3301.74 1248.84 686.319 2147.71 2784.72 3874.83 2999.66 2846.24 2760.55 1814.55 2630.46 3721.98 2227.61 2219.33 1541.13 1318.77 947.428 2420.01 607.856 777.719 1243.59 124.359 6046.26 2303.11 2478.39 1270.32 1037.62 9588.78
internal_count=488065 384450 318943 306238 103615 101665 204573 182532 72386 12705 162796 51258 17216 65507 114209 79856 48587 34042 25605 8437 21128 29279 18569 74484 71375 10311 27725 2759 22041 16108 24472 14449 55267 19736 16277 42176 3744 14421 61439 24115 19426 13472 13067 8747 28812 18369 43529 11048 7592 6556 4393 36695 3339 3645 6407 703 34353 15623 11962 7458 8829 54176
cat_boundaries=0 1 2 3 4 5
cat_threshold=5784 151808 26630 147456 2257
is_linear=0
shrinkage=0.035


Tree=89
num_leaves=63
num_cat=5
split_feature=24 46 42 48 47 43 48 22 16 33 18 22 23 23 37 41 32 43 14 30 17 33 32 22 16 3 4 16 27 23 52 39 23 35 35 22 14 26 46 18 44 16 3 22 32 6 19 17 23 16 26 3 26 33 26 43 46 36 40 14 51 1
split_gain=529.923 236.008 103.628 103.374 96.3238 95.5906 79.8769 73.0825 185.355 76.1525 70.1592 69.1956 68.3125 60.311 59.7213 56.1768 54.7689 64.9606 52.5643 50.3385 49.9218 45.6931 45.5733 44.9887 44.5176 42.1139 41.9782 41.962 41.9095 41.4475 40.6176 45.007 40.3729 39.3509 39.0837 38.508 36.747 43.0256 41.6526 36.4294 36.2532 36.3554 35.6941 65.7959 34.4609 34.4569 38.4304 34.2978 33.9749 33.9732 33.7968 33.1589 32.6183 43.8022 35.7537 30.9689 30.8481 30.7238 30.6635 30.3046 30.1776 39.0547
threshold=7.5000000000000009 64.560000000000016 5.5000000000000009 2.5000000000000004 inf 2.5000000000000004 3.5000000000000004 17.500000000000004 0 8.5000000000000018 12463.275000000001 1.0000000180025095e-35 -0.6830127018922193 0.93301270189221952 33142.320000000007 2638.1150000000002 inf 2.5000000000000004 20.500000000000004 9.9100000000000019 4770.4500000000007 7.5000000000000009 1847.4500000000005 8.5000000000000018 1 268.50000000000006 43.225000000000009 2 3088.9800000000005 1.0000000180025095e-35 3.5000000000000004 182.94000000000003 0.25000000000000011 6.5000000000000009 6.5000000000000009 80.500000000000014 16.000000000000004 345.50000000000006 652.09500000000014 55.379583333333336 93.680000000000021 3 163.50000000000003 39.500000000000007 256.59000000000003 157.21333333333337 1343.6640000000002 6020.9100000000008 -1.0000000180025095e-35 4 51.000000000000007 275.50000000000006 131.50000000000003 8.5000000000000018 112.00000000000001 6.5000000000000009 427.60000000000008 41.295000000000009 392.33500000000009 20.500000000000004 53.001054252819117 5945.5800000000008
decision_type=10 8 2 2 8 2 2 2 9 2 10 2 2 2 8 8 8 2 2 10 8 2 10 2 9 2 8 9 10 2 2 8 2 2 2 2 2 2 10 10 10 9 2 2 10 10 10 10 2 9 2 2 2 2 2 2 8 8 10 2 10 10
left_child=1 3 4 32 5 10 -2 8 20 13 14 -8 15 26 30 -5 17 -14 -11 -13 23 -17 33 -6 -24 45 -9 39 -25 -21 -3 -32 49 -7 35 -19 -35 38 40 -10 55 -42 60 -44 -31 46 -4 51 -16 -1 -29 -18 54 -54 -43 -38 -15 59 -41 -23 -28 -62
right_child=6 2 25 12 7 22 11 9 27 18 -12 19 16 56 48 21 47 34 -20 29 -22 57 24 28 -26 -27 42 50 -30 44 31 -33 -34 36 -36 -37 37 -39 -40 58 41 52 43 -45 -46 -47 -48 -49 -50 -51 -52 -53 53 -55 -56 -57 -58 -59 -60 -61 61 -63
leaf_value=-0.01426672800568593 -0.020926415477161561 -0.0079175565765431163 0.0067326585535827941 -0.01432945379531585 -0.023907116523679311 0.0097664401825051841 -0.024366305178481734 0.00093693034584595527 -0.0019141877043451546 0.0037489621033615279 -0.025034063855001502 -0.0194951089161054 -0.0092727495402625121 0.0067402749582852013 -6.3003399012834783e-05 -0.01536080994411259 0.0030072008880973615 0.00836506876911698 0.017921742919351853 -0.0099788880004044473 -0.028899820524925512 0.0091950484440686629 0.006509331503803807 0.001182238152394822 -0.0052084630250508581 0.020422127360080075 0.0055289384045176301 -0.0056756417680211523 -0.025824100640782163 0.0072753364948294381 0.00011212261923216367 -0.011209284039947672 -0.015423879815973192 -0.0053494494703397377 -0.0014902471120727973 0.057410628148371563 0.0010817042657524994 0.0095203710373046192 0.0037140984790750135 0.020417280623447321 0.01263162952208041 -0.00075845416159830222 -0.050566192372216601 0.0013477381576818175 -0.0073864327722332644 0.011386225776172692 -0.0022526736048657137 -0.0050632040432385525 0.014615657721865263 -0.0016968053628006118 0.0039121265399944694 0.02542232926141343 -0.0080933857120369483 -0.00018072964211211968 0.010321689686981682 0.0078500890552825105 0.024075347123588196 -0.0060876903292507757 -0.001626029937109503 -0.0021874747720834384 0.016168797689916099 -0.016896564383873727
leaf_weight=382.4780560452491 1141.7473738901317 2129.3497555404902 2060.1098532602191 780.70442407391965 185.96362499147654 754.27395020984113 333.32134400308132 3494.786237180233 177.71037834882736 478.48695951327682 178.62522406503558 335.91403791308403 1417.5592443197966 236.93314358592033 457.7979844212532 357.14130551926792 4127.1988290790468 253.01213452219963 974.194630458951 862.02877292223275 210.56585780903697 441.99069366417825 480.69527094252408 393.34091154485941 2092.772541590035 273.13754804432392 1447.95695720613 556.20364583283663 84.713223516941071 462.90465165674686 2707.5770133901387 510.38360241241753 961.44241193681955 882.92367478460073 3650.0939953066409 20.32360152900219 3707.4180681165308 876.53748800419271 6971.834467060864 425.76161107048392 207.47005387581885 2489.2065073121339 31.908597886562347 327.35501823574305 339.5405602697283 1138.7896938472986 812.56625539809465 671.92436223477125 333.14202217385173 827.49577088654041 2349.4444935657084 81.484588358551264 1745.7795250378549 1682.5714910347015 415.41503850929439 1065.4546450655907 269.56631838530302 1149.4985883813351 94.232925064861774 810.45704650320113 712.5175988227129 45.825138658285141
leaf_count=4393 38359 10419 9786 9238 1162 3886 13475 16089 825 2206 1477 12611 20097 1031 2286 3368 25400 2204 4913 24477 1116 4496 2325 1779 10746 1581 7030 2567 384 11926 21400 5279 11704 5061 27983 166 19034 4159 32598 1973 976 11988 138 1717 7823 6969 4205 4436 1509 8356 11252 443 9580 8344 1959 4721 1293 8671 471 7704 4184 317
internal_value=-4.1803e-05 0.000699083 0.00195939 -0.00297676 0.00143258 0.000347461 -0.0133413 0.00401016 0.000428201 0.00600995 -0.00347232 -0.00962293 -0.00185652 0.00440452 -0.00284089 -0.0060462 -0.000405164 -0.00285398 0.0132593 -0.00715531 -0.0139244 -0.00369805 0.00137994 -0.00934866 -0.00301298 0.00714495 0.00343331 0.00394237 -0.00364732 -0.00465476 -0.00416874 -0.00168643 -0.0100722 0.0019236 -0.000533072 0.0122078 0.001628 0.00194977 0.00158636 0.0115935 0.000274924 -0.00141752 0.00683217 -0.00339064 0.00107 0.00623605 0.00419116 0.00227469 0.00613026 -0.00581054 0.00206838 0.00344712 -0.00189664 -0.00421119 0.00082922 0.00259395 0.0159955 -0.00195826 0.0164272 0.00183357 0.00849759 0.0141511
internal_weight=65879.6 62404.1 46471.3 15932.8 42186.7 29689.2 3475.46 12497.5 4477.94 8019.53 6316.88 2333.71 13761.4 6566.85 6138.25 3539.79 10221.6 5340.99 1452.68 2000.39 874.584 2759.09 23372.4 664.018 2573.47 4284.6 6060.35 3603.35 478.054 1664.47 5347.31 3217.96 2171.42 20798.9 3923.43 273.336 20044.6 19161.7 18285.1 697.705 11313.3 6540.44 2565.56 359.264 802.445 4011.47 2872.68 4880.61 790.94 1209.97 2905.65 4208.68 6332.97 3428.35 2904.62 4772.87 506.499 2401.95 519.995 1252.45 2206.3 758.343
internal_count=488065 379394 240735 138659 218194 157747 108671 60447 21529 38918 42370 70312 114206 31799 40893 33477 80729 50450 7119 56837 4441 24239 115377 3325 13071 22541 29475 17088 2163 44226 37098 26679 24453 102306 30353 2370 98420 93359 89200 3269 56602 32847 13386 1855 19749 20960 13991 30279 3795 12749 13819 25843 31871 17924 13947 23755 2324 20871 2444 12200 11531 4501
cat_boundaries=0 1 2 3 4 5
cat_threshold=16642 134152 1696 56 88074
is_linear=0
shrinkage=0.035


Tree=90
num_leaves=63
num_cat=6
split_feature=0 22 24 16 46 40 13 26 26 29 29 14 8 51 22 16 22 47 23 16 22 18 29 16 18 4 14 23 18 43 3 22 8 19 1 22 49 32 43 32 24 19 2 8 26 18 22 22 16 18 48 37 22 49 26 22 48 18 26 32 16 18
split_gain=500.555 175.875 165.468 161.859 142.887 96.6372 102.329 80.1362 68.322 130.221 108.601 79.8267 69.9838 68.1344 67.7022 73.635 64.7276 62.1847 54.6197 60.6396 122.362 89.6202 67.2058 79.4281 54.3998 56.0001 53.4954 52.5761 49.8895 49.7879 46.5681 50.8528 44.3405 42.6295 42.1224 40.9888 40.8197 40.4987 40.29 43.3951 40.0848 39.6213 67.0326 38.8948 38.8266 37.4286 54.3658 36.5333 36.1427 35.7437 34.7186 33.8447 33.8178 32.9576 31.9539 31.5444 31.4469 30.6389 30.4802 30.3269 30.2829 30.1351
threshold=21.835000000000001 2.5000000000000004 6.5000000000000009 0 652.09500000000014 314.34666666666675 0.23904761904761906 70.500000000000014 122.00000000000001 272.50000000000006 115.50000000000001 19.500000000000004 12.500000000000002 31.424545331801738 35.500000000000007 1 41.500000000000007 inf 0.93301270189221952 2 29.500000000000004 4294.5600000000004 272.50000000000006 3 11770.278500000002 115.29000000000001 18.000000000000004 0.93301270189221952 1119.5712500000002 8.5000000000000018 66.500000000000014 27.500000000000004 3.5000000000000004 1857.2866666666669 0.38000000000000006 29.500000000000004 2.5000000000000004 513.82000000000016 1.5000000000000002 494.19 13.500000000000002 1523.8077272727276 626.8950000000001 19.500000000000004 208.00000000000003 4200.9225000000006 45.500000000000007 15.500000000000002 4 2206.7400000000002 10.500000000000002 366.68000000000001 13.500000000000002 1.5000000000000002 51.000000000000007 12.500000000000002 10.500000000000002 1835.2 51.000000000000007 3299.9000000000005 5 3343.5300000000002
decision_type=8 2 10 9 8 10 10 2 2 2 2 2 2 8 2 9 2 8 2 9 2 10 2 9 10 10 2 2 10 2 2 2 2 10 10 2 10 10 2 8 10 8 10 2 2 10 2 2 9 10 2 10 2 10 2 2 2 10 2 10 9 10
left_child=2 3 26 7 5 44 45 51 9 14 11 -10 57 -12 15 -8 40 29 19 43 21 22 23 28 25 41 -1 -14 -21 33 52 -32 -16 36 -17 59 -13 38 39 -28 -4 56 -43 55 54 -7 -47 49 -46 -19 -18 -2 -15 -36 -3 -6 -22 -11 -5 -20 -40 -52
right_child=1 4 16 58 18 6 8 -9 10 12 13 17 27 30 32 34 50 47 35 20 24 -23 -24 -25 -26 -27 37 -29 -30 -31 31 -33 -34 -35 53 -37 -38 -39 60 -41 -42 42 -44 -45 48 46 -48 -49 -50 -51 61 -53 -54 -55 -56 -57 -58 -59 -60 -61 -62 -63
leaf_value=-0.017805752235067262 -0.018263421304508788 -0.002015619161502728 -0.016205837899855371 -0.012487151021429808 0.0069888611307996592 -0.0044041750219087307 -0.0066429261803393541 -0.02733638454269522 -0.0045340754443143269 -0.0012836055698129108 -0.00078148880374823073 -0.0081348623601427538 -0.0061483583764643107 -0.0090477382401997798 -0.030935859844607439 0.032673583002518956 -0.010763044153876758 0.0066479862887653387 0.0092378356807674474 0.0013497100661289199 0.0050459477721811648 -0.012757158740727553 -0.0064866888158723063 -0.0017752036683584473 -0.0057106220950279606 0.01102374201496408 -0.01507051331602602 0.0019042026552154004 0.013221721636519201 0.012894669784881387 -0.023099586725890214 -0.0079578094559369893 0.014197770225910634 -0.023806502273945356 -0.011022846147181244 0.021610266820521092 0.0024943639358630922 -0.015218506235971502 -0.0061877683044062473 -0.0034540112716049754 -0.028072841630814378 -0.017362801289932912 0.0025386227547049018 0.0024250137112436713 -0.012958915358196474 -0.023850990352873053 -0.0049268370407919366 0.015672434475881084 0.0033299556027083055 -0.027850454360114463 0.039894989924550643 0.0064601465898532114 0.00088693262170119291 0.0084800942547678775 0.010246605186231588 0.015556886930943209 0.014017666759192395 0.0063085348401611795 -0.00073464407620655995 -0.0096010467024633794 0.0014855326414895387 -0.00017786987626236628
leaf_weight=370.95157067477703 119.40859533846378 301.35404105111957 1149.6997370049357 306.75934476964176 1315.7340366281569 1591.8195169772953 590.52837305888534 578.77335406281054 1992.8312879577279 963.06950394250453 4687.9622129071504 485.15351040288806 2669.4089960791171 633.89083391427994 26.230223298072815 80.084072384983301 592.62604457326233 171.02554190158844 1058.0313551798463 762.97545948252082 3472.8525529466569 735.78613715991378 1360.1755188219249 2318.4761387053877 530.83146062679589 1946.9744544923306 597.27468290738761 1580.8497840203345 1004.2085996102542 480.96940737217665 304.43762053735554 2492.6291153132915 1525.3152631297708 81.505396399646997 116.60505972802639 314.14026498422027 4940.9487908780575 368.87773061357439 878.02858308702707 1155.8949302062392 505.05276005715132 230.73684485256672 1967.2315264400095 1125.7803008724004 184.51541578024626 353.19091026671231 392.93233912065625 710.93251267820597 1131.2691850382835 45.800215147435665 29.33788157813251 154.48286625929177 1238.1102348025888 1100.2677158024162 1897.4677501656115 880.06072888709605 554.71835070289671 2007.5528679024428 2223.9828844331205 115.34773581475019 2154.110569845885 94.857283469289541
leaf_count=5740 1799 1895 34939 2645 6402 24035 2974 11130 12485 4865 26623 2536 14911 3286 121 455 18056 786 4921 3558 16472 4364 6258 11387 2564 11645 11157 7810 4760 2258 2151 13619 7285 482 504 1591 27543 4792 9861 10625 22753 1091 10050 5675 1473 6513 6269 3339 6321 230 917 1364 6198 5314 9993 4640 2716 10279 17484 580 20710 2866
internal_value=-4.08184e-05 0.00108742 -0.0083061 -0.00665438 0.0015684 0.000219446 -0.000399206 -0.019734 0.00017017 0.00239669 -0.00112926 0.00163641 -0.000273188 -0.00376244 0.00800103 0.00354565 -0.0160376 0.00341473 0.00395044 0.00342318 0.00246283 -0.0013008 0.00024912 0.00249261 0.00513866 0.00584396 -0.00498519 -0.00315353 0.00805413 0.00210748 -0.00675464 -0.00961353 0.0134153 0.00116328 0.00817444 0.0103972 0.00154267 -0.00405921 -0.00319599 -0.00741789 -0.0198426 0.00422253 0.000442479 0.0076942 0.00572119 -0.00744084 -0.0139049 0.0118415 0.000964499 -0.00073354 -0.00723849 -0.00434583 -0.00248015 0.00660374 0.00856588 0.0104284 0.0062848 0.00384758 -0.00215506 0.0073793 -0.000753266 0.00953135
internal_weight=65752.8 57856.1 7896.71 3383.41 54472.7 34778.7 31264.1 852.665 28926.1 10659.9 18266.2 8909.17 7220.88 9357.03 3439.03 1887.49 2371.57 6916.34 19694.1 18206.5 14885 6181.62 5445.84 4085.66 8703.35 8172.51 5525.14 4250.26 1767.18 5988.58 4669.07 2797.07 1551.55 5507.61 1296.96 1487.52 5426.1 5154.19 4785.31 1753.17 1654.75 6225.54 2197.97 3321.58 3514.61 2337.94 746.123 927.758 1315.78 216.826 716.821 273.891 1872 1216.87 2198.82 2195.79 4027.57 2970.62 2530.74 1173.38 3032.14 124.195
internal_count=488065 345649 142416 34422 311227 212553 192871 14293 156054 54518 101536 49659 37865 51877 16653 9247 79531 37174 98674 91582 74865 30327 25963 19705 44538 41974 62885 22721 8318 32819 25254 15770 7406 30561 6273 7092 30079 57145 52353 21782 57692 30329 11141 16717 19682 36817 12782 4355 7794 1016 21839 3163 9484 5818 11888 11042 19188 15144 20129 5501 30571 3783
cat_boundaries=0 1 2 3 4 5 6
cat_threshold=151810 4544 5248 131080 145412 96266
is_linear=0
shrinkage=0.035


Tree=91
num_leaves=63
num_cat=7
split_feature=45 2 17 2 14 26 14 26 26 16 8 49 40 32 29 43 14 1 26 16 31 29 16 34 44 49 16 8 12 21 3 27 3 32 15 16 3 18 7 17 45 16 27 0 27 44 42 30 19 14 3 26 8 17 27 40 18 40 27 32 16 6
split_gain=478.049 217.094 115.66 97.2018 88.8812 85.6726 91.317 115.453 91.7308 108.204 85.5617 80.9675 75.2063 66.8918 61.2219 67.3164 67.0562 65.1191 60.3799 59.1977 54.3362 52.0814 50.4368 49.0227 61.7011 48.9905 47.7512 46.4171 46.0776 43.6561 40.6188 40.445 41.4618 40.2775 39.3777 39.1724 37.712 37.1446 37.057 36.9815 36.8471 36.703 35.5238 35.0057 33.668 32.9097 32.1236 31.6675 30.8747 43.0124 30.538 30.396 35.3107 30.0392 29.6811 29.5362 29.4572 29.319 28.8315 28.6535 35.9364 35.0829
threshold=5.1000000000000005 29.350000000000005 2.2450000000000006 2072.0600000000004 16.000000000000004 21.500000000000004 19.500000000000004 314.50000000000006 131.50000000000003 0 20.500000000000004 15.500000000000002 1.0000000180025095e-35 504.27000000000004 272.50000000000006 2.5000000000000004 20.500000000000004 3217.6250000000005 30.000000000000004 1 1.0000000180025095e-35 232.00000000000003 2 2.5000000000000004 382.04000000000002 15.500000000000002 3 6.5000000000000009 2872.8600000000001 12.980000000000002 87.500000000000014 4402.2500000000009 229.50000000000003 223.02000000000001 0.12456747404844304 4 8.5000000000000018 16040.242500000002 0.59166666666666679 3825.9000000000001 1.2696969696969698 5 4773.0600000000004 1.9200000000000015 17494.470000000005 20.925000000000001 5.5000000000000009 3964.9000000000005 318.03750000000008 20.500000000000004 4.5000000000000009 269.00000000000006 12.500000000000002 2048.0400000000004 4.3500000000000005 1915.9016666666671 372.08861111111116 1160.8266666666671 4002.6600000000008 11810.43 6 69.564000000000021
decision_type=10 10 8 10 2 2 2 2 2 9 2 10 10 10 2 2 2 8 2 9 2 2 9 2 8 8 9 2 10 8 2 10 2 10 10 9 2 10 10 8 10 9 10 10 10 10 2 10 10 2 2 2 2 10 10 10 10 10 10 8 9 10
left_child=1 4 19 5 -1 22 26 8 14 10 20 43 -6 18 15 17 39 29 -14 58 23 38 27 24 37 46 -7 34 -15 -8 -27 -28 -33 50 -4 -17 -23 54 -20 42 -41 -12 -16 -2 -19 -45 -9 -37 -11 -50 -18 52 56 -25 -10 -22 -40 -48 -3 60 -5 -62
right_child=11 2 3 59 12 6 7 25 9 48 41 -13 13 28 16 35 33 44 21 -21 55 36 -24 53 -26 30 31 -29 -30 -31 -32 32 -34 -35 -36 47 -38 -39 51 40 -42 -43 -44 45 -46 -47 57 -49 49 -51 -52 -53 -54 -55 -56 -57 -58 -59 -60 -61 61 -63
leaf_value=-0.022098866014145076 -0.016586677966295049 -0.031273139988356131 -0.0097921885324447483 -0.0083010490567255735 -0.025747170520005223 0.0014504132504584626 0.0041683389704189463 0.0092485016933035475 -0.02038605010799481 0.0036407887555156152 0.0014749884322397223 -0.019504187459645817 -0.011791470459987224 -0.010865793824762153 0.0048894312065820627 -0.0018482897393211745 -0.015160559415469635 0.018037959341606777 -0.010375620211588273 -0.0046156213832324903 -0.013572953665800115 -0.0089748586025636696 -0.016620050173824522 -0.0019014337463579816 -0.0078130126478092605 0.0092311812052648275 -0.0087548584196123977 -0.0047089043329713014 0.078077550992108224 -0.0057349862561207939 -0.0056877023297280975 0.0054910438206394333 -0.0095680954532885738 -0.0046225587375238074 0.035033905940677131 0.0091357173406358717 0.0031936683192753937 -0.016942667042067074 0.0059440581429748502 0.021220068658539662 0.0046512508227342852 -0.012110921564128584 -0.013800374614869902 -0.0019769178213959577 -0.025232536581214084 -0.010591177865508611 -0.0071379147512822495 0.017638408731079691 -0.0024625627809019041 0.016146254640456392 0.0021185884990185641 0.0010684300901487871 -0.010660587381040174 0.0061136103871406245 0.00085771281421722799 -0.0030864494634286603 -0.0044921674463147153 0.025839906772268172 -0.0010582291075042869 0.0080871317098029638 -0.0052004536001164425 0.012477199886935421
leaf_weight=308.55944748781621 534.4736945591867 209.78498754091561 36.217748787254095 312.02490475401282 175.66161470115185 1896.943799154833 1333.6502137016505 2448.7273373771459 80.27224275842309 1041.1661428660154 317.43775236234069 1192.8987524658442 684.06002211011946 1241.7713670935482 2853.0544933713973 312.5930847749114 128.22582571208477 372.513896048069 763.41100823134184 584.01334104314446 478.40695676580071 341.73207043111324 419.86594111099839 738.33891662955284 1269.8267508260906 411.25287365913391 1862.1673972606659 1187.411537706852 6.1900101676583281 920.94756724685431 487.44953496567905 620.020677190274 349.30019343085587 1822.4638075660914 68.141453426331282 2095.4096491336823 3480.9141789153218 147.95667422562838 445.30397267080843 340.57977498322725 318.39497116021812 1088.9200078640133 129.31717066466808 1014.5969458539039 22.55295991897583 1169.8961639720947 37.533981919288635 723.37618013471365 190.39089540019631 751.90749070420861 4126.8801570236683 2090.7285184189677 808.98586794920266 2547.8574255853891 9287.6341632753611 1051.675451528281 1285.3747211992741 252.59060484170914 47.470705978572369 3757.1040968894958 211.92330533452332 388.36396719142795
leaf_count=6732 17910 5084 193 1546 5679 10130 7025 11854 785 5400 1609 42176 9325 14357 13347 1448 598 1746 13055 4823 2619 2444 2375 3435 7395 2230 10645 6276 42 4132 3346 3192 2162 9380 339 9860 27983 802 3361 1651 1498 6119 639 19986 96 23543 183 3369 883 3614 19965 19631 8319 12874 47640 5777 10058 1428 252 20446 1062 2192
internal_value=-4.01119e-05 0.000712067 0.00171256 0.00193251 -0.00359495 0.00142908 0.0017358 0.00230473 0.00167916 4.85131e-05 -0.000855394 -0.0119035 -0.00308885 -0.00272956 0.00367702 0.00652883 0.00198019 0.00242167 -0.00176648 -0.0111479 -0.00011034 -0.00102121 -0.00624725 0.000570911 -0.000569456 0.00823443 -0.00285153 -0.00271595 -0.0103625 0.000122326 0.00114196 -0.00571803 6.01307e-05 -0.000270281 0.0195318 0.0100023 0.00210378 0.000397866 -0.0032359 0.00573537 0.0132337 -0.00912107 0.00407468 -0.00856284 0.0155103 -0.00659298 0.0105604 0.0112832 0.0077613 0.0123877 0.00159445 -0.00205679 -0.00462898 0.00431277 0.000673522 -0.00637196 -0.00180504 0.0215636 -0.0247644 0.00673638 0.00117093 0.00613603
internal_weight=65624.6 61712.8 50080.1 49238.8 11632.7 44569.4 42857.7 38129.3 34491.8 18991.8 17008.3 3911.87 11324.1 11148.5 15500 5781.04 9718.92 2649.66 9900.51 841.269 15602 9216.45 1711.64 14071.9 10785.7 3637.55 4728.43 1291.77 1247.96 2254.6 898.702 2831.49 969.321 6077.57 104.359 3131.38 3822.65 9515.86 5393.8 3641.35 658.975 1406.36 2982.37 2718.97 395.067 2184.49 2738.85 2818.79 1983.46 942.298 4255.11 4630.39 2539.66 3286.2 9367.91 1530.08 1730.68 290.125 257.256 4669.42 912.312 600.287
internal_count=488065 384450 263464 253305 120986 228059 218876 192747 173706 98952 89055 103615 114254 108575 74754 27676 47078 12999 94176 10159 81327 84851 9183 72931 56622 19041 26129 6808 14399 11157 5576 15999 5354 29943 532 14677 30427 49227 54424 17135 3149 7728 13986 61439 1842 43529 13465 13229 9897 4497 20563 41369 21738 16309 48425 8396 13419 1611 5336 25246 4800 3254
cat_boundaries=0 1 2 3 4 5 6 7
cat_threshold=162053 151808 86448 21728 5121 133120 147456
is_linear=0
shrinkage=0.035


Tree=92
num_leaves=63
num_cat=7
split_feature=46 40 4 12 45 48 14 26 26 26 3 22 23 41 16 15 23 46 16 14 22 18 37 3 3 32 18 29 5 32 16 16 49 17 16 22 16 17 1 22 40 3 1 17 14 23 23 14 32 22 18 41 26 22 27 16 43 4 4 26 39 39
split_gain=451.548 199.166 145.622 128.248 89.9545 76.3537 65.6486 58.418 68.8844 112.103 84.9349 201.829 70.1205 54.0038 81.2466 53.8961 53.62 46.1683 65.5062 44.8959 41.6563 40.6537 52.1283 43.1684 39.0232 36.4095 43.7087 40.3637 35.5018 37.7762 34.6266 33.4198 33.3715 33.213 33.0092 34.4897 32.1589 30.939 30.8259 30.3725 36.9967 29.1402 28.2607 28.8447 28.2247 40.3562 28.1929 28.181 27.9307 27.5196 27.0597 27.0272 26.1386 25.9642 39.3671 25.9641 25.8314 25.1438 25.0943 24.9773 24.7967 24.661
threshold=4.330000000000001 1.0000000180025095e-35 10.100000000000001 1.4400000000000011 6.1250000000000009 3.5000000000000004 16.000000000000004 21.500000000000004 122.00000000000001 269.00000000000006 47.500000000000007 15.500000000000002 0.68301270189221941 2373.2100000000005 0 1.1402956552060812 1.0000000180025095e-35 114.86000000000003 1 20.500000000000004 7.5000000000000009 11184.261136363637 1487.3750000000002 285.50000000000006 257.50000000000006 1.0000000180025095e-35 2536.7880000000005 333.50000000000006 139.18000000000004 3447.2350000000006 2 3 15.500000000000002 932.80000000000007 4 5.5000000000000009 5 3385.3300000000004 102.46000000000002 15.500000000000002 4626.0600000000013 258.50000000000006 1248.2400000000002 2.2450000000000006 20.500000000000004 0.68301270189221941 -0.6830127018922193 16.000000000000004 513.82000000000016 52.500000000000007 4570.7025000000003 17.060000000000002 51.000000000000007 11.500000000000002 2107.7100000000005 6 1.5000000000000002 1151.0000000000002 38.45000000000001 131.50000000000003 76.590000000000018 30.450000000000006
decision_type=8 10 8 10 10 2 2 2 2 2 2 2 2 8 9 8 2 10 9 2 2 10 8 2 2 10 10 2 8 10 9 9 10 8 9 2 9 10 8 2 10 2 8 10 2 2 2 2 10 2 10 10 2 2 10 9 2 8 10 2 8 10
left_child=3 -2 4 -1 6 47 38 36 12 10 34 20 -9 14 53 21 24 18 60 55 -12 22 30 57 31 26 33 37 29 49 -15 -7 50 -21 35 -10 -8 -28 -3 40 -30 46 43 -33 45 -16 -26 -5 -13 52 -6 -46 -24 54 -4 -14 -27 -23 -51 -54 -11 -18
right_child=1 2 13 5 32 16 7 8 9 17 11 48 19 15 44 -17 61 -19 -20 25 -22 23 28 -25 41 56 27 -29 39 -31 -32 42 -34 -35 -36 -37 -38 -39 -40 -41 -42 -43 -44 -45 51 -47 -48 -49 -50 58 -52 -53 59 -55 -56 -57 -58 -59 -60 -61 -62 -63
leaf_value=-0.020686910746556465 -0.026709743684240509 -0.018878325159133388 0.0045974671035971127 -0.025111503219192911 -0.0032339232457416693 0.0066085005528424435 -0.019259274657402816 0.010789226533902643 -0.0092401035308231159 0.0039531671775416884 -0.031757146545063522 -0.0021061473657095825 -0.0038185694962200698 0.012616992422348877 -0.0086007762919110275 0.0011037639947808963 0.0014408692233210875 0.0046783707407171303 -0.0079893974217434827 0.0030255921546689731 -0.015242239031135521 -0.0032131189652854632 -0.0055056181025246072 -0.031567981715241333 0.0020715572368759172 -0.01824824483153618 0.0083759817320789662 0.017965628796515073 0.007589975513711141 -0.010309691792766251 -0.00019322602892553003 -0.029024523923360451 -0.019767616671097575 -0.0076902895710237885 0.0056759225443354412 0.00078849533379937438 -0.0044372543563268368 -0.0058191536476908589 -0.0048407947058822379 0.012928107334666964 -0.018987952205510701 0.00082334427867175239 0.026304222711452278 -0.010811616002121681 -0.018472464986629189 0.0039463986627618127 0.077697759780509704 -0.011696672792563808 -0.0079088793090805586 0.0056716047624910731 -0.016389453582099495 0.00072318555682983148 0.0091550862857261647 0.011808882103245951 -0.027007555534765325 0.0048594809257177605 -0.0028688752732641157 0.016537824848005662 0.011847312731485538 0.0032737854903007882 -0.012885313992462458 -0.0065460057116639471
leaf_weight=933.3809034563601 316.40335108339787 288.74829794466496 1144.5855792239308 233.46624345332384 805.91425933502614 132.02353286929429 227.84834676235914 1174.1179956384003 510.34084723517299 1791.7099244110286 314.51454638317227 5596.1137339640409 459.82816892489791 280.79139296337962 1369.1331132967025 5310.9795616082847 1663.0949190370739 4738.8602783959359 1026.034500118345 781.02986639179289 469.42985709197819 536.9496626406908 304.85401817038655 58.24441846460104 11.700201978906989 141.58114264160395 518.82566619291902 316.42533003911376 307.99294266849756 173.54623676836491 2269.2446687966585 113.56317845731974 289.8411541134119 646.91950091160834 1317.2304837964475 2353.4419097844511 813.51389772631228 293.86027881130576 568.99615748040378 1710.7216501533985 79.981543354690075 203.4240035880357 22.980335393920541 1610.3677193168551 92.264793340116739 406.73665462806821 11.604362670332193 1088.1858450975269 1240.9767309408635 1694.5362432077527 250.54729252681136 2454.9852546341717 1282.9814291074872 686.88254469633102 49.414746090769768 4568.7213684152812 2183.7964620701969 91.539666712284088 1542.4157114997506 2850.4493559896946 112.97702785208821 660.9879607334733
leaf_count=32325 12556 4138 5295 6536 16265 2018 1721 6746 3619 13042 3653 34778 2443 1353 6481 24389 19749 24777 8891 4083 3843 2400 1370 265 207 1976 2362 1652 1706 822 11027 3492 9299 3215 8205 13484 5862 1524 3976 10797 371 3793 122 25502 448 1806 216 21277 8812 7911 5521 11288 6022 3376 227 23821 13962 532 7976 13457 1270 8013
internal_value=-3.94098e-05 0.000940312 0.00109031 -0.0086586 -0.000402382 -0.00670329 -3.45167e-05 0.000224971 0.000502901 -0.000750946 -0.00289168 -0.00509067 0.00270522 0.00313307 0.000307256 0.00408088 -0.00449865 0.0025432 -0.000909714 0.00174655 -0.0219 0.00527998 0.00573557 -0.00300744 -0.00854276 -0.000644093 0.00223778 0.00738065 0.00687997 0.0057974 0.00127044 -0.0101975 -0.00926403 -0.00183113 0.00111682 -0.000997771 -0.00792299 0.0032423 -0.00958282 0.0109239 0.00207616 0.00515505 -0.011443 -0.0120275 -0.00233538 -0.00572643 0.0413766 -0.0140836 -0.00316038 0.00616289 -0.0063664 2.09173e-05 0.00437144 0.00635787 0.00326796 0.0040674 -0.00381269 -0.000314686 0.0086171 0.00510106 0.00293276 -0.000832501
internal_weight=65502.6 58817.8 58501.4 6684.78 33802.1 5751.4 32455.8 31598.1 30556.7 19471.6 11802 7621.03 11085.1 24699.2 6204 18495.2 4429.75 7669.58 2930.72 9910.99 783.944 13184.2 12497.5 686.734 2105.66 4882.44 2557.06 1129.11 9947.48 7848.78 2550.04 1878.93 1346.3 1427.95 4181.01 2863.78 1041.36 812.686 857.744 2098.7 387.974 226.729 1746.91 1723.93 4323.12 1775.87 23.3046 1321.65 6837.09 7675.24 1056.46 2547.25 4438.28 1880.88 1194 5028.55 2325.38 628.489 3236.95 4133.43 1904.69 2324.08
internal_count=488065 364815 352259 123250 232940 90925 201855 193741 186158 124374 76394 51086 61784 119319 28921 90398 63112 47980 23203 55038 7496 66009 62812 3197 35350 28774 12836 5538 50432 37558 12380 31134 31085 7298 25308 17103 7583 3886 8114 12874 2077 4216 29116 28994 20023 8287 423 27813 43590 36736 21786 11736 20849 8898 5522 26264 15938 2932 15887 19479 14312 27762
cat_boundaries=0 1 2 3 4 5 6 7
cat_threshold=5273 132467 160 1111 153731 141320 78852
is_linear=0
shrinkage=0.035


Tree=93
num_leaves=63
num_cat=0
split_feature=2 40 24 2 13 22 18 25 44 8 0 19 15 14 26 18 11 22 40 44 26 47 52 48 22 37 8 24 5 18 22 39 19 18 40 32 21 43 7 26 43 37 22 18 10 8 18 22 3 29 47 32 0 29 7 42 0 29 26 8 42 3
split_gain=427.665 164.865 140.315 131.525 89.771 77.1582 69.4471 68.4966 67.2149 72.0049 67.976 61.3963 58.9985 58.9826 53.7299 48.5529 48.3485 47.8829 46.7031 45.9665 42.3395 42.1661 56.316 40.0482 40.0102 39.6515 39.1027 37.234 36.3595 35.6844 37.361 35.5262 37.7773 35.2478 91.3616 67.0954 34.5416 33.6317 33.516 31.8655 31.2355 28.9123 28.8764 28.6579 28.6174 27.3787 27.1294 27.0254 27.418 38.9688 26.3632 25.6567 25.6343 24.9355 25.2027 24.8178 24.5861 24.1716 28.1319 24.1699 23.9781 32.2742
threshold=4.830000000000001 1.0000000180025095e-35 6.5000000000000009 542.21000000000015 0.21980676328502416 45.500000000000007 7125.5400000000018 973.95000000000016 93.680000000000021 15.500000000000002 185.3333333333332 1106.22 0.00053094330745915783 18.000000000000004 314.50000000000006 16040.242500000002 1008.09 41.500000000000007 8842.1100000000024 20.925000000000001 21.500000000000004 60.490000000000009 4.5000000000000009 10.500000000000002 42.500000000000007 17494.470000000005 10.500000000000002 13.500000000000002 369.98000000000008 4390.5600000000004 41.500000000000007 96.90000000000002 1413.8370000000002 3343.5300000000002 2985.9933333333342 2.9250000000000007 24.355000000000004 2.5000000000000004 0.42261904761904767 21.500000000000004 7.5000000000000009 3812.605 6.5000000000000009 13407.280000000001 337.30000000000013 26.500000000000004 77.060000000000016 4.5000000000000009 105.50000000000001 115.50000000000001 37.330000000000005 612.49000000000012 800.25000000000011 84.500000000000014 0.80909090909090919 5.5000000000000009 1078.77 241.50000000000003 39.500000000000007 6.5000000000000009 4.5000000000000009 12.500000000000002
decision_type=10 10 10 8 8 2 10 10 10 2 10 10 10 2 2 10 10 2 10 10 2 10 2 2 2 8 2 10 8 10 2 8 10 10 10 10 8 2 8 2 2 8 2 10 10 2 10 2 2 2 8 10 10 2 10 2 10 2 2 2 2 2
left_child=2 -2 26 4 19 6 16 44 13 12 -11 60 -10 -6 20 31 21 27 42 29 -15 28 25 -19 52 -23 38 57 39 -3 -31 32 55 34 -25 -36 50 -28 -1 -5 43 -16 -18 45 -8 -22 -42 -41 -49 -50 -14 -48 -13 54 -38 -7 -34 -4 -59 -9 61 -12
right_child=1 3 17 5 8 15 7 59 9 10 11 24 36 14 41 -17 18 23 -20 -21 40 22 -24 33 -26 -27 37 -29 -30 30 -32 -33 56 -35 35 -37 53 -39 -40 47 46 -43 -44 -45 -46 -47 51 48 49 -51 -52 -53 -54 -55 -56 -57 -58 58 -60 -61 -62 -63
leaf_value=-0.01038433153971775 -0.025323279355767104 0.0010095743129611228 -0.020054745519882143 -0.011644963436240437 -0.0061327131207160176 0.0066259974351372515 -0.027724665386481648 0.024835481153674861 -0.0077408090978209705 -0.010680705942882318 0.010761689712327787 -0.0097176073480985305 -0.0081446423001332261 -0.0071937992459761941 0.0051637077949650174 -0.0058880363147636415 -0.0033993938159315893 -0.011761880295732594 -0.040132417963172171 -0.011120778820309778 0.0017758616007516911 -0.0085390745797065369 0.0019171754955363439 -0.0028163645137578314 -0.017465518594280915 0.0036603030362153607 -0.014114669182152569 -0.027444207018075099 -0.0098660084335099475 -0.032339835930746297 -0.0043407219216877006 0.011367482672990188 -0.013998038850492374 -0.00018720787718301752 0.0016682017971336113 0.1859132365377397 -0.021446492493022475 -0.0052618660808437662 -0.00037251276893576893 -0.0034364082009153275 -0.018355069667377356 0.016166414256646649 0.011468675941977004 -0.014726305399324707 -0.0089282437009296292 -0.019303943747198928 0.010640079917054786 0.008173040569410225 0.012765090458799601 -0.012973585813422211 0.00045553699099765019 -0.0047612238553625553 0.0021394123694858627 0.0025988380502171547 0.011226053724369221 0.017710791710962768 0.0020472610774536102 -0.02471419073518092 -0.004361149622955026 -0.0038309146484955896 0.0056379526862984173 -0.0029963595678295109
leaf_weight=495.55874084308743 289.72216982766986 1071.3611058183014 584.6214190851897 125.04533302597702 1123.2550519611686 1949.3795145787299 118.3252672329545 92.639680154621601 945.80353837460279 1589.97540178895 235.70842207781971 487.34480396471918 488.49982776865363 643.38878262788057 837.53891229629517 345.18973617069423 183.62534644454718 524.15741726756096 22.620195105671883 1285.0037253536284 15276.224726861343 1204.6576705910265 7299.9480153732002 18.897544994950298 411.94134215638041 446.87137353420258 789.38060668669641 448.78699867613614 193.07148206979036 84.588481171056628 184.86140828207135 1971.980671742931 132.28764078021049 92.073968432843685 3.6625548321753723 6.2505020834505558 29.250694334506989 1576.3796261399984 2339.4817967452109 320.95605446584523 46.953987322747707 449.91976673156023 1223.094187900424 130.6833100952208 602.76032199896872 74.858242621645331 972.82530222833157 3064.892598124221 117.50394820980728 182.93210112303495 4042.2778707053512 152.78226618096232 411.08082478120923 2556.6663583703339 708.09030758589506 283.06455386430025 955.43422075174749 108.73689649067819 346.46367554552853 58.176838643848896 846.69658317416906 1775.7951390910894
leaf_count=8875 11872 16305 19208 559 7808 9516 951 516 4817 13632 1112 2584 4072 4320 4843 1655 960 16688 108 23544 82467 5536 36914 586 2015 2068 12517 21464 890 1505 3087 11591 623 2860 128 187 147 16276 22458 1744 214 2515 7112 726 3297 412 4302 14987 597 925 22770 701 1931 11568 3293 1524 5011 3615 10022 294 3883 9358
internal_value=-3.87062e-05 0.000967534 -0.00800151 0.00109985 -0.0001576 0.00331823 0.00202514 -0.00756086 0.000320796 -0.0014853 -0.00452574 -0.00217611 0.000511254 0.00165227 0.00212308 0.0068169 0.00260665 -0.0155578 0.00871345 -0.00639308 0.00160938 0.0019323 0.000596633 -0.00757622 -0.00844628 -0.00523794 -0.00489911 -0.019009 0.00491717 -0.00185724 -0.0132176 0.00764656 0.00543379 0.0105204 0.0435987 0.124231 0.00150957 -0.00822049 -0.0021256 0.00566844 0.00194988 0.00901831 0.00952684 0.00153246 -0.0120467 0.00167182 0.00745524 0.00625874 0.00718412 -0.00289795 -0.000473311 0.00854724 -0.004296 0.00423625 0.00990263 0.0080388 8.47829e-05 -0.0153455 -0.00926654 0.0138251 0.000700454 -0.00137964
internal_weight=65382 58047.6 7334.45 57757.8 36863.4 20894.5 15257.1 871.902 34237.6 14529.1 5758.54 4168.57 8770.59 19708.4 18585.2 5637.34 14385.2 2133.65 1429.34 2625.81 17297.7 12955.9 8951.48 645.042 1310.37 1651.53 5200.8 1488.61 4004.4 1340.81 269.45 5292.15 3320.17 120.885 28.8106 9.91306 7824.79 2365.76 2835.04 3811.33 16654.3 1287.46 1406.72 15481.8 721.086 15351.1 1172.56 3686.28 3365.33 300.436 4530.78 1125.61 898.426 3294.01 737.341 2232.44 1087.72 1039.82 455.201 150.817 2858.2 2011.5
internal_count=488065 353181 134884 341309 233931 107378 77458 5058 189490 81182 34515 20883 46667 108308 100500 29920 72400 74758 8180 44441 93142 64220 44518 20449 6530 7604 60126 54309 19702 20897 4592 28265 16674 3761 901 315 41850 28793 31333 18812 88822 7358 8072 83605 4248 82879 5217 18253 16509 1522 26842 5003 4515 15008 3440 11040 5634 32845 13637 810 14353 10470
is_linear=0
shrinkage=0.035


Tree=94
num_leaves=63
num_cat=5
split_feature=46 40 4 12 45 48 14 26 26 26 16 22 23 2 22 16 18 14 32 23 26 37 8 2 44 2 46 16 14 3 39 27 49 48 14 19 32 18 8 47 49 39 17 16 22 18 18 26 1 0 17 21 47 3 26 23 16 22 43 32 3 44
split_gain=404.06 182.547 127.788 120.542 80.0157 71.5416 60.7156 52.9538 64.5217 104.101 79.07 126.983 65.0462 52.5126 51.0328 86.5705 70.3852 60.2762 58.9256 58.842 55.1087 52.6707 47.5715 47.2647 46.9303 65.6577 42.097 60.484 41.8587 39.2769 38.6499 38.0246 37.427 33.4145 41.1676 35.7101 33.1969 40.7758 33.0048 32.021 31.8964 31.2058 30.9293 30.7012 30.2543 41.7131 35.9897 34.3136 28.9287 28.5937 33.3787 28.179 29.0574 27.4771 76.9844 43.5779 51.217 42.5981 31.1846 27.2935 27.2807 26.1988
threshold=4.330000000000001 1.0000000180025095e-35 10.100000000000001 1.4400000000000011 6.1250000000000009 2.5000000000000004 16.000000000000004 21.500000000000004 122.00000000000001 269.00000000000006 0 1.5000000000000002 0.68301270189221941 3831.6599999999999 38.500000000000007 1 11770.278500000002 18.000000000000004 2332.9800000000005 -0.6830127018922193 51.000000000000007 6264.9900000000007 10.500000000000002 542.21000000000015 84.980000000000018 661.81000000000006 114.86000000000003 2 20.500000000000004 285.50000000000006 19.225000000000005 1707.5000000000002 2.5000000000000004 2.5000000000000004 20.500000000000004 6046.9200000000019 1.0000000180025095e-35 2536.7880000000005 21.500000000000004 inf 15.500000000000002 39.980000000000011 932.80000000000007 3 8.5000000000000018 488.0024621212122 409.08233333333339 345.50000000000006 102.46000000000002 365.84333333333336 694.24000000000012 659.04000000000008 912.60000000000014 86.500000000000014 100.50000000000001 0.68301270189221941 4 21.500000000000004 6.5000000000000009 78.100000000000023 88.500000000000014 70.615000000000023
decision_type=8 8 8 10 10 2 2 2 2 2 9 2 2 10 2 9 10 2 10 2 2 10 2 10 8 10 10 9 2 2 10 8 8 2 2 10 10 10 2 8 10 8 8 9 2 8 10 2 8 10 10 8 10 2 2 2 9 2 2 8 2 10
left_child=3 -2 4 -1 6 -5 48 43 12 10 11 -10 -9 14 15 38 18 -17 21 32 31 23 30 -16 -13 51 27 -11 -14 -18 -7 -21 60 34 -25 -35 37 42 44 -23 61 -24 -30 -8 45 -4 -46 -48 -3 50 -12 52 -26 -22 57 56 -56 -55 -58 -32 -19 -6
right_child=1 2 13 5 40 22 7 8 9 26 49 24 28 -15 16 17 29 19 -20 20 53 39 41 33 25 -27 -28 -29 36 -31 59 -33 -34 35 -36 -37 -38 -39 -40 -41 -42 -43 -44 -45 46 -47 47 -49 -50 -51 -52 -53 -54 54 55 -57 58 -59 -60 -61 -62 -63
leaf_value=-0.020122746056695152 -0.026261855784088968 -0.018369691538075036 0.00577698280793608 -0.015563182055145617 -0.0021506641062498488 0.002332932543161434 -0.018723700261705365 0.010390881043379889 -0.031175972571323016 0.0028245040802732406 0.0037460435998991422 -0.001452716089417875 0.0039301740012274346 0.0097778832118461442 0.0014599833175562933 -0.010316682499192978 -0.0049780408316497278 -0.0086486884072114779 -0.0092061059033905664 -0.0082729725614724917 0.0049177685432113399 0.0085092624010514716 -0.0061340404757842327 -0.0046648537857589519 -0.0084949082763004467 9.9029921498549047e-05 0.0044808145720637094 -0.007692552301105892 0.0028775791060072515 -0.03536805633587059 -0.015999844737018612 0.0021635489996064817 -0.0017476087633438138 0.0092268357389490973 0.019690999653964342 -0.052726180433467398 -0.0036535001005632778 0.0070927025491192321 -0.0049174957668471249 0.019604054485989168 -0.019234720862617224 -0.015928408992700812 -0.0074686218441178684 -0.004167285552617311 0.019855886505372504 -0.0089718741671824444 0.0059543658837442233 0.025761307456782654 -0.0046755028903837119 0.0084714784459717189 -0.006917168295509416 0.010348190733806734 -0.018120444695376992 -0.0042566780514485805 0.0019478576123585381 -0.033601705391995564 -0.025957267918596021 0.01689902888555642 0.0055358604858068254 -0.0031158812696111646 -0.028283892862159651 -0.014021595838856265
leaf_weight=903.15149016678333 300.86476156115532 283.1687977835536 1242.6064217574894 875.29924154095352 709.05246589519083 1459.8207787014544 224.61721300706267 1176.9364769216627 208.76504887267947 1905.4411922059953 1101.7486263290048 5215.7922161500901 5029.8651877511293 1302.9671848267317 3529.0565445944667 713.18032807484269 375.02923972904682 564.37355279922485 334.78640089929104 961.84209407493472 4114.1608824618161 1593.8930012397468 1803.8877086881548 475.33555381000042 2143.6514926310629 1256.4027080815285 4739.6919081043452 1019.1571679115295 781.46896031498909 59.599119089543819 271.85329571552575 768.76413359493017 1523.8989996835589 2657.4275000989437 102.48184073716402 10.467502765357493 2317.8197912555188 1129.9738646484911 328.05257011204958 398.69498129189014 281.60431426018476 511.58473880402744 645.41368715278804 809.525514440611 342.48892933875322 288.67158737033606 1504.493734203279 114.51399647444487 567.15689897350967 762.99214304797351 532.62436187639832 83.38794120401144 468.70533441007137 180.33882253989577 420.05398086458445 74.284913197159767 177.91167764365673 327.09446811676025 48.685245282948017 772.02134020812809 101.86996228247881 334.83157771266997
leaf_count=32325 12547 4138 5918 19144 14432 18288 1721 6746 2612 14312 7544 32559 26264 7574 16075 3407 1628 2572 1677 4433 18813 7962 29855 2136 16432 6253 24777 8891 4083 271 5577 3451 7184 14721 570 68 15938 5538 1529 2111 9299 10041 3215 5862 1602 1322 7567 559 3976 3695 3877 481 2941 813 1986 337 809 1559 222 8020 452 7354
internal_value=-3.78855e-05 0.000885678 0.00102606 -0.00824933 -0.000373587 -0.00636299 -2.86865e-05 0.000220153 0.000484191 -0.000730874 -0.00279729 -0.00424494 0.00261545 0.00294222 0.00256011 0.00119915 0.00452876 -0.000518794 0.00518606 0.000236018 0.00178831 0.00573662 -0.00468908 0.00426427 -0.00363299 -0.00650927 0.00244356 -0.000858471 0.00169055 -0.00921694 -0.00134398 -0.00363832 -0.0047757 0.00731197 -0.000318537 0.0089641 -0.000620704 0.00212891 0.0056703 0.0107379 -0.00879902 -0.00830397 -0.00180421 -0.00756513 0.00668209 0.00299254 0.00955942 0.00737037 -0.00925206 0.00286996 0.000268914 -0.00958809 -0.0102282 0.00354651 -0.00104647 -0.00839282 -0.0054495 0.00938683 -0.0183883 -0.00648332 -0.0116888 -0.00596811
internal_weight=65265.3 58667.7 58366.8 6597.62 33729.8 5694.47 32404.3 31554 30519.8 19438.4 11774.1 9376.7 11081.5 24637 23334.1 13797.3 9536.77 9976.46 9102.14 9263.28 7073.14 8767.36 4819.17 6774.77 9167.94 3952.15 7664.29 2924.6 9904.54 434.628 2503.7 1730.61 2190.14 3245.71 577.817 2667.9 4874.68 2556.86 3820.83 1992.59 1325.49 2315.47 1426.88 1034.14 3492.77 1531.28 1961.5 1619.01 850.326 2397.37 1634.37 2695.74 2612.36 5342.53 1228.37 720.936 646.651 507.433 226.597 1043.87 666.244 1043.88
internal_count=488065 364815 352268 123250 232940 90925 201855 193741 186158 124374 76394 61278 61784 119328 111754 64535 47219 46038 45320 42631 32423 43643 71781 33570 58666 26107 47980 23203 55038 1899 31885 7884 10208 17495 2706 14789 28774 12836 18497 10073 31085 39896 7298 7583 16968 7240 9728 8126 8114 15116 11421 19854 19373 24539 5726 3354 3017 2372 1031 13597 3024 21786
cat_boundaries=0 1 2 3 4 5
cat_threshold=22914 5856 132467 141320 147456
is_linear=0
shrinkage=0.035


Tree=95
num_leaves=63
num_cat=4
split_feature=45 40 46 44 49 42 14 14 26 16 22 32 23 14 4 40 17 22 8 22 16 41 8 27 48 22 7 22 26 3 16 42 41 3 18 41 0 32 31 0 35 1 3 22 0 3 3 6 19 3 26 44 30 8 16 10 18 26 27 49 39 18
split_gain=384.127 180.376 157.985 84.3769 80.3824 76.2368 63.6025 61.8029 93.5242 61.1962 132.866 61.8967 70.5279 61.3219 60.6427 58.3336 53.2328 67.9515 51.6519 49.8069 61.921 53.1773 56.319 50.7441 45.7491 43.8074 41.4123 40.0763 39.196 43.4115 37.7539 37.4127 36.3311 36.1251 35.965 34.4147 34.2866 34.0842 33.8905 33.0547 32.8415 40.3723 32.3576 41.5128 32.1013 31.7826 31.1611 30.1653 35.033 30.0121 29.8925 29.8319 29.128 28.7697 28.7467 28.0187 39.5901 28.0008 27.941 27.3881 27.3623 26.7581
threshold=5.4500000000000011 1.0000000180025095e-35 53.790000000000013 100.89000000000003 15.500000000000002 5.5000000000000009 18.000000000000004 16.000000000000004 345.50000000000006 0 12.500000000000002 471.75000000000006 0.93301270189221952 21.500000000000004 115.29000000000001 2893.9866666666671 8118.7200000000012 37.500000000000007 14.500000000000002 44.500000000000007 1 2555.3600000000006 20.500000000000004 4941.300000000002 2.5000000000000004 3.5000000000000004 0.59166666666666679 32.500000000000007 100.50000000000001 235.50000000000003 2 1.5000000000000002 33955.200000000004 268.50000000000006 20769.317500000001 13177.440000000001 444.76000000000005 147.03000000000003 1.0000000180025095e-35 1443.8550000000002 13.500000000000002 139.51000000000002 207.50000000000003 50.500000000000007 1.4400000000000017 61.500000000000007 5.5000000000000009 157.21333333333337 1649.0708333333334 278.50000000000006 122.00000000000001 20.925000000000001 1595.5200000000002 10.500000000000002 3 1017.4800000000001 8275.4400000000005 70.500000000000014 1584.8200000000002 8.5000000000000018 10.06 16040.242500000002
decision_type=10 8 8 8 10 2 2 2 2 9 2 10 2 2 10 8 10 2 2 2 9 10 2 10 2 2 10 2 2 2 9 2 10 2 10 10 10 10 2 10 2 10 2 2 10 2 2 10 10 2 2 10 10 2 9 8 10 2 8 8 10 10
left_child=1 46 3 6 44 7 -3 54 9 25 15 12 14 28 19 24 42 34 31 20 23 22 -21 38 30 52 49 -6 29 59 -11 -5 40 47 -18 -25 -20 -28 53 58 41 -23 -16 -44 -2 -30 -1 48 -7 -8 -17 -46 -9 -12 -4 56 -22 -54 -26 -13 -51 -19
right_child=4 2 5 18 27 33 26 8 -10 10 11 13 -14 -15 16 50 17 61 36 21 55 32 -24 35 39 -27 37 -29 45 -31 -32 -33 -34 -35 -36 -37 -38 -39 -40 -41 -42 -43 43 -45 51 -47 -48 -49 -50 60 -52 -53 57 -55 -56 -57 -58 -59 -60 -61 -62 -63
leaf_value=-0.0036553108267683696 -0.015961754310235346 -0.012330992891263118 0.0094764942364939549 -0.0083236258617692595 -0.024164959521754195 0.0053658199741772258 -0.0086230382952315644 -0.0061478308711283968 0.0098233224504691956 -0.00017112737982353756 0.0053045647616798359 -0.015626839032113388 0.0099649622497617902 0.0033725104662143779 0.0098983206042089038 -0.0017699766455229126 -0.026043234157249195 0.012672152560397467 -0.012664587821352389 0.002097592156316217 0.0015545793740142171 0.0088746746929994 -0.013507325065791035 -0.024186725738672848 -0.0022714631186134 0.0093472118849876155 0.0015796145699570974 -0.010020144729740662 0.00041144371720534681 0.015525190717928416 -0.024486786777858503 0.00017860539333471726 -0.024544529483982138 0.01857890108543853 0.0057527359651565416 0.012006631294908959 0.01364114700879045 -0.0048156735093240971 -0.0099504563959767599 0.0030981051567234674 0.010749707427630135 -0.002885995071318538 -0.038317713881649694 0.0033732356750292435 -0.0014698614918435128 -0.0096553073155674872 -0.031370935099492639 0.010243796949729919 -0.0043413964108625193 0.047889038619675875 -0.019231011258257769 -0.0098165898305544921 -0.0071509362178374556 -0.0032830547085650193 -0.0078529156060269546 0.010579862988928856 -0.016542576444823875 0.0080640022629429788 -0.011351088814506641 -0.00030205334205421068 -0.010386451772593544 -0.0043509737181436333
leaf_weight=62.315584355965257 471.19204860180616 547.35651462897658 122.29448351822793 1141.4905285593122 689.02711503393948 2314.5698610767722 851.2519754152745 456.1941792126745 1595.7510486356914 137.48368272185326 647.0933594070375 161.0279276818037 1518.4342449754477 2114.5185952242464 2411.1183460950851 171.41057358123362 166.82831291854382 270.42007611691952 1532.3266548477113 5179.2297196425498 5888.5645919069648 785.3033718764782 298.71273654326797 222.37278308160603 5045.6069920100272 1844.6115021184087 7302.791100544855 384.19197663851082 505.87665536999702 194.26014280691743 192.65497678890824 1424.3956187739968 43.283418891951442 269.19247667491436 58.433889910578728 36.975250720977783 62.409371692687273 1185.7569247689098 660.51163343712687 1346.3256264980882 1663.145351357758 655.07448840141296 36.802901819348335 128.83793876320124 998.69770292565227 1595.1355356369168 250.01583130192012 1112.0764580443501 566.13702626526356 21.565070543438196 401.96746103838086 1104.802909668535 188.44682362675667 1818.8699999060482 1183.9202832300216 406.71769804880023 150.90518283843994 681.1540910564363 451.53576687164605 1207.9287234265357 17.011482672765851 193.25049714744091
leaf_count=1719 16752 6809 716 16972 28059 11170 13500 2484 8098 773 3237 811 7033 10860 12813 967 735 1628 19645 25789 28888 4340 1560 1325 27409 8734 53523 12701 2502 932 1220 8875 251 1601 279 198 292 11112 3386 6731 8719 3171 171 727 20163 8884 10155 6974 2977 454 2697 23151 883 9303 7537 2023 975 3143 2466 5874 356 833
internal_value=-3.7282e-05 0.000617342 0.00075297 -0.00249899 -0.0110706 0.00172556 -0.000744968 0.00128133 0.00151715 0.00118502 0.000781471 0.00186879 0.00267479 -0.00137267 0.00216476 -0.00329024 0.00656039 -0.00207931 -0.00668226 0.00138669 -0.000316224 0.00332778 0.00124434 -0.00414091 -0.00243053 0.0058423 -6.75222e-05 -0.0191154 -0.00411115 8.58613e-05 -0.0151365 -0.00360557 0.00695307 0.00618929 -0.0178063 -0.0190003 -0.0116272 0.000685801 -0.00291584 -0.00181545 0.00740012 0.00352771 0.00887025 -0.00606422 -0.00771119 -0.00723242 -0.0258705 0.00534954 0.00345724 -0.00724658 -0.0140232 -0.00585632 0.0010065 -0.00102834 -0.00621202 0.00169679 0.00109973 0.00476242 -0.00301919 -0.00211477 0.0225776 0.00558309
internal_weight=65147.6 61499.7 61187.3 14086.4 3647.91 47101 9925.73 42839 41532.8 39937 36766.6 29019.6 23240.9 5778.75 21722.5 7746.99 3265.69 688.933 4160.62 18456.8 9832.01 8624.75 5477.94 3385.82 7173.61 3170.41 9378.38 1073.22 3664.23 1563.22 330.139 2565.89 3146.81 4261.98 225.262 259.348 1594.74 8488.55 3126.47 6843.47 3103.52 1440.38 2576.76 165.641 2574.69 2101.01 312.331 3992.78 2880.71 889.829 573.378 2103.5 1325.8 2465.96 1306.21 6446.19 6039.47 869.601 5497.14 1368.96 38.5766 463.671
internal_count=488065 387239 375365 131538 100826 243827 85754 221105 212852 204754 189510 147247 117384 29863 110351 42263 17186 3475 45784 93165 49335 43830 27349 17449 38599 15244 78945 40760 19003 7617 1993 25847 16481 22722 1014 1523 19937 64635 15926 36606 16230 7511 13711 898 60066 11386 11874 21121 14147 14310 3664 43314 6510 12540 8253 31886 29863 4026 29875 6685 810 2461
cat_boundaries=0 1 2 3 4
cat_threshold=1704 2304 20560 4096
is_linear=0
shrinkage=0.035


Tree=96
num_leaves=63
num_cat=5
split_feature=24 46 48 22 16 22 2 19 16 26 48 22 27 22 26 23 8 18 26 26 29 14 37 18 19 2 16 22 29 43 14 47 16 24 41 29 41 14 40 5 8 41 14 41 1 2 40 41 12 50 46 47 43 47 18 32 17 27 32 7 16 35
split_gain=364.27 175.028 91.8576 85.1982 78.1389 96.1545 79.1935 68.729 67.2989 70.2878 64.076 62.7433 59.8101 55.3716 54.2528 53.1024 50.9 59.9424 49.3736 70.0427 79.7108 66.0531 48.175 47.0442 46.9573 69.1066 43.7505 47.8535 43.6031 41.7188 41.5431 40.7509 54.9044 40.3304 40.174 40.1285 38.5853 38.3956 39.0138 53.4769 37.717 37.3341 34.723 34.6117 34.1523 34.1445 35.2963 33.6998 33.5212 33.5093 33.1688 32.7211 32.1543 31.8662 31.41 38.9754 33.2049 31.365 30.6807 30.3597 29.3648 34.7441
threshold=8.5000000000000018 64.560000000000016 2.5000000000000004 2.5000000000000004 0 12.500000000000002 830.43000000000018 1963.0950000000003 1 61.000000000000007 3.5000000000000004 1.0000000180025095e-35 2244.9600000000005 33.500000000000007 122.00000000000001 -0.6830127018922193 6.5000000000000009 11770.278500000002 269.00000000000006 122.00000000000001 302.50000000000006 19.500000000000004 15465.870000000001 84.475500000000025 177.84642857142862 129.26000000000002 2 27.500000000000004 145.50000000000003 7.5000000000000009 20.500000000000004 57.645000000000003 3 14.500000000000002 2638.1150000000002 333.50000000000006 964.10000000000014 16.000000000000004 12254.933333333336 136.22500000000005 16.500000000000004 517.63000000000011 16.000000000000004 3659.8300000000008 10502.730000000001 38.710000000000008 1.0000000180025095e-35 860.9000000000002 1262.0300000000004 2.9439601443867818 1242.3050000000003 15.850000000000001 2.5000000000000004 1336.7550000000003 3898.0110000000004 600.93000000000006 8439.3900000000012 1343.1250000000002 2085.2200000000007 0.82575757575757591 4 17.500000000000004
decision_type=10 8 2 2 9 2 10 10 9 2 2 2 10 2 2 2 2 10 2 2 2 2 8 10 10 10 9 2 2 2 2 10 9 10 8 2 10 2 10 8 2 10 2 10 10 10 10 10 10 10 10 8 2 8 10 10 8 10 10 10 9 2
left_child=1 2 42 8 36 12 7 16 9 -3 -2 23 35 33 52 28 22 18 19 20 -18 -20 59 -4 -21 -26 58 47 34 53 -29 44 50 43 -13 48 -5 -34 39 -39 51 -11 -1 45 49 -12 -47 -28 -6 -8 -33 -32 -14 -23 -22 56 -56 -15 -17 -7 -44 -62
right_child=10 3 11 4 5 6 31 -9 -10 41 13 15 14 57 -16 26 17 -19 21 24 54 29 -24 -25 25 -27 27 30 -30 -31 40 32 37 -35 -36 -37 -38 38 -40 -41 -42 -43 60 -45 -46 46 -48 -49 -50 -51 -52 -53 -54 -55 55 -57 -58 -59 -60 -61 61 -63
leaf_value=-0.018357934162186115 -0.021064798833356175 0.0039316385390587658 -0.0056015035940917661 0.0081364016997551598 -0.0018403062696236644 -0.004112341445867097 0.0031222519818242668 -0.0094818189694858834 -0.00063444301072770111 -0.012376363717810519 -0.011095444820437662 -0.012449627823282284 -0.010069493099334862 0.040989704284640133 -0.017557497911732427 0.0034204465704463691 0.0067836410254417077 -0.010759518234423966 -0.0025679082509034909 0.0028373538968872753 -0.0040085599001618011 0.0025739032006479299 2.789899014574029e-05 -0.026722279926951666 -0.011464047611994769 -0.0018053543477394459 -0.0023972275486517851 0.0062624617877534774 -0.01346737965714234 0.013999268193424841 -0.0063995834326088302 0.0024712275978747552 -0.0088421943707725128 -0.02551671585225224 -0.0012117371473274682 -0.01115151086622735 -0.025127783984291524 0.0013253368140425728 -0.011227426332480235 0.0092755577343258781 -0.0083697679067637042 -0.030766846887761493 -0.014598230746977135 -0.023434619943495161 -0.026069319865686717 -0.030434722508204077 0.013124340552130721 -0.011590055068244984 0.0040611746091227911 0.010273045406179158 0.016295979119208118 0.0025026827897384023 0.014333966556269196 0.010266423069189864 0.0029699279958666702 -0.0077765170528671795 0.018133720615397718 -0.0022728351709889777 0.050407969211165533 0.011680138062860706 -0.0021257597009964428 -0.01906969853243818
leaf_weight=419.4587388522923 814.89327607024461 205.73682644218206 371.59307375829667 2740.5782560780644 4371.1044058874249 166.49023885652423 1166.8235997483134 718.36548225954175 1472.4942347239703 331.42180332913995 491.29287677630782 465.29796153493226 134.43572029471397 20.250992765650153 534.15172797441483 3020.9418842736632 3155.7568566948175 523.43816275894642 1369.2768910750747 1749.838431827724 1854.9839718267322 2417.3808216489851 960.30263815820217 197.63858344685286 1129.793298766017 4597.0240094177425 1337.7418932523578 1182.1106607746333 595.74400779977441 713.67950639873743 651.12043522484601 334.51781110838056 373.8846410959959 272.3667451813817 2373.4429745581001 443.24935512989759 42.447598710656166 4149.1081272251904 234.76040674000978 1380.7452480718493 734.04618123546243 230.31307178828865 467.74335240386426 184.43055303022265 35.343226127326488 25.768308195285499 153.336789784953 769.13933523371816 1613.4317599684 2580.1253645271063 584.24395852908492 2252.9483409728855 128.29454205557704 906.80758297815919 1019.2608727067709 339.19030909240246 213.20277589559555 603.13247895985842 16.125648312270641 1392.5043314471841 1128.8033930789679 169.72559512592852
leaf_count=7157 32611 1331 5881 13080 22863 1324 5728 3612 9195 2911 17258 5470 807 597 3326 24511 14831 3251 8180 9929 9531 12726 4544 3899 7141 21994 9834 7490 6292 3408 8339 1667 1840 13304 21021 2355 213 19962 1212 8232 6977 4264 5884 6137 219 1369 3761 7262 7847 14310 3203 15336 653 4304 5210 1718 1014 18774 147 6612 12416 1791
internal_value=-3.66129e-05 0.000494321 -0.00264259 0.00158845 0.0019269 0.00154263 0.00232079 0.0011679 -0.00506894 -0.0133828 -0.0129598 -0.0015982 -0.00212437 -0.00917701 -0.0111625 -0.0011142 0.00150818 0.000917167 0.00123169 0.000138449 0.00277112 0.00407364 0.00619545 -0.0129687 -0.0021794 -0.0037125 0.000179532 -0.00135636 -0.00486657 0.00632593 0.000565134 0.0047909 0.0032191 -0.0138028 -0.00305747 -0.0010023 0.00759293 0.0020091 0.0027178 0.00331174 -0.00128728 -0.0199578 -0.00931296 -0.010045 0.00772206 -0.00633205 0.0067232 -0.00575707 -0.000248854 0.00804767 0.0111494 0.000505192 0.00185619 0.00467481 -0.000925105 0.00271446 0.00560567 -0.000804028 0.00367435 0.00999205 -0.00715576 -0.00432016
internal_weight=65033.6 62468.1 16153.6 46314.5 44074.5 41291.5 34066.8 23227.3 2239.97 767.472 2565.47 13967.9 7224.67 1750.58 796.882 13398.7 22508.9 19989.6 19466.2 14059.1 6582.39 5407.14 2519.3 569.232 7476.66 5726.82 9964.17 6927.11 3434.48 4037.87 4820.23 10839.6 7057.26 1127.2 2838.74 6427.79 2783.03 6138.5 5764.61 5529.85 3638.11 561.735 2185.73 854.829 3782.29 670.398 179.105 2106.88 5984.54 3746.95 918.762 2904.07 262.73 3324.19 3426.64 1571.65 1232.46 623.383 3037.07 1558.99 1766.27 1298.53
internal_count=488065 394254 149707 244547 226846 213553 175702 119329 17701 8506 93811 122459 37851 61200 4786 112679 115717 103237 99986 71368 32304 28618 12480 9780 39064 29135 79896 55238 32783 20438 38142 56373 36116 41829 26491 33065 13293 31246 29406 28194 30652 7175 27248 28525 20257 22388 5130 17096 30710 20038 4870 23675 1460 17030 17473 7942 6224 19371 24658 7936 20091 14207
cat_boundaries=0 1 2 3 4 5
cat_threshold=1209 151938 134257 4096 83978
is_linear=0
shrinkage=0.035


Tree=97
num_leaves=63
num_cat=10
split_feature=0 40 46 43 47 32 12 3 39 14 48 33 41 14 29 23 8 17 19 8 39 17 2 12 37 41 8 16 0 16 29 16 16 27 41 8 3 16 16 37 16 2 3 48 3 41 41 29 14 47 3 41 12 47 32 16 46 41 16 11 16 14
split_gain=347.464 170.623 123.944 87.9304 93.8821 81.6404 80.3404 62.9294 60.6591 55.3604 53.5358 83.363 64.135 49.7329 63.4654 60.9213 47.5935 46.784 46.2802 43.0344 42.8156 42.2635 40.4348 64.1438 37.0162 36.8393 38.8095 36.4069 35.3554 42.6298 34.9617 34.7687 34.6133 61.4188 37.328 34.3153 33.716 33.7065 33.0008 32.0169 31.6509 30.3256 29.921 35.4312 29.3693 33.4655 28.5809 28.3294 35.477 51.1847 34.5309 31.3417 28.0425 30.7803 27.826 35.9424 30.4232 27.2782 26.9325 26.9226 26.8651 26.9205
threshold=10.616666666666669 1.0000000180025095e-35 558.09000000000026 1.5000000000000002 inf 513.82000000000016 1.4400000000000011 22.500000000000004 17.320000000000004 18.000000000000004 6.5000000000000009 1.5000000000000002 1875.9600000000003 16.000000000000004 84.500000000000014 0.93301270189221952 10.500000000000002 1851.7400000000002 1247.4300000000003 15.500000000000002 28.180000000000003 2635.1700000000005 2072.0600000000004 4264.8900000000012 13109.220000000003 1000.6650000000001 15.500000000000002 0 4481.2500000000009 1 100.00000000000001 2 3 1205.4400000000003 1099.1600000000003 20.500000000000004 188.50000000000003 4 5 13109.220000000003 6 177.49000000000004 242.50000000000003 4.5000000000000009 41.500000000000007 2638.1150000000002 3715.0200000000009 241.50000000000003 20.500000000000004 1176.8500000000004 13.500000000000002 33955.200000000004 1378.6900000000003 586.2600000000001 11810.43 7 7205.5000000000009 12369.960000000003 8 0.32000000000001427 9 20.500000000000004
decision_type=8 8 8 2 8 10 10 2 10 2 2 2 8 2 2 2 2 10 10 2 8 10 10 10 8 10 2 9 10 9 2 9 9 10 10 2 2 9 9 10 9 10 2 2 2 10 10 2 2 10 2 10 10 10 8 9 10 10 9 10 9 2
left_child=6 -2 3 4 7 9 -1 27 16 38 11 -11 -12 58 25 22 42 41 30 -19 31 -17 23 32 -6 26 -15 -3 29 -28 36 44 34 46 -16 39 60 -26 -5 -35 -32 -7 -8 -44 -9 -46 -34 -13 50 51 -49 -50 -37 -54 55 -24 -57 -23 -4 -43 -14 -62
right_child=1 2 13 5 24 17 8 20 -10 10 12 47 18 14 15 21 -18 19 -20 -21 -22 57 54 -25 37 -27 28 -29 -30 -31 40 -33 33 35 -36 52 -38 -39 -40 -41 -42 59 43 -45 45 -47 -48 48 49 -51 -52 -53 53 -55 -56 56 -58 -59 -60 -61 61 -63
leaf_value=-0.018507204935978228 -0.025668089668047241 -0.0092242495032963771 0.0088502474021703928 0.0017014023402967364 0.0050262675464663323 -0.0047132681581904786 -0.0014047304993562047 0.013940796024533072 -0.014092793334074332 -0.0029952100417074985 -0.0064366739082019481 0.0087449831136506961 0.0071468015119265484 0.010033936810393053 0.0099830395976751654 0.0041563821574852125 -0.0088063041574379299 -0.0011521735654247637 -0.016637889693482344 -0.0098960826725949524 -0.01334474671461883 0.017225334640942037 0.0045056630446570099 -0.035960855160559572 -0.0046741377526893111 0.012925712060418638 0.015237634994552716 0.0066191951191245059 0.018815723868968532 -0.0018457523108683144 0.010351687396187319 -0.011673642575165202 -0.003584348000850095 0.0029664106324413532 -0.039374110599840348 0.0010110495412301475 0.01053978965443346 0.0033871925004125272 -0.0077913741208480601 -0.0088214291250452749 -0.00067867551064886423 0.024219825723536832 -0.0097444894409344056 0.028283133202724315 -0.0090218217241817712 0.0032242684423312135 -0.028523685472895903 -0.0052145390792168751 0.0028604312173607402 -0.019306058719523653 0.0080858474635989962 -0.030155478171519434 -0.03839441296742914 -0.0079207144862440577 0.006565380390075818 -0.0085852720418869068 -0.05275797870542772 -0.0078822247996247763 -0.0090390844596915411 0.0019460504976041089 0.012302438727809867 -0.0015403280089134612
leaf_weight=900.14829537086189 298.37951677851379 247.64933372102678 116.25945640914142 713.95729855448008 1334.7140559032559 1044.9983314666897 1305.066065389663 125.78544242307544 1052.3371879961342 1823.3159442581236 1510.7661654297262 2132.7662985026836 972.6618651561439 1195.0370047576725 661.03957899846137 1123.4346442166716 1421.5171404946595 1150.62667427212 171.59032111987472 1720.6326324678957 1605.3952390551567 636.35632357560098 450.58988621458411 57.254558246582747 1919.9976852908731 1018.3359028752893 194.17151556909084 558.96886780112982 136.97601179778576 1388.9445794541389 327.42715941369534 723.34379626438022 2773.1077556535602 7827.3323298878968 18.350076444447041 499.97541189752519 830.68505223840475 938.92634050548077 1195.3379793073982 291.86666280217469 5447.8761639259756 68.283349081873894 44.024729698896408 90.599600877612829 644.14393566548824 473.65431969985366 56.485389163717628 262.2173911370337 3115.8842427060008 136.7839076295495 2643.2143003679812 34.630171474069357 44.692887345328927 374.76689091138542 2722.0761454775929 217.2589418143034 20.027850467711687 57.249283576384187 606.27482840046287 1649.682400316 191.76691796630621 1603.9680694229901
leaf_count=32922 13147 3074 668 4834 6540 7708 18288 1125 26816 11738 10675 11134 5354 5963 3161 5481 28490 6865 877 11576 24976 3115 2603 295 9655 5446 949 5597 802 7186 1643 10601 13603 38548 89 2602 4828 4902 8259 1700 30348 752 819 1423 8456 8226 585 1402 17829 720 13750 216 223 1951 15279 1153 100 312 3266 7674 1070 8676
internal_value=-3.59852e-05 0.000688679 0.000820596 -0.00041618 -0.00352706 0.000511531 -0.00908303 -0.00711082 -0.00691122 0.00143238 0.00194639 0.00378183 0.000261477 0.00287312 0.00317309 0.00228519 -0.00426587 -0.00326589 0.0013221 -0.00639368 -0.0091041 0.00835687 0.00159581 0.000680928 0.000215869 0.00719668 0.00519163 0.00171726 0.00182355 0.000342385 0.00165259 -0.00563788 0.000850976 0.000406702 0.00846953 0.00181582 0.00435966 -0.00203088 -0.00427452 0.00254163 -3.48862e-05 -1.43738e-05 0.000220248 0.0158672 -0.0020106 -0.00383444 -0.0040921 0.0052662 0.0040669 0.00157562 0.0068841 0.00248807 -0.00458933 -0.0112512 0.0049765 -0.00131146 -0.0120151 0.0151446 -0.00615496 0.00284493 0.00250212 -5.57215e-05
internal_weight=64921.6 60107.9 59809.5 37321.7 8572.58 28749.1 4813.69 4378.94 3913.54 23114.8 21205.6 10148.8 11056.7 22487.9 21765.3 17831.9 2861.21 5634.22 9545.98 2871.26 3572.32 1817.04 16014.8 12604.9 4193.64 3933.47 2915.13 806.618 1720.09 1583.12 9374.39 1966.93 12547.6 11868.2 679.39 9038.63 3599.08 2858.92 1909.3 8119.2 5775.3 2762.96 1439.69 134.624 1243.58 1117.8 2829.59 8325.5 6192.73 3287.3 2905.43 3150.51 919.435 419.46 3409.95 687.877 237.287 693.606 722.534 1717.97 2768.4 1795.73
internal_count=488065 379307 366160 251080 83152 167928 108758 62055 75836 133353 120260 56789 63471 115080 111146 90800 49020 34575 52796 18441 53384 8908 81892 62757 21097 20346 14900 8671 8937 8135 51919 28408 62462 59212 3250 45024 19928 14557 13093 40248 31991 16134 20530 2242 17807 16682 14188 45051 33917 18765 15152 18045 4776 2174 19135 3856 1253 3427 3934 8426 15100 9746
cat_boundaries=0 1 2 3 4 5 6 7 8 9 10
cat_threshold=10396 1160 131392 1152 20878 152672 74800 5376 4096 17530
is_linear=0
shrinkage=0.035


Tree=98
num_leaves=63
num_cat=4
split_feature=2 40 24 2 8 22 16 14 26 39 18 26 18 11 26 3 22 27 26 26 16 22 48 18 23 43 39 18 47 3 29 46 37 49 22 19 40 37 16 8 2 7 43 10 8 44 39 47 29 20 46 25 18 48 26 16 26 22 3 14 46 26
split_gain=329.166 132.816 116.229 100.333 67.5498 67.3558 63.5198 62.37 59.6655 59.5185 62.6584 47.4069 47.0836 47.2162 45.9756 51.75 45.6301 49.3537 44.9323 47.4951 58.7705 92.6792 65.8113 60.2228 47.6824 44.9205 43.682 40.4031 40.2887 39.4013 39.1598 38.6378 38.6305 38.5561 37.8574 37.724 36.95 54.0778 41.0615 36.1957 33.6043 32.6266 32.0486 32.0086 31.6238 34.4923 31.0572 33.0235 30.8139 34.0153 30.8095 30.7691 30.7084 30.4376 30.402 30.328 31.7895 29.9137 32.103 29.6495 29.2926 28.7043
threshold=4.830000000000001 1.0000000180025095e-35 6.5000000000000009 542.21000000000015 19.500000000000004 45.500000000000007 0 16.000000000000004 30.000000000000004 172.90000000000003 13407.280000000001 122.00000000000001 7125.5400000000018 1008.09 131.50000000000003 46.500000000000007 21.500000000000004 595.73000000000013 345.50000000000006 122.00000000000001 1 5.5000000000000009 10.500000000000002 991.36666666666679 0.68301270189221941 3.5000000000000004 1727.2800000000002 16040.242500000002 69.500000000000014 84.500000000000014 302.50000000000006 117.74000000000002 89.88000000000001 3.5000000000000004 59.500000000000007 330.93650000000008 3366.4500000000007 6188.5800000000008 2 8.5000000000000018 109.99000000000002 0.23611111111111113 1.5000000000000002 4.3200000000000047 6.5000000000000009 215.91000000000003 80.730000000000032 1987.3200000000004 207.50000000000003 1.3576450198781744 547.0200000000001 567.06279220779231 11184.261136363637 3.5000000000000004 39.500000000000007 3 253.50000000000003 38.500000000000007 85.500000000000014 20.500000000000004 89.700000000000003 21.500000000000004
decision_type=10 10 10 10 2 2 9 2 2 10 10 2 10 10 2 2 2 10 2 2 9 2 2 10 2 2 8 10 10 2 2 10 8 10 2 10 10 10 9 2 10 10 2 10 2 10 8 10 2 10 10 10 10 2 2 9 2 2 2 2 10 2
left_child=2 -2 39 4 7 6 14 -3 44 10 18 -6 13 28 -5 -16 29 -18 19 24 32 23 35 -22 -10 -11 -14 46 51 -4 -12 -20 -21 -30 50 48 37 38 -26 42 -37 -19 -1 -41 45 -9 47 -7 49 -23 -24 61 -36 -43 -40 59 -57 58 -17 -13 -58 -8
right_child=1 3 16 5 11 27 12 8 9 25 30 55 26 -15 15 57 17 41 31 20 21 22 34 -25 36 -27 -28 -29 33 -31 -32 -33 -34 -35 52 40 -38 -39 54 43 -42 53 -44 -45 -46 -47 -48 -49 -50 -51 -52 -53 -54 -55 -56 56 60 -59 -60 -61 -62 -63
leaf_value=-0.0052595982186460838 -0.024025475720688031 -0.0095276717801216632 -0.015633227483512601 0.0026017647797837401 4.8913012304364097e-06 0.0061697698523935909 -0.01300783113888465 -0.0011348455789830915 0.010547574028821788 -0.0097683619260754296 -0.018517373954878045 -0.012037711707716978 -0.0090839439837703088 0.010076517878465316 0.0021434692075685564 -0.0069914486750615647 0.12926368727417681 -0.024114661846795747 0.0015977780360844169 0.0016042447822996431 -0.0077288618781023773 -0.0051195489340487323 0.00034311507078802844 -0.033312488785165073 0.0073254197544178178 0.0018614923236040556 0.021453852732949238 -0.0054192133395460943 -0.0045230121880190073 -0.031965121263496397 0.011579870790723078 0.014455303053676434 0.011762393969942142 0.002310867915558765 0.0079936720275265109 -0.012169639813908631 0.0063347825048645423 -0.033640383900612261 -0.0083081004539646789 -0.018862032006579474 -0.002843550987613944 -0.015374789326948647 0.0031637406533691313 -0.005763485764579925 -0.0065324137819821569 0.029632503418836182 0.010105395275872377 -0.0041141988418272298 0.0035981238320584958 0.00064581803467766844 0.010259625648417427 -0.023235969618562356 0.035454451224962831 -0.0010934414395307487 0.00089020141389028063 -0.015064459363224866 -0.01475385733767114 -0.00065214925045466718 -0.019901897295525106 0.0095567091676526904 -0.0018404203899431526 0.0069638889035872368
leaf_weight=1080.9866975676268 260.91542593110353 762.42872995696962 837.39335379563272 1149.6206517331302 1573.8081947378814 2577.9048539698124 89.983943996950984 160.14536755718291 985.64131687581539 1063.1238556914032 294.61267310380936 120.67682620882988 606.60209015198052 1145.9431123882532 597.27086758054793 475.95713028870523 2.1733983028680077 147.99336768873036 546.07274241745472 1042.604487625882 703.54320219904184 1957.5418347939849 2622.9786870684475 133.48211498185992 1143.60806337744 658.2317304238677 62.414683192968369 344.01544156111777 1212.1674451492727 232.01441697217524 63.796677008271217 601.51672085560858 818.25785248354077 6078.8918328732252 1088.0513588469476 592.46647528931499 2191.3936401475221 53.537192804738879 485.26092652976513 249.36916475370526 2342.648328922689 285.03992932476103 1131.5001762956381 2656.757324937731 1901.6061945836991 60.846308497712016 2209.7685430925339 448.40014763176441 2057.3446652498096 3482.2939255647361 448.59662090614438 42.669134467840195 51.404277063906193 507.04613038338721 4643.0334479827434 791.36453793011606 306.6158457249403 294.80002084560692 470.15100051090121 215.48079458624125 717.31084400042892 2944.529603222385
leaf_count=13066 11872 7993 33125 5717 9510 12948 403 1074 5855 9140 2057 748 3562 6764 2951 2446 55 6444 5124 7594 5618 18443 16462 1812 6580 3418 409 1655 5634 9665 414 2974 4376 30363 6245 4225 11388 353 2157 4676 11494 9953 11372 31012 14329 388 13050 2267 13350 17881 2085 189 258 15516 25533 5877 3510 1526 2808 1278 4388 14686
internal_value=-3.51805e-05 0.000841658 -0.00712909 0.000955046 -0.000145261 0.00289995 0.0016904 0.000359762 0.000594211 0.000994586 0.00137834 -0.00461193 0.00281077 0.00333768 -0.00287725 -0.0063191 -0.0142553 -0.00862552 0.00156473 0.00127462 0.000184765 -0.000523286 0.000124202 -0.0118436 0.00326329 -0.00532271 -0.00620721 0.00618756 0.00259197 -0.0192031 -0.0131428 0.00834385 0.00604245 0.00117424 0.00381681 -0.00136655 0.00241915 0.00106182 0.00136336 -0.00432617 -0.00472957 -0.00908132 -0.000952289 -0.00689355 -0.00507574 0.00743175 0.00695102 0.00464516 -4.94917e-05 -0.00142943 0.00179427 0.00594966 0.00926251 -0.00624563 1.83334e-05 -0.00798761 -0.00974492 -0.0103907 -0.0134213 0.00174023 -0.00571798 0.00636757
internal_weight=64823.6 57693.3 7130.27 57432.4 36681.3 20751.1 15171 32956.1 32193.6 30071 28349.7 3725.26 12183.2 11514.2 2987.8 1838.18 2011.66 942.253 27991.3 26843.7 17341.2 15480.4 14643.3 837.025 9502.47 1721.36 669.017 5580.09 10368.2 1069.41 358.409 1147.59 1860.86 7291.06 4211.03 10432.3 8516.83 6325.44 6271.9 5118.61 2935.11 940.079 2212.49 2906.13 2122.6 220.992 5236.07 3026.31 7497.18 5439.84 3071.58 3077.18 1139.46 792.086 5128.29 2151.45 1815.29 1240.91 946.108 336.158 1023.93 3034.51
internal_count=488065 353181 134884 341309 233931 107378 77458 208620 200627 184836 172278 25311 62010 58039 15448 9731 74758 31968 169807 161709 109843 97873 90443 7430 51866 12558 3971 29920 51275 42790 2471 8098 11970 35997 25050 65393 46011 34623 34270 60126 15719 31913 24438 35688 15791 1462 28265 15215 49674 36324 18547 15278 6503 25469 27690 15801 13775 6780 5254 2026 7898 15089
cat_boundaries=0 1 2 3 4
cat_threshold=2373 66665 2689 2184
is_linear=0
shrinkage=0.035


Tree=99
num_leaves=63
num_cat=6
split_feature=45 40 0 44 8 49 14 42 47 49 37 22 16 29 14 26 26 8 22 41 48 41 26 18 22 16 8 52 3 1 43 8 16 22 32 2 47 3 22 3 3 16 39 40 50 22 18 35 19 27 18 35 22 26 14 26 16 16 26 27 27 22
split_gain=312.648 154.975 125.493 106.732 85.7205 74.6646 58.9624 58.9546 74.4379 87.8756 67.5965 51.4787 95.3267 65.5277 43.3391 43.126 41.0324 41.5403 38.6747 38.2116 37.9431 41.751 43.2759 51.2748 45.8454 37.1624 34.7603 33.3578 33.2715 40.8473 33.2468 35.8245 33.2065 32.4088 32.2883 35.469 35.3409 31.9878 41.8869 31.9072 31.8373 31.6006 30.0672 29.4338 42.1115 29.8345 61.1171 28.4822 26.9249 26.6967 31.8491 26.4163 26.2864 26.2082 26.1975 38.8431 36.6687 27.7533 25.9688 25.4301 25.2913 35.6897
threshold=5.4500000000000011 1.0000000180025095e-35 152.02000000000004 93.680000000000021 15.500000000000002 15.500000000000002 18.000000000000004 5.5000000000000009 34.945000000000007 3.5000000000000004 inf 15.500000000000002 0 115.50000000000001 20.500000000000004 39.500000000000007 223.50000000000003 20.500000000000004 32.500000000000007 17509.770000000004 6.5000000000000009 2638.1150000000002 284.50000000000006 942.44000000000017 13.500000000000002 1 2.5000000000000004 4.5000000000000009 51.500000000000007 2598.2200000000007 3.5000000000000004 6.5000000000000009 2 86.500000000000014 3447.2350000000006 2331.1800000000007 6176.7750000000005 42.500000000000007 13.500000000000002 268.50000000000006 5.5000000000000009 3 161.37000000000003 8363.2266666666692 55.123097988343112 42.500000000000007 8475.3960000000025 11.500000000000002 226.99000000000004 5463.3600000000015 16040.242500000002 3.5000000000000004 59.500000000000007 30.000000000000004 19.500000000000004 314.50000000000006 4 5 177.00000000000003 756.24000000000012 2747.7000000000003 8.5000000000000018
decision_type=10 8 10 8 2 10 2 2 10 10 8 2 9 2 2 2 2 2 2 10 2 8 2 10 2 9 2 2 2 8 2 2 9 2 10 10 10 2 2 2 2 9 10 10 10 2 10 2 10 10 10 2 2 2 2 2 9 9 2 10 10 2
left_child=1 40 3 6 30 37 -3 8 11 10 -10 12 60 14 -13 -8 17 43 -7 34 -17 -22 23 27 -25 -14 -27 -23 -19 -30 42 -32 -12 -16 35 36 54 -2 -39 47 -1 -24 -5 44 53 46 -45 -9 -46 -47 -51 -40 -26 -15 57 56 -56 -11 -6 -53 61 -4
right_child=5 2 7 4 58 18 15 39 9 19 32 13 25 16 33 20 -18 28 -20 -21 21 22 41 24 52 26 -28 -29 29 -31 31 -33 -34 -35 -36 -37 -38 38 51 -41 -42 -43 -44 45 48 49 -48 -49 -50 50 -52 59 -54 -55 55 -57 -58 -59 -60 -61 -62 -63
leaf_value=-0.0021467530767342053 -0.00095109684663601858 -0.0087610754746232158 -0.018716635720337584 -0.0041883111401536952 -0.0076461405752816861 -0.023322834193224638 -0.0053951061792555646 0.012956536021319302 -0.0069702260389070837 0.0024475096209429265 -0.0023219360381503545 0.0032396508065396677 0.0009520419881383764 -0.0066580645892687406 0.013798256428711584 0.0032204177762868956 -0.005500227770438188 0.015671860753047277 -0.0091261028642895831 -0.010305752268820648 -0.0064374664547371856 -0.0011457446692057038 0.0087333002219235067 -0.023523210771439474 -0.0067080648955016994 -0.041549259482512597 0.012022674382914421 0.0094400853110496417 -0.0036801358691942311 -0.037569574092404835 0.0089111793172654413 -0.0020463301797334411 0.011906759543065715 0.033769042898795565 -0.0046656470116202059 0.0079072321462949208 -0.017162873233518984 -0.019295693690670985 -0.023458173767507196 0.018149561625435434 -0.030862573424288494 -0.0038252620352277797 -0.016407333152364707 -0.033747130109994077 -0.0080374734312131067 -0.03365425523601645 0.00089587054367892621 0.0038874922502303575 0.013909964933738181 0.010700454771344814 -0.005434593093145635 0.020554732862644878 0.00010708246804978613 0.0052915901582516875 0.0081907978723107459 0.0067872432850583763 0.00085258666919091049 -0.0059471277690336726 -0.015977731942635603 -0.006059458424587754 -0.023706033780430309 -0.00032980368042249925
leaf_weight=59.699837278574705 765.91902929730713 878.07150069251657 217.34656868316233 1544.1028418801725 932.04772951081395 646.65254997182637 1343.9682178702205 487.38614686578512 3034.5341984294355 841.72118996456265 419.40168844163418 476.85802482441068 2361.1790896393359 239.3963239453733 881.07928461581469 6052.2870425935835 538.78441988117993 48.385525733232498 372.0279053747654 347.00820499658585 1221.1618292499334 701.21914541348815 1103.7048867475241 134.65401627868414 1177.0439596306533 14.252971969544886 602.42797328531742 758.31386380270123 113.73861265927553 69.870117597281933 459.37908370234072 1772.6181289162487 373.11917024105787 112.02856334857643 1020.7641105372459 1070.4260055404156 124.44312330707908 410.65100342221558 102.99397978186607 242.7789648026228 229.5616059768945 311.56315826438367 292.92114675417542 89.025911338627338 72.897170916199684 21.741351664066315 203.00620908290148 3245.8173991218209 994.88958387076855 417.86173254996538 232.57817192003131 44.712784498929977 1684.7731189262122 3506.7766334488988 881.38265452906489 1804.0181821379811 12938.417207788676 1108.6520921420306 907.37433381006122 1185.312429331243 159.31188353151083 317.26020715385675
leaf_count=1719 18191 9183 1350 18916 9819 28059 10913 2598 14839 4445 1921 2304 11349 1122 4590 41707 2703 263 12701 2061 13165 4144 8110 1367 8805 65 2933 4622 595 417 2952 12614 1804 635 5242 5343 625 11137 3491 1504 10155 2509 3537 450 368 111 968 17558 5585 2193 1065 919 11522 16784 4067 8646 63633 6112 12954 26328 839 1439
internal_value=-3.43637e-05 0.000549807 0.000671388 -0.0014969 -0.00549437 -0.0101636 4.0365e-05 0.00183542 0.00138453 0.000267496 -0.00459348 0.00367403 0.000241628 0.00524547 0.0119215 0.000574335 0.00374539 0.00457499 -0.0181521 0.00119152 0.00118504 -0.000552051 0.000672941 -0.00102075 -0.0036407 0.00297086 0.0105485 0.00435692 -0.00991806 -0.01671 -0.00265864 0.000211873 0.00450429 0.0160828 0.00139363 0.0017234 0.00134897 -0.00691503 -0.00953269 0.00587738 -0.0249638 0.00600251 -0.00614455 0.00515851 0.00627627 -0.000422795 -0.00974416 0.00507465 0.0124055 0.00363537 0.00493155 -0.00651288 -0.0026973 0.00452638 0.00148102 0.00195848 0.0013277 -0.0023428 -0.0117625 -0.00507609 -0.0113375 -0.00782603
internal_weight=64723.3 61195 60905.8 21275.2 5908.44 3528.27 15366.8 39630.6 35654.6 23963.9 3827.06 11690.7 3671.78 8018.92 1469.97 14488.7 6548.95 6010.17 1018.68 20136.8 13144.7 7092.43 5871.27 4456 2996.47 2977.86 616.681 1459.53 231.994 183.609 4069.02 2232 792.521 993.108 19789.8 18769.1 17698.6 2509.59 1743.67 3975.98 289.261 1415.27 1837.02 5778.17 4813.96 964.213 292.032 3733.2 1067.79 672.181 650.44 1333.02 2861.82 3746.17 17574.2 15623.8 13819.8 1950.37 1839.42 1230.03 693.919 534.607
internal_count=488065 387239 375365 176839 60792 100826 116047 198526 176866 118738 18564 58128 17975 40153 7529 106864 32624 29921 40760 100174 95951 54244 41079 30460 21694 14347 2998 8766 1275 1012 38019 15566 3725 5225 98113 92871 87528 60066 41875 21660 11874 10619 22453 28646 23859 4787 1418 20156 5953 3369 3258 30738 20327 17906 86903 76346 67700 10557 22773 27247 3628 2789
cat_boundaries=0 1 2 3 4 5 6
cat_threshold=16660 137224 149513 136547 8328 21536
is_linear=0
shrinkage=0.035


Tree=100
num_leaves=63
num_cat=9
split_feature=7 40 42 47 14 43 37 35 26 48 21 44 16 16 27 26 32 52 30 16 16 44 3 41 23 17 41 26 37 2 38 26 16 18 16 16 40 16 18 9 47 3 3 27 1 3 26 29 28 18 4 19 2 18 14 17 16 23 14 39 27 29
split_gain=299.835 168.351 118.925 140.805 84.6794 73.8904 63.6978 61.9649 60.3287 54.543 52.1563 48.1506 43.9354 43.5834 43.4767 43.3148 41.8459 47.4767 42.716 40.468 39.1817 42.659 35.6754 35.6707 35.5625 35.3659 59.4359 34.6738 46.4627 62.7603 44.9824 53.6384 53.5968 46.4888 40.7361 40.3841 46.8601 34.4765 33.1509 41.096 34.1395 37.4019 33.1398 32.021 31.9708 31.5908 31.5864 30.065 29.4577 28.5125 27.1955 27.176 36.1413 27.1011 26.3984 26.3086 26.1097 26.0457 46.3006 39.7546 32.9743 32.436
threshold=0.59166666666666679 1.0000000180025095e-35 3.5000000000000004 11041.500000000002 16.000000000000004 1.5000000000000002 inf 7.5000000000000009 223.50000000000003 4.5000000000000009 38.940000000000005 70.615000000000023 0 1 20386.710000000006 30.000000000000004 169.96000000000004 4.5000000000000009 463.43000000000006 2 3 443.97000000000003 210.50000000000003 2660.5150000000008 -1.0000000180025095e-35 1788.6600000000003 2660.5150000000008 21.500000000000004 1.0000000180025095e-35 1291.5100000000002 28.290000000000003 122.00000000000001 4 3409.2229166666671 5 6 1026.0066666666671 7 11770.278500000002 501.92000000000013 69.500000000000014 225.50000000000003 18.500000000000004 11367.540000000001 64.04000000000002 130.50000000000003 345.50000000000006 207.50000000000003 1.0000000180025095e-35 10806.150000000001 10.100000000000001 135.4186666666667 102.87000000000002 38127.19000000001 19.500000000000004 151.47000000000003 8 0.93301270189221952 20.500000000000004 276.49000000000007 1343.1250000000002 115.50000000000001
decision_type=8 8 2 8 2 2 8 2 2 2 8 8 9 9 8 2 10 2 10 9 9 10 2 8 2 10 10 2 10 10 8 2 9 10 9 9 10 9 10 10 10 2 2 10 10 2 2 2 10 10 8 10 10 10 2 10 9 2 2 10 10 2
left_child=8 19 3 4 44 6 11 9 15 12 51 13 22 -6 16 -1 17 -7 -18 -2 48 55 -4 42 -8 -15 -27 -5 29 30 32 33 45 35 -30 -32 37 -37 39 40 -12 -42 -11 -35 -3 -29 56 -31 -20 -28 -49 -9 -53 54 -10 -22 -19 58 60 -59 -36 -60
right_child=1 2 7 27 5 14 24 10 53 23 38 -13 -14 25 -16 -17 18 46 20 -21 21 -23 -24 -25 -26 26 49 28 34 47 31 -33 -34 43 57 36 -38 -39 -40 -41 41 -43 -44 -45 -46 -47 -48 50 -50 -51 -52 52 -54 -55 -56 -57 -58 59 61 -61 -62 -63
leaf_value=-0.018516367992098916 0.0061383027705072942 -0.021003640535194594 0.034223719936259146 -0.0096333264036627259 -0.0091745108294601276 -0.0034039806933892584 -0.002087273274758732 0.0048851247670589964 -0.027206348989414143 -0.055240377053905214 0.011114497523935171 -0.011057200875175937 0.0057493474794891863 0.0041013974997002106 -0.021406732120008411 -0.0036877225709465648 -0.0085456723866156777 -0.0030773493117195608 -0.0014188487556043279 -0.028177643213622136 -0.017665388944363928 -0.010046858213420761 0.0015497589569212716 0.0082580447871585232 0.015596744376469756 -0.011190278282570219 0.0071331791105112849 -0.0027289554737263346 0.020872204379029084 0.00044320267912135428 0.0051566290814850152 -0.0071781341206271594 0.012108396748554399 0.011101458085697232 -0.012375863104096477 -0.023204458813182949 -0.00017967514753467042 -0.0056926254318440256 -0.0089425881059849045 0.0097690600609719302 0.0015483325945657295 0.010903491438023039 -0.0042038755665278526 -0.0077025557906002552 -0.0073930713132055294 0.010610544905591284 0.010977667957779226 0.00055737319319722623 0.0070431759943829263 -0.029729881516044568 0.015208343493191081 -0.005290279930370294 0.00089472729162649953 0.088884890318565696 -0.014452932135573504 -0.0010805957426719935 0.0021514452780999958 0.020296568153783629 0.01023866698644648 -0.021388622878675954 0.0012429423143752653 0.0034937438223886902
leaf_weight=296.45497571397573 51.003052910789847 330.32847217097878 240.40937184542418 283.39580004662275 1195.8963923100382 2639.5931699424982 299.34598137065768 1601.9826119914651 247.06980809383094 16.255182966589928 644.36165086179972 1726.5880007054657 208.45680128782988 968.8777703139931 120.97730666585267 1282.7425813190639 1183.3456288017333 1344.8204953856766 1016.6444847881794 296.62787800468504 119.59207491762936 871.35061132721603 49.411890342831612 734.94183185696602 259.2257734388113 719.0882459692657 430.1516763009131 1070.0522240027785 186.5078093111515 425.4279415383935 666.92352961748838 1702.9270718023181 660.21086040884256 651.95673944801092 274.27199174836278 225.31896087527275 932.9979467689991 387.0826750844717 218.19331944733858 1641.2726391553879 4714.6724913008511 587.98551090806723 163.52069640532136 132.89731226861477 589.42784153670073 271.88981787115335 443.73162981681526 202.36212179809809 997.76012670993805 26.353010270744562 666.09037012606859 1370.301621876657 7416.3155757449567 1.9980386272072781 1046.6522402651608 4137.7984380293638 8604.0097452197224 232.08668360114098 1400.7331437841058 31.030166894197464 1042.2298756316304 2321.8200125768781
leaf_count=9920 1797 6890 1156 1341 16510 12360 1857 7264 8916 88 3303 27547 950 12883 856 26689 14855 11133 5822 14143 948 6287 228 3437 1193 8470 7044 5481 921 2310 3007 8016 3455 2909 1322 1056 4111 1794 982 10276 22207 3012 787 584 5216 1386 3175 946 5751 549 3805 6497 33701 18 30390 25303 60735 1069 6892 144 5032 11339
internal_value=-3.35329e-05 0.000480958 0.000618654 -0.000436425 -0.00186035 -0.0015057 -0.00507614 0.00286738 -0.0110803 0.00992536 0.00231876 -0.00631277 0.0192313 -0.00385786 -0.000570406 -0.00648139 -0.000451391 0.000786914 -0.00238938 -0.0237719 -0.00136846 -0.00298985 0.0277243 0.00484061 0.00613285 -0.000843367 -0.00492584 0.00246186 0.00271675 0.00101439 -0.000348407 -0.00221978 0.0040436 0.000598902 0.00519618 -0.00199781 -0.00508713 -0.0126341 0.00448026 0.00486735 0.00351315 0.00258754 -0.0090986 0.00791167 -0.0122988 -2.02109e-05 0.00185158 0.00806845 0.00276022 0.00494482 0.011799 0.000694221 -7.0337e-05 -0.0166761 -0.0169077 -0.00155051 0.00144348 0.00459291 0.00403908 0.0153181 -0.00160156 0.00603381
internal_weight=64623.7 61748.8 61401.2 41793.1 28024.9 27105.2 5625.53 19608.1 2874.92 1413 18195.1 5066.96 498.278 3340.37 21479.6 1579.2 21358.6 13032.2 8326.49 347.631 7143.15 5128.74 289.821 914.718 558.572 2144.47 1175.59 13768.2 13484.8 7996.14 6702.26 4700.1 2002.15 2997.18 5488.68 2212.32 1545.4 612.402 7806.49 7588.29 5947.02 5302.66 179.776 784.854 919.756 1341.94 10392.6 1293.88 2014.4 456.505 868.452 10388.6 8786.62 1295.72 1293.72 4257.39 9948.83 5302.17 5039.06 263.117 1316.5 3722.55
internal_count=488065 412132 396192 302304 235384 223278 76053 93888 75933 6646 87242 73003 2334 45456 147225 36609 146369 87403 58966 15940 44111 32538 1384 4312 3050 28946 16063 66920 65579 38860 31799 21477 10322 13461 26719 9968 6961 2850 39780 38798 28522 25219 875 3493 12106 6867 75043 7061 11573 7593 4751 47462 40198 39324 39306 26251 71868 25798 24585 1213 6354 18231
cat_boundaries=0 1 2 3 4 5 6 7 8 9
cat_threshold=4352 26760 9239 134281 20872 136 134800 82178 10259
is_linear=0
shrinkage=0.035


Tree=101
num_leaves=63
num_cat=6
split_feature=46 17 12 2 16 45 48 22 16 23 44 35 16 2 43 22 37 35 16 18 29 39 35 3 18 35 3 0 26 18 16 14 48 12 18 3 14 3 22 17 18 26 41 22 16 39 19 19 29 22 21 22 0 3 41 32 19 1 18 24 36 46
split_gain=287.625 137.785 99.5869 89.6115 81.2206 62.1791 60.1542 56.1126 62.6595 53.4694 64.128 74.6629 61.418 54.5223 51.9829 50.9713 68.2468 45.0952 42.8587 42.1334 39.9234 39.551 38.9076 37.4427 36.9778 36.3375 36.0927 37.6745 35.7529 35.4314 34.2947 51.6756 41.8679 40.4175 33.4532 32.7245 32.1738 33.136 49.4961 34.5928 33.0711 32.1136 32.5332 30.9085 36.967 30.2503 33.3769 30.1881 29.878 29.705 29.6062 29.4222 28.8266 28.4192 28.8178 31.3957 28.3223 28.2027 27.9322 27.5077 27.0924 26.5865
threshold=4.330000000000001 1.0000000180025095e-35 1.4400000000000011 542.21000000000015 0 7.5833333333333348 2.5000000000000004 45.500000000000007 1 0.93301270189221952 93.680000000000021 15.500000000000002 2 204.14000000000004 3.5000000000000004 25.500000000000004 6504.8400000000011 8.5000000000000018 3 7068.8100000000013 84.500000000000014 27.570000000000004 23.500000000000004 71.500000000000014 13407.280000000001 9.5000000000000018 30.500000000000004 5199.5116666666672 21.500000000000004 16040.242500000002 4 18.000000000000004 4.5000000000000009 1853.8500000000001 4461.2500000000009 49.500000000000007 16.000000000000004 254.50000000000003 43.500000000000007 1156.0400000000004 8952.1200000000008 146.50000000000003 17509.770000000004 22.500000000000004 5 96.90000000000002 1413.8370000000002 198.87000000000003 272.50000000000006 5.5000000000000009 23.050000000000004 8.5000000000000018 246.54000000000005 29.500000000000004 4384.3500000000013 232.11000000000004 1523.8077272727276 146.63000000000002 4547.397857142857 3.5000000000000004 739.82000000000005 456.22000000000003
decision_type=8 8 10 10 9 10 2 2 9 2 8 2 9 10 2 2 10 2 9 8 2 10 2 2 10 2 2 10 2 10 9 2 2 10 10 2 2 2 2 8 10 2 10 2 9 8 10 10 2 2 8 2 10 2 10 10 10 10 10 8 8 8
left_child=2 4 -1 5 34 9 -4 8 22 10 12 14 24 -13 18 16 28 47 19 -12 52 25 41 -17 36 -8 27 -24 -10 45 31 -30 53 59 -2 -34 -3 39 -39 51 -41 42 -5 44 -11 46 -9 -16 49 -37 -45 -38 -19 57 55 -55 -15 -32 -7 -33 -51 -46
right_child=1 3 6 7 -6 58 21 29 15 43 11 13 -14 56 17 23 -18 20 -20 -21 -22 -23 26 -25 -26 -27 -28 -29 30 -31 32 33 35 -35 -36 48 37 38 -40 40 -42 -43 -44 50 61 -47 -48 -49 -50 60 -52 -53 -54 54 -56 -57 -58 -59 -60 -61 -62 -63
leaf_value=-0.018454643880341064 -0.031203900185143241 -0.0084533536345901411 -0.014119290694627225 0.0034314380418214306 -0.0050156051371859165 -0.0062609810339496275 0.0023757493650336625 0.007000375005439383 -0.01567926991915311 0.0088968015250942729 0.0012809181259232666 -0.0096996088971940467 -0.0024289613406147455 -0.00076650129665707255 0.0014465426797601127 0.0074573703699153228 -0.016815021727848097 -0.00059503897630850647 -0.0086892945949977908 -0.015530589925305963 -0.0018777362752294335 -0.0086906042053602924 -0.021416286469654863 0.00081585347017392395 -0.0170449043644018 -0.0050571221250584695 0.0054760904897053582 0.0055251123348617334 -0.012092207719849115 -0.00505305834598083 -0.022121273500833025 0.0002470260219878502 -0.0014629808646587038 0.011503342551828883 0.0043104496454499158 -0.033114160509860546 0.0021239750458678414 -0.017697089463087842 0.0098954189005736378 9.1503679681412719e-06 0.0084266796218768446 0.0093271873521610545 -0.032126503831293764 0.0039667378420939802 -0.0036880446694006505 0.01006435009533984 -0.00052881135587741252 0.013493841030804225 -0.044753641260758509 -0.0028907037628307639 0.013954793125740751 0.0081261274476661198 0.010642445443948018 0.015287471561825805 -0.0084830707170465928 -0.0064563311711261194 -0.01134991520897654 0.018602902304253929 -0.022191682558283764 0.017165027021308687 -0.016695714092419267 0.004046286022289936
leaf_weight=823.03148503322154 282.54845565930009 329.1774316970259 825.53204463981092 1463.4077905546874 702.76953507587314 554.09241153672338 1454.4437569631264 2184.8691460136324 194.10188926011324 646.56608035601676 1775.4428571220487 2234.9142885282636 4815.0680268872529 2229.8743925150484 438.44636475853622 1530.8216031696647 353.43919303826988 487.75598481297493 1263.2697030398995 202.54588227160275 2900.4742238819599 1448.0775546720251 183.44445161148906 3238.59397200495 120.65358501672745 1804.110928251408 288.04545347392559 96.505981370806694 286.58594465442002 342.01247370801866 87.320063859224319 2005.9957953542471 720.28282771259546 602.24237119965255 36.440771265886724 63.456407506018877 2387.5178713891655 84.55466203764081 1168.6381730400026 7215.6889983378351 619.9668384976685 2184.967097196728 31.219536518678069 969.65318433009088 1335.6912935376167 1910.4618970863521 1076.2286705914885 608.17589393258095 31.229954855516553 445.78702038340271 581.76614500582218 1722.3062012065202 654.04112449660897 362.84539640694857 124.17099758982658 104.1508528701961 358.75457437895238 26.42394021525979 177.78727123700082 124.07412999495864 285.34492650255561 917.60366536490619
leaf_count=32325 9441 3154 19144 7315 10113 15385 17842 10900 969 3591 12168 19227 31410 11434 2353 7772 2313 2888 9576 1745 14918 23224 949 16287 823 30715 1488 498 1481 1648 381 8912 3484 3086 380 571 15342 599 7394 42460 3488 11336 203 5177 7358 11523 5634 2931 153 2483 2685 9177 3029 1830 707 595 1822 131 5405 1046 1403 4244
internal_value=-3.2864e-05 0.000739557 -0.00710197 0.000967417 -0.0119935 -6.31798e-05 -0.00540998 0.00283121 0.00171049 0.00014189 -0.000363783 -0.00223121 0.000966644 -0.00569601 -0.000224484 0.000266613 -0.00193193 0.00198197 -0.00368824 -0.000445307 0.000304755 -0.00387971 0.00529525 0.00294867 0.00216487 -0.00173978 -0.00321363 -0.0121423 -0.000966323 0.00584571 -0.000421542 0.00201473 -0.00368095 0.00350563 -0.0263234 -0.00691895 0.00233904 0.00260883 0.00802109 0.00204041 0.000676146 0.00662362 0.00266773 0.00373294 0.00159863 0.00656732 0.00451619 0.00845324 -0.0116701 -0.0103152 0.00771873 0.00464067 0.00584567 0.00336865 0.0064535 0.0104347 -0.00223706 -0.0125809 -0.0101558 0.00124007 -0.00829394 -0.000535639
internal_weight=64525.4 58170.2 6355.2 57148.5 1021.76 36800.4 5532.16 20348 14834.5 36068.5 31617.3 13153.7 18463.6 4823.54 8330.15 10586.9 5817.45 5088.89 3241.26 1977.99 4042.27 4706.63 4247.59 4769.42 13648.5 3258.55 567.996 279.95 5464.01 5513.57 5269.91 3018.9 2251.01 2732.31 318.989 1546.1 13527.9 13198.7 1253.19 11945.5 7835.66 3679.59 1494.63 4451.28 2899.86 5171.56 3261.1 1046.62 825.818 794.588 1551.42 4109.82 1141.8 704.911 591.167 466.996 2588.63 113.744 731.88 2130.07 731.132 2253.29
internal_count=488065 364815 123250 344881 19934 239783 90925 105098 75393 218993 195938 82091 113847 32483 49608 53604 29545 26119 23489 13913 20835 71781 21789 24059 82437 48557 2935 1447 27232 29705 26263 14525 11738 13044 9821 8094 81614 78460 7993 70467 45948 18854 7518 23055 15193 28057 16534 5284 4610 4457 7862 24519 5917 3644 3132 2425 13256 512 20790 9958 3886 11602
cat_boundaries=0 1 2 3 4 5 6
cat_threshold=151808 5784 198625 150569 141312 2257
is_linear=0
shrinkage=0.035


Tree=102
num_leaves=63
num_cat=8
split_feature=7 40 2 8 14 26 26 26 26 19 16 26 41 14 26 2 19 29 17 47 26 16 16 46 43 44 41 32 26 43 16 3 1 16 18 40 43 16 41 3 41 16 27 43 11 30 8 41 41 1 30 3 27 14 8 42 16 32 3 18 37 32
split_gain=269.482 155.592 104.945 96.4217 70.2561 62.4142 57.6822 48.8307 57.9519 68.687 61.4461 46.2154 50.7456 48.5897 73.9377 43.2192 54.2252 59.3591 43.0936 42.758 41.0355 39.4443 38.596 37.4668 37.0694 40.5901 36.1581 36.0973 55.3754 35.7883 34.5068 33.4668 32.4833 32.3043 38.415 40.7383 32.1255 47.5185 31.6736 31.4747 31.2605 30.8297 53.2122 33.0295 30.8137 28.2293 36.6452 28.1893 28.1148 27.8952 27.6697 26.937 27.6368 26.4542 25.7838 28.337 26.0742 26.44 25.6095 25.4406 39.1563 27.7598
threshold=0.59166666666666679 1.0000000180025095e-35 272.0800000000001 19.500000000000004 16.000000000000004 30.000000000000004 223.50000000000003 131.50000000000003 269.00000000000006 330.93650000000008 0 21.500000000000004 17509.770000000004 19.500000000000004 314.50000000000006 1227.7200000000003 1748.135416666667 293.00000000000006 8901.7200000000012 1271.7800000000002 30.000000000000004 1 2 714.69000000000005 2.5000000000000004 79.245000000000019 344.41000000000003 303.93000000000006 131.50000000000003 1.5000000000000002 3 30.500000000000004 3.4300000000000006 4 2693.8083333333338 1252.1516666666669 7.5000000000000009 5 130.57500000000002 8.5000000000000018 16545.330000000005 6 6.9350000000000014 2.5000000000000004 2332.4400000000005 48502.44000000001 22.500000000000004 2885.1300000000006 1099.1600000000003 1405.8400000000004 9567.1000000000004 289.50000000000006 914.13000000000011 19.500000000000004 12.500000000000002 2.5000000000000004 7 96.100000000000009 16.500000000000004 3511.6200000000008 2182.3400000000006 2656.9000000000005
decision_type=8 8 10 2 2 2 2 2 2 8 9 2 10 2 2 10 10 2 8 8 2 9 9 10 2 10 8 10 2 2 9 2 8 9 10 10 2 9 8 2 8 9 10 2 10 10 2 8 10 8 10 2 10 2 2 2 9 8 2 10 8 8
left_child=6 21 3 4 -3 29 20 39 9 41 -10 30 13 22 15 16 33 -18 32 -16 -1 -2 -13 58 -5 40 -24 28 31 -6 -4 -17 -12 48 -35 -36 -37 -38 -21 -7 -26 -9 -43 49 -32 47 -47 -30 -15 -44 -27 54 -53 -8 55 56 59 -58 -11 60 -41 -61
right_child=1 2 11 24 5 7 53 8 10 23 18 12 -14 14 19 27 17 -19 -20 38 -22 -23 26 -25 25 50 -28 -29 45 -31 44 -33 -34 34 35 36 37 -39 -40 51 -42 42 43 -45 -46 46 -48 -49 -50 -51 -52 52 -54 -55 -56 -57 57 -59 -60 61 -62 -63
leaf_value=-0.017980964994117415 0.0061251849715095313 -0.012007598566524053 0.0091738208441214473 -0.015076448469716461 -0.017444007140615062 -0.0041526683506283111 -0.026662236234694943 0.0041069571094538614 -0.0059686935769087549 0.0099880318298847491 -0.004354992603430816 0.0067700662476023969 -0.009738588000055521 0.0094576732130361059 0.004377971878647754 0.0029410968134129748 -0.010300819110627371 0.0054814004238067753 -0.012247054186376295 -0.036116857107796642 -0.0033790251124962444 -0.027815747526306098 -0.023111628709691349 0.003955697647599005 0.0050009361989383442 -0.0099494580893313821 -0.002289971991411384 0.00037653003329291224 -0.0032938134217778301 -0.0041058923368487883 -0.0076967829926733186 0.013228514330969091 0.0047312438143389179 -0.00037294517065935499 -0.043468871739541455 0.0023350554971893023 0.014390538589224308 0.0016345338878710806 0.014576006942620141 0.0078290490837369733 -0.010640491437978008 -0.029585435122661846 -0.0053291315335580623 0.00070639471571414556 0.027020659546401381 -0.062854958582384934 0.00990382098152757 0.0051789409890470343 -0.030032407353545738 0.0055841068396040878 0.012649270636943545 -0.022423870911945074 0.016506918879635672 -0.01368793694489717 0.00049031011016511627 0.0088493991628534347 -0.0059247797477695709 0.0092148236671088981 -0.012304303580872748 -0.0040967775353603318 -0.0054197892836959482 0.0079456468606007302
leaf_weight=288.61384890042245 51.021059671416879 606.240672390908 189.45630312524736 565.68121132068336 295.64579131640494 838.82484476827085 238.1991191925481 1153.0916071664542 1052.3602888565511 65.571486253291368 534.42099408432841 580.57521229051054 417.09879296459258 891.17735821940005 1181.0779845323414 517.93817440792918 918.02261497825384 427.08569858968258 211.39227799512446 14.382514398545025 1271.9792164750397 284.19062218163162 105.17795650474727 231.28340069577098 621.28365038335323 1273.9638551976532 2719.0589081421494 1764.9149402547628 585.1078670360148 1462.6241880469024 1093.7383623886853 1543.8434971813112 4845.6673578638583 6210.2685471903533 21.612333737313747 5315.2481483910233 732.34966882504523 711.31456965953112 1117.6360241044313 359.46555806323886 208.13311172649264 84.007917648181319 2900.4453601520509 3370.3185451775789 31.279138147830963 16.899732023477554 15.663790956139563 2687.8798543829471 21.693967560306191 317.59151268005371 69.182475812733173 23.479663897305727 270.4281825311482 1027.4097331883386 4028.1126991696656 1235.3579860329628 163.35373349674046 1018.1415545530617 1322.2788886167109 321.78420848026872 1129.0633853878826 858.24917287565768
leaf_count=9920 1797 8463 888 10026 5468 4922 8920 9046 9635 344 7990 3000 2633 4292 6097 2586 4610 2097 1655 72 26689 14143 687 1204 3983 9474 14338 9619 2918 11272 5531 8479 34384 29914 163 27119 3700 3242 5875 3239 1136 1392 29366 20891 161 112 87 15362 101 1383 391 196 1805 30404 27541 5605 2096 5681 9930 3973 5817 4201
internal_value=-3.22231e-05 0.000452684 0.000582975 -0.000828054 -0.000229213 2.53808e-05 -0.0105982 0.000451753 -0.000750995 -0.00251271 0.00175338 0.00206999 0.00236581 0.00254582 0.00308625 0.00247031 0.00141828 -0.00528945 0.00321248 0.00904231 -0.00608927 -0.023292 -0.00137348 -0.00907225 -0.00710205 -0.00501974 -0.00306246 0.00471905 0.00614664 -0.00635728 -0.0043443 0.0106469 0.00382804 0.00206755 0.00161456 0.00343708 0.00359348 0.00822188 0.0139006 0.00234017 0.0010678 -0.00115452 -0.00206732 -0.00171514 -0.00664933 0.0033373 -0.028604 0.00366373 0.00839551 -0.00425069 -0.0087769 0.00291949 0.0133313 -0.0161489 0.00258228 0.0042389 0.00275762 0.00705869 -0.0112446 0.000821893 -0.00221721 0.0046611
internal_weight=64429.4 61603.2 61267.9 31437.4 28699.2 28093 2826.2 26334.7 16088.4 9444.59 6643.84 29830.5 28516 28098.9 24694.1 22381 15248.8 1345.11 5591.48 2313.1 1560.59 335.212 3404.81 1619.13 2738.24 2172.56 2824.24 7132.25 5367.33 1758.27 1314.47 2061.78 5380.09 13903.7 12990.8 6780.52 6758.91 1443.66 1132.02 10246.3 829.417 7825.45 6672.36 6588.36 1125.02 3305.55 32.5635 3272.99 912.871 3218.04 1343.15 9407.44 293.908 1265.61 9113.53 5085.42 3850.06 1181.5 1387.85 2668.56 1488.53 1180.03
internal_count=488065 412132 396192 242509 217499 209036 75933 192296 127220 73556 53664 153683 147103 144470 126445 114401 75238 6707 44029 12044 36609 15940 18025 11478 25010 14984 15025 39163 29544 16740 6580 11065 42374 68531 64138 34224 34061 6942 5947 65076 5119 62078 53032 51640 5692 18479 199 18280 4393 30749 9865 60154 2001 39324 58153 30612 25007 7777 10274 17230 9056 8174
cat_boundaries=0 1 2 3 4 5 6 7 8
cat_threshold=14348 9239 5264 4224 200 4352 74855 28992
is_linear=0
shrinkage=0.035


Tree=103
num_leaves=63
num_cat=6
split_feature=0 40 46 24 43 47 35 44 3 22 16 23 26 16 22 3 29 16 22 41 22 26 29 16 29 41 19 2 18 6 27 18 16 7 3 2 27 32 40 49 22 32 37 37 16 18 8 2 3 43 14 8 1 30 25 48 22 8 8 27 26 35
split_gain=258.936 133.382 93.9197 78.6072 68.2431 77.0999 68.9626 62.8661 58.6978 56.6642 58.507 58.1529 53.7688 53.473 60.8458 82.4401 52.4004 51.6456 46.464 46.2144 43.8346 41.9785 90.3718 40.8662 44.3007 43.296 42.9242 40.1435 39.8639 39.6761 37.4997 41.8278 36.9925 41.4564 36.9134 36.7745 36.375 35.8048 35.6469 34.8521 39.1 34.4857 34.456 32.296 31.5065 31.394 31.2938 31.9797 31.2663 30.3927 30.2271 29.7468 32.2255 31.0913 33.2604 29.2848 37.5614 37.505 29.1838 29.0935 28.9625 27.8123
threshold=10.616666666666669 1.0000000180025095e-35 652.09500000000014 7.5000000000000009 1.5000000000000002 inf 8.5000000000000018 345.44000000000005 22.500000000000004 8.5000000000000018 0 0.93301270189221952 21.500000000000004 1 29.500000000000004 86.500000000000014 272.50000000000006 2 41.500000000000007 1194.1450000000002 14.500000000000002 131.50000000000003 272.50000000000006 3 115.50000000000001 1902.2600000000002 374.37333333333339 55.140000000000008 1739.1575757575758 1.0000000180025095e-35 20386.710000000006 4033.0950000000007 4 0.91287878787878796 74.500000000000014 272.0800000000001 2919.4200000000005 3299.9000000000005 3735.1800000000007 21.500000000000004 38.500000000000007 223.02000000000001 13109.220000000003 5674.1400000000003 5 9114.2850000000017 20.500000000000004 1996.3800000000003 278.50000000000006 4.5000000000000009 16.000000000000004 4.5000000000000009 1.4650000000000001 332.81000000000006 22.518181818181819 10.500000000000002 45.500000000000007 12.500000000000002 19.500000000000004 1474.9750000000004 70.500000000000014 19.500000000000004
decision_type=8 8 8 10 2 8 2 10 2 2 9 2 2 9 2 2 2 9 2 8 2 2 2 9 2 10 10 10 10 10 10 10 9 10 2 10 10 10 10 10 2 10 8 8 9 10 2 10 2 2 2 2 10 10 10 2 2 2 2 8 2 2
left_child=3 -2 4 50 5 8 49 12 44 10 60 13 -8 58 15 16 17 -15 -5 -19 28 22 29 -23 25 32 27 -26 -10 -14 31 -16 -25 -34 -33 -28 48 -13 -31 40 -27 -24 -7 -17 -3 -9 -36 -48 -22 -6 -1 -44 -53 54 -54 -20 57 -57 -11 -12 -4 -35
right_child=1 2 9 18 6 42 7 45 20 11 59 37 21 14 30 43 -18 19 55 -21 36 23 41 24 26 39 35 -29 -30 38 -32 34 33 61 46 -37 -38 -39 -40 -41 -42 -43 51 -45 -46 -47 47 -49 -50 -51 -52 52 53 -55 -56 56 -58 -59 -60 -61 -62 -63
leaf_value=-0.022551363511601651 -0.02419929949330216 -0.0080811951302436989 -0.0038284199326633667 -0.019149150361151716 0.0025215420668617461 0.004742608920502195 -0.0080276511103470425 -0.0036066959421146402 -0.010251415602362013 0.011101028690354949 -0.0031129975875899157 0.013298447785495701 0.031137999569386191 -0.0016410769319822253 0.0015660453477165921 -0.0058940377399998847 -0.005702566024161475 -0.0027525381978995857 -0.0096179737376712402 0.010626362281862702 -0.002048760207851749 0.0059496727887339215 0.002159239117995954 0.0041057766053218397 -0.0060261890800112055 -0.00080823823325194149 -0.013873477344106731 0.0013265806641360241 -0.026234494984304847 0.0050905099970034338 -0.0085475738096951297 0.015843037958175175 -0.012527402812067219 -1.5830754748535099e-05 0.0067647340151289681 -0.0037571840287730063 -0.0096350243119395305 -0.0076188736948594711 0.015140649766002724 -0.014678538273169851 0.01061680007001378 -0.0038856894012956945 -0.010060864291862943 -0.019824819343354859 0.0064779237984589656 -0.014420055851355881 -0.009108011363742145 0.0071466139321793134 0.044051479369719142 0.0086222507889987358 -0.0043447888547630169 0.0050426282601663619 0.0062413006349108712 -0.0067816309444084328 -0.022233351997726178 0.010179463683838482 0.0041078141037178325 0.14031977674144827 0.0025636512774060583 -0.014145884752595721 0.0087857699175494259 -0.010511073412202573
leaf_weight=114.92792501114309 263.76752209290862 251.89326669089496 313.71646376699209 972.37807485181838 3334.7421796973795 1427.8323983810842 888.30848397314548 2704.2153561953455 722.27210517693311 1383.4691034890711 1851.8830256517977 997.25991479679942 85.878717120736837 1367.756728509441 3705.3657345585525 670.43017918244004 1010.3555134497583 413.76609753444791 349.85660934075713 1336.5351772401482 1181.1575842741877 1127.9556447695941 3231.4131146203727 1407.6600487940013 1371.8153439462185 545.77854242362082 703.60125407204032 2694.9454494584352 260.35515921376646 2172.3730059750378 285.67030601762235 470.88793960958719 447.44979744404554 2836.52928192541 3503.9563033953309 1175.9773852564394 1414.0944110276178 110.79024489596486 539.45807216316462 96.390761544927955 1118.0034473817796 1798.8033625744283 458.4677848406136 292.83856477402151 585.77258652448654 373.68781364709139 332.84642120264471 265.78088769316673 17.30199408531189 1428.8485315740108 3124.0368679352105 874.57949861139059 502.99893074482679 1067.8086782805622 54.834108114242554 5.8379847370088083 67.772047637030482 4.3594353515654802 760.74652006663382 347.0097609590739 765.83111177012324 346.16186291351914
leaf_count=3056 13147 3177 1434 44052 19866 7001 5885 16752 11326 7309 10423 4881 947 6701 18753 3529 4628 1876 13277 6492 16001 6423 18142 7739 11241 3517 5010 14338 5805 10250 1355 2591 3621 15551 18637 5672 21047 578 2553 825 6539 10024 2548 1758 5701 2670 1727 1635 295 7118 45598 4171 2727 5363 269 221 2414 140 3939 2076 3717 2007
internal_value=-3.15418e-05 0.000587466 0.00069787 -0.00799577 -0.000299929 -0.00301064 0.000485777 -0.000232086 -0.00626542 0.00263781 -0.00157301 0.0034543 0.000407395 0.0029103 0.00209735 -0.000930988 0.00122088 0.00346541 -0.0149227 0.00742149 -0.00820906 0.000753042 0.00280214 -0.000403355 -0.00096997 0.000959201 -0.00317686 -0.00115456 -0.0145086 0.0078435 0.00390008 0.00433058 -0.000692064 -0.00255741 0.00656953 -0.00754948 -0.00583504 0.011202 0.0070946 0.00568301 0.00687075 -2.76752e-06 0.000279186 -0.0101452 0.00207634 -0.0049238 0.00550153 -0.00189134 -0.00134705 0.00435289 -0.00499757 -0.00187569 -0.000371344 -0.00328532 0.00340751 -0.00529442 0.0139819 0.0733778 0.00803719 -0.00483776 0.00507299 -0.00116028
internal_weight=64339.2 59700 59436.3 4639.17 39249.4 8819.37 30430 25666.4 4432.85 20186.9 3278.44 16908.5 22588.5 15800.4 13656.2 5091.68 4128.41 3118.06 1400.2 1750.3 3595.18 21700.2 7827.93 13872.3 12744.3 6797.97 5946.34 4066.76 982.627 2797.71 8564.51 8278.84 5037.8 3630.14 4573.47 1879.58 2612.55 1108.05 2711.83 1760.17 1663.78 5030.22 4386.52 963.269 837.666 3077.9 4102.58 598.627 1198.46 4763.59 3238.96 2958.69 2500.22 1625.64 557.833 427.826 77.9695 10.1974 2144.22 2198.89 1079.55 3182.69
internal_count=488065 379307 366160 108758 262121 85431 176690 149706 63352 104039 17650 86389 130284 80930 69682 24984 19697 15069 60104 8368 54474 124399 41916 82483 76060 39799 36261 25579 17131 13750 44698 43343 28918 21179 24590 10682 37343 5459 12803 10881 10056 28166 22079 5287 8878 19422 21999 3362 16296 26984 48654 15078 12530 8359 2996 16052 2775 361 11248 12499 5151 17558
cat_boundaries=0 1 2 3 4 5 6
cat_threshold=1677 4224 18432 9261 16576 10398
is_linear=0
shrinkage=0.035


Tree=104
num_leaves=63
num_cat=4
split_feature=0 22 16 39 14 29 2 16 22 27 40 16 23 41 14 23 29 48 30 41 18 18 18 21 29 29 41 18 41 22 43 8 41 49 22 24 37 18 13 18 49 8 29 41 30 31 51 51 32 12 29 41 32 29 8 2 19 16 8 12 22 3
split_gain=243.211 116.168 113.629 102.987 82.094 71.4741 70.9503 77.5052 79.2805 66.2933 55.5005 56.6766 54.2571 55.6439 56.5538 109.521 97.1948 56.1932 52.1954 50.837 40.6477 39.0444 35.9806 35.7196 35.6655 61.8607 43.7114 47.5774 54.0228 36.9042 35.5153 40.6492 36.1406 46.7999 42.1263 33.562 33.5247 33.1104 32.2976 30.8501 31.5719 33.3094 31.555 30.4688 30.0154 29.6553 29.444 29.419 29.228 31.9272 32.8841 27.9979 27.6781 33.7137 27.395 43.0606 31.6746 53.2572 27.0045 27.8485 26.7857 30.4767
threshold=21.000000000000043 2.5000000000000004 0 37.515000000000008 16.000000000000004 283.50000000000006 2072.0600000000004 1 7.5000000000000009 576.84000000000015 1.0000000180025095e-35 2 0.93301270189221952 17509.770000000004 20.500000000000004 0.68301270189221941 69.500000000000014 10.500000000000002 25571.160000000003 3930.3000000000006 488.0024621212122 1205.0379166666669 9361.461212121214 32.435000000000009 207.50000000000003 241.50000000000003 1756.9000000000003 2770.8180000000007 3457.0150000000008 39.500000000000007 9.5000000000000018 15.500000000000002 786.38000000000022 15.500000000000002 63.500000000000007 7.5000000000000009 945.96000000000015 3121.4450000000002 0.89181286549707617 61.936666666666675 12.500000000000002 18.500000000000004 324.00000000000006 344.41000000000003 5.5400000000000009 1.0000000180025095e-35 53.001054252819117 115.64884615100745 119.43000000000002 170.43000000000006 145.50000000000003 3116.8000000000006 1532.72 302.50000000000006 18.500000000000004 228.72000000000006 1161.345 3 11.500000000000002 17.011666666666674 44.500000000000007 88.500000000000014
decision_type=8 2 9 10 2 2 10 9 2 10 10 9 2 10 2 2 2 2 10 8 10 10 10 8 2 2 10 10 10 2 2 2 10 8 2 10 10 10 10 10 10 2 2 8 10 2 10 10 10 10 2 8 10 2 2 10 10 9 2 10 2 2
left_child=3 2 5 4 -1 -2 7 20 9 -9 -6 58 13 14 15 17 30 19 23 -10 39 -11 -19 24 -18 -26 -27 28 -28 37 31 -16 -33 34 -34 -5 -7 -29 52 -3 41 42 -41 -8 -13 -15 -22 -23 -46 -50 -51 -48 -14 -54 60 -56 -57 -58 59 -12 61 -21
right_child=1 6 -4 35 10 36 43 8 12 21 11 44 38 45 16 -17 18 22 -20 54 46 47 -24 -25 25 26 27 29 -30 -31 -32 32 33 -35 -36 -37 -38 -39 -40 40 -42 -43 -44 -45 48 -47 51 -49 49 50 -52 -53 53 -55 55 56 57 -59 -60 -61 -62 -63
leaf_value=-0.024317613512125216 -0.026287124380521311 -0.00022240230229393523 -0.0020474582511229465 -0.010679777421367168 -0.022550947866965279 -0.013991995978524878 -0.009466662344502658 -0.0014269674862702573 -0.0074527952841430814 -0.0052523433140906281 -0.0082196654430812272 -0.011498899403585339 0.0041884190502585296 -0.0051362730861010484 0.0078236797921775909 0.0076368039811758794 -0.0027746886943168627 0.0039994789718946714 -0.03210936188886801 -0.0018846002945897482 -0.028711941897300208 -0.027444571301917034 -0.023016178212239082 0.0022360683910023619 0.0059387252149020221 0.002092706818625075 -0.0067732175984032287 0.021858993908199717 -0.033893601482532593 7.4548336345708221e-05 0.017433029423284598 -0.0040702731336195157 0.0053818411001064414 -0.0042928458795690469 0.023791297990028784 -0.023552496624526756 0.0099807372162164613 -0.014567879739234308 0.010404082569764156 0.0091075587296244077 0.0014301844049535428 0.017349625435166285 -0.0050314119030968867 0.0058721173351473808 0.0019219846754844341 -0.022228876572115489 -0.02147477832004065 -0.010844671730396507 -0.0084021008905482523 0.094438042078721737 -0.011310029929189239 0.012987989043429694 0.0062989857158363373 -0.016121207521573724 -0.020608084517749273 0.006276107971542628 0.0015624347457340964 -0.027425380924032908 -0.012626870094036138 0.0027556656394827749 0.0016388165545556301 -0.01287058108083399
leaf_weight=242.70382004138082 461.03537339344621 750.07990409992635 2518.0384439611807 555.37764845788479 182.24386083800346 173.54032231401652 163.75325894169509 1877.3226610682905 3119.1400957591832 470.98870649375021 816.23158875107765 273.70319476537406 2350.2537565398961 407.01743680983782 2713.7545715924352 1414.8347646966577 5707.0619710162282 1674.5610331576318 59.513870447874069 2072.1535622701049 67.871022127568722 261.68054098449647 61.662667594850063 8257.5364263299853 2123.564688982442 2457.3275872245431 290.21337273344398 32.365567004308105 129.86197734624147 1628.0140167102218 298.86463524401188 878.62976598925889 565.73740899376571 407.51731819659472 207.79857256822288 452.15833004936576 120.0880046132952 378.52827179431915 933.74404373019934 1614.5924390330911 751.57486593723297 534.55144283361733 219.00442157685757 4362.6982786264271 2875.4688051808625 178.60869164951146 45.422516614198685 264.7749648783356 518.45938804745674 6.6126608401536924 6.4749794229865074 75.408010274171829 142.56913861818612 191.55390649475157 230.87104460410774 260.72279904596508 198.0929226540029 118.74212740920484 809.61880424804986 432.77612785995007 2484.4052912555635 362.7254765946418
leaf_count=8652 10767 4129 20507 10220 8715 2270 787 11397 21587 2984 16410 8593 12300 3188 15785 7447 36596 10273 305 11387 418 3132 500 39616 13375 14458 1852 227 869 10535 1581 4751 3065 3324 1115 20205 1141 3008 4544 8095 4162 2590 1287 24449 37968 1450 237 1930 8183 87 79 383 713 1161 1752 1339 1022 614 16447 5144 14287 2671
internal_value=-3.0773e-05 0.000732674 -0.0056686 -0.00610521 -0.00440801 -0.017474 0.00112218 0.000736876 0.000320217 -0.00530319 -0.00358802 -0.00298206 0.000702241 0.000319177 0.000483726 -0.00150554 0.00139693 -0.00272837 0.000349456 -0.00385816 0.00536334 -0.01259 0.00302731 0.000442948 -0.000718729 0.000948147 -0.00120827 -0.00450653 -0.0152178 -0.00229331 0.00574588 0.00501065 0.00130231 0.00529923 0.0103516 -0.0164744 -0.00418704 -0.0116525 0.00480043 0.00615068 0.00768255 0.00966541 0.00741698 0.00531524 -0.000368507 -0.0103783 -0.0104477 -0.0191322 0.000527686 -0.00700439 0.0450311 -3.7157e-05 0.00284808 -0.00656434 -0.00189967 -0.00786647 -0.00274637 -0.0101673 -0.00761374 -0.0044176 -0.000917691 -0.0035258
internal_weight=64242.2 57070.4 3272.7 7171.83 6164.29 754.664 53797.7 49271.2 45212.7 2874.77 5921.59 5739.35 42337.9 38719.8 38134.2 11997.9 26136.3 10583.1 21064 8846.85 4058.5 997.444 1736.22 21004.5 12746.9 7039.88 4916.31 2458.98 420.075 2038.91 5072.3 4773.44 2059.68 1181.05 773.536 1007.54 293.628 410.894 3618.12 3869.8 3119.72 2368.15 1833.6 4526.45 3680.72 585.626 188.702 526.456 3407.02 531.547 13.0876 120.831 2684.38 334.123 5727.71 808.429 577.558 316.835 2058.63 1249.01 4919.28 2434.88
internal_count=488065 347362 34685 140703 110278 14178 312677 287441 266140 19443 101626 92911 246697 227979 223341 72879 150462 65432 120841 54659 21301 8046 10773 120536 80920 44324 30949 16491 2721 13770 29621 28040 12255 7504 4180 30425 3411 3235 18718 20263 16134 11972 9382 25236 54910 4638 1038 5062 46317 8349 166 620 14174 1874 33072 4727 2975 1636 38001 21554 28345 14058
cat_boundaries=0 1 2 3 4
cat_threshold=151808 1273 161800 151552
is_linear=0
shrinkage=0.035


Tree=105
num_leaves=63
num_cat=0
split_feature=46 22 18 12 14 26 40 2 26 26 8 26 48 22 18 44 49 22 23 26 22 44 17 32 42 18 22 50 8 18 9 29 18 39 28 26 19 2 41 14 41 22 8 22 18 26 32 18 22 27 37 18 40 26 23 27 18 46 9 22 0 46
split_gain=233.623 118.887 104.827 88.1781 72.9598 114.679 71.9492 79.9463 68.2128 84.0791 70.3915 65.777 52.984 51.6433 60.5415 49.4665 48.5081 49.4706 47.7597 47.4545 49.1097 47.3312 46.1638 41.083 40.7451 39.0637 43.316 37.2307 36.136 35.682 33.6893 33.3722 31.9746 31.9439 31.8524 31.8297 31.8039 47.0066 31.5064 35.1443 30.9152 66.8149 30.4353 30.3705 29.8515 29.7071 29.2003 33.7524 29.0569 36.0615 28.5825 28.5516 28.0651 27.8642 39.2111 27.7093 27.2081 27.327 26.8254 26.7916 29.853 26.6106
threshold=4.330000000000001 2.5000000000000004 372.08861111111116 1.4400000000000011 18.000000000000004 314.50000000000006 314.34666666666675 613.89000000000021 122.00000000000001 30.000000000000004 19.500000000000004 91.000000000000014 2.5000000000000004 25.500000000000004 4706.9212500000003 3021.1200000000003 15.500000000000002 84.500000000000014 0.68301270189221941 100.50000000000001 28.500000000000004 261.25000000000006 1123.6000000000001 1568.7200000000003 2.5000000000000004 13407.280000000001 59.500000000000007 73.866134170684873 11.500000000000002 7125.5400000000018 330.49000000000007 241.50000000000003 7583.1105555555559 13.390000000000002 18.245000000000005 100.50000000000001 9557.7334090909098 10915.375000000002 13177.440000000001 20.500000000000004 3659.8300000000008 39.500000000000007 10.500000000000002 35.500000000000007 7125.5400000000018 51.000000000000007 4410.7400000000007 914.5037500000002 10.500000000000002 3238.02 6642.9000000000015 3149.552444444445 1.0000000180025095e-35 51.000000000000007 -0.6830127018922193 13109.220000000003 464.96250000000009 456.22000000000003 345.60000000000031 8.5000000000000018 2327.8900000000003 100.49000000000002
decision_type=8 2 8 10 2 2 10 10 2 2 2 2 2 2 10 10 8 2 2 2 2 8 8 10 2 10 2 10 2 10 8 2 10 10 8 2 10 10 10 2 10 2 2 2 10 2 8 10 2 10 10 10 10 2 2 10 10 8 10 2 10 8
left_child=3 2 45 -1 24 6 53 8 9 -8 21 46 -5 14 59 -16 17 29 43 20 38 25 -15 30 34 26 42 -13 33 48 -24 -25 -31 -14 -3 -33 55 -38 39 56 -21 -42 44 -11 -10 -2 -4 -48 49 -7 -28 -43 -47 -6 -55 -32 -20 -58 -12 -9 -61 -23
right_child=1 4 11 12 5 16 7 13 10 18 58 27 28 22 15 -17 -18 -19 19 40 -22 61 23 31 -26 -27 50 -29 -30 32 36 35 -34 -35 -36 -37 37 -39 -40 -41 41 51 -44 -45 -46 52 47 -49 -50 -51 -52 -53 -54 54 -56 -57 57 -59 -60 60 -62 -63
leaf_value=-0.017458066503529809 -0.012446498207576703 -0.021701622440692538 -0.014762597858990598 -0.01322236834064093 -0.0011315196745253768 0.0037026079877436491 -0.004744709690329172 -0.0033477548184641624 0.0015710633068606317 0.0045082096026827874 -0.0085338631945745397 -0.031537901118706378 0.0027087922152344412 0.015163571863805467 -0.013354870107644393 0.015329409037625247 0.00049016219594468727 0.025436018351577921 -0.014564683493304991 0.0020317635523226549 0.0060030115063567265 -0.013687828528584826 0.0031288249889745599 0.0034037483793702794 -0.00081357116107679277 -0.016260959002318425 0.00095975455524460165 -0.011211719978624265 -0.0071773157985890812 -0.041638444957412708 0.011267080596833406 0.00052993070181935401 -0.00045676734561172507 -0.0048338069862669843 -0.0062867351726767131 -0.018597032649434225 -0.063452506274055631 0.0080820444538400402 -0.019089049491037846 -0.0045717244481134145 -0.03187488640526813 -0.052110694014084337 -0.0034919035507143996 0.015942222822680239 -0.020132014179347592 -0.016507262617527489 -0.010838122939851379 0.020277507919777536 0.01063057844260319 -0.03685689163790265 0.0078537913386752117 -0.0029442564747551754 8.5615859358163161e-05 0.00074393690818856618 0.0089221015937143138 0.00044408556120088615 0.00098224112307498251 0.0083434339971890474 -0.031836721292100599 0.0011051278074524454 0.0078208672107530266 -0.0041641472936566797
leaf_weight=781.4977975487709 305.30103404819965 189.32577837258577 170.2441255832091 797.27457684557885 690.83482890948653 519.72481321543455 2258.1836806749925 1172.325547773391 2880.1668703593314 667.31382575072348 1358.0742971058935 323.5493052424863 1436.805838198401 462.99486956559122 581.17849088646472 83.464448072016239 1049.7206804305315 213.15901987068355 105.11156123690307 520.87505396828055 3404.1629715505987 466.03382880426943 4777.942740406841 443.51340571790934 2299.9799104519188 190.63998453132808 3027.1587921269238 169.66408284753561 1896.3649894008413 28.947229005396366 1564.3362695127726 189.05565035715699 101.0504503864795 1317.7196004027501 1211.5698699895293 243.15078117512167 17.460594348609447 28.327042527496815 99.169922199100256 1084.4378367140889 129.01543272845447 13.844466231763361 4997.3421914670616 496.64838071539998 78.787295874208212 131.36326061654836 79.561966713517904 90.032435811124742 2199.6072701662779 27.314909186214209 972.80032250098884 581.98836178518832 2205.6051360042766 1010.2036908864975 2485.0575915146619 355.7141934633255 1807.0450613368303 937.93843843974173 62.520314924418926 3762.6411563213915 1032.7373013850302 1566.9184084367007
leaf_count=32325 3349 4042 2643 19144 3994 3004 17029 5845 18451 4079 10292 8119 18824 2378 3556 477 8748 1227 517 3114 17537 4738 24004 2295 11369 1456 18103 1634 34670 214 9970 981 729 18287 10430 1252 104 192 879 6083 960 81 33201 2707 558 6231 549 618 11806 192 6006 3532 16150 6153 13610 1688 10293 4279 292 18044 5704 9327
internal_value=-3.03851e-05 0.000662324 -0.00561303 -0.00647021 0.00106297 0.00140898 0.000913051 0.000481007 -0.000626299 0.00134509 -0.00215606 -0.016431 -0.00489117 0.00256582 0.000276767 -0.00973514 0.00699114 0.00919889 0.0027419 0.00184894 0.00290786 -0.00141156 0.00444392 0.00379064 -0.0036807 -0.000584089 -0.000332785 -0.0245826 -0.00346047 0.0079873 0.00471673 -0.0033383 -0.00987475 -0.000899908 -0.00838399 -0.0102486 0.00857256 -0.01997 0.00029493 0.000788229 -0.00447086 -0.00914 -0.00182644 0.00939646 0.000986575 -0.00219743 -0.00456298 0.00570224 0.00883599 0.00161383 0.00263795 -0.00417206 -0.000853748 0.00529014 0.00655933 0.00926326 0.00282854 0.00349962 -0.00958109 0.00139327 0.00255276 -0.00635301
internal_weight=64152.5 57922.8 3475.32 6229.66 54447.5 50746.6 46607.1 42421 27706.2 12105.7 15600.4 833.052 5448.17 14714.8 6632.35 664.643 4139.52 3089.8 9847.55 8683.59 7437.87 14179.8 8082.5 7619.5 3700.88 12146.9 11956.3 493.213 4650.89 2876.64 6743.78 875.72 129.998 2754.53 1400.9 432.206 1965.84 45.7876 4033.7 3934.53 1245.72 724.848 7956.3 1163.96 2958.95 2642.27 339.839 169.594 2746.65 547.04 3999.96 595.833 2336.97 4186.1 3495.26 1920.05 2850.1 2744.98 1420.59 5967.7 4795.38 2032.95
internal_count=488065 364815 39293 123250 325522 299681 273761 250004 173514 71090 102424 13563 90925 76490 33626 4033 25920 17172 54061 47275 39588 91840 42864 40486 25841 77775 76319 9753 71781 15945 35958 4528 943 37111 14472 2233 11954 296 22051 21172 7687 4573 52210 6786 19009 25730 3810 1167 15002 3196 24109 3613 22381 23757 19763 11658 15089 14572 10584 29593 23748 14065
is_linear=0
shrinkage=0.035


Tree=106
num_leaves=63
num_cat=8
split_feature=7 40 42 47 14 43 18 22 26 35 37 48 21 22 18 18 29 27 16 18 22 16 23 22 22 16 17 26 27 52 32 0 16 22 44 41 41 44 22 16 1 18 9 47 28 16 44 40 35 43 26 18 16 19 43 16 18 18 26 22 37 44
split_gain=221.157 131.822 89.1077 107.138 67.6977 57.9497 56.0832 59.916 54.9087 54.7277 52.2878 51.2441 44.7914 44.4088 60.5065 50.7294 45.6808 42.4592 41.2961 40.8179 77.351 61.4748 41.0737 40.6469 40.5938 39.917 39.5222 38.5159 38.0911 35.2377 46.0758 61.2968 34.2867 40.0295 36.5692 33.8345 32.9464 32.8299 30.3406 29.6895 28.5837 28.3973 36.3836 31.6296 28.2803 27.8228 27.5559 36.2391 26.5934 26.1304 25.3162 25.2234 25.2183 25.0234 28.5808 26.7753 24.8423 24.8413 24.8285 24.8237 24.7736 24.2722
threshold=0.59166666666666679 1.0000000180025095e-35 3.5000000000000004 11041.500000000002 16.000000000000004 1.5000000000000002 3805.1250000000005 62.500000000000007 223.50000000000003 7.5000000000000009 4192.3800000000001 4.5000000000000009 38.940000000000005 59.500000000000007 7125.5400000000018 8475.3960000000025 115.50000000000001 10586.880000000003 0 3805.1250000000005 19.500000000000004 1 0.68301270189221941 13.500000000000002 17.500000000000004 2 4770.4500000000007 30.000000000000004 20386.710000000006 3.5000000000000004 169.96000000000004 27.995000000000005 3 3.5000000000000004 443.97000000000003 2660.5150000000008 1288.2900000000002 14.450000000000001 86.500000000000014 4 64.04000000000002 11770.278500000002 501.92000000000013 69.500000000000014 1.0000000180025095e-35 5 4.3500000000000005 332.69333333333344 3.5000000000000004 1.5000000000000002 269.00000000000006 5369.3329166666672 6 126.21166666666667 10.500000000000002 7 3572.3250000000007 1498.9310000000003 345.50000000000006 1.5000000000000002 2545.3300000000004 20.925000000000001
decision_type=8 8 2 8 2 2 10 2 2 2 8 2 8 2 8 8 2 8 9 10 2 9 2 2 2 9 8 2 8 2 10 10 9 2 10 8 8 8 2 9 10 10 10 10 10 9 8 10 2 2 2 10 9 10 2 9 10 10 2 2 8 8
left_child=8 25 3 4 40 6 10 -8 27 11 39 18 53 14 17 -16 38 19 -4 21 -21 24 -22 46 26 -2 48 -1 29 60 58 -32 44 -34 -35 52 -25 -17 -15 -6 -3 42 43 -14 -33 -12 -23 -48 -5 -10 -26 -45 -13 -11 55 -55 -38 -54 -31 -29 -7 -41
right_child=1 2 9 13 5 28 7 -9 49 12 45 35 41 16 15 37 -18 -19 -20 20 22 23 -24 36 50 -27 -28 59 -30 30 31 32 33 34 -36 -37 56 -39 -40 61 -42 -43 -44 51 -46 -47 47 -49 -50 -51 -52 -53 57 54 -56 -57 -58 -59 -60 -61 -62 -63
leaf_value=-0.017115135082281498 0.0073514757103058928 -0.019718561135796543 0.026454356289452852 -0.026893461682256023 -0.0077732365304824264 -0.0092647239990462284 -0.015033678895840471 -0.00064500654720032254 -0.018667825118949679 0.0046532222746110486 0.0126981123721857 -0.00065826321112504591 0.010412974067334747 0.0090282761602217612 -0.026364214526295178 -0.036051159957370141 0.0038687375066669876 -0.023595852192608076 0.0051626961610995456 -0.015146248792038014 0.0060735134286677255 -0.0069810734591349531 0.019698761273354341 -0.0010767295090148739 -0.0012974736611177672 -0.027099430419014872 -0.024926858874597495 -0.014960000644559662 -0.02027228942602911 0.0011230504900454216 -0.010855166571640358 -0.0013110225173128122 -0.018677551320172955 -0.00054619543195868179 -0.0086782735715841934 0.0075212096519725689 0.012495877854605994 -0.00097883895093945077 0.026479534391444969 0.003065106658767666 -0.0065324865287926031 -0.0084593167826255942 0.008987225164811952 0.0010584744471364546 0.0070105480973969214 -0.0014397192228095153 0.0069312581729599962 -0.00086241779625810977 -0.0036739843278477476 -0.0074813678471387602 0.0091145889086399999 0.0074625508840602955 -0.01922900644918514 0.0061625670673689289 0.0057420021746624368 -0.0014908973686218513 -0.023861823578391849 -0.078966799660679987 0.0092644295857132932 -0.00070995026120833631 -0.0010282469051573165 -0.0050756272237620038
leaf_weight=276.49476438015699 49.337737173773348 309.57073449995369 287.08741071820259 64.312122546136379 1484.8806724119931 882.23281698673964 1034.7368552535772 539.15487605705857 849.27720071934164 1484.4382773973048 375.60556947439909 135.39676408469677 637.80877596884966 354.74357526004314 160.42446803301573 34.352638997137547 2496.7565834857523 79.414187908172607 208.06120257079601 163.43482594378293 857.90935413166881 401.77060301229358 396.21639378368855 321.75986151397228 2463.0528681650758 262.16454977355897 147.57024282589555 173.00679698865861 117.73597084358335 10977.400057662278 853.58415054529905 974.84120288863778 178.67114841192961 4187.8747857045382 807.15908965095878 732.73916918411851 1041.2994472533464 435.73795586079359 186.50420993566513 880.74240180850029 577.6258377879858 217.93997925519943 1613.6517212279141 4359.8330561779439 1026.0764220599085 308.13759725540876 1371.6873775310814 1562.6425213739276 815.97190564125776 368.69669806957245 322.63485498353839 909.91383898258209 32.540824834257364 595.13567320257425 876.07284417748451 7390.8196054548025 22.649777844548225 11.075995516031979 477.92340453341603 1075.1421007001773 907.01988180726767 912.53492266871035
leaf_count=9920 1797 6890 1384 336 21207 4050 16325 7675 32592 6741 3339 667 3303 1775 850 190 12319 400 950 900 4413 2010 1916 1470 11783 14143 752 5062 856 76896 12659 5693 1929 25790 5755 3437 4979 2170 945 11701 5216 982 10276 20647 6033 2343 6506 7514 4054 6732 1532 4572 149 2720 4217 33784 106 59 3329 21627 4235 13463
internal_value=-2.9865e-05 0.000405124 0.00052126 -0.000395328 -0.00164323 -0.00132957 -0.00452096 -0.0101082 -0.00975179 0.00247329 -0.00229939 0.0091202 0.00195575 0.00213792 0.00107405 -0.00943418 0.00587032 0.00173535 0.0181733 0.00193982 0.00743761 0.00102598 0.0103904 0.00369057 -0.00227704 -0.0222687 -0.0082241 -0.00532006 -0.00050348 -0.00039312 3.8668e-05 -0.00199432 -0.000938757 -0.00244125 -0.00186175 0.00418917 0.00873478 -0.00361289 0.0150794 -0.00413581 -0.0111505 0.00396951 0.00433074 0.00305751 0.00294297 0.00649834 0.00160444 0.00278195 -0.00539895 -0.0152905 -8.87236e-05 0.00216546 -0.00941555 0.000449214 -0.000255426 -0.000913991 0.0117002 -0.0292686 0.00146349 -0.00269555 -0.00509234 -0.00107197
internal_weight=64061 61318.4 61006.9 41514.4 27813.5 26926.3 5535.79 1573.89 2742.62 19492.5 3961.9 1406.9 18085.6 13700.8 10662.8 630.515 3038 10032.3 495.149 9952.91 1417.56 8535.35 1254.13 4721.81 3813.54 311.502 1027.85 1524.64 21390.5 21272.8 19483.5 8028.21 7174.62 5173.71 4995.03 911.753 1385.71 470.091 541.248 3278.16 887.197 7739.15 7521.21 5907.56 2000.92 683.743 3336.1 2934.33 880.284 1217.97 2785.69 5269.75 179.014 10346.5 8862.03 7985.96 1063.95 43.6168 11455.3 1248.15 1789.25 1793.28
internal_count=488065 412132 396192 302304 235384 223278 76053 24000 75933 93888 52053 6646 87242 66920 51881 3210 15039 48671 2334 48271 7229 41042 6329 22585 18457 15940 5142 36609 147225 146369 138084 57859 45200 33474 31545 4312 6555 2360 2720 46371 12106 39780 38798 28522 11726 5682 16030 14020 4390 39324 13315 25219 875 47462 40721 36504 5085 208 80225 26689 8285 25164
cat_boundaries=0 1 2 3 4 5 6 7 8
cat_threshold=4352 24846 9239 134285 30848 132449 151616 225
is_linear=0
shrinkage=0.035


Tree=107
num_leaves=63
num_cat=8
split_feature=45 40 46 44 50 7 26 29 26 16 26 16 29 23 19 17 32 41 23 18 46 49 16 43 41 30 29 16 32 16 11 8 8 16 29 40 40 27 46 10 15 46 23 26 41 26 8 17 45 32 16 1 47 15 38 17 29 19 16 10 18 18
split_gain=209.346 130.106 102.871 82.4757 51.3633 49.1562 48.2253 51.9973 116.536 69.8567 49.7507 61.1816 54.9488 61.8942 60.2892 51.4691 46.4817 52.7307 51.1068 49.9875 45.9263 45.776 44.1041 43.2207 40.9986 40.2181 40.0412 38.9638 37.783 36.6752 35.669 35.0033 34.9222 34.6564 34.3442 34.0488 57.7472 34.3247 33.7902 32.134 31.862 31.4385 30.4172 32.5246 30.2282 40.9615 29.8454 29.3829 30.2271 28.6825 28.1604 27.8348 27.7967 27.1949 27.0812 26.8877 25.84 29.0035 25.808 24.2129 24.1893 24.0703
threshold=7.166666666666667 1.0000000180025095e-35 104.69500000000002 112.93000000000002 3.7267799624987759 0.47727272727272735 21.500000000000004 23.500000000000004 314.50000000000006 0 131.50000000000003 1 272.50000000000006 0.93301270189221952 642.55000000000007 2.2450000000000006 812.5200000000001 1334.7200000000003 0.25000000000000011 13407.280000000001 927.54000000000008 15.500000000000002 2 7.5000000000000009 1099.1600000000003 48502.44000000001 207.50000000000003 3 223.02000000000001 4 136.84500000000006 6.5000000000000009 6.5000000000000009 5 23.500000000000004 3072.7883333333334 3041.8500000000004 10586.880000000003 2103.9800000000005 6557.7850000000008 2.0883553651680211 314.85000000000008 -0.6830127018922193 39.500000000000007 1875.9600000000003 284.50000000000006 22.500000000000004 3385.3300000000004 1.297058823529412 1900.9600000000003 6 1900.8900000000003 2206.2600000000007 0.14171024654841849 1.0950000000000004 994.88000000000011 272.50000000000006 1915.6210714285719 7 1083.7800000000004 145.43740909090911 38127.19000000001
decision_type=10 8 8 10 10 10 2 2 2 9 2 9 2 2 10 8 10 8 2 10 10 10 9 2 10 8 2 9 10 9 10 2 2 9 2 10 10 10 8 8 8 10 2 2 8 2 2 8 10 10 9 8 8 10 8 10 2 10 9 10 10 10
left_child=1 33 3 5 -5 -3 22 9 10 -8 12 24 14 35 29 60 17 55 20 23 -18 -2 32 25 41 38 -6 -16 34 51 -21 -28 53 -1 -7 36 58 39 -19 -37 -31 -12 44 -44 -36 -46 -27 49 -49 -15 -11 -9 -10 -4 -45 -17 57 -33 -14 -29 -13 -39
right_child=21 2 6 4 26 28 7 8 52 50 11 15 13 47 27 16 18 19 -20 30 -22 -23 -24 -25 -26 46 31 59 -30 40 -32 56 -34 -35 42 37 -38 61 -40 -41 -42 -43 43 54 45 -47 -48 48 -50 -51 -52 -53 -54 -55 -56 -57 -58 -59 -60 -61 -62 -63
leaf_value=0.0052322243393818557 -0.0075899620426250385 -0.0099589441838198196 -0.0062107921797340251 -0.011450650501646183 -0.0071139714217122599 -0.0064464042171635929 0.0033626664861748376 -0.0070093144403874973 0.006563038393156034 -0.020112112092612412 0.001329212299533176 0.010789455300006618 0.0038397842726186284 0.0043920687503043203 -9.3910999038226698e-05 -0.012872362641610726 -0.0072512343840397423 0.00027381725250557649 -0.014235470631375608 -0.02937234454900781 0.0033706931957504611 -0.019135659003653164 -0.014712774751038958 0.008188534676740156 -0.033541534331490701 -0.04745620708419715 0.010682986959360007 0.010083471052903404 -0.0053124240349130356 0.0089429634000301496 -0.0052194872960922775 0.0015285795487817281 -0.0028819107936248426 -0.027139609572104168 -0.010062838520231529 0.0034206053689358452 -0.058158040929012139 -0.017746717230639624 0.0052150671324237511 0.034341146329274728 -0.0021303322730677593 0.011423306415857376 -0.0047516740775352083 0.0049359919271973743 -0.001989627420426424 0.012073218087559706 0.017524248780189992 0.016364135655584255 0.0039364944027473515 -0.0070086179398936377 -0.0058115130395331787 0.015186831363575511 0.014184610723855413 0.033244795229131589 0.00097606916262524095 -0.0020810469941591045 -0.0065379858597835773 0.057633882143418316 -0.0036918893895043024 0.019859345731322326 -0.034714805927171355 0.016531824039455353
leaf_weight=50.615886962972581 1217.227021638304 621.03271272499114 32.636075645685196 1307.2963753668591 1829.2664704732597 779.35774393938482 1258.4793671993539 640.02092573232949 2404.9929228313267 187.09349738247693 614.69567647203803 17.119363138452172 669.27308224886656 2604.6527276299894 406.42196639254689 488.45343026146293 1011.6785806380212 10201.744764007628 530.75796395167708 87.161860419437289 981.50089052133262 643.88835213333368 380.58135138452053 1107.5396162010729 29.351998811587691 34.127007964998484 318.9333157800138 1629.7080258373171 1430.4648813307285 927.99630898237228 502.93895234912634 825.69771923497319 1158.1878060847521 253.71266445983201 470.85534177254885 1974.1790230143815 21.865177024155855 147.24348701164126 2032.2314146868885 41.067008189857006 483.73332200199366 981.70379903353751 774.68440372310579 3801.8886053385213 2274.6087483186275 284.56754338368773 10.904527388513086 488.61358274519444 471.41680624708533 300.71899677813053 1457.5394846685231 76.641191191971302 776.15466725453734 59.663186524063349 4769.5674025937915 671.15304957330227 785.5647463016212 10.444968022406099 3136.8208248987794 384.60358984395862 75.237008232623339 29.383943133056164
leaf_count=1692 38922 14626 181 25909 14642 9002 6878 3163 12394 1068 3125 110 3258 12479 2171 2718 5990 53343 2911 637 5285 31375 2128 5680 144 194 2102 8351 14236 4382 2598 4918 5966 13092 5644 9913 107 787 11442 212 2337 4877 8215 37492 17139 2559 61 2464 2234 1512 8306 347 4080 296 24886 3511 5255 68 15448 2079 973 151
internal_value=-2.9204e-05 0.000317434 0.000430006 -0.00161295 -0.00547491 -0.00032327 0.0014279 0.00166909 0.00202306 -0.00284069 0.00142039 0.000261659 0.00297587 0.00151065 0.00615877 -0.000335254 -0.000198415 0.000534908 -0.00459468 0.00113011 -0.00202161 -0.0115925 -0.00446923 0.00156982 0.00673655 0.00097221 -0.00340021 0.00993579 8.76454e-05 0.00186032 -0.00883068 0.000102277 -0.00121511 -0.0224735 0.00067518 -0.000708655 -0.00270024 0.00276915 0.00109499 0.00406743 0.00511365 0.00753983 0.00112413 0.00211205 -0.00192281 -0.000421805 -0.0316821 0.0049662 0.0102721 0.00321004 -0.00756117 -0.0045543 0.00842647 0.0193767 0.00273287 -0.00663378 -0.00198388 0.00229745 -0.00236645 0.0118999 -0.0262548 -0.0119831
internal_weight=63977.7 62116.5 61812.2 20284.2 5077.2 15207 41528 39896.9 36993.8 2903.11 33812.7 19378.3 14434.4 9885.23 4549.13 17752.5 17660.2 15136.3 2523.94 13976.6 1993.18 1861.12 1631.07 13386.5 1625.75 12279 3769.91 2420.73 14586 2128.39 590.101 1940.64 1250.49 304.329 13155.5 6019.83 3827.96 2191.87 12234 2015.25 1411.73 1596.4 12376.2 9346.14 3030.03 2559.18 45.0315 3865.4 960.03 2905.37 1644.63 716.662 3181.15 92.2993 8571.46 1159.61 1621.71 836.143 3806.09 2014.31 92.3564 176.627
internal_count=488065 417768 402984 186693 52894 133799 216291 207720 191468 16252 174994 103599 71395 48565 22830 95453 94370 80184 14186 73955 11275 70297 8571 70720 8146 65040 26985 12601 119173 10229 3235 12343 6443 14784 104937 29876 18813 11063 64785 10125 6719 8002 95935 70593 25342 19698 255 18689 4698 13991 9374 3510 16474 477 62378 6229 10241 4986 18706 10430 1083 938
cat_boundaries=0 1 2 3 4 5 6 7 8
cat_threshold=21664 66745 21952 4104 21521 9237 2048 4228
is_linear=0
shrinkage=0.035


end of trees

feature_importances:
target_days_since_prev_tet_from_midmonth=607
size_branch_positive_sku_count_lag_1=483
tile_size_code=415
target_working_days_proxy=387
sku_global_lag_1=358
size_branch_roll_12_mean=290
target_month_sin=225
sku_global_roll_3_mean=219
sku_global_lag_12=208
pair_positive_rate_to_origin=202
size_branch_roll_3_mean=198
target_days_to_next_tet_from_midmonth=181
sku_global_lag_6=173
size_branch_target_available_sku_count_lag_1=172
months_since_last_positive=170
size_branch_lag_12=165
target_month_num=159
size_branch_lag_1=140
pair_roll_6_positive_count=138
pair_lag_1=137
sku_global_positive_rate_12m=135
size_branch_lag_2=135
sku_global_roll_12_mean=131
pair_peak_positive_m2_to_origin=113
size_branch_lag_6=107
sku_known_branch_count_to_origin=103
sku_global_lag_2=100
pair_roll_3_positive_count=83
pair_roll_12_positive_count=75
sku_global_lag_3=65
pair_adi_target_available_to_origin=60
months_since_first_positive=53
sku_global_roll_6_mean=52
pair_last_positive_m2_to_origin=42
sku_ever_positive_branch_count_to_origin=41
pair_roll_6_std=41
pair_roll_12_target_available_count=38
pair_lag_2=37
pair_roll_3_mean=36
pair_roll_6_mean=29
pair_roll_3_std=25
sku_global_roll_6_sum=20
pair_roll_3_sum=19
target_lunar_month_mid=19
pair_cv2_positive_to_origin=18
pair_roll_6_sum=16
pair_roll_12_std=15
pair_roll_12_mean=14
target_public_holiday_event_count=12
pair_lag_6=10
pair_roll_12_sum=9
pair_lag_3=9
pair_lag_12=7

parameters:
[boosting: gbdt]
[objective: binary]
[metric: binary_logloss]
[tree_learner: serial]
[device_type: cpu]
[data_sample_strategy: bagging]
[data: ]
[valid: ]
[num_iterations: 108]
[learning_rate: 0.035]
[num_leaves: 63]
[num_threads: 1]
[seed: 42]
[deterministic: 0]
[force_col_wise: 0]
[force_row_wise: 0]
[histogram_pool_size: -1]
[max_depth: -1]
[min_data_in_leaf: 50]
[min_sum_hessian_in_leaf: 0.001]
[bagging_fraction: 0.9]
[pos_bagging_fraction: 1]
[neg_bagging_fraction: 1]
[bagging_freq: 0]
[bagging_seed: 400]
[bagging_by_query: 0]
[feature_fraction: 0.9]
[feature_fraction_bynode: 1]
[feature_fraction_seed: 30056]
[extra_trees: 0]
[extra_seed: 12879]
[early_stopping_round: 0]
[early_stopping_min_delta: 0]
[first_metric_only: 0]
[max_delta_step: 0]
[lambda_l1: 0]
[lambda_l2: 1]
[linear_lambda: 0]
[min_gain_to_split: 0]
[drop_rate: 0.1]
[max_drop: 50]
[skip_drop: 0.5]
[xgboost_dart_mode: 0]
[uniform_drop: 0]
[drop_seed: 17869]
[top_rate: 0.2]
[other_rate: 0.1]
[min_data_per_group: 100]
[max_cat_threshold: 32]
[cat_l2: 10]
[cat_smooth: 10]
[max_cat_to_onehot: 4]
[top_k: 20]
[monotone_constraints: ]
[monotone_constraints_method: basic]
[monotone_penalty: 0]
[feature_contri: ]
[forcedsplits_filename: ]
[refit_decay_rate: 0.9]
[cegb_tradeoff: 1]
[cegb_penalty_split: 0]
[cegb_penalty_feature_lazy: ]
[cegb_penalty_feature_coupled: ]
[path_smooth: 0]
[interaction_constraints: ]
[verbosity: -1]
[saved_feature_importance_type: 0]
[use_quantized_grad: 0]
[num_grad_quant_bins: 4]
[quant_train_renew_leaf: 0]
[stochastic_rounding: 1]
[linear_tree: 0]
[max_bin: 255]
[max_bin_by_feature: ]
[min_data_in_bin: 3]
[bin_construct_sample_cnt: 200000]
[data_random_seed: 175]
[is_enable_sparse: 1]
[enable_bundle: 1]
[use_missing: 1]
[zero_as_missing: 0]
[feature_pre_filter: 1]
[pre_partition: 0]
[two_round: 0]
[header: 0]
[label_column: ]
[weight_column: ]
[group_column: ]
[ignore_column: ]
[categorical_feature: 16]
[forcedbins_filename: ]
[precise_float_parser: 0]
[parser_config_file: ]
[objective_seed: 16083]
[num_class: 1]
[is_unbalance: 0]
[scale_pos_weight: 1]
[sigmoid: 1]
[boost_from_average: 1]
[reg_sqrt: 0]
[alpha: 0.9]
[fair_c: 1]
[poisson_max_delta_step: 0.7]
[tweedie_variance_power: 1.5]
[lambdarank_truncation_level: 30]
[lambdarank_norm: 1]
[label_gain: ]
[lambdarank_position_bias_regularization: 0]
[eval_at: ]
[multi_error_top_k: 1]
[auc_mu_weights: ]
[num_machines: 1]
[local_listen_port: 12400]
[time_out: 120]
[machine_list_filename: ]
[machines: ]
[gpu_platform_id: -1]
[gpu_device_id: -1]
[gpu_use_dp: 0]
[num_gpu: 1]

end of parameters

pandas_categorical:[["100100", "1033", "15580", "1580", "1590", "2040", "2550", "3030", "3060", "4040", "4060", "4080", "5050", "60120", "6060", "8012", "80120", "8080"]]
