tree
version=v4
num_class=1
num_tree_per_iteration=1
label_index=0
max_feature_idx=52
objective=binary sigmoid:1
feature_names=sku_global_roll_3_mean sku_global_lag_3 sku_global_lag_1 size_branch_target_available_sku_count_lag_1 pair_lag_1 pair_roll_3_mean pair_roll_6_mean sku_global_positive_rate_12m sku_known_branch_count_to_origin pair_roll_3_sum pair_roll_12_sum pair_roll_6_sum sku_global_roll_6_mean pair_positive_rate_to_origin target_working_days_proxy pair_cv2_positive_to_origin tile_size_code size_branch_lag_2 size_branch_roll_12_mean sku_global_roll_12_mean pair_roll_3_std pair_lag_2 size_branch_positive_sku_count_lag_1 target_month_sin months_since_last_positive pair_roll_12_mean target_days_since_prev_tet_from_midmonth size_branch_lag_1 pair_lag_12 target_days_to_next_tet_from_midmonth sku_global_roll_6_sum target_public_holiday_event_count sku_global_lag_12 target_lunar_month_mid pair_roll_3_positive_count sku_ever_positive_branch_count_to_origin pair_lag_6 size_branch_lag_6 pair_lag_3 pair_last_positive_m2_to_origin size_branch_roll_3_mean size_branch_lag_12 pair_roll_6_positive_count pair_roll_12_positive_count pair_peak_positive_m2_to_origin pair_adi_target_available_to_origin sku_global_lag_2 sku_global_lag_6 target_month_num months_since_first_positive pair_roll_6_std pair_roll_12_std pair_roll_12_target_available_count
feature_infos=[0:22618.98] [0:31196.16] [0:31196.16] [0:351] [0:13108.32] [0:8577.3600000000006] [0:8577.3600000000006] [0:1] [1:47] [0:22056.48] [0:74509.5] [0:41260.5] [0:22618.98] [0:1] [15:23] [0:8.5140033033036193] -1:8:14:17:11:12:7:6:5:3:13:10:0:16:4:2:1:15 [0:65640.959999999992] [0:47521.4375] [0:22618.98] [0:5490.7199999999993] [0:13108.32] [0:138] [-1:1] [0:26] [0:8577.3600000000006] [17:382] [0:65640.959999999992] [0:10404] [2:367] [0:84486.419999999984] [0:2] [0:31196.16] [1:12] [0:3] [0:47] [0:13108.32] [0:65640.959999999992] [0:13108.32] [0.029999999999999999:13108.32] [0:59159.5] [0:65640.959999999992] [0:6] [0:12] [0.029999999999999999:13108.32] [1:27] [0:31196.16] [0:31196.16] [1:12] [0:26] [0:5490.7199999999993] [0:5490.7199999999993] [0:12]
tree_sizes=6831 6973 6969 6981 6979 7010 6990 7021 7005 7002 6994 7000 7013 7031 7036 7014 7000 7007 7040 6998 7042 7032 7017 6995 7037 7039 7044 7015 7012 7009 6990 7010 6974 7072 7068 6990 7070 7016 6992 7011 6989 7035 7022 7002 7062 7007 7040 7029 7007 7057 6985 7047 7056 7068 7016 7013 6953 7015 7013 7019 7046 7050 7079 7020 6986 7012 7050 7063 7071 7021 7071 7074 7067 7033 7019 7035 7063 7097 7019 7020 7043 7079 7041 7027 7070 7030 7060 6948 7062 7068 7070 6958 7002 6983 7037

Tree=0
num_leaves=63
num_cat=1
split_feature=45 2 20 34 0 34 6 47 1 7 2 2 22 0 0 2 45 20 45 45 47 14 42 9 0 45 22 23 42 22 29 16 45 42 22 24 34 14 2 40 4 7 18 1 17 18 48 2 26 47 44 48 18 47 9 46 7 52 51 2 26 0
split_gain=92318.1 14175.1 11348.4 3481.29 3022.25 2083.18 1488.6 1381.06 1005.68 849.522 780.93 760.583 724.896 708.067 561.693 514.465 502.086 314.105 312.196 297.138 292.806 284.287 259.406 236.585 222.943 214.943 213.831 204.57 201.017 188.865 180.8 177.544 173.93 164.192 163.414 158.148 157.505 154.774 159.463 153.222 150.645 150.389 146.677 146.64 155.012 141.753 131.111 127.266 120.353 113.48 107.743 105.821 105.464 97.0777 94.4999 94.0499 90.7575 90.2731 88.2227 85.9281 84.992 83.2671
threshold=1.531372549019608 217.89000000000001 1.0000000180025095e-35 2.5000000000000004 281.16666666666674 1.5000000000000002 1.0000000180025095e-35 inf 813.06500000000017 0.95833333333333337 1124.8200000000004 64.675000000000026 1.0000000180025095e-35 141.31666666666669 540.60000000000014 942.78000000000009 2.0384615384615388 1.0000000180025095e-35 1.1702898550724641 1.0976190476190479 11461.410000000002 16.000000000000004 4.5000000000000009 415.47000000000008 59.603333333333346 2.0871212121212124 32.500000000000007 0.68301270189221941 3.5000000000000004 1.0000000180025095e-35 272.50000000000006 0 2.7638888888888893 1.5000000000000002 1.0000000180025095e-35 9.5000000000000018 2.5000000000000004 19.500000000000004 453.92000000000007 12452.190000000001 14.445000000000002 0.95833333333333337 11807.703750000002 2003.1300000000001 10022.220000000003 5539.0463636363647 4.5000000000000009 56.920000000000009 21.500000000000004 645.30000000000007 380.97000000000008 10.500000000000002 7120.7249999999995 6297.0300000000007 1.4399999999999999 562.53000000000009 0.95833333333333337 3.5000000000000004 106.75721517360365 43.225000000000009 21.500000000000004 21.426666666666673
decision_type=8 10 8 2 10 2 10 8 8 8 10 8 2 10 10 10 10 8 10 10 8 2 2 10 10 10 2 2 2 2 2 9 10 2 2 10 2 2 10 10 10 10 10 8 8 10 2 10 2 10 8 2 10 8 8 10 10 2 8 10 2 10
left_child=1 5 6 7 9 8 35 12 17 25 19 27 -3 41 28 31 34 -1 49 40 33 -16 39 -12 -19 61 45 36 -14 -15 -29 -9 -31 -11 -6 57 -7 -36 -39 54 -5 -8 -28 51 -45 46 -17 -10 -24 56 -40 58 -18 -32 -23 -51 -13 -2 -33 -35 -56 -4
right_child=2 3 4 10 16 11 13 15 47 20 23 18 14 29 21 26 52 24 -20 -21 -22 22 48 -25 -26 -27 42 30 -30 32 53 43 -34 59 37 -37 -38 38 50 -41 -42 -43 -44 44 -46 -47 -48 -49 -50 55 -52 -53 -54 -55 60 -57 -58 -59 -60 -61 -62 -63
leaf_value=-1.0801226469417691 -1.0645092964613501 -1.0835326787165496 -1.0734288213645613 -0.98561704890830149 -1.0666021911694865 -1.0464699133453179 -1.0859243128628302 -1.0267449975408343 -1.0365967440561163 -1.069266180937114 -0.96517907242673417 -1.0249644906052651 -1.0310804825067623 -1.0879439920215361 -1.0399102829863778 -0.99703820761180917 -1.0444563916361043 -1.065632278413509 -1.0208560922284711 -0.99098056466704354 -1.0418528643182601 -1.029344117444994 -1.0244757696025935 -0.94777725443748062 -1.0457294822741567 -1.0792074623018082 -0.95597110701681098 -0.99657097814154916 -1.0097235397466162 -1.0537362852742289 -1.0360198988179796 -0.99371269384148864 -1.0692152799168304 -1.061681538285967 -1.0451490440331503 -1.0943189815817806 -1.0244233494771464 -1.0322215186183907 -1.0127431741248893 -1.0500526973861242 -0.967259700811822 -1.07644820058886 -1.007342709028392 -0.9690884256992004 -0.99910638166253107 -1.0183070114638999 -0.96946223386880848 -1.0122788909758247 -0.97977741553204845 -1.031698266959457 -1.0317417776864555 -0.96966462445566914 -1.0689319230284602 -0.98844373000324659 -1.0261435177090856 -0.99490691858874991 -0.99323254678235473 -1.0891863092624343 -1.0140057755019534 -1.050665249007334 -0.99761360767485008 -1.0595475811642761
leaf_weight=766.29309564828873 185.90769839286804 145.76853623986244 887.09468892216682 724.23339942097664 119.26516601443291 1398.5329129099846 5855.5163391530514 225.66275373101234 441.5307836830616 1421.9634286165237 1815.8649672567844 122.14596712589264 996.75718456506729 391.98100456595421 189.36465972661972 297.87483492493629 1942.0440559387207 1268.1286492645741 1615.937370121479 1334.1950214207172 1561.9703626334667 132.70890453457832 80.2783243060112 2156.1836052238941 1508.771568775177 3374.9545287787914 1062.2473964989185 279.05360099673271 1184.9695238471031 1593.2750680446625 505.6766217648983 677.37236800789833 2013.2958700954914 1475.1622224748135 422.70954975485802 13414.738455623388 553.49792021512985 1342.4533179402351 1698.7123887240887 77.589576601982117 2574.0918197929859 3185.3978156447411 75.284935712814331 613.80269014835358 332.44444826245308 113.50356379151344 807.20047143101692 659.12729430198669 1179.9761352539062 225.4707003235817 469.76263457536697 144.8082692027092 241.6031865477562 57.80807563662529 136.5499726831913 137.31818631291389 1417.1620934307575 12288.921381264925 442.10694390535355 2103.5609715878963 2785.5426213741302 1317.1022681593895
leaf_count=3990 968 759 4619 3771 621 7282 30489 1175 2299 7404 9455 636 5190 2041 986 1551 10112 6603 8414 6947 8133 691 418 11227 7856 17573 5531 1453 6170 8296 2633 3527 10483 7681 2201 69849 2882 6990 8845 404 13403 16586 392 3196 1731 591 4203 3432 6144 1174 2446 754 1258 301 711 715 7379 63987 2302 10953 14504 6858
internal_value=-1.04972 -1.00134 -1.07611 -0.98403 -1.05344 -1.03343 -1.08681 -0.996466 -1.05122 -1.06361 -0.967126 -1.02034 -1.00649 -1.07716 -1.00483 -0.982022 -1.03364 -1.0603 -1.00951 -0.976933 -1.05508 -0.997864 -0.996054 -0.955709 -1.05482 -1.07365 -0.970336 -1.03398 -1.01947 -1.0649 -1.01957 -0.993353 -1.06238 -1.05921 -1.02635 -1.09167 -1.04021 -1.02513 -1.02272 -1.00149 -0.97127 -1.08259 -0.959331 -0.990328 -0.97957 -0.980674 -0.976841 -1.02201 -0.982602 -0.999896 -1.01685 -0.99796 -1.04717 -1.03104 -1.00025 -1.01766 -0.995733 -1.08882 -1.00169 -1.05521 -0.998938 -1.06514
internal_weight=88570.2 31262.8 57307.4 20306.4 18378.4 10956.5 38929 11701.8 4643.85 12141.8 8604.57 6312.6 6909.51 13039.5 6763.74 4792.31 6236.55 3543.19 3518.03 4632.52 6562.66 4582.01 4392.65 3972.05 2776.9 5579.15 2356.11 2794.57 2181.73 3998.55 842.538 2436.2 3606.57 5000.69 4052.9 25889.6 1952.03 3933.64 3510.93 3132.39 3298.33 9040.91 1137.53 2210.53 946.247 1218.58 1105.08 1100.66 1260.25 1902.1 2168.48 1264.29 2183.65 563.485 3054.8 362.789 1539.31 12474.8 1119.48 3578.72 2922.09 2204.2
internal_count=461175 162782 298393 105733 95694 57049 202699 60930 24180 63221 44803 32869 35977 67895 35218 24953 32473 18449 18318 24121 34171 23858 22872 20682 14459 29050 12268 14551 11360 20820 4387 12685 18779 26038 21103 134804 10164 20482 18281 16310 17174 47075 5923 11510 4927 6345 5754 5731 6562 9904 11291 6583 11370 2934 15906 1889 8015 64955 5829 18634 15215 11477
cat_boundaries=0 1
cat_threshold=10293
is_linear=0
shrinkage=1


Tree=1
num_leaves=63
num_cat=0
split_feature=13 2 20 34 0 34 6 47 1 7 0 2 22 2 45 0 19 20 13 13 47 14 42 22 2 7 9 23 45 22 42 17 48 18 13 29 24 7 34 4 27 42 14 18 23 2 44 2 26 47 18 0 3 4 3 2 22 0 26 47 9 44
split_gain=85072.6 12401.5 10926.3 2945.16 2826.83 1899.04 1462 1189.76 929.502 690.996 684.586 679.579 658.179 646.379 556.94 492.005 449.926 300.044 274.559 255.671 250.538 250.439 222.804 216.171 206.323 200.196 192.914 185.496 182.301 181.822 179.296 174.929 219.562 165.929 164.906 160.296 156.901 146.935 143.987 141.503 141.348 139.945 126.386 125.606 123.808 114.102 107.424 104.634 103.603 100.832 100.492 110.46 97.9702 94.0246 91.8257 90.9737 90.2363 90.1316 87.2031 86.5899 83.5549 81.4064
threshold=0.65301003344481623 217.89000000000001 1.0000000180025095e-35 2.5000000000000004 204.34500000000003 1.5000000000000002 1.0000000180025095e-35 inf 813.06500000000017 0.95833333333333337 141.31666666666669 64.675000000000026 1.0000000180025095e-35 1124.8200000000004 2.0801282051282057 540.60000000000014 467.97000000000008 0.84852813742377975 0.85449735449735453 0.84412955465587058 11461.410000000002 16.000000000000004 4.5000000000000009 32.500000000000007 472.07000000000011 0.95833333333333337 415.47000000000008 0.68301270189221941 2.5277777777777781 1.0000000180025095e-35 3.5000000000000004 7650.0000000000009 4.5000000000000009 11807.703750000002 0.36181818181818187 272.50000000000006 9.5000000000000018 0.95833333333333337 2.5000000000000004 14.970000000000002 1.0000000180025095e-35 1.5000000000000002 16.000000000000004 11807.703750000002 0.68301270189221941 56.920000000000009 380.97000000000008 128.25000000000003 21.500000000000004 1032.2850000000003 7120.7249999999995 379.47000000000008 85.500000000000014 10.105000000000002 254.50000000000003 98.120000000000019 18.500000000000004 18.550000000000001 192.50000000000003 6297.0300000000007 1.4399999999999999 340.93000000000006
decision_type=10 10 8 2 10 2 10 8 8 8 10 8 2 10 10 10 10 8 10 10 8 2 2 2 10 10 10 2 10 2 2 10 2 10 10 2 10 10 2 10 8 2 2 10 2 10 8 10 2 10 10 10 2 8 2 10 2 10 2 8 8 8
left_child=2 5 6 7 9 8 36 12 17 28 37 27 -3 19 24 30 58 -2 -13 -5 41 -17 43 31 44 -19 -15 38 -4 -12 -14 32 56 53 -31 -29 57 -8 -7 -21 -26 -11 -42 60 47 -10 -44 -6 -24 -20 51 -16 -34 -25 -41 -27 -18 -1 -9 -37 -23 -36
right_child=1 3 4 13 14 11 10 16 45 20 29 18 15 26 50 21 23 25 49 39 -22 22 48 33 40 55 -28 35 -30 34 -32 -33 52 -35 61 59 -38 -39 -40 54 42 -43 46 -45 -46 -47 -48 -49 -50 -51 -52 -53 -54 -55 -56 -57 -58 -59 -60 -61 -62 -63
leaf_value=-0.041598072990175171 -0.027279670629164064 -0.033186934534772457 -0.017912530203107305 0.049707743820720504 -0.011230083943845547 0.0031307132592758745 -0.035572501920868832 0.040473451575701924 0.012583660975406183 -0.020487664841106035 -0.037596690729597565 0.027466948454474161 0.017824841585487174 0.07838245603363854 -0.0081459292462746254 0.009422458983037613 0.031091824628810116 -0.017568989425085842 0.049568849786646871 0.059182334223149773 0.0068728380758573049 0.019407875848342932 0.024077712914661265 0.061362938173661501 -0.023077479563934859 -0.0028268958579989647 0.09377371694637146 0.050007648936845873 -0.030948777253741133 -0.018995959785247943 0.037860095558739822 0.019193260774516059 0.074872607745877881 0.037633908985341698 0.00059479742098473014 0.013132991065184611 -0.044006796943032972 -0.026137375266401957 0.024114838433316004 0.073221482479766314 -0.0086538350706589877 -0.0064952175825111376 0.033966162028041709 0.0054087181446981951 0.02321902597704242 0.035485496797352141 0.015869537173782654 0.011292137106661696 0.065285266353158719 0.022555405312253089 -0.01963051844521168 0.0078201103446739178 0.032141217308815979 0.085702390535918105 0.095636630276256601 0.014323927864671255 0.061685072365405019 -0.035547788587186005 0.058855527467807714 0.057486936502754091 0.04789662417907084 -0.017875137539078993
leaf_weight=5911.978120341897 932.59878845512867 143.38343082368374 2791.6991676241159 803.73740749061108 324.15930639207363 1400.7196115851402 5752.895560875535 953.13252928853035 444.31436449289322 1231.807928159833 384.72604066133499 1638.2856884896755 1005.6745304167271 1888.6682907491922 799.51499472558498 190.25752568244934 277.95817646384239 890.89666935801506 1757.2526652514935 910.37109398841858 1325.7469530701637 133.61852979660034 81.249936938285828 242.08450777828693 66.67221274971962 1133.7723200917244 2260.058618158102 286.12951250374317 2493.0846062153578 1994.3419540971518 1207.6345212757587 113.15072736144066 1138.462657019496 113.01392737030983 1205.2947978973389 509.00443542003632 13124.78682012856 3144.2398163080215 560.2108049094677 2823.1154559850693 107.97710219025612 3027.6541481465101 1838.7212650626898 93.323837354779243 829.3528618812561 670.93432080745697 517.62973164021969 1134.3203288167715 1219.2271728515625 190.00296451151371 281.73815004527569 1574.7815308719873 71.984336331486702 1339.6918962299824 255.45594367384911 567.81426487863064 210.21601136028767 6326.6418484300375 486.38007664680481 59.495516210794449 2977.5377626866102 384.89693927764893
leaf_count=31380 4918 759 14673 4071 1683 7282 30489 4843 2299 6475 2041 8414 5190 9455 4171 986 1414 4661 8931 4601 6877 689 418 1215 350 5918 11227 1453 13169 10483 6170 578 5728 576 6288 2633 69849 16586 2882 14167 561 15811 9421 483 4294 3432 2674 5876 6144 973 1480 8179 363 6707 1282 2952 1068 33575 2461 301 15138 2008
internal_value=-1.59847e-05 0.0456101 -0.0258081 0.0614363 -0.00360352 0.0155939 -0.0364628 0.0500963 -0.00145446 -0.0149962 -0.0268488 0.027951 0.0408543 0.0766456 0.0129636 0.0423955 0.0632623 -0.0102658 0.0380559 0.06785 -0.00641054 0.0488117 0.0504727 0.0700376 0.0200552 -0.00413727 0.0867876 0.0150738 -0.024067 -0.0147562 0.0287687 0.0615375 0.0643452 0.0790827 -0.0122949 0.0286739 -0.0413385 -0.0322414 0.00913482 0.0714922 0.0269407 -0.0105456 0.0283028 0.0454798 0.0124293 0.0263809 0.0299992 0.00628212 0.0627312 0.046946 9.46734e-05 0.00244258 0.07236 0.0820185 0.0751119 0.00290133 0.044365 -0.0384736 0.0467209 0.0178676 0.0466797 -0.00388417
internal_weight=88555.5 31980.8 56574.7 20939.4 18344.9 11041.4 38229.8 11998 4640.33 10870 12866.4 6401.1 7051.91 8941.41 7474.87 6908.52 4946.07 3525.08 3585.54 4792.68 5585.21 4695.21 4504.96 3506.56 4818.83 2592.48 4148.73 2815.56 5284.78 3969.26 2213.31 1811.77 1698.62 1694.79 3584.53 854.629 25363.4 8897.14 1960.93 3988.94 2531 4259.46 2464.33 3204.48 2287.83 1115.25 2356.35 1458.48 1300.48 1947.26 2656.03 2374.3 1210.45 1581.78 3078.57 1701.59 488.174 12238.6 1439.51 568.5 3111.16 1590.19
internal_count=461175 162782 298393 105733 95694 57049 202699 60930 24180 57005 67895 32869 35977 44803 38689 35218 24953 18449 18318 24121 29163 23858 22872 17649 24859 13531 20682 14551 27842 20820 11360 9151 8573 8498 18779 4387 134804 47075 10164 20050 13006 22286 12656 16310 11853 5731 12095 7559 6562 9904 13830 12350 6091 7922 15449 8870 2482 64955 7304 2934 15827 8296
is_linear=0
shrinkage=0.035


Tree=2
num_leaves=63
num_cat=3
split_feature=13 2 20 34 0 34 11 47 47 2 7 22 2 0 45 2 2 13 13 0 47 34 0 16 40 16 42 45 9 34 24 22 27 23 51 1 17 42 23 29 7 1 14 29 16 0 32 29 14 34 17 29 14 14 44 14 22 29 40 4 0 52
split_gain=78559.9 10964.4 10522.5 2710.52 2640.25 1605.4 1437.58 1106.2 782.849 667.142 626.778 621.164 598.52 548.589 540.248 516.187 430.895 243.223 238.115 235.24 230.166 218.683 204.097 188.203 181.47 172.71 169.677 169.056 165.553 162.763 156.018 154.687 151.739 141.472 140.213 137.617 134.21 133.859 128.838 182.089 123.232 122.169 120.219 132.855 107.478 107.149 107.081 106.099 105.807 103.703 103.239 102.282 102.266 102.186 100.7 99.6015 98.0619 105.384 108.26 93.8218 90.4936 89.6508
threshold=0.65301003344481623 184.41000000000005 1.0000000180025095e-35 2.5000000000000004 189.20333333333335 1.5000000000000002 1.0000000180025095e-35 inf inf 75.560000000000016 0.95833333333333337 1.0000000180025095e-35 1099.4800000000002 443.13000000000005 2.0801282051282057 46.040000000000013 942.78000000000009 0.78019323671497598 0.91485507246376818 56.836666666666751 11461.410000000002 2.5000000000000004 370.76166666666671 0 1.0000000180025095e-35 1 1.5000000000000002 2.5277777777777781 415.47000000000008 1.5000000000000002 9.5000000000000018 8.5000000000000018 1.0000000180025095e-35 0.68301270189221941 183.65673412549225 2003.1300000000001 9702.1800000000003 1.5000000000000002 0.68301270189221941 272.50000000000006 0.95833333333333337 317.48000000000008 19.500000000000004 333.50000000000006 2 379.47000000000008 733.86000000000013 353.00000000000006 19.500000000000004 2.5000000000000004 12369.960000000003 272.50000000000006 16.000000000000004 16.000000000000004 319.34000000000009 19.500000000000004 28.500000000000004 283.50000000000006 4789.5000000000009 10.105000000000002 17.280000000000026 3.5000000000000004
decision_type=10 10 8 2 10 2 10 8 8 10 8 2 10 10 10 8 10 10 10 10 8 2 10 9 10 9 2 10 10 2 10 2 8 2 10 8 8 2 2 2 10 8 2 2 9 10 10 2 2 2 10 2 2 2 10 2 2 2 10 10 10 2
left_child=2 5 6 7 10 8 30 11 19 40 27 -3 18 23 22 33 25 53 -5 -2 37 38 -6 48 -11 -9 -26 -4 -14 -19 61 -18 -24 49 55 -27 -37 -12 -17 -40 -8 -10 -20 -44 -43 -16 -21 52 -13 -7 56 -35 -31 -15 -47 -34 57 58 -33 -57 -46 -1
right_child=1 3 4 12 14 15 9 16 41 24 20 13 28 17 45 21 31 29 42 46 -22 -23 32 -25 26 35 -28 -29 -30 47 -32 50 34 51 -36 36 -38 -39 39 -41 -42 44 43 -45 60 54 -48 -49 -50 -51 -52 -53 -54 -55 -56 59 -58 -59 -60 -61 -62 -63
leaf_value=-0.013343420708767408 -0.023876450022491461 -0.032710985653353036 -0.017619497567099508 0.050950417863372732 0.0079976998558004761 -0.00016817280348928562 -0.035354868974857151 0.019391070804768963 0.0042086434926032592 -0.043702414028662949 -0.020517280259432641 0.0044952850751666653 0.072955076964163978 0.0023156443742151558 -0.0096549861380772362 0.020942431486742224 0.043164735421637991 0.036913594166964207 0.050599760186191993 0.0019064869802265033 0.0064153604025309011 0.043589020325578334 -0.018550501092868422 0.012434052061575848 -0.018668439608945108 0.044862178771353976 -0.0038534471290550755 -0.030315958304609404 0.086832179914216281 0.022214592957901954 -0.043441306206294515 0.074430732117387724 0.0085449970740283428 0.043128929195666306 0.0061778019927827953 0.070711127245920408 0.044736932291351623 -0.0065405646996383833 0.065902764606346448 0.025588666379861239 -0.026202890011261221 0.001846855342930167 0.072652984664786854 0.049842366781289976 0.0047661036445741317 0.0095698918035144742 -0.018282622565445297 0.024992383430725691 0.039371263394147808 0.020675242470093003 0.042533285846476192 0.014798464088295266 0.058600445590734053 0.037578717694387039 -0.0095904086229607333 0.025374533397944224 0.080350410556111279 0.036492533425012977 0.027237737928809725 0.039897664695265261 0.037822225688396389 -0.038241394938923236
leaf_weight=181.2376833409071 1382.77672752738 149.37252257764339 2733.750162974 1487.821914717555 1496.7685653269291 1090.9357151687145 5394.6324717700481 263.68016454577446 491.47255583107471 263.60432623326778 1180.6379341781139 122.65788908302784 2000.4413710683584 105.84245720505714 991.15538538992405 1624.9895169585943 258.05978533625603 781.21177414059639 456.11362706124783 1095.7873146235943 1280.9742286503315 1449.1825372874737 101.69659200310707 1018.7518217712641 2895.6692158430815 1420.7854677587748 1407.9369674175978 2434.2230483591557 2376.994710534811 100.4374278485775 12835.424295097589 656.55917948484421 308.38132809102535 237.66790926456451 437.63796606659889 700.45946675539017 385.74521540105343 2904.1558004319668 212.9131678044796 389.67448107898235 2733.4417783766985 196.18465158343315 2836.0608365833759 362.50212912261486 122.29034553468227 1322.9060218781233 454.54126207530499 135.84210628271103 825.21913781762123 398.47555896639824 140.73915958404541 456.61936320364475 2260.1705274581909 2113.4287665188313 449.41648066043854 1896.6366852372885 1258.0612068027258 139.99310976266861 67.147973656654358 771.58856478333473 603.37589994072914 11822.586198449135
leaf_count=968 7334 802 14496 7352 7732 5663 29088 1328 2572 1423 6269 622 9683 544 5201 8236 1264 3911 2222 5716 6623 7265 536 5173 15382 7049 7419 13058 11352 516 69849 3200 1591 1180 2246 3427 1920 15215 1065 1968 14583 1000 13815 1767 629 6853 2381 688 4181 2027 703 2337 11170 10559 2343 9624 6069 697 335 3907 3060 63987
internal_value=-2.98283e-05 0.0431146 -0.0252402 0.056802 -0.00348743 0.0130413 -0.0358512 0.0463429 -0.00307663 -0.0262661 -0.0149061 0.0377897 0.0709727 0.0392049 0.0119804 0.0249937 0.0586396 0.044882 0.0628414 -0.0133864 -0.00652553 0.0329979 0.018829 0.0233221 -0.0155574 0.0490728 -0.0138237 -0.0236045 0.0805086 0.0509517 -0.0407489 0.0691322 0.0234364 0.0115078 0.0246921 0.0519014 0.0615365 -0.0105843 0.0260913 0.0399185 -0.0322807 0.0183139 0.067667 0.0700842 0.0258212 -0.000444672 -0.00402073 0.055328 0.0345041 0.00541838 0.0720736 0.0245446 0.0570624 0.0358987 0.00470865 0.0274112 0.0740121 0.0646976 0.0700956 0.0295877 0.0318278 -0.0378666
internal_weight=88475.4 32631 55844.5 22424.1 18309.9 10206.9 37534.5 12904.2 4346.43 12695.3 10533.7 7612.93 9519.93 7463.56 7776.19 5860.46 5291.23 5496.93 5142.5 2933.11 5365.77 3676.76 5012.71 1966.63 4567.21 2770.67 4303.61 5167.97 4377.44 3277.66 24839.2 2520.56 3515.94 2183.7 3414.24 2506.99 1086.2 4084.79 2227.58 602.588 8128.07 1413.32 3654.68 3198.56 921.851 2763.48 1550.33 2496.45 947.877 1489.41 2262.5 694.287 2360.61 2219.27 1772.32 2976.61 2121.76 863.7 723.707 2668.23 725.666 12003.8
internal_count=461175 162782 298393 110349 95694 52433 202699 64158 22692 67895 55661 38166 46191 37364 40033 29741 25992 27388 25156 15431 28107 18534 25636 9976 24224 13724 22801 27554 21035 16285 134804 12268 17904 11207 17368 12396 5347 21484 11269 3033 43671 7261 17804 15582 4689 14397 8097 12374 4803 7690 11004 3517 11686 11103 9196 15122 10301 4232 3535 13531 3689 64955
cat_boundaries=0 1 2 3
cat_threshold=1416 10293 75855
is_linear=0
shrinkage=0.035


Tree=3
num_leaves=63
num_cat=0
split_feature=13 20 0 0 4 2 6 13 0 34 34 7 22 45 21 47 47 42 2 13 47 2 22 45 24 13 26 34 2 22 17 42 26 27 26 14 14 32 1 26 14 24 20 19 0 13 1 17 15 14 44 5 2 0 0 44 17 26 40 40 0 26
split_gain=72676.6 10135.8 9791.95 2467.23 2270.81 1898.76 1415.23 800.699 647.844 633.39 615.888 597.426 572.424 495.999 479.84 416.936 343.088 340.656 315.942 254.586 215.51 188.325 171.419 163.509 155.456 153.395 143.436 141.348 140.866 137.847 142.242 127.102 122.152 120.811 117.472 115.448 112.599 127.19 112.066 107.12 110.388 106 104.823 102.191 100.052 96.4911 95.1155 137.908 97.0285 94.3829 93.5793 93.0493 91.9271 91.2574 90.8828 84.4903 82.0154 81.7147 79.6919 79.4796 78.7439 77.3641
threshold=0.65301003344481623 1.0000000180025095e-35 347.12000000000006 189.20333333333335 8.6600000000000019 61.405000000000008 1.0000000180025095e-35 0.82971014492753636 141.31666666666669 2.5000000000000004 1.5000000000000002 0.95833333333333337 1.0000000180025095e-35 2.0801282051282057 13.870000000000003 inf inf 3.5000000000000004 1124.8200000000004 0.78019323671497598 11461.410000000002 414.72000000000003 1.0000000180025095e-35 2.5277777777777781 9.5000000000000018 0.36181818181818187 21.500000000000004 2.5000000000000004 4.330000000000001 39.500000000000007 7362.0000000000009 1.5000000000000002 21.500000000000004 1.0000000180025095e-35 122.00000000000001 19.500000000000004 19.500000000000004 1902.0400000000002 539.92000000000019 21.500000000000004 16.000000000000004 3.5000000000000004 1.0000000180025095e-35 608.97000000000014 379.47000000000008 0.87228260869565222 813.06500000000017 9702.1800000000003 1.0000000180025095e-35 16.000000000000004 319.34000000000009 0.47999999999999993 128.25000000000003 612.10666666666702 18.550000000000001 430.64000000000004 2652.0650000000005 21.500000000000004 1.0000000180025095e-35 12452.190000000001 21.426666666666673 21.500000000000004
decision_type=10 8 10 10 10 10 10 10 10 2 2 8 2 10 10 8 8 2 10 10 8 10 2 10 10 10 2 2 10 2 10 2 2 8 2 2 2 10 8 2 2 10 10 10 10 10 8 8 10 2 10 10 10 10 10 8 10 2 10 10 10 2
left_child=1 6 5 11 12 10 24 49 28 15 16 23 -4 21 26 17 42 41 39 51 31 34 -10 60 54 -24 -9 38 -8 30 -28 -13 -21 -23 -5 -35 -34 -38 -12 -16 -41 -7 -2 -19 -15 -11 48 57 -17 -6 -46 -14 -36 -51 -1 -37 -42 -48 -56 -53 -3 -55
right_child=2 3 4 13 7 9 8 14 22 45 27 20 19 44 18 46 -18 43 -20 32 -22 33 25 -25 -26 -27 29 -29 -30 -31 -32 -33 36 35 52 55 37 -39 -40 40 56 -43 -44 -45 50 -47 47 -49 -50 53 -52 59 -54 61 58 -57 -58 -59 -60 -61 -62 -63
leaf_value=-0.040481184242725704 -0.028467016394016002 -0.023991105423345527 -0.028769885935724618 0.019642737800233016 0.013328161746627879 0.0047569626153831455 -0.035784742764833039 0.022358160382402913 -0.036467329216572239 0.032230062694504701 0.0045894595176369764 -0.020007685725091966 0.0062680619065338021 -0.0093622780451588557 0.03845483676855338 0.015056193494649997 0.0089677353916494968 0.02884335636084813 0.077909318730877364 0.012674692335477805 0.0061718551499182978 -0.020994126964656672 -0.018028148819432026 -0.029719179121832594 -0.042901058923386179 -0.0033620626786341934 0.054457073225397744 0.025295732441226616 -0.026799286189424631 0.066533086609911349 0.007305533318406921 -0.0063322409163617272 0.027257527582761194 0.005569572253224288 -0.011836535479584851 0.030854741697608094 0.051582167349962384 0.02968524051620507 0.03779908250323516 0.0351029405411084 0.059683666102589857 -0.03131780375533004 -0.011759478017024497 0.005787632430036692 0.009192548284642164 0.049820446328986266 -0.0031060431029876013 0.026855275978820564 0.034735555416181882 0.036098268361356781 -0.0092992415358902295 0.033161601238378899 0.0092157623063681832 0.017084820746381426 -0.044961452531005218 0.013803712860527785 0.071193681015749216 0.056313109124120922 -0.032765482993530715 -0.003751931649089056 -0.011934480581705152 0.052478165941257246
leaf_weight=5676.0750153064728 913.86154602468014 1171.9847097843885 157.29120799899101 959.95397578179836 107.12183693051338 1525.7742538005114 4078.3293372392654 144.1876333206892 371.20989599823952 536.38268841803074 1714.1662979274988 1168.5755798816681 191.41775888204575 986.48393213748932 196.07587222754955 513.54095824062824 683.53420226275921 1379.4471834748983 4481.0675418674946 138.50349505245686 1284.879703477025 70.50597970187664 1957.5687333345413 2396.8811282515526 12547.274338424206 1578.0409972071648 2326.6623582243919 718.6061494499445 4541.4629433602095 1492.8772938549519 81.451342076063156 2894.9096001535654 341.90580743551254 325.11302587389946 349.56660036742687 1991.9025385826826 2453.8844594955444 380.10337662696838 133.26698765158653 144.83949129283428 1301.4293855279684 105.75929298996925 930.08443233370781 284.63665154576302 1328.9387364387512 1401.8015490621328 29.873203530907631 449.24181520938873 771.13735570013523 702.02107809484005 447.33485433459282 1969.3361891657114 922.58183445036411 80.186797887086868 757.62204717099667 436.35849288105965 2019.514264896512 520.88546867668629 5337.0959105193615 73.941945105791092 1537.8388888388872 1824.0857075899839
leaf_count=31380 4911 6288 847 4893 533 7814 22382 701 2041 2639 8815 6269 970 5201 942 2597 3521 6915 20934 682 6623 377 10483 13058 69849 8296 11188 3613 24693 7108 401 15215 1667 1671 1816 9930 11870 1852 663 696 6207 561 4925 1434 6853 6765 147 2220 3813 3453 2343 9688 4727 393 4175 2222 9605 2534 29400 371 8208 8787
internal_value=-4.16419e-05 -0.0246872 0.0408498 -0.00337511 0.0557149 0.016558 -0.035257 0.0629059 -0.0256956 0.0277346 5.81205e-05 -0.014496 0.0369288 0.0114955 0.0667377 0.0217407 -0.0122025 0.0137684 0.0716453 0.0387959 -0.00631885 0.0180108 -0.0138675 -0.0230572 -0.0401809 -0.0114851 0.0568434 0.0121345 -0.0310543 0.0581119 0.0528659 -0.010269 0.0449588 0.0240162 0.0104061 0.0251759 0.0463623 0.0486568 0.00700423 0.0639608 0.0653923 0.00240077 -0.0200507 0.0249056 -0.00043012 0.0449715 0.0332296 0.0413431 0.0268867 0.0456758 0.00453298 0.0296393 0.00342617 0.0469997 -0.037278 0.0277976 0.0667024 0.0530904 -0.0342887 0.0318246 -0.0171558 0.0509975
internal_weight=88338.4 55118.5 33219.9 18273.8 20607.9 12612 36844.7 14901.5 12526.6 7518.48 5093.52 10455.1 5706.38 7818.74 12188.1 5580.3 2527.48 3295.62 8142.93 5549.09 5348.36 5055.98 3906.82 5106.7 24318.1 3535.61 4045.18 2566.04 8619.79 3900.99 2408.11 4063.49 3314.4 2823.88 2232.1 2753.37 3175.89 2833.99 1847.43 3661.86 3465.78 1631.53 1843.95 1664.08 2762.76 1938.18 2284.68 1000 1284.68 2713.42 1776.27 2234.7 1272.15 2606.29 11770.8 2428.26 3320.94 550.759 6094.72 2043.28 2709.82 1904.27
internal_count=461175 298393 162782 95694 98895 63887 202699 70948 67895 37439 26448 55661 27947 40033 57782 28035 13357 16724 38384 27100 28107 25636 20820 27554 134804 18779 19398 13091 47075 18697 11589 21484 16071 14200 11436 13823 15389 13722 9478 17450 16508 8375 9836 8349 14397 9404 11311 4901 6410 13166 9196 11029 6543 12633 64955 12152 15812 2681 33575 10059 14496 9180
is_linear=0
shrinkage=0.035


Tree=4
num_leaves=63
num_cat=3
split_feature=13 20 2 0 13 0 6 4 34 2 7 45 27 7 16 2 19 5 21 9 14 16 2 33 0 40 45 42 24 33 37 1 34 13 34 1 27 39 33 51 7 4 22 0 3 14 7 17 33 40 44 14 4 14 22 23 46 14 33 32 33 16
split_gain=67335.1 9764.8 8790.03 2305.82 1821.64 1806.75 1394.51 917.771 687.119 631.236 569.379 455.779 420.919 399.933 351.217 351.018 300.285 269.369 263.743 263.589 201.762 199.128 184.206 181.371 174.502 173.062 158.197 157.512 155.173 150.247 149.744 146.431 186.595 143.395 138.956 138.184 130.92 124.532 122.872 120.436 119.491 106.48 93.5675 93.4213 93.3388 91.3353 90.7567 87.3034 87.236 103.256 86.9759 86.2173 88.7202 84.8882 84.5704 84.4927 83.164 82.9885 85.5763 81.4077 86.9447 78.1959
threshold=0.65301003344481623 1.0000000180025095e-35 308.15500000000003 189.20333333333335 0.82971014492753636 66.030000000000015 1.0000000180025095e-35 1.0000000180025095e-35 2.5000000000000004 75.560000000000016 0.95833333333333337 2.0801282051282057 2.2450000000000006 0.95833333333333337 0 1477.9600000000003 168.26833333333337 136.05000000000004 1.0850000000000002 1.8000000000000007 16.000000000000004 1 546.75000000000011 5.5000000000000009 370.76166666666671 1.0000000180025095e-35 2.0871212121212124 1.5000000000000002 9.5000000000000018 8.5000000000000018 3766.23 inf 1.5000000000000002 0.8973684210526317 1.5000000000000002 3900.6900000000005 1.0000000180025095e-35 16.050000000000001 2.5000000000000004 183.65673412549225 0.95833333333333337 3.8550000000000009 39.500000000000007 379.47000000000008 242.50000000000003 16.000000000000004 0.86607142857142871 9702.1800000000003 2.5000000000000004 6025.0800000000008 319.34000000000009 16.000000000000004 10.105000000000002 19.500000000000004 1.5000000000000002 0.68301270189221941 646.62500000000011 16.000000000000004 1.5000000000000002 3962.5600000000004 1.5000000000000002 2
decision_type=10 8 10 10 10 10 10 8 2 10 8 10 10 10 9 10 10 10 10 10 2 9 10 2 10 10 10 2 10 2 8 8 2 10 2 8 8 10 2 10 10 10 2 10 2 2 10 8 2 10 10 2 10 2 2 2 8 2 2 10 2 9
left_child=1 6 5 10 12 13 28 19 15 40 26 24 -4 34 18 21 61 37 35 -7 -14 31 -22 38 -5 -11 -3 -27 46 -25 -12 32 -6 -20 -2 -9 -26 -10 -21 51 -8 -24 48 -13 56 -34 -1 -37 -17 54 -45 -38 -53 -35 -50 -32 -40 -39 -59 60 -47 -15
right_child=2 3 4 11 8 7 9 14 17 25 30 43 20 16 -16 42 -18 -19 33 23 22 -23 41 29 36 27 -28 -29 -30 -31 55 -33 45 53 -36 47 39 57 44 -41 -42 -43 -44 50 -46 59 -48 -49 49 -51 -52 52 -54 -55 -56 -57 -58 58 -60 -61 -62 -63
leaf_value=-0.039771745909924085 -0.025420460413791365 -0.014833790551725014 -0.03170217246282326 0.0072519964933781345 0.031813502528413098 -0.017308419601231868 -0.034204092476178082 0.020674842486296644 0.051025018625402416 -0.042736413779209233 -0.011423685179841039 -0.0090774353667799814 0.0044640768937568888 -0.00150310608933801 0.016062874381075846 0.033909097481172948 -0.020178460441525617 0.074478481466690588 0.032405873231149095 0.0027009363263279791 0.027668876494957237 0.015345876259824061 0.035217897144909936 -0.01138090841214396 -0.017845467842838972 -0.017709173534391363 -0.027526228683897314 -0.0033551698723540313 -0.042384051007496926 0.013562416307666322 -0.0038447974019726336 0.058768559115795337 0.017204714269285069 0.028692159796986447 -0.0029045675064814577 0.055910779550082119 -0.0037611823087569814 0.037858897335431019 0.019056973308570611 0.0054762889167497917 -0.025058885822230172 0.047654893819449637 0.071873295970908219 0.0088319935434839486 0.061374355160442436 0.030362270873312409 -0.033526088533817944 0.028045025178372193 -0.021202289259356813 0.026207764754737781 -0.0090159342652937503 0.02232709319495426 0.035788882932360662 0.05017571285754957 0.064271997712169168 0.01060185425453578 0.048043995980234427 0.049574674059941107 0.067427374877630245 0.011258209961716488 0.055247294038837526 0.014849781654368503
leaf_weight=5870.1185312569141 941.26149554550648 1991.3794132322073 110.32602070271969 1510.3174908459187 1048.9446682482958 422.51697248220444 5206.535397991538 1485.9642246216536 1130.5624919831753 253.02036295831203 2931.7545913159847 981.94197675585747 221.51582948863506 465.44797459244728 1401.3079455941916 179.21539348363876 453.33242133259773 3220.2881598174572 1185.4363198727369 270.83075940608978 1369.8910302370787 282.58854022622108 1403.7298335134983 494.89699432253838 100.29933536052704 2841.7367639392614 3055.0797838419676 1397.384582772851 12260.896917298436 732.34801536798477 1700.6585079729557 1117.5598825216293 100.8241720944643 260.71893040835857 522.0922315120697 260.90743416547775 121.88094608485699 142.92654195427895 559.40872679650784 441.44391703605652 2661.5229980498552 2184.5936703085899 862.5768284201622 1334.7148246616125 100.72298221290112 195.0915717035532 5669.8567345440388 299.31887677311897 13.915883898735045 102.16360671818256 445.31067910790443 2072.404398471117 850.33663414418697 1911.4684246629477 1163.5991360247135 698.91363315284252 154.96971887350082 382.84214960038662 3168.453857511282 60.219516888260841 1764.303047940135 1606.3019480854273
leaf_count=33106 5086 10726 602 7732 5056 2250 29088 7441 5277 1423 15555 5201 1102 2387 6917 853 2398 14587 5807 1364 6662 1374 6770 2508 536 15382 16828 7419 69849 3689 8906 5218 496 1253 2663 1249 630 664 2805 2246 14583 10349 3969 6853 497 944 31849 1460 72 493 2343 10302 4190 9145 5430 3646 756 1770 14573 286 8340 8220
internal_value=-5.21999e-05 -0.0241485 0.038779 -0.00326673 0.053386 0.0169393 -0.034679 0.0252083 0.0596385 -0.0251375 -0.0140962 0.0110342 0.0357246 -0.00284235 0.0320903 0.0515067 0.00559471 0.0665965 0.0361462 0.00808358 0.0371666 0.0458518 0.0386265 0.0127271 0.0172381 -0.0146646 -0.0225216 -0.0129794 -0.0396328 0.00350273 -0.00611835 0.0477116 0.043946 0.0422543 -0.0173948 0.0262841 0.0214404 0.0613214 0.023139 0.0225755 -0.0311141 0.0428008 0.0626133 -0.000416029 0.0299182 0.0499298 -0.0367063 0.0410991 0.0570928 0.0603106 0.00436441 0.0250521 0.0262545 0.0476115 0.0632447 0.000365684 0.0254035 0.0644577 0.0655173 0.0515542 0.0527863 0.0112413
internal_weight=88152.9 54397.5 33755.4 18236.4 20226.1 13529.3 36161.1 9540.82 14936.1 12360.2 10377.8 7858.65 5290.06 3988.44 6805.12 6891 2525.08 8045.07 5403.81 2735.69 5179.73 4569.53 4958.21 2313.18 5096.68 4492.14 5046.46 4239.12 23800.9 1227.25 5331.33 4286.94 3169.38 3357.62 1463.35 2046.19 3586.37 4824.79 1085.93 3486.07 7868.06 3588.32 2321.47 2761.97 815.101 2120.44 11540 560.226 1458.89 1279.68 1780.03 3044.62 2922.74 2172.19 1177.52 2399.57 714.378 3694.22 3551.3 2019.61 1959.39 2071.75
internal_count=461175 298393 162782 95694 94887 67895 202699 47141 69402 67895 55661 40033 25485 20754 33272 32531 13005 36871 26355 13869 24883 21714 23781 11619 25636 24224 27554 22801 134804 6197 28107 20340 15122 16205 7749 10150 17904 22284 5422 17368 43671 17119 10817 14397 4058 10066 64955 2709 6848 5995 9196 15122 14492 10398 5502 12552 3561 17007 16343 9570 9284 10607
cat_boundaries=0 1 2 3
cat_threshold=21928 152968 79911
is_linear=0
shrinkage=0.035


Tree=5
num_leaves=63
num_cat=1
split_feature=13 20 2 0 34 6 34 47 47 0 27 12 2 45 2 2 0 47 42 42 0 13 42 48 2 27 24 14 13 13 2 40 16 23 14 26 40 39 20 23 27 14 26 47 14 2 12 2 36 41 42 12 14 18 6 23 4 34 29 47 26 26
split_gain=62472.5 9408.92 7938.52 2155.06 1940.48 1375.28 1218.76 839.768 640.811 613.343 491.066 478.484 430.933 419.158 414.386 367.845 333.878 322.007 220.685 217.818 192.132 178.22 173.195 167.842 162.238 161.7 155.158 149.453 144.321 142.542 135.919 131.567 125.626 120.46 116.365 115.105 113.623 112.604 111.842 107.063 105.518 103.993 102.841 99.0579 97.1373 96.1101 95.6439 95.453 91.1137 89.7973 89.5196 89.2401 86.8866 85.2366 83.3904 83.307 113.427 83.1147 82.8934 82.43 81.4306 170.613
threshold=0.65301003344481623 1.0000000180025095e-35 175.77000000000004 189.20333333333335 2.5000000000000004 1.0000000180025095e-35 1.5000000000000002 inf inf 141.31666666666669 1.0000000180025095e-35 27.569166666666671 668.25000000000011 2.0801282051282057 619.38000000000011 46.040000000000013 434.10833333333341 11461.410000000002 3.5000000000000004 1.5000000000000002 29.583333333333336 0.93933823529411775 4.5000000000000009 3.5000000000000004 472.07000000000011 1.0000000180025095e-35 9.5000000000000018 16.000000000000004 0.91485507246376818 0.36181818181818187 4.330000000000001 8333.6166666666686 0 0.68301270189221941 19.500000000000004 299.50000000000006 12452.190000000001 134.43000000000004 1.0000000180025095e-35 0.68301270189221941 1.0000000180025095e-35 19.500000000000004 299.50000000000006 140.44000000000003 16.000000000000004 25.010000000000005 52.57500000000001 128.25000000000003 1.0000000180025095e-35 2681.1000000000004 1.5000000000000002 271.95000000000005 20.500000000000004 7120.7249999999995 161.28583333333336 0.68301270189221941 1.8050000000000004 2.5000000000000004 272.50000000000006 859.7600000000001 131.50000000000003 51.000000000000007
decision_type=10 8 10 10 2 10 2 8 8 10 10 8 10 10 10 8 10 8 2 2 10 10 2 2 10 10 10 2 10 10 10 10 9 2 2 2 10 10 8 2 8 2 2 8 2 10 10 10 8 8 2 10 2 10 10 2 10 2 2 10 2 2
left_child=1 5 6 11 7 26 8 10 20 30 -4 43 32 24 18 33 54 19 -12 -13 -2 -14 27 52 39 -11 48 -16 -17 -27 -7 49 -6 57 -34 -36 -29 -23 -22 47 -26 -20 60 50 -42 -21 -10 -5 -1 -25 -3 -15 -18 -53 -9 56 -19 -8 -35 -30 61 -43
right_child=2 3 4 13 12 9 15 16 46 25 14 17 21 51 22 28 23 55 41 45 38 37 -24 31 40 29 -28 36 59 -31 -32 -33 34 58 35 -37 -38 -39 -40 -41 44 42 -44 -45 -46 -47 -48 -49 -50 -51 -52 53 -54 -55 -56 -57 -58 -59 -60 -61 -62 -63
leaf_value=-0.036852212834120962 -0.026684174437411629 -0.0344820443611243 -0.031407517185130344 -0.010859806798045589 0.029065054421813265 -0.034661774365430345 -0.00063677926013915899 0.038622012001094004 0.0050965406451631114 -0.035398717971319341 0.014078115476211486 -0.022329977094361231 0.054444632340954202 -0.013270944663368521 -0.003131988463381241 0.022350339948268891 0.022821262880210719 -0.0045065020204076173 0.010840232045782291 -0.015113055081440769 -0.023166157389440129 0.06288572927294088 0.051895571330848989 0.04395434671441837 -0.02141152011756214 -0.017102032524166609 -0.041888469653720214 0.038716955791332233 0.039138680521636722 -0.0028789982419211942 -0.025692302277376667 0.038914523829723394 0.033406087916466126 0.03818828282661263 0.051132271598174024 0.070268154137030761 -0.0066437522346392648 0.073460263359567263 -0.0026667566943817168 0.019693589869918052 -0.0087436824721793278 0.015661289429292059 0.050793056966279733 -0.012027206319444698 0.025077860126128417 -0.0037926646750800035 0.023542050688610469 0.0093660565473604861 -0.022002015044386435 0.062279750306438127 -0.020950107961805835 0.0050093599999237624 0.050924789835797131 -0.017342420990608336 0.012700889778254962 0.018947443813736042 0.027642669756639825 0.017807628665951113 0.013096888458473994 0.0093632772281415279 0.021073634961930873 0.048013907343972553
leaf_weight=10775.054793506861 864.92490111291409 1363.3290584683418 146.35287562012672 372.81038714945316 440.76376578211784 3930.4627586901188 1097.8938842564821 1408.2992432266474 590.86915469169617 357.93037842214108 1483.00321367383 1882.4390981048346 1696.0435376316309 531.82974594831467 114.15500894188881 2178.008090287447 279.17329078912735 862.06192049384117 263.18285670876503 1437.4612310230732 410.39464247226715 2837.9252167195082 1195.7763954252005 384.67884631454945 64.512405633926392 1922.3480328768492 11976.786426544189 2884.3116421550512 1336.4814885109663 1566.7905720472336 4418.9434968084097 416.27648554742336 367.8297490477562 247.36102467775345 2198.1903043836355 477.80170582234859 68.992542073130608 2311.8035427778959 1572.88520860672 905.28387998044491 108.12916408479214 300.9234456717968 376.59518498182297 549.07492756843567 2470.0346501022577 2545.3977424949408 826.70384564995766 1214.416425049305 536.59241415560246 2752.5023157149553 1080.5927969813347 1996.8559300899506 265.0044919103384 232.43113720417023 171.82090257108212 423.85007412731647 158.23971207439899 410.41046714782715 465.27344897389412 125.30286844074726 671.07518376410007 600.32079593837261
leaf_count=61904 4743 7577 816 1937 2037 22382 5663 6671 3031 2041 7305 10346 7669 2830 574 10684 1302 4525 1283 7759 2249 12726 5541 1772 352 10483 69849 13626 6360 8296 24693 1938 1703 1180 10068 2181 340 10219 8200 4535 561 1453 1792 2946 12106 13576 4078 6145 3051 12506 5907 10325 1227 1242 812 2197 828 2027 2337 601 3216 2852
internal_value=-6.11084e-05 -0.0236225 0.0368802 -0.0031616 0.0478014 -0.0341156 0.0108731 0.0391996 -0.00335892 -0.0245905 0.0319606 -0.0137053 0.0592727 0.010595 0.0331297 0.0212308 0.0495254 -0.00887662 0.0245389 -0.0125214 -0.0129279 0.0643839 0.0405682 0.0548031 0.0165071 -0.0130228 -0.0391027 0.036137 0.0280794 -0.0107179 -0.0299183 0.0575834 0.0492158 0.00999924 0.0518575 0.054574 0.0376554 0.0676462 -0.00691818 0.0100951 0.0225487 0.0315424 0.034331 -0.0254911 0.0236565 -0.0078811 0.0158627 0.00461153 -0.0361498 0.0600474 -0.0285098 -0.000402385 0.0365755 0.00267218 0.0358132 0.00592481 0.000501733 0.00439043 0.0218476 0.0365945 0.0303583 0.0372408
internal_weight=87923 53683.7 34239.3 18198.8 24112.8 35484.9 10126.5 13782.4 4265.78 12196.5 8104.69 10302.4 10330.4 7896.3 7958.34 5860.73 5677.76 7309.45 3695.1 5865.3 2848.2 6845.77 4263.24 4097.64 5135.19 3847.07 23288.4 3067.46 3639.79 3489.14 8349.41 3553.46 3484.59 2220.94 3043.82 2675.99 2953.3 5149.73 1983.28 2492.51 2642.68 2212.1 1948.91 2993 2578.16 3982.86 1417.57 1587.23 11311.6 3137.18 2443.92 2761.12 544.178 2229.29 1580.12 1444.15 1020.3 1508.3 712.634 1461.78 1572.32 901.244
internal_count=461175 298393 162782 95694 111629 202699 51153 65026 22301 67895 38798 55661 46603 40033 37982 28852 26228 39231 17901 31681 15192 30614 20081 18745 25636 20820 134804 14540 17645 18779 47075 16216 15989 11207 13952 12249 13966 22945 10449 12617 13019 10596 9313 16430 12667 21335 7109 8082 64955 14278 13484 14397 2529 11567 7483 7550 5353 7690 3517 6961 7521 4305
cat_boundaries=0 1
cat_threshold=141377
is_linear=0
shrinkage=0.035


Tree=6
num_leaves=63
num_cat=3
split_feature=13 24 2 2 13 34 2 13 24 7 1 5 34 2 7 1 16 20 2 34 26 13 29 26 13 22 26 26 9 2 27 7 13 17 22 22 26 1 18 22 47 12 1 34 29 22 2 12 18 26 17 16 26 48 23 48 18 4 29 16 26 12
split_gain=58032.2 9120.11 7156.76 2519.34 1748.12 1174.89 883.403 697.205 671.501 638.749 602.561 390.355 362.083 359.574 345.161 278.674 270.332 215.964 205.24 191.892 184.103 183.422 181.357 177.438 176.253 169.478 159.965 159.225 151.851 150.48 141.455 140.255 130.09 125.406 120.421 116.854 116.461 115.862 113.962 102.878 100.666 114.036 99.7606 99.2654 97.9249 96.682 93.6347 93.5501 97.5432 92.5423 89.8418 88.5385 85.3317 84.7932 83.6818 81.4187 80.5034 79.8983 79.3644 77.4155 75.009 73.6887
threshold=0.65301003344481623 3.5000000000000004 184.41000000000005 107.14500000000002 0.82971014492753636 1.5000000000000002 558.54000000000008 0.49074074074074076 6.5000000000000009 0.95833333333333337 2074.9200000000005 0.12000000000000006 2.5000000000000004 30.785000000000004 0.95833333333333337 4240.0800000000008 0 1.0000000180025095e-35 692.69500000000016 2.5000000000000004 21.500000000000004 0.47722567287784684 23.500000000000004 314.50000000000006 0.89181286549707617 39.500000000000007 161.50000000000003 161.50000000000003 258.90000000000003 680.2700000000001 2.2450000000000006 0.95833333333333337 0.31698564593301443 7489.8000000000011 1.0000000180025095e-35 1.5000000000000002 70.500000000000014 311.85000000000008 16990.017142857145 1.0000000180025095e-35 846.9000000000002 71.362500000000026 inf 1.5000000000000002 23.500000000000004 1.0000000180025095e-35 1550.1200000000001 326.41500000000002 7527.7875000000013 366.50000000000006 9085.9500000000025 1 21.500000000000004 11.500000000000002 0.68301270189221941 11.500000000000002 11807.703750000002 25.960000000000004 23.500000000000004 2 21.500000000000004 17.380833333333339
decision_type=10 8 10 10 10 2 10 10 10 10 8 10 2 8 8 8 9 8 10 2 2 10 2 2 10 2 2 2 10 10 10 10 10 10 2 2 2 8 10 2 10 10 8 2 2 2 10 10 10 2 8 9 2 2 2 2 10 10 2 9 2 10
left_child=1 3 5 9 11 10 16 32 14 21 17 -4 20 54 -3 26 -6 -2 53 42 -8 -1 -9 29 44 33 36 37 52 -24 -20 -19 -5 35 -31 -22 -11 -16 57 -34 41 -26 43 -18 -15 -29 -37 -41 -49 56 -44 61 -14 59 -7 -28 -32 -27 -45 -13 -21 -12
right_child=2 8 4 7 6 13 12 22 -10 15 51 18 28 24 27 -17 19 31 30 60 25 -23 23 -25 40 38 55 45 -30 34 49 -33 39 -35 -36 46 -38 -39 -40 47 -42 -43 50 58 -46 -47 -48 48 -50 -51 -52 -53 -54 -55 -56 -57 -58 -59 -60 -61 -62 -63
leaf_value=-0.028830180770253028 -0.027019261698015561 -0.034588929355047614 -0.0087775192957952677 -0.012947398439643555 0.0076881003833668719 0.0014086507517205558 0.017248476285732624 -0.0063086709406416416 -0.03969923163339982 -0.015475709117625972 0.0034035918465944318 0.042543757244595436 0.027632088297201856 -0.0029636282241166114 -0.021798465617838408 0.021528140091428147 0.019757218063857888 -0.016610377220994444 -0.026365013180170743 0.01992322448903245 -0.0061564709352098278 -0.016260382724949493 0.009765822770049221 0.036517065921954826 0.016317781872123596 0.050317573357051157 -0.017992685986822937 -0.04232400052000472 0.065644131048318802 -0.028752974570405713 0.041654812599940673 0.00031202548063788226 -0.030366382500405596 0.013535975364251168 0.024259141076728285 0.04312112295820969 0.001330101513501922 -0.0051649352798260762 0.018084365029066091 -0.0064627481046293216 0.0092239755908236059 0.040619956654817477 0.056187605388671027 0.0084957202753901499 0.021996454020146997 -0.02490712118021228 0.055557232495886982 0.0090906137560154004 -0.017764397443329853 0.0081376512392824247 0.030651617762409909 0.0026789165178327337 0.056279316868085086 0.044559656923986876 0.017955989560031332 -0.0026452806487832232 0.014402225033916409 0.065922841430831561 0.039309192591812717 0.021800642298489468 0.050208293564003671 0.033766512984261872
leaf_weight=4207.3521573841572 708.45905236899853 6258.8877054899931 300.2223969399929 1333.6172034144402 332.59187951683998 1112.1053578108549 207.62303152680397 464.05548238754272 18791.349800944328 719.95846712589264 118.43626253306866 263.06125846505165 137.93330100178719 209.88554057478905 1260.370068192482 351.84285669028759 665.23991511762142 898.05395168066025 40.181250587105751 106.8301597237587 48.740387216210365 2155.6781701743603 3066.0902261584997 491.44437405467033 284.97816675901413 619.16620075702667 2735.7654235064983 455.82029685378075 4461.021120801568 53.35845747590065 2858.5293598026037 1803.4264697134495 128.70898842811584 140.0601849257946 1698.3983420133591 1807.2852819114923 1686.8030693531036 865.94546829164028 80.632552579045296 1122.176444798708 182.22131741046906 1446.5972875356674 432.02782842516899 113.17922036349773 2300.3705056756735 2806.6205544024706 1300.3930761665106 1638.2860624343157 183.38323152065277 113.74114084243774 284.42198768258095 235.74140977859497 2297.6037822216749 267.66096444427967 563.51320847868919 501.39557938277721 140.6623777449131 1272.8876845389605 1140.9115809798241 2614.6435890048742 2193.1270420402288 570.78069579601288
leaf_count=23956 3957 36333 1534 7253 1584 5671 980 2397 111464 3881 600 1253 620 1030 7121 1786 3196 4855 222 486 247 11851 15564 2461 1382 2797 14772 2646 19416 298 13130 9357 691 659 8268 8258 8996 4693 370 6026 872 6785 1949 542 11244 15756 5841 8486 986 560 1324 1173 10173 1262 2757 2708 666 5652 5323 12464 9841 2750
internal_value=-6.9003e-05 -0.0231089 0.0351317 -0.0062322 0.0455638 0.0108949 0.0513131 0.00666112 -0.0356046 -0.0168517 -0.0030363 0.0301876 0.056427 0.0207943 -0.0289957 -0.00865251 0.0392941 -0.00983297 0.032046 0.0413226 0.0496804 -0.024575 0.0146622 0.0164959 0.0260234 0.0509548 -0.0105375 -0.0224941 0.0617767 0.0144465 0.038363 -0.00531756 -0.00382349 0.0460595 0.0226289 0.0474979 -0.00370153 -0.01503 0.0591076 0.000139597 0.0340286 0.0366321 0.034929 0.0307347 0.0199092 -0.0273528 0.0483412 0.00148322 0.00637892 0.0392067 0.046107 0.0220037 0.0546689 0.0257032 0.00698094 -0.0156171 0.0403819 0.0608454 0.0365373 0.0239345 0.0488109 0.0281535
internal_weight=87652.3 52977.3 34674.9 22538.3 24240.4 10434.6 17641.7 10179.5 30439 12358.8 4334.9 6598.7 12373.3 6099.67 11647.6 5995.77 5268.33 3409.94 6298.48 4935.74 5476.79 6363.03 5773.35 5309.29 4424.05 5269.17 5643.92 5388.76 6896.56 4817.85 3153.11 2701.48 4406.17 3296.48 1751.76 3156.42 2406.76 2126.32 1972.69 3072.55 1913.8 1731.58 2635.78 1919.33 2510.26 3262.44 3107.68 2943.85 1821.67 3112.93 716.45 924.958 2435.54 3145.37 1675.62 3237.16 2999.19 1892.05 1254.09 2877.7 2299.96 689.217
internal_count=461175 298393 162782 120380 110349 52433 79258 52430 178013 67950 22692 31091 55013 29741 66549 32143 24245 18169 29557 22661 24804 35807 28988 26591 21313 23824 30357 30216 30209 24130 14578 14212 23442 15005 8566 14346 12877 11814 8819 16189 9039 8167 12334 9061 12274 18402 14099 15498 9472 14356 3273 4523 10793 14979 8428 17480 13796 8449 5865 13717 10327 3350
cat_boundaries=0 1 2 3
cat_threshold=10261 152960 1160
is_linear=0
shrinkage=0.035


Tree=7
num_leaves=63
num_cat=2
split_feature=13 24 0 0 13 2 24 7 16 13 34 2 22 0 47 24 16 47 13 20 8 13 34 0 42 20 17 22 1 19 52 44 7 19 18 22 0 1 47 26 0 18 5 0 21 1 0 20 13 3 26 15 34 24 34 40 26 26 26 0 47 18
split_gain=53964.9 8817.21 6512.36 2423.91 1431.05 1367.07 667.205 628.358 526.623 525.793 473.072 446 417.415 340.414 281.551 254.819 227.377 222.488 222.446 196.452 190.975 181.175 178.605 161.756 156.505 155.094 146.224 137.431 132.155 129.305 128.118 124.334 122.31 121.518 117.406 119.012 114.245 112.404 110.168 107.675 105.53 104.51 102.882 97.3753 96.3056 96.229 95.3596 92.2828 89.4753 85.4272 83.8873 76.2418 75.7338 75.4295 75.3775 74.8896 74.6709 72.7964 69.768 69.2517 68.3402 66.32
threshold=0.65301003344481623 3.5000000000000004 347.12000000000006 189.20333333333335 0.87228260869565222 61.405000000000008 6.5000000000000009 0.95833333333333337 0 0.49074074074074076 1.5000000000000002 1124.8200000000004 1.0000000180025095e-35 99.960000000000022 inf 1.0000000180025095e-35 1 1.0000000180025095e-35 0.82971014492753636 4.5914703527300889 15.500000000000002 0.38278388278388281 2.5000000000000004 370.76166666666671 2.5000000000000004 3.0421038072352364 2.5100000000000002 1.0000000180025095e-35 89.480000000000004 702.66750000000013 2.5000000000000004 380.97000000000008 0.95833333333333337 413.79000000000002 7120.7249999999995 1.0000000180025095e-35 396.18000000000001 128.51000000000002 585.74500000000012 366.50000000000006 228.70666666666668 4162.0275000000011 113.76000000000003 652.84000000000015 1.8050000000000004 78.920000000000016 21.426666666666673 1.0000000180025095e-35 0.9110671936758894 254.50000000000003 366.50000000000006 0.75643231831713187 2.5000000000000004 9.5000000000000018 1.5000000000000002 8162.673333333335 366.50000000000006 161.50000000000003 21.500000000000004 7.2050000000000107 621.06000000000006 11807.703750000002
decision_type=10 8 10 10 10 10 10 10 9 10 2 10 2 8 8 10 9 10 10 10 2 10 2 10 2 10 8 2 10 10 2 10 10 10 10 2 10 8 10 2 10 10 10 10 8 10 10 10 10 2 2 10 2 10 2 10 2 2 2 10 8 10
left_child=1 3 5 7 12 10 13 21 18 34 14 16 -4 30 47 39 -6 -9 29 45 40 -1 28 -11 -19 37 -15 -25 -18 -7 -3 56 -12 48 35 -5 -37 -20 50 43 52 57 58 -14 -17 -13 -23 -2 -34 51 -27 -24 60 -8 -30 -46 -29 -28 -21 -32 -10 -45
right_child=2 6 4 9 11 8 53 17 20 23 32 19 15 26 -16 44 22 24 25 42 -22 46 49 27 -26 38 41 31 54 -31 59 -33 33 -35 -36 36 -38 -39 -40 -41 -42 -43 -44 61 55 -47 -48 -49 -50 -51 -52 -53 -54 -55 -56 -57 -58 -59 -60 -61 -62 -63
leaf_value=-0.028982055707655347 -0.026715986690680853 -0.0035959145074743169 -0.028335820490623307 -0.027326654981076171 0.013743085494719738 0.022619148117265678 -0.036309134269545018 0.0047120893844578085 -0.00099105473687070172 0.005258136887122635 -0.0030174432629383138 0.054970762941810254 0.032227556998170731 -0.038844922779064664 0.0076705986409724694 0.01524549607029021 0.051070441342511971 -0.015418726989051329 0.012010113973204412 0.024285510390318617 -0.0056444352267465371 -0.023862310791396127 0.053662075606735818 -0.019041089196443796 -0.0022848322401021305 0.048085444163135455 -0.0056571440317898271 0.023730879161454027 0.025576382874833461 -0.01929267287923438 -0.037428805178162362 0.0066033394008975094 0.011642813674106025 -0.010151244672006962 -0.020350886312861232 -0.0071089552686819423 0.0065108991551982593 0.034308466641964103 0.019680998757324403 0.012124072229536355 0.025387538214995658 -0.02648023999332481 0.064545673144098245 0.044784808010586187 0.031509598079569573 0.037302215428548738 -0.011831881636719487 -0.010794642361413686 0.028221136060707575 0.069517773098532562 0.0084701860898055096 0.042702260555309395 0.02720674357545521 -0.04097374272612312 0.039904109047508338 0.0072547103890870084 -0.0041801564977117468 -0.018395973459596537 0.055976289734868734 -0.030556821045156432 0.014608087256963311 0.018544578365707481
leaf_weight=3380.5495211929083 873.76637051999569 182.56034779548645 134.26771539449692 188.01502969861031 298.39864870905876 1516.6123882830143 6937.0427739322186 1340.1110859811306 638.38259209692478 1647.9894591867924 656.31048494577408 804.37402759492397 1336.2692134976387 429.34970383346081 693.90667532384396 789.2006708085537 999.58359006047249 3536.4062251448631 420.14382117986679 91.033374473452568 606.26752769947052 1504.0575281232595 2499.059657022357 116.13960959017277 1621.163425758481 1466.0238697677851 968.99052409827709 2925.959488555789 650.81789734959602 95.130522638559341 3015.4389655143023 739.45203375816345 1133.6702277809381 218.46225284039974 401.18090441823006 1227.0956409573555 1955.1931023299694 820.1207610219717 219.62638995051384 176.13643524050713 959.21212238073349 1006.3694130778313 3462.5008768737316 2835.9797277599573 1967.9413308054209 734.94704028964043 1749.2552945762873 914.45186296105385 616.58447951078415 310.15744632482529 69.036711916327477 1172.2028893381357 285.10856083035469 11428.59311914444 1516.6669895648956 170.10860367119312 122.03768768906593 1272.1819936186075 2044.2946875542402 4586.6476240456104 744.87188789248466 125.12927074730396
leaf_count=19625 4911 984 753 1036 1376 7388 41615 6973 3192 8390 3321 3532 6183 2540 3521 3779 4444 19405 2063 407 2979 8534 10948 640 8691 6711 5354 14179 3017 489 17951 3684 5682 1086 2183 6581 10148 3838 1026 845 4526 5676 14808 12713 9148 3265 9675 4925 3002 1352 320 5168 1319 69849 6891 807 636 7191 8887 26853 3588 572
internal_value=-7.568e-05 -0.0226059 0.0335148 -0.00603972 0.0450544 0.0137993 -0.0350767 -0.0157286 0.0229771 0.00760729 -0.000292355 0.0514551 0.0326608 -0.0284446 -0.0112447 0.0337711 0.0454454 -0.00799074 0.0305736 0.0577183 0.0120178 -0.0233053 0.0466822 0.0144572 -0.0112916 0.0362847 -0.0196583 0.0183384 0.0405081 0.0201349 -0.0325915 0.0194894 0.0100641 0.0144243 -0.00247683 -0.000343799 0.00125848 0.0267706 0.0429905 0.0390293 0.0161394 -0.0171105 0.0607765 0.040129 0.0257249 0.0465646 -0.0173994 -0.0185848 0.0174958 0.0516992 0.0463105 0.0501753 0.0108102 -0.0392139 0.0356158 0.0295841 0.0226124 -0.0128932 0.0546372 -0.0332872 0.00741345 0.0436826
internal_weight=87348.5 52281.8 35066.8 22454.6 22119.1 12947.7 29827.2 13131.5 7840.54 9323.06 5107.15 14584 7535.03 11461.5 2482.12 7400.77 7446.89 6497.68 4606.69 7137.15 3233.84 6633.86 7148.49 5551.58 5157.57 2994.95 3676.89 3903.59 3167.07 1611.74 7784.65 3787.45 2625.03 1968.72 3771.48 3370.3 3182.29 1240.26 1754.69 4473.51 2627.58 3247.54 5597.83 4297.38 2927.25 1539.32 3253.31 1788.22 1750.25 3981.42 1535.06 3671.26 1668.36 18365.6 2167.48 2138.05 3048 2241.17 2135.33 7602.09 1383.25 2961.11
internal_count=461175 298393 162782 120380 98895 63887 178013 72903 37439 47477 26448 64095 34800 66549 13357 34047 33196 35069 21835 30899 15604 37834 31820 27529 28096 13958 20761 19139 14352 7877 45788 18499 13091 9770 19948 17765 16729 5901 8057 20313 12625 18221 24102 19468 13734 6797 18209 9836 8684 17468 7031 16116 8099 111464 9908 9955 14815 12545 9294 44804 6780 13285
cat_boundaries=0 1 2
cat_threshold=1448 10256
is_linear=0
shrinkage=0.035


Tree=8
num_leaves=63
num_cat=4
split_feature=24 0 24 13 13 2 0 24 1 4 16 13 0 21 22 0 19 13 7 7 2 47 13 14 26 17 29 18 47 14 2 14 34 52 26 2 26 29 22 8 14 48 29 26 13 14 8 32 26 0 16 22 17 26 26 26 32 16 24 18 0 16
split_gain=50495.9 9593.62 3996.56 2663.98 2287.33 1242.88 735.665 664.656 620.605 521.508 415.497 408.862 331.014 310.984 305.638 272.824 215.025 205.644 188.631 182.27 178.391 172.562 174.744 162.566 161.268 153.519 142.799 135.051 134.954 132.478 129.63 128.218 126.993 124.605 114.869 107.064 102.869 104.859 98.4188 98.0392 97.5555 110.777 105.298 96.929 96.7111 91.8764 88.9935 87.0806 86.0304 85.086 82.5201 81.7233 129.421 81.4064 105.215 80.4258 79.3152 77.0411 75.5784 74.6211 71.8291 71.1765
threshold=1.5000000000000002 347.12000000000006 3.5000000000000004 0.7958333333333335 0.73993558776167478 55.470000000000006 64.206666666666678 6.5000000000000009 44.13000000000001 16.215000000000007 0 0.56832298136645976 99.960000000000022 14.445000000000002 1.0000000180025095e-35 379.47000000000008 608.97000000000014 0.44222222222222224 0.95833333333333337 0.95833333333333337 1124.8200000000004 597.2700000000001 0.53137254901960795 19.500000000000004 131.50000000000003 2.5100000000000002 333.50000000000006 6812.7000000000016 5447.4400000000014 19.500000000000004 29.900000000000006 16.000000000000004 1.5000000000000002 2.5000000000000004 61.000000000000007 721.18000000000018 131.50000000000003 272.50000000000006 1.0000000180025095e-35 15.500000000000002 19.500000000000004 6.5000000000000009 272.50000000000006 51.000000000000007 0.31909090909090915 16.000000000000004 8.5000000000000018 1902.0400000000002 161.50000000000003 141.31666666666669 1 39.500000000000007 7362.0000000000009 131.50000000000003 51.000000000000007 299.50000000000006 3068.0500000000006 2 9.5000000000000018 16990.017142857145 6.0000000000000027 3
decision_type=8 10 8 10 10 10 10 10 8 10 9 10 8 10 2 10 10 10 10 10 10 8 10 2 2 8 2 10 8 2 10 2 2 2 2 10 2 2 2 2 2 2 2 2 10 2 2 10 2 10 9 2 10 2 2 2 10 9 10 10 10 9
left_child=1 4 5 11 8 19 18 12 21 26 16 28 33 34 -7 44 23 -10 -6 -2 50 22 -1 -8 43 -14 29 40 -3 -5 -26 -13 -25 -4 -11 55 37 -27 -31 57 -17 42 -42 -19 -16 -36 -18 -40 -21 -34 -15 52 -47 54 -46 -33 -52 -12 -9 -53 -35 -32
right_child=2 3 7 9 6 14 10 58 17 13 39 31 25 20 15 27 46 24 -20 48 -22 -23 -24 32 30 36 -28 -29 -30 38 61 35 49 60 45 -37 -38 -39 47 -41 41 -43 -44 -45 53 51 -48 -49 -50 -51 56 59 -54 -55 -56 -57 -58 -59 -60 -61 -62 -63
leaf_value=-0.02276297901789175 -0.027577278054014054 0.0076432524193720246 -0.0034771319017045371 0.02201518627458476 -0.011865737777505542 -0.030538827880586393 0.014784037992472882 -0.035816108603791127 -0.0097471162064030215 0.028508788468323398 0.0060640955308693054 0.0023517527670545752 -0.038620576302165241 0.032117767536134476 -0.018020048347871326 -0.0075614326938710889 0.076609146425290695 0.0012153332086387797 0.0096089116955684218 -0.0080473337083810277 0.059437830689312576 0.0022632895950094908 -0.0060407483826063245 0.026520321326989445 -0.013413849283449752 0.0083111098024191057 0.016907274486140648 -0.010159080795053357 0.024664014445618321 -0.023069659968839543 0.010366759414324802 0.021605484618815202 0.032426540380029754 -0.037220597182640883 0.01427364785187115 0.034958753115191303 -0.02163133737754128 -0.014917585962145071 0.043917992125149463 -0.0014596842601306808 0.031296053708767785 0.0057914033947659271 0.011197200830692235 0.018581036433531619 -0.0113365171419391 0.044125244814821551 -0.004345214269097627 0.025845368107864652 -0.021048193233048542 0.045923636044373356 0.052465269803135969 0.055176119342588745 0.00037746588662141632 -0.0073741619183672544 0.013885742840660133 0.038650404894163083 0.020531511445779162 0.021440724542339994 -0.040532297859918645 0.015990849519651542 -0.030180481310155646 -0.0026976542869070834
leaf_weight=2449.6555892825127 3529.3948715180159 2010.0563436895609 182.22909523546696 485.37591832876205 717.10007153451443 388.22997011244297 459.01031835377216 6812.8747334182262 1220.1261567473412 555.72265124320984 579.03071042895317 211.51916493475437 453.67050091922283 457.40170067548752 626.62564139068127 281.68753361701965 16.878352165222168 539.06732133030891 1657.1393709480762 1127.6077650636435 4914.30520619452 635.01710441708565 1114.5824522078037 1026.9850800335407 608.48648855090141 320.32597091794014 385.11278811097145 391.21016128361225 796.75918789207935 28.052302569150925 1213.0967251807451 1909.2446212917566 898.98943383991718 2844.4577062278986 111.82988846302032 2681.0055018365383 2106.9056359529495 919.93050101399422 3227.1787063032389 406.11629803478718 631.64282378554344 1050.3724738508463 648.23091101646423 1460.9308712184429 300.08971938490868 2131.0805781781673 238.17847149074078 369.07908329367638 1399.0820178836584 1641.8213784247637 3195.3502506017685 1316.2824148982763 86.20478667318821 1630.9517679214478 618.8545178771019 414.40116353332996 99.970225170254707 1515.5228271782398 11153.584697306156 63.387784659862518 4875.9387000948191 874.50046247243881
leaf_count=13873 20600 10014 984 2185 3826 2190 2153 41736 6709 2471 2795 1050 2735 2020 3529 1437 78 2762 8293 6147 20781 3330 5930 4871 3260 1766 1739 2032 3882 153 6179 8969 4214 17291 509 12185 12004 5138 14299 1962 3125 5277 3215 7446 1591 9382 1150 1656 7746 7466 13844 5698 400 8694 3245 1935 434 7165 69849 284 29025 4467
internal_value=-8.17836e-05 0.0258465 -0.0274983 0.0399529 0.00721763 -0.0110029 0.0198899 -0.0345162 -0.00425445 0.0476367 0.0257587 0.0232594 -0.02802 0.05121 -0.000456883 0.00143761 0.0323843 0.00304936 0.00312058 -0.0224382 0.0550263 -0.0145429 -0.0175369 0.0344334 0.00637548 -0.0195232 0.0373472 0.00899947 0.0124819 0.039258 0.000788104 0.0290553 0.0369565 -0.0321036 0.0434428 0.0301832 -0.016924 -0.00891636 0.0415605 0.014219 0.0118718 0.0142232 0.0211331 0.0139033 -0.00571209 0.0456722 0.0012902 0.0420709 -0.0152517 0.0411627 0.049235 0.0466442 0.0424253 -0.00268159 0.00564581 0.0246606 0.0513472 0.0173261 -0.038746 0.0533887 -0.0327788 0.00493209
internal_weight=87015.5 44721.6 42293.9 25449.3 19272.2 12624 9156.77 29669.9 10115.5 17426.3 6782.53 8022.99 11703.5 12931.5 6567.9 6179.67 4281.86 5916.21 2374.24 6056.08 8667.03 4199.26 3564.24 4026.81 4696.08 3800.83 4494.8 3003.14 2806.82 4109.69 2696.08 5216.17 3567.8 7902.63 4264.51 5004.65 3347.16 1240.26 3624.31 2500.67 2611.93 2330.25 1279.87 2000 3176.52 3708.79 255.057 3596.26 2526.69 2540.81 3752.72 3596.96 2217.29 2549.9 918.944 2323.65 3295.32 2094.55 17966.5 1379.67 7720.4 2087.6
internal_count=461175 211819 249356 113890 97929 68828 43973 180528 53956 75855 31854 38035 68943 55823 34335 32145 19932 30823 12119 34493 37079 23133 19803 18704 24114 21643 20032 15086 13896 18293 13906 24139 16551 47300 18744 23089 18908 6904 16108 11922 13054 11617 6340 10208 17059 16273 1228 15955 13893 11680 16298 15764 9782 13530 4836 10904 14278 9960 111585 5982 46316 10646
cat_boundaries=0 1 2 3 4
cat_threshold=5544 133121 75781 9720
is_linear=0
shrinkage=0.035


Tree=9
num_leaves=63
num_cat=0
split_feature=24 0 24 13 13 2 0 24 4 47 4 13 7 22 21 12 0 7 19 7 7 26 34 2 40 19 26 26 29 2 19 1 1 26 8 14 26 47 2 13 42 15 14 22 26 19 13 48 29 23 22 26 32 14 24 14 22 26 29 14 27 42
split_gain=47267.9 8754.36 3890.82 2327.34 2220.89 1179.52 925.723 661.401 470.128 447.484 387.888 342.276 326.407 291.168 276.217 259.583 248.721 218.547 208.429 178.763 166.242 162.081 151.891 151.05 143.631 125.796 124.23 121.228 154.429 119.275 144.357 107.897 102.409 101.065 97.5231 96.7717 94.4269 93.7409 92.2241 91.2708 90.1034 90.0604 88.1947 86.5945 83.9649 83.6003 83.5843 81.8737 90.6145 81.7321 78.8628 78.2339 82.8278 77.5852 76.1337 75.5871 75.4677 75.4251 92.7911 75.4077 74.7934 73.6798
threshold=1.5000000000000002 370.76166666666671 3.5000000000000004 0.78759398496240618 0.56832298136645976 56.920000000000009 58.333333333333343 6.5000000000000009 16.215000000000007 1912.3200000000004 2.0100000000000002 0.59629629629629644 0.95833333333333337 1.0000000180025095e-35 14.445000000000002 27.569166666666671 379.47000000000008 0.95833333333333337 617.32500000000016 0.95833333333333337 0.95833333333333337 192.50000000000003 2.5000000000000004 1477.9600000000003 5906.9400000000014 557.87 51.000000000000007 131.50000000000003 272.50000000000006 558.54000000000008 1367.7170833333337 14.445000000000002 311.85000000000008 61.000000000000007 3.5000000000000004 16.000000000000004 70.500000000000014 5447.4400000000014 484.86000000000001 0.31909090909090915 1.5000000000000002 2.0748114986520005 19.500000000000004 1.0000000180025095e-35 161.50000000000003 168.26833333333337 0.84412955465587058 6.5000000000000009 272.50000000000006 0.68301270189221941 29.500000000000004 21.500000000000004 1958.2200000000003 16.000000000000004 9.5000000000000018 16.000000000000004 32.500000000000007 131.50000000000003 333.50000000000006 16.000000000000004 4337.1000000000013 1.5000000000000002
decision_type=8 10 8 10 10 10 10 10 10 8 8 10 8 2 10 10 10 10 10 10 10 2 2 10 10 10 2 2 2 10 10 10 8 2 2 2 2 8 10 10 2 8 2 2 2 10 10 2 2 2 2 2 10 2 10 2 2 2 2 2 10 2
left_child=1 4 5 11 9 19 20 12 26 15 25 37 -4 -7 33 -1 39 -12 22 -2 -6 32 31 51 42 -8 -5 28 -28 30 -29 36 -14 -10 -11 -13 -19 61 -37 -15 -17 59 -18 -23 -21 -22 -24 48 -44 -36 -26 -16 53 -53 -9 -35 60 58 -41 -33 -57 -3
right_child=2 3 7 8 6 13 10 54 14 34 17 35 21 16 23 40 24 18 -20 44 45 43 46 -25 50 -27 27 29 -30 -31 -32 41 -34 55 49 38 -38 -39 -40 57 -42 -43 47 -45 -46 -47 -48 -49 -50 -51 -52 52 -54 -55 -56 56 -58 -59 -60 -61 -62 -63
leaf_value=-0.027416353492674139 -0.026976302682338468 -0.0018600526887138907 -0.033070878120889102 0.019362399864163039 -0.010795715263856719 -0.030103375124960283 0.012450716557339927 -0.035320410020459873 0.027559881439459311 -0.010700821346653818 0.0085262641971029993 0.0038298451320787526 -0.020372299045329376 -0.017584114760959134 0.028917323514156521 -0.016955687567374193 -0.006696550245924149 0.020282579994323053 0.0049108514856280013 -0.0077288080150711806 0.0078943212680449449 -0.04162391003147263 0.023922853033947106 0.057709788069877185 -0.030259858997605873 -0.009017982931626806 0.061083959075467681 0.02925273937272703 0.035725323346258074 0.039138024515165078 -0.0097919113262016164 -0.0076821992571730058 -0.0060144752940264421 0.015217509040836871 0.0054564081801369421 0.021148479077636968 0.040442055911920308 0.02371134179589068 0.032435824113809769 0.011375345945595351 -0.0055800079681600414 0.0094210463773388171 0.028813111794431336 -0.024435366481969742 -0.020493003536133945 -0.01416886010363924 0.040374479839776996 0.0063227992759677179 0.010515613514427776 0.0248075889035414 0.0013636017351582406 0.026206504940567407 0.031721248250134136 0.051670612748287111 -0.040106428973319633 0.042356028261750028 0.050191872638698891 -0.0070501591918760206 -0.015999971177438659 0.025751969602713559 0.020424933678975517 0.013185207370224081
leaf_weight=1316.857796728611 3486.3883006125689 521.36484228074551 6071.4005359709263 503.57301077246666 1191.742822766304 378.21575492620468 2149.9005994945765 6669.2551202178001 547.59186671674252 269.39589627087116 880.0787141174078 188.40586122870445 1591.2335450798273 608.26687324047089 245.22745478153229 1283.8456085175276 283.54522527754307 442.30162344872952 481.50170464813709 1145.17455278337 1923.3965662121773 423.25071676075459 502.34788593649864 3953.3233464509249 154.03327170014381 395.1319095492363 540.29471509158611 805.58724112808704 660.22262191772461 1759.3903329074383 134.9818177074194 85.645161598920822 986.84596607089043 111.43227878212929 717.86334346234798 1215.426700308919 815.9240039139986 786.59751439094543 3365.3535282611847 715.13752289116383 2542.4720280766487 636.57331591844559 661.16440653800964 2443.4502761214972 1411.0935386270285 235.2821928113699 1604.6693009138107 987.76557709276676 667.67445695400238 425.7933559268713 256.10004350543022 155.40927916765213 307.95830059051514 4012.0625303089619 10882.308696180582 1697.7642987370491 1651.1877390295267 1598.7130132913589 191.50361911952496 2072.3877052515745 217.75262676179409 1691.1096316128969
leaf_count=7653 20667 2596 37273 2247 6423 2169 10488 41736 2412 1456 4294 931 9336 3458 1066 7197 1454 2056 2292 6266 9704 2612 2362 16489 815 1961 2374 3593 2905 7665 609 416 5441 505 3729 5677 3702 3789 15158 3734 13771 3092 3234 14281 7898 1231 7129 4945 3304 2146 1312 678 1316 17070 69849 7386 7070 8550 1022 9902 967 8312
internal_value=-8.70485e-05 0.0247575 -0.026981 0.0385287 0.00746961 -0.0106887 0.0156277 -0.0340116 0.0456739 -0.00922527 0.0209311 0.0226091 -0.0274884 -0.000342133 0.0490483 -0.0140176 0.00150055 0.0249275 0.0270993 -0.0218201 -0.000308095 -0.0212584 0.0288327 0.0526318 0.00867276 0.00911534 0.0357812 0.0378955 0.0471794 0.0337515 0.023645 0.0248565 -0.0148808 0.0416817 0.00821516 0.0284352 0.0333772 0.0133377 0.0294462 -0.00543417 -0.00940033 0.0210097 0.011709 -0.0269868 -0.0147801 0.00548413 0.0364653 0.0139637 0.0196344 0.0126764 -0.0105579 0.048368 0.0494271 0.0507275 -0.03829 0.0437761 0.0446638 -0.00247849 0.00558179 0.0244221 0.0398749 0.00964059
internal_weight=86657.7 45045.1 41612.5 25072 19973.1 12544.8 13416.9 29067.7 17303.8 6556.23 10066.5 7768.26 11516.2 6502.12 12899.7 5143.18 6123.9 7521.43 6641.35 6042.66 3350.42 5444.78 6159.85 8673.98 3010.28 2545.03 4404.05 3900.48 1200.52 2699.96 940.569 4052.83 2578.08 4225.73 1413.05 4769.19 1258.23 2999.07 4580.78 3113.62 3826.32 2794.61 2600.15 2866.7 2556.27 2158.68 2107.02 2316.6 1328.84 1143.66 410.133 4720.66 4475.43 4167.47 17551.6 3678.14 3566.7 2505.35 906.641 2158.03 1915.52 2212.47
internal_count=461175 211819 249356 110815 101004 68828 65052 180528 74352 35952 47694 36463 68943 33997 54959 28621 31828 35245 30951 34831 17358 31670 28659 36619 15064 12449 19393 17146 5279 11867 4202 19168 14777 18340 7331 21766 5758 14697 20835 16764 20968 13410 12937 16893 14164 10935 9491 11483 6538 5875 2127 20130 19064 17748 111585 15928 15423 13306 4756 10318 8353 10908
is_linear=0
shrinkage=0.035


Tree=10
num_leaves=63
num_cat=4
split_feature=24 0 24 13 7 2 13 24 2 13 0 16 22 19 0 42 0 47 47 16 20 48 42 7 16 0 19 0 47 26 26 40 52 14 26 12 26 18 22 14 22 14 26 16 14 14 48 29 18 35 20 18 26 13 22 24 23 29 12 43 0 27
split_gain=44270.3 8017.07 3787.69 2784.28 1488.84 1119.27 781.202 658.612 633.097 424.941 321.518 275.525 274.025 261.438 258.621 251.67 235.936 215.832 188.891 185.455 182.811 173.689 171.765 170.967 163.906 163.28 147.976 171.104 142.145 141.739 141.182 128.93 120.677 117.069 170.627 110.808 110.541 104.594 96.1685 94.134 98.2579 91.3244 105.661 90.0714 89.8634 88.7374 82.557 95.2081 80.7959 95.3624 78.6957 78.5026 78.2759 78.0206 77.6601 76.7658 76.463 74.5875 73.8912 71.7928 71.6928 69.3136
threshold=1.5000000000000002 234.42000000000004 3.5000000000000004 0.78759398496240618 0.95833333333333337 55.470000000000006 0.73993558776167478 6.5000000000000009 558.54000000000008 0.56832298136645976 99.960000000000022 0 1.0000000180025095e-35 398.09000000000009 64.206666666666678 2.5000000000000004 347.12000000000006 576.09000000000015 11461.410000000002 1 52.404701932817616 3.5000000000000004 2.5000000000000004 0.95833333333333337 2 893.59333333333336 1176.3612121212122 798.21000000000015 5447.4400000000014 100.50000000000001 161.50000000000003 5906.9400000000014 2.5000000000000004 19.500000000000004 299.50000000000006 2587.2150000000006 21.500000000000004 13915.875000000002 1.0000000180025095e-35 16.000000000000004 52.500000000000007 16.000000000000004 299.50000000000006 3 19.500000000000004 19.500000000000004 6.5000000000000009 241.50000000000003 12759.216000000002 7.5000000000000009 4.7751638978065767 378.14000000000004 161.50000000000003 0.31909090909090915 39.500000000000007 9.5000000000000018 0.25000000000000011 333.50000000000006 28.413000000000007 9.5000000000000018 6.0000000000000027 10488.240000000002
decision_type=8 10 8 10 10 10 10 10 10 10 8 9 2 10 10 2 10 8 8 9 10 2 2 10 9 10 10 10 8 2 2 10 2 2 2 10 2 10 2 2 2 2 2 9 2 2 2 2 10 2 10 10 2 10 2 10 2 2 10 2 10 10
left_child=1 4 5 9 15 23 18 10 24 28 32 20 -7 14 -8 17 53 58 22 44 36 56 -6 -2 -5 41 33 -28 -3 -29 57 45 -4 -26 43 -23 -10 39 -32 -38 51 -11 -43 59 -16 -18 47 -47 -22 -50 -46 -41 -25 -14 -33 -9 -13 -12 -1 -35 -34 -53
right_child=2 3 7 8 6 12 13 55 11 25 30 21 16 -15 19 -17 31 -19 -20 -21 48 35 -24 52 26 -27 27 29 -30 -31 38 54 60 34 -36 -37 37 -39 -40 40 -42 42 -44 -45 50 46 -48 -49 49 -51 -52 61 -54 -55 -56 -57 -58 -59 -60 -61 -62 -63
leaf_value=-0.029057852688824458 -0.026507921625652759 0.0051821082305284691 -0.0027613898871699499 0.0059642429546268288 -0.01037155058799593 -0.029415212686880431 0.010062230972469496 -0.034835357700759739 0.022405755116845633 -0.0043847132843190077 -0.005780655388952935 0.037819656215577098 -0.017118438527314577 -0.0042284922735144346 0.01390200869008997 -0.00076124708144692098 -0.0071945012090891486 -0.0014679703346087655 0.013074369376717288 0.015503235458586187 0.05444138663257455 0.036290057654076883 0.0041966706013733144 -0.0075591996753494968 0.020545965222004914 0.031736270683192895 0.001910013216846947 0.056775440694125177 0.020739584215323473 0.015686469928250679 -0.040664836397291619 -0.026195323105644659 -0.036303294582304683 0.037022534848393747 0.053624803972322957 0.06200490666200914 0.020689716676228712 0.010233624584737011 -0.020839963608892079 0.057000402476151159 0.053494071978323766 0.018717817687420039 0.035212809698835675 0.027994596102188896 0.027848056712179315 0.031314983466582444 0.0053964612117702237 0.012022241169805433 0.058329459682217769 0.016719071480434108 0.041360443322035034 0.042526810549481806 -0.020049725055241639 -0.0029399044789007495 0.0036139124121747483 -0.03969494921408883 0.010605151853964575 -0.024898985009518513 -0.017137905346614055 0.053580024370398369 -0.029133617184213784 0.0040532110048231889
leaf_weight=1241.9088657051325 3421.4768544733524 2567.0561906397343 180.1580635458231 291.97878843545914 1939.2909381389618 375.57772780954838 1606.2392773628235 6527.9668691158295 269.29198770225048 177.25968760251999 1135.0066405534744 176.71604196727276 593.83832982182503 519.38325378298759 277.62563599646091 1483.0962482839823 303.45133817195892 740.44107204675674 1169.1339182555676 1250.8237251341343 4820.1511743813753 1330.4387652277946 2026.4547573179007 1118.4549738764763 534.20705908536911 2452.8787057846785 359.77224881947041 192.69877563416958 999.14445231854916 221.55062970519066 356.85176023840904 194.88964423537254 2728.0320195406675 1638.7170474082232 716.33604680001736 245.1380697786808 176.85193467140198 102.37761348485947 1901.8227265179157 487.5266979187727 1858.5133138298988 3023.1290905922651 565.87471434473991 1652.5900487005711 993.51318007707596 464.82643373310566 1053.8998693674803 964.70855161547661 118.55329377949238 157.57813142240047 1155.6839972138405 3563.6112938523293 1368.4579389542341 2371.4090109169483 235.6346934735775 10615.026364400983 443.12756885588169 319.95493821799755 1321.5885506421328 407.03330072760582 4710.7853555679321 58.52641661465168
leaf_count=7312 20600 12855 984 1342 10579 2190 7962 41736 1182 877 6403 754 3413 2515 1287 7853 1563 3948 5835 5868 20109 5685 10462 6147 2386 10982 1623 834 4817 965 2268 1042 17291 7178 3117 1021 775 457 11124 2080 7814 14011 2611 7311 4582 2250 5276 4744 496 664 5216 15106 7746 12654 1203 69849 1929 1848 7395 1767 29025 257
internal_value=-9.18609e-05 0.0237341 -0.0264733 0.0344601 0.0035372 -0.0103831 0.0106615 -0.033517 0.042001 0.019181 -0.0269649 0.0461317 -0.000428558 0.0194588 0.0217875 -0.0127403 0.00133677 -0.0181156 0.000717209 0.0269045 0.0483518 0.0339967 -0.00292816 -0.0214307 0.032512 0.0247039 0.0337957 0.0195833 0.00954545 0.0348908 -0.0185119 0.00789938 -0.031082 0.0360824 0.0379574 0.0403277 0.0444859 0.0454339 -0.0239887 0.0460186 0.0467656 0.0201167 0.0213277 0.034909 0.032574 0.0106531 0.0128359 0.018313 0.0533804 0.0347299 0.0351299 0.0437105 -0.0144376 -0.0057842 -0.00990956 -0.0378466 0.0184124 -0.00999911 -0.0229217 0.0401453 -0.0317675 0.0419064
internal_weight=86276 45333.8 40942.2 29608.6 15725.2 12466.6 10938.1 28475.6 19823.3 9785.34 11332.6 13808.4 6558.24 5803.27 5283.89 4787.03 6182.66 3303.94 5134.88 3677.65 11613 2195.42 3965.75 5908.39 6014.88 6219.14 5722.91 774.022 3566.2 414.249 3713.64 3217.41 7618.98 4948.88 4414.68 1575.58 6516.7 6247.41 2258.67 6145.03 5968.18 3766.26 3589 3698.34 2426.82 2786.89 2483.43 1429.53 5096.28 276.131 2149.2 4109.66 2486.91 2965.25 430.524 17143 619.844 1454.96 2563.5 2045.75 7438.82 3622.14
internal_count=461175 211819 249356 131005 80814 68828 54306 180528 84852 46153 68943 58329 34335 27430 24915 26508 32145 18655 26876 16953 48940 9389 21041 34493 26523 28481 25181 3422 17672 1799 21643 16078 47300 21759 19373 6706 27671 26489 13392 26032 25257 17499 16622 16256 11085 13833 12270 6994 21269 1160 9798 17443 13893 16067 2245 111585 2683 8251 14707 8945 46316 15363
cat_boundaries=0 1 2 3 4
cat_threshold=21888 416 10244 1416
is_linear=0
shrinkage=0.035


Tree=11
num_leaves=63
num_cat=5
split_feature=5 13 6 2 0 2 0 13 34 5 13 34 52 20 47 2 40 4 1 16 9 42 19 26 22 46 2 26 16 14 43 27 16 1 2 51 0 44 0 17 22 16 14 42 26 14 26 18 34 46 18 26 27 44 0 40 17 16 0 2 26 47
split_gain=41026.9 8403.13 2786.21 2630.15 1680.39 972.865 589.396 527.531 433.375 412.857 397.647 299.532 270.582 250.402 213.162 208.115 183.083 173.564 170.454 157.922 156.622 155.184 140.252 131.145 129.433 125.613 123.562 120.294 119.872 117.747 115.167 111.893 108.155 104.602 103.901 103.743 98.6318 97.0011 95.6073 88.1326 95.011 141.672 86.8083 80.6021 78.2161 84.3759 78.1263 78.0811 76.5562 74.8337 74.4856 74.4693 74.3424 73.4707 73.3446 72.8133 71.7133 75.8247 70.9771 70.9508 94.6399 69.2244
threshold=1.9200000000000008 0.73993558776167478 1.0000000180025095e-35 392.49000000000012 234.42000000000004 51.330000000000005 70.616666666666688 0.47913043478260875 2.5000000000000004 1.0000000180025095e-35 0.48074074074074075 2.5000000000000004 3.5000000000000004 1.0000000180025095e-35 inf 14.445000000000002 1.0000000180025095e-35 1.9500000000000002 1099.4800000000002 0 415.47000000000008 1.5000000000000002 1070.4987500000004 131.50000000000003 1.0000000180025095e-35 1.0000000180025095e-35 3.9800000000000004 61.000000000000007 1 18.000000000000004 1.5000000000000002 1.0000000180025095e-35 2 144.04500000000004 6.7350000000000012 170.44307843389853 7.6800000000000104 107.58000000000003 598.35000000000002 12369.960000000003 16.500000000000004 3 16.000000000000004 3.5000000000000004 21.500000000000004 19.500000000000004 21.500000000000004 4162.0275000000011 2.5000000000000004 658.50000000000011 10999.973333333335 81.500000000000014 13969.800000000001 250.44000000000003 18.550000000000001 1.0000000180025095e-35 10252.080000000004 4 145.01333333333338 558.54000000000008 131.50000000000003 576.09000000000015
decision_type=8 10 10 10 10 10 10 8 2 10 8 2 2 8 8 10 10 10 8 9 10 2 10 2 2 8 10 2 9 2 2 8 9 8 8 10 10 8 10 10 2 9 2 2 2 2 2 10 2 8 10 2 10 10 10 10 8 9 10 10 2 10
left_child=2 4 12 6 7 13 25 26 14 16 53 18 -1 36 24 23 -7 31 19 22 28 -18 58 51 -5 -3 -2 -16 -10 -17 -14 -12 -26 -11 -15 59 -4 -31 -19 40 41 -29 -34 52 -13 -46 -45 -30 -27 -21 -22 -9 -44 -6 -32 -56 57 -20 -8 60 -33 -59
right_child=1 3 5 8 10 9 11 15 20 33 17 44 30 34 27 29 21 38 56 49 50 -23 -24 -25 32 48 -28 39 47 37 54 35 42 -35 -36 -37 -38 -39 -40 -41 -42 -43 43 46 45 -47 -48 -49 -50 -51 -52 -53 -54 -55 55 -57 -58 61 -60 -61 -62 -63
leaf_value=-0.0028027814941504175 -0.028676815063727167 -0.019346151588213664 -0.033283647034140544 -0.029771454482231466 0.0046082230232542083 -0.040182776228711393 0.015310062452895873 -0.012448154387094894 0.048156712724703753 -0.0042732625886398217 -0.016411478764246961 0.0072334215432290107 -0.038118235876206358 -0.022249512639951844 0.021693408984291031 -0.016747914036456531 -0.016117527425674811 0.016299732906524825 0.0059808467851236759 0.0053579509928931178 0.054321065700745665 -0.0034331360582224345 -0.010952520364514677 -0.01935049692417572 0.0024885437928591049 0.0040164055887062147 -0.013856084625159517 0.044582941718314548 0.031282431652342423 0.0090849310894919287 -0.036403848741702861 0.019992370897698137 0.007963207937188254 0.011038863750717528 -0.0088703407910062197 -0.00010952505946415987 -0.024618044011501885 -0.0034740461119869858 0.028633902605328457 0.021416360708185627 0.048513640023001438 0.015752487680684393 0.027741243505602774 0.012256857613979093 0.018742782321966984 0.035981833268789461 0.038542698095816764 0.04507743126225059 0.020327934383105671 0.026284830079205922 0.035417741886705545 0.010381484428944708 -0.032225786194502545 -0.009394914246509501 -0.042342238149281862 -0.02608677144860588 0.017952346005935448 0.043797838885221936 0.02888411787399537 0.021482657062668956 0.0046784676337510251 0.021326134212083986
leaf_weight=296.44322431087494 923.08112911880016 238.32952737808228 2606.9203663915396 42.030462861061096 1530.3512288182974 284.47761242091656 717.95486152172089 308.28628823161125 3100.7532884031534 911.17890606820583 154.02547301352024 142.54893481731415 14741.102118223906 1421.6090268343687 337.48858584463596 315.04624781012535 3150.249512553215 1313.1979449689388 120.93880814313889 1629.5550821721554 3332.9442456811666 1891.3078968524933 147.42543007433414 961.80769470334053 166.5335701406002 1708.9273266643286 2730.8436982482672 746.32979729771614 1399.0830716341734 2645.4652768522501 2648.6461629271507 904.01109050214291 169.73973263800144 1362.9793086349964 1425.9908884912729 561.61255352199078 4271.0878231823444 1052.5414211601019 1879.0456321835518 210.73720808327198 2585.3253811895847 342.64865402877331 1349.8108861148357 147.72929793596268 402.00110726058483 2758.1424263417721 2539.6744806170464 800.10061396658421 443.3218100219965 239.35224431753159 284.71244141459465 402.22460153698921 25.013408794999123 654.43953037261963 393.08938068151474 2507.7796538472176 462.5141431838274 690.70272521674633 1399.599667802453 1627.2259636372328 1091.2670548856258 225.85369271039963
leaf_count=1674 5568 1327 16608 239 7862 1826 3406 1691 12921 4841 836 629 98192 8237 1472 1654 18252 6169 559 7813 13640 10270 704 5357 742 8666 15537 3163 5870 13662 17390 4309 797 6644 7877 2702 26128 5471 8453 922 10854 1473 5923 671 1788 12008 10954 3340 2108 1080 1168 2133 115 3462 2582 16104 2103 3016 6396 7496 5305 1016
internal_value=-9.58347e-05 0.0214126 -0.0273053 0.0333063 0.00336764 -0.0169611 0.0201511 -0.00723289 0.0417805 -0.00757768 0.0135577 0.02428 -0.0360095 -0.0242923 0.036194 -0.000563627 -0.0129074 0.0173714 0.0193675 0.0156935 0.047203 -0.0113607 0.0218968 -0.0109332 0.0308233 0.00471229 -0.017607 0.0418334 0.0433435 0.00375924 -0.0364945 0.0128081 0.0314089 0.00490463 -0.0155551 0.0138874 -0.0279069 0.00551037 0.0235667 0.0435769 0.0448417 0.0360877 0.0324636 0.033565 0.0326516 0.0337955 0.0371028 0.0361552 0.00738415 0.00800787 0.0528436 0.000472272 0.0266276 0.000411297 -0.0321754 -0.0283033 0.0294757 0.0345905 0.0242912 0.0160569 0.0116234 0.0378769
internal_weight=85875.2 47962.3 37912.9 28907.8 19054.5 17325.8 11327.2 9339.3 17580.7 7600.19 9715.18 8936.59 20587.1 9725.61 8663.06 5685.37 5326.04 7530.39 5633.9 4133.89 8917.59 5041.56 2264.98 1672.32 4440.53 2390.58 3653.92 4222.53 5299.94 4013.05 20290.6 4338.14 4398.5 2274.16 2847.6 4184.12 6878.01 3698.01 3192.24 3885.04 3674.3 1088.98 4231.97 4062.23 3302.69 3160.14 2687.4 2199.18 2152.25 1868.91 3617.66 710.511 1374.82 2184.79 5549.52 2900.87 1500.01 1037.5 2117.55 3622.5 1995.28 916.556
internal_count=461175 224550 236625 126883 97667 100683 52619 51073 74264 41833 46594 40518 135942 58850 37325 29968 30348 35270 26093 19399 36939 28522 10506 9181 19441 12101 21105 17884 22131 20787 134268 20648 19202 11485 16114 19812 42736 19133 14622 16412 15490 4636 18460 17663 14425 13796 11625 9210 10774 8893 14808 3824 6038 11324 36076 18686 6694 4591 9802 17110 9614 4032
cat_boundaries=0 1 2 3 4 5
cat_threshold=1448 5504 2048 136328 10305
is_linear=0
shrinkage=0.035


Tree=12
num_leaves=63
num_cat=1
split_feature=24 0 24 13 13 2 0 24 16 2 47 7 13 22 34 12 13 4 35 7 40 26 7 29 1 1 2 21 26 47 50 26 26 3 50 32 26 0 42 4 8 24 47 26 23 2 47 0 30 2 34 44 26 13 5 2 26 32 22 5 6 18
split_gain=38953.1 6803.93 3587.09 1865.8 1705.48 1010.06 695.047 652.988 419.662 406.65 370.123 313.993 288.249 251.469 233.518 231.753 209.14 184.023 167.465 167.401 153.947 135.268 131.223 120.576 116.844 115.994 114.816 106.394 102.944 101.808 101.616 99.4109 94.8968 91.4501 89.1662 99.4145 85.2464 85.0336 82.8589 81.2307 80.715 78.9893 74.6354 74.6154 74.1717 72.1334 71.1129 73.5625 68.8602 68.4561 67.3637 66.6697 65.2665 63.8821 62.3849 62.0199 61.7826 61.7107 61.2206 60.7552 60.7089 61.0099
threshold=1.5000000000000002 347.12000000000006 3.5000000000000004 0.7958333333333335 0.56832298136645976 58.350000000000009 52.800000000000004 6.5000000000000009 0 1477.9600000000003 1912.3200000000004 0.95833333333333337 0.56832298136645976 1.0000000180025095e-35 2.5000000000000004 27.569166666666671 0.49074074074074076 4.3500000000000005 12.500000000000002 0.95833333333333337 1.0000000180025095e-35 51.000000000000007 0.95833333333333337 23.500000000000004 744.22000000000014 76.810000000000016 212.78000000000003 1.8050000000000004 21.500000000000004 5447.4400000000014 61.889520321456445 366.50000000000006 366.50000000000006 254.50000000000003 323.69882703353647 3068.0500000000006 21.500000000000004 228.70666666666668 1.5000000000000002 7.580000000000001 3.5000000000000004 9.5000000000000018 inf 161.50000000000003 0.68301270189221941 570.10500000000013 846.9000000000002 145.01333333333338 1886.3100000000002 109.47000000000001 2.5000000000000004 340.93000000000006 366.50000000000006 0.95346320346320357 113.76000000000003 203.23500000000004 70.500000000000014 2317.8600000000006 39.500000000000007 83.020000000000024 336.03000000000003 12759.216000000002
decision_type=8 10 8 10 10 10 10 10 9 10 8 8 10 2 2 10 10 10 2 10 8 2 10 2 8 10 10 10 2 8 10 2 2 2 8 10 2 10 2 10 2 10 8 2 2 10 10 10 10 10 2 10 2 10 10 10 2 10 2 10 10 10
left_child=1 4 5 12 10 19 22 11 17 14 15 -4 29 -7 21 -1 42 46 37 -2 -13 -5 -6 -19 55 60 -18 59 -16 -3 58 36 33 45 35 -27 -14 -10 -17 -38 -12 -9 48 56 -42 -30 47 -8 -15 -20 -24 -50 -28 -32 -31 -22 -21 -47 -11 -25 61 -23
right_child=2 3 7 9 6 13 8 41 18 30 40 20 31 16 28 38 26 23 49 43 24 25 50 27 -26 34 52 -29 32 54 53 -33 -34 -35 -36 -37 39 -39 -40 -41 44 -43 -44 -45 -46 57 -48 -49 51 -51 -52 -53 -54 -55 -56 -57 -58 -59 -60 -61 -62 -63
leaf_value=-0.026113043336980116 -0.025441656646670984 0.0064673073957257432 -0.031620920865792317 0.014580356157502234 -0.01090927959704192 -0.02866007345596357 0.010858972502788619 -0.033883489353726037 0.010469303184892611 0.036996712723341457 -0.010149461651977188 -0.041243484647674251 0.0023688034485129738 -0.015273559103860837 0.020503687189719764 -0.016189593259095889 -0.001064266935300004 0.0059449015666268746 -0.0091422193660808844 -0.021668217947037525 -0.023315010851022559 0.045409903792938119 0.001377389837970634 0.025904835580116789 -0.0070428225747481534 0.033830855405429495 0.014364282224977641 0.036020668082324576 0.035700981826398595 0.026406228528419302 0.042348348683300667 0.001078063715846159 0.01871255350006408 0.059160101050457992 0.018815277593582719 0.0073343637720574041 0.021273469431231467 0.024173883503426967 -0.0050526201884194986 0.030279303071158399 0.0042815013143190283 -0.03892451307327234 0.004132264446785076 -0.018961516941204518 0.022777137554290151 0.045650567959618249 -0.01129682826360481 0.024172459440749163 0.0013575783003622829 0.0059821905198378482 0.019306472308691619 -0.019074619798406245 -0.015086236587649219 0.052990385256930755 0.0037122433214833374 -0.013165187194849975 -0.0024350935379489486 0.025890524368465589 0.048028053091183312 0.0027982979560563824 0.021276882216818536 -0.010100436164387659
leaf_weight=1267.8939560055733 3344.1957852244377 2036.3166363686323 5733.8399956822395 578.91140908002853 1104.9635953605175 358.86560693383217 1066.4577003717422 6249.6005367487669 1824.7432408481836 1582.4573836475611 265.39747647941113 378.73514556884766 190.09997528791428 996.3729115575552 300.51251922547817 1227.0867872834206 1133.3454082012177 267.49809457361698 598.15647548437119 265.47836019098759 2925.933966755867 1133.6511205136776 1622.7137301415205 1424.6278078407049 947.5669808536768 2702.6664442270994 1871.7865591049194 1870.211371794343 1862.9550999552011 628.61240132153034 943.20748589932919 214.71758171916008 215.53424812853336 380.82002620398998 790.28743577003479 186.03516429662704 2231.9702293425798 797.96971912682056 2457.4074496179819 2764.3289106041193 703.86794467270374 10102.561279833317 778.16916081309319 1390.579665094614 426.16160434484482 3091.5660085380077 112.31178675591946 975.86741438508034 955.06147593259811 943.50024506449699 303.99809843301773 244.987583771348 96.165691271424294 2917.5384037792683 194.61529313027859 992.36732831597328 882.46589979529381 211.28937461972237 1046.269276112318 154.78934799134731 163.95445051789284 24.446811199188232
leaf_count=7653 20731 10014 37273 2550 6054 2148 5149 41736 8741 6611 1446 2504 856 5655 1273 7032 5926 1243 2974 1502 17974 4747 8257 6618 5380 11620 8972 8267 7839 2943 3919 1050 914 1567 3435 816 10087 3629 13445 12146 3633 69849 4181 8019 2109 12727 553 4498 5003 4466 1460 1325 495 11863 939 5812 4871 873 4296 702 699 106
internal_value=-9.89651e-05 0.0218847 -0.0254983 0.0334538 0.00615739 -0.00981556 0.0133869 -0.0325656 0.0178229 0.0397352 -0.0087252 -0.0259578 0.0196629 -0.00023207 0.0358137 -0.0132108 0.00145144 0.0238476 0.00924493 -0.0202966 -0.0197616 0.0306327 -0.0012993 0.0286072 -0.0180814 0.0324876 0.00780974 0.0303623 0.0405762 0.010672 0.0467641 0.0244201 0.0416193 0.0425059 0.0292738 0.0321276 0.0253861 0.0146466 -0.00876507 0.0262612 0.00719237 -0.0370001 -0.00517809 -0.0135112 0.0112706 0.041267 0.0157377 0.0172292 -0.00847704 0.000111859 0.0042148 -0.00282602 0.0129182 0.0504021 0.0210523 -0.0207484 -0.00689801 0.0443947 0.0414039 0.0236435 0.0414021 0.0442304
internal_weight=85456.5 45808.4 39648.1 26392.8 19415.6 12317.5 13067.8 27330.6 10036.1 18132.1 6347.82 10978.4 8260.66 6434.75 11642.6 4952.39 6075.89 5871.76 4164.37 5882.72 5244.6 5579.95 3031.68 3717.13 4865.87 5001.04 3101.3 3449.63 6062.68 2859.54 6489.47 5401.12 5762.16 5546.63 3678.99 2888.7 5186.4 2622.71 3684.49 4996.3 1395.43 16352.2 2974.59 2538.52 1130.03 5165.81 2154.64 2042.33 2196.42 1541.66 1926.71 1200.05 1967.95 3860.75 823.228 3918.3 1147.94 3302.86 2628.73 1579.42 1322.05 1158.1
internal_count=461175 211819 249356 113890 97929 68828 62611 180528 46840 75855 35318 68943 38035 33705 49166 28130 31557 27030 19810 35123 31670 23973 15771 16830 29166 21423 15393 15587 25193 13896 26689 24139 23920 23006 15871 12436 23089 12370 20477 22233 7188 111585 16164 14392 5742 21439 10200 9647 11983 7440 9717 6328 9467 15782 3882 23786 6373 13600 10907 7320 5552 4853
cat_boundaries=0 1
cat_threshold=1448
is_linear=0
shrinkage=0.035


Tree=13
num_leaves=63
num_cat=3
split_feature=24 0 24 13 13 2 24 0 4 12 16 7 13 47 27 21 19 0 7 7 26 13 14 26 35 2 16 40 19 8 26 26 29 2 19 1 0 44 27 18 24 26 26 26 16 26 14 14 26 2 26 48 29 27 14 19 14 17 13 42 14 1
split_gain=36531.6 6264.2 3491.48 1670.03 1651.89 958.08 650.845 615.861 384.008 383.416 381.241 307.862 244.762 244.607 238.766 225.532 222.269 200.013 180.841 156.622 153.309 133.549 132.394 146.572 131.215 127.312 138.094 120.377 103.161 99.1791 99.0267 108.872 133.628 90.3614 121.107 89.4345 87.1252 85.6425 83.903 81.7709 79.7833 78.1352 107.133 76.5872 74.6285 73.5701 79.2347 72.0907 72.0267 81.4855 71.0203 65.7776 76.6486 64.574 63.0591 62.7369 62.6948 63.2395 62.4524 62.397 62.3599 62.0582
threshold=1.5000000000000002 370.76166666666671 3.5000000000000004 0.63397129186602885 0.7958333333333335 55.470000000000006 6.5000000000000009 70.616666666666688 16.215000000000007 27.569166666666671 0 0.95833333333333337 0.59629629629629644 11461.410000000002 1.0000000180025095e-35 10.810000000000002 690.0540000000002 379.47000000000008 0.95833333333333337 0.95833333333333337 192.50000000000003 0.52786377708978338 19.500000000000004 299.50000000000006 12.500000000000002 2100.0600000000004 1 5906.9400000000014 168.26833333333337 8.5000000000000018 51.000000000000007 131.50000000000003 272.50000000000006 558.54000000000008 1367.7170833333337 311.85000000000008 145.01333333333338 380.97000000000008 1.0000000180025095e-35 1071.9200000000003 9.5000000000000018 131.50000000000003 51.000000000000007 61.000000000000007 2 21.500000000000004 19.500000000000004 19.500000000000004 299.50000000000006 1594.8700000000003 161.50000000000003 6.5000000000000009 333.50000000000006 1.0000000180025095e-35 16.000000000000004 254.76409090909095 16.000000000000004 10417.680000000002 0.93933823529411775 3.5000000000000004 16.000000000000004 9.7350000000000012
decision_type=8 10 8 10 10 10 10 10 10 10 9 8 10 8 10 10 10 10 10 10 2 10 2 2 2 10 9 10 10 2 2 2 2 10 10 8 10 10 10 10 10 2 2 2 9 2 2 2 2 10 2 2 2 10 2 10 2 10 10 2 2 10
left_child=1 3 5 9 12 19 11 18 30 -1 24 -4 37 21 -7 43 22 41 59 -2 35 61 -12 36 39 26 -17 47 44 -18 -6 32 -32 34 -33 -13 55 54 -22 -9 -8 42 -16 -10 -20 -14 -47 -19 49 -48 -21 52 -49 -35 -3 -24 -45 -58 -28 -5 -55 -11
right_child=2 4 6 7 8 14 40 10 15 13 16 20 45 -15 17 25 29 27 28 50 38 -23 23 -25 -26 -27 58 -29 -30 -31 31 33 -34 53 -36 -37 -38 -39 -40 -41 -42 -43 -44 56 -46 46 48 51 -50 -51 -52 -53 -54 60 -56 -57 57 -59 -60 -61 -62 -63
leaf_value=-0.021218232690380631 -0.025018854530802558 -0.01280216017043471 -0.031133642290995765 -0.015176794668006803 0.015088326061272939 -0.028059689291975359 -0.033425443042148346 0.0055818505667816079 0.021675064100714295 -0.02028588762576122 0.011306598600171308 -0.018306785485640457 0.0013479292726718067 0.011571532511004805 -0.012746313887190762 0.02638852648845923 0.064340606039667028 -0.0063646723655807176 -0.0052371441457976561 -0.0067011927034704953 -0.040178665858003421 0.0029493080924601314 0.021720191060561132 0.044762402206930264 0.00064973415940272822 0.050665824627297983 0.036926816844388539 -0.010098836613618436 -0.012440362643101169 -0.011207300463563264 0.052716022955151709 0.023884522017222437 0.029565606439712604 -0.035645131691350869 -0.011527530042041484 -0.0046632582818481637 0.030005898398706141 -0.00064965224082435473 -0.022525856328454004 0.020317575276287986 -0.038549457100030556 -0.0089194725840321867 0.01074408131291422 0.0088956283799573113 0.012635004024085747 0.011810283581623737 0.021571914539033465 0.020652667236032648 0.037276140338392133 0.034051045328048285 -0.018727840621272807 0.0055063239298080019 -0.003510784165175414 0.0051183659390982668 0.015399406696397364 -0.0024555119466753237 0.038111642280663716 0.015802408052469859 0.04571845291235252 0.0035154477401184003 0.034286888498276206 -0.0075541750273682966
leaf_weight=1670.1862628161907 3271.8480348885059 100.54800921678543 5621.76527787745 777.88464450836182 517.90192887187004 359.99882081151009 6115.8965899050236 711.83486053347588 508.77327819168568 563.12186689674854 623.34083776175976 1512.6750789135695 169.70976991951466 1240.4779451489449 359.34127080440521 777.98833195865154 22.150455176830292 281.94460324943066 337.1885339319706 1101.9976484775543 386.18775919079781 1471.223672658205 1346.1886040866375 594.03174245357513 1228.0106310248375 2774.5001678615808 1320.4240744411945 406.53379093110561 286.72392620146275 264.15332862734795 560.04986952245235 832.74158483743668 683.94328653812408 16.291046798229218 137.25333644449711 964.42336110770702 2597.5359799712896 584.24821677803993 2320.4532784074545 1314.8851861804724 9848.3298409730196 2078.2457667589188 698.70784743130207 100.38613605499268 1820.2235383242369 515.36623658239841 2794.9662489891052 1173.9533596336842 634.8290331363678 837.11746242642403 1327.8097302764654 996.92603899538517 186.00558735430241 95.15292800962925 2372.4263835698366 145.50259801745415 3310.1729256212711 165.36951285600662 4366.4565952569246 303.7520767301321 1713.6714218854904 2800.482663333416
leaf_count=9966 20600 508 37273 4274 2241 2190 41736 3343 2174 3294 2858 9336 761 6269 1959 3241 98 1454 1677 6147 2612 7718 6150 2641 5807 11224 5470 2129 1472 1262 2355 3582 2900 88 609 5441 11439 2904 14281 6014 69849 11432 3668 443 8914 2363 12379 5646 2773 3605 7746 4948 909 416 11285 687 13788 715 17844 1577 7147 15544
internal_value=-0.000102109 0.0210237 -0.0250163 0.00637302 0.0324079 -0.00953282 -0.0320972 0.0143508 0.038325 -0.00637171 0.0192796 -0.0254587 0.0191945 -0.00228737 -0.000391702 0.0413271 0.0248193 0.00122387 0.00198056 -0.0200188 -0.0192993 -0.00584482 0.0264841 0.0285014 0.00964962 0.0443611 0.0416479 0.00761164 0.00725302 -0.00515879 0.0295398 0.0313887 0.040022 0.0275334 0.018867 -0.0129989 0.0261288 0.0114018 -0.0250585 0.0151473 -0.0365887 -0.00497916 0.00276162 0.0344554 0.00987485 0.0240023 0.0248057 0.0103429 0.0263722 0.0244567 -0.0132784 0.0123434 0.0173476 0.0321264 0.0142481 0.019362 0.0362672 0.037055 0.0436073 -0.00992912 0.0327562 -0.00969107
internal_weight=85022.2 46009.2 39013 20118.9 25890.3 12243.3 26769.7 12373.4 17881.1 7745.49 8847.63 10805.5 8009.21 6075.31 6541.66 13324.1 5592.9 6181.66 3525.77 5701.66 5183.74 4834.83 5306.6 4683.26 3254.73 9239.37 6464.87 3045.36 2444.14 286.304 4557.01 4039.1 1243.99 2795.11 969.995 2477.1 4089.23 3057.22 2706.64 2026.72 15964.2 3136.29 1058.05 4084.7 2157.41 4951.99 4782.28 2638.83 4266.91 3632.08 2429.81 2356.88 1359.96 1825.12 2472.97 1491.69 3575.93 3475.54 5686.88 1081.64 1808.82 3363.6
internal_count=461175 211819 249356 101004 110815 68828 180528 58213 74237 42791 40299 68943 36578 32825 34335 54899 25135 32145 17914 34493 31670 26556 23775 20917 15164 37779 26555 15086 12063 1360 19338 17097 5255 11842 4191 14777 18276 14697 16893 9357 111585 17059 5627 17120 10591 21881 21120 12957 18757 15984 13893 11503 6555 7651 11793 6837 14946 14503 23314 5851 7563 18838
cat_boundaries=0 1 2 3
cat_threshold=223253 133121 79878
is_linear=0
shrinkage=0.035


Tree=14
num_leaves=63
num_cat=2
split_feature=24 0 24 13 0 7 2 13 27 7 16 24 34 13 34 13 19 16 1 34 47 2 47 7 42 0 38 18 23 26 13 48 14 26 22 14 22 17 17 22 18 23 17 26 0 19 0 9 29 42 7 2 20 1 47 13 22 48 18 35 29 22
split_gain=34272.5 5796.56 3420.3 2239.46 1252.95 1025.27 614.379 447.1 313.044 305.747 289.459 281.451 246.017 218.053 206.144 205.55 203.714 172.444 151.698 146.68 144.476 141.363 136.735 136.176 126.549 121.997 121.589 119.309 117.785 105.119 102.747 102.119 98.8845 101.545 94.7822 91.862 90.4109 89.7507 87.0264 86.6363 95.0404 81.446 80.175 79.5006 76.0788 103.465 75.4002 73.628 70.9788 70.5197 69.1653 66.6618 65.9033 74.3779 65.2625 64.6194 64.2175 66.7588 62.4909 61.254 59.59 59.2646
threshold=1.5000000000000002 193.96500000000006 4.5000000000000009 0.73798627002288331 155.16000000000008 0.95833333333333337 1124.8200000000004 0.73993558776167478 1.0000000180025095e-35 0.95833333333333337 0 7.5000000000000009 2.5000000000000004 0.49074074074074076 1.5000000000000002 0.48074074074074075 358.54714285714289 1 74.960000000000022 2.5000000000000004 3770.1000000000004 472.07000000000011 11461.410000000002 0.86607142857142871 2.5000000000000004 51.44166666666667 1.0000000180025095e-35 5467.4850000000015 -0.6830127018922193 192.50000000000003 0.30602006688963218 11.500000000000002 16.000000000000004 299.50000000000006 39.500000000000007 19.500000000000004 54.500000000000007 6971.7600000000011 9085.9500000000025 48.500000000000007 6565.3290000000006 0.68301270189221941 422.32500000000005 61.000000000000007 693.5200000000001 1235.4573333333335 510.76000000000005 415.47000000000008 333.50000000000006 3.5000000000000004 0.61250000000000016 130.62000000000003 3.6029987510405843 1.4650000000000001 1536.6600000000005 0.91485507246376818 1.0000000180025095e-35 3.5000000000000004 11807.703750000002 19.500000000000004 272.50000000000006 8.5000000000000018
decision_type=8 10 10 10 8 10 10 10 8 10 9 10 2 8 2 10 10 9 10 2 8 10 8 10 2 10 8 10 2 2 8 2 2 2 2 2 2 10 8 2 10 2 10 2 10 10 10 10 2 2 10 10 10 10 10 10 2 2 10 2 2 2
left_child=1 5 4 15 9 14 10 22 -6 30 -5 23 18 27 20 -3 17 25 38 34 50 41 24 -4 -7 -9 -11 46 -15 -25 -2 42 -14 54 37 -30 -29 43 -12 40 56 51 -20 -8 45 -44 -10 -21 -37 -16 -1 -17 53 -27 -34 -54 -23 -58 -36 -46 -43 -45
right_child=2 3 11 6 8 7 19 16 13 26 12 -13 32 28 49 21 -18 -19 31 47 -22 39 -24 29 -26 52 -28 36 35 -31 -32 -33 33 -35 58 48 -38 -39 -40 -41 -42 60 44 61 59 -47 -48 -49 -50 -51 -52 -53 55 -55 -56 -57 57 -59 -60 -61 -62 -63
leaf_value=-0.031974606734192279 -0.031225035321201546 0.0013130809461063091 -0.033941322570726372 0.0071429745662396358 -0.029664143724375636 -0.0099113818430044236 0.019062623400577371 0.0096652447428075237 -0.0075675333185069738 -0.019260635026760186 0.040555049114236588 -0.0369985971623727 0.013957440395978309 -0.0062721403963154837 -0.0074957227207423727 -0.0066236523595364282 -0.0086244769717727481 0.0011900476213522356 0.03277501765061238 0.040487448183758719 -0.0015686105356820931 -0.017060322862613723 0.011150338946158338 -0.01852970344364107 0.0032980030669384178 0.027455974043858359 -0.0076838546300269459 -0.027505652314629737 -0.0090269638311060163 -0.029300276051389913 -0.021731488284846959 0.038782789957259541 0.035881139851056669 0.045822061082196552 0.045121955819281474 0.014881317539941305 0.0023456725524549807 0.0056550911991001714 0.023395059142545811 0.029821914741396054 -0.0031094627824793586 0.027892505440360402 0.018581761974370795 0.024761237554175339 0.029789440553828549 -0.0070061279725425639 0.0042806736754904479 0.049128901338200456 -0.0053630832945186641 0.008031605420605735 -0.018023743105295396 0.0091576600453177111 0.021391006040144392 0.010349594077485322 0.022873436555404084 0.035244734598989039 0.010940217217421826 0.022956999322746037 0.013336520046078874 0.012382600385811057 0.011048002527048127 0.039360098592568733
leaf_weight=575.65901803970337 2611.8041327446699 1457.0426088124514 3443.719360768795 698.56283397972584 448.06545794010162 1742.9228582382202 380.38665893673897 1020.0955932289362 1540.2377738207579 2387.1695771813393 1204.2221658527851 13337.634271815419 244.76341286301613 642.38998481631279 993.3079347461462 408.69806104898453 405.21261002123356 711.12291319668293 722.32024103403091 2249.7956354171038 554.86837995052338 58.283418342471123 1057.1287656724453 1948.6902980655432 1810.3466643691063 546.45535942912102 2082.7259110510349 458.60764612257481 263.68816412985325 2605.057507455349 3034.184922337532 486.62263475358486 4170.0693415403366 1208.8258140832186 1418.415487408638 2033.1081423014402 170.15238320827484 146.04949170351028 525.19889515638351 866.06429493427277 256.00885981321335 435.29844008386135 2536.4467316865921 431.58909191191196 1249.5245400667191 209.06387746334076 1147.2344138324261 2736.6412273496389 236.35591173171997 559.20013780891895 1815.122650668025 1644.716258764267 834.14225648343563 726.76518850028515 540.76451931893826 830.34863579273224 769.89924977719784 2172.2570196390152 81.125892147421837 311.36052207648754 632.75885801017284 1749.7956686019897
leaf_count=3545 17373 7546 23721 3110 2843 9714 1620 5009 8646 14646 5052 95941 1045 3238 5409 2044 1967 3414 3146 9130 3018 312 5208 12591 9349 2425 11566 2632 1370 17201 19346 2088 17281 4989 5807 9999 962 633 2239 3855 1173 2031 11178 1814 5313 951 6103 10987 1178 2828 10760 7770 3808 3378 2240 3602 3498 9642 346 1338 2968 7239
internal_value=-0.000104724 0.0202083 -0.0245418 0.0284626 -0.0128565 0.00158234 0.0341202 0.00799552 -0.00140288 -0.0207132 0.0295275 -0.0338822 0.0306648 0.000551997 -0.0122239 0.013309 0.0151628 0.0172287 0.0263058 0.0411638 -0.017662 0.0157213 0.000105746 -0.028681 -0.00318233 0.0200557 -0.0138694 -0.0057242 0.00710599 -0.0246963 -0.0261279 0.0234607 0.0358324 0.0367343 0.0363245 0.0104997 -0.0194365 0.0323848 0.0353604 0.0199762 0.0173494 0.0100973 0.0219705 0.0339059 0.0201511 0.0166315 -0.00251003 0.0452389 0.0127715 -0.00190134 -0.0213948 0.00601496 0.0237275 0.0177073 0.0343931 0.0283191 0.0190955 0.0198173 0.0434124 0.0263273 0.0179328 0.0364844
internal_weight=84576.1 46185.3 38390.8 32002.6 17055.7 14182.7 23301.5 9684.54 6939.84 10115.9 14107.7 21335.1 13409.2 6491.77 4498.16 8701.03 5074.14 4668.93 7244.76 9193.8 2945.65 7243.98 4610.4 7997.47 3553.27 3957.81 4469.9 3316.23 3175.54 4553.75 5645.99 5515.34 6164.42 5919.66 4207.36 2533.15 628.76 2707.82 1729.42 4122.51 3256.45 3121.47 5028.72 2561.77 4306.4 2745.51 2687.47 4986.44 2269.46 1552.51 2390.78 2053.41 2937.71 1273.22 4710.83 1664.49 3000.44 2942.16 1499.54 1560.89 1068.06 2181.38
internal_count=461175 211819 249356 138385 99902 73434 97546 47874 36971 62931 59970 149454 56860 34128 25560 40839 23603 21636 31305 37576 17323 33293 24271 53513 19063 18222 26212 18343 15785 29792 36719 24014 25555 24510 17459 12547 3594 11306 7291 18480 14625 14813 21926 10673 18780 12129 14749 20117 11177 8237 14305 9814 13213 5803 19521 7410 13452 13140 6153 6651 4999 9053
cat_boundaries=0 1 2
cat_threshold=10293 148976
is_linear=0
shrinkage=0.035


Tree=15
num_leaves=63
num_cat=3
split_feature=24 0 24 13 13 0 2 16 27 47 4 24 13 13 7 15 12 2 14 0 0 19 1 34 16 23 26 2 42 26 19 13 35 26 14 26 2 26 14 14 19 44 16 42 42 8 38 19 44 14 26 47 42 32 33 1 26 42 22 23 32 17
split_gain=32162.9 5356.11 3343.91 1453.41 1427.85 1192.04 594.911 330.328 324.16 324.071 308.768 282.44 256.324 248.677 239.771 222.362 211.222 172.227 165.012 140.883 135.183 127.346 125.452 125.379 115.326 112.389 108.526 102.611 94.3177 90.232 89.7752 84.5485 80.9843 79.8932 87.0601 91.1362 82.3097 78.9834 77.5008 77.4365 77.1953 77.1229 77.0143 74.8513 74.3633 73.5411 72.5065 72.4335 71.3859 71.0998 73.7038 70.0952 84.5121 69.5 67.9924 67.4817 67.0629 66.2527 65.3717 64.1648 57.5516 57.0288
threshold=1.5000000000000002 370.76166666666671 4.5000000000000009 0.56832298136645976 0.81649831649831661 102.10000000000001 46.040000000000013 0 1.0000000180025095e-35 1912.3200000000004 16.215000000000007 7.5000000000000009 0.59629629629629644 0.31909090909090915 0.95833333333333337 1.3667692124551152 27.569166666666671 203.23500000000004 16.000000000000004 145.01333333333338 51.44166666666667 858.89250000000004 2904.6200000000003 2.5000000000000004 1 0.68301270189221941 146.50000000000003 1900.8900000000003 2.5000000000000004 161.50000000000003 239.07891666666669 0.30602006688963218 12.500000000000002 21.500000000000004 18.000000000000004 299.50000000000006 1678.6100000000004 51.000000000000007 16.000000000000004 19.500000000000004 66.534000000000006 393.32000000000005 2 1.5000000000000002 4.5000000000000009 3.5000000000000004 1.4450000000000001 305.21125000000006 380.97000000000008 19.500000000000004 21.500000000000004 6297.0300000000007 3.5000000000000004 2079.27 8.5000000000000018 7.6850000000000014 51.000000000000007 5.5000000000000009 1.0000000180025095e-35 0.68301270189221941 1902.0400000000002 1.0000000180025095e-35
decision_type=8 10 10 10 10 8 10 9 8 8 10 10 10 8 10 8 10 10 2 10 10 10 8 2 9 2 2 10 2 2 10 8 2 2 2 2 10 2 2 2 10 10 9 2 2 2 8 10 10 2 2 8 2 10 2 8 2 2 2 2 10 8
left_child=1 3 5 9 12 14 23 18 61 16 42 20 38 -10 31 24 -1 26 -8 47 -4 44 -17 25 -12 51 56 37 41 -22 46 -2 40 -14 -35 36 -36 -26 -3 -39 -9 -19 -6 -18 -21 -11 -16 55 -40 -44 -51 52 -5 57 -28 -20 -15 -41 -52 -47 -60 -7
right_child=2 4 11 6 10 8 7 32 13 45 15 -13 33 17 30 22 43 28 19 21 29 -23 -24 -25 27 -27 54 -29 -30 -31 -32 -33 -34 34 35 -37 -38 39 48 53 -42 -43 49 -45 -46 59 -48 -49 -50 50 58 -53 -54 -55 -56 -57 -58 -59 60 -61 -62 -63
leaf_value=-0.024804693285554649 -0.031043189445454124 -0.016695531649386464 -0.032013924327613144 -0.016667657339626205 0.0016854253954363587 -0.037586495176669572 -0.0066355698698696303 -0.0060517215077595171 -0.013005103775340037 -0.0098973266685893086 0.017686108610486001 -0.036617688168850075 0.0017976498031932583 -0.015390702772735637 -0.016488238156459473 0.022145926605755047 -0.015079366648123357 0.005537705959846013 -0.0030106908535600455 0.025103986876367827 -0.015071984391285573 -0.0075662277948282146 0.037059637614563892 0.01513762314274858 0.029492802360711848 0.0074286805988663879 -0.021826241821067315 0.04683378847365182 0.014167494907413557 -0.027221056716772035 -0.025827693232384021 -0.022089994037842633 0.0012778179351714992 0.008534027688900634 0.020543321871341995 0.036008425004294811 0.031993989767640986 0.030735483948051676 0.014238417537476322 0.040619130409226649 0.014664253353417145 -0.011157798417460341 0.014977707238367721 -0.0045416513787000937 0.03630140877225186 0.0040985875370833516 -0.0051049827571550428 -0.0070808826307393932 0.00039840560602954057 0.0071614841183215254 -0.025810110907435575 0.0036901100836206043 -0.00046641475692342179 0.028465668195561344 -0.0053813112302395381 0.01964870700830551 0.0074162417679900011 0.049792744450170623 0.033176432279369096 0.020996814575152845 0.018117855069083467 -0.012598436984382099
leaf_weight=1219.4701665639877 2438.9167667627335 122.63121496140957 4651.1589389145374 973.30611036717892 149.25258640944958 354.19076798856258 241.86590121686459 248.13675510883331 1686.523422062397 265.34768654406071 307.4450961202383 13010.50764515996 212.42065392434597 193.57722701132298 1609.9546862542629 1367.7125247120857 1233.3739042133093 1921.3045512139797 173.19396509230137 2338.5336986035109 1206.6990563720465 123.05775265395641 1410.6176972538233 630.28507344424725 910.76585133373737 1076.5959734022617 522.38465462625027 3187.2904366105795 1368.8694273084402 1994.426991507411 679.19559334218502 2784.6858847588301 1303.1853580623865 432.777607396245 3614.6911015510559 773.76852671802044 982.24866555631161 835.23534631729126 2397.8866152912378 3015.7286019176245 1932.8961269259453 410.52729877829552 428.87163415551186 2498.6304602175951 1066.5889573395252 729.82336854934692 1195.3007189929485 149.0179290920496 563.91457416117191 164.24313333630562 23.752246141433716 621.80942776799202 662.78998425602913 411.83245077729225 750.58752819895744 2240.3237247020006 838.25303280353546 1465.9916863888502 3037.0325012952089 441.58005575835705 350.82788595557213 165.34887416660786
leaf_count=7653 16581 623 32450 5332 646 2342 1133 1251 9926 1456 1276 95941 943 1083 9964 5699 7197 9895 873 10345 7763 573 5793 2970 3743 5367 2938 12820 6500 13300 4086 18070 6179 1975 15715 3312 4150 3427 11285 12276 8858 2184 1816 13771 4539 3729 6695 723 2789 718 124 3139 3416 1684 4191 10354 4436 5922 12596 2146 1483 1011
internal_value=-0.000107003 0.0194353 -0.0240738 0.00588126 0.0298824 -0.0125105 0.0122776 0.0168986 -0.00294306 -0.00791762 0.0358529 -0.0334505 0.0186827 -0.00113401 -0.0215311 0.0385255 -0.0121635 0.00220135 0.0216579 0.0228179 -0.0281989 0.027357 0.0297285 0.000834766 0.040934 -0.00187248 -0.00530775 0.0415992 0.0068782 -0.0226475 -0.0144133 -0.0262754 0.00815913 0.0228889 0.0236604 0.0248775 0.0229965 0.0391423 0.0104742 0.040671 0.0123057 0.00259488 0.0275377 -0.00802732 0.028621 0.00671325 -0.0116415 0.0165601 0.0116044 0.0284254 0.030113 -0.0063087 -0.0101088 0.0423601 -0.0121416 0.0180221 0.00312677 0.0436303 0.0312156 0.0104811 0.0316229 -0.0296733
internal_weight=84119.2 46336.8 37782.4 20169.8 26166.9 16919.6 13781.6 9816.8 8211.57 6388.23 17066.6 20862.8 9100.34 7692.03 8708.05 12912.6 4951.47 6005.5 6332.58 6090.72 7852.28 3528.18 2778.33 3964.79 10134.3 3334.5 2304.8 9826.84 3700.7 3201.13 3484.45 5223.6 3484.22 6015.91 5803.49 5370.71 4596.94 6639.55 3084.43 5728.79 2181.03 2331.83 4153.98 3732 3405.12 1436.75 2805.26 2562.54 2961.8 4004.73 3575.86 2257.91 1636.1 4893.55 1272.97 2413.52 1031.83 4481.72 3411.61 1171.4 3387.86 519.54
internal_count=461175 211819 249356 101004 110815 99902 65052 44828 44506 35952 70023 149454 40792 41153 55396 52640 28621 31227 28540 27407 53513 15457 11492 20224 41148 17254 12648 39872 18579 21063 20745 34651 16288 26095 25152 23177 19865 27052 14697 23309 10109 12079 17383 20968 14884 7331 16659 11950 14074 16737 14921 11887 8748 19882 7129 11227 5519 18198 14203 5875 14079 3353
cat_boundaries=0 1 2 3
cat_threshold=5608 2049 2048
is_linear=0
shrinkage=0.035


Tree=16
num_leaves=63
num_cat=4
split_feature=5 13 24 2 2 2 2 13 13 36 34 13 26 14 26 34 23 26 14 24 29 26 2 47 22 52 9 27 2 4 34 0 16 22 42 44 16 0 22 40 16 26 29 44 1 51 2 22 17 18 40 5 3 18 8 17 16 1 40 52 2 27
split_gain=30197.1 5681.1 2685.57 1813.07 1226.01 727.328 401.55 372.699 343.982 334.951 317.619 213.838 192.428 170.821 179.215 169.734 166.508 164.616 161.852 145.767 144.327 143.55 141.634 140.432 129.826 129.503 127.399 121.046 127.431 116.236 115.217 111.735 108.024 105.664 103.29 100.83 93.8532 91.2505 80.066 113.695 79.4453 100.212 121.121 78.0493 77.9958 89.6056 77.0994 76.4665 94.9273 74.5602 74.1055 72.2735 71.4179 69.4125 69.1121 76.1499 68.2876 72.2679 68.1786 66.0543 65.3741 62.7599
threshold=1.9200000000000008 0.73993558776167478 4.5000000000000009 392.49000000000012 107.14500000000002 36.040000000000006 89.620000000000019 0.44222222222222224 0.45227272727272733 1.0000000180025095e-35 2.5000000000000004 0.39565217391304358 131.50000000000003 19.500000000000004 299.50000000000006 2.5000000000000004 0.68301270189221941 21.500000000000004 16.000000000000004 9.5000000000000018 272.50000000000006 70.500000000000014 3.2500000000000004 inf 1.0000000180025095e-35 3.5000000000000004 415.47000000000008 1.0000000180025095e-35 707.85000000000025 1.0000000180025095e-35 2.5000000000000004 510.76000000000005 0 1.0000000180025095e-35 3.5000000000000004 105.49000000000002 1 17.920000000000027 39.500000000000007 6025.0800000000008 2 131.50000000000003 272.50000000000006 114.70500000000001 1123.8500000000001 33.063875195990455 3.9800000000000004 41.500000000000007 6072.2100000000009 12759.216000000002 1.0000000180025095e-35 0.12000000000000006 34.500000000000007 10999.973333333335 15.500000000000002 2382.2500000000005 3 2904.6200000000003 1282.6500000000003 8.5000000000000018 14.445000000000002 13969.800000000001
decision_type=8 10 8 10 10 10 10 8 8 8 2 10 2 2 2 2 2 2 2 8 2 2 8 8 2 2 10 8 10 8 2 10 9 2 2 10 9 10 2 10 9 2 2 8 8 8 10 2 8 10 10 10 2 10 2 10 9 8 10 2 10 10
left_child=2 4 5 6 8 22 16 59 46 19 17 -7 21 -9 27 36 30 -5 -19 37 -18 -10 -1 33 -13 -11 32 -15 40 60 56 35 -12 -20 61 -26 -8 -4 39 -25 -29 42 -42 -43 45 -38 -2 48 -30 -40 -39 -24 -41 -28 55 -22 57 -3 -34 -6 -14 -35
right_child=1 3 9 10 7 11 15 13 12 25 26 24 29 14 -16 -17 20 18 23 -21 54 -23 51 38 31 -27 53 28 47 -31 -32 -33 58 34 -36 -37 44 50 49 52 41 43 -44 -45 -46 -47 -48 -49 -50 -51 -52 -53 -54 -55 -56 -57 -58 -59 -60 -61 -62 -63
leaf_value=-0.02619959647487418 -0.026610799122958863 0.00063516220724709989 -0.035098678139384186 0.0056504829904616511 0.0027354948795611459 -0.012342704201522161 0.0013053754891755489 -0.0003618514871345115 -0.0074716170497263427 -0.0002973282436973767 0.039744976847711541 -0.028650750723313998 -0.020730713806152126 -0.018621803940567096 0.028346065481213854 0.028219125487909044 0.033601194124570639 0.0039891925137945268 -0.028888802036287478 -0.037554892513844695 0.0069453574135242427 0.012141452201341451 -0.02031729313088396 0.034014546559375185 0.0031711372450893048 -0.024905523797648915 0.045218641245168348 0.025580790523820743 0.018647584750150836 0.0013004037703880993 0.014755045740220683 0.011123306285751196 0.01554861196158467 0.020785499016849944 0.031400272745319507 -0.010147226604032503 0.023771319459752829 -0.04045117386634825 0.043560090613679624 0.044086213015802865 0.025923989184381727 0.0094961267038737012 0.0074275559173551768 -0.0048678145083092825 0.02670313914359862 0.011166515511810632 -0.013958969015002258 0.029571821542478727 -0.0070242674882356575 0.013603127219283964 -0.025911096689127121 -0.0095865662022223408 -0.0050279004522887985 0.027225620846804403 -0.0074757368899008234 0.0305084037685633 -0.010045628239222086 0.026689912607544757 0.031723838062967004 -0.0090505034287688899 -0.0075665501095505414 -0.03381771532015871
leaf_weight=3334.6355087310076 855.77754127979279 1270.5433364063501 3818.9781903475523 342.16204382479191 1390.0310203284025 2816.8378099650145 424.90101955831051 990.31373216211796 681.24853871762753 284.28315150737762 3191.8919336050749 182.41002433001995 838.63285095989704 144.55693705379963 1074.2687463015318 2798.0991078466177 469.19887602329254 274.99422200024128 40.615438610315323 9724.5841340571642 495.21660512685776 1385.2327460199594 1851.7435276806355 2211.6552884429693 1761.9607344567776 3340.6897483319044 3398.4124584048986 350.60623632371426 1750.621345192194 1000.5963619947433 760.98598575592041 1071.6067240983248 388.36151811480522 1440.3436339944601 2684.4929806292057 1150.0220061689615 1105.129040569067 488.73323899507523 1615.5524402409792 46.337381362915039 665.1098116338253 943.52330775558949 1246.5677827745676 908.84832593798637 1132.8557468950748 1850.6145526021719 1914.9727186113596 700.09348925948143 195.69555021822453 109.81914378702641 3736.3052435517311 1319.698059424758 154.42466711997986 290.60755841434002 216.06498184800148 253.94302026927471 691.78494921326637 144.33215457201004 1874.2767071425915 1001.2935470342636 1032.0072993636131 25.392064720392227
leaf_count=22124 5509 6379 27972 1496 7317 16835 2005 4793 3681 1674 12921 1197 4857 800 4917 11726 2097 1225 238 74065 2380 7072 11931 9086 9338 22414 13640 1629 7721 5286 3427 5212 1593 6103 11192 6300 4859 3581 6556 195 3068 4538 5901 4334 4835 8416 11332 3065 905 463 26429 7553 657 1168 1049 1200 3577 669 7617 5409 5533 114
internal_value=-0.000108985 0.0176744 -0.0249736 0.0272454 0.00276612 -0.012742 0.0164512 0.0100756 -0.00800719 -0.0326849 0.0341742 -0.00489598 -0.00246757 0.0133483 0.0150495 0.0214431 0.00796422 0.0294767 0.0304235 -0.0346641 0.0176957 0.0056752 -0.021161 0.0312957 0.000140871 -0.0229763 0.0387662 0.0129773 0.0136555 -0.00832801 0.00309197 0.00146611 0.0353483 0.0267638 0.0273152 -0.00209033 0.0172371 -0.0311651 0.0358783 0.0317259 0.00979798 0.00823167 0.013873 0.00244977 0.0188428 0.0158858 -0.0178748 0.0196473 0.0160641 0.0416623 -0.0276022 -0.0158565 0.00647033 0.043809 0.00993722 0.0149626 -0.00112607 0.00328678 0.0288282 -0.00220125 -0.0134761 0.0198172
internal_weight=83655.5 48773 34882.5 29703 19070 13488.9 11613.7 11361.5 7708.47 21393.6 18089.3 6982.84 4937.72 8970.21 7979.89 7311.6 4302.07 8945.79 8603.63 17768.6 1434.42 2066.48 6506.08 8328.63 4166 3624.97 9143.55 6905.62 6761.07 2871.24 2867.65 3983.59 5454.53 4190.84 4150.23 2911.98 4513.5 8044.02 4137.79 2412.42 4114.66 3764.05 1911.68 1852.37 4088.6 2955.74 2770.75 2646.41 1946.32 1725.37 4225.04 3171.44 200.762 3689.02 965.225 749.16 2106.66 1414.88 2262.64 2391.32 1870.64 1465.74
internal_count=461175 224550 236625 126883 97667 80490 52619 54397 43270 156135 74264 38882 26429 41671 36878 31841 20778 37325 35829 132047 6726 10753 41608 34604 22047 24088 36939 31961 31161 15676 14052 20850 22131 17647 17409 15638 20115 57982 16957 9938 19470 17841 8969 8872 18110 13275 16841 11691 8626 7019 30010 19484 852 14808 4629 3580 10625 7048 9210 12726 10390 6217
cat_boundaries=0 1 2 3 4
cat_threshold=5504 75783 1192 132600
is_linear=0
shrinkage=0.035


Tree=17
num_leaves=63
num_cat=4
split_feature=5 13 50 2 2 7 2 13 13 34 24 26 34 24 14 26 26 48 1 23 2 23 23 22 9 0 29 2 2 14 26 47 0 16 16 23 29 27 32 7 14 17 17 2 34 0 26 26 16 8 18 44 22 18 18 16 13 17 14 14 47 18
split_gain=28421 5770.54 1987.85 1818.44 1308.84 675.421 411.644 367.739 341.166 309.469 242.272 214.274 204.584 166.2 158.453 157.673 154.454 153.188 145.755 139.728 139.262 133.894 132.671 124.906 121.096 112.31 110.98 109.415 104.816 101.865 137.122 114.521 101.7 100.44 98.2773 93.0311 90.2422 88.8483 88.643 87.5986 84.8329 82.55 81.9271 87.7344 80.7459 80.1657 78.1311 125.565 94.4957 73.071 72.6085 72.3537 72.0372 78.552 71.3227 68.8741 68.1369 67.9259 67.8575 67.6411 66.8924 65.615
threshold=0.96000000000000041 0.73993558776167478 1.0000000180025095e-35 392.49000000000012 107.14500000000002 0.95833333333333337 64.675000000000026 0.49074074074074076 0.42582417582417587 2.5000000000000004 3.5000000000000004 131.50000000000003 1.5000000000000002 9.5000000000000018 19.500000000000004 51.000000000000007 299.50000000000006 3.5000000000000004 1482.5500000000002 -0.6830127018922193 14.445000000000002 0.68301270189221941 0.25000000000000011 1.0000000180025095e-35 415.47000000000008 102.10000000000001 272.50000000000006 721.18000000000018 1239.3900000000001 19.500000000000004 299.50000000000006 1496.1600000000003 18.550000000000001 0 1 0.68301270189221941 272.50000000000006 7.0100000000000007 1242.5400000000002 0.95833333333333337 19.500000000000004 1.0000000180025095e-35 2.5100000000000002 175.77000000000004 2.5000000000000004 6.0000000000000027 131.50000000000003 51.000000000000007 2 15.500000000000002 1115.1442500000001 114.70500000000001 48.500000000000007 5991.7585714285715 4329.8237500000005 3 0.28285714285714292 2104.8300000000004 20.500000000000004 20.500000000000004 2.9250000000000007 4162.0275000000011
decision_type=8 10 8 10 10 10 10 8 8 2 10 2 2 10 2 2 2 2 8 2 10 2 2 2 10 10 2 10 10 2 2 10 10 9 9 2 2 8 10 10 2 10 10 10 2 10 2 2 9 2 10 8 2 10 10 9 10 10 2 2 10 10
left_child=2 4 13 6 8 45 21 56 39 17 19 15 18 32 -9 -10 27 22 -8 -7 -13 44 58 -19 33 -21 -23 46 34 -14 31 35 -1 -11 -25 38 -37 -29 -31 -2 -27 -34 -12 -44 -3 -4 47 -16 51 57 -36 -48 53 -39 -45 -24 -6 -28 -5 -20 -30 -35
right_child=1 3 5 9 7 10 12 14 11 24 42 20 29 -15 16 -17 -18 23 59 25 -22 26 55 28 -26 40 49 37 60 30 -32 -33 41 61 50 36 -38 52 -40 -41 -42 -43 43 54 -46 -47 48 -49 -50 -51 -52 -53 -54 -55 -56 -57 -58 -59 -60 -61 -62 -63
leaf_value=-0.034345897143334261 -0.023058370567405811 -0.0032791555302305602 -0.03010220893490265 0.021294758017059646 -0.014878647679563428 -0.015055518828748006 0.0032929638485104176 -0.00011911181850408037 -0.010281245355187936 0.03822794629135625 -0.034296805118637808 -0.017964937119563797 0.010288948526879621 -0.037166610269663405 0.0011902080974519934 0.0098745659582931897 0.026966787105922527 -0.029373394047755824 0.013170607197216211 -0.0087014593776327271 -0.0035723964818648794 0.0295337069266812 0.02215214534623235 0.033764653405760986 0.042237977110340046 -0.015840025779141391 0.0044409177286185509 -0.024308128270554553 0.039662178991080821 0.020884306766401892 0.037185539716125274 -0.00048035905772686178 -0.037460887816594929 0.023311953344174744 0.010300939764369169 0.044283717328694364 0.025166512281387537 0.018493537654810197 -0.0075648948110374576 -0.010917990567647319 0.0062210927517584872 -0.024798433219406942 -0.019979358620619697 -0.0023585301672402054 0.011973047184630469 -0.021802416708561232 0.0084592663689652525 0.019596545512898914 0.025888647956062098 -0.011917375272552044 0.025366924026254383 -0.0051361044206496296 0.030773012812355734 -0.004853596449885378 -0.020963891889661003 0.0057388041987379819 0.00080054526129833556 0.028428338567832553 0.044288345276327516 0.031749520557379625 0.029134380765480968 0.035733360843915513
leaf_weight=4219.2070130854845 1706.3920885324478 1779.1544465124607 2429.5037174075842 325.15607440471649 391.3410935997963 1201.7938646972179 1370.5096583217382 1002.9155454337597 644.30703981220722 3203.8661906272173 302.20854039490223 1305.9652020782232 705.53531052172184 8894.1373973041773 653.78148651123047 1805.8290645033121 1077.1315069496632 41.599700346589088 580.1771435290575 1488.6867056041956 2228.3906846791506 407.8092318624258 565.0357982814312 1661.2589949071407 3692.3023729473352 239.1341181397438 411.65653665363789 57.811477273702621 1966.3356067836285 2559.6326077878475 870.48094886541367 261.46636398136616 755.68679133057594 1443.8961490392685 507.21542848646641 408.41416999697685 1194.1799855977297 1868.7740707397461 141.10128356516361 1274.9258825182915 1928.2083859741688 3954.7217148244381 1856.3718676865101 853.86582849919796 557.63031235337257 3501.3151935338974 1002.4565494805574 1485.8843359351158 215.58206064999104 187.928331553936 1751.900098413229 917.49718560278416 530.27622324228287 194.5317272990942 357.49882370233536 741.48980224132538 2521.495054140687 222.31487876176834 310.11080513894558 411.66509905457497 1213.1539512425661 826.03525795042515
leaf_count=31562 11146 9183 17116 1357 2180 6922 6527 4852 3551 12925 2117 7647 3100 69849 3097 9325 4864 245 2535 8640 11929 1828 2413 6868 14808 1297 2009 331 7951 10962 3674 1130 5602 5871 2143 1702 5091 8166 626 7269 10106 28238 11951 5047 2536 23353 4803 6848 1011 937 7298 4378 2294 888 2150 3199 13304 1065 1281 1747 4991 3340
internal_value=-0.000110434 0.0160577 -0.0259956 0.0258093 0.00190087 -0.0162035 0.0152674 0.00949955 -0.00820102 0.0327802 -0.00971142 -0.00338096 0.0194532 -0.0337727 0.0129953 0.0045722 0.0146385 0.0281936 0.0106936 -0.00470754 -0.0088941 0.00528502 0.019458 0.0305658 0.0373217 -0.0013028 0.0146283 0.0127177 0.0309211 0.0228208 0.0244453 0.0220082 -0.0303886 0.0339983 0.0270732 0.0233744 0.030063 0.0183039 0.0193957 -0.0178721 0.00378079 -0.0268374 -0.0169211 -0.0151987 0.000364064 -0.0252068 0.00924981 0.0139756 0.00451053 0.00720563 0.0218935 0.00195293 0.0192627 0.016291 -0.00786212 0.0130619 -0.00131035 0.0128841 0.0325712 0.020906 0.0356557 0.0277238
internal_weight=83186.6 51204.3 31982.3 30319 20885.3 14158.6 12069.7 11919.5 8965.81 18249.4 8227.77 5984.49 8503.16 17823.8 9006.64 2450.14 8003.73 9083.26 2362.35 4857.82 3534.36 3566.49 1941.79 7141.46 9166.1 3656.03 1229.71 6926.6 7099.86 6140.81 5435.28 4564.79 8929.62 5473.8 3920.37 4303.33 1602.59 2651.39 2700.73 2981.32 2167.34 4710.41 3369.95 3067.74 2336.78 5930.82 4275.2 2139.67 2135.54 821.9 2259.12 1919.95 2593.58 2063.31 1211.36 1306.53 2912.84 633.971 635.267 991.842 3179.49 2269.93
internal_count=461175 237225 223950 129342 107883 88699 54652 57016 50867 74690 48230 32452 37094 135251 41532 12876 36680 37746 10809 26965 19576 17558 8250 29496 36944 20043 5839 31816 29251 26285 23185 19511 65402 22136 16309 18381 6793 11679 11588 18415 11403 33840 21265 19148 11719 40469 20137 9945 10192 4011 9441 9181 11348 9054 7197 5612 15484 3074 2638 4282 12942 9211
cat_boundaries=0 1 2 3 4
cat_threshold=5504 1416 153921 20608
is_linear=0
shrinkage=0.035


Tree=18
num_leaves=63
num_cat=3
split_feature=5 13 2 50 2 0 2 13 16 7 34 34 2 23 24 26 47 16 7 0 9 45 13 26 14 7 1 14 51 26 26 26 44 26 40 27 47 52 27 29 14 17 17 25 46 26 16 32 18 48 9 26 48 18 40 17 14 31 0 14 29 26
split_gain=26757.1 5670.53 1759.61 1630.64 1319.41 565.968 408.377 400.453 293.167 286.754 254.803 200.499 196.973 178.593 166.999 156.074 139.421 130.251 128.505 123.539 118.256 115.266 113.021 104.715 104.405 101.226 101.026 95.2144 94.9233 93.894 107.337 103.563 94.1084 93.5891 92.8565 89.1807 89.1797 86.7976 85.663 81.9807 85.3708 80.9774 78.4533 78.2814 75.0809 73.5872 78.1435 73.0082 71.6323 70.0101 68.9962 68.6436 68.5504 68.2448 66.9352 66.9287 66.848 69.0659 65.1035 62.6007 60.5532 59.659
threshold=0.48000000000000015 0.73993558776167478 392.49000000000012 1.0000000180025095e-35 66.245000000000019 99.960000000000022 64.675000000000026 0.44222222222222224 0 0.95833333333333337 2.5000000000000004 2.5000000000000004 472.07000000000011 -0.6830127018922193 9.5000000000000018 161.50000000000003 inf 1 0.95833333333333337 6.0000000000000027 415.47000000000008 3.4642857142857149 0.46410256410256417 61.000000000000007 18.000000000000004 0.86607142857142871 1123.8500000000001 16.000000000000004 51.706598758066512 299.50000000000006 131.50000000000003 51.000000000000007 107.58000000000003 192.50000000000003 1.0000000180025095e-35 4.5300000000000002 156.64500000000001 9.5000000000000018 1.0000000180025095e-35 333.50000000000006 16.000000000000004 9085.9500000000025 12369.960000000003 167.23500000000004 610.60500000000013 70.500000000000014 2 1490.1450000000002 10999.973333333335 11.500000000000002 25.664999999999988 35.500000000000007 2.5000000000000004 12759.216000000002 12452.190000000001 1.0000000180025095e-35 19.500000000000004 1.0000000180025095e-35 189.20333333333335 16.000000000000004 272.50000000000006 146.50000000000003
decision_type=8 10 10 8 10 10 10 8 9 10 2 2 10 2 10 2 8 9 10 10 10 10 8 2 2 10 8 2 8 2 2 2 8 2 10 8 10 2 10 2 2 8 10 10 10 2 9 10 10 2 10 2 2 10 10 8 2 2 10 2 2 2
left_child=3 4 6 14 9 19 18 37 52 22 16 17 24 55 25 23 38 -8 -3 -5 39 56 -2 -11 -9 -1 28 -14 -19 30 31 -26 -32 60 -27 -29 50 -6 -10 40 -12 -28 51 45 -38 46 -37 53 -22 -17 -20 -18 -4 -47 59 -7 -15 -58 -30 -40 -21 -24
right_child=1 2 8 5 7 13 11 12 10 15 20 -13 27 21 -16 49 42 26 36 33 48 -23 61 -25 29 34 41 35 58 -31 32 -33 -34 -35 -36 43 44 -39 54 -41 -42 -43 -44 -45 -46 47 -48 -49 -50 -51 -52 -53 -54 -55 -56 -57 57 -59 -60 -61 -62 -63
leaf_value=-0.033745695646556668 -0.022808709773430913 -0.0074295827451960677 -0.011553611652602217 -0.029783262752683705 0.0014255471781659333 -0.038736448174733318 -0.0017295682484446135 -0.010239685243192546 -0.027533272985996303 -0.010920222394797816 0.012437740967582362 0.025671079638814539 -0.0075288409575996803 -0.015501130981003851 -0.036835544979466783 -0.012985789294064508 0.010389988449914579 0.018888335969442768 0.0070441927572186102 -0.0090674128493722049 0.043011083679910078 -0.012964313488685623 -0.0032622647063809151 0.0078433833971289935 -4.3302209104047271e-06 -0.04020791663286135 0.030866193424546082 -0.017426776911813231 -0.0013237854584327933 0.01981515888790358 0.0066958314725769109 0.016601657191883799 -0.0073157577913981068 -0.024335701908422037 -0.02432153281402729 -0.0063586209795167591 -0.0045261839853996634 -0.010542591517725483 0.0045185208204146848 0.020620825916213011 0.035753820811773085 0.012993674291836198 0.012704215037160068 0.0064700709283076882 0.031375278121373779 0.025051662859445382 0.016707131716150958 0.0093414942395618223 0.024751340703195363 0.004385220157127276 0.020411781817835442 0.034832703068903077 0.014803681296270597 -0.016278916086504509 -0.0070339060560292016 -0.015811947363225963 -0.0022850189648748426 0.010482109911836939 0.012609893505023208 0.025777405199395011 -0.020219445331491892 -0.015837201519858748
leaf_weight=4362.0264797657728 1933.3085704445839 832.07552108168602 154.04419901967049 2295.5824375003576 1949.8536310493946 179.86262635886669 547.94381292164326 415.50621369481087 38.55414317548275 476.27561300992966 202.20858559012413 3126.6974561363459 199.85254636406898 297.38057346642017 8664.0623705908656 1774.0848566442728 147.22147665917873 1825.0422963798046 1214.2290377765894 1138.9389277100563 3289.9772901087999 1217.4730466157198 769.38489881157875 1539.4096885025501 651.48499800264835 512.57913316786289 873.93504346907139 89.23594531416893 648.16282226145267 708.7074239552021 1465.7566275596619 1564.7135837376118 978.25109167397022 2835.4694994539022 3870.4379395097494 239.99759106338024 778.89710013568401 1197.4512239098549 177.27103957533836 565.98196113109589 4588.2727582156658 484.95159563422203 227.21709382534027 652.28837369382381 77.545801520347595 2650.0162233710289 684.75625643134117 471.71583971381187 291.1792539358139 337.88587713241577 775.6684517711401 3809.8853908628225 549.94235065579414 49.218808189034462 81.384989961981773 1171.218318387866 1508.1158466041088 790.24129946529865 1119.7831630408764 4225.2081088125706 1257.8696213811636 1158.8265755623579
leaf_count=33264 12810 4507 657 16533 10407 1302 2592 2113 233 2629 830 13022 1001 1697 69849 9902 620 8032 5915 7316 13193 7484 4364 7955 3228 3935 3658 510 3113 3374 7260 7355 4835 19067 28191 1066 3797 6636 804 2298 18466 2098 952 2953 341 11606 3017 2072 1168 1872 3572 15456 2302 225 353 6920 8400 4289 4982 17571 8317 6889
internal_value=-0.000111292 0.0149462 0.0246712 -0.0264286 0.00136972 -0.0168858 0.0144295 0.00785788 0.0315384 -0.00997417 0.0324176 0.0185928 0.0110535 -0.00796033 -0.0333843 -0.0035592 0.0281658 0.0145647 0.00466338 -0.0230071 0.0365922 -0.00408378 -0.0168286 0.00340661 0.0066453 -0.0299613 0.0163383 0.0161135 0.0132901 0.00795372 0.00614601 0.0117223 0.00108678 -0.020029 -0.0261881 0.0170916 0.00819991 -0.00312986 0.0238929 0.0332813 0.0347724 0.0245022 0.0327771 0.0177439 -0.00124272 0.0195374 0.0108324 0.0220718 0.0415337 -0.0102059 0.0122626 0.0339262 0.00890178 0.0242923 0.0243411 -0.0188902 8.48309e-05 0.00210734 0.00750368 0.0249226 -0.0149261 -0.0108239
internal_weight=82712.5 52611.3 30653.3 30101.3 21958 12692.2 12304.9 13968.8 18348.3 7989.18 17644.4 8626.52 10821.5 5164.29 17409.1 4127.66 8706.74 5499.82 3678.42 7527.86 8937.62 3813.21 3861.52 2015.69 5784.42 8745.04 4951.87 5037.08 3592.99 5368.91 4660.21 2216.2 2444.01 5232.28 4383.02 4837.23 2846.34 3147.3 4522.42 5356.46 4790.48 1358.89 4184.32 4747.99 856.443 4095.7 924.754 3170.95 3581.16 2111.97 1989.9 3957.11 703.987 2699.24 4483.86 1351.08 2595.74 2298.36 1767.95 4402.48 2396.81 1928.21
internal_count=461175 244611 130532 216564 114079 81325 55629 67658 74903 46421 71944 37497 50615 30092 135239 22358 35989 24475 18132 51233 35955 21870 24063 10584 28165 65390 21883 22450 16127 26052 22678 10583 12095 34700 32126 21449 13625 17043 18961 21594 19296 5756 17028 20939 4138 17986 4083 13903 14361 11774 9487 16076 2959 11831 18728 8222 14386 12689 8095 18375 15633 11253
cat_boundaries=0 1 2 3
cat_threshold=2129 75783 133128
is_linear=0
shrinkage=0.035


Tree=19
num_leaves=63
num_cat=5
split_feature=20 13 2 2 6 2 45 34 34 1 26 2 4 26 24 40 26 47 14 9 2 23 46 52 26 26 26 0 4 0 14 14 40 29 7 16 37 0 48 4 22 49 22 40 13 26 14 18 22 16 35 45 16 14 26 16 14 14 16 26 22 2
split_gain=25237.2 5614.76 1692.09 1341.98 1259.49 469.518 436.144 417.379 276.494 266.933 264.519 222.85 198.604 183.196 168.304 164.94 141.361 136.479 121.132 110.747 109.512 107.198 105.61 104.084 103.939 120.346 124.588 102.858 101.534 100.954 95.3453 93.6274 93.6125 93.4561 93.077 90.3209 90.0459 96.5433 88.2265 84.5035 84.0016 87.5933 73.4625 95.0093 70.9513 69.2186 70.5143 66.433 63.929 61.9847 61.336 61.2713 60.3879 59.2364 59.138 58.7012 58.5655 57.8659 55.8814 54.6661 57.9269 54.633
threshold=1.0000000180025095e-35 0.73993558776167478 392.49000000000012 46.040000000000013 1.0000000180025095e-35 75.560000000000016 2.2613636363636371 1.5000000000000002 2.5000000000000004 1838.3000000000002 161.50000000000003 453.92000000000007 7.2250000000000005 61.000000000000007 9.5000000000000018 1.0000000180025095e-35 21.500000000000004 inf 18.000000000000004 258.90000000000003 3.9800000000000004 0.68301270189221941 5.780000000000002 9.5000000000000018 299.50000000000006 131.50000000000003 51.000000000000007 18.550000000000001 1.4650000000000001 18.550000000000001 16.000000000000004 20.500000000000004 1.0000000180025095e-35 272.50000000000006 0.95833333333333337 0 8932.5000000000018 363.72666666666674 11.500000000000002 3.8550000000000009 1.0000000180025095e-35 3.5000000000000004 39.500000000000007 5708.1900000000023 0.9110671936758894 21.500000000000004 16.000000000000004 12759.216000000002 1.0000000180025095e-35 1 1.5000000000000002 1.8090909090909093 2 18.000000000000004 192.50000000000003 3 16.000000000000004 19.500000000000004 4 70.500000000000014 28.500000000000004 98.120000000000019
decision_type=8 10 10 10 10 10 10 2 2 8 2 10 8 2 10 10 2 8 2 10 10 2 10 2 2 2 2 10 8 10 2 2 10 2 10 9 10 10 2 8 2 10 2 10 10 2 2 10 2 9 2 10 9 2 2 9 2 2 9 2 2 10
left_child=4 3 7 10 14 22 11 9 16 34 13 18 21 -2 29 -7 -4 40 -5 45 -12 38 -6 -8 25 26 -20 -15 -27 -1 -13 -11 -31 -23 -3 44 37 -17 49 48 -18 55 43 53 -14 -10 -47 -44 -32 -9 -33 -22 -21 -19 -34 -42 -43 -39 -48 60 -55 -36
right_child=1 2 8 6 5 15 23 12 19 31 20 30 35 27 -16 36 17 42 24 52 51 33 -24 -25 -26 28 -28 -29 -30 32 39 50 54 -35 61 -37 -38 57 -40 -41 41 56 47 -45 -46 46 58 -49 -50 -51 -52 -53 -54 59 -56 -57 -58 -59 -60 -61 -62 -63
leaf_value=-0.033571666770008245 -0.017087099849472449 -0.013023192361924259 0.0043569515850848716 -0.011115301761263748 -0.028659100126847296 -0.038266160274555316 0.00077825544874720915 -0.0056557861550487571 0.0095314138098734538 0.008834441858112262 -0.024465181057324054 -0.0079009205260909387 0.018627377619791448 -0.0099755613499930892 -0.036511324311663665 -0.010871902443714818 -0.027140363025680701 0.005228450420420366 -0.0012578429765929321 0.013079078839741024 -0.0049643572727339031 0.034658461946655526 -0.019778876239252955 -0.011272488861668359 0.01855817994276953 -0.0053926953873214443 0.015545156747305538 0.0057705651277657026 0.0080449843049939483 -0.039730780861644409 -0.017558081670186854 0.00014794251059968978 -0.019799543040323137 0.013226681723052141 -0.0047133218287989526 0.0072298358019598115 -0.022999022251295034 -0.017286690980536971 0.023686807724296842 0.020874025443095672 0.0077606094065266898 0.0055841175633012663 0.038584437558192172 0.0060909143877276558 0.027640167213422107 0.0071564944778483375 0.036899105313883324 0.010549279609232088 0.012851316910151064 0.0082331305523483528 0.031228411861255294 -0.016648025296164222 0.038450208316149433 0.010386297855164796 -0.028340796474693994 0.023515767237675428 0.027217274325777967 0.0026363957887205643 0.026526223252013644 0.033593057747908363 0.039108851201817153 0.0074037804006189221
leaf_weight=4027.0362679213285 954.19770953059196 725.01675122976303 352.74962587654591 488.92352207005024 2957.3404028117657 223.62773050367832 2286.4738765507936 532.85163959860802 193.76300519704819 876.93569657206535 1612.617538228631 209.20298753678799 1764.4714861363173 726.54387131333351 8439.0553517043591 2083.1804628372192 40.253046408295631 115.70646665990353 764.17871825397015 155.43857507407665 828.92842327058315 379.46960636973381 3718.0918549597263 1424.1890498250723 821.15269926190376 1651.9482615143061 1845.0184337198734 1684.6178276538849 1179.908432662487 532.99933749437332 86.724470064043999 91.270325303077698 1997.3066672980785 729.46204487979412 849.05253735184669 460.77352836728096 412.43415266275406 201.17666770517826 343.9734358638525 2446.1108833253384 670.90061542391777 161.8624515235424 1682.3903126865625 230.38702499866486 2761.7976202815771 145.2242319136858 1733.7862011194229 111.29024685919285 2578.4912325441837 1443.0223286002874 525.67266654968262 1638.6713703423738 5362.2536372095346 280.35610488057137 2004.5988134145737 553.32831291854382 3109.4275889247656 1529.4820714145899 1595.5610763430595 1796.7164942473173 123.82126779854298 981.95213468372822
leaf_count=31545 5776 4039 1528 2529 21522 1687 12316 2468 794 3939 10392 1052 7692 4394 69849 12682 247 483 3839 628 4567 1606 25104 8035 3958 8410 8724 9083 5787 4212 508 418 14645 3246 4380 2100 2491 1173 1529 10601 2814 734 6781 961 11579 597 6960 463 11507 6494 2273 9999 21526 1157 14954 2300 12842 8503 6435 7283 501 4534
internal_value=-0.000112514 0.0138666 0.0236446 0.000866607 -0.0270048 -0.0178465 0.00664482 0.0136851 0.0303853 0.00445156 -0.0113807 0.00987045 0.0181275 -0.00411491 -0.0329966 -0.0090371 0.0260994 0.0269629 0.00564751 0.034688 -0.017371 0.0116377 -0.0237167 -0.00384873 0.00695784 0.00520405 0.0106253 0.00102369 0.00020705 -0.0295284 0.0152268 0.0161999 -0.0259313 0.0205851 -0.00241846 0.0225862 -0.0074818 -0.00579815 0.00735359 0.0161748 0.0227055 0.0231578 0.0314053 0.0275567 0.0240784 0.0299509 0.0310865 0.0368518 0.0118556 0.00449965 0.0266381 -0.0127268 0.0378314 0.029688 -0.024084 0.0151503 0.0261489 0.000311834 0.0321279 0.0309709 0.0192604 0.00178547
internal_weight=82235.2 54108.8 30880.9 23227.9 28126.3 11125.3 15782.3 12465.7 18415.2 4049.9 7445.58 12071.7 8415.82 3365.36 17001 4449.9 9229.19 8876.44 6751.13 9186.03 4080.22 3428.78 6675.43 3710.66 6262.21 5441.05 2609.2 2411.16 2831.86 8561.94 5320.53 1493.88 4534.9 1108.93 2556.02 4987.04 4226.27 3813.84 2319.85 5111.33 4535.77 4495.52 4340.67 2546.99 4526.27 3668.33 3474.57 1793.68 2665.22 1975.87 616.943 2467.6 5517.69 2316.6 4001.91 1224.23 3271.29 1730.66 3329.35 2200.89 404.177 1831
internal_count=461175 252808 131331 121477 208367 73162 77266 56297 75034 19583 44211 56915 36714 19253 135205 26536 38094 36566 33247 36940 24958 15343 46626 20351 30718 26760 12563 13477 14197 65356 23668 6630 33811 4852 12953 21371 24849 22358 10491 22616 18937 18690 17629 10385 19271 14786 13992 7244 12015 8962 2691 14566 22154 9424 29599 5114 13576 9676 13395 8941 1658 8914
cat_boundaries=0 1 2 3 4 5
cat_threshold=153000 22529 2048 149513 1408
is_linear=0
shrinkage=0.035


Tree=20
num_leaves=63
num_cat=1
split_feature=20 13 2 2 24 2 34 45 26 16 1 0 34 26 2 24 40 42 48 14 1 12 0 0 7 25 22 32 26 26 19 42 34 26 14 26 26 32 29 40 0 5 14 26 32 18 42 24 26 23 47 15 17 2 32 37 14 32 35 19 26 26
split_gain=23803 5209.19 1579.18 1254.36 1244.82 452.616 385.333 383.721 264.467 262.995 247.363 202.074 191.017 177.114 171.137 169.816 159.756 146.837 144.585 124.175 119.632 118.714 104.583 102.268 101.152 100.419 98.8691 98.6439 97.6724 97.8728 97.5801 94.1324 93.0821 92.5588 99.558 93.7547 95.4492 104.709 97.2978 92.2424 90.1905 87.8504 86.1842 81.2498 76.7128 74.6612 70.688 70.4794 68.9718 65.6109 62.953 72.4279 60.0587 58.809 72.1276 58.7141 58.3288 57.3156 56.3275 56.1686 52.3002 52.213
threshold=1.0000000180025095e-35 0.73993558776167478 392.49000000000012 51.330000000000005 5.5000000000000009 75.560000000000016 1.5000000000000002 2.2613636363636371 161.50000000000003 0 1838.3000000000002 479.67000000000013 2.5000000000000004 61.000000000000007 96.040000000000006 9.5000000000000018 1.0000000180025095e-35 1.5000000000000002 3.5000000000000004 18.000000000000004 89.480000000000004 1287.9180000000003 7.6800000000000104 18.550000000000001 0.86607142857142871 167.23500000000004 1.0000000180025095e-35 389.64000000000004 161.50000000000003 51.000000000000007 413.79000000000002 1.5000000000000002 1.5000000000000002 21.500000000000004 19.500000000000004 299.50000000000006 131.50000000000003 1242.5400000000002 272.50000000000006 1.0000000180025095e-35 21.426666666666673 63.000000000000021 20.500000000000004 299.50000000000006 1152.3600000000004 1351.6300000000003 3.5000000000000004 1.0000000180025095e-35 192.50000000000003 1.0000000180025095e-35 4839.1199999999999 0.0005948839976205241 10022.220000000003 1678.6100000000004 3764.7850000000003 8932.5000000000018 16.000000000000004 inf 1.5000000000000002 875.52041666666685 51.000000000000007 192.50000000000003
decision_type=8 10 10 10 8 10 2 10 2 9 8 10 2 2 8 10 10 2 2 2 10 10 10 10 10 10 2 8 2 2 10 2 2 2 2 2 2 10 2 10 10 10 2 2 10 10 2 8 2 2 8 10 10 10 10 10 2 8 2 10 2 2
left_child=4 3 6 8 5 22 10 11 13 12 40 19 20 -2 28 24 -7 57 45 -5 52 -20 -1 -15 -6 26 -13 -9 29 -8 46 55 -22 -16 -35 36 38 -38 -36 -26 -3 -14 -12 44 47 -11 -30 -21 60 -49 51 -28 -4 54 -34 -18 -19 -10 -44 -40 -24 -41
right_child=1 2 9 7 15 16 14 27 17 18 42 25 41 23 33 -17 31 56 21 43 32 -23 48 -25 39 -27 50 -29 30 -31 -32 -33 53 34 35 -37 37 -39 59 61 -42 -43 58 -45 -46 -47 -48 49 -50 -51 -52 -53 -54 -55 -56 -57 -58 -59 -60 -61 -62 -63
leaf_value=-0.029476616263502915 -0.015918299035135215 -0.018650079324306342 0.036375959231695905 -0.01213707575153645 -0.032975737808155423 -0.037933220131908293 0.00084873410453974586 -0.013830991135182864 -0.030268110544902135 -0.00076100168345258584 0.008501647242733416 -0.021208181545689785 0.029233471160081129 -0.0096555302739121576 -0.00017495877418392607 -0.036193343683309211 -0.0097466963445928707 -0.031681174677864375 0.017968013295008661 0.011011637797074416 0.016750637732079212 0.034536576770697026 -0.024793375315791306 0.0059331878233615043 -0.039654842716131435 0.0026872424726807373 -0.0053051158120267228 -0.00019067822193044633 -0.0017451090378765629 0.022726697738347752 -0.015409862302894841 -0.00079991758075982503 0.025416183339769936 0.0089988577617078347 0.039747614503370741 0.0351058318502993 0.018694004366790789 -0.013053271212975729 0.02593558146267394 -0.019262787269206463 0.00031467772569161278 0.037343528535858504 0.0001428136009393893 0.018025412281516755 -0.011428526219988827 0.02010517932591338 0.014408923659078468 -0.0046031136974729828 -0.023989435878779618 0.0068638398260463633 0.02410439006580558 0.01581946166765184 0.015953685354519385 0.033773617987470923 -0.0060091189829380703 -0.027728807650626755 -0.009884143329893803 -0.017168966842179223 0.029910387450258771 0.006829379043048262 -0.011631116073742282 -0.027568926056941619
leaf_weight=2203.935299128294 1010.4237964004278 356.14785222709179 1826.7935538291931 466.91196575760841 4165.66271815449 217.80658536404371 326.13848567008972 850.38119128346443 947.98554649949074 519.60234670341015 879.36378584802151 84.429921925067902 2343.1759033501148 723.91599288582802 237.12903523445129 8219.1361918672919 2291.7162300795317 159.74414090812206 1350.1531722396612 2076.8633649796247 1440.2454873472452 876.32063402235508 502.78793247044086 1783.9585078507662 484.23418170958757 784.40657769143581 210.09413336217403 2738.6497232913971 517.61616092920303 1079.9954747259617 241.13293419778347 1670.3467507958412 2648.0247225165367 618.05066260695457 562.21646866202354 773.11477939784527 1905.6652679443359 135.67884927988052 890.29289503395557 1884.0126234740019 2195.6942164301872 5625.6380127817392 91.274840340018272 673.69621989130974 321.6435389816761 351.53285698592663 922.54974515736103 1010.0995854437351 2457.1608975082636 1544.908680871129 1120.3375435173512 3567.0743870735168 197.72351749241352 1170.384660795331 92.241063818335533 245.83129346370697 2400.1909538656473 729.32223403453827 529.59924808144569 240.150087043643 1408.3701676875353 1854.245260886848
leaf_count=16609 6145 2095 7372 2425 33254 1687 1510 4955 6341 2186 3939 489 9425 4404 1015 69849 14114 974 5563 10001 6029 3552 3458 9568 3930 3584 957 14704 2449 4825 1133 9164 10898 2671 2326 3201 8021 595 3729 14040 10858 22596 418 3251 1572 1455 4229 5179 17113 7573 4873 15711 820 4750 388 1571 14185 4586 2273 1010 9446 14132
internal_value=-0.000112826 0.0133715 0.0227721 0.00083554 -0.0265624 -0.0174266 0.0131673 0.00660094 -0.0106489 0.0292821 0.00429268 0.00963504 0.03118 -0.00355443 0.0174222 -0.032611 -0.00877126 -0.0165373 0.0197094 0.00518982 0.027131 0.0245018 -0.0232529 0.00143134 -0.0290969 0.0143312 0.0161637 -0.00342555 0.0108522 0.0176565 0.0051543 -0.00725314 0.0243786 0.0212022 0.0221911 0.0239977 0.0216891 0.0165785 0.0278389 -0.0252634 -0.00233841 0.0349628 0.0155659 0.0066294 0.00507618 0.00767261 0.00860575 0.00622451 -0.0201068 0.00233046 0.0168121 0.0146434 0.0343903 0.0271828 0.0243566 -0.011499 -0.0112562 -0.024586 0.0255415 0.0218863 -0.015105 -0.0233891
internal_weight=81753.9 54148.7 30943.6 23205 27605.2 10998 12501.8 15449.5 7755.54 18441.8 4052.08 11860.5 15344.2 3518.3 8449.73 16607.3 4425.7 4237.24 3097.61 6094.12 7375.41 2226.47 6572.25 2507.87 8388.15 5766.34 4981.94 3589.03 3087.43 1406.13 1681.3 4207.89 5350.9 5362.3 5125.17 4507.12 3734 2041.34 1692.66 4222.49 2551.84 7968.81 1500.24 5627.21 4953.52 871.135 1440.17 4631.87 4368.32 2555.01 4897.51 3777.17 2024.52 3910.65 2740.27 2537.55 2559.94 1677.31 620.874 1130.44 1911.16 3738.26
internal_count=461175 252808 131331 121477 208367 73162 56297 75274 46203 75034 19583 55615 62278 20117 36714 135205 26536 26086 12756 30001 30257 9115 46626 13972 65356 25614 22030 19659 14146 6335 7811 24849 22065 22568 21553 18882 15681 8616 7065 32102 12953 32021 6630 27576 24325 3641 6678 22753 30017 12752 21541 16668 8192 16036 11286 15685 15159 10927 2691 4739 12904 28172
cat_boundaries=0 1
cat_threshold=21888
is_linear=0
shrinkage=0.035


Tree=21
num_leaves=63
num_cat=5
split_feature=5 13 50 0 0 0 7 4 7 4 13 16 24 23 16 21 13 26 19 44 7 32 14 24 0 48 26 26 12 40 12 1 13 16 22 0 48 19 32 16 16 4 17 18 14 26 14 32 26 26 26 19 17 18 0 22 13 48 1 15 22 17
split_gain=22403.5 4522.53 1559.78 1410.94 1063.87 510.348 385.136 335.007 327.682 208.013 206.741 182.972 171.545 165.486 154.037 135.676 129.235 124.939 120.605 119.301 117.168 111.031 103.854 103.146 101.804 98.6392 98.636 95.7055 94.2414 93.6702 90.0538 88.2085 84.627 76.9402 76.339 75.4477 72.2606 71.3805 68.8468 74.7515 68.5447 63.6329 63.1903 59.5134 59.3683 59.1744 58.067 62.3674 70.7805 67.4848 57.8598 56.8616 57.1497 55.9508 55.4483 55.4312 56.0338 54.7336 54.5291 64.3395 57.5221 77.1516
threshold=0.48000000000000015 0.73993558776167478 1.0000000180025095e-35 414.39000000000004 234.42000000000004 99.960000000000022 0.95833333333333337 8.6600000000000019 0.95833333333333337 4.3500000000000005 0.56832298136645976 0 9.5000000000000018 -0.6830127018922193 1 28.885000000000002 0.39565217391304358 161.50000000000003 421.25285714285718 298.84000000000009 0.95833333333333337 4.4850000000000012 20.500000000000004 3.5000000000000004 18.550000000000001 3.5000000000000004 299.50000000000006 51.000000000000007 2082.1500000000001 1.0000000180025095e-35 79.910000000000011 2003.1300000000001 0.94281045751633996 2 1.0000000180025095e-35 148.23333333333338 3.5000000000000004 191.72100000000003 1129.6800000000001 3 4 1.0000000180025095e-35 1.0000000180025095e-35 3538.6875000000005 19.500000000000004 223.50000000000003 19.500000000000004 1390.7700000000002 70.500000000000014 131.50000000000003 192.50000000000003 597.98466666666684 1106.1900000000003 12759.216000000002 204.34500000000003 1.0000000180025095e-35 0.24500000000000002 6.5000000000000009 80.695000000000022 1.6005997818319946 28.500000000000004 3149.5500000000006
decision_type=8 10 8 10 10 10 10 10 10 10 10 9 10 2 9 10 8 2 10 10 10 10 2 10 10 2 2 2 10 10 10 8 10 9 2 10 2 10 10 9 9 8 8 10 2 2 2 10 2 2 2 10 10 10 10 2 10 2 10 8 2 8
left_child=2 4 12 8 6 20 16 34 30 18 19 15 24 42 -11 53 -2 27 35 31 45 33 36 44 -1 -13 51 -8 -27 -26 -3 55 -17 -19 -5 -10 -16 -22 39 -12 -36 -18 -7 -21 -15 -4 -42 48 -48 -49 -31 -24 -53 58 -20 -6 -57 -50 60 -60 61 -9
right_child=1 3 5 7 10 13 17 11 9 14 38 25 -14 23 22 32 41 21 54 43 37 -23 26 -25 29 28 -28 -29 -30 50 -32 -33 -34 -35 40 -37 -38 -39 -40 -41 46 -43 -44 -45 -46 -47 47 49 57 -51 -52 52 -54 -55 -56 56 -58 -59 59 -61 -62 -63
leaf_value=-0.032828395058430895 -0.02144165721110346 -0.011266252318962127 -0.02107123759106129 -0.021260744508387192 -0.02140097352906626 -0.037884324167474878 -0.0064050768702643424 0.036206184023908683 0.0064069763110519073 0.0028193313290273045 0.018288495733004759 0.009254062540422903 -0.035881045399721187 -0.014755157710855463 0.0044389261379557182 0.028295463344229485 -0.013153614925645572 -0.01028794263844413 -0.0178452385794458 0.0029524045629594495 -0.012450862275655738 -0.012998627841545402 0.022950152228802808 -0.0098326390503756175 -0.039196443939414606 0.021026369226322932 0.037165870888013208 0.0078118510574285392 0.041009701863949456 -0.018855149126568323 0.005483179061897334 0.018831940116029025 0.036921213610334493 0.0038684180693108559 -0.0035523073522262644 0.018849417515019042 0.018299901269012885 -0.025335672513336731 0.0052618693645593764 0.0071100173260733607 0.0080891004371464233 -0.0020581186917220198 -0.014924534452592158 -0.013209094498457568 0.0039251725954549451 -0.029117064011753249 0.012883259331309321 0.024200137183945349 0.033019614586652167 0.0011049713281838236 -0.027443297550470279 0.031632984420309228 -0.0041722743860197857 0.0060533800266850506 0.0019994633416200417 -0.019882731009406837 0.006347360924272398 0.0222672783090242 0.028622437999187702 0.018063586968849618 0.040567083462900957 0.0063130420216861681
leaf_weight=3847.8453008383512 1773.1009744554758 761.21869088709354 2239.2663618475199 56.028141364455223 95.139559298753738 168.16365183144808 771.71635413169861 271.4423972517252 1570.3972264230251 722.30950909852982 3442.0656428337097 646.75355345010757 8004.3097293898463 234.22956863045692 641.06605961918831 1861.4957265257835 1860.3464587181807 663.02354869246483 258.17763230204582 513.05702881515026 1976.104308322072 1404.271163970232 2572.7443680465221 1706.7468034103513 504.84148209542036 1366.9394256025553 584.66386342048645 2326.7364157438278 368.14130619168282 1943.252149514854 811.36508417129517 651.96854901313782 5796.2442017644644 1545.3237241506577 155.43429446220398 963.84808273613453 1644.0150751322508 719.7890967130661 906.66875894367695 988.03424027562141 417.00338633358479 960.24825404584408 1147.6388453543186 610.34454180300236 1827.7519223093987 2277.1549069732428 572.41026778519154 287.54609429836273 978.200076431036 335.06470073759556 1927.7539646625519 75.158308804035187 192.33004786074162 145.57814610004425 515.09411019086838 101.93273830413818 3290.8827124685049 1458.6897691041231 2949.3189714848995 939.28244189918041 754.38458687067032 173.68543185293674
leaf_count=31559 12132 4159 16548 325 542 1302 4198 1090 7406 3342 15132 2674 69849 1335 2803 7524 11278 3612 1321 2575 12870 7873 10955 10660 4217 5560 2477 11928 1483 14657 3805 3007 23321 8310 666 4174 7080 4801 4027 4403 1764 5425 6920 3141 9875 17014 2392 1195 4017 1401 14957 326 842 612 2339 543 15953 5976 11942 3831 3026 704
internal_value=-0.00011369 0.013399 -0.0251022 0.0220348 0.00123771 -0.0156981 -0.00623109 0.0277313 0.0121968 0.0145901 0.00920285 0.030153 -0.0322268 -0.00720395 0.0182579 0.0318289 -0.0140382 -0.000885834 0.00745396 0.00427971 -0.0216844 -0.00530781 0.0201698 -0.0034709 -0.028666 0.0208521 0.0240629 0.00426999 0.0252875 -0.0249992 -0.00262649 0.00702437 0.0348284 -0.000413608 0.0190444 0.0111448 0.0144149 -0.0158992 0.0140565 0.0158549 0.0195864 -0.00937831 -0.0178854 -0.00583208 0.00179707 -0.0251334 0.0204337 0.0219047 0.0239921 0.0117929 -0.023138 0.0213535 0.00596856 0.0274951 -0.00464072 0.00481253 0.00555369 0.0265952 0.0281072 0.0260773 0.0346607 0.0245824
internal_weight=81275.7 52750.9 28524.8 30846 21904.9 12296.8 11304.8 19533.6 11312.4 9739.8 10600.1 15273.3 16228 5084.53 6432.29 12891.4 4593.7 6711.07 3307.52 5263.33 7212.31 3612.62 5709.98 3768.73 8223.69 2381.83 3424.9 3098.45 1735.08 4375.85 1572.58 4139.92 7657.74 2208.35 4260.38 2534.25 2285.08 2695.89 5336.77 4430.1 4204.35 2820.59 1315.8 1123.4 2061.98 4516.42 4048.91 3631.91 3009.3 622.611 3871.01 2840.23 267.488 5233.69 773.272 3487.96 3392.82 2436.89 5088.11 3888.6 1199.51 445.128
internal_count=461175 244611 216564 130532 114079 81325 64756 79503 51029 43065 49323 61767 135239 30092 27825 52050 28835 35921 15240 25761 51233 19795 24483 21870 65390 9717 14600 16126 7043 33831 7964 20045 30845 11922 17736 11580 9883 17671 23562 19535 17411 16703 8222 5716 11210 33562 16745 14981 12385 2596 29614 12123 1168 21205 3660 17038 16496 9993 20593 15773 4820 1794
cat_boundaries=0 1 2 3 4 5
cat_threshold=21888 75863 157712 21896 2048
is_linear=0
shrinkage=0.035


Tree=22
num_leaves=63
num_cat=0
split_feature=20 13 2 6 2 2 2 45 2 26 34 0 34 24 26 40 47 42 42 14 29 44 46 7 34 37 40 42 52 22 44 0 47 14 3 1 51 4 18 26 14 18 4 5 3 26 14 22 27 29 18 3 8 48 13 6 40 26 0 47 26 26
split_gain=21197.8 4490.54 1495.07 1211.11 1019.72 425.04 366.396 322.401 269.489 228.018 203.401 193.42 177.917 172.828 160.93 151.688 128.964 172.664 124.782 110.783 109.242 105.389 101.49 101.342 94.5132 92.7419 91.9383 89.8397 89.331 88.9047 87.6979 84.3906 80.6073 85.4175 80.7391 78.753 77.1786 76.6507 75.0931 74.6069 73.7432 69.806 95.0261 81.3367 67.0256 63.3314 63.2497 60.0484 58.9 57.8659 56.3788 55.3913 57.9081 64.1395 54.819 53.6593 51.6411 50.4149 49.9771 49.8359 49.6913 51.7173
threshold=1.0000000180025095e-35 0.71130952380952395 385.11000000000007 1.0000000180025095e-35 46.040000000000013 73.990000000000023 31.850000000000005 2.5277777777777781 1678.6100000000004 161.50000000000003 2.5000000000000004 520.17000000000019 2.5000000000000004 9.5000000000000018 61.000000000000007 1.0000000180025095e-35 inf 2.5000000000000004 1.5000000000000002 18.000000000000004 333.50000000000006 430.64000000000004 5.780000000000002 0.86607142857142871 1.5000000000000002 1121.9400000000003 1.0000000180025095e-35 1.5000000000000002 9.5000000000000018 8.5000000000000018 102.24500000000002 18.550000000000001 1912.3200000000004 16.000000000000004 242.50000000000003 16.595000000000006 290.27999597782792 10.040000000000001 1351.6300000000003 21.500000000000004 16.000000000000004 11807.703750000002 1445.3100000000002 133.32666666666671 237.50000000000003 314.50000000000006 16.000000000000004 1.0000000180025095e-35 1.0000000180025095e-35 84.500000000000014 4554.7350000000015 267.50000000000006 8.5000000000000018 3.5000000000000004 0.93933823529411775 336.03000000000003 12452.190000000001 192.50000000000003 363.72666666666674 2977.1400000000003 192.50000000000003 51.000000000000007
decision_type=8 10 10 10 10 10 10 10 10 2 2 10 2 10 2 10 8 2 2 2 2 10 10 10 2 10 10 2 2 2 8 10 10 2 2 10 8 10 10 2 2 10 10 10 2 2 2 2 8 2 10 2 2 2 10 10 10 2 10 8 2 2
left_child=3 4 6 13 9 22 24 11 12 14 16 19 20 23 -2 -7 17 -8 -11 -6 35 37 -5 59 -3 -18 -25 50 -9 38 45 -16 33 -19 -35 55 46 48 -10 -14 -41 43 -43 -31 49 -21 -37 -48 -13 -42 58 52 -12 -54 -51 -4 -50 -28 -17 -1 61 -24
right_child=1 2 8 5 7 15 10 28 29 18 51 21 39 -15 31 27 25 32 -20 30 -22 -23 60 26 -26 -27 57 -29 -30 41 -32 -33 -34 34 -36 36 -38 -39 -40 40 44 42 -44 -45 -46 -47 47 -49 56 54 -52 -53 53 -55 -56 -57 -58 -59 -60 -61 -62 -63
leaf_value=-0.032730386442463372 -0.016609196996642567 -0.0082459468844995661 0.031568984212463777 -0.027424280190916157 -0.011597221907305904 -0.037261185050768246 -0.0066042711189223642 -0.00059550989370826563 0.025537521928030132 -0.024132296627287688 0.030302748359278611 -0.018275759921773983 0.011845106866963573 -0.035573901590208436 -0.0092573314844010286 -0.012808582548143769 0.012662650337211246 -0.013084950297098875 -0.01128900332923837 0.0073606793315209541 0.0056516932177494584 0.0023660960155333375 -0.024315613690978954 -0.039142664107148117 0.0055736144950206323 0.026626669973567774 -0.018367649088817415 -0.00053583618404810275 -0.013756934947925004 0.030451721223631722 0.00011331580789339263 0.0052717619484022836 -0.010019898760392321 0.011357622987485166 0.029298860180584706 0.0028436897021007967 0.011121822106976683 0.021698433340360989 -0.0081402201127196774 0.010178341925352715 0.035261871385998005 0.0009339447298162539 0.043128907513200566 0.039109628996930698 0.042635046388555788 0.02545157788652843 -0.023179921621426486 0.023209592136297048 0.013384241227633018 0.020291248168937123 -0.019856867719918798 0.036857382724142559 0.0084992142958442273 0.020880205141625061 0.029570270299126157 0.011272333454804223 -0.02054539890384886 -0.026665538159478291 -0.0012512558912000642 -0.0017405220925790514 -0.022179952114807892 -0.0099614101342041638
leaf_weight=3914.8754107728601 887.2960219681263 1093.1470331996679 1220.0645097643137 2796.5320370197296 518.27390271425247 209.77389875054359 882.11844806373119 1667.9065984636545 402.79219411313534 1576.5232871770859 554.51288522779942 76.573457717895508 315.6909526437521 7794.5692827254534 699.38669736683369 1079.0604758113623 1937.034625440836 156.45504307746887 2254.9712847173214 3532.3006701916456 576.49888136982918 951.21542865037918 420.53009259700775 457.75334202498198 1358.491109803319 835.06134195625782 1832.4395812004805 1672.9236618727446 1015.977989718318 2526.7079181373119 2482.4329544454813 1627.2386937737465 214.60807709395885 2768.8304843008518 345.30677331984043 205.72946856915951 1063.238081663847 1477.6920320242643 100.9774873405695 236.41425588726997 1330.4230440407991 172.31133502721786 104.40457114577293 2876.4028385430574 487.46893018484116 253.35246093571186 33.743585079908371 3732.8017794191837 2655.2742920219898 1142.0448123812675 651.53315791487694 256.30257123708725 677.1363772302866 2133.8760988563299 2538.1888751387596 185.23477305471897 55.257125779986382 1783.2751989513636 796.65934036672115 64.734509184956551 1983.1476273834705 1148.1819300502539
leaf_count=32775 5542 5965 4929 21483 2747 1698 4276 9060 1633 10557 2318 444 1280 69849 4310 6952 8544 744 13629 17596 2448 4409 2958 3930 6468 3577 14040 9224 5895 10189 12248 8749 974 12471 1519 923 4404 6378 435 964 5344 708 425 11641 1959 1238 206 15309 11823 4603 4159 1054 2846 8825 10191 757 254 14132 4732 479 14162 7794
internal_value=-0.000114141 0.0124464 0.0206891 -0.0256992 0.000132624 -0.0166335 0.0116216 0.00538379 0.0269117 -0.0108127 0.0144033 0.00783592 0.0240585 -0.0318521 -0.00393599 -0.00828393 0.0109733 0.00722293 -0.0165785 0.00393974 0.0202598 0.0129034 -0.0224314 -0.0282458 -0.000589161 0.0168772 -0.0243495 -0.00682817 -0.005581 0.0329362 0.00522605 0.000902196 0.0107235 0.0120873 0.0133558 0.0215663 0.0195133 0.0152525 0.0187843 0.0284604 0.0293729 0.0341878 0.016952 0.0350672 0.0301962 0.0085778 0.021756 0.022788 0.0118283 0.0289778 -0.0109915 0.0211595 0.0199535 0.0179019 0.0266971 0.0289036 0.0126852 -0.0224664 -0.00790321 -0.0322269 -0.0184937 -0.0138224
internal_weight=80801.7 54195.7 32464 26606 21731.7 10758.3 13212.9 14686.3 19251.1 7045.42 10761.2 12002.4 13067.5 15847.6 3213.92 4409.95 7139.41 4367.32 3831.49 6786.36 7017.31 5216.01 6348.39 8053.08 2451.64 2772.1 4073.47 4200.18 2683.88 6183.6 6268.09 2326.63 3485.2 3270.59 3114.14 6440.81 5035.51 4264.8 503.77 6050.23 5734.54 5679.83 276.716 5403.11 5498.13 3785.65 3972.27 3766.55 2787.1 5010.66 2527.25 3621.83 3365.53 2811.01 3680.23 1405.3 2710.53 3615.71 1875.72 3979.61 3551.86 1568.71
internal_count=461175 252808 137929 208367 114879 73162 59581 72092 78348 42787 47148 57137 53317 135205 18601 26765 32105 19984 24186 33829 28976 23308 46397 65356 12433 12121 32102 25067 14955 25031 31082 13059 15708 14734 13990 26528 20842 18899 2068 24341 23061 22963 1133 21830 22097 18834 16438 15515 12521 20138 15843 15043 13989 11671 14794 5686 12077 28172 11684 33254 24914 10752
is_linear=0
shrinkage=0.035


Tree=23
num_leaves=63
num_cat=5
split_feature=5 13 2 50 2 0 13 7 2 29 24 16 2 34 47 32 40 42 42 0 16 42 14 0 42 16 44 45 4 32 40 21 29 2 23 4 29 22 18 23 22 18 18 47 35 4 29 16 47 41 14 14 0 29 14 19 32 47 48 22 16 22
split_gain=19920.2 4155.96 1311.93 1240.59 1048.99 406.279 334.039 288.495 277.906 210.831 177.673 175.924 170.313 167.317 150.258 149.887 141.373 140.671 114.713 114.499 112.728 104.808 104.301 103.879 103.322 99.5181 97.5629 99.9453 96.2086 95.2234 94.7205 87.5908 86.4367 85.9607 84.7725 96.1999 89.0727 82.0653 130.166 78.2406 73.148 90.5314 71.8034 64.5042 62.0274 61.7959 61.4239 59.4965 58.9869 58.0279 57.4641 57.1279 56.4543 55.0403 57.5535 54.3272 53.1897 52.1335 51.8217 57.5295 51.1102 52.1956
threshold=1.0000000180025095e-35 0.73993558776167478 308.15500000000003 0.13416407864997237 46.040000000000013 134.06000000000003 0.44222222222222224 0.95833333333333337 1208.74 222.50000000000003 9.5000000000000018 0 472.07000000000011 2.5000000000000004 6297.0300000000007 2317.8600000000006 1.0000000180025095e-35 1.5000000000000002 3.5000000000000004 8.8950000000000404 1 1.5000000000000002 18.000000000000004 18.550000000000001 5.5000000000000009 2 340.93000000000006 2.8166666666666669 40.365000000000009 389.64000000000004 1.0000000180025095e-35 12.245000000000003 69.500000000000014 61.405000000000008 0.25000000000000011 1.8050000000000004 318.00000000000006 20.500000000000004 3827.277 0.68301270189221941 43.500000000000007 12759.216000000002 1133.4458333333337 11461.410000000002 2.5000000000000004 25.960000000000004 272.50000000000006 3 3770.1000000000004 16365.330000000002 20.500000000000004 20.500000000000004 470.67000000000007 353.00000000000006 19.500000000000004 1147.2250000000001 inf 1496.1600000000003 3.5000000000000004 8.5000000000000018 4 49.500000000000007
decision_type=8 10 10 8 10 10 8 10 10 2 10 9 10 2 8 10 10 2 2 10 9 2 2 10 2 9 10 10 10 8 10 10 2 10 2 8 2 2 10 2 2 10 10 8 2 10 2 9 10 10 2 2 10 2 2 10 8 10 2 2 9 2
left_child=3 4 7 10 9 19 29 18 11 17 23 15 22 20 21 24 -7 56 -3 -5 33 -11 -8 -1 25 -4 27 52 -10 -6 -25 -30 -24 55 35 60 -36 38 47 51 -27 45 -13 -21 -16 -42 -41 -14 -26 -39 -19 -22 -18 54 -15 -9 -2 -35 -49 -60 61 -34
right_child=1 2 8 5 6 16 12 13 28 14 -12 42 37 53 44 -17 26 50 -20 43 39 -23 32 30 48 40 -28 -29 31 -31 -32 -33 34 57 36 -37 -38 49 -40 46 41 -43 -44 -45 -46 -47 -48 58 -50 -51 -52 -53 -54 -55 -56 -57 -58 -59 59 -61 -62 -63
leaf_value=-0.032062881356661785 -0.029345077375523415 -0.011074886565690964 0.036431616022357637 -0.027686753984382081 -0.013451531575483856 -0.036894072644986432 -0.010471699924045789 0.0072673532829734136 0.024359370058049157 -0.018952810318422473 -0.035271413535228849 0.0040782423277235733 0.017751937759281727 0.007844894386884153 -0.0088607364285879786 0.0046912821449615694 -0.0013696304571583675 -0.017692665920911718 0.0091584208042685689 -0.019184086856252041 -0.011816041758618355 -0.0028906810506345725 0.016522509357846556 -0.038707022761650375 0.033151939140545095 0.017974800389609885 -0.016136734458419417 -0.0089562166634127947 0.026017550575559566 -0.0002828567677313022 -0.0221738856540632 0.035180263915603173 -0.015581477762485085 0.017429114327354726 0.012368720939490237 0.0080275493761712575 -0.0014411459269071305 0.018432935380548212 -0.013520284186441349 0.026885533799268304 0.020906530342955306 -0.0072336279725928121 0.018088147312631052 -0.0036801587009075158 0.015675407469352941 0.030994215997379247 0.0055368614858273303 -0.0069636533083044915 -0.00015025121801231147 -0.010473823144398165 -0.0063743437421102042 0.0032991602769173768 0.012864580435777675 -0.001992299828122756 0.022570749720794675 -0.028456573340950118 -0.016673815946703054 -0.0067521303897499713 -0.0030185016585209611 0.016297964274710901 0.0058052673528641956 -0.0007510460340497229
leaf_weight=3719.0979571565986 881.02489373087883 947.78548757731915 649.97893789410591 2215.1978395804763 884.55362792313099 183.88602846860886 495.88896065950394 1367.3890732973814 2414.0824401676655 713.86400535702705 7589.8967403843999 805.41658712923527 1021.027728036046 375.09679941833019 160.76435904204845 470.59355744719505 909.92480546236038 833.8416258841753 536.91486589610577 4148.6440497338772 483.87105558812618 1639.3281252831221 855.91802451014519 479.67238871753216 1922.2731885462999 3356.7598944306374 828.632866717875 1475.2832983210683 1798.1554391980171 2798.1921862065792 3791.6619927585125 4566.0890032500029 668.67840348184109 2723.9610258191824 2140.3600599765778 1080.1503973901272 780.47701990604401 2665.2380217164755 284.43855054676533 228.20493444800377 1353.5752397477627 100.2518662661314 1011.3166476637125 357.59547331929207 576.9880748540163 1683.4192201644182 592.95364579558372 282.48921757936478 67.430034428834915 87.264838054776192 1613.7346817404032 830.9067552536726 545.05404267460108 137.50488139688969 2509.1955206394196 53.24323570728302 762.48642000555992 113.28155171871185 274.55255036056042 602.28379288315773 365.14487701654434 513.9091145247221
leaf_count=31910 6180 5074 2648 17557 5263 1533 2595 6545 9806 4656 69849 3387 4463 1599 930 1942 5194 5098 2577 29543 2308 9379 4044 4236 7729 13748 4907 9197 7268 15078 29937 18485 3402 11744 10050 5220 3895 11533 1321 977 5543 416 4166 2370 2947 6818 2708 1277 271 395 9669 3892 2877 585 10433 275 4885 503 1271 2609 1855 2603
internal_value=-0.000114501 0.0120271 0.0203675 -0.0251342 0.000740609 -0.015934 0.00578184 0.0105803 0.0256482 -0.0103494 -0.0314301 0.0220444 0.00858714 0.0128412 -0.0034488 0.0239402 -0.00701194 -0.0155609 -0.00375664 -0.0211659 0.00963113 -0.00776927 0.00497805 -0.0277773 0.0249576 0.0229853 -0.00554067 -0.00253979 0.0303339 -0.00344862 -0.0240392 0.0325959 0.00617572 0.0129128 0.00457698 1.5714e-05 0.00867936 0.0133587 0.00871432 0.00301186 0.0215448 0.0254264 0.0118178 -0.0179549 0.010324 0.0265065 0.0114953 0.0116198 0.0320238 0.017513 -0.0102359 -0.00226836 0.00396786 0.019628 0.0206591 0.0059094 -0.0234801 0.0164616 0.00600382 0.0102531 -0.00557726 -0.0090662
internal_weight=80326.8 54082.3 31099.7 26244.5 22982.6 10664.2 15800.6 10900.3 20199.3 7182.03 15580.3 11421 12117.8 9415.61 3090.94 9604.28 3942.78 4091.09 1484.7 6721.44 6393.81 2353.19 6900.53 7990.43 9133.69 7143.99 3758.9 2930.26 8778.33 3682.75 4271.33 6364.24 6404.64 4257.87 5548.72 2627.88 2920.84 5217.29 2464.79 2135.94 6494.01 3137.25 1816.73 4506.24 737.752 3036.99 821.159 2180.35 1989.7 2752.5 2447.58 1314.78 1454.98 3021.8 2884.29 1420.63 1643.51 2837.24 1159.33 876.836 1547.73 1182.59
internal_count=461175 252065 131447 209110 120618 73178 76874 49220 82227 43744 135932 46668 56533 41569 17912 39115 23708 25832 7651 49470 28952 14035 33664 66083 37173 29173 22175 17268 35559 20341 34173 25753 31069 19067 27025 13080 13945 22869 10941 9885 26525 12777 7553 31913 3877 12361 3685 9620 8000 11928 14767 6200 8071 12617 12032 6820 11065 12247 5157 3880 7860 6005
cat_boundaries=0 1 2 3 4 5
cat_threshold=21896 132520 1152 5256 22784
is_linear=0
shrinkage=0.035


Tree=24
num_leaves=63
num_cat=2
split_feature=20 2 13 6 7 2 34 13 2 47 34 16 24 15 13 22 47 7 0 26 29 4 18 0 21 14 17 41 14 26 2 14 7 0 44 26 47 16 25 23 4 14 26 27 48 3 23 18 44 3 8 22 17 27 26 32 32 18 18 22 26 26
split_gain=18869.9 3891.93 1458.5 1179.14 877.762 397.211 365.419 326.368 324.94 259.607 220.551 187.936 175.739 143.41 139.782 137.762 126.458 101.524 99.2237 97.7104 145.266 93.7275 92.2922 93.9767 92.1763 91.8464 88.5714 88.1589 87.4437 108.542 88.0391 86.2604 82.5398 76.167 79.6071 74.8821 73.8004 71.4579 67.8612 67.2772 66.7964 64.1555 63.6916 61.6499 61.1423 60.0007 72.7859 62.5365 58.312 56.8791 59.5574 55.3656 53.4021 53.1391 52.8976 52.7436 52.1117 63.2266 52.0608 57.1146 53.9448 51.0884
threshold=1.0000000180025095e-35 175.77000000000004 0.81365740740740755 1.0000000180025095e-35 0.95833333333333337 73.990000000000023 1.5000000000000002 0.59629629629629644 1124.8200000000004 1.0000000180025095e-35 1.5000000000000002 0 9.5000000000000018 0.77337959791962785 0.91485507246376818 1.0000000180025095e-35 137.18000000000004 0.86607142857142871 5.6400000000000299 131.50000000000003 272.50000000000006 15.125000000000002 4578.8359090909098 379.47000000000008 14.445000000000002 16.000000000000004 1.0000000180025095e-35 13582.080000000002 18.000000000000004 299.50000000000006 1594.8700000000003 16.000000000000004 0.61250000000000016 396.18000000000001 380.97000000000008 51.000000000000007 859.7600000000001 1 201.03000000000003 -0.6830127018922193 105.49000000000002 16.000000000000004 192.50000000000003 1.0000000180025095e-35 11.500000000000002 7.5000000000000009 0.68301270189221941 3647.1129166666674 102.24500000000002 267.50000000000006 19.500000000000004 39.500000000000007 5884.29 25.165000000000003 51.000000000000007 1902.0400000000002 inf 1115.1442500000001 11807.703750000002 60.500000000000007 51.000000000000007 345.50000000000006
decision_type=8 10 10 10 10 10 2 10 10 10 2 9 10 8 10 2 8 10 10 2 2 10 10 10 10 2 10 10 2 2 10 2 10 10 10 2 10 9 10 2 10 2 2 8 2 2 2 10 8 2 2 2 10 10 2 10 8 10 10 2 2 2
left_child=3 4 7 12 10 18 9 25 11 45 16 -4 17 21 31 -7 32 -1 -5 20 -11 -13 23 -17 51 -3 -19 28 -9 30 37 -8 -2 -27 43 -15 39 -30 41 -16 -26 -37 54 -35 -21 -6 48 -48 -47 50 -33 52 -10 -32 -20 61 -39 -58 59 60 -45 -43
right_child=1 2 8 5 6 15 14 27 24 19 -12 13 -14 35 36 22 -18 26 42 44 -22 -23 -24 -25 40 33 -28 -29 29 -31 53 49 -34 34 -36 38 -38 56 -40 -41 -42 55 -44 58 -46 46 47 -49 -50 -51 -52 -53 -54 -55 -56 -57 57 -59 -60 -61 -62 -63
leaf_value=-0.031495001201911614 -0.030093810633037704 -0.01747503004559716 0.0014274490853210804 -0.028465246035816068 -0.0059585212714604483 -0.029306494378807814 -0.019686419972907342 0.0027564314906664989 0.022181431711386958 0.016127500413578605 -0.00062355376624739171 0.01902618958434632 -0.034973114258662445 0.0051257587351361492 0.008670025391795599 -0.0084290405891441125 -0.0075870483110122983 -0.035847319037227508 -0.023662467564130114 -0.012358095589055113 -0.0060204953999203649 0.028587319835217142 -0.015012847008819628 0.0040288575787631306 0.0283076569246614 -0.0010450023265719509 -0.021209959942129181 -0.0088618146166690188 0.017769906764031122 0.026670912800298378 -0.030841667074809759 0.0078649513261631002 -0.016583162727486955 -0.020013568994495634 -0.0027026155250287837 -0.0014760645546098691 -0.0043838402388943331 0.0041647417447549309 0.007002232330161339 0.023407224145222779 0.035970958528276829 0.021612457953678599 -0.022459415185449895 -0.0030793424105766561 0.0018769953069666737 0.0065758472552384113 0.012030256294330745 0.033730500403723523 -0.016233930679927837 0.022469695153808852 -0.0065955186168273573 0.031581092507068011 -0.0076404659951645635 0.024104761809823284 -0.010443652771484008 0.004470086385923523 0.0020013107039152885 0.017172250598448433 -0.020992633805109091 0.026956482759150413 0.011833969497217356 0.040225002061247003
leaf_weight=3802.6422548815608 744.81428305804729 234.20007431507111 578.27753999829292 1808.9337062314153 365.00196221470833 334.69536845386028 146.26691786944866 630.91992016136646 1574.8648430258036 504.24593743681908 1599.7066617459059 1793.945234015584 7390.2635538503528 518.43139357864857 517.82973423600197 1658.6190672367811 1523.0852648243308 599.70259281992912 503.16462017595768 2432.0547795295715 1285.4519100189209 4263.5088693648577 1027.5310034155846 1340.397994235158 2491.4144576340914 1828.703176304698 3332.3147646486759 189.17595642805099 2021.1268604248762 1066.2627070695162 21.14401538670063 3615.7943181842566 2185.4224596917629 80.512992307543755 740.49086329340935 153.10646949708462 171.97321017086506 1391.6810830682516 498.2021541595459 1436.2913448214531 3253.6592149734497 3398.7756604254246 2434.6488801464438 338.77006973326206 435.54533489048481 1272.8164655715227 822.5239894092083 202.61197036504745 152.92060872912407 291.33605961501598 385.40178464353085 911.65807820856571 76.693217158317566 1184.5568886101246 1417.3073202222586 208.15628080070019 454.60562731325626 1297.6972134560347 60.763958156108856 266.15647977590561 2394.9973312169313 191.43888194859028
leaf_count=33254 5290 1243 2506 14773 1766 2638 729 2873 6361 2571 8544 7370 69849 2150 2216 10338 9286 5293 3679 13870 7003 17216 6321 7468 10068 9571 26809 832 8655 4455 121 17199 14512 471 3698 651 749 6036 2047 6093 13242 13930 18031 1569 2410 6272 3810 925 774 1354 1805 3674 322 4862 9914 862 1984 5520 296 1222 11046 777
internal_value=-0.000114537 0.0115893 0.0187863 -0.0248469 -0.000631441 -0.0158488 0.0041724 0.010216 0.0248981 -0.00112029 -0.0117713 0.0211107 -0.0311071 0.0221215 0.0101966 -0.00776296 -0.0157747 -0.0274093 -0.0215676 -0.00619223 0.000225206 0.0257594 -0.00596538 -0.00286155 0.0301845 0.00396182 -0.023451 0.0147176 0.0152715 0.0163327 0.0145985 0.00665952 -0.0200264 0.00484392 0.0076178 0.0177263 0.0175747 0.012606 0.0191929 0.0195084 0.0326532 0.0207277 -0.0186968 0.0100508 -0.0101961 0.00726763 0.00923899 0.0163479 0.00411967 0.00756163 0.0064708 0.0246407 0.0207928 0.0231164 -0.0139175 0.0216229 0.00919609 0.0132398 0.0108479 0.0114996 0.00998545 0.0226158
internal_weight=79855.2 54205 34113.9 25650.2 20091.1 10525.3 14038.1 14201.8 19912.1 7473.17 6053.03 11603.8 15124.9 11025.6 6564.89 4361.24 4453.32 7734.66 6164.05 4657.3 1789.7 6057.45 4026.55 2999.02 8308.29 5944.59 3932.02 8257.17 8067.99 7437.07 6370.81 4438.8 2930.24 5710.39 3881.69 4968.11 2126.09 5165.11 4449.68 1954.12 5745.07 3951.48 4355.12 3141.2 2867.6 2815.87 2450.87 1025.14 1425.74 4292.53 4001.2 2563.22 1651.56 1205.7 1920.47 3798.37 3143.98 1752.3 3060.69 2999.92 2733.77 3590.21
internal_count=461175 252808 145630 208367 107178 73162 69546 64454 81176 39401 37632 47509 135205 45003 30145 26765 29088 65356 46397 25854 9574 24586 24127 17806 33667 29116 32102 35338 34506 31633 27178 21087 19802 27873 18302 20417 9058 22195 18267 8309 23310 16220 31624 14604 16280 13547 11781 4735 7046 20358 19004 10357 6683 4983 13593 15569 13540 7504 14133 13837 12615 14707
cat_boundaries=0 1 2
cat_threshold=10261 1416
is_linear=0
shrinkage=0.035


Tree=25
num_leaves=63
num_cat=3
split_feature=5 13 2 50 2 2 2 13 26 34 24 16 0 19 26 40 23 18 42 47 14 26 42 29 7 19 7 46 14 46 44 39 0 27 40 5 44 52 22 16 14 0 27 4 8 17 22 42 29 8 18 2 22 26 18 16 27 26 26 18 3 40
split_gain=17727.1 3613.55 1241.49 1206.25 851.082 387.467 377.209 269.237 198.114 196.564 180.601 173.05 155.3 148.217 143.045 139.366 131.723 117.434 115.372 106.189 105.436 117.774 128.48 105.353 104.165 101.946 108.658 101.188 93.2405 93.1487 90.1336 89.4695 90.4647 86.4627 86.4567 86.3726 81.421 80.9585 75.236 99.2148 73.2992 71.3844 71.2291 68.5355 66.6952 75.1471 64.1078 65.6398 61.0892 59.1974 56.2469 55.5042 54.5009 53.9658 53.5455 53.0866 52.2076 52.0431 50.09 49.1701 70.5561 54.7596
threshold=1.0000000180025095e-35 0.71130952380952395 558.54000000000008 0.13416407864997237 46.040000000000013 89.620000000000019 73.990000000000023 0.39565217391304358 161.50000000000003 2.5000000000000004 9.5000000000000018 0 520.17000000000019 1330.0875000000003 61.000000000000007 1.0000000180025095e-35 0.68301270189221941 1071.9200000000003 1.5000000000000002 4839.1199999999999 19.500000000000004 51.000000000000007 4.5000000000000009 272.50000000000006 0.95833333333333337 350.72624999999999 0.95833333333333337 5.780000000000002 18.000000000000004 551.25000000000011 430.64000000000004 197.36000000000004 330.86000000000007 1287.4650000000004 1.0000000180025095e-35 78.606666666666698 102.24500000000002 9.5000000000000018 16.500000000000004 1 20.500000000000004 18.550000000000001 13483.800000000001 25.580000000000005 15.500000000000002 2104.8300000000004 1.5000000000000002 3.5000000000000004 84.500000000000014 9.5000000000000018 1831.6012500000004 15.125000000000002 1.0000000180025095e-35 314.50000000000006 12759.216000000002 2 13969.800000000001 192.50000000000003 51.000000000000007 11807.703750000002 44.500000000000007 3502.9500000000003
decision_type=8 10 10 8 10 10 10 8 2 2 10 9 10 10 2 10 2 10 2 8 2 2 2 2 10 10 10 8 2 8 8 10 10 10 10 10 8 2 2 9 2 10 10 10 2 10 2 2 2 2 10 10 2 2 10 9 10 2 2 10 2 10
left_child=3 4 5 10 8 16 27 37 14 19 24 13 28 20 -2 -8 25 -13 -10 46 -7 -22 48 50 -1 26 -3 -5 -9 49 43 32 -17 -15 -26 55 53 -6 39 -21 -28 -16 -40 52 45 -25 -4 56 -23 -19 -18 -42 -14 -30 -34 -11 -48 58 -29 61 -61 -37
right_child=1 2 9 6 7 11 15 12 18 35 -12 17 30 33 41 31 23 29 -20 38 21 22 -24 44 34 -27 40 57 36 -31 -32 -33 54 -35 -36 59 -38 -39 42 -41 51 -43 -44 -45 -46 -47 47 -49 -50 -51 -52 -53 -54 -55 -56 -57 -58 -59 -60 60 -62 -63
leaf_value=-0.030052024863582407 -0.015687767129886593 -0.0089272203674117187 -0.015259898452426389 -0.025984894344278597 -0.00050282616201046684 0.0073789243938868774 -0.036109307755214509 -0.010809385615109307 -0.023040274802665409 0.028043637603351979 -0.034678556917356225 0.001069979916892729 -0.018493942862147408 0.026012094962044902 -0.0085975664863009674 -0.0088198520249717187 0.01143177584288773 0.017727854627657396 -0.010484010585064528 0.024792847439375005 0.0080561980699013803 0.031297115332350821 0.032450168180037819 0.0028641181503753239 -0.03846261366483867 -0.013792573336109164 -0.0018412143428097375 -0.022873417205213135 0.0068029078615453433 0.020090813869171387 0.0019986634897796863 -0.018133769893127396 0.0033998756179675475 -0.013574372821535428 -0.019327100361779568 0.028769675398032601 -0.00025812152840406333 -0.013092926844429999 0.029997059285699658 0.0027131572984178385 -0.0030942821450072387 0.00506839108267428 0.0097238949594489182 0.020926850379317855 -0.0090979765118433756 0.023670719938565545 0.012957469202177432 0.021437872905851172 0.017640327450864988 0.0051952802415857497 0.033875830575902308 0.014902028086067548 0.011750056846865696 0.023392467658442183 -0.040458136387612482 0.017083593337850509 -0.036309950795064744 -0.020791967482120723 -0.0085295322715478426 0.044173108817008616 0.0034336415606454748 0.036027691602324968
leaf_weight=4862.3390519097447 866.46538619697094 751.73209644854069 71.221058085560799 2621.9812648743391 1664.3346999436617 634.88704060018063 195.44846734404564 510.89131267368793 1508.0089524537325 1696.8931207805872 7195.6328324377537 1211.0172793865204 73.949189037084579 91.543144419789314 662.92089249193668 1950.5669045895338 242.58911542594433 658.04140493273735 2216.5887831151485 800.03684042394161 606.82269684970379 486.70179754495621 1598.5736179500818 591.35359318554401 327.91323317587376 557.42191721498966 807.51896147429943 399.03108973801136 3549.9647994339466 1576.1350467205048 978.16964477300644 624.98719996213913 1550.1081051155925 249.72020980715752 2486.9596734195948 2515.1977017968893 2443.1164854764938 1001.6215552687645 2751.2489251792431 378.07392901182175 259.06063815951347 1587.6355038285255 231.35503713786602 1186.8155713826418 280.98808485269547 331.32191196084023 1394.237785205245 2551.2187345027924 2332.2418931275606 1546.562840923667 317.05178284645081 1099.3293898850679 2998.7841410785913 256.89717797935009 33.870310232043266 1018.1816577762365 25.917241036891937 1882.0645403265953 1182.0973889380693 74.984747841954231 166.11403115093708 2660.6582478582859
leaf_count=42987 5525 4175 374 21240 9053 2713 1697 2742 10518 6825 69849 5348 435 379 4144 12360 1059 2811 13623 3229 2548 2025 6486 2805 3067 2804 3820 2934 17588 6489 4521 3853 8721 1062 20029 10215 12002 5894 11111 1546 1275 8517 948 5061 1381 1543 5717 10405 9801 6688 1372 5048 13178 1235 214 4093 113 14028 8131 306 672 10843
internal_value=-0.000114583 0.0112017 0.0185542 -0.0242871 6.7639e-05 0.0116973 -0.0151656 0.00482333 -0.0101251 0.025366 -0.0306886 0.0154302 0.00705869 0.0194498 -0.00361283 -0.00729913 0.00386271 0.0105354 -0.0155726 0.0215369 0.0208328 0.022531 0.0245171 0.0116512 -0.026945 -9.15112e-05 0.00252994 -0.0207933 0.0035531 0.0135941 0.0115822 -0.00593704 -0.00377587 -0.00291042 -0.0215691 0.0292255 0.00472868 -0.00523617 0.025466 0.0179487 0.00650871 0.00104093 0.0284283 0.013782 0.00580855 0.0103531 0.0174878 0.0180787 0.0200085 0.00894241 0.0241847 0.0114702 0.0110164 0.00792826 0.00243712 0.0241075 0.0120334 -0.0168564 -0.0121617 0.0317858 0.0162343 0.0325069
internal_weight=79385.1 54072.1 32566 25313 21506.2 16230.6 10440.2 14664.5 6841.62 16335.3 14872.8 10992.2 11998.6 6000.49 3117.02 4354.98 5238.37 4991.76 3724.6 8203.31 5659.23 5024.34 4417.52 1763.3 7677.21 3475.06 2917.64 6085.17 6760.87 3780.74 5237.72 4159.53 3534.55 341.263 2814.87 8132.03 6249.98 2665.96 4160.71 1178.11 2165.91 2250.56 2982.6 4259.55 1203.66 922.676 4042.59 3971.37 2818.94 2204.6 559.641 1358.39 3072.73 3806.86 1583.98 2715.07 1420.16 3463.19 1581.13 5416.95 241.099 5175.86
internal_count=461175 252065 138029 209110 114036 71632 73178 71709 42327 66397 135932 46350 56762 25014 18186 26845 25282 21336 24141 33443 23573 20860 18312 8160 66083 17122 14318 46333 33567 15988 23195 25148 21295 1441 23096 32954 30825 14947 16834 4775 10143 12661 12059 18674 5729 4348 16609 16235 11826 9499 2431 6323 13613 18823 8935 10918 5830 25093 11065 22036 978 21058
cat_boundaries=0 1 2 3
cat_threshold=1448 136328 5504
is_linear=0
shrinkage=0.035


Tree=26
num_leaves=63
num_cat=4
split_feature=20 2 13 6 7 2 34 2 13 1 34 24 16 40 32 13 47 15 36 42 4 0 7 26 20 26 26 32 41 44 13 26 26 26 27 26 40 32 7 26 32 26 26 26 18 16 0 47 27 4 1 48 26 16 26 23 26 16 23 22 18 47
split_gain=16801.2 3384.91 1284.7 1145.8 783.052 367.086 322.932 298.155 283.096 233.535 204.657 178.57 169.767 136.414 123.483 123.195 119.614 106.516 104.617 102.177 98.7578 97.848 91.398 91.3193 87.4922 85.085 84.3155 82.2184 80.6117 79.6637 82.0884 79.5979 79.4022 84.143 80.6996 78.8215 77.039 73.924 76.9926 73.6416 75.8405 68.6863 68.251 78.8194 67.254 70.0155 67.0806 66.6226 64.8668 63.6061 66.485 63.3953 62.9949 62.867 61.3903 72.3001 60.5035 60.0926 58.0676 57.9724 57.0894 63.3679
threshold=1.0000000180025095e-35 175.77000000000004 0.81365740740740755 1.0000000180025095e-35 0.95833333333333337 75.560000000000016 1.5000000000000002 1124.8200000000004 0.59629629629629644 2074.9200000000005 1.5000000000000002 9.5000000000000018 0 1.0000000180025095e-35 2217.9250000000006 0.91485507246376818 137.18000000000004 1.0841291729905524 1.0000000180025095e-35 1.5000000000000002 8.6600000000000019 5.6400000000000299 0.86607142857142871 161.50000000000003 49.113215959918413 51.000000000000007 366.50000000000006 6.4400000000000013 13582.080000000002 340.93000000000006 0.28869047619047622 131.50000000000003 366.50000000000006 21.500000000000004 7.0100000000000007 366.50000000000006 1.0000000180025095e-35 878.7600000000001 0.91287878787878796 299.50000000000006 3.6400000000000006 51.000000000000007 51.000000000000007 366.50000000000006 1023.11625 1 499.50000000000011 645.30000000000007 1.0000000180025095e-35 167.82000000000002 21.135000000000002 11.500000000000002 192.50000000000003 2 21.500000000000004 1.0000000180025095e-35 70.500000000000014 3 -0.6830127018922193 53.500000000000007 792.59000000000015 1101.1200000000001
decision_type=8 10 10 10 10 10 2 10 10 8 2 10 9 10 10 10 8 8 8 2 8 10 10 2 10 2 2 10 10 10 10 2 2 2 10 2 10 10 10 2 10 2 2 2 8 9 10 10 8 8 10 2 2 9 2 2 2 9 2 2 10 8
left_child=3 4 8 11 10 21 9 12 26 23 16 18 41 -7 17 35 19 20 22 -2 -14 -5 -1 25 59 -6 39 51 32 30 -15 -16 33 -10 -35 -8 -24 38 -36 40 48 -4 -22 -44 45 -11 -32 58 -3 50 56 -25 -23 -40 -50 57 -19 -56 -17 -9 -43 -62
right_child=1 2 7 5 6 13 15 24 28 44 -12 -13 14 29 31 47 -18 49 -20 -21 42 52 36 27 -26 -27 -28 -29 -30 -31 46 -33 -34 34 37 -37 -38 -39 53 -41 -42 60 43 -45 -46 -47 -48 -49 54 -51 -52 -53 -54 -55 55 -57 -58 -59 -60 -61 61 -63
leaf_value=-0.031598705387540275 -0.02482689245264897 -0.021808223668758571 -0.0072274561489951211 -0.027670645316389093 -0.011111213367170582 -0.036283227116188317 0.0070718530022175511 0.022228360881960143 -0.0027974936275177507 0.0095689902021377556 -0.00050203309338951805 -0.034387325222007721 0.016198570598800376 -0.009972045577766717 0.022538649400699804 0.0085367880870062807 -0.0071608212499811039 0.014349245881412166 -0.0088919665516643924 -0.011382259660395928 0.017168518657646882 -0.013047616949776197 -0.038242598990467967 -0.0069374112711378961 0.031776012497420306 0.003727857184668905 -0.016984672317679514 -0.01556571368654594 -0.0088940266073624687 -0.015657511568302591 -0.0032006515681301168 -0.0081591656649215426 -0.0027135526499782918 -0.014926139470897815 0.0003501757891141366 -0.019101744050913985 -0.021772335175209143 0.0089704000737826917 0.002684900971341264 0.013879777769601587 -0.0030463455993985826 0.0025182608537402231 0.029743706764523776 0.0080316209015899934 0.017112610283612589 -0.014920370083526925 0.010967350737640397 -0.00029637758886235971 -0.011265699044698553 0.0049290174865158163 0.014694321777410356 0.0091889060790278781 -0.021610849318005242 0.01958876704956921 -0.0014209657918513887 0.01375761870944958 0.033573428025869302 0.016152695706942107 0.022442253752742509 0.032398531707402395 0.0076838900471578918 0.024742151690295189
leaf_weight=3484.0648624673486 1697.1611693352461 98.010000050067902 252.9076284468174 1740.145457342267 608.97950059920549 188.6776504740119 4308.7655026614666 3050.6444154381752 315.64377614855766 478.0094171911478 1595.8492128998041 7005.9593925774097 1299.7177245616913 1377.8703868687153 164.41908887028694 504.27633208036423 1510.139105014503 314.09684623777866 389.26303078234196 1174.1371213048697 743.11360138654709 1899.9969205334783 392.40337610989809 1602.5870456546545 4324.1509802043438 2112.1333284825087 231.96710929274559 1197.620015591383 189.09535047411919 821.42894102632999 1303.197778724134 275.38803596794605 326.59192159771919 103.57858598232269 294.07018837332726 144.77212110161781 3166.8794708177447 1445.524535998702 301.48427520692348 868.19448864459991 1735.9406184703112 491.72043143212795 4185.9826202392578 216.28073693811893 902.48365046083927 191.54013192653656 595.66707374155521 256.38253434002399 209.21595737338066 467.85785917937756 1571.131565541029 366.04826003313065 2378.1874037310481 5320.4927105307579 1061.0678732842207 1457.7993986010551 565.5352071672678 296.21770894527435 1376.6212474703789 894.63659344613552 494.51766555011272 581.51041157543659
leaf_count=32001 12046 572 1081 14773 3414 1687 20358 12334 1372 2230 8544 69849 5326 8923 670 2151 9286 1286 3096 7756 3012 13707 3776 8892 17706 10924 1243 6998 832 4977 7787 1143 1541 567 1284 729 26483 6104 1305 4195 8637 2097 16888 892 4070 891 3162 1104 1031 1925 6463 1982 18146 22333 5131 6864 2294 1443 5803 3627 2051 2381
internal_value=-0.00011415 0.0107996 0.0174993 -0.0240091 -0.000624212 -0.0150918 0.0038898 0.0232458 0.00947863 -0.00109795 -0.0112337 -0.0303722 0.0196281 -0.00726237 0.0214533 0.00953418 -0.0151415 0.0223265 -0.0265834 -0.019335 0.0248409 -0.0206665 -0.0275597 -0.00429822 0.0283282 0.000404042 0.00365761 -0.00833824 0.0136583 -0.00591774 -0.00347209 0.00334211 0.0141853 0.0148949 0.0156432 0.00621693 -0.0235984 0.0160753 0.0178095 0.00449661 0.00281727 0.00962285 0.0270203 0.0286791 0.0108824 0.00247163 0.00124723 0.0164404 0.00607726 0.0167674 0.0190244 -0.00393574 -0.0178117 0.0187225 0.00698787 0.00834798 0.026733 0.00253188 0.0187207 0.0245422 0.0124053 0.016917
internal_weight=78919.8 54176 34148.5 24743.7 20027.5 10305.2 14050.2 19893.6 14254.9 7459.4 5977.29 14438.6 11624.2 4286.84 9803.52 6590.82 4381.44 9363.72 7432.61 2871.3 6445.09 6018.33 7043.35 5887.37 8269.43 2721.11 5958.41 3166.26 8296.48 4098.16 3276.74 439.807 8107.39 7780.79 7465.15 4453.54 3559.28 7361.57 5916.05 5726.45 4858.25 1820.66 5145.38 4402.26 1572.03 669.55 1898.86 2137.28 3122.31 2918.62 2450.76 1968.64 4278.18 5621.98 3024.3 2815.08 879.632 1357.29 1880.9 3945.28 1567.75 1076.03
internal_count=461175 252808 145630 208367 107178 73162 69546 81176 64454 39401 37632 135205 47509 26536 39899 30145 29088 38086 65356 19802 26118 46626 62260 32210 33667 14338 29116 17872 35338 24849 19872 1813 34506 32965 31593 21087 30259 31026 24922 27873 23678 7610 20792 17780 7191 3121 10949 9058 15041 11968 10043 10874 31853 23638 14469 13438 3580 6574 7954 15961 6529 4432
cat_boundaries=0 1 2 3 4
cat_threshold=141397 134385 2049 30977
is_linear=0
shrinkage=0.035


Tree=27
num_leaves=63
num_cat=4
split_feature=5 13 50 2 2 0 2 13 26 24 16 34 23 14 26 26 32 29 14 26 24 26 26 42 26 42 0 26 14 29 40 23 22 17 48 32 16 22 32 48 29 17 9 18 16 22 1 16 32 19 22 47 32 26 13 0 18 0 3 15 8 26
split_gain=15776.8 3146.42 1170.81 1035.35 824.279 355.118 314.81 263.165 186.202 183.311 174.838 170.793 164.053 133.247 148.262 130.261 126.733 132.529 138.605 145.098 117.869 123.961 125.221 114.873 111.184 106.492 105.505 100.289 99.1614 101.857 95.4532 95.3635 93.5346 101.547 86.4111 85.6666 81.596 103.747 81.5595 79.8781 75.2114 73.1837 72.9163 71.9145 71.429 103.133 73.3298 70.9726 70.5592 69.6865 68.5559 68.0998 67.4947 66.6336 63.5632 61.366 60.6868 60.5028 60.2648 60.0962 59.8076 59.6687
threshold=1.0000000180025095e-35 0.73993558776167478 0.13416407864997237 558.54000000000008 46.040000000000013 52.800000000000004 64.675000000000026 0.44222222222222224 161.50000000000003 9.5000000000000018 0 2.5000000000000004 -0.6830127018922193 18.000000000000004 299.50000000000006 35.500000000000007 1331.5200000000002 333.50000000000006 19.500000000000004 299.50000000000006 1.0000000180025095e-35 131.50000000000003 70.500000000000014 1.5000000000000002 131.50000000000003 4.5000000000000009 18.550000000000001 21.500000000000004 19.500000000000004 333.50000000000006 1.0000000180025095e-35 0.68301270189221941 39.500000000000007 7489.8000000000011 6.5000000000000009 inf 1 39.500000000000007 389.64000000000004 11.500000000000002 272.50000000000006 2002.2600000000004 415.47000000000008 12759.216000000002 2 10.500000000000002 2797.8000000000006 3 669.25000000000011 1515.9712500000003 1.0000000180025095e-35 5447.4400000000014 inf 161.50000000000003 0.29289215686274517 5.6400000000000299 2039.4300000000001 893.59333333333336 49.500000000000007 0.062500000000000236 11.500000000000002 192.50000000000003
decision_type=8 10 8 10 10 10 10 8 2 10 9 2 2 2 2 2 10 2 2 2 8 2 2 2 2 2 10 2 2 2 10 2 2 10 2 8 9 2 8 2 2 10 10 10 9 2 8 9 10 10 2 8 8 2 10 10 10 10 2 10 2 2
left_child=2 4 9 6 8 55 31 38 15 26 -8 27 -7 -9 20 -2 17 18 -12 25 51 22 -22 -10 40 53 -1 -5 -14 34 -28 48 33 44 35 54 37 58 -6 42 -18 -33 47 -34 -29 56 -47 -13 -3 -21 -36 57 59 -20 -30 -4 -46 -15 -23 -17 -19 -32
right_child=1 3 5 11 7 12 10 13 23 -11 16 39 28 14 -16 52 24 60 19 49 21 36 -24 -25 -26 -27 30 32 29 -31 61 41 43 -35 50 -37 -38 -39 -40 -41 -42 -43 -44 -45 45 46 -48 -49 -50 -51 -52 -53 -54 -55 -56 -57 -58 -59 -60 -61 -62 -63
leaf_value=-0.030659832060471893 -0.019456016909779886 0.00021902601291754584 -0.026957077118639448 0.00080918246751311056 -0.012583927722851483 -0.018612462477119441 -0.0012205193743671829 -0.0057322043443317205 -0.02228872866554607 -0.03409902424244933 0.0058620874793813308 0.027450495021844191 -0.019791143192182288 0.0064349778383836018 0.018853070800362776 -0.02606098939159502 0.032774784045099314 0.015149219850663261 0.017707775078422923 0.031326697519929066 -0.00025088726618545176 -0.00073895864212714536 0.015606447212842982 -0.0097930492871907901 -0.010146389583113717 0.02323004583053746 -0.037825807282873734 0.026423571491685258 -0.015696842092817569 -0.018329423385191532 -0.015831975357241325 0.002490474129616596 0.027570680910077791 -0.0061038493785691783 -0.033269027949326166 0.015020785463312031 0.0073916424386708925 0.0020726977322303676 -0.00030632397476146713 0.039095073901720019 -0.0012808276023988966 0.01895310490033798 0.03055767890458792 0.00070812991124678652 0.0077126660696941974 0.015415684747817042 0.027873134286984309 0.017616818285385721 -0.020843857577015006 -0.012662050422963018 -0.0052033591362473626 0.020211361360433784 0.0058500842804776144 0.0091470248947314817 0.0030168423574207211 -0.018544242995643112 -0.024758234866232499 0.01684594655332371 -0.019787762829562867 -0.00282298530209727 -0.0055459784771953926 -0.024930737144247334
leaf_weight=3400.0978117659688 507.63977994024754 2259.4849514365196 1693.0573639646173 310.80512860417366 867.70201946794987 1465.0587123259902 854.27181406319141 868.1083992421627 1472.0263034179807 6821.1907367706299 1104.3255431950092 2423.3479024320841 489.18236956745386 2685.2074411660433 1471.0437094122171 151.04205387830734 171.35523428022861 269.17002695798874 2521.6241784244776 1257.3543654829264 1028.3910025507212 296.7464861124754 1498.4379394799471 2329.7989636957645 431.13107484579086 2263.301631629467 429.94883549958467 1281.7201931774616 282.70065329223871 464.92561074346304 1791.0618782863021 724.24121402204037 2584.8157718926668 201.98148456215858 116.04476650059223 590.00198125094175 881.81692144274712 1081.2984670996666 2796.5980038642883 679.179852232337 147.22639235854149 608.44324113428593 3124.1816174387932 128.18942394852638 540.80308446288109 1858.8473597615957 844.47201178967953 1738.5540282875299 212.21220436692238 45.211838409304619 1205.3345913439989 830.41963790357113 1242.3758211880922 2001.8395925164223 1027.1107491925359 2894.4747765436769 80.07233701646328 917.68274964392185 646.69597417116165 1322.7901816517115 465.3896029740572 1758.8806481808424
leaf_count=31910 3307 11234 14637 1303 5263 10062 3878 4388 10539 69849 4720 9797 3188 12480 6594 987 710 1137 10603 5166 4848 1430 6764 14374 1892 9218 4236 5201 1884 2975 14788 3422 10463 840 940 3476 4209 5195 15078 2769 626 2769 12896 526 2219 7544 3399 7005 1148 186 7725 3611 6713 8446 6097 22194 353 3856 3158 7824 1977 15149
internal_value=-0.000113889 0.0104396 -0.0234543 0.0176825 0.000590367 -0.0144233 0.0112037 0.00500888 -0.00938982 -0.029957 0.0140836 0.0239714 -0.00853936 0.00747821 0.00849012 -0.00320066 0.0152948 0.0163568 0.0174998 0.0190876 0.00694333 0.00348684 0.00915514 -0.0146358 0.00143128 0.0170292 -0.0261246 0.0202949 -0.00500122 -0.00303363 -0.0222433 0.00247228 0.0211 0.0181596 -0.000820932 0.00395923 -0.00144238 -0.00530185 -0.00321629 0.0275833 0.0170819 0.0100151 0.026505 0.0263022 0.0192247 0.0163134 0.0193161 0.0234561 -0.00159707 0.0297913 -0.00769141 0.0111778 -0.000156614 0.0139221 -0.00103108 -0.0216543 0.00349192 0.00909067 -0.0138034 -0.00522053 0.0020478 -0.0203459
internal_weight=78458.4 54029.4 24429.1 31133.6 22895.8 10227.9 15336.6 15870.1 7025.67 14201.2 11532.2 15797 5640.36 12205.8 11337.7 3223.85 10677.9 9928.22 9193.66 8089.33 9866.7 5433.39 2526.83 3801.83 749.713 6786.77 7379.99 7831.71 4175.3 3686.12 3979.89 3804.38 7520.9 4807.9 3221.19 1899.81 2906.56 2024.74 3664.3 7965.26 318.582 1332.68 7286.08 2713.01 4605.91 3324.19 2703.32 4161.9 2471.7 1302.57 1321.38 4433.31 2716.21 4523.46 1309.81 4587.53 620.875 3602.89 943.442 1473.83 734.56 3549.94
internal_count=461175 252065 209110 131447 120618 73178 67132 76874 43744 135932 48559 64315 36347 56533 52145 18831 44681 41453 38339 33619 45551 25604 11612 24913 3228 28267 66083 31848 26285 23097 34173 18573 30545 19556 20122 11457 13992 9783 20341 32467 1336 6191 29698 10989 18716 13515 10943 16802 12382 5352 8665 19947 15524 19049 7981 36831 2572 16336 4588 8811 3114 29937
cat_boundaries=0 1 2 3 4
cat_threshold=75783 18692 5248 5504
is_linear=0
shrinkage=0.035


Tree=28
num_leaves=63
num_cat=4
split_feature=20 2 13 24 7 0 34 2 13 47 34 40 16 47 13 47 26 13 42 29 4 15 24 21 26 29 0 14 41 14 48 14 1 18 0 22 40 26 2 16 26 14 4 26 47 14 29 16 27 6 48 23 16 3 23 18 44 47 47 26 26 26
split_gain=14958 2959.19 1131.33 1116.22 702.638 426.158 286.13 273.559 244.473 210.719 188.104 176.43 152.034 134.452 133.834 112.612 112.396 109.814 108.054 103.694 100.147 111.875 91.85 83.6183 81.9073 125.427 77.8148 76.8607 73.5252 73.8998 82.4115 71.9777 71.2701 68.6627 69.4623 72.6598 100.854 68.0425 68.1225 67.7683 67.717 86.1687 63.9831 62.7397 62.2101 59.4843 74.7249 57.7512 56.6 56.1292 55.2964 54.8198 54.278 53.9528 59.3555 54.2115 53.6218 52.1366 51.5216 51.3195 60.3582 70.3936
threshold=1.0000000180025095e-35 175.77000000000004 0.81365740740740755 6.5000000000000009 0.95833333333333337 52.800000000000004 1.5000000000000002 1124.8200000000004 0.59629629629629644 1.0000000180025095e-35 1.5000000000000002 1.0000000180025095e-35 0 inf 0.24500000000000002 1574.0700000000004 177.00000000000003 0.91485507246376818 1.5000000000000002 333.50000000000006 8.6600000000000019 1.6005997818319946 9.5000000000000018 14.445000000000002 131.50000000000003 272.50000000000006 5.6400000000000299 16.000000000000004 13582.080000000002 20.500000000000004 3.5000000000000004 16.000000000000004 inf 11807.703750000002 396.18000000000001 44.500000000000007 5534.920000000001 299.50000000000006 1594.8700000000003 1 269.00000000000006 20.500000000000004 40.365000000000009 51.000000000000007 859.7600000000001 16.000000000000004 115.50000000000001 2 1.0000000180025095e-35 189.12750000000003 11.500000000000002 -0.6830127018922193 3 7.5000000000000009 0.68301270189221941 3647.1129166666674 102.24500000000002 2508.4200000000005 3770.1000000000004 21.500000000000004 131.50000000000003 269.00000000000006
decision_type=8 10 10 8 10 10 2 10 10 10 2 10 9 8 10 8 2 10 2 2 10 8 8 10 2 2 10 2 10 2 2 2 8 10 10 2 10 2 10 9 2 2 10 2 10 2 2 9 8 10 2 2 9 2 2 10 8 10 10 2 2 2
left_child=3 4 8 5 10 26 9 12 27 53 15 -7 43 22 -13 18 19 31 -2 -16 57 45 -5 -9 25 -11 -1 -3 29 30 -10 -8 49 34 -29 36 48 38 52 -18 -41 -42 -25 -4 51 -22 58 -26 -36 -23 -49 -19 -31 -6 56 -56 -55 -14 -47 -33 -61 -62
right_child=1 2 7 13 6 11 17 23 28 24 -12 14 20 -15 16 -17 39 44 -20 -21 21 32 -24 42 47 -27 -28 33 -30 37 -32 59 -34 -35 35 -37 -38 -39 -40 40 41 -43 -44 -45 -46 46 -48 50 -50 -51 -52 -53 -54 54 55 -57 -58 -59 -60 60 61 -63
leaf_value=-0.027821585786643881 -0.022997824302751095 -0.016408545501988107 -0.0072890867762708603 -0.027320508190113835 -0.0061162231675577156 -0.035818374631633211 -0.018529892001698262 0.021349861653755971 0.00034821211136399683 0.014799043710349241 -0.00048587441834466416 -0.017604090059165897 0.015196859808679491 0.0014434826299989565 0.0036989646071502553 -0.0028471607587678919 0.021443929256619178 0.0074207336634821578 -0.010651766303608264 -0.015929939935248414 0.0075976745475980385 0.010829551633547476 -0.033742734983875873 0.022280247755744258 -0.016757983757105275 -0.0057022017772154817 -0.019407155780745106 -0.00064024044796548863 -0.0088580265407047082 0.025614214147635709 0.012728411285333857 -0.010473299971931607 0.021712403063728916 -0.013051408589448617 -0.017819300516139534 0.018627236641539136 -0.017776933994913518 0.02360760807577366 0.02281413818225533 -0.019189808090802001 -0.016530873064023253 0.00077012696133793449 0.031076394577725104 0.011474190509128257 -0.0047408862983293071 0.032038275553107814 0.022273569870944927 -0.0084636163713156642 0.0082477478972956438 -0.015030633263109572 0.0078967938717589333 0.020672391386716803 0.0097773257094585248 0.0059902388655416082 0.010633914840001852 0.030644872966040508 -0.015949490122699177 -0.0052067226542951654 -0.0035006739639575533 0.012772683060596059 -0.0011202752840263283 0.010652004599962168
leaf_weight=2204.2974300906062 1878.6961543411016 229.43873021006584 252.79965135455132 4464.6085335239768 365.35462838411331 296.55121710151434 143.32647143304348 2558.7308728992939 949.54341115057468 510.97173681855202 1594.0853677690029 1423.0844642221928 2235.8314200043678 155.77773600816727 1869.8692104518414 816.5004653558135 69.699508927762508 520.90676763653755 1619.8916898071766 399.20845507830381 247.4309698343277 794.68722353875637 7168.7167895287275 1340.5705735087395 890.72830021381378 1277.3784388899803 3503.6904482245445 1772.7753935754299 188.86120441555977 294.07605145871639 2149.6362661123276 204.57825192809105 822.08711017668247 268.20553408563137 105.04494290053844 627.75734141469002 210.27116318047047 1078.7628439813852 798.90298250317574 901.87603534758091 634.64123497903347 791.9125287309289 4322.7647502422333 1571.3839281946421 171.98748841881752 1749.1103397756815 3624.3553648889065 1633.2765669822693 2756.3660549074411 117.18384577333927 298.62536312639713 1453.5905509293079 2869.292360201478 1278.6047767400742 831.95170114934444 206.90322348475456 151.78816774487495 164.23829360306263 51.247083097696304 1597.4201089292765 1409.1607328951359 1112.976383626461
leaf_count=19895 13544 1243 1081 41719 1766 2766 729 10357 4245 2571 8544 10352 9170 1172 11416 4948 450 2216 10596 2582 1017 3288 74655 5443 5127 7003 28006 9248 832 1237 9082 994 3329 1373 629 2872 1048 4455 3266 6025 4204 5125 17867 6529 749 7072 14645 9499 12703 492 1654 6093 12221 6272 3810 925 774 679 207 7319 6762 5283
internal_value=-0.000113269 0.0100684 0.0163264 -0.023184 -0.0006346 -0.0157117 0.00362178 0.0217327 0.00881943 -0.0010842 -0.0107606 -0.00949853 0.0182748 -0.0308481 -0.00821128 -0.0145553 -0.00534415 0.00891884 -0.0172861 0.000240072 0.0200026 0.0220378 -0.0312806 0.0266211 -0.00570034 0.000160461 -0.0226609 0.00341297 0.0126936 0.0131947 0.00893663 0.00579058 0.0142434 0.00420793 0.00505608 0.0077852 0.00556408 0.0158102 0.0136819 -0.0106258 -0.0116366 -0.00693288 0.0289986 0.00882302 0.0154239 0.0244176 0.0251833 -0.00941234 0.00728491 0.00749345 -0.00590138 0.0171819 0.011369 0.00642412 0.00828134 0.014645 0.00365256 0.013799 0.0310253 0.0066008 0.00745104 0.0040768
internal_weight=78004 54120.1 34151.4 23883.9 19968.7 12094.8 14059.5 19852.4 14298.9 7445.58 5909.17 6386.84 11630.4 11789.1 6090.29 4315.09 4667.21 6613.95 3498.59 2269.08 9806.17 7406.1 11633.3 8222.07 4610.98 1788.35 5707.99 5969.86 8329.08 8140.21 3099.18 4467.46 1733.96 5740.42 5472.21 3699.44 3071.68 5041.03 3962.27 2398.13 2328.43 1426.55 5663.34 1824.18 2146.48 5672.14 5424.71 2822.63 2861.41 911.871 1931.9 1974.5 3163.37 2834.6 2469.25 1038.85 1430.39 2400.07 1800.36 4324.14 4119.56 2522.14
internal_count=461175 252808 145630 208367 107178 90821 69546 81176 64454 39401 37632 42920 47509 117546 40154 29088 29802 30145 24140 13998 39899 30050 116374 33667 25854 9574 47901 29116 35338 34506 13327 21087 7109 27873 26500 17252 14380 21179 16724 15804 15354 9329 23310 7610 9058 22941 21924 16280 13332 3780 11153 8309 13458 13547 11781 4735 7046 9849 7279 20358 19364 12045
cat_boundaries=0 1 2 3 4
cat_threshold=141397 1112 96256 1160
is_linear=0
shrinkage=0.035


Tree=29
num_leaves=63
num_cat=3
split_feature=20 13 24 0 0 0 4 7 45 19 16 40 4 16 47 0 32 0 23 32 42 21 13 22 24 44 26 35 41 14 19 14 26 17 42 26 49 47 0 14 22 14 26 13 29 29 26 29 32 29 14 0 26 29 8 20 16 7 40 0 8 42
split_gain=14111.5 2761.39 1101.49 989.417 678.199 413.128 273.385 246.551 231.549 201.548 168.694 154.989 145.835 140.267 131.353 127.926 119.331 113.503 110.779 111.852 107.192 105.178 101.458 94.0404 92.7811 90.6675 85.4562 84.598 84.1841 82.9676 81.4085 77.1326 117.817 89.45 74.6965 73.9488 73.7466 71.7216 69.8437 66.2 65.0986 67.8907 81.3329 62.5633 61.9205 58.8722 99.0814 157.93 78.0998 58.3337 60.8099 53.7106 53.7071 51.6836 51.5791 51.3811 50.1148 48.8777 48.4613 48.2971 48.2757 46.502
threshold=1.0000000180025095e-35 0.69782608695652182 6.5000000000000009 443.13000000000005 55.45333333333334 99.960000000000022 15.510000000000002 0.95833333333333337 2.5277777777777781 715.86000000000013 0 1.0000000180025095e-35 2.0100000000000002 1 inf 145.01333333333338 inf 6.0000000000000027 0.68301270189221941 inf 1.5000000000000002 28.885000000000002 0.24500000000000002 1.0000000180025095e-35 9.5000000000000018 340.93000000000006 70.500000000000014 11.500000000000002 1308.7900000000002 18.000000000000004 200.57850000000005 20.500000000000004 299.50000000000006 645.18000000000018 3.5000000000000004 192.50000000000003 12.500000000000002 1743.9750000000001 347.12000000000006 16.000000000000004 1.0000000180025095e-35 19.500000000000004 299.50000000000006 0.94281045751633996 272.50000000000006 333.50000000000006 131.50000000000003 272.50000000000006 1331.5200000000002 333.50000000000006 18.000000000000004 38.406666666666673 299.50000000000006 272.50000000000006 8.5000000000000018 3.0421038072352364 2 0.82575757575757591 1.0000000180025095e-35 1654.9800000000002 7.5000000000000009 4.5000000000000009
decision_type=8 10 8 10 10 10 10 10 10 10 9 10 8 9 8 10 8 10 2 8 2 10 10 2 8 8 2 2 10 2 10 2 2 10 2 2 8 8 10 2 2 2 2 10 2 2 2 2 10 2 2 10 2 2 2 10 9 10 10 10 2 2
left_child=2 4 5 7 16 17 40 34 12 10 15 -7 18 21 24 30 20 -1 23 53 -2 -8 -13 -6 57 38 -15 28 55 -28 51 -25 33 -33 -3 44 49 -10 -24 -17 -5 -42 45 -23 -19 46 47 -43 56 50 -14 -9 -41 -20 -11 -12 -48 -4 -59 -31 -32 -22
right_child=1 3 14 6 8 11 13 9 37 54 27 22 36 26 -16 39 -18 35 19 -21 61 43 25 31 -26 -27 29 -29 -30 59 60 32 -34 -35 -36 -37 -38 -39 -40 52 41 42 -44 -45 -46 -47 48 -49 -50 -51 -52 -53 -54 -55 -56 -57 -58 58 -60 -61 -62 -63
leaf_value=-0.027315444697464948 -0.023907570681857941 -0.0088033567908080684 -0.031313632394875522 -0.019984139398725915 -0.024408240746933804 -0.035519596135365067 0.021105697705892056 0.0034758284317564616 -0.0087528897564126944 0.0323584792392363 0.0013693793616128076 -0.015723270960973725 -0.0016306148327516954 0.0025383641064542516 0.0013919003589349223 -0.0035831962592480118 -0.0053741370012096168 -0.006328524354917142 0.013075061928502843 0.015649041386322129 -0.011051463958598112 0.022251185007140201 -0.0053751263326353872 -0.0052136012586367049 -0.033454482859043531 -0.013574224755033918 -0.0039809633812694176 -0.00052390510075350262 0.022589932330357828 0.017199714970270168 0.045101127682804998 0.011708013928185868 0.014223713586263106 -0.0038280147274932174 0.0058965399760209985 -0.021654792647301978 0.0019363391008953628 0.0034748259125003517 0.0057361718873106078 0.018780444929880076 0.0037481207030215912 0.034815033228907513 0.02642846660181946 0.029788059168975159 -0.018185966549736993 0.0029494963251757503 -0.016562792576246387 0.013485596695583581 -0.0040067490053204841 4.1055001909672811e-06 0.015247807876577389 0.014989643874363506 0.030685341013394877 -0.004342849537376332 -0.007259750416318417 0.013496105930511161 0.014864034956475555 -0.037382663134775562 -0.022032020473966105 0.030367389240428443 -0.0081042231598907003 0.026100171662598433
leaf_weight=2213.5989415422082 1185.7074325829744 1146.6282048374414 1826.7653358131647 65.256595939397812 188.70677933096886 229.5644364207983 4750.745443508029 658.99507886171341 2129.7267330214381 41.259597063064575 1008.5341538190842 1043.8783458694816 284.40585730969906 497.84406739473343 155.93067272007465 142.78431929647923 2485.4295780435205 965.73212828487158 284.97276271879673 1318.1753458678722 1608.2616986036301 1835.934975489974 1526.9182499051094 1799.4130643159151 6980.7539100125432 818.64434236288071 172.8198352009058 1500.377388805151 516.68875248730183 1040.4437337219715 21.173287093639374 590.21165604889393 948.70899994671345 1954.8027816861868 670.20081083476543 2670.0680005922914 1044.003295943141 810.75456427782774 1267.2114793583751 2883.4928964972496 594.14395286142826 697.32956694066525 810.65544153749943 5279.4658046513796 1225.8894952684641 493.24023757874966 57.953546851873398 1093.3108759820461 370.9129581451416 415.30907939374447 3217.835875287652 2018.5066815018654 556.55384317040443 771.19577580690384 855.95594175159931 742.89790812134743 1602.0193837881088 285.54604414850473 2260.7798546776175 512.45547439157963 362.88466118276119 41.435869917273521
leaf_count=20375 8847 6137 18074 379 1107 2243 19264 3165 12541 175 4521 7464 1423 2036 1172 620 15196 7213 1356 6077 10129 7464 9840 9101 74655 5135 716 6766 2209 4208 94 2872 4511 9643 3231 21717 4986 4336 7211 11887 2482 2834 3286 21783 9623 2055 242 4468 1538 1953 14537 8825 2289 3814 3966 3197 6506 2970 20675 2101 1711 224
internal_value=-0.000112726 0.009723 -0.0227748 0.0160436 -0.000172879 -0.0153352 0.0209688 0.00858577 0.0034752 0.0105081 0.0118796 -0.00750582 0.00550724 0.0235997 -0.0305045 0.0152331 -0.0109757 -0.0207403 0.00253982 0.00885321 -0.0158822 0.0251287 -0.00611746 -0.000195808 -0.0309426 -0.00333837 0.0152509 0.00590823 0.0101875 0.019003 0.00999711 0.000671842 0.00370372 -0.000221887 -0.00338053 -0.0177415 0.0102044 -0.00538141 -0.00033561 0.0197458 0.0145578 0.0149553 0.0162535 0.0278468 -0.0129663 0.0143361 0.0158046 0.0218067 0.0105044 0.0124068 0.0138771 0.0121582 0.0207149 0.00036473 -0.00540386 0.00651789 0.0137473 -0.0269261 -0.0237674 0.0215618 -0.00506148 -0.0101031
internal_weight=77551.8 54080.5 23471.3 33001.5 21079.1 11961.5 19874.5 13126.9 15758.2 11310.1 10412.9 4886.22 12817.7 14089.7 11509.8 6644.39 5320.83 7075.29 7856.19 2374.34 2835.41 11866.1 4656.65 5481.84 11353.8 3612.77 2223.56 3768.5 2268.12 1725.72 3061.56 5293.14 3493.72 2545.01 1816.83 4861.69 4961.55 2940.48 2794.13 3582.83 5784.82 5719.57 5125.42 7115.4 2191.62 4314.77 3821.53 1790.64 2030.89 3917.55 3502.24 2677.5 3440.05 1056.17 897.216 1751.43 1659.97 4373.09 2546.33 1552.9 384.058 1649.7
internal_count=461175 252808 208367 140155 112653 90821 81362 58793 78257 49425 45284 31893 61380 57572 117546 28591 34396 58928 38481 11247 19200 48511 29650 27234 116374 22186 9061 16693 9927 7025 13795 26127 17026 12515 9368 38553 22899 16877 17051 14796 23790 23411 20929 29247 16836 17643 15588 7302 8286 17913 15960 11990 14176 5170 4141 7718 6748 41719 23645 6309 1805 10353
cat_boundaries=0 1 2 3
cat_threshold=1448 21888 2048
is_linear=0
shrinkage=0.035


Tree=30
num_leaves=63
num_cat=2
split_feature=20 2 24 13 7 0 2 34 13 47 34 16 22 47 13 32 15 26 14 47 26 29 13 24 42 19 26 29 0 47 50 41 29 14 32 7 18 4 14 2 44 47 32 27 1 26 32 47 16 26 47 14 26 43 23 26 25 5 8 27 26 7
split_gain=13312.8 2602.01 1086.28 997.924 621.977 399.247 253.974 250.34 218.51 187.875 172.862 169.561 162.598 128.315 123.147 119.944 113.836 105.654 113.485 105.027 98.8642 105.759 96.762 93.6194 92.0714 80.2936 75.832 112.924 75.2687 73.3611 70.6411 69.342 70.4188 82.5848 80.8792 71.0826 68.8878 67.7345 66.2442 64.4254 64.9895 57.7844 56.3607 56.2249 55.2675 54.9397 54.8089 54.1637 53.6217 52.864 52.8553 52.0362 69.8464 51.6055 51.5016 51.3521 51.1705 50.7312 50.7304 50.6117 48.9783 48.6924
threshold=1.0000000180025095e-35 175.77000000000004 6.5000000000000009 0.82971014492753636 0.95833333333333337 52.800000000000004 1477.9600000000003 1.5000000000000002 0.59629629629629644 1.0000000180025095e-35 1.5000000000000002 0 1.0000000180025095e-35 inf 0.24500000000000002 2079.27 1.0841291729905524 21.500000000000004 19.500000000000004 137.18000000000004 161.50000000000003 333.50000000000006 0.91485507246376818 9.5000000000000018 1.5000000000000002 4087.9687500000005 131.50000000000003 272.50000000000006 5.6400000000000299 2977.1400000000003 61.889520321456445 14045.58 333.50000000000006 19.500000000000004 1082.7450000000001 0.91287878787878796 792.59000000000015 9.5450000000000035 16.000000000000004 150.50500000000002 393.32000000000005 645.30000000000007 125.69000000000001 13.375000000000002 1029.0000000000002 299.50000000000006 inf 1216.8 1 299.50000000000006 3189.4000000000001 19.500000000000004 314.50000000000006 7.5000000000000009 1.0000000180025095e-35 131.50000000000003 192.57750000000001 49.57500000000001 19.500000000000004 10.020000000000001 61.000000000000007 0.82575757575757591
decision_type=8 10 8 10 10 10 10 2 10 10 2 9 2 8 10 10 8 2 2 8 2 2 10 8 2 10 2 2 10 8 10 10 2 2 10 10 10 8 2 10 8 10 10 8 8 2 8 8 9 2 10 2 2 2 2 2 10 10 2 10 2 10
left_child=2 4 5 8 10 28 11 9 29 -6 19 36 -7 23 -14 16 17 53 50 24 21 46 38 61 -2 37 27 -11 -1 51 -8 32 33 -10 35 -35 -5 -20 -9 -22 -41 -24 -28 -31 56 -39 -16 -38 -36 54 57 -3 -53 -13 59 -17 -18 -19 -40 -37 -49 -4
right_child=1 3 13 6 7 12 30 22 31 26 -12 15 14 -15 20 55 44 18 25 -21 39 -23 41 -25 -26 -27 42 -29 -30 43 -32 -33 -34 34 48 49 47 45 58 40 -42 -43 -44 -45 -46 -47 -48 60 -50 -51 -52 52 -54 -55 -56 -57 -58 -59 -60 -61 -62 -63
leaf_value=-0.027028442947880305 -0.023386582072473929 -0.0099452484035998639 -0.030973424996151799 -0.0011493296940456453 0.0059744225380569047 -0.028063998014885211 0.021889729067343305 -0.018098119628593506 0.0033469303090226284 0.013974133105743733 -0.00042813732213372165 0.016051041547644678 -0.016657825259084814 0.0013422097233348415 0.0010710385821413428 0.01785177847454111 0.012340412972690897 0.0053721527624046618 0.018274352608141396 -0.0064511268609447909 -0.015171171650417887 -0.01495112480995449 0.016459075275701372 -0.033168139160325072 -0.010403734037770358 -0.023595199495912659 -0.0056365274395624001 -0.0054366769204016114 -0.018604821384608058 -0.018148762152984967 0.029514014452891285 -0.009573458905192133 0.0016669124748413329 -0.0010032011290386454 -0.0024245382708987409 -0.029831112257866218 0.0047113504668955929 0.026021227114762711 0.0073222698369782898 5.1756058089710048e-05 -0.018491363127915893 -0.0012169011990666085 -0.016259982126764331 0.010479407988921266 0.019487200197268843 0.036194529618498873 0.015237192229073921 0.0018797268074344402 0.012100046143037155 0.025240075321751231 -0.018109618104853002 0.00041450691992807955 0.015995904563297598 -0.0089783866045175468 0.019090782825983893 -0.0039855099506366943 -0.0088554232643129008 0.022137696639126833 -0.0055949475261258931 0.012224659823431511 0.022683028234049978 -0.023360765774416422
leaf_weight=2114.834651209414 1611.7841877862811 498.92351686954498 1782.9789504334331 634.82829941809177 2845.0347916036844 500.62620168179274 2582.0274732112885 142.2211971282959 902.32838517427444 515.05117259919643 1592.0028752535582 237.2471175044775 1325.3931151628494 156.07820209860802 1083.9537579193711 204.41492010653019 1522.9182431697845 397.29208463430405 1170.7144378572702 1488.5880364179611 1155.556720636785 387.62504955381155 1898.8466696888208 6797.8313057124615 1148.2655779719353 39.774479046463966 1900.2296426594257 1271.356665045023 3412.1548839509487 87.458674043416977 3579.792369261384 179.6648962199688 693.44184431433678 271.09705027937889 487.84285977482796 34.802996352314949 611.21098387241364 3993.6951592117548 3929.5319277495146 1074.0058443769813 294.16291478276253 257.08349069952965 902.578717879951 1722.0435246676207 1615.4033542573452 786.31501090526581 483.04623910784721 174.88517938554287 851.18556900322437 874.51108400523663 63.516528770327568 3275.2571735680103 393.92767667770386 174.19491176307201 2513.3916500508785 367.91715382039547 152.8795775026083 499.86551928520203 410.70731692016125 1861.6364514231682 671.38975040614605 2500.8990303054452
leaf_count=19895 12046 2609 18074 2693 13547 4430 10522 729 4009 2571 8544 968 9829 1172 6644 829 6259 1630 4747 9286 8342 2538 7954 74655 7756 163 11025 7003 28006 494 14945 791 2958 1178 2072 200 2525 16221 18449 6460 1850 1104 5255 8036 6542 3206 2827 730 3583 3584 258 16115 1862 712 10480 1523 638 2038 1909 7774 2736 23645
internal_value=-0.000112215 0.00938946 -0.02237 0.0152558 -0.000664662 -0.014966 0.0204455 0.00332035 0.0083529 -0.0010909 -0.0102652 0.0177244 -0.0089438 -0.030163 -0.00728996 0.0194305 0.0202863 0.0227068 0.0237268 -0.0139503 -0.00451438 0.00139452 0.00825988 -0.0306068 -0.017991 0.0255184 -0.00547132 0.00016447 -0.0218323 0.00320383 0.0263232 0.0119022 0.0123578 0.0133083 0.0146113 0.0164726 0.00843241 0.0258506 0.00532734 -0.00908956 -0.0039457 0.0143517 -0.00906214 0.00908646 0.0148661 0.027702 0.00544486 0.0126616 0.00688271 0.0173691 0.0125399 0.000648434 0.00209125 0.00545809 0.0158029 0.00383146 0.0104026 0.0147276 0.00609893 0.0114375 0.0183913 -0.0265357
internal_weight=77110.2 54041.1 23069.1 34127.8 19913.3 11831.4 19480.3 14072.6 14647.5 7434.25 5840.64 13318.5 6304.37 11237.8 5803.74 11226.1 10653.8 7362.62 6951.17 4248.64 4478.35 1954.63 6638.39 11081.7 2760.05 5990.5 4589.22 1786.41 5526.99 5977.61 6161.82 8669.9 8490.24 7796.8 6894.47 5555.44 2092.31 5950.72 4482.46 2523.73 1368.17 2155.93 2802.81 1809.5 3291.2 4780.01 1567 1457.49 1339.03 5284.34 960.674 4168.11 3669.18 411.442 4409.83 572.332 1675.8 897.158 4340.24 1896.44 846.275 4283.88
internal_count=461175 252808 208367 145630 107178 90821 79885 69546 65745 39401 37632 54418 42920 117546 38490 45734 43382 29943 28263 29088 28661 12009 30145 116374 19802 24337 25854 9574 47901 29116 25467 36629 35838 32880 28871 23216 8684 24174 21087 16652 8310 9058 16280 8530 13439 19427 9471 5991 5655 22038 3926 20586 17977 1680 18454 2352 6897 3668 20358 7974 3466 41719
cat_boundaries=0 1 2
cat_threshold=141397 16520
is_linear=0
shrinkage=0.035


Tree=31
num_leaves=63
num_cat=5
split_feature=20 4 24 0 2 2 13 0 16 21 40 16 26 19 34 52 40 22 42 13 16 32 24 26 48 16 2 47 13 18 19 26 14 16 22 47 3 45 29 23 17 29 0 46 10 26 14 29 26 26 29 26 14 14 13 46 2 29 26 37 0 40
split_gain=12558.9 2443 1070.58 908.548 635.514 387.668 279.532 255.68 214.771 169.612 166.6 148.779 137.881 127.81 130.028 127.421 121.919 129.938 120.561 110.829 106.276 100.612 98.4933 97.9717 93.6206 92.2257 88.3187 88.3163 87.6388 85.3371 83.594 80.5159 80.168 77.3541 91.8778 70.7648 67.4454 67.1444 61.4107 75.8085 68.2406 58.7117 58.107 57.3273 55.1851 55.156 53.7383 52.5199 52.4344 52.626 134.361 66.9035 55.4707 51.0748 51.0595 50.1254 49.0414 48.3712 47.9582 47.5112 46.6118 47.8869
threshold=1.0000000180025095e-35 4.3500000000000005 6.5000000000000009 612.10666666666702 7.6850000000000014 18.090000000000007 0.56832298136645976 347.12000000000006 0 11.180000000000001 1.0000000180025095e-35 1 146.50000000000003 999.47625000000005 1.5000000000000002 5.5000000000000009 8333.6166666666686 1.0000000180025095e-35 1.5000000000000002 0.57417582417582425 2 inf 9.5000000000000018 70.500000000000014 3.5000000000000004 3 2021.2800000000002 479.19 0.8973684210526317 433.63125000000008 586.66500000000008 192.50000000000003 16.000000000000004 4 7.5000000000000009 inf 234.50000000000003 3.2678571428571432 293.00000000000006 -0.6830127018922193 7650.0000000000009 333.50000000000006 5.6400000000000299 1769.3800000000003 88.350000000000023 131.50000000000003 19.500000000000004 333.50000000000006 21.500000000000004 131.50000000000003 272.50000000000006 269.00000000000006 19.500000000000004 18.000000000000004 0.93933823529411775 41.675000000000004 136.68500000000003 333.50000000000006 192.50000000000003 15465.870000000001 6.8233333333333208 1.0000000180025095e-35
decision_type=8 8 8 10 10 10 10 10 9 10 10 9 2 10 2 2 10 2 2 10 9 8 8 2 2 9 10 8 10 10 10 2 2 9 2 8 2 10 2 2 10 2 10 10 10 2 2 2 2 2 2 2 2 2 10 10 10 2 2 8 10 10
left_child=2 4 5 6 12 42 37 11 13 32 -7 45 23 14 27 -4 17 29 31 21 -11 -13 60 -2 -10 -19 36 -8 53 -9 46 41 -5 -27 -35 43 54 -3 39 -34 -41 -12 -1 48 -23 47 -21 -6 -36 50 -50 -51 -53 -16 -22 -25 -20 -48 -26 -29 -17 -62
right_child=1 3 15 9 7 10 8 16 24 20 18 19 -14 -15 28 22 -18 25 56 30 26 44 -24 55 58 33 -28 59 -30 -31 -32 -33 38 34 35 -37 -38 -39 -40 40 -42 -43 -44 -45 -46 -47 57 -49 49 51 -52 52 -54 -55 -56 -57 -58 -59 -60 -61 61 -63
leaf_value=-0.026633974315771549 -0.019195678036818032 0.0011814192549978548 -0.0029076709345622793 -0.0078814211762466089 0.0026871203183600556 -0.034705945113015634 -0.0010766877071901454 0.0092306732320603518 -0.0088260758617672574 0.0070557263345660329 -0.0036221601211577272 -0.010412994861670926 -0.018938103730309536 -0.0044952050812084145 -0.0020216617353782285 -0.031215935762199401 -0.0077894286989157978 -0.006207868762163192 -0.0075129878006357041 -0.0049095844791867778 0.016793820480001664 0.004724384595936203 -0.03303556052559762 -0.0063736731457359934 0.010962377214727027 0.022441787810123785 0.02945648137304531 0.018272749351043394 0.020775049097320534 -0.032778396757454281 -0.012377829750542153 -0.016056314036337605 0.011729432456444309 -0.0027890206761169061 -0.012833107519621977 0.017752757958936719 0.033911219997708485 -0.013995253349300775 0.0091827734194906991 0.023123143860238862 0.0030687572606020912 -0.018400826110129449 -0.018856491973465003 0.017493583661083157 -0.010489189930067873 -0.011197485753838977 0.01088673422860675 -0.015993909320092828 0.026668813557501683 -0.0023679610668821418 0.0051587456033803519 -0.0031969925811489277 0.013303205401426771 0.014201355597782503 0.02357765175991295 0.0078731727324111156 0.0030109976807585885 -0.0047293771924166875 0.00054074650744089404 0.0075292076191012611 -0.036735731901538761 -0.021796204716878043
leaf_weight=2071.8217526525259 463.91095319390297 2036.1684555709362 211.550192900002 162.39347730576992 860.0621375888586 300.35059966146946 866.09705106914043 96.031744435429573 654.0418277233839 471.66804599761963 1681.5653473213315 1282.6366138905287 2076.9601099267602 452.67391668260098 257.51403649151325 1460.5117181167006 616.52314628660679 449.66706965863705 940.18710029870272 361.30395852029324 2074.6678248792887 1687.5987569391727 6564.7358596324921 714.57679688930511 1197.8802403509617 569.74729572236538 3187.4837426841259 899.95464377105236 3722.800993964076 152.09946584701538 272.31991484761238 2257.6098851412535 1325.3687165826559 723.49962031841278 158.21382583677769 1269.7363726645708 567.81998972594738 432.01976004987955 1002.7229160964489 2952.1063172072172 223.94868789613247 408.72963312268257 2765.0920316204429 732.46370413899422 352.18917486816645 1882.1371309906244 2568.6871055588126 233.5890888646245 544.9714073240757 1025.2945939302444 1022.7900907099247 325.95726735889912 1059.5586676895618 3057.0194931924343 4019.8191780298948 523.09003295004368 1279.3660601302981 267.8017648011446 985.79368567466736 1150.8737575858831 296.64076079428196 2439.8682262822986
leaf_count=19895 3081 11179 1672 725 4344 2976 4350 538 3016 1943 11550 7868 14276 1961 1191 15224 2890 2034 6440 1776 8503 9312 74157 4481 5366 2439 13376 3836 15240 924 1369 16970 5462 3264 704 5464 2346 2933 4170 12099 937 3017 22952 3110 1947 10473 12000 1289 2318 4558 4435 1512 4570 13201 16509 2733 7021 1300 4525 4931 3235 23258
internal_value=-0.000111568 0.00906866 -0.0219683 0.0153117 0.000190828 -0.0146031 0.00933391 0.00286057 0.011349 0.0211857 -0.00925538 -0.00103137 -0.0128882 0.0136716 0.0145119 -0.0298223 0.00720679 0.00834481 -0.00808634 0.00182975 0.0238583 -0.00273621 -0.030351 -0.00549689 0.00277133 0.00913047 0.0246299 0.00829426 0.0170875 -0.0165483 0.00620618 -0.0114739 0.0163143 0.010054 0.00899127 0.0103945 0.0223537 -0.00147962 0.0170295 0.018775 0.0217105 -0.00651935 -0.0221927 0.00847244 0.00209376 -0.00754142 0.00779215 -0.00131386 0.00687131 0.00765791 0.0126481 0.00440886 0.00942185 0.0129407 0.0212715 -0.000350862 -0.00144826 0.00941122 0.00626006 0.0122503 -0.0261452 -0.0234285
internal_weight=76672.3 53994.3 22678 31700.8 22293.4 11704.7 15712.8 18514.9 13244.6 15988 6867.81 9768.33 3778.54 10406.9 9954.26 10973.3 8746.55 8130.03 6567.46 6792.54 10321.5 3322.42 10761.8 1701.58 2837.72 7881.9 9849.79 2916.93 7037.33 248.131 3470.11 4347.9 5666.54 7432.23 6862.49 6138.99 6662.31 2468.19 5504.15 4501.42 3176.06 2090.29 4836.91 4869.25 2039.79 2975.79 3197.79 1093.65 4136.79 3978.57 1567.76 2410.81 1385.52 3314.53 6094.49 1237.67 2219.55 2836.49 2183.67 2050.83 4197.02 2736.51
internal_count=461175 252808 208367 137799 115009 90821 71729 90438 57617 66070 47974 51678 24571 44710 42749 117546 38760 35870 44998 35572 42677 19127 115874 10295 12907 34408 40734 13117 29632 1462 16445 31537 23393 32374 29935 26671 27358 14112 22668 18498 13036 14567 42847 21207 11259 16106 15076 5633 18097 17393 6753 10640 6082 14392 25012 7214 13461 13300 9891 8767 41717 26493
cat_boundaries=0 1 2 3 4 5
cat_threshold=21928 96261 2056 2113 1160
is_linear=0
shrinkage=0.035


Tree=32
num_leaves=63
num_cat=4
split_feature=20 2 24 13 45 7 2 34 34 47 40 16 52 0 3 32 2 24 14 29 23 42 29 29 14 50 0 18 42 47 42 50 32 27 8 19 32 18 4 14 29 1 7 16 32 49 40 16 17 12 13 29 16 8 13 48 18 14 17 29 0 47
split_gain=11846.7 2298.41 1054.65 1034.56 415.353 376.5 284.344 229.113 187.053 189.245 172.151 155.871 124.926 114.64 106.765 99.9456 99.8733 99.5357 97.1193 105.145 97.011 95.0169 91.8455 89.7322 89.9034 89.2775 85.9254 84.3006 80.666 80.2079 138.297 76.4722 74.4607 72.163 67.9739 67.5078 66.3235 64.8609 64.2092 63.2601 63.1074 61.4248 60.3117 59.3184 59.0472 58.5399 57.9895 55.659 52.9384 52.6915 51.4775 50.542 50.1704 49.0797 49.0601 48.9635 47.8684 49.3982 46.9894 45.991 45.962 47.3885
threshold=1.0000000180025095e-35 104.95000000000003 6.5000000000000009 0.82971014492753636 2.0384615384615388 0.95833333333333337 1124.8200000000004 1.5000000000000002 1.5000000000000002 inf 1.0000000180025095e-35 0 5.5000000000000009 330.86000000000007 257.50000000000006 2217.9250000000006 3.9800000000000004 10.500000000000002 19.500000000000004 69.500000000000014 1.0000000180025095e-35 1.5000000000000002 333.50000000000006 318.00000000000006 19.500000000000004 358.09563133317295 872.75999999999999 4710.6975000000011 1.5000000000000002 inf 3.5000000000000004 60.885492568337121 inf 1.0000000180025095e-35 7.5000000000000009 439.41500000000008 691.38000000000022 10681.365833333335 8.6600000000000019 19.500000000000004 333.50000000000006 inf 0.82575757575757591 1 375.92000000000007 12.500000000000002 1.0000000180025095e-35 2 8099.4600000000019 21.427500000000006 0.43614130434782611 176.50000000000003 3 18.500000000000004 0.53589743589743599 3.5000000000000004 836.29208333333338 16.000000000000004 9085.9500000000025 69.500000000000014 288.09000000000003 1912.3200000000004
decision_type=8 10 8 10 10 10 10 2 2 8 10 9 2 10 2 10 10 8 2 2 2 2 2 2 2 8 10 10 2 8 2 10 8 10 2 10 10 10 8 2 2 8 10 9 10 10 10 9 8 10 10 2 9 2 10 2 10 2 10 2 10 10
left_child=2 4 5 7 8 28 11 18 9 21 -7 40 -4 44 15 23 -6 42 -3 -20 33 -2 32 24 53 38 47 -15 -1 30 -10 52 54 -21 -25 55 -23 39 -26 -16 56 -27 -14 -35 50 -18 -44 -9 -43 -11 -12 -31 -8 -13 -22 -32 -5 -58 -28 -40 -37 -62
right_child=1 3 12 6 16 10 31 26 29 49 13 14 17 27 37 -17 45 -19 19 20 22 36 -24 34 25 41 58 -29 -30 51 35 -33 -34 43 -36 60 -38 -39 59 -41 -42 48 46 -45 -46 -47 -48 -49 -50 -51 -52 -53 -54 -55 -56 -57 57 -59 -60 -61 61 -63
leaf_value=-0.02356675336063933 -0.017434777371458089 -0.0076702312856421822 -0.00281214395367095 0.0013738637890890319 -0.020850302368274381 -0.036218661981836993 0.02391628063999102 0.012118323163910955 -0.0055192873288772539 -0.0051460659974750618 -0.011217945005023129 0.012518830869849451 -0.03086804558590641 0.0027481940393010106 0.0031363066192558607 -0.00060961127636901299 -0.0053959524289446765 -0.033298904007775576 0.014506167255644057 -0.030665663821290667 -0.0041163314833204808 -0.0026907167010796857 -0.0062510490357763661 0.030412567155312636 0.01502360624231501 0.0063925900117595275 0.016802288475984369 -0.013562279176320342 -0.012241843171021029 0.0055221370188165116 0.0020715341416337918 0.026797928667138541 0.01268188246180697 -0.0056966638622756782 0.0045902079753587892 -0.013466440799699763 -0.018228621954967678 -0.026164787612801044 0.031784735967627244 0.034328610367356988 -0.011116293999239862 0.026637228072562042 -0.036723310841505034 0.0065040794173531809 -0.018299633860064557 -0.016701798745510209 -0.021263108404745566 0.0050005485360828566 0.011066147162810331 0.0071432836188592141 -0.00085938060722992972 0.020595209836503415 0.015111218896438586 -0.0055427106143144285 0.0077556623162232888 0.013494667824548416 -0.017973331408487947 0.014427727972809706 0.0013402223174936799 0.022153871411857332 0.012557719341927998 -0.027403749669816777
leaf_weight=4091.066854134202 1036.06757671386 940.15664292126894 211.12236019223928 701.58862960338593 1215.1768222004175 266.17320577800274 1907.6957044154406 2551.9264787882566 1456.6246255934238 559.46316526830196 2289.0838979482651 929.8298911601305 2172.4087890684605 1672.4128901362419 89.870653375983238 422.18929903209209 1890.664761044085 5465.5241320729256 1053.8121983408928 110.22302664071321 746.12493865191936 2301.3152640461922 663.55083552002907 141.09490503370762 1322.7356335967779 913.31122428178787 2949.0542279928923 504.43001826107502 953.62826162576675 495.56288281083107 633.99447217583656 4429.0185304880142 1903.0193853378296 1501.5588348209858 1035.7572154998779 272.30529555678368 393.27634474635124 24.485686019062996 748.77198338508606 714.01519198715687 219.12475422024727 528.5579369366169 338.64519092440605 710.71816176176071 1014.3733385875821 797.77561272680759 2528.3321770951152 2953.1143293827772 545.36249235272408 1801.0349563807249 790.81896335631609 607.11310614645481 1682.0413148254156 229.18231062591076 992.56764388084412 1674.569376885891 59.805130496621132 1167.4877246320248 262.36340691149235 3376.4926318973303 242.72282153367996 41.762006640434265
leaf_count=37361 6664 4861 1672 3037 9307 2691 7827 11059 7458 3008 17037 3829 23581 9944 373 1749 11903 63325 4876 710 3928 13445 3242 577 5388 3849 12189 3252 7863 2276 2993 18630 8822 7407 4240 1301 2272 100 3055 2916 952 2137 3840 3425 7223 5475 25128 12989 2228 8711 5450 2656 6852 947 4399 7630 256 4813 1113 13711 1034 189
internal_value=-0.000110866 0.00875902 -0.0215694 0.0133293 -0.0026604 -0.0142456 0.0185175 0.0069884 0.000684344 -0.00352499 -0.00870014 0.0153513 -0.0294829 -0.00752655 0.0170315 0.0160619 -0.0125252 -0.0300186 0.00294246 0.00424218 0.00260827 -0.00843138 0.0057179 0.0167822 0.0180236 0.0194373 0.0109896 -0.00103585 -0.0214288 0.00541063 0.00325931 0.0237149 0.00789986 -0.00315608 0.00770929 0.00772235 -0.0049644 0.0291349 0.021755 0.0308497 0.00661603 0.0130754 -0.026455 -0.00177223 -0.0109764 -0.00875584 -0.0231014 0.00833277 0.0187475 0.00422963 -0.00855934 0.0138322 0.0199045 0.00894565 0.0026616 0.0103598 0.00866945 0.0128355 0.0155399 0.0239092 -0.00321212 0.00661599
internal_weight=76244.1 53946 22298 38526.6 15419.4 11582 21188.4 17338.2 11515.8 6091.16 6537.29 13169.7 10716 6271.12 11021.7 10193.3 3903.62 10504.9 8621.73 7681.58 6627.76 3730.66 4305.26 9771.1 8594.24 7435.23 8716.46 2176.84 5044.7 5424.65 4321.98 8018.76 3641.71 2322.5 1176.85 2865.35 2694.59 828.372 5448 803.886 2148.01 1987.23 5039.39 2212.28 4094.28 2688.44 2866.98 5505.04 1073.92 2360.5 3079.9 1102.68 3589.74 1159.01 1738.69 2308.56 1928.88 1227.29 3211.42 4125.26 556.79 284.485
internal_count=461175 252808 208367 166486 86322 90821 87466 79020 59637 34100 45597 54157 117546 42906 45099 41710 26685 115874 41670 36809 31933 22381 20391 39961 35144 30368 37350 13196 45224 25537 20605 33309 17149 11542 4817 13147 15717 3389 22154 3289 9058 8214 52549 10832 29710 17378 28968 24048 4365 11719 22487 4932 14679 4776 8327 10623 8106 5069 13302 16766 2524 1223
cat_boundaries=0 1 2 3 4
cat_threshold=206933 92417 1448 5504
is_linear=0
shrinkage=0.035


Tree=33
num_leaves=63
num_cat=1
split_feature=5 0 50 13 13 0 16 47 34 24 12 0 19 26 15 35 23 0 0 44 40 0 14 46 1 32 39 26 14 42 31 42 26 27 35 14 26 44 29 51 29 18 47 42 18 18 45 22 17 14 27 18 32 29 22 9 3 24 48 48 46 42
split_gain=11114.5 2137.58 1071.66 690.943 674.096 291.675 242.827 216.985 196.402 183.982 167.009 154.319 160.405 153.761 149.727 132.796 113.161 105.975 103.564 98.6026 95.7655 91.7856 91.5242 76.4725 75.4015 73.1914 72.2213 67.0804 65.0657 63.5928 62.6524 59.6219 59.5357 59.4827 58.482 58.3734 85.0215 56.2309 55.6394 55.2025 54.1616 53.8126 59.2627 54.3903 52.9337 52.3304 50.452 49.3061 51.919 47.8308 47.4683 47.7805 47.319 47.1919 47.1144 47.0405 46.0406 45.3229 52.601 44.9655 44.9618 43.9205
threshold=1.0000000180025095e-35 347.12000000000006 1.0000000180025095e-35 0.56832298136645976 0.89181286549707617 134.06000000000003 0 11461.410000000002 1.5000000000000002 9.5000000000000018 27.569166666666671 58.333333333333343 608.97000000000014 21.500000000000004 0.91553232234356396 13.500000000000002 -0.6830127018922193 36.266666666666701 18.550000000000001 380.97000000000008 1.0000000180025095e-35 8.8950000000000404 16.000000000000004 1100.7500000000002 2439.2500000000005 3246.8650000000007 60.140000000000008 192.50000000000003 19.500000000000004 4.5000000000000009 1.0000000180025095e-35 1.5000000000000002 192.50000000000003 1.0000000180025095e-35 3.5000000000000004 19.500000000000004 299.50000000000006 102.24500000000002 272.50000000000006 40.068054582130181 272.50000000000006 11260.662833333336 inf 1.5000000000000002 279.51500000000004 10175.094545454547 5.291666666666667 1.0000000180025095e-35 2279.6100000000006 19.500000000000004 13.375000000000002 16990.017142857145 224.70000000000005 207.50000000000003 12.500000000000002 547.20000000000027 7.5000000000000009 1.0000000180025095e-35 10.500000000000002 11.500000000000002 109.47000000000001 1.5000000000000002
decision_type=8 10 8 10 10 10 9 8 2 10 10 10 10 2 8 2 2 10 10 10 10 10 2 10 8 10 10 2 2 2 2 2 2 8 2 2 2 10 2 10 2 10 8 2 10 10 10 2 10 2 10 10 10 2 2 10 2 10 2 2 8 2
left_child=2 3 9 7 8 21 11 10 19 18 -2 52 22 55 26 17 -7 -8 -1 33 -20 -4 -13 25 39 35 49 38 -18 37 47 -12 46 44 -9 -10 -37 50 -23 -16 -32 42 43 -35 -3 54 -22 -30 -49 -15 -24 -52 -5 57 -25 -6 -19 -36 -59 -28 -17 -39
right_child=1 4 5 6 13 16 15 34 23 -11 31 12 -14 14 24 60 28 56 20 -21 32 27 29 45 -26 -27 59 -29 30 -31 40 -33 -34 41 53 36 -38 61 -40 -41 -42 -43 -44 -45 -46 -47 -48 48 -50 -51 51 -53 -54 -55 -56 -57 -58 58 -60 -61 -62 -63
leaf_value=-0.028695004429192175 -0.019912689789625238 0.0088640621949573357 -0.023599481027127917 0.0030347591016385319 -0.0014928512725019009 -0.015264032724283498 -0.010231438778022045 -0.0083910407640792415 0.00088839059189038054 -0.032415259151937645 -0.012031958099295271 -0.0097444814739301635 -0.010116292916667191 0.0093064987099261559 0.007452034144222716 -0.015273762051122634 -0.016072242061638532 -0.011301413749776777 -0.036741343287576993 -0.0038492190846442674 -0.0082625182093610198 -0.0031622488907895297 -0.013208435630348994 0.011065131917289398 0.021004567056458118 -0.011183207918203689 0.02513517856806155 -0.018396141219911975 -0.02797044073401311 0.019701066198247512 0.018632430520193533 -0.0042127704165242233 -0.022734792427169571 -0.0020599983884914963 0.015830628893474127 0.010328789336182378 0.022995063607393174 -0.015949343449573508 -0.015174532178209368 0.017286492217407284 0.00056923843573903038 -0.020412502923275611 0.015574067588088136 0.0083378291523348944 -0.036201614604821776 0.00041600973756183475 -0.020902349235424715 0.0037567051350493917 -0.008958032089258992 0.021245276820640441 0.014519453128598956 -0.026129225038952843 -0.013214658145870081 0.011206715030003303 0.02064367135760458 0.024347495194870127 0.0064605791783301373 -0.007906931528279185 0.020597673397457619 0.036998156617651899 -0.0036480730066647277 0.0067583961189903539
leaf_weight=2950.2679230794311 1602.840744279325 56.419760644435883 1867.6481902003288 2320.2785451188684 506.6791634708643 937.18646861612797 621.7437180429697 470.32765147089958 612.65070573985577 5814.1831061094999 1854.1489330902696 209.96262638270855 391.8343028575182 474.30448751151562 1464.0102200657129 722.96851700544357 320.29575612396002 188.407571002841 367.13990347832441 1293.8685495480895 1000.2688058316708 912.32964751124382 78.907234638929367 863.28408966958523 2046.7990927696228 186.53784963488579 5012.1359146684408 2187.404259160161 92.031656287610531 1607.2666486501694 363.92961929738522 3360.2710461318493 1567.9027284011245 790.44194242358208 170.93582625687122 4063.8045885413885 772.91619403660297 119.85046994686127 979.94177703559399 1342.1433886140585 459.40177924931049 81.185562163591385 1028.7878787368536 2790.2986498624086 71.591234810650349 219.4413610547781 632.27887748926878 906.25697570294142 693.67698112875223 3196.9009251743555 3513.2243609279394 34.907372251152992 241.47160386294127 880.66774955391884 2359.1752112209797 102.99305993318558 3212.2938385903835 611.09481697529554 90.138211369514465 429.24410057067871 934.23877103626728 764.19220077991486
leaf_count=31558 12235 326 17828 12028 2079 6537 3491 2843 2649 69849 12249 975 1894 1936 5956 3853 2065 903 4217 6186 8767 6648 366 3616 8366 788 20989 17949 829 6634 2108 19541 14956 3819 863 16935 3165 520 7628 5499 2664 404 4569 12372 466 929 5890 5305 4312 13070 15360 152 1408 4334 9678 433 14707 3320 486 1809 4390 3474
internal_value=-0.000109865 0.00847209 -0.0210338 0.000700538 0.0147386 -0.0123412 0.00531648 -0.00693841 0.00957822 -0.0278838 -0.0100345 0.0087992 0.0115947 0.0201157 0.0208668 -0.000390454 -0.00472726 0.00304406 -0.0238372 0.0047272 -0.019813 -0.0171697 0.0129404 0.0128438 0.015894 0.0103299 0.023513 -0.0142211 -0.00124061 0.0137203 0.000653669 -0.0069949 -0.0178602 0.00703037 0.002556 0.0110682 0.0123572 0.0115855 -0.00938772 0.0121602 0.00856646 0.00767382 0.00817281 0.00604259 -0.0164246 0.016956 -0.0131677 -0.00319958 -0.00175812 0.0197058 0.0135144 0.0141123 0.00149852 0.00549646 0.0180818 0.00290513 0.00547349 -0.000275668 -0.00421877 0.0260776 -0.00872602 0.00366534
internal_weight=75819.7 53767.6 22052.1 24002 29765.6 9720.1 14961.5 9040.42 15190.4 12332 6817.26 9281.9 6720.15 14575.2 13965.5 5679.65 3772.78 4022.45 6517.86 6112.59 3567.59 5947.32 6328.31 9077.81 4852.95 5635.91 9112.59 4079.68 2835.59 6118.35 2515.3 5214.42 3200.45 4818.73 2223.16 5449.37 4836.72 4511.08 1892.27 2806.15 823.331 4690.71 4609.53 3580.74 128.011 3441.9 1632.55 1691.97 1599.93 3671.21 3627.04 3548.13 2561.75 1752.84 3222.46 609.672 3400.7 872.169 701.233 5441.38 1657.21 884.043
internal_count=461175 252065 209110 126026 126039 73873 70155 55871 65902 135237 44025 42811 29375 60137 57625 27344 23820 19101 65388 28142 33830 50053 27481 37760 19821 23537 37804 32225 17283 26506 15218 31790 29613 21956 11846 22749 20100 19872 14276 11455 4772 21164 20760 16191 792 14223 14657 10446 9617 15006 15878 15512 13436 9003 13294 2512 15610 4669 3806 22798 8243 3994
cat_boundaries=0 1
cat_threshold=1528
is_linear=0
shrinkage=0.035


Tree=34
num_leaves=63
num_cat=4
split_feature=20 4 24 0 7 2 7 26 26 29 14 40 21 22 16 19 52 16 13 13 23 24 35 16 0 46 22 13 34 2 16 44 2 14 14 44 27 22 26 46 3 7 7 22 17 21 40 26 29 23 29 23 13 2 47 2 47 22 14 22 13 22
split_gain=10541.6 2046.64 1023.07 760.898 585.778 357.409 273.493 201.992 279.452 274.384 194.605 156.673 148.582 144.352 135.763 124.915 123.092 115.196 109.673 109.415 102.152 101.332 101.006 99.1074 98.8576 97.1296 96.5937 95.4468 89.9556 86.6713 86.0799 86.0078 81.4426 75.4713 71.9741 71.3384 68.5029 67.705 66.8288 65.0658 62.4066 61.0008 60.6112 59.8022 80.3668 59.6273 58.1121 56.7791 56.4366 71.4335 55.5331 53.0164 52.9887 50.8181 49.5212 48.7791 48.0443 46.6497 46.2968 46.2231 44.6179 44.2281
threshold=1.0000000180025095e-35 4.3500000000000005 6.5000000000000009 612.10666666666702 0.95833333333333337 18.090000000000007 0.95833333333333337 131.50000000000003 70.500000000000014 115.50000000000001 19.500000000000004 1.0000000180025095e-35 11.180000000000001 1.0000000180025095e-35 0 1147.2250000000001 5.5000000000000009 1 0.56832298136645976 0.19615384615384621 -0.6830127018922193 10.500000000000002 12.500000000000002 2 330.86000000000007 171.96000000000004 66.500000000000014 0.36602870813397131 1.5000000000000002 534.98000000000013 3 85.030000000000015 2021.2800000000002 16.000000000000004 16.000000000000004 340.93000000000006 20386.710000000006 12.500000000000002 21.500000000000004 95.380000000000024 234.50000000000003 0.6515151515151516 0.82575757575757591 60.500000000000007 6971.7600000000011 1.4450000000000001 1.0000000180025095e-35 192.50000000000003 293.00000000000006 -0.6830127018922193 333.50000000000006 0.68301270189221941 0.72902097902097907 276.82000000000011 340.22500000000008 17.320000000000004 48.090000000000011 7.5000000000000009 18.000000000000004 46.500000000000007 0.93933823529411775 29.500000000000004
decision_type=8 8 8 10 10 10 10 2 2 2 2 10 10 2 9 10 2 9 10 10 2 8 2 9 10 8 2 10 2 10 9 10 10 2 2 10 8 2 2 8 2 10 10 2 10 10 10 2 2 2 2 2 10 10 8 10 8 2 2 2 10 2
left_child=2 4 5 6 27 41 28 8 30 10 -9 -7 34 -11 15 18 -4 29 -8 -13 39 42 37 -14 47 57 53 54 56 31 51 55 40 -20 -5 -26 38 -16 -35 -12 60 -1 -18 44 48 -40 -44 50 49 -36 -21 -6 -27 -22 -2 -15 -3 -10 -29 -57 -25 -31
right_child=1 3 16 12 7 11 14 9 25 13 20 19 23 17 22 -17 21 -19 33 24 26 -23 -24 32 35 52 -28 58 -30 61 -32 -33 -34 36 43 -37 -38 -39 45 -41 -42 -43 46 -45 -46 -47 -48 -49 -50 -51 -52 -53 -54 -55 -56 59 -58 -59 -60 -61 -62 -63
leaf_value=-0.027733411414569562 -0.022141934246163869 -0.01565486896828687 -0.0021609922094916086 -0.0081736577314576366 -0.0080024874829546719 -0.033972934464661077 0.0021503759153824946 -0.0073496110416420256 -0.0017589012793725171 -0.034048877820292436 -0.0071569939636538463 -0.019380113701305289 0.0056670064192438649 -0.019519745214197685 0.002600443842164216 -0.018009253976787494 -0.030243105232499078 0.0056011077193182371 -0.0039036303400938124 -0.0017391698647725707 0.0052675033372289719 -0.032772164749261395 0.0010818774634335801 0.01516047252485842 0.0046904489090822087 0.013211806058871036 0.032459828348998354 -0.022325438168325086 0.0047326800756921847 -0.0073491116366856653 -0.012465999589451014 -0.018752919491735656 0.027244904909929601 -0.00055157276445711909 0.0092678785325116982 -0.0099682746208316179 -0.012916349544906927 0.013715329619165648 0.013552042872070022 0.0070084824072289822 0.031561512527984371 -0.018606478698019555 -0.036340792223486976 0.02445995640140074 -0.0044057660713432275 0.020679872975691335 -0.020438466656096221 -0.013443565878431799 0.0070010368585301406 0.020154381623722413 -0.017393362672668205 0.0053669007476232732 0.023549793102080479 0.016860209886404132 -0.0062491286757872036 -0.011425918679742509 -0.0022116528307782489 0.0101923453278214 -0.0065156228231376366 0.0023261111788765564 0.021513018945640998 0.0061540312359792551
leaf_weight=1228.4959167912602 1093.4899844154716 609.64494512230158 208.16708555072546 162.45673766732216 481.7573863863945 280.14886922389269 818.00038233399391 1155.3194285035133 554.59943903982639 214.45862324535847 540.87884110212326 800.43707450479269 471.59139095246792 262.69130888581276 950.97411006689072 149.41017512977123 2071.8194518685341 1028.4181064069271 230.49314892292023 1482.8741332441568 912.37207925319672 5183.0631836950779 2495.0354195013642 2073.3541351854801 1466.3665159270167 1602.3805981427431 303.2062301337719 244.76219732314348 1216.8086383193731 531.55081449449062 661.22314909100533 1075.3670080453157 3138.2136918157339 256.77414867281914 1042.443171620369 561.63533933460712 94.994002804160118 2286.6137596815825 2491.0405381843448 1487.61620400846 561.38936346769333 3390.5976540893316 319.65187189728022 772.01000794768333 275.00074082612991 3431.7050662636757 2443.3329045474529 1794.3790303394198 858.28155171871185 2552.9470687806606 340.62582900375128 1468.3648373931646 983.87435954809189 942.69923733174801 308.95628649741411 485.63376958668232 698.65559680014849 1432.6529449373484 2996.2071938887239 777.52140185236931 3979.3359514176846 671.20912291109562
leaf_count=12375 8691 4057 1672 725 2347 2976 4386 5873 2745 1332 3027 6520 1943 1534 4285 664 23581 5027 1024 10247 4633 63325 11274 8503 8551 7283 1435 1609 5914 2366 3225 5493 13376 1101 4288 3526 397 9852 10707 6905 2346 30472 3840 3180 1162 14189 25128 13605 3562 10476 2549 6886 4061 4012 2121 2491 3879 6929 18239 3868 16509 2877
internal_value=-0.000109124 0.0081747 -0.0207818 0.0138952 3.36907e-05 -0.0135435 0.0084377 0.00295509 0.00746674 -0.000165533 0.0053626 -0.0083937 0.0192979 -0.00601696 0.0104557 0.0135669 -0.0288104 -0.00476614 0.014232 -0.00727696 0.00887139 -0.0293639 0.00636381 0.0218183 -0.00555792 0.0126816 0.0141699 -0.0110211 -0.00211529 -0.00756454 -0.00166795 -0.0111757 0.0225697 0.0157507 0.0147446 0.000627946 0.0164732 0.0104524 0.016927 0.00322973 0.0203818 -0.0210394 -0.025704 0.0154228 0.0139425 0.0176848 -0.0222907 -0.00902463 0.0150762 0.0170014 -0.00467127 0.00205121 0.0171522 0.0111645 -0.0186477 -0.00582671 -0.00848313 0.0068578 -0.00771612 -0.00296586 0.0193398 0.00018527
internal_weight=75406 53834.4 21571.6 31617.2 22217.2 11345.6 15730.1 17573.8 7184.85 10388.9 5342.09 6726.47 15887 5046.85 13205 7472.42 10226 4832.39 7323.01 6446.32 4186.77 10017.9 5732.62 10223.9 5645.88 4573.51 2158.28 4643.42 2525.11 3803.97 2611.35 2601.21 9752.29 6505.01 5663.14 2028 6274.51 3237.59 6179.52 2028.5 6614.08 4619.09 4834.8 5500.68 4728.67 5922.75 2762.98 3617.88 4453.67 3595.39 1823.5 1950.12 2586.25 1855.07 1402.45 1525.85 1308.3 1987.25 3240.97 1263.16 6052.69 1202.76
internal_count=461175 252808 208367 137799 115009 90821 71729 84349 33476 50873 25885 47974 66070 24988 57879 32468 117546 23656 31804 44998 20012 115874 25411 42677 38478 21018 10080 30660 13850 18629 12458 13386 40734 27418 23393 12077 26394 14137 25997 9932 27358 42847 52549 22668 19488 24896 28968 26401 18326 14764 12796 9233 11344 8645 10812 7893 7936 9674 19848 6359 25012 5243
cat_boundaries=0 1 2 3 4
cat_threshold=1448 22784 2056 21888
is_linear=0
shrinkage=0.035


Tree=35
num_leaves=63
num_cat=8
split_feature=20 0 24 13 7 0 19 16 13 0 19 34 40 12 52 13 35 24 16 16 44 26 5 43 16 26 1 16 7 22 22 30 0 1 18 16 22 8 7 27 32 22 14 40 22 16 14 16 32 8 26 47 44 0 22 19 7 8 48 26 5 18
split_gain=9941.53 1900.88 1005.93 835.198 436.059 346.223 231.992 199.292 192.436 185.617 166.763 163.76 151.034 134.396 120.522 107.947 102.186 102.044 98.4432 94.9892 89.327 89.1418 81.9716 79.2415 76.9864 74.3815 72.8823 78.2807 72.7408 71.9104 69.5659 69.1323 68.9711 68.5956 67.968 76.563 62.4698 61.7381 60.3452 60.1538 59.4649 63.8793 58.6689 57.9445 56.9817 73.8276 53.4658 53.3444 53.1596 52.8023 52.232 51.9382 51.1319 62.4927 50.9051 50.2195 46.9936 46.84 46.4386 45.6215 44.656 44.4739
threshold=1.0000000180025095e-35 189.20333333333335 6.5000000000000009 0.82971014492753636 0.95833333333333337 52.800000000000004 350.72624999999999 0 0.60990338164251223 872.75999999999999 1147.2250000000001 1.5000000000000002 1.0000000180025095e-35 30.180000000000003 5.5000000000000009 0.24500000000000002 8.5000000000000018 10.500000000000002 1 2 380.97000000000008 161.50000000000003 115.20000000000006 10.500000000000002 3 21.500000000000004 2003.1300000000001 4 0.6515151515151516 1.5000000000000002 5.5000000000000009 8327.4300000000021 872.75999999999999 80.695000000000022 10999.973333333335 5 48.500000000000007 14.500000000000002 0.82575757575757591 2.2450000000000006 213.30000000000004 18.500000000000004 20.500000000000004 1.0000000180025095e-35 8.5000000000000018 6 19.500000000000004 7 inf 10.500000000000002 299.50000000000006 721.77500000000009 420.92000000000002 323.83999999999986 8.5000000000000018 891.21375000000023 0.47727272727272735 18.500000000000004 3.5000000000000004 269.00000000000006 1367.76 7120.7249999999995
decision_type=8 10 8 10 10 10 10 9 10 10 10 2 10 8 2 10 2 8 9 9 10 2 8 2 9 2 8 9 10 2 2 10 10 8 10 9 2 2 10 8 10 2 2 10 2 9 2 9 8 2 2 8 10 10 2 10 10 2 2 2 10 10
left_child=2 4 5 11 13 28 8 37 39 10 18 20 -7 56 -4 -14 -15 38 40 33 26 25 31 42 -23 -17 27 -3 -1 -29 -26 36 47 -10 44 60 -11 -5 -16 -6 41 -9 -20 -40 45 -24 -31 -13 -27 -30 -48 -41 53 -32 -28 -49 -2 -12 -21 -44 -36 -34
right_child=1 3 14 7 6 12 -8 9 19 22 57 32 15 16 17 21 -18 -19 23 58 -22 24 34 -25 30 48 54 29 49 46 52 -33 61 -35 35 -37 -38 -39 43 51 -42 -43 59 -45 -46 -47 50 55 -50 -51 -52 -53 -54 -55 -56 -57 -58 -59 -60 -61 -62 -63
leaf_value=-0.027263646172292776 -0.027380939280969303 0.016831147143931077 -0.0020889242907110423 0.0089626137588888401 -0.020242168523390384 -0.034120940154653348 -0.013485174756073625 0.0046146998908778184 0.0047969667207559573 0.018002338460105578 0.0054809193227925998 0.0038026389126184701 -0.015198110877100409 0.0017265857055263898 -0.0299192415883025 -0.018649520450396539 -0.010602820156904719 -0.032504728416421963 0.012445536552506718 -0.018634491552274281 -0.0049323563589327348 0.024097187227221994 0.019070803240101901 0.031266807564806473 -0.025318318761397316 -0.00011695826581077626 0.00085020601870565405 -0.021530765553417028 -0.011378792302979231 -0.0078890881689674501 -0.0096297954002291398 0.013389350046971256 0.015454031366453269 0.012662669258114633 0.010430545850612658 -0.012007942838144058 0.029270732524693296 -0.010032019796882823 -0.036148950450276385 -0.0036467132446989597 0.00090981121723952754 0.016559660619884217 0.017742166994730909 -0.020046627586752134 0.026635358077426022 -0.021283514147714136 0.0023873710022604051 0.012894436548280973 0.012880924258307084 -0.020248810200222112 0.013081066905405265 0.0049271036031047124 -0.019421497108372876 0.0039481763694390716 0.01887272936361473 -0.0024915377199221846 -0.013935235321096041 -0.012873182403957276 0.0010219812528161529 0.027812750960589463 0.040157975825999927 0.0023734807301741185
leaf_weight=1248.2799134030938 384.44142997264862 464.77068348228931 207.85181055963039 470.39350587129593 209.40723544359207 250.65197732299566 1050.7272836863995 771.25222966074944 2381.9611479640007 1818.5349358171225 418.49756939709187 2513.8138103336096 1327.3008439317346 1468.9251172617078 2021.8449100926518 197.55603188276291 1872.31323441118 5045.2558592259884 1851.2217130661011 183.53186798095703 1422.8278446346521 77.866766668856144 265.9790383130312 557.79571887850761 293.14409154653549 1239.8158546313643 268.50198651105165 153.53638728708029 1190.482995390892 522.30342218279839 1164.6476575806737 2178.6960615366697 2887.7745819985867 3164.7733900845051 172.78279741108418 124.20379146933556 908.52307136356831 376.47102196514606 310.27201692759991 2860.3667236790061 597.66978187859058 1905.7619905620813 2038.7194633483887 2404.6146562695503 4361.8314093500376 60.962008327245712 3892.5854178294539 2226.5906171649694 558.34421361237764 2692.1491857841611 652.60501030832529 1239.8812545239925 348.57759772986174 644.30717630684376 673.53926791250706 293.85909633338451 1879.6514059528708 285.79426135122776 727.9625388532877 761.83252018690109 96.376590386033058 358.30579233169556
leaf_count=12800 3116 2194 1672 1987 1201 2766 5560 3172 11114 7430 1744 10975 10352 8707 23581 1333 11802 63325 7567 888 6984 510 1115 2283 2091 7821 1237 896 10799 2661 8517 8961 11904 13833 721 514 3768 1579 3840 16917 2478 7797 8311 25128 18593 255 18359 9524 3328 24302 2978 6227 2425 3777 2963 1256 13579 1215 3411 3115 410 1507
internal_value=-0.000108383 0.0078966 -0.0203922 0.012452 -0.00160824 -0.0132044 0.00220498 0.0172429 0.00373713 0.0179721 0.0143881 0.00657726 -0.00756811 -0.00964722 -0.0284723 -0.00642508 -0.00518349 -0.0290326 0.0157465 0.00755887 0.00302224 -0.00384851 0.0212855 0.0187583 -0.00821187 0.00168115 0.00473037 0.0032351 -0.019905 0.00198577 -0.00930818 0.0180492 0.0100329 0.00926963 0.0244054 0.0103954 0.0217658 0.000510711 -0.0253283 -0.00199035 0.0108604 0.0131213 0.0172924 -0.0218995 0.0255783 0.0114368 0.00270631 0.00746532 0.00392391 -0.0175327 0.00392533 -0.00105349 -0.00716528 -0.00479413 0.0137423 0.0110565 -0.0162294 -0.00197468 -0.00291999 0.0204906 0.020428 0.0140114
internal_weight=75001.2 53778.3 21223 36354.3 17423.9 11233.1 11818.6 20023.3 10767.9 19176.4 9188.55 16331 6102.21 5605.33 9989.84 5851.56 3341.24 9781.99 8484.25 6458.23 8050.67 4524.26 9987.89 5209.57 2528.54 1995.72 6627.84 5685.8 5130.91 5221.03 2450.68 4905.75 8280.34 5546.73 5082.14 393.363 2727.06 846.865 4736.73 4309.66 3274.68 2677.01 4651.77 2714.89 4688.77 326.941 5067.49 5034.26 1798.16 3882.63 4545.19 4100.25 2157.53 1808.95 942.041 2520.45 2264.09 704.292 911.494 2800.55 269.159 3246.08
internal_count=461175 252808 208367 156453 96355 90821 59151 83015 53591 79449 37682 73438 42920 37204 117546 40154 20509 115874 34723 29246 38272 29802 41767 21276 17320 12482 31288 27088 47901 24894 16810 20159 35166 24947 21608 1645 11198 3566 52549 24345 13447 10969 18993 28968 19963 1370 23998 21755 11149 35101 21337 23144 14719 12294 4200 10780 16695 2959 4299 11426 1131 13411
cat_boundaries=0 1 2 3 4 5 6 7 8
cat_threshold=10244 147569 148976 1049 1160 4352 136200 149525
is_linear=0
shrinkage=0.035


Tree=36
num_leaves=63
num_cat=3
split_feature=20 4 24 0 7 7 7 26 26 29 14 40 34 22 26 52 47 13 16 45 24 15 26 29 23 22 46 42 32 16 42 42 3 16 32 22 17 9 22 0 40 46 14 3 18 3 44 40 26 3 23 46 7 17 22 3 26 14 13 29 14 14
split_gain=9374.97 1815.24 988.424 673.51 515.348 337.754 235.834 187.675 257.933 252.698 176.838 159.357 135.35 135.35 127.972 117.969 115.614 113.782 106.931 105.752 102.813 99.3469 93.5683 103.863 92.6772 87.9631 86.3683 84.1458 82.8184 79.4111 79.1019 73.2198 70.5965 69.0702 63.7053 61.2945 61.5532 60.8639 60.2607 59.0161 65.7014 58.5362 56.9963 55.1529 53.6455 55.8424 51.0609 50.9597 50.4975 50.2631 49.1703 48.5266 48.3233 48.411 47.111 110.292 47.0357 46.793 46.202 45.5601 45.3574 44.8293
threshold=1.0000000180025095e-35 4.3500000000000005 6.5000000000000009 612.10666666666702 0.95833333333333337 0.95833333333333337 0.95833333333333337 131.50000000000003 70.500000000000014 115.50000000000001 19.500000000000004 1.0000000180025095e-35 2.5000000000000004 1.0000000180025095e-35 21.500000000000004 5.5000000000000009 41.675000000000004 0.84412955465587058 0 2.7321428571428577 9.5000000000000018 0.67912903002007907 161.50000000000003 333.50000000000006 -0.6830127018922193 66.500000000000014 167.97000000000003 1.5000000000000002 584.10500000000013 1 1.5000000000000002 3.5000000000000004 241.50000000000003 2 1010.0800000000002 32.500000000000007 6020.9100000000008 415.47000000000008 6.5000000000000009 540.60000000000014 5534.920000000001 95.380000000000024 18.000000000000004 36.500000000000007 10999.973333333335 44.500000000000007 120.37000000000002 12452.190000000001 21.500000000000004 20.500000000000004 0.68301270189221941 15.850000000000001 0.86607142857142871 1.0000000180025095e-35 29.500000000000004 52.500000000000007 223.50000000000003 16.000000000000004 0.72902097902097907 333.50000000000006 18.000000000000004 16.000000000000004
decision_type=8 8 8 10 10 10 10 2 2 2 2 10 2 2 2 2 10 10 9 10 8 8 2 2 2 2 8 2 10 9 2 2 2 9 10 2 8 10 2 10 10 8 2 2 10 2 10 10 2 2 2 10 10 10 2 2 2 2 10 2 2 2
left_child=2 4 5 6 19 30 27 8 29 10 -9 -7 16 -11 -8 -4 35 34 28 60 52 -19 23 -13 41 51 -10 43 54 50 56 47 37 -24 42 36 59 48 49 46 -41 -12 -16 -3 -39 -46 -40 57 -14 -35 -6 -26 -17 -54 55 -15 -1 -18 -28 -5 -2 -29
right_child=1 3 15 12 7 11 14 9 26 13 24 22 32 18 17 20 31 21 -20 -21 -22 -23 33 -25 25 -27 58 61 -30 -31 -32 -33 -34 38 -36 -37 -38 44 39 40 -42 -43 -44 -45 45 -47 -48 -49 -50 -51 -52 -53 53 -55 -56 -57 -58 -59 -60 -61 -62 -63
leaf_value=-0.018242538827433302 -0.021680849431819575 -8.7045918190593928e-05 -0.0020191593250055372 0.019657234476166088 -0.0078968614875721925 -0.035397367763881075 -0.0065249937169776888 -0.0071817569716648494 0.0064798535966734639 -0.033449293341640964 -0.0069590567070383965 0.0022084316751771063 0.001700521091136137 -0.0012327947446021887 -0.0054946859085058444 -0.028185662052731719 -0.021951181509949524 0.017945796198163989 0.0052076778396641247 -0.018756263173860598 -0.031656865929545759 0.0097712086481237369 0.021295746352571126 -0.014946793424962388 -0.012566590444679013 0.030685038998250841 0.012536745617995004 -0.023338028068216696 -0.016787706305953311 -0.012164830387541951 -0.010645857221889573 0.015496603294538541 0.033173907092733428 -0.0096292758322672738 -0.0055835188337692134 0.024269977562976459 0.0015426261981478172 0.02536766911125176 -0.0074457686050375211 0.0065065717828603261 -0.019944478462170755 0.0064910705059377906 0.0088706430894759849 -0.018552308311130583 0.034713334444057373 -0.0010684029509788844 -0.018415607451868533 -0.02901885235908418 0.018542072996516862 -0.030209204551626029 0.0049850890392079041 0.011839274064105449 -0.033634736377040779 -0.017901444534753723 -0.0015546088728527459 -0.025899925114500361 -0.026016308120508959 0.0080732011874592412 0.022140028646788663 -0.0050354320839248613 -0.0058978227962496804 0.0037881051929669718
leaf_weight=1926.4581921324134 240.16635566949844 332.03180758655071 207.54727413505316 1418.0707671791315 480.74592553079128 242.01240727305412 565.00121374428272 1151.6425084918737 1972.2176136523485 209.29898358881474 538.76262193918228 2037.3335777297616 230.93491157889366 553.59247846156359 366.13073170185089 1892.9781593084335 64.745145320892334 3182.8982365578413 1031.4157977700233 1341.7212032750249 5756.1637932732701 4268.5960503667593 74.755547188222408 547.70243393629789 105.01463104784489 306.28415814042091 1625.5110237002373 77.258731983602047 895.13250571489334 658.15169030427933 912.58586689084768 2123.7649196982384 572.8233343064785 262.32890423387289 482.60179837048054 1707.1656547933817 337.85962995886803 2967.8801843523979 1394.3475051000714 501.03126950562 148.22739010304213 1491.7896697968245 4361.1082422435284 490.45125146210194 73.013356998562813 191.90726049244404 830.17584658414125 47.977162033319473 3987.0419036448002 328.83990877121687 1471.5677606761456 1756.2471744567156 282.36483208835125 1621.3417526334524 1973.4736596718431 369.87508043646812 1917.7841641828418 1989.6373065561056 991.91175331175327 97.457372575998306 3004.3570140600204 1613.2895851805806
leaf_count=18415 1609 1913 1672 5803 2347 2691 2539 5873 9578 1332 3027 13169 935 2650 1854 21924 312 13081 5027 10599 74157 18003 491 3937 593 1435 7354 442 4407 3225 7863 8645 2446 2053 2243 7102 1380 12865 10615 3055 1005 6905 20159 3190 319 807 6125 219 16484 2456 6886 8052 3390 16403 9661 1911 18946 8354 4086 399 18452 8305
internal_value=-0.000107287 0.0076288 -0.0200057 0.0130219 -4.65982e-05 -0.0128714 0.00789581 0.00267892 0.00702071 -0.000332429 0.00496322 -0.00759785 0.0181241 -0.00596145 0.00976317 -0.0281344 0.0148327 0.0104905 -0.00476202 -0.0104939 -0.0287015 0.0132649 -0.00649379 -0.00143069 0.0082958 0.0133275 0.0120158 -0.00193229 -0.0074684 -0.00176281 -0.0199266 0.0109136 0.0213162 -0.0101899 0.00652049 0.01948 0.0150572 0.0204002 -0.0109051 -0.00883747 0.000446345 0.0029207 0.0077571 -0.0111071 0.0240203 0.00888667 -0.0115461 0.0062787 0.0176206 -0.0211086 0.00180134 0.0104563 -0.0242138 -0.0202515 -0.00460978 -0.01113 -0.0221264 0.00711674 0.0161831 0.0180671 -0.00707244 0.00253537
internal_weight=74602.5 53718.5 20884 31549.6 22168.9 11123.6 15739.4 17582.6 7200.11 10382.5 5349.74 6366.75 15810.3 5032.79 13226.3 9760.4 7786.68 12661.3 4823.49 4586.24 9552.85 7451.49 6124.74 2585.04 4198.1 2167.55 4589.64 2513.03 3792.07 2610.47 4756.83 4226.12 8023.6 3539.71 5209.84 3560.55 1853.39 7450.78 3464.95 2873.78 649.259 2030.55 4727.24 822.483 3232.8 264.921 2224.52 2102.36 4217.98 591.169 1952.31 1861.26 3796.68 1903.71 2896.94 923.468 3844.24 2054.38 2617.42 1515.53 3244.52 1690.55
internal_count=461175 252808 208367 137799 115009 90821 71729 84349 33476 50873 25885 45597 66070 24988 57879 117546 32214 55340 23656 30660 115874 31084 42906 17106 20012 10080 21018 13850 18629 12458 45224 17530 33856 25800 24256 14684 7582 31410 25309 20800 4060 9932 22013 5103 13991 1126 16740 8885 17419 4509 9233 8645 41717 19793 14222 4561 37361 8666 11440 6202 20061 8747
cat_boundaries=0 1 2 3
cat_threshold=22784 21888 1032
is_linear=0
shrinkage=0.035


Tree=37
num_leaves=63
num_cat=5
split_feature=24 4 0 7 24 22 7 0 46 16 48 16 21 40 13 40 16 29 34 16 22 18 29 48 29 29 1 29 19 2 19 2 8 27 34 8 2 29 29 29 29 13 52 1 39 24 1 29 1 42 7 1 23 7 37 22 29 23 16 22 23 2
split_gain=8842.53 2179.65 650.27 648.842 548.019 228.757 224.935 199.323 184.139 161.23 159.218 149.448 140.844 133.771 125.425 122.78 113.274 111.548 96.151 79.3117 99.9962 78.8936 78.0005 73.4596 79.0277 84.0426 72.3911 71.3025 70.9223 70.6967 68.5224 67.8504 67.4732 67.0766 65.9125 64.7836 64.3643 69.0274 102.89 81.9028 79.3523 62.0814 59.734 57.6553 57.4482 56.2923 56.0924 55.309 54.0456 53.0272 52.9288 51.919 51.2284 49.3662 48.1666 47.4215 46.2121 46.1174 46.0299 45.4303 45.0658 44.6964
threshold=3.5000000000000004 3.8550000000000009 443.13000000000005 0.95833333333333337 7.5000000000000009 1.0000000180025095e-35 0.95833333333333337 347.12000000000006 64.280000000000015 0 4.5000000000000009 1 28.885000000000002 1.0000000180025095e-35 0.36602870813397131 8162.673333333335 2 8.0000000000000018 1.5000000000000002 3 7.5000000000000009 433.63125000000008 222.50000000000003 11.500000000000002 222.50000000000003 353.00000000000006 91.305000000000021 333.50000000000006 439.41500000000008 3258.2700000000004 702.66750000000013 15.850000000000001 15.500000000000002 481.16000000000008 1.5000000000000002 12.500000000000002 1477.9600000000003 333.50000000000006 222.50000000000003 272.50000000000006 100.00000000000001 0.93933823529411775 3.5000000000000004 381.42000000000007 82.570000000000007 12.500000000000002 29.290000000000003 23.500000000000004 71.850000000000009 4.5000000000000009 0.6515151515151516 274.77000000000004 0.25000000000000011 0.6515151515151516 inf 30.500000000000004 23.500000000000004 0.25000000000000011 4 66.500000000000014 0.68301270189221941 79.410000000000011
decision_type=8 8 10 10 10 2 8 10 8 9 2 9 10 8 10 10 9 2 2 9 2 10 2 2 2 2 10 2 10 10 10 10 2 10 2 2 10 2 2 2 2 10 2 8 10 10 8 2 8 2 10 8 2 10 8 2 2 2 9 2 2 8
left_child=1 3 8 14 6 21 42 11 17 12 57 23 26 -8 53 19 30 -3 43 -9 33 51 -15 24 31 28 -4 -24 48 -12 49 -7 -13 -21 -28 -18 37 38 40 -40 47 -14 -2 -19 52 -6 -16 -22 -26 58 -44 -5 -33 -1 -55 -17 -51 -11 -10 -25 -59 -30
right_child=4 2 9 5 45 7 13 15 16 10 29 32 41 22 46 55 35 18 -20 20 36 -23 27 59 25 -27 34 -29 61 -31 -32 44 -34 -35 -36 -37 -38 -39 39 -41 -42 -43 50 -45 -46 -47 -48 -49 -50 56 -52 -53 -54 54 -56 -57 -58 60 -60 -61 -62 -63
leaf_value=-0.026274800274870318 0.0070078646635812411 -0.029799774197370128 0.021969375357807561 -0.020188429405437379 -0.026948937711349246 -0.01372657234190635 -0.035463888292216784 0.019979118499534137 0.020724559361806495 0.012393808971418058 0.013216391426951427 -0.0040707365352581296 0.016713399044140573 -0.013964930119433025 -0.012505029088186235 -0.022301339653313958 0.0081857036079641399 -0.006373693583108327 0.0068202113169355209 0.0039202811184776915 -0.0029590724389567898 -0.033022914096188558 -0.00097614634744227504 0.0073437019137435715 0.0016053185622929534 -0.013324009832848052 0.0071333214038260939 -0.017258598377988155 -0.020426268958890589 0.033152843918160271 -0.0049966856304375327 0.0021234067851771884 -0.015647961625853093 -0.014495521628633101 0.01526360467944035 -0.001590149280826356 0.015276670525721415 -0.007804197004452805 0.020672263837971612 0.0067128465288564124 -0.0029241348986360017 0.023222553915046816 -0.028466458985687858 0.012719766533766283 -0.018801003294002312 -0.03314945567628555 -0.0038384461387729863 0.011943186206352976 0.012614830898118753 -0.00049656913375581587 -0.020229150178745457 0.0063134026178787292 -0.017122395105061802 -0.017235678288459753 0.0015868126459498806 -0.0020028090790337031 0.021104161858128259 -0.015399071310109189 0.00947849239959625 0.028681861096769044 0.0010612004481866618 0.0031997843326207883
leaf_weight=663.35629201680422 83.544293358922005 144.91535440832376 1315.4787503480911 197.46681500971317 4491.9044992849231 584.27606496214867 264.20529828965664 571.09765554964542 531.55259665101767 284.22544308006763 1819.0783017128706 2093.7600507438183 2616.4594831466675 2473.0642886459827 1634.0651938989758 200.52273984253407 2061.4622975811362 1699.46900190413 1960.8101842328906 572.49280181527138 398.25634363293648 272.53858075290918 1497.6591285839677 404.77490853518248 826.29163498431444 282.90848431736231 1730.6158480793238 421.42304673790932 171.97970763593912 247.31507155299187 263.9927943944931 2408.6575471386313 873.80408456176519 418.65214829146862 4174.4836513251066 1389.6378454789519 1229.6484383791685 387.74274665117264 1006.720957159996 1055.6900796294212 1349.2930774092674 5819.7499012798071 1394.7207923457026 217.70591600239277 196.74658949673176 3047.4897878989577 2079.8996924236417 1298.3438567072153 1612.2863530516624 133.97105698287487 3107.3010273426771 165.85964374989271 181.23887514322996 1227.1719473004341 192.4847015812993 470.12080562114716 1279.8562887609005 281.82679079473019 3304.6730817854404 174.77333626896143 728.39394341409206 226.04131981730461
leaf_count=6068 623 893 5429 1275 55156 3680 3173 2457 2330 1173 7502 11430 10823 20199 11911 1029 9173 10052 9190 2598 1922 1941 10518 2197 4619 1603 7320 3386 965 1055 1167 12969 5034 2005 17160 6437 5355 1752 4323 4604 6162 24843 15532 962 1142 40785 12471 5688 7728 566 31156 930 1021 10102 1383 2209 5227 1215 14535 899 3018 1105
internal_value=-0.000106372 0.00642399 0.0125013 -0.00122535 -0.0224558 0.0018128 -0.0167399 0.00250443 0.00646381 0.0166241 0.00956185 -0.00088263 0.0181217 -0.0113173 -0.0115128 0.0062991 0.00925519 0.000242386 0.00137242 0.00746478 0.00650185 -0.0188208 -0.00985705 0.00188615 0.000821761 0.00483567 0.0145408 -0.00455884 0.00665089 0.0156174 0.0123641 -0.00289312 -0.00745867 -0.00386519 0.0128825 0.00423771 0.00803962 0.00641797 0.00749881 0.0135335 0.00340952 0.021206 -0.0222426 -0.00420002 -0.000617553 -0.0294593 -0.0076539 0.00844538 0.00888654 0.0132614 -0.0227868 -0.00810614 0.000770512 -0.0183862 -0.0146843 -0.00809625 0.0190584 -3.56689e-05 0.0111205 0.0138169 -0.0035415 -0.00703433
internal_weight=74215.9 57434.6 32005.7 25429 16781.3 19632 9241.92 18996.1 12988 19017.6 3360.84 10037.5 15656.8 4656.35 5796.98 8958.58 8965.15 4022.9 3877.99 8287.94 7716.84 635.865 4392.15 7069.97 6490.43 3119.51 7220.58 1919.08 2836.6 2066.39 5514.05 3370.92 2967.56 991.145 5905.1 3451.1 6725.7 5496.05 5108.3 2062.41 3045.89 8436.21 4585.57 1917.17 2786.64 7539.39 3713.96 1696.6 2438.58 5250.05 4502.02 363.326 2589.9 2083.01 1419.66 670.644 1413.83 1294.45 3836.23 579.548 1010.22 398.021
internal_count=461175 280647 140070 140577 180528 98642 84587 94496 60532 79538 13963 54392 65575 37276 41935 40104 39435 21097 20204 36866 34409 4146 34103 37928 34832 16020 29909 13904 14417 8557 23825 18812 16464 4603 24480 15610 29806 24451 22699 8927 13772 35666 47311 11014 15132 95941 24382 7610 12347 22658 46688 2205 13990 17553 11485 3238 5793 5406 16865 3096 4233 2070
cat_boundaries=0 1 2 3 4 5
cat_threshold=21888 132600 5608 1160 1184
is_linear=0
shrinkage=0.035


Tree=38
num_leaves=63
num_cat=5
split_feature=24 4 0 7 24 0 22 7 0 16 17 34 26 13 40 16 14 22 14 26 14 42 35 18 37 18 42 18 19 1 26 16 35 0 3 2 22 27 16 26 22 18 32 23 22 25 1 24 1 16 26 31 2 37 26 32 1 27 7 3 26 37
split_gain=8358.93 2031.51 614.636 608.944 542.594 219.841 215.223 209.95 185.455 139.634 127.356 125.71 120.897 120.301 115.51 111.742 107.508 105.343 92.2877 105.72 88.4761 92.6641 87.4596 86.242 84.0406 89.2029 77.8391 76.3591 75.0972 81.1571 72.3809 71.0268 68.9561 68.729 66.3641 62.4691 62.398 77.8603 62.1938 61.1192 66.1576 127.536 60.7532 60.738 58.7429 58.3397 56.9386 56.8627 53.1085 51.2897 58.401 51.2063 50.6935 50.4464 50.232 53.1593 49.0112 48.9398 48.1829 46.3639 46.2569 45.846
threshold=3.5000000000000004 3.8550000000000009 598.35000000000002 0.95833333333333337 7.5000000000000009 54.000000000000021 1.0000000180025095e-35 0.95833333333333337 347.12000000000006 0 7.2900000000000009 2.5000000000000004 21.500000000000004 0.36602870813397131 6025.0800000000008 1 16.000000000000004 29.500000000000004 19.500000000000004 299.50000000000006 18.000000000000004 4.5000000000000009 12.500000000000002 4162.0275000000011 2423.3600000000001 11807.703750000002 1.5000000000000002 433.63125000000008 421.25285714285718 71.850000000000009 223.50000000000003 2 13.500000000000002 347.12000000000006 241.50000000000003 2021.2800000000002 7.5000000000000009 481.16000000000008 3 21.500000000000004 29.500000000000004 4381.1400000000012 3.6400000000000006 0.25000000000000011 12.500000000000002 1026.6660000000002 1941.9400000000003 12.500000000000002 29.290000000000003 4 314.50000000000006 1.5000000000000002 1239.3900000000001 41161.68 21.500000000000004 1056.1200000000001 274.77000000000004 12160.08 0.6515151515151516 40.500000000000007 122.00000000000001 inf
decision_type=8 8 10 10 10 8 2 10 10 9 8 2 2 10 10 9 2 2 2 2 2 2 2 10 8 10 2 10 10 8 2 9 2 10 2 10 2 10 9 2 2 10 10 2 2 10 8 10 8 9 2 2 10 8 2 10 8 10 10 2 2 8
left_child=1 3 7 13 5 30 27 26 9 18 -7 16 -9 58 31 20 -4 -16 -8 28 -14 42 44 33 -18 39 59 56 29 -20 53 -10 -11 -12 35 -13 37 -33 -38 -26 41 51 49 -31 -17 -27 54 -6 -15 -22 -51 -41 -42 -2 -40 -56 -5 -19 -1 -3 -29 -60
right_child=4 2 11 6 47 10 8 12 14 32 23 34 15 48 17 22 24 57 19 -21 21 -23 -24 -25 25 45 -28 60 -30 43 -32 36 -34 -35 -36 -37 38 -39 46 40 52 -43 -44 -45 -46 -47 -48 -49 -50 50 -52 -53 -54 -55 55 -57 -58 -59 61 -61 -62 -63
leaf_value=-0.025868054276018689 -0.018898742122437556 -0.0011038952155796376 -0.0097223949480610694 -0.019723253117816027 -0.026598102493740956 -0.028629843393471265 -0.0097096457027937948 -0.0067142376830169178 0.022075600431229629 -0.0026060041232140591 -0.0092328117661861359 0.016968365328375718 -0.00071016961107393058 -0.012167703262073329 -0.021913768268311207 0.0022711143947053022 0.0098503052638806397 0.0076397301229053152 -0.0024585360030054278 0.014933947961052957 0.024534631493306508 0.02026101119580194 0.00077435643588629204 -0.016497462466966199 -0.0020834077933528047 -0.0080737324565003255 0.0022506266340911597 0.0010848406281997228 -0.0094168314005551677 0.00058852500076607243 -0.026084562269441402 0.0059855665974269147 -0.013403011808165907 0.0024905039752427666 0.031401814131070009 0.023906758227830529 -0.0085595412869318033 -0.012989618091339384 -0.011366020028922853 0.02061937316118876 0.017631395125882927 -0.010130662381088092 0.0042834684687407237 0.011006291855665786 0.012858568137058695 0.030283142516626012 0.015530368118722375 -0.032908776334890359 -0.0037118360791332967 0.010545571670891728 0.031001306191700273 0.0016814425423648362 0.027376666510128284 -0.00062551253774294061 0.0098327328534738301 0.000773388686461335 0.0060748638471410394 -0.011307411132658986 -0.016840704392322263 -0.017839250361111753 -0.038834471167219192 0.0015299680802357187
leaf_weight=650.44988017529249 2346.5572051629424 351.04294131696224 230.8530915081501 195.11547384411097 4393.6239732503891 432.48924330621958 758.08553988486528 575.98425877839327 386.05685688555241 1685.524225383997 1765.7176853567362 5219.553775832057 571.77616897970438 1620.8540740087628 306.11437889933586 912.36751575767994 2964.42733900249 575.88000506162643 1972.0308601260185 818.52218552678823 447.01163303852081 1867.4690036922693 2362.1023451834917 1183.5795990899205 167.75278799235821 252.73105795681477 1731.0330034345388 42.142359532415867 680.5108171030879 1153.6284592226148 2258.5154773741961 755.00531044602394 1270.8335599973798 937.21373786777258 579.9257039129734 2300.1661165058613 255.60472647845745 406.78648133575916 172.23080191016197 1199.6307384073734 1229.7187597602606 231.72297605872154 1210.2465143054724 1689.1125649660826 2168.9788220226765 59.07687084376812 1252.1540601998568 2963.8229168057442 2075.6756804436445 3055.6412474960089 180.46925549209118 204.94366306066513 1419.3892601281404 200.98435744643211 3604.6318952590227 1017.5581992268562 166.36934052407742 234.06358401477337 1212.2854449674487 479.62990881502628 224.7811421379447 192.68259438127279
leaf_count=6068 24201 2052 1027 1275 55156 4702 4350 2601 1640 9128 14165 21839 2598 11911 1583 4083 12247 2589 11335 4344 1881 7669 10673 9607 692 1066 8991 253 3674 6111 24043 3391 7336 6399 2505 10102 1173 1952 788 4922 5040 972 5764 8114 9291 240 5346 40785 12471 13092 763 833 5949 1470 15970 4532 930 1140 10102 3178 1688 1383
internal_value=-0.000105189 0.00620845 0.0120767 -0.00118613 -0.0220715 -0.0163662 0.0017495 0.00720112 0.00241661 -0.000853532 -0.0106316 0.0169072 0.0089619 -0.0111996 0.00607383 0.0096691 0.0137799 -0.00445884 0.00181864 0.00320701 0.0124919 0.0136268 0.0058314 -0.00862189 0.014483 0.0173625 -0.00197625 -0.0183864 0.00145789 0.00299654 -0.0215164 0.00757166 -0.00722578 -0.00516845 0.0199786 0.0190936 0.00677997 -0.000663808 0.00816285 0.0186294 0.0194405 0.0138917 0.0110914 0.00678029 0.00972544 -0.000732847 0.00887054 -0.0291444 -0.00742185 0.0133266 0.0116595 0.0178593 0.0228613 -0.0174579 0.00714682 0.00783895 -0.00786595 0.00215705 -0.0179866 -0.0107767 -0.0325514 -0.014322
internal_weight=73830.8 57348.3 31973.6 25374.7 16482.5 9125.06 19622.7 15913.8 18994.3 10028.2 4319 16059.9 13352 5751.95 8966.09 12776.1 7960.25 1116.06 7071.89 6313.8 7332.61 6760.84 5443.45 3886.51 7729.39 4764.97 2561.71 628.408 5495.28 4814.77 4806.06 7850.03 2956.36 2702.93 8099.65 7519.72 7463.97 1161.79 6302.18 4453.16 4285.41 1636.3 4893.37 2842.74 3081.35 311.808 6046.57 7357.45 3696.53 3683.12 3236.11 1404.57 2649.11 2547.54 4794.42 4622.19 361.485 809.944 2055.42 830.673 266.924 1404.97
internal_count=461175 280647 140070 140577 180528 84587 98642 72636 94496 54392 34873 67434 58415 41935 40104 55814 32988 5312 37928 33578 31767 29169 24047 30171 31961 19714 14221 4146 29234 25560 49714 34792 16464 20564 34446 31941 33152 5343 27809 18408 17716 6727 21500 14225 13374 1306 26636 95941 24382 15736 13855 5755 10989 25671 21290 20502 2205 3729 17553 5230 1941 11485
cat_boundaries=0 1 2 3 4 5
cat_threshold=132600 1448 1152 2048 1152
is_linear=0
shrinkage=0.035


Tree=39
num_leaves=63
num_cat=7
split_feature=24 4 0 7 24 7 26 29 26 14 47 22 13 3 22 17 42 13 16 16 23 32 22 46 22 20 35 14 2 26 29 26 14 19 14 16 44 34 37 22 16 24 52 46 47 4 7 2 27 8 43 42 2 16 3 22 19 16 41 48 16 3
split_gain=7900.84 1893.84 578.469 571.405 536.863 215.093 209.718 271.041 234.555 224.66 185.162 166.442 151.297 142.766 170.141 127.116 120.441 115.324 114.859 113.729 105.602 127.725 94.744 111.392 92.0375 91.4963 83.4797 75.2517 75.0122 73.0749 107.175 72.2204 71.8343 71.2861 67.7787 64.9545 64.72 63.6439 61.6302 59.1743 76.4601 57.4146 56.6011 55.7437 53.7093 53.4249 53.066 52.5367 52.3746 52.2458 51.5956 51.1394 50.9869 49.6633 49.155 66.0255 49.0142 46.8034 45.9444 47.7396 63.1283 45.4477
threshold=3.5000000000000004 3.8550000000000009 443.13000000000005 0.95833333333333337 7.5000000000000009 0.95833333333333337 131.50000000000003 272.50000000000006 269.00000000000006 19.500000000000004 66.00500000000001 1.0000000180025095e-35 0.82971014492753636 57.500000000000007 29.500000000000004 2.5100000000000002 1.5000000000000002 0.36602870813397131 0 1 0.68301270189221941 1.0000000180025095e-35 64.500000000000014 109.47000000000001 13.500000000000002 52.404701932817616 12.500000000000002 20.500000000000004 558.54000000000008 131.50000000000003 272.50000000000006 35.500000000000007 19.500000000000004 858.89250000000004 16.000000000000004 2 85.030000000000015 1.5000000000000002 8156.5199999999995 35.500000000000007 3 12.500000000000002 3.5000000000000004 396.17000000000007 106.90000000000002 102.55000000000003 0.6515151515151516 15.850000000000001 6855.1200000000017 15.500000000000002 4.5000000000000009 3.5000000000000004 2488.1400000000003 4 64.500000000000014 19.500000000000004 675.91800000000001 5 16365.330000000002 4.5000000000000009 6 9.5000000000000018
decision_type=8 8 10 10 10 8 2 2 2 2 8 2 10 2 2 8 2 10 9 9 2 10 2 10 2 10 2 2 10 2 2 2 2 10 2 9 10 2 10 2 9 10 2 8 8 10 10 10 10 2 2 2 10 9 2 2 10 9 10 2 9 2
left_child=1 3 10 17 5 42 7 24 11 -10 16 61 58 53 -15 -7 -3 44 33 -14 -9 35 23 -11 56 31 27 -20 36 30 -17 -21 -33 34 -12 -22 47 45 -25 40 -34 -6 -2 -26 -1 -36 -44 -16 -42 -19 -23 -18 -27 -13 -31 -56 57 -5 59 60 -4 -8
right_child=4 2 12 6 41 15 8 20 9 22 18 13 19 14 28 29 51 49 26 25 21 50 -24 38 43 52 -28 -29 -30 54 -32 32 39 -35 37 -37 -38 -39 -40 -41 48 -43 46 -45 -46 -47 -48 -49 -50 -51 -52 -53 -54 -55 55 -57 -58 -59 -60 -61 -62 -63
leaf_value=-0.021544870023106663 0.0069626695539053898 -0.015531402710555883 -0.0049699627213533274 0.0096831297608643424 -0.026247200428202729 -0.029200031848542356 -0.0060374654369401834 -0.011390999283549863 -0.0082581520341179233 -0.0048700400512807565 -0.0072984750013549652 -0.0034707027282476059 0.0014701121343720061 -0.024738095648029555 -0.01878450231430576 0.012537967676710456 -0.0030329869138871241 -0.0053106083344202151 0.00012720399790226364 0.0037864168560926182 0.013988532966998672 -0.010719338834381946 0.020139102032815732 0.011467513753700741 0.015975096415609909 0.019325563642905164 -0.0030598033741945888 0.012438123404587068 0.0041942708773558381 -0.0060863801331885615 -0.0081963913281819165 0.0073347108850325702 0.028247941011542016 -0.010938364927429825 0.0092828500735320594 -0.0008411343898570723 -0.015393525064798567 0.014960981775268193 -0.007341519862060079 0.021550491920591313 0.013593295850662247 -0.032668387593687252 -0.027847196340570739 0.03045763402796596 -0.0093658845868231626 -0.009117053553273748 -0.019445728006830171 -0.00083501310537541652 -0.0085215984018963409 -0.016431619099480654 0.00097124803557093419 0.0086460840605158944 0.026659649910250428 0.0068354149313379431 -0.03055120845175012 -0.012720340528107487 0.017058032694447816 -0.0061215054219760463 -0.013596950866575929 0.013474025552072968 0.010025205359916066 -0.038994758170775141
leaf_weight=1369.101770170033 83.604443542659283 647.50515355169773 453.03077065944672 550.84229385107756 4298.2398511841893 411.80711708962917 66.806371666491032 714.75359148532152 1335.995919495821 873.74924468994141 224.48959004878998 1003.6884173378348 538.75590896606445 662.80553589016199 236.88086000829935 404.63074314594269 1072.008068099618 3057.1292678713799 1041.9334146156907 583.73578463494778 1337.6897164434195 650.4005975574255 686.09514917433262 2229.1254899203777 1098.4350150898099 3932.7101850062609 1530.9919059798121 1460.3192504420877 776.94419552385807 916.27520808577538 1235.0773894488811 900.01151733100414 447.45176395773888 176.65296591818333 1972.4439542368054 501.3319828659296 954.61771217733622 3863.9027337282896 235.30549550801516 2936.5839225500822 2772.0701482445002 2882.580036021769 1339.6685096547008 465.51031409204006 659.49874790012836 213.50196340680122 3012.2011639326811 1246.9562251493335 137.05473805963993 622.49642743170261 1593.9336510300636 802.05890437960625 1663.8851049989462 1310.0087476819754 317.01907690614462 1291.4950840771198 478.01993462443352 379.60097073018551 95.383838355541229 3096.7483180910349 1374.7597781717777 225.16689664870501
leaf_count=12345 623 4287 1948 2601 55156 4577 458 3753 7239 5199 1059 5044 2215 3589 1484 2687 5860 20024 4712 2394 6149 3692 3445 10237 5121 16694 7217 6577 3426 7433 9207 3716 1851 821 9164 2387 5154 16304 1152 12316 11384 40785 15532 1972 5208 939 31156 6567 559 4358 7564 3592 7414 6710 2685 10687 2130 1815 421 12835 5791 1754
internal_value=-0.000103922 0.00600032 0.011668 -0.00114807 -0.021689 -0.0159971 0.00168829 0.006156 -0.00124308 0.00417353 0.00598419 -0.005721 0.015572 -0.00450052 -0.00860466 -0.0106699 -0.00253047 -0.010893 0.0080321 0.0174519 0.00101031 0.0031833 0.00830169 0.00586344 0.0144591 0.018081 0.00336803 0.00731398 -0.00527234 -0.00883095 -0.00307525 0.0156338 0.0165946 0.010925 0.0115596 0.010019 -0.00828909 0.0122605 0.00966937 0.0179175 0.0147336 -0.028829 -0.0214897 0.0203025 -0.017592 0.00748238 -0.0220378 -0.0037112 0.0125059 -0.00719595 -0.00241991 0.00196734 0.0215104 0.00237956 -0.0125663 -0.0162514 0.00796081 0.00327376 0.0103596 0.0108263 0.0063355 -0.0315002
internal_weight=73453.5 57260.9 31938 25322.9 16192.6 9011.78 19614.7 7770.52 11844.1 5360.27 13005.8 6483.87 18932.2 6191.9 3878.2 4576.3 2521.57 5708.23 10484.2 13912.3 4798.11 4083.36 4024.28 3338.18 2972.41 13373.5 4033.24 2502.25 3215.4 4164.5 1639.71 7776.91 7193.17 6450.99 6274.34 1839.02 2438.45 6049.85 2464.43 6293.16 3356.58 7180.82 4435.47 1563.95 2028.6 2185.95 4351.87 1483.84 2909.12 3679.63 2244.33 1874.07 5596.6 2313.7 2524.79 1608.51 1408.46 930.443 5019.92 4924.54 1827.79 291.973
internal_count=461175 280647 140070 140577 180528 84587 98642 37184 61458 27272 60532 34186 79538 31974 20220 37276 13739 41935 46793 58543 23545 19792 20033 16588 13639 56328 18506 11289 16631 32699 11894 32220 29826 28287 27466 8536 13205 26407 11389 26110 13794 95941 47311 7093 17553 10103 46688 8051 11943 24382 11256 9452 24108 11754 20805 13372 6546 4416 20995 20574 7739 2212
cat_boundaries=0 1 2 3 4 5 6 7
cat_threshold=5608 2049 21896 1152 22529 133368 133128
is_linear=0
shrinkage=0.035


Tree=40
num_leaves=63
num_cat=7
split_feature=24 13 2 24 47 2 0 34 2 34 32 16 40 47 49 26 29 40 29 26 22 14 26 22 26 26 26 42 48 2 16 26 32 18 16 16 42 40 16 22 0 14 26 18 24 32 1 22 22 32 26 5 16 26 14 26 17 22 16 27 8 29
split_gain=7467.02 1771.66 789.929 530.756 347.625 274.61 210.151 169.908 166.337 155.803 127.58 153.249 123.565 105.927 100.194 89.9656 99.5571 88.9147 92.903 92.748 97.4986 83.9059 118.385 83.0488 78.9839 107.794 79.5983 78.6145 77.3617 76.9285 73.0278 71.4658 70.9378 70.4205 70.3481 67.5648 66.9817 65.2602 96.2535 65.2096 61.0556 59.3996 60.828 59.2313 57.9453 55.2591 54.7069 53.7088 53.5041 53.0583 52.0923 51.5647 51.4896 51.1551 50.0621 50.7486 48.1789 48.0077 47.8508 47.7626 47.6683 65.7592
threshold=3.5000000000000004 0.56832298136645976 558.54000000000008 7.5000000000000009 130.95000000000005 25.960000000000004 54.000000000000021 2.5000000000000004 3.9800000000000004 2.5000000000000004 878.7600000000001 0 1.0000000180025095e-35 5447.4400000000014 12.500000000000002 131.50000000000003 272.50000000000006 8333.6166666666686 333.50000000000006 122.00000000000001 1.0000000180025095e-35 19.500000000000004 299.50000000000006 8.5000000000000018 21.500000000000004 161.50000000000003 70.500000000000014 1.5000000000000002 11.500000000000002 15.125000000000002 1 223.50000000000003 500.31000000000006 4710.6975000000011 2 3 2.5000000000000004 3655.6799999999998 4 6.5000000000000009 261.98000000000008 19.500000000000004 284.50000000000006 10999.973333333335 12.500000000000002 12012.660000000002 inf 13.500000000000002 54.500000000000007 3547.4100000000003 122.00000000000001 74.887500000000031 5 21.500000000000004 16.000000000000004 21.500000000000004 10876.860000000002 66.500000000000014 6 20.200000000000006 8.5000000000000018 333.50000000000006
decision_type=8 10 10 10 8 10 8 2 10 2 10 9 8 8 10 2 2 10 2 2 2 2 2 2 2 2 2 2 2 10 9 2 10 10 9 9 2 10 9 2 10 2 2 10 10 8 8 2 2 10 2 10 9 2 2 2 10 2 9 10 2 2
left_child=1 4 5 6 8 32 31 13 -1 10 11 -7 -8 36 17 16 -12 18 19 -6 -21 -13 24 34 -23 26 -26 -10 37 -22 39 -2 -3 40 -15 -17 -4 38 -9 -31 -14 -41 45 47 -5 -43 58 -39 -19 53 -28 -52 -45 -38 -40 -56 -25 -24 -27 -55 -11 -62
right_child=3 2 7 44 14 9 12 28 27 60 15 21 33 23 -16 35 -18 48 -20 20 29 22 57 56 25 46 50 -29 -30 30 -32 -33 -34 -35 -36 -37 49 43 54 41 -42 42 -44 52 -46 -47 -48 -49 -50 -51 51 -53 -54 59 55 -57 -58 -59 -60 -61 61 -63
leaf_value=-0.019927399623240052 -0.016692304599149582 -0.0015887888149951604 0.0021018590352218525 -0.025896169684941222 0.0093460758551034903 -0.0052681972486966246 -0.03391835093911505 0.022291105961530073 -0.012245869140141219 0.020159485607912683 0.019143903897720256 -0.0013845182721502537 -0.010199120452991497 0.014641351978808973 -0.008947063764102911 0.0087816830084946826 -0.008929872388550416 -0.018847204305353447 -0.010488073287256094 -0.022693537967252039 -0.0095347563851613474 -0.0072645347146426268 0.014863906764264027 0.018930204830197448 0.0049393841568222069 0.015451743367745645 0.018228523083291349 -0.0028119977593901104 0.030357494089541335 -0.010492852608188481 0.019791045051347329 -0.025404271523209402 -0.015603993870855136 -0.016931733474044419 -0.010805778911170962 -0.015651178571174731 -0.0038132728763424603 -0.013181514799770821 -0.0091404476359846134 -0.006137984761513453 -0.00021575916110927001 -0.0097614577350720339 0.013590003398036208 0.014904303034984271 -0.032428048541690034 0.005177521164630018 0.016775169680899173 0.023469052287509444 0.000365740313907606 -0.0027209535697503753 0.011854278751797996 -0.0084556868511031519 -0.017015792949960404 -0.015589547315247089 -0.0091475807340015026 0.013097958032940202 0.0048941452262755546 0.031235079923641117 -0.00020329570759639856 0.013474882473426684 0.011952863890690162 -0.0033568817737254309
leaf_weight=1690.3485779613256 2477.6174759417772 3062.8885072991252 1323.600501075387 4205.686093583703 2281.3439127877355 1274.6298121213913 248.19753473997116 1372.641037479043 1946.4575828164816 761.27727778255939 325.40562575310469 1149.9742422178388 1760.1818198040128 274.35471319407225 1337.4616855084896 164.59171396493912 293.38458559662104 405.06938868761063 633.26850944012403 205.34310077130795 633.24281094968319 445.33500864356756 1051.1102994605899 3741.2738453894854 1634.0440803319216 252.9842522367835 1847.2813140302896 2436.9156964123249 664.69448617100716 438.2579952403903 302.62281389534473 2176.4320567473769 516.14979159086943 931.67310189455748 239.28095048666 762.42385609447956 234.83119846880436 49.191472962498665 146.81074859201908 613.06068417429924 1307.6496005654335 364.76783391088247 872.5629568323493 206.11890935897827 2803.7091835737228 1776.5950440913439 308.53852665424347 3014.1854776293039 315.45167054235935 319.43886590749025 1081.9082626253366 177.61976952850819 77.008004993200302 69.690370440483093 132.31904348731041 2264.249180406332 326.54271119832993 278.24661938101053 2549.649619191885 3996.3805941045284 4156.3784371912479 374.23264454305172
leaf_count=14796 25671 16803 5516 55156 11328 6159 3235 5878 14161 3143 1397 5448 14624 1131 7682 787 1329 2320 3534 1518 4620 2098 4562 15544 7153 1110 7924 15050 2881 2316 1601 24043 3282 7774 994 3782 991 214 608 3414 9240 1969 4389 895 40785 9026 1256 13082 1795 1347 4760 751 325 431 548 9586 1347 1207 11721 16435 17143 1560
internal_value=-0.00010267 0.00579916 0.00968196 -0.0213087 -0.00397683 0.00527466 -0.0156332 0.0150478 -0.0106026 0.00695892 0.00497524 0.00618944 -0.0100005 0.0121308 -2.26468e-05 -0.0044887 0.00584046 0.0013282 0.00237406 0.00346311 0.000884038 0.00754286 0.00861717 0.0161308 0.00706198 0.00787535 0.0111969 -0.00700299 0.0189187 0.00185646 0.00350974 -0.020771 -0.00361378 -0.00850808 0.00286319 -0.0113824 0.00904553 0.0178678 0.0147925 0.00223899 -0.00594521 0.00378605 0.00580606 0.0214609 -0.0285131 0.00262939 0.00281187 0.0228764 -0.0104467 0.0110338 0.0144855 0.00898571 0.00611867 0.0120558 0.0106091 0.0118664 0.0178049 0.0183114 0.00126923 0.012973 0.0120539 0.0106878
internal_weight=73084.6 57173.4 40920.7 15911.1 16252.8 22468.1 8901.75 18452.6 6073.72 18889 13597.1 12051.3 4247.7 10525.4 10179 1545.81 618.79 8841.59 8121.07 7487.8 5206.45 10776.7 9626.72 4581.45 8297.36 7852.03 4740.85 4383.37 7927.22 5001.11 4367.87 4654.05 3579.04 3999.5 513.636 927.016 5943.94 7262.52 3916.02 4065.24 3067.83 3626.99 3013.93 3346.5 7009.4 2141.36 3111.17 3063.38 720.521 4620.34 3106.81 1259.53 283.127 4300.9 2543.38 2396.57 4067.82 1329.36 2802.63 4066.07 5291.89 4530.61
internal_count=461175 280647 181128 180528 99519 103375 84587 77753 44007 83290 61444 54149 34873 43736 55512 7295 2726 47830 43715 40181 28853 47990 42542 19016 36773 34675 20588 29211 34017 27335 22715 49714 20085 31638 2125 4569 24720 31136 16620 21114 23864 18798 15384 14516 95941 10995 14087 13296 4115 19204 13435 5511 1220 17857 10742 10134 16891 5769 12831 16866 21846 18703
cat_boundaries=0 1 2 3 4 5 6 7
cat_threshold=75783 153989 5256 134152 5248 4352 1160
is_linear=0
shrinkage=0.035


Tree=41
num_leaves=63
num_cat=0
split_feature=24 2 13 24 13 0 2 26 13 26 40 32 29 14 42 42 26 7 14 18 2 22 18 29 26 4 2 29 3 32 26 32 48 23 3 37 18 4 26 47 29 40 19 24 3 14 0 40 35 51 48 2 39 52 23 19 32 47 26 44 46 44
split_gain=7055.99 1672.09 702.513 524.444 347.056 206.035 201.027 168.24 160.082 154.806 149.46 148.337 143.314 137.814 134.672 133.51 105.833 103.011 98.2637 94.0074 87.1002 85.7973 79.1816 75.1136 86.9027 76.9711 73.591 73.5745 73.0148 70.4421 70.419 66.1255 76.3064 68.9306 64.9303 64.7926 65.3327 79.9421 64.568 64.3578 60.3741 60.3416 60.1176 58.4529 55.9074 55.0625 54.6748 54.4889 54.2943 53.7158 52.1804 49.5259 52.2218 49.1328 47.7124 47.5269 47.1351 46.6712 45.8602 45.3362 47.8057 45.0915
threshold=3.5000000000000004 104.95000000000003 0.78759398496240618 7.5000000000000009 0.47913043478260875 16.65333333333334 1477.9600000000003 161.50000000000003 0.39565217391304358 51.000000000000007 1.0000000180025095e-35 332.22000000000003 333.50000000000006 16.000000000000004 3.5000000000000004 5.5000000000000009 192.50000000000003 0.6515151515151516 16.000000000000004 11807.703750000002 721.18000000000018 13.500000000000002 12759.216000000002 84.500000000000014 161.50000000000003 3.6150000000000007 27.030000000000005 272.50000000000006 223.50000000000003 1.0000000180025095e-35 345.50000000000006 845.37000000000023 3.5000000000000004 -0.6830127018922193 250.50000000000003 2423.3600000000001 11807.703750000002 861.21000000000015 122.00000000000001 inf 333.50000000000006 3192.0300000000002 218.36000000000004 12.500000000000002 38.500000000000007 18.000000000000004 17.280000000000026 3065.5000000000005 12.500000000000002 23.985090685794578 2.5000000000000004 167.79500000000004 197.36000000000004 4.5000000000000009 1.0000000180025095e-35 4087.9687500000005 12012.660000000002 4068.5000000000005 161.50000000000003 93.680000000000021 31.020000000000003 61.225000000000009
decision_type=8 10 10 10 10 8 10 2 10 2 8 10 2 2 2 2 2 10 2 10 10 2 10 2 2 10 10 2 2 10 2 10 2 2 2 8 10 10 2 8 2 10 10 10 2 2 10 10 2 10 2 10 10 2 2 10 8 10 2 10 10 8
left_child=1 4 8 5 17 53 12 9 45 -6 -7 14 13 -4 26 22 40 -1 -10 20 30 41 23 39 27 -26 -9 38 46 50 31 32 -20 -34 57 54 -37 -38 44 49 -12 -22 -16 -5 -25 -3 -11 -29 -48 -15 -19 61 -53 -2 -8 -51 -47 -17 -31 -40 -61 -18
right_child=3 2 6 43 7 10 35 11 18 28 16 -13 -14 15 42 34 51 29 19 -21 21 -23 -24 24 25 -27 -28 47 -30 58 -32 -33 33 -35 -36 36 37 -39 59 -41 -42 -43 -44 -45 -46 56 48 -49 -50 55 -52 52 -54 -55 -56 -57 -58 -59 -60 60 -62 -63
leaf_value=-0.022532620964597579 0.0029003550203476327 -0.021476773236288851 -0.0038487703618666257 -0.025544966629821284 -0.0073399985403732179 -0.034245459583992589 0.018535007509873285 -0.011380740742122098 -0.0083114444675950749 -0.0039521511020382954 -0.0029838593064667679 -0.017282581573432199 0.0010704437966058996 0.0031065124065818538 0.00990386219468317 0.01925943469065014 -0.012579579745672786 -0.015476901607232954 -0.002510783169221288 -0.0079003522318206454 0.0062797686063838119 0.013923526700174984 -0.0075529016130615858 0.010148720403782325 -0.0025757721126627034 0.0093241335379595728 -0.0012313895810426168 0.0051815628384905945 0.020014901574441996 -0.0077270072058048525 0.018505210623323852 -0.0037387609570329063 0.0012383274495689667 0.0096347327431424851 0.035523809962406665 0.02281614720676077 -0.015370763520866136 0.023003037840815838 0.019421085736927926 0.025835542890272817 -0.016082293640710406 -0.016453944315854663 -0.0048990216806401162 -0.03218755170692697 0.030565931261177931 -0.0081716691611615679 0.010443616671210952 0.016427021460167349 0.0015409246114052196 0.018579813784914842 -0.0014595780655147236 -0.0040422085079750173 -0.023833210496799422 -0.02379042861187276 0.0081026996794070303 -0.034128030375421413 0.0016011943586389994 -0.0066646394844272223 -0.017591116180767877 -0.017228528051441913 0.010588464035258914 -0.02363124464836127
leaf_weight=809.07129853218794 86.923193074762821 193.79584904760122 599.87169262766838 4115.8959790840745 1177.2447215020657 334.43038022518158 1275.2226495370269 1631.2381074205041 588.96087245643139 647.56671404093504 2307.0174242034554 914.05792270600796 1453.1637043654919 436.8202551305294 1270.59160002321 2336.2495908439159 861.208426438272 404.09235748648643 1257.0606310144067 549.55110102891922 1498.8511401936412 3213.3678746074438 256.97318468987942 217.06479586660862 809.5477003455162 3740.4200669676065 1887.3818035647273 1370.1834038048983 464.16269732266665 1062.3761784210801 429.33027315884829 1164.4039303287864 1736.8060602322221 3860.2824830263853 302.90115538239479 3730.4740190133452 125.64445841312408 139.11025640368462 762.71257063746452 784.84671811759472 529.33236701786518 157.14156484603882 456.12205675244331 2727.1568783819675 692.06130230426788 983.24865359812975 2230.5680118352175 859.06423372030258 1345.5407029390335 1098.311307862401 1653.4001530632377 725.82280688732862 209.9698237106204 2778.3037738353014 931.70070911943913 20.479657918214798 1566.4773807153106 87.821362495422363 1270.7720752283931 87.059833869338036 540.40200409293175 962.50660012662411
leaf_count=7706 657 1196 2530 55156 6562 4342 5540 10681 3062 3822 17764 5737 6055 1823 6053 9766 8273 3031 6032 2597 6589 13443 1055 891 3440 15524 9965 5638 2294 7512 1887 5425 8255 17403 1298 16264 525 602 3168 3255 4591 736 2134 40785 2830 5785 10432 3529 6635 4524 11461 5728 1756 32240 3941 84 8822 370 10111 377 2250 9236
internal_value=-0.000101242 0.00560532 0.00954315 -0.0209295 -0.00350699 -0.0152731 0.0135915 -0.000239705 0.00420948 0.00400253 -0.0115462 -0.00427923 0.0115662 0.0125826 -0.00201039 0.0132672 -0.0101837 -0.0110612 0.00568045 0.00627528 0.0068608 0.0105889 0.0116368 0.0120692 0.0106256 0.00720676 -0.00593854 0.0140583 0.00685191 -0.00894265 0.0047109 0.00397011 0.00528007 0.00702997 0.0202414 0.0189624 0.0216239 0.0048027 0.0184518 0.017662 -0.00543315 0.00411388 0.00599302 -0.0281965 0.0257076 -0.0035404 0.00540097 0.00952054 0.00709527 0.0135243 -0.00421877 -0.0150629 -0.00850354 -0.02298 0.0141364 0.0175854 -0.00216923 0.0183179 -0.0131048 0.0136917 0.00670761 -0.0184221
internal_weight=72720.1 57081.6 39857.4 15638.6 17224.2 8795.51 22658.1 12024.5 17199.3 5865.08 5930.29 6159.39 16456 15002.8 5245.33 14402.9 5595.86 5199.71 14455.8 13866.8 13317.2 4869.36 11675.9 11419 9078.52 4549.97 3518.62 4528.55 4687.84 4390.64 8447.88 8018.55 6854.15 5597.09 2726.97 6202.15 3995.23 264.755 2299.3 2340.46 2836.35 1655.99 1726.71 6843.05 909.126 2743.52 4223.68 2229.25 3576.11 1555.61 2057.49 2759.51 935.793 2865.23 2206.92 1118.79 2549.73 2424.07 2333.15 1390.17 627.462 1823.72
internal_count=461175 280647 176511 180528 104136 84587 95279 64315 81232 29745 51690 34570 68407 62352 28833 59822 47348 39821 65429 62367 59770 20768 48388 47333 37647 18964 20646 18683 23183 32115 39002 37115 31690 25658 11434 26872 17391 1127 9516 9686 22355 7325 8187 95941 3721 15803 20889 9167 17067 6431 14492 24993 7484 32897 9481 4608 14607 10136 17623 5795 2627 17509
is_linear=0
shrinkage=0.035


Tree=42
num_leaves=63
num_cat=7
split_feature=24 4 24 2 2 22 2 46 13 26 22 16 18 40 22 26 27 14 26 26 29 16 32 14 18 34 5 16 48 32 23 22 29 40 47 18 48 26 8 3 32 47 26 24 26 16 2 42 18 3 29 2 16 29 22 26 32 16 16 3 22 1
split_gain=6666.88 1585.13 517.662 489.021 464.912 199.439 195.355 189.048 151.5 144.981 133.543 153.695 136.892 118.788 117.965 115.78 112.076 101.693 122.635 143.423 236.893 100.633 98.0476 92.7791 83.8658 83.5085 81.396 78.9594 78.3273 77.666 100.187 76.0828 75.1472 75.0781 70.7609 69.7221 79.4877 69.2899 69.0747 84.472 64.3221 64.2876 59.2835 58.9349 58.5924 59.6201 57.7307 55.7691 55.6208 55.5137 55.3619 52.1382 51.9084 51.6341 50.8248 50.364 49.6508 49.4397 48.892 48.7779 50.8914 47.9349
threshold=3.5000000000000004 4.3500000000000005 7.5000000000000009 17.320000000000004 668.25000000000011 1.0000000180025095e-35 20.205000000000002 64.280000000000015 0.49074074074074076 146.50000000000003 41.500000000000007 0 12759.216000000002 1.0000000180025095e-35 15.500000000000002 70.500000000000014 8178.9300000000003 19.500000000000004 299.50000000000006 131.50000000000003 272.50000000000006 1 631.74000000000012 16.000000000000004 433.63125000000008 1.5000000000000002 78.606666666666698 2 11.500000000000002 12012.660000000002 0.68301270189221941 12.500000000000002 333.50000000000006 335.79166666666657 4839.1199999999999 2541.2350000000001 4.5000000000000009 192.50000000000003 9.5000000000000018 252.50000000000003 6131.5900000000011 11461.410000000002 223.50000000000003 12.500000000000002 112.00000000000001 3 313.74500000000006 3.5000000000000004 13915.875000000002 30.500000000000004 333.50000000000006 3409.9200000000005 4 333.50000000000006 60.500000000000007 35.500000000000007 896.70000000000016 5 6 43.500000000000007 16.500000000000004 71.850000000000009
decision_type=8 8 10 10 10 2 8 8 10 2 2 9 10 8 2 2 10 2 2 2 2 9 10 2 10 2 10 9 2 8 2 2 2 10 8 10 2 2 2 2 8 8 2 10 2 9 10 2 10 2 2 10 9 2 2 2 10 9 9 2 2 10
left_child=1 3 6 9 7 24 42 23 29 15 11 31 26 -8 35 -1 34 -10 19 20 49 28 46 -3 -5 41 -12 -24 33 61 44 57 -22 -9 -16 36 -13 53 47 48 -11 -25 55 -4 -31 -46 58 -35 56 -19 -23 -38 -48 -15 -20 -2 -40 -6 -21 -39 -61 -7
right_child=2 4 43 5 10 8 13 21 17 40 12 14 -14 37 16 -17 -18 18 54 22 32 50 27 25 -26 -27 -28 -29 -30 30 -32 -33 -34 38 -36 -37 51 59 39 -41 -42 -43 -44 -45 45 -47 52 -49 -50 -51 -52 -53 -54 -55 -56 -57 -58 -59 -60 60 -62 -63
leaf_value=-0.015690320060285427 -0.027512743926566247 -0.028867513338035861 -0.025193560072118794 -0.0066979394295599622 0.022113862612520855 -0.016638658268061865 -0.033171539266985434 0.018300936952397283 -0.0044407947971017792 -0.019353776089156415 0.015917487406669473 -0.0067057343936773482 -0.0059471440140690624 -0.0017968766605380845 0.010396207196943801 0.00090659824262283794 -0.008945857537390656 0.0063175247215840908 0.010609460196044361 -0.0092475076344703602 0.0056461961691598875 0.0042905950003971662 -0.016296324608123795 -0.0089752556924217325 -0.032667491490206153 0.0060901869245512334 0.024860016456369725 0.0031429988008688874 0.020466603885261139 -0.020921679268624212 0.017631319012946706 0.026030015170795364 -0.0053741896872510206 0.010363541277274412 0.019801515586193887 -0.016555943596495346 0.0067957273869145348 -0.0044664305181340682 0.0067757588224242578 0.017742036092075884 -0.0096726696909352847 0.0052817976213784786 -0.024993534229895503 -0.031946690984859825 0.019324204184476057 -0.0019647967622615685 0.028027783584735233 0.023093283030756927 -0.028924126764910137 0.020648487699565968 -0.013098302049893597 0.028746272546399127 0.0049895395498873538 -0.015288398192831251 0.025471478527971197 -0.013901288148522111 -0.0026247496330260994 0.0091413784386894618 0.0016897680183612081 -0.026672924649360958 -0.012449411668863547 -0.0047989712714263744
leaf_weight=704.86951977014542 412.60895335674286 131.29714280366898 4028.8036196306348 355.84122986346483 627.83591908216476 600.24727250635624 254.82521918416023 1041.7013846933842 1527.994140304625 1705.6425720453262 2216.5513509362936 510.35268084704876 242.02107587456703 1829.0079387351871 2508.4856139719486 1902.7185778990388 275.63496614992619 425.57107338309288 1551.730315759778 701.68456510454416 2500.22565818578 2413.6108979806304 728.17338798195124 1221.3037855550647 266.23889076709747 1891.2063112556934 2876.3372109383345 392.46113133430481 858.05030620843172 182.69882011413574 368.40315929800272 1250.108419880271 1086.638856716454 1586.9211253300309 1612.7031698822975 219.21518395841122 843.1692920923233 572.66020423173904 4821.0936135426164 727.79161193966866 1664.7582074180245 566.44967994093895 1915.5216344967484 2652.8702469840646 163.07293579727411 2160.1613917276263 119.70416803658009 575.14825592935085 57.338132217526436 1509.0230823680758 246.28192953020334 156.55591116845608 1724.4664701521397 428.1088564991951 344.59427320957184 1747.1574638560414 802.32108287513256 962.23990508913994 1676.9169694930315 429.06667894124985 1102.8712039068341 1385.6578616425395
leaf_count=5238 4710 836 55156 2306 2632 4373 3485 4420 7660 14132 9297 2140 1017 13633 10564 11858 1166 1852 6917 3675 11198 10742 3629 7700 2041 8792 12684 1799 3631 1173 1974 5396 5236 6761 6833 936 3490 5016 20600 3131 11988 2681 22018 40785 993 12739 497 2390 254 6514 1143 676 7386 3664 1560 18413 3473 4094 8428 3896 9752 8002
internal_value=-0.000100034 0.0054176 -0.0205535 -0.00101194 0.0107167 0.00164035 -0.0149195 0.00679315 0.00227431 -0.00978288 0.0153635 0.0127518 0.0197498 -0.00998599 0.0095744 -0.00358409 0.0126354 0.00408985 0.00511156 0.00367741 0.0076328 0.00878474 -0.000410443 -7.04581e-05 -0.017847 0.000964835 0.0209719 -0.00960895 0.0103263 -0.00306316 0.000614783 0.0194973 0.00230701 0.00942981 0.0140806 0.00184421 0.00452451 -0.00862412 0.00834958 0.00652272 -0.0145762 -0.00445748 -0.0205044 -0.0278792 -0.00189289 -0.000388115 0.00203234 0.013759 0.00508249 0.0175009 0.0026662 0.0102585 0.00667826 -0.00436146 0.0133221 -0.0165132 0.00543431 0.0144706 -0.00157101 -0.0131915 -0.0164479 -0.00838413
internal_weight=72364.7 56991.2 15373.5 25749.5 31241.7 19771.5 8691.83 16940.5 19149.4 5977.99 14301.2 8966.3 5334.91 4616.54 6126.12 2607.59 4396.82 14289.2 12761.2 10864.9 5521.46 13130.3 5343.41 3810.26 622.08 3678.96 5092.89 1120.63 10470.4 4860.24 2874.34 2840.18 3586.86 9612.32 4121.19 1729.29 1510.08 4361.71 8570.61 6408.54 3370.4 1787.75 4075.29 6681.67 2505.93 2323.23 4222.77 2162.07 5680.75 1934.59 2659.89 999.725 1844.17 2257.12 1896.32 2159.77 5623.41 1590.08 2378.6 2104.6 1531.94 1985.91
internal_count=461175 280647 180528 143168 137479 99952 84587 76554 95605 43216 60925 37927 22998 39446 25805 17096 18563 66351 58691 50214 24800 56545 25414 20009 4347 19173 21981 5428 44660 29254 16879 12122 16434 41029 17397 7242 6306 35961 36609 27458 26120 10381 45141 95941 14905 13732 19986 9151 24327 8366 11885 4166 7883 17297 8477 23123 24073 6726 12103 18664 13648 12375
cat_boundaries=0 1 2 3 4 5 6 7
cat_threshold=5248 21928 16640 1128 1160 1152 18565
is_linear=0
shrinkage=0.035


Tree=43
num_leaves=63
num_cat=8
split_feature=24 34 1 24 4 2 1 7 13 14 22 26 40 23 14 22 23 26 32 43 13 17 26 29 29 26 23 8 16 2 16 24 16 17 16 14 26 52 7 32 26 1 26 22 0 3 35 27 2 40 2 26 16 22 16 27 40 3 16 46 2 16
split_gain=6298.22 1482.63 596.173 510.69 460.996 252.022 211.682 198.863 170.658 144.359 140.844 132.743 121.375 116.763 101.566 101.217 95.5016 88.2626 116.474 96.1335 80.9039 76.5695 69.3153 94.5712 65.4199 65.3071 67.1386 62.6656 62.1849 70.6502 59.8832 59.3893 59.3742 58.6456 58.6866 58.6089 58.1149 53.5671 53.5536 53.4505 53.0286 52.7038 49.739 49.7213 47.9274 46.6957 45.777 45.675 45.9627 45.1633 49.7339 45.0926 43.4145 42.883 88.512 45.7122 42.774 51.0746 42.7489 50.8761 42.094 42.3845
threshold=3.5000000000000004 1.5000000000000002 269.29500000000002 7.5000000000000009 30.285000000000004 9.1900000000000013 4240.0800000000008 0.95833333333333337 0.93933823529411775 16.000000000000004 8.5000000000000018 21.500000000000004 1.0000000180025095e-35 -0.6830127018922193 18.000000000000004 1.5000000000000002 -0.6830127018922193 21.500000000000004 inf 4.5000000000000009 0.94281045751633996 9702.1800000000003 131.50000000000003 272.50000000000006 115.50000000000001 314.50000000000006 1.0000000180025095e-35 3.5000000000000004 0 3409.9200000000005 1 12.500000000000002 2 4.830000000000001 3 16.000000000000004 345.50000000000006 3.5000000000000004 0.6515151515151516 733.86000000000013 161.50000000000003 71.850000000000009 51.000000000000007 19.500000000000004 612.10666666666702 267.50000000000006 6.5000000000000009 13483.800000000001 546.75000000000011 1.0000000180025095e-35 6.3350000000000017 70.500000000000014 4 28.500000000000004 5 20386.710000000006 11173.690000000001 266.50000000000006 6 1100.7500000000002 570.10500000000013 7
decision_type=8 2 8 10 10 10 8 8 10 2 2 2 8 2 2 2 2 2 8 2 10 8 2 2 2 2 2 2 9 10 9 10 9 10 9 2 2 2 10 10 2 10 2 2 10 2 2 10 10 10 10 2 9 2 9 10 10 2 9 10 10 9
left_child=1 2 5 7 9 40 16 37 44 -3 32 -11 -9 24 -7 -15 33 -16 19 41 56 -12 23 -14 -13 26 30 -23 29 -10 -20 49 -8 -4 43 -18 47 -2 -39 -21 51 -19 -22 -35 -6 -44 -34 48 -37 -5 -51 -1 -24 54 -29 -55 57 58 -17 -60 61 -26
right_child=3 4 6 31 8 14 10 12 28 11 21 13 22 15 17 20 35 18 25 39 42 27 52 -25 60 -27 -28 53 -30 -31 -32 -33 46 34 -36 36 -38 38 -40 -41 -42 -43 45 -45 -46 -47 -48 -49 -50 50 -52 -53 -54 55 -56 -57 -58 -59 59 -61 -62 -63
leaf_value=-0.018509012740463238 0.0078005236922041553 -0.010409419771648186 -0.031770293466471179 -0.035051817233753085 0.0070278314695332118 -0.015926741324546922 -0.019630109668434755 -0.034323669951504966 0.0070563096680809284 -0.0076355258340996615 0.0179584176093418 0.007216649493032622 0.011632115614470938 -0.010305939496680488 -0.018312749227438075 0.015620423333875496 -0.010684849259453214 -0.015985337729539157 0.0118894326394265 0.0033824507175449809 0.0030634216439539902 -0.007933093169088962 0.015002258642256643 -0.0074151435586913795 -0.012454456582747757 0.021758881543839453 0.0056140244447704353 -0.018173887940478126 0.020003382155117683 0.032014623505185871 -0.0049844587448573422 -0.031705269381462682 -0.0051195915004925386 -0.019441545034961247 0.0050465313142181141 0.00071527191701533592 0.016433914864678541 -0.026688667227606346 -0.017954981218055645 -0.010328432223413972 -0.018113188065346033 -0.0042741764007968681 0.015530454829631599 -0.0041346882904524061 0.013405307474468286 0.035867174999144595 0.012159602014703733 -0.016463769810021792 0.0068271754643988618 -0.027191876683802289 -0.018725210495126543 -0.0049147485645403364 -0.012422549415396396 0.020416279465145088 0.018758647456044317 -0.0098628493201385718 -0.010423451813032973 0.019790448036843971 0.0054899771313203071 0.013848145033392172 0.0057358505767494882 -6.2355246806281543e-05
leaf_weight=434.73854228109121 82.407721437513828 588.63928804546595 95.03654632717371 470.90107338130474 2426.8258705809712 720.40813317894936 165.35291175544262 226.13786724209785 942.40501037240028 703.73456514626741 2192.9199800789356 2257.9047678858042 429.44189394265413 297.43086347728968 400.36578598618507 797.97073224186897 345.316301420331 1207.7484243437648 284.41644884645939 1319.7624103799462 378.24506759643555 269.94125024974346 65.80668942630291 1236.2211919650435 532.85706191509962 197.92105484008789 2226.2740631923079 146.71036642044783 6600.4438285976648 162.18764056265354 2041.5588334053755 2580.7967194095254 401.64639703184366 337.41673343628645 636.01363706588745 3113.861331038177 435.23701982945204 1243.6880407854915 2841.4573727399111 472.05346673727036 1972.1751516163349 772.54615551233292 2710.1065002679825 1125.0124052911997 3577.0735867321491 145.48243468999863 351.12241663783789 140.22521672397852 2920.7983895167708 1934.8947356790304 1538.5470467656851 955.45350494980812 2466.7759658619761 513.45061074197292 149.28876949846745 68.703250244259834 144.52024856209755 479.56418700516224 5061.194315135479 1083.0124106705189 695.02799870073795 904.27118870615959
leaf_count=3662 623 2771 790 7034 10515 4674 788 3173 3939 3200 9476 9968 2893 1493 2491 3598 1860 8808 1645 7536 1568 1192 528 9472 2539 1064 11417 616 28788 729 11857 40785 1879 1801 3061 15501 2000 15532 31156 2718 17165 4779 11282 5660 14874 610 1518 726 12986 27624 20498 7086 21210 2150 631 296 656 2119 22703 4432 2877 4153
internal_value=-9.85332e-05 0.00523635 -0.0008335 -0.0201787 0.0104947 -0.00617229 0.00434504 -0.0145697 0.0152561 0.00660407 0.0107895 0.0072232 -0.00939838 0.00789881 -0.00329458 0.00981012 0.00134408 -0.002273 -0.00151741 -0.00610823 0.010365 0.0141251 -0.00804793 -0.00250034 0.00306612 0.00212868 0.00127061 0.00679394 0.0187039 0.0106503 -0.00288725 -0.0275609 -0.00135079 -0.00502214 -0.00379619 0.00335218 0.00408699 -0.020056 -0.0206198 -0.000233424 -0.0144219 -0.0114211 0.0149994 -0.00762511 0.0108291 0.0165787 0.00290701 0.0032142 0.0036741 -0.0248419 -0.0234481 -0.00917617 -0.0116941 0.0113249 0.000473368 0.0168321 0.00838257 0.00875013 0.00798472 0.00695393 -0.00133052 -0.00474959
internal_weight=72019.4 56902.4 26413.5 15117.1 30488.9 13005.4 13408.1 8591.94 13708.9 16780 4259.14 16191.3 4424.38 15487.6 9643.05 11097.5 9148.92 8922.65 8522.28 3772.11 10800.1 3341.01 4198.25 1665.66 4390.06 4750.17 4552.25 1148.09 7705.04 1104.59 2325.98 6525.14 918.122 2193.48 2098.44 6955.44 6610.12 4167.55 4085.15 1791.82 3362.37 1980.29 3233.83 1462.43 6003.9 2855.59 752.769 6174.88 6034.66 3944.34 3473.44 1390.19 2532.58 878.153 295.999 582.154 7566.26 7421.74 6942.18 6144.21 2132.16 1437.13
internal_count=461175 280647 147833 180528 132814 84902 62931 84587 58845 73969 18546 71198 37276 67998 56989 48461 44385 52315 49824 23841 46968 14361 34103 12365 19537 25983 24919 4885 33456 4668 13502 95941 4185 11312 10522 33073 31213 47311 46688 10254 27913 13587 13460 7461 25389 11892 3397 29213 28487 55156 48122 10748 21738 3693 1247 2446 33508 32852 30733 27135 9569 6692
cat_boundaries=0 1 2 3 4 5 6 7 8
cat_threshold=141393 1144 24834 26944 66569 16640 1249 153600
is_linear=0
shrinkage=0.035


Tree=44
num_leaves=63
num_cat=3
split_feature=24 2 45 24 45 0 20 45 26 40 4 26 32 42 1 7 26 18 32 26 14 16 32 18 40 6 32 14 3 16 26 26 26 32 17 32 2 26 14 22 24 8 3 29 0 23 19 22 29 2 12 2 39 17 52 40 2 22 18 1 16 26
split_gain=5949.13 1395.56 590.742 503.427 293.72 193.803 179.152 149.583 145.07 141.929 136.094 134.505 132.991 117.037 107.026 96.5542 94.1194 77.4801 79.8174 74.509 79.6662 73.6868 103.054 107.838 86.3169 69.8936 68.323 72.0059 67.7292 64.6873 64.4632 63.4977 79.2712 71.426 63.0054 62.4502 61.9467 60.6204 67.3151 64.1865 59.7875 58.8848 67.2556 58.3878 58.3594 56.4707 56.1464 55.4142 54.2675 54.1152 47.8813 47.696 51.0597 46.888 46.5743 45.3049 49.2476 44.763 54.302 44.7163 44.4349 44.077
threshold=3.5000000000000004 104.95000000000003 1.2290209790209794 7.5000000000000009 2.0871212121212124 16.65333333333334 7.4670476093301046 1.7596153846153848 161.50000000000003 1.0000000180025095e-35 38.925000000000004 35.500000000000007 332.22000000000003 3.5000000000000004 inf 0.6515151515151516 192.50000000000003 11807.703750000002 12012.660000000002 51.000000000000007 19.500000000000004 0 8049.4600000000009 10175.094545454547 1793.3866666666668 144.39300000000006 1417.1400000000006 16.000000000000004 223.50000000000003 1 21.500000000000004 314.50000000000006 131.50000000000003 1363.9050000000002 10022.220000000003 3.9800000000000004 27.030000000000005 21.500000000000004 19.500000000000004 1.0000000180025095e-35 12.500000000000002 16.500000000000004 9.5000000000000018 272.50000000000006 5292.0233333333344 -0.6830127018922193 218.36000000000004 13.500000000000002 333.50000000000006 3409.9200000000005 22.134166666666669 144.04500000000004 197.36000000000004 507.31500000000011 4.5000000000000009 1.0000000180025095e-35 6.3350000000000017 30.500000000000004 13915.875000000002 78.920000000000016 2 161.50000000000003
decision_type=8 10 10 10 10 8 10 10 2 8 10 2 10 2 8 10 2 10 8 2 2 9 8 10 10 10 10 2 2 9 2 2 2 10 8 10 10 2 2 2 10 2 2 2 10 2 10 2 2 10 10 10 10 10 2 10 10 2 10 10 9 2
left_child=1 4 6 5 8 54 14 26 11 -7 19 -1 13 36 29 -6 48 18 59 -8 -21 -12 44 24 49 -26 27 -4 41 -3 -29 32 43 -34 -16 -17 -10 -20 -39 -40 55 42 -13 -22 -23 -32 -15 -27 -11 -24 -44 -18 -53 -31 -2 -5 -57 -36 -59 -9 -28 -37
right_child=3 2 7 40 15 9 10 17 12 16 21 28 -14 46 34 35 51 -19 37 20 31 22 23 -25 25 47 60 30 -30 53 45 -33 33 -35 57 61 -38 38 39 -41 -42 -43 50 -45 -46 -47 -48 -49 -50 -51 -52 52 -54 -55 -56 56 -58 58 -60 -61 -62 -63
leaf_value=-0.010424003378890257 0.0033583249759919862 -0.00088353962536230071 -0.0075451880741784173 -0.034876605199198434 -0.021664868760963799 -0.033625524064562741 0.0006621887129257322 -0.013690127340492814 -0.01068264705356458 -0.0024755866025039327 0.020701956252508504 -0.0057701173080648167 -0.016525042676186725 0.0092644849802472999 0.018140786185058978 -0.0040403417409428221 -0.017564871651362873 -0.015634235161702491 -0.012200149571647652 0.0014431507945050169 0.027690912055160735 0.0048293875008557996 0.0033774593030136105 -0.017666790017202855 0.015262596177874711 -0.0036093468162361445 -0.0090360118241764077 -0.0050826862109674097 0.017979913952119429 0.016135244611711216 0.0044134819481722572 0.025135065284277718 0.011028812917012439 -0.0064285117515667399 -0.0014358803917797166 -0.0069584555847970143 -0.0013284792122642778 -0.005081383213980422 -0.016515520366230899 0.0076750808186974656 -0.031463095053168827 -0.0041766497099603892 -0.0017490572968069682 0.013044249268574599 -0.053810837930108893 0.010849838930408796 -0.0050369824659440478 0.029407350640975188 -0.015066521013866064 0.028105389518718445 0.0097597149267180609 -0.0036899704532742635 -0.023084778309276941 0.0050774384475861679 -0.02275189872576304 -0.026864416283080561 -0.01835991355460307 0.019627530362317146 -0.0097201670574136711 -0.0015305026615817609 0.0041080796448651801 -0.01697302393607927
leaf_weight=730.51055116951466 86.182868018746376 1691.9817354083061 355.20875358581543 456.95377618074417 779.78553527593613 309.25198281183839 779.3798933327198 436.7689531520009 1604.5127372071147 2281.8976351171732 4638.0774532556534 503.98612194508314 896.56224571913481 1275.4202225729823 1484.5140082985163 2142.9490316808224 1682.5678716078401 347.83429650217295 265.99054979532957 716.24284835159779 575.47435210645199 854.25993227958679 606.79783883690834 105.4142844825983 1107.8146266639233 65.765357792377472 473.04722520709038 407.74347999691963 490.07520071417093 647.06443704664707 2271.4478444382548 551.77636390924454 2172.2922166213393 330.13461042195559 448.97324095666409 983.27373233437538 1886.7353554964066 690.53277020156384 138.55740008503199 3668.2574655935168 2510.8834223225713 823.44104187935591 525.64505454897881 799.47395147383213 20.311570286750793 6325.0694814622402 455.83098754286766 1105.9259802699089 512.90824417024851 131.09545892477036 2800.6746261045337 774.98618324100971 210.89593484252691 1713.2871392220259 2635.7355626299977 1890.7300515621901 1514.6847857758403 391.96839000284672 95.470965296030045 2412.4541164338589 891.72539789229631 1194.9619247540832
leaf_count=4175 657 7158 1750 7034 7706 4342 3219 2774 10681 17764 20288 2480 5737 6053 6186 15330 16865 1953 1447 2978 2379 3597 2527 441 4699 285 2093 1813 2409 2702 9802 2297 9048 1410 1847 7009 9965 3803 1020 17785 40785 4257 2973 3284 91 26757 2134 4995 4591 584 13451 6288 1840 7134 32240 27624 20498 1625 387 12420 3933 9776
internal_value=-9.72765e-05 0.00506094 0.00865964 -0.0198069 -0.00330051 -0.0142254 0.0126826 0.00413048 -0.000308266 -0.0105921 0.0148366 0.00362012 -0.00407951 -0.0019402 0.00783623 -0.0103344 -0.00928231 0.000495522 0.00123448 0.0107481 0.0122754 0.0176401 0.0139965 0.0170047 0.0182214 0.0215891 0.00682835 0.00789502 0.00561626 0.00435597 0.00850489 0.0140264 0.0124394 0.00872409 0.0136575 -0.00828525 -0.00562931 0.00400595 0.00496694 0.0067905 -0.0272427 0.00431069 0.00613592 0.0191902 0.00340759 0.00914988 0.00549824 0.0275527 -0.00479086 0.00780276 0.00794105 -0.0139829 -0.00785802 0.00808015 -0.0219243 -0.0244916 -0.0230882 0.0065384 0.0138713 -0.00339865 -0.000487188 -0.0124576
internal_weight=71680.2 56812.5 39718.1 14867.7 17094.4 8494.43 21033.5 18684.6 11993.4 5772.51 14560.2 5874.33 6119.06 5222.5 6473.26 5100.97 5463.26 7960.4 7612.56 5924.77 5145.39 8635.46 3997.39 3122.81 3017.4 2279.51 10724.2 9359.47 5143.82 4052.33 9004.26 4429.15 3877.38 2502.43 2420.93 4321.18 3491.25 4763.34 4497.35 3806.81 6373.25 4653.75 3830.31 1374.95 874.572 8596.52 1731.25 1171.69 2794.81 737.893 3326.32 2668.45 985.882 2360.35 2721.92 3862.37 3405.41 936.413 487.439 2849.22 1364.77 2178.24
internal_count=461175 280647 176511 180528 104136 84587 89161 87350 64315 51690 62122 29745 34570 28833 27039 39821 47348 41202 39249 24615 21396 37507 17219 13531 13090 9979 46148 40122 25570 16994 38372 18418 16121 10458 10045 32115 20646 24055 22608 18805 95941 23161 18904 5663 3688 36559 8187 5280 22355 3111 16424 24993 8128 9836 32897 55156 48122 3859 2012 15194 6026 16785
cat_boundaries=0 1 2 3
cat_threshold=5512 157748 16512
is_linear=0
shrinkage=0.035


Tree=45
num_leaves=63
num_cat=5
split_feature=24 4 24 0 2 22 0 47 26 29 48 48 3 22 14 26 26 22 18 16 17 26 42 29 14 26 26 4 18 16 32 26 18 26 40 14 22 16 29 26 16 41 26 32 32 14 26 32 22 40 24 26 13 26 40 16 43 46 18 22 2 18
split_gain=5618.78 1324.2 495.835 419.972 412.392 191.669 188.306 151.925 140.756 257.2 159.877 116.471 141.917 186.315 106.552 105.531 102.837 111.491 162.946 157.055 101.364 101.131 97.0696 94.303 92.8906 102.188 91.9915 88.9668 88.9434 87.135 86.4443 85.5814 81.384 79.443 78.6966 80.5839 78.0494 74.1684 73.0314 107.158 70.2541 67.7033 71.3929 65.7515 64.4294 62.7618 71.4799 66.5619 62.3462 61.7538 60.1535 59.375 59.1502 57.4066 54.997 52.6824 52.3698 52.3243 49.7301 48.9455 47.0365 52.0311
threshold=3.5000000000000004 3.8550000000000009 7.5000000000000009 612.10666666666702 7.6850000000000014 1.0000000180025095e-35 97.89666666666669 71.750000000000014 131.50000000000003 272.50000000000006 10.500000000000002 1.5000000000000002 57.500000000000007 29.500000000000004 20.500000000000004 161.50000000000003 21.500000000000004 32.500000000000007 11807.703750000002 0 7.2900000000000009 21.500000000000004 1.5000000000000002 333.50000000000006 18.000000000000004 299.50000000000006 223.50000000000003 133.96000000000004 4162.0275000000011 1 inf 70.500000000000014 433.63125000000008 161.50000000000003 6025.0800000000008 16.000000000000004 62.500000000000007 2 272.50000000000006 131.50000000000003 3 5525.1000000000004 314.50000000000006 596.08000000000015 8049.4600000000009 19.500000000000004 314.50000000000006 2445.8400000000006 12.500000000000002 3359.0700000000006 12.500000000000002 35.500000000000007 0.6858552631578948 70.500000000000014 12452.190000000001 4 4.5000000000000009 109.47000000000001 659.14166666666677 68.500000000000014 3258.2700000000004 1133.4458333333337
decision_type=8 8 10 10 10 2 8 8 2 2 2 2 2 2 2 2 2 2 10 9 8 2 2 2 2 2 2 10 10 9 8 2 10 2 10 2 2 9 2 2 9 8 2 10 8 2 2 10 2 10 10 2 10 2 10 9 2 8 10 2 10 10
left_child=1 4 6 7 15 32 26 22 9 52 11 14 -13 -14 -10 31 -5 19 27 48 -8 -9 -3 30 -23 29 51 45 -22 58 56 -1 -6 49 35 -21 57 -25 39 -37 60 42 -42 -35 -15 -19 47 -47 55 53 -4 -2 -7 -31 -51 -18 -11 -12 -26 -27 61 -41
right_child=2 3 50 16 5 8 20 21 10 23 36 12 13 44 -16 -17 17 18 -20 34 28 24 -24 37 25 59 -28 -29 -30 33 -32 -33 -34 43 -36 38 -38 -39 -40 40 41 -43 -44 -45 -46 46 -48 -49 -50 54 -52 -53 -54 -55 -56 -57 -58 -59 -60 -61 -62 -63
leaf_value=-0.017317418385519118 -0.023993466153478013 -0.01320681823504676 -0.024141024136905984 0.00030384558049785764 -0.0074836626075880678 0.010357843056737747 -0.026938444793035293 -0.0070444766130063202 -0.0043652885018299302 -0.0098549583722371114 -0.0047802412042622037 0.0010543000130160656 -0.023158365491437127 -0.010951278457678123 0.013865630140642494 -0.016069701600906164 0.021033579449891326 0.0055424894943433833 -0.007264348776470358 -0.013332438351542755 -0.0010843197795473714 -0.0023963456539353866 0.0019771179346458655 -0.0018156750167039367 0.019429800880349124 0.014462696684472467 -0.022971282036658439 0.024446049860743054 -0.014647697013956849 0.00031105268510380933 0.010122131525099458 -0.00083205139403677076 -0.032244733536877575 0.0044775116628666982 -0.010281704832142477 0.026132536048527791 0.016900241308280342 -0.019073393672022661 0.0022328484475000695 0.0034703601990389576 -0.01550155145257427 0.0095058582691300297 0.012825627241376121 -0.0088356044863044086 -0.0015017082239325464 0.017338610485317287 0.032850834211336555 -0.0017757761009298215 0.023883503582033158 0.015001965366445907 -0.031219997579482427 -0.01120302299564643 0.021413384254666507 0.0097676896013227411 -0.012143456016648723 0.0080267366601815913 0.0026574502980251519 0.0060340228538350218 -0.025952874761179488 0.03129745869976152 0.033523031435094379 0.019592322372479463
leaf_weight=519.38687834143639 551.29381739348173 681.25699294358492 3782.8899389952421 666.35801070928574 409.69381686300039 1854.2896103486419 285.3381644114852 579.39480544626713 729.65760899335146 588.27594623714685 742.16488330811262 2879.6528407260776 896.92210574448109 1493.7606146931648 848.51319221407175 2305.4933183640242 672.56334294378757 622.44184698164463 309.02738931775093 193.34215117990971 2006.9278453290462 990.03457304090261 2112.7109867185354 1061.8728600367904 897.88074149936438 1175.6952500119805 2407.46322799474 2219.8108609169722 839.32571063935757 1256.0626955628395 1462.0271288007498 1491.5581542104483 269.52890506386757 3339.3734290078282 281.71570299565792 572.4153990894556 620.13185770064592 421.7043424397707 1181.6204863935709 407.7919308245182 331.78442171216011 1039.0775578320026 161.17473012208939 525.06159143894911 2163.7203559949994 3289.1145436614752 340.0800659507513 239.22287836670876 1257.7157124429941 2075.4026484638453 2443.0774820074439 2309.4193267375231 873.6379394158721 2102.1941596195102 94.922883063554764 976.03744964301586 1344.2168032824993 2088.1757472902536 29.75195375084877 258.54577823728323 160.95962563157082 616.05603343248367
leaf_count=4123 6271 4547 55156 2788 2710 8763 3620 2636 4029 3497 4656 15175 5109 8680 4184 19298 2840 2639 1305 848 15143 4586 10513 5543 3821 5154 28351 10000 7023 5525 6645 9776 2133 14652 1191 2395 3178 2389 4930 1683 1386 4386 676 2410 10949 14054 1471 1000 5487 8854 40785 24179 3692 9165 414 4175 6298 9750 128 1111 730 2570
internal_value=-9.59259e-05 0.0048917 -0.0194378 0.00965007 -0.00111832 0.000929554 -0.0138868 0.00569142 0.0015488 0.00530051 -0.000741132 -0.00319399 -0.00502722 -0.00887182 0.00543925 -0.0109598 0.0137559 0.0143585 0.0175649 0.0114903 -0.00708665 0.00724733 -0.0017286 0.000486849 0.00789755 0.00876466 -0.017927 0.0187092 -0.00508774 0.00754677 0.00370385 -0.00509638 -0.0173423 0.00651085 0.00764046 0.0087413 0.00566451 -0.0068714 0.00969864 0.0123791 0.00947285 0.00441217 -0.00623267 0.00266684 -0.00536297 0.0158686 0.0175283 0.0160425 0.017949 0.00920859 -0.0269234 -0.0136754 0.013905 0.00623184 0.0138097 0.0135187 -0.00115462 0.00319765 0.0177566 0.0175171 0.0158367 0.0131807
internal_weight=71346.7 56721 14625.7 31656.6 25064.4 20747.9 8399.77 16118.3 20068.7 7606.02 12462.7 9012.23 7434.06 4554.4 1578.17 4316.44 15538.3 14872 7019.7 7852.25 3131.59 13324.3 2793.97 4878.1 12744.9 11754.9 5268.18 6710.67 2846.25 10320.7 3394.52 2010.95 679.223 9393.02 4945.94 4664.22 3450.47 1483.58 4470.88 3289.26 2716.84 1532.04 492.959 3864.44 3657.48 4490.86 3868.42 3528.34 2906.32 5528.58 6225.97 2860.71 2727.93 3358.26 2170.33 1648.6 1932.49 2830.34 927.633 1434.24 1184.81 1023.85
internal_count=461175 280647 180528 140070 140577 107380 84587 73516 102537 36827 65710 48126 39913 24738 8213 33197 66554 63766 30469 33297 25786 58456 15060 24372 55820 51234 58801 29164 22166 44969 16440 13899 4843 41020 20795 19604 17584 7932 18756 13826 11431 6448 2062 17062 19629 19164 16525 15054 12502 23958 95941 30450 12455 14690 9268 7015 9795 14406 3949 6265 4983 4253
cat_boundaries=0 1 2 3 4 5
cat_threshold=5248 1184 21904 131080 1152
is_linear=0
shrinkage=0.035


Tree=46
num_leaves=63
num_cat=5
split_feature=24 2 13 24 46 7 2 47 42 13 40 29 26 14 26 16 47 14 18 29 49 26 42 42 27 16 22 18 41 26 29 50 29 49 24 22 22 16 3 14 40 25 29 14 18 23 14 22 16 40 46 52 7 17 23 3 42 26 16 25 40 2
split_gain=5305.37 1237.7 526.848 488.057 266.799 185.818 165.244 156.35 235.714 135.726 114.92 98.9272 98.0495 97.385 121.418 100.717 91.0598 81.5296 83.9874 82.1361 86.9946 75.7876 67.3906 64.8247 63.6432 64.148 94.5963 99.5105 65.7092 63.0754 86.5168 62.7533 61.7117 61.0955 60.5142 58.5181 56.4406 56.0332 54.7091 52.9875 51.6952 51.5363 51.2645 49.452 49.2257 48.6729 58.2028 47.817 47.3186 46.491 50.1806 41.9746 49.4247 41.2942 45.0779 60.0978 41.2819 41.2396 41.0254 40.7925 40.7546 40.712
threshold=3.5000000000000004 104.95000000000003 0.81365740740740755 7.5000000000000009 10.150000000000002 0.95833333333333337 1124.8200000000004 inf 3.5000000000000004 0.39565217391304358 1.0000000180025095e-35 333.50000000000006 177.00000000000003 19.500000000000004 299.50000000000006 0 501.80000000000007 16.000000000000004 11807.703750000002 333.50000000000006 12.500000000000002 122.00000000000001 5.5000000000000009 1.5000000000000002 2.2450000000000006 1 18.500000000000004 3234.6600000000003 2681.1000000000004 131.50000000000003 272.50000000000006 60.885492568337121 272.50000000000006 12.500000000000002 12.500000000000002 34.500000000000007 60.500000000000007 2 60.500000000000007 18.000000000000004 1.0000000180025095e-35 186.01948051948057 241.50000000000003 19.500000000000004 433.63125000000008 0.68301270189221941 20.500000000000004 10.500000000000002 3 1.0000000180025095e-35 3.8000000000000003 3.5000000000000004 0.6515151515151516 8858.970000000003 0.68301270189221941 48.500000000000007 3.5000000000000004 269.00000000000006 4 12.602083333333335 1006.7566666666668 1550.1200000000001
decision_type=8 10 10 10 8 8 10 8 2 10 8 2 2 2 2 9 10 2 10 2 10 2 2 2 10 9 2 10 10 2 2 10 2 10 10 2 2 9 2 2 10 10 2 2 10 2 2 2 9 10 10 2 10 8 2 2 2 2 9 10 10 10
left_child=1 4 9 5 12 39 11 8 23 43 -7 13 42 48 15 22 -10 -11 19 20 24 32 41 -6 44 -26 27 61 38 30 -12 36 -17 35 49 -23 -8 -21 -28 -2 -41 -15 -1 -3 -19 46 -25 -16 -4 -5 -51 -42 -53 54 -9 -56 -22 -48 -31 -59 -34 -27
right_child=3 2 6 34 7 10 31 53 16 17 29 -13 -14 14 47 21 -18 18 -20 37 56 33 -24 45 25 26 28 -29 -30 58 -32 -33 60 -35 -36 -37 -38 -39 -40 40 51 -43 -44 -45 -46 -47 57 -49 -50 50 -52 52 -54 -55 55 -57 -58 59 -60 -61 -62 -63
leaf_value=0.0022330864466251319 -0.030258116869211614 -0.016194966724794719 0.0095775303116640651 -0.034582182227383684 -0.011895706257884721 -0.033767292646722798 0.010520568936239684 0.0044992404213148787 0.007770362687489994 -0.0072292796328086587 0.01156014885456683 -0.00016019926219654489 -0.016568085783822555 0.012788832302072544 0.0069441521974998198 0.022686725913435523 -0.0066772273529787547 0.005283907349112266 -0.0073449349123269111 -0.016877498140773637 -0.0022431898394156165 0.00071335458155337851 0.022547976834347793 -0.013126050687270796 0.019066447979268961 0.0036185320959177432 0.015377867794984301 -0.013164149010520989 0.015801905465716762 0.015134407704336597 -0.0066924438749938137 0.018933808540677576 -0.0044471432033251533 -0.01107814075378373 -0.030975816431314005 0.012518892912361785 0.022332129296809486 0.001341910965675121 0.0059195373914862209 -0.033032327438274049 0.008489402060984098 -0.0037646250507312089 -0.0098120770456386012 -0.0016342386199037881 -0.030350473032721596 0.00085144182466145976 -0.0075897371525012825 0.023149365817701901 -0.0029852604141376716 -0.026741394982546809 -0.018039123485095548 -0.023768558401830654 -0.014196312308155462 -0.0021623361648579857 0.0068565967022169889 0.025524441065349689 0.0064988055639835646 0.0096601160631541571 -0.011496954875373305 -0.0061768724906575397 0.011145888484054916 0.013586757302371719
leaf_weight=678.88559249043465 454.93497178703547 323.27329089492559 609.97499711811543 434.24159822240472 2082.3986145555973 209.24341433122754 2884.2096135243773 1770.7673273384571 2554.9914802908897 632.14538318663836 429.74452477693558 1167.1887736916542 2018.0056772381067 3496.5755652338266 268.09127080440521 477.0736598521471 674.84978392720222 98.560484699904919 590.52622962743044 255.90763439238071 1628.9077542498708 1553.7400349751115 864.54727055132389 1155.5113358944654 676.9839536100626 2716.333663880825 971.70667281001806 391.80189099907875 1988.5591891407967 65.621991403400898 1215.8096582666039 4163.916574947536 259.62101148068905 348.31657982617617 2377.326632682234 767.96646530926228 599.004723533988 916.47223617136478 3272.4145158529282 245.60201600566506 80.551034703850746 246.21367706358433 1191.7475249841809 2406.5964881852269 90.198018610477448 1450.5072048082948 1097.8880655243993 1359.2787281423807 891.68388195335865 1616.6212720163167 1655.0795375220478 937.79039794206619 2266.6427364498377 641.02202696353197 541.42062899470329 346.56138908863068 1113.0440444201231 459.90117777138948 2402.9550788328052 350.04092624783516 972.50792519748211 615.06625999510288
leaf_count=4401 5678 2013 2535 7034 15679 3173 12210 8926 11909 3288 2893 4865 16510 14474 1120 1967 3238 555 2779 1210 7818 6522 3666 7533 2905 12049 4200 1784 8591 528 9472 18875 1088 1487 40785 3214 2640 4139 14260 3290 608 1025 9020 13790 701 8134 6779 5732 3735 24724 23398 12273 25462 3026 2463 1534 4699 2856 21210 2128 4006 2569
internal_value=-9.45146e-05 0.00472778 0.00811853 -0.0190692 -0.00316761 -0.0135515 0.0119323 -0.00078178 -0.00299541 0.00384694 -0.00852304 0.00957128 -0.0112186 0.0105087 0.0116889 0.0100938 0.00475052 0.00508054 0.0055887 0.00610747 0.00687567 0.00624192 0.0137096 -0.00678833 0.00828652 0.00864443 0.00790681 0.00349933 0.0105514 -0.00723123 -0.00192156 0.0160315 0.0120088 0.00257052 -0.026602 0.00462206 0.0125576 -0.00277842 0.00808817 -0.0190028 -0.0175443 0.0116992 -0.00544182 -0.00336383 -0.0118141 -0.00443 -0.00693026 0.0204856 0.0021646 -0.0237887 -0.022346 -0.0163767 -0.0170042 0.00580889 0.00773083 0.0141628 0.00130654 -0.00317275 -0.0107684 0.00281651 0.00785935 0.00546246
internal_weight=71025.1 56632.9 39618.4 14392.2 17014.5 8308.9 20929.9 13125.9 9826.09 18688.5 4323.37 13282.8 3888.64 12115.6 10613.9 8986.56 3229.84 15958.6 15326.5 14736 13563.6 4379.23 4607.34 6596.25 10821.6 10632.9 9955.88 3723.2 6232.68 4114.13 1645.55 7647.13 1709.2 2670.02 6083.27 2321.71 3483.21 1172.38 4244.12 3985.52 3530.59 3742.79 1870.63 2729.87 188.759 4513.85 3063.34 1627.37 1501.66 3705.94 3271.7 3284.98 3204.43 3299.77 2658.75 887.982 2741.95 1907.83 2468.58 809.942 1232.13 3331.4
internal_count=461175 280647 176511 180528 104136 84587 89161 74205 58256 87350 37276 55436 29931 50571 44301 37449 15147 71547 68259 65480 60131 18284 19165 43109 47614 46358 43453 16402 27051 34103 12365 33725 7061 11223 95941 9736 14850 5349 18460 47311 41633 15499 13421 15803 1256 27430 19296 6852 6270 55156 48122 38343 37735 15949 12923 3997 12517 11763 21738 4984 5094 14618
cat_boundaries=0 1 2 3 4 5
cat_threshold=1512 1192 133129 21672 66569
is_linear=0
shrinkage=0.035


Tree=47
num_leaves=63
num_cat=7
split_feature=24 34 46 24 4 1 0 13 26 40 22 27 14 44 2 26 26 26 23 22 17 16 10 18 37 18 7 1 3 16 46 29 26 26 16 27 40 6 3 0 16 18 16 44 44 2 35 40 7 14 26 52 41 35 18 40 16 22 41 18 3 16
split_gain=5009.19 1184.24 483.991 479.939 377.152 269.212 182.157 166.933 137.775 134.531 116.058 108.162 99.7052 95.7668 107.251 93.2249 85.264 82.811 92.4032 83.0221 66.2828 65.0347 60.8754 59.7739 59.6256 57.4619 53.9442 55.0858 52.8992 54.5386 54.1177 51.689 51.2973 51.0656 50.8975 65.1118 48.9882 53.093 50.8517 48.5469 48.3422 47.5583 53.9163 47.2385 46.1392 61.6805 45.1021 44.7942 49.364 44.1734 43.9405 43.8915 43.7009 43.102 42.3197 41.7733 41.1854 40.3592 50.0268 39.4121 72.2472 46.8968
threshold=3.5000000000000004 1.5000000000000002 33.165000000000013 7.5000000000000009 18.735000000000003 4240.0800000000008 16.65333333333334 0.94281045751633996 161.50000000000003 1.0000000180025095e-35 8.5000000000000018 2.2450000000000006 16.000000000000004 340.93000000000006 385.11000000000007 51.000000000000007 192.50000000000003 21.500000000000004 -0.6830127018922193 1.5000000000000002 9702.1800000000003 0 1.0000000180025095e-35 12759.216000000002 3213.3900000000008 415.82791666666674 0.61250000000000016 1123.8500000000001 267.50000000000006 1 1308.7900000000002 115.50000000000001 21.500000000000004 21.500000000000004 2 1102.0550000000003 12452.190000000001 156.37950000000004 44.500000000000007 612.10666666666702 3 3647.1129166666674 4 53.360000000000007 333.06000000000006 167.79500000000004 10.500000000000002 1.0000000180025095e-35 0.82575757575757591 20.500000000000004 161.50000000000003 4.5000000000000009 14977.340000000002 3.5000000000000004 62.220666666666666 3104.6833333333338 5 56.500000000000007 8493.3000000000011 247.8383333333334 28.500000000000004 6
decision_type=8 2 8 10 10 8 8 10 2 8 2 8 2 10 10 2 2 2 2 2 8 9 10 10 8 10 10 8 2 9 10 2 2 2 9 10 10 10 2 10 9 10 9 10 8 10 2 10 10 2 2 2 10 2 10 10 9 2 10 10 2 9
left_child=1 2 8 6 12 11 51 39 15 -8 40 25 -3 14 34 -1 33 -14 31 -20 -12 -9 -5 24 49 -4 -10 46 29 30 -21 -19 -23 -11 50 -36 37 41 -38 -6 -7 42 -34 -37 45 -18 -28 -24 -49 -16 -13 -2 -30 -22 -31 -15 -51 58 -41 -55 61 -61
right_child=3 4 5 22 7 10 9 21 26 16 20 13 17 55 23 -17 44 18 19 28 53 32 47 -25 -26 -27 27 -29 52 54 -32 -33 36 -35 35 43 38 -39 -40 57 -42 -43 -44 -45 -46 -47 -48 48 -50 56 -52 -53 -54 59 -56 -57 -58 -59 -60 60 -62 -63
leaf_value=-0.015635814145828705 0.0037034582853845022 -0.010497679233602905 -0.0066780930362896887 -0.030023784058426695 0.005935247241255024 -0.016832436168411749 -0.033017221494967698 0.0023500794772329477 -0.023425813725926024 -0.019112348655773957 0.01685491075608141 0.00019895716290494982 -0.0071540403098822028 -0.0013338334260734246 -0.0032408771881266888 -0.00061620325692437962 -0.014673347114133593 0.0055456611992628219 -0.010526562205051318 0.0056284149967112196 -0.0052733754683411812 0.0046059421713764937 -0.034509306186047285 -0.028074041449678233 0.010196126830974362 -0.031292629961222333 -0.0076928396300355055 0.014668481173377209 0.021806261009255812 0.00069766930599991339 0.013791985393534188 -0.0027188500591784934 0.010534678871799052 -0.0026197859846902949 0.0063749988262659539 0.0017021853656253875 0.0298567194930675 0.02227831244931788 -0.0021384163218153259 0.010968026551338817 0.0029441249209536348 0.019777835302592549 0.023880272891538636 -0.0065308920907451214 -0.022059885377993468 -0.0015658684263709739 -0.016973952277915531 -0.026336913203342333 -0.016936117831389475 0.00044971009554210805 -0.0086994906078894027 -0.02174028961511219 -0.016804813991378849 0.044390340414382862 0.018694452432256804 -0.01087664113925251 0.010837224678965208 0.019200609137146493 -0.0094234136737842769 -0.033662207941064344 0.014839097144419907 0.0018239079629993919
leaf_weight=644.10548543184996 85.618891343474388 482.17924242466688 292.96437877416611 2817.7637372538447 3318.0685425773263 186.36274276673794 286.35854054987431 411.70219258964062 628.78226970881224 252.33280278742313 2007.8774150460958 1178.8588628545403 588.6902370005846 1063.6890912503004 1043.2919790744781 2352.0320517122746 1404.4503683745861 1928.4025935903192 283.74028127640486 6343.7867634296417 293.54680667817593 395.29627522826195 361.85419011861086 63.663973420858383 2164.8497723639011 192.3291155025363 1132.2450266182423 90.644903913140297 516.6031309440732 195.07143887877464 1179.7186455279589 1783.5662807524204 2269.7826913297176 2501.1494346559048 1779.6828136146069 1975.6220018044114 76.787805825471878 2530.2863298654556 278.97485655546188 3188.885575979948 642.08912009745836 2281.4684558361769 459.96485733985901 1501.89615098387 542.57943236082792 640.46162533015013 1487.262742832303 1301.2757083587348 1463.9652072899044 930.5395270138979 1604.5800360739231 2506.9687627032399 37.869321420788765 38.631129071116447 892.89497966319323 1191.0023133680224 943.2488162368536 714.14807114005089 153.7865993976593 54.494675070047379 590.59745272994041 153.87280206382275
leaf_count=5046 657 2315 2009 49179 14437 886 4342 1729 6056 2329 8605 6399 2725 5263 4823 15005 14438 8562 1441 27920 1285 1659 6017 327 9516 1655 8393 408 2254 933 4886 8108 9720 20026 9798 11344 352 11717 1198 13288 2840 9899 1962 8633 5342 5213 11595 20312 20433 4143 9817 32240 181 163 3866 6337 4123 3011 651 223 2505 636
internal_value=-9.31373e-05 0.00456977 -0.00087556 -0.0187047 0.0092815 0.00180749 -0.0132231 0.0129545 -0.00929995 -0.0096837 0.00996376 -0.000224867 0.00513131 0.000286972 0.00142687 -0.00384924 -0.00842671 0.00568009 0.00625463 0.0080925 0.0130382 0.0162375 -0.0262806 0.00537216 0.00579659 -0.0164775 -0.0141884 -0.0120374 0.00866996 0.00799343 0.00690099 0.00157498 0.0169034 -0.00413758 -0.00109826 0.000930332 0.0175397 0.0181384 0.00483174 0.00907808 -0.00168704 0.0160441 0.0129174 -0.00185443 -0.0129876 -0.0105709 -0.0129668 -0.0228991 -0.0213679 0.0025292 -0.0049144 -0.0208989 0.0191437 0.00625431 0.0153305 -0.00637725 0.00574189 0.0116465 0.0100273 0.0102958 0.00859386 -0.00909397
internal_weight=70705.2 56540.4 26228.8 14164.8 30311.7 19893.7 8219.92 16079.2 6335.07 5627.33 3967.47 15926.2 14232.5 15440.9 13186.2 2996.14 5340.97 13750.3 13161.7 9449.68 3139.02 8704.26 5944.86 5145.59 5081.93 485.293 3338.93 2710.15 9165.94 8611.47 7523.51 3711.97 8292.56 2753.48 8040.64 5257.2 7897.26 7541.5 355.763 7374.89 828.452 5011.22 2729.75 3477.52 2587.49 2044.91 2619.51 3127.1 2765.24 2917.08 2783.44 2592.59 554.472 1131.14 1087.97 2254.69 1873.79 4056.82 3342.67 837.596 798.965 208.367
internal_count=461175 280647 147833 180528 132814 101330 84587 69623 46503 51690 17143 84187 63191 80523 68923 20051 47348 60876 58151 41481 13417 38236 95941 22932 22605 3664 26452 20396 40040 37605 32806 16670 36507 22355 45991 29775 34848 33298 1550 31387 3726 21581 11682 19977 24993 19651 19988 46762 40745 13089 16216 32897 2435 4812 4799 11600 8266 16950 13939 3527 3364 859
cat_boundaries=0 1 2 3 4 5 6 7
cat_threshold=10325 227584 96260 90375 151808 18688 256
is_linear=0
shrinkage=0.035


Tree=48
num_leaves=63
num_cat=7
split_feature=24 4 24 1 0 0 26 29 29 40 3 22 7 7 14 22 16 18 4 45 22 19 16 32 26 23 40 29 26 14 22 26 29 32 21 16 14 26 32 26 44 48 14 26 27 32 14 16 0 16 16 45 41 26 41 16 46 42 43 46 46 22
split_gain=4728.66 1106.79 471.765 365.105 342.838 205.339 161.015 218.924 218.082 154.875 134.896 200.64 127.607 117.96 117.368 93.365 166.619 141.734 92.4113 92.1664 86.039 84.0562 90.4641 83.4559 74.7842 67.6851 66.2284 82.181 122.703 89.038 65.707 65.6549 61.5724 79.703 59.2165 57.9996 57.9173 65.9044 59.2926 56.8168 54.3412 52.9083 56.2885 52.7435 50.4061 50.3559 50.13 49.9275 49.7434 49.229 48.8913 47.8979 47.8877 58.0367 48.3489 47.6769 45.6449 45.5084 43.4098 42.8855 42.6838 44.5713
threshold=3.5000000000000004 4.3500000000000005 8.5000000000000018 65.90000000000002 612.10666666666702 16.65333333333334 131.50000000000003 272.50000000000006 115.50000000000001 1.0000000180025095e-35 57.500000000000007 25.500000000000004 0.95833333333333337 0.6515151515151516 19.500000000000004 32.500000000000007 0 11807.703750000002 133.96000000000004 5.366666666666668 13.500000000000002 978.47000000000014 1 4.4850000000000012 192.50000000000003 -0.6830127018922193 5708.1900000000023 272.50000000000006 131.50000000000003 20.500000000000004 12.500000000000002 21.500000000000004 333.50000000000006 inf 1.4450000000000001 2 19.500000000000004 314.50000000000006 2445.8400000000006 21.500000000000004 333.06000000000006 2.5000000000000004 20.500000000000004 51.000000000000007 2.2450000000000006 810.21000000000015 16.000000000000004 3 97.89666666666669 4 5 1.1213235294117649 5525.1000000000004 314.50000000000006 2082.3750000000005 6 29.350000000000005 1.5000000000000002 4.5000000000000009 331.54000000000002 7.2250000000000005 64.500000000000014
decision_type=8 8 10 8 10 8 2 2 2 8 2 2 10 10 2 2 9 10 10 10 2 10 9 10 2 2 10 2 2 2 2 2 2 8 10 9 2 2 10 2 8 2 2 2 10 10 2 9 10 9 9 10 8 2 10 9 8 2 2 8 10 2
left_child=1 3 5 13 12 -2 7 20 14 -7 35 -12 46 -1 -8 16 30 18 31 24 55 22 39 41 43 -16 27 28 -18 -30 50 -17 33 -9 -24 -10 -33 38 -38 -14 48 42 -15 -11 -37 56 -3 -34 -26 -31 -6 -36 53 54 -51 -5 -13 -48 -25 -57 -27 -62
right_child=2 4 -4 6 15 9 8 32 10 19 11 45 21 23 25 17 26 -19 -20 -21 -22 -23 34 58 40 60 -28 -29 29 49 -32 36 47 -35 51 44 37 -39 -40 -41 -42 -43 -44 -45 -46 -47 57 -49 -50 52 -52 -53 -54 -55 -56 59 -58 -59 -60 -61 61 -63
leaf_value=-0.020392840583712477 -0.021152801953488631 -0.025443578778075217 -0.027184705935149097 0.012667637317696901 0.019117747766883991 -0.033121068413457522 -0.0062860911725599895 -0.0019276175560994371 0.0079489216042078585 -0.010931897290753587 -0.030045151042199399 -0.021295368987931735 -0.021799925282960615 -0.014819446316875705 0.0014526885853494164 -0.0047598539467247876 0.024911656145672853 -0.0071936067171454437 0.022301281499551243 -0.016825180175830325 0.018123209523880739 -0.006487226939550764 0.0057901703463672516 -0.01517057443479578 -0.014136266458593777 -0.011617860919710616 -0.009557260988341228 -0.00027883562757956531 -0.0017093404063968822 0.017816406080781458 0.022516926638435571 0.0046349544538879022 -0.0018079089809641723 0.0090247183777393356 0.013832272836639946 -0.030699306354405161 0.016051392392530096 0.031225281317576674 -0.0022059195162504835 0.0024041021722320819 -0.021200736910777826 -0.00029644008301329218 0.020641806070863314 0.00088252206602746166 -0.002278071524280102 -0.015966537521878234 -0.0081526110012046862 -0.017627042694752872 -0.0015325262133565061 -0.0045436020466308518 0.0068516250677227927 0.0071032976138840813 0.011469975468185224 0.011680986882863996 -0.041130180997687379 -0.0089557862041348812 -0.002573955265545515 0.0022796069260398598 -0.0063655864128613652 0.0076866483966107546 0.0089117955216626594 0.02279974181086988
leaf_weight=811.95347068458796 2999.7601141855121 106.38537362217903 4831.1167663410306 761.64481586962938 700.04701332747936 333.72989970818162 1220.6965677812696 1795.9749265387654 798.06519191712141 619.19666217267513 556.23695474863052 173.97145526856184 124.1048119738698 580.64472138136625 2221.6393661126494 224.4021752923727 562.6846961826086 321.97873020172119 2286.4611977636814 1301.1457340717316 1626.6587635204196 574.54600776731968 4701.1245864778757 1352.6332761123776 776.99698958545923 107.58685056865215 309.87658756971359 1325.8726262003183 951.15078283846378 824.05494284629822 1298.7595623135567 612.10582445561886 925.79104515165091 1487.1570345982909 3266.6258659660816 81.731412522494793 3213.9504787176847 328.48916719853878 233.50304144620895 2359.5689945369959 500.76663462817669 2680.0401022210717 59.668925687670708 1824.5257306620479 1008.7928839847445 576.59869220852852 745.57268949598074 325.30109722912312 757.21602784842253 134.20846571028233 1003.7653950601816 2154.0445713400841 733.45936238765717 157.68518252670765 65.22594678401947 339.99747930467129 1813.6235044375062 1631.0731363520026 1395.5784071981907 426.43052952736616 2043.8002411201596 328.39264289289713
leaf_count=7993 39708 716 82102 3623 2977 5295 6694 8935 4017 5501 3521 1194 596 4090 11478 925 2372 1363 10466 13794 7345 2541 20994 11141 8431 805 1314 5547 4050 3494 5724 2609 4690 6721 13510 670 13878 1446 980 10598 5069 16691 377 14341 5085 3039 4788 1778 6287 557 4317 9293 3121 665 275 1693 9095 8363 9263 1885 9796 1549
internal_value=-9.1809e-05 0.0044167 -0.0183426 -0.000982431 0.00886499 -0.0136528 0.00156341 0.00544376 -0.00116627 -0.00996996 -0.00654096 -0.0110082 0.00522525 -0.00787122 0.00338006 0.0125935 0.0100032 0.0154855 0.0165448 -0.00862771 0.0125225 0.00659637 0.00719317 -0.00619279 -0.00624297 0.00589062 0.00608662 0.00712085 0.00998174 0.00704264 0.0165296 0.013687 0.000516996 0.00303469 0.00865829 0.000841992 0.0146312 0.0162501 0.0148145 0.00118163 -0.0111975 -0.00245746 -0.0114879 -0.00211429 -0.00439407 -0.00686852 -0.00205243 -0.00608711 -0.0079207 0.0113891 0.012052 0.0111601 0.0062997 -0.0041456 -0.0166549 0.00655246 -0.0042225 -0.000995115 -0.0107032 0.000297915 0.00986438 0.0108432
internal_weight=70395.8 56451.3 13944.5 25500.6 30950.7 9113.34 18620.1 7688.96 10931.1 6113.58 5009.02 3120.43 15663 6880.52 5922.12 15287.7 8066.79 7220.89 6898.91 5779.85 3154.73 13180 12605.5 6068.57 4478.7 4701.42 5064.22 4754.34 3428.47 2865.78 3002.57 4612.45 4534.22 3283.13 10121.8 1888.59 4388.05 3775.94 3447.45 2483.67 2034.98 3320.35 640.314 2443.72 1090.52 2564.19 2483.03 1251.09 1534.21 1914.63 1703.81 5420.67 1090.58 357.12 199.434 1528.07 1987.59 2376.65 2748.21 766.428 2479.78 2372.19
internal_count=461175 280647 180528 143168 137479 98426 93613 36670 56943 58718 26621 16849 71399 49555 30322 66080 34413 31667 30304 53423 14546 57532 54991 41562 39629 23628 21395 20081 14534 12162 13018 19838 22124 15656 43797 9772 18913 16304 14858 11194 19787 21158 4467 19842 5755 13328 13867 6468 14718 8112 7294 22803 4618 1497 832 7201 10289 13151 20404 3578 12150 11345
cat_boundaries=0 1 2 3 4 5 6 7
cat_threshold=5248 206919 140456 21904 131080 1152 133304
is_linear=0
shrinkage=0.035


Tree=49
num_leaves=63
num_cat=0
split_feature=24 34 24 1 2 0 2 1 40 13 22 13 45 14 39 27 14 2 26 23 23 26 8 44 3 35 26 18 12 29 26 30 26 44 44 43 23 26 29 14 52 4 2 40 0 8 22 27 26 27 27 17 17 40 26 37 29 26 14 2 22 29
split_gain=4463 1050.44 463.988 427.059 340.68 198.748 197.291 154.134 151.064 114.002 113.765 103.874 88.0272 87.741 79.5274 76.3888 75.3143 74.4926 73.818 94.7465 63.2959 61.9404 61.4215 60.3238 57.8466 63.9378 57.6777 57.0647 56.234 55.3449 61.1067 76.0856 55.0716 54.4107 51.599 51.4104 50.7369 47.0718 46.8958 57.3375 45.1064 44.5939 44.4384 41.0533 43.641 41.036 40.963 48.3787 47.0216 63.4322 63.1074 40.9561 40.5952 40.4873 39.2737 38.9884 38.7267 37.4036 46.5308 43.9305 36.6195 36.2636
threshold=3.5000000000000004 1.5000000000000002 8.5000000000000018 280.97000000000008 668.25000000000011 16.65333333333334 7.6850000000000014 4240.0800000000008 1.0000000180025095e-35 0.93541666666666679 8.5000000000000018 0.91485507246376818 5.366666666666668 18.000000000000004 276.49000000000007 1.0000000180025095e-35 16.000000000000004 120.29000000000001 51.000000000000007 -0.6830127018922193 -0.6830127018922193 21.500000000000004 3.5000000000000004 102.24500000000002 267.50000000000006 9.5000000000000018 192.50000000000003 1863.7562500000001 27.569166666666671 333.50000000000006 161.50000000000003 8835.6900000000023 21.500000000000004 340.93000000000006 59.080000000000005 4.5000000000000009 -0.6830127018922193 161.50000000000003 115.50000000000001 20.500000000000004 4.5000000000000009 153.06000000000003 313.74500000000006 1.0000000180025095e-35 6.8233333333333208 24.500000000000004 30.500000000000004 20386.710000000006 70.500000000000014 3808.9800000000009 244.32000000000002 4.830000000000001 9702.1800000000003 11173.690000000001 61.000000000000007 10.120000000000003 145.50000000000003 70.500000000000014 19.500000000000004 212.78000000000003 104.50000000000001 272.50000000000006
decision_type=8 2 10 8 10 8 10 8 8 10 2 10 10 2 10 8 2 10 2 2 2 2 2 10 2 2 2 10 10 2 2 10 2 10 8 2 2 2 2 2 2 10 10 10 10 2 2 10 2 10 10 10 8 10 2 8 2 2 2 10 2 2
left_child=1 3 5 6 11 40 37 14 -7 -6 -9 16 17 -8 20 -15 -3 26 -17 -20 42 -11 52 28 25 27 54 -13 -21 30 61 38 -18 -19 -28 -26 56 -1 39 -32 -2 -23 -5 -4 -45 53 48 -48 50 -50 -24 -44 -12 57 -10 -38 60 -22 -59 -60 -34 -27
right_child=2 4 43 7 9 8 13 10 12 21 22 24 -14 15 -16 18 32 33 19 23 45 41 46 -25 35 29 34 -29 -30 -31 31 -33 36 -35 -36 -37 55 -39 -40 -41 -42 -43 51 44 -46 -47 47 -49 49 -51 -52 -53 -54 -55 -56 -57 -58 58 59 -61 -62 -63
leaf_value=-0.0080750828519126384 0.0043528579866045115 -0.011531877943941043 -0.035041987757620692 -0.011080397557760297 0.0094758362162527306 -0.032906146473466 -0.0147483681578232 -0.001868765740091805 -0.014321850305709706 0.0017360636646781265 0.0094367957894970073 0.005602461845398578 -0.016455151310444623 -0.02034607562633417 -0.008701123903739184 -0.0096500160375909399 -0.0076255979114783629 0.0022752282590618573 -0.0064462293012103556 -0.0063250902924181706 -0.00092714688810416042 0.01461870023533062 0.03993626777808857 -0.003513082990740231 0.0039168230432221739 0.01892796029514817 -0.006452256425738565 0.019038910468669876 0.0061155613900385113 -0.0076297046271468199 -0.0006028428414737452 -0.024054722836274814 0.001677823309362899 -0.012045102292970459 -0.021409776747139789 0.031731365444062347 -0.017411983385561054 -0.01692615132186465 -0.00046944689568627091 0.014351686059793518 -0.02152547841647982 0.020597614002489651 -0.029410382705644972 -0.029217988611072585 -0.021919010010329691 -0.0090453105374112899 0.02009831257739959 -0.0098005285626541153 0.018347560016746395 -0.008472288438763912 -0.0057392999891519372 0.0016376620913926155 -0.0077671082853353552 -0.018851392780047032 -0.0012132808750578287 0.0063254645122806713 -0.0086696959201482023 -0.0033644004801806513 0.0019548920371197224 0.009878729215262106 0.030640086308005621 0.0075397754937102362
leaf_weight=1273.8975530266762 84.640321642160416 393.45651892572641 656.49760113283992 632.05443700402975 5920.2188852876425 324.32561106234789 720.82064994424582 916.42432270944118 394.11689727753401 349.39176850020885 443.66144359111786 614.33069008588791 1284.1673355549574 271.04684411734343 934.65313677489758 1185.0611996725202 472.88371216505766 1497.2275236546993 2185.4032543376088 510.79715226590633 1118.8833784759045 4090.6428008377552 40.751628413796425 1626.9245776385069 121.79042162001133 671.27515017986298 463.74559151381254 1051.4134417921305 3421.643517434597 335.39100836217403 470.38107416033745 112.55084122717381 2190.8543197959661 414.07290305197239 726.68013594299555 246.3871648311615 84.80336919426918 1752.9614116922021 1018.1031755506992 943.6635627746582 2862.8522665798664 2458.4505577087402 53.400962710380554 2015.4101141020656 2045.7048738002777 288.84178846329451 1331.6302726715803 69.194996036589146 723.20794448256493 126.36161466687918 328.43503241240978 1201.2779235467315 269.1389899328351 88.981725186109543 961.54562615603209 7457.264294706285 468.26559839397669 548.15186221897602 1227.1629192009568 2845.6771866083145 53.823645383119583 702.86825650930405
leaf_count=10196 657 2005 11935 3696 24739 5295 4841 4185 3888 1479 2016 2615 13794 2127 4936 7288 2282 11296 14065 3585 5207 18009 171 8956 512 2781 4890 4391 18528 1399 1959 471 10151 3460 7912 1048 442 16340 4252 3974 39051 11540 487 35823 34344 1350 5700 298 3062 554 1368 5472 1192 486 8183 33350 2253 2853 6312 12562 244 2918
internal_value=-9.02604e-05 0.00426876 -0.0179827 -0.000869699 0.00871155 -0.0133255 -0.00538458 0.00356331 -0.00969994 0.0130417 0.00905083 0.00552271 -0.00838358 -0.00299769 0.000954339 -0.00207561 0.00348932 -0.006055 -0.00151883 -0.000273552 0.00208272 0.0161 0.0120534 0.00215367 0.00911789 0.00827784 -0.00997404 0.0140898 0.00449841 0.00599938 0.00716746 0.00395314 0.00404126 -0.00083187 -0.0155932 0.0225661 0.00457994 -0.0132049 0.00525859 0.00938016 -0.0207811 0.0168659 -0.00352037 -0.026876 -0.0255476 0.00381104 0.0145314 0.0186155 0.0098258 0.0143532 -0.000603269 0.000293843 0.00293917 0.00444957 -0.00503194 0.00605629 0.000474938 0.00481401 0.00620402 0.00749231 0.00238562 0.0131127
internal_weight=70095.6 56364.7 13731 26136.4 30228.2 9013.37 12948.6 13187.9 6065.88 12818.7 4248.81 17409.5 5741.56 9921.7 8939.09 9200.88 11121.4 4457.39 8929.83 7744.77 8004.43 6898.49 3332.38 5559.37 6288.15 5919.98 2546.09 1665.74 3932.44 4254.23 3918.84 2544.7 10727.9 1911.3 1190.43 368.178 10255 3026.86 2432.15 1414.04 2947.49 6549.09 1886.73 4717.61 4061.11 6117.7 2619.58 1400.83 1218.76 849.57 369.187 1254.68 712.8 5828.86 1355.66 7542.07 2712.94 5739.88 4620.99 4072.84 2244.68 1374.14
internal_count=461175 280647 180528 147833 132814 98426 85926 61907 58718 55767 18546 77047 53423 59390 43361 54549 50727 39629 52422 45134 38425 31028 14361 31069 26320 24760 24873 7006 22113 17754 16355 10656 48722 14756 12802 1560 46440 26536 10185 5933 39708 29549 9655 82102 70167 28770 11153 5998 5155 3616 1539 5959 3208 27420 12071 33792 12648 26934 21727 18874 10395 5699
is_linear=0
shrinkage=0.035


Tree=50
num_leaves=63
num_cat=6
split_feature=20 2 6 34 45 47 42 2 0 40 40 16 22 32 27 6 45 22 18 16 34 14 26 14 23 7 26 0 47 42 47 44 41 32 18 13 36 16 32 47 16 8 16 48 26 0 44 17 29 29 13 17 29 15 23 18 22 14 32 41 30 16
split_gain=4121.58 838.482 719.109 314.726 222.986 197.658 171.272 169.317 169.109 119.953 104.038 101.517 127.765 113.487 102.859 117.794 92.5161 86.7964 160.71 82.5888 82.3492 79.0147 102.257 79.0097 89.1166 75.737 71.4494 71.3551 67.7605 88.0553 67.0223 66.3073 66.4838 65.649 63.048 61.4266 59.6099 55.4521 54.3975 52.5365 52.0771 51.9042 51.3434 47.5998 46.6255 46.0779 51.7295 45.4588 45.3958 45.2428 44.2577 43.6072 45.3394 43.2322 43.0147 42.8291 41.642 41.6072 40.6784 43.592 42.7569 40.3369
threshold=1.0000000180025095e-35 392.49000000000012 1.0000000180025095e-35 1.5000000000000002 1.2290209790209794 inf 1.5000000000000002 4.330000000000001 21.426666666666673 1.0000000180025095e-35 1.0000000180025095e-35 0 15.500000000000002 82.00500000000001 12761.820000000002 140.66833333333338 5.5833333333333348 20.500000000000004 3827.277 1 2.5000000000000004 19.500000000000004 314.50000000000006 18.000000000000004 -0.6830127018922193 0.80909090909090919 21.500000000000004 5292.0233333333344 inf 2.5000000000000004 5447.4400000000014 159.57000000000002 20073.760000000002 inf 11807.703750000002 0.28869047619047622 1.0000000180025095e-35 2 691.38000000000022 3189.4000000000001 3 3.5000000000000004 4 9.5000000000000018 314.50000000000006 97.89666666666669 366.06000000000006 2782.7700000000009 232.00000000000003 207.50000000000003 0.57793522267206487 5798.4300000000012 333.50000000000006 0.62779148181676958 0.25000000000000011 11260.662833333336 41.500000000000007 16.000000000000004 1783.9800000000002 2893.23 2502.7000000000007 5
decision_type=8 10 10 2 10 8 2 10 10 10 10 9 2 10 10 10 10 2 10 9 2 2 2 2 2 10 2 10 8 2 8 10 8 8 10 10 8 9 10 10 9 2 9 2 2 10 8 8 2 2 10 8 2 8 2 10 2 2 10 10 10 9
left_child=2 3 8 5 11 6 25 -4 36 -10 -9 21 51 14 15 -14 42 18 19 54 28 39 53 -12 -25 -2 -26 -15 29 -5 34 32 -7 35 58 -28 56 -8 50 61 -37 -34 -11 -43 -35 -44 -47 -17 -20 -30 -39 52 -13 -23 -6 -49 -1 -31 59 -19 -61 -3
right_child=1 4 7 20 17 31 37 10 9 16 23 12 13 27 -16 47 -18 30 48 -21 -22 22 -24 24 26 -27 33 -29 49 57 -32 -33 41 44 -36 40 -38 38 -40 -41 -42 43 45 -45 -46 46 -48 55 -50 -51 -52 -53 -54 -55 -56 -57 -58 -59 -60 60 -62 -63
leaf_value=-0.029112384397533563 -0.020682003088245117 0.0027788089012773473 -0.016336813653643933 -0.007258702453304804 0.014212537293226196 0.013372428198208114 -0.010175976214543376 -0.030928227151121434 -0.034459782276839011 0.01421161622831389 -0.016688175533056904 0.0043427887270382614 0.010543090452359082 0.0029992928891563087 -0.013375718727398381 0.013820237744443931 -0.020503720014388993 0.0053544132093008099 -0.024485439164979441 -0.00049615779340618808 0.0082464650604333473 0.017933907562377761 0.031203292959586196 -0.010369282362221214 -0.017412043537685492 -0.0089835848178918352 -0.012311863980701198 -0.053358911591867071 0.0040005340739745834 -0.013034179838187061 0.014925952561370205 -0.011326435341015963 -0.0061705843551383829 0.0046382821540870362 -0.013160158126867473 0.013841899102307488 0.00125773548542429 -0.0025260093075217768 -0.0091089835999040875 -0.016911500159769319 -0.0019990988966194197 0.0028846573535924306 -0.016109251657359113 0.020678785513850856 0.024582363726366588 0.0024388267888451089 -0.01519640758860428 0.027572197238413393 -0.0022764032668135398 0.015131593987236623 0.0045880201208698488 -0.016562541468644682 -0.017113426952825531 0.012115674121483445 0.0037651697022398015 -0.015253878524815004 -0.021740245814866933 0.0033996142153711749 -0.002821187674387059 -0.00063271737066400457 0.016820660942644769 0.018744359482829726
leaf_weight=3359.2230568900704 916.94231846928596 563.68873217701912 2085.7518524676561 1325.9150673672557 1053.6913257166743 751.85918647050858 924.58886773884296 180.77417716756463 415.18136423453689 101.30990657582879 550.95311509817839 1351.4247740283608 2573.9941584914923 1060.2440673261881 159.21170572936535 508.41946648061275 1683.7417265847325 2054.3930442407727 327.19694643467665 2213.9975461140275 4642.9370665252209 3153.1885861307383 519.15249575674534 1419.8985893949866 275.20535822957754 2607.4377708956599 594.00480496883392 27.25330176949501 1151.7684312462807 194.85474479943514 1425.9817567318678 380.40863312035799 762.84356174618006 1314.2388628721237 197.64421071112156 294.26511233299971 92.982205748558044 2387.710390560329 830.59035150706768 111.49072523415089 1510.7480759248137 2888.1697371527553 898.00279737636447 195.75240471959114 160.33804124593735 501.97915925085545 341.70684911683202 1101.2419119477272 172.07768212258816 731.44117258489132 1941.3515642732382 163.50553174316883 131.47564297914505 3129.4153754338622 892.05390413105488 28.770684257149696 1327.4157819636166 5205.2100771740079 445.8755256831646 208.25378636270761 983.20917908847332 295.05918745696545
leaf_count=57133 8243 2439 24266 6968 4497 3518 5777 2567 7634 1143 4576 5684 10912 4481 664 2242 25166 8799 1635 9895 19544 14137 2349 11633 2247 17226 5022 120 5031 1032 6035 1941 4099 9094 935 1834 1087 14826 4531 491 10839 13697 11413 919 1084 5669 3772 5098 798 3073 10273 679 551 13510 3849 119 22188 23926 1904 957 4129 1275
internal_value=-8.89411e-05 0.00475726 -0.0150146 0.000585709 0.00943014 -0.00296112 -0.00589366 -0.0076954 -0.0220507 -0.0166761 -0.00483253 0.0121447 0.00906899 0.0116587 0.0141752 0.0152194 -0.0145733 0.00538031 0.00189234 0.00414551 0.00448991 0.0149243 0.0162764 -0.00405674 -0.00280424 -0.0120322 -0.000213281 0.0015392 0.00246328 0.000819776 0.00843665 0.00269819 0.00386055 0.00101281 0.00605421 -0.00255927 -0.026479 -0.00233644 -0.000908454 0.00559229 0.000655213 0.00199843 -0.00914718 0.00402048 0.00682209 -0.0105344 -0.00471327 0.022555 -0.0168508 0.00832959 0.000664573 0.000535116 0.00243021 0.0150382 0.00937901 0.0264693 -0.0270294 0.00280432 0.00708618 0.00844758 0.013772 0.00853021
internal_weight=69799.4 52691.7 17107.7 27839.8 24851.9 14587.7 9608.62 8386.18 8721.54 3941.92 6300.43 14877.5 7105.54 5459.14 4371.64 4212.43 3526.74 9974.37 4659.02 4159.74 13252.1 7772 6801.76 6119.65 5568.7 3524.38 4148.8 1087.5 8609.19 6725.98 5315.36 4979.03 4598.62 3873.59 3889.38 2399.02 4779.62 6084.24 5159.65 970.239 1805.01 3846.77 1843 3083.92 1474.58 1741.69 843.686 1638.43 499.275 1883.21 4329.06 1646.41 1482.9 6282.6 1945.75 1130.01 4686.64 5400.06 3691.73 3245.86 1191.46 858.748
internal_count=461175 252808 208367 144624 108184 85050 60876 73162 135205 54797 48896 64751 30550 23636 19035 18371 47163 43433 20674 18241 59574 34201 29996 46329 41753 25469 30120 4601 40030 31926 22759 24174 22233 27873 16724 17695 80408 35407 29630 4205 12673 18715 21997 14616 10178 20854 9441 7459 2433 8104 25099 6914 6235 27647 8346 5217 79321 24958 15789 13885 5086 3714
cat_boundaries=0 1 2 3 4 5 6
cat_threshold=5504 5256 79879 132104 9340 256
is_linear=0
shrinkage=0.035


Tree=51
num_leaves=63
num_cat=5
split_feature=24 2 24 13 0 7 26 26 2 40 32 16 47 18 32 49 8 3 42 18 18 42 14 16 26 14 22 19 42 2 37 16 32 22 40 18 7 8 16 41 52 17 22 18 41 18 29 19 26 22 16 18 22 18 39 5 22 48 3 22 50 29
split_gain=3980.68 938.348 450.281 368.875 237.565 188.467 160.508 173.281 152.627 143.205 123.316 120.191 129.672 106.253 110.719 96.8481 90.9544 83.3032 79.4956 76.7166 78.2247 76.6542 75.4686 74.8757 69.7751 79.9463 68.8129 67.4897 75.9076 66.8385 68.366 65.9564 59.7956 58.7191 56.3087 56.1172 54.8182 59.3941 54.6986 53.9625 53.6481 51.8206 51.3432 128.98 69.7924 51.1449 50.1783 84.9537 67.8937 70.5191 48.7635 47.9944 47.2387 45.6097 61.0046 54.8106 45.5629 45.5158 45.3596 45.2586 44.683 43.6822
threshold=3.5000000000000004 130.62000000000003 8.5000000000000018 0.71130952380952395 18.550000000000001 0.86607142857142871 161.50000000000003 51.000000000000007 1678.6100000000004 1.0000000180025095e-35 8049.4600000000009 0 1803.1500000000003 1115.1442500000001 218.94000000000003 12.500000000000002 21.500000000000004 48.500000000000007 5.5000000000000009 9653.4060000000009 4030.2650000000008 3.5000000000000004 18.000000000000004 1 21.500000000000004 19.500000000000004 1.0000000180025095e-35 200.57850000000005 3.5000000000000004 120.29000000000001 5815.170000000001 2 459.63000000000005 8.5000000000000018 12452.190000000001 2865.1871250000004 0.42261904761904767 10.500000000000002 3 17494.470000000005 3.5000000000000004 765.7700000000001 25.500000000000004 4396.9095000000007 3048.6600000000003 1351.6300000000003 272.50000000000006 568.65375000000006 122.00000000000001 13.500000000000002 4 554.82750000000021 88.500000000000014 10999.973333333335 1728.7500000000002 133.32666666666671 7.5000000000000009 11.500000000000002 245.50000000000003 17.500000000000004 115.55187302892041 333.50000000000006
decision_type=8 10 10 10 10 8 2 2 10 8 8 9 10 10 10 10 2 2 2 10 10 2 2 9 2 2 2 10 2 10 10 9 10 2 10 10 10 2 9 8 2 10 2 10 10 10 2 10 2 2 9 10 2 10 10 10 2 2 2 2 10 2
left_child=1 4 5 15 36 40 7 50 11 -7 21 12 18 -13 19 24 17 -14 31 20 -15 -8 -11 -23 -3 -26 -27 28 38 32 -31 -5 -24 45 42 -33 -1 -38 -12 -20 -2 -16 43 58 -44 -10 48 56 49 -9 -6 -50 -53 55 -55 -35 -48 -40 61 -22 -61 -28
right_child=2 3 -4 8 6 9 10 46 33 22 27 13 16 14 41 -17 -18 -19 39 -21 59 23 29 -25 25 26 34 -29 -30 30 -32 35 -34 53 -36 -37 37 -39 57 -41 -42 -43 44 -45 -46 -47 47 -49 51 -51 -52 52 -54 54 -56 -57 -58 -59 -60 60 -62 -63
leaf_value=-0.023991726360415678 0.0085538952842503201 -0.0099191033867858103 -0.026280250307901501 0.018554052910131673 -0.021567364489787098 -0.033170486827718546 -0.013116789950069383 0.0061465959901066698 0.0088913264527849586 -0.021082366437468882 -0.0079169480044597763 -0.0028119406996609951 0.016604552977409006 0.006835087045868638 0.017466999018908823 -0.0046126730616930511 -0.027199414426267703 -0.0050500665574589702 0.022774982814128489 -0.013305496787224745 -0.0097813688393948422 -0.013788780891339666 -0.0070654808812886964 0.0071029070649119199 -0.0040363533859912315 -0.014763237307297936 0.0069540507823630665 -0.0074330372806709006 0.010761717846895129 0.0015037321464641577 -0.015453906207560137 0.0050455784086217191 -0.01921811135775249 0.012899062021178175 -0.007994571726198654 0.011620116511846757 -0.0050213466592466975 -0.014848883893846823 5.1509504239717469e-05 0.0091139583212217958 -0.020297174246934765 -0.001874911846819071 0.0061511452223092624 -0.015690872926585022 0.016368537975790489 -0.01926306676188955 -0.0048404613935251794 -0.014130286056464334 0.011763912147432439 0.019216758764235793 -0.0044516701207202788 -0.004181337281585434 0.019950231180930353 -0.0070909314629632909 0.028738792105957249 0.020408169095389474 0.0077922774830292496 0.014666213495428616 -0.026865170090341433 0.014444397905614947 0.028215529083063091 -0.00984928584872867
leaf_weight=342.7671390324831 80.524891324341297 441.78219075500965 4509.0609494373202 1081.5221076384187 236.63390216976404 281.39347657188773 2133.7678163871169 998.75851560384035 382.52265257388353 463.74599153548479 926.89034783840179 1674.634918615222 347.21917080879211 2759.4307942986488 186.6643764898181 2061.3748025223613 138.91537524759769 579.38049269467592 1217.4753742963076 168.80629862844944 79.736838787794113 326.63546472787857 2269.1938573569059 545.77945331484079 1241.8659723475575 200.81841928139329 4008.7633025571704 1312.122634023428 881.82388970255852 1674.7056866362691 351.51119121164083 2535.7329958453774 634.6813473328948 2351.687426418066 341.63008420169353 4276.114179879427 1756.1307149529457 1320.4253176897764 1646.7238505110145 502.14867007732391 3062.8399831689894 1769.9872784018517 2448.9025052115321 372.45739725232124 1231.1794962733984 98.576817862689495 458.62074195593596 341.94565791636705 502.61270082741976 1026.1762746050954 1276.6649186238647 888.19467367231846 110.87905267626047 216.16458851099014 78.539562046527863 2430.4740961045027 1464.5348852872849 309.22685274481773 50.599821642041206 1546.974161118269 356.09273116290569 198.06720162183046
leaf_count=3707 613 2264 82102 4531 1458 4856 15518 4759 1645 4829 5808 7084 1498 11513 799 10310 592 2506 5312 699 331 1708 23101 2596 6466 1522 18326 7001 3976 13072 3124 10630 6559 10202 1750 17998 12995 11163 9598 2142 42272 7489 11177 1909 5615 455 2518 1727 2601 4755 7508 4668 525 928 362 11518 7425 1748 241 6549 1565 957
internal_value=-8.74146e-05 0.003992 -0.0172834 0.0072005 -0.00238438 -0.0126808 -0.000529845 0.00323003 0.00967963 -0.00887024 -0.00392782 0.00820171 0.0106789 0.00508568 0.00701899 0.00232375 -0.00089502 0.00307359 0.0119729 0.00982358 0.0106495 -0.00954452 -0.0075966 -0.000802401 0.00368116 0.00427731 0.00544392 -0.000600712 0.00178194 -0.00632405 -0.00144428 0.0104848 -0.0097273 0.0147882 0.00591462 0.00916038 -0.0107278 -0.00924268 -0.000967634 0.0187934 -0.0195556 -2.17156e-05 0.00648733 0.0040332 0.00957291 0.00309453 0.00598539 0.00191922 0.00859575 0.0127764 -0.00731234 0.00295367 -0.0014859 0.0158955 0.0025227 0.0167189 0.00477876 0.0023563 0.00576203 0.0159519 0.0170347 0.00616076
internal_weight=69511.2 56183.6 13327.7 37376.2 18807.3 8818.6 15388 7305.02 24778.8 5675.23 8082.97 19220.8 10678.5 8542.33 6867.69 12597.4 1065.52 926.6 9612.99 4911.04 4742.23 3006.18 5393.84 872.415 10536.1 10094.3 8852.42 5076.79 3764.66 4930.09 2026.22 7893.37 2903.88 5557.97 8651.6 6811.85 3419.32 3076.56 2882.84 1719.62 3143.36 1956.65 8309.97 4629.89 3680.08 481.099 5791.72 2265.1 3526.62 2024.93 1513.3 1501.69 999.074 5076.87 294.704 4782.16 1923.16 1955.95 4257.43 1982.8 1903.07 4206.83
internal_count=461175 280647 180528 166885 113762 98426 85897 37944 106348 55541 47953 81238 45209 36029 28945 60537 4596 4004 40613 20657 19958 19822 50685 4304 50227 47963 41497 28131 21130 45856 16196 33159 29660 25110 39975 28628 27865 24158 17154 7454 42885 8288 38225 21433 16792 2100 28978 11670 17308 9514 8966 7794 5193 23010 1290 21720 9943 11346 19524 8445 8114 19283
cat_boundaries=0 1 2 3 4 5
cat_threshold=5544 22560 1152 92294 75790
is_linear=0
shrinkage=0.035


Tree=52
num_leaves=63
num_cat=4
split_feature=24 13 24 2 32 0 43 40 2 23 32 16 26 14 47 29 2 14 27 45 14 26 26 26 40 26 23 26 29 29 18 16 37 18 39 3 41 3 48 2 32 0 32 41 10 48 26 46 14 16 41 27 16 46 32 44 27 40 48 40 0 2
split_gain=3754.86 879.935 441.851 428.274 213.331 182.616 150.454 141.009 140.673 121.22 110.589 127.47 105.364 107.896 98.6983 95.3558 84.6303 80.6408 77.1391 74.3943 73.6323 107.586 78.1961 136.77 71.6481 69.016 68.152 67.8402 72.8726 64.4861 63.9226 62.8916 61.9105 81.1567 75.2521 61.6823 59.6549 59.5455 59.2234 58.8707 67.0084 55.958 52.3026 51.5129 78.764 50.4626 50.9307 49.162 52.6164 47.1246 48.9891 59.0485 46.5692 46.0636 46.0525 46.018 44.6701 44.1701 42.9281 42.9203 44.7072 42.9131
threshold=3.5000000000000004 0.56832298136645976 8.5000000000000018 558.54000000000008 12012.660000000002 16.65333333333334 1.5000000000000002 1.0000000180025095e-35 25.960000000000004 0.68301270189221941 1417.1400000000006 0 21.500000000000004 16.000000000000004 3770.1000000000004 84.500000000000014 18.090000000000007 18.000000000000004 16.530000000000005 5.366666666666668 16.000000000000004 299.50000000000006 161.50000000000003 70.500000000000014 6333.5400000000009 131.50000000000003 -0.6830127018922193 131.50000000000003 272.50000000000006 272.50000000000006 554.82750000000021 1 2423.3600000000001 11807.703750000002 441.66000000000008 46.500000000000007 2893.23 237.50000000000003 5.5000000000000009 1477.9600000000003 1850.0400000000002 470.67000000000007 500.31000000000006 2377.7100000000005 80.680000000000021 3.5000000000000004 192.50000000000003 10.150000000000002 20.500000000000004 2 5284.9000000000005 4859.3700000000008 3 109.47000000000001 584.10500000000013 136.04000000000005 13969.800000000001 3293.8716666666674 3.5000000000000004 1.0000000180025095e-35 6.8233333333333208 313.74500000000006
decision_type=8 10 10 10 8 8 2 8 10 2 10 9 2 2 10 2 10 2 10 10 2 2 2 2 8 2 2 2 2 2 10 9 8 10 10 2 10 2 2 10 10 10 10 10 10 2 2 8 2 9 8 10 9 10 10 10 10 10 2 10 10 10
left_child=1 4 5 8 6 58 -1 -7 42 16 11 45 -5 -14 20 36 -6 -9 -17 26 -13 22 23 24 -22 29 -19 28 -12 -8 61 38 49 39 -35 53 -15 -25 -18 40 57 55 -3 -33 -45 -10 -47 -23 -49 50 51 -20 -29 -27 -32 -28 -39 -34 -2 -4 -61 -24
right_child=2 3 59 12 9 7 25 17 10 -11 27 14 13 15 -16 18 31 19 32 -21 21 47 30 37 -26 35 41 52 -30 -31 54 43 33 34 -36 -37 -38 56 -40 -41 -42 -43 -44 44 -46 46 -48 48 -50 -51 -52 -53 -54 -55 -56 -57 -58 -59 -60 60 -62 -63
leaf_value=-0.020650053781407648 -0.025622898043435195 -0.0013358293634093438 -0.034668553739621681 -0.0017920366295033814 -0.0094416561427771075 -0.032284836873102525 0.007245511520724065 -0.021285837738524754 -0.015642602253495261 0.0082286031015688134 0.017386354642806627 -0.0059359526483953994 -0.003361056370617847 0.015007618274662984 -0.028096873536412586 -0.019443638490033721 -0.0078708875513348927 -0.012975500784399211 0.0032906710693829831 -0.014322916941936591 -1.0974790539005846e-05 -0.011509552957642562 0.0063709614232111515 0.010494204148856266 0.016872869740161771 -0.0093682546099002357 -0.00079604038904254452 -0.01719551886952762 -0.010084443662223819 -0.0050555782336017237 0.0019126112687129391 -0.0032868439233261441 0.0075388736775354641 -0.01684506882035414 0.010679041635141885 -0.012370044196496269 0.027926353780728181 0.027445226531641779 0.01150498019372616 0.017006797268928835 -0.0032475113683108564 0.0078058252825816106 -0.013667561381937218 0.018482434809288326 -0.0040564350144392308 0.0061509935301093666 -0.008215480326904688 0.0048578325494064763 0.016825640892462961 0.012377346730591609 0.010868638879560043 -0.025930390385246849 0.0058188871474048236 0.0056405907139447002 -0.0094350154371699198 -0.010796647549761677 -0.031311674302256537 0.015304508099785102 -0.016521238862193602 -0.028436322464112918 -0.020803979679114942 0.024182394172789123
leaf_weight=968.59135892242193 984.85213202610612 3021.1734781712294 604.80232855305076 797.53022983670235 1403.3550211191177 298.55042320117354 747.66960676014423 483.63396531715989 365.36674975603819 1887.4663517773151 247.20723430067301 570.28600051999092 599.41731583327055 2852.5863480567932 101.2383638843894 104.36680363118649 243.89003348350525 841.43066573515534 2117.8992946594954 1119.5857222862542 2583.1159967407584 94.182802326977253 614.9987525343895 4057.4989577978849 348.55659610033035 502.00838251411915 1745.7897409498692 553.50636486709118 225.09222418069839 1723.8311394527555 4078.3884989023209 3954.9143732003868 1517.5901104807854 212.09034568071365 282.67573662102222 2213.682790517807 518.65171317756176 366.21080729365349 918.6317215487361 3281.8366806805134 381.68521620333195 603.55063603073359 488.65231021493673 360.90110035613179 399.09158236905932 622.65373523533344 585.62897030264139 581.37998203933239 2006.2889949828386 1720.9272782057524 1217.6620417386293 87.247121334075928 132.05597881227732 498.05282668396831 489.82228033989668 831.5305285230279 15.761678650975226 2206.5556945204735 1819.2188010886312 1873.9512377157807 1926.8422584049404 226.41611007601023
leaf_count=8339 14429 16803 11935 3365 11504 5295 4145 5140 1801 9491 1050 2754 2645 12403 468 691 1466 8536 8880 12352 11239 487 2748 17260 1523 4138 15520 2752 1012 10966 17863 22003 6337 899 1228 15794 2309 1562 4942 14863 1594 4201 3282 1954 2132 2860 2793 2613 8539 7379 5303 375 618 2645 2333 7674 68 9482 25279 35823 34344 947
internal_value=-8.61347e-05 0.003858 -0.0169312 0.00660549 -0.00313558 -0.0123678 -0.00790564 -0.00888223 0.00337721 0.000326771 0.00457418 0.00525945 0.0106408 0.0112207 0.0061847 0.0117505 -0.00172254 -0.00763472 0.0104008 -0.00634683 0.00640676 0.00686234 0.0055242 0.00786932 0.00200147 -0.00573113 -0.00412373 -0.00590161 0.00430046 -0.00133287 0.00232789 0.000121842 0.0106414 0.0125912 -0.00112984 -0.0091121 0.0170028 0.0117429 0.0073734 0.0135101 0.0107117 -0.00177884 -0.00305611 -0.00167938 0.00665692 -0.00423707 -0.000813167 0.013235 0.0141397 0.00765174 0.00522147 0.0021233 -0.0129261 -0.00189535 0.000694074 -0.00402551 0.0249453 0.0121429 -0.0197259 -0.0259669 -0.0245735 0.0111869
internal_weight=69230 56096.3 13133.7 40274.2 15822.1 8728.14 6653.84 5924.07 22375.5 9168.25 18865.7 17707.8 17898.7 17101.2 16134.1 16501.8 7280.78 5625.52 13130.5 5141.89 16032.9 15462.6 12780.8 7371.14 2931.67 5685.24 4022.3 1157.86 472.299 2471.5 5409.63 5877.43 13026.2 7882.43 494.766 3213.74 3371.24 4439.47 1162.52 7387.67 4105.83 3180.87 3509.83 4714.91 759.993 1573.65 1208.28 2681.85 2587.67 5143.74 3422.81 2205.15 685.562 1000.06 4568.21 2577.32 381.972 3724.15 2804.07 4405.6 3800.79 841.415
internal_count=461175 280647 180528 181128 99519 98426 46027 58718 103375 53492 83290 77858 77753 74388 70404 71743 44001 53423 57031 48283 69936 67182 55543 31652 12762 37688 35931 5432 2062 15111 23891 32497 56340 34403 2127 22577 14712 18890 6408 32276 17413 27395 20085 26089 4086 7454 5653 11639 11152 21937 14558 9255 3370 6783 20196 23194 1630 15819 39708 82102 70167 3695
cat_boundaries=0 1 2 3 4
cat_threshold=75783 197752 149761 20864
is_linear=0
shrinkage=0.035


Tree=53
num_leaves=63
num_cat=4
split_feature=24 4 24 2 21 2 22 40 14 26 26 26 48 2 48 3 22 14 16 14 13 48 18 45 22 16 26 2 22 41 26 2 49 26 46 33 44 16 23 26 22 48 46 23 17 26 46 40 0 16 18 0 41 3 19 40 3 9 47 44 38 3
split_gain=3541.51 841.558 433.239 290.782 274.951 178.615 157.494 141.971 138.428 120.198 113.032 208.583 130.547 107.369 101.689 121.279 159.117 89.1504 85.3897 74.6835 73.0288 72.5707 71.1722 69.9726 67.8397 67.092 66.4715 61.7778 61.0275 70.1184 58.9749 58.0827 57.5218 54.8022 60.1831 51.8581 50.7527 50.7055 50.3458 49.7782 46.3781 45.7515 45.6435 44.9364 44.754 44.0212 43.3142 43.2512 44.5789 42.1256 41.5065 41.2852 40.8383 43.7006 40.117 39.4852 47.5105 44.4336 47.931 39.3019 39.2677 38.9863
threshold=3.5000000000000004 4.3500000000000005 8.5000000000000018 4.330000000000001 28.885000000000002 3.2500000000000004 1.0000000180025095e-35 1.0000000180025095e-35 16.000000000000004 21.500000000000004 131.50000000000003 70.500000000000014 10.500000000000002 392.49000000000012 1.5000000000000002 57.500000000000007 29.500000000000004 20.500000000000004 0 18.000000000000004 0.93933823529411775 3.5000000000000004 433.63125000000008 5.2250000000000005 62.500000000000007 1 146.50000000000003 435.40000000000003 52.500000000000007 8493.3000000000011 35.500000000000007 3258.2700000000004 14.500000000000002 161.50000000000003 2.8400000000000003 8.5000000000000018 69.160000000000011 2 -0.6830127018922193 61.000000000000007 66.500000000000014 2.5000000000000004 468.30500000000006 -0.6830127018922193 1654.4750000000001 122.00000000000001 109.47000000000001 1.0000000180025095e-35 6.8233333333333208 3 4756.1942045454552 1229.45 14977.340000000002 228.50000000000003 366.74250000000001 12452.190000000001 40.500000000000007 502.31500000000005 1661.8800000000003 136.04000000000005 1.0000000180025095e-35 68.500000000000014
decision_type=8 8 10 10 10 8 2 8 2 2 2 2 2 10 2 2 2 2 9 2 10 2 10 10 2 9 2 10 2 10 2 10 10 2 8 2 8 9 2 2 2 2 8 2 10 2 10 10 10 9 10 10 10 2 10 10 2 10 10 10 8 2
left_child=1 3 5 26 8 41 22 -7 -3 -10 11 25 14 33 17 -16 61 -12 21 -9 -20 -6 54 27 46 51 30 36 29 37 -1 -23 -18 -11 -35 59 -21 -15 -39 -40 -37 -2 52 -38 -30 -24 -14 -4 -49 -45 -29 -8 53 -13 -5 57 -57 58 -22 -36 -43 -17
right_child=2 4 47 6 18 7 10 19 9 13 12 42 24 28 15 16 32 -19 20 23 55 31 45 -25 -26 -27 -28 50 44 -31 -32 -33 -34 34 35 40 43 38 39 -41 -42 60 -44 49 -46 -47 -48 48 -50 -51 -52 -53 -54 -55 -56 56 -58 -59 -60 -61 -62 -63
leaf_value=-0.021647134247393035 -0.027762259199172547 -0.011221625858496131 -0.03452834669348169 -0.013982330956999332 -0.0062547934102110576 -0.032100853488918918 -0.0013555336589686257 -0.020427751840628887 -0.0081543865708169783 0.006419666120157725 -0.0040814766579785437 0.0056159438964058584 -0.0044656638823410196 0.021920119106135883 0.00068345430137570966 -0.010663893508591567 -0.0034356561479424799 0.01225016635486003 0.0090613374801928031 -0.00077205232201865064 0.015686270253007801 0.0066006192801773651 0.0026838647371182881 -0.013815158997525801 0.014706057087011852 -0.011305338973404211 -0.014574998109753733 0.0094772038275217022 0.028217915980187695 -0.012993167356408094 -0.0022042946856561975 0.029133763684838589 -0.015456952445262323 -0.013042887129798597 0.00030458840626993046 0.0028725812985081747 -0.020487768925928639 0.0016111744238370229 0.0016986698683427485 0.010806867169847093 0.014606688031379053 -0.01783487492967328 0.013678384670975933 0.0027891356938941863 0.012330293582130249 -0.036967212554676013 0.0050086473868209136 -0.028157562665677097 -0.020453459526313892 -0.010433763133913001 -0.01092958301753382 0.013045424361158416 -0.023115782893826341 0.019085028461631487 0.0097779042169800681 0.034023622723598608 -0.0019505342629355738 0.020636154739223717 0.0057481090438364843 -0.011919427346213263 0.0080649555930843529 -0.026571591421683902
leaf_weight=221.38950747251511 620.07759778574109 623.65165469795465 586.3341955691576 306.54731088131666 513.60337234288454 297.78227848559618 2091.545286051929 485.84355026483536 751.98442370444536 4024.7248411625624 756.1578660979867 2899.6136482357979 815.82436376810074 297.85984127223492 3003.1581604406238 275.46109353005886 3280.4873456284404 891.00242754071951 3544.3273513168097 1339.1445754654706 3606.6454348862171 1300.2952596098185 40.662988215684891 1115.0581605695188 672.03251272439957 807.837845928967 1967.9493408724666 585.35979629307985 249.55135317146778 200.88915947079659 1361.0149643570185 156.24611730873585 571.96137595176697 351.54321599751711 1680.1021411344409 1805.1008468866348 376.47009018808603 1477.0214780271053 914.22126138210297 3758.0496866554022 534.17509827017784 2084.4715823829174 1607.1816601604223 400.5340515896678 1677.9346882551908 213.79094404354692 2139.0246803388 1827.1065516769886 1891.9087841697037 1108.3286829441786 153.31108856201172 275.0332762375474 55.204968519508839 327.83828540891409 120.59566849470139 52.319035619497299 286.70951427519321 1776.2389566898346 713.63858483731747 397.63333804160357 73.722380418330431 612.47175307571888
leaf_count=1991 9220 3151 11935 2186 2222 5391 10864 5337 3472 18462 4259 14075 5257 1264 16005 1607 17420 4448 15192 13274 15844 5563 258 12599 3483 4392 17696 4090 1084 879 9391 746 3596 2367 7992 8425 4097 6218 3832 15844 2383 29258 6850 3400 7234 1923 9987 35823 34344 9875 1288 1209 300 1563 744 250 1253 8697 3213 1892 597 3664
internal_value=-8.48095e-05 0.00372868 -0.0165828 -0.000995596 0.00762471 -0.0120607 0.000519679 -0.00859371 0.00497935 0.00553752 0.00105537 0.0043112 -0.000961755 0.00613075 -0.00313993 -0.00481968 -0.00830546 0.00475491 0.0117734 -0.00733009 0.0130871 0.00502325 -0.0160266 -0.00607323 0.00467728 -0.00267454 -0.0102817 -0.00389205 0.00891718 0.00732536 -0.00493644 0.00903612 -0.00522397 0.00341262 0.000873811 0.00198412 -0.00598335 0.00796039 0.00723335 0.00902541 0.00555717 -0.0193698 0.00884586 -0.00968255 0.0144008 -0.0306451 0.00239219 -0.0256531 -0.0242449 -0.0069748 0.00523273 0.000321527 0.00647642 0.0069896 -0.00726691 0.0153229 0.00368475 0.0159694 0.0140464 -0.00203943 -0.0169468 -0.0216541
internal_weight=68953.7 56008.3 12945.5 25313.8 30694.5 8640.1 21763.4 5861.83 18744.4 18120.8 21081.8 8064.25 13017.6 17368.8 9390.7 7743.54 4740.38 1647.16 11950 5564.05 9979.88 1970.14 681.597 5078.21 3626.88 3174.42 3550.35 3963.15 8575.53 6648.04 1582.4 1456.54 3852.45 8793.28 4768.55 4417.01 3224.48 6447.15 6149.29 4672.27 2339.28 2778.27 4889.84 1885.33 1927.49 254.454 2954.85 4305.35 3719.02 1508.86 738.671 2366.58 3282.66 3227.45 427.143 6435.55 339.029 6096.52 4320.28 2077.74 2158.19 887.933
internal_count=461175 280647 180528 143168 137479 98426 114090 59351 84499 81348 108979 39253 69726 77876 50999 42292 26287 8707 52980 53960 44449 8531 5111 48623 18727 16465 29078 36024 36355 28037 11382 6309 21016 41521 23059 20692 30646 27158 25894 19676 10808 39075 22788 17372 8318 2181 15244 82102 70167 13275 5378 12073 15938 15638 2930 29257 1503 27754 19057 9884 29855 5271
cat_boundaries=0 1 2 3 4
cat_threshold=198725 21905 128 207976
is_linear=0
shrinkage=0.035


Tree=54
num_leaves=63
num_cat=0
split_feature=13 4 1 24 22 21 7 26 29 29 6 14 26 3 22 14 47 39 41 23 13 0 40 17 46 1 22 29 32 8 14 29 26 37 42 19 4 5 32 26 0 18 18 41 27 7 18 17 18 17 3 40 22 0 26 40 46 0 18 22 22 26
split_gain=3340.26 904.611 382.729 351.543 242.215 238.802 167.466 125.96 216.982 142.677 117.329 114.375 116.91 113.534 144.53 108.714 91.1959 91.55 89.3508 82.85 76.9185 65.3895 63.3218 62.7635 61.5583 60.9788 66.6168 59.1983 79.5555 56.0682 55.6623 52.0051 62.0907 51.7958 51.2413 51.0805 49.5886 49.5688 49.374 46.4203 44.8667 47.4287 44.709 44.4818 44.2311 43.5303 42.9244 42.7514 44.3119 40.7145 40.3959 48.7708 46.7802 39.9996 42.1896 38.3528 38.1283 37.9746 36.4479 35.977 35.0834 35.0438
threshold=0.31909090909090915 3.8550000000000009 33.165000000000013 9.5000000000000018 1.0000000180025095e-35 28.885000000000002 0.73863636363636376 131.50000000000003 272.50000000000006 115.50000000000001 1.0000000180025095e-35 16.000000000000004 21.500000000000004 59.500000000000007 29.500000000000004 20.500000000000004 inf 169.95500000000004 668.74000000000012 -0.6830127018922193 0.93933823529411775 598.35000000000002 1.0000000180025095e-35 3954.0600000000004 6.2750000000000012 inf 88.500000000000014 333.50000000000006 inf 12.500000000000002 18.000000000000004 272.50000000000006 131.50000000000003 inf 3.5000000000000004 675.91800000000001 153.06000000000003 163.24500000000003 810.21000000000015 35.500000000000007 58.333333333333343 11807.703750000002 1697.6300000000003 8493.3000000000011 12761.820000000002 0.6515151515151516 12759.216000000002 3616.1600000000003 11807.703750000002 1.0000000180025095e-35 241.50000000000003 16440.143333333337 41.500000000000007 93.626666666666679 314.50000000000006 3960.0900000000006 29.350000000000005 268.24666666666673 6065.9625000000005 21.500000000000004 28.500000000000004 131.50000000000003
decision_type=8 8 8 10 2 10 10 2 2 2 10 2 2 2 2 2 8 8 10 2 10 10 10 10 8 8 2 2 8 2 2 2 2 8 2 10 10 10 10 2 10 10 8 10 10 10 10 10 10 10 2 10 2 10 2 10 8 10 8 2 2 2
left_child=3 2 10 6 18 11 33 8 23 15 -2 -3 -13 58 -15 57 17 22 49 25 -7 37 -8 35 -17 34 -27 28 -10 45 -24 32 44 -1 -14 -6 47 40 56 -32 -21 -42 -33 -44 59 -12 53 -22 -49 -4 51 -26 -52 -41 61 -29 -16 -9 -11 -23 -5 -55
right_child=1 5 4 60 7 20 16 9 27 13 29 12 19 14 38 24 -18 -19 -20 21 36 31 30 -25 50 26 -28 55 -30 -31 39 42 -34 -35 -36 -37 -38 -39 -40 46 41 -43 43 -45 -46 -47 -48 48 -50 -51 52 -53 -54 54 -56 -57 -58 -59 -60 -61 -62 -63
leaf_value=-0.023011631682222471 -0.021924388599159138 -0.009839749650248553 -0.025683852903194342 -0.029404883728509027 0.0066817929606214225 0.007678895833648414 -0.030140780331817489 -0.0088062037482428811 -0.0017456060035041139 0.0021965116395386342 -0.014441364511516473 -0.0079221458615655344 -0.0029508932982584678 -0.024562086246197976 -0.015888994894089622 -0.013167699719794755 0.0015683439541699818 -0.021974651179967324 -0.033442267725641267 0.00098626220494087754 0.008698657386408527 0.015932359975510173 -0.020753791823303332 0.024018546975163774 0.0066707390234288823 0.0091150947268935235 0.051151611001545479 -0.0098902286573200361 0.0088248621573820147 -0.012526759341061056 -0.018324616806314604 -0.0022477331316977382 0.010507165521299097 0.00038435680246113121 0.0053410545024691058 0.016859103093698397 0.017658500880249235 -0.0080534907343720857 -0.014180625428826001 -0.0092748523753034811 0.0078329903948020103 -0.017799915404832351 0.011998385791155999 -0.018658778676116039 -0.014206669691027945 -0.0023482676652435914 -0.029534072050649743 0.015844928095360113 -0.014650097567973353 -0.0023719963769590954 -0.01581876135837806 -0.016798483673505459 0.024636708036645888 0.003011752757745418 0.014824118500885265 0.0024483101510080676 -0.0011948413223752832 0.00047711259426544016 -0.030681490906327033 0.031180500363581314 -0.021645162053156596 -0.0080877513600431383
leaf_weight=2036.0203445851803 831.39647191390395 609.20368883013725 126.21392385289073 2095.8019238598645 1902.421020720154 4369.7948440760374 183.6989060677588 962.92455326393247 2106.8437913917005 1949.3963031023741 436.62564394623041 753.85949344933033 2245.2456275597215 602.88244162872434 244.89639424160123 194.15730014443398 691.06744965165854 926.13066283985972 300.35250637680292 1628.9585159383714 2857.84537550807 383.04283608496189 465.95851292833686 449.0806585624814 3547.3087384551764 416.33931614458561 51.063619866967201 941.65928608179092 1487.0468119680882 1697.2951561808586 479.32319609075785 574.31994463503361 2438.608092173934 122.87708840146661 1537.0585708767176 886.0570015758276 2412.6779424846172 310.23756451904774 627.41821311786771 2224.0073189437389 6426.5008584558964 88.747422501444817 912.63785164058208 61.027843475341797 39.280358731746674 2189.7408963739872 98.252394400537014 2297.1411196440458 59.149579599499702 330.32562663778663 39.701248455792665 110.95588660985231 261.65260149911046 556.46439483761787 162.04977475479245 458.31000957638025 1800.1986153945327 1226.5448748357594 41.200311601161957 382.71980540454388 1108.5869404748082 929.24557694792747
leaf_count=29463 13269 2994 1375 42673 9393 18745 3261 6815 11588 10218 4418 3462 10560 3726 1832 1716 4950 10032 3880 8627 12457 1613 5094 2104 18028 1780 218 5197 6767 14337 4806 2383 10369 1188 6547 3983 11593 1302 3843 24833 27822 401 3859 265 165 15840 1021 10231 246 2034 230 593 1418 4333 1277 2546 9393 6137 235 1668 22272 7750
internal_value=-8.35031e-05 0.00348193 -0.00136107 -0.0167911 0.00077364 0.0075239 -0.0132007 0.00151535 0.00482693 -0.000832909 -0.009889 0.00506767 0.00556581 -0.00509093 -0.00909633 0.00270223 -0.0104721 -0.0118532 -0.0186453 0.0061474 0.0113844 0.00751155 -0.0100109 0.0118829 0.00602835 0.00189466 0.013807 0.00025101 0.00262938 -0.00757019 -0.00925257 0.0107782 0.0132971 -0.0216805 0.000419322 0.00992058 0.0135062 0.00565908 -0.00559958 -0.00804371 0.00618236 0.00748115 0.00549498 0.0100597 0.0217247 -0.00436344 -0.00679813 0.0115818 0.0150735 -0.00885879 0.0069727 0.00595452 0.0192723 -0.0062137 -0.00207888 -0.00585208 -0.00296134 -0.00360783 0.00150096 0.0235839 -0.0267279 -0.00393126
internal_weight=68687.6 56608.1 25752.6 12079.5 20597.5 30855.5 8875.1 19840.7 8231.42 11609.2 5155.06 18858.9 18249.6 5265.99 3275.4 6343.25 6716.2 6025.13 756.892 17495.8 11996.6 13246.1 5099 3237.56 4153.78 4249.71 467.403 4993.86 3593.89 4323.66 4915.3 4791.64 3243.65 2158.9 3782.3 2788.48 7626.81 8454.44 2672.51 4449.34 8144.21 6515.25 1547.99 973.666 805.043 2626.37 3970.02 5214.14 2356.29 456.54 3959.62 3658.26 301.354 3871.77 1647.76 1399.97 2045.1 2189.47 1990.6 765.763 3204.39 1485.71
internal_count=461175 298222 160915 162953 113051 137307 98008 105762 41578 64184 47864 84035 81041 29247 18794 34937 67357 62407 7289 77579 53272 58474 52375 15480 21985 19105 1998 26098 18355 34595 49114 20322 13815 30651 17107 13376 34527 38152 15068 44020 36850 28223 6507 4124 3446 20258 39214 22934 10477 3409 20269 18621 1648 38193 13360 7743 11225 12952 10453 3281 64945 12083
is_linear=0
shrinkage=0.035


Tree=55
num_leaves=63
num_cat=7
split_feature=24 34 24 46 4 1 40 2 26 13 22 14 29 26 26 17 16 26 16 14 14 26 29 26 32 41 45 43 2 32 49 16 32 3 17 35 16 27 27 44 22 40 16 22 16 40 40 0 22 49 43 3 2 32 2 40 16 17 22 3 14 26
split_gain=3153.33 755.474 416.069 336.48 265.47 181.513 174.215 163.025 106.03 102.191 92.419 91.3782 84.8542 119.897 148.726 81.32 72.3417 72.0762 70.9593 69.9074 69.3461 83.6535 72.3134 92.4585 90.1348 64.8003 64.8 64.0886 56.9205 56.4936 56.3181 55.6003 53.7363 61.4536 53.706 52.7693 51.7183 50.4774 49.3798 48.757 47.659 46.0998 80.3465 53.4281 45.9871 44.9133 44.2284 45.0246 42.8654 48.5913 42.4387 42.3942 42.2362 54.972 41.434 40.9297 40.6504 40.5623 48.3796 147.607 40.1894 39.464
threshold=3.5000000000000004 1.5000000000000002 8.5000000000000018 33.165000000000013 30.285000000000004 4240.0800000000008 1.0000000180025095e-35 3.2500000000000004 161.50000000000003 0.93933823529411775 8.5000000000000018 16.000000000000004 84.500000000000014 161.50000000000003 51.000000000000007 1.0000000180025095e-35 0 51.000000000000007 1 18.000000000000004 19.500000000000004 314.50000000000006 207.50000000000003 51.000000000000007 inf 2893.23 5.2250000000000005 2.5000000000000004 435.40000000000003 3547.4100000000003 11.500000000000002 2 1.4650000000000001 112.50000000000001 9702.1800000000003 18.500000000000004 3 2.2450000000000006 13483.800000000001 100.89000000000001 66.500000000000014 3388.8300000000008 4 13.500000000000002 5 12452.190000000001 1.0000000180025095e-35 6.8233333333333208 6.5000000000000009 13.500000000000002 10.500000000000002 40.500000000000007 570.10500000000013 1219.7600000000002 2488.1400000000003 1793.3866666666668 6 14422.950000000001 19.500000000000004 48.500000000000007 18.000000000000004 345.50000000000006
decision_type=8 2 10 8 10 8 8 8 2 10 2 2 2 2 2 8 9 2 9 2 2 2 2 2 8 10 10 2 10 8 10 9 10 2 8 2 9 10 10 8 2 10 9 2 9 10 10 10 2 10 2 2 10 10 10 10 9 10 2 2 2 2
left_child=1 3 6 8 11 15 -2 60 17 -6 56 -3 25 14 36 -5 -17 -1 -15 -9 -18 22 30 -24 27 31 28 -25 39 -10 57 35 -16 -34 -12 40 -14 -20 -26 -21 -13 42 -11 -43 -41 -45 -4 -48 -23 -50 -35 -47 53 -39 55 -44 -7 58 59 -22 -8 -37
right_child=2 4 46 5 9 10 7 19 29 41 34 12 13 18 32 16 20 -19 37 26 21 48 23 24 38 -27 -28 -29 -30 -31 -32 -33 33 50 -36 61 -38 52 -40 44 -42 43 54 45 -46 51 47 -49 49 -51 -52 -53 -54 -55 -56 -57 -58 -59 -60 -61 -62 -63
leaf_value=-0.01395329374057561 -0.032094634704063776 -0.0093446842027570618 -0.034271157086427778 -0.016473107282058731 0.0075542500801659097 -0.011376521966808923 -0.030601300747824894 -0.019733834132650837 -0.017079995967633464 0.018565488518658517 0.014245927080919665 0.00039241843958327035 -0.012794570292839086 0.010565426084442688 0.013177837791331779 0.0099861644204909637 -0.0075796627111527817 -0.00047529721526633244 -0.035285394308930525 -0.0012129851764735822 -0.00039910897775880129 -0.0094397798952114489 -0.0048968277727932854 -0.013230107187006079 0.011024840939250997 0.019960579912426436 -0.013192704062324709 0.0024335880856072288 0.0051933177427841391 -0.0077289332141205818 -0.01166571378784742 0.011891001406073387 0.00076026923217123064 0.0083079089027686247 0.0046792173730158797 -0.016766094577250725 0.001244039720712378 -0.0026356314547527383 -0.018761715299796533 -0.013330345367826055 0.015381831088007666 -0.013673450390702184 -0.0012466463179779768 0.01820112017667555 0.00020377872202877954 0.035141759387236939 -0.027622029706074507 -0.019714092362555571 0.015673081191987563 -0.00078078041170474149 0.024891040057490592 -0.0006913538313420472 0.0031715984160469138 -0.02151486547351136 0.015935411706106802 0.009152434342213786 0.0041745507953507384 -0.017229225325642184 0.0017660078501744768 -0.024775774651670641 -0.01611135598644553 0.024308689674321066
leaf_weight=613.00093234330416 472.75326467305422 576.96358355134726 553.82405456528068 373.17416391149163 5950.3632345721126 342.64206859841943 262.69930427148938 472.01983354985714 1619.3632894009352 1129.298124819994 1993.866119928658 752.83973441272974 386.62395533919334 622.39994339644909 2621.9195485562086 835.73980063199997 1531.8034863471985 2332.6885670721531 53.843282237648964 1579.921555750072 1389.5947979688644 137.94933427125216 1767.3515461906791 373.57495678961277 1973.8007996976376 607.88391496986151 1092.3748462423682 2194.5821763724089 738.53709541261196 1552.9076141268015 883.60172214359045 1590.9270056858659 1295.0311009660363 841.74822675436735 1125.9151916727424 232.42846865206957 1673.3988494127989 2985.6825118735433 69.736863911151886 1189.1415429450572 395.84261107444763 70.163522645831108 797.17551739513874 3373.8685287386179 422.67296350747347 46.347577959299088 1741.962570592761 1821.3023255392909 807.02135069668293 301.93130911886692 243.59264585375786 277.21782478690147 1576.083434805274 200.7393604144454 520.9819453060627 1106.4430229216814 484.62728150188923 204.01917055994272 2576.715369336307 388.62481439858675 2242.6786291524768 31.769678689539433
leaf_count=5046 8535 2771 11935 2698 25389 1560 4083 5337 14893 5192 8605 3433 1789 2777 11147 4461 8962 15005 348 15677 7203 730 9481 2222 9108 2674 12599 11056 5378 11559 5647 6964 5658 3682 4812 1001 7434 13806 340 11223 1747 318 3367 15768 3746 227 35823 34344 3892 1697 1027 1218 6618 953 2507 4859 2166 1130 13246 2314 31848 140
internal_value=-8.23161e-05 0.00348552 -0.0159046 -0.00089545 0.00726874 0.00132571 -0.011467 -0.0102442 -0.00806712 0.0109631 0.0080388 0.00433045 0.00482067 0.00345496 0.00646261 -0.000350735 4.00738e-05 -0.00328387 -0.000451003 -0.00686831 -0.00053637 0.000289305 -0.000620417 0.00190796 0.00451627 0.00954554 -0.00565555 0.000150818 -0.00355786 -0.0125063 -0.00358365 0.00743189 0.00972148 0.00591045 0.0107959 0.00230559 -0.00145169 -0.00189451 0.00999968 -0.00558379 0.00556674 0.0137322 0.0108664 0.0164318 -0.0098647 0.0170066 -0.0250319 -0.0235867 0.00890776 0.0111966 0.0120493 0.00453385 -0.00151366 -0.00383137 0.00716815 0.00479926 -0.00235937 -0.002015 -0.00129846 -0.00573749 -0.0176423 -0.0117538
internal_weight=68425.7 55835.8 12589.9 25874.2 29961.6 19756.3 8472.8 8000.05 6117.96 13271.9 3947.05 16689.7 16112.8 12501.1 7062.31 15809.2 15436 2945.69 5438.75 5494.67 14600.3 13068.5 11821.6 6379.05 4611.69 3611.69 5022.65 2568.16 3930.27 3172.27 5442.56 3003.81 5002.29 2380.37 3119.78 1412.88 2060.02 4816.35 2043.54 3191.74 1148.68 7321.5 3553.9 3767.6 1611.81 3697.43 4117.09 3563.26 1246.9 1108.95 1085.34 323.565 4762.51 3186.42 2424.6 1903.62 827.269 4558.95 4354.93 1778.22 2505.38 264.198
internal_count=461175 280647 180528 147833 132814 101330 98426 89891 46503 58845 17143 73969 71198 55239 30737 84187 81489 20051 24502 53960 77028 68066 61747 32207 22726 15959 48623 13278 36024 26452 29540 13285 21514 10367 13417 6321 9223 21725 9448 30646 5180 33456 15925 17531 14969 17213 82102 70167 6319 5589 4709 1445 21377 14759 10733 8226 3726 23893 22763 9517 35931 1141
cat_boundaries=0 1 2 3 4 5 6 7
cat_threshold=1128 74936 76053 141320 5256 20865 221478
is_linear=0
shrinkage=0.035


Tree=56
num_leaves=63
num_cat=7
split_feature=13 2 52 34 24 27 47 16 43 46 8 2 17 42 5 16 22 40 48 23 29 26 22 45 40 29 19 26 14 16 32 32 27 42 14 26 17 47 48 16 22 38 28 19 14 44 40 1 46 16 49 44 17 14 26 32 41 16 26 16 26 37
split_gain=2990.26 836.615 339.784 287.495 263.491 181.399 151.195 135.151 130.746 127.983 127.482 118.691 111.194 120.012 80.0506 78.2781 76.8208 147.451 90.3533 75.5294 100.112 73.4589 71.1149 70.0144 67.5653 66.8767 63.6359 63.1013 59.3956 58.8178 64.2297 56.0685 55.4585 53.3465 51.8906 51.769 51.7077 51.6986 50.1611 67.6676 59.4087 48.1398 47.7424 47.2066 45.4468 44.9764 44.7452 44.6607 42.8375 42.4333 42.2424 41.9926 41.867 42.9887 46.7162 44.163 41.812 48.6792 41.4829 40.6504 40.2862 40.1871
threshold=0.31909090909090915 104.95000000000003 11.500000000000002 2.5000000000000004 4.5000000000000009 1.0000000180025095e-35 inf 0 1.5000000000000002 10.150000000000002 14.500000000000002 3.2500000000000004 422.32500000000005 2.5000000000000004 142.35000000000005 1 39.500000000000007 5708.1900000000023 11.500000000000002 0.68301270189221941 272.50000000000006 70.500000000000014 1.5000000000000002 5.2250000000000005 11679.09 333.50000000000006 337.98000000000008 177.00000000000003 19.500000000000004 2 131.49000000000004 878.7600000000001 12160.08 3.5000000000000004 18.000000000000004 223.50000000000003 33.550000000000004 1623.3000000000002 5.5000000000000009 3 12.500000000000002 974.1600000000002 109.46500000000002 430.73750000000013 19.500000000000004 1423.2 3388.8300000000008 inf 1431.72 4 2.5000000000000004 430.64000000000004 2.5100000000000002 18.000000000000004 314.50000000000006 3764.7850000000003 1083.7600000000002 5 314.50000000000006 6 314.50000000000006 1239.3900000000001
decision_type=8 10 2 2 10 8 8 9 2 8 2 10 10 2 10 9 2 10 2 2 2 2 2 10 10 2 10 2 2 9 10 10 10 2 2 2 8 8 2 9 2 8 10 10 2 10 8 8 10 9 10 8 8 2 2 8 10 9 2 9 2 10
left_child=2 4 11 5 9 15 7 42 -4 27 22 41 36 24 25 -3 17 21 32 26 -21 46 -11 52 28 29 59 -2 -14 30 -5 48 47 37 -23 -6 -9 50 40 -40 -36 -1 -7 -22 -31 -19 -8 -18 56 -33 -24 58 -13 -54 -55 -56 57 -15 -30 -12 -46 -39
right_child=1 3 8 14 35 6 16 12 -10 10 19 23 13 31 -16 -17 18 45 -20 20 43 34 33 -25 -26 -27 -28 -29 51 44 -32 49 -34 -35 38 -37 -38 61 39 -41 -42 -43 -44 -45 60 -47 -48 -49 -50 -51 -52 -53 53 54 55 -57 -58 -59 -60 -61 -62 -63
leaf_value=-0.019366358440427906 -0.0031105157539439189 -0.031068820835551778 -0.026159129793742388 0.0095166455517305647 -0.010619652797273933 -0.01037280868373627 -0.0037091376556800063 -0.0012183669354970284 -0.014496347632257468 -0.010689122088977874 -0.0016853031597537848 -0.019444137446054357 -0.011218351235166856 0.0085042306762055098 0.015308162866018347 -0.0012025683224422877 0.0098626686867008886 -0.016875224191246443 0.040513492369337926 0.013081370253054574 -0.00030081238680642263 -0.0070621766505962547 -0.0085811231951938554 -0.013977671191120009 -0.022328813071331194 -0.00037727899940067522 -0.017457510998689911 -0.012878132276880869 0.00031089803393968883 0.0042422923771692194 -0.0015607019601027339 -0.0061870697909408284 -6.2159934747522619e-06 0.0080382592924639947 0.0084592373264152695 -0.023191742768144955 0.012534232158626559 0.0027697046110603456 0.0029859785050863957 0.013591888689484627 0.027472344599715148 0.01243368218877571 0.022173060129909682 -0.0167012905014635 0.012740677728015602 0.01539604539524184 0.022353304208944727 0.019070282057220396 0.01223030459821994 0.0037746251403763345 0.00067868367922891749 -0.0088370598452168249 -0.017081114706096683 -0.0033409340022763764 -0.00050874318550623774 0.036146514801766366 0.0079788770389907226 -0.0012974358241495555 0.011879242734944133 -0.013863977338281548 0.024093770084022966 0.013134913842162881
leaf_weight=1700.876516841352 1635.9062275514007 237.97422435507178 3760.4461309947073 2089.0619188845158 846.37191070988774 1126.54594951123 867.62690114974976 398.9039069712162 1720.9855090714991 489.8083058334887 1159.8097354359925 215.66993891447783 622.23368473351002 918.1798260062933 3322.1989059746265 202.27687345072627 1922.8227113187313 421.42345449328423 132.72350104153156 525.13496115058661 625.47680687904358 218.17055459320545 794.07361499220133 1427.152278251946 188.99528505653143 857.85977762937546 777.61316194012761 1605.8572896681726 3624.9162343032658 683.57208745181561 924.62276749312878 851.31843237578869 469.12281595170498 1969.9773166254163 394.52717550098896 767.37841881811619 2081.0009298324585 2208.616397805512 1484.2759567946196 1493.3053978234529 412.81473979353905 59.738977942615747 57.1373550593853 326.62867337465286 3303.7121514976025 59.685122609138489 87.963479697704315 974.51103928685188 1228.9952304661274 1323.4050629138947 2504.227081425488 542.64518148079515 258.31223731860518 2457.3659834414721 89.174869783222675 72.370471309870481 2878.1573672816157 1866.2038573622704 423.15788911283016 467.4330682605505 434.01824147999287 577.45029216259718
leaf_count=25609 11844 2999 72003 8928 11407 5689 3663 1912 19838 3116 6811 2719 3582 3971 15957 1592 8346 1900 580 2468 3526 967 4958 18446 1119 3598 5034 13725 18444 2899 3872 3734 2039 9065 1653 11784 9331 10441 6424 6394 1744 498 341 1798 14407 255 375 4272 5133 5670 16657 3191 2475 20029 826 510 12448 8129 2131 3181 1952 2766
internal_value=-8.089e-05 0.00326651 -0.016133 0.0060993 -0.00314694 0.00414961 0.0045123 0.00267547 -0.0225007 -0.00175946 -0.000143562 -0.0105729 0.00347427 0.00230223 0.0107165 -0.0181117 0.00823742 0.00563343 0.0122828 -0.00540201 0.000826856 0.0074288 0.002246 -0.00756718 -0.0018272 0.00887542 -0.00922699 -0.00795153 -0.00107978 0.00994292 0.00609841 0.0047626 0.0111581 0.00303385 0.0095097 -0.0166087 0.0103225 0.00141249 0.0104665 0.00836345 0.0182031 -0.0182809 -0.00871087 -0.00593877 0.0125194 -0.0128481 -0.00128919 0.0129651 0.00630857 -0.000137125 -0.00155256 0.000296564 -0.00460563 -0.003487 -0.00214016 0.0160337 0.00502139 0.00196253 0.00152281 -0.00528555 0.0140651 0.00492198
internal_weight=68169.9 56407.8 11762.1 39126.1 17281.8 27511 27070.8 18131.8 5481.43 15668 12426.2 6280.66 16948.1 14468.2 11615 440.251 8938.97 5439.79 3499.18 3882.1 1477.24 4958.68 8544.15 4520.05 5401.95 8292.85 2404.86 3241.76 5212.95 7434.99 3013.68 9066.26 3366.46 8054.34 4003.09 1613.75 2479.9 6084.37 3784.92 2977.58 807.342 1760.62 1183.68 952.105 4421.3 481.109 955.59 2897.33 6891.54 2174.72 3298.3 4590.72 3092.89 2877.22 2618.91 161.545 5662.54 2784.38 4048.07 1627.24 3737.73 2786.07
internal_count=461175 298222 162953 179641 118581 128028 123437 84825 91841 95390 69821 71112 78795 67552 51613 4591 38612 23375 15237 22818 7792 21220 47003 45005 28467 35656 15026 25569 27348 32058 12800 39085 14657 43887 17182 23191 11243 34822 16215 12818 3397 26107 6030 5324 19258 2155 4038 12618 29681 9404 21615 23766 26559 23840 21365 1336 24548 12100 20575 9992 16359 13207
cat_boundaries=0 1 2 3 4 5 6 7
cat_threshold=10309 151808 157721 26901 16384 17544 457
is_linear=0
shrinkage=0.035


Tree=57
num_leaves=63
num_cat=7
split_feature=24 2 13 24 34 47 42 40 7 32 12 26 18 47 7 26 26 48 9 41 36 44 16 37 52 26 18 27 17 26 32 48 8 41 0 26 32 16 32 16 26 14 29 29 27 16 16 35 18 14 26 18 49 49 7 29 16 14 39 0 8 16
split_gain=2818.9 797.915 275.75 274.608 254.253 144.673 146.079 140.473 133.061 118.217 108.79 103.893 82.7855 82.6805 81.5656 78.3605 112.912 81.5719 69.3056 67.6958 67.6783 65.7618 64.8903 62.8695 77.6123 62.7947 57.3485 56.0638 57.6052 69.068 55.8181 55.614 53.8713 53.6335 53.2067 52.1679 50.4676 56.2579 47.7499 47.583 50.4228 46.1651 52.172 61.4609 59.8428 58.2265 46.1423 60.537 44.9548 41.8757 56.7459 44.396 54.9452 40.7152 40.2606 40.0497 39.6646 39.078 38.7672 38.223 36.8012 36.7603
threshold=4.5000000000000009 175.77000000000004 0.41421568627450983 9.5000000000000018 2.5000000000000004 inf 2.5000000000000004 1.0000000180025095e-35 0.86607142857142871 691.38000000000022 30.180000000000003 100.50000000000001 9653.4060000000009 1423.9000000000003 0.6515151515151516 21.500000000000004 146.50000000000003 11.500000000000002 415.47000000000008 2646.6300000000006 1485.3600000000004 93.680000000000021 0 19759.320000000003 3.5000000000000004 161.50000000000003 3647.1129166666674 1.0000000180025095e-35 8099.4600000000019 21.500000000000004 4190.1600000000008 2.5000000000000004 7.5000000000000009 2528.0100000000007 356.46000000000015 51.000000000000007 3246.8650000000007 1 5.8000000000000016 2 131.50000000000003 16.000000000000004 84.500000000000014 176.50000000000003 15866.640000000001 3 4 18.500000000000004 10999.973333333335 18.000000000000004 284.50000000000006 905.48666666666679 2.5000000000000004 13.500000000000002 0.47727272727272735 272.50000000000006 5 20.500000000000004 105.63000000000001 462.4500000000001 15.500000000000002 6
decision_type=8 10 8 10 2 8 2 8 8 10 10 2 10 10 10 2 2 2 10 8 8 10 9 8 2 2 10 10 8 2 8 2 2 10 10 2 10 9 10 9 2 2 2 2 10 9 9 2 10 2 2 10 10 10 10 2 9 2 10 10 2 9
left_child=1 2 14 7 5 6 12 -2 20 10 54 34 23 15 -1 -12 26 19 22 -18 -9 49 33 24 -3 35 55 -7 29 -29 -16 57 -28 46 -11 -10 37 -8 -24 -33 -41 -31 -43 45 59 -44 -6 -48 -20 -21 51 52 -51 58 -4 61 -50 -32 -26 -45 -13 -17
right_child=3 4 9 -5 18 27 36 8 25 11 13 60 -14 -15 30 16 17 -19 48 21 -22 -23 38 -25 53 -27 32 28 -30 41 31 39 -34 -35 -36 -37 -38 -39 -40 40 -42 42 43 44 -46 -47 47 -49 56 50 -52 -53 -54 -55 -56 -57 -58 -59 -60 -61 -62 -63
leaf_value=-0.018791525864383304 -0.03222230162320347 -0.0086598248433722765 -0.026568807660457352 -0.025773167017031223 0.017296563711699992 -0.020677730955899268 -0.0071968447431639193 -0.019790125513365488 -0.012203077296045568 -0.0063623457717763027 -0.010605734009054303 -0.006076474326679333 -0.019628478705432374 -0.015083171625250882 -0.010898213970915489 0.014201298655545062 -0.010081825740137015 0.0088491366637875862 0.016091384797556913 -0.0066486244758647752 0.0054249122720388537 -0.0059716484810102442 0.0078938710301954262 0.0091677469403154757 0.0048365529698633164 -0.012200424303593433 0.023376985542599125 -0.010306280528997781 0.0024420842070121043 -0.0074483886412170987 -0.017767394925141167 0.012930459610051154 0.0088709537462026873 0.01769437497928399 0.018450549984493036 0.00073147428831950127 -0.004519809454083706 0.0062853962276713362 -0.0014276043527884454 0.0069770028448615969 -0.0064819075214338755 0.018628280770571878 0.016926615596079671 0.0078611293048981568 -0.036199415372016611 0.0011891257961188003 0.010383867845270863 -0.0018082836207527673 0.0099067556059076033 -0.00079236487841361327 0.017038674103338747 -0.00047815421073085714 0.017049956561802245 -0.0059777398569504725 -0.0048886354691775923 0.0006397623464364803 -0.016983936095895925 0.016529922698814457 -0.0039444726244873777 0.015807908566917307 -0.018737577504880153 0.0037619282579016994
leaf_weight=858.16837496310472 448.01444008201361 1576.783122241497 108.9803212210536 3226.2766709290445 650.87021867930889 81.44328535720706 389.53160555288196 2274.8875631913543 544.1695170328021 211.48324878513813 525.03673380240798 443.9684592038393 300.74493820220232 330.22420448809862 2399.2806256525218 713.7588904723525 915.95456473901868 1148.458126373589 3074.9226372241974 493.71026363223791 137.91730685159564 1472.8867924138904 2048.8637943416834 681.58310851082206 2241.6188009865582 1933.306320361793 402.04824893176556 200.88337263464928 1613.9161713421345 169.81726451218128 413.29096426069736 254.06283995509148 1426.5270432755351 1246.5165607333183 210.21041198074818 1275.7086645551026 631.90126556530595 8680.7551784403622 1001.9810104072094 459.92057493701577 1310.2481528371572 932.6023957207799 351.15255714207888 1164.7575838491321 29.716664269566536 1434.8731647580862 1659.6757116168737 712.72319436073303 207.97228468954563 379.39860773086548 376.30655047670007 1863.9599116928875 476.31687672436237 914.5460367128253 2318.3022284805775 1729.8886887356639 86.118417337536812 44.345494672656059 848.2330505028367 2056.1632584184408 772.48066305741668 1021.8244199305773
leaf_count=10460 8774 6975 982 69849 2828 651 1772 36277 5978 1218 2994 2838 1835 1759 21192 3365 5502 5917 14955 2793 1408 8229 8756 2977 12099 22769 1850 862 7040 774 3672 1852 6893 5529 896 11802 2755 37224 4192 2880 10156 4031 1518 5002 134 6415 7196 3141 963 1895 1934 9313 2315 5116 15512 8738 366 323 4824 8960 5287 4663
internal_value=-7.95795e-05 0.00285583 -0.00219553 -0.0174012 0.00618784 0.00420878 0.00231045 -0.0133141 -0.0119353 5.42499e-06 0.000938963 -0.00893878 -0.00172206 0.00218465 -0.00884469 0.00262625 0.00318637 0.000310093 0.0106861 -0.00133144 -0.0183472 0.000253419 0.00877198 -0.000859181 -0.00208511 -0.00780948 0.0070577 0.00805075 0.00834748 0.00985015 -0.00709242 -0.00341036 0.0120714 0.0115576 0.00602104 -0.00314072 0.00503834 0.00570465 0.00481719 -0.000916518 -0.00296634 0.0105113 0.0110234 0.00961181 0.0124773 0.00439241 0.0090606 0.00669364 0.0148414 0.00280858 0.00431836 0.0025527 0.00914751 0.000505286 -0.00587257 0.00440946 0.00176167 -0.0144152 0.00242547 0.0129375 -0.0141254 0.00816427
internal_weight=67912 58071.7 23081 9840.28 34990.7 24301 16265.7 6614 6165.99 17341.7 15703.6 1638.14 6563.51 13276.3 5739.32 12946.1 12421 7126.99 10689.6 5978.53 2412.8 5062.58 7320.63 6262.76 5581.18 3753.18 5294.05 8035.33 7953.88 6339.97 4881.15 2481.87 1828.58 4269.79 421.694 1819.88 9702.19 9070.29 3050.84 2024.23 1770.17 6139.08 5969.27 5036.66 3250.64 1786.03 3023.27 2372.4 3369.01 3589.69 3095.98 2719.68 855.715 4004.4 2427.28 3465.47 294.091 457.636 3089.85 3220.92 1216.45 1735.58
internal_count=461175 304318 145428 156857 158890 110964 75577 87008 78234 94893 84654 10239 33826 68160 50535 66401 63407 37898 47926 31981 37685 26479 31642 31991 29014 40549 25509 35387 34736 27696 40075 18883 8743 18694 2114 17780 41751 38996 12948 14888 13036 26834 26060 22029 14096 7933 13165 10337 16284 18250 15457 13523 4210 22039 16494 16766 1329 3995 16923 13962 8125 8028
cat_boundaries=0 1 2 3 4 5 6 7
cat_threshold=5536 10304 66661 13512 1184 4352 133280
is_linear=0
shrinkage=0.035


Tree=58
num_leaves=63
num_cat=9
split_feature=24 34 46 24 4 1 1 40 29 22 17 45 44 29 29 29 23 29 29 29 2 29 41 23 32 7 3 16 50 29 35 35 16 18 16 17 16 29 22 40 16 22 16 22 16 36 40 16 41 3 22 16 18 2 40 44 15 8 45 29 3 47
split_gain=2662.02 746.957 344.539 269.839 229.726 162.087 141.75 109.588 100.908 97.4245 96.9282 90.5042 84.2197 82.6086 80.8304 76.9295 86.5531 112.685 71.6146 69.1265 64.195 59.7675 58.8715 58.6585 54.1572 51.66 50.3546 49.9397 49.7156 52.4689 49.6525 48.8693 47.6531 47.4109 47.3158 44.8435 43.8734 48.0203 43.7811 43.5315 74.4128 50.4765 42.2216 44.894 42.1501 41.8877 41.0998 40.7548 40.0287 39.9666 39.8022 39.2284 38.1659 38.1202 37.3654 36.1068 35.5635 35.4304 35.3025 35.0462 34.8003 34.6926
threshold=4.5000000000000009 1.5000000000000002 33.165000000000013 9.5000000000000018 30.285000000000004 2226.9600000000005 16.595000000000006 1.0000000180025095e-35 192.00000000000003 8.5000000000000018 1.0000000180025095e-35 1.0645833333333334 340.93000000000006 8.0000000000000018 353.00000000000006 84.500000000000014 1.0000000180025095e-35 318.00000000000006 272.50000000000006 222.50000000000003 354.64500000000004 318.00000000000006 2893.23 0.25000000000000011 1.4650000000000001 0.63068181818181823 225.50000000000003 0 20.124667699042273 23.500000000000004 16.500000000000004 18.500000000000004 1 11807.703750000002 2 7650.0000000000009 3 69.500000000000014 66.500000000000014 3388.8300000000008 4 13.500000000000002 5 1.0000000180025095e-35 6 762.60000000000014 12452.190000000001 7 8137.4400000000014 40.500000000000007 28.500000000000004 8 203.38499999999999 2488.1400000000003 1793.3866666666668 340.93000000000006 0.31914564476118873 6.5000000000000009 1.8660714285714288 207.50000000000003 248.50000000000003 5447.4400000000014
decision_type=8 2 8 10 10 8 8 8 2 2 8 10 10 2 2 2 2 2 2 2 10 2 10 2 10 10 2 9 8 2 2 2 9 10 9 8 9 2 2 10 9 2 9 2 9 8 10 9 10 2 2 9 10 10 10 10 8 2 10 2 2 8
left_child=1 2 8 6 13 10 45 -8 23 32 52 39 14 -3 20 22 42 24 -10 55 28 48 27 25 44 -1 -26 31 29 -12 60 38 -7 47 -19 -11 37 -31 -15 40 -6 -41 -17 -44 -18 -2 -43 -22 -21 -48 -5 59 -4 54 -42 -9 -53 -36 -30 -14 -27 -13
right_child=3 4 5 50 11 9 7 19 18 35 12 61 51 15 -16 16 17 34 -20 21 33 -23 -24 -25 26 30 -28 -29 58 36 -32 -33 -34 -35 57 -37 -38 -39 -40 41 53 46 43 -45 -46 -47 49 -49 -50 -51 -52 56 -54 -55 -56 -57 -58 -59 -60 -61 -62 -63
leaf_value=-0.02002212582339763 -0.020039003833011975 -0.0091388093433651917 -0.0075128702211206006 -0.028386993902670774 0.017371851956514958 -0.014951478803857443 -0.032029741854842274 -0.0098059937976438753 0.00042089349642882376 0.012094791940977272 -0.011818687869558031 0.005737622882709988 -0.013694841184976863 0.00015531817525969374 -0.012653477486289996 0.0083450796624790387 0.02537753510502239 -0.012474050707198925 -0.0095994298675489542 0.0042212742767692201 -0.0076411339628264865 -0.012256385098880178 0.018801765473145493 -0.027746113329765502 0.0024150088567671084 -0.0079357599140282148 0.015721355488569431 0.011070144550524234 -0.00059595189548505888 0.016728212634833334 -0.019624992468487527 -0.011570165528197259 0.0017555213453109 -0.024863291859789884 0.019835777596689606 0.0039744512781341116 -0.0019168032230625972 0.0035348416788307168 0.014526728244186908 -0.013958005482324105 -0.001701909178268964 0.017067342001551092 -0.03518929704629644 -0.0013776340678181007 0.0099401536525775599 0.0015955382323167414 0.034044787171152745 0.0055129986485831584 -0.015537850431769093 -0.0011013377293040364 -0.02010828773383248 -0.018218344664112502 -0.028799105697239192 0.014832440782252229 0.0082591891068576652 -0.023481605109037421 0.0087855013904407486 -0.00039044791923626359 -0.0075708355820541164 -0.003922564864932458 0.0080180055103036361 0.013202443979915622
leaf_weight=618.24556195735931 2594.3395094275475 574.8309722840786 223.45777567103505 2037.847494032234 1112.6726813465357 277.74521699175239 230.10185143351555 1572.0235420763493 2027.5634799152613 2408.6840060278773 324.26878683269024 5039.4470408335328 911.10429150611162 751.71717642992735 532.36905052512884 563.30905661731958 238.86022522300482 384.92522838711739 1534.2303454056382 1100.7876076065004 299.34152764827013 509.34436943009496 605.85284881293774 275.99790089204907 2287.0394384637475 1967.5765787176788 410.11193716526031 1588.9620725139976 1956.7582610473037 394.79960589110851 428.31655198335648 263.40155979990959 755.61737512424588 66.262629561126232 112.83162687718868 1275.3405024036765 1559.0285004153848 2319.1314748376608 395.72697845101357 69.919169574975967 794.80719585716724 3324.1360841393471 47.654211148619652 4283.0283757150173 2592.852814167738 114.31645300239325 45.272014379501343 4716.847467161715 140.76649797707796 275.93590848147869 1114.147649332881 73.046458512544632 192.2743914052844 512.58406344056129 1097.4482023268938 278.39430841431022 308.75923827290535 1559.8826090171933 1628.2228125557303 888.70327164977789 182.27043775469065 898.81207555532455
leaf_count=7138 41451 2771 1637 45538 5192 1426 4899 18737 13618 10550 2399 21614 5513 3433 3233 2511 1004 1789 13021 9990 1440 5748 2674 2915 10054 16346 1796 6964 9821 2361 3925 1141 3466 360 532 5545 10161 14392 1747 318 3367 15768 325 19256 11070 1296 227 21568 1532 1218 24311 421 1880 2507 4859 3355 1575 6902 10499 4681 1613 3775
internal_value=-7.79097e-05 0.00276043 -0.00132951 -0.0170554 0.00661912 0.00090581 -0.0129977 -0.00866153 -0.00803755 0.00662218 -0.000739347 0.0100734 -0.000304726 0.00388795 0.000705842 0.004354 0.00305259 0.00539336 -0.00389681 -0.00715997 0.00124292 -0.00217294 0.00885656 -0.0122825 0.00799521 -0.0109391 0.00444337 0.00684239 -0.000676101 0.00173298 -0.00875401 0.00198396 -0.00287264 0.00433188 -0.00159829 0.00928552 0.00276392 0.00543952 0.00512002 0.0127026 0.00990643 0.0153465 -0.00057636 -0.00175368 0.0113755 -0.0191257 0.0159123 0.00472242 0.0019703 0.00394255 -0.025468 -0.00669319 -0.0174031 0.00634794 0.00407652 -0.0118751 0.0034938 0.000979083 -0.00376502 -0.00882537 -0.00658005 0.00686953
internal_weight=67670.1 57978 28146 9692.07 29832 21111.8 6540.07 3831.42 7034.2 4717.39 16394.4 13171 15978.6 16661 13797 16086.2 12480.5 7586.5 3561.79 3601.32 13264.7 1750.9 3605.66 3472.41 5528.86 3196.41 2697.15 2999.81 8182.21 4597.23 2578.16 1410.85 1033.36 5082.45 2057.64 3684.02 4272.96 2713.93 1147.44 7232.78 3517.51 3715.26 4893.99 4330.68 2831.71 2708.66 3645.34 5016.19 1241.55 321.208 3152 2181.61 415.732 2404.84 1892.26 1850.42 381.806 1672.71 3584.98 1799.81 2149.85 5938.26
internal_count=461175 304318 171504 156857 132814 112928 87008 44261 58576 20987 91941 58845 88424 73969 76234 71198 55239 33147 26639 39362 73001 17270 15959 31937 23924 29022 11850 13285 49633 29313 21884 6321 4892 23368 9223 16095 26914 16753 5180 33456 15925 17531 22092 19581 12074 42747 17213 23008 11522 1445 69849 12190 3517 10733 8226 22092 1996 7434 20320 10194 17959 25389
cat_boundaries=0 1 2 3 4 5 6 7 8 9
cat_threshold=76053 90406 141320 9720 5256 74936 160 2048 22912
is_linear=0
shrinkage=0.035


Tree=59
num_leaves=63
num_cat=5
split_feature=13 2 52 34 24 27 14 43 26 18 16 2 16 22 2 1 18 42 32 3 25 26 3 6 26 26 19 45 22 48 3 35 19 18 18 2 32 26 16 26 26 26 14 43 26 22 32 3 16 10 38 32 49 41 12 22 16 27 17 18 22 35
split_gain=2537.29 696.822 318.173 238.275 223.971 158.071 128.21 125.961 117.819 114.781 110.986 110.661 119.814 140.42 108.106 92.2205 89.4073 77.7162 83.1912 77.6883 75.2633 75.1803 72.7254 77.3933 71.3831 73.8723 66.6878 61.2507 60.9311 59.8797 68.9317 58.3356 58.231 56.2283 54.0909 52.4088 59.3947 55.4281 51.4441 51.2403 50.8683 50.1977 49.8105 48.4104 53.6652 47.9576 46.802 57.0674 44.5691 44.1043 43.9938 43.8847 43.157 41.4931 40.803 40.6316 39.9762 38.577 38.0202 50.0541 45.7324 37.4916
threshold=0.31909090909090915 104.95000000000003 11.500000000000002 2.5000000000000004 4.5000000000000009 1.0000000180025095e-35 16.000000000000004 1.5000000000000002 21.500000000000004 11807.703750000002 0 1594.8700000000003 1 18.500000000000004 3.2500000000000004 inf 4756.1942045454552 3.5000000000000004 inf 17.500000000000004 331.21250000000003 345.50000000000006 257.50000000000006 140.66833333333338 161.50000000000003 70.500000000000014 1095.4912500000003 5.2250000000000005 8.5000000000000018 7.5000000000000009 67.500000000000014 13.500000000000002 4514.9100000000008 62.220666666666666 7275.21 655.96000000000015 878.7600000000001 131.50000000000003 2 51.000000000000007 70.500000000000014 223.50000000000003 16.000000000000004 2.5000000000000004 131.50000000000003 5.5000000000000009 1490.1450000000002 66.500000000000014 3 132.14000000000004 974.1600000000002 8049.4600000000009 12.500000000000002 2870.6550000000002 49.030000000000008 29.500000000000004 4 2921.0700000000006 2.5100000000000002 3744.8250000000003 30.500000000000004 7.5000000000000009
decision_type=8 10 2 2 10 8 2 2 2 10 9 10 9 2 10 8 8 2 8 2 10 2 2 10 2 2 10 10 2 2 2 2 10 8 10 10 10 2 9 2 2 2 2 2 2 2 10 2 9 8 8 8 10 10 10 2 9 10 8 10 2 2
left_child=2 4 14 5 10 19 56 55 -8 11 17 12 33 16 50 21 29 18 43 -3 -11 32 23 39 25 -12 61 58 57 40 -31 -26 35 -10 38 36 53 -38 46 -5 -14 -6 -41 -2 -45 -42 -25 -48 -44 54 -1 -30 -35 -15 -20 -4 -7 -13 -16 -60 -61 -19
right_child=1 3 7 22 41 6 8 -9 9 20 24 28 13 15 27 -17 -18 26 49 -21 -22 -23 -24 34 31 -27 -28 -29 51 30 -32 -33 -34 52 -36 -37 37 -39 -40 42 45 -43 48 44 -46 -47 47 -49 -50 -51 -52 -53 -54 -55 -56 -57 -58 -59 59 60 -62 -63
leaf_value=-0.018403733767751413 -0.015811099849959133 0.00080132328614688868 -0.028130083205784303 0.00038706183889313471 -0.0096357459890931297 0.010311196127809473 -0.0070197597389094054 -0.01362115218146779 -0.0012357114188337036 -0.015471783865379495 -0.011083074162632907 0.0033879825875119322 -0.0044021043931015838 0.0019232848472641227 -0.018561697103128723 0.014351566998592547 -0.018400899420564099 0.017179033231844117 -0.0010775564737300881 -0.029580257201252264 0.0051573157096117045 0.017926361599250908 0.020391094322243727 0.021341638717460438 -0.0061204490576725968 0.0025530755509649227 -0.02162498831765412 -0.013025040340407624 0.0039683345743388694 -0.0022046979612759896 -0.023880265976536714 -0.017102709117251796 -0.033025176906514409 0.019785262057891675 0.0036872478399081953 0.0080288268536238359 0.0041881101792834406 -0.011808309588498284 0.0072827391771369387 -0.0064769936216115152 -0.0039657753683094033 -0.022274510469767892 0.0060352636018927838 0.0014897696445158965 -0.0086369484790274897 0.0076457891766921141 0.017789249046149719 -0.012901479270500027 0.012052221156819014 -0.0071009740813643843 0.011912096999349033 0.014615762119955618 0.0061899710734349767 0.0080991756875422542 0.0058563323128185971 -0.02026230359582833 -0.01091345543102841 -0.029085046946369798 0.00012112542063087046 -0.02280942324707361 -0.0051147019076571831 0.0048973483862910956
leaf_weight=1627.529981661588 503.16823370009661 172.86221229285002 2257.7082383781672 1163.2395754307508 820.15443420037627 117.4831749945879 1027.985685005784 1670.7366203404963 272.10077033191919 539.08127265796065 693.58981124311686 580.97705933451653 839.14842414110899 4021.7848615646362 207.76416530832648 1379.6724261939526 327.09148366004229 350.5565957352519 1875.2597267217934 254.29837234690785 361.11244121938944 504.34788225963712 740.91777813434601 1578.49222022295 1692.2742997445166 1624.9362419396639 106.24521223455667 1380.4518385007977 574.32382288575172 2094.7399893961847 195.62834367528558 912.36341682448983 50.515041396021843 1055.7439468502998 548.78865270316601 3165.0435270890594 464.56959811225533 616.53528058901429 697.34515725076199 264.90358558297157 538.6840583793819 729.0980066396296 3175.6136349439621 1193.2436978146434 1383.6118132174015 2266.843064814806 202.42965999245644 115.96281789243221 3025.5771617889404 638.33228889852762 60.1805050522089 2744.0663165412843 393.81991167366505 1992.7213860303164 2331.2654983215034 1272.6419207975268 855.18938867747784 47.554172538220882 1928.7364998199046 242.47023256123066 678.30554915219545 2288.481596775353
leaf_count=25609 4130 1272 47016 4913 11407 603 4870 19838 1215 2768 4488 2563 3928 18500 2719 5887 1700 1649 11447 3319 1591 2237 3442 7750 11549 8971 532 18446 2484 9702 1092 6848 232 4526 2588 13505 2145 3206 3376 1112 2504 11784 13684 7717 11269 10095 988 529 13231 4056 498 12089 1737 9408 12147 24987 4640 210 15756 2093 5991 10587
internal_value=-7.63636e-05 0.00297395 -0.0151861 0.00556092 -0.00290653 0.00378831 0.00412244 -0.021552 0.0045883 0.00506538 -0.00164504 0.0055233 0.00447455 0.0036431 -0.00977809 0.00583251 -0.000615095 0.000363102 -0.0013947 -0.0173124 -0.00719989 0.00474456 0.00978709 0.00905592 -0.00598514 -0.00152921 0.00543739 -0.00690797 0.0108826 0.000368049 -0.0040657 -0.00997245 0.00409813 0.0132827 0.0136783 0.00428409 0.00261283 -0.00493685 0.0157896 0.00715014 0.00315463 -0.0155942 0.00836655 -0.00589126 -0.00394889 0.00541566 0.0187741 0.00660588 0.00900159 0.00146452 -0.0173163 0.0127747 0.0160985 0.00397048 0.0027657 -0.0253004 -0.00834809 0.000888801 -0.00414257 -0.0030851 -0.00979399 0.00653467
internal_weight=67436.3 56109.8 11326.5 38967.2 17142.6 27453.9 27026.8 5201.09 26054.1 25026.1 15593.3 24125.9 20179 18457.3 6125.44 12195.2 6262.14 10670.2 7924.88 427.161 900.194 10815.5 11513.3 10772.4 4923.16 2318.53 2745.28 4437.73 3946.92 5935.04 2290.37 2604.64 10311.2 1721.66 3143.02 10260.7 7095.61 1081.1 2594.23 7629.33 3644.68 1549.25 6466.09 3080.02 2576.86 2805.53 1896.88 318.392 6201.19 4844.86 1687.71 3318.39 1449.56 6014.51 4206.53 3530.35 972.673 628.531 3057.28 2849.51 920.776 2639.04
internal_count=461175 298222 162953 179641 118581 128028 123437 91841 118194 113324 95390 108965 91619 84141 71112 55120 29021 63534 50766 4591 4359 49233 51613 48171 31856 13459 12768 45005 17346 27321 10794 18397 46996 7478 15231 46764 33259 5351 12643 32940 16527 23191 28027 23116 18986 12599 9267 1517 26915 27650 26107 14573 6263 27908 23594 72003 5243 2773 26559 23840 8084 12236
cat_boundaries=0 1 2 3 4 5
cat_threshold=132593 1192 152576 161809 5120
is_linear=0
shrinkage=0.035


Tree=60
num_leaves=63
num_cat=5
split_feature=24 0 24 45 0 19 40 1 42 39 41 16 22 4 18 26 26 26 17 16 22 0 26 3 26 40 29 26 16 41 19 26 41 26 7 8 26 3 3 41 49 16 18 37 29 29 8 18 41 46 18 12 27 16 18 36 22 32 43 26 41 48
split_gain=2374.13 666.537 261.621 246.906 195.437 171.93 136.995 135.87 123.872 100.171 96.0662 94.6117 155.684 90.247 90.4618 87.3732 91.6105 89.9453 81.2321 78.1476 114.621 87.6742 77.0915 84.9502 69.4711 61.3402 70.6587 96.5632 61.5291 63.8371 60.6585 60.1463 60.0522 58.6094 57.293 59.0488 57.0256 56.4145 56.0137 51.7968 51.5921 59.0409 47.8773 46.9434 46.6545 45.7934 45.7014 45.5343 44.108 43.7428 42.4388 42.1111 41.65 41.6479 40.4897 40.3519 39.7726 39.6729 54.5846 39.5958 37.4554 37.4444
threshold=4.5000000000000009 189.20333333333335 9.5000000000000018 1.1464285714285716 18.550000000000001 413.79000000000002 1.0000000180025095e-35 16.595000000000006 3.5000000000000004 103.19500000000001 13582.080000000002 0 29.500000000000004 25.960000000000004 11807.703750000002 366.50000000000006 21.500000000000004 161.50000000000003 1.0000000180025095e-35 1 7.5000000000000009 913.38666666666677 122.00000000000001 63.500000000000007 161.50000000000003 5708.1900000000023 272.50000000000006 122.00000000000001 2 8137.4400000000014 1330.0875000000003 21.500000000000004 1863.7200000000005 284.50000000000006 0.47727272727272735 10.500000000000002 51.000000000000007 241.50000000000003 31.500000000000004 2082.3750000000005 12.500000000000002 3 8068.1254545454549 4153.5000000000009 23.500000000000004 272.50000000000006 19.500000000000004 7063.3540909090916 1751.5800000000002 3.2500000000000004 13915.875000000002 2587.2150000000006 518.57500000000016 4 279.51500000000004 762.60000000000014 28.500000000000004 1219.7600000000002 2.5000000000000004 70.500000000000014 8137.4400000000014 3.5000000000000004
decision_type=8 10 10 10 10 10 8 8 2 10 10 9 2 10 10 2 2 2 10 9 2 10 2 2 2 10 2 2 9 8 10 2 8 2 10 2 2 2 2 10 10 9 10 8 2 2 2 10 8 8 10 10 10 9 10 8 2 8 2 2 10 2
left_child=1 4 6 11 34 8 -2 55 9 15 18 46 25 -14 31 16 -6 45 54 59 22 30 52 -24 36 26 27 38 29 33 37 -15 -19 39 -1 -36 -9 40 -13 -29 41 -22 -27 44 -33 -18 -3 -23 -28 -34 -51 -30 -21 57 -5 -8 -4 58 -47 -20 -38 -10
right_child=2 3 56 10 5 -7 7 24 61 -11 -12 12 13 14 -16 -17 17 32 19 20 21 47 23 -25 -26 42 48 28 51 -31 -32 43 49 -35 35 -37 60 -39 -40 -41 -42 -43 -44 -45 -46 53 -48 -49 -50 50 -52 -53 -54 -55 -56 -57 -58 -59 -60 -61 -62 -63
leaf_value=-0.021569188962789334 -0.031722883481256993 0.017022020812147438 -0.027876854367170422 -0.00079476745313015529 -0.016540673255400682 -0.013355624183783495 -0.018358082075971009 -0.011687978355147295 0.0003610490601068004 -0.013064007436026728 -0.012222550274172093 -0.0081621700806134238 0.0052721945587764357 -0.0018262817867243854 -0.0071188812152339718 -0.02048052577930148 0.007092640877551998 -0.011294761657788182 -0.00051141291793194935 0.0062641942533134178 -0.008930208111083757 0.0084263288620472793 -0.007280399153358731 -0.034073967600515426 -0.011496012402582915 -0.037467145411450631 0.003223428585170658 -0.014547448409873301 0.0068851284476378425 0.0029841494325508729 -0.0081239840451524659 -0.013162173033998378 -0.013013791148629748 -0.00020718388973651146 -0.0039134730066969301 -0.013171997919928777 0.0043824204565658673 0.011207527562299648 0.023882517950108286 -0.052247612586820875 -0.0039107448227341185 0.0037890380862563599 -0.0031567470815883048 0.016900571541243661 0.011327200756189978 -0.018999034239684569 0.0066332707784363754 -0.0020745498176220844 -0.0096493105868592603 0.00039016506312523224 -0.025223515760071119 0.02830149996204023 -0.010719156696637613 -0.0066468040642950711 -0.026103546480012143 0.0034676582559690695 -0.019434743697515546 0.010015713540732687 0.0032851832346011641 0.014041913981388598 -0.014895824900265966 0.0083628191139370391
leaf_weight=435.12653014808893 417.83446085825562 2098.8196299225092 1940.1971415504813 142.56341802328825 401.01182358339429 1245.9816746264696 2321.020905982703 500.32280368730426 1016.3177151829004 855.95815136656165 508.78209982067347 77.458280816674232 3155.1647063344717 294.66609613597393 271.04908871650696 264.32939597219229 2638.3398589491844 817.8514512181282 283.39462850987911 696.89602735638618 466.81698480993509 4955.2752302065492 816.98826264590025 175.47621910274029 1788.4707012735307 78.795145958662033 601.55558176338673 156.01405648142099 1189.7962574958801 1164.6641607582569 686.85446591675282 99.679592952132225 344.69717267528176 230.23564000427723 1873.2908610217273 1536.4101948738098 1122.903784185648 856.2555331364274 466.55839182436466 62.270810350775719 1591.8051721453667 7228.5427060052752 133.18182627856731 3387.3251788914204 1842.0919851660728 172.27601090073586 691.32828912138939 562.95793152600527 710.02168881893158 4300.5647103562951 79.7291499376297 123.41327109932899 235.97186680138111 712.7692072018981 168.67134679481387 108.3169762045145 1075.0702051967382 653.58491833508015 603.1845039576292 1190.9396083429456 137.70918122306466 2427.2866972759366
leaf_count=5648 8774 9456 45538 881 2812 8196 37656 5748 4778 5810 2663 321 13422 1257 1141 2098 13425 6245 1250 3249 2361 21479 4182 1085 21904 331 2531 661 5043 5010 3272 425 2830 992 15333 14986 10178 3942 2010 279 7709 33725 565 15891 8585 1341 3129 2646 2998 26975 502 615 1147 4382 1666 1216 24311 3144 3770 5290 1532 10834
internal_value=-7.49325e-05 0.00258039 -0.016375 0.00535511 -0.00251224 -0.000859153 -0.0123652 -0.0110073 0.000160131 -0.0015387 0.00278224 0.00849833 0.0073095 0.0100519 0.0126089 -0.000639811 -0.000148905 0.000489397 0.00316341 0.00344331 0.00281166 0.0037645 -0.00526228 -0.0120473 -0.00663924 0.00235333 0.00317126 0.00578631 0.0032659 -0.00132946 0.00193462 0.0135609 -0.00254436 -0.0125418 -0.0096189 -0.008088 -0.0017028 0.00261647 0.0193133 -0.0254915 0.00182327 0.00300972 -0.0160265 0.0144118 0.0100639 0.00400699 0.0143997 0.00735487 -0.00374726 -0.00102768 -8.17002e-05 0.00885046 0.00196132 0.00020448 -0.0145503 -0.0173839 -0.0248743 0.00364496 -0.00168356 0.0111703 0.00226633 0.00600203
internal_weight=67192.8 57781 9411.85 37402.3 20378.7 16533.9 6396.58 5978.74 15287.9 11844.3 20568.2 16834.1 14043.9 9049.98 5894.81 10988.3 10724 10323 20059.4 19748.2 18273.8 16348.5 1925.33 992.464 3549.41 4993.97 4781.99 3470.41 2926.39 1613.18 10830.3 5623.76 5542.84 448.521 3844.83 3409.7 1760.94 10143.4 544.017 218.285 9287.16 7695.36 211.977 5329.1 1941.77 4780.15 2790.15 5518.23 1311.58 4724.99 4380.29 1313.21 932.868 2141.81 311.235 2429.34 3015.27 1429.05 775.461 1474.33 1260.61 3443.6
internal_count=461175 304318 156857 171209 133109 97142 87008 78234 88946 73334 96547 74662 62077 40721 27299 67524 65426 62614 93884 91337 84797 75134 9663 5267 39362 21356 20460 14931 12600 6942 51009 26158 36552 1932 35967 30319 17458 47737 2331 940 43795 36086 896 24901 9010 26062 12585 24125 5529 30307 27477 5658 4396 12637 2547 38872 69849 8255 5111 6540 11710 15612
cat_boundaries=0 1 2 3 4 5
cat_threshold=5248 9352 26896 2048 16832
is_linear=0
shrinkage=0.035


Tree=61
num_leaves=63
num_cat=3
split_feature=13 2 52 34 24 22 16 2 24 41 2 26 22 8 1 9 46 3 48 23 26 26 29 26 3 26 22 23 32 47 40 37 26 26 32 40 26 7 49 2 17 42 51 49 12 40 41 25 42 19 46 26 38 41 16 22 27 16 29 26 32 41
split_gain=2269.29 615.372 302.172 242.637 172.979 166.368 134.508 136.838 122.531 106.766 100.917 96.987 94.4564 86.4195 80.2027 72.1347 70.9254 68.2429 68.1033 76.874 71.605 75.695 83.5993 67.7643 82.007 69.4362 65.1825 62.7539 69.2136 56.7559 56.359 59.0306 51.9108 51.5156 51.3529 51.1971 50.2147 48.9386 48.5236 46.9008 46.645 44.8383 44.0074 43.0068 42.7809 47.1953 41.6327 46.1016 41.5023 50.2519 42.2145 41.3344 40.9939 40.4186 39.8737 58.656 39.4576 39.2543 40.1802 55.1692 38.9717 38.2118
threshold=0.31909090909090915 64.675000000000026 11.500000000000002 2.5000000000000004 4.5000000000000009 1.5000000000000002 0 1637.7500000000002 10.500000000000002 921.12500000000011 3.2500000000000004 366.50000000000006 14.500000000000002 12.500000000000002 inf 415.47000000000008 9.1900000000000013 267.50000000000006 11.500000000000002 -1.0000000180025095e-35 51.000000000000007 122.00000000000001 272.50000000000006 177.00000000000003 76.500000000000014 70.500000000000014 8.5000000000000018 1.0000000180025095e-35 12012.660000000002 inf 1.0000000180025095e-35 6024.3300000000008 345.50000000000006 61.000000000000007 781.83000000000004 8333.6166666666686 51.000000000000007 0.82575757575757591 12.500000000000002 523.14000000000021 8858.970000000003 3.5000000000000004 254.93580603751988 3.5000000000000004 311.95500000000004 553.26666666666677 2681.1000000000004 63.624242424242432 2.5000000000000004 330.92083333333341 610.60500000000013 223.50000000000003 974.1600000000002 21339.720000000005 1 8.5000000000000018 2921.0700000000006 2 23.500000000000004 314.50000000000006 201.19500000000002 10350.360000000002
decision_type=8 10 2 2 10 2 9 10 8 10 10 2 2 2 8 10 8 2 2 2 2 2 2 2 2 2 2 2 8 8 10 10 2 2 10 10 2 10 8 10 8 2 10 10 10 10 10 10 2 10 10 2 8 8 9 2 10 9 2 2 8 10
left_child=2 4 10 5 11 9 33 12 37 -3 52 13 23 16 18 17 -2 36 19 38 -21 22 -22 25 43 -8 56 32 -29 -20 -12 54 -23 -7 -24 53 -5 -4 46 -30 -16 -18 -11 -25 45 60 -14 -48 -15 -50 -51 -6 -1 -28 -32 -56 -9 -38 -59 -60 -35 -42
right_child=1 3 8 15 51 6 7 26 -10 42 30 -13 14 48 40 -17 41 -19 29 20 21 27 34 24 -26 -27 35 28 39 -31 31 -33 -34 44 -36 -37 57 -39 -40 -41 61 -43 -44 -45 -46 -47 47 -49 49 50 -52 -53 -54 -55 55 -57 -58 58 59 -61 -62 -63
leaf_value=-0.017761582983870882 -0.0053629450823496896 -0.0041329900716769955 -0.021683532740097409 0.00018525191226423482 -0.0097566971114741805 -0.00042475466847280576 -0.0067406575497488287 0.00081207593113348628 -0.026636786449341754 -0.035256194021915196 -0.026809789801715014 -0.021661681721085735 -0.0020878999886646647 -0.0089839759540463245 0.014025834078537735 0.013400644950187659 0.0010879520039415234 0.020575418257449619 0.0072492312314974168 -0.002052994838951815 0.017874426125287418 0.0016041580177621555 0.0083033826201781569 -0.0092856471087583523 -0.023105068082764368 0.0051012368630819075 0.008212775991461068 -0.0066710091395108589 -0.00045060209079232367 0.028976879537404771 0.0026577689701306278 -0.015889840601261872 0.015772906333408138 -0.0182223374988838 -0.0060800457209969853 -0.0017057183295071895 0.015606549664695091 -0.011869653302179251 -0.009112433651725281 0.010418834974423872 0.0051285718352393917 0.0093662832917084573 0.01172008135738648 0.0003225498539084228 0.019601501174297587 -0.031529415352735818 0.011386088659153632 -0.0051647437947239649 0.0010606218105028171 -0.012686464201169582 0.010719099577997269 -0.021933520900778325 0.011414541196917592 0.016056708171584038 -0.015121986007812217 -0.0032207842795674174 -0.03005860003451185 -0.0016992025460490692 0.006597215491304655 0.017798696923429714 0.012766257783820553 -0.026085156565161069
leaf_weight=1581.6811955831945 1804.6810219697654 749.5985009521246 1019.4823497608304 1254.4740849584341 723.68461382389069 321.87182258814573 854.79968151450157 492.78156071901321 2392.8456277437508 228.79334673285484 160.40184797719121 311.64001405611634 3202.0561724975705 2253.7198233269155 1235.4486764073372 3367.5767060518265 4085.2793191187084 452.98096227645874 1082.3592057526112 2148.1414346806705 994.7447367310524 605.61050313711166 1431.4058915823698 1005.0092687308788 305.30417188256979 2082.033551953733 1671.5655063055456 1237.4696167185903 1237.7190403342247 169.73843663930893 835.56251413747668 600.14499962702394 663.70395997911692 53.069573644548655 385.23051350563765 371.99649262428284 709.64891296625137 1611.7459899075329 904.54862077534199 799.93062300980091 721.83208829164505 996.22460642457008 26.854606449604034 1318.6225567311049 980.24646951258183 33.668192140758038 659.52261186391115 299.00885108113289 1665.6872411966324 703.31206136196852 108.22925727069378 650.66010335087776 60.629469528794289 1558.6572441756725 665.52190599218011 2127.2108485363424 55.532781600952148 603.9999348372221 5041.3824405819178 602.64131186902523 633.81218356639147 50.476001963019371
leaf_count=25609 14398 4614 16573 5300 10522 1445 4136 2189 56749 2997 3390 2712 14731 17632 5298 16558 24159 2044 4988 10451 4449 2947 6440 4575 1823 9427 7280 6825 5651 725 8025 6498 3064 297 1808 1684 3094 18519 5173 3437 3021 4670 253 6707 4179 158 3061 1357 9027 4082 483 11028 498 6939 6711 20381 258 2563 21827 2669 2852 215
internal_value=-7.37871e-05 0.00279134 -0.0145624 0.00484313 -0.0037798 0.00318595 0.00366213 0.00301792 -0.0209021 -0.0108099 -0.00927867 -0.00242445 0.00197975 -0.00190657 0.00322229 0.00905316 0.000595627 0.00736222 0.00238568 0.00171212 0.00356802 0.0052096 0.00972268 -0.00200037 -0.00608113 0.00165339 0.00887499 0.00241609 -0.000145064 0.0102155 -0.00650659 -0.00573026 0.00901935 0.0123533 0.00525161 0.0105859 0.00663097 -0.0156789 -0.00177021 0.00381949 0.00981033 0.00271244 -0.0302951 -0.00383536 0.014843 0.00835124 -0.000172136 0.00622314 -0.00554803 -0.00241974 -0.00955569 -0.0155334 -0.0166782 0.0120015 -0.00404588 -0.00603968 -0.00236351 0.00779294 0.00686716 0.0077962 0.010349 0.00305743
internal_weight=66964.2 55909 11055.2 42605.9 13303.1 30573.2 29567.9 27545.2 5024.07 1005.25 6031.15 11928.8 23394.7 11617.1 17828.9 12032.7 6886.18 8665.13 15821.2 14569.1 9503.96 7355.81 2811.38 5565.77 2628.94 2936.83 4150.53 4544.43 3275.12 1252.1 4388.84 4228.44 1269.31 2022.67 1816.64 3602.22 8212.15 2631.23 5065.14 2037.65 2007.76 5081.5 255.648 2323.63 1700.8 720.55 4160.59 958.531 4730.95 2477.23 811.541 1374.34 1642.31 3230.22 3628.3 2792.73 548.314 6957.67 6248.02 5644.02 686.882 772.308
internal_count=461175 298222 162953 199509 98713 145454 137590 128659 91841 7864 71112 77163 110309 74451 83641 54055 43227 37497 75107 69394 45072 34621 12697 26668 13105 13563 18350 21924 15913 5713 45005 41615 6011 8931 8248 15903 35453 35092 24322 9088 8534 28829 3250 11282 7486 3307 19149 4418 31224 13592 4565 21550 26107 14219 35117 27092 2447 30153 27059 24496 3149 3236
cat_boundaries=0 1 2 3
cat_threshold=1208 132205 1248
is_linear=0
shrinkage=0.035


Tree=62
num_leaves=63
num_cat=3
split_feature=13 2 24 2 22 7 50 16 22 16 29 8 29 29 29 14 19 30 42 47 39 18 16 22 17 3 18 29 40 41 39 5 22 29 18 32 22 1 32 14 7 29 32 41 37 33 23 22 19 37 29 32 17 40 27 37 30 2 3 8 19 33
split_gain=2137.14 575.13 294.745 258.553 153.811 143.896 141.02 132.382 120.309 109.959 99.8105 99.0772 98.958 139.73 106.907 127.263 120.992 87.8467 97.5488 82.1849 89.1361 81.9479 82.6115 125.488 96.298 83.2896 79.7688 79.1124 78.2446 74.7887 74.5815 72.8845 72.7199 70.4443 60.7037 60.5125 59.6501 58.4854 58.2738 58.2612 56.7176 56.2974 55.4518 55.0136 53.7777 53.7195 52.4692 51.7963 49.1182 53.3775 48.8489 48.1715 47.5014 45.9606 45.0687 44.7836 43.7043 43.5584 42.7494 42.6615 41.7737 43.0114
threshold=0.31909090909090915 31.850000000000005 9.5000000000000018 655.96000000000015 13.500000000000002 0.6515151515151516 0.13416407864997237 0 1.5000000000000002 1 207.50000000000003 9.5000000000000018 333.50000000000006 222.50000000000003 115.50000000000001 19.500000000000004 449.68791666666669 9395.8650000000034 4.5000000000000009 inf 169.95500000000004 11807.703750000002 2 38.500000000000007 8595.9000000000033 223.50000000000003 69.497500000000016 272.50000000000006 2562.3050000000007 921.12500000000011 932.09000000000003 72.081666666666678 4.5000000000000009 272.50000000000006 472.58041666666674 758.96000000000015 5.5000000000000009 691.22500000000025 16.010000000000002 18.000000000000004 0.76388888888888895 333.50000000000006 114.68500000000002 1264.4700000000003 1710.3199999999999 1.5000000000000002 -1.0000000180025095e-35 48.500000000000007 891.21375000000023 4941.300000000002 318.00000000000006 1417.1400000000006 1084.2500000000002 1.0000000180025095e-35 7328.7900000000018 23492.700000000001 8579.3500000000022 3258.2700000000004 64.500000000000014 23.500000000000004 449.68791666666669 1.5000000000000002
decision_type=8 10 10 10 2 10 8 9 2 9 2 2 2 2 2 2 10 10 2 8 8 10 9 2 10 2 10 2 10 10 10 8 2 2 10 10 2 10 10 2 10 2 10 10 10 2 2 2 10 10 2 10 10 10 10 10 10 10 2 2 10 2
left_child=2 6 5 8 7 -1 -2 28 29 26 42 36 13 14 15 -13 47 18 46 20 39 22 54 24 25 50 -10 37 32 -3 -23 56 -5 -12 38 -29 -11 -15 -28 -7 -38 57 -8 59 -42 -41 -17 58 49 -14 51 -24 -53 -47 -6 60 -25 -34 -16 -9 61 -35
right_child=1 3 -4 4 21 19 10 43 9 11 33 12 48 27 16 17 -18 -19 -20 -21 -22 30 23 31 -26 -27 34 35 -30 -31 -32 -33 41 55 -36 -37 40 -39 -40 45 44 -43 -44 -45 -46 53 -48 -49 -50 -51 -52 52 -54 -55 -56 -57 -58 -59 -60 -61 -62 -63
leaf_value=-0.020825023077164301 -0.018755304007267645 -0.0054837937219051032 -0.024339025125555063 -0.017008412784788339 0.02127614009802169 -0.019870691284856409 -0.0054947836677549135 0.010510210995920951 -0.0016799660526763524 -0.00921047285835957 0.0045068266576731601 -0.0072180339178200123 -0.011984828146583852 0.0063607944755130529 -0.001324556366029515 0.0003309673231000775 -0.012614486543210351 -0.019123197007412971 0.014294127827607942 0.0025832056793140164 -0.020253090606987347 -0.0091782328310011079 0.0094940579112492308 0.011162406331977803 -0.022996986980001587 -0.024113554308212704 0.018599853688068591 0.0038479103743185332 -0.021030267975036526 -0.031059698490266328 0.01762351972146339 0.016182266383821038 0.00096520830310911046 -0.012278183877290638 -0.012068070218525581 -0.0085753217732380278 -0.0051882453473641255 0.017040458558887698 0.0064237278844711697 -0.017880249881311174 0.0043843982319266049 -0.024538644917881443 -0.01501851849238847 -0.0051965513440046492 0.011606617072691127 -0.025889668410444263 0.01136720578199288 0.003313210211157679 -0.020910988054003203 0.0033704086466948063 -0.0013954407483908399 0.014500955958129383 -0.0075132247874334359 -0.0051435635705472851 -0.016696221292846848 0.069357493513758722 0.0018315864254553832 0.019698213465211001 -0.014483819961146375 -0.0046500974470199685 -0.018589248455188168 -0.00013568995736601582
leaf_weight=1484.4012773409486 861.7620407268405 756.32463927194476 2670.1029798276722 313.99351054057479 978.81381639093161 484.36635477095842 3152.6549588218331 2210.6202384382486 636.16581337153912 306.68007505312562 2066.5446069166064 1424.862482894212 603.30746424198151 2138.5769758112729 848.30149446427822 2590.1858980171382 1686.6451898403466 180.56037884950638 1188.5317146927118 697.57163267955184 901.11848995089531 507.85185014456511 3904.0632037296891 2360.8528267331421 142.51258590817451 108.85275053232908 1233.5202461406589 2780.4760171920061 304.31657402962446 171.07887982949615 168.58538217097521 3251.6465375870466 1141.4552466310561 473.54252196103334 116.40240440517664 579.57417617365718 456.21533271297812 889.8121829405427 791.84680207073689 506.53415025398135 2766.7904357537627 93.262778416275978 982.30770956724882 389.19594882428646 2325.8272570818663 134.27127499505877 661.75805971026421 1628.1897723712027 298.5432156547904 511.87094979733229 780.71657485514879 166.83070825785398 420.97352855652571 4041.1023261547089 39.140536934137344 9.0094197802245599 831.97834938019514 174.44165207818151 469.14653452858329 252.87208994850516 240.24045699834824 1447.2262379452586
leaf_count=24331 14949 4712 64945 2115 4496 6125 23439 9988 3126 1496 12565 7863 3166 10337 4344 13011 8428 829 5061 5074 10774 2341 17218 10382 656 519 5525 13103 1524 2269 795 15658 4988 3937 544 2822 2604 3821 3650 5800 12414 408 9143 2022 10890 2753 3439 8081 1430 2541 3359 724 1844 43151 185 65 3650 794 2665 1170 1614 9503
internal_value=-7.23601e-05 0.00269794 -0.0142324 0.00427964 0.00748605 -0.0109585 -0.00528173 0.00215184 0.00215913 0.00258326 -0.0038927 0.0018268 0.000570366 0.00130767 -0.00114191 0.00192341 -0.00514223 0.00474306 0.00571761 -0.00879083 -0.0100987 0.00939106 0.0100097 0.00916763 0.00530287 0.00605645 0.00916755 0.00540165 -0.00467651 -0.0102302 -0.0024824 0.0124932 -0.00180496 -0.000116863 0.0124316 0.00170312 0.00579452 0.00950332 0.0138449 -0.00832399 0.00662534 0.00159238 -0.00776034 0.00699671 0.00768446 -0.00712544 0.0025796 -0.000860851 -0.00832509 -0.00494001 0.00668376 0.00808798 -0.00125114 -0.00581675 0.0196087 -0.00452013 0.00873234 0.00346162 -0.00601803 0.00895278 -0.00486007 -0.00313411
internal_weight=66736.9 55817.5 10919.5 46584.2 18543 8249.37 9233.29 4880.16 28041.2 27113.8 8371.53 24335.9 18480.3 17066.6 10678.2 6045.9 4632.28 4621.04 4440.48 6764.96 6067.39 13662.8 12986.4 11968.4 5523.95 5381.44 2777.94 6388.44 2027.47 927.404 676.437 6444.48 1723.15 4236.56 2141.77 3360.05 5855.51 3028.39 2025.37 5166.27 5548.83 1409.16 4134.96 2852.69 5092.62 4681.91 3251.94 2945.64 1413.72 1115.18 5272.58 4491.87 587.804 4175.37 1017.95 2170.02 3192.83 1315.9 1317.45 2463.49 2161.01 1920.77
internal_count=461175 298222 162953 223007 84836 98008 75215 23009 138171 131190 60266 118345 90941 83804 53721 30203 23518 22340 21511 73677 68603 61827 58691 54010 24320 23664 12845 30083 9829 6981 3136 29690 8305 27684 9719 15925 27404 14158 9175 57829 25908 6190 32582 13180 23304 51704 16450 15090 7137 5707 23145 19786 2568 45904 4681 15119 14032 5782 7009 11158 15054 13440
cat_boundaries=0 1 2 3
cat_threshold=149840 1272 4224
is_linear=0
shrinkage=0.035


Tree=63
num_leaves=63
num_cat=8
split_feature=13 2 52 24 34 17 43 26 14 26 16 26 2 32 45 46 26 26 29 44 48 48 3 1 48 40 46 40 40 16 26 16 18 32 16 19 46 18 16 8 17 18 32 26 19 12 18 46 26 4 16 8 35 46 16 32 17 24 14 26 16 40
split_gain=2012.19 542.81 289.439 188.929 180.155 120.767 120.462 111.636 107.472 104.606 104.284 108.922 110.056 102.302 97.371 77.4266 75.7539 104.144 118.5 76.7449 74.6088 68.4118 64.102 67.1254 57.4634 57.2872 54.7309 53.6651 53.1172 79.2344 51.0038 50.2154 46.4462 48.7238 50.0641 45.84 84.8283 56.1074 45.0214 44.7866 43.5125 48.7316 42.5905 42.1466 45.4583 42.0232 40.5906 39.8272 39.7785 39.633 38.558 37.7654 37.2415 37.1459 36.8244 36.2737 37.3199 36.1971 36.1639 42.7325 36.032 36.0207
threshold=0.31909090909090915 128.25000000000003 11.500000000000002 4.5000000000000009 2.5000000000000004 1.0000000180025095e-35 1.5000000000000002 161.50000000000003 16.000000000000004 35.500000000000007 0 345.50000000000006 1637.7500000000002 332.22000000000003 6.5833333333333348 7.2250000000000005 21.500000000000004 131.50000000000003 272.50000000000006 380.97000000000008 11.500000000000002 11.500000000000002 30.500000000000004 491.67000000000002 11.500000000000002 2404.4500000000003 3.2500000000000004 2431.8900000000008 3655.6799999999998 1 223.50000000000003 2 12759.216000000002 631.74000000000012 3 568.65375000000006 610.60500000000013 3624.3875000000007 4 12.500000000000002 1.0000000180025095e-35 3744.8250000000003 12012.660000000002 70.500000000000014 239.07891666666669 765.68000000000006 11807.703750000002 1127.0250000000003 122.00000000000001 11.560000000000002 5 7.5000000000000009 14.500000000000002 133.65000000000003 6 5.0650000000000004 1562.2950000000003 14.500000000000002 16.000000000000004 345.50000000000006 7 1850.5600000000002
decision_type=8 10 2 10 2 8 2 2 2 2 9 2 10 10 10 8 2 2 2 10 2 2 2 8 2 10 8 10 10 9 2 9 10 10 9 8 10 10 9 2 8 10 8 2 10 10 10 10 2 10 9 2 2 8 9 10 8 8 2 2 9 10
left_child=2 3 14 7 5 50 57 9 60 -2 43 12 16 15 26 -9 -12 18 22 24 38 28 54 -24 32 -20 -1 -26 29 -6 -5 -11 33 34 39 37 -37 -33 -17 -19 -28 -42 -14 -10 -45 -22 49 -35 53 -30 -3 -48 -15 -39 -18 56 -27 -4 -31 -60 -7 -25
right_child=1 4 6 30 21 8 -8 13 10 31 11 -13 42 52 -16 20 17 19 25 -21 45 -23 23 61 27 55 40 -29 46 58 -32 35 -34 47 -36 36 -38 48 -40 -41 41 -43 -44 44 -46 -47 51 -49 -50 -51 -52 -53 -54 -55 -56 -57 -58 -59 59 -61 -62 -63
leaf_value=-0.01358605795247538 -0.0085711537420246932 -0.0010505803171817559 -0.021317227493059886 -0.0080856992657514313 0.011840481841705929 0.0096548843006164821 -0.012386161903818747 -0.010483325636462461 0.001264993907703561 -0.0083735234854570833 -0.0087914442098524712 0.014909397721376411 0.00052051664574370065 -0.0052316541631958246 -0.016906231446445704 -0.0081092951839523107 0.010572727261056711 0.002201044448814709 -0.0017988129856587611 -0.0072049779594886071 0.0085636607961834515 0.017796960446640423 0.0053038043115528205 0.011789714845220631 0.00059792365798915761 -0.016786083657717332 -0.019131550144633303 0.015176706363031782 0.0033573182929955798 -0.010051598420508566 -0.020892450268574218 0.0025111635787088927 -0.018475274200460245 -0.0094189333142050032 0.0027900371406130854 -0.011214165993835356 0.012706713771636815 0.0085654393816264034 -0.00070490361090885985 -0.017681914573476735 -0.00034816606234443003 -0.0093668036454473292 0.010062699884074804 0.0021814057204435841 0.018249488868221527 -0.02607603710560558 0.016084667401391018 0.0071107032585041386 0.0014753903284002539 0.012944978320506829 -0.022811577527395009 -0.011321330934820788 -0.017754925850167962 0.019970687895092806 -0.010326771815819483 0.0013846725575373982 0.011827958547816235 -0.029055509433486951 0.002684478988942955 0.01795858181079104 -0.010647048635768508 0.023686653995808576
leaf_weight=980.11676363646984 1057.7332131639123 170.14192163571715 2077.3231111392379 827.57746775448322 1731.3313779979944 116.89052443578839 1605.3172198347747 1218.1627616621554 328.45766827464104 423.06335289031267 775.17860904335976 994.12919207662344 696.53286523371935 459.73385792598128 1367.8461564406753 1348.6564009860158 180.0987386777997 263.66142578423023 2089.448373362422 1467.2066062949598 1103.4825013056397 946.52375935018063 632.24805945530534 507.11067798733711 577.41622153669596 57.874803476035595 224.70845567807555 665.33974762260914 617.09105737507343 249.18876071274281 708.2359060831368 3912.5743248388171 157.02042939513922 884.35287314653397 5951.5823196470737 578.33668549358845 263.57292030006647 1039.0382789075375 3895.1075090505183 291.53440975770354 2278.2101637013257 1081.8298525214195 3232.7174896858633 266.58991682901978 1135.12842489779 43.682751715183258 91.080796882510185 222.88645360991359 549.2753654718399 3699.1493085473776 263.04631901159883 185.09742632508278 796.28720977902412 528.80133199691772 213.85179319605231 1000.6168576069176 1133.016165047884 1172.9634231887758 3329.9659602791071 239.6534094363451 791.30662739649415 823.34491718932986
leaf_count=14250 7133 1031 42788 11799 7942 601 19838 10758 1439 2420 3731 4425 3127 3313 23342 8514 785 1238 9413 7234 6091 4449 2850 2188 2569 251 3296 2944 2590 1056 12124 20944 761 4499 26885 3229 1129 5911 22515 1439 19938 10286 14369 1209 4885 233 434 1010 2895 17406 3029 803 6242 2378 943 4712 4863 29215 14615 1082 4255 3532
internal_value=-7.10615e-05 0.00260728 -0.013906 -0.00224301 0.0050671 0.003468 -0.0202426 -0.00119342 0.00378006 0.00170999 0.00421759 0.00358331 0.00306835 -0.00392879 -0.00871729 -0.00240035 0.00190339 0.00238816 0.00581822 0.000215562 -0.000858273 0.00879973 0.0121195 0.0147044 0.00142409 0.00234739 -0.00626034 0.00840896 0.00795842 0.0056527 -0.0140012 0.00320174 0.000306127 0.000695822 0.00185098 0.00392199 -0.00371917 0.00499584 -0.00262725 -0.0081068 -0.00425416 -0.00325381 0.00837173 0.0124825 0.0151973 0.00722306 0.0107431 -0.00608812 0.00958435 0.0115753 -0.0148363 -0.00225769 -0.0131789 0.0124225 -0.000763534 0.00629951 0.0104245 -0.0241179 0.00280664 0.00371468 -0.00803723 0.0191643
internal_weight=66519.4 55731.1 10788.3 18753.3 36977.8 25888.7 4855.6 17217.5 25455.5 8352.4 24547.3 22817.2 21823 8865.11 5932.71 7609.09 17893.8 17118.6 6637.61 10481 6390.93 11089.1 2356.65 1962.7 9013.79 4280.96 4564.87 1242.76 10142.6 5550.14 1535.81 7294.66 7771.04 7614.02 6506.78 6871.6 841.91 6029.69 5243.76 555.196 3584.75 3360.04 3929.25 1730.18 1401.72 1147.17 4592.42 1107.24 2117.11 4316.24 433.188 276.178 1256.02 1567.84 393.951 2191.51 1190.89 3250.29 3818.81 3569.62 908.197 1330.46
internal_count=461175 298222 162953 127628 170594 120217 91841 103705 116157 46039 111301 103768 99343 57666 71112 48111 81847 78116 29537 48579 37353 50377 10298 8570 41345 19239 47770 5513 45928 24695 23923 38906 35832 35071 29562 36486 4358 32128 31029 2677 33520 30224 17496 7533 6094 6324 21233 5509 11184 19996 4060 1237 9555 8289 1728 9826 5114 72003 16753 15697 4856 5720
cat_boundaries=0 1 2 3 4 5 6 7 8
cat_threshold=1192 5280 78854 2048 26637 67689 141312 5120
is_linear=0
shrinkage=0.035


Tree=64
num_leaves=63
num_cat=7
split_feature=13 46 24 4 14 22 7 8 21 7 22 40 47 39 14 26 29 16 26 14 16 17 27 16 44 26 3 22 14 26 26 48 16 22 26 17 26 26 11 22 41 23 25 23 18 22 22 22 37 16 19 1 26 23 22 16 47 47 29 52 17 16
split_gain=1894.14 513.249 281.905 242.992 177.006 145.535 137.593 136.265 100.125 86.4921 84.7107 80.4071 75.4952 80.4004 71.9539 69.9428 150.391 97.0604 102.023 78.1222 66.3005 61.3657 68.2609 62.3841 60.1368 57.1714 54.9198 70.9108 54.3024 53.9508 52.9788 51.1303 66.7978 58.4064 49.0035 48.3893 46.188 60.6562 46.1869 44.4509 44.0925 41.5029 41.4299 41.3584 40.669 40.6567 40.1616 39.9009 39.8193 39.3848 62.774 54.3349 50.3669 39.0511 38.6404 39.5545 38.0045 37.882 38.6613 38.0311 37.8527 50.9143
threshold=0.31909090909090915 64.280000000000015 9.5000000000000018 7.2250000000000005 16.000000000000004 1.0000000180025095e-35 0.6515151515151516 17.500000000000004 27.105000000000004 0.61250000000000016 2.5000000000000004 1.0000000180025095e-35 inf 169.95500000000004 20.500000000000004 131.50000000000003 272.50000000000006 0 269.00000000000006 19.500000000000004 1 4048.900000000001 8579.9700000000012 2 93.680000000000021 314.50000000000006 60.500000000000007 25.500000000000004 18.000000000000004 122.00000000000001 112.00000000000001 3.5000000000000004 3 79.500000000000014 35.500000000000007 366.97500000000002 35.500000000000007 161.50000000000003 850.4100000000002 13.500000000000002 1584.8200000000002 0.68301270189221941 442.05000000000007 1.0000000180025095e-35 12759.216000000002 12.500000000000002 46.500000000000007 28.500000000000004 inf 4 702.66750000000013 56.530000000000008 269.00000000000006 -0.6830127018922193 11.500000000000002 5 29.350000000000005 inf 115.50000000000001 3.5000000000000004 96.00500000000001 6
decision_type=8 8 10 8 2 2 10 2 10 10 2 10 8 8 2 2 2 9 2 2 9 10 10 9 10 2 2 2 2 2 2 2 9 2 2 10 2 2 10 2 10 2 10 2 10 2 2 2 8 9 10 10 2 2 2 9 10 8 2 2 8 9
left_child=2 4 6 5 -2 20 48 9 14 -6 -11 -8 13 28 31 16 54 -17 24 -20 42 23 45 -10 -19 35 -26 -28 -13 30 -9 32 -5 -33 -30 60 -12 -38 56 40 -21 -18 -3 -40 -36 -23 -32 -4 -1 -39 52 53 -51 -52 55 -7 -25 59 -59 -37 -16 -62
right_child=1 3 47 8 7 15 11 29 21 10 36 12 -14 -15 25 17 41 18 19 39 -22 22 -24 38 26 -27 27 -29 34 -31 46 33 -34 -35 44 57 37 49 43 -41 -42 -43 -44 -45 -46 -47 -48 -49 -50 50 51 -53 -54 -55 -56 -57 -58 58 -60 -61 61 -63
leaf_value=-0.021764862650820824 -0.02544584047921283 -0.030955506725223417 -0.026958144648568369 0.0045390702094674391 -0.012194324793188075 -0.0032489088309031115 -0.027877987691491572 -0.011751140689264554 0.010164318195607624 -0.010954984229189708 -0.0085547897434048187 -0.018644610933507774 0.0035603400037655798 -0.018946268164362793 0.0041259010100536979 0.013662982642127631 -0.0073032132505763724 -0.00015958957906081408 -0.0049861158697145653 0.0022832635126806295 -0.0031922690582319268 -0.011489269961052527 0.0047314588204847765 0.0071387314909022058 -0.00096767939605660943 0.01478398288428941 -0.0263026067022928 -0.0079694541350485357 -0.016535190290875787 -0.017598989339047601 -0.0011153116561305769 0.002330537268633524 -0.010409992120787538 0.018901644178638058 -0.0041285760356711745 -0.007103609210985312 0.0047616645120950613 -0.0067136132480804323 0.020499429611189498 0.0077425573676033303 -0.017731817630238646 0.002168557476760668 0.050475870528506772 0.0028486902108080915 -0.027534829019128747 0.015119179431901624 0.029015753349955344 -0.017759482482315916 0.0014355883456137492 -0.0044551950519487373 0.14804525040352376 0.010097660265415526 0.0048982552523086529 0.039455828914511971 0.015163523679173053 0.011033616413967145 -0.0018646825115851717 0.017942798304258791 0.0056388120553036792 0.0033648201823987538 0.0030718201887921879 0.022162593159343047
leaf_weight=1341.6785293295979 447.04554415121675 275.59110463038087 1653.354261059314 628.73787432163954 838.06533207371831 352.60655518248677 245.72854505479336 509.90364655479789 3385.5855440124869 850.9565179310739 618.06256665289402 453.66818433627486 674.7574797347188 821.0187254846096 514.37937489897013 599.99305495992303 655.91882596164942 2671.1521728560328 1161.9351989738643 915.3821058832109 268.73883727192879 71.143151089549065 1151.665404304862 870.60742685198784 1030.9378538690507 935.13952348381281 309.82530581578612 1545.6068512834609 477.12868195027113 962.4285337664187 188.08904452621937 3639.7979262508452 853.84359237551689 279.6869425624609 3902.3293387107551 495.99561069905758 3511.3298100493848 1229.8411111682653 323.53420780599117 2738.3282615467906 157.09177859500051 4125.7486230544746 7.0030268505215636 326.70084872841835 92.146950662136078 3398.7267929986119 75.081413369625807 902.36177019402385 97.053462699055672 1451.3695967383683 6.8422820307314423 28.184678360819817 1369.9422484487295 10.587987139821051 1448.4385723099113 709.21954884752631 1683.0189375206828 374.72419045865536 1882.1498100608587 2940.0721971616149 266.95307590067387 550.9428585767746
leaf_count=23302 5157 3680 42673 2757 9100 1650 5277 4549 15546 7102 4577 5677 4754 9433 2221 2899 3527 13400 6605 4541 2107 309 5291 3862 5190 4055 1951 8442 5385 9662 1222 15763 3831 1221 42078 2112 20431 9189 1571 13567 974 20049 61 1508 1073 15886 348 22272 1029 9553 72 190 9454 97 6408 3240 7255 1616 8114 12811 1153 2346
internal_value=-6.98338e-05 0.00251957 -0.0135838 0.00429127 -0.00385765 0.00131577 -0.0103857 -0.00302718 0.00658855 -0.00144303 -0.000449163 -0.00826506 -0.00751027 -0.00881062 0.00454161 0.00184643 0.00451058 0.000100778 -0.000685516 0.00295552 -0.016387 0.00902769 0.0121202 0.00685724 -0.0039446 0.00665718 -0.00744612 -0.0110433 -0.00711756 -0.0120716 -0.00517655 0.0014235 -0.00411113 0.00351754 -0.00594417 0.00557346 0.000638813 0.0013867 0.00331843 0.00537764 -0.000662254 0.000868025 -0.0277869 0.0116491 -0.00467528 0.0145705 0.00755825 -0.0237185 -0.0201999 -0.00150642 0.000749692 0.0410367 8.6679e-05 0.0878026 0.011446 0.00636539 0.00120644 0.00416688 0.00768877 0.00185208 0.0115763 0.0162511
internal_weight=66305.9 55644.7 10661.2 43546.9 12097.7 18973.5 8105.51 11650.7 24573.4 9915.18 9077.12 6666.78 6421.05 5746.29 13362.4 18422.2 7291.93 11130.3 10530.3 4972.74 551.333 11211 4621.54 6589.45 5557.52 7960.36 2886.37 1855.43 4925.27 1735.5 773.074 5402.07 1482.58 3919.48 4471.6 7025.22 8226.16 7608.1 3203.86 3810.8 1072.47 4781.67 282.594 650.235 3994.48 3469.87 263.17 2555.72 1438.73 4096.77 2866.93 45.6149 2821.31 17.4303 2510.26 1061.83 2553.63 5692.94 2256.87 3436.07 1332.28 817.896
internal_count=461175 298222 162953 207519 90703 98291 98008 85546 109228 69765 60665 73677 68400 63646 58000 92443 34874 57569 54670 25687 5848 51228 21486 29742 28983 34428 15583 10393 54213 15781 6119 23572 6588 16984 48536 30373 53563 48986 14196 19082 5515 23576 3741 3079 43151 16195 1570 64945 24331 28555 19366 359 19007 169 11298 4890 11117 24653 9730 14923 5720 3499
cat_boundaries=0 1 2 3 4 5 6 7
cat_threshold=9336 160064 5544 21728 30728 70913 30720
is_linear=0
shrinkage=0.035


Tree=65
num_leaves=63
num_cat=6
split_feature=24 4 24 2 2 40 1 22 42 47 14 26 26 29 3 22 22 16 49 3 32 26 40 26 32 20 37 32 2 22 26 13 35 29 16 22 18 37 3 16 30 37 1 19 8 16 37 35 52 16 47 22 41 26 36 8 14 22 40 14 29 16
split_gain=1789.66 505.529 235.187 216.295 157.103 131.225 122.191 117.909 82.8813 165.598 78.5532 103.513 119.818 153.344 86.4625 176.705 74.0994 71.1588 68.7977 68.4115 61.4278 61.2426 60.4514 60.3202 79.3567 59.0868 56.3936 52.6766 52.5299 53.5949 52.3198 52.201 64.9203 51.3423 51.2394 54.3635 69.0383 61.4127 57.2372 48.2806 48.1457 46.7338 56.281 46.6925 60.5363 49.192 46.5114 45.2433 45.0486 42.9852 42.303 41.99 39.0988 38.8451 38.0981 37.5178 36.845 36.1346 46.1183 35.5413 50.717 50.2256
threshold=4.5000000000000009 3.8550000000000009 9.5000000000000018 4.330000000000001 1099.4800000000002 1.0000000180025095e-35 16.595000000000006 1.0000000180025095e-35 4.5000000000000009 inf 19.500000000000004 299.50000000000006 131.50000000000003 272.50000000000006 59.500000000000007 19.500000000000004 12.500000000000002 0 2.5000000000000004 257.50000000000006 810.21000000000015 161.50000000000003 3104.6833333333338 21.500000000000004 inf 156.36868278096912 inf 1614.9800000000002 385.11000000000007 48.500000000000007 122.00000000000001 0.36602870813397131 7.5000000000000009 272.50000000000006 1 32.500000000000007 11807.703750000002 4203.3600000000006 65.500000000000014 2 1004.0400000000001 1.0000000180025095e-35 13.765000000000002 1404.0277777777781 18.500000000000004 3 1710.3199999999999 4.5000000000000009 5.5000000000000009 4 846.9000000000002 28.500000000000004 1281.7200000000003 208.00000000000003 762.60000000000014 15.500000000000002 18.000000000000004 63.500000000000007 4331.5200000000013 18.000000000000004 115.50000000000001 5
decision_type=8 8 10 10 10 8 8 2 2 8 2 2 2 2 2 2 2 9 10 2 10 2 10 2 8 8 8 8 10 2 2 10 2 2 9 2 10 8 2 9 10 10 10 10 2 9 10 2 2 9 10 2 10 2 8 2 2 2 10 2 2 9
left_child=1 3 5 31 8 -2 54 17 9 18 -9 12 13 46 39 -16 22 30 26 43 28 33 -6 -15 48 -11 27 -3 29 -17 -5 -1 40 -8 -18 38 37 56 -36 -14 -33 42 47 59 -45 -46 -12 -27 -25 -26 -31 -4 -47 -28 -7 -21 -37 58 -13 -10 -61 -62
right_child=2 4 51 7 16 6 21 10 19 25 11 57 14 23 15 20 34 -19 -20 55 -22 -23 -24 24 49 41 53 -29 -30 50 -32 32 -34 -35 35 36 -38 -39 -40 -41 -42 -43 -44 44 45 52 -48 -49 -50 -51 -52 -53 -54 -55 -56 -57 -58 -59 -60 60 61 -63
leaf_value=-0.01454439755366551 -0.030947141559223665 -0.024665600961076818 -0.026629461662830072 0.0024295687541984992 0.004442222606507582 -0.016900897030202363 0.0074841538173842873 -0.0057698743299539586 -0.0016382094253369975 0.0097173863221858819 0.0063810552937760877 0.0073063889106762172 0.0089445415296436452 -0.0092899794960418988 -0.025445848899354268 -0.012039505012034343 0.018845756092833524 -0.0047938765683951867 0.0007429935965887071 0.0069099900074072011 -0.01279206085507608 -0.010136216137376985 -0.021855663861832009 -0.019082032057076915 0.010071243466514586 -0.004788501393084261 0.014860125197020917 -0.0071267373570946283 0.0047985077657027829 -9.3819304979597177e-05 -0.035939266908171133 -0.0014659427385235965 -0.010616099634781398 -0.0051994044100599959 0.00921983779881194 -0.019584449943176891 -0.0069248287735042243 0.016806287647032767 -0.0028166794808170232 -0.00087412190210248554 0.026354265427999707 0.0082917061270082817 -0.01045062140745061 0.0075690125002048896 0.0020761257992713104 -0.031353892012499711 0.015730119715921413 0.0083647949559061598 -0.0016066972075709123 -0.00098025877992946944 -0.025134754960641346 -0.017506019569426434 -0.00052515193332186919 -0.0054014464413004821 0.0045763758214012427 0.025700581338481087 0.0088268971898129711 0.01594486703175749 -0.0069820325800806675 0.013585847849166752 4.8758034839683991e-05 0.0093549463194997854
leaf_weight=1343.9617156758904 376.20881401747465 259.92412319034338 1731.1362204104662 53.915154505521059 1612.7469870001078 2175.1847709082067 598.34987926483154 2251.471742734313 495.71918082237244 3409.1910766214132 2046.9154018983245 2143.652732912451 789.72020906955004 811.81907018274069 503.32577672600746 790.64486584812403 862.70982560515404 449.57364334538579 7206.8496472015977 208.33906750380993 743.38141293078661 1712.9119246713817 113.70023193955421 194.20841128379107 1291.9783471822739 523.60650564730167 206.69074370712042 1078.5485928803682 1063.7356211990118 1838.5009205117822 222.52104439213872 947.11529833450913 1516.9709454923868 1123.4452784173191 1429.6834307461977 57.157999247312546 221.91761830449104 2267.0937420576811 730.78411768376827 2620.6593047641218 81.863946493715048 1238.6961596161127 504.2966735213995 455.0410719960928 211.88907545804977 163.40097661316395 957.40943551808596 822.16267487406731 2435.9545542225242 649.13721814006567 85.533093869686127 975.63241748511791 72.721434414386749 261.45703639090061 105.71326788514853 350.16836100816727 1501.1229892969131 481.51534424349666 316.90681335330009 1456.7703565061092 1200.6518346071243 1751.197965040803
leaf_count=16712 8774 1404 45538 376 7178 37656 5374 13821 2115 14653 9338 11334 4478 5034 3423 5143 4151 3534 35423 919 4436 21904 505 1220 6035 2284 912 5046 4861 11335 2624 6813 12906 12084 6386 254 952 11109 3222 14503 521 5295 2184 2002 905 703 4429 3491 13380 3077 464 24311 317 1201 1216 1602 7134 2562 1727 6334 5076 7475
internal_value=-6.82869e-05 0.00218831 -0.0147644 -0.00133961 0.0052513 -0.010947 -0.00962538 -3.49839e-05 0.00366268 0.00228235 0.000422939 0.00112863 6.92374e-05 0.00303129 -0.00287595 -0.00579465 0.00920123 -0.0139031 -0.000788228 0.00702518 -0.00360211 -0.00545256 0.00269865 -0.000504446 0.00105748 0.00654108 -0.00689351 -0.0105486 -0.00179113 -0.00437407 -0.0274835 -0.00896516 -0.00601543 -0.00078989 0.0107884 0.00961995 0.0120284 0.0131295 0.00514903 0.00142514 0.000770827 0.00303326 -0.000490072 0.00589782 -0.00141452 -0.0105355 0.00936463 0.00324741 -0.00290382 0.00642367 -0.00121949 -0.0233487 -0.0210152 0.0035568 -0.0159039 0.018716 0.00777287 0.00718421 0.00546403 0.00724428 0.0082432 0.00560284
internal_weight=66105.2 57306.6 8798.58 26632.4 30674.2 6091.81 5715.61 22742.5 21877.3 15511.4 22016.5 19765 16822.9 8387.42 8435.5 5025.12 8796.92 726.01 9013.47 6365.9 4521.8 3434.71 1726.45 5383.1 4571.28 6497.95 1806.62 1338.47 3778.41 2714.68 276.436 3889.91 2545.95 1721.8 7070.47 6207.76 4047.29 3825.37 2160.47 3410.38 1028.98 3088.76 1850.07 5807.39 903.053 448.011 3004.32 1345.77 2630.16 1941.12 1924.03 2706.77 236.122 468.148 2280.9 558.507 1558.28 2942.07 2460.56 4904.34 4408.62 2951.85
internal_count=461175 304318 156857 164086 140232 87008 78234 127134 99341 71893 120600 106779 91156 42513 48643 29662 40891 6534 43986 27448 26239 39362 7683 28746 23712 27907 8563 6450 21803 16942 3000 36952 20240 17458 33208 29057 19449 18497 9608 18981 7334 13254 7959 24927 3927 1925 13767 5775 14600 9112 11799 69849 1020 2113 38872 2521 7388 15623 13061 21000 18885 12551
cat_boundaries=0 1 2 3 4 5 6
cat_threshold=160000 4096 66936 148608 16776 158721
is_linear=0
shrinkage=0.035


Tree=66
num_leaves=63
num_cat=4
split_feature=13 2 52 2 50 24 17 26 26 29 16 44 27 45 29 14 29 37 18 29 40 48 48 19 37 18 26 41 18 39 14 26 8 16 29 52 14 26 16 17 4 23 44 8 30 7 14 3 41 18 37 27 47 37 2 8 16 30 27 50 2 19
split_gain=1691.32 462.822 270.095 213.456 121.433 115.214 92.0128 91.7117 108.338 182.804 123.351 107.123 91.7018 88.8956 85.5605 81.161 79.8018 75.205 70.629 61.6196 60.5635 59.9611 58.705 57.1159 56.6082 56.0765 54.7035 57.7497 61.5265 70.488 54.6337 86.719 52.7563 51.7982 51.3089 51.2611 49.2501 52.4783 49.8785 66.2967 48.9793 47.9261 47.0916 46.064 49.473 45.3592 44.6415 44.4036 44.0373 43.7252 41.7161 41.3121 40.5683 40.503 39.6604 53.1346 56.8741 39.5746 38.4326 38.3179 40.1038 38.2495
threshold=0.31909090909090915 31.850000000000005 11.500000000000002 655.96000000000015 0.13416407864997237 10.500000000000002 1.0000000180025095e-35 21.500000000000004 122.00000000000001 272.50000000000006 0 351.52000000000004 16.530000000000005 6.5833333333333348 207.50000000000003 16.000000000000004 84.500000000000014 4203.3600000000006 69.497500000000016 272.50000000000006 3760.2000000000012 10.500000000000002 11.500000000000002 841.72000000000014 7131.0400000000018 3716.17625 21.500000000000004 1202.4000000000003 11807.703750000002 441.66000000000008 18.000000000000004 345.50000000000006 15.500000000000002 1 84.500000000000014 10.500000000000002 18.000000000000004 21.500000000000004 2 2.5100000000000002 1.7800000000000002 -1.0000000180025095e-35 32.610000000000007 20.500000000000004 50641.110000000008 0.82575757575757591 20.500000000000004 181.50000000000003 2893.23 13915.875000000002 252.73000000000005 6017.5600000000004 8.1250000000000018 23492.700000000001 2255.6700000000005 15.500000000000002 3 10443.960000000001 1.0000000180025095e-35 55.221191567420298 2100.0600000000004 449.68791666666669
decision_type=8 10 2 10 8 8 8 2 2 2 9 8 8 10 2 2 2 10 10 2 10 2 2 10 10 8 2 8 10 10 2 2 2 9 2 2 2 2 9 8 8 2 10 2 10 10 2 2 10 10 10 10 10 10 10 2 9 10 10 10 10 10
left_child=2 4 13 6 -2 45 58 24 9 20 18 17 -5 36 21 -14 48 30 -10 -16 -9 42 49 25 -8 33 -18 -28 43 -30 -12 40 34 35 -13 -11 -1 -38 -39 -40 -32 -41 -6 44 59 -4 -27 -23 54 -19 51 -45 -25 61 55 -17 57 -57 -3 -29 -61 -21
right_child=1 3 5 12 14 -7 7 8 10 23 11 32 15 -15 19 16 26 22 -20 53 -22 47 -24 52 -26 46 27 28 29 -31 31 -33 -34 -35 -36 -37 37 38 39 41 -42 -43 -44 50 -46 -47 -48 -49 -50 -51 -52 -53 -54 -55 -56 56 -58 -59 -60 60 -62 -63
leaf_value=-0.01759105901947593 -0.017684688372017275 -0.028658750933847729 -0.020215504509021927 -0.016452081365077555 -0.0054881522324211679 -0.025262373595287654 -0.012568451300553734 0.010691047931946121 0.00059689619339228523 0.026022763305395734 -0.0085272783601945124 0.0073787785084110102 -0.0056612634351395196 -0.015966396130088913 0.0042340905753937147 0.014846083644105524 -0.0025811491598681539 0.0038756169482497874 0.018414308271299338 -0.0029077507535580365 0.023999869427881154 -0.0049776568201457521 0.013494042382250788 0.025849789769691482 0.0068055581388255394 0.015396511642865162 0.001896463510692813 0.0074729488637634437 -0.017302919007499404 0.0076022215210167551 -0.0036037145919438516 0.012849121747358637 -0.014337366353531417 -0.00021741141416687265 -0.0087951398856761509 -0.0055442237783850665 -0.019335358431391388 0.0092443151786753101 -0.023945130699048432 -0.0079101265753322905 0.001593547334379481 0.00054799443175249985 -0.014864768158130794 -0.0031600779001748286 -0.057385023142185874 -0.010468721297497577 0.0041166277680296662 0.009224223876053218 0.021891407301826891 -0.018395566962761362 0.005674348533890222 -0.038732163895306877 -0.0062570644409086227 0.064753236678167694 0.018574530371541213 0.0050976947513660829 0.01255283636804262 -0.010402546996004937 -0.0063773318460123877 0.009627671348249019 0.017122282842017705 -0.017831867745451188
leaf_weight=383.7708826623857 819.99092127010226 150.08568236976862 945.26088124886155 206.11377812549472 1271.5939474068582 2138.6874682456255 799.02645314857364 2177.8770273476839 428.87135606259108 191.1783603951335 916.62041837349534 395.63099145516753 601.46381393820047 1314.1839928515255 2067.848255712539 949.59411118924618 809.93099347501993 2898.524666801095 747.00063667073846 1909.0867038406432 519.06322770193219 1087.8691612929106 842.94567368924618 49.503585278987885 239.51464542746544 752.53470549359918 2425.1758317388594 4852.4871654249728 248.3037169650197 314.3364819213748 3671.5245367623866 640.07101003453135 832.40293983742595 2944.9208183996379 608.61839063093066 93.30824825912714 271.44839809834957 337.1304330714047 205.105777785182 1565.6298119202256 5620.0892477221787 1723.2115788012743 1358.6479412391782 244.39079434797168 12.563708126544951 1545.1792797222733 1002.835779376328 357.49355929717422 492.43576961010695 111.18711932003498 1264.5490561984479 46.872526302933693 1071.0618729554117 9.3828167617320997 601.94346818327904 446.04576408863068 556.94104123488069 366.83071020245552 256.82470992952585 2641.6456797271967 1312.1485030055046 235.5246908813715
leaf_count=4822 14949 2535 16573 2159 9415 56749 4181 9809 2186 820 5152 1982 2840 23342 12565 4239 3551 14576 3432 13440 2313 8652 3938 208 1217 3395 10665 21495 1158 1455 20407 3061 4798 14085 3091 443 3254 3600 3241 16291 24745 16562 11714 1115 65 18519 4906 2801 2360 593 5831 230 4899 65 2901 2003 2469 1696 1399 12075 6529 1614
internal_value=-6.68e-05 0.00236449 -0.0129972 0.00378232 -0.00484369 -0.0193017 0.00185588 0.00210009 0.00249981 0.00567325 0.000922621 0.000139785 0.00671054 -0.00796341 -0.00357271 0.00697392 0.00740636 0.0011357 0.0118214 -8.04485e-05 0.0132605 -0.00718937 0.00533569 0.00232009 -0.00809805 0.00392511 0.00624841 0.00678374 0.00786715 -0.00340008 -0.000356231 0.000398678 -0.00782729 0.00118731 -0.00242231 0.0151552 -0.00561603 -0.00449181 -0.00343531 -0.00467414 -0.000460286 -0.00347962 -0.0103354 0.00847846 0.009458 -0.0141748 0.00895837 -0.00146104 0.0122104 0.00304702 0.00292361 -0.00899757 -0.00481689 -0.00422248 0.0105715 0.00848746 0.00407187 -0.00187828 -0.0146458 0.00955987 0.0121186 -0.00455429
internal_weight=65902 55472.4 10429.6 46355 9117.44 4629.13 27961.2 27554.3 26515.8 8802.28 17713.5 16537.6 18393.8 5800.48 8297.45 18187.7 17586.2 14701 1175.87 4221.84 2696.94 4075.6 3852.66 6105.34 1038.54 4984.78 14172.4 13362.5 10937.3 562.64 10848.3 9931.68 1836.65 3229.41 1004.25 284.487 4486.3 4102.53 3831.08 3493.95 9291.61 3288.84 2630.24 10374.7 8818.85 2490.44 1755.37 1445.36 3413.79 3009.71 1555.81 291.263 1120.57 2153.99 2921.36 2319.41 1369.82 812.876 406.91 8806.28 3953.79 2144.61
internal_count=461175 298222 162953 223007 75215 91841 138171 134237 128839 40878 87961 82343 84836 71112 60266 82677 79837 72472 5618 27684 12122 32582 19107 28756 5398 23649 64169 60618 49953 2613 53365 48213 9871 15348 5073 1263 47770 42948 39694 36094 45152 32853 21129 47340 40164 35092 8301 11453 15668 15169 7176 1345 5107 15119 13308 10407 6168 3699 3934 40099 18604 15054
cat_boundaries=0 1 2 3 4
cat_threshold=1144 128 109 18688
is_linear=0
shrinkage=0.035


Tree=67
num_leaves=63
num_cat=0
split_feature=50 34 46 0 4 40 1 17 45 14 44 47 42 22 26 14 26 17 26 48 14 33 26 26 26 32 41 7 41 23 8 17 41 47 22 40 32 41 23 40 37 17 3 37 40 27 3 22 18 3 22 22 49 22 40 6 3 26 2 32 41 48
split_gain=1597.3 529.731 271.491 169.305 154.643 144.599 128.525 100.409 81.4785 76.0487 74.0133 71.8244 85.2628 69.1319 67.0589 74.4352 91.7073 63.1704 63.2613 62.5065 57.9459 58.0106 85.8053 98.8621 56.5709 56.1201 54.027 48.4515 48.0258 46.5772 46.5205 46.3712 44.2636 49.4193 43.0225 42.08 41.273 41.0089 40.7433 40.2223 39.5863 39.2391 38.2605 37.8794 37.5939 40.9115 37.3523 37.1385 45.1771 36.5701 53.9573 36.5089 36.4588 35.4946 35.3615 35.144 38.3693 34.0479 33.7489 45.0835 33.6688 33.0521
threshold=0.13416407864997237 1.5000000000000002 17.320000000000004 1.7066666666666672 30.285000000000004 1.0000000180025095e-35 4240.0800000000008 1.0000000180025095e-35 6.7083333333333348 16.000000000000004 340.93000000000006 5447.4400000000014 4.5000000000000009 8.5000000000000018 21.500000000000004 19.500000000000004 314.50000000000006 645.18000000000018 131.50000000000003 3.5000000000000004 16.000000000000004 9.5000000000000018 161.50000000000003 70.500000000000014 192.50000000000003 12012.660000000002 1231.3750000000002 0.47727272727272735 2893.23 1.0000000180025095e-35 19.500000000000004 14422.950000000001 4146.4850000000006 240.56000000000003 6.5000000000000009 3104.6833333333338 12012.660000000002 1361.2500000000002 -0.5 318.53500000000003 15465.870000000001 9702.1800000000003 228.50000000000003 2988.2700000000009 418.36666666666667 880.64999999999998 48.500000000000007 15.500000000000002 5069.2646428571434 61.500000000000007 39.500000000000007 64.500000000000014 14.500000000000002 1.0000000180025095e-35 9947.3100000000013 156.37950000000004 159.50000000000003 70.500000000000014 570.10500000000013 1219.7600000000002 2893.23 2.5000000000000004
decision_type=8 2 8 10 10 10 8 8 10 2 8 8 2 2 2 2 2 10 2 2 2 2 2 2 2 8 10 10 10 2 2 10 8 8 2 10 8 10 2 10 10 8 2 8 10 10 2 2 10 2 2 2 10 2 10 10 2 2 10 10 8 2
left_child=3 2 9 -1 20 -5 7 38 19 -2 14 12 -6 39 -9 -16 17 32 60 -7 -3 22 23 26 -21 43 -22 -11 -23 40 53 34 33 -17 -27 -12 42 -36 -4 57 55 -15 -25 -20 -24 46 -46 48 -13 -39 -51 -18 -10 -29 -49 56 -14 -8 59 -47 -19 -31
right_child=1 4 6 5 11 8 13 10 52 27 35 47 29 41 15 16 51 18 25 24 21 28 44 36 -26 31 -28 30 -30 61 -32 -33 -34 -35 37 -37 -38 49 -40 -41 -42 -43 -44 -45 45 58 -48 54 -50 50 -52 -53 -54 -55 -56 -57 -58 -59 -60 -61 -62 -63
leaf_value=-0.025429817357042906 -0.027343563540067548 -0.0081368876948479524 -0.027619484021117371 -0.031858620058378563 0.0020444061957139623 -0.015724448418784488 -0.0079746830443976988 -0.011096885467426374 -0.013632353470329572 -0.017738490136925213 -0.0014894077271545897 0.0077461224028824256 0.0076262406995728496 0.010977367179620326 -0.0060642761011227451 -0.0062419200391427461 0.0079226159265779385 -0.00029604988930795843 -0.012957119340628777 0.001612786655007317 -0.0042972561519177043 0.0053666991482247935 0.00567306171271719 0.0024792226644375554 -0.010220585246149431 -0.020627036959236199 0.0060204669507105306 -0.018464370214217304 0.016242381355747345 -0.0018089405566129924 -0.019852251505847976 -0.020155862646835981 0.0087485525564635971 0.0058418412735822866 -0.001441741830092587 -0.010296723435498216 0.011206976184502731 0.023465373912790966 -0.0080240274615460006 -0.011285632628255847 -0.011229883962330526 0.0030568516758129115 0.016657443055530765 -0.00310072255198655 -0.0058092380200262927 -0.0024753194797665868 -0.028962679476549128 0.015182935300408049 -0.023646744765235678 -0.01000935148438091 0.010199849967791648 0.024874971538673709 -0.024753893803016735 -0.0048690701222889867 0.0040393618215161962 0.019578383476918686 0.020304741868690517 0.0099449657354999214 0.003025439780698256 -0.020500565328940908 0.0066285743576117847 0.0077995794442482754
leaf_weight=1784.1066508181393 245.84944227710366 565.0345114916563 217.11759454756975 445.87251072749496 3566.4506408199668 759.89523590356112 204.5520227253437 614.62406440079212 1276.4352065213025 511.20951184630394 1281.8180474750698 862.30715507268906 1306.6530172675848 2073.7833827137947 1777.9397534057498 718.34621077403426 1182.7024344950914 1899.2349698729813 957.41033805534244 1057.3551438264549 1725.2519360631704 2976.1734686419368 823.65012713521719 1772.6552354097366 928.95305495336652 118.26943022012711 970.62713553011417 247.48215919733047 596.78549342602491 544.86381851136684 296.84276627376676 143.52031336724758 1671.0190400034189 977.66653668880463 2676.3581946715713 1379.862152222544 2271.6940987110138 141.19057961553335 324.7369562536478 389.91889142990112 82.634091183543205 1216.4505644589663 267.56622625887394 953.8259130641818 267.0650402083993 2587.8049592748284 124.93057481199503 2674.299963504076 59.100149065256119 230.40833695232868 537.80641740560532 178.65705453976989 506.81380739063025 4475.1462686695158 402.14488166570663 754.42099183797836 376.75333948433399 352.11365086212754 1387.6094276607037 180.96961911022663 1571.0359475910664 2239.6682136654854
leaf_count=44095 3238 2769 2971 12204 15557 12805 925 4102 24215 7210 7249 3920 5883 9152 11934 5143 6768 10576 6750 14126 7812 13263 3810 7803 15698 784 4230 2916 2671 2335 2943 878 8866 4937 14891 8529 9653 687 2432 1829 371 5290 1170 6648 1195 11955 706 12747 258 1241 2691 1060 13425 39453 1811 3857 1775 1671 5908 886 8261 10237
internal_value=-6.53729e-05 0.00178243 -0.00152517 -0.0161793 0.0051102 -0.0128577 0.000127571 -0.00106997 -0.0109806 -0.00833075 -0.000646139 0.00798653 0.00623002 0.00565337 0.000235101 0.000678405 0.00153768 0.000604636 -0.000892541 -0.00719365 0.00286885 0.00325915 0.00212496 0.0046759 -0.00392378 -0.00314178 -0.000581597 -0.0074808 0.00718728 0.00904302 -0.00643278 -0.000706009 0.00470746 0.000723102 5.28519e-05 -0.00605743 0.00796235 0.000740499 -0.0159122 -0.00267974 0.0124901 0.00805085 0.00434588 -0.00804236 -0.00120299 -0.00244912 -0.0132433 0.0118818 0.00570909 0.00715731 0.00413343 0.010164 -0.0168053 -0.00558527 0.0137281 0.0132984 0.0104741 0.00335773 -0.00142817 -0.00366044 0.00283982 0.00591946
internal_weight=65713.4 58954 29566.9 6759.43 29387.1 4975.32 23790.4 19553.6 4529.45 5776.53 19011.7 12869.3 8871.44 4236.82 16350 15735.4 13957.5 12596.1 9229.06 2746.2 16517.8 15952.8 12379.8 7007.79 1986.31 5758.79 2695.88 5530.68 3572.96 5304.99 5019.47 3847.55 3367.03 1696.01 3704.03 2661.68 4311.92 3585.76 541.855 946.585 2520.46 3290.23 2040.22 1911.24 5372.03 4548.38 391.996 3997.85 921.407 909.405 768.215 1361.36 1783.25 4722.63 3076.44 2437.83 1683.41 556.666 4156.38 2768.77 3470.27 2784.53
internal_count=461175 324607 192025 136568 132582 92473 136265 117398 80269 55760 111995 58751 40015 18867 96217 92115 80181 72353 53407 42629 73831 71062 55128 30668 29824 34570 12042 52522 15934 24458 45312 21172 18946 10080 20294 15778 18626 19510 5403 4425 11886 14442 8973 13398 24460 20650 1901 18736 4178 4619 3932 7828 37640 42369 14558 11515 7658 2596 18749 12841 18837 12572
is_linear=0
shrinkage=0.035


Tree=68
num_leaves=63
num_cat=3
split_feature=13 2 7 32 34 40 12 22 45 22 16 22 1 41 40 26 29 40 48 23 8 3 6 2 14 37 0 14 29 41 26 40 16 40 22 51 48 16 32 32 29 26 29 19 41 14 7 48 26 26 43 39 40 41 1 8 2 35 3 49 41 3
split_gain=1508.48 416.308 257.484 164.507 144.123 123.708 114.66 103.955 98.1857 94.0317 92.8454 115.765 85.9809 80.1828 75.0592 74.5194 71.8536 67.6756 62.5473 67.4982 76.0243 60.368 62.0014 58.8903 57.2655 56.7077 56.6489 54.7809 54.5582 51.6227 66.9009 65.6005 48.1929 44.0027 61.2753 42.1889 40.9064 40.497 48.8312 40.192 39.3716 41.9618 39.3362 46.2898 37.2402 38.4353 37.1669 36.9232 50.0192 37.567 36.9082 36.5918 36.4814 36.3396 74.8788 39.9714 43.8064 36.193 36.1441 36.1033 35.421 34.9198
threshold=0.31909090909090915 104.95000000000003 0.73863636363636376 332.22000000000003 2.5000000000000004 1.0000000180025095e-35 17.380833333333339 1.5000000000000002 5.2250000000000005 1.5000000000000002 0 14.500000000000002 2904.6200000000003 921.12500000000011 2517.5400000000004 131.50000000000003 232.00000000000003 12452.190000000001 2.5000000000000004 0.25000000000000011 19.500000000000004 257.50000000000006 156.37950000000004 655.96000000000015 20.500000000000004 inf 1092.596666666667 18.000000000000004 272.50000000000006 1831.1800000000001 284.50000000000006 635.70000000000016 1 2404.4500000000003 60.500000000000007 241.19139171226959 1.5000000000000002 2 140.67000000000002 878.7600000000001 333.50000000000006 192.50000000000003 272.50000000000006 628.69500000000005 1202.4000000000003 19.500000000000004 0.6515151515151516 3.5000000000000004 122.00000000000001 299.50000000000006 1.5000000000000002 77.850000000000009 6025.0800000000008 1978.5500000000004 10502.730000000001 15.500000000000002 3615.3750000000005 14.500000000000002 89.500000000000014 2.5000000000000004 3560.7600000000007 57.500000000000007
decision_type=8 10 10 10 2 10 10 2 10 2 9 2 8 10 10 2 2 10 2 2 2 2 10 10 2 8 10 2 2 8 2 10 9 10 2 10 2 9 10 10 2 2 2 10 8 2 8 2 2 2 2 10 10 10 10 2 10 2 2 8 10 2
left_child=2 3 25 6 7 -4 46 13 27 -8 -9 14 17 58 26 28 -16 23 24 20 29 22 37 36 -11 50 40 -7 -5 -20 31 59 -24 -29 52 -15 -13 -6 -39 47 41 -12 -21 -44 -25 -46 -2 -38 -49 -50 -1 -10 -35 54 55 -34 -57 -17 -3 -31 -28 -47
right_child=1 4 5 15 21 8 9 10 51 18 11 12 -14 35 16 57 -18 -19 19 42 -22 -23 32 44 -26 -27 60 33 -30 30 -32 -33 53 34 -36 -37 39 38 -40 -41 -42 -43 43 -45 45 61 -48 48 49 -51 -52 -53 -54 -55 -56 56 -58 -59 -60 -61 -62 -63
leaf_value=-0.023850294008146571 -0.016168413249045537 -0.0044208909465543941 -0.029188851412397562 0.0049080599242687173 0.0075520109722222754 -0.017924617553038209 -0.011558553858708666 0.011055024907175897 -0.010707771471244151 -0.0089004398622062331 0.0018198793293655543 0.0095123054409814028 0.0092604580035869858 -0.034248587395811297 -0.018827374711940334 -0.007609055885553398 0.00374934314509614 -0.0087936038448145262 -0.009093430703703902 0.0089578551867639227 -0.019960199373477785 0.017409826122310904 0.014689508428595604 -0.0016198386023105007 0.0067132114986306161 0.0031669428170724421 0.0060207791508815793 -0.00020339541751524762 -0.010726159856302302 -0.001067985316400585 0.0088080335270845894 -0.0036403417996160843 0.014331488098695284 -0.0089688554175620053 0.0017722636430947966 0.011981272828021656 -0.0030442110497570542 0.005157114349199232 -0.0039644450118239563 -0.0047255787701929548 -0.01861797003024197 -0.0060120887146560059 0.0035616872250150569 -0.017405616743488398 -0.0011182627069891908 0.014105447200414714 -0.0055999069826494653 0.0092546416890561655 3.5417139111884355e-05 0.0089657703130307884 -0.014209587506422039 -0.020328926224920513 -0.024104093485764821 0.016229706832200951 -0.048368134661200275 -0.01242780654283371 0.016047576086978949 -0.01880503496311137 0.048202254047219381 0.014599993406039206 -0.017743481409438957 0.0066852295751808084
leaf_weight=2336.5362140201032 573.72019347548485 605.82178157195449 345.12513685971498 523.20594632998109 4422.7050831615925 347.23379774019122 752.93255219049752 1727.2993434146047 1743.2765382826328 1219.1452486105263 1850.7162977233529 748.65770884603262 3222.0247149914503 180.26846723072231 534.0065045170486 530.81016296893358 254.56465423479676 575.61251809075475 608.1521062143147 2053.8923659138381 232.87935929745436 713.01501175761223 1819.3720187395811 653.45967242866755 375.75019052624702 115.26591678708792 1763.6837810203433 2252.3084384538233 570.74245189502835 303.8978026509285 1203.2335973754525 2447.9856395870447 225.5140393525362 953.13421511650085 579.72878149524331 27.395878214389086 1412.0271666385233 2452.289494395256 1016.1209042817354 1280.4234101437032 176.93038062006235 1529.9332327805459 2356.8498163819313 135.46313996985555 590.76031548157334 1008.4853235967457 1409.0516389608383 1315.7418095059693 3620.0446472018957 685.46489116176963 621.48765065893531 673.06484361365438 245.23482141643763 226.96571828424931 36.0856953561306 243.07521294057369 89.853941038250923 1071.4859108254313 15.425153333693741 441.00623152405024 79.378851000219584 3395.4758165255189
leaf_count=55851 7552 3740 9040 3331 19745 4263 6014 7516 30000 8685 8423 3510 14151 2645 2733 4789 1192 2906 4455 10431 1621 3442 9285 2788 2673 1190 7654 22128 4339 1639 7343 14739 1074 9500 6182 272 7258 10724 4313 6540 903 7542 13847 774 2663 4330 12646 5872 17026 3069 10474 11730 2595 1158 191 1188 493 11370 112 2333 382 14801
internal_value=-6.41804e-05 0.00221787 -0.0124224 -0.00237734 0.00422435 -0.00877398 -0.000863726 0.00284861 -0.00773279 0.000411881 0.00323158 0.00267843 0.00406515 -0.00934911 -0.00146407 -0.0102974 -0.0115437 0.00296955 0.00120495 0.00225278 -0.000455908 0.00755808 0.00688952 0.0034304 -0.00522003 -0.020892 9.56412e-06 -0.00460504 -0.00325108 0.000455552 0.00177831 -0.000872755 0.0115313 -0.00345335 -0.00756763 -0.0281216 0.00168181 0.00533481 0.00247731 0.000975608 -0.00257038 -0.00172525 0.00537256 0.00241554 0.00623517 0.00726296 -0.00866454 0.00201405 0.00328497 0.00145894 -0.0218302 -0.013395 -0.0120837 0.00429672 -0.000206231 0.00298681 -0.00471757 -0.0151031 -0.00303893 0.00821508 0.00498821 0.00838724
internal_weight=65521.2 55308.8 10212.4 16810.2 38498.6 7139.11 14114 27253.6 6793.98 12131.2 26424.7 24697.4 18508.2 828.911 6189.21 2696.24 788.571 15286.2 11378.3 9783.36 5237.15 11245 10532 14710.5 1594.9 3073.29 5400.64 4377.64 1093.95 5004.28 4396.12 3192.89 2640.87 4030.41 1778.1 207.664 9062.36 7891.12 3468.41 8313.7 3557.58 3380.65 4546.21 2492.31 5648.18 4994.72 1982.77 7033.28 5621.25 4305.51 2958.02 2416.34 1198.37 821.495 594.529 558.443 332.929 1602.3 621.247 744.904 1843.06 4403.96
internal_count=461175 298222 162953 118581 179641 95438 94752 128028 86398 74554 121259 113743 84914 6769 28829 23829 3925 70763 68540 57182 32130 51613 48171 67857 11358 67515 24904 44668 7670 30509 26054 18711 13389 40405 18277 2917 43275 34782 15037 39765 16868 15965 25052 14621 24582 21794 20198 33225 25967 20095 66325 41730 12095 4104 2946 2755 1681 16159 3852 3972 8036 19131
cat_boundaries=0 1 2 3
cat_threshold=1192 152576 5600
is_linear=0
shrinkage=0.035


Tree=69
num_leaves=63
num_cat=9
split_feature=50 34 46 0 46 40 1 47 42 19 22 44 45 14 22 3 26 16 2 0 44 18 14 26 43 16 23 16 16 14 8 41 7 8 5 30 26 18 29 47 23 29 29 14 46 13 49 52 22 16 18 18 49 16 16 22 18 16 3 26 48 16
split_gain=1432.87 467.943 243.859 164.483 140.815 140.739 113.743 82.5522 119.868 81.286 80.913 79.4847 75.6257 72.6098 72.2041 67.5755 63.1494 62.1597 60.0083 59.8136 66.2499 61.3513 58.7998 75.1122 52.3014 47.498 46.8214 68.2067 46.6276 46.1731 45.1495 44.2466 44.2222 43.7835 43.6668 46.8914 43.0897 42.7495 40.679 42.202 38.4327 46.2777 37.9355 41.1089 37.2041 36.7631 36.1727 35.8422 34.8034 34.2827 46.3002 40.2703 41.6835 41.4237 34.1356 34.1039 56.5671 52.904 55.0309 75.4414 37.024 43.4856
threshold=0.13416407864997237 1.5000000000000002 17.320000000000004 1.7066666666666672 1127.0250000000003 1.0000000180025095e-35 1941.9400000000003 inf 3.5000000000000004 1147.2250000000001 1.0000000180025095e-35 340.93000000000006 6.7083333333333348 16.000000000000004 8.5000000000000018 163.50000000000003 21.500000000000004 0 570.10500000000013 97.89666666666669 100.12000000000002 3430.5920833333334 19.500000000000004 314.50000000000006 10.500000000000002 1 1.0000000180025095e-35 2 3 19.500000000000004 14.500000000000002 1179.6200000000001 0.47727272727272735 19.500000000000004 90.663333333333355 8327.4300000000021 284.50000000000006 9653.4060000000009 115.50000000000001 1240.8300000000002 -1.0000000180025095e-35 84.500000000000014 241.50000000000003 20.500000000000004 610.60500000000013 0.21980676328502416 14.500000000000002 3.5000000000000004 32.500000000000007 4 137.70200000000003 3538.6875000000005 12.500000000000002 5 6 53.500000000000007 16990.017142857145 7 30.500000000000004 131.50000000000003 5.5000000000000009 8
decision_type=8 2 8 10 8 10 8 8 2 10 2 10 10 2 2 2 2 9 10 10 10 10 2 2 2 9 2 9 9 2 2 8 10 2 10 10 2 10 2 10 2 2 2 2 10 10 10 2 2 9 10 10 10 9 9 2 10 9 2 2 2 9
left_child=3 2 13 -1 7 -5 10 8 47 15 17 16 19 -2 28 49 -12 -4 -11 20 -7 -21 -18 26 29 30 27 31 -8 -17 -6 -24 -15 -34 35 -27 44 -36 -31 -40 41 54 43 -20 -33 -28 -14 -3 -23 50 -10 -51 -53 -54 -9 57 -57 -16 60 -60 61 -59
right_child=1 4 6 5 25 12 14 40 9 18 11 -13 46 32 55 24 22 -19 42 21 -22 48 23 -25 -26 34 45 -29 -30 38 -32 36 33 -35 37 -37 -38 -39 39 -41 -42 -43 -44 -45 -46 -47 -48 -49 -50 51 -52 52 53 -55 -56 56 -58 58 59 -61 -62 -63
leaf_value=-0.024886237350494025 -0.026830947013297319 -0.0073312851406970502 -0.024007097364219715 -0.031537571163409751 0.014924561140687074 -0.0055716583003916431 -0.014723670856514373 -0.00631785564900233 -0.0020566021376188354 -0.011565545257838502 -0.011097731187211406 -0.0068725599938483537 -0.012953475297728417 -0.017056717690189259 0.013261328610605114 -0.0057000359291789881 -0.0055831075492303794 3.3494743636139457e-05 -0.0051219016941988129 0.0080472227370603465 -0.019681485669704474 -0.023173680403491034 -0.014303888911217881 0.0093557808703889304 0.020581688246688812 0.010676319911288442 -0.0094559766221596585 0.0086661376829140335 0.0010766862471231057 0.016412588009886118 -0.013284058731178255 -0.0067605603921188718 -0.0052935322177448023 -0.019275184478907532 0.012618811689342844 0.0022931372026770177 0.0036849023901602287 0.0015764962936145105 0.0076131297517270788 -0.017814066997899173 0.010424971177136614 0.0014007129744123222 -0.0056499011365151799 0.012014337855995859 0.0024957844129208464 0.0028879691538135246 -0.024226014633546931 -0.00061637290688463045 -0.0014217474917050655 -0.0010071529073891953 0.010670313175631177 0.0076588303988009967 0.019505096262983936 -0.0084787669753707343 0.019337468104752408 0.016000329201583511 -0.013143234790106043 -0.032405410426610014 0.01074553348313197 -0.0029323154828475037 0.010717804653360797 -0.0047488136693151304
leaf_weight=1711.3518610484898 237.83265925571322 1365.6727538779378 319.07235036045313 423.05645991303027 99.750840552151203 1176.3521054312587 291.90268594026566 77.771629601716995 467.37444445490837 614.60993964225054 590.60518084838986 2282.7776036150753 1244.0795774683356 497.04400182142854 750.15951261669397 279.44018606096506 1692.2835266925395 229.1806540414691 251.52755761146545 540.69134458526969 623.81650344282389 152.6756201647222 427.53784436732531 1292.3872452266514 455.29128473997116 1518.9970102235675 308.32068678364158 623.67158644646406 935.09730615839362 696.35212559252977 223.40143869072199 2285.0654072165489 4688.8045709989965 290.6298861913383 4090.5387571379542 1769.6937131658196 1033.3383296169341 480.19804984331131 1528.3202860578895 83.439116314053535 2467.1550223082304 1673.5819142013788 518.79978467524052 534.81553599983454 692.64060179889202 6659.1831449009478 487.34146917238832 3387.7198442146182 218.1767388805747 2723.4791129231453 1391.8664191067219 1827.7056825831532 66.830538094043732 392.17441710829735 320.99446496367455 787.13279236108065 90.253641471266747 99.585022509098053 1181.8735559806228 847.59744320809841 90.569229960441589 222.80195491015911
leaf_count=44095 3238 6143 3897 12204 427 19822 1639 344 2017 2679 4008 13757 24215 7210 3293 1253 11533 2028 1094 6551 11467 2075 2842 7487 2035 6654 2577 3813 4432 3044 954 15077 42369 2943 20217 7706 6416 2219 6632 362 10595 7287 2267 2427 3287 35322 13425 16921 2714 11914 6037 7872 293 1752 1437 3514 410 431 5142 3996 392 972
internal_value=-6.28236e-05 0.00167154 -0.00144453 -0.0155532 0.00480242 -0.0122665 0.000118438 0.00329224 0.00214733 0.00403317 -0.00118037 -0.000774038 -0.0104249 -0.00793482 0.00463831 0.00530978 0.000118466 -0.0144124 -0.00255766 -0.00677213 -0.0104694 0.00053287 0.000560374 0.00134113 0.00965122 0.00870036 0.000479388 -0.00208208 -0.00280227 0.00772074 -0.00442104 -0.00360533 -0.00710945 -0.00611329 0.00923424 0.00616727 -0.00247068 0.0114593 0.00934735 0.00628656 0.00747387 0.00395722 0.00168988 0.00653343 -0.00460734 0.00234046 -0.0161385 -0.00254674 -0.010415 0.0033856 0.0074317 0.00186439 0.0052915 -0.00413111 0.0146563 0.00688161 0.0129909 0.00519911 0.00265337 0.00503442 -0.00896813 -0.0145146
internal_weight=65332.4 58754.9 29447.3 6577.54 29307.5 4866.19 23733 21124.9 16585.4 11832 18436.1 17887.8 4443.13 5714.31 5296.97 9912.27 15605 548.253 1919.75 2711.71 1800.17 911.544 15014.4 13322.1 3042.84 8182.58 12029.8 5062.25 1227 2587.55 323.152 4438.58 5476.48 4979.43 7859.43 3288.69 4011.04 4570.74 2308.11 1611.76 4539.5 2072.35 1305.14 786.343 2977.71 6967.5 1731.42 4753.39 370.852 6869.43 1859.24 5010.19 2286.71 459.005 398.766 4069.97 877.386 3192.59 2442.43 2029.47 412.956 322.387
internal_count=461175 324607 192025 136568 132582 92473 136265 94405 74742 51678 112044 106119 80269 55760 24221 43211 92362 5925 8467 42629 31289 11340 88354 76821 13326 38177 69334 31435 6071 11291 1381 27622 52522 45312 36796 14360 24780 22436 10038 6994 19663 9068 5788 3521 18364 37899 37640 23064 4789 29885 8054 21831 9917 2045 1781 18150 3924 14226 10933 9138 1795 1403
cat_boundaries=0 1 2 3 4 5 6 7 8 9
cat_threshold=162080 2048 227588 90375 5304 256 137280 135328 256
is_linear=0
shrinkage=0.035


Tree=70
num_leaves=63
num_cat=0
split_feature=50 2 45 0 13 17 32 15 46 0 18 14 12 47 49 39 44 22 18 29 17 37 18 14 48 29 19 13 42 14 26 26 14 35 3 29 13 22 17 48 50 1 12 8 44 27 32 26 18 43 22 2 50 48 14 31 19 29 26 4 18 44
split_gain=1352.58 441.191 186.248 160.956 128.69 118.731 96.3701 89.1293 78.9239 71.9307 98.0383 67.2025 61.582 66.184 60.0327 54.5293 54.1652 53.0577 158.784 65.2557 53.2708 53.017 45.5772 45.4152 48.1507 74.7767 65.3044 45.3869 44.9024 44.8025 69.6977 42.6848 42.0104 41.9431 41.4186 40.7411 40.616 39.2756 53.372 41.4721 39.1057 38.683 37.3886 37.146 37.004 36.9121 36.4543 36.2053 35.3256 35.3191 35.208 34.4276 34.0111 33.0522 32.927 46.6544 32.9949 32.6555 32.5608 54.2362 43.3925 30.4539
threshold=0.13416407864997237 175.77000000000004 2.4142857142857146 1.7066666666666672 0.84412955465587058 1.0000000180025095e-35 691.38000000000022 0.70244952742243927 389.94000000000005 97.89666666666669 3967.8604166666678 18.000000000000004 30.180000000000003 1623.3000000000002 12.500000000000002 38.925000000000004 20.205000000000002 25.500000000000004 3827.277 333.50000000000006 1.0000000180025095e-35 4750.0600000000004 11807.703750000002 18.000000000000004 6.5000000000000009 333.50000000000006 140.73000000000002 0.24500000000000002 3.5000000000000004 19.500000000000004 299.50000000000006 122.00000000000001 16.000000000000004 6.5000000000000009 245.50000000000003 333.50000000000006 0.70479302832244028 41.500000000000007 7948.4400000000014 5.5000000000000009 110.449384706625 21.135000000000002 5.491666666666668 8.5000000000000018 129.64500000000001 1128.1200000000001 950.67000000000007 21.500000000000004 51.391333333333343 2.5000000000000004 10.500000000000002 1678.6100000000004 76.862918544552699 6.5000000000000009 19.500000000000004 1.0000000180025095e-35 3523.8450000000007 272.50000000000006 91.000000000000014 206.43000000000004 1301.9400000000003 133.96000000000004
decision_type=8 10 10 10 10 10 10 8 10 10 10 2 10 10 10 10 10 2 10 2 10 10 10 2 2 2 10 10 2 2 2 2 2 2 2 2 10 2 10 2 10 10 10 2 10 10 10 2 8 2 2 10 10 2 2 2 10 2 2 8 10 8
left_child=3 2 6 -1 14 -5 12 29 -8 15 49 -4 -2 21 17 32 35 18 19 20 -3 23 46 -14 25 48 28 -18 -26 -6 47 45 -7 -23 -22 42 -16 38 40 -40 41 58 -13 -15 -24 -20 51 -31 -25 -11 -32 54 -29 -10 -19 56 -56 -50 60 -60 -9 -35
right_child=1 4 11 5 7 9 8 37 53 10 -12 16 13 43 36 -17 27 22 31 -21 34 33 44 24 26 -27 -28 52 -30 30 50 -33 -34 61 -36 -37 -38 -39 39 -41 -42 -43 -44 -45 -46 -47 -48 -49 57 -51 -52 -53 -54 -55 55 -57 -58 -59 59 -61 -62 -63
leaf_value=-0.024579857875516333 -0.0044351682114511471 -0.012772299427854948 -0.019863531477809063 -0.026239435719611934 0.0022516455854082892 -0.029820768325018798 -0.012110666371629605 -0.012113144307222115 0.013326360876285605 -0.00037406680000485527 -0.015947794601577314 -0.014493163084211523 -0.0092736699135110741 0.038750357241624761 -0.0053984533327391931 -0.021432562175864003 -0.016408090051951124 -0.0013828188228797735 0.023460512512929931 -0.0090859022401413112 0.004574604300538629 0.01574377764702339 -0.030891180019968826 -0.0077607912621578835 -0.00038285130236032273 -0.0076743407735720554 -0.0063185182563251186 -0.0055389429669485063 0.0101908821567506 -0.001234123331101264 0.0029058790138537481 -0.019954317586518142 -0.0089686043541658128 0.0068063451601061854 -0.023995342719043064 -0.016513399520318554 0.0027199637752536041 0.0069075351116424594 0.018901827990217921 -0.027555284006762552 0.0094003213243312247 -0.0012332550646015493 0.00077164504765220028 -0.019147561493035346 -0.0015721801900467891 -0.0089175816721682524 -0.0019558576944383537 0.0091656313567425561 0.0085299542840075338 0.015752907248592234 0.021216487906084606 0.01342937331232791 -0.019569204068446252 -0.010648666348068849 0.0052914670573157383 0.013713214673226086 -0.030364599688677493 0.0023365651573360605 0.015126916122265723 -0.0046900173038493392 0.0087729861471855485 -0.0016720358272297156
leaf_weight=1672.7383363619447 2481.5347834788263 231.67889763042331 476.57518326118588 621.5685177911073 1111.4298496097326 125.09458150342107 1321.192714523524 234.79883599281311 250.404859341681 661.99047075212002 480.73012307286263 217.28841311112046 527.00428580492735 13.4562901109457 1965.0320689529181 709.39385611191392 789.19931095838547 690.03464230895042 51.617872714996338 530.64558694511652 6156.2723930478096 461.08460526913404 59.727759875357151 244.08148191869259 2043.8051810637116 632.48893777653575 1894.621223628521 2340.5862947739661 646.92843972146511 439.4842177182436 152.23372995853424 503.94740673899651 1993.2411665245891 1718.5976135283709 61.817182824015617 220.07225051522255 1224.6412934288383 2981.3659773170948 28.401988193392754 121.19161968678236 833.00838705897331 2827.9726278632879 1973.7852909862995 243.84209457039833 401.56272817403078 238.54248658567667 645.58450095355511 6080.9485382884741 2462.3916698209941 221.17352378368378 841.36816304922104 825.58028046041727 231.97067414969206 97.005006432533264 3478.8909086212516 949.03849153965712 31.104779161512852 1810.2691948078573 648.40314839780331 228.24617366492748 251.17712046205997 742.83534139767289
leaf_count=44095 17831 2014 5839 16249 5076 2901 9805 977 1093 10252 7522 3186 3282 77 10687 15065 9600 3481 283 2633 28616 2352 353 1244 11517 3697 10057 21195 2906 1892 703 2999 38159 8940 321 2397 5448 13390 119 519 3898 12066 17698 1370 2045 1236 2945 28500 11621 2325 4142 3623 2052 570 15937 4124 145 8977 2815 988 1060 4266
internal_value=-6.1769e-05 0.00161509 -0.00205323 -0.0152272 0.00412634 -0.0119725 -0.000209279 0.00633265 -0.00820911 -0.00985111 -0.00324615 -0.00724288 0.000629505 0.0015648 0.00207453 -0.0130346 -0.00619774 0.0030099 0.00101342 0.00270109 0.00367211 0.00190841 0.0052013 0.000723714 0.00126584 0.00358841 -0.00134255 -0.00906834 0.00216221 0.00881282 0.00978288 -0.0138064 -0.0102135 0.00606646 0.00428676 -0.00219328 -0.0022816 0.00370851 0.0018639 -0.0186679 0.0024789 0.00110114 -0.000748084 -0.0159813 -0.00542701 -0.00309691 0.00594258 0.00846459 0.0051669 0.00367791 0.0184168 0.00679622 -0.00681118 0.00662062 0.00573029 0.0068311 0.00496693 0.00590706 0.00594326 0.00996787 -0.00132228 0.00424802
internal_weight=65152.7 58666.8 23841 6485.93 34825.7 4813.19 17591.5 16780 1668.6 4191.62 1363.89 6249.48 15922.9 13441.4 18045.7 2827.73 5772.9 14856 7774.52 6980.41 6449.77 13184.1 7081.52 10261.6 9734.59 5149.23 4585.35 3361.76 2690.73 8625.46 7514.03 794.108 2118.34 2922.52 6218.09 2411.15 3189.67 8154.57 5173.2 149.594 5023.61 4190.6 2191.07 257.298 461.29 290.16 6620.23 6520.43 4516.74 883.164 993.602 5974.65 2572.56 347.41 5149.07 4459.03 3510 4272.66 1362.63 876.649 485.976 2461.43
internal_count=461175 324607 161572 136568 163035 92473 99605 76145 11468 76224 20099 61967 88137 70306 86890 56125 56128 70755 38102 33584 30951 68859 32653 53301 50019 25539 24480 32847 14423 40313 35237 4518 41060 15558 28937 23281 16135 35832 22442 638 21804 17906 20884 1447 2398 1519 30255 30392 21842 12577 4845 27310 23247 1663 23687 20206 16082 20598 5840 3803 2037 13206
is_linear=0
shrinkage=0.035


Tree=71
num_leaves=63
num_cat=5
split_feature=50 46 4 0 14 40 42 47 22 2 45 16 18 19 16 14 48 27 22 32 14 31 26 17 2 46 16 26 23 22 46 29 7 23 26 3 27 22 18 47 35 11 22 26 16 22 35 41 35 26 16 29 22 49 39 40 40 48 1 44 49 35
split_gain=1276.33 418.474 198.704 157.436 148.279 136.454 98.9276 100.905 83.1833 81.7834 72.3931 71.4855 108.257 79.7759 69.6393 61.3686 58.9581 58.5708 57.7056 55.9182 56.6334 73.0049 60.4338 60.4548 63.1454 54.5637 53.5474 52.6515 52.5648 51.6919 54.735 50.3887 48.6237 44.4376 44.33 48.916 45.8763 43.9698 42.8974 42.3492 39.9526 39.4041 39.1324 43.3617 38.9663 45.3925 39.7014 37.3771 37.2175 36.6943 48.9994 37.5827 35.6546 35.6353 33.0492 32.5189 31.9089 31.2451 30.6994 33.7865 29.5539 29.4232
threshold=0.13416407864997237 64.280000000000015 7.2250000000000005 1.7066666666666672 16.000000000000004 1.0000000180025095e-35 1.5000000000000002 inf 1.0000000180025095e-35 1956.6900000000003 6.7083333333333348 0 2563.5350000000003 2130.3040000000005 1 20.500000000000004 3.5000000000000004 20386.710000000006 8.5000000000000018 1390.7700000000002 19.500000000000004 1.0000000180025095e-35 284.50000000000006 422.32500000000005 523.14000000000021 1941.0600000000002 2 161.50000000000003 -1.0000000180025095e-35 13.500000000000002 586.84000000000003 272.50000000000006 0.78888888888888908 0.68301270189221941 345.50000000000006 85.500000000000014 4859.3700000000008 23.500000000000004 449.87428571428575 1176.4900000000002 10.500000000000002 162.89000000000004 6.5000000000000009 70.500000000000014 3 35.500000000000007 18.500000000000004 18738.880000000001 8.5000000000000018 131.50000000000003 4 272.50000000000006 62.500000000000007 14.500000000000002 53.685000000000009 6025.0800000000008 77.856666666666669 5.5000000000000009 215.75000000000003 133.96000000000004 18.500000000000004 5.5000000000000009
decision_type=8 8 8 10 2 10 2 8 2 10 10 9 8 8 9 2 2 10 2 10 2 2 2 10 10 8 9 2 2 2 8 2 10 2 2 2 10 2 8 10 2 8 2 2 9 2 2 8 2 2 9 2 2 10 8 10 10 2 8 10 10 2
left_child=3 4 8 -1 -2 -5 7 32 14 11 16 38 15 17 33 -13 -7 29 -11 20 -10 22 23 -22 39 -15 48 58 -23 -14 -31 37 -6 -3 35 -17 -37 -30 42 54 -28 47 43 -4 46 -46 -29 -9 -8 51 -51 -21 55 -12 -25 -24 -45 -27 59 -18 -39 -41
right_child=1 2 9 5 6 10 26 41 19 18 53 12 13 25 -16 34 27 -19 -20 49 21 28 52 24 -26 57 40 44 31 30 -32 -33 -34 -35 -36 36 -38 60 -40 61 -42 -43 -44 56 45 -47 -48 -49 -50 50 -52 -53 -54 -55 -56 -57 -58 -59 -60 -61 -62 -63
leaf_value=-0.024271489387277523 -0.023689227929926719 -0.033535794271342484 -0.0063474084482704847 -0.031199859003887744 -0.015341902236731993 -0.014759048567871852 0.0064645415331580185 0.016201794714533504 -0.0040469971960466209 -0.0032977075530329866 -0.012374231386191306 -0.0029353719838513788 -0.0086322563192317587 -0.014362232655095498 -0.00053493180463199232 0.0036062887061081971 0.0041770885563859623 -0.010155849876440085 0.010990437348410029 0.0096906099694458667 0.0056049503482113192 -0.0037110275755749779 0.0047702905987215809 -0.0021717361657590676 0.0021763145747024943 0.017547196389474971 7.0001090906321692e-05 -0.00034403789365454853 0.0072315273297251619 0.0051207901190378725 0.010342350033224871 0.0034090150841666138 -0.0070267289657467433 0.00059304399206388657 0.015362793107890392 -0.0069030376074533713 -0.070162106573921537 0.019954642901227556 -0.0095236608668836948 0.038173406279271876 -0.0091770209573303809 -0.018982159540584669 0.021401447525585218 -0.0011570811039409495 -0.020162183797310992 -0.0040969107045911758 0.045249755678257293 -0.00022874207630963332 -0.00030120465141670927 8.1183000155115055e-05 -0.014268782305340256 -0.0060428762803773645 0.014804041377431966 -0.023737584352880602 -0.0098473321492497552 -0.011071854095823876 0.017434087699930982 -0.0043495886866563513 0.013742012359660376 -0.014269429220511319 -0.0027553814330346107 -0.019712426521115801
leaf_weight=1635.3778712972999 444.62271751835942 208.59075981378555 176.72262039780617 400.94877487048507 1302.4540259055793 730.98371918126941 1345.0568673498929 191.06537352129817 1922.3579176701605 379.70624583959579 1217.5662035979331 3351.054252423346 245.38420332223177 379.5231417119503 302.50211563706398 3646.1350256577134 445.86721486970782 242.81113930791616 3883.1548595130444 356.23584695905447 1428.4401989653707 665.20935100317001 1942.3494652807713 2936.818117659539 2397.7644713297486 140.30471017956734 1051.0789222195745 191.83435268327594 1614.6912092082202 5174.623407676816 4692.3762132972479 2607.5342808961868 2551.7984263524413 60.102699164301157 345.7341760545969 392.42797078192234 13.586086213588713 660.12399061024189 104.36286224424839 10.269775450229643 1255.686604693532 120.26328419521451 502.16568140685558 146.30564986914396 404.08666121214628 461.60831505805254 25.642596118152142 1450.0909348987043 3829.3228474147618 503.6748903542757 699.90539056807756 387.00543277710676 405.08313351497054 470.46224616467953 896.45623169839382 171.89852020889521 495.39754264056683 182.78229420632124 247.43120906874537 166.12552201002836 78.28220384567976 289.56301721930504
leaf_count=44095 5012 2903 766 12204 17724 12805 8132 1093 11233 1685 24215 14790 1077 1699 2335 15934 6273 1045 19095 1586 7355 3836 10107 16372 11159 667 6705 3221 7438 22746 21210 12427 24635 407 1506 1737 60 2950 463 54 8605 796 2200 638 6807 7899 359 8685 23397 2590 3971 1903 2056 13425 5654 1037 2211 887 2686 2579 426 1608
internal_value=-6.06282e-05 0.00156055 0.00318258 -0.0149024 -0.00383423 -0.0116808 -0.00315841 -0.00666894 0.000644129 0.00531159 -0.00987971 0.00438287 0.00380261 0.0060274 -0.0125137 0.000632349 -0.00629298 0.00680181 0.00971727 0.00102102 0.00162966 0.00230748 0.00058064 -0.000914889 -0.00234156 -0.00537945 -0.000522719 -0.00310132 0.0055232 0.00720995 0.00760477 0.00676199 -0.0098399 -0.0250008 0.00335089 0.00232249 -0.009187 0.0104745 0.0119229 -0.00496243 -0.00494398 0.00027124 0.0137139 0.00897667 -0.00823068 -0.011478 0.00498619 0.00169282 0.00145562 -0.00461275 -0.0083863 0.00150108 0.00530395 -0.0155534 -0.00396886 0.00347762 0.0132002 0.00518418 0.00336551 -0.000845331 0.0175466 -0.0176094
internal_weight=64978.8 58580.9 45039.4 6397.93 13541.4 4762.56 13096.8 5615.67 20544.9 24494.6 4361.61 20231.7 18806.7 11057.8 571.196 7748.94 2673.58 10355.2 4262.86 19973.7 18026.8 16104.5 10478.6 7959.31 6530.87 702.61 7481.15 1942.6 5625.84 10112.4 9867 4960.63 3854.25 268.693 4397.88 4052.15 406.014 2353.1 1424.95 4133.11 2306.77 1761.42 1320.59 818.426 1083.17 865.695 217.477 1641.16 5174.38 1946.82 1203.58 743.241 2519.33 1688.03 3833.27 2114.25 641.703 323.087 859.424 611.993 738.406 299.833
internal_count=461175 324607 219823 136568 104784 92473 99772 52933 109407 110416 80269 89636 83358 49331 5645 34027 42629 46078 20780 103762 93712 82479 55402 42202 34847 3253 46839 29824 27077 45033 43956 23241 42359 3310 19237 17731 1797 10814 6278 23688 15310 10574 5815 3615 18286 14706 3580 9778 31529 10050 6561 3489 13200 37640 22026 11144 2849 1554 11538 8852 3376 1662
cat_boundaries=0 1 2 3 4 5
cat_threshold=1184 160064 131568 11372 138240
is_linear=0
shrinkage=0.035


Tree=72
num_leaves=63
num_cat=7
split_feature=50 2 45 0 40 16 13 32 15 32 26 45 29 22 47 42 29 48 26 13 26 51 17 41 1 47 48 16 29 26 46 8 29 26 26 2 16 46 16 22 40 4 0 47 41 22 3 8 32 26 23 27 49 23 16 16 49 40 16 22 22 19
split_gain=1204.24 392.581 169.796 153.819 133.669 113.719 109.141 97.541 75.3378 70.8904 69.9827 69.4202 66.2995 61.5384 56.4178 61.8937 57.9745 56.0605 55.8248 51.1668 49.7863 48.1136 47.8113 48.1543 47.0615 46.0091 44.2707 46.3461 49.8342 49.259 49.0016 75.4233 44.1586 42.0037 51.2358 42.5129 44.4332 41.5401 38.7348 37.7299 60.5851 37.7932 37.6295 36.0835 35.6866 35.3857 54.483 35.1876 35.1375 50.968 35.9623 35.0596 34.896 34.2811 33.9565 33.598 31.6428 34.4651 31.2786 30.1062 29.9012 31.0745
threshold=0.13416407864997237 190.17000000000004 2.4142857142857146 1.7066666666666672 1.0000000180025095e-35 0 0.89181286549707617 691.38000000000022 0.92871901442852545 1490.1450000000002 100.50000000000001 6.7083333333333348 23.500000000000004 1.5000000000000002 1912.3200000000004 3.5000000000000004 207.50000000000003 3.5000000000000004 35.500000000000007 0.21980676328502416 192.50000000000003 78.60028339309909 1.0000000180025095e-35 13582.080000000002 2439.2500000000005 230.97000000000006 11.500000000000002 1 333.50000000000006 161.50000000000003 10379.070000000002 26.500000000000004 23.500000000000004 366.50000000000006 345.50000000000006 546.75000000000011 2 3.2500000000000004 3 35.500000000000007 5906.9400000000014 35.32500000000001 356.46000000000015 694.56000000000006 2870.6550000000002 41.500000000000007 225.50000000000003 15.500000000000002 4190.1600000000008 21.500000000000004 -1.0000000180025095e-35 13483.800000000001 14.500000000000002 -1.0000000180025095e-35 4 5 6.5000000000000009 1850.5600000000002 6 42.500000000000007 20.500000000000004 813.60750000000019
decision_type=8 10 10 10 10 9 10 10 8 10 2 10 2 2 10 2 2 2 2 10 2 10 8 10 8 10 2 9 2 2 10 2 2 2 2 10 9 8 9 2 10 10 10 10 10 2 2 2 8 2 2 10 10 2 9 9 10 10 9 2 2 10
left_child=3 2 7 59 -5 25 9 13 26 22 42 17 -4 55 15 16 37 -6 -18 -14 -19 48 -7 33 51 32 27 -8 29 -29 39 -32 -3 34 35 36 -24 -15 -11 40 -31 -41 -9 -17 -37 46 -46 -12 50 -50 -21 -10 -13 58 -39 -2 57 -30 -51 -1 -38 -62
right_child=1 5 12 4 11 6 8 10 24 38 47 52 19 14 -16 43 18 20 -20 21 -22 -23 23 -25 -26 -27 -28 28 56 30 31 -33 -34 -35 -36 44 60 54 -40 41 -42 -43 -44 -45 45 -47 -48 -49 49 53 -52 -53 -54 -55 -56 -57 -58 -59 -60 -61 61 -63
leaf_value=-0.026909776846120941 -0.030072392302988072 -0.025540854778928219 -0.019376871271083548 -0.031012800912572067 -0.014427413651192527 -0.013820294627037022 0.013812002351048621 -0.0064386862322176261 0.001267645559215185 0.00037080238670174516 -0.004595560624268088 -0.01207503727563692 -0.012066114028366394 -0.011570971443988191 -0.018443693864748978 0.0057503554014053868 -0.0070582912909574374 0.002193146565677448 0.0038650267429401917 -0.012231135932574235 -0.0090569957638719032 -0.017879694280000781 0.010215643442594697 -0.008731374511073817 0.0074104874328337145 -0.011146064610450588 0.017481153504798265 0.012303028838426669 -0.01849301341374927 0.0029889884432098279 -0.072065194752499839 0.02779287048215591 0.0017035516453687222 -0.0052175182865893512 0.013252099499472212 0.0044539531927030697 -0.0031713692095073276 -0.0062326341117693385 -0.0089880602642283709 0.0024050935248320893 -0.027828586885554847 0.011414169593216176 0.013558821908906223 -0.0042443879053354764 0.0077811436184077962 0.015552874981285266 -0.026325559733352839 -0.016593288789900552 -0.017909618930129163 0.01195209783408108 -0.0028467460151934852 -0.022391681862073253 -0.023425870720747262 0.0071909187160941763 0.00024761120605126363 -0.0061982773064575818 -0.010323742752348906 0.0094793554777951785 -0.0044572787881441553 -0.016053452774976294 0.0038223862224467326 -0.0045206842206625356
leaf_weight=1163.1290682032704 72.979231998324394 76.921437028795481 475.10708927363157 389.45853515900671 721.80156800150871 191.86804319173098 1424.9812890812755 226.24090158939362 2960.8383680582047 1501.2308030202985 474.60519754327834 1204.3267954997718 1249.4599445909262 567.76008552312851 176.85852794349194 4252.3295635581017 652.74284352362156 1042.742060508579 4650.4901487492025 791.54548517987132 894.37411399185658 288.85309710726142 665.52003607153893 370.91349401324987 2161.3394362032413 740.50461802631617 663.96375423669815 1997.2575962543488 64.129807263612747 1158.5440621525049 22.962825879454613 14.406955763697622 1124.9777287207544 579.89215513318777 755.51129513978958 6247.7848982810974 1689.6305137500167 1367.4449523463845 838.42847698926926 864.3128452450037 82.793701961636543 1680.1602056920528 233.07416450232267 493.14296054840088 669.63025552779436 791.78340081125498 61.766457438468933 815.06383497826755 177.02172903344035 154.90017919242382 1358.598498173058 77.766358822584152 460.23243599943817 805.55116911605 3524.7467879056931 698.46223428100348 312.19550347328186 314.53449533879757 1007.8126317486167 436.1036064773798 3219.9288928955793 657.83747586607933
leaf_count=32504 694 376 5929 12204 12805 1956 6895 1385 12782 7223 3258 24215 15712 5299 1019 19262 4552 14126 24526 8607 15698 2619 2979 1977 9637 3633 3345 9370 267 5271 120 80 5357 3140 3337 27973 8372 8481 4054 3789 368 8496 1002 2235 3079 3442 315 6278 1860 1161 12710 339 13425 5606 19982 4556 1376 1422 8577 11591 15525 3002
internal_value=-5.95784e-05 0.00150767 -0.00186814 -0.0145823 -0.0113953 0.00394281 0.00444061 -0.000153337 0.00679046 0.00266508 -0.00800934 -0.00962142 -0.00681586 0.000682006 0.00115687 0.00138157 -8.66887e-05 -0.00610864 0.00251946 -0.00578973 -0.00300308 -0.00407682 0.00350198 0.0037144 0.00346376 -0.00426787 0.00880123 0.00807294 0.00678341 0.0078486 0.00551897 -0.0338465 -5.98711e-05 0.0040159 0.00437901 0.00389939 0.00174573 -0.00261803 -0.00302221 0.00591638 0.000912798 0.00835609 0.00371623 0.00471104 0.00562635 0.0104292 0.00486882 -0.012185 -0.00314468 2.48177e-05 -0.00630556 0.00065497 -0.0152256 0.00164608 -0.00157685 -0.00896236 -0.00209108 0.00470578 -0.00219837 -0.0239612 0.000711965 0.00240624
internal_weight=64811.3 58499.1 24514.8 6312.17 4712.94 33984.3 32041.9 18205.9 13800.2 18241.7 1748.98 4323.48 6308.85 16457 15685.5 15508.7 10763.2 2658.92 5303.23 5833.74 1937.12 4584.28 15902.1 15710.2 5199.94 1942.4 8600.24 7936.28 6511.3 5820.44 3823.18 37.3698 1201.9 15339.3 14759.4 14003.9 6232.92 5459.95 2339.66 3785.81 1241.34 2544.47 459.315 4745.47 7770.97 1523.18 731.397 1289.67 4295.43 2145.29 2150.14 3038.6 1664.56 1968.26 4892.19 771.441 690.86 378.664 1162.71 1599.23 5567.4 3877.77
internal_count=461175 324607 165310 136568 92473 159297 149931 102529 63557 86374 11923 80269 62781 90606 85356 84337 62840 42629 29078 56852 29824 41140 75097 73141 22758 9366 40799 37454 30559 27494 18124 200 5733 71164 68024 64687 29878 33762 11277 17924 5639 12285 2387 21497 34809 6836 3394 9536 38521 17204 21317 13121 37640 15344 28463 5250 3065 1689 9738 44095 26899 18527
cat_boundaries=0 1 2 3 4 5 6 7
cat_threshold=75797 5248 1192 136448 88068 16642 1145
is_linear=0
shrinkage=0.035


Tree=73
num_leaves=63
num_cat=8
split_feature=50 4 2 0 40 21 27 16 14 48 16 14 45 46 44 26 23 40 26 48 14 26 8 45 17 16 17 47 52 27 48 17 40 16 0 16 18 27 29 32 16 23 18 26 16 14 8 32 2 16 46 0 37 17 49 29 23 50 41 26 23 32
split_gain=1135.88 371.394 175.846 150.209 130.877 112.238 102.857 75.6559 70.6029 69.5615 71.0028 67.7246 69.2139 62.9389 79.189 62.831 57.6287 60.3287 56.2681 56.2482 54.7632 61.8575 51.8838 55.3652 51.4486 54.722 50.3056 56.9339 50.5094 50.0512 47.4906 47.3433 46.4081 46.1865 45.9271 57.5734 50.4466 43.4344 41.8452 43.8714 40.0278 40.3484 38.5117 37.1061 36.6517 35.9754 58.8175 34.3035 33.4163 31.9947 30.4344 29.7202 29.7066 29.5969 29.0881 28.8718 32.7256 38.2775 28.3666 29.3824 58.691 37.7871
threshold=0.13416407864997237 3.8550000000000009 4.330000000000001 1.7066666666666672 1.0000000180025095e-35 30.245000000000005 1.0000000180025095e-35 0 20.500000000000004 3.5000000000000004 1 16.000000000000004 6.7083333333333348 396.17000000000007 100.89000000000001 314.50000000000006 0.25000000000000011 2134.0800000000004 122.00000000000001 11.500000000000002 18.000000000000004 314.50000000000006 10.500000000000002 2.7638888888888893 3465.6300000000006 2 466.19500000000005 3770.1000000000004 3.5000000000000004 8579.9700000000012 6.5000000000000009 54.060000000000009 5953.800000000002 3 123.66333333333336 4 3967.8604166666678 13483.800000000001 333.50000000000006 178.53000000000003 5 0.93301270189221952 13915.875000000002 21.500000000000004 6 21.500000000000004 15.500000000000002 2016.3600000000001 3409.9200000000005 7 167.97000000000003 470.67000000000007 6024.3300000000008 2253.6900000000001 19.500000000000004 115.50000000000001 0.25000000000000011 216.25735548832034 1023.075 131.50000000000003 0.68301270189221941 inf
decision_type=8 8 10 10 10 10 10 9 2 2 9 2 10 8 8 2 2 8 2 2 2 2 2 10 10 9 10 8 2 10 2 8 10 9 10 9 10 10 2 10 9 2 10 2 9 2 2 10 8 9 10 8 10 8 8 2 2 8 8 2 2 8
left_child=3 2 22 -1 -5 8 7 18 9 10 -3 -6 34 14 20 26 -11 40 -4 24 -8 42 23 -2 25 -7 31 28 -28 -26 45 -10 33 -15 35 -13 -36 51 39 48 -18 -42 43 -22 -23 46 -16 -35 -27 -45 -9 -19 -12 -39 -47 -29 57 -57 -30 60 -60 -61
right_child=1 5 6 4 11 19 13 50 15 16 52 12 -14 32 30 -17 17 37 -20 -21 21 44 -24 -25 29 38 27 55 58 -31 -32 -33 -34 47 36 -37 -38 53 -40 -41 41 -43 -44 49 -46 54 -48 -49 -50 -51 -52 -53 -54 -55 -56 56 -58 -59 59 61 -62 -63
leaf_value=-0.023649513229875664 -0.00030000651145715084 0.0024765787847440103 0.0023506203182602015 -0.030823375545179211 -0.027377118400897096 0.0074732641983807366 -0.0093314623227835486 -0.01082193341366269 -0.00018373482624484377 -0.0024962733060212719 -0.013916317906974299 -0.019980948505425835 -0.014088162587749128 -0.0069832505889186334 0.0004215476519498057 0.01140584019697435 0.0094961609905591642 0.0068861229729780321 -0.035294682119008158 0.015319011623466558 -0.010193775574542773 0.016079596261597977 -0.0123704773979994 -0.011270841954475875 0.010602289627758032 0.0029833514242200501 -0.009378221694472156 0.013238442582809939 -0.0074487895874662119 0.002219298895955991 -0.0093976309464974487 0.010643867576421665 -0.0042363479022844647 0.0049446580179476913 0.0087950268505764453 -0.0043856212535694642 -0.010641583076405668 -0.047446383795981033 -0.012113901115944768 -0.0062094864414774841 0.0061131148825074267 -0.0073621080738960516 -0.024084182121857589 -0.0028057176030533717 -0.001745241435274569 0.0090871374496820628 -0.011477480879967616 -0.0030052474618778133 0.018734470353877979 0.0024368085147174552 0.0072750769701171699 0.016693075554725545 -0.0019996723409418976 -0.0022568595429981728 -0.0059850618948195586 0.0063621780015915086 0.010148902609173175 -0.0040430696419777902 0.018456920144068797 -0.0057270814485857278 0.0018288668531651808 0.0033230353124868461
leaf_weight=1564.2861386053264 1446.8213611915708 836.94897419959307 61.41166079044342 378.33993027731776 240.55509564466774 2552.6329013332725 641.25794351473451 298.40742450207472 683.81633525341749 2144.6336929760873 938.85797969251871 363.61263196542859 1552.8964319676161 480.91894144564867 1225.2317403033376 1319.8023435175419 408.42491039633751 904.14507409930229 230.66292318329215 895.56406091153622 369.20271076634526 502.09516429156065 1872.8870398402214 922.03366446122527 3891.4916232004762 1692.4851134717464 666.71050232648849 513.8045114800334 435.05487778782845 1125.3290857598186 1845.5324059054255 1787.2698579803109 1106.5653900131583 6483.0200629383326 509.57795099914074 1380.497209418565 239.72907542437315 22.321510449051857 292.78236160427332 620.4253326356411 400.9120094627142 842.90754982829094 76.992846105247736 1881.2415199689567 199.74021234363317 510.69987160712481 869.30927552655339 740.19708358496428 181.90733031928539 5793.7933936044574 182.79586732015014 653.3971748650074 352.83909702673554 74.839354887604713 225.37401467934251 920.40274798125029 767.19703710824251 816.26055435091257 347.54872772097588 959.69983460754156 1024.9520244784653 1371.6915229782462
leaf_count=44095 11088 3935 455 12204 5532 11953 4999 2786 3345 10078 4756 6568 35281 2428 7453 6135 1841 3947 3348 4337 2810 2989 20365 13115 18459 7487 3087 2258 2102 5257 12730 8114 5869 29989 5991 23778 3119 97 1286 2705 1758 3735 537 12222 1371 2603 5450 3510 956 34990 1370 2929 1673 314 1279 4044 3328 3612 1548 4837 4715 6223
internal_value=-5.85947e-05 0.00145661 -0.00145533 -0.0142644 -0.0111131 0.00413124 -0.000281681 -0.0128285 0.00250396 -0.000123584 -0.00548773 -0.00936678 -0.00828956 0.00014159 -0.00130515 0.00421874 0.00197154 0.00486891 -0.0264943 0.00690654 0.000535986 0.00125413 -0.00801807 -0.00457316 0.00617771 0.00378565 0.00329629 0.00192073 -0.000445436 0.00872271 -0.00503085 0.00764872 0.00246338 0.0034261 -0.00467399 -0.00778615 0.00257069 0.00959059 0.000379243 0.00185118 0.000137259 -0.00299326 0.000392 0.000629231 0.0112154 -0.00218145 -0.00452009 0.00412398 0.00452115 0.00115112 -0.00386637 0.0110083 -0.0105834 -0.0130162 0.00447041 0.00568776 0.00413366 0.00147203 0.000995395 0.00198898 0.00604984 -0.000403236
internal_weight=64642.7 58413.2 27966.2 6229.49 4665.21 30447.1 23724.5 773.278 19194.4 7580.23 2128.65 4286.87 4046.31 22951.2 14140.5 11614.2 5451.58 3306.95 292.075 11252.6 9464.32 8823.07 4241.74 2368.86 10357.1 5340.23 10294.4 7823.32 4805.66 5016.82 4676.15 2471.09 8810.7 7704.14 2493.42 1744.11 749.307 1654.7 2787.6 2494.82 1652.24 1243.82 8121.23 8044.24 701.835 2830.61 2094.54 7223.22 1874.39 7675.03 481.203 1557.54 1291.7 97.1609 736.074 3017.66 2503.86 1736.66 4138.95 3703.89 1372.5 2331.39
internal_count=461175 324607 183756 136568 92473 140851 139188 7959 88411 35063 10364 80269 74737 131229 89433 53348 24699 14621 3803 52440 59918 54919 44568 24203 48103 24387 47213 35754 22512 23716 29515 11459 41796 35927 39456 30346 9110 7287 12434 11148 7334 5493 50559 50022 4360 16785 12903 33499 8443 47212 4156 6876 6429 411 3882 13242 10984 7656 19425 17323 6263 11060
cat_boundaries=0 1 2 3 4 5 6 7 8
cat_threshold=160000 21744 13744 10288 20488 2208 136520 22533
is_linear=0
shrinkage=0.035


Tree=74
num_leaves=63
num_cat=7
split_feature=13 2 52 46 8 24 22 16 22 16 26 14 26 26 29 22 3 22 32 22 3 26 46 40 2 12 16 1 41 8 18 44 23 39 37 16 14 16 3 17 17 11 47 16 22 49 41 40 8 22 29 3 7 40 2 18 22 43 3 16 46 19
split_gain=1076.12 303.777 231.089 153.338 106.451 102.111 99.2016 179.18 88.5751 83.7639 87.4795 98.0609 102.23 109.302 81.5914 78.1648 77.517 77.0525 75.2235 73.6189 118.568 73.1841 70.4502 69.0397 67.5499 66.4059 65.0614 61.3783 60.3571 56.6379 53.682 50.5367 50.169 49.5881 48.7736 63.6161 48.038 47.5237 47.1051 45.644 52.6011 44.8529 44.6266 44.5948 66.8691 44.1411 44.0709 41.3363 52.2504 39.8546 39.3867 38.772 38.6041 38.4784 38.3629 37.4855 56.4334 36.9372 36.3294 36.1898 47.1677 63.6571
threshold=0.31909090909090915 392.49000000000012 11.500000000000002 9.1900000000000013 14.500000000000002 12.500000000000002 13.500000000000002 0 4.5000000000000009 1 51.000000000000007 19.500000000000004 299.50000000000006 131.50000000000003 272.50000000000006 1.5000000000000002 241.50000000000003 28.500000000000004 1331.5200000000002 39.500000000000007 61.500000000000007 177.00000000000003 120.46000000000002 2562.3050000000007 0.38000000000000006 478.65000000000003 2 10502.730000000001 11422.5 17.500000000000004 12759.216000000002 64.845000000000013 0.25000000000000011 145.17000000000004 4153.5000000000009 3 19.500000000000004 4 11.500000000000002 7268.7600000000011 3112.5600000000009 911.22000000000014 2282.1300000000006 5 7.5000000000000009 13.500000000000002 1672.9400000000003 11679.09 6.5000000000000009 105.50000000000001 241.50000000000003 75.500000000000014 0.82575757575757591 3586.5599999999999 2356.0900000000006 3744.8250000000003 32.500000000000007 9.5000000000000018 41.500000000000007 6 682.94000000000017 439.41500000000008
decision_type=8 10 2 8 2 8 2 9 2 9 2 2 2 2 2 2 2 2 10 2 2 2 8 10 10 10 9 10 8 2 10 8 2 10 10 9 2 9 2 10 10 10 10 9 2 10 10 10 2 2 2 2 10 10 10 10 2 2 2 9 8 10
left_child=2 3 24 21 15 36 7 32 46 -8 53 -12 13 14 25 -5 22 -16 19 20 54 50 31 41 -1 -13 -20 30 45 -23 33 -6 -3 -21 35 -17 -4 -25 -34 40 -22 -10 59 -26 -45 -18 51 48 -36 58 -2 -9 -38 -11 -15 -46 -57 -47 -49 -24 61 -61
right_child=1 6 5 4 16 -7 9 8 23 10 11 12 -14 18 17 34 28 -19 26 27 39 29 42 37 43 -27 -28 -29 -30 -31 -32 -33 38 -35 47 -37 52 -39 -40 -41 -42 -43 -44 44 55 57 -48 49 -50 -51 -52 -53 -54 -55 -56 56 -58 -59 -60 60 -62 -63
leaf_value=-0.013456709751345096 0.0034396641193029992 0.016200412527752714 -0.029788676526033651 -0.009385200502245802 -0.003566659465842247 -0.025066930467662934 0.014520805569743622 -0.010643675874993411 0.00022878439085941989 -0.0047066020107432455 -0.00074632762932203261 0.0030556627070677735 0.015520597280483181 0.0044122893989643249 -0.0027893956488316035 0.0058022886406248822 0.014916731355986312 0.011995981163887216 -0.014351207063865362 0.0074806562836417477 -0.012198263283119206 -0.0090687912499830634 0.005882513220305273 0.00069687945557726403 0.0018924920856922202 0.021531624491202727 0.0033235178536519805 -0.050248509824631117 -0.013703090567226576 -0.025370913956351666 -0.0085099899465623432 -0.012586785065745083 -0.0020992883545926525 0.017199328083385566 0.015838418039292274 -7.3818674543586459e-06 -0.017289141816884134 -0.020163458257205381 0.018481113281495171 -0.02462592004139294 0.0043845525576616841 0.013601216113765496 -0.014934163914931962 -0.016189830897236322 0.00035329390623008145 -0.0052594279447377035 -0.029090457189857057 0.040380479592414448 0.0051567171700463493 0.023051414329172383 -0.0061608658378328992 0.032628272590563327 -0.008590859085975705 0.0041614213357224813 0.018287562435498651 -0.022529976063663807 -0.0040509536209150125 0.017156345384770445 -0.013790134264889432 0.00082564946182070106 0.0054933660381741673 -0.0084031113729613402
leaf_weight=1201.562353765592 869.96989338472486 964.96543751657009 200.34408502280712 676.05794042348862 1624.3665523547679 1329.3258868567646 1324.0994688011706 583.55697873048484 3250.3178692683578 1347.7654237560928 2010.5748372972012 300.14876227080822 1713.5161520689726 1175.1940039992332 671.1468548104167 3194.8438502252102 620.83160012587905 1207.9832875393331 466.90851285681129 2585.7171799242496 525.29967799037695 1667.985976325348 892.97026518173516 231.77563636004925 1133.1296060625464 1162.3829189315438 543.78936125710607 20.663358628749847 167.36142940446734 309.19354856014252 204.78145057708025 1432.2207141853869 480.71906399726868 856.78412415832281 698.11828984692693 8261.9006674066186 1033.5689076911658 321.04887277260423 189.02523915469646 166.92980357259512 421.6499992609024 338.3429751470685 275.39209475368261 652.05363672412932 1348.6171414405107 341.38640451431274 166.23560669459403 15.121060058474539 2849.9049334339797 49.377403616905212 1311.4167411457747 25.560839561745524 1590.2006630860269 1077.7911060415208 307.46286800503731 260.76522935181856 896.28049535676837 121.1905530244112 266.61129269376397 1939.59264463 878.58173356764019 1732.9316312223673
leaf_count=23022 6214 4428 4117 4886 10397 41938 6268 3263 14438 5900 9346 1294 7989 5103 2898 16243 2934 5507 2113 11829 2315 17560 4230 1082 12264 5305 2559 105 1087 4838 919 11336 2176 4387 3539 42465 22855 1580 832 784 1945 1649 1417 8911 13888 2533 1783 85 15309 251 12996 193 22931 4929 1488 2979 10048 528 1512 10071 4027 9357
internal_value=-5.74453e-05 0.00183884 -0.0108375 -0.000514345 0.000482454 -0.0170665 0.00472242 0.00103208 -0.00231073 0.00605875 0.00537778 0.00642065 0.00758925 0.00630782 0.011547 0.0022533 -0.00234537 0.00671659 0.00390008 0.00532958 0.000819432 -0.0067544 -0.00350723 -0.000281652 -0.00612474 0.0177446 -0.00495673 0.00852122 0.00580315 -0.0116297 0.00886786 -0.00779594 0.0110285 0.00990377 0.00276694 0.00161813 -0.013293 -0.0117836 0.00372811 -0.00780554 -0.00481757 0.00149299 -0.0012143 -0.00406892 -0.00619444 0.00882627 -0.0131643 0.00615857 0.00726235 -0.00565521 -0.00233221 -0.00877732 -0.0120226 -0.000766023 0.00730003 -0.00361261 -0.00823146 0.000637622 -0.0107502 -0.000517658 -0.00178345 -0.00353017
internal_weight=64485.3 54839.5 9645.85 30197.3 26038.8 4153.44 24642.1 6551.55 4916.84 18090.6 16766.5 14340.9 12330.4 10616.8 3341.66 16011.9 10026.8 1879.13 7275.18 6264.48 2596.54 4158.57 8776.06 4141.49 5492.41 1462.53 1010.7 3667.95 1250.77 1977.18 3647.28 3056.59 1634.71 3442.5 15335.9 11456.7 2824.11 552.825 669.744 1113.88 946.95 3588.66 5719.47 4290.85 3157.72 1083.41 775.353 3879.13 3548.02 331.11 2181.39 609.118 2623.77 2425.56 1482.66 2505.66 1157.05 462.577 281.732 5444.08 4551.11 3672.52
internal_count=461175 298222 162953 183815 142207 91841 114407 31424 23988 82983 76715 65886 56540 48551 15004 84290 57917 8405 33547 28875 11635 41608 50835 18749 71112 6599 4672 17240 7082 22398 17135 21733 7436 16216 79404 58708 49903 2662 3008 5044 4260 16087 29102 48090 35826 5995 5239 20696 18848 1848 19210 3456 45786 10829 6591 26915 13027 3061 1597 27685 23455 19428
cat_boundaries=0 1 2 3 4 5 6 7
cat_threshold=1160 4224 16384 132336 4096 136301 9417
is_linear=0
shrinkage=0.035


Tree=75
num_leaves=63
num_cat=5
split_feature=50 46 4 0 14 17 42 47 22 16 26 16 21 0 18 44 2 14 26 26 29 32 17 16 27 16 7 41 18 29 23 35 23 14 49 22 32 49 22 13 3 2 11 18 35 41 35 13 12 11 46 18 22 22 2 18 22 44 43 47 16 35
split_gain=1015.86 333.433 155.894 144.843 135.212 109.129 84.4968 85.8141 75.9693 71.9378 101.072 65.1311 64.827 64.6462 89.6466 54.0658 50.3429 50.0465 95.4263 72.2264 149.186 66.9919 47.1036 46.3568 45.8019 44.4415 44.2872 44.2453 44.1115 42.9563 47.7841 41.6275 39.8101 39.3823 38.7586 42.4318 38.5756 41.4292 38.2591 36.5539 36.8997 36.5365 36.2615 35.5442 35.4211 34.2562 33.1663 33.014 32.4864 32.2337 31.6562 31.5777 31.062 30.741 30.6414 34.7379 29.7214 29.153 28.9603 28.643 28.6057 28.063
threshold=0.13416407864997237 64.280000000000015 14.445000000000002 1.7066666666666672 16.000000000000004 1.0000000180025095e-35 1.5000000000000002 inf 1.5000000000000002 0 91.000000000000014 1 10.120000000000003 97.89666666666669 3967.8604166666678 73.710000000000022 2100.0600000000004 19.500000000000004 314.50000000000006 131.50000000000003 272.50000000000006 490.41000000000008 4352.5350000000008 2 8178.9300000000003 3 0.78888888888888908 1281.7200000000003 415.82791666666674 272.50000000000006 -0.6830127018922193 8.5000000000000018 0.68301270189221941 19.500000000000004 13.500000000000002 43.500000000000007 inf 4.5000000000000009 24.500000000000004 0.14907407407407411 22.500000000000004 905.94000000000017 162.89000000000004 51.391333333333343 10.500000000000002 18738.880000000001 8.5000000000000018 0.82085561497326209 1604.0000000000002 2116.2600000000007 396.17000000000007 6812.7000000000016 42.500000000000007 34.500000000000007 6.3350000000000017 13915.875000000002 8.5000000000000018 45.005000000000003 2.5000000000000004 6297.0300000000007 4 15.500000000000002
decision_type=8 8 8 10 2 10 2 8 2 9 2 9 10 10 10 10 10 2 2 2 2 10 10 9 10 9 10 8 10 2 2 2 2 2 10 2 8 10 2 10 2 10 8 10 2 8 2 8 10 10 10 10 2 2 10 10 2 8 2 10 9 2
left_child=3 4 8 52 -2 60 7 26 9 10 48 17 -4 15 58 39 22 -10 19 20 38 27 25 46 -24 28 -6 -21 -14 30 -27 -31 49 -32 35 51 37 -34 -19 40 57 -23 45 -13 -25 -9 -8 -38 -3 -22 -40 -20 -1 -16 -29 59 -18 -7 -15 -56 -5 -39
right_child=1 2 12 5 6 13 23 42 11 -11 -12 43 16 14 53 -17 56 18 34 21 32 41 24 44 -26 29 -28 54 -30 31 33 -33 36 -35 -36 -37 47 61 50 -41 -42 -43 -44 -45 -46 -47 -48 -49 -50 -51 -52 -53 -54 -55 55 -57 -58 -59 -60 -61 -62 -63
leaf_value=-0.0261913661628475 -0.022831345787267573 -0.003075130292539962 0.0027766136491372611 -0.0086260724896677025 -0.014448320501391403 -0.0056749632920168021 0.0061534092950279061 0.015484615393679464 -0.0044616485618903844 -0.0016516987231542403 -0.032594523912493005 -0.0033955489123553393 0.020771847521503562 0.00063161937099670258 -0.023750776859149249 -0.018584154359205667 -0.003824529432695704 0.0066303076745791514 0.009829894696566999 -0.0095886975134952986 -0.008924426073724975 -0.010964704527912206 0.011254391925075118 0.00017633661438221996 0.002369333475038057 -0.00040650017660032059 -0.0064030302715896515 -0.010916249955526803 -0.019793553231751061 0.013031595916426211 -0.00064510766387179761 -0.0038498257716782979 -0.020149742859410749 0.0097090182145860276 4.6132591956749709e-05 0.022693718087481558 0.0075892079113388713 0.003125174297768543 0.010830932144397306 -0.0025606964715556126 -0.015569231516972898 0.00077561878863926853 -0.018359690128694692 0.0094139005497180968 -0.0085673976175062085 -0.00022096320635282796 -0.00023285735513175356 -0.0013000891162811676 0.042110023115537326 0.050278764551535869 0.024715490530316259 -0.015334057466095933 -0.014859133384713749 -0.0056162097081251892 0.0018917115490809119 -0.012043248576213268 0.012187431746856886 0.029547909478881994 0.015243267695706168 -0.021342838838647644 -0.029384823844259413 -0.0047540091886077189
leaf_weight=1091.0419551953673 427.14106325805187 74.731791168451309 9266.5834699720144 137.44191397167742 1259.8133571743965 112.47750239633024 1347.0728027634323 191.78194715827703 2069.3655570596457 730.88165637850761 262.12410626001656 315.2208499237895 299.00498168170452 645.40322676673532 229.37263640016317 912.27103876881301 151.05193892121315 1683.4354386776686 1003.938447277993 568.94451193511486 731.88619566336274 1274.9346453249454 2533.6578773111105 1046.8232537899166 988.54131453484297 1395.1869715824723 2510.77868440561 270.45776260644197 36.078742846846581 202.81243148446083 568.0691269338131 1465.7813740521669 149.14917787909508 2161.8505978509784 466.08189135044813 328.26226449012756 1308.2299783155322 1018.472951810807 593.30382896959782 802.52434900961816 821.36635317839682 435.39323093742132 118.31226363405585 1661.9266105815768 1238.5326998494565 1447.2966833226383 3816.0695065911859 839.85407513380051 25.312895379960537 10.460454925894735 305.95848732441664 64.16559562087059 413.48757554218173 229.29147260263562 5801.4861982762814 235.74460251256824 2266.5508033484221 37.584341423586011 222.82349509000778 64.737246975302696 424.27825552597642 1211.2287282533944
leaf_count=32504 5012 459 40779 3706 17724 2630 8132 1093 11843 4752 3214 1609 1366 10252 4057 19522 715 7550 4806 3226 4128 7564 11793 6705 4482 6294 24635 2166 164 889 2514 6408 856 9835 2625 1507 6134 5420 2601 14331 19168 2079 796 7753 8605 8685 23397 3560 143 51 1329 365 11591 3465 29061 1440 11949 474 2325 309 12543 6085
internal_value=-5.61841e-05 0.00136492 0.00281275 -0.0136693 -0.00347854 -0.0105671 -0.0028398 -0.00611777 0.000846575 -0.00815924 -0.0206375 0.00128613 0.0049788 -0.00854043 -0.00221766 -0.0116616 0.00666933 0.000696741 0.00127854 0.000430801 0.00286107 -0.0017749 0.00553689 -0.000406523 0.00876209 0.00368225 -0.0090942 -0.000245722 0.0158856 0.00294135 0.00486282 -0.00179136 -0.000516845 0.00755498 0.00878636 0.0117016 0.000715657 -0.00235409 0.0097503 -0.00809322 -0.0126565 -0.0079773 0.000269905 0.0073339 -0.00454407 0.001625 0.00143143 0.0041147 0.00866103 -0.00802367 0.0155771 0.00830526 -0.0230889 -0.014717 0.000589814 0.0011015 0.0111858 0.00328412 0.00439481 0.00163171 -0.0250054 -0.0011552
internal_weight=64323.8 58244.5 44840.9 6079.36 13403.6 4574.83 12976.5 5527.98 23505.7 1093.05 362.169 22412.6 21335.2 4013.11 1326.89 2686.22 12068.6 20435.5 18366.1 16503.7 7851.98 8651.7 9650.98 7448.5 3522.2 6128.78 3770.59 6941.37 335.084 5793.7 4125.11 1668.59 5269.28 2729.92 1862.45 1396.37 4526.93 2378.85 2582.7 1773.95 971.428 1710.33 1757.39 1977.15 2285.36 1639.08 5163.14 2148.08 100.045 742.347 899.262 1068.1 1504.53 458.664 6372.43 6101.97 2417.6 150.062 868.227 5866.22 561.72 2229.7
internal_count=461175 324607 219823 136568 104784 92473 99772 52933 122635 8568 3816 114067 97188 76224 20099 56125 56409 104705 92862 83559 37714 45845 43745 46839 16275 27470 42359 36202 1530 25940 18643 7297 26234 12349 9303 6678 22055 12361 11480 36603 22272 9643 10574 9362 15310 9778 31529 9694 602 4179 3930 5171 44095 7522 32976 30810 12664 3104 12577 29370 16249 11505
cat_boundaries=0 1 2 3 4 5
cat_threshold=151808 227588 131568 160 9295
is_linear=0
shrinkage=0.035


Tree=76
num_leaves=63
num_cat=6
split_feature=50 2 40 0 2 45 16 22 19 8 22 18 46 26 41 18 41 16 7 8 29 22 44 46 22 19 37 17 18 49 12 16 0 18 44 8 16 39 40 18 32 26 40 8 49 17 14 22 16 50 30 8 39 22 18 16 26 26 43 22 23 27
split_gain=957.851 313.53 147.734 136.789 118.965 112.282 89.3289 159.278 91.9101 88.9693 83.2273 79.6021 73.5094 67.037 87.108 66.5953 61.7386 60.5072 53.5107 52.797 52.0643 51.421 50.1876 50.2835 49.5159 58.7853 49.684 58.1608 49.1388 49.2651 48.0111 47.9465 47.8675 46.1465 44.3551 43.357 43.0435 42.1708 41.2872 40.9682 40.868 40.6607 39.8682 39.5609 38.2908 37.591 37.37 36.8032 37.0256 35.8313 43.9611 35.3588 34.6387 79.2969 48.0993 33.8292 33.5667 47.9692 33.2841 33.2557 32.8259 32.3695
threshold=0.13416407864997237 104.95000000000003 1.0000000180025095e-35 21.426666666666673 1678.6100000000004 2.7888888888888892 0 12.500000000000002 2202.2650000000003 14.500000000000002 8.5000000000000018 11807.703750000002 682.94000000000017 146.50000000000003 1281.7200000000003 4710.6975000000011 2681.1000000000004 1 0.6515151515151516 14.500000000000002 333.50000000000006 41.500000000000007 69.160000000000011 159.98000000000005 48.500000000000007 1147.2250000000001 7033.6800000000012 1341.7600000000004 62.220666666666666 12.500000000000002 17.380833333333339 2 104.86666666666666 765.48208333333343 20.205000000000002 29.500000000000004 3 151.29000000000005 2404.4500000000003 7120.7249999999995 1850.0400000000002 21.500000000000004 8333.6166666666686 9.5000000000000018 20.500000000000004 666.75000000000011 16.000000000000004 2.5000000000000004 4 103.50748132212028 6683.04 10.500000000000002 1728.7500000000002 40.500000000000007 16990.017142857145 5 284.50000000000006 131.50000000000003 3.5000000000000004 3.5000000000000004 -1.0000000180025095e-35 2748.4200000000005
decision_type=8 10 10 10 10 10 9 2 10 2 2 10 8 2 10 10 10 9 10 2 2 2 10 10 2 10 10 8 8 10 10 9 10 10 10 2 9 10 10 10 10 2 10 2 8 8 2 2 9 10 10 2 10 2 10 9 2 2 2 2 2 10
left_child=2 5 -1 31 6 9 28 13 11 30 33 12 24 20 38 32 -14 35 -7 -19 -8 -17 58 -24 39 26 27 -26 -3 -30 -2 -4 55 -6 36 61 -20 -13 -15 41 -18 -9 49 -43 -29 -45 -33 -32 51 50 -12 -49 53 -44 -55 -5 57 -47 -11 -16 -25 -10
right_child=1 4 3 15 10 18 7 8 17 22 42 37 16 14 59 21 40 19 34 -21 -22 -23 23 60 25 -27 -28 44 29 -31 47 46 -34 -35 -36 -37 -38 -39 -40 -41 -42 43 52 45 -46 56 -48 48 -50 -51 -52 -53 -54 54 -56 -57 -58 -59 -60 -61 -62 -63
leaf_value=-0.031153551007077684 -0.0053418011001805038 -0.0035772206342695482 -0.023664577646017641 0.010185337359832569 0.0051129888543297647 -0.016020595267084204 0.0022048833282222501 -0.010626045741337712 0.010027235753629378 -0.0082071207165202165 0.013941636913489309 -0.016496385792933273 0.0044374014394397985 -0.0033601287620015291 -0.036476401529726636 -0.025274058942310756 0.012927890992195752 0.021518299717352061 0.0027667630732435104 -0.020375686702019752 -0.014106370193357814 -0.0060697663167593808 -0.013061279262013826 -0.012543769631933719 0.018554686791391335 -0.010896900184068043 0.012098836299150859 0.003241212309465581 0.012762527524614806 0.0019591650222970311 -0.0057219537394437086 -0.030253841208041133 0.0024375691206220064 -0.011244616110711595 -0.0094224800937477773 -0.029218708857632478 -0.0091120548007497092 -0.00062899973286270952 -0.021529744315806586 -0.014645734481479399 -0.0015588145531600086 0.0062568711984169753 -0.021254722401965232 0.0068818706540085886 -0.019877059097072172 0.0013768624378394151 -0.011952515180205271 0.0021429551746502185 0.0040934644183484425 0.013553155709495288 0.0050350968235948965 -0.0063989355009400261 0.020393356595048869 0.01501571704224528 -0.011049506006539703 -0.010044426045060256 0.0034375842487553922 -0.0063774446726067935 0.0014198533131591876 -0.01551153113883608 0.0025424761184162188 -0.0051526968420623305
leaf_weight=521.43946499563754 1336.6919443458319 388.85966440290213 969.99565978720784 105.51273441500962 425.43874889053404 741.38656668737531 2158.2385196238756 358.94984567165375 330.00179129093885 617.80017250217497 948.3299957588315 351.43768791854382 5776.3286609202623 2178.8759320806712 121.58938694931567 342.78074402175844 2025.4679293781519 39.563799865543842 1050.0435483437032 421.40417187660933 268.65610317140818 341.08629294484854 1353.3872234039009 254.3334524743259 304.99391479790211 282.59861037135124 1102.3341151103377 4151.6291966959834 1861.3153274543583 716.39973860606551 732.83038859069347 149.34515639767051 992.37517221644521 417.83887660317123 1803.2113847080618 57.617627061903477 566.54740184172988 491.26912570744753 163.85669780522585 212.5286333411932 270.14964306354523 1632.3546551652253 185.94610671699047 874.0586851760745 88.67433825135231 1878.6680229380727 1571.4571579024196 1600.0830691643059 5441.2873525097966 1940.9472657218575 2390.7862344011664 942.49042076990008 93.135134100914001 262.55353992432356 128.39827944338322 1010.6692415289581 1543.3296646848321 2035.1168865934014 1521.2978878766298 395.55101451650262 572.77620886266232 357.49720329791307
leaf_count=17772 10503 1922 26843 1729 2017 11984 9958 1868 1478 4012 4442 1829 25752 11288 1605 6529 9343 185 10140 1952 1457 5890 11235 1662 1388 1315 5171 19438 8373 3285 4689 4424 14489 2287 18476 269 5567 2564 882 1147 1207 7733 905 4033 485 8531 39613 9248 29685 10001 11219 6059 470 1393 580 19279 7549 9943 9318 2159 2943 1663
internal_value=-5.52889e-05 0.00131868 -0.0133629 -0.0116657 0.00307589 -0.00243882 0.0022036 0.0016259 0.00281156 -0.000972825 0.00729165 0.00329768 0.00369268 -0.00388438 -0.00751404 -0.00623574 0.00636838 -0.00660669 -0.00750101 -0.0163865 0.000394169 -0.0157186 -0.00517317 -0.00890859 0.00219923 0.0046556 0.00543561 0.00381733 0.00798594 0.00976198 0.000832257 -0.0172963 -0.00315419 -0.00299582 -0.00564988 -0.000318636 -0.00143855 -0.00725795 -0.0046396 0.000492173 0.0112232 0.000880458 0.0087499 0.00140037 0.00275318 0.000147442 -0.0134792 0.00177954 0.00246873 0.00977031 0.00756803 -0.00102064 0.000706228 -0.00250188 0.0064489 -0.00812344 -0.000932266 -0.00265587 -0.00136308 -0.0205016 -0.00210604 0.0021377
internal_weight=64171.5 58166.9 6004.66 5483.22 39632.7 18534.2 32839.3 29872.7 24586 14373 6793.37 23379.9 22537.2 5286.77 2859.87 2792.42 8071.95 1206.08 4161.19 460.968 2426.89 683.867 4319.59 2180.5 14465.2 5930.23 5647.63 4545.3 2966.57 2577.72 10053.4 2690.8 2108.56 843.278 3419.8 745.117 1616.59 842.707 2342.73 8535.01 2295.62 8322.48 5950.1 7963.53 4240.3 6331.17 1720.8 8716.69 7983.86 5280.06 3339.12 2542.57 670.033 576.898 390.952 1116.18 5457.11 3913.78 2139.1 517.14 827.11 687.499
internal_count=461175 324607 136568 118796 189086 135521 155772 142192 114843 89354 33314 109296 104903 27349 15934 47916 36302 5547 46167 2137 11415 12419 29170 15840 68601 27797 26482 21311 13580 11658 60184 70880 35497 4304 34183 3410 15707 4393 12170 40804 10550 39657 29010 37789 19923 30056 44037 49681 44992 25662 15661 15307 3348 2878 1973 21008 26023 18474 13330 3764 4605 3141
cat_boundaries=0 1 2 3 4 5 6
cat_threshold=1192 151552 151688 66917 96268 116
is_linear=0
shrinkage=0.035


Tree=77
num_leaves=63
num_cat=0
split_feature=13 2 22 52 2 41 40 35 22 3 26 29 26 14 22 19 19 17 26 29 0 23 22 18 35 37 26 39 22 32 30 22 22 38 27 18 39 26 3 3 22 18 7 18 14 30 32 41 3 23 1 27 7 26 43 32 43 3 35 26 40 2
split_gain=905.757 341.094 174.057 154.422 144.955 139.057 90.4584 79.631 76.8728 115.102 69.2857 230.102 107.479 119.592 86.543 74.7396 70.6828 68.4443 68.0052 94.6051 67.373 64.6586 62.6381 61.6765 59.4035 58.5112 56.599 56.3728 56.1538 55.6075 55.4344 55.1129 55.076 53.5384 50.9375 50.3357 49.0926 48.1806 47.9519 47.4586 45.9645 45.5269 44.8013 44.5519 44.5225 43.7205 43.3833 43.1811 47.7098 43.054 39.7878 39.7391 39.3175 39.2891 38.8075 38.5347 40.279 37.8872 37.8764 42.2495 37.7158 37.1288
threshold=0.24500000000000002 17.320000000000004 2.5000000000000004 11.500000000000002 655.96000000000015 921.12500000000011 355.58500000000009 9.5000000000000018 38.500000000000007 61.500000000000007 122.00000000000001 272.50000000000006 269.00000000000006 19.500000000000004 66.500000000000014 383.31250000000006 650.31750000000022 6334.3700000000008 131.50000000000003 272.50000000000006 9.3350000000000026 1.0000000180025095e-35 19.500000000000004 16990.017142857145 7.5000000000000009 2156.0400000000004 35.500000000000007 28.180000000000003 30.500000000000004 3547.4100000000003 10114.740000000002 13.500000000000002 44.500000000000007 596.81500000000017 2713.6800000000003 7120.7249999999995 145.17000000000004 314.50000000000006 59.500000000000007 60.500000000000007 24.500000000000004 62.220666666666666 0.47727272727272735 16990.017142857145 19.500000000000004 8327.4300000000021 1958.2200000000003 1179.6200000000001 42.500000000000007 -1.0000000180025095e-35 27.365000000000006 7328.7900000000018 0.47727272727272735 100.50000000000001 10.500000000000002 972.44000000000017 2.5000000000000004 222.50000000000003 25.500000000000004 70.500000000000014 1.0000000180025095e-35 376.98000000000008
decision_type=8 10 2 2 10 10 10 2 2 2 2 2 2 2 2 10 10 10 2 2 10 2 2 10 2 8 2 8 2 8 10 2 2 8 10 10 8 2 2 2 2 10 8 10 2 10 10 10 2 2 8 10 10 2 2 10 2 2 2 2 10 10
left_child=3 7 5 33 6 -3 29 42 9 31 11 28 15 50 30 32 17 26 19 -11 -9 22 37 25 -18 -10 -13 44 -8 -4 35 34 39 52 58 49 45 -20 -17 -12 -41 -31 -2 -34 -5 -27 57 48 -33 -15 -14 -49 -1 -7 -53 56 -22 -21 59 -6 -46 -40
right_child=1 2 4 27 8 53 10 20 23 18 12 16 13 14 -16 38 24 -19 21 46 55 -23 -24 -25 -26 36 -28 -29 -30 41 -32 47 43 -35 -36 -37 -38 -39 61 40 -42 -43 -44 -45 60 -47 -48 51 -50 -51 -52 54 -54 -55 -56 -57 -58 -59 -60 -61 -62 -63
leaf_value=-0.019842705554556115 -0.013607123371626098 -0.0033475139331794659 0.00033701268533290862 -0.032112028546425989 -0.00254366642318124 -0.0044431343947807442 0.0085020057821767851 -0.015410645301011357 0.00065593729507463052 0.018447531994488016 -0.0013626884210248881 -0.0056309983071024892 -0.018539147776993038 0.0024014524193772253 0.013734856897489867 -0.0008852412429744737 0.022272649542383442 0.011948518207840349 -0.02323154559226169 0.0021314724747018387 -0.011851114205940195 -0.017869125276161749 0.0017299872664622246 -0.0067323287420524153 -0.0075923293634237842 0.010833644705200967 0.0028824758097697862 -0.024507130852403629 0.019680374488043727 0.00093258787551232162 -0.021798125569885071 0.010288902420418288 0.0027905459375833904 0.0095490056290247274 -0.0089145573591390605 -0.01316919954910419 0.015465595167557369 8.5307011836936828e-05 -0.01397088282795725 -0.025556988255541667 -0.0067947823318149506 0.012705692746977611 -4.7547574151143862e-05 -0.020083355847171115 -0.029986568767925895 0.0028256623571296141 -0.025336663517151626 0.017629384469168636 0.00096336109395775806 0.011017618762412034 -0.0031684603295585819 -0.023172163883180538 -0.0072720161114496308 -0.033359579510293079 0.026565836809811793 -0.017664151891206674 -0.0021914483807971056 -0.030977271056503729 -0.0081530644145246002 0.0074274033263196657 -0.011134419262624207 -0.0051200055694104914
leaf_weight=342.91734320297837 331.11146725714207 2097.8767002299428 1104.1361437235028 160.99701340869069 651.74908147007227 73.308055698871613 1805.3322978243232 1272.979788640514 873.62960758060217 402.82158880680799 1831.2883818782866 1393.3490390833467 234.17534982226789 3131.4592882078141 1127.1608061753213 986.28398298099637 84.64426427334547 704.10355478897691 264.29893048852682 938.93935974687338 702.44694817252457 431.60781005583704 1146.1223319470882 317.25826884806156 1740.8241063468158 2563.5637157782912 3046.0557664372027 1177.1406644098461 793.17101772874594 526.31119155138731 107.92187035083771 1785.3374022915959 3331.7217056825757 209.98670223169029 393.24673172831535 210.24330038018525 1645.3060374967754 183.73732616752386 1319.8025395944715 208.45636959001422 682.20791026204824 1709.8925392515957 2948.8496867064387 106.68797180429101 142.22571479156613 1239.8182689249516 84.613429337739944 867.88949001580477 1077.7137879543006 918.24250448122621 1686.4166910033673 58.710016876459122 2715.5190668962896 272.80310508608818 27.381387278437614 305.10727756656706 2132.5630190316588 43.336749326437712 272.52138559520245 2576.8366698361933 1462.7629097737372 1039.1312789693475
leaf_count=8092 5279 13205 6089 4841 2864 960 8331 21837 4137 1829 9559 8078 2186 16167 5706 4782 383 3683 1393 4186 7865 2040 5268 1463 8363 11810 15060 30314 3671 2657 533 8225 17585 1444 1889 1286 8522 871 7595 1513 3949 8215 23445 575 5030 5880 389 3977 4884 4835 9435 311 40312 4270 154 3384 17211 218 1260 11650 35428 4802
internal_value=-5.43783e-05 0.00131025 0.00236355 -0.0127535 0.00283058 -0.00674447 0.00133773 -0.00555124 0.00532556 0.00355694 0.000653169 0.00303355 -0.000692832 0.00246511 0.00509263 -0.00315645 -0.000281285 0.00181872 -0.00171115 0.00401872 -0.00862061 -0.00586815 -0.0026098 0.00830981 -0.0061961 0.00906558 0.000209775 -0.0185685 0.0119204 0.00676444 0.00285981 0.00594481 -0.000869091 -0.00751329 0.00301428 0.00348946 0.0104136 -0.0136905 -0.0073672 -0.00458773 -0.0112097 0.00993644 -0.00142011 0.00207518 -0.0145983 0.00822465 -0.00144129 0.00893313 0.00678013 0.00435735 -0.00505126 0.0153808 -0.00868749 -0.0272654 -0.00722959 -0.00586395 -0.00458821 0.000640739 0.0043563 0.0054144 -0.0128226 -0.0100758
internal_weight=64024.1 57812.5 50119.4 6211.55 47675.5 2443.99 29829 7693.06 17846.4 11206.9 26488.7 9567.48 16921.2 7415.62 5495.03 9505.58 6968.98 5143.51 3495.48 1469.71 4413.1 2025.77 1594.16 6639.58 1825.47 6322.32 4439.4 2943.13 2598.5 3340.34 4367.87 7711.39 6160.36 3268.42 3894.35 4259.95 5448.69 448.036 3345.22 2721.95 890.664 2236.2 3279.96 3438.41 1765.99 3803.38 1066.89 3817.03 2863.05 4049.7 1920.59 953.981 3058.44 346.111 86.0914 3140.12 2835.01 982.276 3501.11 3228.59 1604.99 2358.93
internal_count=461175 335714 256693 125461 238258 18435 155038 79021 83220 51408 138077 47569 90508 40148 28527 50360 35567 26821 16194 6622 50297 9572 7532 31812 8746 30349 23138 75613 12002 16961 22821 35214 33181 49848 17663 22288 26212 2264 17179 15021 5462 10872 28724 18160 45299 17690 4793 17551 13109 21002 11621 4442 48404 5230 465 28460 25076 4404 15774 14514 40458 12397
is_linear=0
shrinkage=0.035


Tree=78
num_leaves=63
num_cat=7
split_feature=50 34 46 40 0 46 17 1 16 47 52 14 19 42 43 22 41 17 48 22 16 14 47 8 41 17 14 9 18 1 42 32 30 47 37 3 6 7 16 22 40 22 27 39 48 29 22 16 8 46 16 18 18 16 1 44 1 48 16 3 8 17
split_gain=855.469 284.507 160.474 144.862 131.331 100.215 98.7754 75.0612 66.1287 65.5691 97.4562 64.4342 60.7567 70.9064 57.6036 54.7559 66.0608 50.3864 48.9384 48.9261 57.8737 48.0279 47.7704 47.282 53.5538 46.2806 42.7066 41.1425 40.2385 39.7881 39.4656 43.1263 39.4627 38.737 85.0139 44.2679 52.4685 41.207 36.8877 36.2547 36.066 37.9849 39.2522 35.7389 35.1621 38.3165 34.8992 34.1162 33.5369 32.4301 31.6525 30.9574 30.9483 30.8946 30.7486 40.1006 30.6082 30.4087 29.8029 29.3232 28.7987 28.5797
threshold=0.13416407864997237 1.5000000000000002 10.150000000000002 1.0000000180025095e-35 1.9200000000000239 1127.0250000000003 1.0000000180025095e-35 1941.9400000000003 0 inf 3.5000000000000004 16.000000000000004 1147.2250000000001 5.5000000000000009 1.5000000000000002 8.5000000000000018 785.6450000000001 188.80500000000004 6.5000000000000009 39.500000000000007 1 16.000000000000004 11461.410000000002 18.500000000000004 156.45000000000002 4945.8600000000015 21.500000000000004 267.49000000000007 16990.017142857145 1174.5000000000002 1.5000000000000002 1272.0600000000002 8327.4300000000021 inf 81.270000000000024 36.500000000000007 34.081666666666678 0.91287878787878796 2 8.5000000000000018 5708.1900000000023 9.5000000000000018 1618.8800000000003 82.570000000000007 7.5000000000000009 84.500000000000014 68.500000000000014 3 1.5000000000000002 331.54000000000002 4 9653.4060000000009 3768.2950000000001 5 442.24500000000006 100.12000000000002 366.10000000000008 8.5000000000000018 6 40.500000000000007 6.5000000000000009 422.32500000000005
decision_type=8 2 8 10 10 8 8 8 9 8 2 2 10 2 2 2 10 10 2 2 9 2 8 2 10 8 2 10 10 10 2 10 10 8 10 2 10 10 9 2 8 2 10 8 2 2 2 9 2 10 9 10 10 9 8 10 10 2 9 2 2 8
left_child=3 2 21 -1 -5 9 38 8 39 10 -3 -6 13 47 22 16 -10 -17 -18 20 25 -2 43 29 -25 -9 -26 32 48 -14 33 -32 53 35 -35 50 37 -37 -4 -8 41 42 61 -13 -11 58 -36 49 -21 60 -19 -29 -50 -7 55 -16 -47 -40 -46 -53 -12 -22
right_child=1 5 6 4 11 27 7 19 15 44 12 14 23 -15 54 17 18 30 -20 28 40 -23 -24 24 26 -27 -28 51 -30 -31 31 -33 -34 34 46 36 -38 -39 57 -41 -42 -43 -44 -45 45 56 -48 -49 52 -51 -52 59 -54 -55 -56 -57 -58 -59 -60 -61 -62 -63
leaf_value=-0.030854182396128294 -0.024937705788440664 -0.0075844973236791095 0.0035384672996637669 -0.02080232509421347 -0.026462803670414394 -0.00077517162598710694 0.0059931615345900687 -0.00014886442108852523 -0.002942921977517915 0.0089920767914357935 0.012060413556155553 -0.0088866422228656549 -0.0047591832943873818 0.0085965018791496779 0.0013082730727839353 0.010990286506249518 -0.0081181190171693996 0.017651214907651706 -0.02835323739733837 -0.013947637669354373 0.010482001750369346 -0.0065724319145951931 0.0087206137937261546 -0.02307998409641843 -0.010450924688474491 -0.016215434828458112 0.0080641472555876576 0.010233354081822217 -0.0082985797285618137 0.0077424684859705066 0.0018103723461282424 -0.0060402489605818187 0.00067474033020885739 -0.0055536572358456165 0.0051383876557571182 -0.01302069702822262 -0.015635027853927445 -0.0025248688384556751 -0.011258533517327356 0.03862968094797456 -0.0094512372427595307 0.0090538871224312423 -0.02339466884977813 -0.018798940708929932 -0.0068019835017370028 0.004331320984892275 0.021614985526643198 -0.00042617198756893601 0.0054852179649936697 0.0071697599505793552 -0.00079509314707357063 0.026119464605826686 0.016487236913940037 0.010653010753031319 0.009593561069582356 -0.010915418272073624 -0.0053571980926915156 -0.029275102177441167 0.017100541606196264 -0.0022406469208127991 0.00091848373405982258 -0.0022708077192241673
leaf_weight=496.8332149349153 181.02472431212664 1358.1754960268736 120.00347467511892 1297.9842577371746 218.62424274906516 380.0323038995266 1158.4581915177405 657.25848652422428 2111.1157436966896 2447.5548423528671 306.69834271818399 1485.5237877313048 650.61634641140699 2357.6143757551908 768.73472466692328 452.22613035142422 380.55134033039212 147.98416316136718 238.21044443175197 62.004295378923416 334.65848422050476 4276.0848204288632 146.86703832075 248.37861797213554 442.88349326699972 328.86520417779684 231.67923567444086 4019.4642257764935 144.84509051591158 597.1367564946413 6803.0622918084264 979.74195949360728 1856.7772319838405 1162.4430533088744 834.89381416887045 553.43451263383031 597.92262155562639 2645.1712819598615 281.56017951108515 42.303151056170464 211.64807555824518 1520.5824703574181 77.952864684164524 638.2479544505477 77.382716089487076 998.51432858407497 193.41144769266248 4503.7506516799331 512.80364826321602 2058.6038207635283 406.42312770709395 48.926964640617371 809.37328410893679 1281.2376668825746 242.84058294817805 573.1806054674089 664.35141580551863 195.30713139846921 313.47739000618458 422.52024000883102 3720.6603635922074 599.44701240956783
leaf_count=17772 2864 6143 907 39404 5444 1602 7116 2982 13201 10595 1506 35193 2880 10491 11685 2333 2255 828 1972 289 1548 44216 1155 1090 1970 1518 1051 20383 666 2684 38235 5383 8181 5912 4000 6034 3878 19743 2207 263 1056 6701 385 14205 344 4359 921 20735 2296 8871 2821 265 3675 5799 2621 9089 2928 3046 1437 1947 17321 2774
internal_value=-5.33543e-05 0.00123508 -0.00121462 -0.0127862 -0.0111098 0.00368764 -0.000105857 0.000244672 -0.000793933 0.00241585 0.00139288 -0.00801735 0.00219984 0.00310835 -0.00696479 -0.00134007 -0.00589395 -0.000499342 -0.0159414 0.00393834 0.0017761 -0.00732376 -0.0105377 -0.00321795 -0.00921951 -0.00546261 -0.00408938 0.00701808 0.00920904 0.00122514 -0.000862813 0.000821444 0.00418199 -0.00286643 0.000928931 -0.00477722 -0.00612623 -0.0043444 -0.0141579 0.00711494 0.00438221 0.00555881 0.000303829 -0.011873 0.00615909 0.00278011 0.00825542 0.00188581 0.0110458 0.00359132 0.00445506 0.00923837 0.0122275 0.00809923 -0.00184209 -0.00391715 0.000459651 -0.0183003 0.0126258 0.000751632 0.00176977 0.00230442
internal_weight=63876 58007.2 29020.8 5868.84 5372 28986.4 24563.7 23966.8 18707.4 20977.5 16476.2 4074.02 15118 12947.3 3855.39 17506.6 2729.88 14776.7 618.762 5259.44 3730.41 4457.11 2270.64 2170.69 922.941 986.124 674.563 8008.96 1529.03 1247.75 14324.5 7782.8 3518.05 6541.68 2190.75 4350.94 3796.53 3198.61 596.871 1200.76 2744.29 2532.64 1012.06 2123.77 4501.28 2053.73 1028.31 10589.7 1384.18 6085.96 554.407 4490.91 1322.18 1661.27 1584.76 1341.92 1662.87 476.867 390.86 471.447 4027.36 934.105
internal_count=461175 324607 192025 136568 118796 132582 144945 138785 114895 94405 74742 79392 68599 58924 73948 107516 17428 90088 4227 23890 16964 47080 50553 9675 4111 4500 3021 38177 6926 5564 87755 43618 15582 44137 10833 33304 29655 25777 6160 7379 12464 11408 4707 49398 19663 9068 4921 48433 6260 27698 3649 22595 5971 7401 23395 20774 7287 5253 1781 2212 18827 4322
cat_boundaries=0 1 2 3 4 5 6 7
cat_threshold=1128 74062 29 71121 16640 134152 137280
is_linear=0
shrinkage=0.035


Tree=79
num_leaves=63
num_cat=7
split_feature=13 2 52 2 17 26 26 29 16 32 8 37 32 14 29 27 0 39 14 26 4 16 16 29 37 14 16 17 7 32 16 46 26 41 41 49 1 8 3 35 8 12 3 32 38 14 16 17 35 32 41 41 40 49 37 12 12 0 8 16 19 49
split_gain=808.406 303.41 146.974 138.167 87.2369 82.3761 94.0957 159.573 117.32 96.3203 80.6647 63.2606 62.5555 61.8803 70.1443 58.3743 56.7594 55.3824 55.3577 132.614 52.8798 49.1324 45.4477 44.0532 43.8933 43.6968 42.842 40.8392 40.6582 40.1194 89.9888 51.8871 46.7324 40.7613 43.7461 53.9148 42.6475 45.3301 46.6958 43.7332 40.0252 38.6787 38.3648 37.5196 37.0812 36.7931 36.5889 47.509 42.6229 40.8216 38.0697 36.5613 36.3121 36.1172 35.8927 34.6133 34.3417 34.1353 45.5442 44.4019 33.9218 33.849
threshold=0.24500000000000002 17.320000000000004 11.500000000000002 655.96000000000015 1.0000000180025095e-35 21.500000000000004 122.00000000000001 272.50000000000006 0 584.10500000000013 12.500000000000002 61.050000000000011 469.35000000000008 16.000000000000004 84.500000000000014 16.530000000000005 6.8233333333333208 28.180000000000003 19.500000000000004 314.50000000000006 1.7800000000000002 1 2 207.50000000000003 7131.0400000000018 19.500000000000004 3 19.880000000000006 0.36931818181818188 1850.0400000000002 4 7228.6250000000009 21.500000000000004 41161.68 2681.1000000000004 1.5000000000000002 10502.730000000001 25.500000000000004 40.500000000000007 26.500000000000004 15.500000000000002 1437.9000000000003 18.500000000000004 1417.1400000000006 596.81500000000017 18.000000000000004 5 2177.5500000000006 8.5000000000000018 8.6600000000000019 8493.3000000000011 2893.23 1.0000000180025095e-35 18.500000000000004 13380.000000000002 541.08500000000015 584.62500000000011 5292.0233333333344 15.500000000000002 6 650.31750000000022 16.500000000000004
decision_type=8 10 2 10 8 2 2 2 9 10 2 8 10 2 2 8 10 8 2 2 8 9 9 2 10 2 9 8 8 10 9 10 2 10 8 8 10 2 2 2 2 10 2 10 8 2 9 10 2 10 10 10 10 8 10 10 10 10 2 9 10 10
left_child=2 10 21 4 42 24 7 22 11 18 28 -8 46 -5 51 -16 -12 25 53 20 -20 -1 -7 -18 -6 -4 -11 -23 -2 32 31 -31 -17 34 35 -34 39 38 -38 54 -28 -22 -3 56 -29 -30 49 50 -49 -9 -48 57 -27 -10 60 -24 -42 58 -15 -60 -36 -21
right_child=1 3 17 13 5 6 8 12 9 26 16 -13 -14 14 15 29 23 -19 19 61 41 27 55 -25 -26 52 40 44 45 30 -32 -33 33 -35 36 -37 37 -39 -40 -41 43 -43 -44 -45 -46 -47 47 48 -50 -51 -52 -53 -54 -55 -56 -57 -58 -59 59 -61 -62 -63
leaf_value=0.0017857564205735965 -0.016772845358990405 -0.0068192045872436727 -0.031815483376880956 -0.0062427007130862579 -0.011734313728850157 -0.0024185163049789062 -0.00010753284896479535 0.024550755778014563 -0.0035329123932347252 0.0031302928976662541 -0.018676747465874815 0.01496080626753731 -0.0058520961540322334 0.012932349118048928 -0.016550952787634594 -0.0032526429908482008 -0.012205432667955469 -0.023974808381592435 -0.0030383040827833873 0.011580924985419039 0.0021991701210639504 -0.023813676608550556 0.0095690252469891653 -0.0026350413302786567 0.0044259839059982509 -0.029579758182317339 -0.0022601475511963114 -0.0090305196462862683 -0.014245014509661643 -0.010500260793168594 0.0044766405538990764 -0.057113724594785267 -0.0080963945050039638 -0.030487392891444979 0.0029100172273128239 0.0041000582705852688 0.019638125122824368 0.020722562176375123 -0.054003769577536449 -0.01410822428000774 -0.012577438942624178 -0.018373730962910638 -0.027300103603865568 -0.018856953038903456 0.0085547690877030187 -0.00077997354274325994 -0.00031912883351717207 0.015820315974290663 0.0036048878348920524 -0.0018993148107167342 -0.02901085300109503 0.01846153493945105 -0.010595650194418387 -0.026537408498476647 -0.0073604196059236246 0.017998498455479021 0.0018859284776834879 0.025254878352344509 -0.00095937603118302704 0.0103506043125242 0.0090708528227957021 -0.0018570144782838215
leaf_weight=624.52039153128862 226.4786437638104 343.61753851361573 152.95793927647173 618.01866941340268 902.96012889966369 291.28468332439661 533.64293154887855 193.32842485234141 2603.7245960980654 439.48694019950926 670.99661129154265 945.85966086015105 1247.4780399687588 1061.6134426183999 167.34953456558287 812.8645096346736 1113.1723668780178 1134.9648486562073 4719.2148548476398 1658.3687327615917 6339.7077012397349 214.00120923481882 1903.6221917737275 1251.9429572690278 266.03272845596075 134.5312297847122 753.32119797356427 2228.6775221321732 263.61691404879093 470.19841539114714 1140.8529725670815 30.283661492168903 513.57929456233978 37.616412486881018 1331.7941542714834 3237.8926240131259 13.46819858253002 24.383740440011024 41.301939338445663 114.51597974449396 577.33205496892333 112.96830022335052 165.9698266480118 607.09071864001453 156.47863955050707 4107.8597154673189 2899.8231181278825 421.47821220755577 2043.6544814743102 112.85164153948426 56.779671814292669 480.89163700304925 1434.8252664413303 85.412753181532025 190.8713007606566 872.45737940818071 307.95263820886612 133.95428353361785 1028.4318174906075 715.11106653511524 6183.1004612781107 266.20692358352244
leaf_count=9373 3951 2752 4841 3113 5201 1380 3059 845 14259 2740 13274 4578 6537 4966 1999 3616 12599 30314 28909 7987 28540 4854 8964 10428 1458 5030 4379 34588 3155 2191 5481 138 2195 185 5905 14737 71 120 208 541 3824 490 3178 4084 1033 35614 14489 2079 10337 593 296 2518 35428 961 956 3877 1494 696 4960 3406 29507 1894
internal_value=-5.20021e-05 0.00122824 -0.0121882 0.00222018 0.00082002 0.00105511 0.00141048 0.00417336 1.95359e-05 -0.000742273 -0.00527054 0.00946546 0.0012472 0.00463689 0.00501645 0.00393973 -0.00969711 -0.0179672 0.000299888 0.00123914 -0.000222966 -0.00706211 0.0108251 -0.00714273 -0.00805601 -0.0139967 -0.0068695 -0.00915957 -0.00234613 0.00418335 -0.000960828 -0.0131665 0.00485876 0.00542309 0.00554164 0.00242864 0.00701951 -0.0183936 -0.0358675 0.00727905 -0.00880175 0.0018362 -0.0135301 -0.012159 -0.00787373 -0.00159504 0.0027941 0.00210806 0.005699 0.0143599 -0.000879758 0.00951922 -0.0122408 -0.00427318 0.00759868 0.0121799 -0.0075498 0.00805032 0.00722004 0.0037365 0.00797956 0.00972219
internal_weight=63734.7 57653.8 6080.96 50019.7 31671.6 31162 29993 10042.8 19950.3 18470.8 7634.07 1479.5 6975.39 18348.1 17730.1 14310.1 3036.11 2857.28 15785.6 13096.5 11171.9 3223.68 3067.36 2365.12 1168.99 1722.31 2685.18 2599.16 4597.96 14142.7 1641.34 500.482 12501.4 11688.5 11650.9 3751.47 7899.44 79.1539 54.7701 7820.28 2245.7 6452.68 509.587 1492.38 2385.16 4371.48 5727.92 5421.74 2465.13 306.18 2956.6 3420 1569.36 2689.14 7705.77 2776.08 885.285 2939.11 2805.16 1743.54 7514.89 1924.58
internal_count=461175 335714 125461 256693 169184 163254 156595 49397 107198 99561 79021 7637 35176 87509 84396 67850 36301 75613 83040 67820 57939 49848 14221 23027 6659 45299 16521 40475 42720 65851 7810 2329 58041 54425 54240 16932 37308 399 279 36909 13781 29030 5930 9402 35621 38769 28639 27201 12416 1438 14785 16546 40458 15220 36368 12841 5318 14028 13332 8366 35412 9881
cat_boundaries=0 1 2 3 4 5 6 7
cat_threshold=66680 131181 78929 133120 16384 128 18688
is_linear=0
shrinkage=0.035


Tree=80
num_leaves=63
num_cat=0
split_feature=50 46 40 0 4 14 7 8 21 26 26 27 18 26 14 26 26 29 18 32 44 26 40 23 32 52 41 13 47 47 42 26 18 14 47 36 3 23 40 8 19 1 1 37 3 49 42 23 40 2 29 6 27 29 18 3 0 27 17 37 8 41
split_gain=763.536 256.529 141.289 126.071 120.131 119.454 68.2047 67.095 62.7201 62.3735 67.4336 61.7907 58.3649 65.9274 54.9226 104.444 61.9966 154.543 86.8644 51.8991 45.3517 41.2656 40.906 40.575 45.7519 48.7463 39.8722 39.6923 38.634 38.4847 56.8321 38.0514 38.1477 37.8187 37.1026 39.4528 36.6099 35.4604 34.7763 34.6811 33.1113 54.3128 46.6789 32.379 32.2976 36.3814 31.5589 31.2912 30.858 30.6458 29.855 29.303 29.2737 28.1264 27.4081 33.1375 36.6319 26.5021 27.8281 26.443 25.5191 27.5928
threshold=0.13416407864997237 64.280000000000015 1.0000000180025095e-35 1.7066666666666672 24.350000000000005 16.000000000000004 0.6515151515151516 14.500000000000002 10.120000000000003 192.50000000000003 35.500000000000007 13.375000000000002 472.58041666666674 91.000000000000014 19.500000000000004 299.50000000000006 131.50000000000003 272.50000000000006 355.57666666666671 620.56000000000006 69.160000000000011 21.500000000000004 8333.6166666666686 0.68301270189221941 inf 5.5000000000000009 1281.7200000000003 0.71714285714285719 284.44000000000005 6297.0300000000007 5.5000000000000009 70.500000000000014 1965.7804166666667 16.000000000000004 1496.1600000000003 103.19500000000001 61.500000000000007 1.0000000180025095e-35 1692.4275 14.500000000000002 769.83500000000015 67.850000000000009 36.915000000000013 8932.5000000000018 231.50000000000003 15.500000000000002 3.5000000000000004 -1.0000000180025095e-35 9456.9000000000033 81.265000000000015 207.50000000000003 389.23400000000004 697.6350000000001 241.50000000000003 9046.1850000000013 277.50000000000006 73.935000000000031 20386.710000000006 1954.4800000000002 1239.3900000000001 15.500000000000002 3158.7400000000007
decision_type=8 8 10 10 10 2 10 2 10 2 2 8 10 2 2 2 2 2 10 10 8 2 10 2 8 2 8 10 8 8 2 2 8 2 8 8 2 2 10 2 10 8 10 8 2 10 2 2 10 8 2 10 10 2 10 2 10 10 10 8 2 8
left_child=2 5 -1 -4 11 -2 28 21 -6 10 -5 12 -3 -14 -13 16 17 27 -18 26 -9 -8 -12 51 25 -25 -20 -16 -7 30 57 32 -26 -11 35 -33 -21 -32 -29 -17 46 42 -42 -28 -41 -46 47 -23 -31 -45 -22 -19 -34 -52 55 56 -35 58 -10 -36 61 -27
right_child=1 4 3 9 8 6 7 20 29 33 22 14 13 -15 15 39 18 23 19 36 50 40 -24 24 31 60 43 38 -30 48 37 34 52 54 59 -37 -38 -39 -40 44 41 -43 -44 49 45 -47 -48 -49 -50 -51 53 -53 -54 -55 -56 -57 -58 -59 -60 -61 -62 -63
leaf_value=-0.030537420124183291 -0.02177140415471417 -0.0026036332423219639 -0.020415002206193061 -0.015860488717332359 0.0022900660359223357 -0.014352912568418289 -0.012276676405721798 -0.0022889578773541211 -0.00112256999982528 -0.025931785804762204 0.0013345853023917656 -0.0033361902117870295 0.010726979129263832 -0.031981639359431741 0.005973206592855787 0.011620774743053577 0.0080585288650077812 -0.0072539906426046788 -0.0090868526584796071 -0.0003614988451634204 -0.01668434917594222 -0.0036822110522800274 -0.021530697952249635 -0.019320134724227115 -0.0040460589155759527 -0.00089250233445456635 0.0016931872761434155 0.0069663673038483634 -0.00078963749725270986 0.011150897156701218 0.013390938681060387 0.011742305237417603 0.03728037537766804 -0.014103376013808537 0.0054060408868631272 -0.0058511128634494017 -0.011046876179644817 0.0052318871746846784 0.0186532926443208 0.0027474849529647125 0.02940424715880359 0.0087654387938500035 0.15344751425483885 -0.012213367044318569 0.022963696776180823 -0.0058797246150578244 0.0052121847829047592 0.0012204131335217393 0.00050347739954354452 -0.0015391540424390517 0.0013368606111703399 0.051515828952269464 0.0045822420071889606 -0.011599800893827946 -0.026265426251121358 0.01630015601910146 -0.0030990189658082002 -0.022395806815689 0.0049824196950327771 0.022680772188170519 -0.0039263898127396826 0.010034833682293361
leaf_weight=472.8130613528192 406.6362680979073 716.27316621877253 1223.7803713455796 416.25987322442234 7310.8520203232765 869.37285161390901 322.74078679829836 1836.4720018748194 1423.5315756723285 212.58406517095864 1532.0592197272927 2782.5728237964213 56.866759497672319 192.51838939264417 1901.1251689121127 1441.9046297594905 1136.7307495437562 980.17309454083443 656.94358799234033 583.95108192041516 583.84670693799853 2676.0599076598883 101.23679119162261 187.13313192874193 934.71535983681679 847.4210499972105 4343.8517377339303 526.51919323205948 365.38210183754563 2682.9535045623779 1240.2522318959236 336.16660158336163 33.71219078451395 1015.8154025115073 168.96481785178185 289.95835670828819 1199.2693983316422 1380.3189619630575 770.62548141181469 1747.6188672482967 10.513362023979424 83.395569559186697 5.3378331735730162 405.48878232017159 207.19238055497408 71.656364105641842 1294.212324872613 3943.8981158845127 380.84903767704964 1741.3864949047565 343.50869300588965 9.5172569751739484 1019.5540905147791 512.12774724513292 122.26668485067785 59.617376498878002 584.13594550825655 50.820249170064926 2555.9377665817738 306.53478829562664 1555.0815917737782 423.95944525673985
leaf_count=17772 5012 4621 38527 8584 32110 12505 2644 14055 6312 5532 26150 15308 365 2883 8591 7205 5490 5356 3635 2960 5638 21446 1767 1045 4218 4458 22403 2241 3512 13439 6403 1489 169 24015 734 1292 6941 6707 3357 8445 98 444 51 2410 982 388 6128 27314 1786 8379 2000 46 4601 3937 2883 1410 9928 223 11646 1340 7686 2159
internal_value=-5.09004e-05 0.00115721 -0.0122246 -0.0105754 0.00242767 -0.00311801 -0.00252593 -0.00169387 0.0047393 -0.00759343 -0.00330309 0.00100031 -0.00769229 -0.0222389 0.00131604 0.00185945 0.00090284 0.00281304 -0.00104986 -0.00220995 -0.00593701 -2.58887e-05 -9.49835e-05 -6.73509e-05 0.000998957 -0.00206905 -0.00087686 0.00919898 -0.0103432 0.00658207 0.00508557 0.00399119 0.00109833 -0.0119985 0.0092059 0.00359846 -0.0075499 0.009097 0.0139185 0.00747272 0.000468983 0.0204578 0.0778026 -4.46338e-05 0.00451695 0.0155572 0.000215762 -0.000761686 0.00982796 -0.00355998 -0.0105863 -0.00663741 0.00566319 -0.00641068 -0.0103226 -0.0091329 -0.0100902 0.00247565 0.00279882 0.0165666 -0.000920473 0.00275639
internal_weight=63595 57854.4 5740.57 5267.76 44600.9 13253.5 12846.9 11612.1 17025.5 4043.98 2049.56 27575.4 965.658 249.385 26609.7 23827.2 20358.8 10291.2 10067.6 8930.89 3275.96 8336.16 1633.3 7092.89 6103.2 3013.6 7147.67 3198.27 1234.75 9714.66 6650.86 3089.61 1987.98 1994.42 1101.62 626.125 1783.22 2620.57 1297.14 3468.37 8013.42 99.2468 15.8512 6490.73 2026.47 278.849 7914.17 6619.96 3063.8 2146.88 1439.48 989.69 1053.27 855.636 1781.84 1659.57 1599.95 4030.29 3979.47 475.5 2826.46 1271.38
internal_count=461175 324607 136568 118796 219823 104784 99772 83755 78626 80269 36501 141197 7869 3248 133328 118020 101000 48782 52218 46728 25630 58125 27917 34593 29191 15348 36827 14189 16017 46516 31291 13843 8988 43768 4855 2781 9901 13110 5598 17020 55481 593 149 33192 9815 1370 54888 48760 15225 10789 11575 5402 4770 5937 38236 35353 33943 18181 17958 2074 14303 6617
is_linear=0
shrinkage=0.035


Tree=81
num_leaves=63
num_cat=6
split_feature=45 0 22 7 2 32 16 8 16 29 3 48 48 26 14 44 41 27 8 16 14 37 22 40 22 18 32 26 22 35 29 18 0 16 32 16 18 47 3 16 22 18 18 18 11 41 41 18 37 37 36 26 35 43 32 49 19 46 18 14 41 22
split_gain=725.643 282.59 146.316 124.255 115.64 113.254 98.9413 89.5503 88.6131 85.8108 74.1253 71.6126 90.1228 97.6959 110.444 68.6191 65.351 64.9153 60.4929 60.0558 55.5452 54.2383 54.1396 53.0511 52.9144 54.1105 52.6867 51.2147 49.2942 59.7134 48.9036 48.5608 48.5518 47.1208 47.2518 46.0102 45.0664 57.689 44.1974 43.5257 62.994 57.6377 57.5089 53.0255 41.4478 40.9414 39.7188 48.8461 53.4049 42.967 39.6717 39.2645 38.9682 38.8974 43.6088 45.6425 38.746 37.9686 35.4718 35.0703 34.4439 34.2295
threshold=4.0833333333333348 52.800000000000004 1.5000000000000002 0.59166666666666679 1124.8200000000004 147.22000000000003 0 19.500000000000004 1 232.00000000000003 227.50000000000003 11.500000000000002 6.5000000000000009 51.000000000000007 19.500000000000004 131.45000000000002 16365.330000000002 1.0000000180025095e-35 6.5000000000000009 2 18.000000000000004 948.80000000000007 12.500000000000002 1.0000000180025095e-35 8.5000000000000018 853.81416666666689 5435.7500000000009 35.500000000000007 27.500000000000004 13.500000000000002 272.50000000000006 525.18625000000009 852.06000000000006 3 1129.6800000000001 4 46.208787878787881 1.6100000000000003 275.50000000000006 5 32.500000000000007 11807.703750000002 4527.3225000000011 3768.2950000000001 7.6800000000000042 3636.6300000000006 7539.5700000000006 3998.0925000000002 1767.3600000000004 3698.8200000000002 253.53000000000003 70.500000000000014 14.500000000000002 3.5000000000000004 147.22000000000003 3.5000000000000004 785.33500000000015 62.760000000000005 1198.2057142857145 21.500000000000004 2622.9600000000005 21.500000000000004
decision_type=10 10 2 10 10 10 9 2 9 2 2 2 2 2 2 10 10 8 2 9 2 10 2 10 2 10 8 2 2 2 2 10 10 9 8 9 10 10 2 9 2 10 10 10 10 10 10 10 8 10 10 2 2 2 8 10 10 8 10 2 10 2
left_child=1 5 8 -2 6 17 31 11 9 -3 33 12 13 18 -15 23 30 -1 50 26 -19 -11 -13 -5 25 -6 -14 -22 29 58 32 36 38 45 -35 -20 -4 -38 -16 -26 42 43 59 -42 -7 -9 47 -32 -49 -48 -8 -39 56 54 55 -29 -46 -21 -28 -41 -36 -44
right_child=3 2 4 15 24 44 7 10 -10 21 -12 22 19 14 16 -17 -18 20 35 57 27 -23 -24 -25 39 -27 28 53 -30 -31 46 -33 -34 34 60 -37 37 51 -40 40 41 -43 61 -45 52 -47 49 48 -50 -51 -52 -53 -54 -55 -56 -57 -58 -59 -60 -61 -62 -63
leaf_value=-0.016617622441004995 -0.020702824295665629 -0.035005536596082819 -0.0058637918289397035 -0.026103223975977606 0.0047788051995798523 -0.018691554260529507 0.0073048375561327438 0.0017817027682781495 -0.0028003041788457507 -0.019913088170804324 0.0086667422536471448 -0.0033502470057248258 -0.011575299914737392 -0.0032005226031440979 0.0062192590921697818 -0.017832539335557309 -0.015023068558890539 -0.01269289459573212 -0.0017584993705187981 -0.0061352329583167654 -0.010391899233229069 0.017670901118215038 0.0099322076479564907 -0.0054800304534086868 0.011896396868473422 -0.0097282412809818215 0.0029528140084250521 -0.018743968028256962 0.0019878383842316088 -0.019292261416928188 0.0013040264502734431 -0.012110565201709838 0.016889842129456021 0.00049359007492493455 -0.016082999526541245 -0.012282415510972609 0.018865493070531276 -0.0025459015211005435 0.019698348725827437 0.00027688535344816249 0.0039626976204081175 -0.0070517953981917309 -0.019689572746654605 0.012025249084528565 -0.0025087294446937847 -0.0095532710645543882 -0.03909309770937297 -0.063706238147024433 0.010279563657616141 -0.0026520040043915283 0.047395081230311054 0.0094442691908729719 -0.014345682505755367 0.0039789717789275548 0.00032584155670423214 -0.0033319472906899496 0.058623005258731965 0.0015529551562894356 -0.011324807548602579 0.008167069105785716 -0.0011954047258169542 0.00041198840869322565
leaf_weight=381.85623250156641 1526.5552727840841 259.09915062598884 242.2864994071424 160.23868024908006 809.55144689232111 737.29429836571217 336.97871113941073 1239.0956178344786 1000.6228461693972 110.55226719751954 500.11955617927015 463.31906460225582 1032.2025917507708 2006.217609686777 4961.4810398295522 837.66846338286996 180.90912263095379 533.49899511784315 2352.9127869978547 896.43625166639686 639.06107722967863 80.365062817931175 1982.1420957520604 2955.1473290417343 1593.5547455735505 514.14216196537018 553.99173389747739 327.20367263630033 1497.2911552526057 365.93841142207384 2637.3135166503489 145.12262065708637 691.98493928462267 397.90426021628082 1030.2872648648918 642.57983766496181 659.27100004628301 422.23663198947906 316.34277131967247 1651.4018526338041 1556.4249068535864 286.18276356160641 222.21318536624312 2797.1881357245147 504.02120378240943 568.72584206797183 50.830558802932501 11.080621495842932 1285.7564778663218 169.1779431886971 32.297417894005775 1603.6649386771023 552.35135505720973 2025.6823220811784 2929.6430091075599 834.48073851317167 12.028678577393292 6387.4366324730217 345.16863945871592 1184.5497321225703 233.67400962486863 193.85275503247976
leaf_count=6160 46224 4353 1169 5913 3656 14038 1664 6307 6891 1449 2725 2430 6476 11160 23490 15944 1007 6348 12034 5502 7234 538 9746 50697 7801 2511 2821 3894 7137 1959 12301 695 3104 2418 5192 3523 2925 1935 1537 7445 7485 1305 1135 14233 4616 3196 258 55 6014 850 151 7368 5388 15027 20151 12667 111 31384 1801 5438 1285 904
internal_value=-4.97682e-05 0.00110091 0.00218103 -0.0122229 0.00251864 -0.00442659 0.00157096 0.00101261 -0.00876342 -0.0214493 -0.0039186 0.00168349 0.00115931 0.00286694 0.00431138 -0.00894379 0.00577401 -0.00256953 -0.00241771 -0.001257 -0.00183146 -0.00408278 0.00741536 -0.00654881 0.00569572 -0.000859036 -0.00481971 -0.000972023 -0.00230956 -0.00739324 0.00614709 0.00756831 0.00817619 -0.00573463 -0.00996483 -0.00406625 0.00857349 0.00987789 0.00703075 0.00661044 0.00551964 0.00814415 0.00179074 0.00914444 -0.0123105 -0.00177767 0.00322986 0.00404003 0.0095988 -0.0112101 0.0109297 0.00694527 -0.00789356 1.36352e-05 -0.00195016 -0.00768533 -0.000973177 0.000605216 -0.00253455 0.00357426 -0.0133338 -0.0103454
internal_weight=63458.6 57979 48501.9 5479.61 47051.2 9477.12 36242.2 33169.6 1450.64 450.016 3969.81 29199.8 26754.3 15675.9 12311.1 3953.05 10304.9 7671.43 3364.77 11078.5 7289.57 190.917 2445.46 3115.39 10809.1 1323.69 3794.59 6756.07 2762.39 1265.1 10124 3072.58 5969.81 3469.69 1661.87 2995.49 2927.46 2685.17 5277.82 9485.37 7891.81 4639.8 3252.02 4353.61 1805.7 1807.82 4154.16 3934.15 1296.84 220.009 369.276 2025.9 1068.4 6117.01 4091.33 1161.68 516.05 7283.87 899.16 2835.95 1263.96 416.066
internal_count=461175 342397 246763 118778 233532 95634 181619 167527 13231 6340 21123 146404 134228 77148 59776 72554 48616 71481 17372 57080 65321 1987 12176 56610 51913 6167 20194 58973 13718 6581 47609 14092 28131 18398 8895 15557 13397 12228 25027 45746 37945 23023 14922 21718 24153 9503 19478 18370 6069 1108 1815 9303 10115 51739 36712 16561 4727 36886 4622 12883 6477 2039
cat_boundaries=0 1 2 3 4 5 6
cat_threshold=1208 151808 18436 149504 20800 4224
is_linear=0
shrinkage=0.035


Tree=82
num_leaves=63
num_cat=6
split_feature=45 2 22 7 41 2 16 8 19 43 22 3 44 0 49 18 26 14 22 29 40 26 16 8 18 18 49 39 26 22 40 16 22 18 18 49 18 26 26 29 27 32 16 16 3 16 26 29 26 7 3 1 26 37 3 14 26 3 22 17 9 26
split_gain=682.887 267.859 152.641 120.515 119.601 113.322 105.842 86.7526 84.0952 88.6746 79.558 82.1855 65.7384 61.1041 59.7924 63.7655 61.7291 78.2121 66.1228 53.3048 51.2879 50.247 48.7768 47.3547 46.4779 51.2173 52.5155 45.0229 44.4707 44.2146 79.5961 63.9847 49.8478 53.8576 49.8474 46.2945 43.8411 42.7932 59.668 58.4696 56.1353 42.8649 42.5659 41.985 40.6312 39.7757 52.5768 39.4872 54.8482 39.0985 38.0128 36.5173 36.2032 35.7185 35.0534 34.9497 34.7348 34.6991 126.351 35.912 34.311 34.0735
threshold=4.0833333333333348 17.320000000000004 2.5000000000000004 0.59166666666666679 921.12500000000011 1124.8200000000004 0 9.5000000000000018 2130.3040000000005 10.500000000000002 15.500000000000002 86.500000000000014 131.45000000000002 9.3350000000000026 14.500000000000002 12759.216000000002 269.00000000000006 19.500000000000004 65.500000000000014 302.50000000000006 1.0000000180025095e-35 100.50000000000001 1 15.500000000000002 69.497500000000016 525.18625000000009 13.500000000000002 88.530000000000015 314.50000000000006 12.500000000000002 2490.7350000000001 2 32.500000000000007 11807.703750000002 3768.2950000000001 3.5000000000000004 4434.8475000000008 21.500000000000004 131.50000000000003 272.50000000000006 12761.820000000002 479.78000000000003 3 4 29.500000000000004 5 131.50000000000003 333.50000000000006 177.00000000000003 0.47727272727272735 70.500000000000014 501.54000000000008 100.50000000000001 6935.7600000000011 139.50000000000003 19.500000000000004 61.000000000000007 59.500000000000007 39.500000000000007 9085.9500000000025 113.76000000000005 35.500000000000007
decision_type=10 10 2 10 10 10 9 2 10 2 2 2 10 10 10 10 2 2 2 2 10 2 9 2 10 10 10 8 2 2 10 9 2 10 10 10 10 2 2 2 10 10 9 9 2 9 2 2 2 8 2 8 2 8 2 2 2 2 2 10 10 2
left_child=1 7 4 -2 42 6 24 49 9 10 11 47 20 -9 15 16 37 -18 28 60 -5 -13 -11 -10 -4 26 56 -15 43 30 -7 -31 36 34 -34 -32 -33 53 39 40 44 -41 -3 -19 -39 46 -25 48 -8 -1 -38 -46 -6 -12 -42 -16 -26 -40 59 -59 -17 -22
right_child=3 2 5 12 52 29 8 13 23 22 14 21 -14 27 55 19 17 18 -20 -21 61 -23 -24 45 25 -27 -28 -29 -30 31 35 32 33 -35 -36 -37 50 38 57 41 54 -43 -44 -45 51 -47 -48 -49 -50 -51 -52 -53 -54 -55 -56 -57 -58 58 -60 -61 -62 -63
leaf_value=-0.011682988820711622 -0.020371490588062185 0.0017883574921130367 -0.00047591879445938308 -0.025828696306346675 -0.0044652888111190283 0.0037411445191385447 0.0027284871771037613 -0.014625403814276803 0.0092843544280372201 0.0002026971423732572 -0.0092559056073605907 -0.0028308191444732103 -0.017472189198401794 -0.0041812850337795797 -0.016182126626682222 -0.021979587791034677 -0.00080336800227739133 0.0077595756284881802 0.01601049672809381 0.014039026673382193 -0.017119372693520936 -0.023482009404708789 0.015521346863601342 0.011754176923438988 0.0024044566484411108 -0.011877503269983819 0.00060948293208432623 -0.017909240830415136 0.011072881977525819 0.015162170884950116 -0.032117468336841232 0.0037452818402598457 0.0038281166119014214 -0.0068087855232073008 0.011653706535256858 -0.0034741267507163586 0.0066368957266043898 -0.027945667937528066 0.0045348214149091978 0.0038682707120153608 -0.042379006819712003 -0.0053125005040782587 -0.0080869588053447319 -0.0024407024751899788 0.0063447624756597159 -0.018105557510305136 -0.013658654819887822 -0.013130931662912225 -0.0039674318142373091 0.00068516500745927891 -0.016373852616169086 0.016129569362162241 -0.032508210640425458 0.0055165720928582618 0.012181590584637504 -0.0018419963452521065 0.015150065735284107 -0.010260529946901022 0.0011577365259838031 -0.034501722026775067 -0.0050009402414600288 -0.0041094698501885603
leaf_weight=349.79528999887407 1497.6180229578167 1002.0437433104962 715.10220641829073 156.35346450656652 73.01555173844099 1999.2916348315775 3006.1115694120526 1274.673923175782 152.89344873279333 383.24941679090261 746.65859551727772 248.02038825675845 825.26426999270916 2895.575770759955 225.8415519297123 246.30089723691344 1568.8630489856005 958.77754941955209 1039.214689720422 114.15476473420858 270.88478818908334 345.2494057007134 794.02532778680325 167.33741521835327 309.71279200166464 128.90949019789696 507.8948720023036 324.75139673985541 1225.0008461289108 983.31773808225989 123.2113699093461 2383.8590584211051 1554.8167682960629 286.06080641597509 2785.5861276239157 156.47468359395862 130.42200386151671 31.885173067450523 1620.1722046323121 3919.6161699444056 39.54695413634181 739.78072557598352 1132.9824668224901 1002.7600583210588 917.34606857225299 509.10248584672809 243.80088450014591 324.22081186249852 2986.2785969991237 2913.2014518082142 266.16800853982568 955.72981835901737 252.08605546317995 273.21760903298855 21.817885115742683 2538.5540797971189 1711.6396771930158 993.55840819701552 4862.2131274752319 80.248183436691761 357.19820611923933 2670.8214652277529
leaf_count=5987 46224 5729 3727 5913 980 9191 14661 23219 691 1671 4011 1310 15944 26176 2072 1544 8348 4581 5046 656 4891 2633 3602 782 1505 624 2528 3803 5751 4936 588 10839 7485 1305 14233 811 620 138 7814 18602 188 3713 8267 5022 4198 2477 1248 1870 16208 23408 1317 4151 4293 1410 95 16389 7952 5352 24467 498 1675 45806
internal_value=-4.88346e-05 0.00106341 0.00199983 -0.0119264 -0.00650008 0.00243851 0.00152232 -0.0049883 0.000927963 0.00124602 0.000892139 -0.00242414 -0.00869835 -0.00814115 0.00182833 0.00244555 0.00279632 0.00586984 0.00834695 -0.00780659 -0.00635628 -0.0148679 0.0106724 -0.00870741 0.00742262 0.00957479 0.0106724 -0.0055708 0.00584342 0.00561638 0.00129253 0.00679054 0.00564916 0.00788237 0.00885196 -0.016162 0.00195209 0.00162445 0.00212253 0.00454667 0.00960641 0.0024098 -0.00348294 0.00257359 0.0106714 -0.0117035 -0.0032335 -0.00125323 -0.000608497 -0.000643882 -0.00880891 0.0113434 -0.026243 -0.00529694 -0.0230961 -0.00301896 0.0131993 -3.42094e-06 -0.00124264 -0.0121025 -0.0119552 -0.00531289
internal_weight=63320.3 57899.3 50141.3 5420.94 2460.13 47681.2 37012 7758 33638.7 32565.6 31388.3 6909.88 3923.32 4495 24478.5 21714.1 20996.4 5794.62 4225.75 717.654 3098.06 593.27 1177.27 1073.13 3373.26 2658.16 2529.25 3220.33 3186.54 10669.2 2278.98 8390.23 7406.91 4626.46 4340.4 279.686 2780.45 15201.8 14181.9 6625.72 1966.33 4659.4 2135.03 1961.54 1904.96 920.241 411.138 6316.61 5992.39 3263 396.59 1873.08 325.102 1019.88 61.3648 2764.4 2021.35 7556.19 5936.02 1073.81 603.499 2941.71
internal_count=461175 342397 259804 118778 19269 240535 189210 82593 172874 167676 162403 36682 72554 53198 125721 107260 103385 28748 20400 3875 56610 3943 5273 5198 16336 12609 11985 29979 15354 51325 10590 40735 35799 23023 21718 1399 12776 74637 69216 31085 8770 22315 13996 9603 8487 4507 2030 32739 30869 29395 1937 8349 5273 5421 283 18461 9457 38131 30317 5850 3219 50697
cat_boundaries=0 1 2 3 4 5 6
cat_threshold=66808 16384 4224 3081 147456 147456
is_linear=0
shrinkage=0.035


Tree=83
num_leaves=63
num_cat=10
split_feature=45 2 22 16 2 49 14 27 26 8 3 40 8 22 16 22 27 18 18 47 18 44 26 16 32 16 27 44 22 16 25 39 30 46 37 32 22 22 3 26 32 16 46 16 22 43 3 48 26 16 43 40 18 48 46 16 49 48 18 44 2 16
split_gain=648.207 295.007 141.747 121.386 115.654 84.6294 81.3981 80.1408 75.5426 72.2135 70.9593 67.7159 62.0029 61.4638 94.6696 67.4225 87.3023 59.2184 58.452 57.1661 55.2492 53.4966 51.5923 78.1755 49.8919 59.2155 48.4967 64.78 59.4967 58.6117 46.786 45.1326 45.5615 43.4422 41.8689 57.2207 41.8337 40.3575 47.9973 44.5089 39.4758 41.2302 42.5126 39.4705 37.9264 37.3276 35.8643 35.7199 37.4697 44.2802 35.5138 35.2533 35.0599 34.5883 37.717 34.5129 34.2745 43.4926 35.9839 33.5687 32.2976 31.9747
threshold=5.2250000000000005 17.320000000000004 2.5000000000000004 0 655.96000000000015 14.500000000000002 16.000000000000004 481.16000000000008 112.00000000000001 9.5000000000000018 252.50000000000003 1.0000000180025095e-35 9.5000000000000018 43.500000000000007 1 21.500000000000004 2646.6300000000006 13915.875000000002 10681.365833333335 2282.1300000000006 16990.017142857145 99.045000000000016 61.000000000000007 2 1850.0400000000002 3 6939.4300000000012 3105.5700000000002 13.500000000000002 4 151.94675000000004 145.17000000000004 8327.4300000000021 56.580000000000005 927.68000000000018 4937.130000000001 7.5000000000000009 15.500000000000002 87.500000000000014 100.50000000000001 758.96000000000015 5 575.5200000000001 6 46.500000000000007 2.5000000000000004 276.50000000000006 4.5000000000000009 223.50000000000003 7 9.5000000000000018 8333.6166666666686 1115.1442500000001 4.5000000000000009 345.69000000000011 8 13.500000000000002 3.5000000000000004 2663.4285000000004 76.360000000000028 2255.6700000000005 9
decision_type=10 10 2 9 10 10 2 10 2 2 2 10 2 2 9 2 10 10 10 10 10 8 2 9 10 9 10 10 2 9 8 10 10 8 10 8 2 2 2 2 10 9 10 9 2 2 2 2 2 9 2 10 10 2 8 9 10 2 10 10 10 9
left_child=1 6 3 8 7 59 -1 47 34 33 17 -8 61 14 15 16 -6 19 50 37 31 43 23 -16 25 30 28 -28 29 -24 -17 32 -15 -9 -3 -36 -35 38 -11 -40 -39 -42 -43 -14 -7 -23 -20 -4 -49 -50 56 -32 -30 -5 -55 -21 58 -58 -12 -2 -34 -13
right_child=5 2 4 53 13 44 11 9 -10 10 18 12 21 20 22 24 -18 -19 46 55 -22 45 26 -25 -26 -27 27 -29 52 -31 51 -33 60 36 35 -37 -38 40 39 -41 41 42 -44 -45 -46 -47 -48 48 49 -51 -52 -53 -54 54 -56 -57 57 -59 -60 -61 -62 -63
leaf_value=-0.02360566837771776 -0.0077803654108372557 -0.016242533405141191 0.00044164521765837364 -0.0089419735570670789 -0.001165806403058409 -0.02491587213967356 -0.027128784070658333 -0.00092254570118531769 -0.028358565638379747 -0.0033493093506352044 -0.024913168505498375 0.0022276257236676358 -0.0011433104724331098 0.0089917297731597935 0.0091392254007046543 0.0042495379678389768 -0.018115768355678342 -0.019547830112872044 0.019443317052155362 0.015569217338351413 -0.0070336365597913003 -0.020990420584222687 0.0028398810832334161 -0.00858601210676058 -0.0086468541388113121 -0.0029757941820769259 -0.017919045980518071 0.023665844377038912 0.0021743041885271428 0.01639820217309557 0.017899341632793803 0.013497450463114851 -0.0037333867336040785 -0.012900317303668451 -0.017720743748677787 0.031077886090395145 0.006029947884187167 0.00055846083539212038 0.0012653572309551336 -0.028877029402736346 0.0091975763953356746 -0.0092731068665005915 0.0026957760777789729 -0.010026329901933735 -0.011027321299536267 -0.0088044921982510498 -0.025260779331933693 0.0095573931572197363 -0.0080460826758598451 0.0064731934340878173 0.018432289239064304 -0.0059410687420233064 0.015799325331267461 -0.0023988836250901733 0.010266822329407203 -0.01529438409343895 -0.015703021561923866 0.0051453831495114292 0.010143796976154414 -0.01691911363781446 0.0081971213648269637 -0.0046463742428437746
leaf_weight=284.34417570009828 1753.8876839503646 165.77601075172424 1451.8227767255157 541.20526831224561 1904.9921169877052 967.27638571150601 159.03492205403745 1933.2242221310735 411.00134490057826 2467.6890671830624 36.329459320753813 2031.4638850986958 1996.7558355294168 2521.3819096311927 575.66859187930822 2056.132514346391 461.69148465432227 221.04033698886633 26.591223482042551 42.025518007576466 299.33071039244533 406.37033671699464 2063.6822345275432 623.42105653882027 411.18112240917981 1028.3528195265681 177.69358346052468 60.799876853823662 272.5017914250493 475.29667010903358 591.52620356529951 1516.2356503605843 749.93358829244971 147.14131895266473 49.515129031613469 69.822550069540739 4191.1434121541679 11802.146866343915 89.684639243409038 179.87618525885046 229.22154094651341 1447.9128744751215 484.78630777820945 879.25914152525365 323.84636242128909 1276.1956706345081 110.53327120095491 2309.309829575941 368.39915974624455 791.82939583621919 285.06040324270725 86.66831960529089 1544.1328737325966 928.03438890166581 416.45281988941133 478.1966041661799 187.14475123770535 350.80853290297091 957.80581246688962 685.88428372889757 440.33093843236566 1384.5811588019133
leaf_count=5964 38267 1729 7738 3903 8788 31679 4613 11676 6154 13890 221 18211 21189 11827 2680 9252 2417 1471 164 193 1407 8440 9578 2748 1912 4808 878 326 1235 2225 3102 8075 3540 768 388 393 19752 62948 561 1666 1232 9139 2243 10474 9387 13325 823 11376 2242 4014 1297 384 7270 6464 2276 2481 1602 2392 4772 14819 2196 14191
internal_value=-4.78161e-05 0.000840377 0.00184175 -0.00614753 0.0022676 -0.0141973 -0.00522975 0.000960874 -0.0185073 0.000176377 -0.000879244 -0.00458452 -0.00413159 0.00450539 0.0031305 0.000239004 -0.00447865 -0.00158792 0.00544347 -0.00135628 0.00757226 -0.0068027 0.00638298 -7.12033e-05 0.00291504 0.00418047 0.0080811 -0.00726313 0.00892275 0.0054592 0.00685778 0.00840973 0.00632829 0.00344088 -0.0049037 0.0108515 0.00538507 -0.000999988 -0.00488517 -0.0188809 -0.000238116 -0.00458496 -0.0062388 -0.0039004 -0.0214435 -0.0117583 -0.0165137 0.00505171 0.00698011 0.00184649 0.00710857 0.0148484 0.0137578 -0.00147157 0.00152901 -0.0127707 0.00499103 -0.0021231 0.00883894 -0.0103554 0.000683406 -0.000566146
internal_weight=63181.4 59450.5 51032.5 2581.81 48450.7 3730.89 8418.01 30589.7 696.115 25668.4 19396.9 8133.66 7974.63 17861 12333.7 6540.54 2366.68 17442.6 1954.27 17221.5 5527.21 4558.58 5793.2 1199.09 4173.86 3762.68 4594.11 238.493 4355.61 2538.98 2734.33 5227.88 3711.65 6271.51 285.114 119.338 4338.28 16701.3 2737.25 269.561 13964.1 2161.92 1932.7 2876.01 1291.12 1682.57 137.124 4921.36 3469.54 1160.23 1817.15 678.195 1816.63 1885.69 1344.49 520.222 1532.09 537.953 994.135 2439.77 1190.26 3416.05
internal_count=461175 367023 270616 21307 249309 94152 96407 164661 8664 139291 107095 90443 85830 84648 57603 30663 11205 95824 11271 94353 27045 53428 26940 5428 19458 17546 21512 1204 20308 11803 12738 25638 17563 32196 2510 781 20520 91679 16117 2227 75562 12614 11382 31663 41066 21765 987 25370 17632 6256 10284 3486 8505 12643 8740 2674 8987 3994 4993 53086 5736 32402
cat_boundaries=0 1 2 3 4 5 6 7 8 9 10
cat_threshold=151826 18697 4224 16384 135168 133120 485 161793 131072 196977
is_linear=0
shrinkage=0.035


Tree=84
num_leaves=63
num_cat=2
split_feature=45 0 22 41 14 2 16 8 49 29 42 23 32 7 14 40 22 37 32 1 40 33 3 33 8 27 37 18 47 41 3 37 33 37 47 29 49 22 40 8 16 14 29 46 47 22 3 33 22 14 35 27 39 22 23 1 27 4 46 19 22 44
split_gain=611.343 278.037 128.287 126.028 108.134 100.556 101.326 85.1422 82.3732 79.8338 83.5628 95.7426 76.3946 71.7702 65.725 68.644 55.9672 65.7919 50.4582 49.9187 45.9936 43.1081 42.8283 58.1186 46.3707 42.629 42.5968 41.9201 44.4252 41.7893 41.0368 39.4607 44.349 39.3887 143.328 47.7834 53.0084 39.6295 61.0609 39.1064 38.5915 38.4037 42.001 38.1087 42.2671 37.8509 42.0131 37.6596 37.2787 36.6591 35.3879 35.3442 34.3301 34.2432 34.9003 34.1294 33.8958 34.8274 33.5857 32.6535 37.4492 32.526
threshold=5.2250000000000005 52.800000000000004 2.5000000000000004 921.12500000000011 16.000000000000004 1678.6100000000004 0 26.500000000000004 14.500000000000002 353.00000000000006 5.5000000000000009 -0.6830127018922193 147.22000000000003 0.47727272727272735 16.000000000000004 11173.690000000001 58.500000000000007 8156.5199999999995 4937.130000000001 inf 1.0000000180025095e-35 1.5000000000000002 242.50000000000003 1.5000000000000002 14.500000000000002 5053.1650000000009 19759.320000000003 525.18625000000009 1423.9000000000003 3814.7450000000003 271.50000000000006 48.060000000000009 2.5000000000000004 297.06000000000006 2746.6050000000005 176.50000000000003 2.5000000000000004 34.500000000000007 5600.5800000000008 10.500000000000002 1 18.000000000000004 130.50000000000003 1075.5000000000002 3770.1000000000004 8.5000000000000018 14.500000000000002 3.5000000000000004 46.500000000000007 20.500000000000004 5.5000000000000009 2335.6600000000008 115.29000000000001 75.500000000000014 -0.6830127018922193 1838.3000000000002 8579.9700000000012 153.06000000000003 120.46000000000002 497.70750000000004 19.500000000000004 218.94000000000003
decision_type=10 10 2 10 2 10 9 2 10 2 2 2 10 8 2 10 2 10 10 8 8 2 2 2 2 10 8 10 8 8 2 8 2 10 8 2 8 2 10 2 9 2 2 8 10 2 2 2 2 2 2 10 10 2 2 8 10 8 10 8 2 10
left_child=1 4 3 40 -1 6 27 9 -2 10 11 16 13 -6 58 18 17 -8 22 -18 -15 -22 24 -24 33 -11 -17 28 31 -9 41 -4 -33 35 -35 36 -16 38 -36 -14 -3 -12 -43 44 -26 46 51 -5 -10 -44 -30 -7 -28 54 -23 -39 57 -47 -13 61 -61 -37
right_child=8 2 5 47 12 45 7 29 48 25 30 14 39 20 15 26 19 -19 -20 -21 21 53 23 -25 43 -27 52 -29 50 -31 -32 32 -34 34 37 59 -38 55 -40 -41 -42 42 49 -45 -46 56 -48 -49 -50 -51 -52 -53 -54 -55 -56 -57 -58 -59 -60 60 -62 -63
leaf_value=-0.022431641559234331 -0.010085945976307418 0.0019313613609423267 -0.0037149206203849097 -0.0058367428231041454 -0.014668118084162178 0.012788856114557504 -0.003071718211176978 -0.0056314180851989408 -0.024611784328150563 -0.010520224373882919 -0.004464309085132275 -0.018860966543533527 0.0013835842065452377 -0.024525847978280616 -0.014698192472782369 -0.020178368734768751 0.0012853993169066431 -0.019712736207085444 -0.014106331057607556 0.023249306712953267 -0.0097439900245043804 -0.0064007228229390227 -0.006054249250942759 0.011061142993694156 -8.1633494538410788e-05 0.0026153242577424433 -0.010988295384717486 -0.010491428953537909 -0.0078923894835890296 -0.026476301578376028 0.021980535535189971 -0.0018881932208747504 0.011454916416590943 0.0029038873339349435 0.012267815528604691 0.0022920850133523935 0.0025745785408851228 0.025948439792715647 -0.018527972575254733 -0.012669353601457834 -0.0075680997267051943 0.012970264520973654 0.010598567565620708 0.0053960560559715891 -0.021976969918879884 0.0060612185968265311 -0.0084001742909121154 -0.032400195683839138 -0.010751627832230692 -0.0009592518257239862 0.016966250508547817 -0.034022040751073956 0.0063979919179568646 0.0055623045911028608 0.00015033764302865708 0.010308717608189733 0.0001130898038123225 0.012056816702891609 -0.0031792103520793314 0.00072308771957177572 0.015683739679551612 -0.014758201538324066
leaf_weight=392.79735808447003 2417.8091385718435 1072.8845311254263 429.28173994645476 88.565361311659217 534.0176601447165 254.53012039512396 5530.3850033320487 337.56063775718212 945.35653465054929 1032.6518877930939 365.71910384297371 206.27298363670707 290.51811985857785 102.89965707994998 426.38011492788792 229.37318067625165 1990.6741914767772 306.26352743245661 208.16694065369666 134.3922196701169 640.9903519153595 1283.192083267495 288.62443578802049 1519.2170460186899 6695.4844343792647 427.4756971783936 276.28593786805868 147.2968862131238 75.843452520668507 180.60103080235422 213.9073161482811 403.69416301324964 1245.7407995183021 5731.0464783646166 1009.0761371478438 2258.5075145848095 442.99985622242093 478.24241867288947 84.671785064041615 1463.3340166024864 1009.2759302873164 1050.2110879123211 562.41497819125652 1719.1527885906398 108.77370712533593 3267.1964932233095 417.03700954467058 254.29487526603043 320.60900237038732 833.13879658281803 854.77798178792 20.459808140993118 278.27983192354441 1047.0517029128969 4441.7808880358934 268.78836126625538 715.69396416470408 1867.2704808339477 870.76646867953241 358.31663191318512 478.22419346868992 144.9142376370728
leaf_count=7492 53086 6293 2126 1189 10733 1157 29765 1840 31679 5541 1594 1823 3621 2884 2019 1361 10332 2010 1087 600 7231 12566 1570 7736 35221 2202 1446 716 339 963 1083 1879 5832 29977 4435 10084 2364 2133 395 20363 7420 5053 2597 7715 576 15575 1991 4534 9387 3763 3836 92 1470 8404 37863 1232 3641 9930 4915 1555 2197 662
internal_value=-4.67662e-05 0.000811823 0.00190257 -0.00594494 -0.00444773 0.00230979 0.00165487 0.00114031 -0.0138802 0.00134061 0.00167455 0.00114946 -0.00372497 -0.00228219 0.00224949 0.00264521 -0.00217765 -0.00394814 0.00300442 0.00268471 -0.00140031 -0.00107604 0.00316687 0.00832681 0.00270479 -0.00667542 -0.0075275 0.00766368 0.00858095 -0.0129337 0.00723382 0.00573093 0.00819007 0.00413698 0.0056341 0.00137769 -0.00590386 0.0141281 0.00986903 -0.0103421 -0.00270175 0.00610442 0.00768596 0.000741739 -0.000434833 0.0063336 -0.00140507 -0.0255754 -0.0211129 0.00370286 0.014934 0.00919538 -0.00226808 -0.000254282 -0.00131887 0.0203424 0.00724911 0.00824358 -0.00619727 0.00333277 0.00928414 0.00125833
internal_weight=63051.2 59367.4 49170.8 2425.02 10196.6 46745.8 40203.6 37047 3683.77 36528.8 35068.7 32043.3 9803.78 8049.93 24081.6 23004.5 7961.71 5836.65 22220.6 2125.07 7515.91 7413.02 22012.4 1807.84 20204.6 1460.13 783.939 3156.64 3009.34 518.162 3025.39 2078.72 1649.43 11681.2 7571.83 4109.34 869.38 1840.78 1093.75 1753.85 2082.16 2811.48 2445.76 8523.41 6804.26 6542.19 692.027 342.86 1265.97 1395.55 930.621 274.99 554.566 6772.02 5724.97 747.031 5850.16 5134.47 1077.04 3239.96 836.541 2403.42
internal_count=461175 367023 255866 19436 111157 236430 204044 189316 94152 186513 178770 164680 103665 79681 121973 115235 42707 31775 110958 10932 68948 66064 109871 9306 100565 7743 4277 14728 14012 2803 14090 9837 7711 57053 38172 18881 4383 8195 4830 23984 13713 13007 11413 43512 35797 32386 3240 5723 41066 6360 4175 1249 2916 58833 50429 3365 29146 25505 6738 14498 3752 10746
cat_boundaries=0 1 2
cat_threshold=1272 3081
is_linear=0
shrinkage=0.035


Tree=85
num_leaves=63
num_cat=8
split_feature=0 17 2 50 45 16 32 26 29 16 22 29 26 14 40 14 29 22 18 22 41 26 3 26 22 29 22 16 18 18 22 37 22 46 4 14 41 3 16 40 32 49 16 17 8 16 48 41 16 8 2 30 22 22 17 52 16 37 48 19 46 18
split_gain=577.945 212.293 158.231 141.124 121.123 68.4814 68.0174 71.5412 81.4671 108.287 115.943 94.3735 72.7074 93.6688 66.7337 65.9733 76.2212 61.2962 57.6164 56.8055 93.6065 56.6572 55.9943 68.1859 94.72 79.2006 62.4948 53.0634 52.8812 52.3196 51.4001 49.1686 46.8841 46.6106 42.8337 42.1174 41.4379 47.1658 42.9128 59.6025 40.9433 79.3529 56.1229 52.5405 54.4612 39.6281 39.3624 38.5924 39.3335 51.746 47.9996 62.5587 49.753 44.9923 38.5596 38.4641 38.3066 37.1606 36.8428 35.6594 36.2537 35.0894
threshold=18.550000000000001 1.0000000180025095e-35 546.75000000000011 0.13416407864997237 5.5833333333333348 0 1107.6200000000001 21.500000000000004 232.00000000000003 1 6.5000000000000009 272.50000000000006 269.00000000000006 19.500000000000004 443.08333333333343 16.000000000000004 84.500000000000014 41.500000000000007 525.18625000000009 48.500000000000007 8493.3000000000011 314.50000000000006 56.500000000000007 131.50000000000003 19.500000000000004 272.50000000000006 13.500000000000002 2 2780.1750000000002 12759.216000000002 1.0000000180025095e-35 61.050000000000011 65.500000000000014 575.5200000000001 1.4650000000000001 16.000000000000004 18738.880000000001 266.50000000000006 3 1692.4275 1107.6200000000001 5.5000000000000009 4 2104.8300000000004 7.5000000000000009 5 6.5000000000000009 2893.23 6 15.500000000000002 1900.8900000000003 10443.960000000001 22.500000000000004 13.500000000000002 1631.5200000000002 11.500000000000002 7 8156.5199999999995 3.5000000000000004 1594.5779166666669 109.47000000000001 9224.7225000000017
decision_type=10 8 10 8 10 9 10 2 2 9 2 2 2 2 10 2 2 2 10 2 10 2 2 2 2 2 2 9 10 10 2 8 2 10 8 2 10 2 9 10 8 10 9 10 2 9 2 10 9 2 10 10 2 2 10 2 9 10 2 10 8 10
left_child=3 5 4 17 6 -2 7 57 9 31 18 36 14 -14 -12 -4 47 55 -11 20 22 32 26 25 -25 -24 56 -8 -28 54 -7 -9 59 -29 -16 -5 37 38 -10 -40 41 -13 -42 -44 -45 -26 -35 48 -17 53 51 -51 -52 -50 -21 -1 -18 -3 -19 60 -15 -23
right_child=1 2 15 35 -6 30 27 8 11 10 12 40 13 21 34 16 19 58 -20 29 -22 61 23 24 45 -27 28 33 -30 -31 -32 -33 -34 46 -36 -37 -38 -39 39 -41 42 -43 43 44 -46 -47 -48 -49 49 50 52 -53 -54 -55 -56 -57 -58 -59 -60 -61 -62 -63
leaf_value=-0.012313640468598015 0.0048258859061949154 -0.010510786870096166 -0.0064950378633735839 -0.023699686944127826 -0.01026727601568779 -0.027333097314293855 0.0065561391241073571 0.00098511020418208658 0.012243676231470203 -0.0065310055603710181 0.0087892379625589181 -0.01785484878760216 -0.0048120799259011677 -0.0056747116232434619 -0.0062973520661995892 0.0118376727023975 0.0076193474817323149 -0.018116863811794483 -0.023635362633214137 0.018973747323423645 -0.013180444439766995 0.009573401529590627 0.015171527158485017 -0.021036161519686385 0.00081010135899241341 0.0002457796272380207 0.0056163760157796495 -0.010745121384608461 0.016254158188161082 -0.0079001944749588736 -0.010155672655717497 0.013410816952653318 0.0087226602011938707 0.0080706081049972383 -0.0010649919898035902 -0.0050721905846335246 -0.0207608224298934 0.020114403969419357 -0.0024303580394724892 0.0083866975341172715 0.022810523835297584 5.1374907256555235e-05 -0.001061012481763518 0.021512621871411303 0.0041874452955815503 -0.011555468271403599 -0.010900558046996092 0.017138840366969766 -0.0080717403259019833 0.0027416661945709711 -0.011226807860198116 -0.016457907356628776 0.018403093837891873 0.014612177552206165 0.0065713314163146509 -0.023522493313934432 -0.00065959175691683017 0.0051008378932731226 -0.0022550366974686811 -0.026078940748724418 0.0031179244716177997 -0.015157109383361093
leaf_weight=548.92838084883988 186.24796074815094 980.08256334625185 736.29706102609634 153.94478571042418 1369.7067748308182 431.13982380367815 386.44253230467439 656.55946258828044 1227.8466044440866 739.13844998367131 583.99568468332291 332.40792288631201 1781.3629978168756 913.41087201237679 3549.1992927379906 1314.6465620100498 906.51869929768145 284.98255454748869 358.0213605556637 334.79483819007874 484.25316048227251 2135.1447702478617 567.98908627033234 362.67201045155525 1618.5263636428863 1856.5178585611284 2338.5857854802161 1496.1069733798504 757.93359972164035 284.36189072951674 425.2787452749908 960.85249485820532 835.90359134227037 358.64805970527232 4166.2023721560836 3744.4788055196404 61.454714335501194 358.08408631011844 1002.0364688523114 1651.3647058345377 169.50435228645802 3343.1288804914802 1834.3997454456985 290.14959291741252 942.49347612261772 383.84511262178421 212.52306667529047 552.45687575824559 126.99233146570623 517.81301899254322 94.449546083807945 346.08479442447424 255.24082381650805 664.44281282275915 3642.7440562173724 1210.3746237233281 2696.2508160769939 230.05160398408771 482.15626715309918 65.744841836392879 1544.111040558666 71.807455385103822
leaf_count=13842 1924 6394 3879 2765 27771 12191 2380 4220 6365 4549 3115 2255 11877 6495 25527 6283 4117 8628 3153 1619 2914 12600 2659 2168 7693 8760 10762 10710 3683 1378 3447 4948 4562 1670 18904 41007 431 1830 5045 8317 735 20681 8481 1382 4463 1867 1113 2959 627 2536 472 1706 1363 3195 17922 42396 12921 1436 13302 325 7941 515
internal_value=-4.58121e-05 0.00108548 0.0013798 -0.00999192 -7.11742e-05 -0.0145535 0.000349292 0.00079635 0.00113775 -0.000297782 -0.00113488 0.00348831 -0.000363983 0.00217156 -0.0026087 0.00378886 0.00416574 -0.0164343 -0.0121289 0.00311299 0.0018775 0.00440704 0.00251328 -0.000376539 -0.0046038 0.00374725 0.00457906 -0.00525756 0.00822459 0.00658264 -0.0186079 0.00831915 0.00154394 -0.00746365 -0.00347246 -0.00581366 0.00755833 0.00797366 0.00684866 0.0042862 0.000955159 -0.00157244 0.00382519 0.00268574 0.00827972 -0.00161854 0.00100505 0.00857777 0.00714831 0.00399033 -0.000531742 -0.00495998 0.010391 0.0109668 0.00761977 -0.0200341 0.00144438 -0.00754119 -0.00816342 -0.000836723 -0.000151098 0.00876225
internal_weight=62918.8 56494 55451.3 6424.87 34607.9 1042.67 33238.2 30784.5 29574.3 18361.5 16744 11212.9 15646.9 7347.49 8299.4 20843.4 20107.1 2526.44 1097.16 16235 11973.1 5566.12 11488.8 4789.55 2365.04 2424.51 6699.29 2453.72 3096.52 4261.9 856.419 1617.41 3359.17 2067.28 7715.4 3898.42 4300.79 4239.33 3881.25 2653.4 6912.08 3675.54 3236.55 3067.04 1232.64 2002.37 571.171 3872.13 3319.67 2005.02 1213.59 863.898 349.69 791.435 3977.54 1759.3 3602.77 1210.13 767.139 2523.27 2457.52 2206.95
internal_count=461175 339235 321673 121940 220190 17562 192419 176546 168716 108731 99563 59985 91861 44315 47546 101483 97604 78168 7702 78463 57544 32438 54630 23147 11728 11419 31483 15873 14445 20919 15638 9168 19323 13493 44431 43772 21988 21557 19727 13362 37997 22936 15061 14326 5845 9560 2783 19141 16182 9899 6077 4242 1835 3822 19541 56238 17038 7830 21930 14761 14436 13115
cat_boundaries=0 1 2 3 4 5 6 7 8
cat_threshold=13 66681 134144 133288 128 147456 136328 1160
is_linear=0
shrinkage=0.035


Tree=86
num_leaves=63
num_cat=5
split_feature=45 2 17 2 49 44 42 16 48 14 16 26 22 48 8 29 22 16 22 8 18 16 17 18 26 26 48 29 32 18 25 47 41 39 30 40 22 37 8 18 18 18 22 47 11 47 16 2 22 44 19 19 39 4 26 0 1 11 27 29 0 8
split_gain=546.983 249.474 144.572 115.386 79.755 69.3071 79.6991 101.523 68.4935 67.0641 64.8689 64.2652 61.038 59.7231 59.1472 56.324 53.7323 90.6241 73.0165 64.2385 59.2227 58.3854 68.404 57.4442 49.9236 49.2492 48.2859 46.7583 43.8606 44.9049 42.8584 38.5235 37.6613 37.6553 39.5554 37.0371 36.604 36.3775 35.9033 34.9778 35.5727 64.3663 50.3116 39.0934 37.9702 35.4283 33.9431 33.4398 33.3597 32.9625 34.5077 32.8532 32.6149 31.956 31.2972 31.0482 31.1542 30.9937 30.965 33.5165 30.4358 30.2513
threshold=5.2250000000000005 4.330000000000001 1.0000000180025095e-35 546.75000000000011 14.500000000000002 93.680000000000021 2.5000000000000004 0 3.5000000000000004 18.000000000000004 1 314.50000000000006 1.0000000180025095e-35 11.500000000000002 8.5000000000000018 207.50000000000003 43.500000000000007 2 15.500000000000002 19.500000000000004 2639.146666666667 3 830.08000000000004 16990.017142857145 122.00000000000001 100.50000000000001 4.5000000000000009 333.50000000000006 1490.1450000000002 7120.7249999999995 151.94675000000004 2282.1300000000006 1886.4000000000003 145.17000000000004 8327.4300000000021 18827.791666666668 35.500000000000007 41161.68 11.500000000000002 10175.094545454547 378.14000000000004 69.497500000000016 6.5000000000000009 694.56000000000006 211.22500000000005 240.56000000000003 4 2255.6700000000005 1.0000000180025095e-35 76.360000000000028 3.6208333333333331 46.215277777777786 12.490000000000002 2077.0500000000006 100.50000000000001 693.5200000000001 595.89000000000021 431.69500000000011 3834.1800000000003 333.50000000000006 250.13333333333335 15.500000000000002
decision_type=10 10 8 10 10 8 2 9 2 2 9 2 2 2 2 2 2 9 2 2 10 9 10 10 2 2 2 2 10 10 8 10 8 8 10 10 2 10 2 10 10 10 2 10 10 8 9 10 2 10 10 10 10 8 2 10 8 10 10 2 10 2
left_child=1 8 12 5 49 9 7 58 37 -4 11 35 -3 16 57 48 17 19 20 38 26 22 -20 33 -9 -22 -19 -12 29 30 -24 60 -13 34 55 39 -6 -1 53 40 41 -11 -42 44 51 -43 -29 -36 -10 50 -2 52 -44 54 -5 56 -18 -8 59 -7 -16 -26
right_child=4 2 3 13 36 6 14 24 15 10 27 32 -14 -15 31 -17 23 18 21 -21 25 -23 28 -25 61 -27 -28 46 -30 -31 -32 -33 -34 -35 47 -37 -38 -39 -40 -41 42 45 43 -45 -46 -47 -48 -49 -50 -51 -52 -53 -54 -55 -56 -57 -58 -59 -60 -61 -62 -63
leaf_value=-0.01472381985896074 -0.024835512470746484 -0.024025506687758394 -0.0062455064416529951 0.014955352089801801 -0.024824269434970701 0.0050505098927646529 0.0034609228320772859 -0.0028814131711960753 -0.025692135034595442 -7.6011622992343343e-05 0.00023692960177412083 -0.00083582347424507677 -0.0051453208958120054 0.010550946201572433 -0.0033338786457396035 -0.00033085850504557617 -0.001306581069840223 -0.0086436749057110691 0.015386075700850089 -6.2114798367377832e-05 0.0038914589207449768 -0.003601787868189836 0.0028075461146091396 -0.0085339067055888677 -0.0081435551935471057 -0.022981389231821973 0.0014360847409045743 0.0024339318804463736 -0.0067386664712601853 -0.012140201038600189 0.012069764573658607 -0.011242669129961021 0.016487159314701873 0.011401835559367782 -0.0052224800722537688 -0.022475569714732267 -0.011934575388446016 0.081726484536846417 0.012245808378629803 0.012833573963890201 -0.022157157942982807 0.0058855150499358419 0.00046720590106889164 -0.0098157012084418311 0.031242137139299481 0.016616343480352787 -0.017307506267863725 0.0071906127615176977 -0.0075472294144480678 -0.016160146000530593 -0.0055793819501009038 0.0033525075612124292 -0.012341243642240759 0.034420515742921237 -0.0041010582098457262 0.0098156294833491135 0.011945392551983786 0.015307085973760869 -0.014319149013235827 -0.018946816782431243 0.0016545326379462672 -0.016478925733898583
leaf_weight=1128.566194485873 121.96481812931597 347.29430203326046 1194.2386178206652 137.92243010550737 816.81198248453438 1455.3486203961074 697.2479695379734 1496.0932662952691 132.95032687298954 1105.6715981215239 5308.1861054413021 195.86546195298433 529.21066660247743 1460.2331690508872 2178.1571634560823 1933.1148911546916 780.09740147553384 930.51702880300581 577.77770044654608 1186.1042873859406 111.25625192373991 1601.0776412654668 2864.6578917168081 316.51782660931349 1530.2252182047814 331.24526149407029 1551.7710608914495 159.55344642326236 541.05919179692864 201.70089868828654 777.60472838953137 386.4607366733253 712.23466701991856 1557.6994783505797 706.78911043331027 68.11818603053689 407.50253166630864 3.8329162783920756 1870.2801805641502 444.48416533693671 106.464748326689 788.02779524773359 941.65797017887235 329.52604192495346 54.844257570803165 724.44656773284078 324.50505771487951 424.78348611295223 1735.9081494379789 663.84338480234146 1588.0980809032917 5992.6119410246611 327.45649528875947 35.098580554127693 438.82028478384018 1901.42067694664 300.1442453302443 441.93872175365686 122.84503710828722 73.995507404208183 4794.3824008740485 821.62313559092581
leaf_count=20269 3935 8491 8431 648 28788 9832 3243 10363 2741 6789 30526 1207 3576 7153 11213 21112 3578 4343 2579 5662 598 7489 12773 1503 11567 1956 7222 1028 2461 969 3979 1903 3951 8312 3305 374 12278 34 8904 2455 835 4778 6776 1654 243 3260 2189 2122 23326 14819 34332 31188 2320 198 2118 8960 1374 1970 878 539 21150 8606
internal_value=-4.45601e-05 0.000760955 0.00144623 0.00167783 -0.013292 0.000387612 -0.0014764 -0.00475871 -0.0067729 0.00177718 0.00232238 0.00381041 -0.012645 0.00373011 0.000648258 -0.00452021 0.00320932 0.0019582 0.000148192 0.00662043 -0.00445023 0.00219779 0.00406823 0.00595776 -0.00786208 -0.0162313 -0.0023444 -0.000712315 0.00258308 0.00389658 0.00478775 -0.000500954 0.012754 0.00676796 0.00501075 0.00306656 -0.0205473 -0.0143255 0.00983914 0.0032295 0.00281667 0.00634328 0.00162502 0.00195902 0.0024906 0.011033 -0.0111154 -0.000560468 -0.00885111 -0.00954313 -0.00696648 0.00226919 -0.00284474 0.00247444 0.000474096 0.00712457 0.00238311 0.00806595 0.00250183 0.00387781 9.59443e-05 -0.0110613
internal_weight=62789.9 59191.7 54257.3 53380.8 3598.22 32776.2 13998.3 5500.13 4934.37 18777.9 17583.7 11791.4 876.505 20604.6 8498.19 3801.97 19144.3 13156.9 9488.67 3668.23 2924.79 6563.88 4962.8 5987.45 3847.94 442.502 2482.29 5792.24 4385.02 3843.96 3642.26 7359 908.1 5670.93 4113.23 10883.3 1224.31 1132.4 2482.12 10815.2 10370.7 2618.15 7752.56 7646.1 7316.57 1512.47 484.059 1131.57 1868.86 2373.91 1710.06 7261.73 1269.11 611.841 576.743 2981.66 1080.24 1139.19 1652.19 1529.34 6972.54 2351.85
internal_count=461175 367023 299541 287474 94152 189268 81264 41785 67482 108004 99573 65830 12067 98206 39479 47179 91053 61899 44369 17530 14119 30250 22761 29154 30536 2554 11565 33743 20182 17721 16752 34266 5158 27651 19339 60672 41066 20303 11868 60298 57843 14827 43016 42181 40527 8038 3217 5427 26067 53086 38267 40284 9096 2964 2766 13912 4952 5213 11249 10371 32363 20173
cat_boundaries=0 1 2 3 4 5
cat_threshold=207928 1505 5248 147456 20480
is_linear=0
shrinkage=0.035


Tree=87
num_leaves=63
num_cat=7
split_feature=0 22 16 42 47 24 43 37 26 35 23 26 22 3 18 22 33 22 40 33 32 16 14 3 22 46 14 21 49 49 14 26 2 16 37 40 18 24 16 48 16 0 3 49 35 47 14 13 22 12 16 14 1 3 26 18 48 26 16 40 2 22
split_gain=517.029 183.104 135.93 135.755 227.31 132.439 121.141 106.28 89.0105 65.7605 65.2871 64.5338 62.5251 57.8688 57.3949 66.9783 56.1797 90.5384 74.3216 57.2187 54.3133 64.8151 53.5193 52.4847 76.1137 52.2618 51.0794 50.0222 48.3597 61.1006 47.8386 47.831 47.1237 46.3225 46.1861 45.9377 45.1873 44.6086 44.2041 42.5906 45.684 42.4451 41.8444 42.8928 41.3008 44.004 40.797 44.2765 40.6658 40.544 46.7491 40.446 44.3054 39.9617 37.812 36.9168 36.1835 35.6971 36.6638 47.9969 35.2827 35.1099
threshold=18.550000000000001 1.5000000000000002 0 3.5000000000000004 inf 6.5000000000000009 1.5000000000000002 inf 122.00000000000001 7.5000000000000009 -0.5 51.000000000000007 41.500000000000007 248.50000000000003 4289.058 36.500000000000007 9.5000000000000018 15.500000000000002 2616.3600000000006 6.5000000000000009 1272.0600000000002 1 16.000000000000004 37.500000000000007 16.500000000000004 7228.6250000000009 16.000000000000004 226.16000000000005 2.5000000000000004 12.500000000000002 20.500000000000004 21.500000000000004 668.25000000000011 2 11367.540000000001 4814.7600000000011 9437.4525000000012 7.5000000000000009 3 4.5000000000000009 4 1816.7400000000002 111.50000000000001 12.500000000000002 15.500000000000002 1334.4600000000003 19.500000000000004 0.89181286549707617 68.500000000000014 1437.9000000000003 5 19.500000000000004 10502.730000000001 38.500000000000007 131.50000000000003 11807.703750000002 3.5000000000000004 21.500000000000004 6 2231.9400000000001 4217.2600000000011 88.500000000000014
decision_type=10 2 9 2 8 10 2 8 2 2 2 2 2 2 10 2 2 2 10 2 10 9 2 2 2 10 2 8 10 10 2 2 10 9 8 10 10 8 9 2 9 10 2 10 2 8 2 10 2 10 9 2 8 2 2 10 2 2 9 10 10 2
left_child=5 2 8 4 6 26 7 14 37 39 -9 33 -7 20 38 -16 19 18 30 27 32 25 -8 60 -25 42 -1 57 -24 31 -18 -30 49 -11 61 -35 -31 53 -3 40 -5 -23 43 -22 45 -15 -46 -48 -19 -13 -51 52 -34 -2 -44 -53 -14 -6 -59 -60 -21 -26
right_child=1 3 -4 9 16 12 22 10 -10 11 -12 13 56 44 15 -17 17 48 -20 23 21 41 28 24 34 -27 -28 -29 29 36 -32 -33 51 35 -36 -37 -38 -39 -40 -41 -42 -43 54 -45 46 -47 47 -49 -50 50 -52 55 -54 -55 -56 -57 -58 58 59 -61 -62 -63
leaf_value=-0.024374621797370922 -0.014723681173288095 -0.011856164750946342 -0.0033131731363193928 0.028770638039027054 -0.0082913033562352668 -0.021135430304225079 -0.010898916834331664 -0.004722000777417858 -0.034833529797716097 0.0036094575850649474 0.020119265389995498 0.0031516355673572296 -0.018742318635387268 0.0064461656177705858 -0.028118911496472755 -0.0096595721253853826 -0.016148101823442885 0.011143744303025619 -0.029071705461962603 0.0037382360345287031 -0.0047282631978977571 -0.00054120250875794361 -0.0059924581726699599 -0.026573020102916206 0.00081140956824842013 -0.060442480711598627 -0.005324352839377846 0.0014606461024361209 -0.0078438126883714834 -0.0024702185562718482 0.010133822573949144 0.0022283388562014976 0.0014644833153832941 -0.0093959789612780443 -0.0072389562859045443 0.0037748143653018665 -0.019597592429528549 -0.028572787587952807 -0.0030491773707068829 0.0065249935125664535 0.0061364465441928586 0.013708782742792539 0.016676595041006922 -0.026059964868678585 -0.005438020091647195 -0.028222850254286457 0.01000539222383481 0.026930441781170822 0.025704452840833152 -0.020529128947831116 0.0060966814767096757 0.0093474511161122428 -0.063129443515619915 0.0179517199646985 -0.0066609228010926936 -0.011170492786696391 -0.00093655957481100706 0.01321918607828412 -0.00061916981279056178 0.0088286870777494527 0.030638944693737003 0.021127366614121793
leaf_weight=178.9618182759732 88.994511200115085 1150.6661810036749 1530.9118205867708 271.07784012705088 175.82597746700048 1379.3900757394731 609.19572163745761 256.44418365880847 346.0551504381001 1153.1789506077766 260.3938690200448 6618.312372893095 221.7505606636405 460.09332256019115 365.65336262248456 706.83014133758843 109.35043210536242 831.12941129505634 99.320068720728159 1118.2064590826631 248.10746803879738 930.83508580178022 1674.2036445587873 167.03389888256788 956.33934292569757 22.605743229389191 4170.8335393704474 3483.8050020039082 610.85199407860637 4110.4843400996178 366.43835557997227 10314.466183822602 905.89589194953442 1128.4710082188249 1073.6346191912889 454.47455855458975 196.81653553247452 85.707746161147952 1812.3097260855138 828.94667598605156 211.36445043981075 352.18340308964252 124.7304884493351 215.89246947318316 98.845146752893925 48.690093621611595 383.54641732573509 376.61790354549885 328.55607973784208 182.06913815438747 135.68850643932819 3618.7205722332001 12.197336286306379 92.485592227429152 261.8440515473485 109.8999397456646 375.75589088536799 1108.2009656131268 983.55919013917446 1992.4756887927651 62.135395973920822 115.9615868255496
leaf_count=3632 536 13641 14832 1250 824 48582 5236 1529 7858 5153 1185 29167 7312 2105 6132 9012 531 3952 516 5474 1107 4195 7543 900 4490 103 51129 15540 4638 30035 1688 61933 4292 5061 5520 2081 1777 2946 21244 3748 953 1766 540 996 458 217 1699 2014 1548 806 595 17680 63 604 1229 479 11285 5076 4444 9439 314 541
internal_value=-4.36669e-05 0.00102175 -0.00900731 0.0014187 0.000123532 -0.0095298 -0.00203773 -0.0071237 -0.0227691 0.00378791 0.00780823 0.00323153 -0.0170397 0.00412729 -0.00903756 -0.0159734 0.00380021 0.00966084 -0.00169216 0.00289467 0.00344326 -0.00165653 -0.000715587 -0.000823698 -0.00388792 -0.00894713 -0.00611355 0.00457194 -0.000348033 0.000272694 0.00407225 0.00166452 0.00439267 -0.00171388 -0.00211061 -0.00557933 -0.0032572 -0.00792096 -0.00652249 0.0113499 0.0196096 0.00335189 -0.00761423 -0.0146883 0.0109906 0.00307952 0.0156673 0.0184151 0.0152876 0.00256483 -0.00962872 0.00711992 0.000538567 0.00193543 0.000892661 0.00873986 -0.00756503 0.00711536 0.00778048 0.00568797 0.00517908 0.00302607
internal_weight=62665.4 56338.7 2144.15 54194.6 35040.3 6326.69 22068.3 4552.3 613.243 19154.3 516.838 17842.9 1976.9 15106.8 4035.46 1072.48 12972 1734.79 575.109 11237.2 13739 2156.2 17516 3493.31 2312.97 873.18 4349.8 7743.87 16906.8 15232.6 475.789 10925.3 11582.8 2736.12 2145.94 1582.95 4307.3 267.188 2962.98 1311.39 482.442 1283.02 850.574 464 1367.79 508.783 859.009 760.164 1159.69 6936.07 317.758 4646.71 918.093 181.48 386.575 3728.62 597.506 4260.06 4084.24 2976.03 1180.34 1072.3
internal_count=461175 339235 26776 312459 224702 121940 163905 52743 11944 87757 2714 81806 67179 69511 50029 15144 60797 8235 2735 52562 63018 9936 111162 17239 11451 3975 54761 35323 105926 98383 2219 66571 53082 12295 10551 7142 31812 4086 34885 5951 2203 5961 3872 2103 6493 2322 4171 3713 5500 30568 1401 22514 4355 1140 1769 18159 18597 19783 18959 13883 5788 5031
cat_boundaries=0 1 2 3 4 5 6 7
cat_threshold=151808 16512 20641 26752 4352 4352 199776
is_linear=0
shrinkage=0.035


Tree=88
num_leaves=63
num_cat=6
split_feature=46 17 2 24 45 44 8 46 26 16 16 14 26 22 41 16 22 26 26 16 27 43 41 17 14 22 22 17 26 26 16 8 22 39 16 40 18 8 47 22 29 26 37 29 26 41 29 32 18 41 19 18 18 26 26 29 11 12 41 23 23 1
split_gain=492.627 199.998 142.097 115.148 91.5031 80.5102 83.5756 98.7478 70.4637 66.0426 63.1929 63.1264 107.551 59.1567 84.2991 57.8337 70.5727 54.4477 70.4044 65.1286 53.3257 53.2858 51.3791 81.9844 50.0978 49.8171 49.3481 48.9687 48.5732 46.8252 46.762 45.9235 39.9417 37.5706 40.4094 37.3326 37.1501 37.1196 36.4474 36.1845 35.8433 53.272 49.8553 35.7117 40.1262 37.1415 35.5326 48.6801 42.7895 45.136 35.1803 34.7727 37.0859 37.7143 34.1405 34.0426 33.8432 33.7971 33.663 40.0486 33.289 39.2544
threshold=3.9800000000000004 1.0000000180025095e-35 392.49000000000012 8.5000000000000018 6.8750000000000009 93.680000000000021 15.500000000000002 130.77000000000004 223.50000000000003 0 1 19.500000000000004 299.50000000000006 52.500000000000007 8493.3000000000011 2 15.500000000000002 51.000000000000007 131.50000000000003 3 1850.8200000000004 3.5000000000000004 5525.1000000000004 11052.720000000003 16.000000000000004 33.500000000000007 1.0000000180025095e-35 1654.4750000000001 35.500000000000007 81.500000000000014 4 8.5000000000000018 38.500000000000007 166.19000000000003 5 5776.1999999999998 16990.017142857145 19.500000000000004 57.675000000000011 41.500000000000007 333.50000000000006 161.50000000000003 1401.3600000000004 333.50000000000006 192.50000000000003 2236.1400000000008 272.50000000000006 2016.3600000000001 3404.5275000000006 2377.7100000000005 204.22250000000005 13915.875000000002 10175.094545454547 21.500000000000004 100.50000000000001 115.50000000000001 687.67500000000018 458.94000000000011 2082.3750000000005 1.0000000180025095e-35 0.25000000000000011 256.57000000000005
decision_type=8 8 10 10 10 8 2 10 2 9 9 2 2 2 10 9 2 2 2 9 10 2 8 10 2 2 2 10 2 2 9 2 2 10 9 10 10 2 10 2 2 2 10 2 2 8 2 10 10 10 10 10 10 2 2 2 10 10 10 2 2 10
left_child=3 10 4 8 5 9 21 -8 28 43 -2 30 13 14 15 37 40 -18 46 -20 29 33 25 -24 -11 58 -12 -15 -1 -9 -4 50 35 34 -7 56 -29 -13 -34 -5 41 -17 -43 44 -3 -46 57 48 49 -48 -23 52 53 -26 -31 -33 -14 -19 -21 -60 61 -57
right_child=1 2 11 39 -6 6 7 20 -10 24 26 12 32 27 -16 16 17 18 19 22 -22 31 23 -25 51 -27 -28 36 -30 54 -32 55 38 -35 -36 -37 -38 -39 -40 -41 -42 42 -44 -45 45 -47 47 -49 -50 -51 -52 -53 -54 -55 -56 60 -58 -59 59 -61 -62 -63
leaf_value=-0.015065299548330075 0.0039999137249852029 0.0020826651687163348 0.0030368231774640128 -0.022892951674047177 -0.011075388121450236 0.0025270059330412082 -0.013721187809647737 -0.0097397812318366743 -0.012524332447814699 -0.01092889380173543 -0.026861781991577179 0.008535731313312863 0.0065252102819132948 0.019860859053168794 -0.010760342715065018 0.0021335865416010997 -0.0031111494216799489 -0.0007357285086487034 0.01065312439221873 -0.0060427911147261726 -0.0071641778965904016 0.0016905806097191592 0.0045912479329125793 -0.026241116624362782 -0.007183814626738257 -0.0006049326832134901 -0.009738367376962315 0.0064472905218532989 -0.0017096293094902857 0.012251337923920542 -0.0058175147378753279 0.0054709865766577916 0.031033900530106181 -0.010646981985601409 -0.0070572319112532115 -0.011124756884024319 -0.007703922734870655 0.0010666390855157634 0.012908589100820289 -0.010037283382270355 -0.017319412542057409 -0.0049979488097868958 -0.025132976476523728 -0.011309614997351608 -0.011006539902040832 -0.0014560157046738592 0.0042308981867074684 -0.017449221859829493 0.01472959971063079 -0.028615401149495359 0.015177890276597336 -0.015511866268620339 0.013352420462587921 0.0034346478625967626 0.00016542152660436617 -0.00035283084239121841 0.018432064061723711 0.01705519356135618 -0.013299441923638985 -0.043088578940184002 0.0008524276104003686 -0.016662656693133472
leaf_weight=387.62476305104792 189.81075137108564 2698.8706918098032 1377.506090303883 892.18787415698171 944.14072585292161 1299.0055220033973 1410.6920271981508 313.51846869103611 1791.0991493556648 312.71112565882504 431.41859036684036 2584.234615245834 1478.6491497363895 316.2268000561744 616.37498877756298 1288.7025529500097 1577.0715135205537 156.05194518715143 757.24758672900498 290.25772397965193 1476.6384920850396 428.188342127949 1945.1044820342213 110.72049295529723 424.49393799901009 876.18333971500397 397.4047570284456 3534.7218814250082 2357.802796676755 510.3409060779959 1534.3906705640256 1160.1871372833848 175.46108028292656 717.94453949294984 905.84502018988132 120.89315385371447 242.03687514923513 1190.8622438758612 607.31731800921261 386.78735096007586 222.46327807754278 880.34023810736835 180.95307958126068 434.88689490407705 685.02192266099155 1829.3622081466019 672.57550758309662 104.6359497345984 540.96158441342413 54.472773397341371 530.11593393236399 118.99213962256908 443.0689509678632 11132.880157805979 650.68656830303371 380.79553790390491 364.31651369482279 804.87068740651011 161.28645927459002 84.303166514262557 1709.8818371929228 343.21329230070114
leaf_count=6454 2204 15327 6915 35233 23171 9078 13676 1651 28574 2574 13217 12310 7048 1526 3743 6158 7346 695 3419 1383 8569 2360 9315 558 2957 4201 3494 17355 26847 2492 7703 6286 957 5226 6882 711 1195 5752 3083 13276 1190 4346 1252 3197 6008 12263 3027 503 2517 250 2533 808 2519 66455 3771 2481 1860 3788 807 422 8446 1811
internal_value=-4.26952e-05 0.000951871 0.00123298 -0.00974337 -0.00035319 -1.44571e-05 -0.0022583 -0.00610769 -0.00712553 0.00145462 -0.0144092 0.00320271 0.00384534 0.00291798 0.00190606 0.00244582 0.00112767 0.00272643 0.00413037 0.00143467 -0.00246495 -1.16054e-05 -0.000609735 0.00291876 0.002879 -0.00574974 -0.0184507 0.00664973 -0.0036001 0.00224261 -0.00163881 0.00235601 0.0103221 -0.00369882 -0.00143255 0.00765069 0.0055386 0.00616417 0.0170058 -0.019016 -0.00392331 -0.00264833 -0.00845145 -0.00168268 -0.000880823 -0.00406131 0.00900843 0.00538863 0.00728547 0.00173402 0.00915955 0.00323853 0.00342573 0.00304405 0.00548387 0.000539912 0.00888767 0.0141682 -0.0141454 -0.0236584 -0.00181191 -0.00809675
internal_weight=62546.8 56731.3 55712.7 5815.5 30861.5 29917.3 11837.1 4361.88 4536.53 18080.3 1018.63 24851.2 21939.3 19192.7 15099.7 14483.3 10708.2 8135.74 6558.67 4225.1 2951.18 7475.18 3467.86 2055.82 12432.1 1412.03 828.823 4092.99 2745.43 1474.55 2911.9 4552.38 2746.64 2922.8 2204.85 1963.86 3776.76 3775.1 782.778 1278.98 2572.46 2350 1061.29 5648.14 5213.25 2514.38 2333.57 1372.65 1268.01 727.048 958.304 12119.4 12000.4 11557.4 1161.03 3594.08 1842.97 960.923 535.847 245.59 2433.89 724.009
internal_count=461175 350791 331876 110384 210541 187370 75262 30159 61875 112108 18915 121335 106717 93058 72982 69239 51177 38231 30885 20105 16483 45103 16686 9873 75313 6813 16711 20076 33301 7914 14618 23917 13659 21186 15960 9619 18550 18062 4040 48509 12946 11756 5598 36795 33598 18271 10780 6297 5794 3277 4893 72739 71931 69412 6263 19024 8908 4483 2612 1229 12738 4292
cat_boundaries=0 1 2 3 4 5 6
cat_threshold=161806 31 5257 131072 21696 224296
is_linear=0
shrinkage=0.035


Tree=89
num_leaves=63
num_cat=5
split_feature=45 0 22 41 14 46 47 17 22 3 35 32 24 40 1 16 22 17 18 39 16 17 35 41 18 15 26 35 26 19 32 18 37 32 0 35 26 7 19 26 14 26 37 13 35 27 44 16 3 32 48 35 44 16 22 1 16 26 35 18 3 23
split_gain=464.019 207.927 103.389 109.987 93.6493 83.6337 73.7997 71.4753 88.7839 76.227 67.8409 67.3053 66.9267 58.7217 54.1078 51.2245 67.4823 64.076 52.1784 49.2052 47.2346 46.8365 46.6947 46.1169 56.1747 47.2427 46.0755 48.8099 48.4263 45.3978 55.5623 45.3143 44.2724 42.5763 43.7359 63.5046 41.5895 39.3441 37.6318 35.318 34.753 38.5902 34.444 47.3666 41.7993 34.0123 33.917 32.8957 35.3904 51.5433 35.2305 32.2501 31.4499 31.4101 31.2808 30.9004 30.6861 49.8575 42.7862 33.2432 30.4086 30.1391
threshold=5.2250000000000005 52.800000000000004 2.5000000000000004 921.12500000000011 16.000000000000004 1127.0250000000003 4390.1100000000006 466.19500000000005 15.500000000000002 87.500000000000014 17.500000000000004 490.41000000000008 12.500000000000002 1.0000000180025095e-35 5317.7400000000007 0 29.500000000000004 6020.9100000000008 11807.703750000002 28.785000000000004 1 1341.7600000000004 19.500000000000004 1231.3750000000002 10999.973333333335 0.0005948839976205241 51.000000000000007 5.5000000000000009 161.50000000000003 785.33500000000015 950.67000000000007 4056.7210714285716 3698.8200000000002 3764.7850000000003 470.67000000000007 15.500000000000002 223.50000000000003 0.82575757575757591 30.017500000000002 100.50000000000001 19.500000000000004 314.50000000000006 5624.6050000000005 0.85449735449735453 18.500000000000004 1022.2400000000001 48.150000000000013 2 87.500000000000014 inf 4.5000000000000009 16.500000000000004 31.890000000000004 3 12.500000000000002 15.850000000000001 4 70.500000000000014 14.500000000000002 1133.4458333333337 345.00000000000006 0.68301270189221941
decision_type=10 10 2 10 2 8 10 10 2 2 2 10 10 8 8 9 2 8 10 10 9 10 2 10 10 10 2 2 2 10 8 10 8 10 10 2 2 10 10 2 2 2 10 10 2 10 8 9 2 8 2 2 10 9 2 10 9 2 2 10 2 2
left_child=1 4 3 47 -1 6 7 20 9 -9 13 14 37 -6 23 22 17 56 31 29 36 -13 54 25 40 -10 27 -27 -28 32 -31 -18 53 34 35 55 -4 -2 -21 -5 -25 60 -30 -44 -45 -11 -12 48 -3 -50 -49 -52 -39 -15 -7 -23 57 -17 -58 -59 -42 -60
right_child=12 2 5 39 10 15 -8 8 11 45 46 21 -14 19 -16 16 18 -19 -20 38 -22 33 -24 24 -26 26 28 -29 42 30 -32 -33 -34 -35 -36 -37 -38 52 -40 -41 41 -43 43 44 -46 -47 -48 50 49 -51 51 -53 -54 -55 -56 -57 58 59 61 -61 -62 -63
leaf_value=-0.021205040137380515 -0.014954028184574674 -0.010667689661098288 0.0033337255426660393 -0.005360153445408208 -0.024836943278247991 0.0084592470689747179 -0.02131291090348144 -0.0020977622655953885 -0.0047746546049682922 -0.0056978059623599281 -0.0039749103859301419 0.0057432343827944835 -0.020927029429818278 0.0013789413845310791 0.0099199621987899333 -0.0075651286787795109 0.0032206307736292439 -0.0096135899341007816 -0.0065763645421108349 -0.01808404933973844 0.0067573308760122434 0.028450712874584588 0.0020620379894329913 -0.0047582853252648846 -0.012468281843555489 0.024014539282814037 0.0086485773398210907 -0.0054660639267007025 -0.0005141729154136131 0.11959409690109643 0.0051267335885658676 0.0097345330091985378 0.0020876645978850032 -0.016758276199798968 0.0014765199689511649 -0.011989373011548577 -0.010130194623233045 -0.0014356959760015182 -0.0046641512552880165 -0.031527581546521605 0.0037084086006856157 0.011077031904091124 0.00060440058588160826 0.018578653540780581 -0.0083000538286656343 -0.023180140920322764 -0.017133032023786462 -0.0082062700505585954 -0.035485416519639969 0.057013505167864867 4.4237804096907091e-05 0.013853930638138084 -0.011314128369299313 -0.0055914032272495447 0.018425720190559342 -0.00093302189558335316 0.0056335592478230726 0.0021629090453814111 -0.0087184768454680126 0.014795029122378697 0.028943025693906301 0.0021933349675166743
leaf_weight=367.88698504678905 1040.5308094806969 644.78277043066919 890.33000665344298 87.00486390478909 137.62400471046567 944.79385877400637 177.80644360929728 4813.1768143773079 1817.4650435857475 238.23900840245187 401.26893142238259 742.47209528647363 860.00124358944595 1141.9151415266097 1102.9422984793782 258.66052152588964 2410.8676882050931 707.29374083690345 384.99272538721561 331.7940443251282 4103.0486794523895 45.191147271543741 771.12666813656688 472.52850058674812 247.77348335646093 71.30973194912076 1355.6434620469809 1423.3448104020208 3724.7548433672637 7.5049439631402519 13.590194556862114 2863.1920946575701 3352.5952622294426 288.51920370198786 1613.2876878343523 1083.8278611879796 409.48138466477394 821.56558678112924 1114.1684735566378 234.40108694322407 6095.4320316575468 1096.6346036940813 772.35889660008252 437.8488135188818 83.924329370260239 320.31573049724102 598.8276080545038 395.74199548922479 10.223276333883407 21.258030129596591 700.21326907724142 293.19713374786079 759.63236307352781 2571.7050601411611 655.04458900913596 861.05033978819847 815.37002395093441 436.08023722097278 813.91818541288376 615.61400649696589 58.089552894234657 499.99007328599691
leaf_count=7492 28893 4915 4637 1189 4304 4409 976 25308 10204 1439 4597 3875 36265 11321 4961 1139 11508 3296 1763 4532 19559 309 3699 2739 1570 360 6194 7442 17941 67 138 14506 27825 1590 7599 7383 2520 14856 12705 4534 31356 5590 4232 1990 375 2582 9846 2568 214 122 4170 1724 14138 28330 3356 5031 3682 1971 3913 2868 294 2264
internal_value=-4.17801e-05 0.000691627 0.00163336 -0.00546966 -0.00389633 0.00199788 0.00111423 0.00123156 0.000537739 -0.00351968 -0.00323578 0.0014695 -0.0124558 -0.00223949 0.00240255 0.00449004 0.00336137 -2.70885e-05 0.00584992 -0.00187217 0.00492485 -0.00230725 0.00910213 0.00193245 0.00390416 0.000309827 0.0014846 -0.00404443 0.00278143 -0.000671249 0.04942 0.00675809 -0.00082776 -0.00384417 -0.00280578 -0.0062763 -0.000905399 -0.00967005 -0.00775388 -0.0244826 0.004431 0.00503048 0.00119526 0.00611193 0.0142478 -0.015747 -0.0118628 -0.00250058 -0.00875684 0.0268076 0.000607816 0.00412989 -0.0061856 -0.00345961 0.0125489 0.000561988 0.00194641 0.00613296 -0.000657362 0.00956421 0.00395129 -0.00456762
internal_weight=62431.2 58949.4 48910.6 2386.82 10038.9 46523.7 34346.8 34169 28766.1 5371.73 9670.99 23394.4 3481.73 8670.9 18760.1 12176.9 9805.98 4146.93 5659.05 8533.27 5402.86 4634.35 2370.97 17657.1 7970.46 9686.65 7869.18 1494.65 6374.53 7087.31 21.0951 5274.06 7066.22 3891.88 3603.36 1990.07 1299.81 2621.73 1445.96 321.406 7722.68 7250.16 5018.89 1294.13 521.773 558.555 1000.1 2065.42 676.264 31.4813 1389.15 993.41 1581.2 3713.62 1599.84 906.241 3439.63 1310.35 2129.28 1051.69 6153.52 1313.91
internal_count=461175 367023 255866 19436 111157 236430 178056 177080 150364 29329 103665 121035 94152 89222 95248 58374 46910 19133 27777 84918 26716 25787 11464 90287 41549 48738 38534 7802 30732 67681 205 26014 67476 21912 20322 12723 7157 57887 17237 5723 39979 37240 24538 6597 2365 4021 14443 13713 5251 336 8462 5894 28994 39651 7765 5340 15837 5978 9859 4839 31650 6177
cat_boundaries=0 1 2 3 4 5
cat_threshold=5248 79876 217492 1249 131080
is_linear=0
shrinkage=0.035


Tree=90
num_leaves=63
num_cat=5
split_feature=46 17 2 24 8 26 16 22 2 44 0 16 27 47 41 29 14 26 26 29 19 16 41 22 1 26 22 40 22 3 32 26 22 40 22 32 41 26 29 8 43 16 40 13 22 3 32 2 19 41 32 40 22 18 49 16 11 3 48 49 40 18
split_gain=441.07 182.914 125.396 107.377 95.575 65.8022 62.7714 117.151 79.7731 60.8341 72.2463 59.7533 59.4503 57.1923 56.3684 55.081 62.9001 115.766 71.6505 98.5391 57.8185 53.8861 51.6925 50.9944 48.024 45.6739 45.2854 57.7442 44.9408 109.568 82.4543 45.1803 50.3235 42.8194 42.3917 41.6066 40.3935 39.7113 72.8446 39.4136 38.9536 38.7085 37.2545 35.9613 35.8581 35.1285 52.8326 35.2074 33.7099 33.6978 33.3868 31.7129 31.58 31.5784 37.2393 33.9944 31.209 30.8477 40.6525 30.1636 37.1239 29.7179
threshold=3.9800000000000004 1.0000000180025095e-35 175.77000000000004 8.5000000000000018 14.500000000000002 223.50000000000003 0 8.5000000000000018 2488.1400000000003 70.615000000000023 117.60000000000001 1 1572.5700000000004 14.445000000000002 16365.330000000002 333.50000000000006 19.500000000000004 314.50000000000006 131.50000000000003 272.50000000000006 4087.9687500000005 2 2528.0100000000007 1.0000000180025095e-35 491.67000000000002 35.500000000000007 60.500000000000007 5776.1999999999998 39.500000000000007 66.500000000000014 2551.3800000000006 192.50000000000003 33.500000000000007 1006.7566666666668 19.500000000000004 950.67000000000007 1202.4000000000003 100.50000000000001 302.50000000000006 5.5000000000000009 1.5000000000000002 3 3104.6833333333338 0.29520697167755999 41.500000000000007 39.500000000000007 6131.5900000000011 3615.3750000000005 663.30000000000018 3926.0700000000006 860.28000000000009 1816.8000000000002 25.500000000000004 4996.71 7.5000000000000009 4 981.54000000000019 10.500000000000002 4.5000000000000009 12.500000000000002 25.893333333333334 4756.1942045454552
decision_type=8 8 10 10 2 2 9 2 10 8 10 9 10 8 10 2 2 2 2 2 10 9 10 2 8 2 2 10 2 2 10 2 2 10 2 10 10 2 2 2 2 9 10 8 2 2 8 10 10 8 8 10 2 10 8 9 10 2 2 8 10 10
left_child=3 11 4 5 13 25 42 12 14 21 -11 -2 22 40 15 16 -9 18 19 24 28 -6 56 -13 -18 -1 27 -19 29 36 -30 32 -31 43 -33 -35 -20 38 -12 -17 -3 -15 59 -21 -5 -10 47 -47 -39 -34 -38 -26 61 55 -55 -41 57 58 -8 60 -4 -48
right_child=1 2 6 44 9 -7 7 8 45 10 37 23 -14 41 -16 39 17 26 20 33 -22 -23 -24 -25 51 -27 -28 -29 30 31 -32 34 49 35 -36 -37 50 48 -40 53 -42 -43 -44 -45 -46 46 52 -49 -50 -51 -52 -53 -54 54 -56 -57 -58 -59 -60 -61 -62 -63
leaf_value=-0.014593912867025667 0.0018367264454177243 -0.011903078134030602 -0.020795676489104211 -0.022367217380250159 -0.0084679352290332067 -0.012045032171919203 -0.0066899749047672616 -0.0019000996050360082 0.014012045667617041 -0.01360397112634696 0.010315783454906698 -0.027519418604493643 -0.017193695332477072 0.0029901362109443505 -0.010305130552645966 0.015724158747942973 0.0032213640293934356 0.010588777014472585 3.7131306105545948e-05 0.035486856399652461 -0.022566852196885766 0.0012917933430065891 -0.018218987444793246 -0.0094262339504133704 0.0079328745696713426 -0.0015425607206329746 0.023127744148893754 -0.019304794299114796 0.0045134738530533828 -0.032356031393122882 -0.015985329469448278 -0.019911931819773888 0.016481715430025214 0.005393322868373995 -0.0026540977802997465 -0.0045660215753757982 -0.0075636879349682074 -0.0026868494942724501 -0.0096077926040503969 -0.010867836295622949 -0.0013773992558984509 -0.0011545654367047802 -0.045790455614578854 -0.0087192691429901926 -0.0093957127635530841 0.0029040719000609362 0.0046633427545352164 -0.022573621455273363 -0.014718809938788803 -0.017891320549544548 0.010672501349153677 0.018284555450708059 0.0097443414757439357 0.014790248717084897 -0.0047498370204201775 -0.00064484879917653002 0.015278513091310602 -0.0047736162453054908 0.0075787160392086442 0.0014384599396848993 0.012937769089116946 -0.015949687417936849
leaf_weight=380.95280986092985 233.88898272253573 640.01806054450572 40.351056676357985 859.92866511829197 904.86628885380924 1762.7202084045857 369.10151633992791 2869.2287643346936 871.08774565160275 1415.9161684457213 540.99879316799343 394.46619332954288 366.54986664094031 8278.4579550400376 432.66006292589009 131.13914108276367 610.12910548597574 1654.5790692083538 2988.7442280780524 22.616593230515718 125.14951857551932 2841.3582297675312 231.40288310870528 371.78835922852159 553.29660570062697 2348.1106571760029 340.10984435863793 82.235230851918459 5105.9815487395972 186.18404226563871 251.28267399221659 211.41265510767698 55.180862264707685 3289.5997777637094 975.71995929814875 608.14900436997414 142.37037683278322 694.67028261348605 383.15177443623543 887.85361921414733 1313.7470234986395 4134.4284875318408 14.183992639183996 506.31150614842772 377.83816686458886 143.30611224845052 325.90018120966852 122.5576321259141 483.65222106315196 91.546455089002848 873.68619381822646 1064.0656605083495 1737.2948543969542 212.59298858419061 270.35114891082048 730.79290145263076 135.3755284100771 1727.1511461455375 720.63789168000221 448.30761135742068 1312.1761000920087 115.11192357540131
leaf_count=6454 2975 11210 195 35233 9183 28574 1773 14487 4452 16918 2776 12661 2377 52466 2816 600 2786 7862 14039 185 595 20977 1960 3279 2494 26847 1755 488 24883 1071 1243 1530 281 15467 4861 3004 867 4800 2387 4371 10927 28480 63 2212 13276 729 1565 604 3395 500 4119 4962 9234 1028 1311 3557 649 9365 3310 2089 6036 582
internal_value=-4.08202e-05 0.000896234 0.00116327 -0.00929369 -0.000919436 -0.00677573 0.00249013 0.00212975 0.00287509 -0.00419082 -0.00749507 -0.0139313 -0.00386529 0.000734944 0.00220527 0.00242358 0.00294153 0.00364539 0.00272583 0.00559275 0.000992354 -0.00108636 -0.00232581 -0.0185229 0.0115953 -0.00336909 0.0114599 0.00916307 0.00126535 -0.000949451 0.00354917 -0.00894663 -0.0203238 0.00257033 -0.00574166 0.00383864 0.0020874 -0.0033765 0.00205403 -0.00281992 -0.00482975 0.00161113 0.00880641 -0.00676565 -0.0184183 0.00797908 0.00582412 -0.00888119 -0.00763376 -0.00494033 0.00811231 0.0147504 0.00762217 -0.003984 0.00386454 -0.00632665 -0.00107433 -0.00186537 0.00274412 0.00931049 0.0119168 -0.000740933
internal_weight=62314.4 56584.9 55584.7 5729.55 21631.3 4491.78 33953.5 32138.4 28588.2 7264.61 3518.39 1000.14 3550.22 14366.7 25273 24840.3 22607.6 19738.4 17661.4 6654.17 11007.3 3746.22 3183.67 766.255 2227.49 2729.06 2076.92 1736.81 10882.1 5524.84 5357.26 1520.04 332.911 4426.68 1187.13 3897.75 4004.8 2102.47 924.151 2232.73 1953.77 12412.9 1815.02 528.928 1237.77 3315.26 2444.17 265.864 1178.32 146.727 1016.06 1617.36 2178.31 2101.59 482.944 1618.65 2952.27 2816.89 1089.74 1800.83 1352.53 441.012
internal_count=461175 350791 331876 110384 163519 61875 168357 159974 140540 60436 30276 18915 19434 103083 123374 120558 109691 95204 85099 31110 53989 30160 17057 15940 10242 33301 10105 8350 53394 27268 26126 8243 1852 20868 6391 18471 19025 13358 5163 10867 22137 80946 8383 2397 48509 17166 12714 1333 8195 781 4986 7456 11381 10267 2339 7928 15097 14448 5083 8320 6231 2147
cat_boundaries=0 1 2 3 4 5
cat_threshold=1184 8223 161800 132592 133376
is_linear=0
shrinkage=0.035


Tree=91
num_leaves=63
num_cat=5
split_feature=2 40 42 47 43 12 37 48 9 29 23 44 16 14 17 26 52 49 16 37 16 26 3 26 2 8 3 16 26 3 43 35 26 3 32 16 29 37 18 47 17 37 18 3 8 3 40 15 29 14 37 17 27 3 50 47 37 40 26 14 23 3
split_gain=420.082 162.884 125.243 175.97 120.667 109.782 94.6174 73.8755 62.7555 57.0329 57.0106 56.2285 56.2754 52.8988 52.8457 50.3307 48.1315 48.4573 52.474 44.397 52.4372 43.1489 42.3168 38.2019 40.3925 40.9171 39.7941 54.8633 36.7942 36.5527 44.8776 41.6562 35.4522 69.3037 56.4241 33.6984 32.9482 32.828 31.8654 30.9765 30.802 30.1166 29.8353 29.8047 29.4064 28.6813 27.9637 27.7306 26.816 26.782 26.5168 34.8444 29.2964 26.2893 27.2089 25.9062 25.7295 33.893 25.5657 26.7791 28.3376 35.2108
threshold=4.330000000000001 1.0000000180025095e-35 3.5000000000000004 inf 1.5000000000000002 2.5200000000000009 inf 3.5000000000000004 415.47000000000008 207.50000000000003 -0.5 53.360000000000007 0 16.000000000000004 8099.4600000000019 21.500000000000004 3.5000000000000004 12.500000000000002 1 3799.7100000000005 2 21.500000000000004 241.50000000000003 122.00000000000001 523.14000000000021 20.500000000000004 30.500000000000004 3 21.500000000000004 267.50000000000006 9.5000000000000018 8.5000000000000018 284.50000000000006 250.50000000000003 234.89000000000001 4 84.500000000000014 1633.2100000000003 4289.058 1661.8800000000003 1.0000000180025095e-35 41161.68 9437.4525000000012 80.500000000000014 15.500000000000002 270.50000000000006 11679.09 0.63278711243770236 272.50000000000006 16.000000000000004 2925.0000000000005 10022.220000000003 13483.800000000001 126.50000000000001 97.321601717657856 1459.6200000000001 5444.8200000000006 5168.4300000000003 345.50000000000006 21.500000000000004 0.25000000000000011 66.500000000000014
decision_type=10 8 2 8 2 8 8 2 10 2 2 8 9 2 8 2 2 10 9 10 9 2 2 2 10 2 2 9 2 2 2 2 2 2 8 9 2 10 10 10 8 10 10 2 2 2 10 10 2 2 10 8 10 2 10 8 10 10 2 2 2 2
left_child=5 -2 3 4 6 -1 11 41 21 22 -8 12 -3 -6 15 -5 -15 28 43 20 -17 39 35 26 53 -26 27 -22 -18 31 -31 -23 -24 34 -34 -9 -21 -20 -13 -4 -37 49 44 -19 -39 -38 58 -33 -11 -7 51 52 -16 54 -25 -50 -35 -58 59 -30 61 -61
right_child=1 2 8 14 13 7 10 9 -10 48 -12 38 -14 16 50 19 17 18 37 36 23 29 32 24 25 -27 -28 -29 46 30 -32 47 33 56 -36 40 45 42 -40 -41 -42 -43 -44 -45 -46 -47 -48 -49 55 -51 -52 -53 -54 -55 -56 -57 57 -59 -60 60 -62 -63
leaf_value=-0.019037928622363091 -0.026219615081784581 -0.012403834619306031 -0.0010474027109621128 -0.010387093382963338 -0.010572877243370079 -0.025152749767852475 -0.0047475361081956756 0.0075238348090594081 0.0077713065760691095 0.0033179130367097533 0.017860014264855943 -0.010435223906697235 -0.0015769610282520038 -0.0057191991291866235 -0.01239769263798096 0.0082897920388978891 -0.0066709296216641619 0.0046000830316980492 -0.010901195599014172 0.01612872532423567 0.0081439764054416254 0.008982499185023288 -0.011692096718558807 -0.0029222768850733225 0.0051885222950922303 -0.011457169496450575 0.010306110052650514 -0.022030818804035172 0.00060482471739555779 0.0044594591771915 0.02153494399786789 0.0036177904084448058 0.15345850201236491 -0.013193614957861035 0.0021421191425008996 -0.030537710608795572 0.0077297455191379233 0.0027427619695934674 -0.020893023811594937 -0.015931343473842358 -0.010269432636600207 0.069105068865935856 -0.01669194261258319 -0.021436771831731576 -0.00535810161073414 -0.014589746364600429 -0.0084295050369486962 0.00038497508649662602 -0.0067928541994505265 -0.011824071447934632 0.0048752492335584815 -0.0016984300999104171 -0.056861996534528628 0.0052883878840767461 -0.022281683827720656 0.014953224843432896 0.054453741720341266 0.0066789244610223827 0.010493813660583464 0.006626227622311855 0.0091164580044531748 -0.001865435333823798
leaf_weight=1022.4077703841031 268.30270120874047 899.02549447305501 608.58950977027416 282.26365043222904 638.52784663438797 224.20336263440549 266.3903223387897 119.89801350422204 3270.7489717043936 1192.2060202993453 278.82429436966777 1198.9989885035902 1693.3389898911119 1815.168358899653 188.96614894643426 2260.00960213691 630.74987003207207 1177.7308860309422 870.2348842471838 654.29678665474057 173.02153734117746 1101.9095008932054 93.203991144895554 2199.34411322698 2395.085131239146 194.73738841339946 1105.7448088675737 113.37018727511168 6330.0233361460268 602.79517086595297 273.8566672950983 6111.0977606773376 6.6906665954738829 45.024843225255609 5.0165410377085218 96.77000649087131 599.644984472543 963.09661762975156 510.44592464342713 237.47058691084385 1607.7579747624695 4.3702912330627433 178.7927813064307 55.454707866534591 1273.9923153985292 78.979405201971531 303.43426185846329 6942.777054771781 757.00973921641707 1060.9937416575849 651.30858167633414 1875.5031505376101 19.242862537503242 480.74612098559737 91.718790903687477 72.687344204634428 23.280168822035193 73.962984139099717 448.90178261697292 1172.400142589584 1085.1231348589063 1219.5095437988639
leaf_count=33273 11004 11338 2783 1291 5860 6463 1587 1946 17052 14498 1303 15585 21198 8179 949 10599 4914 8018 7244 3163 774 4882 1762 10863 11582 947 4844 501 39695 2771 1317 27440 134 903 71 3008 2840 7427 8265 1043 25222 45 1648 477 9765 392 2163 30927 10601 20965 3172 8522 85 2234 477 456 401 1401 2511 7009 5826 7560
internal_value=-4.00595e-05 0.000934625 0.00106631 -0.000139816 -0.00199503 -0.00852837 -0.00690078 -0.00652913 0.00335725 -0.00422587 0.00682556 -0.00864165 -0.00538894 -0.000685564 0.0030544 0.00417077 -0.000324727 0.000298909 -0.0027595 0.00456888 0.00368643 0.00244758 -0.00830579 0.00212959 0.000790891 0.00393294 0.00729643 -0.00431923 0.00153423 0.00288051 0.00981212 0.00245058 0.00526728 0.0155423 0.0938905 -0.0101466 0.0105291 -0.00506074 -0.0135683 -0.00523888 -0.0113707 -0.0138315 -0.00297422 0.00338539 -0.0018709 0.00511452 0.00202494 0.00189856 -4.36167e-05 -0.014167 -0.00128403 -0.00321066 -0.0167593 -0.00214522 -0.00370668 -0.00487204 0.00848469 0.0185541 0.00233504 0.00196055 0.0044278 0.0022978
internal_weight=62197.2 55791.7 55523.4 36374.1 23010.2 6405.48 4847.02 5383.08 19149.2 4093.51 545.215 4301.81 2592.36 18163.1 13364 10629 17524.6 15709.4 4519.3 10346.7 9013.78 15878.5 2071.61 6753.77 5361.63 2589.82 1392.14 286.392 11190.1 15032.4 876.652 14155.8 247.179 153.975 11.7072 1824.43 1332.92 3286.12 1709.44 846.06 1704.53 1289.57 2415.88 1233.19 2237.09 678.624 10559.4 13053.9 2021.9 1285.2 2735.02 2083.71 208.209 2771.81 2291.06 829.697 142.268 97.2432 10256 9807.06 3477.03 2391.91
internal_count=461175 340026 329022 240807 177572 121149 59276 87876 88215 60403 2890 56386 32536 118296 63235 50507 112436 104257 34579 49216 42821 71163 34848 32222 26103 12529 6119 1275 69678 67337 4088 63249 4672 2910 205 30176 6395 26084 23850 3826 28230 27473 18840 8495 17192 3232 64764 58367 25555 27428 12728 9556 1034 13574 11340 11057 2705 1802 62601 60090 20395 14569
cat_boundaries=0 1 2 3 4 5
cat_threshold=26752 142476 206049 6144 87
is_linear=0
shrinkage=0.035


Tree=92
num_leaves=63
num_cat=6
split_feature=45 46 14 22 41 49 22 26 42 47 49 17 37 35 16 32 22 16 18 3 26 41 16 22 40 29 29 1 16 14 44 11 26 40 47 14 22 49 16 3 26 29 22 26 46 47 7 26 11 3 16 47 32 23 41 17 22 3 32 46 39 7
split_gain=397.082 175.792 121.681 78.1619 89.9611 75.2625 73.0347 65.5794 72.64 67.6538 125.923 75.3436 74.8391 57.191 53.5727 50.6108 50.2019 60.6376 59.6412 49.8878 43.1359 41.0865 40.9893 57.7301 84.4702 49.4067 51.6663 39.3307 38.1786 38.093 37.745 37.0034 36.5978 44.0496 36.328 36.2452 36.6006 35.8852 37.9429 35.0119 35.0117 40.0815 45.3314 37.9674 44.353 34.3662 34.2991 33.9409 32.8876 32.1993 32.0917 53.9012 43.1026 43.5601 42.3133 32.0476 38.7494 32.0291 40.0659 31.7203 35.1042 31.3208
threshold=5.2250000000000005 64.280000000000015 16.000000000000004 2.5000000000000004 921.12500000000011 16.500000000000004 1.0000000180025095e-35 21.500000000000004 5.5000000000000009 inf 2.5000000000000004 8099.4600000000019 inf 17.500000000000004 0 490.41000000000008 37.500000000000007 1 13915.875000000002 22.500000000000004 208.00000000000003 20.200000000000006 2 15.500000000000002 2517.5400000000004 84.500000000000014 176.50000000000003 339.16000000000003 3 18.000000000000004 74.925000000000011 1902.2400000000005 131.50000000000003 37952.560000000005 3.8600000000000003 16.000000000000004 68.500000000000014 8.5000000000000018 4 271.50000000000006 131.50000000000003 272.50000000000006 12.500000000000002 253.50000000000003 528.98000000000013 125.48000000000002 0.27922077922077926 100.50000000000001 981.54000000000019 345.00000000000006 5 501.80000000000007 122.94000000000001 -0.6830127018922193 2988.2700000000009 1323.9400000000001 46.500000000000007 87.500000000000014 inf 10379.070000000002 103.71500000000002 0.68333333333333346
decision_type=10 8 2 2 10 10 2 2 2 8 10 8 8 2 9 10 2 9 10 2 2 10 9 2 10 2 2 8 9 2 10 10 2 10 8 2 2 10 9 2 2 2 2 2 10 10 10 2 10 2 9 10 10 2 10 10 2 2 8 10 8 10
left_child=1 2 -1 4 28 30 19 31 9 10 12 22 -9 14 27 49 17 18 -13 -4 -14 -17 -11 24 29 35 59 61 57 -24 46 -5 -19 -34 -16 -25 -37 -23 -39 48 41 42 -40 -42 -45 -46 -2 -6 -10 50 51 54 53 -52 -12 56 -15 -3 -59 60 -27 -8
right_child=5 3 6 7 47 -7 13 8 39 11 15 16 20 55 34 21 -18 32 -20 -21 -22 37 23 25 -26 26 -28 -29 -30 -31 -32 -33 33 -35 -36 36 -38 38 40 -41 43 -43 -44 44 45 -47 -48 -49 -50 -51 52 -53 -54 -55 -56 -57 -58 58 -60 -61 -62 -63
leaf_value=-0.020641417716821018 -0.019869716718848598 -0.011042145346500349 -0.0080230124481902552 -0.0056505458847210073 -0.0041909691902068608 -0.021303931501479061 -0.011758954359192135 -0.0091502367704935101 0.0039119487865420357 0.015397765181371171 0.0016093381578171299 -0.027594467268284666 0.013167794758232911 -0.0049105768233646541 -0.0056126947329254188 0.0083334185661468833 0.003112986722376 0.0019925461279656155 0.021907470756737765 -0.031334049899389121 -0.0036050947233911773 -0.010431164834509761 -0.017242337136975896 -0.00093446276544286095 -0.017548287709032471 -0.0015922632881441331 0.0081869830588071225 0.0049841998471075359 0.001600020850543472 0.003862184479999556 -0.015529267104374821 0.022483860694165823 -0.01840335925655116 0.03708864404138603 0.001920314317175177 0.012713073357769673 0.029934306080188801 0.004963680922536285 -0.0052506760178179963 0.019938045629295135 -0.0086417776568360315 -0.0026746913968258039 0.013011731060917906 -0.0077387386881331566 0.051478836753859884 0.0043292243855416503 -0.0045499694773883581 -0.030856424876582696 0.011067119569866809 0.03363887463414502 0.0013871996442243431 -0.001891517179699387 -0.0013973591564638394 0.0084795595333508507 0.0083580065739948649 -0.011341048515487557 0.020461226110787774 -0.035042702770228029 0.05144427316378606 -0.052451462105281781 0.0085439753456903814 -0.0036356045013778778
leaf_weight=450.78623425215483 199.73343760147691 578.96291401796043 402.72323130443692 1650.9327280037105 82.683886241167784 771.03868624381721 730.06465403176844 2242.1562088746578 2783.1036337167025 482.63044803589582 3774.4217037931085 237.26691453903913 325.08827256411314 487.40019185468554 891.15891436859965 555.94413014501333 1521.6130913719535 690.52909970283508 33.32416769862175 155.63640112057328 442.23480522632599 514.68597941845655 109.53965131193399 171.52665627747774 283.37449993938208 1430.9042928479612 3114.8696404919028 521.71155404672027 1214.1721624881029 2011.9600600376725 742.37679287046194 58.352833323180676 216.59650371223688 18.132899314165115 6482.5135442186147 662.4309364631772 196.37317014485598 1119.1033346969634 238.49354995414615 231.14309142529964 1447.9447801336646 1212.8044516537338 547.1124020088464 540.12018888257444 18.510254815220833 660.80927388183773 1668.5796852502972 201.62747466005385 1097.3087705224752 40.504605071619153 1566.9429842140526 3581.111689304933 1130.3122822586447 3286.2116842176765 1628.8117285463959 1067.8592875283211 85.854710482060909 8.5678469464182871 20.787350945174694 12.503368511795996 590.45143749564886 2849.8573272433132
leaf_count=8430 7328 4350 6415 8436 1122 29156 11664 11299 12998 2237 20859 1104 1419 4689 11940 2672 7121 3022 158 4192 2078 2655 518 782 1411 6593 14499 2846 7197 9181 18748 288 1062 99 49079 3197 967 5734 1187 1265 8314 6158 2523 3759 84 3291 38920 3975 6097 213 7939 17351 6102 15996 9273 13115 499 182 113 67 3108 24099
internal_value=-3.92879e-05 0.000632535 -0.00276986 0.00171053 -0.00486823 -0.0116996 -0.00217927 0.00203693 0.00231855 0.00182365 0.000788648 0.00400804 -0.00592246 -0.00165094 -0.000776633 0.00171264 -0.00110357 -0.00646688 -0.0206785 -0.0145651 0.00350889 -0.00077885 0.00554007 0.00496038 0.000365013 0.00675656 0.00535459 -0.00397698 -0.00200614 0.00276488 -0.00885601 -0.00467749 -0.0020475 -0.0139774 0.00100789 0.0137504 0.0166811 -0.00158421 -0.000795426 0.00672936 -0.00218349 0.00131431 0.00746802 -0.00481174 -0.000260645 0.00568775 -0.00619749 -0.0231434 0.00593763 0.00285068 0.00276512 0.00143655 0.0047491 0.0061904 0.0036449 -0.00776021 -0.0010817 -0.00907205 0.0258786 0.00101486 0.00137136 -0.00529505
internal_weight=62092.3 58710.6 14125.6 44585 2106.8 3381.73 13674.8 42478.2 40768.9 36657.4 24873.3 11784 3009.48 13116.4 11475.3 21863.8 2717.46 1195.85 270.591 558.36 767.323 6855.53 9066.56 8583.93 2404.87 6179.06 5148.73 4101.63 1822.49 2121.5 2610.69 1709.29 925.259 234.729 7373.67 1030.33 858.804 6299.58 5784.9 4111.56 4665.79 1998.41 785.606 2667.38 1219.44 679.32 1868.31 284.311 3880.41 15008.3 14967.8 8984.35 5983.47 4853.15 5403.23 1641.11 573.255 608.318 29.3552 2033.86 2021.36 3579.92
internal_count=461175 367023 136968 230055 16939 94152 128538 213116 204392 184032 128906 55126 14796 117931 99628 114110 12566 5445 1262 10607 3497 36377 42560 40323 11110 29213 24267 38609 11842 9699 64996 8724 4183 1161 61019 4946 4164 33705 31050 20360 25316 9868 3710 15448 7134 3375 46248 5097 19095 77733 77520 47483 30037 23935 30132 18303 5188 4645 295 9768 9701 35763
cat_boundaries=0 1 2 3 4 5 6
cat_threshold=30860 256 1184 152006 134152 198912
is_linear=0
shrinkage=0.035


Tree=93
num_leaves=63
num_cat=0
split_feature=2 40 42 47 43 24 37 6 44 23 22 29 22 29 14 22 14 35 47 3 18 52 49 48 29 26 8 35 1 20 48 43 17 26 18 18 22 26 2 18 24 35 37 8 3 48 3 22 26 14 49 22 11 26 29 29 37 35 6 32 2 50
split_gain=376.382 151.144 110.944 153.516 107.668 104.252 84.9734 57.8014 52.8827 50.8645 48.6152 48.438 79.3849 64.0715 49.2637 50.7853 48.3264 46.0669 44.9442 44.3076 42.6977 42.3778 43.7484 41.6998 47.2772 41.4491 37.3303 65.4265 46.8831 35.498 34.2175 34.0851 33.1594 33.0552 32.4324 30.1113 29.7831 29.5567 30.5518 28.8044 28.3035 28.0995 27.9436 27.8203 43.7123 27.7575 27.327 27.325 27.2148 27.0641 35.2731 26.8243 26.7173 26.5977 57.7264 50.7073 46.9167 39.1848 36.7559 32.953 26.2777 26.0247
threshold=4.330000000000001 1.0000000180025095e-35 3.5000000000000004 inf 1.5000000000000002 6.5000000000000009 inf 118.83133333333335 28.205000000000002 -0.5 41.500000000000007 115.50000000000001 68.500000000000014 176.50000000000003 20.500000000000004 15.500000000000002 16.000000000000004 7.5000000000000009 1423.9000000000003 163.50000000000003 300.67000000000002 3.5000000000000004 12.500000000000002 3.5000000000000004 207.50000000000003 21.500000000000004 17.500000000000004 16.500000000000004 1174.5000000000002 inf 10.500000000000002 10.500000000000002 9085.9500000000025 21.500000000000004 9437.4525000000012 4289.058 43.500000000000007 21.500000000000004 144.04500000000004 12759.216000000002 14.500000000000002 8.5000000000000018 41161.68 20.500000000000004 52.500000000000007 11.500000000000002 235.50000000000003 62.500000000000007 192.50000000000003 20.500000000000004 2.5000000000000004 6.5000000000000009 117.37000000000002 131.50000000000003 207.50000000000003 272.50000000000006 8689.8600000000024 16.500000000000004 475.00500000000005 2654.5000000000005 319.68500000000006 49.657873157868146
decision_type=10 8 2 8 2 10 8 10 8 2 2 2 2 2 2 2 2 2 10 2 10 2 10 2 2 2 2 2 10 8 2 2 8 2 10 10 2 2 10 10 10 2 10 2 2 2 2 2 2 2 10 2 10 2 2 2 10 2 10 10 10 10
left_child=5 -2 3 4 6 23 8 18 39 -8 40 12 14 20 15 -5 -6 51 19 41 -13 -18 33 42 -25 -19 29 -28 -29 -27 48 -21 60 -23 -24 -10 -34 -20 -39 46 -7 -4 -1 61 -45 53 -3 -37 -12 -14 -51 -15 -35 55 56 -9 57 -55 -57 -56 -16 -30
right_child=1 2 7 11 16 10 9 45 35 -11 30 13 49 17 32 -17 21 25 37 31 -22 22 34 24 -26 26 27 28 43 -31 -32 -33 36 52 -36 47 -38 38 -40 -41 -42 -43 -44 44 -46 -47 -48 -49 -50 50 -52 -53 -54 54 59 58 -58 -59 -60 -61 -62 -63
leaf_value=-0.01210797330193988 -0.025790165250193162 -0.0046573890476960551 0.0077814304668219455 -0.017557883141350261 -0.010139124950859267 -0.016132941067770384 -0.0044882308147341085 0.021574967459232267 -0.0093678491495179546 0.01686899681544498 -0.0019624312336663013 0.0077939349136317473 0.0085945801862664685 -0.0066632806598883841 0.0017067494424840126 0.003345649306357861 -0.0053522413973900876 -0.010331231971508604 -0.015117477635613214 0.0050321907535315182 -0.0044465764299190611 -0.0063359436608062423 -0.0019933660351217218 -0.007602456883772069 0.00047206379471974639 0.0095568820270471363 -0.036974927288677094 0.008760281750602731 -0.020787868981758762 0.0026890866253016232 0.011863535679267352 0.01567372091135262 -0.020572719128429721 0.0032701539696605056 -0.016778894289882502 -0.022772915514494913 0.020146764241211881 -0.016685555490672216 -2.6168024818067571e-05 -0.032543662061320137 -0.028614266376876304 0.00097066057936491762 0.067930481503913703 -0.00043154559299342653 -0.060849890633793778 0.014640603845718617 0.011009882034442815 -0.0060211789050237802 -0.019327835917750578 0.031136961279883291 -0.0049978057027980985 0.0016522188928977043 -0.00038220415671595713 0.01311210768392634 -0.0029621279690044255 0.0040525374913009185 -0.0065540722049995861 0.0029647837858965782 0.024454248326845649 -0.026740921392547693 0.012781928360352125 0.011577847248772762
leaf_weight=978.95238403044641 258.07116311136633 1848.5570572149009 820.3291338160634 215.69751147553325 631.31057289801538 952.02685024403036 265.56291665136814 323.79833725094795 1597.634878674522 279.57636693120003 219.89892809838057 406.9376990608871 157.00387098640203 588.83975959569216 369.70282283425331 414.40133421495557 1814.7146792933345 193.82155280560255 196.83682241290808 3027.262276917696 2421.3969272002578 626.67883828654885 4316.109261257574 1763.9414527080953 1788.1482950374484 2831.3134219795465 57.942921243607998 378.92999009788036 55.199289880692959 1368.3767269402742 100.18667433410883 419.29437360167503 84.333933092653751 6691.9808156900108 188.75718848407269 462.25098114274442 28.760876819491386 142.54426076263189 2226.7361772730947 41.757296156138182 293.37042644247413 7694.2849922701716 4.3942441269755355 27.53097789734602 30.434307865798473 469.97693733125925 146.29142736084759 161.85070830769837 221.83931354247034 261.80664868652821 37.568373680114746 2444.321677301079 3873.0351303741336 875.75883946195245 253.17636202275753 1119.6123524829745 331.59401530772448 997.11533970013261 118.84106257557869 98.596834011375904 906.38090929389 65.428477853536606
leaf_count=15979 11004 22756 3643 1097 5860 32669 1587 1596 20813 1303 6748 2080 742 2845 1739 1939 8179 875 859 13583 12123 4914 32806 23295 17015 13241 270 1819 266 6087 3266 1964 397 44880 1773 7446 145 730 9950 587 14414 34281 39 140 161 2453 2398 2386 7724 1252 193 11113 19884 4464 1259 5400 1618 5320 623 472 4345 366
internal_value=-3.82169e-05 0.000880978 0.00100567 -0.000130989 -0.00186701 -0.00812974 -0.00652582 0.00316356 -0.00819136 0.00647572 -0.0152872 0.00285368 0.00727112 0.00184707 0.00428646 -0.0038266 -0.00063324 0.00344048 0.00208165 0.00298332 -0.00268329 -0.000289978 0.000295586 -0.00530639 -0.00353869 0.00550149 0.00614081 -0.00190662 0.00179767 0.00732033 -0.00652037 0.00633097 0.00796647 0.00146787 -0.00261648 -0.0119249 -0.0101316 -0.00212075 -0.00103507 -0.0041146 -0.0190937 0.00162767 -0.0116817 -0.0129418 -0.0326478 0.00658772 -0.0035035 -0.0184452 -0.0107072 0.0204387 0.0266009 3.62337e-05 0.00193132 0.00566544 0.00346439 0.0092624 0.00556594 0.00771415 0.00602842 -0.00968388 0.00957711 -0.00328186
internal_weight=61988.8 55666 55408 36292.2 22946.1 6322.76 4803.48 19115.8 4258.34 545.139 1787.32 13346.1 2475.66 10870.5 2019.28 630.099 18142.6 8042.14 14527.3 11961.2 2828.33 17511.3 15696.6 4535.44 3552.09 5008.98 4815.16 615.466 557.523 4199.69 541.925 3446.56 1389.18 11191.7 4504.87 2221.74 113.095 2566.12 2369.28 2036.61 1245.4 8514.61 983.347 178.593 57.9653 4588.47 1994.85 624.102 441.738 456.379 299.375 3033.16 10565 4118.49 2556.24 1562.25 2204.47 1872.87 1238.45 351.773 1276.08 120.628
internal_count=461175 340026 329022 240807 177572 121149 59276 88215 56386 2890 64821 63235 11849 51386 9662 3036 118296 37183 65010 53471 14203 112436 104257 56328 40310 23225 22350 3022 2752 19328 17738 15547 6626 69678 34579 30645 542 11539 10680 25741 47083 37924 16018 933 301 23205 25154 9832 14472 2187 1445 13958 64764 20752 13133 7619 11402 9784 6023 1731 6084 632
is_linear=0
shrinkage=0.035


Tree=94
num_leaves=63
num_cat=7
split_feature=46 17 46 45 14 26 48 16 22 26 3 22 16 26 23 32 27 16 22 18 2 8 35 18 19 46 22 1 17 3 1 22 27 18 26 3 32 27 27 16 9 39 32 26 43 12 52 16 32 14 32 22 2 16 47 26 47 32 19 16 17 8
split_gain=359.236 155.525 105.292 95.9333 73.6556 67.3068 86.6521 87.8346 92.8775 90.4482 77.3769 122.681 55.8431 53.663 52.8486 57.77 55.5529 49.6427 87.4902 48.6177 45.0825 62.814 69.0126 57.6432 50.4908 44.5517 43.4614 41.9694 41.8194 42.0033 41.7638 41.7446 40.5005 38.011 37.8565 35.503 53.5909 35.3812 34.7106 34.5032 33.6979 33.4083 33.3924 37.5176 41.9776 37.4668 34.4328 34.6372 33.1452 32.9046 54.3516 33.7818 32.6239 32.1857 32.0153 31.2602 30.6094 30.5721 30.2975 30.159 28.7252 28.6873
threshold=3.9800000000000004 1.0000000180025095e-35 540.63000000000011 4.5500000000000007 18.000000000000004 21.500000000000004 6.5000000000000009 0 62.500000000000007 269.00000000000006 47.500000000000007 16.500000000000004 1 177.00000000000003 0.68301270189221941 1152.3600000000004 12160.08 2 8.5000000000000018 1154.3833333333334 2488.1400000000003 20.500000000000004 20.500000000000004 869.1049999999999 2276.6275000000005 2596.1400000000008 1.0000000180025095e-35 27.365000000000006 6250.5000000000009 257.50000000000006 1941.9400000000003 10.500000000000002 518.57500000000016 7120.7249999999995 35.500000000000007 39.500000000000007 6131.5900000000011 1572.5700000000004 23526.550000000003 3 948.54000000000008 18.005000000000006 3246.8650000000007 51.000000000000007 8.5000000000000018 5071.7083333333348 8.5000000000000018 4 306.96000000000009 21.500000000000004 781.83000000000004 30.500000000000004 3615.3750000000005 5 38.940000000000005 284.50000000000006 3546.9100000000003 3380.1000000000004 1.862727272727273 6 105.88000000000002 6.5000000000000009
decision_type=8 8 8 10 2 2 2 9 2 2 2 2 9 2 2 10 10 9 2 10 10 2 2 10 10 10 2 8 8 2 8 2 10 10 2 2 8 10 10 9 10 10 10 2 2 10 2 9 8 2 10 2 10 9 10 2 10 8 10 9 10 2
left_child=3 12 4 13 27 39 14 48 10 -10 31 19 -2 34 16 28 30 -4 37 60 21 23 -23 -20 -24 -26 -14 -3 29 -16 49 -9 -33 55 -1 -22 52 -19 42 61 -40 58 43 46 45 54 47 -25 -8 50 -7 -51 -37 -29 -45 57 -27 -13 -5 -52 -12 -6
right_child=1 2 17 41 5 6 7 8 9 -11 11 33 26 -15 15 -17 -18 18 20 -21 35 22 24 38 25 56 -28 53 -30 -31 -32 32 -34 -35 -36 36 -38 -39 40 -41 -42 -43 -44 44 -46 -47 -48 -49 -50 51 59 -53 -54 -55 -56 -57 -58 -59 -60 -61 -62 -63
leaf_value=-0.012866711905479354 0.0041537908947183299 -0.016190066302693575 0.010392292072958841 -0.025485221029203104 0.013223293654716903 0.0049903624039926544 -0.0031326682192920818 -0.0047314309694897012 -0.0011809801405065583 0.01034964525811 0.053307965599248455 -0.0097104514151264767 -0.025608516551316438 -0.0099371717269924453 0.0013097325027910042 -0.010491733195861759 -0.016092939017001054 -0.0020111810108364584 -0.0049744914674032482 -0.028376070263326957 0.013337977837275482 -0.043325236823375503 0.0019353061203824489 0.007149835748062135 -0.017420800957409641 -0.010151277643932451 -0.0090549090436611076 -0.019176820992529413 0.0084962739511162781 -0.010892165098194843 0.017364654095277293 0.014495255620297659 0.0010114382233272991 -0.015872951920785153 0.00029398922705229502 0.0013766772692532579 0.006782481128680822 -0.014920538558843666 -0.022767309098454962 -0.017645384103981674 0.006927664257138289 -0.021136667360134621 -0.0067093136794508894 0.0068687666583644733 0.011083111612127168 -0.03105083802556809 -0.0066614335627271414 -0.010382442666964935 0.0095504142340781615 0.0052152278203073622 0.014274269724867856 0.016543623543182742 -0.023904756839552028 -0.0026358232854635142 0.0028123163026290833 0.00076703610922299113 0.014899165552185038 -0.0027873170831131302 -0.0085164180891191578 -0.011120790557512392 -0.012610982394146382 -0.006387887220760574
leaf_weight=313.92140672169626 188.36298150010407 420.57711208611727 1017.0293564684689 152.40902419574559 101.77713743969798 2923.7399537470192 321.31502493657172 1441.3947863318026 2669.0716159846634 1210.5594658982009 7.2638098262250415 1270.0494842287153 388.23728384915739 1779.9217246621847 6811.1998039316386 513.15772057510912 143.1647904291749 2376.7508472595364 941.52355002611876 363.94766702502966 837.38763399794698 50.622718725353479 1199.7011890150607 719.95184176415205 397.18580079264939 125.16563542373478 391.3159541785717 147.00107666477561 951.51343556493521 363.06618658266962 363.36178436502814 315.17621646076441 1994.1133019439876 329.31052635610104 1786.9507345631719 134.74283990636468 2063.4945680070668 291.10413456335664 114.29347993060946 311.32243441604078 78.185221195220947 724.29613698087633 333.63820994645357 4166.365883147344 1311.9304745569825 35.367516599595547 659.9803313408047 160.72632756829262 1168.9665973689407 820.67708018049598 57.964755941182375 531.73885356448591 115.49991848878562 1800.0170530658215 5573.6547605711967 1413.2361824475229 112.53156673163176 2031.3640044368804 822.99616570957005 407.94546112976968 496.08196060732007 826.27186163514853
leaf_count=5521 2204 5937 4738 6222 693 18073 3293 10099 17096 7713 61 12104 13217 28345 43441 3458 945 12334 4263 5069 4333 258 5913 3316 1965 614 3494 1196 5939 2689 1713 1734 11721 2852 19218 692 10901 1767 617 2456 358 25205 1640 19549 6220 174 3222 709 6460 4397 315 2617 568 11798 27230 10686 572 11609 25873 2877 4968 5914
internal_value=-3.73382e-05 0.000802141 0.0010455 -0.00850689 -0.000233138 0.000233606 0.000576011 -0.00126544 -0.00215363 0.00241866 -0.00399186 -0.00648644 -0.0130992 -0.0054675 0.00256915 0.000886013 0.00533881 0.00286818 0.00251078 -0.0186388 0.00333992 0.00258517 -0.00341361 0.00338766 -0.0022893 -0.0102628 -0.0171022 -0.00617617 0.00160574 0.000690802 0.00594283 -5.96005e-05 0.00285721 -0.0043936 -0.00167773 0.00716557 0.00492685 -0.00342485 0.00398652 -0.00775007 -0.0107317 -0.0154392 0.0042059 0.00449479 0.00520588 0.00441606 -0.000622596 0.00390533 0.00677019 0.00506415 0.0032209 0.00967823 -0.0103407 -0.00400586 0.00454802 -0.00358859 0.00172094 -0.00545277 -0.0111912 -0.00787 -0.0115559 -0.00418026
internal_weight=61891.6 56311.1 55343.2 5580.5 32526.3 30158.8 28919.4 15031.9 13541.6 3879.63 9661.94 5911.25 967.916 3880.79 13887.5 8638.94 5248.59 22816.8 21799.8 867.293 19131.9 15980.8 1885.21 14095.6 1834.58 634.883 779.553 2367.6 8125.78 7174.27 5105.43 3750.68 2309.29 5043.96 2100.87 3151.12 2313.74 2667.85 13154.1 1239.37 192.479 1699.7 12961.6 12628 11087.3 9775.39 1540.66 880.678 1490.28 4742.07 3389.65 1352.42 250.243 1947.02 9740.02 4714.65 237.697 3301.41 975.405 465.91 503.346 928.049
internal_count=461175 350791 331876 110384 219923 200992 191929 105465 95712 24809 70903 47349 18915 53084 86464 55527 30937 111953 107215 10098 93114 76620 9322 67298 9064 3151 16711 18931 52069 46130 29992 23554 13455 37251 24739 16494 12161 14101 63035 9063 975 57300 62060 60420 53173 46953 7247 4025 9753 28279 21265 7014 1260 12994 46779 34399 1186 23713 32095 3192 5029 6607
cat_boundaries=0 1 2 3 4 5 6 7
cat_threshold=66683 31 1152 20917 20736 75780 132096
is_linear=0
shrinkage=0.035


end of trees

feature_importances:
target_days_since_prev_tet_from_midmonth=566
tile_size_code=407
size_branch_positive_sku_count_lag_1=374
target_working_days_proxy=294
sku_global_lag_1=292
size_branch_roll_12_mean=242
target_days_to_next_tet_from_midmonth=241
sku_global_roll_3_mean=230
size_branch_roll_3_mean=194
sku_global_lag_12=192
pair_positive_rate_to_origin=186
sku_global_lag_6=167
size_branch_target_available_sku_count_lag_1=152
months_since_last_positive=145
size_branch_lag_2=136
sku_global_positive_rate_12m=133
target_month_sin=116
sku_global_lag_3=112
pair_roll_6_positive_count=112
size_branch_lag_1=109
sku_known_branch_count_to_origin=106
target_month_num=105
size_branch_lag_12=104
sku_global_roll_12_mean=99
pair_roll_3_positive_count=96
sku_global_lag_2=95
pair_peak_positive_m2_to_origin=92
pair_lag_1=80
size_branch_lag_6=73
sku_ever_positive_branch_count_to_origin=64
pair_adi_target_available_to_origin=64
months_since_first_positive=58
pair_roll_12_target_available_count=46
sku_global_roll_6_mean=38
pair_roll_3_std=38
pair_roll_12_positive_count=38
pair_last_positive_m2_to_origin=36
pair_roll_6_std=35
pair_roll_3_mean=30
pair_roll_6_mean=26
pair_roll_3_sum=24
pair_lag_2=24
pair_cv2_positive_to_origin=19
sku_global_roll_6_sum=17
target_lunar_month_mid=17
pair_roll_6_sum=14
pair_roll_12_mean=12
pair_roll_12_std=12
pair_lag_6=10
pair_lag_3=8
target_public_holiday_event_count=5
pair_roll_12_sum=4
pair_lag_12=1

parameters:
[boosting: gbdt]
[objective: binary]
[metric: binary_logloss]
[tree_learner: serial]
[device_type: cpu]
[data_sample_strategy: bagging]
[data: ]
[valid: ]
[num_iterations: 95]
[learning_rate: 0.035]
[num_leaves: 63]
[num_threads: 1]
[seed: 42]
[deterministic: 0]
[force_col_wise: 0]
[force_row_wise: 0]
[histogram_pool_size: -1]
[max_depth: -1]
[min_data_in_leaf: 50]
[min_sum_hessian_in_leaf: 0.001]
[bagging_fraction: 0.9]
[pos_bagging_fraction: 1]
[neg_bagging_fraction: 1]
[bagging_freq: 0]
[bagging_seed: 400]
[bagging_by_query: 0]
[feature_fraction: 0.9]
[feature_fraction_bynode: 1]
[feature_fraction_seed: 30056]
[extra_trees: 0]
[extra_seed: 12879]
[early_stopping_round: 0]
[early_stopping_min_delta: 0]
[first_metric_only: 0]
[max_delta_step: 0]
[lambda_l1: 0]
[lambda_l2: 1]
[linear_lambda: 0]
[min_gain_to_split: 0]
[drop_rate: 0.1]
[max_drop: 50]
[skip_drop: 0.5]
[xgboost_dart_mode: 0]
[uniform_drop: 0]
[drop_seed: 17869]
[top_rate: 0.2]
[other_rate: 0.1]
[min_data_per_group: 100]
[max_cat_threshold: 32]
[cat_l2: 10]
[cat_smooth: 10]
[max_cat_to_onehot: 4]
[top_k: 20]
[monotone_constraints: ]
[monotone_constraints_method: basic]
[monotone_penalty: 0]
[feature_contri: ]
[forcedsplits_filename: ]
[refit_decay_rate: 0.9]
[cegb_tradeoff: 1]
[cegb_penalty_split: 0]
[cegb_penalty_feature_lazy: ]
[cegb_penalty_feature_coupled: ]
[path_smooth: 0]
[interaction_constraints: ]
[verbosity: -1]
[saved_feature_importance_type: 0]
[use_quantized_grad: 0]
[num_grad_quant_bins: 4]
[quant_train_renew_leaf: 0]
[stochastic_rounding: 1]
[linear_tree: 0]
[max_bin: 255]
[max_bin_by_feature: ]
[min_data_in_bin: 3]
[bin_construct_sample_cnt: 200000]
[data_random_seed: 175]
[is_enable_sparse: 1]
[enable_bundle: 1]
[use_missing: 1]
[zero_as_missing: 0]
[feature_pre_filter: 1]
[pre_partition: 0]
[two_round: 0]
[header: 0]
[label_column: ]
[weight_column: ]
[group_column: ]
[ignore_column: ]
[categorical_feature: 16]
[forcedbins_filename: ]
[precise_float_parser: 0]
[parser_config_file: ]
[objective_seed: 16083]
[num_class: 1]
[is_unbalance: 0]
[scale_pos_weight: 1]
[sigmoid: 1]
[boost_from_average: 1]
[reg_sqrt: 0]
[alpha: 0.9]
[fair_c: 1]
[poisson_max_delta_step: 0.7]
[tweedie_variance_power: 1.5]
[lambdarank_truncation_level: 30]
[lambdarank_norm: 1]
[label_gain: ]
[lambdarank_position_bias_regularization: 0]
[eval_at: ]
[multi_error_top_k: 1]
[auc_mu_weights: ]
[num_machines: 1]
[local_listen_port: 12400]
[time_out: 120]
[machine_list_filename: ]
[machines: ]
[gpu_platform_id: -1]
[gpu_device_id: -1]
[gpu_use_dp: 0]
[num_gpu: 1]

end of parameters

pandas_categorical:[["100100", "1033", "15580", "1580", "1590", "2040", "2550", "3030", "3060", "4040", "4060", "4080", "5050", "60120", "6060", "8012", "80120", "8080"]]
