tree
version=v4
num_class=1
num_tree_per_iteration=1
label_index=0
max_feature_idx=52
objective=binary sigmoid:1
feature_names=sku_global_roll_3_mean sku_global_lag_3 sku_global_lag_1 size_branch_target_available_sku_count_lag_1 pair_lag_1 pair_roll_3_mean pair_roll_6_mean sku_global_positive_rate_12m sku_known_branch_count_to_origin pair_roll_3_sum pair_roll_12_sum pair_roll_6_sum sku_global_roll_6_mean pair_positive_rate_to_origin target_working_days_proxy pair_cv2_positive_to_origin tile_size_code size_branch_lag_2 size_branch_roll_12_mean sku_global_roll_12_mean pair_roll_3_std pair_lag_2 size_branch_positive_sku_count_lag_1 target_month_sin months_since_last_positive pair_roll_12_mean target_days_since_prev_tet_from_midmonth size_branch_lag_1 pair_lag_12 target_days_to_next_tet_from_midmonth sku_global_roll_6_sum target_public_holiday_event_count sku_global_lag_12 target_lunar_month_mid pair_roll_3_positive_count sku_ever_positive_branch_count_to_origin pair_lag_6 size_branch_lag_6 pair_lag_3 pair_last_positive_m2_to_origin size_branch_roll_3_mean size_branch_lag_12 pair_roll_6_positive_count pair_roll_12_positive_count pair_peak_positive_m2_to_origin pair_adi_target_available_to_origin sku_global_lag_2 sku_global_lag_6 target_month_num months_since_first_positive pair_roll_6_std pair_roll_12_std pair_roll_12_target_available_count
feature_infos=[0:22618.98] [0:31196.16] [0:31196.16] [0:355] [0:10800] [0:8577.3600000000006] [0:8577.3600000000006] [0:1] [1:48] [0:21807] [0:74259] [0:41260.5] [0:22618.98] [0:1] [15:23] [0:8.5140033033036193] -1:8:14:17:11:12:7:6:5:3:13:10:0:16:4:2:1:9 [0:65640.959999999992] [0:47521.4375] [0:22618.98] [0:4299.3878634056737] [0:7794] [0:138] [-1:1] [0:28] [0:8577.3600000000006] [5:382] [0:65640.959999999992] [0:13108.32] [2:367] [0:84486.419999999984] [0:2] [0:31196.16] [1:12] [0:3] [0:48] [0:13108.32] [0:65640.959999999992] [0:9823.5] [0.029999999999999999:10800] [0:59159.5] [0:65640.959999999992] [0:6] [0:12] [0.029999999999999999:13108.32] [1:29] [0:31196.16] [0:31196.16] [1:12] [0:28] [0:4039.3738127308789] [0:4039.3738127308789] [0:12]
tree_sizes=6911 7006 6986 6972 7003 6976 6996 7011 7047 7008 7039 7040 7051 7029 7042 7025 6988 7050 7047 7040 7023 7048 7030 7035 7020 7031 7061 7019 7060 7035 7035 7016 7043 7071 7077 7043 7050 7042 7052 7062 7045 7048 7047 7024 7027 7003 7027 7054 7007 7071 7056 7020 7062 7028 7067 7040 7054 7020 7057 7062 7064 7054 7022 7040 7067 7020 7109 7105 7020 7062 7058 7053 7036 7048 7051 7039 7044 7089 7081 7100 7068 7090 7072 7043 7081 7051 7034 7054 7081 7017 7023 7058 7088 7098 7080 7100 7045 7084 7084 7077 7068 7059 7084 7091 7087 7124 7044 7067 7102 7089 7102 7072 7097 7073 7053 7109 7093 7109 7071 7011 7102 7095 7079 7112 7107 7061 7065 7099 7081 7061 7042 7074 7098 7089 7056 7079 7091 7052 7098

Tree=0
num_leaves=63
num_cat=0
split_feature=4 24 2 2 45 34 14 45 34 45 50 45 2 42 4 45 2 2 34 48 1 2 14 9 22 2 23 22 4 40 7 14 4 14 22 2 24 2 4 45 45 40 48 40 45 34 1 2 2 22 26 14 34 4 45 7 26 0 21 18 2 14
split_gain=131539 16808.1 14858.3 5074.48 4176.62 3089.35 2337.54 2054.36 1590 1091.23 978.002 968.964 713.695 688.359 672.748 663.046 658.157 467.264 460.496 412.166 525.166 386.598 386.391 372.144 360.622 320.566 266.465 265.404 252.387 248.003 242.183 234.837 233.677 222.58 224.878 217.003 206.159 191.442 188.519 185.296 181.506 143.758 137.766 132.271 130.569 127.648 187.01 123.185 122.228 118.774 112.366 108.262 107.767 103.13 102.724 101.739 101.428 101.087 98.4793 97.5704 105.365 97.494
threshold=1.0000000180025095e-35 3.5000000000000004 228.03000000000003 102.69000000000001 1.341666666666667 1.5000000000000002 16.500000000000004 2.035714285714286 2.5000000000000004 1.4472222222222224 0.13416407864995789 2.035714285714286 27.030000000000005 3.5000000000000004 34.605000000000011 2.035714285714286 55.25500000000001 581.49000000000012 1.5000000000000002 2.5000000000000004 2602.98 36.040000000000006 16.500000000000004 123.16000000000001 1.0000000180025095e-35 400.66000000000008 0.68301270189221941 13.500000000000002 7.9350000000000014 12452.190000000001 0.95833333333333337 18.000000000000004 14.440000000000003 19.500000000000004 1.0000000180025095e-35 356.40000000000009 8.5000000000000018 46.990000000000009 19.230000000000008 2.5227272727272729 1.1558704453441297 8.3266666666666733 2.5000000000000004 2508.9000000000005 3.183333333333334 1.5000000000000002 10884.500000000002 18.090000000000007 31.715000000000003 15.500000000000002 131.50000000000003 18.000000000000004 2.5000000000000004 4.830000000000001 1.5419580419580423 0.95833333333333337 21.500000000000004 61.326666666666675 0.7350000000000001 11313.973333333333 1206.3800000000003 16.500000000000004
decision_type=8 8 10 10 8 2 2 10 2 10 8 10 10 2 10 8 10 10 2 2 8 10 2 10 2 10 2 2 10 10 10 2 10 2 2 10 10 10 10 8 10 10 2 10 10 2 8 10 10 2 2 2 2 10 10 10 2 10 10 10 10 2
left_child=1 3 5 11 6 12 23 13 17 16 36 18 -2 24 56 22 53 45 26 -14 39 -12 -6 -4 -5 61 48 43 51 32 -13 -27 -29 -15 -35 -36 55 -11 -24 57 -16 -23 -30 -19 -9 46 -8 -28 -1 -40 -43 -18 -44 -7 -33 -3 -10 -21 -34 60 -51 -26
right_child=2 10 4 7 15 9 8 44 14 37 21 30 19 33 40 -17 28 27 -20 20 -22 41 38 -25 25 31 47 29 42 -31 -32 54 58 34 35 -37 -38 -39 49 -41 -42 50 52 -45 -46 -47 -48 -49 -50 59 -52 -53 -54 -55 -56 -57 -58 -59 -60 -61 -62 -63
leaf_value=-0.95091912586861471 -0.93824250486587257 -0.96787964580950225 -0.9181318207699003 -0.95075185899123615 -0.92112243940821348 -0.90417687478965214 -0.88609749448672193 -0.93094584901467881 -0.87773319569888408 -0.91889624755967236 -0.96274228451053245 -0.95914106453620562 -0.93290986892303773 -0.91930582648550896 -0.82240732412621165 -0.90712351476292952 -0.92050897585662839 -0.85731563476407135 -0.91992712636606078 -0.91688894939829479 -0.86930071735281278 -0.97065308118932547 -0.88444660768019667 -0.87554480295802983 -0.95831505231322534 -0.937996326045346 -0.93821077206441883 -0.85829085100600511 -0.88129879278557266 -0.8825497575332405 -0.94589175326333885 -0.88849571609322309 -0.84237341135545374 -0.94537599344915479 -0.89742735070483159 -0.8753197205669706 -0.97126830366995909 -0.89717545760259765 -0.87837993922137714 -0.93008965220999573 -0.84119342578204459 -0.93863458927470844 -0.86555389306692998 -0.89500066006698475 -0.94466338208622136 -0.85881187583072693 -0.85496884274059726 -0.92053060354983385 -0.93741454240028765 -0.86492819529398668 -0.95111028115422491 -0.87729012280106677 -0.84813377327244532 -0.88603268806768809 -0.90334934861118921 -0.96109108283003231 -0.84437813025964981 -0.90025627476656589 -0.82946019915621916 -0.89205281009803516 -0.84406251648391273 -0.91725682910284545
leaf_weight=2452.3390226364136 1772.9858219027519 7959.5313967466354 496.81006062030792 271.17210346460342 210.39214923977852 706.5923775434494 673.8647098839283 2651.5509127378464 121.96646332740784 839.53582257032394 5503.7366576492786 4505.4411553144455 833.23422196507454 279.09992358088493 5276.6757584214211 1015.1675297617912 76.635594457387924 1180.8386424481869 1667.2815536856651 705.98254522681236 429.32195091247559 335.40777415037155 1071.4753803312778 508.60015207529068 71.960213363170624 197.78894802927971 1093.2260662913322 771.23460310697556 311.01448148488998 185.99885657429695 2715.1767511069775 850.51280426979065 1706.1075445115566 75.619207262992859 918.00091397762299 1352.6080783009529 21625.873612582684 1220.2744655907154 734.84794154763222 506.36410024762154 751.7199689745903 1360.1293435394764 808.63765186071396 128.87789624929428 1250.9693588614464 1458.5156239569187 369.15182900428772 863.11600548028946 1238.3661576509476 1030.8198925554752 2547.8794189095497 1008.2560968399048 1017.2003041505814 851.73246890306473 1756.9269042313099 4175.3185945749283 2578.3710347414017 1229.015395462513 1404.6471026539803 119.12057918310165 435.42027407884598 2478.9683671295643
leaf_count=12064 8722 39156 2444 1334 1035 3476 3315 13044 600 4130 27075 22164 4099 1373 25958 4994 377 5809 8202 3473 2112 1650 5271 2502 354 973 5378 3794 1530 915 13357 4184 8393 372 4516 6654 106386 6003 3615 2491 3698 6691 3978 634 6154 7175 1816 4246 6092 5071 12534 4960 5004 4190 8643 20540 12684 6046 6910 586 2142 12195
internal_value=-0.925464 -0.952979 -0.869555 -0.931112 -0.852471 -0.900395 -0.844702 -0.914424 -0.841565 -0.884711 -0.966392 -0.945068 -0.919986 -0.90453 -0.831263 -0.882116 -0.875535 -0.852988 -0.936087 -0.911246 -0.904957 -0.956619 -0.875075 -0.89656 -0.911439 -0.909444 -0.940858 -0.847158 -0.866499 -0.842719 -0.954162 -0.901281 -0.840822 -0.889733 -0.88622 -0.884241 -0.969213 -0.906021 -0.872221 -0.911248 -0.824736 -0.948671 -0.859499 -0.860998 -0.935347 -0.865548 -0.875023 -0.930412 -0.946392 -0.866595 -0.946773 -0.880336 -0.855812 -0.894241 -0.898492 -0.965547 -0.845866 -0.906317 -0.836514 -0.861165 -0.858681 -0.918427
internal_weight=104745 70198 34547.4 26690.1 22230.6 12316.8 17613.4 12155.2 16608 6839.88 43507.9 14534.9 5476.9 8252.66 8728.73 4617.24 4780.07 7879.24 7314.33 3703.92 2870.68 9747.15 3602.08 1005.41 5627.33 5356.16 5647.05 5377.7 3221.74 4067.99 7220.62 2805.23 3881.99 2625.33 2346.23 2270.61 33760.7 2059.81 3391.68 2441.36 6028.4 4243.42 2136.85 1309.72 3902.52 2501.53 1043.02 1956.34 3690.71 2320.21 3908.01 1084.89 1825.84 1558.32 2607.44 12134.8 2700.34 1935 3110.75 1585.36 1466.24 2550.93
internal_count=515283 345331 169952 131299 109361 60591 86647 59796 81701 33648 214032 71503 26943 40598 42940 22714 23515 38761 35982 18221 14122 47950 17720 4946 27683 26349 27780 26455 15849 20012 35521 13800 19097 12915 11542 11170 166082 10133 16685 12010 29656 20875 10512 6443 19198 12306 5131 9624 18156 11414 19225 5337 8982 7666 12827 59696 13284 9519 15303 7799 7213 12549
is_linear=0
shrinkage=1


Tree=1
num_leaves=63
num_cat=0
split_feature=4 24 2 0 34 34 14 13 13 7 50 13 4 2 0 13 2 22 13 2 2 48 1 14 13 22 42 45 4 18 14 14 24 48 19 13 2 2 4 2 6 17 4 22 18 13 25 34 13 13 32 14 47 2 7 7 19 23 45 2 45 42
split_gain=121028 16178.6 13002.3 4771.3 3903.06 2408.48 1807.81 1673.47 1664.07 1040.89 959.659 807.175 777.022 619.876 580.997 521.75 462.839 426.96 403.303 386.99 376.467 363.153 400.497 362.69 330.689 266.974 250.534 222.268 216.008 231.97 206.942 206.581 203.643 187.329 182.699 175.393 174.859 172.682 157.731 151.438 145.217 144.031 140.593 132.057 124.139 123.248 118.747 117.588 117.301 116.85 116.472 115.71 115.474 109.581 107.389 100.297 99.4731 99.2088 97.9019 95.6972 94.3388 90.7904
threshold=1.0000000180025095e-35 3.5000000000000004 185.50000000000003 193.53000000000006 2.5000000000000004 1.5000000000000002 16.500000000000004 0.6198686371100165 0.62731481481481499 0.95833333333333337 0.13416407864995789 0.70185185185185195 34.605000000000011 558.2700000000001 26.639999999999997 0.47493734335839605 55.25500000000001 1.0000000180025095e-35 0.85092592592592597 356.40000000000009 115.22000000000003 2.5000000000000004 2602.98 16.500000000000004 0.48212005108556838 13.500000000000002 2.5000000000000004 2.035714285714286 14.440000000000003 11313.973333333333 16.500000000000004 19.500000000000004 8.5000000000000018 2.5000000000000004 425.34000000000009 0.85092592592592597 523.14000000000021 48.245000000000012 10.125000000000002 46.990000000000009 49.926000000000009 2.4400000000000004 7.9350000000000014 1.0000000180025095e-35 2631.5300000000002 0.39009661835748799 162.65127272727275 1.5000000000000002 0.82480818414322254 0.31698564593301443 5937.6250000000009 18.000000000000004 4722.7500000000009 1176.4000000000003 0.95833333333333337 0.84523809523809534 266.51555555555564 0.68301270189221941 2.683333333333334 7.6850000000000014 1.4472222222222224 3.5000000000000004
decision_type=8 8 10 10 2 2 2 10 10 10 8 10 10 10 10 10 10 2 10 10 10 2 8 2 10 2 2 8 10 10 2 2 10 2 10 10 10 10 10 10 10 10 10 2 10 10 10 2 10 10 8 2 8 10 10 10 10 2 10 8 10 2
left_child=1 3 5 9 6 14 40 27 15 26 32 39 23 38 -2 49 59 -10 -14 47 54 -16 45 -6 57 44 50 -8 -27 52 -20 -21 55 -18 37 -25 -17 61 -9 -7 -4 -22 -35 -38 -15 -23 -40 -19 -33 -5 -1 -45 -30 -32 -12 -3 -48 -11 -43 -13 -39 -26
right_child=2 10 4 8 12 11 7 13 17 24 20 16 18 25 21 36 33 19 30 31 41 22 -24 35 34 28 -28 -29 29 -31 53 48 -34 42 -36 -37 43 60 46 -41 -42 58 -44 51 -46 -47 56 -49 -50 -51 -52 -53 -54 -55 -56 -57 -58 -59 -60 -61 -62 -63
leaf_value=-0.034533357610131578 -0.013562557981591087 -0.042534424268663953 -0.0031552083093486926 -0.019218846197825788 0.015761895075972827 0.0070767770154652482 0.040913690809194041 0.041290271661675711 -0.02605607747678684 -0.022385177092408757 -0.037971199635084371 0.01070587394706928 0.070151630061630652 0.061398556138816195 -0.0094687040709100084 0.003072971106035782 0.030526843659394034 0.0074830727893081496 0.060859737035703132 0.0099658934336493542 -0.042144647822790413 -0.0044891413934977399 0.049581605349100062 0.055862202633217423 -0.010751983446681065 0.059953909388953494 -0.014092645904955563 0.019346410391173564 0.073441430092953827 0.042862873720184207 0.089224911078350816 0.037722372462984766 -0.04512102076346422 0.045831879998729591 -0.020345881940926493 0.075992295717514438 -0.025209170320397496 0.021982598548792854 0.060235788972926987 0.026516751881209135 0.024254907423245174 -0.0076961455639272501 0.064410906608848059 -0.014420472821650241 0.026828235454281774 0.01609938621848794 0.0033046048162600761 0.025469815035958264 0.056297615656779113 -0.004977847494006685 -0.024588818833902348 0.023082812495156344 0.085976681244313777 0.099230071805763889 -0.028777184469133996 -0.036072489032990249 0.048941424496105529 -0.0086267220898525367 -0.02221064789669305 0.033852912060898577 0.0031590488969346115 0.0073751409248189719
leaf_weight=3806.8805686533451 1627.7414354979992 6100.260835647583 552.90091542899609 1010.9443955719471 148.44364015758038 877.14449721574783 1443.595330581069 1061.6649302691221 172.02920019626617 2106.0796598941088 4534.6334872841835 265.58825770020485 1104.9482710063457 1493.4853640049696 764.50451347231865 2135.4698348492384 358.63377560675144 785.96902175247669 237.89673842489719 271.41716748476028 300.3382274210453 441.76538786292076 411.81415063142776 685.09767968952656 1646.6046038717031 982.24936464428902 1352.4339814186096 989.43245519697666 1688.2507844269276 216.21026189625263 2635.6156497001648 1710.2503759711981 21192.874787449837 782.52653378248215 647.61591456830502 2601.1607856452465 80.62643700838089 438.12746943533421 2229.0345864295959 1116.5290947854519 412.85138368606567 947.56211367249489 1448.9617877006531 107.59388642013073 141.50439351797104 1829.3545327037573 81.351644456386566 1029.4802930504084 558.50395233929157 2336.6741259545088 2346.7030698060989 1459.1777991950512 2125.4846013337374 3126.1273302435875 2401.5368573367596 5822.2552832961082 208.7504056841135 925.97980254888535 1430.7507144808769 1273.1852107346058 1269.4978667497635 425.21549782156944
leaf_count=18965 8039 30576 2710 5017 723 4301 6953 5108 854 10444 22662 1293 5277 7154 3774 10482 1736 3855 1148 1333 1503 2179 1985 3280 8145 4707 6695 4831 8024 1043 12437 8268 106386 3772 3193 12386 401 2148 10708 5424 2007 4703 6924 532 685 8944 392 5030 2691 11535 11675 7108 10087 14743 11976 29120 1001 4591 7106 6177 6242 2095
internal_value=-1.69005e-05 -0.0268856 0.0526757 -0.00546911 0.0671218 0.021496 0.0547434 0.058264 0.0113177 -0.0185462 -0.0402288 0.0362728 0.0831198 0.0644712 0.00366608 0.000779868 0.0451031 0.0279096 0.0897435 0.0300465 -0.0304874 0.0118023 0.0178648 0.0693968 -0.0092848 0.070806 -0.0277473 0.0321545 0.0748323 0.078443 0.0933394 0.0388663 -0.0430561 0.0541396 -0.00318459 0.071814 0.00968496 -0.000239361 0.0526951 0.0179717 0.00857537 -0.0193309 0.0579192 0.0182488 0.0584248 0.0120944 0.0574832 0.0176912 0.0423179 -0.00928293 -0.0307456 0.0204998 0.0804483 0.0946697 -0.0347925 -0.0393821 0.0361991 -0.0181876 -0.0164335 0.0298673 0.00799867 -0.00702985
internal_weight=104717 69353.5 35363.8 26623.3 24166.1 11197.7 13626.8 12661 11658.1 14965.1 42730.2 6122.57 10539.3 10228 5075.18 7130.49 4128.9 4527.65 7104.59 4355.62 9614.82 3447.44 2682.93 3434.7 7459.12 6647.18 7506.02 2433.03 5012.2 4029.95 5999.64 2540.17 33115.4 2590.12 4427.06 3286.26 3782.87 3779.45 3580.8 1993.67 965.752 2678.65 2231.49 1647.4 1634.99 2271.12 2519.14 1815.45 2268.75 3347.62 6153.58 1566.77 3813.74 5761.74 6936.17 11922.5 290.102 3032.06 2378.31 1538.77 1707.63 2071.82
internal_count=515283 345331 169952 131299 115404 54548 65410 60693 57106 74193 214032 29627 49994 48909 24921 35075 19902 22031 33605 21177 47950 16882 13108 16389 36858 31700 37335 11784 23861 19154 28328 12292 166082 12432 21823 15666 18523 18630 17209 9725 4717 13312 10696 8041 7839 11123 12101 8885 10959 16552 30640 7640 18111 27180 34638 59696 1393 15035 11809 7470 8390 10240
is_linear=0
shrinkage=0.035


Tree=2
num_leaves=63
num_cat=0
split_feature=4 24 2 2 13 14 34 45 34 50 7 45 13 42 2 4 2 21 2 9 2 14 22 14 2 14 1 42 4 24 21 4 14 22 2 25 45 2 23 32 4 40 7 13 13 22 1 0 32 14 2 18 22 29 2 14 22 29 45 22 3 45
split_gain=111632 15580.1 11488.9 4497.2 3658.76 2104.32 1848.8 1746.93 1349.93 943.343 892.787 619.042 607.071 576.067 548.16 546.855 477.448 421.152 366.798 354.508 349.92 343.232 316.898 269.158 277.264 265.897 381.911 253.8 207.328 201.685 200.303 199.692 187.094 187.1 165.197 152.521 150.531 148.516 147.443 144.818 137.818 136.403 130.127 118.271 117.869 105.096 104.992 103.575 103.286 101.412 99.9259 99.8416 97.1565 94.4636 93.5662 92.8309 92.532 92.439 83.9511 81.8897 107.679 81.742
threshold=1.0000000180025095e-35 3.5000000000000004 154.12500000000003 102.69000000000001 0.74537037037037046 16.500000000000004 1.5000000000000002 2.035714285714286 2.5000000000000004 0.13416407864995789 0.95833333333333337 2.035714285714286 0.63397129186602885 3.5000000000000004 462.96000000000004 31.715000000000003 27.030000000000005 1.0000000180025095e-35 37.25500000000001 123.16000000000001 55.25500000000001 16.500000000000004 1.0000000180025095e-35 18.000000000000004 400.66000000000008 16.500000000000004 2602.98 2.5000000000000004 12.930000000000001 8.5000000000000018 0.7350000000000001 10.125000000000002 19.500000000000004 1.0000000180025095e-35 356.40000000000009 349.92000000000007 1.5131578947368423 1148.1900000000003 0.68301270189221941 80.390000000000029 3.2450000000000006 8.3266666666666733 0.95833333333333337 0.27429467084639503 0.31414473684210531 39.500000000000007 719.4000000000002 162.48999999999998 2920.4100000000003 18.000000000000004 2.8750000000000004 4258.7250000000013 11.500000000000002 358.00000000000006 17.285000000000004 21.500000000000004 52.500000000000007 358.00000000000006 2.683333333333334 18.500000000000004 62.500000000000007 1.2158385093167705
decision_type=8 8 10 10 10 2 2 10 2 8 10 8 10 2 10 10 10 8 10 10 10 2 2 2 10 2 8 2 10 10 10 10 2 2 10 10 10 10 2 8 10 10 10 10 10 2 8 10 8 2 10 10 2 2 8 2 2 2 10 2 2 10
left_child=1 3 6 10 11 19 16 13 14 29 27 21 -8 22 42 57 -2 38 -11 -6 54 -4 -5 -24 -25 -18 39 48 -16 50 35 -23 -15 -34 -35 52 55 53 -12 -27 -22 -20 -7 -13 -9 51 -38 -43 -1 -42 -3 -33 -30 -17 -14 -19 -44 -10 -49 60 -26 -51
right_child=2 9 4 7 5 8 12 44 15 18 17 43 20 32 28 37 25 36 41 -21 40 31 23 24 59 26 -28 -29 30 -31 -32 45 33 34 -36 -37 46 -39 -40 -41 49 47 56 -45 -46 -47 -48 58 -50 61 -52 -53 -54 -55 -56 -57 -58 -59 -60 -61 -62 -63
leaf_value=-0.034058159039447908 -0.012215500848533286 -0.042304926931952792 0.0022756467132140907 -0.024299285354548773 0.0050705029581182845 0.026042920038295621 0.010107388463738737 -0.018148284100824825 0.069818724372896365 -0.035876525710165363 -0.022788678587674777 -0.0055565903007397206 0.01652086083129416 0.0055138612742185091 0.054537849945634577 0.081941325221480205 -0.016178945499836572 0.00062860736277147691 -0.043904770981035353 0.043806501093517837 0.029818662551152762 0.031478149575334465 -0.015149722384301869 0.0081833796728746563 0.023044523934948172 -0.0094564150206861552 0.049017679709211726 -0.013530252988993406 0.053579194108253597 -0.044470838021626026 0.078773003972997427 0.04810246407260705 -0.018801380811629985 0.025989274975024297 0.045027746295827148 0.044465633032581497 -0.010360022191003283 0.091139544487395835 -0.0076348173477448003 0.013745652049782307 0.020560256901647415 -0.026696281069601431 0.047059872379038387 0.020873994177785096 -0.0050254324388382156 0.058835876329368486 0.0089144665197839271 -0.0066219536031793102 -0.024504336688818185 0.059053116945585009 -0.035765727869217036 0.024246494712620928 0.071266871204017368 0.052079106062558875 0.032836077006874367 0.019971084961123185 0.062000258603842354 0.040758856533237263 -0.020736393665285343 0.030333975678853653 -0.0029029367040627366 0.043412103153608432
leaf_weight=3630.1502965837717 1758.2069502174854 5258.586357653141 236.11150299012661 266.27493138611317 616.41940040886402 275.93518467247486 1198.7844344824553 1229.5047861486673 2987.5571917146444 5360.1028423160315 2501.7312726378441 261.28244276344776 677.71154496073723 281.16492077708244 1209.0622614175081 3127.5283146500587 387.60550247132778 722.18421088159084 320.27516722679138 545.08735607564449 459.43681061267853 939.03410384058952 344.68245042860508 2415.2972339242697 1008.341550335288 401.59422871470451 346.4418538659811 1345.7712429016829 488.0048953294754 20757.843639850616 2223.0629074126482 1793.4288095831871 74.211760342121124 935.28742852807045 1405.936465755105 401.9141453653574 1727.2762394398451 3642.2771516293287 1149.0019582509995 1820.1682416051626 125.07381784915924 1657.3776911199093 1745.808864325285 997.87610083818436 2635.4465140253305 1082.3898422122002 432.10017041862011 867.96610043942928 2267.6924763470888 1150.5088066160679 6451.5779307484627 247.79439508914948 2057.8950294703245 142.33734187483788 1197.512782767415 523.93397887051105 738.80619193613529 145.48916873335838 1277.5770572274923 1414.6184846162796 242.85042259097099 662.48667226731777
leaf_count=18371 8722 26861 1152 1334 3013 1307 5813 6154 13836 27241 12491 1271 3272 1373 5656 14315 1921 3545 1636 2584 2182 4463 1705 11817 4853 1976 1635 6702 2281 106386 10266 8445 372 4516 6654 1878 8583 16588 5700 8877 599 8332 8220 4833 13044 5086 2135 4329 11408 5385 32835 1169 9519 653 5745 2568 3476 682 6412 6805 1169 3132
internal_value=-3.13031e-05 -0.026276 0.049784 -0.00529571 0.0621662 0.0690416 0.0182888 0.0102639 0.0718112 -0.0395552 -0.0186286 0.0369882 0.0321277 0.0192334 0.0620602 0.0806769 0.00222269 -0.00976588 -0.029837 0.0232711 0.038302 0.0433097 0.0129166 0.0147472 0.0167778 0.0108122 0.0148905 -0.0272596 0.0677075 -0.0423928 0.0707757 0.0456933 0.0325572 0.0357016 0.0374365 0.06472 -0.000911795 0.0861934 -0.0180227 0.0095494 0.0471649 -0.0219789 0.0489888 0.0153894 -0.00920364 0.0499553 -0.00650078 -0.0201213 -0.0303895 0.0512595 -0.0387056 0.0452198 0.0678988 0.0806577 0.0269517 0.0087707 0.0515256 0.0684827 -0.0150322 0.0245586 0.0180099 0.0533648
internal_weight=104595 68504.8 36090.6 26553.5 25905.1 20347.2 10185.5 12253.6 19185.7 41951.3 14299.8 5557.92 5471.51 8388.67 9140.49 10045.2 4714.02 7056.23 9483.3 1161.51 4272.73 4298.76 5692.07 5425.79 5081.11 2955.81 2568.2 7243.61 6379.94 32468 5170.88 4062.65 2696.6 2415.44 2341.22 2947.81 3405.49 6912.14 3650.73 2221.76 2397.51 4123.2 2760.55 1259.16 3864.95 3123.61 2159.38 3802.92 5897.84 1938.07 11710.2 2041.22 2545.9 3269.87 1875.22 1246.12 2484.62 3133.05 2145.54 2665.81 1251.19 1813
internal_count=515283 345331 169952 131299 120693 94274 49259 59796 88677 214032 71503 26419 26128 40598 42603 46074 23131 35022 47950 5597 20315 20315 27683 26349 24644 14409 12488 36481 29600 166082 23944 19163 12915 11542 11170 13678 16831 31556 18191 10853 11298 20709 13003 6104 19198 14700 10718 19073 29779 9116 59696 9614 11800 14968 9017 6113 11696 14518 10741 12827 6022 8517
is_linear=0
shrinkage=0.035


Tree=3
num_leaves=63
num_cat=0
split_feature=4 24 0 2 13 34 45 14 4 50 13 2 21 0 34 14 34 2 45 13 22 48 47 9 26 13 26 2 2 7 24 32 14 14 2 14 2 4 5 13 27 22 40 2 22 13 26 2 2 22 4 40 14 46 48 45 26 40 14 27 45 45
split_gain=103184 15009.7 10228.7 4215.08 2785.98 1976.29 1613.33 1475.74 1143.04 928.753 868.78 715.554 701.289 635.507 537.504 406.69 399.01 356.529 350.507 350.333 314.927 311.442 291.558 266.518 260.533 239.535 236.067 231.911 225.58 219.996 201.132 178.766 177.411 171.516 162.293 159.567 155.475 146.715 145.681 142.919 140.253 169.201 133.457 126.076 114.672 111.434 108.209 106.292 105.939 100.789 100.555 99.0916 97.9724 97.0478 93.4013 93.3078 91.7159 88.7634 84.6077 83.7004 82.2749 81.889
threshold=1.0000000180025095e-35 3.5000000000000004 234.89000000000001 102.69000000000001 0.74537037037037046 1.5000000000000002 2.035714285714286 16.500000000000004 21.640000000000004 0.13416407864995789 0.47913043478260875 62.680000000000007 5.8000000000000007 61.326666666666675 1.5000000000000002 16.500000000000004 1.5000000000000002 36.040000000000006 1.7817460317460319 0.72902097902097907 1.0000000180025095e-35 2.5000000000000004 inf 123.16000000000001 21.500000000000004 0.6132478632478634 91.000000000000014 400.66000000000008 664.47000000000014 0.95833333333333337 9.5000000000000018 inf 18.000000000000004 18.000000000000004 425.25000000000006 18.000000000000004 82.570000000000007 11.565000000000003 3.8400000000000012 0.77525252525252542 11583.450000000003 12.500000000000002 8.3266666666666733 21.090000000000007 34.500000000000007 0.31414473684210531 131.50000000000003 9.7350000000000012 2.8750000000000004 1.0000000180025095e-35 4.3500000000000005 18646.260000000006 19.500000000000004 46.105000000000011 2.5000000000000004 1.4472222222222224 21.500000000000004 1.0000000180025095e-35 19.500000000000004 1624.6400000000003 2.5227272727272729 1.6770833333333337
decision_type=8 8 10 10 10 2 10 2 10 8 10 10 10 10 2 2 2 10 8 10 2 2 8 10 2 10 2 10 10 10 10 8 2 2 10 2 10 10 10 10 10 2 10 10 2 10 2 10 10 2 10 10 2 10 2 10 2 10 2 10 8 10
left_child=1 3 5 10 15 13 14 23 24 30 29 25 40 31 20 -4 26 -11 34 61 -5 -15 -23 -6 -9 -7 53 58 56 -1 48 -2 -16 -33 -17 -29 -26 -21 -38 -34 41 59 -19 -28 -30 -8 -44 -35 -3 -41 -27 -46 -40 -12 -18 -37 -14 -50 -22 -10 -20 -13
right_child=2 9 4 6 7 11 45 8 12 17 16 19 28 21 32 18 54 42 60 37 27 22 -24 -25 36 50 43 35 44 -31 -32 33 39 47 -36 55 38 -39 52 49 -42 -43 46 -45 51 -47 -48 -49 57 -51 -52 -53 -54 -55 -56 -57 -58 -59 -60 -61 -62 -63
leaf_value=-0.031845141809240321 -0.015244831806386172 -0.041935319388308863 -0.0017025583630636001 -0.026156764091745548 0.0066716803068469221 0.0018375489076541912 -0.017660279184195379 0.02090479007273251 0.053867927766979309 -0.035261690014918995 -0.012485738270266913 0.036273657551427745 0.042242772152751448 -0.0048063903693499384 -0.0025324674992662022 0.033660182420996949 -0.014370258110072736 -0.043312170601586146 0.030987179160689625 0.041157740784404623 -0.014840254251157604 0.012896682680758404 0.038607496012212465 0.04213925334802307 0.026164158613517945 0.016933420712663898 -0.024990847695953354 -0.010340319579141045 0.077075856657734754 -0.019010705597299303 -0.0442664623103061 -0.022210782944472554 0.02579504821883544 -0.010184287527391048 0.051867347848733591 0.035102602533413629 0.035484796808596106 0.058898495522218347 0.042218303870752989 -0.02263294488474079 0.033667106633415399 0.066621664451257293 -0.01158308344528987 -0.011934685933880985 0.087049750498206305 -0.0048605096301201911 -0.023986142075682511 0.013876480583388499 -0.046146466001077718 0.0433942244273198 0.033009854990915417 0.04724075834192807 0.060686687775639458 0.00350998409393287 0.0088230913846888935 0.019287738524259836 0.071119332853861406 -0.034446506679572254 0.0079530493919127525 0.025254706870442397 0.013380203312135287 0.01743674451353518
leaf_weight=4307.9046566486359 1353.0238174945116 6550.3715292811394 320.50469450652599 254.23447625339031 497.23920911550522 650.77208124101162 1219.4656512439251 274.0893792361021 683.45720660686493 5238.3838968425989 873.73765128850937 696.31815288960934 148.27582402527332 610.95294000208378 189.97832207381725 861.42867404222488 249.14291381835938 316.372150182724 1267.3079987317324 956.74276502430439 217.92115740478039 1327.747508123517 911.88213047385216 542.93271014094353 206.92926169931889 820.1645480543375 2071.5689386129379 187.10313408076763 3488.2915979772806 2647.9729212075472 17594.990550875664 282.7531853467226 1673.9435625970364 296.77055343985558 2039.7806450277567 604.62022244930267 352.20952935516834 1466.9916759729385 396.58593556284904 28.459914043545723 223.10071045160294 2822.6371277719736 1327.9712872952223 1615.5806041657925 3557.1506890803576 2629.6391407251358 2469.9781990349293 920.11256775259972 911.07388564944267 1143.5879484415054 1150.2285117954016 82.180387392640114 4054.8352696895599 990.34693068265915 1422.236515969038 1897.372228294611 2394.8335661143064 6763.8876391351223 2255.8187951147556 156.61628268659115 440.26696343719959 481.03532443940639
leaf_count=22103 6716 34170 1561 1287 2422 3160 6154 1273 3127 27075 4379 3273 676 3014 932 4026 1227 1650 5969 4433 1075 6377 4287 2530 978 3920 10487 930 15531 13340 92110 1412 7996 1481 9410 2834 1623 6704 1806 144 1025 12758 6691 8071 15796 13044 12534 4491 4726 5368 5437 369 18465 4914 6982 9058 10762 35076 10974 724 2123 2293
internal_value=-4.36721e-05 -0.0256853 0.0471776 -0.0051284 0.0599815 0.0205366 0.0098622 0.0658223 0.0680631 -0.0389061 -0.018135 0.0341759 0.0734508 0.00565267 0.0184144 0.0364152 -0.00963064 -0.0292032 0.0390658 0.0443022 0.0118036 0.0173375 0.0233776 0.0252072 0.0542308 0.0202522 -0.014144 0.0136776 0.0785073 -0.0269627 -0.041757 -0.0060256 0.0302023 0.00229692 0.0464747 0.0207908 0.0560493 0.0519154 0.057331 0.0323875 0.0608496 0.0624957 -0.0214829 -0.0192749 0.0817277 -0.00891924 -0.0196535 0.00800505 -0.0386501 0.041773 0.0263301 0.086164 0.0590512 -0.00399024 0.00535927 0.023122 0.069453 -0.0358412 0.00593992 0.0485699 0.026458 0.0285987
internal_weight=104390 67653.7 36736.1 26480.6 24810.7 11925.5 12302.1 19881.4 18841.2 41173 14178.5 6222.25 13556.5 5703.24 8453.04 4929.29 7222.61 9352.71 4608.78 3601.09 5417.07 2850.58 2239.63 1040.17 5284.65 2621.17 5551.23 5162.84 9670.73 6955.88 31820.3 2852.66 3035.97 1499.64 2901.21 2689.1 5010.56 2423.73 4803.63 2845.99 3885.81 3662.71 4114.32 3687.15 7127.62 3849.1 3797.95 1216.88 14225.3 1172.05 1970.39 3639.33 4451.42 1864.08 1671.38 2501.99 2543.11 7674.96 2473.74 840.073 1707.57 1177.35
internal_count=515283 345331 169952 131299 112954 56998 59796 89865 84913 214032 71503 29220 60768 27778 40598 23089 36060 47950 21528 16703 26158 13678 10664 4952 24145 12517 27851 24871 43134 35443 166082 14100 14440 7384 13436 12822 22872 11137 21894 13508 17634 16609 20875 18558 31696 19198 19225 5972 73972 5512 9357 16165 20271 9293 8209 11892 11438 39802 12049 3851 8092 5566
is_linear=0
shrinkage=0.035


Tree=4
num_leaves=63
num_cat=0
split_feature=24 2 13 24 45 2 34 14 34 4 4 13 2 4 24 7 45 14 22 2 7 1 14 2 14 14 0 13 42 14 22 40 4 4 15 23 23 4 22 2 40 13 23 4 17 5 17 23 4 2 22 14 22 40 13 52 14 7 42 13 38 2
split_gain=96171.5 15652.1 6081.77 5516.88 2641.76 1934.98 1934.46 1091.93 1043.4 900.519 675.46 670.019 612.804 477.45 440.851 431.126 420.978 420.534 333.554 293.02 283.437 271.898 264.34 258.097 250.863 242.41 204.978 196.818 178.765 178.109 169.084 178.45 169.025 164.201 182.933 156.693 149.209 139.96 137.356 141.635 132.413 127.651 125.448 121.62 118.429 116.821 108.105 107.473 101.303 98.4464 93.9047 92.4545 89.42 112.993 87.3916 82.8708 80.2659 82.9755 80.0339 79.9379 78.1669 76.4199
threshold=1.5000000000000002 154.12500000000003 0.74537037037037046 4.5000000000000009 1.6770833333333337 59.265000000000008 2.5000000000000004 16.500000000000004 2.5000000000000004 4.830000000000001 11.565000000000003 0.48212005108556838 25.960000000000004 34.605000000000011 7.5000000000000009 0.95833333333333337 2.035714285714286 18.000000000000004 1.0000000180025095e-35 271.65000000000009 0.84523809523809534 2472.6300000000006 18.000000000000004 462.96000000000004 16.500000000000004 16.500000000000004 130.07999999999996 0.59175084175084181 1.5000000000000002 16.500000000000004 31.500000000000004 5708.1900000000023 7.745000000000001 3.0800000000000005 1.9556404301462136 0.68301270189221941 0.68301270189221941 7.745000000000001 1.0000000180025095e-35 425.25000000000006 12452.190000000001 0.89087301587301593 0.68301270189221941 45.060000000000009 1.0000000180025095e-35 154.69500000000005 4.830000000000001 0.68301270189221941 3.9650000000000003 321.72000000000008 39.500000000000007 16.500000000000004 8.5000000000000018 850.47000000000014 0.39208074534161497 3.5000000000000004 18.000000000000004 0.95833333333333337 2.5000000000000004 0.31698564593301443 0.70000000000000007 1122.5200000000002
decision_type=8 10 10 8 10 10 2 2 2 10 10 10 10 10 10 10 10 2 2 10 10 8 2 10 2 2 10 10 2 2 2 10 10 10 8 2 2 10 2 10 10 10 2 10 8 10 10 2 8 10 2 2 2 10 10 2 2 10 2 10 8 10
left_child=1 4 9 5 8 20 7 43 12 22 38 35 42 24 26 28 25 -14 -13 60 -2 33 -3 45 -8 -11 55 54 -6 -15 31 52 47 -19 -35 46 -22 -10 -9 -40 -32 -31 56 -4 -28 -12 -7 -17 -30 -48 -27 -21 53 -25 -24 -5 -1 -58 -53 -51 -20 -52
right_child=3 2 6 14 15 11 13 10 37 16 23 18 17 29 -16 32 -18 21 19 51 36 -23 27 30 -26 50 44 -29 48 41 40 -33 -34 34 -36 -37 -38 -39 39 -41 -42 -43 -44 -45 -46 -47 49 -49 -50 59 61 58 -54 -55 -56 -57 57 -59 -60 -61 -62 -63
leaf_value=-0.024150583929556265 -0.033554236377033246 -0.015072645878783091 -0.0028249689548332678 -0.018158444774408145 -0.02519269755530289 -0.037950264880276766 0.013552552098855383 -0.021363349886159743 0.031066741497605174 0.0043378559324678805 0.050844738755509024 -0.03499496440804907 -0.0084030049076133824 0.048665645130205465 -0.042778151215221431 -0.0091835432822062781 0.016908966568380607 0.01382342136180459 -0.012090822618607083 -0.020948679249587786 -0.025530581809461664 0.048447211841432164 -0.0043454947809476313 0.055560745078048708 0.061585162471621019 0.039867492176981538 -0.043282518790259926 0.026495943675120183 -0.015887187180689506 0.06594670148462288 0.07135436217474303 0.024087587181586784 0.014932636679748899 0.034508359138312447 0.011867386888009456 -0.0036360528336779724 -0.01304947102126772 0.049978063709612136 0.032859579922093547 0.046857386895376114 0.037136871630889842 0.078630295358212435 0.011476774605963989 0.024594353018322124 -0.023741118844861842 0.023656748720871073 -0.020873925507343807 0.0049450050657439152 0.0025818014890615737 -0.018971831039319455 0.046793819222911023 0.0096026989057259333 0.06266645166023696 0.020003991030688385 0.013799384067574201 -0.037674752183184897 -0.011339847280086201 0.0051600167356399048 0.023622365848059265 -0.00254352969366676 0.0029709920073653605 0.067026591882296316
leaf_weight=239.61445352435112 4680.0482785701752 333.83376236259937 417.53892305493355 277.11110687255859 1774.8767877370119 288.02696181833744 139.19095927476883 42.690906465053558 815.0725112259388 198.57960794866085 1682.624836102128 236.9653641730547 534.56613680720329 301.09421646595001 22878.4041980654 1781.3372572660446 1045.549003303051 1892.2645563334227 681.85741971433163 77.359042972326279 4075.5428907871246 510.89388379454613 384.1075587272644 473.20291690528393 3467.5105231851339 2334.0513760000467 447.34711685776711 1684.6000592112541 961.28801663219929 1216.5730358511209 2405.6218916326761 191.55316996574402 729.13920705020428 1520.7170380204916 615.37498839199543 1398.1630982905626 1652.6523094475269 1190.8739112317562 1473.275420576334 2271.7780070453882 150.63260221481323 5867.3122237771749 782.77233894169331 375.85910984873772 2570.0019524693489 221.6880497187376 1939.2677210569382 1046.1534272283316 584.56568731367588 595.39915002882481 959.62824289500713 852.56236922740936 2111.4640055149794 144.34733262658119 2103.1180554628372 9430.0605937689543 686.10208465158939 816.75585472583771 1208.577458307147 927.40470041334629 1104.5338518768549 310.50733831524849
leaf_count=1195 24394 1650 2036 1437 9066 1478 660 216 3805 967 7606 1221 2635 1377 122205 8866 4995 9094 3393 387 20960 2339 1917 2117 15371 10661 2363 7924 4886 5313 10567 863 3532 7058 2952 7035 8397 5422 6811 10344 684 25390 3826 1775 13328 1015 9847 5165 2855 3036 4374 4116 9331 652 10116 49755 3400 3983 5699 4622 5403 1396
internal_value=-5.43704e-05 0.0357649 0.0499239 -0.031645 0.00800975 -0.0167921 0.0596178 0.0498686 0.0198657 0.0261318 0.0526869 -0.00519858 0.0139354 0.0702224 -0.0398705 -0.00854891 0.0366 0.0209461 0.00524368 0.00768139 -0.0271609 0.0244035 0.0148617 0.0588582 0.0597357 0.0420081 -0.0346396 0.0172602 -0.0176159 0.0753351 0.0627307 0.0569124 -8.06967e-05 0.0213429 0.0279945 -0.0136395 -0.0219325 0.0423132 0.0406486 0.041361 0.0693533 0.0764617 -0.000153508 0.0101791 -0.0266517 0.0476938 -0.0173671 -0.00395617 -0.00890597 -0.0156443 0.0440819 0.0164188 0.0592067 0.0472954 0.0109966 -0.0371195 -0.00538178 -0.00237522 0.0178308 -0.00897505 -0.00278158 0.0517889
internal_weight=104112 48790.3 32307.9 55321.3 16482.4 19718.4 22954 11962.3 9605.01 9353.98 11168.9 9310.12 7599.06 10991.7 35602.9 6877.36 4848.32 5073.82 4161.86 3924.89 10408.2 4539.25 4505.66 7381.13 3606.7 3802.77 12724.5 4171.83 3320.73 7384.98 5476.82 2920.57 3556.63 4028.36 2136.09 5148.26 5728.2 2005.95 3787.74 3745.05 2556.25 7083.89 2525.24 793.398 3017.35 1904.31 3750.1 2827.49 1545.85 3462.07 3604.19 2138.5 2729.01 617.55 2487.23 9707.17 1742.47 1502.86 2061.14 1522.8 1786.39 1270.14
internal_count=515283 226207 146128 289076 80079 99988 102128 54017 45709 44000 50206 46237 36482 48111 189088 34370 22393 24078 20219 18998 53751 21443 21607 32835 16031 17398 66883 19957 16807 32080 24214 12963 17563 19104 10010 26018 29357 9227 17371 17155 11251 30703 12404 3811 15691 8621 18983 14031 7741 17505 16431 10202 12100 2769 12033 51192 8578 7383 9815 7658 8796 5770
is_linear=0
shrinkage=0.035


Tree=5
num_leaves=63
num_cat=0
split_feature=24 2 13 24 13 2 34 14 34 4 4 42 2 24 4 48 45 2 34 14 2 1 27 1 14 2 14 0 13 27 14 32 13 2 34 43 4 27 2 40 48 2 9 12 42 2 34 4 26 23 8 2 14 23 13 27 4 26 4 13 25 26
split_gain=89723.7 14175.2 5669.49 5378.8 2248.56 1845.36 1794 1027.05 900.062 849.483 629.93 628.739 508.876 437.981 437.692 428.965 400.589 381.813 258.491 254.656 237.967 236.716 232.169 231.992 218.481 217.036 212.774 202.07 192.275 179.097 171.817 169.42 159.391 153.263 146.711 141.223 139.769 127.852 134.605 121.364 121.017 118.209 114.711 114.231 111.849 107.663 104.079 100.477 98.7999 97.398 97.1329 95.6459 95.2939 89.3824 85.3603 84.3889 79.7884 78.4492 78.3365 78.0748 76.4486 73.4637
threshold=1.5000000000000002 141.18500000000003 0.74537037037037046 4.5000000000000009 0.58477011494252884 59.265000000000008 2.5000000000000004 16.500000000000004 2.5000000000000004 4.830000000000001 12.030000000000003 2.5000000000000004 19.470000000000002 7.5000000000000009 31.715000000000003 2.5000000000000004 2.035714285714286 16.595000000000006 1.5000000000000002 18.000000000000004 9.1900000000000013 2092.7700000000004 1.0000000180025095e-35 3608.9800000000005 16.500000000000004 271.65000000000009 16.500000000000004 57.146666666666668 0.56385869565217395 1.0000000180025095e-35 16.500000000000004 inf 0.31698564593301443 277.50000000000006 1.5000000000000002 4.5000000000000009 2.7100000000000004 1.0000000180025095e-35 425.25000000000006 1.0000000180025095e-35 2.5000000000000004 1148.1900000000003 46.08000000000002 286.20416666666671 1.5000000000000002 903.98000000000013 1.5000000000000002 6.0150000000000015 100.50000000000001 0.68301270189221941 1.5000000000000002 473.67000000000007 19.500000000000004 0.68301270189221941 0.39208074534161497 12872.525000000001 160.94000000000003 21.500000000000004 4.5050000000000008 0.32738095238095244 162.65127272727275 21.500000000000004
decision_type=8 10 10 8 10 10 2 2 2 10 10 2 10 10 10 2 10 10 2 2 8 8 10 8 2 10 2 10 10 10 2 8 10 10 2 2 8 10 10 10 2 10 10 10 2 10 2 10 2 2 2 10 2 2 10 10 10 2 8 10 10 2
left_child=1 4 9 5 17 20 7 42 12 19 37 22 46 27 26 -14 24 59 23 -3 44 34 -7 43 -11 49 -8 -5 54 -13 -16 35 -27 -31 -17 -19 -36 -9 -39 -29 -10 57 -4 56 -2 61 -6 -42 -22 -24 -25 -26 -34 -41 -21 -45 -12 -32 -33 -1 -53 -20
right_child=3 2 6 13 8 11 14 10 40 16 18 29 15 -15 30 21 -18 31 45 28 48 -23 25 50 51 32 -28 39 -30 33 41 58 52 -35 36 -37 -38 38 -40 53 47 -43 -44 55 -46 -47 -48 -49 -50 -51 -52 60 -54 -55 -56 -57 -58 -59 -60 -61 -62 -63
leaf_value=-0.028372486669444162 -0.034785114801053195 -0.015248733189644906 -0.0063670806985019904 -0.037454607270116631 -0.010664013163401782 -0.033416766506901917 0.012719635999050708 -0.021220439188542415 0.018988428031584244 0.0041553687789569436 0.030397320224226712 -0.033906011408830906 -0.0041090943346166102 -0.042206236341443978 0.045359306967497112 0.010502004051317081 0.015802333457615801 -0.015257139608168983 0.019013419112227838 -0.0050295192864046392 -0.011647421114972023 0.045316911713115089 -0.018985372950611885 0.015704264766418348 0.034592085229105306 -0.014803186977444186 0.057797252077895656 -0.045140650813120964 0.024362150450285742 0.0021468501860755595 0.042429611530200098 0.0017593174072876876 -0.018599252551619188 0.020199724508864907 0.015644119097192152 0.0044373926916310121 0.032443548217150023 0.03139844731962807 0.044555724321675594 -0.029191672245569504 0.03103439300729198 0.076323332409022254 0.020204289760772182 0.046051278724378142 -0.025134603877321308 0.066444501517459079 0.0049080321802308499 0.049607737432279364 -0.023549859141793972 -0.0054778814894915944 0.060863377110043727 0.048796777914188405 0.0051493970057868025 -0.017161272286873194 0.012513844441813115 -0.00078364081905571631 -0.0094281117106467579 0.06846815856900676 0.017946734650165788 -0.015004434233384767 0.030514529151468486 0.056595862987785253
leaf_weight=715.15968436002731 3688.3883603066206 340.84727303683758 341.06469164788723 7841.609374910593 940.63566641509533 499.93741954863071 133.95671398937702 42.879359766840935 301.20212981104851 200.99654270708561 336.75199903547764 106.84818901121616 866.18306106328964 22385.565103635192 313.8708266466856 1332.1205036342144 1097.2426287233829 1290.9771648794413 66.955664813518524 407.77343444526196 1216.7979078441858 507.73876591026783 2270.938865467906 61.996643081307411 1464.8039411604404 877.90958651900291 3410.2542503923178 469.0021299123764 1934.334018483758 1031.0723324865103 154.21303296089172 1273.2367701381445 229.29971645772457 1305.2194064259529 1101.2808985859156 680.60216633975506 1359.2609068006277 1635.776654869318 2328.6445403844118 3199.1176485568285 550.60828875005245 3917.2886485904455 475.63588435947895 1284.3807659894228 2474.4420081675053 2273.518391430378 1189.656269043684 1053.9793376624584 2893.3496992588043 919.70014034211636 1278.0056299716234 1949.3531697243452 2044.1493011415005 997.98878055810928 2021.7480933517218 48.887620985507965 74.882631972432137 3394.1961095631123 513.23813876509666 2146.806209847331 334.90122345089912 2169.710433229804
leaf_count=3701 19530 1696 1673 42197 4725 2599 632 219 1385 977 1526 555 4233 122205 1413 6415 5211 6463 297 2040 6224 2299 11578 280 6646 4506 14857 2536 9026 5052 668 6338 1145 6130 5264 3332 6208 7480 10435 16899 2543 16588 2239 5627 12937 9819 5764 4723 15060 4620 5605 8705 10052 5251 9688 218 344 14487 2473 10941 1503 9501
internal_value=-6.36368e-05 0.0341333 0.0470298 -0.0310365 0.0068315 -0.0163421 0.0562584 0.047063 0.0180213 0.0245579 0.0497332 -0.00503284 0.0124241 -0.0392721 0.0663382 0.0183582 0.0345305 -0.00872411 0.0556621 0.013854 -0.0265623 0.0228834 -0.010475 0.0478108 0.0397275 -0.0086615 0.0560976 -0.0340178 0.01613 0.0102057 0.0709958 -0.00138776 -0.00214531 0.0122368 0.019869 -0.00845965 0.0249339 0.0384852 0.0391361 -0.0282352 0.039434 0.0720674 0.00911353 0.0393525 -0.030915 0.0610205 -0.00196962 0.0432577 -0.0200299 -0.0150948 0.0587873 0.041633 0.00274699 -0.0263359 0.00956849 0.0443347 0.0231472 0.0673488 0.00641726 -0.0183536 0.0461309 0.0554798
internal_weight=103769 49317.6 33494.9 54451.3 15822.7 19558.1 23742.9 12419.1 9202.67 9752 11602.4 9285.07 7296.88 34893.3 11323.8 5166.58 5047.3 6620.02 7595.09 4704.7 10273 4300.4 6841.94 3084.91 3950.05 6342 3544.21 12507.7 4363.86 2443.14 7779.57 3758.05 3151.36 2336.29 3792.66 1971.58 2460.54 4007.3 3964.42 4666.11 1905.79 7465.7 816.701 1744.9 6162.83 4510.18 2130.29 1604.59 4110.15 3190.64 1340 3749.06 2273.45 4197.11 2429.52 1333.27 411.635 3548.41 1786.47 2861.97 2284.25 2236.67
internal_count=515283 226207 149400 289076 76807 99988 103908 55263 43559 45492 51351 46237 34908 189088 48645 24419 23042 33248 33217 22450 53751 20186 34500 13600 17831 31901 15489 66883 20754 11737 33156 18606 15703 11182 17887 9795 11472 18134 17915 24686 8651 31743 3912 7715 32467 19617 10489 7266 21284 16198 5885 16854 11197 22150 11728 5845 1870 15155 8811 14642 10208 9798
is_linear=0
shrinkage=0.035


Tree=6
num_leaves=63
num_cat=0
split_feature=24 2 24 13 13 2 34 13 26 34 13 4 48 7 4 24 39 7 22 4 34 7 2 7 1 4 26 29 29 42 29 26 23 23 4 6 26 13 29 4 19 17 2 29 22 2 23 2 37 2 4 27 47 26 26 2 22 22 22 2 13 38
split_gain=83795.3 12880.2 5247.2 5129.43 2082.44 1759.83 1444.43 977.176 847.903 819.061 599.556 528.66 475.986 457.064 454.304 435.787 386.881 364.193 297.953 297.35 281.888 272.92 250.181 203.731 201.712 192.4 189.99 177.69 171.043 162.052 159.304 148.692 143.947 141.306 138.811 122.108 121.108 115.398 113.901 111.087 103.521 101.613 97.9201 95.2445 94.3185 96.624 93.1965 91.2314 88.8924 88.5369 87.7251 87.5103 84.4713 83.8668 83.1664 81.3211 80.4821 76.1865 75.8731 74.2867 72.732 71.8882
threshold=1.5000000000000002 141.18500000000003 4.5000000000000009 0.77097902097902116 0.58477011494252884 59.265000000000008 2.5000000000000004 0.56385869565217395 21.500000000000004 2.5000000000000004 0.48212005108556838 7.745000000000001 2.5000000000000004 0.95833333333333337 14.440000000000003 7.5000000000000009 30.285000000000004 0.95833333333333337 1.0000000180025095e-35 4.3500000000000005 1.5000000000000002 0.84523809523809534 271.65000000000009 0.95833333333333337 3608.9800000000005 4.830000000000001 366.50000000000006 23.500000000000004 23.500000000000004 1.5000000000000002 23.500000000000004 366.50000000000006 0.68301270189221941 0.68301270189221941 7.745000000000001 144.39200000000002 122.00000000000001 0.39208074534161497 23.500000000000004 7.9350000000000014 138.36750000000004 4.830000000000001 922.41000000000008 23.500000000000004 1.0000000180025095e-35 378.4500000000001 0.68301270189221941 1045.6000000000001 13961.250000000002 321.72000000000008 5.8050000000000006 11583.450000000003 10959.875000000002 39.500000000000007 366.50000000000006 21.770000000000007 8.5000000000000018 1.0000000180025095e-35 13.500000000000002 677.30000000000018 0.68857758620689669 0.70000000000000007
decision_type=8 10 8 10 10 10 2 10 2 2 10 10 2 10 10 10 10 10 2 10 2 10 10 10 8 8 2 2 2 2 2 2 2 2 10 10 2 10 2 10 10 10 10 2 2 10 2 10 10 10 10 10 8 2 2 8 2 2 2 10 10 8
left_child=1 4 5 7 17 21 8 25 35 12 32 30 -6 55 28 23 26 29 -12 53 24 -2 61 -4 40 38 -8 -13 -10 -1 -9 42 41 -23 46 -5 -25 -27 -3 -11 -16 -7 -18 -22 -30 -46 -19 -29 56 -43 -31 -42 -40 -15 60 -14 -26 -38 -49 -32 -24 -20
right_child=2 3 15 6 9 10 16 11 14 39 18 27 13 19 20 -17 31 34 22 -21 43 33 54 36 48 37 -28 47 44 50 59 -33 -34 -35 -36 -37 57 -39 52 -41 51 49 -44 -45 45 -47 -48 58 -50 -51 -52 -53 -54 -55 -56 -57 -58 -59 -60 -61 -62 -63
leaf_value=-0.024241537198391915 -0.032363479898574903 -0.019989786822969133 -0.03711635069259011 0.0033616276670711087 -0.0080110505067354509 -0.036833900671857933 0.055114938939244761 -0.0061686299946622026 0.009471771993709379 0.027688146664387465 -0.033743352513786525 0.018077627686148279 -0.0078455508505261909 0.028904700797631251 0.0072280222085150834 -0.0416574837406542 0.063525094120327003 -0.00902357989096895 -0.011480827373633665 0.031735362576891316 0.038850750681567209 -0.024360368017832319 0.012203472562681757 -0.02006968671568516 0.034005126455705997 0.0083264378705079495 0.011156736695294541 0.041037177018455814 -0.021017972381304397 -0.01415352237243071 0.020760615795842968 0.043801549290758447 -0.0033394502087432027 -0.012105920696879068 0.013652136595656067 0.036301235618298261 -0.043998346074338932 0.026524165171857465 0.004212770854419577 0.044760945977443602 0.041661399720132705 -0.019899268758259904 0.071879338888157743 0.061437715965603386 0.032883536733135349 0.045326534562485234 0.0044091962044088681 0.038000980739119547 -9.0509486031057181e-05 -0.0085497275321043658 0.0041689844235215118 0.0016498408241165416 0.018043306731371066 0.011023038630250573 -0.020407598337483828 0.0081126166506067694 0.060561239887491944 -0.029422762943976444 0.058585971189413964 0.03266060414765995 0.026425943357487741 0.003006095587254756
leaf_weight=1714.845022469759 4534.961978957057 177.34774401783943 7343.1743200868368 616.9234512001276 1220.8344909548759 279.00425609946251 3277.0922576636076 212.10969938337803 237.10018026828766 816.56815345585346 229.20076911151409 331.54789988696575 833.33157707750797 376.52048619091511 130.71729727089405 21895.328758388758 2904.7532577514648 1693.0303059220314 675.5591533780098 1979.5053432136774 251.46694016456604 3976.900561273098 1452.0886119902134 1629.0967668294907 164.91577285528183 599.83454333245754 125.63505207002163 2422.5055509805679 29.918282583355904 1029.8222666233778 1703.9313673526049 313.53378041088581 1392.4201016277075 1627.6936816871166 682.04388347268105 176.62728257477283 526.92211090028286 1489.8433064520359 1560.8010219931602 1114.0022153109312 1419.3244157284498 1904.7545495629311 4635.2000744789839 3557.4598379284143 1215.8214421719313 2135.3192121833563 1009.1263328194618 307.78249986469746 34.096697971224785 1512.9444254040718 463.72450911998749 70.362928882241249 827.62292519211769 2183.1192600727081 76.598189830780029 735.47512798011303 1114.311876013875 2793.7859370261431 841.90471343696117 1042.0338069498539 633.84223255515099 1104.0272219628096
leaf_count=8938 24394 895 40286 2914 6017 1478 14054 1041 1105 3728 1221 1529 4139 1780 600 122205 12221 8489 3393 9077 1114 20960 6890 8674 723 2848 590 10677 155 5288 7865 1392 7035 8397 3283 797 2896 6807 7553 4923 6176 9847 19323 15201 5476 9394 4987 1354 151 7658 2263 314 3939 10427 387 3468 4799 15027 3644 4749 2925 5403
internal_value=-7.16494e-05 0.0326239 -0.0304436 0.0447929 0.00657743 -0.0159034 0.0545491 0.025806 0.0456134 0.0172808 -0.00487201 0.034203 0.0119349 0.0159223 0.0482839 -0.0386936 0.0633991 -0.00845585 0.00496416 0.0215499 0.053659 -0.0259768 0.00722266 -0.0334117 0.0454645 0.0134247 0.0534957 0.0426615 0.0382549 -0.0169026 0.0230298 0.0676826 -0.0129336 -0.0208042 -0.000445281 0.0107297 -0.0279093 0.0213071 0.00699925 0.0375578 0.0371545 -0.0165456 0.0686697 0.0599571 0.04027 0.0408233 -0.0040073 0.0449375 0.0556814 -0.014879 -0.00846567 0.0397739 0.00901079 0.0136637 0.0152184 -0.000363771 0.0571669 -0.0317481 0.053113 0.0252866 0.0165358 -0.00249673
internal_weight=103368 49779.8 53588.3 33927.8 15851.9 19400 22410.6 11517.3 11154.4 9259.36 9260.44 6861.82 7328.79 6107.95 10360.8 34188.3 11256.2 6592.59 4171.32 4539.15 6742.66 10139.6 3942.12 12293 2933.73 4655.45 3402.73 3903.74 3618.16 3208.39 2958.07 7853.49 5089.12 5604.59 3384.2 793.551 4949.8 2089.68 2565.77 1930.57 1620.4 3696.7 7539.95 3808.93 3381.06 3351.14 2702.16 3572.19 1313.32 3417.7 1493.55 1489.69 2388.42 2559.64 2162.53 1568.81 1279.23 3320.71 1149.69 2745.97 2085.93 1779.59
internal_count=515283 226207 289076 149400 76807 99988 96499 52901 48919 43559 46237 30859 34908 28891 45208 189088 47580 33248 20219 21284 29078 53751 18998 66883 12763 22042 14644 17204 16130 16489 13655 32936 26018 29357 16759 3711 26597 9655 12387 8651 7090 18983 31544 16315 15025 14870 13476 15675 5673 17505 7551 6490 11492 12207 10202 7607 5522 17923 4998 12614 9815 8796
is_linear=0
shrinkage=0.035


Tree=7
num_leaves=63
num_cat=1
split_feature=24 2 24 13 45 2 34 34 48 13 13 2 36 2 7 39 48 48 24 2 22 1 24 26 22 40 42 42 24 26 26 47 26 34 0 17 32 13 0 48 7 48 16 17 29 2 29 41 7 2 2 39 39 25 24 26 32 2 42 26 38 7
split_gain=78329.6 11750.2 5120.93 4497.08 2093.47 1683.48 1427.3 783.025 705.918 630.97 616.624 496.342 434.557 395.824 371.479 365.64 356.692 314.948 286.409 274.29 282.238 197.154 180.893 174.468 173.577 179.401 160.197 159.142 155.125 145.006 141.192 139.877 133.125 129.961 127.157 125.095 120.958 117.9 113.934 113.578 115.991 113.119 105.587 104.399 103.359 101.756 100.786 100.405 98.255 93.7878 90.17 87.4233 84.7161 84.4911 84.0034 82.1413 80.5282 77.8853 77.3788 77.3547 75.8063 73.9052
threshold=1.5000000000000002 154.12500000000003 4.5000000000000009 0.74537037037037046 1.6770833333333337 30.615000000000006 2.5000000000000004 2.5000000000000004 2.5000000000000004 0.56385869565217395 0.48212005108556838 25.960000000000004 0.34000000000000002 558.2700000000001 0.95833333333333337 22.530000000000005 2.5000000000000004 1.5000000000000002 1.0000000180025095e-35 217.52000000000004 1.0000000180025095e-35 2472.6300000000006 9.5000000000000018 366.50000000000006 10.500000000000002 10150.380000000003 1.5000000000000002 1.5000000000000002 1.0000000180025095e-35 122.00000000000001 366.50000000000006 inf 366.50000000000006 1.5000000000000002 130.07999999999996 2689.1100000000001 8049.4600000000009 0.8973684210526317 1299.6900000000003 2.5000000000000004 0.95833333333333337 2.5000000000000004 0 1.0000000180025095e-35 23.500000000000004 237.28500000000003 23.500000000000004 3651.1200000000003 0.84523809523809534 718.32000000000005 60.820000000000014 30.285000000000004 105.75000000000001 115.20818181818184 1.0000000180025095e-35 345.50000000000006 inf 18.090000000000007 2.5000000000000004 192.50000000000003 1.3000000000000003 0.95833333333333337
decision_type=8 10 8 10 10 10 2 2 2 10 10 10 8 10 10 10 2 2 10 10 2 8 8 2 2 10 2 2 10 2 2 8 2 2 10 10 8 10 10 2 10 2 9 10 2 10 2 8 10 10 10 10 10 10 10 2 8 10 2 2 8 10
left_child=1 4 5 9 7 27 8 11 17 28 29 39 22 42 26 32 -13 55 30 60 -21 33 48 37 35 31 -6 61 36 56 49 51 -8 -18 -14 -15 -3 -17 -19 -1 -41 -9 53 -31 -20 -45 -30 -16 -4 -11 -43 -26 -39 -10 -35 -5 -7 -49 -22 -50 -12 -2
right_child=2 3 12 6 14 10 15 41 13 18 19 16 34 24 47 23 21 38 44 20 58 -23 -24 -25 25 -27 -28 -29 46 43 -32 -33 -34 54 -36 -37 -38 52 -40 40 -42 50 -44 45 -46 -47 -48 57 59 -51 -52 -53 -54 -55 -56 -57 -58 -59 -60 -61 -62 -63
leaf_value=-0.016721199980413087 -0.034040637921737137 0.012267371010059031 -0.03948769463456684 0.02907786297427226 -0.023675020317571346 -0.012984427175860225 0.050550257515371684 0.017469468928133995 0.046791544537461538 0.033545067497000911 -0.013707355560679419 -0.0023532684344206608 -0.032031372763689288 0.042510665279380223 -0.0077617878292961665 0.055591016482404366 0.010863544756501716 0.0044276757207527793 -0.011200523310843929 -0.03398855877880378 0.0061545069321924852 0.042633002854721248 -0.042093662372599719 0.039273413245134343 0.04042410386651208 0.029211052478321873 -0.0080930658242893434 -0.021769710079538152 -0.020644606340091388 -0.038132923347602321 0.0060365338329490788 0.061602443123367538 0.010246992387805581 0.02969070622916883 -0.019474989262262835 -0.0006797604850660101 0.028712666293484426 0.062391598703193454 0.030500123957359935 -0.0067570058574433576 0.0099244179691926268 0.030875140735237009 0.031221443987292589 -0.021182336273887329 0.022028264046487785 -0.0096306247799425818 0.0088915275699935174 -0.0064951343613363971 -0.028222270518353063 0.045680388051781852 0.046957702260480627 0.054468770767553402 0.070328401693514009 0.024624750991469418 0.016545595436870349 0.0519167503158489 0.0010033594655146679 0.0083168660178721075 0.01878142737616775 -0.036603700261125749 -0.000674024707331369 -0.023719397538483681
leaf_weight=430.98902893066406 3604.9536816626787 1176.8153316676617 6128.0912961214781 407.17482887208462 1720.2675697356462 1037.7846648842096 2693.6814853847027 325.76721365749836 1737.769058957696 1806.6745641678572 939.77921885251999 839.03871865570545 3454.6448817253113 1020.1249151229858 1289.980860337615 1489.2438211590052 1313.4273206293583 816.22892910242081 122.96699386835098 162.47824205458164 1021.2648998051882 527.01228442788124 16938.671283140779 351.27238707244396 815.53995859622955 331.77639585733414 1526.6771061867476 3553.9150146692991 150.57660706341267 283.6834986358881 169.37403066456318 2630.3867729753256 104.87850669026375 1505.6496562212706 1392.6029734611511 89.301874235272408 1028.5564212799072 3243.5376865267754 273.52590282261372 873.58773592114449 1226.1516857892275 764.69793842732906 1982.3873093128204 2138.3002988696098 1592.7775001376867 1663.3084070533514 2145.5453135669231 586.56523656845093 2379.6710907071829 1403.5436381399632 996.81721131503582 1737.5476806908846 3649.821234241128 243.80529634654522 993.29787473380566 376.00233642756939 979.41058321297169 1673.78609547019 1426.3766770362854 3195.4585037380457 1305.2570293843746 1127.004784911871
leaf_count=2162 19762 5432 34684 1772 9066 5306 11405 1467 7591 7970 4811 4108 19082 4397 6400 6204 6224 3831 617 883 4914 2316 96772 1546 3507 1436 7741 18958 770 1533 818 11085 491 6744 7444 403 4693 13443 1245 4346 5896 3436 8690 11268 7317 8478 10293 2957 13245 6090 4324 7374 15022 1069 4686 1617 4979 8206 6622 17861 6495 5979
internal_value=-7.85851e-05 0.0312209 -0.0298657 0.0431239 0.00712433 -0.0154761 0.0512231 0.0174789 0.0430032 0.0228712 -0.00647312 0.0123271 -0.0381335 0.0465074 -0.00779937 0.0601008 0.0185345 0.0231775 0.0313062 0.00283501 0.0105485 0.0225728 -0.0397748 0.0636377 0.051749 0.0542987 -0.0163533 -0.0273799 0.0133186 -0.0138779 0.0372204 0.0558985 0.0490441 0.0197893 -0.0284287 0.0390366 0.0199468 0.0646539 0.0109938 -0.000376898 0.00298427 0.0364916 0.0377367 -0.0176687 0.0196416 -0.016132 0.00694644 2.60006e-05 -0.0364154 0.0388633 0.0399975 0.05 0.0666035 0.0438568 0.0244744 0.040095 -0.00619579 0.00447195 0.0135176 -0.0330319 -0.00613349 -0.031588
internal_weight=102917 50184.6 52732.7 33590.8 16593.7 19243.5 23994 9796.44 12461.6 9596.83 10957.6 7709.15 33489.1 10588.6 6797.28 11532.4 5178.43 1872.93 5095.34 4855.16 2610.12 4339.39 28641.9 8733.88 6624.68 5515.25 3246.94 8285.87 4501.49 6102.49 3379.59 5183.47 2798.56 3812.37 4847.25 1109.43 2205.37 8382.6 1089.75 2530.73 2099.74 2087.28 3963.96 4085.29 1715.74 3801.61 2296.12 3550.33 11703.2 3210.22 1761.52 2553.09 6893.36 1981.57 2498.95 783.177 2017.2 2260.35 2447.64 5575.13 2245.04 4731.96
internal_count=515283 226207 289076 146128 80079 99988 102128 45709 54017 44000 55289 36482 189088 45552 34370 48111 24078 8465 22812 23725 12419 19970 162562 36215 28202 23402 16807 44699 21188 31564 14878 21966 11896 17654 26526 4800 10125 34669 5076 12404 10242 9227 17350 21279 7934 19746 11063 17563 65790 14060 7760 10881 28465 8660 11430 3389 10285 11163 11536 31106 11306 25741
cat_boundaries=0 1
cat_threshold=1416
is_linear=0
shrinkage=0.035


Tree=8
num_leaves=63
num_cat=1
split_feature=24 4 24 21 2 2 0 13 13 13 13 24 14 2 14 13 7 22 2 13 34 14 14 7 13 32 14 7 23 2 2 22 2 22 48 2 26 27 47 2 41 48 17 2 43 12 23 14 16 13 22 18 22 14 13 29 48 13 22 14 44 19
split_gain=73280.3 10893.6 4999.8 3242.39 2553.35 1608.51 1187.18 1075.53 1048.76 679.92 579.134 434.731 430.263 403.631 394.76 315.787 306.815 260.648 301.984 260.376 245.588 238.257 230.67 200.166 197.2 190.415 182.612 154.778 149.14 142.157 142.143 139.368 128.617 124.764 124.512 118.154 118.046 117.87 116.646 115.544 109.938 104.918 104.347 106.062 102.516 99.8738 97.6925 94.3083 90.1458 87.4784 80.8027 88.6056 76.6456 76.5636 74.6625 74.1694 72.5684 71.5484 71.2469 69.6385 69.3976 68.8844
threshold=1.5000000000000002 7.745000000000001 4.5000000000000009 0.34000000000000002 78.920000000000016 30.615000000000006 234.89000000000001 0.69782608695652182 0.85092592592592597 0.55086206896551737 0.48212005108556838 7.5000000000000009 18.000000000000004 664.47000000000014 18.000000000000004 0.61721611721611735 0.95833333333333337 1.0000000180025095e-35 271.65000000000009 0.54356060606060608 1.5000000000000002 18.000000000000004 18.000000000000004 0.95833333333333337 0.39208074534161497 3258.7200000000007 16.500000000000004 0.84523809523809534 0.68301270189221941 371.61000000000007 356.40000000000009 11.500000000000002 60.820000000000014 1.0000000180025095e-35 2.5000000000000004 342.73500000000007 122.00000000000001 11583.450000000003 3072.3200000000006 394.90000000000015 2747.3400000000006 2.5000000000000004 1.0000000180025095e-35 321.72000000000008 2.5000000000000004 30.250833333333336 0.68301270189221941 20.500000000000004 0 0.81365740740740755 55.500000000000007 7106.1375000000016 1.0000000180025095e-35 16.500000000000004 0.83666666666666678 293.00000000000006 2.5000000000000004 0.31698564593301443 33.500000000000007 18.000000000000004 400.16000000000003 607.59818181818196
decision_type=8 10 8 10 10 10 10 10 10 10 10 10 2 10 2 10 10 2 10 10 2 2 2 10 10 8 2 10 2 10 10 2 10 2 2 10 2 10 8 10 8 2 10 10 2 10 2 2 9 10 2 10 2 2 10 2 2 10 2 2 10 10
left_child=1 4 5 6 9 27 16 22 19 25 28 23 -9 32 -8 60 45 -12 59 -5 56 -18 -6 -4 -24 44 -21 -2 42 -28 48 -17 -10 -32 -22 -26 -25 39 -23 -33 -15 47 -7 -44 -1 -3 -29 -34 -14 -36 51 -41 -38 -20 -35 -27 -11 -45 -31 -19 -16 -61
right_child=2 3 11 8 7 10 14 12 13 20 17 -13 30 40 15 31 21 18 53 26 34 38 24 36 35 55 29 46 -30 58 33 37 41 54 49 -37 52 -39 -40 50 -42 -43 43 57 -46 -47 -48 -49 -50 -51 -52 -53 -54 -55 -56 -57 -58 -59 -60 61 -62 -63
leaf_value=-0.031023841805392 -0.031542321062733331 -0.011817475487294147 -0.035984726843434255 0.016877533261948744 -0.015968184351763431 -0.037038455419122332 0.014692876824678364 0.00085755333118964845 0.032096759799438622 -0.02071679257207662 -0.031939821823036757 -0.040627182399196791 0.032726732655507289 0.055298215745643801 0.029149408974751663 0.032950854199574893 -0.0036897137859997638 -0.026964603353282598 -0.020198404729262993 0.011335249908445918 -0.0056822901060363624 0.018940961138103844 -0.0073298682506331486 -0.018884737803177329 0.0082382528189278506 -0.010665161919722586 0.035199325282164212 -0.025386660438326776 -0.0045692610139742764 0.043245072354033159 -0.023843996186286021 0.035700282632726545 0.031664341232759685 0.032507517596961188 0.0090459268117006521 0.019313756966137297 -0.043111899607689401 0.025032140030418992 0.034758155897780703 0.050034517888035542 0.06500280788302952 0.054054981219706276 -0.019703933141806032 -0.0176143178604414 -0.015347273898376194 0.0077575952518997059 -0.013340469724052059 0.063373553344265907 0.018792811026758376 0.02238291335583939 0.062560040038602202 0.015603834516401877 -0.028210014211241242 0.01530382977082647 0.043317738407067527 0.0045277270447687907 -0.0020481411332814157 -0.0019522212525397964 0.055449194248454826 0.0014306071127761152 0.0087802203619650014 -0.012151677759214857
leaf_weight=841.0873861759901 4157.1480652093887 487.48211660981178 7062.2846318781376 585.54328283667564 395.3532277494669 292.70623560249805 820.74439518153667 546.66748824715614 448.69162455201149 317.41506816446781 250.84949505329132 20930.49300198257 1576.401421085 1920.6732200682163 1093.509937942028 1055.9381842762232 408.85402101278305 149.23368598520756 76.300805404782295 228.19759188592434 452.46365980803967 1449.3851678967476 591.67126546800137 1590.4883938133717 2236.3867963850498 1383.9577214717865 1532.4348478168249 2846.1894390434027 1667.1962189227343 1304.7477324754 38.697263687849045 685.98114375770092 515.32612258195877 1352.2325255274773 1551.5557137131691 2502.8028263151646 505.92894852161407 276.0845792144537 948.08708696067333 2423.6293323785067 6285.3472281098366 3925.885243549943 2596.3125849962234 582.32802300155163 1310.9235873520374 920.83134663105011 1166.5427512377501 149.27719910442829 1085.2605670839548 986.50342209637165 671.82878011465073 96.317269399762154 2707.6340436637402 2109.358352586627 1929.609713062644 549.25653684139252 1283.5385399311781 922.87543667852879 1116.0709687024355 1639.1781295835972 253.42965288460255 633.3730181902647
leaf_count=4488 23114 2447 40286 2707 1994 1611 3763 2582 1985 1627 1371 122205 6996 7930 4908 4533 2024 763 387 1052 2187 6665 2957 8674 10626 7112 6684 15429 8500 5506 197 2965 2224 5900 7385 11548 2896 1194 4224 10175 25792 16372 13770 3044 6760 4347 6156 623 4850 4541 2812 411 15027 9815 8213 2774 6312 4639 4676 8229 1139 3160
internal_value=-8.44575e-05 0.0299131 -0.0293013 0.0435768 0.0105871 -0.0150594 0.029134 0.0208722 0.0528696 -0.00394059 -0.00627054 -0.0375902 0.0305818 0.0579388 0.0375995 0.0404642 0.0143102 0.00273248 0.00462672 0.0387754 0.0053007 0.0209979 0.00979826 -0.0322305 0.0117118 -0.0143258 0.0418371 -0.0268042 -0.0134858 0.0435945 0.0332975 0.0443723 0.0501121 0.0381369 0.011222 0.0140902 -0.0267053 0.0472671 0.0252078 0.0488433 0.0627384 0.0518656 -0.016867 -0.0154188 -0.0214858 0.000978185 -0.0218889 0.0388711 0.027248 0.0142366 0.051656 0.0487252 -0.0305688 0.0140558 0.0388748 -0.00634851 -0.00576013 -0.00801919 0.0488921 -0.0038853 0.0253263 -0.00235853
internal_weight=102423 50536.1 51886.4 29604.3 20931.8 19089.6 11592.1 12255.1 18012.2 8676.7 10919.7 32796.8 6528.87 13245.2 7377.46 6556.72 4214.64 4858.29 4607.44 4766.99 4591.48 2806.33 5726.21 11866.3 5330.86 4085.23 4181.45 8169.88 6061.42 3953.25 5982.2 5209.78 5039.18 3320.54 2990.52 4739.19 4804.05 4153.84 2397.47 3877.76 8206.02 4590.49 4394.22 4101.52 2152.01 1408.31 4012.73 664.603 2661.66 2538.06 3191.78 2519.95 3213.56 2185.66 3281.84 1933.21 1600.95 1505.2 2420.82 2421.78 1346.94 2272.55
internal_count=515283 226207 289076 127158 99049 99988 51607 55863 75551 43186 55289 189088 28738 54926 31900 28137 19707 23725 22354 20625 22052 12913 27125 66883 25131 21134 17918 44699 31564 16866 26156 22090 21204 14310 14113 22174 26597 17557 10889 16363 33722 19219 23064 21453 11248 6794 21585 2847 11846 11926 13398 10586 17923 10202 14113 9886 7939 7683 10182 12152 6047 11389
cat_boundaries=0 1
cat_threshold=1448
is_linear=0
shrinkage=0.035


Tree=9
num_leaves=63
num_cat=0
split_feature=24 4 24 21 2 2 0 13 13 45 42 24 2 14 14 13 12 14 13 32 2 2 0 14 17 14 42 45 14 32 2 22 2 13 22 40 2 34 23 17 43 4 2 39 2 22 14 7 7 14 2 23 14 26 44 46 42 29 2 22 41 22
split_gain=68604.8 9983.32 4882.78 2973.26 2363.36 1536.67 1086.78 966.645 910.668 721.037 545.201 433.994 375.428 360.921 355.002 289.599 283.19 253.756 238.228 217.788 217.628 211.802 198.744 193.45 169.985 166.703 157.74 157.671 143.214 161.185 136.886 142.99 132.567 131.018 127.275 120.672 118.457 117.645 112.424 109.562 107.52 107.047 105.358 103.981 99.089 106.369 97.9294 94.7188 94.3527 94.2404 87.85 84.5931 84.2492 81.9556 79.7835 76.8717 75.6828 74.6493 74.6859 71.8672 80.254 68.1299
threshold=1.5000000000000002 7.745000000000001 4.5000000000000009 0.34000000000000002 102.69000000000001 30.615000000000006 234.89000000000001 0.85092592592592597 0.69782608695652182 1.8062500000000001 2.5000000000000004 7.5000000000000009 664.47000000000014 18.000000000000004 18.000000000000004 0.61721611721611735 52.630000000000003 16.500000000000004 0.54356060606060608 3571.9000000000005 208.28999999999999 9.7350000000000012 57.146666666666668 18.000000000000004 1.0000000180025095e-35 16.500000000000004 2.5000000000000004 2.035714285714286 19.500000000000004 inf 248.27000000000007 1.0000000180025095e-35 652.4100000000002 0.31698564593301443 11.500000000000002 1.0000000180025095e-35 60.820000000000014 2.5000000000000004 0.68301270189221941 12396.600000000004 2.5000000000000004 0.70000000000000007 462.96000000000004 103.97500000000001 356.40000000000009 1.0000000180025095e-35 16.500000000000004 0.84523809523809534 0.59166666666666679 19.500000000000004 408.98000000000008 0.68301270189221941 18.000000000000004 21.500000000000004 158.85000000000002 95.120000000000019 1.5000000000000002 293.00000000000006 8.6600000000000019 55.500000000000007 10048.500000000002 1.0000000180025095e-35
decision_type=8 10 8 10 10 10 10 10 10 10 2 10 10 2 2 10 10 2 10 8 10 10 10 2 10 2 2 10 2 8 10 2 10 10 2 10 10 2 2 10 2 10 10 10 10 2 2 10 10 2 10 2 2 2 10 10 2 2 10 2 10 2
left_child=1 4 5 6 9 26 16 18 23 17 20 22 36 -8 -10 -15 48 -1 -5 40 38 55 -4 -6 -22 -20 47 50 -18 56 -12 -32 -27 -26 -17 -24 -9 44 -7 42 -11 -23 -36 52 -16 -46 -38 -2 -3 -35 -25 -37 -14 -48 -31 -19 -30 58 -21 60 -44 -52
right_child=2 3 11 7 8 10 13 12 14 19 30 -13 43 15 37 34 28 21 25 57 24 41 35 27 33 32 -28 -29 29 54 31 -33 -34 49 39 51 46 -39 -40 -41 -42 -43 59 -45 45 -47 53 -49 -50 -51 61 -53 -54 -55 -56 -57 -58 -59 -60 -61 -62 -63
leaf_value=-0.026953789416784755 -0.031949937435275563 -0.02043637067757436 -0.035222029490889123 0.016187738667258911 -0.014590049360505616 -0.020066626330171769 0.014106601907774286 0.030673947548182076 0.0020082452875425307 -0.030303270502227315 -0.00099217078587765083 -0.040137130650477935 0.037794290979249384 0.024240338934163563 0.023306675017636353 0.031531666065645635 0.0015509178247545819 -0.0073583670975881678 0.010895707720829508 -0.019198991211583808 -0.031094656834430995 0.0068868259182521272 -0.043377994789195219 0.0098262645904300047 -0.013521157656953327 0.035867887146127861 -0.014130911957629328 -0.0003564737574978579 -0.0044742803682615235 0.032660385041493947 -0.03320330632093936 0.01689059746613427 0.048758708871549886 -0.018643263218671019 0.03574354621678285 -0.026729929619878655 0.020297282442731279 0.041787450889400203 -0.0072898993574338896 0.018505741675563472 -0.014590614697312286 0.019271546505403338 0.047707166172000819 0.063583467159485874 -0.02328507440553718 0.035017138276482646 0.029336301727178757 -0.02369492367304514 0.0042836674984660294 0.0034251832261228583 -0.014776787510428588 -0.014737746457746731 0.05717971793354204 0.051518402054815324 0.0093990989954933248 0.011113912708408705 0.017507965540111029 0.0054822016921781585 -0.0031671937869295549 0.05976669116033078 0.0099312941172137476 0.021547004478168239
leaf_weight=267.47480592131615 3794.206047385931 232.282585978508 7267.5962201058865 589.10470888018608 357.32393088936806 2911.3060339093208 824.9005138874054 453.0378280878067 506.09630146622658 867.5742025077343 1334.6581820398569 20453.000178784132 307.40618315339088 1357.8675707429647 1736.0391088873148 1064.7258574813604 459.46927325427532 1149.1297750324011 229.11773757636547 565.29328712821007 279.94793681800365 1793.8514286130667 430.72693055868149 1889.8129530996084 1017.4472186118364 2204.4961194843054 1135.5261015892029 997.18727295100689 265.32963560521603 1380.5429040342569 72.503875881433487 1418.8078419417143 1787.7675278633833 262.06926766037941 902.77032548189163 3007.7061238437891 137.84461949765682 1318.6338547021151 1189.936503842473 182.62459847331047 1393.4957077354193 1635.4986467212439 2375.2240853458643 4559.0151344537735 38.270851120352745 2554.4756297916174 218.95943945646286 3125.8591324090958 998.67318919301033 2395.4544335156679 64.729980900883675 953.33211499452591 3412.7525014430285 4278.9733044058084 208.94013319909573 362.13612115383148 688.6326217353344 595.92094871401787 959.77442863583565 663.22513434290886 71.564692735671997 1932.210325807333
leaf_count=1361 21513 1172 42197 2707 1815 15550 3763 1985 2382 4694 6675 122205 1295 6047 7723 4533 2218 5670 1052 2989 1536 8574 2536 8844 5345 9442 6088 4895 1263 6148 404 6522 7424 1332 3856 16899 613 5519 6099 787 7223 7498 9869 18507 197 10960 929 17098 4830 11826 317 5251 13920 17677 936 1759 3140 2995 4861 2742 303 8773
internal_value=-8.95921e-05 0.028689 -0.0287498 0.0416918 0.0101889 -0.0146534 0.0279064 0.0505446 0.0209637 -0.00261438 -0.00607445 -0.0370623 0.0553887 0.0359594 0.0300947 0.0386807 0.0137445 0.00618823 0.0370747 -0.0130753 -0.010714 0.00798756 -0.0316653 0.0102397 -0.00485418 0.039985 -0.0262403 0.012059 0.0195384 0.0227859 0.00715099 0.0144345 0.0416513 -0.00284735 0.0424031 -0.025773 0.047879 0.0326109 -0.0163623 0.0451539 -0.0206303 0.0127971 0.0463618 0.0599981 0.0298065 0.0341479 0.0495535 -0.028225 -0.000393831 0.00124273 0.0152436 -0.0238481 0.0555884 0.0504453 0.0296105 -0.00292754 0.0113957 -0.00501547 -0.00911835 0.0494315 0.0466068 0.0203628
internal_weight=101890 50840.2 51050.1 29855.2 20984.9 18937.7 11676.8 18178.5 11394.8 9590.15 10882.1 32112.4 13368 7442.9 6153.52 6618 4233.87 5208.09 4810.49 4382.06 8056.16 4940.62 11659.4 5241.26 3954.92 4221.38 8055.59 4883.94 3002.91 2543.45 2825.97 1491.31 3992.26 3674.97 5260.13 4391.77 5088.82 5647.42 4101.24 4195.41 2261.07 3429.35 4012.78 8279.17 4328.79 2592.75 4635.78 6920.07 1230.96 2657.52 3886.75 3961.04 3720.16 4497.93 1589.48 1511.27 953.962 2120.99 1525.07 3110.01 2446.79 1996.94
internal_count=515283 226207 289076 127158 99049 99988 51607 75551 51425 47624 55289 189088 54926 31900 26781 28137 19707 24862 20625 22762 41688 23501 66883 24644 20039 17918 44699 22829 13705 11487 13601 6926 16866 18503 22090 24686 21204 24399 21649 17557 11917 16072 16770 33722 18880 11157 19219 38611 6002 13158 17934 22150 15215 18606 7084 7429 4403 10845 7850 12914 10172 9090
is_linear=0
shrinkage=0.035


Tree=10
num_leaves=63
num_cat=2
split_feature=24 4 24 13 21 2 2 12 13 2 13 36 14 2 14 14 7 22 2 13 45 7 32 13 24 14 42 7 14 23 16 0 4 13 2 22 40 2 7 22 14 2 32 16 41 14 42 5 26 2 44 2 27 26 2 14 22 32 19 38 13 47
split_gain=64268.6 9201.93 4769.92 2609.15 2463.08 1467.91 1051.35 854.592 767.327 648.766 520.115 436.225 425.858 276.913 268.878 259.507 239.546 237.438 260.983 237.318 229.931 229.674 196.049 193.966 184.609 184.055 154.57 153.064 142.571 136.924 125.157 123.174 122.073 115.7 111.815 111.23 138.494 99.241 99.1235 97.7844 96.6604 94.3977 94.1434 91.0167 90.8461 87.3158 81.7064 77.5617 77.2371 77.008 72.6227 85.8862 71.9578 71.9077 71.1714 68.7053 68.0853 67.8833 66.1226 66.0162 64.0556 63.8071
threshold=1.5000000000000002 11.565000000000003 4.5000000000000009 0.63397129186602885 0.34000000000000002 30.615000000000006 115.22000000000003 250.29000000000005 0.85092592592592597 46.990000000000009 0.48212005108556838 0.34000000000000002 16.500000000000004 677.30000000000018 18.000000000000004 16.500000000000004 0.95833333333333337 1.0000000180025095e-35 217.52000000000004 0.83045977011494265 1.5131578947368423 0.95833333333333337 354.78000000000009 0.54356060606060608 9.5000000000000018 16.500000000000004 1.5000000000000002 0.95833333333333337 16.500000000000004 0.68301270189221941 0 130.07999999999996 0.70000000000000007 0.45227272727272733 378.4500000000001 38.500000000000007 5708.1900000000023 642.45000000000016 0.84523809523809534 1.0000000180025095e-35 16.500000000000004 321.72000000000008 188.79000000000005 1 2747.3400000000006 18.000000000000004 1.5000000000000002 3.4133333333333389 192.50000000000003 9.1900000000000013 343.40000000000009 677.30000000000018 2.1950000000000007 21.500000000000004 0.7350000000000001 19.500000000000004 7.5000000000000009 inf 541.95116666666684 1.0000000180025095e-35 0.31698564593301443 10959.875000000002
decision_type=8 10 8 10 10 10 10 10 10 10 10 8 2 10 2 2 10 2 10 10 10 10 8 10 8 2 2 10 2 2 9 10 10 10 10 2 10 10 10 2 2 10 8 9 8 2 2 10 2 10 10 10 10 2 8 2 2 8 10 8 10 8
left_child=1 3 5 9 7 26 15 21 23 27 29 24 -8 40 -9 -5 -17 -12 58 -14 34 42 -11 -6 38 -23 54 46 -25 39 -21 61 -18 -27 -16 36 56 -30 -4 -7 -10 -41 -3 -42 -15 -24 -1 -32 -40 -34 51 -47 -49 -54 -2 -20 -36 -31 -19 -28 -43 -13
right_child=2 4 11 6 8 10 12 14 13 22 17 31 19 44 20 16 32 18 55 30 -22 25 45 28 -26 33 59 -29 37 57 47 -33 49 -35 35 -37 -38 -39 48 41 43 60 -44 -45 -46 50 -48 52 -50 -51 -52 -53 53 -55 -56 -57 -58 -59 -60 -61 -62 -63
leaf_value=-0.024503097302764541 -0.033870548985378002 -0.010584191228139809 -0.037962988907317176 -0.022399055575807941 0.016580300945589221 -0.034843086178742717 -0.0065073146940392585 0.015200899215702692 0.018382531409969354 -0.0083155646433090875 -0.030963443305365317 -0.031731543009916895 0.023774552528176136 0.050955110736908622 0.028941794737004266 -0.0031322125685494177 0.0081070773252523518 -0.00058758331172855597 -0.0057194952954436771 0.010540269862831598 0.02511589638965148 -0.0067117080312547508 -0.011830651496470411 0.011611743214584044 -0.04069127726694427 0.0039365479209821433 -0.024751138662458861 -0.0051306694285672885 0.035499551008531832 -0.011607786508487572 0.022184870130300016 -0.017644387907285806 0.004982989058049849 0.027670984414990524 0.029016400569584919 0.050981230224085142 0.011379204525072732 0.047177548091541968 -0.026367161779164126 -0.018700296805161332 0.050110560157676863 -0.016763167308782696 0.0093270769431103399 0.033014038447299172 0.059904200754790339 0.0085799864288824829 -0.011512548503520624 -0.019441104096838632 -0.034968589759517957 0.023491752704389673 -0.002395844153975475 0.021039614989779305 0.017683202970917553 0.040235782118200433 -0.024979525301031792 0.014029275949039903 0.044144211237213675 0.0025561486946461707 -0.014103097920069368 -0.015008518805814889 -0.0018303983509102624 -0.013949640994339488
leaf_weight=1290.160847723484 2518.5424389392138 484.90763758122921 5744.8157378733158 303.18899348378181 514.56576725840569 314.4853104352951 397.30780103802681 761.08469989895821 141.41413606703281 1016.827130317688 243.84792923927307 3003.8789695203304 3543.3105252981186 1865.1445873975754 808.46369360387325 1146.6581115424633 1705.6805305033922 1508.7368278056383 238.24711689352989 257.2208060324192 1478.3087785542011 270.91224490106106 239.1248724758625 212.89231877028942 15801.615664556623 297.22088585793972 1779.4850792586803 1857.5751608759165 1870.7106695324183 795.29420858621597 382.18431471288204 1341.6345874667168 325.52381409704685 1651.3769450634718 459.43420644104481 1476.2433324605227 207.52025645971298 1746.9222111701965 2261.6615422517061 2527.280997633934 3890.7338043898344 571.12787476181984 723.81019169092178 623.58797010779381 6142.0422654151917 2810.0825387239456 1103.0379412770271 25.26344832777977 3011.1563012003899 1808.8265632390976 518.04123055934906 893.51641741394997 183.9399641752243 3730.1230729669333 1996.7201237529516 2240.5910315513611 1932.6324739605188 863.92345426976681 627.05282267928123 1648.4585617035627 914.89792165160179 271.80028447508812
leaf_count=7056 14553 2397 34684 1551 2345 1766 1929 3449 623 5010 1371 17540 15595 7574 3453 5582 8060 7645 1163 1102 6522 1348 1218 972 96772 1402 9934 9363 7924 4095 1641 7444 1544 7290 1937 6074 883 7189 13245 13659 15989 3035 3373 2584 24806 13404 5752 127 17861 8093 2441 4114 793 15705 11188 10373 7993 4405 3173 9024 4604 1542
internal_value=-9.41981e-05 0.0275415 -0.0282099 0.011469 0.0412674 -0.0142569 0.0212492 0.0279789 0.0495096 -0.00241458 -0.00588375 -0.0365484 0.0288585 0.0538672 0.0348884 0.00899113 0.0109038 0.00262448 0.00440567 0.0305891 0.0372407 0.0136151 0.00554726 0.0368008 -0.0382602 0.020298 -0.0256873 -0.0126732 0.039512 -0.0127875 0.0358563 -0.0265995 0.0150947 0.0240546 0.0409045 0.0432697 0.0388726 0.0411502 -0.0347701 -0.0160643 0.0470472 -0.0145845 0.00133702 0.0479409 0.0578263 0.00870843 -0.018523 0.0372498 -0.0312849 0.0206725 0.00987434 0.0115908 0.0387999 0.0391807 -0.0299452 0.0121296 0.041252 -0.00423579 -0.00456039 -0.0200718 -0.00757696 -0.0302608
internal_weight=101323 51097.5 50225.3 23537.6 27559.9 18788.7 13809.2 10551.9 17008 9728.37 10845.5 31436.6 8519.35 12662.9 7123.69 5289.88 4986.69 4858.48 4614.63 8122.04 6362.6 3428.23 5477.59 4345.09 26819.2 2219.51 7943.21 4250.77 3830.53 5987.01 4578.73 4617.31 3840.03 1948.6 4884.29 4075.83 2599.59 3617.63 11017.6 4327.79 4655.74 4013.31 1208.72 4514.32 8007.19 4460.77 2393.2 4321.51 5272.82 2134.35 4221.64 3703.6 3939.33 3914.06 4515.26 2478.84 2392.07 1659.22 2135.79 3427.94 1486.03 3275.68
internal_count=515283 226207 289076 110080 116127 99988 61722 46121 70006 48358 55289 189088 36892 51576 30311 24830 23279 23725 22354 34963 26862 15810 26187 18430 162562 10040 44699 22171 16085 31564 19368 26526 17697 8692 20340 16887 10813 15113 65790 23064 19196 21298 5770 18573 32380 21177 12808 18266 31106 9637 19959 17518 16625 16498 25741 11536 9930 8500 10818 18958 7639 19082
cat_boundaries=0 1 2
cat_threshold=75857 21928
is_linear=0
shrinkage=0.035


Tree=11
num_leaves=63
num_cat=1
split_feature=5 13 6 2 2 2 4 34 34 45 48 14 2 4 45 4 13 52 22 2 4 20 44 10 13 27 14 14 2 22 40 1 34 2 14 14 2 14 26 14 13 18 26 4 13 45 22 2 22 47 22 2 16 47 33 2 26 14 13 23 9 25
split_gain=58915.6 10434.2 3916.35 2999.28 1981.98 1200.31 890.781 879.748 799.378 572.586 474.179 373.001 348.938 315.2 304.96 294.224 280.76 246.17 236.718 225.831 210.857 205.216 189.611 176.843 176.246 173.557 164.779 151.631 141.203 139.674 145.536 138.116 146.993 134.767 127.174 115.641 112.924 110.589 107.249 103.287 103.078 101.96 101.756 101.439 97.0599 96.5244 92.5984 87.6474 82.8818 82.6736 81.4971 83.4764 81.3517 79.0872 77.9004 75.7112 74.6586 74.5953 72.4755 70.9769 69.5922 67.3232
threshold=2.0400000000000031 0.69782608695652182 1.0000000180025095e-35 356.40000000000009 62.680000000000007 16.595000000000006 1.0000000180025095e-35 2.5000000000000004 2.5000000000000004 2.5227272727272729 2.5000000000000004 18.000000000000004 55.25500000000001 1.0000000180025095e-35 2.035714285714286 3.2450000000000006 0.47213622291021679 3.5000000000000004 1.0000000180025095e-35 315.44000000000011 34.605000000000011 1.0000000180025095e-35 82.780000000000015 1.0000000180025095e-35 0.36181818181818187 2.1950000000000007 16.500000000000004 16.500000000000004 60.820000000000014 38.500000000000007 5708.1900000000023 inf 1.5000000000000002 484.68000000000006 20.500000000000004 19.500000000000004 2.8750000000000004 16.500000000000004 91.000000000000014 18.000000000000004 0.94590643274853814 12193.958095238097 100.50000000000001 11.565000000000003 0.22902097902097904 2.1742424242424243 1.0000000180025095e-35 473.67000000000007 1.0000000180025095e-35 629.61000000000024 10.500000000000002 1206.3800000000003 0 46.420000000000009 8.5000000000000018 1.0000000180025095e-35 21.500000000000004 18.000000000000004 0.18898809523809526 0.68301270189221941 152.70000000000002 157.39971428571431
decision_type=10 10 8 10 10 10 10 2 2 8 2 2 10 8 10 10 10 2 2 10 10 8 10 10 10 10 2 2 10 2 10 8 2 10 2 2 10 2 2 2 10 10 2 8 8 10 2 10 2 8 2 10 9 8 2 10 2 2 10 2 10 10
left_child=2 4 17 7 13 21 16 10 11 18 34 60 42 24 26 25 49 -1 -7 22 39 -4 35 -19 -2 -13 -8 -18 -9 30 50 32 -14 59 -3 -20 -25 -30 -26 -10 -22 -31 -12 -34 -11 -15 -38 -28 -35 -6 52 -52 -17 -37 -44 -23 -39 -21 -16 -29 -5 -49
right_child=1 3 5 8 6 9 14 28 20 44 12 15 31 45 58 29 27 23 19 57 40 55 -24 36 38 -27 47 33 37 41 -32 -33 43 48 -36 53 46 56 -40 -41 -42 -43 54 -45 -46 -47 -48 61 -50 -51 51 -53 -54 -55 -56 -57 -58 -59 -60 -61 -62 -63
leaf_value=-0.005559212400844173 -0.025501940960197284 -0.0047480134979061969 -0.03059096212667705 0.010763089500834096 -0.012101295255735951 -0.032009912004663181 -0.0038272260774970053 0.024454220341787711 0.021522684445209234 -0.024935664919278622 0.019656814365282903 -0.027969210485909893 0.014883591904950996 0.008284579212109365 -0.022077094032170022 0.042029584529994973 -0.027444149972498236 -0.040861878975102774 -0.019022986442397114 -0.014113775371309329 0.048178295401332033 -0.026660390946688171 -0.014106831698087114 -0.03824940258288502 -0.0020445255207474002 0.031411042425851333 0.024052864257417473 0.0012874586090162029 0.0061010283821246476 0.051599558996171115 0.017029323092018489 0.04007937992683655 0.022120885244117365 -0.017027628017546818 0.025239005161853411 -0.0086523356574684223 -0.040731167817920591 0.019523025688494663 -0.015481753589452522 0.046054190455280343 0.057823542514903264 0.019583453211838311 -0.001146184090698558 0.035623816798380462 -0.015041353313964388 -0.0081499540736084623 -0.030394745454176333 0.03686017627581277 0.018401073752588037 0.0011556954389435015 0.03948298463104543 0.051239718422263492 0.021354519108454699 0.0072748931360484452 0.016224150911607421 -0.013557881437404067 0.043287426379025114 0.010547662202043524 0.011369895839025642 0.013369111412923788 0.030234134662300155 0.018715758511311378
leaf_weight=296.92143732309341 1486.1024322509766 1275.0967942029238 6035.2127527594566 620.82851061224937 1162.0101374983788 326.93976801633835 194.82900510728359 837.94361750781536 231.82958678901196 1799.7861175239086 819.9879057854414 61.170753136277199 1474.5619160681963 1080.6153604537249 82.949848726391792 677.91680413484573 133.2615420371294 11667.563907086849 319.58321972191334 163.33638587594032 1862.6906148791313 853.7505362033844 1930.3285801410675 7207.2185511738062 1098.1148131042719 2321.5319444835186 2109.6709188818932 1858.7272606492043 109.72086887061596 2717.7287204861641 311.21772456169128 756.269994571805 1430.9034270942211 83.541718319058418 199.4639563113451 498.44448892772198 1285.2918995916843 174.16584150493145 2157.6762925982475 2566.1353300511837 5471.8990598469973 129.25916957855225 1013.3303931355476 1315.9714379310608 3761.8108077347279 734.48598754405975 6410.4230871647596 1754.8096276521683 2001.7614133954048 1141.8735025823116 1625.9985283762217 1405.7295008599758 486.26051910221577 1622.7672155797482 458.69191314280033 1481.8076093345881 2858.5173428654671 1767.8274241685867 1479.1843256950378 875.75068981945515 353.30213195085526 296.04864151775837
leaf_count=1694 8375 6181 35253 2833 5998 1860 929 3654 995 10049 3851 325 6682 5136 400 2809 692 73128 1655 827 7545 4796 10036 44713 5668 9885 9257 8864 491 11063 1302 3177 6288 432 907 2572 7932 732 11474 10455 21974 542 4838 5520 20328 3698 38872 7392 9077 5780 6678 5715 2023 8091 2171 7853 11751 8277 6847 4146 1539 1256
internal_value=-9.79413e-05 0.0251522 -0.0284733 0.0370246 0.00495327 -0.0169754 0.0127787 0.0236318 0.0451992 -0.00996679 0.0174194 0.0385238 0.0210896 -0.0107693 0.022856 0.0405902 0.00455933 -0.0372717 -0.00301826 -0.00150944 0.0522512 -0.0271801 -0.00591292 -0.0376259 -0.0155161 0.0298755 0.0276142 0.00925394 0.0372718 0.0440572 0.0401963 0.0262926 0.0238138 0.0102741 -0.000677311 0.00057045 -0.0350898 0.0406809 -0.0109517 0.04403 0.0553809 0.0501533 0.00978343 0.0286005 -0.0182472 0.00163347 -0.0321261 0.0290871 0.0169742 -0.00553308 0.0419101 0.0449494 0.0339636 0.00352998 0.00427387 -0.0183568 0.0419295 0.00845559 0.00958086 0.00516023 0.0178487 0.0342514
internal_weight=100729 53299.5 47429 33568.1 19731.4 20561.6 13174.4 12724.6 20843.5 12190.8 8744.28 10710.9 7269.72 6556.99 5917.49 9736.81 7256.93 26867.4 6629.23 6302.29 10132.6 8370.77 4371.12 26570.5 4741.89 2382.7 4355.36 4953.04 3980.35 7354.11 4507.12 4977.71 4221.44 4819.78 1474.56 2440.79 14902.9 3142.4 3255.79 2797.96 7334.59 2846.99 2292.01 2746.87 5561.6 1815.1 7695.71 4160.53 2085.3 2303.88 4195.91 3031.73 1164.18 2121.21 1472.02 2335.56 3032.68 1931.16 1562.13 2734.48 974.131 2050.86
internal_count=515283 237347 277936 141926 95421 111597 61070 56243 85683 63695 39615 44714 32527 34351 26081 40342 34989 166339 33318 31458 40969 47902 22354 164645 25517 10210 18834 23211 16628 30132 18527 21667 18490 22519 7088 12318 91517 12974 17142 11450 29519 11605 10860 11808 30377 8834 46804 17905 9509 11778 17225 12393 4832 10663 7009 12649 12483 9104 7247 13010 4372 8648
cat_boundaries=0 1
cat_threshold=5256
is_linear=0
shrinkage=0.035


Tree=12
num_leaves=63
num_cat=2
split_feature=24 4 24 13 21 2 2 12 13 7 42 24 48 2 48 45 7 13 7 22 2 7 26 32 13 23 26 42 26 40 22 2 16 13 32 26 26 13 42 1 25 2 32 2 26 42 29 16 34 44 42 39 7 4 1 42 10 44 29 23 4 27
split_gain=56591.9 7864.92 4548.24 2228 2147.26 1341.15 894.216 730.135 678.655 577.487 462.161 435.957 324.414 250.067 216.206 206.87 204.729 203.611 201.782 198.548 207.566 195.746 188.03 179.085 164.727 156.497 156.045 148.686 123.826 116.045 116.026 129.277 115.263 107.586 105.811 97.0031 96.7194 96.3856 94.2065 92.1554 88.9383 87.292 85.5345 84.6767 82.5379 78.3203 77.731 76.7715 72.866 72.214 72.0729 71.3134 71.0301 70.8063 67.8698 67.748 67.6031 64.774 64.3395 64.1824 63.9464 61.5366
threshold=1.5000000000000002 11.565000000000003 4.5000000000000009 0.63397129186602885 0.34000000000000002 30.615000000000006 102.69000000000001 250.29000000000005 0.85092592592592597 0.95833333333333337 2.5000000000000004 7.5000000000000009 2.5000000000000004 884.79000000000008 2.5000000000000004 1.5131578947368423 0.95833333333333337 0.84412955465587058 0.95833333333333337 1.0000000180025095e-35 271.65000000000009 0.95833333333333337 21.500000000000004 1.0000000180025095e-35 0.54356060606060608 0.25000000000000011 21.500000000000004 1.5000000000000002 366.50000000000006 1.0000000180025095e-35 1.0000000180025095e-35 277.50000000000006 0 0.31698564593301443 966.87 366.50000000000006 131.50000000000003 0.45227272727272733 2.5000000000000004 3419.2450000000003 249.6194444444445 718.32000000000005 530.37000000000012 400.66000000000008 177.00000000000003 1.5000000000000002 23.500000000000004 1 2.5000000000000004 400.16000000000003 4.5000000000000009 103.97500000000001 0.95833333333333337 3.0800000000000005 995.85000000000014 4.5000000000000009 1.0000000180025095e-35 400.16000000000003 293.00000000000006 0.68301270189221941 2.1950000000000007 3817.1600000000003
decision_type=8 10 8 10 10 10 10 10 10 10 2 10 2 10 2 10 10 10 10 2 10 10 2 10 10 2 2 2 2 10 2 10 9 10 8 2 2 10 2 8 10 10 8 10 2 2 2 9 2 10 2 10 10 10 8 2 10 10 2 2 10 10
left_child=1 3 5 9 7 27 14 16 24 34 19 21 25 32 -5 22 42 -14 -16 -7 36 -4 61 43 -6 -8 -18 52 41 -23 -12 -32 35 -22 45 -10 -21 -28 -25 50 -41 -26 -3 53 -31 -1 -35 60 54 -17 -24 -15 -2 58 -19 -27 -13 -48 -11 -29 -20 -9
right_child=2 4 11 6 8 10 12 15 13 23 30 56 17 51 18 49 26 48 47 20 33 29 39 38 28 55 37 59 -30 44 31 -33 -34 46 -36 -37 -38 -39 -40 40 -42 -43 -44 -45 -46 -47 57 -49 -50 -51 -52 -53 -54 -55 -56 -57 -58 -59 -60 -61 -62 -63
leaf_value=-0.027629888501970731 -0.031424417040083655 -0.0085347723523665209 -0.033910944785414697 -0.0086626777963856767 0.015325346357023178 -0.030181442431577162 0.023899199405454607 0.0052699404747143016 0.047499622043969458 -0.0011542800293076346 -0.028478524972290475 -0.040671732490729501 0.023146539736405593 0.049911332498496115 -0.0028474055255869784 0.024753536116684443 -0.0065823338320225664 0.025935614783409642 0.013626185154274596 -0.0068983634400597085 -0.012197997059840857 -0.042345087232188473 0.031816057274658541 -0.0089395381160175466 0.033020251742416941 -0.0067219054895817382 0.0040048182964382605 -0.022072997279707511 0.010466361860014844 -0.017554098787333907 0.00042928745020675191 0.015666902321943038 0.030169692701101418 -0.021095039151466478 -0.0071185417993405884 0.019983657339476255 -0.017659368738624906 0.025420368168867863 0.0044369892769721454 0.050176458109208386 0.030941990872179526 0.043967352837990636 0.010041929394104249 0.01569596531058904 -0.027486326232478698 -0.012968000676918844 0.0072148087177085693 0.0075588183432575224 0.04100783444813192 0.0062165697268847207 0.044467284881050513 0.057317757626612294 -0.020972362583949172 0.01887168363617708 0.037747407310324124 0.015371945664370017 -0.036444508057180809 -0.0082850887852073552 0.011939617941027421 -0.011214609389085551 0.025934944975594482 0.036994553778518062
leaf_weight=892.31634829938412 3315.1385801434517 595.48725609481335 6528.4625407904387 821.19756641983986 519.78719927370548 548.02047157287598 616.06013146042824 321.28603698313236 4964.3387741744518 1669.465081602335 110.13746745884418 10504.709366187453 3648.9896681308746 2733.3794669508934 989.03338691592216 1322.2276005297899 262.16719044744968 1409.0403981953859 1132.6545015126467 1703.3014331459999 839.31576718389988 403.43081499636173 3013.2141852676868 1570.4551406651735 2047.8622815608978 532.66893202066422 304.64341928064823 2431.0477456003428 214.86990062892437 2005.9816263616085 1371.1333642303944 1356.2903193980455 775.70416341722012 158.70940007269382 1285.923445224762 164.13221204280853 2568.7688262462616 1675.5735103935003 1093.1159551292658 1033.2493228316307 421.30892141163349 1617.6510535776615 617.42670923471451 1278.3407123088837 2115.4742494672537 898.5725671350956 1711.0850277990103 1111.5484193265438 1424.5760475099087 320.63461744785309 685.14707514643669 4137.0750895291567 1060.5303857028484 372.97005377709866 1051.9208145439625 248.50276449322701 8564.7012713253498 408.33438928425312 633.30758886039257 923.62475474178791 957.90303170681 96.846758484840393
leaf_count=4994 19762 2929 40286 4057 2345 3118 2677 1450 20114 8233 630 67675 15792 10991 4810 5778 1305 5974 5261 8889 4506 2523 12476 7836 8539 2510 1434 13846 972 11547 6841 6130 3176 821 6707 709 13978 7301 5209 4206 1743 6574 2841 5873 12527 4697 8385 5093 5806 1407 2816 16586 5979 1739 4397 1103 54530 1991 3070 5112 4242 435
internal_value=-0.00010115 0.0254738 -0.0271773 0.0106261 0.0380781 -0.0135196 0.019585 0.0257423 0.0457394 -0.00226078 -0.00553794 -0.0355669 0.0262243 0.0498252 0.00775136 0.0320788 0.0125077 0.0290968 0.0109688 -0.00987158 -0.00836148 -0.030029 0.0352997 0.00356411 0.0338688 0.0107245 0.0187712 -0.0246429 0.0363482 -0.0244218 0.00658381 0.0080096 0.0445179 -0.00149377 -0.0147861 0.0465323 -0.0133715 0.0221294 -0.00345027 0.0371317 0.0446303 0.0378621 0.000922071 0.00828886 -0.0226576 -0.0202847 0.00245353 0.0152357 0.0346774 0.0211417 0.0341712 0.0543788 -0.0288965 0.00474556 0.0309978 0.000317156 -0.0387752 0.00422605 0.00245042 -0.0190876 0.0191841 0.0126886
internal_weight=100111 51482.6 48628.2 23638.6 27844 18505.4 13944.1 10669.2 17174.8 9694.47 10775.1 30122.8 8931.76 12774.6 5012.34 7213.91 3455.3 7534.53 4191.14 7937.54 7389.51 11053.3 5571.05 6617.65 4400.17 1397.23 2242.38 7730.34 3880.38 4524.89 2837.56 2727.42 5904.18 3117.44 3076.81 5128.47 4272.07 1980.22 2663.57 5152.92 1454.56 3665.51 1212.91 3954.08 4121.46 1790.89 2278.13 3202.11 3885.54 1642.86 3698.36 6870.45 4375.67 2675.74 2460.96 781.172 19069.4 2119.42 2302.77 3354.67 2090.56 418.133
internal_count=515283 226207 289076 110080 116127 99988 61722 46121 70006 48358 55289 189088 38259 51576 23463 30311 15810 31969 19406 41688 38570 66883 23126 31960 18430 6290 10040 44699 16085 26597 13601 12971 23999 15703 16398 20823 22867 8735 13045 21241 5949 15113 5770 18915 24074 9691 11197 14596 16177 7185 15292 27577 25741 13042 10371 3613 122205 10376 11303 18958 9503 1885
cat_boundaries=0 1 2
cat_threshold=21928 1464
is_linear=0
shrinkage=0.035


Tree=13
num_leaves=63
num_cat=2
split_feature=24 2 24 13 2 34 34 4 14 13 24 7 4 2 45 4 27 2 0 14 14 4 42 13 13 14 23 13 17 4 17 16 23 14 4 17 7 26 46 51 47 9 47 26 47 25 1 47 14 26 26 13 20 47 2 48 27 14 10 16 4 23
split_gain=53093.9 7331.15 4444.78 3135.66 1280.37 1102.3 960.473 603.958 566.565 437.183 436.404 395.457 393.388 323.976 302.143 280.297 203.404 211.433 195.641 185.39 163.183 156.798 146.057 140.998 136.303 136.172 126.115 125.6 119.219 123.942 115.661 114.42 101.506 100.328 97.5569 94.9027 91.2761 89.0728 88.1664 87.8026 97.7947 87.3941 85.5871 84.7046 104.744 84.1088 77.3204 77.087 74.756 95.782 72.9106 72.0823 71.2699 70.3441 69.1486 68.723 68.2945 68.139 68.0619 65.9418 65.5356 64.2553
threshold=1.5000000000000002 115.22000000000003 4.5000000000000009 0.77097902097902116 30.615000000000006 1.5000000000000002 2.5000000000000004 4.830000000000001 16.500000000000004 0.48212005108556838 7.5000000000000009 0.95833333333333337 3.5600000000000009 581.49000000000012 2.035714285714286 43.225000000000009 1.0000000180025095e-35 217.52000000000004 130.07999999999996 18.000000000000004 16.500000000000004 4.3500000000000005 2.5000000000000004 0.69782608695652182 0.59175084175084181 18.000000000000004 0.68301270189221941 0.78019323671497598 15073.740000000003 16.215000000000007 1.0000000180025095e-35 0 0.68301270189221941 16.500000000000004 6.3100000000000014 1.0000000180025095e-35 0.84523809523809534 21.500000000000004 34.255000000000003 1.7139428228502858 4314.0500000000011 46.08000000000002 inf 21.500000000000004 5383.3500000000013 102.03875000000001 881.74000000000012 7386.2300000000005 18.000000000000004 284.50000000000006 21.500000000000004 0.31414473684210531 7.2407734393502254 28.460000000000004 1847.9300000000003 2.5000000000000004 1.0000000180025095e-35 16.500000000000004 1.0000000180025095e-35 1 7.580000000000001 0.68301270189221941
decision_type=8 10 8 10 10 2 2 10 2 10 10 10 10 10 10 10 10 10 10 2 2 10 2 10 10 2 2 10 10 10 8 9 2 2 8 10 10 2 10 10 8 10 8 2 8 10 8 8 2 2 2 10 10 8 10 2 10 2 10 9 10 2
left_child=1 5 4 7 22 11 8 19 41 26 18 34 23 31 20 25 -11 -18 42 -3 -9 32 36 55 51 -8 35 57 29 56 -20 45 -13 -17 53 -6 -2 -22 -37 40 -31 -5 -4 -23 -45 60 52 -39 -40 -50 -27 -21 -33 -1 -35 -7 -15 -14 -12 -29 -10 -38
right_child=2 3 10 6 9 12 15 14 13 16 58 21 27 28 -16 33 17 -19 30 24 37 43 -24 -25 -26 50 -28 59 -30 39 -32 46 -34 54 -36 38 61 47 48 -41 -42 -43 -44 44 -46 -47 -48 -49 49 -51 -52 -53 -54 -55 -56 -57 -58 -59 -60 -61 -62 -63
leaf_value=-0.025594377893508206 -0.029900120269909878 -0.012825531997292956 -0.032830062907511358 -0.006962651314049384 -0.034963318028670962 -0.018956913042615937 0.020026416722589362 0.0021374184986853863 0.029062529163932722 -0.029442848947279575 -0.040272033824271018 -0.0093220083909812748 -0.021118894631116283 -0.0318647734582145 0.010212091334804736 0.031443189320587449 -0.0041167766711647392 0.01089518420142048 -0.039283282909448117 -0.012161858907850157 0.0018310228631467176 -0.0093499529893134956 -0.012290220927945687 0.011709576448777298 0.017916202607722271 0.021999019258590796 -0.003547442102644851 0.031307471518211262 0.01136581391654843 0.022451569055944615 -0.018260666762655836 0.0097197642293159418 0.0044082120175237167 0.049612143776313677 -0.0058227173294404626 -0.024354960515707475 -0.024830074939367203 0.029136166274609146 -0.028882391288548567 0.048152943332592242 0.0423251007149026 0.015606340466674305 -0.012452283595454593 0.0049149562732467818 0.025090632670129877 0.018052826205455848 0.031466538907202794 0.039939522340393704 -0.012708514656007558 0.0027741341689998902 0.043177045050864268 0.0085147802011750883 0.024704361434900193 -0.013199508435912688 0.056982076097379812 0.00069473622801670561 0.034084242391838271 0.016026051923602559 -0.035980997766458613 0.013357531910555252 0.041747644551855451 -0.013425883652667366
leaf_weight=1103.0464369207621 3552.8380475342274 388.74268049001694 7942.2928449213505 376.98649714887142 271.66692695021629 258.19370847940445 372.27885954082012 260.31439542770386 858.64586707949638 232.88273027539253 10242.305706873536 1707.4240141808987 62.145692601799965 18.697286784648895 1255.4741829633713 302.47155565023422 2121.8706483393908 2505.4002393335104 373.35867564380169 222.85186085104942 129.50535717606544 235.30208593606949 1097.629464417696 1837.9010919183493 2637.0728757977486 212.49704732000828 1642.5450763553381 1478.5684487968683 171.59582081437111 387.07261750102043 2281.4382630586624 709.76870429515839 1073.6211899518967 4569.6283762902021 935.05817392468452 755.06764639914036 2120.6743547767401 4231.9515030384064 263.76239605247974 2723.109660834074 1468.7953841686249 472.75088299810886 262.43147641420364 746.01632399857044 545.65785522758961 354.59747868776321 779.41934704780579 1012.0939625054598 2327.2474264651537 619.36741678416729 4169.5177172422409 2688.629879668355 864.44337603449821 1149.1392613053322 2483.8394316583872 1370.9581659883261 1870.7001031786203 1533.8853479474783 8374.7877589911222 366.55183097720146 1236.2070778757334 852.78512001037598
leaf_count=6148 21513 1985 49660 1839 1611 1319 1581 1215 3656 1371 67675 8666 296 100 5721 1246 10818 11536 2363 1136 545 1211 6088 8465 11574 874 8500 6253 713 1580 13328 3037 5245 18307 4703 4218 12322 17686 1429 10951 5954 2136 1532 3514 2415 1487 3244 4197 12501 3305 16823 12572 3614 6211 9941 6757 7722 6901 54530 1566 5101 4776
internal_value=-0.000103991 0.0245091 -0.0266683 0.032712 -0.0131511 0.00330557 0.0400762 0.0186993 0.0331783 -0.00536367 -0.0350887 -0.00598961 0.0133901 0.0352257 0.0257496 0.0470749 0.00240316 0.00401193 -0.0295054 0.0105156 0.0292096 0.000925812 -0.0241191 0.00506693 0.0121529 0.0404271 -0.0117831 0.021772 0.0402389 0.041003 -0.0212309 0.0282883 -0.00402178 0.0513654 -0.0153342 -0.0149741 -0.0261064 0.0305204 -0.0135962 0.044126 0.0381945 0.00559718 -0.0321799 0.00993349 0.0134508 0.0337554 0.0223484 0.0312284 -0.011059 -0.00945428 0.0421553 0.00692851 0.0179587 -0.0192788 0.0522151 -0.00242944 0.0334151 0.0145674 -0.0383438 0.0279926 0.0365646 -0.021565
internal_weight=99473.5 51633.1 47840.4 37229.7 18363.7 14403.5 24403 12826.6 12292.8 10739.8 29476.6 7495.27 6908.2 11443.1 6889.34 12110.2 4860.15 4627.27 10859.5 5937.3 5633.87 4308.02 7623.93 3467.05 5548.55 4754.29 5879.66 3441.15 6639.97 6468.38 2654.8 4803.08 2781.05 7355.94 3187.24 4237.11 6526.3 5373.55 3965.44 4578.98 1855.87 849.737 8204.72 1526.98 1291.67 2449.45 2353.63 5244.05 3210.38 2946.61 4382.01 2911.48 1574.21 2252.19 7053.47 1629.15 1889.4 1596.03 18617.1 1845.12 2094.85 2973.46
internal_count=515283 226207 289076 156537 99988 69670 99906 56631 51134 55289 189088 38113 31557 47159 29364 48772 23725 22354 66883 27267 23643 21051 44699 16541 25282 19278 31564 15016 27020 26307 15691 20139 13911 29494 17062 23064 38611 22428 21453 18485 7534 3975 51192 7140 5929 10244 9895 21883 17235 15806 17697 13708 6651 12359 28248 8076 7822 7197 122205 7819 8757 17098
cat_boundaries=0 1 2
cat_threshold=1416 20896
is_linear=0
shrinkage=0.035


Tree=14
num_leaves=63
num_cat=3
split_feature=24 4 24 21 2 2 0 13 13 42 24 42 32 0 14 2 7 14 0 17 14 14 13 13 13 13 13 2 43 23 40 22 2 14 14 25 1 16 2 2 41 2 22 16 22 17 14 7 23 14 26 2 10 16 26 26 41 47 44 22 14 26
split_gain=49833.6 6800.14 4343.89 2108.72 1641.68 1223.64 761.362 688.343 650.363 466.458 437.067 379.428 322.26 291.741 291.544 280.669 229.606 211.453 193.85 172.685 171.894 160.811 159.096 154.841 146.259 145.15 133.73 131.774 124.236 123.572 120.035 110.527 107.094 105.881 101.368 101.229 100.141 98.7752 97.8181 95.1971 89.0582 88.2322 85.9752 85.6453 85.2664 114.981 84.6735 82.2202 82.0968 71.3957 70.8035 70.7733 68.6014 67.5693 66.5776 63.9654 61.2635 61.2476 59.6842 65.005 58.8531 58.5087
threshold=1.5000000000000002 7.745000000000001 4.5000000000000009 2.5350000000000006 67.850000000000009 59.265000000000008 373.16000000000014 0.69782608695652182 0.85092592592592597 3.5000000000000004 7.5000000000000009 2.5000000000000004 4374.6300000000001 52.953333333333347 18.000000000000004 677.30000000000018 0.84523809523809534 18.000000000000004 57.146666666666668 1.0000000180025095e-35 18.000000000000004 18.000000000000004 0.54356060606060608 0.63397129186602885 0.31698564593301443 0.39208074534161497 0.39208074534161497 453.77000000000004 2.5000000000000004 0.68301270189221941 1.0000000180025095e-35 1.0000000180025095e-35 378.4500000000001 16.500000000000004 19.500000000000004 162.65127272727275 1040.7 0 9.1900000000000013 315.44000000000011 2391.7700000000004 642.45000000000016 1.5000000000000002 1 38.500000000000007 8137.4400000000014 16.500000000000004 0.95833333333333337 0.68301270189221941 21.500000000000004 100.50000000000001 277.50000000000006 1.0000000180025095e-35 2 161.50000000000003 21.500000000000004 2747.3400000000006 10959.875000000002 378.12000000000006 1.0000000180025095e-35 19.500000000000004 21.500000000000004
decision_type=8 10 8 10 10 10 10 10 10 2 10 2 8 10 2 10 10 2 10 10 2 2 10 10 10 10 10 10 2 2 10 2 10 2 2 10 8 9 10 10 8 10 2 9 2 10 2 10 2 2 2 10 10 9 2 2 8 8 10 2 2 2
left_child=1 4 5 6 9 16 13 20 22 12 18 19 28 47 -9 37 -2 -8 57 -7 -6 -15 -5 -19 -21 -22 -23 50 -1 -18 -20 -13 43 -24 -14 36 53 46 -36 -27 -17 56 -34 -16 45 55 -10 -3 -32 -11 -26 -33 -12 -28 -30 -25 -35 -4 59 -41 -29 -48
right_child=2 3 10 8 7 11 17 14 15 49 52 31 34 21 32 40 29 23 30 24 25 26 33 44 27 39 35 60 54 -31 48 51 42 41 38 -37 -38 -39 -40 58 -42 -43 -44 -45 -46 -47 61 -49 -50 -51 -52 -53 -54 -55 -56 -57 -58 -59 -60 -61 -62 -63
leaf_value=-0.028045956350861302 -0.028109377969158512 -0.0068819238544169173 -0.033271207734029189 0.013199311639116874 -0.014555487108576412 -0.02972746083443277 0.013570911118726745 -0.00042321645038606484 0.01444723112448321 0.0057063466747941625 -0.039886204813960963 -0.029217278693143785 -0.017493733976928025 0.00025487422155450476 0.025659236308221246 0.042728653918613538 -0.020442537611903629 0.02195488001939171 -0.041574644646483985 -0.014966942485497974 -0.0068964907020697625 0.0014002570954292329 0.0095600232905245983 -0.0024793007219521173 0.00062144868709377112 0.0057986235613662262 0.027424074548312815 -0.014955857057831312 -0.0059729609235436238 -0.0085901901172846466 -0.023993899524149008 0.0024841069088533899 -0.0076499145863467427 0.020581632592614987 -0.0065864474688098109 -0.00024207948747059267 0.039262356390159008 0.018607740206616312 0.0062675716337496972 -0.01788038453765306 0.051832172062764463 0.040117154636158461 0.030803914908879571 0.013362514932927515 0.042509313382903188 -0.00092875240573020716 0.024035935563204859 0.0096933081824248403 -0.011818406213688085 0.019779754267158198 -0.011466619027317059 0.014645643592332563 -0.035527546792506866 0.016191471406007674 -0.019126262078074305 0.034842957988345198 0.03354993766219206 -0.012492562567266453 0.0035531955169580466 0.018657933999570001 0.0072513172804596036 0.042525940696593885
leaf_weight=916.40629951655865 3994.9765524566174 801.9811844676733 6410.7937660068274 561.8587641119957 407.18172982335091 421.23722699284554 730.78997756540775 575.35497936606407 146.31164388358593 1097.7245723307133 9984.0122366845608 93.234213590621948 420.91442149877548 518.15011408925056 1888.7156736254692 1702.2415705919266 3639.4967821836472 1147.8791915476322 385.18353195488453 1801.8021244108677 628.88255175948143 386.52785536646843 222.7147633433342 57.233053252100945 861.35328231751919 2374.5541924387217 1490.1406038254499 162.07224909961224 976.73048858344555 1533.7497652322054 2792.952352270484 1026.1626862287521 72.455718323588371 655.87319353222847 1254.4131175279617 214.82043343782425 485.39634521305561 325.92305035889149 1716.300465837121 60.545153602957726 6427.5620268732309 1804.9776894450188 3247.6819796711206 1239.7595287561417 1743.3472008258104 119.2187278419733 224.86560918390751 673.59171351790428 900.16341514885426 739.13549226522446 1907.6513813585043 1367.6141731888056 8188.1430292576551 1434.9936961382627 912.58190160989761 2903.4078570306301 1442.2523766458035 180.23521149158478 437.57970352470875 2212.9262188971043 1415.8096222877502 4346.2341096699238
leaf_count=5147 24394 3991 41127 2519 2106 2461 3237 2703 632 5170 67675 555 2196 2480 8058 6839 20960 4929 2536 9878 3182 1814 1004 238 4354 11163 6365 841 5041 8397 16899 5052 340 2727 6517 915 1998 1341 8317 294 25773 7286 13389 5340 7043 500 925 3107 5251 3414 10062 6130 54530 6180 4812 11804 5969 1070 1974 9886 6904 17542
internal_value=-0.000106422 0.0235977 -0.0261682 0.0341585 0.00835472 -0.0127913 0.023257 0.0159721 0.0419129 -0.00410938 -0.0346205 -0.00366606 -0.00870057 0.0142032 0.0234485 0.045899 -0.0218044 0.0313668 -0.0289903 -0.00807337 0.00739136 0.018605 0.0307036 0.0335422 -0.00658529 0.00895744 0.0209744 -0.00310841 -0.0174734 -0.0169309 -0.0229803 0.00797527 0.0255781 0.0330836 -0.00144026 0.0230604 0.0245278 0.0393901 0.000839445 0.0109189 0.0499315 0.0344231 0.0299627 0.0209168 0.0362947 0.0327643 0.040696 0.000686028 -0.0210302 0.011377 -0.00770752 0.00943546 -0.0379243 0.0220701 -0.0123331 0.0341209 0.0295078 -0.032705 0.0153999 0.0176774 0.00496228 0.0416218
internal_weight=98814.8 51748.1 47066.6 30568.3 21179.8 18225.2 12707.5 13145.6 17860.8 8034.21 28841.5 9056.94 6197.35 6005.6 7023.97 13173.1 9168.22 6701.88 10669.3 6569.93 6121.67 4530.03 4687.68 5971.09 6148.69 5714.49 4011.88 4346.89 2805.72 5173.25 4078.3 2487.01 6448.61 4125.82 3391.63 3625.35 3410.53 5043.33 2970.71 5085.61 8129.8 3903.1 3320.14 3128.48 4823.21 3079.86 4717.41 1475.57 3693.12 1836.86 2769 2393.78 18172.2 2925.13 1889.31 2960.64 2098.13 6591.03 2711.05 2273.47 1577.88 4571.1
internal_count=515283 226207 289076 127158 99049 99988 54601 58435 72557 40614 189088 46237 32030 26850 29830 53052 53751 27751 66883 34500 28605 19752 19505 24514 32039 26499 17272 22161 15000 29357 24686 11737 27127 16986 17030 15458 14543 20440 14834 23317 32612 15982 13729 13398 19585 12542 19099 7098 22150 8584 14416 11182 122205 12545 9853 12042 8696 42197 12154 10180 7745 18467
cat_boundaries=0 1 2 3
cat_threshold=153000 1512 1448
is_linear=0
shrinkage=0.035


Tree=15
num_leaves=63
num_cat=2
split_feature=24 2 24 13 13 2 34 2 13 24 14 42 48 2 4 4 7 34 7 26 27 42 16 42 0 14 1 47 22 40 14 14 16 13 4 22 22 2 4 13 4 32 14 26 1 40 26 14 14 34 44 14 14 40 26 10 17 22 32 25 12 2
split_gain=46789.4 6339.94 4245.31 2489.4 1200.52 1172.94 779.408 467.339 456.489 437.82 428.879 397.16 296.371 257.427 249.113 245.195 231.071 220.017 193.405 182.046 155.563 147.556 143.699 142.878 140.132 133.265 132.118 120.19 119.537 114.18 108.639 107.251 105.498 103.129 112.886 102.422 97.0775 102.049 96.313 87.7517 86.0257 82.8859 82.5912 80.1133 79.7771 78.3612 77.546 75.0252 73.4584 73.1692 73.132 71.9716 71.666 70.6721 70.3844 69.214 67.8764 67.2157 66.9062 65.1763 68.1816 64.5515
threshold=1.5000000000000002 154.12500000000003 4.5000000000000009 0.77097902097902116 0.54356060606060608 28.885000000000005 2.5000000000000004 28.885000000000005 0.56385869565217395 7.5000000000000009 16.500000000000004 2.5000000000000004 2.5000000000000004 1206.3800000000003 50.02000000000001 4.830000000000001 0.95833333333333337 2.5000000000000004 0.95833333333333337 100.50000000000001 2.1950000000000007 3.5000000000000004 0 1.5000000000000002 203.6866666666667 16.500000000000004 2092.7700000000004 2436.6200000000003 11.500000000000002 1.0000000180025095e-35 16.500000000000004 18.000000000000004 1 0.31909090909090915 1.4450000000000001 7.5000000000000009 1.0000000180025095e-35 203.80000000000004 5.7550000000000017 0.29520697167755999 3.5600000000000009 4056.4800000000009 16.500000000000004 177.00000000000003 inf 2481.7800000000007 21.500000000000004 16.500000000000004 19.500000000000004 1.5000000000000002 400.16000000000003 18.000000000000004 16.500000000000004 9776.2800000000007 21.500000000000004 1.0000000180025095e-35 15073.740000000003 51.500000000000007 295.28000000000003 162.65127272727275 335.13000000000005 0.7350000000000001
decision_type=8 10 8 10 10 10 2 10 10 10 2 2 2 10 10 10 10 2 10 2 10 2 9 2 10 2 8 8 2 10 2 2 9 10 8 2 2 10 8 10 8 8 2 2 8 8 2 2 2 2 10 2 2 10 2 10 10 2 8 10 10 8
left_child=1 4 5 8 16 23 10 21 30 18 45 19 52 22 25 51 38 26 -4 58 -21 27 40 61 -22 -8 32 -6 -24 -20 -3 -17 -14 -32 -35 -15 -13 -38 -1 -26 -12 -18 -16 -31 49 -5 -33 -29 -41 -30 -50 -10 -9 -46 -27 -11 -37 -44 -7 -42 -61 -2
right_child=2 3 9 6 7 11 14 12 15 55 13 36 17 35 42 31 41 -19 29 20 24 -23 28 -25 39 54 -28 47 44 43 33 46 -34 34 -36 56 37 -39 -40 48 59 -43 57 -45 53 -47 -48 -49 50 -51 -52 -53 -54 -55 -56 -57 -58 -59 -60 60 -62 -63
leaf_value=-0.018823487891047572 -0.031478991181342467 -0.015028058579953207 -0.032475095191178117 -0.0044673625689696083 -0.010508182535734142 -0.01292042754875853 0.0088490127822797339 -0.010836902485716147 -0.0057547923030719841 -0.039513202286658958 0.024020148699114553 -0.026679578591491178 0.0055402175024537531 0.022640611190889014 0.029902080735017961 0.010697327427754871 -0.0076321503474496366 0.031552490217656805 -0.041266023727885723 -0.033143072515532661 -0.017072266513917432 0.010539288585200575 0.012419831454615777 -0.017704298257703647 -0.015950556934773083 0.019303184420102093 0.032446175103807234 -0.022249444112130243 0.015621791742207894 -0.015940214980279404 -0.0048519073833046241 0.0007424099227447687 0.017786727940363348 0.0070219080061096964 0.018865390706031229 0.043573069410498932 -0.00062653274445214735 0.013016830074812118 -0.0043933333239006556 -0.018612244797040097 0.039782714616007298 0.0039592241162014373 0.046814912474908286 -0.025926326117299239 0.043727537590219662 0.017711927125010782 0.031311804779413921 0.010735954002831796 0.0040982857143401124 0.028822279751634573 -0.013273140315657418 0.016986226319169701 0.0072973257027391754 0.00016208770362237211 0.040175536309676171 -0.035083292526742499 0.01544386408472072 0.054503583043178448 0.0022720971793085015 -0.011860412618515899 0.030513464206116437 -0.022598633821367918
leaf_weight=2056.6634743511677 2309.9565342515707 210.04065954685211 6153.7387338131666 401.39526821672916 1371.9956128746271 440.95657797157764 184.46440389752388 423.72771595418453 182.02229353785515 9730.0236005485058 707.18521562218666 105.90686379373074 1274.5878084599972 350.34276513755322 286.53832785785198 367.18093040585518 1321.8959105163813 1517.4339781552553 374.91989004611969 413.17134475708008 2410.1860179454088 1333.4694045484066 801.51746834814548 3183.4157948493958 743.28436596691608 210.01479820907116 542.71242979168892 95.37396240234375 732.08457273244858 1935.4764596819878 467.74580217897892 104.45144161581993 2874.2395475804806 2128.0745126008987 1838.9039549380541 3206.7527617812157 1153.2937074005604 1606.6059813201427 782.9292206466198 280.87853297591209 2337.3404082804918 1761.5717571526766 4472.9513752758503 2018.5008900910616 498.24105831980705 378.16935661435127 3861.6583195328712 685.52757181227207 1463.818477794528 1763.9933519661427 371.33726730942726 2589.6313843429089 717.71504561603069 50.209092244505882 4440.4568844884634 8004.8777143359184 110.10159462690353 2109.3022905290127 1805.7623177170753 57.720469787716866 229.16240429878235 1800.6358633637428
leaf_count=11560 14553 1037 40286 1871 6850 2335 807 2138 915 67675 2966 635 5715 1439 1168 1621 6684 6269 2523 2505 13467 6174 3324 18617 4123 855 2254 517 3033 11547 2245 434 12787 9914 7992 12923 5828 7243 3970 1486 9491 8661 17950 12527 2017 1732 15811 3221 7344 7211 1858 11246 3279 208 17819 54530 454 8468 9209 246 931 10785
internal_value=-0.000108306 0.0227322 -0.0256768 0.0311927 0.00502382 -0.01244 0.0378101 0.0119488 0.0180526 -0.0341616 0.0313846 -0.00511318 0.0169539 0.033187 0.0441887 0.0236303 -0.00764587 0.0199668 -0.0284839 -0.00914878 -0.0124828 0.00139444 0.0293228 -0.0232815 -0.0108569 0.03808 0.0162136 -0.00427199 0.0244045 -0.022804 0.00951723 0.0288314 0.0140829 0.0106829 0.0125154 0.0407399 0.00605221 0.00731744 -0.0148478 -0.0056137 0.0348141 -0.00101091 0.0484825 -0.0210434 0.0276347 0.00630079 0.0305071 0.00668404 -0.00197693 0.0249585 0.000577925 0.0154912 0.000561923 0.0397468 0.0392373 -0.0375158 0.0426443 0.0492867 -0.000714114 0.0378452 0.0219763 -0.0275954
internal_weight=98144.2 51837.5 46306.7 35077.7 16759.8 18089.2 23327.9 10836.8 11749.7 28217.5 11624.2 10795.2 7350.42 10844.7 11703.7 7104.94 5923.06 6208.97 10482.6 7929.39 5682.68 3486.37 7177.45 7294.01 5269.5 4834.94 4691.54 2152.9 3846.05 4328.9 4644.76 4333.29 4148.83 4434.72 3966.98 3667.2 2865.81 2759.9 2839.59 2859.32 3331.41 3083.47 6868.79 3953.98 3044.53 779.565 3966.11 780.902 2116.03 2496.08 1835.16 2771.65 1141.44 548.45 4650.47 17734.9 3316.85 6582.25 2246.72 2624.22 286.883 4110.59
internal_count=515283 226207 289076 146128 80079 99988 94913 49204 51215 189088 47846 56033 32442 44243 47067 30027 30875 27025 66883 42327 30783 16762 29427 43955 28278 19481 20756 10588 15793 26597 21188 17866 18502 20151 17906 14816 13706 13071 15530 14811 13634 15345 27586 24074 12469 3603 16245 3738 10688 10244 9202 12161 5417 2225 18674 122205 13377 26418 11544 10668 1177 25338
cat_boundaries=0 1 2
cat_threshold=1416 96263
is_linear=0
shrinkage=0.035


Tree=16
num_leaves=63
num_cat=3
split_feature=24 4 24 21 13 2 2 0 13 2 24 13 14 2 12 0 22 2 14 34 14 32 16 42 2 22 13 13 14 47 22 45 16 22 16 47 42 14 14 47 17 22 38 30 6 14 2 2 18 10 42 4 44 1 22 17 51 2 26 32 2 2
split_gain=43943.9 5971.98 4148.58 1691.75 1649.95 1119.02 650.872 559.47 547.783 456.208 438.732 376.09 320.071 217.279 214.807 191.583 174.742 176.497 172.861 169.842 152.057 150.618 143.386 139.099 127.743 122.621 121.99 121.033 118.883 117.117 112.44 108.518 103.774 102.782 99.0353 93.5681 125.461 92.1354 88.4536 82.932 82.9082 111.435 87.8393 82.6068 81.4759 77.1749 76.7229 70.9815 70.7673 69.893 66.5868 66.0979 65.8134 65.8284 65.0487 64.9297 63.8493 63.4908 61.4638 60.0233 59.9605 59.9083
threshold=1.5000000000000002 11.565000000000003 4.5000000000000009 0.34000000000000002 0.63397129186602885 28.885000000000005 91.305000000000021 382.7000000000001 0.85092592592592597 46.990000000000009 7.5000000000000009 0.48212005108556838 16.500000000000004 884.79000000000008 52.630000000000003 130.07999999999996 1.0000000180025095e-35 569.98500000000001 18.000000000000004 2.5000000000000004 19.500000000000004 354.78000000000009 0 1.5000000000000002 7.6850000000000014 11.500000000000002 0.54356060606060608 0.32738095238095244 16.500000000000004 inf 1.0000000180025095e-35 1.6770833333333337 1 1.5000000000000002 2 inf 2.5000000000000004 16.500000000000004 18.000000000000004 inf 7999.7400000000007 41.500000000000007 13.870000000000003 2082.6000000000004 162.25500000000002 16.500000000000004 1.0850000000000002 718.32000000000005 3836.6295000000005 1.0000000180025095e-35 2.5000000000000004 105.92000000000002 343.40000000000009 1598.3800000000001 1.0000000180025095e-35 1861.2050000000002 68.55498260472352 0.7350000000000001 61.000000000000007 28.120000000000005 664.47000000000014 0.38000000000000006
decision_type=8 10 8 10 10 10 10 10 10 10 10 10 2 10 10 10 2 8 2 2 2 8 9 2 10 2 10 10 2 8 2 10 9 2 9 8 2 2 2 8 10 2 8 10 10 2 10 10 10 10 2 10 10 8 2 10 10 8 2 8 10 8
left_child=1 4 5 7 9 23 18 14 26 27 15 29 -8 34 59 39 58 38 -6 22 -9 -11 -14 57 -20 55 -5 -1 -16 43 -17 44 -26 -31 45 36 -24 -28 -18 61 42 -42 -27 -7 -30 -10 -29 -39 -32 -12 -40 -15 53 -23 -38 -22 -45 -2 -13 -3 -56 -4
right_child=2 3 10 8 6 11 12 20 13 21 49 16 19 51 28 30 17 -19 24 -21 25 52 35 -25 32 40 37 46 31 33 48 -33 -34 -35 -36 -37 54 47 50 -41 41 -43 -44 56 -46 -47 -48 -49 -50 -51 -52 -53 -54 -55 60 -57 -58 -59 -60 -61 -62 -63
leaf_value=-0.023132225523439194 -0.030975994928759274 -0.018712263745091422 -0.03472257707148823 0.013240902824766773 -0.015623201872734133 -0.017515574332562549 -0.0071605978721768007 0.01507023140379922 0.016800677817001067 -0.0078214087399891257 -0.039152066638153502 0.021476651397379559 0.00057008613621287467 0.043363998082238654 -0.0034422111990785012 -0.037414567731751176 -0.022360566630826733 0.014730912255611881 -0.0024935400890262797 0.03207823468265078 0.023941478395366034 0.0066132532294048158 0.0061207474833399889 -0.017259135131804625 0.016586964568015471 0.027211461893434388 0.0089893130206691162 -0.016182461572373259 0.024372193667048427 -0.027801696077264879 -0.011947644375429299 0.0092401907109502159 0.0038262209159697865 0.0025696999862615164 0.025389713369496941 0.029290845141531734 -0.016297053381603591 0.028167442152901817 -0.0045415849443556575 -0.011042756859749325 -0.0044574900705676903 0.033110771749821355 0.039378309074816029 -0.0035041194733040669 0.00085883825675668916 0.041110983887739178 -0.004536762848731099 0.037961516063726858 -0.02518371445096327 -0.034647443242443066 0.0056202136105934289 0.050460052376435242 -0.004194789007770202 0.018389624063763859 0.019184864244158877 -0.0037397074124140991 -0.016674966895363279 -0.022100196839002339 -0.034545290487558666 0.0028056816160501267 0.028077731463487562 -0.028412861988637753
leaf_weight=805.26652278006077 2266.1013898253441 200.66318301856518 3534.9392979443073 528.20835380256176 410.44476100802422 2650.3945219516754 440.41327542066574 810.4709816724062 167.18603643774986 1006.5942414402962 9480.5031822919846 26.592142909765244 418.55980823934078 2784.4908675402403 325.71085883677006 372.31161198019981 211.86065037548542 1280.206614986062 1053.1419078707695 2109.0323088467121 988.63038128614426 3263.650573387742 724.47022277116776 3151.8247355371714 1964.8950148373842 1025.3144841045141 217.36066922545433 986.45056402683258 2343.523256316781 155.43822102248669 1414.600551366806 1065.3795143067837 1326.644154921174 1069.9079097062349 783.79715567827225 1623.186083689332 53.131009072065353 2085.8691646158695 1462.2182705253363 255.04243510961533 152.31254136562347 262.9705810546875 2596.0846900194883 1300.6901801675558 195.6648188829422 5004.5477573871613 2328.2643114924431 1636.281941190362 763.46132646501064 7825.0827547758818 1715.7003633826971 4064.5558084696531 550.22970287501812 707.28862535953522 2555.2216819822788 115.68785582482815 689.70855052769184 1777.2440348267555 198.2954927533865 746.30707092583179 1473.6325913518667 3959.4314190149307
leaf_count=4610 14553 1028 23860 2345 2104 14909 2155 3512 709 5010 67675 156 1800 11191 1592 2501 1107 5762 5143 8524 4069 15347 3104 18617 8832 4253 972 5517 9837 886 8542 4803 6046 5684 3176 6786 265 8539 7443 1532 639 1074 10459 6914 828 20114 12044 6574 4648 54530 8260 16386 2582 3248 10867 486 3681 10785 1231 3541 6096 25800
internal_value=-0.000110092 0.0219092 -0.0251933 0.0328351 0.00900815 -0.0120973 0.0166163 0.0219859 0.0396353 -0.00215317 -0.033711 -0.0049519 0.021955 0.0433191 0.0131937 -0.0279846 0.00221093 0.00366444 0.00606283 0.0233872 0.0291877 0.00441727 0.0207064 -0.0227816 0.00811465 0.03141 0.02907 -0.0109676 0.0167984 -0.0109281 -0.0196492 0.0186278 0.0115085 -0.00130252 0.0384097 0.0219818 0.0195537 0.0311884 -0.000518109 -0.030725 0.0342407 0.0193543 0.035942 -0.0134688 0.0225614 0.0402507 -0.00800633 0.032482 -0.0165966 -0.0371173 0.000944627 0.0475819 0.00714322 0.00871492 0.0219356 0.0210409 -0.00807413 -0.0270811 -0.0278551 -0.0017689 0.0224438 -0.0313933
internal_weight=97463.1 51901.5 45561.6 28101 23800.5 17956.2 14152.8 10828.7 17272.3 9647.74 27605.4 10761 9397.65 12804.6 4877.25 10299.8 4894.87 4669.99 4755.13 8957.23 5951.47 5527.76 6848.2 7195.17 4344.68 5141 4467.72 4119.98 3930.28 5866.14 2550.37 3604.57 3291.54 1225.35 5955.53 6429.64 4806.46 3939.51 3389.78 7749.41 4036.68 415.283 3621.4 4640.79 2539.19 5171.73 3314.71 3722.15 2178.06 17305.6 3177.92 6849.05 4521.17 3970.94 4081.99 1104.32 1990.4 4043.35 224.888 946.97 4028.85 7494.37
internal_count=515283 226207 289076 116127 110080 99988 61722 46121 70006 48358 189088 56033 39597 51576 21629 66883 23959 22572 22125 37442 24492 26187 28918 43955 20021 20980 18430 22171 17060 32074 15691 15468 14878 6570 23999 27118 20332 16085 16810 51192 16425 1713 14712 25504 10665 20823 17561 15113 13190 122205 15703 27577 21177 18595 17228 4555 10595 25338 1387 4569 16963 49660
cat_boundaries=0 1 2 3
cat_threshold=75793 408 21928
is_linear=0
shrinkage=0.035


Tree=17
num_leaves=63
num_cat=2
split_feature=24 2 50 13 2 34 34 13 26 38 32 13 7 2 39 24 24 22 13 23 2 43 13 13 2 14 14 48 22 18 14 17 22 6 2 24 14 29 22 16 2 16 26 19 2 14 1 26 47 14 26 26 14 22 47 26 14 13 26 45 38 44
split_gain=41282 5510.97 4067.92 2479.96 1264.51 853.582 807.053 440.519 434.841 386.153 320.396 257.801 257.799 254.914 253.393 224.77 217.795 178.656 147.308 142.939 139.46 135.424 122.894 122.543 117.951 114.175 110.777 110.549 109.887 113.949 103.194 100.157 98.325 94.8494 93.9734 93.322 91.1253 90.8192 89.5696 88.0942 86.2346 85.4577 84.6923 84.6399 74.1282 74.0155 78.5423 72.9171 71.5429 69.4356 68.4194 68.0585 67.9245 67.6353 67.5995 67.5764 67.4086 67.2911 66.9103 65.1669 64.5264 63.9864
threshold=1.5000000000000002 106.96000000000002 0.13416407864995789 0.77097902097902116 59.265000000000008 1.5000000000000002 2.5000000000000004 0.56385869565217395 21.500000000000004 0.34000000000000002 4374.6300000000001 0.77097902097902116 0.84523809523809534 581.49000000000012 43.225000000000009 1.0000000180025095e-35 9.5000000000000018 1.0000000180025095e-35 0.56832298136645976 0.68301270189221941 21.770000000000007 2.5000000000000004 0.31909090909090915 0.36939571150097467 2.8750000000000004 18.000000000000004 18.000000000000004 2.5000000000000004 31.500000000000004 11313.973333333333 18.000000000000004 8137.4400000000014 1.0000000180025095e-35 144.39200000000002 445.7700000000001 1.0000000180025095e-35 16.500000000000004 293.00000000000006 1.5000000000000002 0 9.7350000000000012 1 21.500000000000004 1549.7175000000002 1045.6000000000001 18.000000000000004 2602.98 192.50000000000003 inf 19.500000000000004 21.500000000000004 161.50000000000003 19.500000000000004 1.0000000180025095e-35 629.61000000000024 161.50000000000003 19.500000000000004 0.94590643274853814 21.500000000000004 3.0555555555555558 1.0000000180025095e-35 158.85000000000002
decision_type=8 10 8 10 10 2 2 10 2 8 8 10 10 10 10 10 10 2 10 2 10 2 10 10 10 2 2 2 2 10 2 10 2 10 10 10 2 2 2 9 10 9 2 10 10 2 8 2 8 2 2 2 2 2 8 2 2 10 2 10 8 10
left_child=1 5 16 7 12 10 8 22 33 17 21 27 59 37 25 30 24 -6 49 -14 -12 -1 -3 56 -2 -8 -24 -7 31 48 -9 38 -26 -5 61 -28 -16 39 -15 43 -29 -13 -32 -10 -44 -22 -47 -34 -30 -11 -38 -40 -17 -20 -51 -23 -19 -52 -27 -4 -21 -25
right_child=2 3 4 6 9 11 14 15 13 18 20 41 19 28 36 52 -18 23 53 60 45 55 26 34 32 58 35 40 29 -31 42 -33 47 -35 -36 -37 50 -39 51 -41 -42 -43 44 -45 -46 46 -48 -49 -50 54 57 -53 -54 -55 -56 -57 -58 -59 -60 -61 -62 -63
leaf_value=-0.02376750921169515 -0.035157786493463732 -0.0067336779721509851 -0.023628554531298113 -0.00095812539305024913 -0.032364051070342938 -0.0094069910711344368 0.016289013945677413 0.0088400660660188646 0.028234588611094045 -0.017828186735181936 -0.0071870411013467547 0.022931856534807074 -0.020449916344777379 -0.010700545092257031 0.026315536277135114 -0.0040426653323950039 -0.037893466621942679 -0.030033320429170347 -0.026124742080745146 -0.014403792030950387 -0.01133639322880527 -0.0027218008338794671 -0.008643100224484836 -0.0021009614198184011 -0.038177891537726216 0.017369079458895775 0.016924113606441509 -0.0030636039335847792 0.035096253551444509 0.0090584025836152118 -0.0011487222974787133 -0.0013673295773081056 -0.021399239957536603 0.026867264125250246 0.005852064275612771 0.0067294416772331767 0.026779934746923029 0.033975119167282061 0.037135457333006362 0.01610467719843026 0.010827180920704792 0.010350869787231431 0.02469496925186257 -0.012816540792120905 0.034510202223846771 0.0045835179615787364 0.020932522232732127 -0.029872385830201756 0.046198561121643104 -0.0068225299193953402 0.040108850743134868 0.027319060812540607 0.014547510222282609 0.011165625237455127 0.0045868954566265861 -0.015547545546476037 -0.012515085832591139 0.04847912973863415 0.037293397236914973 -0.031664009608031278 -0.00082055731334160751 -0.016009979558483243
leaf_weight=1184.641913369298 4894.154435262084 607.45257292687893 2425.2033499330282 712.39628922939301 446.17147739231586 560.82536897063255 380.47931887209415 434.90473979711533 2049.2342037856579 322.97068712115288 1682.4428953379393 2011.9115856289864 4290.9245168268681 60.043751403689384 307.97713084518909 268.02542342245579 12633.367973700166 304.72372306883335 60.641296595335007 996.34552231431007 264.70460596680641 1053.2632573693991 361.38491006195545 870.34917359054089 945.9192818403244 219.65443043410778 2064.93498288095 718.96523541212082 1362.6121882498264 144.15345834195614 130.47910130023956 117.01170937716961 2391.6674748361111 189.09507563710213 835.70144619047642 2357.2729180306196 226.24937541782856 933.69430294632912 1758.2581558674574 1934.9627144187689 2289.2182130813599 1076.4917755872011 3421.3588341772556 62.889695599675179 1314.7774122357368 1585.2694970965385 465.05466246604919 2631.6344226151705 1545.4819148927927 1171.0593077242374 1570.3949874639511 1743.7634504586458 2333.5883409976959 1848.9090996384621 1390.2514361292124 963.54744105041027 2292.6243572235107 5212.9416159540415 4261.7637388259172 2570.1684213429689 751.24957080185413 757.62357035279274
leaf_count=6673 34359 2950 15445 3287 2856 2762 1596 1932 8444 1752 8856 8651 25953 268 1249 1283 92125 1787 377 5826 1384 5393 1768 4642 6604 892 8969 3620 5517 590 544 482 15752 805 4084 10961 911 3846 7080 8044 10470 4681 14081 261 5312 7588 2058 17749 6207 6141 6314 7070 10134 8532 7023 5097 12990 21091 17086 16919 4132 4028
internal_value=-0.000111526 0.0211253 -0.0247172 0.0280014 -0.013652 0.00222417 0.0345412 0.0158031 0.0283313 -0.0048325 -0.00612927 0.0112567 -0.0218845 0.0301341 0.0409697 0.0210649 -0.0347633 -0.0111541 0.0024306 -0.0170133 0.000479005 -0.0143782 0.00808686 -0.00927823 -0.0311199 0.0347569 0.00996989 0.00484756 0.0345793 0.0395047 0.0252003 0.0304835 -0.0278039 0.00490178 -0.00368397 0.0114926 0.0450923 0.0241207 0.0315299 0.0218394 0.00750733 0.0186591 0.0266602 0.0268796 0.0274264 0.00605099 0.0083002 -0.0258433 0.0410103 -0.00256152 0.0459134 0.0322568 0.0126315 0.00996835 -0.000630245 -0.00885407 -0.0145811 0.0465475 0.0363209 -0.0277684 -0.00856849 -0.00857977
internal_weight=96775.2 51943.6 44831.7 38087.2 21334.9 13856.3 24793.1 13294.2 12613.6 10301 7198.92 6657.41 11033.9 11712.1 12179.5 7903.13 23496.7 5507.19 4793.83 6038.52 3997.47 3201.45 5391.05 5061.02 10863.4 4861.9 4783.59 3569.01 6731.32 3052.25 5301.52 3679.08 5969.22 901.491 2463.67 4422.21 7317.56 4980.78 3562.07 4047.09 3008.18 3088.4 4866.62 2112.12 4736.14 2315.03 2050.32 5023.3 2908.09 2884.28 7009.59 3502.02 2601.61 1909.55 2561.31 2016.81 2597.35 6783.34 4481.42 4995.37 1747.6 1627.97
internal_count=515283 226207 289076 158974 122487 67233 101040 57934 51901 54212 37049 30184 68275 47809 49139 33286 166589 30387 23825 35911 19886 17163 24648 27531 74464 19574 21698 16852 27214 12314 21869 14900 40105 4092 12754 19930 29565 20595 14418 16749 14090 13332 19937 8705 19393 11030 9646 33501 11724 14916 28316 14150 11417 8909 13164 10490 14777 27405 17978 32364 9958 8670
cat_boundaries=0 1 2
cat_threshold=1416 4528
is_linear=0
shrinkage=0.035


Tree=18
num_leaves=63
num_cat=3
split_feature=24 4 50 13 34 7 13 2 38 0 7 14 2 24 47 2 26 48 17 14 4 45 32 32 7 32 2 16 27 40 2 23 16 0 13 17 14 14 27 2 45 26 13 26 5 16 14 43 14 26 48 2 2 14 18 4 26 29 12 32 30 2
split_gain=38789.8 5274.27 3985.89 1421.58 1410.8 1222.86 814.134 553.257 432.922 419.81 414.741 286.279 241.937 219.552 216.886 192.341 187.937 182.964 181.761 158.067 153.235 147.661 139.444 132.328 131.43 120.098 117.533 107.454 104.818 99.7803 95.4075 92.7247 92.2909 90.9539 89.7762 87.0334 81.4386 80.7237 80.2515 85.0999 76.5439 75.1509 74.9012 72.7628 71.863 70.7699 70.2001 68.7572 67.2865 67.2269 65.6327 63.7821 60.9445 60.1125 58.1921 57.3924 57.2954 56.4333 56.322 53.7869 53.4474 53.219
threshold=1.5000000000000002 11.565000000000003 0.13416407864995789 0.63397129186602885 1.5000000000000002 0.95833333333333337 0.83045977011494265 91.305000000000021 1.0000000180025095e-35 155.58000000000004 0.95833333333333337 18.000000000000004 884.79000000000008 9.5000000000000018 4314.0500000000011 271.65000000000009 131.50000000000003 10.500000000000002 10339.380000000003 16.500000000000004 3.2450000000000006 3.0555555555555558 1.0000000180025095e-35 8049.4600000000009 0.95833333333333337 62.760000000000005 2.8750000000000004 0 1.0000000180025095e-35 1.0000000180025095e-35 208.28999999999999 0.68301270189221941 1 39.685000000000009 0.36181818181818187 2.4400000000000004 16.500000000000004 18.000000000000004 1.0000000180025095e-35 690.5200000000001 1.4472222222222224 21.500000000000004 0.52786377708978338 21.500000000000004 70.88833333333335 2 21.500000000000004 5.5000000000000009 19.500000000000004 192.50000000000003 10.500000000000002 400.66000000000008 144.76500000000001 19.500000000000004 13126.262500000003 3.0800000000000005 21.500000000000004 293.00000000000006 23.685000000000006 1606.2300000000002 1430.1400000000001 832.84000000000015
decision_type=8 10 8 10 2 10 10 10 8 10 10 2 10 10 8 10 2 2 8 2 8 10 10 8 10 8 10 9 10 10 10 2 9 10 10 8 2 2 10 10 10 2 10 2 10 9 2 2 2 2 2 10 10 2 10 10 2 2 10 10 10 10
left_child=1 3 13 10 9 21 23 19 16 25 34 61 27 26 48 31 30 28 -16 -5 32 33 51 42 -21 -3 -2 36 -18 -28 -7 50 -13 -4 -1 -17 -8 -37 46 -40 -39 -22 -6 -38 56 -26 -34 -24 -11 -31 -10 55 -30 -25 59 57 -14 -12 -36 -45 -20 -9
right_child=2 4 5 7 6 8 12 11 15 14 22 20 44 -15 18 35 17 -19 60 24 41 -23 47 53 45 -27 29 -29 52 49 -32 -33 38 -35 58 37 43 40 39 -41 -42 -43 -44 54 -46 -47 -48 -49 -50 -51 -52 -53 -54 -55 -56 -57 -58 -59 -60 -61 -62 -63
leaf_value=-0.022200782850140901 -0.034739057934602705 -0.014931050489664597 -0.023380522997552614 -0.021622050522253189 0.0069098436401873525 -0.010563439247749492 0.014437369625005369 -0.0063564310785616104 -0.011985493204534866 -0.0021049573311417032 -0.0016588121681935498 -0.0030153645349447868 -0.0054628178894969666 -0.037534757132708707 0.033992731924404156 -0.023043187743206593 -0.039420780309621636 -0.0048393637380612989 0.0056661294160597802 -0.0034603284592210604 0.004298729390033419 -0.029124968917891906 -0.007235727370146364 0.016674869521680832 0.014101534022263055 0.0080073447561694409 -0.04024582146799232 0.023111680127594736 -0.023650831007213852 -0.021580702219029281 0.0031620590295181141 0.0029055606592374252 -0.034218491021775391 -0.013033299586699909 -0.016986270302717769 -0.013074729260323418 0.019721615209453938 0.022549761109895143 0.016119066624152086 0.02599444448047189 0.0072751871264387378 0.028454804851360583 0.021909549724891796 0.040088255141326773 0.046291122028637027 0.0034401694210383334 0.046040638136150815 0.0049615412723142708 0.017034346899771839 -0.029565125060825218 0.0031799244510076112 0.013214451950872378 -0.013507413878988758 0.031233883055992978 0.010771267265467319 0.016369861315713607 0.038979917029856932 0.010534234018919194 -0.0047963084507015767 0.025647938725583061 0.02543700950580342 0.014032156558061738
leaf_weight=902.19139903783798 4781.7910703122616 330.82767055928707 2893.8219946622849 247.10252718627453 493.24093149602413 1530.1784376353025 189.64556416869164 537.99787950515747 1862.3046480119228 250.71660867333412 1677.9794295281172 248.57370685040951 36.063379526138306 12313.380945563316 2265.38236553967 107.18546459078789 342.85268631577492 1142.1158030182123 421.19181416928768 1098.4036347866058 165.50622293353081 3653.4662709534168 1838.2922585308552 396.84138682484627 2235.1305392831564 1777.1219402700663 652.772566229105 929.39517217874527 1573.1907035708427 2528.4492331296206 1042.3383227586746 1187.6407706439495 59.157232061028481 1632.5506040602922 704.83125099539757 185.46333083510399 262.25617942214012 526.92707867920399 2986.8928972184658 1673.0489992648363 1691.3860180675983 3551.7175853699446 2386.4775990247726 5067.5732690989971 5705.8870864361525 1190.4622693508863 16.227302417159081 817.07285453379154 2176.5280621498823 2682.6982628852129 429.86392110586166 1303.8367697149515 1357.1288977265358 3018.3618188649416 90.749165073037148 380.4409457296133 1687.4838557094336 642.13849551975727 1360.5539580285549 344.36975148320198 277.94493608176708 220.18866442143917
leaf_count=5262 34359 1687 18451 1325 2201 8682 802 2546 10322 1102 8233 1066 145 92125 9170 616 2278 6488 1890 5372 694 23956 9212 1671 10005 8103 4741 3763 9506 16903 5401 6203 294 9476 3972 960 1064 2318 12600 6874 8081 14449 9814 20397 23173 5423 77 3833 9088 18461 2330 5873 7419 12322 366 1739 6811 3070 7164 1386 1172 997
internal_value=-0.000112653 0.0203775 -0.0242479 0.00827408 0.0306501 -0.0132882 0.0353806 0.0153009 -0.00660736 0.0176483 -0.00211298 0.0202018 0.0399952 -0.034347 0.0228252 0.000296626 -0.0125255 -0.0169062 0.0291781 0.0055821 0.021999 -0.0238862 0.00273647 0.0248834 0.00707245 0.00440195 -0.0306566 0.0352528 -0.0211139 -0.0273222 -0.00500304 -0.00503011 0.0179803 -0.0196522 -0.0129932 0.00767773 0.0370425 0.0090566 0.019049 0.0196694 0.010912 0.0273807 0.0193437 0.0378478 0.044384 0.0104498 -0.0165653 -0.00348209 0.0150573 -0.025696 -0.00914129 0.00685992 -0.0189593 0.0295475 0.0387079 0.00378818 0.0380474 0.00171894 -0.00896245 0.0391743 0.0135512 -0.000424598
internal_weight=96083.3 51965.8 44117.5 23857.7 28108.1 21158.4 20608.3 14230.4 12978.6 7499.71 9627.34 9459.31 14313.4 22959.1 5391.76 5990.77 6987.8 4415.29 2964.52 4771.1 8701.12 8179.84 6659.76 6294.92 4524 2107.95 10645.7 6883.99 3273.17 5863.92 2572.52 3479.81 4983.9 4526.37 2967.58 2510.96 5954.59 2403.78 4735.33 4659.94 2218.31 3717.22 2879.72 5764.95 7429.43 3425.59 75.3845 2655.37 2427.24 5211.15 2292.17 4004.4 2930.32 3415.2 5502.69 2700.56 1723.55 2320.12 2065.39 5411.94 699.137 758.187
internal_count=515283 226207 289076 110080 116127 122487 83915 61722 70604 32212 48358 39597 57907 166589 22422 30830 39774 25691 12232 22125 36054 51883 31960 26008 20800 9790 74464 27778 19203 40105 14083 18855 20911 27927 16398 11975 24015 11359 19845 19474 10399 15143 12015 23213 30129 15428 371 13045 10190 35364 12652 18915 16925 13993 22149 13042 6956 11303 11136 21783 3062 3543
cat_boundaries=0 1 2 3
cat_threshold=21928 10256 440
is_linear=0
shrinkage=0.035


Tree=19
num_leaves=63
num_cat=1
split_feature=24 4 50 21 2 0 2 2 7 38 13 24 45 0 40 13 14 13 13 45 26 38 2 14 14 47 7 43 14 16 13 27 45 51 26 22 17 14 44 47 22 26 22 22 44 18 26 40 14 45 7 18 22 47 22 3 2 26 12 18 41 22
split_gain=36454.1 4933.28 3905.24 1724.65 1170.31 1094.45 587.501 524.773 429.426 418.328 315.523 221.353 219.274 206.535 185.705 174.632 172.226 179.448 156.928 156.339 154.148 149.341 148.059 132.746 124.409 122.187 118.283 117.863 117.459 116.073 100.023 97.8836 95.4802 95.2036 92.1577 91.3433 111.235 88.0323 78.8777 77.1346 76.0128 73.5753 73.3191 73.2678 70.4655 69.5123 69.2562 69.2007 68.5165 67.6003 66.3215 64.4389 64.4212 69.3996 61.9707 72.2001 64.0663 60.6637 60.6209 60.5739 59.8777 58.6511
threshold=1.5000000000000002 5.8050000000000006 0.13416407864995789 2.7100000000000004 25.010000000000005 193.53000000000006 371.61000000000007 677.30000000000018 0.95833333333333337 1.0000000180025095e-35 0.68857758620689669 9.5000000000000018 1.3660287081339715 39.685000000000009 1.655 0.9110671936758894 18.000000000000004 0.67261904761904778 0.56832298136645976 1.5131578947368423 21.500000000000004 1.0000000180025095e-35 208.28999999999999 19.500000000000004 18.000000000000004 5383.3500000000013 0.84523809523809534 3.5000000000000004 18.000000000000004 0 0.36181818181818187 2.1950000000000007 2.683333333333334 35.035409805092876 21.500000000000004 52.500000000000007 8137.4400000000014 18.000000000000004 343.40000000000009 6273 2.5000000000000004 177.00000000000003 38.500000000000007 11.500000000000002 343.40000000000009 1064.6978030303032 21.500000000000004 18646.260000000006 18.000000000000004 2.0954545454545461 0.86607142857142871 4165.1175000000012 1.5000000000000002 481.89000000000004 1.5000000000000002 10.500000000000002 356.40000000000009 100.50000000000001 21.660000000000007 147.03458333333336 3889.8899999999999 1.0000000180025095e-35
decision_type=8 10 8 10 10 8 10 10 10 8 10 10 10 10 10 10 2 10 10 10 2 8 10 2 2 8 10 2 2 9 10 10 10 8 2 2 10 2 10 8 2 2 2 2 10 10 2 10 2 10 10 10 2 8 2 2 8 2 10 10 8 2
left_child=1 5 11 6 21 8 13 12 30 14 24 26 29 -3 -6 48 -10 60 39 28 -15 50 57 -12 -7 27 -2 -22 -8 37 -1 -28 -24 -19 -25 36 43 -5 46 -11 -41 -33 -17 -30 -21 -31 -26 -44 -9 -23 -4 -34 59 -54 55 -36 -56 -16 -32 -48 -18 -20
right_child=2 3 4 7 9 10 19 15 16 18 23 -13 -14 20 22 42 17 33 61 44 25 49 32 34 38 -27 31 -29 35 45 58 41 51 -35 54 -37 -38 -39 -40 40 -42 -43 47 -45 -46 -47 52 -49 -50 -51 -52 -53 53 -55 56 -57 -58 -59 -60 -61 -62 -63
leaf_value=-0.024336700180936349 -0.03382644387344487 -0.0012162411905010512 -0.029575949842025925 0.015769725895971181 -0.03760133676133081 -0.014919807330875477 0.014028086195164984 0.01852058998400306 -0.016801735372813736 -0.0071573297879752237 0.0037577548514385333 -0.037184576315069849 0.016704606394558091 -0.0055968551753813401 -0.0076538024645625069 0.039999921464665043 -0.0083929602063723425 0.016979102712097974 -0.023540521385380528 0.020041717230988475 0.0038396324497233089 -0.010049271569083564 0.0013280959847548309 0.002597922388167237 -0.011592514572446451 0.024378826392857149 -0.037674522572459831 0.017592973670101791 0.020774767838106459 0.015054824030029711 -0.017136303045718764 -0.019172770732954085 -0.0065029211496988445 0.002600976176066111 0.023246215547113955 0.039137129997754407 0.00068626470774704393 0.037046893817536015 -0.0015592565127140598 -0.020766003044039593 0.0077679991608654809 -0.028428174264696779 0.047758519139732045 0.031777014762794063 0.0028325583686561197 0.028444630837084511 0.010831648874760146 0.0076143838198825409 0.035154640908113134 -0.021165777148740701 -0.021875680932182399 -0.022514910375650538 0.0056067604049280708 0.016317800424482786 0.017765807644964909 -0.030125331125484253 0.026266667989730656 -0.018200649931182308 -0.0057920217842992493 -0.027142550561654728 0.002175566153552536 0.0090744977665640769
leaf_weight=733.48587270081043 5369.7737924903631 1335.1770861297846 3253.1405949890614 257.54783017933369 330.30628669261932 293.98411484062672 636.36194774508476 348.14550590515137 504.40422876179218 2490.9164926558733 602.08648771047592 11999.871945500374 1554.4438366442919 438.68558189272881 895.00755366683006 3837.011217340827 940.41118438541889 1529.9971202909946 68.793623089790344 1117.4154433012009 1250.9030645787716 1189.4543668627739 1482.3997235745192 308.26423943042755 163.15461464226246 1487.6183453798294 791.16582962870598 1959.9617834091187 1021.0994263440371 599.44391973316669 877.37213830649853 1935.2142236381769 1044.2356310039759 893.95232121646404 64.174710512161255 1067.1793592423201 180.10814191401005 3551.0844492614269 782.83339171111584 129.81533813476562 909.88047374784946 2336.4947679340839 3354.3050689250231 2792.7837901711464 394.69743198156357 2358.6177510768175 106.58067740499973 53.862361773848534 2564.3756400197744 1543.4496403038502 2400.748499751091 436.44057911634445 1100.9575461745262 2274.7776677012444 1773.9557410627604 58.306607946753502 2846.1577091962099 2658.9766866564751 1687.230231821537 97.773496106266975 2170.5990190654993 2153.2390574067831
leaf_count=4404 39322 6544 22150 1080 2258 1549 2760 1459 2628 13239 2667 92125 6614 2130 4962 15609 4738 6703 433 4718 5593 7079 7439 1322 760 6182 5782 8360 4125 2446 4855 13049 5930 4021 279 4290 742 14320 3623 724 4716 16311 13699 11215 1681 9532 505 219 10358 9853 15223 2495 5105 10215 7497 284 11547 15877 8757 466 10606 10109
internal_value=-0.00011362 0.0196627 -0.023785 0.0281257 -0.0129319 0.00592274 0.0187042 0.0351002 -0.00278965 -0.00618802 0.01369 -0.0339376 0.0285758 0.011047 -0.0120327 0.0404415 0.00275716 0.00454229 0.000769842 0.0255759 0.0142338 -0.0230617 -0.0107313 0.0192993 0.00710884 0.0160862 -0.0301996 0.0122377 0.0282323 0.0313 -0.0129446 -0.026347 -0.00495126 0.0116797 0.0211508 0.0300151 0.0275686 0.0355194 0.00854265 -0.00381589 0.00418874 -0.0242407 0.0433583 0.0288376 0.0155546 0.0256505 0.0106551 0.0471265 0.0331733 -0.0163329 -0.0263107 -0.0112346 0.011672 0.0128272 0.0223559 -0.00219925 0.0230072 -0.0155475 -0.00967816 -0.00738085 -0.00102081 0.00805461
internal_weight=95390.6 51971.3 43419.3 32160.8 20986.8 19810.5 13682 18478.8 9337.45 12600 10473 22432.5 8321.14 6472.35 6847.37 10157.7 6039.36 5534.96 5752.64 7209.65 5137.17 8386.79 6517.06 5652.95 4820.06 4698.48 10432.6 3210.86 5697.53 6766.69 3298.09 5062.87 2963.08 2423.95 5050.86 5061.17 3993.99 3808.63 4526.08 3530.61 1039.7 4271.71 7245.18 3813.88 1512.11 2958.06 3743.24 3408.17 2912.52 2732.9 5653.89 1480.68 3580.09 3375.74 4742.59 122.481 4620.11 3553.98 2564.6 204.354 3111.01 2222.03
internal_count=515283 226207 289076 133676 122487 92531 58340 75336 46712 68182 45819 166589 33992 28809 38961 41344 28696 26068 29221 29531 22265 54305 36703 23596 22223 20135 74464 13953 23132 27378 18016 35142 15864 10724 20929 20372 16082 15400 20674 18679 5440 29360 29527 15340 6399 11978 17051 13918 11817 16932 37373 8425 16291 15320 19607 563 19044 20839 13612 971 15344 10542
cat_boundaries=0 1
cat_threshold=1448
is_linear=0
shrinkage=0.035


Tree=20
num_leaves=63
num_cat=2
split_feature=24 2 50 13 34 7 13 2 20 38 45 24 39 47 26 42 40 2 2 42 16 24 48 2 2 14 1 26 40 14 32 14 39 14 2 44 23 22 24 37 9 40 45 14 14 37 24 22 18 46 3 17 22 47 23 26 14 40 16 14 7 17
split_gain=34264.8 4581.12 3825.39 1509.06 1288.24 1133.17 484.227 474.193 458.706 384.409 328.416 223.199 213.413 212.007 182.08 180.857 178.821 174.754 171.438 160.755 158.187 156.215 151.32 149.258 118.074 110.216 109.093 101.265 99.9724 99.445 98.9856 96.7654 95.1119 92.1948 88.5943 87.9861 84.875 84.713 82.8047 82.3083 81.1446 80.938 79.5732 77.9517 73.425 72.5031 70.7401 69.5422 112.641 69.2557 68.0536 72.5625 67.5442 67.1798 65.7405 65.4726 61.0227 59.4448 59.0292 58.81 58.5662 58.4242
threshold=1.5000000000000002 284.44000000000005 0.13416407864995789 0.83045977011494265 1.5000000000000002 0.95833333333333337 0.77097902097902116 21.770000000000007 5.6016782943313066 1.0000000180025095e-35 1.8062500000000001 9.5000000000000018 72.060000000000016 inf 21.500000000000004 1.5000000000000002 1.0000000180025095e-35 203.80000000000004 115.22000000000003 1.5000000000000002 0 1.0000000180025095e-35 2.5000000000000004 45.470000000000006 2.8750000000000004 18.000000000000004 inf 21.500000000000004 1.0000000180025095e-35 16.500000000000004 4374.6300000000001 18.000000000000004 25.520000000000003 19.500000000000004 115.22000000000003 343.40000000000009 0.68301270189221941 1.0000000180025095e-35 1.0000000180025095e-35 143.14500000000004 249.18500000000003 5780.1300000000001 1.4472222222222224 18.000000000000004 16.500000000000004 41161.68 1.0000000180025095e-35 34.500000000000007 13126.262500000003 33.165000000000013 66.500000000000014 6334.3700000000008 38.500000000000007 726.78000000000009 0.68301270189221941 192.50000000000003 19.500000000000004 3726.2400000000002 1 16.500000000000004 0.59166666666666679 1039.6800000000003
decision_type=8 10 8 10 2 10 10 10 10 8 10 10 10 8 2 2 10 10 10 2 9 10 2 10 10 2 8 2 10 2 8 2 10 2 10 10 2 2 10 10 10 10 8 2 2 8 10 2 10 8 2 10 2 10 2 2 2 10 9 2 10 10
left_child=1 4 11 10 7 19 23 30 22 16 21 24 25 15 -15 61 -7 36 54 45 31 29 57 44 -2 -10 49 -27 -26 -3 -1 -8 -22 -20 53 -12 -11 -19 47 -16 -28 -35 -39 -25 -6 60 -45 50 -49 -24 -14 -52 -31 -33 -18 -30 -44 -5 -29 -23 -4 -9
right_child=2 3 5 8 6 9 20 13 12 17 35 -13 38 14 39 -17 18 37 33 -21 32 59 26 43 28 27 40 58 55 52 -32 34 -34 41 -36 -37 -38 42 -40 -41 -42 -43 56 46 -46 -47 -48 48 -50 -51 51 -53 -54 -55 -56 -57 -58 -59 -60 -61 -62 -63
leaf_value=-0.018771400024202554 -0.033941975846937297 0.0049370843244392944 -0.033403302875675271 0.0039275445197595304 -0.033560099505075498 -0.038486731789527738 0.0048444939171255553 -0.0018176216943313003 0.016958143512702334 -0.0096635201776621577 0.011649243202435947 -0.0368422187219824 0.041322905563112362 -0.0089821949477232373 0.010342649438230302 0.0045392526109222656 -0.019715861173092895 -0.022291001533493976 -0.021899266611621029 -0.015603707456124027 0.0082035569635216746 -0.013609465301659917 -0.003092995182264884 -0.0075132356573393046 -0.039644095892821134 0.011593186914961586 0.03981358737466438 0.039129301485258165 -0.020602142119572075 0.023135385747217258 -0.0067458626668152558 0.023976404971245525 0.022203892227586716 -0.0011119885409386354 0.032732700668822251 -0.0024578022254344045 0.0025515000435163801 0.018691956196360281 0.026715430730923809 0.024761801334989883 0.020344544913751091 -0.017988303360713762 -0.011883225230961037 0.016860592039514111 0.0013985333243601811 -0.013600174872252293 0.0059031934909220349 0.047023680306432995 0.011871534635916971 0.024076355564196301 0.033796692528779003 0.0026008678248705154 0.031442430477121065 0.0011552823984492524 -0.0083990060526199558 -0.02861491958180503 0.0066565265643528755 0.027247328992932349 0.030777358843447681 0.015411563533575709 -0.025087443258928956 -0.014652178190575228
leaf_weight=1687.279315367341 4568.9949766844511 283.41824002563953 1504.9527983218431 537.68346063792706 75.263254001736641 293.57755465805531 255.29181885719299 699.97033269703388 505.62414701282978 2024.7788525521755 2718.5936750471592 11692.924876078963 2766.8001264631748 449.1718735396862 1348.0481374710798 2595.5036434531212 2249.700549826026 119.00026595592499 363.32650196552277 2498.5827881395817 1399.4861191511154 88.182772114872932 120.94699513912201 237.09287522733212 619.42214486002922 237.3859036564827 1066.7302090078592 2737.6333740502596 2455.8653717637062 3228.3224926143885 1669.3117885142565 1793.7745430916548 1034.8591717481613 2703.603745162487 1808.1875486075878 675.89045244455338 1061.6771124899387 628.7128793746233 446.43628381192684 758.95835755765438 352.32133965194225 398.6018972247839 244.63289079070091 2188.4394098073244 2105.66637134552 500.53107538819313 1078.9309682101011 3411.7569598853588 116.26559036970139 2229.8177261948586 606.83957108855247 107.69723260402679 1931.532231926918 173.38511493802071 875.71681548655033 2580.003442928195 1901.0795832127333 177.51339408755302 2858.6932377815247 2248.2815313190222 3450.5062476843596 1145.8608569800854
leaf_count=9652 34359 1276 10491 2349 394 2052 1124 3436 2100 11365 12158 92125 11306 2298 6042 12229 13921 730 2083 15178 5927 452 498 1125 4741 962 4288 11066 16903 13056 8856 7569 4272 14491 7312 3048 5589 2743 1831 3282 1427 2192 1282 9272 10194 3181 4917 14022 473 8993 2475 439 7792 741 5035 18461 9121 762 11543 9542 23033 5707
internal_value=-0.000114521 0.0189793 -0.0233288 0.0280632 0.00708931 -0.0125837 0.0148191 -0.001982 0.0342574 -0.00616197 0.0179279 -0.0335343 0.0374202 0.00320571 0.0112339 -0.00141635 -0.0118 0.000329924 -0.0106057 -0.0229672 0.0213709 0.0218913 0.0245231 0.00736641 -0.0297481 0.0326842 0.0273233 0.0340441 -0.0263544 0.0251419 -0.0127946 0.0256566 0.014104 -0.00524274 0.0271303 0.00884043 -0.00546234 0.00650836 0.0414421 0.0155458 0.0349976 -0.00328552 0.00775121 0.0118391 0.000177293 -0.0263358 0.0132452 0.0423761 0.0458689 0.0226778 0.0388243 0.029105 0.0262505 0.0219666 -0.0165487 -0.0247122 0.00453826 0.00974553 0.0349941 0.0143109 -0.0276192 -0.00978872
internal_weight=94695 51958.8 42736.2 29454.4 22504.5 20819 12150.4 10354.1 18280.1 12864.4 11174.2 21917.2 13795.1 6997.51 2556.18 4441.33 6884.53 5979.88 6590.95 7954.57 6464.98 7779.74 4485.01 5685.39 10224.3 6339.34 3769.82 5833.71 5655.29 5443.27 3356.59 4030.64 2434.35 3465.53 3775.35 3394.48 3086.46 2893.43 7455.8 2107.01 1419.05 3102.21 2774.43 3504.46 2180.93 5455.99 3267.37 7009.36 3528.02 2350.76 3481.34 714.537 5159.85 1967.16 3125.42 5035.87 2145.71 715.197 5596.33 2336.46 4955.46 1845.83
internal_count=515283 226207 289076 121858 104349 122487 52847 51502 74534 70604 47324 166589 56217 32994 11622 21372 39774 30830 37722 51883 26945 32118 18317 25902 74464 25671 15206 23571 40105 22124 18508 16746 10199 18766 15622 15206 16954 13876 30546 9324 5715 16683 13146 15314 10588 36705 14189 28715 14495 9491 14220 2914 20848 8310 18956 35364 10403 3111 22609 9994 33524 9143
cat_boundaries=0 1 2
cat_threshold=1464 1408
is_linear=0
shrinkage=0.035


Tree=21
num_leaves=63
num_cat=3
split_feature=5 4 50 21 13 7 0 13 47 0 14 23 24 4 22 13 7 14 7 14 19 14 7 48 45 22 7 22 17 16 27 16 1 26 4 13 26 22 45 16 22 18 3 26 38 26 0 26 23 47 18 44 0 14 22 7 28 14 18 5 14 46
split_gain=32246.6 5795.98 2481.16 1602.75 1167.3 765.119 532.444 504.81 458.052 388.843 242.197 228.164 219.315 206.41 194.57 185.325 159.104 156.302 153.465 148.244 161.66 142.203 139.257 134.063 123.264 120.529 113.82 107.427 113.796 105.304 95.8644 94.6044 92.4226 91.1875 90.9111 88.9642 87.861 92.8979 87.2114 86.0372 80.6068 91.5621 79.2411 73.9082 73.2255 71.0259 69.5637 69.3273 67.1555 66.7213 65.1048 64.9972 85.7083 62.816 61.0431 60.7483 60.0018 59.9389 59.5439 58.9838 57.6761 57.1423
threshold=0.95999999999999996 4.830000000000001 1.0000000180025095e-35 2.7100000000000004 0.56385869565217395 0.95833333333333337 144.87666666666669 0.91485507246376818 318.16000000000008 234.89000000000001 16.500000000000004 0.68301270189221941 9.5000000000000018 51.490000000000009 1.0000000180025095e-35 0.6198686371100165 0.76388888888888895 16.500000000000004 0.95833333333333337 16.500000000000004 425.34000000000009 16.500000000000004 0.95833333333333337 10.500000000000002 1.6770833333333337 1.0000000180025095e-35 0.84523809523809534 52.500000000000007 8137.4400000000014 0 2.1950000000000007 1 4641.8750000000009 21.500000000000004 34.605000000000011 0.83666666666666678 81.500000000000014 8.5000000000000018 3.0555555555555558 2 34.500000000000007 13126.262500000003 16.500000000000004 21.500000000000004 3.2450000000000006 100.50000000000001 341.29166666666669 177.00000000000003 0.68301270189221941 3685.1400000000008 5516.9325000000017 302.45000000000005 358.17333333333346 18.000000000000004 15.500000000000002 0.59166666666666679 1.1000000000000003 18.000000000000004 16040.242500000002 144.97500000000005 18.000000000000004 407.42000000000002
decision_type=10 10 8 10 10 10 10 10 8 10 2 2 10 10 2 10 10 2 10 2 10 2 10 2 10 2 10 2 10 9 10 9 8 2 10 10 2 2 10 9 2 10 2 2 10 2 10 2 2 8 10 10 10 2 2 10 8 2 10 10 2 10
left_child=2 4 12 6 8 38 18 17 16 19 59 14 26 31 -7 56 -2 -5 55 -6 22 -11 -21 46 34 42 -1 28 32 -27 -28 60 43 -20 -19 -31 37 -10 -4 -24 -15 -42 -23 -17 61 54 -16 -32 -39 -35 -48 52 -38 -18 -13 -3 -12 -54 -29 -8 -9 -45
right_child=1 3 5 7 9 11 10 13 36 21 15 45 -14 40 23 27 53 24 33 20 -22 25 39 -25 -26 29 30 58 -30 35 47 -33 -34 49 -36 -37 51 48 -40 -41 41 -43 -44 44 -46 -47 50 -49 -50 -51 -52 -53 57 -55 -56 -57 -58 -59 -60 -61 -62 -63
leaf_value=-0.033035398658046534 -0.024404143542889049 -0.016015884410479783 -0.020081525638758733 0.0037611427852111546 -0.023440353120442518 -0.034859945221982769 -0.002002891442617412 0.018074643801223415 -0.0024368748701111124 -0.010487900164744417 -0.0011751761514717301 -0.004157626584451758 -0.036507010639097955 0.037019472243736751 -0.016279161309453189 -0.0082559838973568916 -0.025444998898131843 0.023225919278587095 -0.0072883125086482363 -0.0038566504072682626 -0.011903601060693903 0.021458328233633923 0.013717793829299966 -0.0011464094023144011 0.014205336956975801 -0.0018659664732729856 -0.037036576940624476 0.03498112624224211 -0.0010841588289158934 0.014659095381460185 -0.018355856014637635 0.018193753831013793 0.032940966075607175 0.0093716159942974723 0.032210589687846028 0.022911594673719293 -0.0054535994015999685 -0.010247572606488875 -0.028092726429072051 0.0018110699511204539 0.045620159948379833 0.012775343533561976 -0.032551354339469429 0.011363711599945935 0.027520361669719537 -0.013246703318846984 -0.0037400455300741877 -0.027559595767036076 0.017747009586240824 0.02162039730387505 -0.022388598608330066 -0.011485877435957307 -0.016900839710153659 -0.0084469540074919684 0.0071365337206767401 0.0012504617814634994 0.016062490787131845 0.0088644791487413263 0.0054113482011490443 0.022473642861423365 0.034664206339282244 0.022886783813884329
leaf_weight=5069.6964257955551 1187.0887947231531 314.25656472146511 3404.2959511876106 394.62242648005486 247.01950944960117 429.23290537297726 629.71857073903084 277.7994569092989 625.74803175032139 256.45654326677322 288.78578363358974 1043.5815288722515 11392.60405536741 3350.2029728889465 3205.5624682307243 97.029711857438087 287.41997757554054 2440.9599892795086 277.68842242658138 1180.7941236943007 664.40655227005482 48.504843071103096 2404.9762699604034 1437.348127707839 875.31848312914371 365.57848998904228 747.39911643415689 1579.8510649055243 225.28650070726871 4541.3719031959772 1853.8206709474325 661.17027713358402 1187.2145172953606 1477.2284468859434 3223.1682119220495 2480.4039712101221 1384.0690556019545 117.64583772420883 3290.0785374492407 1094.1197861135006 3476.8235233128071 108.13932058215141 101.23372793197632 897.94380396604538 1945.4461746960878 430.82690820097923 1242.3215920031071 2211.696614831686 930.61851134896278 864.93965530395508 280.4178563952446 650.89322307705879 119.72687329351902 3531.8398427814245 1335.1856873184443 1198.2339270114899 1718.3454464226961 1327.9390161186457 88.492467567324638 148.13936354219913 4044.1862240284681 1288.3490761816502
leaf_count=38857 7480 1623 21781 1728 1338 2970 2919 1148 3176 1271 1259 5591 92125 13763 18909 404 1660 9922 1443 6041 3230 243 10906 7990 3782 1592 5744 6384 926 19538 12858 2691 4778 6594 13035 10149 7374 591 22686 5072 14400 440 566 3668 7848 2327 6555 16062 4612 3659 1542 3261 644 19322 6983 5760 7270 6254 360 629 16361 5189
internal_value=-0.000114897 0.0165389 -0.0253476 0.0259862 0.00326712 -0.0149793 0.0171157 0.032679 -0.00567551 0.0100571 0.0214476 -0.00854025 -0.0331922 0.0370495 -0.0120981 0.023014 -0.0132156 0.0251628 0.00653095 0.00301327 0.00424014 0.0151095 0.00653413 -0.0105081 0.0264535 0.0159817 -0.0293676 0.0256014 0.0232845 0.0166123 -0.0254982 0.0315985 0.0242982 0.0116543 0.0283434 0.0175521 0.00164593 0.00823296 -0.0240224 0.0100407 0.0409611 0.0446332 -0.0150297 0.0218645 0.0225737 -0.000187693 -0.0133531 -0.0233684 0.0145984 0.0139023 -0.00718668 -0.00152175 0.000771818 -0.00973247 0.00218204 -0.00234525 0.013583 0.0067234 0.0334169 0.00268142 0.0335248 0.0181614
internal_weight=94001.3 56627.2 37374.1 33079.3 23547.9 16098.9 14226.9 18852.4 10163 13384.9 10094.6 9404.48 21275.2 11918.3 6594.88 9316.74 5006.35 6934.07 4132.35 5591.32 5344.3 7793.55 4679.89 6165.65 6539.45 7537.09 9882.61 7309.61 5641.27 7387.35 4812.92 4983.16 5415.98 2619.86 5664.13 7021.78 5156.64 1674.01 6694.37 3499.1 6935.17 3584.96 149.739 4228.77 4131.74 2809.59 4728.3 4065.52 1048.26 2342.17 1522.74 3482.63 2831.73 3819.26 2378.77 1512.49 2007.13 1447.67 1668.34 777.858 4321.99 2186.29
internal_count=515283 252303 262980 137983 114320 97334 60713 77270 54374 59946 41634 52867 165646 48803 37966 38086 28462 28467 19079 26587 25249 33359 22019 34996 26739 32088 73521 29557 22813 31279 34664 20200 21887 11696 22957 29687 25912 8379 44467 15978 28603 14840 809 17109 16705 14901 27006 28920 5203 10253 8097 17533 14272 20982 12574 7383 8529 6898 6744 3548 17509 8857
cat_boundaries=0 1 2 3
cat_threshold=2129 21928 416
is_linear=0
shrinkage=0.035


Tree=22
num_leaves=63
num_cat=0
split_feature=5 4 50 0 13 7 21 34 47 2 13 48 24 23 22 45 46 42 42 14 2 14 47 26 22 2 47 42 4 40 45 14 48 22 42 2 14 2 44 4 2 41 2 1 14 19 14 7 14 44 42 14 26 37 22 14 18 26 17 13 22 26
split_gain=30371.9 5408.97 2442.72 1514.64 1086.3 735.154 526.99 512.852 430.667 386.085 239.687 227.056 221.16 215.045 188.453 176.305 171.829 169.679 150.789 146.862 135.551 134.911 165.78 128.579 119.964 113.99 112.032 145.56 106.692 98.2166 98.114 97.5723 95.4805 94.9652 92.8515 83.0634 82.4347 81.3581 78.6269 76.6211 75.9498 74.7811 74.1469 72.7814 70.1747 69.6254 68.0828 65.916 64.6657 64.5329 63.7281 61.8191 61.363 60.2714 59.1901 58.7597 58.3877 55.3864 54.0883 54.0852 53.9706 53.2683
threshold=0.95999999999999996 4.830000000000001 1.0000000180025095e-35 382.7000000000001 0.56385869565217395 0.95833333333333337 7.2250000000000005 1.5000000000000002 318.16000000000008 356.40000000000009 0.91485507246376818 2.5000000000000004 9.5000000000000018 0.68301270189221941 1.0000000180025095e-35 1.2247474747474751 4.830000000000001 1.5000000000000002 4.5000000000000009 19.500000000000004 144.76500000000001 16.500000000000004 4314.0500000000011 100.50000000000001 1.0000000180025095e-35 2.8750000000000004 4722.7500000000009 3.5000000000000004 104.44500000000001 1.0000000180025095e-35 3.4142857142857146 19.500000000000004 2.5000000000000004 39.500000000000007 1.5000000000000002 7.6850000000000014 18.000000000000004 18.090000000000007 205.29000000000005 335.26000000000005 60.820000000000014 3486.8700000000003 194.67000000000004 10884.500000000002 20.500000000000004 745.74750000000006 16.500000000000004 0.76388888888888895 19.500000000000004 66.245000000000019 2.5000000000000004 16.500000000000004 192.50000000000003 41161.68 9.5000000000000018 18.000000000000004 11029.170208333335 284.50000000000006 2482.6800000000007 0.83666666666666678 8.5000000000000018 21.500000000000004
decision_type=10 10 8 10 10 10 10 2 8 10 10 2 10 2 2 10 8 2 2 2 10 2 8 2 2 10 8 2 10 10 10 2 2 2 2 10 2 8 10 10 10 8 10 8 2 10 2 10 2 8 2 2 2 8 2 2 10 2 10 10 2 2
left_child=2 4 12 7 8 34 19 16 17 11 33 46 25 14 -7 40 -3 47 23 -5 49 -18 50 -13 -11 -1 27 -21 32 -27 48 -26 44 51 53 -25 -10 -38 43 -28 -9 -17 -15 -39 -12 -37 -6 -2 -22 -16 -23 -8 -31 -4 58 -19 59 -50 -30 -33 -24 -53
right_child=1 3 5 6 9 13 10 15 36 24 28 18 -14 42 20 41 21 55 -20 26 30 22 60 35 31 29 39 -29 54 52 -32 56 -34 -35 -36 45 37 38 -40 -41 -42 -43 -44 -45 -46 -47 -48 -49 57 -51 -52 61 -54 -55 -56 -57 -58 -59 -60 -61 -62 -63
leaf_value=-0.033176135133180774 -0.027899220316293848 -0.0069795595052230585 -0.027299276093936922 0.011325473429060619 -0.022501781496892272 -0.034424917754482809 0.0039558005494691323 0.016406158202178705 -0.01887651434143044 -0.020443148328843322 0.016758619303252311 0.012696753044239607 -0.036178330421344912 -0.0048020500118774196 -0.011065136893121936 0.0083504501327781085 -0.0073986281634375413 -0.025045298967605611 0.017943570715780739 0.015199597968092976 -0.014303438249998026 0.0020485438691941658 0.0074049598211346343 -0.0098448886585820999 0.004420885456686674 -0.039071345720731135 0.033650180793168276 0.028612798530000472 0.033677056884216704 -0.019790410699492045 -0.01436968406455966 0.01760901012690368 0.036717267960089693 0.034840870015701374 -0.016893477525201091 0.0056236502997734517 -0.0074291086434426605 0.0052484716548529906 -0.003593138664018408 0.017648024777194755 0.028866991839049429 0.019286765054952613 0.0068115215043232759 0.020843690832926334 0.044204890084119097 -0.010325729865890376 -0.0038503760674444046 -0.015490756683259142 -0.0018984795698116122 -0.021084733456745518 0.015245454624066188 0.0023872139527593645 -0.027742825711588821 -0.012566911441513257 0.043501727431655257 -0.0051157194691556392 -0.0019012710713902346 0.011814610942876475 -0.0066417951053471761 0.025857526105656232 0.024596568527898145 0.026586427404543585
leaf_weight=4310.4561060518026 783.90056468546391 917.24387843906879 4364.1737119555473 1041.0800149142742 318.84110181033611 419.6271840557456 177.69432830810547 749.75103555619717 229.40300334990025 100.35645823180676 545.02293701469898 1809.8968097418547 11098.947990834713 1691.7327699512243 2009.435136988759 1183.8191723078489 492.03489919006824 195.2259329855442 1367.0437330007553 2039.695075571537 330.73964561522007 1512.3771920055151 278.05760169029236 665.56330147385597 569.81715692579746 584.9954034537077 2238.0421910434961 1935.8746039420366 272.87548276782036 2347.6493494808674 865.07971015572548 2736.3666517138481 4041.6684057414532 1584.532515257597 1858.0609660744667 2827.2093174010515 832.11115442216396 2603.1965087801218 1068.1946311891079 442.67685085535049 3080.9547610282898 2181.3946049660444 1117.3716206103563 425.95000794529915 144.34849905967712 379.45149178802967 959.68978528678417 1602.1648725271225 1086.8206114321947 1299.5076770484447 636.30855706334114 117.46060706675053 2442.7089579552412 371.63170716166496 3963.6289750784636 2388.7489504218102 146.38837926089764 538.94297890365124 47.535888776183128 1525.5011088103056 1166.6652667969465 2246.744825899601
leaf_count=33947 5151 4500 30545 4445 1716 2970 766 3098 1263 561 2218 8348 92125 9320 12093 5090 2500 1127 5810 8368 1797 6928 1172 3527 2560 4723 9036 7819 1129 16654 5116 11429 16542 6450 11521 12896 4800 12717 5186 1794 12457 9133 5581 1946 592 1758 4591 9189 5453 7865 2757 477 18197 2401 16565 12995 611 2672 195 6139 4839 9113
internal_value=-0.000115285 0.015976 -0.0248939 0.0251101 0.00315339 -0.0145911 0.030844 0.0153132 -0.00549711 0.00968913 0.0351052 0.0050498 -0.0328007 -0.00828329 -0.0117572 0.0212964 0.00670436 -0.0128489 0.00751107 0.0235652 -0.0102002 0.00977756 0.0121309 0.00499843 0.0172943 -0.0289269 0.0254775 0.0217366 0.0383072 -0.0255139 -0.00456188 0.018059 0.0346598 0.0281023 -0.0235418 0.00139785 0.00158668 0.00254261 0.00456904 0.0310153 0.0264331 0.0154432 -0.000181764 0.00744758 0.0225613 0.00373369 -0.00851563 -0.0195773 -0.000220182 -0.0150053 0.00596193 0.0238897 -0.0238505 -0.0261461 0.0423261 -0.00663056 0.0198205 0.0026519 0.0276933 0.0205669 0.0212952 0.0253857
internal_weight=93310.4 56572.5 36737.9 33037.5 23535 15953.1 20838.9 12198.6 10128.9 13406.1 13141.5 8327.7 20784.8 9359.26 6550.15 7195.92 5002.69 4970.04 7049.16 7697.37 6130.53 4085.44 3593.41 5682.12 5078.43 9685.81 6656.29 3975.57 9015.08 5375.35 2821.58 4978.07 4731.04 4126.43 6593.87 3872.22 5158.86 4929.45 4097.34 2680.72 3830.71 3365.21 2809.1 3029.15 689.371 3206.66 1278.53 2386.07 1956.5 3308.94 2148.69 2541.9 4790.36 4735.81 4284.04 2583.97 4408.26 1625.76 320.411 4261.87 1444.72 2364.21
internal_count=515283 252303 262980 137983 114320 97334 85509 52474 54374 59946 54047 38646 165646 52867 37966 29778 22696 28462 32339 31462 34996 18196 15696 26529 21300 73521 27017 16187 37241 39574 15038 20739 19352 16806 44467 18181 25912 24649 19849 10830 15555 14223 14901 14663 2810 14654 6307 14340 9922 19958 9685 10356 34851 32946 17889 14122 18179 8125 1324 17568 6011 9590
is_linear=0
shrinkage=0.035


Tree=23
num_leaves=63
num_cat=3
split_feature=5 4 50 21 13 7 2 2 47 2 24 40 2 7 45 42 48 29 45 14 45 22 22 18 7 42 16 2 27 13 42 42 23 16 14 22 7 16 14 48 2 22 14 3 14 22 29 7 3 44 29 32 40 44 18 32 14 18 32 14 18 19
split_gain=28610.1 5051.84 2403.13 1381.95 1085.26 705.93 479.871 460.926 403.903 375.258 222.999 208.152 184.932 179.957 178.603 172.776 170.722 167.676 153.628 153.435 139.174 121.247 114.366 130.312 114.075 110.543 104.299 102.255 95.5359 91.7198 90.813 87.6748 85.2348 82.4223 80.4102 80.498 79.853 78.9638 77.8789 77.3909 101.195 95.3779 75.0702 75.0213 72.6396 67.6814 67.2246 66.0711 65.1021 64.2564 64.2338 62.7517 62.4527 61.6152 60.8675 61.7631 60.2695 59.475 60.4828 57.4154 57.3258 56.8442
threshold=0.95999999999999996 5.8050000000000006 1.0000000180025095e-35 2.5350000000000006 0.56385869565217395 0.95833333333333337 677.30000000000018 462.96000000000004 318.16000000000008 141.18500000000003 9.5000000000000018 1.0000000180025095e-35 115.22000000000003 0.95833333333333337 1.3660287081339715 1.5000000000000002 2.5000000000000004 344.00000000000006 1.0784615384615386 16.500000000000004 2.5634920634920637 1.0000000180025095e-35 39.500000000000007 5516.9325000000017 0.84523809523809534 4.5000000000000009 0 690.5200000000001 2.1950000000000007 0.6198686371100165 1.5000000000000002 1.5000000000000002 0.68301270189221941 1 19.500000000000004 11.500000000000002 0.95833333333333337 2 18.000000000000004 4.5000000000000009 97.695000000000022 8.5000000000000018 16.500000000000004 16.500000000000004 19.500000000000004 38.500000000000007 192.00000000000003 0.61250000000000016 235.50000000000003 378.12000000000006 358.00000000000006 47.75500000000001 18646.260000000006 66.245000000000019 1064.6978030303032 2.3700000000000006 18.000000000000004 13126.262500000003 12075.480000000001 18.000000000000004 11029.170208333335 1683.1125
decision_type=10 10 8 10 10 10 10 10 8 10 10 10 10 10 10 2 2 2 10 2 10 2 2 10 10 2 9 10 10 10 2 2 2 9 2 2 10 9 2 2 8 2 2 2 2 2 2 10 2 10 2 10 10 8 10 10 2 10 8 2 10 10
left_child=2 4 10 7 8 30 14 13 15 16 24 -7 32 31 26 47 -6 29 45 -11 44 43 23 34 -1 36 42 37 -26 -15 -4 -3 53 -31 -9 -36 -18 61 -10 41 -41 -40 -5 -21 -14 -8 -30 -2 -37 -42 -43 -46 -47 -13 -28 -56 -20 58 -24 -17 -29 -23
right_child=1 3 5 6 9 11 18 22 38 19 -12 12 20 17 -16 59 25 -19 56 21 -22 27 57 -25 28 -27 54 60 46 33 -32 -33 -34 -35 35 48 -38 -39 39 40 49 50 -44 -45 51 52 -48 -49 -50 -51 -52 -53 -54 -55 55 -57 -58 -59 -60 -61 -62 -63
leaf_value=-0.032254760657419057 -0.031166411697855567 -0.0077806578369591095 -0.025673322784796032 0.0051990864648534972 -0.010711144926325886 -0.037653981405616238 0.035672883955050777 0.008816087395784664 -0.018212531908958073 -0.0096454433010905814 -0.035855598538848996 -0.011537862005965559 -0.013309478793505337 0.0078054369120428447 0.014087584584237959 -0.024051319688862718 -0.0049933595299338912 -0.0053426055671224534 0.01620269234620126 0.020644532678873614 -0.0091132505632721683 0.019210303915090803 0.019990035125645803 -0.00055538007073153951 -0.036381336257410801 0.016627753348717564 0.012032798018915719 0.022121932765248549 -0.026632192964929899 0.022066734797298235 -0.016468399194517092 0.0079624685703051732 -0.0048818417623283207 0.010435948637228323 0.016001090556570261 0.028047294607815545 0.0060415109020249512 0.0084710743218535962 -0.0022678318509076955 -0.010849176560024614 0.0058692669794686509 0.01711530436825941 0.032145532351766516 -0.034525616141877408 0.011943498246655603 0.043306474178035355 -0.017427056863976147 -0.016250441017607403 -0.026249597062830515 -0.0095524015334408647 -0.0099720395991050176 0.00026051350356568923 0.0050527981867479381 -0.021744420924871263 0.028870248506032613 0.017098663614942375 0.031340764775748778 0.0069465453132244682 0.034495005414794846 -0.004619405913509414 -0.0031941398063151057 -0.0042255579661768759
leaf_weight=4846.8221071660519 448.59912312030792 843.44865868985653 4655.7081668227911 131.61136321723461 922.85214237868786 280.91947899758816 3661.5271555185318 528.05438393354416 230.24174208939075 306.26978252828121 10811.977411523461 1913.6468649506569 289.93372102081776 1453.2720674425364 1582.821472376585 200.64691986143589 1075.9815284460783 537.61164617538452 369.91992780566216 43.580053970217705 2002.2516956031322 2089.2462910413742 463.43820495903492 356.41174314916134 711.02499670535326 918.54129050672054 606.78247222304344 2917.3829083740711 2129.7990797683597 2355.2285562902689 1839.6661211848259 889.11457222700119 1355.0598679929972 1192.610628336668 1158.2710551470518 2216.4470586180687 3161.8867595493793 2461.7613146156073 665.99151632189751 877.34585393965244 1868.904750585556 1043.334033831954 3671.9388038516045 93.467413693666458 982.42797766625881 3190.2872769683599 1805.9818088114262 1950.5801276266575 26.645640626549721 401.21232390403748 118.8633659183979 1318.0605009794235 53.438029587268829 1170.5677931159735 1476.8193493932486 875.87666191160679 2689.2772340327501 133.33868809044361 1537.854327827692 2457.9697469472885 113.59976036846638 134.62220464646816
leaf_count=38857 3048 4174 32946 559 4733 2095 15240 2259 1278 1523 92125 11679 1573 6435 6653 1169 5573 2638 1543 219 11483 8748 1896 1469 5744 3964 2466 11985 16062 9715 11521 4062 7561 4929 4698 8977 14678 10406 3376 4954 8838 5119 14885 538 4688 13430 12858 11516 110 1955 599 6547 219 7241 5993 3555 10959 546 6266 13367 475 566
internal_value=-0.000115596 0.0154358 -0.0244476 0.0245929 0.0034756 -0.0142136 0.0308825 0.0161801 -0.00520006 0.00972899 -0.0324138 -0.00803539 -0.0071101 0.0101435 0.024685 -0.0122431 0.00314547 0.0132226 0.0360703 0.0146328 -0.00218542 0.0155807 0.0230139 0.0197076 -0.0284906 0.005627 0.0271628 0.0161607 -0.0245584 0.015219 -0.0230692 0.000298312 -0.0122033 0.0182527 0.0215452 0.0235182 0.00323927 0.0129151 0.00164364 0.00256593 -0.00076115 0.00829121 0.0311329 -0.0169595 0.00317086 0.0389692 -0.0224138 -0.0190513 0.0273909 0.00314069 0.0143388 0.00525278 0.042678 -0.0154174 0.0218725 0.024497 0.0295162 0.02964 0.0311478 -0.00609443 0.0211724 0.0177107
internal_weight=92618.8 56504.9 36113.8 32002 24502.9 15808.2 18310.3 13691.7 10263.7 14239.2 20305.6 9312.87 9031.95 7271.29 8345.85 5057.8 6079.26 5538.72 9964.45 8159.93 4592.67 7853.66 6420.46 4285.83 9493.63 5156.41 6763.03 7716.61 4646.81 5001.11 6495.37 1732.56 4439.27 3547.84 3929.42 3401.36 4237.87 4685.63 5205.89 4975.65 3147.46 1828.19 3803.55 137.047 2590.42 6905.25 3935.78 2399.18 2243.09 2270.12 1162.2 2300.49 3243.73 3084.21 2959.48 2352.7 3059.2 2134.63 2001.29 2658.62 3030.98 2223.87
internal_count=515283 252303 262980 133676 118627 97334 75502 58174 55219 63408 165646 52867 50772 31953 34111 29100 28948 23717 41391 34460 24291 32937 26221 17513 73521 24215 27458 32180 34664 21079 44467 8236 26481 14644 16044 13785 20251 19720 26119 24841 15747 9094 15444 757 12808 28889 28920 14564 9087 10793 5718 11235 13649 18920 12014 9548 12502 8708 8162 14536 12460 9314
cat_boundaries=0 1 2 3
cat_threshold=1448 132584 1448
is_linear=0
shrinkage=0.035


Tree=24
num_leaves=63
num_cat=2
split_feature=5 4 50 0 2 7 13 45 34 45 26 24 21 32 23 13 22 45 34 14 14 2 14 2 14 14 22 43 23 22 3 4 2 6 45 2 16 32 0 47 16 26 4 18 1 19 26 14 2 29 23 22 48 35 22 18 18 22 27 5 23 5
split_gain=26973.3 5112.17 2002.5 1362.31 1076.31 586.624 486.944 450.028 447.299 274.593 262.268 224.821 206.452 189.663 187.906 167.632 164.885 156.961 141.722 141.258 125.166 120.387 115.612 114.228 112.792 111.021 103.706 102.727 101.584 96.0938 92.811 90.4663 84.0049 81.3475 80.9172 80.5787 76.6745 74.3421 72.9459 71.4858 70.7912 70.5799 69.3034 85.7144 64.4577 64.1641 63.7596 62.4346 61.1422 60.641 98.2238 68.5699 60.3296 60.0233 59.5428 69.4862 58.4708 71.1644 84.0818 63.7554 58.1682 57.1566
threshold=0.48000000000000015 4.830000000000001 1.0000000180025095e-35 382.7000000000001 49.890000000000008 0.95833333333333337 0.83045977011494265 1.4472222222222224 1.5000000000000002 2.5227272727272729 21.500000000000004 9.5000000000000018 14.440000000000003 inf 0.68301270189221941 0.47213622291021679 1.0000000180025095e-35 1.2247474747474751 1.5000000000000002 18.000000000000004 19.500000000000004 144.76500000000001 16.500000000000004 2.8750000000000004 16.500000000000004 16.500000000000004 19.500000000000004 3.5000000000000004 0.68301270189221941 1.0000000180025095e-35 90.500000000000014 50.02000000000001 1511.3700000000001 129.78600000000003 2.683333333333334 523.14000000000021 0 inf 1.6833333333333711 10959.875000000002 1 100.50000000000001 43.225000000000009 11029.170208333335 798.93000000000018 3473.0150000000008 192.50000000000003 19.500000000000004 208.28999999999999 115.50000000000001 0.68301270189221941 1.0000000180025095e-35 11.500000000000002 1.5000000000000002 27.500000000000004 3234.6600000000003 11313.973333333333 30.500000000000004 8031.2400000000016 930.5683333333335 0.68301270189221941 374.97000000000003
decision_type=10 10 8 10 10 10 10 10 2 10 2 10 10 8 2 8 2 10 2 2 2 10 2 10 2 2 2 2 2 2 2 10 10 10 10 10 9 8 10 8 9 2 10 10 8 10 2 2 10 2 2 2 2 2 2 10 10 2 10 10 2 10
left_child=2 4 11 8 9 38 22 19 13 18 33 23 47 27 16 37 -7 36 28 -6 -15 52 -5 -1 -17 -14 30 -3 -2 -25 -24 -27 40 -8 -23 60 -10 -9 -4 -19 -21 48 -28 -44 -22 49 -31 -12 -16 -42 51 -51 -18 -46 55 -37 57 58 -33 -58 -26 -49
right_child=1 3 5 6 7 14 10 15 17 -11 12 -13 25 20 41 24 21 39 -20 32 44 34 26 29 35 31 42 -29 -30 46 -32 56 -34 -35 -36 54 -38 -39 -40 -41 45 -43 43 -45 53 -47 -48 61 -50 50 -52 -53 -54 -55 -56 -57 59 -59 -60 -61 -62 -63
leaf_value=-0.032418937680191988 -0.012237699470039887 -0.011682477123300219 -0.029470692758725516 -0.00018977527581655028 -0.003151328433807376 -0.034111412805044691 0.0035419498486281798 -0.010489169926962191 0.026907616115289145 -0.018637897566728873 0.014615911479445789 -0.035538259132860524 0.017423946231484536 -0.0026126279517638814 -0.0030579604175870368 -0.022246527458202769 -0.017381697033915008 0.01206322246988758 0.0027168260588632804 -0.0020020864241289829 0.011183767728830028 0.00048802442968686897 0.017744772022357719 -0.035851055572872818 0.00060500216788999096 0.031920605524341512 0.019258687131738512 0.0050953556497468086 -0.00052873708556357938 -0.018200613544265925 -0.0089979896812099839 0.03677167299832259 0.026942286039540856 0.026950636597846765 -0.011979753476237429 0.010940116878411458 0.012968659275006136 0.00068251785914360521 -0.020789756819151781 0.025976092038859439 0.021889500004539469 -0.01436423649655943 0.032260689193881434 0.0074019989801918885 -0.00029851895798819426 -0.013889051615603023 -0.026659585676727954 0.029889012325162632 0.0091711238905265429 -0.032898225538118879 0.019917938862782595 0.0097458431935162175 -0.00089765678785228931 0.027668855458473487 0.019139347298829504 -0.0096168419788959791 0.010200968493903192 0.043643640862389699 -0.0068044696681366767 0.04269195240535377 0.0096187138519549346 0.01546739465919655
leaf_weight=4117.4778471514583 2564.0956682413816 859.21182169020176 1656.2420413941145 319.13213774561882 527.89110074937344 392.52654501795769 481.22570799291134 1311.5068142861128 3176.7554751187563 2104.690860658884 431.02456618845463 10531.69452996552 367.73922967910767 639.63249132037163 1246.7785453051329 170.087562546134 2530.9354486465454 2843.1509416699409 2372.6800539046526 315.50327749550343 1849.0030521899462 1409.3236353844404 2062.8133515268564 789.20248930901289 2676.0949465632439 2859.4237204939127 1295.661990493536 929.86673092842102 1404.875373378396 2133.1263394802809 171.64420500397682 2523.3559000045061 720.32183082401752 291.68042242527008 1163.5219002664089 1175.1033807992935 651.78233768045902 1642.9650178104639 4256.9344049990177 538.46275526285172 1428.4981026649475 389.42075601220131 1712.7762090861797 189.38693109154701 110.65782976150513 90.678377002477646 2263.4049443155527 3919.7809232324362 835.69858050346375 46.167044475674629 1703.384971767664 2336.3746101409197 304.83933490514755 622.88218879699707 851.11043553054333 242.2432122528553 171.57004171609879 3348.3843209445477 55.140086442232132 130.21988385915756 1303.6837651282549 371.99158914387226
leaf_count=33943 14850 4299 12226 1417 2501 2907 2051 6996 12901 13511 1765 92125 1496 3132 6963 937 15842 12020 11231 1356 8048 7102 8396 6555 12625 11697 5256 4221 7465 15513 708 10594 2946 1208 6850 5172 2654 8544 29250 2203 5938 2146 6945 772 467 378 17497 15945 4199 264 7115 9745 1863 2529 3684 1080 711 14263 229 549 5981 1507
internal_value=-0.000115624 0.014415 -0.0248501 0.0234741 0.00247831 -0.0148078 0.0289442 0.00766876 0.014206 -0.00768656 0.0322744 -0.0320313 0.0333568 0.00617262 -0.00878897 0.00261945 -0.0122317 0.0197878 -0.00404962 0.0142691 0.0112451 -0.0106378 0.0202831 -0.0280579 0.00579488 0.0363458 0.0214856 -0.00296429 -0.00809432 -0.0245897 0.0156874 0.0371094 0.0156542 0.0123994 -0.00515276 0.00656166 0.0246427 -0.00427853 -0.0232258 0.0142856 0.0142765 -0.000707788 0.0255309 0.0297908 0.014677 0.0151695 -0.0225605 0.0273661 0.00185162 0.0156773 0.0135006 0.00890606 -0.0156106 0.0234552 0.011825 0.00742236 0.039486 0.0402542 0.0358375 0.0243153 0.00355936 0.0286429
internal_weight=91933.4 57912.3 34021.1 32924.4 24988 14186.2 20703 16541.6 12221.4 8446.34 14951.5 19834.9 14178.6 5011.25 8273.04 9372.8 5801.15 7210.15 6341.65 7168.82 3222.18 5408.62 5751.41 9303.21 6418.32 9455.83 5432.28 1789.08 3968.97 5185.73 2234.46 9088.09 6640.93 772.906 2572.85 6248.24 3828.54 2954.47 5913.18 3381.61 5920.61 2471.9 3197.83 1902.16 2582.54 5605.1 4396.53 4722.8 2082.48 5514.42 4085.93 2382.54 2835.77 733.54 2268.46 1417.35 6228.67 5926.88 2578.5 301.79 3979.78 4291.77
internal_count=515283 260302 254981 137983 122319 89348 85509 75262 52474 47057 62015 165633 58756 22696 47872 45019 34564 29778 33546 30243 14176 31657 23494 73508 29479 39539 22077 8520 22315 39565 9104 38043 27742 3259 13952 28542 15555 15540 41476 14223 24796 13308 12973 7717 11044 23440 33010 19217 11162 23062 17124 10009 17705 2996 9936 6252 26346 25086 10823 1260 18606 17452
cat_boundaries=0 1 2
cat_threshold=21920 67601
is_linear=0
shrinkage=0.035


Tree=25
num_leaves=63
num_cat=2
split_feature=5 4 50 2 2 7 34 34 45 42 47 24 14 47 42 40 2 13 13 12 13 14 7 45 14 27 6 23 4 27 26 47 16 14 2 2 7 45 2 49 26 41 44 37 0 22 16 19 0 14 3 28 22 4 37 35 47 51 37 14 18 22
split_gain=25429.3 4779.92 1972.07 1392.21 938.165 563.918 540.428 465.034 363.522 254.109 238.591 226.616 209.094 206.695 186.758 184.399 171.136 160.055 153.544 141.968 133.254 130.353 114.25 98.4479 97.9213 94.7483 89.012 85.325 84.8636 82.904 82.7244 118.404 82.6926 84.5311 79.2466 73.368 73.0638 73.0332 71.5638 67.5783 64.9881 61.9206 60.1373 58.603 58.24 56.8922 56.6874 56.6924 73.7207 55.0554 54.3229 54.2797 52.3732 51.6962 51.0692 50.9955 50.4656 50.3392 71.781 48.4447 47.8324 49.0995
threshold=0.48000000000000015 4.830000000000001 1.0000000180025095e-35 371.61000000000007 49.890000000000008 0.95833333333333337 2.5000000000000004 1.5000000000000002 1.4472222222222224 2.5000000000000004 2673.0000000000005 9.5000000000000018 18.000000000000004 4722.7500000000009 3.5000000000000004 1.0000000180025095e-35 217.52000000000004 0.79655172413793118 0.46862745098039221 40.95333333333334 0.94590643274853814 18.000000000000004 0.84523809523809534 2.5634920634920637 16.500000000000004 2.1950000000000007 330.5560000000001 0.68301270189221941 105.92000000000002 2.1950000000000007 21.500000000000004 4314.0500000000011 0 19.500000000000004 1122.5200000000002 523.14000000000021 0.76388888888888895 4.291666666666667 1681.7400000000005 14.500000000000002 177.00000000000003 3486.8700000000003 384.06000000000006 7362.0000000000009 21.123333333333338 1.0000000180025095e-35 1 1039.9740000000002 810.63000000000011 21.500000000000004 16.500000000000004 1.4650000000000001 54.500000000000007 22.700000000000003 192.60500000000002 2.5000000000000004 3072.3200000000006 174.3179732327271 inf 16.500000000000004 10681.365833333335 4.5000000000000009
decision_type=10 8 8 10 10 10 2 2 10 2 8 10 2 8 2 10 10 10 10 10 10 2 10 10 2 10 10 2 10 10 2 8 9 2 10 10 10 10 10 10 2 8 10 10 10 2 9 10 10 2 2 8 2 10 10 2 8 8 8 2 10 2
left_child=2 4 11 7 9 37 12 19 21 10 36 22 -5 14 51 -7 27 41 39 -3 52 -6 56 -18 -20 -24 60 -17 59 50 -21 -32 33 -19 46 42 -2 44 -28 -10 -27 -9 -26 -25 -4 -37 47 -31 -49 -11 -23 -14 -8 -34 -33 -12 -1 -53 -59 -22 61 -15
right_child=1 3 5 6 8 15 20 17 18 49 55 -13 13 26 -16 16 23 32 24 30 28 29 25 43 35 40 38 -29 -30 34 31 54 53 -35 -36 45 -38 -39 -40 -41 -42 -43 -44 -45 -46 -47 -48 48 -50 -51 -52 57 -54 -55 -56 -57 -58 58 -60 -61 -62 -63
leaf_value=-0.031931271977418803 -0.024690082680699818 -0.0058405355583600787 -0.023616326076390051 0.0083510617427679963 -0.0047275338802843046 -0.037029370040386651 0.025218402055037236 0.0062538326168990526 -0.0022722473659698246 -0.0036924531616210434 -0.012640639678832938 -0.035225796189646212 -0.0020074983805486303 0.013450665599430723 0.026918794215330638 -0.014819181103803224 0.0044850364377033002 0.0098986901155990459 -0.021457530459172858 -0.0060302116832728443 0.011265609165918847 0.01602315069094799 -0.035730322083815547 -0.0051683166125395903 0.004520664720024636 -0.016527322772096561 0.0044029153568460253 -0.0047312005829138323 0.041000403436172381 0.019023004555641331 0.0051635731680839611 0.012075307758173915 0.010615394996053752 0.028245244545569662 0.024530873051252022 -0.017707080493097795 -0.014037054980957151 -0.028955466027508047 0.027264012094950458 -0.018303220451554629 -0.025719902416927079 0.016238397033459286 -0.011627132100454891 -0.025927108895398298 -0.015114752363856567 0.012311711207682142 0.0087258513895664257 -0.0097759660315631901 0.017265990719296836 0.0060337365814650485 -0.036020865402117144 0.018387654308465777 0.036455646130365241 0.021754497854574856 0.026013999927230198 0.0028418398906509068 -0.0011843108152838531 0.0020223494254687476 0.025432791367608631 0.033802500592759487 0.0078293394837479317 0.033488951453771822
leaf_weight=4567.7781840637326 1162.8870752602816 1118.564143076539 2514.8246821463108 1110.9989111274481 456.03347763419151 268.07664251327515 2223.3264677375555 1225.7427853047848 2509.3319230526686 1756.0085822045803 337.71078786253929 10258.086687907577 234.93665458261967 158.21075229346752 2556.0276128649712 3331.8130865618587 1702.8189135491848 347.99578194320202 160.60204027593136 440.47328053414822 122.47279246151447 38.823010504245758 675.41736374795437 1248.1882966607809 3568.8246808946133 1759.0073298439384 273.24765515327454 1486.4025115072727 3180.8787500113249 2309.3476169854403 2244.3508608192205 711.1601173132658 937.72633430361748 2747.7188169807196 942.60628214478493 79.39401026070118 2471.3237098604441 1670.2504651099443 435.25905838608742 368.63980107009411 2051.6789273396134 2013.3999729454517 305.85142198204994 191.42124666273594 1638.9011406227946 2136.2225376516581 1984.0622404962778 209.77851717174053 297.51986806094646 1198.7610838413239 63.809615075588226 2074.6802034974098 667.81313283741474 1128.3616026490927 592.58016374707222 1129.2192599922419 66.421623200178146 611.7521918118 216.58205291628838 3271.3127729296684 98.370403349399567 3587.3001957088709
leaf_count=38367 7782 5703 18165 4770 2182 2095 9141 5258 13183 9000 1969 92125 995 638 10345 20818 8329 1443 896 2208 499 181 5744 7139 16675 12847 1109 8342 13743 9638 10127 2970 3854 11167 3810 427 14580 12514 1782 2007 16060 8416 1439 1149 10797 9258 8308 897 1213 5997 376 8492 2760 4575 2427 5958 490 2494 872 13674 399 14665
internal_value=-0.000115388 0.0139342 -0.0244134 0.0222576 0.00176713 -0.0144294 0.0279345 0.0135052 0.00682126 -0.00791356 -0.0126438 -0.0316523 0.0227827 0.0243465 0.0198944 -0.00852932 -0.00756505 0.0185682 0.00235734 0.00517488 0.0341126 0.0132862 -0.0276296 -0.00120996 0.00543706 -0.0236347 0.0299095 -0.0117087 0.0368726 0.014692 0.00826476 0.0100406 0.0223961 0.0261024 0.0152498 0.00614968 -0.0174517 -0.0227629 0.0184659 -0.0043313 -0.0214821 0.0124632 0.00324335 -0.00794464 -0.0202664 0.0112285 0.0134227 0.016637 0.00608634 0.000254205 -0.0163694 0.0141659 0.0278258 0.016626 0.0184258 -0.000728658 -0.0314909 0.0154751 0.00816669 0.0329928 0.0320134 0.0326463
internal_weight=91249.1 57818 33431.1 34331.2 23486.8 14052.7 20823.2 13508.1 15430.8 8055.91 5101.14 19378.4 11357.4 10246.4 5693.98 8228.72 7960.64 8400.95 9128.87 5107.13 9465.8 6301.98 9120.3 3142.43 6250.89 4486.1 4552.39 4818.22 6574.66 5845.95 3988.56 3548.09 5161.8 3095.71 5743.31 6090.29 3634.21 5823.98 708.507 2877.97 3810.69 3239.14 3874.68 1439.61 4153.73 2215.62 4800.71 2816.65 507.298 2954.77 102.633 3137.95 2891.14 2066.09 1303.74 1466.93 4634.2 2903.01 828.334 3393.79 3843.88 3745.51
internal_count=515283 260302 254981 144526 115776 89348 86378 58148 70490 45286 30289 165633 46561 41791 23198 47872 45777 34713 43885 23435 39817 26605 73508 16617 28695 34651 18593 29160 27916 24423 17732 15524 21039 12610 23866 27799 22362 41476 2891 15190 28907 13674 18114 8288 28962 9685 20056 11748 2110 14997 557 12853 11901 8429 5397 7927 38857 11858 3366 14173 15702 15303
cat_boundaries=0 1 2
cat_threshold=1440 5608
is_linear=0
shrinkage=0.035


Tree=26
num_leaves=63
num_cat=3
split_feature=20 4 6 21 7 34 2 2 2 24 2 45 7 23 40 45 26 45 13 33 2 0 22 18 33 16 22 0 48 13 22 18 0 40 22 42 33 39 16 26 6 27 16 33 18 13 44 32 27 47 17 42 22 33 23 2 48 32 32 26 17 33
split_gain=23991.7 4901.93 1557.77 1253.12 1049.47 496.722 468.09 459.413 406.202 233.455 209.078 176.437 176.349 171.384 171.287 166.483 160.35 151.177 145.838 131.786 126.962 120.422 106.866 132.26 103.702 101.201 100.077 97.9722 91.7554 87.2423 86.1791 121.772 83.023 82.8647 78.3183 77.2354 75.4989 73.9727 73.6061 72.7953 70.0952 65.1157 65.0393 61.6218 56.9819 56.7787 64.2842 56.0722 55.5861 54.8104 54.7347 53.3663 52.4544 51.6928 51.6208 51.3182 50.9656 50.684 48.761 48.7254 64.0831 46.3822
threshold=1.0000000180025095e-35 4.830000000000001 0.064500000000000016 2.7100000000000004 0.95833333333333337 1.5000000000000002 16.595000000000006 677.30000000000018 462.96000000000004 9.5000000000000018 295.12000000000006 2.7638888888888893 0.95833333333333337 0.68301270189221941 1.0000000180025095e-35 1.3660287081339715 21.500000000000004 1.0784615384615386 0.84412955465587058 11.500000000000002 208.28999999999999 18.360000000000024 52.500000000000007 6277.3350000000009 11.500000000000002 0 1.0000000180025095e-35 341.29166666666669 10.500000000000002 0.45227272727272733 18.500000000000004 3007.6400000000008 36.678333333333335 5780.1300000000001 11.500000000000002 1.5000000000000002 11.500000000000002 103.97500000000001 1 192.50000000000003 35.740666666666677 11081.610000000002 2 11.500000000000002 11029.170208333335 0.22902097902097904 84.980000000000018 8049.4600000000009 946.50000000000023 3.4300000000000006 2.4400000000000004 1.5000000000000002 32.500000000000007 11.500000000000002 0.68301270189221941 89.265000000000015 2.5000000000000004 691.0200000000001 1.4650000000000001 91.000000000000014 1861.2050000000002 11.500000000000002
decision_type=8 10 10 10 10 2 8 10 10 10 10 10 10 2 10 10 2 10 10 2 8 10 2 10 2 9 2 10 2 10 2 8 10 10 2 2 2 10 9 2 10 10 9 2 10 10 10 8 10 10 10 2 2 2 2 10 2 8 10 2 8 2
left_child=2 4 9 8 11 10 54 15 12 21 13 32 35 28 -8 25 -14 37 27 20 45 -1 23 34 30 36 -23 61 47 -18 31 50 -2 51 42 57 55 -9 43 -28 -36 -42 -10 -31 49 -16 -47 -6 -27 -32 -12 -22 -19 -17 -4 -5 -34 -3 -50 60 -15 -7
right_child=1 3 6 7 5 18 14 17 22 -11 24 -13 16 59 19 53 29 52 -20 -21 33 26 -24 -25 -26 48 39 -29 -30 38 44 -33 56 -35 40 -37 -38 -39 -40 -41 41 -43 -44 -45 -46 46 -48 -49 58 -51 -52 -53 -54 -55 -56 -57 -58 -59 -60 -61 -62 -63
leaf_value=-0.031353207406442811 -0.012579255749636904 -0.016141368691761193 -0.025926519983097088 0.020810604266367178 -0.014220605613413945 0.0048208416129011909 -0.036222669996454113 0.032074786787218264 0.019515632670853163 -0.034917726294726052 -0.016799161289095685 -0.02051584053205999 -0.005873600891040812 0.0019348298019743889 -0.020023329698119298 0.014201511717644333 0.0018277617769244501 0.022518408917212063 0.018004495003036206 -0.026267731634449364 -0.0040391911230581818 -0.035585816845746986 0.029874168907683196 -0.0010870417666592371 -0.01325945892402172 0.010261393986119397 -0.016241784634834062 0.013023250574599349 0.0034330931775402068 0.019799245741824369 0.022295849153974655 -0.016103734731361723 -0.015590950497838834 -0.017059820734919386 0.015602581616223231 0.0062705109401188152 0.01056468900463604 0.039472464444950187 0.0091147612239849494 -0.025682125225841602 0.026934820262357471 -0.017682840019069598 0.0037899632658366668 -0.002401017300146632 -0.0067078216968197279 -0.0045903328966955675 -0.014894701658822259 -0.0055804936194205667 0.025596991918030769 0.010347475630462339 0.0080497067818476927 0.0062591524033501411 0.03174874218202027 -0.0066224290698102565 -0.017469397112029845 0.031664401357453416 -0.00047815987523863241 0.00056161461924414781 0.015073199069467575 -0.0058353338921207495 0.014303270360611171 -0.014262880990644334
leaf_weight=4354.2320440560579 1934.4607274159789 459.43290774524212 3515.3568399250507 659.33905074000359 1569.4567592963576 2433.3356920480728 285.08899369835854 3075.93250875175 756.27072492241859 9991.1250782907009 115.09904643893242 1757.0621146634221 571.2704266756773 1394.4351233690977 768.86604784429073 1510.4825773835182 671.3758053034544 1673.0400621891022 3119.3585624694824 480.97426977753639 1382.8896470069885 690.39662558585405 1247.2651475071907 392.12434156239033 301.62363094091415 638.74875473976135 1939.1121408194304 2815.8564618378878 871.73370569944382 2876.9840045124292 672.1618438065052 348.59146670997143 318.37621240317822 375.88917960226536 1138.5936993956566 950.54982398450375 272.46425980329514 3697.8123614490032 1628.6427856683731 2086.7867193818092 2353.4140519052744 40.118948489427567 586.56925116479397 161.55698572099209 176.19408152997494 1606.4263836294413 1378.8031424582005 2227.5015614032745 1547.7094170153141 1574.7444364279509 1693.9958712309599 1110.4911864101887 1399.5964403152466 161.06656512618065 1194.2525674402714 2996.4066612273455 1897.4173099249601 430.61348724365234 836.77670338749886 477.33777986466885 811.30957546830177 165.73728376626968
leaf_count=37096 11518 2450 26148 2664 8595 10990 2278 12963 3077 92125 649 11787 2826 6949 5148 6286 3078 6873 12911 3045 7945 6031 5115 1612 1582 2599 14526 11957 4498 11874 3006 1668 1780 2107 4683 4335 1132 16086 6774 16798 9605 164 2392 722 803 9840 8416 11810 6325 6948 7647 5423 5793 716 8502 12267 9790 2000 3413 2345 3942 856
internal_value=-0.000115205 0.0129308 -0.0249879 0.0220063 0.00179376 0.00549622 -0.0151635 0.0280247 0.0142125 -0.0312226 0.000975151 -0.0112218 0.00879597 -0.00275344 -0.00966539 0.0221208 0.0117419 0.0331923 0.0119765 -0.00859473 -0.00730759 -0.0271491 0.0206545 0.018466 0.00658896 0.0245061 -0.023262 0.00850122 -0.00680405 0.0136276 0.0078985 0.00280917 -0.00728305 -0.00176376 0.0200386 -0.000664051 0.0283159 0.0361184 0.0153243 -0.0211403 0.0227756 0.0261799 0.0128278 0.0185574 0.0124273 -0.0115432 -0.00935306 -0.00915465 0.0193904 0.0139302 0.00646035 0.000548111 0.0267318 0.0121922 -0.0237861 0.0297131 -0.00265569 -0.00806873 0.0219118 0.00429471 0.00648857 0.0035989
internal_weight=90570.6 59409.9 31160.7 32734.2 26675.8 20768.5 12099 18469.4 14264.8 19061.7 12234.2 5907.32 7750.43 7351.77 7389.43 8622.99 5909.83 9846.38 8534.29 7104.34 6623.37 9070.53 6514.36 5267.09 4882.41 6951.44 4716.3 5414.93 4668.69 5338.56 4580.79 2157.69 4150.25 2869.27 4874.97 1840.6 3928.21 6773.74 4667.18 4025.9 3532.13 2393.53 1342.84 3038.54 2423.1 3754.1 2985.23 3796.96 3023.23 2246.91 1809.09 2493.38 3072.64 1671.55 4709.61 3655.75 2215.79 890.046 2384.49 2683.08 2205.74 2599.07
internal_count=515283 269855 245428 137824 132031 97156 78852 77117 60707 166576 60442 34875 34059 38139 44202 35402 25274 41715 36714 41924 38879 74451 26648 21533 22303 28400 37355 23803 24903 22448 20721 9964 23088 15475 19921 8785 16063 29049 19370 31324 14452 9769 5469 12596 10757 23404 18256 20405 12337 9954 8296 13368 12666 7002 34650 14931 11570 4450 9738 13236 10891 11846
cat_boundaries=0 1 2 3
cat_threshold=1448 132520 5256
is_linear=0
shrinkage=0.035


Tree=27
num_leaves=63
num_cat=0
split_feature=5 13 50 2 2 7 34 34 45 24 24 48 0 40 13 14 2 39 22 2 2 14 32 40 14 7 32 14 25 2 45 24 14 26 23 48 22 7 48 13 26 19 39 47 42 39 23 14 47 42 44 37 39 22 3 37 22 18 26 40 2 13
split_gain=22608.1 4161.79 1908.91 1428.23 901.877 526.938 434.971 406.544 314.468 237.519 230.024 222.859 174.839 173.729 172.72 163.006 151.6 146.278 136.988 115.092 112.953 111.263 106.724 99.5905 95.6498 94.9033 94.6429 94.1334 91.8316 88.7059 88.6306 87.3966 86.2863 84.6305 79.0616 84.0097 75.2917 72.8653 72.635 72.0635 67.0529 66.8071 66.1306 62.718 68.4764 62.4003 58.9995 58.504 57.8793 76.3996 57.8632 54.9247 54.7738 54.1249 84.1202 53.4224 52.6674 58.888 52.5169 52.4071 51.0865 50.8992
threshold=0.48000000000000015 0.69782608695652182 1.0000000180025095e-35 378.4500000000001 45.470000000000006 0.95833333333333337 2.5000000000000004 2.5000000000000004 2.5227272727272729 1.0000000180025095e-35 9.5000000000000018 2.5000000000000004 71.010000000000005 1.0000000180025095e-35 0.36181818181818187 19.500000000000004 217.52000000000004 82.570000000000007 1.5000000000000002 2.8750000000000004 1206.3800000000003 16.500000000000004 12075.480000000001 1.0000000180025095e-35 16.500000000000004 0.95833333333333337 1326.7800000000002 16.500000000000004 279.73500000000007 677.30000000000018 2.5634920634920637 1.0000000180025095e-35 20.500000000000004 91.000000000000014 0.68301270189221941 11.500000000000002 8.5000000000000018 0.68333333333333346 2.5000000000000004 0.23303167420814483 21.500000000000004 320.63250000000005 15.125000000000002 inf 3.5000000000000004 72.060000000000016 0.68301270189221941 18.000000000000004 inf 4.5000000000000009 384.06000000000006 7362.0000000000009 19.820000000000004 8.5000000000000018 13.500000000000002 14528.610000000001 58.500000000000007 5516.9325000000017 21.500000000000004 1704.8533333333337 363.56000000000012 0.86515151515151534
decision_type=10 10 8 10 8 10 2 2 10 10 10 2 10 10 10 2 10 10 2 10 10 2 8 10 2 10 10 2 10 10 10 10 2 2 2 2 2 10 2 8 2 10 10 8 2 10 2 2 8 2 10 10 10 2 2 8 2 10 2 10 10 10
left_child=2 4 10 7 14 37 15 11 9 22 19 32 25 -7 -2 45 34 27 -17 -1 28 -11 -6 -21 -16 -13 33 -8 40 50 -18 -26 52 59 35 -15 -22 -4 -9 -10 -20 -27 -40 44 -35 -5 -33 -25 49 -42 -23 -32 -3 54 -31 -45 57 -24 -29 -14 -49 -19
right_child=1 3 5 6 8 13 17 38 39 21 -12 12 26 16 24 18 30 61 20 23 36 29 56 47 31 41 -28 58 -30 53 51 46 -34 43 -36 -37 -38 -39 42 -41 48 -43 -44 55 -46 -47 -48 60 -50 -51 -52 -53 -54 -55 -56 -57 -58 -59 -60 -61 -62 -63
leaf_value=-0.031326467594155166 -0.017408064153991838 -0.012561721830422432 -0.027275681676582109 0.0034882226405296749 0.0085363312253921783 -0.036377519737984185 0.0041761506819759566 0.011083217226542182 -0.017612460444456426 -0.023179149283543744 -0.034613584607773841 -0.0069135219225201893 0.014933246078079984 -0.016025113507505847 -0.033600925464398142 -0.012102428058074178 0.0042880062560814187 0.027479693802844696 -0.0027090573043769745 -0.03783589039439602 0.01517378842938215 0.0034128594795150677 0.017276279936089323 -0.033960935729417004 0.0034048049311600648 0.0099051688238138771 -0.00017675458921948058 0.010017620778509843 0.0038367725065587542 0.021771663370866709 -0.0048507696599440122 -0.01065374219700888 0.016238349783893422 0.0017792402286902363 -0.0042843656615897804 0.0018391675494539976 0.030338967534107485 -0.018950493899364082 0.018414254039872804 -0.0019374838634273997 0.016234487788881251 -0.016721119289493561 0.027962490573906075 0.024115163491056232 0.013627617774651405 0.018459628163625254 -0.0012011190762054084 -0.021892551019302771 0.027904804766131358 0.027897501026972717 -0.010050115175938344 -0.025151161340251939 0.0012342200934856865 0.014369842270360507 -0.0091058421568277793 0.010227936419427763 0.026347438389731036 -0.0011107314588502523 0.029559440663538588 0.027559867300713664 -0.010896908540202081 0.037934769738545308
leaf_weight=3848.2863259389997 2089.4937906563282 799.2840198725462 2003.8375555053353 720.33715869486332 2749.8771053701639 254.93716757744551 199.50926430523396 712.56534047424793 416.17363946139812 178.02077786624432 9730.7705414220691 821.0104513168335 733.23472407460213 2910.5573882311583 142.18169628083706 129.82999274134636 1705.58491499722 677.31140477955341 131.1602978259325 512.86460761725903 457.41127370297909 4361.0746472328901 2241.1740082651377 420.08663205057383 1246.906221061945 1439.2329005300999 534.85719886422157 176.79917615652084 367.62518882751465 159.25976470112801 1241.2584780305624 2320.0460649728775 237.92911320924759 957.86390578746796 1475.188636392355 362.42014062404633 3444.8461440950632 3654.7994796559215 1734.181140512228 2591.6992503851652 2220.6929756700993 124.59400023519993 1845.460823237896 824.75476755201817 1588.8747462034225 647.6524513810873 1241.9697208404541 3372.1733793541789 1681.7138753533363 1001.7867187857628 428.61741887032986 187.15183305740356 629.81881976127625 1478.5828988105059 330.97069364786148 580.13088771700859 712.18372239172459 235.68547138571739 4231.5395097732544 905.61623156070709 615.14450161159039 4126.9636895805597
leaf_count=33943 13551 4058 15467 3106 11642 2095 827 2951 2211 1016 92125 4049 3082 18592 865 629 8329 2801 533 4723 1847 20650 9270 3460 6025 6339 2340 717 1494 716 7139 13573 1047 4098 8342 2226 14198 26009 7060 13220 9002 594 7558 3354 6701 2707 6705 26719 6872 4056 2039 1149 2964 6439 1522 2378 2954 970 17665 3778 4663 18129
internal_value=-0.000114886 0.0130263 -0.0235561 0.020674 0.0014547 -0.0137009 0.0266828 0.0122779 0.00607664 0.00845684 -0.0309043 0.00846646 0.0107586 -0.00799509 -0.0089716 0.0218863 -0.0070726 0.0321852 0.0235237 -0.0267846 0.024022 0.00405728 0.0135939 -0.0232266 -0.0054084 0.00271716 0.0138884 0.0277141 0.0207357 0.00477802 -0.00109739 -0.00456804 -0.00323409 0.0152339 -0.0110154 -0.014047 0.0285657 -0.0219029 0.0213109 -0.00411143 0.0219685 0.00777446 0.0233432 0.0124548 0.00917373 0.0105845 -0.00735915 -0.0215184 0.0226289 0.0198678 0.00220625 -0.00752628 -0.00648511 0.0110303 0.000949145 0.018392 0.0179509 0.0155269 0.0287782 0.0219232 -0.0201994 0.0364668
internal_weight=89903.6 57608.5 32295.1 34684.6 22923.9 13795.7 20215.2 14469.4 15883.3 12875.4 18499.3 10177.2 8510.17 8137.1 7040.6 10803.1 7882.16 9412.12 9435.07 8768.56 9305.24 6936.53 5938.92 4920.27 4951.1 2384.84 6125.33 4607.85 5402.98 6758.51 3134 4808.92 1667.03 5590.48 4748.17 3272.98 3902.26 5658.64 4292.21 3007.87 5035.35 1563.83 3579.64 3951.62 2546.74 1367.99 3562.02 4407.4 4904.19 3222.48 4789.69 1428.41 1429.1 1968.81 490.23 1404.89 3189.04 2476.86 4408.34 1638.85 3987.32 4804.28
internal_count=515283 260302 254981 146934 113368 89348 84583 62351 72649 57218 165633 44782 36713 47872 40719 44444 45777 40139 38631 73508 38002 32382 24836 39565 27168 10982 25731 19209 21957 31366 16617 26303 8069 23391 29160 20818 16045 41476 17569 15431 20463 6933 14618 16531 10799 5813 20278 34842 19930 13058 22689 8288 7022 8677 2238 5732 13194 10240 18382 6860 31382 20930
is_linear=0
shrinkage=0.035


Tree=28
num_leaves=63
num_cat=2
split_feature=20 4 24 21 7 2 34 2 2 14 40 2 45 13 24 13 45 0 14 2 22 2 23 26 22 18 52 26 21 12 22 47 42 41 40 7 2 44 39 14 14 22 40 47 42 47 42 9 13 14 16 14 3 23 8 16 22 40 14 18 5 41
split_gain=21381.1 4328.84 1513.35 1097.67 977.812 535.277 468.971 409.773 334.321 225.68 205.171 179.127 165.72 158.4 153.703 142.182 138.958 138.679 137.941 126.327 109.877 121.132 107.013 106.088 97.6844 109.018 96.7475 95.3898 94.6911 85.6101 83.0124 77.0768 124.27 76.4674 75.1763 90.2231 71.6964 71.1534 68.8294 67.8997 65.7396 68.0903 65.1361 68.4362 76.154 64.6792 73.6321 63.6183 61.9388 59.8137 59.7235 59.2393 58.9339 57.9118 56.8198 56.4814 61.6141 64.8559 53.7753 51.771 51.3037 51.2507
threshold=1.0000000180025095e-35 5.8050000000000006 6.5000000000000009 2.7100000000000004 0.95833333333333337 16.595000000000006 1.5000000000000002 677.30000000000018 462.96000000000004 18.000000000000004 1.0000000180025095e-35 295.12000000000006 2.7638888888888893 0.22902097902097904 11.500000000000002 0.84807692307692317 1.0784615384615386 39.685000000000009 21.500000000000004 217.52000000000004 1.0000000180025095e-35 690.5200000000001 0.68301270189221941 299.50000000000006 39.500000000000007 5516.9325000000017 5.5000000000000009 21.500000000000004 24.310000000000006 24.395000000000003 1.0000000180025095e-35 5383.3500000000013 2.5000000000000004 3486.8700000000003 1.0000000180025095e-35 0.84523809523809534 60.820000000000014 84.980000000000018 103.97500000000001 18.000000000000004 19.500000000000004 11.500000000000002 7864.2300000000005 1.0000000180025095e-35 2.5000000000000004 0.55000000000000016 1.5000000000000002 60.140000000000015 0.24568965517241384 18.000000000000004 0 20.500000000000004 235.50000000000003 0.68301270189221941 15.500000000000002 1 7.5000000000000009 5609.0100000000002 18.000000000000004 13126.262500000003 26.895000000000007 560.76500000000021
decision_type=8 10 8 10 10 8 2 10 10 2 10 10 10 10 10 10 10 10 2 10 2 10 2 2 2 10 2 2 8 10 2 8 2 8 10 10 10 10 10 2 2 2 10 10 2 10 2 10 10 2 9 2 2 2 2 9 2 10 2 10 10 8
left_child=2 4 5 8 12 48 9 15 17 -6 -7 22 29 -12 26 33 38 -3 20 37 -8 39 23 45 25 40 -4 -19 -20 -2 61 32 -29 -5 -28 -36 -17 -15 -9 -22 -10 -42 43 -32 -45 47 -47 -11 -1 -21 -41 53 -43 -38 -31 -51 -57 -58 -18 60 -26 -13
right_child=1 3 14 7 6 10 18 16 24 11 13 30 -14 19 -16 36 58 27 28 49 21 -23 -24 -25 59 -27 34 31 -30 54 42 -33 -34 -35 35 -37 51 -39 -40 50 41 52 -44 44 -46 46 -48 -49 -50 55 -52 -53 -54 -55 -56 56 57 -59 -60 -61 -62 -63
leaf_value=-0.029150057706704004 -0.01461338120812166 -0.001794280858846849 -0.0059912326209974366 0.0078993804369685387 -0.015551250041620758 -0.036265194643521625 -0.030135928841038221 0.030468626133783504 0.0065639274244259716 0.0070499925913877813 -0.018298067370594751 0.018783754335394698 -0.019616223562085408 -0.0061149400468765696 -0.03555447730511594 0.011997675000505394 0.012802629965501503 -0.004136746129396067 0.011347102092736747 -0.019535782096295213 -0.008152068015416878 0.01730540678306158 0.0041948113890992915 0.0088485058194888548 0.018878279491639501 -0.0021913836144472898 -0.038139269153793863 0.001972978167155652 0.022628006105668192 -0.0013967424100560552 0.017295704649296098 0.018035305356105827 0.014815408237672691 0.019381420632806529 -0.031250068816389032 -0.023490419780710942 0.017051818332427141 -0.015920888089462331 0.03770786661851426 0.011071029069204558 0.012898520415429953 0.023983468839090794 -0.005528175961630113 0.0014120784357751787 0.012610793149356035 -0.017650415491990947 -0.0055495705234036626 -0.019216847017354141 -0.02148924757583253 0.022861947676042351 0.001917952939339536 0.028767461652910779 -0.027613497345049337 0.031922317079226041 -0.01394203927264624 -0.012669321558927306 0.0048778639371168091 -0.012847046483058571 0.027098240446151046 0.0044406800733297128 0.030899922814917661 -0.028196591845002453
leaf_weight=1942.0905226096511 1222.4100926667452 1335.2338156551123 227.15328872948885 1182.2061718702316 929.75965970754623 355.47600661218166 90.314363166689873 2970.7287806868553 534.58923764526844 609.16519966721535 1795.1247816458344 36.379596918821335 1745.9690277203918 1920.9651711732149 6923.2798162475228 517.37635028362274 370.30638691782951 488.54926344752312 1917.9512919485569 190.92243641614914 404.01001410186291 1433.0802675634623 2739.496289819479 605.52442715317011 656.84564051032066 357.49076142907143 1015.1563075110316 1652.2792579382658 1743.1808553487062 2479.597099095583 1106.7071770876646 1759.6312715560198 2091.235694527626 1787.9878064095974 4345.0159907490015 3215.7588170543313 1340.2237851470709 1718.9210897013545 3616.683666318655 1948.3760806918144 1164.040354847908 2210.7112483680248 366.27776762843132 1465.1422826647758 1510.6069018095732 900.61630821228027 1949.4247664362192 137.62508983910084 3951.5296665504575 122.83332979679108 1604.312825486064 2983.009468793869 26.664292484521866 424.00873659551144 537.33678096532822 418.6668990328908 1629.0569960772991 298.33719463646412 2636.2724335938692 134.31043089926243 1326.641542121768 120.38113785535097
leaf_count=15937 7429 6544 1695 4905 5214 3077 458 12708 2264 3065 12397 207 11958 12253 67675 2096 1542 2381 8211 1160 1984 5915 13466 3112 2695 1469 9583 7317 7276 13229 4877 7171 8641 7305 39975 27231 5513 11020 16086 8361 4710 9013 1671 6843 6381 5073 10256 713 30148 659 6925 12341 110 1753 2995 2366 8589 1663 10942 546 5474 710
internal_value=-0.000114504 0.0120983 -0.0241458 0.0209506 0.00197457 -0.0159225 0.00544072 0.0266799 0.013514 0.0010281 -0.0102741 0.00236425 -0.0105436 -0.0091284 -0.0316447 0.0209474 0.0315976 0.00840483 0.0114629 -0.00651298 0.00794627 0.00858987 -0.00118647 -0.00469467 0.0193506 0.0163088 -0.0285661 0.0106776 0.016723 -0.00680332 0.00771534 0.0119933 0.00914917 0.0148155 -0.0291633 -0.0279533 0.0244035 -0.0107489 0.0344483 0.0054296 0.0179892 0.0197824 0.00859851 0.009867 0.00709931 -0.00697648 -0.0093783 0.00219008 -0.0240182 -0.000714428 0.00697596 0.0257527 0.0233565 0.0206418 -0.00363503 0.000748369 -0.000513902 0.00212902 0.0253424 0.0255069 0.0269304 -0.0172439
internal_weight=89241 59170.7 30070.3 31567 27603.6 14343.9 21618.3 17828.8 13738.2 12477.1 8450.3 11547.3 5985.31 8094.83 15726.4 8234.81 9593.99 7326.93 9141.23 6299.7 5480.09 5389.78 6941.85 4202.36 6411.29 4293.5 8803.08 5991.7 3661.13 4239.34 4605.49 5503.15 3743.51 2970.19 8575.93 7560.77 5264.62 3639.89 6587.41 3956.7 3936.01 3401.42 4448.73 4082.46 2975.75 3596.83 2850.04 746.79 5893.62 2659.82 3552.69 4747.24 2237.38 1764.23 3016.93 2468.89 2346.06 1927.39 3006.58 2117.8 1983.49 156.761
internal_count=515283 269855 245428 133526 136329 99269 100718 75191 58335 61588 53184 56374 35611 50107 146159 33913 41278 32054 39130 37710 23643 23185 35685 22219 26281 17566 78484 25510 15487 23653 20689 23129 15958 12210 76789 67206 21703 23273 28794 17270 16097 13833 19772 18101 13224 19107 15329 3778 46085 14437 15286 19607 9123 7266 16224 13277 12618 10252 12484 8715 8169 917
cat_boundaries=0 1 2
cat_threshold=1416 1160
is_linear=0
shrinkage=0.035


Tree=29
num_leaves=63
num_cat=1
split_feature=20 4 24 21 7 0 42 13 0 47 14 42 40 4 26 24 22 45 1 26 14 42 0 7 14 32 26 32 52 14 26 17 16 40 7 22 40 43 42 13 26 21 42 26 18 22 29 32 27 4 18 47 42 0 14 44 0 19 17 14 0 19
split_gain=20173.9 4054.71 1494.44 1076.32 865.896 496.77 422.887 393.401 324.955 273.169 193.929 190.191 188.938 188.04 176.991 155.268 154.925 154.663 151.362 145.433 120.647 120.122 104.838 100.632 99.2606 97.3467 96.1291 95.0332 94.6255 87.2802 174.672 81.0067 80.5157 75.6135 89.9375 74.7244 101.439 74.2392 74.1002 73.9661 71.0428 69.4159 69.0985 63.8195 61.9192 65.2729 63.0462 61 60.1245 59.9698 59.797 59.5927 58.0445 56.9695 56.8266 55.6789 55.6314 63.3627 54.5023 52.2632 51.477 50.797
threshold=1.0000000180025095e-35 4.830000000000001 6.5000000000000009 2.7100000000000004 0.95833333333333337 57.146666666666668 3.5000000000000004 0.91485507246376818 78.490000000000023 10959.875000000002 19.500000000000004 1.5000000000000002 1.0000000180025095e-35 51.490000000000009 21.500000000000004 11.500000000000002 1.5000000000000002 2.683333333333334 3419.2450000000003 131.50000000000003 16.500000000000004 4.5000000000000009 455.43000000000001 0.84523809523809534 21.500000000000004 inf 21.500000000000004 8049.4600000000009 5.5000000000000009 18.000000000000004 284.50000000000006 1.0000000180025095e-35 0 1.0000000180025095e-35 0.84523809523809534 40.500000000000007 18646.260000000006 5.5000000000000009 2.5000000000000004 0.24568965517241384 21.500000000000004 28.205000000000002 1.5000000000000002 21.500000000000004 13126.262500000003 16.500000000000004 293.00000000000006 1326.7800000000002 20.200000000000006 24.310000000000006 11029.170208333335 4722.7500000000009 2.5000000000000004 1299.6900000000003 18.000000000000004 384.06000000000006 504.32666666666671 967.51499999999999 4716.0550000000012 20.500000000000004 3698.4300000000007 120.53666666666669
decision_type=8 10 8 10 10 10 2 10 10 8 2 2 10 10 2 10 2 10 8 2 2 2 10 10 2 8 2 8 2 2 2 8 9 10 10 2 10 2 2 10 2 10 2 2 10 2 2 8 10 10 10 8 2 10 2 10 10 10 10 2 10 10
left_child=2 4 5 8 17 23 9 20 25 11 60 -6 -7 32 -11 28 -16 38 21 40 -5 26 54 -1 48 42 -12 37 -4 -21 -31 -28 -9 -30 -35 53 -37 -22 47 -33 -14 -26 -3 -39 45 58 -47 -2 -8 -29 -51 52 -41 -15 -13 59 57 -50 -18 -24 -10 -25
right_child=1 3 15 7 6 12 24 13 10 14 18 22 19 35 16 -17 44 -19 -20 29 27 -23 55 61 41 -27 31 49 33 30 -32 39 -34 34 -36 36 -38 43 -40 51 -42 -43 -44 -45 -46 46 -48 -49 56 50 -52 -53 -54 -55 -56 -57 -58 -59 -60 -61 -62 -63
leaf_value=-0.025994477326290143 -0.016459811922485783 -0.015623869503878151 -0.0058063029382794127 0.0004365305521547345 -0.010819745030934608 -0.035844992275020214 -0.015440483683477453 0.02622400853396039 0.0028402357007136741 -0.014911045036998236 -0.015153681894923676 -0.017499348143020978 -0.019228521363375262 0.025306790658509298 -0.01344977486780867 -0.035282565889534545 0.0088318007637389149 -0.019079525931292658 0.025988301817082424 -0.025998568429964477 0.003683438228992828 0.025891669656590593 0.0012275467317102221 -0.014274685686170843 0.012851395540886554 0.0078318318739790168 -0.0099151519829627152 0.017601668516663432 -0.037911063829017377 -0.014941417624129823 0.00126818005724562 -0.014678294575631308 0.012289245281122034 -0.030889095029115285 -0.023065245602404194 0.038819499241332434 -0.0049786166298448481 -0.0061918684850953368 -0.00070982048766187584 0.0085276181245467642 0.00056827559037231877 0.024696534588572374 0.0014215780159950995 0.019431649165781863 -0.0084161046537000218 0.014103098323604461 0.030386030227893282 -0.0054059644011988112 0.0078048587883873992 0.029084931882292182 0.0068458809323478061 0.020046777300413182 0.016503568723227134 0.034203455200613714 -0.0014547921095229065 -0.0035196317187792866 0.014210519756649885 -0.01231074004816643 -0.018956666338094806 0.012861178717864548 0.03274064404825823 -0.023735112416465507
leaf_weight=3853.0585498213768 1118.0309758037329 493.24268171191216 226.23298166692257 402.13953283429146 2274.7861807569861 309.03497380763292 120.33578100800514 4196.6789737939835 1567.3194216787815 373.94368314743042 141.11981685459614 288.69978334009647 244.44566924870014 1629.4900820702314 316.75924834609032 6735.7772099152207 1474.2167568057775 1750.4266669750214 1927.7993539869785 472.97950057685375 520.82519154250622 1084.1741078197956 717.81726728379726 2044.7566529661417 1493.8718059808016 1476.4146079868078 169.1757699996233 1125.048759073019 986.04285693913698 2712.7395250350237 1163.3046157509089 103.53647354245186 651.30842323601246 4243.7486007213593 3161.3991290107369 2798.4198668897152 66.093844726681709 124.73152247071266 1580.581156462431 2097.3379951119423 2329.8965675532818 1024.6291086375713 709.24890322983265 2441.4799791872501 175.31637439131737 2109.3182325065136 338.29955081641674 1351.8785327970982 1997.2832250148058 2109.3794642835855 160.06050972640514 2010.2241802215576 2402.4984677881002 1974.3663754016161 4067.0299766510725 559.42078693211079 1767.5283940732479 211.29815198481083 90.9201320707798 1387.5328108966351 72.876499086618423 1060.0914535596967
leaf_count=31722 6922 2664 1695 1727 12159 2761 583 17465 6899 2049 606 1627 1558 6960 1612 67675 6819 12139 7877 3185 2209 4432 3278 14621 6461 6682 703 4592 9583 17422 7120 480 2671 39975 27231 12498 277 512 8241 8777 13276 4207 3310 10028 816 9524 1519 7573 8874 8734 656 8190 9784 8788 20241 2566 7310 951 423 6137 303 7604
internal_value=-0.000113963 0.0117005 -0.0237256 0.0200021 0.00156733 -0.0155358 0.00490372 0.0256431 0.0127987 0.00149324 0.0153407 -0.00202694 -0.00911072 0.0296577 0.00819911 -0.0312936 0.0101204 -0.0103882 0.0171811 -0.0079124 0.01904 0.015058 0.00082324 -0.0222121 0.0122101 0.00181296 0.0133581 0.020194 -0.0281719 -0.0118145 -0.0100774 0.0139534 0.0244343 -0.0287741 -0.0275525 0.0335682 0.0378075 0.0157398 -0.0066285 0.0145654 -0.00131826 0.0176784 -0.00557736 0.0181843 0.0119058 0.0127956 0.0163651 -0.0104142 0.00884478 0.024239 0.0275201 0.0150327 0.0127888 0.0301889 -0.00252201 0.00629014 0.00958346 0.00587567 0.00720647 0.00889717 0.0041879 -0.0175114
internal_weight=88588.4 59044.9 29543.5 32455 26589.9 14190.3 20789 18200 14255 14174.1 11576.1 9295.29 7232.4 11316.4 4878.77 15353.2 4504.83 5800.92 9935.87 6923.37 6883.66 8008.07 7020.5 6957.91 6614.95 2678.91 6923.89 6481.53 8617.42 4349.02 3876.04 6782.77 4847.99 8391.19 7405.15 6468.37 2864.51 3087.04 4050.49 6613.6 2574.34 2518.5 1202.49 2566.21 4188.07 4012.75 2447.62 2469.91 4096.45 3394.49 2269.44 6510.06 4499.84 3603.86 4355.73 2664.77 3976.11 2208.58 1565.14 2105.35 1640.2 3104.85
internal_count=515283 269855 245428 137824 132031 99269 97156 77117 60707 68770 48051 46008 45322 48659 22762 146159 20713 34875 40849 42561 28458 32972 33849 53947 28386 12656 28540 26731 78484 27727 24542 27934 20136 76789 67206 28523 12775 12749 22736 27231 14834 10668 5974 10540 19101 18285 11043 14495 17718 13982 9390 26751 18561 15748 21868 11981 17135 9825 7242 9415 7202 22225
cat_boundaries=0 1
cat_threshold=21928
is_linear=0
shrinkage=0.035


Tree=30
num_leaves=63
num_cat=1
split_feature=20 4 24 13 34 2 2 0 2 32 13 22 14 7 22 24 13 18 14 14 18 42 2 4 5 47 17 42 42 47 22 23 14 45 22 7 22 26 44 27 22 18 42 47 14 2 13 19 5 26 41 19 17 16 2 14 23 32 14 26 2 29
split_gain=19033.9 3813.34 1475.37 1036.44 831.98 505.637 401.586 401.515 307.243 213.519 196.43 184.684 178.896 166.354 158.224 156.81 147.401 137.219 116.049 113.999 112.806 108.602 108.6 108.11 104.447 100.424 97.3927 96.221 92.339 90.6923 90.5898 101.883 86.6226 85.7792 83.8425 75.9773 82.2659 72.9877 72.5092 72.3339 72.7333 80.3601 70.774 90.1356 68.1459 65.5113 61.9535 61.7835 60.2914 58.4943 57.5544 56.4936 55.2641 54.3487 61.1979 51.6184 51.4775 50.1564 49.3161 49.1308 49.1019 47.926
threshold=1.0000000180025095e-35 11.565000000000003 6.5000000000000009 0.62731481481481499 2.5000000000000004 16.595000000000006 16.595000000000006 358.17333333333346 60.820000000000014 inf 0.9110671936758894 1.0000000180025095e-35 19.500000000000004 0.95833333333333337 31.500000000000004 11.500000000000002 0.22902097902097904 4813.6320000000005 18.000000000000004 16.500000000000004 11313.973333333333 4.5000000000000009 277.50000000000006 105.92000000000002 28.800000000000011 inf 15073.740000000003 2.5000000000000004 1.5000000000000002 inf 1.5000000000000002 0.68301270189221941 18.000000000000004 2.8166666666666669 56.500000000000007 0.78888888888888908 1.0000000180025095e-35 21.500000000000004 84.980000000000018 4877.9400000000014 10.500000000000002 835.24500000000012 3.5000000000000004 2436.6200000000003 18.000000000000004 718.32000000000005 0.24568965517241384 25.937500000000004 69.430000000000021 21.500000000000004 8169.4799999999996 386.1394285714286 4113.9000000000005 0 400.66000000000008 19.500000000000004 0.68301270189221941 1.4650000000000001 16.500000000000004 177.00000000000003 903.98000000000013 302.50000000000006
decision_type=8 10 8 10 2 8 10 10 10 8 10 2 2 10 2 10 10 10 2 2 10 2 10 10 10 8 8 2 2 8 2 2 2 10 2 10 2 2 10 10 2 10 2 8 2 10 10 10 10 2 10 10 10 9 10 2 2 10 2 2 10 2
left_child=2 3 5 6 7 46 33 13 32 28 45 50 60 47 17 29 -13 19 -18 -9 24 25 38 44 -16 27 34 -14 -8 35 -11 53 -5 58 -15 -4 -37 -21 -20 40 41 -39 43 -34 -12 -6 -1 -3 -42 -46 -7 -44 -24 -32 -55 -30 -48 -36 -2 -49 -10 -33
right_child=1 4 15 8 10 11 9 14 12 30 23 16 21 26 20 -17 18 -19 22 37 -22 -23 52 -25 -26 -27 -28 -29 55 -31 31 61 42 -35 57 36 -38 39 -40 -41 48 -43 51 -45 49 -47 56 59 -50 -51 -52 -53 -54 54 -56 -57 -58 -59 -60 -61 -62 -63
leaf_value=-0.028414461095983206 -0.032572949089141288 -0.015833978831299677 -0.031874530280030872 -0.015424345671443377 0.016599381769486794 -0.029335200080740163 -0.01373877855793456 -0.0017353444775164923 -0.0036894935983688214 -0.011065302243059525 0.013193233286733849 -0.017348813065025358 -0.00069100780996396395 0.010910051167779301 0.017435503464147309 -0.035014117696606416 -0.023236266086436752 -0.0021235637494202786 -0.0031081190175966662 -0.008464479645579337 0.004329920767842616 0.01937810738236247 0.0051534230449034784 0.036050308002707185 0.030392378809958476 0.017623785849514614 -0.0036133354800743822 0.011152319556390513 -0.016339850145544874 -0.0018831078576821603 0.016470559803319875 0.0071593254171239589 -0.0069393946909000505 -0.019173691862467753 0.026897471912749257 -0.03579081853023118 -0.022960783513408356 0.020393208692651814 -0.013103200031079398 -0.0010753837378175311 0.019480084837013724 0.0030176607770737848 0.011177739328956439 0.0075168548212649284 0.011007158812704835 0.026442104299321232 -0.023132190095268266 0.0088663597618056974 0.029604667069308928 0.029958335482607169 0.056674025958333159 -0.0028022724104198658 -0.008753028413061267 -0.0019782073354832623 0.0067372793150171839 -0.0010544073043977837 -0.014044427404584992 0.011488059465197323 -0.0079667574928545502 -0.0042341759025320783 0.011697370773416392 0.019013118614982616
leaf_weight=1870.9466368332505 102.71431217342615 269.02503125369549 3873.7769468128681 345.75496703386307 1812.7924632281065 610.95053601264954 1312.7637984752655 333.76611848175526 1015.8925399780273 454.38913205265999 366.44844730198383 1678.7865337207913 1047.5203136503696 3109.2639119029045 1043.2645998895168 6553.0989426523447 425.05359251797199 451.05743664503098 1823.9205753356218 111.66140022873878 290.41892099380493 2944.2113680541515 1605.7367529198527 3338.1412303298712 2880.1387282311916 2261.0459032505751 425.60185365378857 4245.6876121908426 300.06914322078228 162.61728988587856 300.20211020112038 944.41904674470425 1386.4385751187801 1527.3079168945551 795.04028810560703 739.65540125966072 3660.5929897278547 990.94934439659119 1735.2863031327724 189.15732780098915 1548.5689392387867 486.30631384253502 1437.9314448535442 852.31527669727802 211.78106045722961 1539.3775164783001 2774.374507509172 714.73080638051033 1365.8127896636724 3930.231238514185 8.7908769622445089 469.21292841434479 446.61576301604509 2620.4769988954067 1581.90804079175 2679.1058634519577 1062.1698822379112 386.80642867088318 2721.474572725594 686.69161762297153 337.67244228720665 751.2437037229538
leaf_count=15937 684 1378 37534 1918 7434 5038 7446 1450 4699 2445 1515 11776 4495 12913 4304 67675 2859 1850 11540 456 1180 11985 8443 15208 12105 9262 2016 17864 1679 1190 1523 4499 7083 10735 3258 7313 32447 4026 11030 780 6333 1979 6537 3856 866 6487 22115 3160 5665 16906 54 2191 2444 13505 7229 13122 8033 1632 16169 3099 1467 3462
internal_value=-0.000113316 0.0113164 -0.0233078 0.00304856 0.0209062 -0.0151544 -0.00349932 0.015803 0.00917657 7.68828e-05 0.0282308 -0.00965672 0.0121306 0.00898801 0.0202932 -0.0309446 -0.00817777 0.0163647 -0.00562485 0.0180239 0.0253946 0.0136744 -0.00428695 0.0312631 0.0269524 0.0114492 0.0123488 0.00880885 -0.00600867 -0.0277799 0.00400328 0.00510955 0.00138095 -0.0124919 0.0139325 -0.0282885 -0.0251251 0.0194294 -0.00798352 0.0201111 0.0210237 0.0146792 0.00278584 -0.00143486 0.0277113 0.0211259 -0.0231799 -0.000503427 0.0242335 0.0289923 -0.0280258 0.00773858 0.00212443 0.00235464 0.0013003 -0.00259896 -0.0206205 0.0218681 -0.00887288 0.00244871 0.000154853 0.0124191
internal_weight=87949.2 58916.8 29032.4 31639.8 27277 14042.6 15296.1 16078.3 16343.7 10944.6 11198.8 8335.14 11852 6387.16 9691.1 14989.7 7715.4 5477.28 6036.61 5026.22 4213.82 10498.5 5611.56 7846.6 3923.4 7554.25 4716.71 5293.21 4291.94 8436.64 6652.64 6198.25 4491.65 4351.5 4291.11 8274.03 4400.25 4692.46 3559.21 4580.79 4391.64 1477.26 4145.9 2238.75 4508.46 3352.17 5707.49 1670.45 2914.38 4142.01 619.741 1907.14 2052.35 4502.59 4202.39 2979.18 3836.54 1181.85 2824.19 1401.42 1353.56 1695.66
internal_count=515283 269855 245428 153855 116000 99269 82498 67584 71357 54910 48416 53184 49772 27456 40128 146159 48092 22539 36316 20689 17589 43606 33457 34495 16409 31621 19819 22359 22247 78484 32663 30218 21585 27588 17803 77294 39760 19239 22570 18783 18003 6005 19667 10939 19287 13921 46085 7637 11998 17772 5092 8728 10887 22257 20734 14801 30148 4890 16853 6259 6166 7961
cat_boundaries=0 1
cat_threshold=66664
is_linear=0
shrinkage=0.035


Tree=31
num_leaves=63
num_cat=1
split_feature=20 4 24 2 2 2 21 42 47 13 42 47 17 40 13 24 13 13 32 0 14 12 14 22 52 41 22 2 40 2 37 22 23 42 22 22 44 14 17 13 32 41 42 14 42 16 41 19 17 19 46 14 43 23 46 39 18 3 2 18 2 14
split_gain=17958.5 3576.47 1455.27 1032.32 739.337 488.039 391.543 385.759 286.76 264.069 248.891 202.451 194.719 191.339 176.013 158.336 143.275 138.045 115.033 114.566 110.331 109.171 103.995 94.6751 91.0004 89.608 80.9469 83.5896 77.0794 89.8018 72.7235 71.0126 70.7689 68.7683 68.7034 66.5793 65.46 63.447 71.1772 61.083 60.2923 59.5593 57.4275 56.7276 55.5407 54.3724 54.3368 52.8237 52.5185 52.084 73.9761 51.2787 51.0393 50.0402 49.4494 48.0301 48.6455 49.9273 47.8288 46.2817 47.5375 45.9811
threshold=1.0000000180025095e-35 3.8550000000000009 6.5000000000000009 462.96000000000004 62.680000000000007 16.595000000000006 7.5950000000000015 3.5000000000000004 6273 0.62731481481481499 2.5000000000000004 inf 15073.740000000003 1.0000000180025095e-35 0.91485507246376818 11.500000000000002 0.22902097902097904 0.91833333333333345 inf 141.06000000000003 19.500000000000004 37.745000000000012 19.500000000000004 13.500000000000002 5.5000000000000009 2808.0000000000005 1.0000000180025095e-35 690.5200000000001 1.0000000180025095e-35 12.980000000000002 3223.7100000000005 1.5000000000000002 0.68301270189221941 1.5000000000000002 5.5000000000000009 36.500000000000007 84.105000000000018 19.500000000000004 5066.1000000000013 0.24568965517241384 12075.480000000001 697.12000000000012 1.5000000000000002 18.000000000000004 2.5000000000000004 0 3416.2200000000007 1090.3275000000003 11980.4 340.77300000000008 212.31000000000003 20.500000000000004 8.5000000000000018 0.68301270189221941 15.125000000000002 62.32500000000001 11313.973333333333 193.50000000000003 1.4100000000000001 13126.262500000003 400.66000000000008 21.500000000000004
decision_type=8 10 8 10 10 8 10 2 8 10 2 8 8 10 10 10 10 10 8 10 2 10 2 2 2 8 2 10 10 10 10 2 2 2 2 2 10 2 10 10 8 10 2 2 2 9 8 10 10 10 10 2 2 2 10 10 10 2 8 10 10 2
left_child=2 4 5 7 10 39 22 8 21 18 11 33 34 -7 35 24 -15 46 42 36 -11 -3 -5 30 -4 -16 41 45 -26 -30 -24 -20 59 -2 -10 -8 -18 -21 -39 -1 52 -22 -6 -12 -23 -28 -9 -19 -42 58 -51 -36 -25 -41 -13 -27 -57 -58 -45 60 -33 -47
right_child=1 3 15 6 9 13 14 17 12 20 43 54 -14 16 25 -17 19 47 31 37 26 44 23 40 28 55 27 -29 29 -31 -32 32 -34 -35 51 -37 -38 38 -40 53 48 -43 -44 49 -46 61 -48 -49 -50 50 -52 -53 -54 -55 -56 56 57 -59 -60 -61 -62 -63
leaf_value=-0.02800463576203718 -0.019200077282761366 -0.0088706280900960818 -0.0053572419607048043 0.0071997771676156203 -0.012448025884184328 -0.03543708229760574 0.017647761316098475 0.00909536013493264 0.0033621184047620723 -0.0016531425680053979 -0.016807600327836777 -0.0087750522782340575 -0.0040734516122750211 -0.017168969476058869 0.024276076619488263 -0.034748745552351135 -0.006649232032701278 0.027162073872418924 -0.011457057379029544 -0.016208441366944049 0.008751160358005737 0.00066043541943015512 0.014274886111623189 0.0099108418009777235 -0.037493281647808636 0.028915659958376 0.012968808806054572 0.017378050363073421 -0.029939652987726766 -0.02186606989428019 -0.015470033917815033 -0.00039102616533595786 0.012384949169085719 -0.010283931398108074 0.014068876123875695 0.027524392841332145 -0.017791772231674306 0.002096779188825905 -0.012036388636985066 -0.022696403710931519 0.025694980155171895 -0.037777685321971469 -0.0013870682066420914 -0.004585522989177488 0.0089183186892174086 0.0015482041941100226 0.017710915508637827 0.0099175113423007489 0.0064880111307367306 -0.015447909567119941 0.0061793721676092527 0.023430128828304111 0.024812202604458967 -0.013685534334455532 0.0032704607028663101 0.036754549878348974 0.027418972654232598 -0.015246895731815483 0.0068692915416586559 -0.015435756671279766 0.0082685282636541357 0.011190188827505287
leaf_weight=1832.5822125449777 2254.6357802897692 974.9551344960928 223.96322635561228 980.92360112071037 825.46986684948206 330.49330234527588 2008.7161945849657 1443.3101527839899 369.36892813444138 884.72303320467472 209.7803803384304 649.41185241937637 599.61313001811504 1739.4718142449856 1706.8284670710564 6375.1885481402278 1550.9412647858262 2052.2380590289831 328.67947257310152 333.19677656143904 64.133025750517845 2355.6190418750048 1570.0533497780561 762.84286180138588 932.59970787167549 1945.0039025843143 2530.8429489731789 2334.3454557061195 4296.0801267027855 2808.0957599431276 106.78233242034912 1682.0741976648569 1268.5004740804434 2007.6687128543854 1269.6137351989746 1445.0688890814781 1108.2757107168436 2700.9473210126162 519.62350894510746 2729.497517593205 3086.1687323451042 69.309974059462547 1890.8035829216242 573.8992073237896 1730.0274274051189 1435.850709348917 2383.9671954512596 245.09660941362381 185.6792229115963 441.1738179475069 344.07524172961712 1666.3653325289488 447.66180403530598 1052.081160441041 1164.8611954152584 3592.2359482049942 200.90681058168411 39.631483167409897 2001.6101868599653 163.61093582212925 1441.4322932064533 1047.6405491530895
leaf_count=15937 15301 5019 1695 4126 4506 3077 8339 5971 1538 4075 1190 3866 2952 12397 7461 67675 10187 8525 1754 2092 320 10430 6381 3120 9583 8380 10607 9459 42023 25183 438 8516 5830 11930 5261 6079 7498 14944 2989 22115 12797 416 9220 3230 7286 6077 9761 1022 756 2276 1631 6845 1865 8033 6092 16505 895 171 9844 790 6602 4400
internal_value=-0.000112605 0.010946 -0.022895 0.0185325 0.00112189 -0.0147815 0.0241738 0.0117728 0.00714636 0.00574374 -0.00652776 -0.0108365 0.0142708 -0.00937986 0.0283364 -0.0305973 -0.00829264 0.018543 0.00102102 -0.00580514 0.0100333 0.00164709 0.0177938 0.0194796 -0.0273896 0.0313553 0.0114152 0.0119063 -0.0280029 -0.0267519 0.0123726 0.00423174 0.00536593 -0.0150037 0.0175988 0.0217869 -0.011298 -0.0016929 -0.000186567 -0.0227479 0.0221349 -0.015517 -0.00475181 0.000806172 0.00415848 0.00935605 0.0144651 0.0253274 0.0246073 0.00191031 -0.0059756 0.0193882 0.0154375 -0.0201938 -0.00104364 0.0334421 0.0357309 0.0203553 0.00431603 0.00265434 0.00360654 0.00559594
internal_weight=87316.2 58783.2 28533 33168.7 25614.5 13897.1 18078.5 15090.2 8965.56 15967.4 9647.12 6076.58 3904.96 8282.95 10938.4 14635.9 7952.46 6124.61 7600.57 6212.98 8366.85 5060.6 7140.11 6159.19 8260.74 7484.61 7482.12 7348.68 8036.78 7104.18 1676.84 4884.3 4555.62 4262.3 3305.35 3453.79 2659.22 3553.77 3220.57 5614.16 4482.35 133.443 2716.27 3570.54 4085.65 5014.33 3827.28 2297.33 3271.85 3360.76 785.249 2935.98 1210.5 3781.58 1814.27 5777.78 3832.77 240.538 2575.51 3287.12 3123.51 2483.49
internal_count=515283 269855 245428 141923 127932 99269 77313 64610 39331 72572 55360 37189 16596 53184 47830 146159 50107 25279 37218 37710 35354 22735 29483 25357 78484 33412 31279 30543 76789 67206 6819 23492 21738 27231 13644 14418 17685 20025 17933 46085 18538 736 13726 18171 17716 21084 15732 9547 13553 16981 3907 12106 4985 30148 9958 25951 17571 1066 13074 15908 15118 10477
cat_boundaries=0 1
cat_threshold=1512
is_linear=0
shrinkage=0.035


Tree=32
num_leaves=63
num_cat=5
split_feature=20 4 24 45 21 2 32 2 13 7 40 24 2 14 2 14 45 13 43 48 13 2 52 2 32 14 14 40 7 17 16 29 16 48 14 16 37 19 16 27 23 14 7 16 2 43 29 12 43 43 37 0 32 14 47 49 39 33 2 23 7 3
split_gain=16943.3 3367.38 1434.68 902.869 781.896 470.815 317.019 299.493 293.21 234.208 185.788 159.825 157.507 152.816 146.582 139.419 139.075 124.644 121.584 114.588 107.517 89.1342 88.9066 84.9182 84.5729 80.7488 78.3597 77.5215 90.4659 75.5809 74.319 73.0726 72.468 71.5369 70.7339 70.1352 65.1789 62.5805 62.0339 68.7407 61.962 61.7218 61.0956 59.7473 76.7957 58.995 58.5958 56.1908 54.8802 53.5683 53.1122 52.6914 51.2234 54.7738 51.1074 50.7758 49.5778 48.9965 47.8587 47.662 47.2399 46.7921
threshold=1.0000000180025095e-35 11.565000000000003 6.5000000000000009 1.6770833333333337 4.5300000000000002 16.595000000000006 284.87000000000006 115.22000000000003 0.86515151515151534 0.95833333333333337 1.0000000180025095e-35 11.500000000000002 884.79000000000008 16.500000000000004 18.090000000000007 16.500000000000004 2.683333333333334 0.6198686371100165 4.5000000000000009 2.5000000000000004 0.83045977011494265 321.72000000000008 5.5000000000000009 7.6850000000000014 6836.96 19.500000000000004 19.500000000000004 1.0000000180025095e-35 0.84523809523809534 12396.600000000004 0 358.00000000000006 1 4.5000000000000009 20.500000000000004 2 1.0000000180025095e-35 340.77300000000008 3 4.4900000000000011 0.68301270189221941 16.500000000000004 0.59166666666666679 4 1206.3800000000003 1.5000000000000002 358.00000000000006 30.250833333333336 8.5000000000000018 5.5000000000000009 5239.3500000000013 408.93000000000012 796.80000000000018 18.000000000000004 346.78000000000003 14.500000000000002 103.97500000000001 3.5000000000000004 581.49000000000012 0.68301270189221941 0.95833333333333337 262.50000000000006
decision_type=8 10 8 8 10 8 8 10 10 10 10 10 10 2 10 2 10 10 2 2 10 10 2 10 8 2 2 10 10 10 9 2 9 2 2 9 8 10 9 10 2 2 10 9 10 2 2 10 2 2 10 10 10 2 8 10 10 2 10 2 10 2
left_child=2 3 5 7 9 42 18 19 24 47 -7 22 34 -11 -8 -9 21 -15 45 -2 38 52 -4 57 49 -16 -18 -24 -29 31 -22 36 37 46 40 55 -19 48 -17 -40 -10 -14 -1 -38 -45 -5 -27 -3 -25 -6 54 -39 53 -12 -28 -35 -43 -21 -41 -44 -36 -32
right_child=1 4 11 6 8 10 14 15 12 13 16 -13 41 17 25 20 26 29 -20 23 30 -23 27 32 -26 33 50 28 -30 -31 61 -33 -34 35 60 -37 43 51 39 58 -42 56 59 44 -46 -47 -48 -49 -50 -51 -52 -53 -54 -55 -56 -57 -58 -59 -60 -61 -62 -63
leaf_value=-0.028432729197102425 -0.0081888438802799751 -0.010942851906316924 -0.0051897745226180013 -0.025499979752611323 0.0012237330578980022 -0.035141653997596417 -0.0087209778434047588 -0.007358911238703976 0.014596268506612156 0.00085752934930443032 -0.025567529617278196 -0.034486083004094149 0.01394242806939432 0.0087167875442663682 -0.0092598974101955334 0.020771692565594385 -0.025645558098434742 -0.014419892818766298 -0.0022785916547966123 0.0063125864895981487 -0.0018444967138087677 0.0043219193748885044 -0.03728152506091844 0.0099233461245279448 0.022023974836429792 0.0100906809803887 -0.012884929238680438 -0.029836708076169685 -0.02175561019459266 -0.00011611048745504077 0.016352148535656846 -0.0082255363833754324 0.00021113397308312334 -0.00047775326274290179 0.0098542038477639794 0.008586572465392359 0.023821921273634566 -0.0078641825568523619 -0.022742333714374886 0.0054520072239794088 0.029763951215623433 0.028755011810969781 -0.022370134236312938 0.013416263431371251 0.023539505594845789 -0.01360263531101762 -0.010758313616088781 0.0043511542265003015 0.025946302591067893 0.015124296959204572 -0.019801604534871252 0.01963259420695266 -0.016049326071004316 -0.002478089354007524 -0.0038068650146630043 -0.014663094507809697 0.035632548178567751 -0.0080583569627810468 0.01239984450570816 -0.013739199739439779 0.027927634066699909 0.031603778703949321
leaf_weight=1474.7957695126534 1074.4689309597015 378.55917979776859 223.14562863111496 691.86769559234381 425.72751171886921 321.76995852589607 2200.9400651976466 455.67466355860233 1422.5702485144138 861.25370687246323 134.92467850446701 6201.9860296398401 221.63196322321892 2097.9490304738283 766.82459603250027 500.93906454741955 484.41089897602797 67.976717352867126 979.29245539754629 423.97472182661295 271.86997556686401 1288.8429208770394 905.55371280014515 2295.3710354194045 2311.9153244793415 1848.3792999684811 1668.8474838808179 3960.4687427505851 3000.4208088517189 260.91769772768021 4409.5423644706607 117.72910590469837 1528.0628408491611 3595.3681779354811 190.22084011137486 1013.242032751441 2909.2638454437256 386.86298961937428 87.420555450022221 2864.2944246083498 430.88994535803795 2184.9113871902227 2975.6091587468982 2645.9755923897028 1410.9406993091106 1968.2544084638357 180.5106558650732 1308.8159893900156 295.24775347113609 1681.4929619729519 645.47714024782181 108.472721606493 587.85273685306311 1704.4572300687432 1395.8991569653153 337.19384102523327 3248.4737540632486 918.89051738381386 2111.4262521266937 1072.9244411513209 2890.6269290745258 261.43158188462257
leaf_count=13212 5621 1971 1695 4881 1788 3077 13702 2261 5982 3941 944 67675 914 8809 4181 2106 3541 276 5360 2125 1118 6519 9583 10198 9555 8842 11682 39975 27231 1059 17995 488 7009 17772 794 5020 11987 1779 493 12159 1840 9738 24617 10812 5832 12335 898 5720 1261 6911 4475 465 3667 10542 8737 1710 15199 4851 8650 8256 12384 1063
internal_value=-0.000111866 0.0105889 -0.0224854 0.0028235 0.0196471 -0.0144152 -0.00398852 0.00796517 0.0249795 0.0130091 -0.00910962 -0.0302516 0.0281409 0.0149763 -0.000752929 0.0115812 -0.00804645 0.0162546 -0.0128251 0.00232656 0.0124032 -0.00311471 -0.0270012 0.00422433 0.0173995 0.00151325 -0.0124138 -0.0276192 -0.0263571 0.0183865 0.0161603 0.0190614 0.00647845 0.00269885 0.0235597 0.000428071 0.0195192 0.00954913 0.00906336 0.00784457 0.0181366 0.0321334 -0.02232 0.0198524 0.0169003 -0.0167054 0.00823136 0.000915526 0.0117588 0.0123178 -0.0106798 -0.00181529 -0.00706366 -0.00418475 -0.00875274 -0.00169318 0.0328727 -0.00351978 0.00840219 -0.0200868 0.0268153 0.0171756
internal_weight=86691.1 58643.7 28047.4 31575.8 27067.8 13755.8 13581.9 17994 15008.5 12059.4 8232.48 14291.6 10589.3 10372 9942.46 10962.6 7910.71 9510.75 3639.41 7031.35 10506.9 3716.08 8089.59 5956.88 4419.14 7741.52 4194.63 7866.44 6960.89 7412.8 4942.84 7151.89 4614.02 6974.69 4934.31 4945.8 7034.16 3085.95 5564.08 5063.14 1853.46 5655.02 5523.33 6966.18 4056.92 2660.12 2028.89 1687.38 2590.62 2107.22 3710.22 495.336 2427.23 1839.38 3064.75 3932.56 5433.39 1342.87 4975.72 4048.53 3080.85 4670.97
internal_count=515283 269855 245428 153855 116000 99269 74701 79154 65105 50895 53184 146159 46851 43204 52125 45845 50107 39263 22576 33309 43584 21672 78484 27688 18254 38423 28435 76789 67206 30454 20176 29395 20712 34242 21000 24502 28907 13703 23408 21302 7822 25851 46085 28631 16644 17216 9740 7691 11459 8699 24894 2244 15153 11486 20419 19482 24937 6976 20809 32873 13178 19058
cat_boundaries=0 1 2 3 4 5
cat_threshold=75857 1528 31109 1192 1416
is_linear=0
shrinkage=0.035


Tree=33
num_leaves=63
num_cat=1
split_feature=5 13 50 0 0 34 0 34 24 24 42 39 23 14 14 17 32 16 0 0 26 48 26 39 22 19 0 41 0 41 44 37 44 46 0 47 14 19 27 14 1 48 47 22 18 22 18 13 13 22 42 26 26 42 14 18 9 22 6 18 11 18
split_gain=15905.4 3106.44 1477.56 982.167 540.419 381.746 356.566 270.373 261.351 240.573 177.486 163.187 155.095 155.759 152.56 146.235 124.293 123.337 121.062 117.727 114.018 121.82 102.524 98.8354 97.6989 94.4502 95.8262 91.7663 88.6462 85.4461 81.1544 78.6911 76.5745 74.1149 72.8363 70.3814 67.7792 66.5072 66.4543 65.523 64.2724 62.1808 59.1417 53.4509 60.6966 50.9992 60.719 50.4671 50.177 49.6768 48.3455 46.5079 46.4583 51.3379 46.2429 50.8627 67.6761 52.525 49.1426 52.0385 45.4031 44.9601
threshold=1.0000000180025095e-35 0.69782608695652182 0.13416407864995789 382.7000000000001 60.000000000000021 2.5000000000000004 54.198333333333345 1.5000000000000002 1.0000000180025095e-35 9.5000000000000018 1.5000000000000002 34.605000000000011 0.68301270189221941 20.500000000000004 18.000000000000004 1.0000000180025095e-35 12075.480000000001 0 445.74000000000007 18.360000000000024 131.50000000000003 10.500000000000002 192.50000000000003 18.735000000000003 1.5000000000000002 967.51499999999999 69.449999999999974 1532.3300000000002 71.010000000000005 5297.4000000000005 62.020000000000003 7362.0000000000009 378.12000000000006 0.38000000000000006 1432.5900000000001 3072.3200000000006 19.500000000000004 554.36866666666685 12872.525000000001 16.500000000000004 918.45000000000016 2.5000000000000004 2436.6200000000003 1.0000000180025095e-35 435.9281666666667 55.500000000000007 5516.9325000000017 0.33908045977011497 0.89087301587301593 1.0000000180025095e-35 1.5000000000000002 21.500000000000004 91.000000000000014 1.5000000000000002 16.500000000000004 13126.262500000003 3354.3900000000008 51.500000000000007 152.85416666666671 7366.4715000000006 759.64000000000021 11313.973333333333
decision_type=10 10 8 10 10 2 10 2 10 10 2 10 2 2 2 8 8 9 10 10 2 2 2 10 2 10 10 8 8 8 10 8 10 8 10 8 2 10 10 2 8 2 8 2 10 2 10 10 10 2 2 2 2 2 2 10 10 2 10 10 10 10
left_child=2 4 9 7 10 12 33 28 16 19 35 41 13 34 -10 -8 47 25 30 -1 51 -22 -21 -19 -15 26 -9 60 -3 -12 42 38 43 -4 -5 -2 -28 39 -14 -30 -41 -7 50 44 -20 46 -18 -6 -38 -24 -16 -17 -32 -54 -29 57 -57 58 -56 -60 -13 -26
right_child=1 3 6 5 8 11 15 17 14 -11 29 27 31 24 18 20 45 23 32 22 21 -23 49 -25 61 -27 36 54 37 -31 52 -33 -34 -35 -36 -37 48 -39 -40 40 -42 -43 -44 -45 -46 -47 -48 -49 -50 -51 -52 -53 53 -55 55 56 -58 -59 59 -61 -62 -63
leaf_value=-0.028861037944660287 -0.018159855638024532 -0.0033982087030079411 -0.024205896541575157 0.0042235072830584018 -0.0068727895152489267 0.0093707854856383624 -0.027578335718149643 0.0085962664683606593 -0.017190341672052044 -0.032864442133564417 -0.0083165836879514204 0.014885965135337889 0.020010332149020264 -0.018705507721647256 -0.0093873272591493279 -0.013300136854603855 0.013093830119973967 0.0013185790467602672 0.010044947824846183 -0.014457188052891127 -0.013326715603936324 0.00091402970612706222 -0.037035338698113457 0.014006646941580225 0.019669323728770019 -0.017183599436223558 0.0070714800310031486 0.015288139475938694 -0.0049555865970118875 0.0022233459750864494 0.0003929191430086282 0.029926267660192019 -0.0032071281708977864 -0.015657446911597823 0.015925769209330854 -0.0050036094894148836 0.017022081303435632 -0.0064603490144928425 -0.030674770839318338 0.006829864123457572 0.019447547141808699 0.02242526571126607 0.0085935642064272587 0.0091686930487217995 -0.039496583662319423 0.021433294278792009 -0.0046064427325954518 0.0059285056449306216 0.025555881652454645 -0.023052567809233621 0.0025068405358836419 0.0022417363390519079 -0.017856156945536807 -0.0054534741138714069 0.026344332392108243 -0.0024996550632488666 0.039735541003986609 0.037771490939427887 0.03669837004430504 0.011094450271009391 0.029829360169508799 0.0010014242094654631
leaf_weight=3730.0709733664989 2024.1979732438922 1733.7670156061649 2124.79692838341 1947.9345237910748 432.18792198598385 540.5670910179615 389.58112988620996 1174.6275135576725 573.53170777112246 8313.7662229537964 1919.8748331815004 673.71265675127506 2307.4195727556944 84.803259029984474 644.45626617223024 264.59324939548969 2470.5210023969412 1501.8779976665974 60.407308608293533 1965.342748247087 2635.393880687654 1020.5838760063052 377.79101841896772 1505.8669674098492 4609.0881329923868 98.094124495983124 440.16602642834187 205.53451053798199 383.5705791413784 1848.710374251008 917.67194800078869 1362.9588231146336 897.38492675125599 3018.1426017433405 978.84123618900776 661.85755897313356 1558.8799939155579 422.60025469958782 31.278638944029808 1643.3136574029922 707.70510439574718 2638.2839044928551 1097.616977468133 3205.9583283662796 59.127399981021881 803.89555083215237 262.14701014757156 2927.5552231967449 1869.0929499268532 1853.8291510865092 1190.3628923296928 2106.0012970492244 581.97082961350679 1373.7570548653603 1788.1765189766884 115.13761830329895 76.808730244636536 1828.6874635219574 1428.2353802025318 105.48605704307556 398.54744742810726 163.7664912045002
leaf_count=36987 13811 8685 17976 8208 2026 2226 3229 5000 3376 92125 10772 2935 9573 458 3732 1651 10265 6354 321 16473 16971 6104 4059 6254 19123 417 1872 847 1981 9841 4672 5757 4228 22755 4105 3846 6400 1959 127 7077 2863 11083 5344 14383 348 3341 1086 12380 7753 16754 6015 11809 3397 6994 8068 508 361 8560 6717 484 1789 668
internal_value=-0.000110883 0.0102803 -0.0218938 0.0170304 0.000606987 0.0216643 -0.0123278 0.00946512 0.00379989 -0.0287011 -0.00804824 0.0267403 0.017332 0.0145237 0.000349951 -0.00682255 0.00910295 0.0133694 0.00135468 -0.0243311 -0.00547647 -0.00935218 -0.0202991 0.00764815 0.0183667 0.0166672 0.017362 0.0298728 0.00295905 -0.00314692 -0.00192486 0.023232 0.00586295 -0.0191932 0.00814136 -0.0149212 0.020021 0.0064501 0.0193196 0.0084469 0.0106347 0.020209 0.002171 0.00831074 -0.014585 0.013682 0.0113948 0.00428023 0.0216812 -0.0254352 -0.00167367 0.000502158 -0.00610418 -0.00915141 0.0316874 0.0323154 0.0145194 0.0329756 0.0303249 0.0349458 0.0204629 0.0190291
internal_weight=86077.9 58278 27799.9 34324.8 23953.2 21285.3 11559.1 13039.6 17498.6 16240.8 6454.64 9799.18 11486.1 7784.43 10602.2 6416.15 6896.31 8148.61 10028.7 7927.03 6026.57 3655.98 4196.96 3007.74 4857.66 5140.86 5042.77 6620.33 4890.96 3768.59 5805.84 3701.66 4222.88 5142.94 2926.78 2686.06 3868.14 3157.19 2338.7 2734.59 2351.02 3178.85 2932.44 3325.49 119.535 3536.56 2732.67 3359.74 3427.97 2231.62 1834.82 2370.59 2873.4 1955.73 5548.07 5342.53 191.946 5150.59 3321.9 1533.72 1072.26 4772.85
internal_count=515283 268390 246893 148212 120178 91597 80495 56615 81908 166398 38270 43578 48019 32562 52810 39764 29098 34050 49434 74273 36535 23075 37286 12608 20249 21442 21025 30269 22565 20613 30154 15457 19280 40731 12313 17657 16025 13880 9700 11921 9940 13309 15091 15052 669 14692 11351 14406 14153 20813 9747 13460 15063 10391 25545 24698 869 23829 15269 7201 4724 19791
cat_boundaries=0 1
cat_threshold=1464
is_linear=0
shrinkage=0.035


Tree=34
num_leaves=63
num_cat=2
split_feature=20 4 24 13 21 2 2 2 7 14 13 40 24 13 47 14 14 22 13 18 16 22 42 2 22 26 17 40 2 16 42 47 2 22 2 13 14 26 19 13 2 17 14 14 11 37 36 44 23 14 2 17 23 41 3 18 2 14 26 23 42 3
split_gain=15084.2 3009.76 1393.28 873.644 664.104 443.048 327.466 275.913 242.868 212.055 211.982 177.586 163.391 150.3 146.142 143.331 133.134 124.49 122.568 108.814 99.5607 114.204 99.2349 99.0029 96.066 90.9293 91.63 90.261 105.725 90.0096 88.6564 85.2578 80.9699 70.827 70.7231 66.7892 65.627 64.494 61.6062 61.2134 60.6231 58.8848 57.0882 56.1177 54.3327 53.2733 52.1122 51.2534 50.5112 57.4821 49.577 48.9547 47.9415 47.0931 46.8345 46.5114 50.8562 45.8675 44.8425 44.7683 46.384 44.1669
threshold=1.0000000180025095e-35 15.125000000000002 6.5000000000000009 0.54356060606060608 14.440000000000003 16.595000000000006 55.25500000000001 16.595000000000006 0.95833333333333337 16.500000000000004 0.8973684210526317 1.0000000180025095e-35 11.500000000000002 0.84807692307692317 7386.2300000000005 19.500000000000004 18.000000000000004 56.500000000000007 0.36939571150097467 6189.6090000000013 0 5.5000000000000009 3.5000000000000004 884.79000000000008 1.5000000000000002 21.500000000000004 1.0000000180025095e-35 1.0000000180025095e-35 12.980000000000002 1 1.5000000000000002 2673.0000000000005 445.7700000000001 39.500000000000007 865.45000000000016 0.38278388278388281 18.000000000000004 21.500000000000004 25.937500000000004 0.24568965517241384 1681.7400000000005 15073.740000000003 20.500000000000004 18.000000000000004 559.14000000000021 5239.3500000000013 4.0050000000000008 121.72500000000001 0.68301270189221941 20.500000000000004 208.28999999999999 8724.340000000002 0.68301270189221941 2872.0350000000003 45.500000000000007 13126.262500000003 321.72000000000008 21.500000000000004 192.50000000000003 0.68301270189221941 1.5000000000000002 267.50000000000006
decision_type=8 10 8 10 10 8 10 10 10 2 10 10 10 10 8 2 2 2 10 10 9 2 2 10 2 2 8 10 10 9 2 8 10 2 10 10 2 2 10 10 10 10 2 2 10 10 8 10 2 2 10 8 2 8 2 10 10 2 2 2 2 2
left_child=2 3 5 7 8 39 22 36 38 -8 33 -7 27 20 30 -10 -13 19 45 25 -11 -22 31 42 -16 -17 -27 -4 -29 61 54 -5 47 -6 48 -28 -2 -33 -3 -1 -37 46 -12 -32 -31 50 -19 -20 49 -23 -18 -26 -41 -25 -9 56 -35 -24 -30 60 -38 -15
right_child=1 4 12 6 10 11 9 14 15 13 23 16 -14 29 24 17 18 41 32 -21 21 34 57 53 51 26 35 28 58 44 43 37 -34 55 -36 40 59 -39 -40 52 -42 -43 -44 -45 -46 -47 -48 -49 -50 -51 -52 -53 -54 -55 -56 -57 -58 -59 -60 -61 -62 -63
leaf_value=-0.026930683744799368 -0.029678719442971607 -0.01705082766918848 -0.03684000475723434 -0.0073467865518178233 0.014364971325904403 -0.034628438630849905 -0.0090974145392116457 -0.0026278300419106705 0.0056821946314765028 0.018906262825903662 0.017793831664127437 -0.024422912433655634 -0.033977774199424465 0.017626661130438356 -0.016161482529922392 -0.010091188231849882 -0.012179945546364064 0.012056170933095425 0.00051777237730884389 -0.0004842871494618329 -0.010068304841164865 -0.0022423747672486636 0.0017520235391758265 0.024924117812996915 0.0099700051772087135 -0.0081969894424256552 0.0012149272860197862 -0.02848175685879871 -0.015368301036375128 0.0075096302969903462 -0.015645186913392582 -0.016749609086951098 0.007476850236521569 0.015646014141551406 0.014169539440109574 0.016427868845365939 -0.018661929954285877 0.0081712534818877466 0.0034828794855768785 -0.021433014235861841 0.025082701581360337 0.0014505023534541845 0.027082554364873904 0.00068144806838740715 0.020730434103372063 -0.019296137645944084 0.028699189403959234 -0.0094402947318527868 0.011010094843370177 0.0066637808176417887 -0.0031856640288331715 -0.0038460677457674095 -0.012450299551647963 0.033261210776304145 -0.012914043980395919 -0.0018394532760797199 0.029742524549640343 0.012020962136931001 -0.024239843301664475 -0.0056259356583038857 -0.0085042987715684189 0.031886809325603407
leaf_weight=1734.9930987730622 249.55178636312485 203.61926725506783 874.37638560682535 2337.9843815118074 2345.6322612911463 306.78104843944311 679.14148296415806 844.57372047752142 1599.9786834567785 905.97750277817249 1305.6520898193121 531.11599561572075 5875.8940016627312 3243.7266433015466 221.06651981174946 158.20547214150429 1901.0731038451195 271.3914203196764 1208.4681450650096 521.77305309474468 469.1137296333909 1311.1318493187428 1319.8156671375036 1090.509656265378 2078.2661722302437 175.85232421755791 299.71883711218834 4070.6911682635546 1461.4239370003343 2052.603565171361 277.98988376557827 147.1389095634222 907.58072838932276 457.24739326536655 1625.8711930811405 5074.4209343343973 1210.7090253680944 901.29420644044876 1428.0721791684628 2603.1586784496903 1237.8737192749977 124.63501900434494 2179.1275789737701 3409.9670074433088 467.32215964794159 701.86579316109419 1608.5215680152178 1328.7309603542089 1675.0638285726309 2745.4815631210804 1241.7535293474793 369.53741675615311 1017.7202771008015 3723.6513693034649 1516.8273504003882 80.798906102776527 1024.9195369929075 893.0576489418745 1352.2273121029139 1192.8461941331625 1014.9497656971216 290.89368124306202
leaf_count=15937 1798 1068 9744 12441 9758 3077 3436 4694 6950 3847 5582 3860 67675 13347 1183 660 13517 1140 7332 2147 2173 5716 6177 4978 9834 722 1309 42471 13233 8441 1586 849 4505 1875 6660 20943 8771 4078 6282 22115 5199 508 9517 17003 1922 4974 6781 8179 7090 11712 7740 1878 8033 17648 8528 333 4370 4019 13036 7407 6302 1193
internal_value=-0.000109918 0.00991199 -0.0216788 0.00305292 0.019122 -0.0136994 0.00738998 -0.00432321 0.0135184 0.0100155 0.024952 -0.00854735 -0.0295681 0.0108938 -0.00093443 0.015376 -0.00751996 0.0170126 -0.00628522 0.0149298 0.00795415 0.00665148 0.000137336 0.0281189 0.00588653 0.0160876 0.0166992 -0.0262245 -0.0248711 0.0151318 -0.00394419 -0.00362885 -0.00148979 0.0182223 0.00772779 0.0173624 -0.0123752 0.00466119 0.000911598 -0.0215144 0.0181288 0.0247604 0.0236084 -0.000553124 0.0099293 -0.0105803 0.0263042 -0.00469893 0.00589834 0.00378539 -0.00862838 0.00788352 -0.0189124 0.0313783 -0.00923777 0.0239984 0.0254072 0.00589986 -0.019639 -0.0111037 -0.0140357 0.0187559
internal_weight=85481.4 58363.5 27117.9 33451.9 24911.6 13483.2 21065.6 12386.3 12704.1 15466.3 12207.5 8127.37 13634.6 14787.2 8718.23 11072.4 7820.59 9472.39 7289.47 7467.84 8732.64 7826.66 5599.29 8298.94 2668.87 6946.07 6787.87 7758.72 6884.34 6054.55 6049.36 3386.42 3444.78 3908.6 7357.55 6612.01 3668.06 1048.43 1631.69 5355.87 6312.29 2004.55 3484.78 3687.96 2519.93 3844.69 1879.91 2537.2 5731.68 4056.61 3142.83 2447.8 3620.88 4814.16 2361.4 1562.97 1482.17 2212.87 2813.65 3418.5 2225.66 3534.62
internal_count=515283 269855 245428 162085 107770 99269 93101 68984 53709 65537 54061 53184 146159 62101 44706 46359 50107 39409 46247 30980 37198 33351 27564 37725 12895 28833 28173 78484 68740 24903 31811 17368 20016 16336 31178 27451 24278 4927 7350 46085 26142 8429 15099 18589 10363 26231 7921 15511 24518 17428 21257 11712 30148 22626 13222 6578 6245 10196 26269 22480 15073 14540
cat_boundaries=0 1 2
cat_threshold=1256 5504
is_linear=0
shrinkage=0.035


Tree=35
num_leaves=63
num_cat=4
split_feature=20 13 24 0 45 0 34 24 34 46 39 24 40 7 14 39 23 16 13 32 48 1 14 14 0 7 40 7 35 32 48 27 19 13 26 14 26 26 0 37 14 27 44 52 17 0 19 16 22 18 16 14 22 16 22 3 17 14 26 7 18 26
split_gain=14228.8 2779.4 1370.9 900.912 478.377 413.315 311.524 307.29 280.844 198.807 169.545 164.752 164.221 145.934 139.85 133.314 133.142 131.137 126.367 104.398 103.978 167.8 98.2541 94.802 91.2493 90.703 90.5866 97.5806 87.2667 85.909 84.192 76.8737 72.6538 71.0639 67.0129 66.5711 66.158 125.938 65.9791 60.3856 59.1253 56.8421 56.3141 55.6473 53.3198 52.5701 51.4782 51.2183 49.3551 69.7808 49.3096 48.9425 48.8044 48.6438 50.7892 47.9722 51.8407 46.7831 45.089 43.5831 42.8043 42.4773
threshold=1.0000000180025095e-35 0.69782608695652182 6.5000000000000009 559.17000000000019 2.5227272727272729 54.198333333333345 1.5000000000000002 1.0000000180025095e-35 2.5000000000000004 15.850000000000001 18.735000000000003 11.500000000000002 1.0000000180025095e-35 0.78888888888888908 18.000000000000004 82.570000000000007 0.68301270189221941 0 0.22902097902097904 inf 2.5000000000000004 1119.1500000000003 20.500000000000004 18.000000000000004 417.51000000000005 0.84523809523809534 1.0000000180025095e-35 0.91287878787878796 1.5000000000000002 12075.480000000001 2.5000000000000004 2.1950000000000007 990.18888888888898 0.90692640692640702 91.000000000000014 19.500000000000004 299.50000000000006 131.50000000000003 76.530000000000015 7362.0000000000009 20.500000000000004 12872.525000000001 39.980000000000011 5.5000000000000009 5694.3900000000012 1432.5900000000001 120.53666666666669 1 34.500000000000007 13126.262500000003 2 19.500000000000004 56.500000000000007 3 6.5000000000000009 62.500000000000007 6334.3700000000008 16.500000000000004 161.50000000000003 0.47727272727272735 5516.9325000000017 21.500000000000004
decision_type=8 10 8 10 10 10 2 8 2 10 10 10 10 10 2 10 2 9 10 8 2 8 2 2 10 10 10 10 2 8 2 10 10 10 2 2 2 2 10 8 2 10 10 2 10 10 10 9 2 10 9 2 2 9 2 2 10 2 2 10 10 2
left_child=2 4 5 6 7 25 20 19 16 -9 17 26 -7 -6 -11 30 22 32 -14 57 -3 34 45 -20 42 -1 -4 43 -23 -15 40 -24 35 -12 -22 -8 37 61 -37 41 -10 -18 47 -28 -26 -5 -27 -16 55 -50 -35 -21 60 -39 -55 -17 -57 -2 -29 -36 -53 -25
right_child=1 3 11 8 13 12 10 9 15 14 33 -13 18 29 24 48 39 -19 23 51 21 28 31 36 44 46 27 58 -30 -31 -32 -33 -34 50 59 38 -38 53 -40 -41 -42 -43 -44 -45 -46 -47 -48 -49 49 -51 -52 52 -54 54 -56 56 -58 -59 -60 -61 -62 -63
leaf_value=-0.023706645866785475 -0.010866942644668259 -0.005981438475716366 -0.036638437155393264 0.0044409249604309428 -0.018762786218685566 -0.034295575729290997 0.00053838062267344067 -0.01203066263000812 0.006102036679246978 -0.016489670699176426 0.014024602323812215 -0.033721139578153023 -0.015769361146644234 -0.010097315545231649 -0.0038338873257374459 0.029792389087503042 0.020403202728008767 0.0020644015923115284 -0.021660425383044229 0.0015887182693644373 0.0093957702320314213 -0.0076093607826892744 -0.02739713755579886 -0.014136257158957315 0.0086885461647559607 -0.011835561996145529 0.0011299220910848634 -0.01482567259137711 0.020880939366780045 -0.00021233410091825927 0.024121370934273273 0.018432849705613954 -0.017145652383292208 0.024246899044399164 -0.029434774015488718 0.0079840495757426966 0.0071593879525447017 0.010341318723656984 0.019098752591246378 0.030214523310616758 0.031108908685163757 -0.031082717820445301 -0.0037402691441559646 -0.028646598605101322 -0.0024338526039337557 0.015065896324054652 -0.021915385168651214 0.0067672798240257298 0.035788838277042226 0.0016918861517547571 0.010438976162484901 0.01317171959068294 0.021602819609705889 -0.026029804802244864 -0.0095423569360209709 0.021783970341597049 -0.010964926526728064 0.0055062452560168508 -0.023706427059855571 -0.00025512349541415691 -0.0031833626816080937 0.0031204126420334485
leaf_weight=3458.1564190089703 227.46110171079636 1097.6245305240154 848.87115591019392 1377.9797633141279 1292.8769956380129 270.001699231565 389.22092029452324 1560.3544930815697 590.10456100106239 504.17409706860781 2527.9208265393972 5716.2236913889647 1427.3461634963751 2245.8650733157992 815.75164799392223 1596.9659450501204 1706.5607346445322 1931.5201309025288 349.65751062333584 424.31286220252514 1089.6167317479849 150.1296274214983 44.516770698130131 190.84206034243107 2993.2853589579463 1860.0976732820272 78.374455571174622 1339.7334701493382 1046.2199312448502 2068.6560726240277 3402.7735286653042 3866.3618723750114 92.111357241868973 2287.8668363392353 63.370977610349655 924.1000347584486 697.66920872032642 126.14306250959635 2257.6480744332075 1074.7377855330706 143.34683328866959 25.828226447105408 2923.5105223506689 3848.0938371047378 640.56586603820324 973.94781863689423 935.34629978984594 1728.4643751978874 1999.4150110334158 76.437263309955597 430.88560101389885 2336.9387300908566 825.7492910772562 261.50312831252813 1816.4345237165689 419.1773973107338 68.298211917281151 3342.7867070138454 1486.5183153003454 2421.7859111949801 213.58845502138138 1959.5043394714594
leaf_count=31500 1086 5627 9744 5788 9169 2795 1698 9490 2449 2974 10498 67675 10459 12964 4236 7491 7118 8113 2477 1840 4822 641 281 1240 13268 14244 645 12236 4313 11160 14933 16148 387 9817 338 3903 4172 807 9258 4619 630 105 15052 41395 2857 4098 7239 8939 9709 341 1788 9765 3495 1750 11534 1933 311 14557 14464 10965 881 11052
internal_value=-0.000108963 0.00958935 -0.0212796 0.0160262 0.000504298 -0.0133533 0.0102236 0.00321395 0.0216086 -0.000447427 0.0137395 -0.0292251 -0.00757218 -0.00845224 0.00143521 0.0262639 0.0173478 0.00949803 -0.00651075 0.00875988 0.00372757 0.00596197 0.0145043 -0.00406181 0.00242984 -0.0199137 -0.0258402 -0.0244776 0.0173023 -0.00535897 0.0218023 0.0179043 0.013374 0.0182596 0.00216298 0.0142032 -0.00283976 -0.00444311 0.0158741 0.0236844 0.0110251 0.0196181 -0.000427282 -0.0280521 0.00672779 0.00884532 -0.0152149 0.00337958 0.0306934 0.0345347 0.0221907 0.0127966 0.0142042 -0.0103204 -0.0115731 0.0268531 0.0171826 0.00446036 -0.0195034 -0.00101074 0.0118014 0.00158303
internal_weight=84891.3 58220.8 26670.5 34076.5 24144.3 13352.7 16710 18536.9 17366.5 11166.1 10841.3 13317.8 7099.1 5607.4 9605.75 8296.52 9069.93 5594.6 6829.1 7370.84 5868.75 4771.12 6262.81 5401.75 9101.58 6253.6 7601.59 6752.72 1196.35 4314.52 4136.22 3910.88 3663.08 5246.67 3574.77 3570.97 5052.1 4354.43 3181.75 2807.13 733.451 1732.39 5467.73 3926.47 3633.85 2351.93 2795.44 2544.22 4160.29 2075.85 2718.75 3800.59 3376.28 2204.08 2077.94 2084.44 487.476 3570.25 2826.25 2485.16 2550.53 2150.35
internal_count=515283 269855 245428 148122 121733 99269 72168 88440 75954 56816 45462 146159 46286 33293 47326 37797 38157 23359 43491 31624 26706 21079 26315 33032 44352 52983 78484 68740 4954 24124 18012 16429 15246 22103 16125 14859 30555 26383 13161 11842 3079 7223 28227 42040 16125 9886 21483 13175 19785 10050 11605 15981 14141 14091 13284 9735 2244 15643 26700 11303 10646 12292
cat_boundaries=0 1 2 3 4
cat_threshold=1464 227352 21928 74968
is_linear=0
shrinkage=0.035


Tree=36
num_leaves=63
num_cat=5
split_feature=20 4 24 13 34 7 32 0 46 24 6 40 16 22 14 16 18 26 48 47 42 32 14 18 13 46 32 18 14 40 0 14 0 47 7 22 40 29 22 4 3 16 22 7 16 22 3 41 18 3 17 22 18 25 26 41 26 3 18 40 16 14
split_gain=13420.3 2690.18 1348.36 759.272 612.464 400.418 295.606 281.555 279.444 166.021 155.232 154.687 149.081 145.833 143.314 132.822 123.87 116.703 119.358 113.304 110.784 107.287 112.563 105.711 103.167 100.378 99.6271 98.9658 91.4075 90.8824 97.8463 81.3936 79.021 78.4124 70.6016 70.4606 115.186 66.4216 88.957 61.8422 61.6919 61.617 75.1889 59.8661 58.1641 71.7936 63.2888 57.3343 63.4461 59.0889 57.0411 63.6445 54.864 57.3688 54.1257 52.6092 52.3011 51.8269 51.7411 50.8414 49.9196 48.2774
threshold=1.0000000180025095e-35 15.125000000000002 6.5000000000000009 0.54356060606060608 2.5000000000000004 0.95833333333333337 12075.480000000001 365.84333333333336 95.120000000000019 11.500000000000002 92.842500000000015 1.0000000180025095e-35 0 31.500000000000004 16.500000000000004 1 3544.8450000000007 131.50000000000003 11.500000000000002 57.645000000000003 1.5000000000000002 179.73000000000005 18.000000000000004 1064.6978030303032 0.91833333333333345 14.445000000000002 8049.4600000000009 11313.973333333333 16.500000000000004 1.0000000180025095e-35 25.806666666666668 18.000000000000004 21.123333333333338 4314.0500000000011 0.86607142857142871 8.5000000000000018 850.47000000000014 263.00000000000006 7.5000000000000009 0.34500000000000003 245.50000000000003 2 1.5000000000000002 0.82575757575757591 3 23.500000000000004 47.500000000000007 841.28000000000009 11313.973333333333 193.50000000000003 15073.740000000003 56.500000000000007 11313.973333333333 93.377500000000012 21.500000000000004 841.28000000000009 223.50000000000003 49.500000000000007 4778.8258333333342 4266.9600000000009 4 16.500000000000004
decision_type=8 10 8 10 2 10 8 10 10 10 10 10 9 2 2 9 10 2 2 8 2 10 2 10 10 10 8 10 2 10 10 2 10 8 10 2 10 2 2 10 2 9 2 10 9 2 2 8 10 2 8 2 10 10 2 8 2 2 10 10 9 2
left_child=2 3 5 6 7 32 20 19 21 29 12 -7 31 16 -10 23 28 54 60 -3 43 22 -5 -16 41 -8 59 33 -9 -4 -31 -6 -1 -15 -24 36 -30 44 -39 -36 55 42 -17 -2 45 46 -27 -12 -49 -50 51 58 53 -28 -13 -37 -32 -18 -21 -25 -19 -22
right_child=1 4 9 8 10 11 25 13 14 -11 47 17 -14 27 15 24 57 18 -20 50 61 -23 34 26 -26 37 52 -29 35 30 56 -33 -34 -35 39 40 -38 38 -40 -41 -42 -43 -44 -45 -46 -47 -48 48 49 -51 -52 -53 -54 -55 -56 -57 -58 -59 -60 -61 -62 -63
leaf_value=-0.023206831229788404 -0.024723804019878576 -0.0025953523649302306 -0.036440678855724523 -0.010864789780527776 0.0081513001493671265 -0.034159434988795437 -0.0086667880101899252 -0.0031812312245747794 -0.010102172118025152 -0.033465929650450615 0.01595957653457818 -0.01603157465658683 0.013167957889370011 0.018701305682885378 -0.0024911789374100317 -0.02981502985868692 0.012047325581427929 -0.0023414990600601031 0.0038269567946056255 0.010045049280616395 -0.026124692711179825 -0.0079862280593265503 -0.0045223366909105493 0.0062116743849700354 0.019266778926181061 -0.0027957888090361775 0.010885309947423391 0.0024827260170607922 0.01530258013966225 -0.027779578831478028 -0.015165557381099305 0.027793187549834328 -0.014712428222616947 0.029076623375382606 0.0015255082364204133 0.0091205607012596144 -0.012173630134003688 -0.003240803099266899 0.013848560897879131 0.010488264216101688 -0.039638412496402854 0.018584376801482588 0.0092743755025246691 -0.012447150503638814 0.0078671656130669225 0.0021922814477414623 -0.018518234710149732 0.031029620947130847 0.022354284502812669 -0.016119323060757119 -0.0030040036652717655 0.018436573095254125 -0.015716847094336156 0.022497999793157315 0.00038591582423263112 0.02202563781147476 -0.024830233357241507 -0.0076707206783932719 -0.0045675594008671343 -0.0061848884589349772 -0.014223987819171724 -0.0048931593895403603
leaf_weight=3550.536011941731 707.11109916865826 1129.5701735317707 824.04989138990641 621.41871858388186 289.54460699856281 260.21259124577045 1218.549639634788 296.63553109765053 438.54830303043127 5560.9763921350241 388.48360404372215 271.14653437584639 2177.9926241785288 1760.6838907152414 1305.9459990561008 60.186512939631939 259.59703975915909 519.63964024931192 628.33765653520823 2720.1388272345066 136.92031964659691 1327.4445590004325 797.17774777859449 1698.9262613356113 2421.1958227455616 917.84255981445312 1858.0749386548996 282.85623428225517 848.98465240001678 3781.6386357918382 1668.31912650913 2486.5135020464659 2169.3058853894472 1829.2737361341715 1573.9543266892433 458.10875084996223 238.77578435838223 555.58166290819645 1133.2251815497875 2353.1745464205742 20.455759331583977 964.65776346623898 4306.8232956677675 1572.4246114045382 902.90760869532824 1981.1218302622437 475.78839603066444 4454.1390057653189 217.86176681518555 62.18270406126976 388.78799425065517 1052.4894002079964 76.786727532744408 725.98099570721388 2559.4980763345957 2563.095229908824 1174.7159483581781 436.31853444874287 332.60200382769108 531.26288665831089 3268.188386619091 2722.5140591785312
leaf_count=32668 5511 5186 9744 3391 1210 2745 7616 1280 2199 67675 1734 1841 9416 7389 5622 352 1079 3434 3961 11329 854 6594 4129 7296 10014 4771 7757 1151 3473 41125 15718 10975 17286 8024 7659 1891 976 2820 5429 10024 85 4087 18305 9743 4677 10146 2479 21146 1011 270 1829 4376 327 3034 14962 10760 11897 1800 1380 2311 22372 14938
internal_value=-0.000107813 0.00927705 -0.0208829 0.00279846 0.0180351 -0.0130123 -0.00410146 0.0134572 0.00683589 -0.0288833 0.0246742 -0.00769508 0.0202478 0.0172978 0.00958128 0.0102008 0.0134178 -0.00674024 -0.0102956 0.00731215 -0.0105101 0.00091584 0.00312747 0.00634365 0.0132573 0.000483035 0.00871561 0.0224246 0.0155756 -0.025458 -0.0240865 0.0256558 -0.0199884 0.0239947 0.00496987 0.0169234 0.0092656 0.00235287 0.00822793 0.00689738 0.019658 0.0105501 0.008709 -0.0162645 3.20339e-05 -0.00208308 -0.00817289 0.0289502 0.0300126 0.0137844 0.00980242 0.0110157 0.0132877 0.0141553 -0.00119182 0.0200725 -0.0191662 -0.000308575 0.008452 0.00325719 -0.0126386 -0.00591858
internal_weight=84317.2 58080.6 26236.6 33385.5 24695.1 13226.9 12324 14618.4 21061.6 13009.7 10076.7 7507.02 4954.05 8994.79 14388.4 13949.8 5121.97 7246.81 4416.17 5623.59 5138.97 6673.17 5345.73 6196.98 7752.86 7185.02 4891.03 3872.81 4426.06 7448.72 6624.67 2776.06 5719.84 3589.96 4724.31 4129.42 1087.76 5966.47 1688.81 3927.13 3041.66 5331.67 4367.01 2279.54 4277.66 3374.75 1393.63 5122.67 4734.18 280.044 4494.02 4105.23 2660.84 2584.06 2830.64 3021.2 2843.04 695.916 3052.74 2230.19 3787.83 2859.43
internal_count=515283 269855 245428 162085 107770 99269 68984 62008 93101 146159 45762 49315 21601 37908 61304 59105 21344 46570 29767 24100 31046 31797 25203 26347 32758 37938 20725 16564 18465 78484 68740 12185 49954 15413 21812 17185 4449 30322 8249 17683 12736 22744 18657 15254 22073 17396 7250 24161 22427 1281 18914 17085 11118 10791 16803 12651 27615 2879 12709 9607 25806 15792
cat_boundaries=0 1 2 3 4 5
cat_threshold=1448 223253 4352 31110 197720
is_linear=0
shrinkage=0.035


Tree=37
num_leaves=63
num_cat=4
split_feature=20 4 24 2 7 2 21 42 42 32 24 40 32 22 29 12 13 13 17 17 22 3 40 2 18 4 18 2 2 17 2 1 21 29 16 46 29 22 42 42 29 17 18 6 3 48 22 16 19 23 16 48 23 16 17 41 17 48 1 3 22 0
split_gain=12656 2532.78 1325.59 790.52 546.077 405.059 318.578 288.567 238.374 211.961 167.259 164.621 151.046 143.981 122.69 117.411 112.58 110.267 104.572 102.406 98.0242 96.0035 91.1695 105.551 88.6583 89.4923 88.3269 84.4016 83.0546 78.6398 75.7269 69.9233 68.0944 67.8649 66.3907 66.1962 62.9325 62.4451 62.1943 58.0773 55.1573 54.3456 53.3653 56.8543 53.3411 52.8176 51.9856 68.3682 51.4146 50.7013 48.4152 48.0592 47.9871 51.0993 47.2702 47.0139 46.5702 49.9059 49.8094 46.5207 52.7397 45.8872
threshold=1.0000000180025095e-35 3.8550000000000009 6.5000000000000009 462.96000000000004 0.95833333333333337 16.595000000000006 14.440000000000003 3.5000000000000004 3.5000000000000004 inf 11.500000000000002 1.0000000180025095e-35 1.0000000180025095e-35 35.500000000000007 23.500000000000004 49.030000000000008 0.22902097902097904 0.91833333333333345 15073.740000000003 7.2900000000000009 38.500000000000007 62.500000000000007 1.0000000180025095e-35 2.5100000000000002 13126.262500000003 86.445000000000007 5516.9325000000017 115.22000000000003 394.90000000000015 6334.3700000000008 1511.3700000000001 18.735000000000003 23.085000000000004 23.500000000000004 0 149.82000000000002 23.500000000000004 9.5000000000000018 1.5000000000000002 2.5000000000000004 8.0000000000000018 5066.1000000000013 11313.973333333333 36.366666666666681 237.50000000000003 10.500000000000002 9.5000000000000018 1 967.51499999999999 0.68301270189221941 2 2.5000000000000004 0.68301270189221941 3 24601.050000000003 3416.2200000000007 1.0000000180025095e-35 2.5000000000000004 4204.8900000000003 38.500000000000007 8.5000000000000018 1.4899999999999956
decision_type=8 10 8 10 10 8 10 2 2 8 10 10 10 2 2 10 10 10 8 10 2 2 10 10 10 10 10 10 10 10 10 10 8 2 9 10 2 2 2 2 2 10 10 10 2 2 2 9 10 2 9 2 2 9 10 8 8 2 8 2 2 10
left_child=2 4 5 7 15 38 20 9 12 31 22 -7 19 21 -13 39 -16 55 34 -6 26 30 -4 -24 25 36 44 -18 52 40 50 -3 45 -14 -11 -35 -15 -32 61 -2 -23 -29 43 -22 56 49 47 -30 -19 -10 -8 -25 53 -21 -48 -9 -5 -58 -59 -37 -61 -1
right_child=1 3 10 6 8 11 13 17 32 18 -12 14 33 24 16 -17 27 48 -20 28 42 29 23 51 -26 -27 -28 41 46 -31 37 -33 -34 35 -36 59 -38 -39 -40 -41 -42 -43 -44 -45 -46 -47 54 -49 -50 -51 -52 -53 -54 -55 -56 -57 57 58 -60 60 -62 -63
leaf_value=-0.027698156593110292 -0.016791082034676254 -0.010469893176885387 -0.036246401390662951 -0.0077541207661605081 -0.012844895019208087 -0.03384051447631118 0.023347024474072775 0.0068363024889741501 0.00021102056726154115 0.013937034781112056 -0.033211856510822313 -0.023326873091235344 -0.018305805053832679 0.0066508303082782189 -0.013993233685887728 -0.003984407185321415 -0.0083879263574072379 0.023714951570110176 -0.003848722837286793 -0.0061614164646223313 0.015326160354389112 -0.011082870870181298 -0.028415518377613563 -0.028046298389077191 0.0031396366471025897 0.034844133532542974 -0.0043964586437634694 0.0022604202219093776 -0.01876161553718448 -0.012224291515058446 0.015574444804038891 0.0013708354864915928 0.013178497636349465 -0.0080360702742304935 0.0059147146730032501 0.0084960268608630009 0.026879826490321414 0.03210985379769539 -0.012975919831216601 -0.0039387840912404187 0.017635045745758846 -0.0099395449508221361 0.00073317484604635197 0.025933636966180645 -0.031733202357219895 0.014404406706077155 0.012040084971470773 0.0064974340065229357 0.0082248370919909969 0.0099331721572668199 0.011754170664654022 -0.017447993525828241 0.0062849702555711233 0.0025263067746543254 -0.017786262528837221 0.014856244779625515 0.0064933715838935693 0.014231895741166118 0.024682820254837565 -0.018370049419368283 -3.672555267360151e-05 -0.019724611378684344
leaf_weight=1334.071270801127 2181.827712841332 889.87443009018898 799.9021707251668 117.9318331182003 446.53391273319721 284.58518794178963 1211.8320256173611 1441.8041559308767 1826.8436551243067 3310.3333915024996 5410.0734482035041 511.19565126299858 385.27650789171457 209.4408196657896 1536.0045289546251 2737.8503705710173 2343.6615235060453 1938.6587982326746 666.52783995866776 1307.2435210198164 1033.4680794626474 88.214426279067993 3070.6985092684627 649.99187916517258 154.93847952783108 2337.6555939614773 359.67332731187344 2773.5305722504854 162.45383271574974 141.32229243218899 353.37317407131195 1943.7179552018642 2735.0900228768587 1845.0387258380651 2130.0848806202412 680.81421671807766 1945.4332702457905 1399.2265585660934 1104.0457371845841 537.49188816547394 1046.9686208367348 532.25072383880615 157.40937298536301 1566.3595964163542 30.678713873028755 704.79232676327229 2389.9264981299639 528.78875297307968 305.177599593997 1025.2585188001394 823.96598827838898 2779.8145104199648 1827.9656140506268 2226.238453567028 66.062859520316124 2374.2387445420027 793.28739435970783 3020.5550460517406 687.97151939570904 216.98281129449606 1626.2159145772457 2686.9876453429461
leaf_count=13219 15526 4597 9744 480 2575 3077 5382 5971 8098 13891 67675 3860 2298 881 11472 15577 16096 8242 3260 6559 4361 369 34735 6634 663 11463 1480 15545 772 618 1595 8602 11425 10007 8981 3187 8791 6566 8644 3061 4689 3134 639 6790 128 2998 10370 2354 1305 4376 3614 27371 8530 11184 292 9761 3339 12561 2904 1106 7637 24222
internal_value=-0.000106702 0.00897516 -0.020488 0.0154537 0.000709512 -0.0126763 0.020512 0.00955847 0.00338706 0.00556088 -0.0285414 -0.00774413 0.000798356 0.0247385 -0.00677494 -0.009103 -0.0055943 0.0154545 0.00923131 0.00347505 0.0152247 0.0206472 -0.0250762 -0.0236963 0.0291919 0.0300894 0.0123032 -0.00330868 0.00433293 0.0123306 0.0234454 -0.00235006 0.00902653 -0.00424311 0.0108342 -0.00299912 0.0249177 0.0287866 -0.0203542 -0.0142531 0.0153956 0.00029374 0.0205268 0.0217245 0.0135955 0.00583104 0.00884532 0.000365432 0.0216128 0.00370814 0.0188354 -0.0194641 0.00168294 -0.000698913 0.0112309 0.0118287 0.0139033 0.0144722 0.0161768 0.000684589 -0.00220373 -0.0223762
internal_weight=83755.6 57938.8 25816.8 32480.1 25458.7 13106.3 17479.7 15000.4 20001.5 8940.54 12710.5 7981.23 13709.5 9712.37 7696.64 5457.17 7185.45 6059.88 6106.95 8955.21 7767.33 5064.9 7300.41 6500.5 4647.47 4492.53 5010.1 5649.44 8508.68 1276.51 3788.4 2833.59 6291.98 4754.33 5440.42 4369.05 2154.87 1752.6 5125.1 2719.32 1135.18 3305.78 2757.24 2599.83 4650.42 3556.89 3147.23 691.243 2243.84 2852.1 2035.8 3429.81 5361.45 3533.48 2455.99 3816.04 4619.75 4501.81 3708.53 2524.01 1843.2 4021.06
internal_count=515283 269855 245428 141923 127932 99269 77313 64610 93768 39331 146159 53184 66871 44631 50107 34164 46247 25279 26132 42636 32682 22833 78484 68740 21798 21135 20892 34775 40061 5676 17157 13199 26897 24235 22872 21937 9672 8161 46085 18587 5058 18679 11790 11151 19412 15472 13788 3126 9547 12474 8996 34005 26273 17743 10662 15732 19284 18804 15465 11930 8743 37441
cat_boundaries=0 1 2 3 4
cat_threshold=132512 16640 5512 153600
is_linear=0
shrinkage=0.035


Tree=38
num_leaves=63
num_cat=4
split_feature=24 4 2 24 7 34 42 7 2 32 23 48 17 45 22 22 18 14 2 18 14 14 13 26 10 2 22 19 18 14 16 22 2 1 22 3 41 22 18 16 52 27 22 16 39 9 14 37 5 27 32 17 18 14 19 18 16 0 40 4 12 12
split_gain=11940.2 3059.58 813.146 717.995 643.942 308.733 304.603 265.752 228.166 193.672 163.04 190.595 161.19 145.043 137.467 136.676 119.668 118.655 107.69 97.0406 99.3421 95.597 93.5629 92.4486 91.9958 90.2738 94.7972 88.373 84.0177 78.4677 76.5558 112.101 75.9347 72.3464 71.4909 67.4402 70.2132 65.6597 65.4424 64.54 64.4478 62.469 70.5469 72.4202 63.5642 61.5708 60.3689 60.3444 59.9545 72.6225 59.9484 59.7433 58.5797 57.1792 55.0559 54.8058 52.9482 52.8787 55.5939 52.8313 50.7354 48.6593
threshold=3.5000000000000004 3.2450000000000006 462.96000000000004 7.5000000000000009 0.95833333333333337 2.5000000000000004 3.5000000000000004 0.86607142857142871 302.62500000000006 inf 0.68301270189221941 9.5000000000000018 1.0000000180025095e-35 2.5227272727272729 39.500000000000007 1.0000000180025095e-35 6277.3350000000009 16.500000000000004 164.41000000000005 11029.170208333335 16.500000000000004 19.500000000000004 0.91833333333333345 91.000000000000014 1.0000000180025095e-35 1847.9300000000003 42.500000000000007 607.59818181818196 4778.8258333333342 16.500000000000004 0 8.5000000000000018 677.30000000000018 18.090000000000007 1.0000000180025095e-35 237.50000000000003 880.14999999999998 70.500000000000014 13126.262500000003 1 3.5000000000000004 6893.0100000000002 11.500000000000002 2 46.105000000000011 1197.5200000000002 16.500000000000004 839.33000000000004 29.400000000000031 13571.190000000001 284.87000000000006 2015.3600000000004 11029.170208333335 18.000000000000004 967.51499999999999 1256.3566666666668 3 1.9200000000000015 1.0000000180025095e-35 0.7350000000000001 17.288333333333338 24.395000000000003
decision_type=8 8 10 10 10 2 2 10 10 8 2 2 8 10 2 2 10 2 10 10 2 2 10 2 10 10 2 10 8 2 9 2 10 10 2 2 8 2 10 9 2 10 2 9 10 10 2 8 10 10 8 8 10 2 10 10 9 10 10 10 10 10
left_child=1 4 6 7 13 14 9 40 10 33 11 27 -9 53 16 47 29 -7 -14 20 -17 -11 56 51 -5 26 -19 34 -20 -4 -22 55 -33 -3 -6 36 -31 -13 -28 -23 -2 42 43 -38 -44 -18 -36 -10 -16 -50 -15 -12 60 -1 -24 -32 -8 -26 -59 -48 -41 -55
right_child=3 2 5 24 8 17 22 12 15 21 23 37 18 50 48 19 45 25 28 -21 30 39 54 -25 57 -27 38 -29 -30 35 31 32 -34 -35 46 -37 41 -39 -40 52 -42 -43 44 -45 -46 -47 59 -49 49 -51 -52 -53 -54 61 -56 -57 -58 58 -60 -61 -62 -63
leaf_value=-0.022252350174828003 0.0064420562187990117 -0.010234506534367714 -0.00085231061935470262 -0.032958645757263108 -0.029348560636697787 0.0061772586879617888 0.015092100873800756 -0.030336428809457711 0.0032453064169279447 -0.0015980907171576722 0.0033368341421245898 0.0011813975523950154 -0.014338046589212122 -0.021665273880412513 0.014220037563260726 -0.012581106496267395 -0.014045193002498057 0.019029380204572763 -0.0011099347077877832 -0.0097144063568266343 0.024680035808071897 0.0026860813628954336 0.022294632868980306 -0.0064635745017400936 -0.031839942815421067 0.031262566185244353 0.029572479339316334 -0.018894464962264323 -0.017490506145385332 0.0068938254837979333 0.0029527369836466876 0.0055147361405560365 0.013237266537850814 0.00132898345097635 -0.02060487051824306 -0.032567999900462878 0.018182543804861648 0.015940456934182948 -0.015128749252770041 -0.0048610042702172613 -0.024554783792630232 -0.0060737253927902529 0.013858602917997497 0.0014635385933889106 0.024024763036164125 0.016954455438492378 -0.0058221644485698413 -0.030965438744644507 0.026257480654096384 0.0055336074021062357 -0.011033539678777633 0.012808176800054267 -0.0068624219620358369 -0.011746260405912319 0.0074267184594136674 -0.013299986924303786 0.006953636702644336 -0.03615591825868205 -0.022125627771534991 0.0049289200942031304 0.013671179065529435 -0.0028600117747959149
leaf_weight=258.85825227200985 83.546318955719471 947.94157930463552 416.18856303393841 5263.4326758831739 154.40183283388615 398.60279786586761 2264.0283212810755 570.59762013703585 100.24354495853186 1002.4345217719674 2228.914083994925 2195.9081572592258 4006.0670495778322 1453.7430360466242 1044.4975729435682 280.28851526975632 296.18457143008709 2954.2107109874487 1734.3190142810345 403.17071557044983 339.94617713987827 1167.4391505867243 2103.7371006309986 786.26182942837477 1447.4998850375414 2488.3126401305199 2099.4060742259026 756.04620771110058 491.55468051880598 1031.2327643632889 841.56708179414272 2879.750666052103 3407.9496583938599 2197.3225381448865 290.66557414829731 35.567433521151543 704.3879554271698 442.93705229461193 40.329845353960991 188.73406934738159 3925.0015750080347 139.25511296093464 1177.1319370865822 587.59401544928551 2120.1914476007223 105.72049579024315 3576.650569781661 168.93544983118773 2180.197655826807 229.55336917936802 1181.2749334201217 1286.8052915632725 191.98141823709011 1036.4899980649352 358.33279791474342 362.97649753093719 1841.1893648058176 394.62588550895452 2948.6810862496495 663.01271368563175 4152.9255718886852 2774.7034128159285
leaf_count=1775 658 4986 1809 67675 1033 1666 9387 5868 620 4809 10970 11388 32154 11794 4387 1559 1223 13448 11306 1864 1446 4987 8968 3954 17294 12257 9924 3921 3456 4243 3774 12700 14702 9879 1786 148 2910 2212 174 901 39463 579 4899 2414 9053 435 19635 1130 9571 949 8915 6056 804 6945 1526 1714 7598 5030 32206 2963 17387 15996
internal_value=-0.000105434 0.00756558 0.0145385 -0.0230222 -0.00105699 0.0196656 0.00890057 -0.0167583 0.00193735 0.00500659 -0.00112356 -0.00405406 -0.0125427 -0.0105083 0.015587 0.00625113 0.0126277 0.0248082 -0.0109089 0.00702799 0.00786114 0.00836813 0.0147386 0.00437993 -0.0297553 0.0257867 0.0231062 -0.00779733 -0.0047336 0.0138252 0.00859421 0.00781779 0.00970181 -0.00215825 -0.00600277 0.0148792 0.0151778 0.00366384 0.0287233 0.0101205 -0.0239073 0.0169826 0.0176834 0.0107377 0.0204008 -0.00586894 -0.0052008 -0.0182603 0.0212475 0.0242864 -0.0169051 0.00680614 0.0120015 -0.00636387 0.0201346 -0.00195182 0.0114983 -0.0262298 -0.023792 -0.00414011 0.0128646 -0.00527916
internal_weight=83201.5 62336.1 34464.6 20865.3 27871.5 18048.6 16416.1 10811.1 21166.4 9848.78 12381.6 8079.62 6802.54 6705.07 10067.7 8784.83 6613.45 7980.86 6231.94 8515.65 8112.48 6703.51 6567.29 4301.98 10054.2 7582.26 5093.95 5440.78 2225.87 6211.55 7832.19 7492.24 6287.7 3145.26 4684.73 5795.36 5759.79 2638.85 2139.74 5701.08 4008.55 4728.56 4589.31 1291.98 3297.32 401.905 4530.33 269.179 3454.25 2409.75 2635.02 3515.72 4533.64 4070.05 2462.07 1204.54 4105.22 4790.81 3343.31 4239.66 4341.66 3811.19
internal_count=515283 300173 151321 215110 148852 80089 71232 92905 103427 43753 63918 42938 52784 45425 42620 39509 27713 37469 46916 37759 35895 28888 27479 20980 122205 35803 23546 29338 14762 26055 34336 32890 27402 14865 25417 24246 24098 13600 10098 24079 40121 19855 19276 5324 13952 1658 24384 1750 14907 10520 20709 17026 19092 24716 10494 5488 16985 54530 37236 22598 18288 22941
cat_boundaries=0 1 2 3 4
cat_threshold=1152 79887 5256 480
is_linear=0
shrinkage=0.035


Tree=39
num_leaves=63
num_cat=3
split_feature=24 4 2 24 7 34 42 2 42 47 47 47 42 45 42 17 22 17 14 46 10 13 13 22 17 17 29 22 42 22 44 17 0 4 26 14 17 47 14 14 19 16 0 22 19 48 27 29 22 42 16 14 16 22 41 48 2 19 22 26 19 27
split_gain=11288.1 2863.15 753.862 711.561 620.676 300.184 273.614 258.79 223.366 197.533 191.886 139.961 150.029 138.84 135.209 134.749 123.714 116.603 111.362 94.9104 92.8609 90.9129 88.026 87.2112 100.531 85.0675 81.9408 78.3642 78.3045 67.8189 67.5006 67.0251 84.307 65.8812 63.9094 63.7985 63.5782 60.2567 56.4241 56.3413 54.0442 53.2003 52.8451 51.8799 50.2343 49.9007 49.5415 48.7742 48.4475 47.8901 47.4993 46.6835 47.3851 71.6793 56.6539 46.0486 45.5071 81.4911 45.3922 45.2996 43.7151 43.4426
threshold=3.5000000000000004 3.8550000000000009 462.96000000000004 7.5000000000000009 0.95833333333333337 2.5000000000000004 3.5000000000000004 25.010000000000005 3.5000000000000004 1.0000000180025095e-35 6273 4722.7500000000009 3.5000000000000004 2.5227272727272729 1.5000000000000002 2.4400000000000004 1.0000000180025095e-35 15073.740000000003 16.500000000000004 97.575000000000031 1.0000000180025095e-35 0.94281045751633996 0.91833333333333345 31.500000000000004 6020.9100000000008 24601.050000000003 23.500000000000004 16.500000000000004 1.5000000000000002 16.500000000000004 421.96000000000009 3798.6900000000005 162.48999999999998 105.92000000000002 177.00000000000003 19.500000000000004 3713.2200000000007 288.9500000000001 18.000000000000004 19.500000000000004 967.51499999999999 0 1.9200000000000015 1.0000000180025095e-35 4433.8200000000006 11.500000000000002 13571.190000000001 293.00000000000006 4.5000000000000009 2.5000000000000004 1 16.500000000000004 2 1.5000000000000002 401.96000000000004 2.5000000000000004 349.24500000000006 1039.9740000000002 35.500000000000007 100.50000000000001 278.54142857142864 4731.7500000000009
decision_type=8 8 10 10 10 2 2 10 2 10 8 8 2 10 2 8 2 8 2 10 10 10 10 2 8 8 2 2 2 2 10 10 10 10 2 2 10 8 2 2 10 9 10 2 10 2 10 2 2 2 9 2 9 2 10 2 10 10 2 2 10 10
left_child=1 4 6 7 13 11 10 34 9 16 28 12 39 38 -11 -9 -6 29 -7 60 -5 -20 50 24 48 27 -17 36 -3 41 51 32 -28 -23 -2 -10 -18 -15 -1 -4 -24 -12 -22 -44 -26 47 -25 -29 -13 -40 55 -21 -53 54 -54 -8 57 -37 -33 -32 -16 -50
right_child=3 2 5 20 8 18 22 15 35 14 17 23 -14 37 19 26 25 -19 21 30 42 33 40 46 44 -27 31 45 -30 -31 59 58 -34 -35 -36 56 -38 -39 49 -41 -42 -43 43 -45 -46 -47 -48 -49 61 -51 -52 52 53 -55 -56 -57 -58 -59 -60 -61 -62 -63
leaf_value=-0.021953224822681746 -0.017413149109313054 -0.0060011397145871377 -0.0070717064413452647 -0.032706039210652502 -0.020899491346494069 0.0061630425223759408 0.0040314624140879232 -0.028797431891575041 -0.0029611933876255376 -0.0089370421263498361 0.013676148034895339 -0.00085107265256715203 0.017792650154179485 -0.019069624615080296 -0.0030510568661293977 -0.025246419645602626 0.004806736118680011 -0.0036013794077955829 0.01934695078380497 -0.014959813958016871 -0.03155129392134693 0.023959428468249784 0.021734870508050161 0.026421434734877867 -0.0070154366775328283 -0.013439913892887508 -0.011213514035447026 0.0091661316352165453 0.0032837638830394348 0.016742101843339897 0.0059302106846875697 -0.02418186865087749 6.7408427784624485e-05 0.031879933426456321 -0.025170604622608662 0.0086304009213036218 -0.018331397739744643 -0.0056425258609643205 -0.0082018462105791466 0.0078775581771002735 0.0068646792295477864 -0.00087456522766146542 -0.03337754739094017 -0.021445078169397901 0.031391431506621069 0.034995984346182465 0.0086301254146985001 0.023452041730622163 0.021324046874517923 -0.00020735330934204825 0.0067465164596975076 0.018776324988968026 0.0034786983948156482 0.0044825015591880213 -0.038065828414195098 0.017033716189197041 0.013015315054842418 -0.008426353173845727 -0.010054908003639061 -0.012338500554215747 -0.01323941123703783 0.00049797633413495052
leaf_weight=258.55385648459196 2299.2485234364867 1543.1086789667606 348.02665109932423 5120.9708818793297 199.50154327601194 396.46285405755043 410.71895010769367 470.67166943848133 590.6854509562254 3037.3575684651732 612.76746774464846 151.89450474083424 2459.3923182338476 2109.9219576194882 1935.1311778351665 360.10760957747698 1564.6557446569204 596.13370975852013 2265.6544995754957 155.2200486138463 1410.2849155440927 2702.4054517298937 2056.4637186229229 1979.5413557440042 316.46065972745419 230.4520777463913 1536.4976533353329 1972.3592003583908 3981.341252297163 2257.939710997045 233.03790272772312 418.57809321582317 1718.7325124442577 2498.533926948905 3035.9260496497154 2561.0308585464954 159.39243417978287 509.26228933781385 2357.4514041692019 2693.6372298896313 351.76109024882317 612.99566411972046 537.57200034707785 2742.5719109401107 47.032565146684647 113.48427340388298 213.64289070665836 343.61939249932766 1620.6412604749203 1502.8864245638251 1804.0621200203896 258.33923719078302 73.286327235400677 4212.6582213193178 87.679617315530777 1794.8338119983673 2181.1785025522113 395.37062488496304 838.14969544112682 575.00671496242285 702.88266511261463 132.79407067596912
leaf_count=1794 21787 7651 1484 67675 1167 1657 1737 4966 2720 17578 2540 626 10348 17053 10783 3025 7386 2965 10062 936 17294 12632 8808 8797 1337 1236 11933 9103 17472 9384 1091 3149 11189 12937 30594 11140 762 3757 15014 11143 1501 2570 6824 30412 195 512 886 1508 6940 8225 7439 1223 397 19813 597 7401 8945 1731 6262 2819 3814 557
internal_value=-0.000104091 0.00732125 0.0141916 -0.0226333 -0.000890275 0.0191435 0.00868119 -0.0163785 0.00200494 -0.000135457 0.0049415 0.0151057 0.0113659 -0.0101627 -0.00262684 -0.0109302 0.00599001 0.0106973 0.0242571 -0.000298114 -0.0294382 0.0252169 0.014276 0.0197128 0.0148898 0.00721816 -0.00919857 0.00836731 0.000689655 0.0131444 0.00228216 -0.00791246 -0.0052591 0.0277698 -0.0218313 0.0079279 0.00265817 -0.0164621 -0.00615393 0.0061653 0.0195666 0.00650901 -0.0258642 -0.0234102 -0.00197346 0.012416 0.0246931 0.0112949 0.0181062 -0.00509033 0.0110943 0.00386173 0.00449554 0.00359677 -0.0192463 0.0145494 0.00918019 0.00634726 -0.0147757 -0.00706904 -0.00576967 0.019748
internal_weight=82658 62168.7 33848.2 20489.3 28320.4 17826.1 16022.1 10677.9 21582.3 15854.1 9604.29 9963.06 5501.06 6738.08 11270.6 5342.74 4583.46 4079.84 7863.06 8233.24 9811.4 7466.59 6417.84 4462.01 2268.82 4383.96 4872.07 4153.51 5524.45 3483.7 5595.23 4511.96 3255.23 5200.94 5335.17 5728.27 1724.05 2619.18 4118.89 3041.66 2408.22 1225.76 4690.43 3280.14 363.493 2429.46 2193.18 2315.98 1905.33 3860.34 4009.61 4787.18 4631.96 4373.62 160.966 2205.55 5137.58 2956.4 1256.73 808.045 2638.01 1753.44
internal_count=515283 300173 149069 215110 151104 79601 69468 92905 105261 80725 42582 42313 22975 45843 59051 40524 21674 17459 37288 41473 122205 35631 26886 19338 9655 20507 35558 19271 25123 14494 26876 32533 23122 25569 52381 24536 8148 20810 25033 12627 10309 5110 54530 37236 1532 11123 9683 10611 8123 23239 16577 22966 22030 20807 994 9138 21816 12871 9411 3910 14597 7497
cat_boundaries=0 1 2 3
cat_threshold=136360 480 1064
is_linear=0
shrinkage=0.035


Tree=40
num_leaves=63
num_cat=4
split_feature=24 4 2 24 2 34 45 7 42 47 40 14 47 42 22 13 2 17 41 2 10 41 32 13 22 17 1 23 16 18 48 13 22 8 44 26 8 0 40 14 26 18 22 16 19 0 14 19 43 7 39 23 27 19 16 26 14 26 16 22 18 14
split_gain=10670.8 2678.27 714.354 704.612 590.713 289.374 277.826 255.982 255.684 178.869 157.059 152.727 132.389 140.671 128.527 126.049 114.377 108.603 107.674 95.8447 93.6907 88.6387 86.2261 83.1514 82.5888 94.1993 76.9444 76.4321 70.1676 69.0407 68.0049 66.1806 65.2934 63.4901 60.8551 55.1593 54.9024 52.7919 55.9374 52.4953 52.2984 50.9587 54.4073 61.8382 50.8891 52.9462 50.845 50.8051 50.3386 48.5822 47.2825 47.0416 47.0092 46.8213 46.58 46.433 46.2153 47.4152 47.978 45.4879 54.2674 44.1605
threshold=3.5000000000000004 3.8550000000000009 462.96000000000004 7.5000000000000009 18.090000000000007 2.5000000000000004 2.035714285714286 0.86607142857142871 3.5000000000000004 6273 1.0000000180025095e-35 19.500000000000004 4722.7500000000009 3.5000000000000004 1.0000000180025095e-35 0.36181818181818187 690.5200000000001 15073.740000000003 2808.0000000000005 208.28999999999999 1.0000000180025095e-35 697.12000000000012 284.87000000000006 0.91833333333333345 31.500000000000004 6020.9100000000008 31.715000000000003 0.68301270189221941 0 4778.8258333333342 4.5000000000000009 0.94590643274853814 5.5000000000000009 17.500000000000004 302.45000000000005 21.500000000000004 15.500000000000002 1.9200000000000015 1.0000000180025095e-35 19.500000000000004 223.50000000000003 13126.262500000003 18.500000000000004 1 1065.6191666666668 810.63000000000011 16.500000000000004 967.51499999999999 8.5000000000000018 0.61250000000000016 103.97500000000001 0.68301270189221941 13571.190000000001 4433.8200000000006 2 51.000000000000007 16.500000000000004 21.500000000000004 3 4.5000000000000009 400.93955357142863 20.500000000000004
decision_type=8 8 10 10 10 2 10 10 2 8 10 2 8 2 2 10 10 8 8 10 10 10 8 10 2 8 10 2 9 10 2 10 2 2 10 2 2 10 10 2 2 10 2 9 10 10 2 10 2 10 10 2 10 10 9 2 2 2 9 2 10 2
left_child=1 4 8 7 15 12 11 40 9 26 -9 -6 13 39 21 49 28 32 54 51 -5 -13 -8 56 25 59 -3 33 44 -21 35 -20 -11 46 -24 -30 -32 -22 -39 -4 -2 42 43 -18 48 -46 -17 -25 -16 -1 -33 -12 -26 -27 -7 -23 -10 -58 -59 60 -14 -34
right_child=3 2 5 20 6 18 22 10 23 17 19 14 24 -15 16 27 41 -19 31 29 37 55 34 47 52 53 -28 -29 30 -31 36 50 61 -35 -36 -37 -38 38 -40 -41 -42 -43 -44 -45 45 -47 -48 -49 -50 -51 -52 -53 -54 -55 -56 -57 57 58 -60 -61 -62 -63
leaf_value=-0.024640556315274398 -0.019084986245602089 -0.0054052263765512979 -0.0068324126878129103 -0.032453796096826713 -0.0061331453019091908 0.021571460562290663 -0.012799950830002179 -0.035136094009670778 -0.0077978999332841874 -0.00042894678248921089 -0.015801674119674151 -0.00059662212767633499 0.01387108631856737 0.017221373974538812 0.0063008552982395088 -0.02922395267675422 -0.0033201919995354836 -0.0034802893584350058 0.019825248758056271 -0.00095306455798493299 -0.031262951473639326 0.042515000857432379 -0.00067793040624151328 0.021062736465055257 0.025676555874910294 -0.0067746488966201951 0.0034753598202177222 -0.00050029661418309176 -0.010547233524326117 -0.0166591426341226 0.0011083236424838736 0.024721196722969001 0.0096002322477933815 -0.02202721943839148 -0.012372993874962719 0.010113260332526889 -0.009633730695843782 -0.035808842480363035 -0.021345713675841396 0.0076048069338316105 -0.027252085940796193 -0.0090802674223736356 0.016699534806441832 0.012166162475222668 -0.01283794693573179 0.008876822275285929 -0.0067300111525820609 0.006633293339395544 0.016768770173778546 -0.013219535353296343 0.032303457785179533 -0.00758439687939182 0.0083352536638354197 0.030295450692586018 0.010908236535119332 -0.039976564500126467 -0.0049180814910464643 0.016057731596794127 0.0077999078350150363 0.019141168431924895 -0.030224995864952368 0.018088527342255321
leaf_weight=676.33177374303341 1941.0889954790473 1747.4016548618674 347.64997194707394 4982.6028556451201 1513.3498208224773 1285.6500233560801 1228.5313825681806 336.07364649325609 158.09794883430004 409.94698297977448 3134.5134660005569 222.07164038717747 101.64596383273602 2452.2044883966446 5399.0279623046517 128.32760430127382 446.35702984035015 595.33369317650795 1456.2903510928154 1593.1711330637336 1374.1269066780806 8.0805192738771421 3845.8362318500876 2047.9981802105904 1965.9464821368456 316.27751195430756 3776.213823094964 1641.9876237213612 184.83133910596371 435.91350815445185 1556.6046139746904 2026.1016412675381 1322.0198113396764 446.29896366596222 634.06529923528433 1072.7266062274575 930.53615671396255 372.40148171037436 2846.4509297683835 2692.6413081288338 1931.0309153422713 138.55786602199078 1771.2934500277042 1064.7191018760204 322.90901760756969 238.15816995501518 2607.5481421947479 351.33291694521904 627.84160199761391 1417.6156673207879 2058.79792791605 1176.7117375135422 213.49678947031498 47.063888147473335 961.51085603237152 142.68228812515736 204.2609923183918 1996.6203864365816 1649.7267556190491 1745.8895847052336 50.262557193636894 1750.5013495236635
leaf_count=6087 19728 8690 1484 67675 7695 5914 7890 4084 690 1715 26441 1204 420 10348 24724 932 1885 2965 6554 10413 17294 43 21729 8808 8797 1337 16433 9377 867 3114 7178 9606 5508 2975 3577 4778 4287 5030 32206 11143 20393 594 7293 4415 1477 995 16328 1501 2657 11103 10862 8732 886 195 4352 1014 854 8250 6783 7497 206 7271
internal_value=-0.00010279 0.00708528 0.0137445 -0.0222467 -0.000861481 0.0185856 0.00201887 -0.0160042 0.00838479 0.0047705 -0.011849 0.00443104 0.0146225 0.0109857 0.00556313 -0.0097488 0.00611313 0.0103294 0.0236375 -0.0106093 -0.029121 -0.0146882 -0.00458951 0.0137986 0.0191173 0.0144194 0.000665507 -0.00663392 0.00427588 -0.00433379 0.000439607 0.0262608 0.0126905 -0.00979769 -0.00233559 0.00707069 -0.00291295 -0.0254991 -0.0230296 0.00595224 -0.0231639 0.0116595 0.0125375 0.00765098 0.00644563 -0.00362121 -0.00779539 0.0189535 0.00739394 -0.0169185 0.0285496 -0.0135611 0.0239824 -0.00190296 0.0171603 -0.0353042 0.0107093 0.011471 0.0123902 0.0175437 -0.000821403 0.0144406
internal_weight=82121.3 61997.2 33730.9 20124.1 28266.3 17721.4 21348.2 10548.5 16009.5 9601.42 6676.38 15639.7 9933.08 5492.5 14126.4 6918.11 13753.6 4077.8 7788.35 6340.31 9575.58 372.834 5708.43 6408.04 4440.58 2261.14 5523.62 4824.16 10332.6 2029.08 3744.7 5541.19 3482.47 3182.17 4479.9 1257.56 2487.14 4592.98 3218.85 3040.29 3872.12 3420.93 3282.37 1511.08 6587.94 561.067 2735.88 2399.33 6026.87 2093.95 4084.9 4311.23 2179.44 363.341 2247.16 150.763 4008.71 3850.61 3646.35 1897.8 151.909 3072.52
internal_count=515283 300173 149069 215110 151104 79601 104302 92905 69468 42582 52784 71106 42313 22975 63411 46802 61150 17459 37288 48700 122205 2261 33196 26886 19338 9655 25123 29612 46963 13527 17110 27022 14494 20235 25306 5645 11465 54530 37236 12627 40121 14187 13593 6300 29853 2472 17260 10309 27381 17190 20468 35173 9683 1532 10266 1057 16577 15887 15033 8123 626 12779
cat_boundaries=0 1 2 3 4
cat_threshold=132600 18689 5504 480
is_linear=0
shrinkage=0.035


Tree=41
num_leaves=63
num_cat=0
split_feature=24 4 24 2 7 21 0 42 2 4 40 47 23 48 22 45 18 22 26 10 3 22 26 18 17 18 14 26 19 13 30 13 44 22 14 22 2 47 3 26 48 14 2 26 48 17 0 40 26 19 14 13 22 19 19 14 4 47 38 12 35 14
split_gain=10086.1 2506.84 697.194 695.898 539.275 319.217 250.766 217.547 198.052 162.795 158.273 157.323 143.828 173.776 126.754 125.993 122.802 117.474 107.835 94.476 93.2401 92.7284 92.0321 91.237 84.922 84.8735 85.216 84.7504 81.7095 70.219 69.6998 66.2551 67.7302 65.3399 59.422 59.1025 58.4364 57.6217 57.1208 72.6571 56.6421 55.6053 54.8418 67.8295 53.3818 52.897 52.7242 56.705 51.5806 50.7366 50.0662 49.4256 49.0081 47.1846 46.1599 49.4146 45.2493 48.8693 48.9406 44.774 48.5916 43.9872
threshold=3.5000000000000004 3.2450000000000006 7.5000000000000009 356.40000000000009 0.95833333333333337 7.2250000000000005 19.080000000000009 3.5000000000000004 302.62500000000006 34.605000000000011 1.0000000180025095e-35 6273 0.68301270189221941 9.5000000000000018 35.500000000000007 2.5227272727272729 13126.262500000003 1.0000000180025095e-35 177.00000000000003 1.0000000180025095e-35 66.500000000000014 52.500000000000007 21.500000000000004 6189.6090000000013 6334.3700000000008 11029.170208333335 16.500000000000004 91.000000000000014 607.59818181818196 0.91833333333333345 119.69000000000001 0.54356060606060608 302.45000000000005 1.0000000180025095e-35 20.500000000000004 70.500000000000014 388.34500000000008 26.480000000000004 16.500000000000004 39.500000000000007 10.500000000000002 20.500000000000004 2524.1400000000003 21.500000000000004 3.5000000000000004 2015.3600000000004 1.6833333333333711 1.0000000180025095e-35 161.50000000000003 967.51499999999999 18.000000000000004 0.86515151515151534 5.5000000000000009 222.77055555555557 774.28848484848504 16.500000000000004 335.26000000000005 inf 18.735000000000003 24.395000000000003 15.500000000000002 18.000000000000004
decision_type=8 8 10 10 10 10 10 2 10 10 10 8 2 2 2 10 10 2 2 10 2 2 2 10 10 10 2 2 10 10 10 10 10 2 2 2 10 8 2 2 2 2 10 2 2 8 10 10 2 10 2 10 2 10 10 2 10 8 10 10 2 2
left_child=1 4 6 7 15 21 -2 11 12 34 -8 30 13 28 20 50 61 38 36 -4 51 23 -13 42 -22 26 -19 45 33 54 -3 32 -28 -6 44 -15 -12 -17 -10 -40 -20 -35 43 -5 -7 -14 -21 -48 -32 -31 -1 -11 -24 -23 55 -9 57 58 -45 -52 -61 -16
right_child=2 3 19 5 8 9 10 29 17 14 18 22 27 35 16 37 -18 25 40 46 24 53 52 -25 -26 -27 31 -29 -30 49 48 -33 -34 41 -36 -37 -38 -39 39 -41 -42 -43 -44 56 -46 -47 47 -49 -50 -51 59 -53 -54 -55 -56 -57 -58 -59 -60 60 -62 -63
leaf_value=-0.021019950642985875 -0.022949369860311285 -0.012055721500482309 -0.032201677243680914 -0.0059984794394006297 -0.02842304049483358 -0.00030874957185325825 -0.034686936353928596 -0.01135138526801689 0.0040882209411663368 0.015309939560340543 -0.0081822336993148635 -0.0046917499824362567 0.0031105460801087686 0.0011372434055961008 0.017778826075655986 -0.020847219514656731 -0.0017902138259955325 -0.011806683417562892 -0.018081751344846578 -0.031100782624386515 0.014422639024579751 -0.010417179156608013 0.00025585314633041415 -0.0047438028205699307 -0.014713378922470656 -0.0092167755234386882 0.0063173899620913307 -0.0063379558876141516 -0.018196168881636044 0.020125061673192758 0.0057037543659638548 0.01053088102762877 -0.0073744881578734081 -0.0091302402359527707 0.018387575152042451 0.015107242260480953 0.0035094668210160639 -0.010298902996819851 0.067820550425065185 -0.035030158805151972 -0.0083633001531373246 -0.0013370277889798215 0.019647375919966896 0.0063201970951371131 0.014242253214163661 0.012004587168087891 -0.035669205516201778 -0.02101016730496735 -0.001864012118533839 0.003309756828921177 -0.011108420155513169 0.025037203188879184 0.013324181291545029 0.020755745966899285 -0.0012043441088328305 0.012098225060701887 -0.0014083034888259626 0.01725706703912213 0.015435031153876682 -0.00031075286078891369 -0.012240158616815565 0.03091339921358047
leaf_weight=249.31224678456783 3702.6831256896257 536.64780559390783 4848.2428824603558 302.9890564084053 149.44107457250357 479.77266654372215 344.33426893502474 113.60152065753937 96.764617457985878 876.41040313243866 2430.4014626964927 488.94326521456242 2231.594674192369 2193.8258146345615 349.24701672792435 1328.2780461087823 158.09102088212967 276.3193643540144 2161.5376794934273 1299.3715411871672 826.88168804347515 61.24231792986393 403.86341534554958 460.82875880599022 143.00206644833088 400.75988531112671 2551.7548562288284 784.17053878307343 746.81253223121166 1734.4736400395632 1882.2756403684616 4756.856896802783 534.52700412273407 2100.3569506704807 2222.9792142361403 445.52814804017544 666.81100253760815 1220.7808375880122 7.9783258736133567 157.42245639115572 1116.9401431679726 2406.2296983078122 849.93867690861225 2070.491322055459 865.69560019671917 1294.189455896616 366.94818283617496 2832.0546255633235 2663.0167367830873 252.19005842506886 1021.6058515161276 2437.2715383321047 2713.9226506128907 1573.8196650147438 415.58836609125137 2946.2130374908447 333.32114987075329 1453.5491364896297 1108.9457845240831 2245.7419727295637 513.02268267422915 3389.2100491225719
leaf_count=1775 38774 3038 67675 1299 1033 2000 4303 504 560 3717 18541 2545 10970 11388 1589 11295 685 1559 18126 16791 3821 256 1691 1904 630 1864 12034 3954 3921 7423 8352 19631 2671 11656 9652 2212 4171 9414 44 1146 8990 12728 3614 8563 3750 6056 5106 32633 12034 1067 6945 11927 11280 6789 1714 12164 1386 6165 4677 12823 3173 17085
internal_value=-0.000101339 0.0068569 -0.0218622 0.0132088 -0.00096237 0.0174174 -0.0156354 0.00727057 0.0017617 0.0211187 -0.0116026 0.00382906 -0.00109522 -0.00385989 0.0238412 -0.0097125 0.028414 0.00577953 -0.0103506 -0.0288035 0.0196758 0.0121222 0.00941839 0.0102657 0.010116 0.00649024 0.00726655 0.00406324 -0.00745539 0.0127434 -0.000138847 0.00793993 0.00394441 -0.00572907 0.0148731 0.00350024 -0.00566476 -0.0158015 -0.0172552 -0.0296913 -0.0147743 -0.00497038 0.0113966 0.0100623 0.00905722 0.00637771 -0.0251346 -0.0227023 0.00127048 0.0179932 -0.00585781 0.0224699 0.011632 0.0195825 0.00973807 0.0112242 0.0110431 0.0119391 0.00950318 -0.00485259 -0.00253279 0.0296914
internal_weight=81597 61827.7 19769.3 34114.4 27713.3 19963.7 10422.7 14150.7 21134.5 11748.6 6720.02 8688.67 12352.1 8042.19 8180.11 6578.74 3896.55 8782.38 6375.69 9346.62 4283.57 8215.13 3606.73 6580.06 969.884 8520.22 8119.46 4309.95 5402.84 5462.07 5081.94 7843.14 3086.28 4656.03 3568.45 2639.35 3097.21 2549.06 262.165 165.401 3278.48 4506.59 6119.24 5269.3 1345.47 3525.78 4498.37 3199 4545.29 1986.66 4029.68 3313.68 3117.79 1635.06 3475.4 3059.81 4966.31 4632.99 3179.44 3780.37 2758.76 3738.46
internal_count=515283 300173 215110 151321 148852 89509 92905 61812 103427 54856 54131 38940 63918 42938 39454 45425 19359 39509 49828 122205 20095 34653 15516 27608 4451 37759 35895 20980 29338 22872 23424 34336 14705 25417 15402 13600 22712 20709 1750 1190 27116 24384 25704 22090 5750 17026 54530 37739 20386 8490 24716 15644 12971 7045 14382 12668 20791 19405 13240 22941 15996 18674
is_linear=0
shrinkage=0.035


Tree=42
num_leaves=63
num_cat=2
split_feature=24 4 24 2 46 34 2 42 13 40 32 32 23 48 22 26 43 41 3 22 2 40 10 2 18 23 14 14 47 4 16 14 5 18 41 14 22 16 27 2 22 51 26 22 11 18 6 18 26 48 13 2 14 14 2 1 26 19 26 43 35 40
split_gain=9531.76 2345.02 689.456 658.137 512.267 307.623 241.808 203.084 190.934 153.233 151.716 148.513 141.248 161.981 131.631 129.713 127.618 115.146 113.978 102.427 106.096 96.2619 95.2164 89.1849 81.0522 80.8478 79.6033 73.818 81.6133 73.5342 72.8901 71.0947 70.1143 69.3981 68.527 63.8759 62.7189 77.4626 73.2228 75.0123 70.5773 61.1665 59.5635 58.5608 57.5142 56.2892 65.3906 56.1655 55.9668 55.6787 55.0453 54.3405 53.6547 52.2725 51.9922 51.6611 51.6579 51.2533 50.8451 49.7598 48.6905 47.2012
threshold=3.5000000000000004 3.2450000000000006 7.5000000000000009 356.40000000000009 54.425000000000011 2.5000000000000004 3.8000000000000003 3.5000000000000004 0.47493734335839605 1.0000000180025095e-35 inf inf 0.68301270189221941 9.5000000000000018 38.500000000000007 91.000000000000014 4.5000000000000009 2677.4650000000001 131.50000000000003 1.0000000180025095e-35 664.47000000000014 1439.2766666666666 1.0000000180025095e-35 208.28999999999999 11313.973333333333 0.68301270189221941 19.500000000000004 20.500000000000004 5383.3500000000013 34.605000000000011 0 20.500000000000004 29.400000000000031 4778.8258333333342 294.53000000000003 18.000000000000004 13.500000000000002 1 8031.2400000000016 1795.1200000000001 4.5000000000000009 21.960063984423812 314.50000000000006 22.500000000000004 620.7650000000001 13126.262500000003 1111.2300000000002 2408.3208333333337 131.50000000000003 2.5000000000000004 0.23669467787114848 1.0000000180025095e-35 16.500000000000004 20.500000000000004 12.980000000000002 18.090000000000007 284.50000000000006 1090.3275000000003 100.50000000000001 1.5000000000000002 9.5000000000000018 1.0000000180025095e-35
decision_type=8 8 10 10 8 2 10 2 10 10 8 8 2 2 2 2 2 8 2 2 10 10 10 10 10 2 2 2 8 10 9 2 10 10 10 2 2 9 10 10 2 10 2 2 10 10 10 10 2 2 10 10 2 2 10 10 2 10 2 2 2 10
left_child=1 4 6 7 10 14 -2 11 35 -8 16 55 13 19 18 21 59 44 26 34 31 -14 -4 49 32 27 -5 -13 -29 -19 52 -21 -16 -25 -10 -6 37 -28 39 -38 -39 -33 -15 -20 53 -31 -47 -42 -18 -11 -37 -12 -9 -7 -24 -3 -52 -54 -51 -1 -32 -56
right_child=2 3 22 5 8 17 9 30 12 23 51 25 15 42 24 -17 48 29 43 20 -22 -23 54 33 -26 -27 36 28 -30 45 60 41 -34 -35 -36 50 38 40 -40 -41 47 -43 -44 -45 -46 46 -48 -49 -50 58 56 -53 57 -55 61 -57 -58 -59 -60 -61 -62 -63
leaf_value=-0.025688549842018623 -0.022845796371364593 -0.0097155592813149769 -0.031949468282373591 0.0020292994962975508 -0.020243096797975337 0.004394983646200318 -0.034020271137074246 -0.0061226263321241207 0.0013951263262579135 -0.022024626415973327 -0.011198367505188031 -0.0015016684560568282 0.0056828824279208188 0.00611986601582088 0.012952656622253653 -0.0025619316150136072 -0.0003337291276770007 0.018051485086394616 -0.023878785305088586 -0.0080271863668017456 0.0064844367827793853 0.017288748819781045 -0.027832777753484254 -0.001064268011440845 -0.00097705807730038511 0.013155029421925883 0.019652318868660736 0.0030106494477544071 0.016203013365994386 0.027636064774645145 0.016166857825605532 0.0074926748520345431 0.023023712645759628 -0.01647284451174268 -0.040287033290322682 -0.016830707887400511 0.014443242473297514 -0.011767112160969768 -0.0026360923447746967 0.027033593453783582 0.010450325992148542 -0.0038521609383584988 0.018637291577466752 0.0023947897923270369 0.022422408684710973 -0.009067481925905143 0.032681317138890088 -0.0081817839651342882 -0.011763155386969832 -0.0041344033535191411 -0.0034375081063748149 -0.0009187319002038727 0.017612588211701214 0.017478739453205841 -0.035514921928003144 0.00038566381024336086 0.0075543443603892273 -0.0025812209836590248 -0.013708551415725747 -0.014625705894656456 0.0041666723099466072 -0.017829935355403764
leaf_weight=685.99297313392162 3439.0157739520073 915.33137165755033 4717.804238550365 941.83341929316521 274.65789846330881 716.95884072780609 349.52903956919909 132.49257491528988 75.351384483277798 717.5419979467988 787.48043973743916 1661.9867687374353 1520.7076143547893 2760.9624086916447 1301.5959804356098 888.60214647650719 1066.703919775784 1602.4915732741356 155.16063149273396 2122.7420855388045 1904.5132474303246 2066.7288578003645 2678.5263040140271 1670.2053319439292 251.74153283238411 1758.8798059225082 609.07243676483631 1499.2720211073756 930.86208814382553 4292.476100936532 556.68917410075665 979.08085080236197 2450.1885228604078 454.82747308909893 133.34497766196728 319.85373307019472 2387.7245947867632 255.03136867284775 237.27068810164928 767.81682866811752 1472.3499824106693 1432.9759664237499 559.74233680963516 310.18450923264027 903.96845816075802 111.55842286348343 76.777645826339722 228.23613364994526 1032.2634119018912 901.91910403221846 3456.688835605979 3134.2071331962943 2989.8191389590502 783.15714229643345 211.17729911953211 1919.1659727692604 616.29541183263063 162.06951783597469 2768.1097242534161 1844.0607633888721 1614.2861933708191 1516.8573682978749
leaf_count=5838 37019 4884 67675 4007 1889 3128 4498 573 439 6434 5972 7599 6840 12322 5504 4017 5869 7140 645 10653 8126 9036 34364 11106 1025 7325 2517 6558 3866 21928 2339 4550 10943 3331 987 2181 10073 1044 983 3394 6139 6715 2476 1305 4331 503 398 938 6430 6803 19890 17607 12562 3564 3045 8708 3458 681 23714 13557 6717 17121
internal_value=-0.000100123 0.00663544 -0.021479 0.0127924 -0.000931327 0.016902 -0.0152707 0.00702114 0.00225445 -0.0114717 -0.0080515 0.00369627 0.00424296 0.0019234 0.0131356 0.00940734 -0.012342 0.0219446 0.0103563 -0.00122993 -0.000445937 0.012372 -0.0284855 -0.0102565 0.0182445 0.00688137 0.0114871 0.00418226 0.00806857 0.0245092 0.012313 -0.00335733 0.0195342 -0.00436841 -0.0253025 -0.0038991 0.0129817 0.00884539 0.0161048 0.0175144 0.00534353 0.000754032 0.0082348 -0.00639806 0.0154477 0.0268142 0.00803468 0.00794637 -0.0059576 -0.0131066 -0.00287283 -0.00298523 0.0156091 0.0112326 -0.0247705 -0.00287855 -0.00177285 0.0165737 -0.0113574 -0.0176342 0.0072166 -0.0200104
internal_weight=81084.9 61659.4 19425.5 33996.4 27663 19855.6 10301.1 14140.9 19112.2 6862.13 8550.71 8685.5 14444.8 9968.71 11368.2 4476.04 4629.02 8487.39 7364.68 6648.01 6439.31 3587.44 9124.37 6512.6 4003.53 5851 6899.34 4092.12 2430.13 6083.3 5455.36 4534.8 3751.78 2125.03 208.696 4667.5 5957.5 2564.69 3392.81 3155.54 1955.62 2412.06 3320.7 465.345 2404.08 4480.81 188.336 1700.59 2098.97 4387.57 4392.84 3921.69 3284.38 1500.12 4406.56 2834.5 4072.98 3151.89 3670.03 2530.05 2170.98 1728.03
internal_count=515283 300173 215110 151321 148852 89509 92905 61812 93579 55886 55273 38940 66161 46268 48517 19893 31694 40992 31045 31470 30044 15876 122205 51388 17472 25348 29095 18023 10424 29969 22872 21918 16447 14437 1426 27418 25088 10638 14450 13467 8121 11265 14798 1950 11023 22829 901 7077 12299 36951 25529 23579 13816 6692 54530 13592 23348 13243 30517 19395 9056 20166
cat_boundaries=0 1 2
cat_threshold=480 1160
is_linear=0
shrinkage=0.035


Tree=43
num_leaves=63
num_cat=4
split_feature=24 4 24 2 2 42 7 47 45 42 22 17 40 14 5 42 22 41 47 24 2 18 22 14 16 16 2 18 32 14 26 52 18 23 29 26 44 39 37 22 27 39 39 3 0 40 6 43 37 14 35 13 7 18 16 22 16 39 22 40 27 26
split_gain=9006.88 2194.71 681.159 626.868 505.715 375.278 241.119 240.124 232.711 163.91 162.623 161.031 148.657 129.13 118.209 115.593 109.587 118.885 100.062 95.9118 95.2914 90.5627 89.4821 85.881 91.291 85.1376 83.8489 82.6875 76.1529 65.1598 65.8228 64.3539 63.6652 61.764 114.993 80.0087 65.0887 60.5802 60.1312 56.9025 143.842 55.5062 55.2979 53.4376 53.18 57.1437 53.1334 52.6603 51.5293 51.4284 49.9152 49.1794 48.1356 45.5751 45.1479 45.0243 50.3522 43.8068 43.7799 54.2546 43.6946 43.2874
threshold=3.5000000000000004 3.8550000000000009 7.5000000000000009 1096.5300000000002 18.090000000000007 4.5000000000000009 0.86607142857142871 inf 2.035714285714286 2.5000000000000004 12.500000000000002 15073.740000000003 1.0000000180025095e-35 19.500000000000004 72.020000000000024 1.5000000000000002 1.5000000000000002 988.56000000000029 1675.8400000000004 11.500000000000002 690.5200000000001 11029.170208333335 34.500000000000007 19.500000000000004 0 1 164.41000000000005 2691.1140000000005 284.87000000000006 16.500000000000004 21.500000000000004 3.5000000000000004 4778.8258333333342 0.68301270189221941 115.50000000000001 100.50000000000001 100.89000000000001 1047.3600000000004 inf 30.500000000000004 6893.0100000000002 31.715000000000003 101.18500000000002 188.50000000000003 1.6833333333333711 1.0000000180025095e-35 96.520500000000013 1.5000000000000002 1318.3250000000003 16.500000000000004 8.5000000000000018 0.83045977011494265 0.61250000000000016 13126.262500000003 2 18.500000000000004 3 28.845000000000002 16.500000000000004 2424.3866666666668 4334.5800000000008 100.50000000000001
decision_type=8 8 10 10 10 2 10 8 10 2 2 8 10 2 10 2 2 10 8 10 10 10 2 2 9 9 10 10 8 2 2 2 10 2 2 2 10 10 8 2 10 10 10 2 10 10 10 2 10 2 2 10 10 10 9 2 9 10 2 10 10 2
left_child=1 4 6 5 15 7 31 9 13 38 27 22 -8 -6 49 18 17 -15 52 44 33 39 25 -7 41 -9 -14 51 -10 -11 -31 -2 -28 34 -18 -35 -36 -23 47 40 43 -25 -30 -16 -4 -46 -26 -3 61 -12 -17 -5 -1 55 -32 56 -22 -56 59 -27 -60 -24
right_child=2 3 19 10 8 23 12 11 28 29 14 -13 26 16 21 50 20 -19 -20 -21 53 37 48 24 46 58 32 -29 42 30 54 -33 -34 35 36 -37 -38 -39 -40 -41 -42 -43 -44 -45 45 -47 -48 -49 -50 -51 -52 -53 -54 -55 57 -57 -58 -59 60 -61 -62 -63
leaf_value=-0.026795524567065639 0.0088851352271016124 -0.010176677155227696 -0.030556062049421642 0.0043144432170038717 -0.0056817397195284402 0.0064576583037480621 -0.034502362199574026 0.016346309730752077 -0.012005790701319168 -0.0093551621407747827 -0.0041505815758066059 -0.0021325899638568614 -0.012756711854191142 -0.00038090227584570275 0.025775411773215046 0.0010145551196417829 0.0079413456437042954 -0.034603753557330003 -0.0044129133192653408 -0.031696949912486887 0.00087377918208755108 0.00054895600332119485 0.01873516527333375 0.018212686755685284 0.0092564392354827912 0.0014873671629429053 -0.001256944902670082 -0.012891792241093596 4.5762811248944567e-05 -0.0088718641153659964 0.011798370151407585 -0.022758310352667004 -0.01565793910858055 0.0096080421852535753 0.0024785037375707883 -0.0072182661411156835 -0.0064827454789841386 0.028856329379163652 0.010844776854963619 0.030156614931247362 -0.0096010851367582927 0.027703157369051264 -0.0091854023043030485 -0.029786416433537553 -0.0353393697373907 -0.020217153770318283 0.019430268857089997 -0.00069792361717850744 0.023373751198663913 0.017328883091401473 -0.0076893713123383422 0.017198852769129112 -0.015039219675915785 -0.0087238898237642342 0.00062260672086026031 0.015489511359523056 0.013961229047334527 0.0092191150772914596 0.013655560187294812 -0.03060112964481012 -0.0082190780823984851 0.0055419072458692603
leaf_weight=600.22262578457594 79.997669860720634 939.20704571157694 1236.9596612602472 526.90558965504169 1502.4002169370651 888.03277304768562 309.29782434552908 1390.4904133528471 1206.0833142623305 279.03464801609516 145.15480224788189 850.19295033812523 3931.7752784639597 519.89637268334627 1774.2743379920721 1158.1489984840155 2509.0749358832836 162.44394005835056 891.73334455490112 4591.199696354568 763.81314900517464 281.49894313514233 799.47072394192219 1735.7185227274895 1610.5902739316225 725.51379738748074 1783.884025990963 162.21148429811001 3426.7011786401272 272.76858830451965 2911.2118368521333 3602.1219435706735 475.57950982451439 3199.605526432395 2172.578043192625 387.42729829251766 1826.9878283813596 137.04926910996437 428.6462929546833 2734.9992942810059 158.60715298354626 1351.8829812705517 1034.0440602228045 20.670220419764519 346.34998071193695 2734.1687537878752 1034.7615135461092 3038.526200056076 1428.6796285659075 2213.2937988042831 2660.3218147009611 1170.8770544975996 1497.7333012670279 138.21303395926952 1250.8017701655626 1774.0265286713839 683.81906439363956 1730.7647139728069 693.04449543356895 69.842665821313858 132.66025267541409 493.64188282191753
leaf_count=5572 658 4421 16791 2180 7695 3814 4084 5888 7890 1259 618 4060 33328 2595 8470 7201 11405 1129 5667 67675 3195 1240 3433 7403 6924 3042 11861 698 19425 1173 12288 39463 3511 14119 10031 1773 8452 647 1840 13893 687 6320 5881 91 5106 32633 4748 13954 6242 9927 16395 5376 11967 594 5249 7293 2825 7257 2943 290 556 2138
internal_value=-9.88099e-05 0.00642073 -0.0210986 0.0124887 -0.000783904 0.0095017 -0.0149124 0.00680704 0.00186956 0.00360703 0.0201919 0.0120799 -0.0108561 0.00407123 0.0224993 -0.00908736 0.00510798 -0.00856701 -0.0142407 -0.0281669 0.00580204 0.0254944 0.0141875 0.0165952 0.0181641 0.010025 -0.00966937 0.0109234 -0.00420662 0.00716358 0.00791257 -0.0220686 -0.0042937 0.00410214 0.00206927 0.00778917 -0.00161556 0.0098646 -0.00159508 0.0268872 0.022297 0.0223034 -0.00209569 0.0251193 -0.0244067 -0.0219283 0.013192 -0.00293801 0.0187878 0.0160057 -0.00504988 0.0132051 -0.0184138 0.0109071 0.00869087 0.0117517 0.00716368 0.00559544 0.0044678 -0.00136531 0.0101354 0.0137069
internal_weight=80587.6 61496.3 19091.3 33381 28115.3 24055.5 10182.7 17434.5 21307.1 10851 9325.54 6583.54 6500.54 15640.3 7465.55 6808.16 14137.9 682.34 2989.69 8908.68 13455.5 5107.1 5733.34 6620.99 5732.95 3011.55 6191.24 1859.99 5666.83 6444.58 6165.55 3682.12 2259.46 10095.7 6508.64 3587.03 3999.57 418.548 4406.38 4688.55 1953.55 3087.6 4460.75 1794.94 4317.48 3080.52 2645.35 3977.73 2721.79 2358.45 3818.47 1697.78 2097.96 3359.87 5892.78 3221.66 1447.63 2981.57 1621.06 795.356 825.705 1293.11
internal_count=515283 300173 215110 149069 151104 105242 92905 76033 104302 47441 43827 28592 52784 71106 35573 46802 63411 3724 23206 122205 59687 25028 24532 29209 25395 12719 48700 8254 33196 27226 25967 40121 15372 45780 29888 15892 18483 1887 20215 23141 9248 13723 25306 8561 54530 37739 11672 18375 11813 10545 23596 7556 17539 13907 24794 13313 6020 12506 6831 3332 3499 5571
cat_boundaries=0 1 2 3 4
cat_threshold=1440 136360 1512 149761
is_linear=0
shrinkage=0.035


Tree=44
num_leaves=63
num_cat=6
split_feature=24 4 24 2 21 34 0 14 45 7 1 40 42 14 26 23 47 26 22 10 27 2 17 27 16 16 27 26 17 2 3 3 18 8 1 29 32 26 22 48 21 7 22 22 16 14 7 23 26 16 22 16 2 18 22 32 41 45 19 43 16 14
split_gain=8509.83 2060.9 672.506 653.547 446.377 343.35 234.882 177.286 167.232 157.824 152.699 149.502 139.639 112.222 101.993 150.736 101.636 101.544 98.6096 96.5533 92.5346 91.9453 91.3643 84.8393 84.1744 77.0239 80.9666 75.7758 73.2296 68.098 67.6383 65.2305 64.0909 62.5002 59.9377 56.8399 55.9577 56.3412 55.9184 54.868 53.9141 53.2715 54.128 53.2403 95.0044 52.8013 52.4202 49.3262 48.9897 48.5619 48.208 53.5933 47.26 46.5588 57.3165 46.4013 46.1782 45.9526 45.3386 44.9367 44.4453 44.391
threshold=3.5000000000000004 15.125000000000002 7.5000000000000009 17.285000000000004 14.440000000000003 1.5000000000000002 19.080000000000009 18.000000000000004 1.1143790849673205 0.95833333333333337 inf 1.0000000180025095e-35 1.5000000000000002 21.500000000000004 299.50000000000006 0.68301270189221941 1937.3300000000002 177.00000000000003 52.500000000000007 1.0000000180025095e-35 1.0000000180025095e-35 2524.1400000000003 8137.4400000000014 20.200000000000006 0 1 1334.4000000000003 21.500000000000004 1.0000000180025095e-35 394.90000000000015 321.50000000000006 10.500000000000002 16040.242500000002 6.5000000000000009 27.320000000000004 358.00000000000006 188.79000000000005 161.50000000000003 39.500000000000007 10.500000000000002 28.205000000000002 0.78888888888888908 1.0000000180025095e-35 10.500000000000002 2 20.500000000000004 0.61250000000000016 0.68301270189221941 91.000000000000014 3 8.5000000000000018 4 850.1400000000001 5453.3104166666672 39.500000000000007 757.69000000000017 6608.5200000000013 1.1464285714285716 25.937500000000004 9.5000000000000018 5 16.500000000000004
decision_type=8 10 10 10 10 2 10 2 10 10 8 10 2 2 2 2 8 2 2 10 8 10 10 10 9 9 10 2 8 10 2 2 10 2 10 2 10 2 2 2 10 10 2 2 9 2 10 2 2 9 2 9 10 10 2 10 8 10 10 2 9 2
left_child=1 3 6 12 9 7 -2 -5 21 58 14 -8 16 23 15 20 46 35 22 -4 31 24 27 -7 45 -25 -27 -11 -29 49 36 -9 57 -14 -16 -13 37 -30 -10 60 -15 -21 -43 44 -39 -6 -1 56 -17 -22 51 -12 61 -31 -55 -50 -35 -20 -3 -38 -19 -28
right_child=2 4 19 5 8 13 11 10 38 18 50 17 33 40 34 48 -18 39 32 41 29 -23 -24 25 -26 26 52 28 30 53 -32 -33 -34 47 -36 -37 59 43 -40 -41 -42 42 -44 -45 -46 -47 -48 -49 55 -51 -52 -53 -54 54 -56 -57 -58 -59 -60 -61 -62 -63
leaf_value=-0.025897011874265786 -0.02184845666002886 -0.016109353404511789 -0.031443936800945413 -0.012806292712090795 0.017344167386192301 -0.014967134391768422 -0.034044822740933608 -0.0016646175495068864 0.0097972560582426892 -0.0021035110259098218 0.021006822920350051 -0.0034583441080455902 0.0041235653348919727 0.0087791340087358515 -0.0068273450342490674 0.00611374386584051 -0.004258120805310045 -0.019409037414110385 0.022835547599789712 -0.028140905935466014 -0.010061895352621149 0.029772650451033784 -0.0097079537603896038 0.017418334444485491 0.0094022338712223836 -0.0016539364565676051 -0.010466806115894293 -0.0102785029278088 0.017622298148244689 0.0037200202211542951 -0.030906187704126811 -0.034788802546745635 -0.004540749197486562 -0.012697832581087381 0.010828928736441742 -0.021161719074559406 0.0042291525212122061 0.019105464458995487 0.018508888822632328 -0.0074342355894565998 0.016148868998292112 -0.03280728437084255 -0.017826979724912675 0.012879006739016581 -0.0098648838988439295 0.024667388774621161 -0.014121801724897727 0.00017533974727456915 0.0010217739047923436 -0.0028620804177881473 0.018119547320175539 -0.010017761380939308 0.013588032512201462 -0.020260436865030026 0.0046886129896363182 -0.017264380988085956 -0.0030146194905159769 0.01324371339180334 0.0016910449658768699 0.017028365927289367 -0.0053168052496708603 0.0061403698578763686
leaf_weight=652.93737249076366 3520.989784322679 198.84003433585167 4468.3415236994624 1187.4951471760869 1929.3006045371294 246.75893527269363 317.11661916226149 116.21405079960823 2288.0104520022869 584.19809627532959 95.266747683286667 2802.5545862987638 938.98128148168325 2842.0490300059319 278.06064207851887 3621.0955043137074 1029.3336768597364 1736.4651676490903 1347.7468250840902 2031.6242761164904 1748.5907379463315 1583.1974357068539 297.55086866021156 636.27050718665123 815.37793226540089 1784.5256136059761 207.40778675675392 192.33036862313747 2449.4930985122919 2169.9109050184488 44.712721213698387 194.54606269299984 157.39609231054783 1472.7172089666128 1517.3954450786114 240.37550410628319 1601.2206802368164 208.28361424803734 1495.5130918473005 1092.1338698118925 2131.8301185816526 353.32901418954134 1846.1048542186618 2032.914503633976 366.30188819766045 3278.2945500016212 1612.4915260225534 1095.8625075891614 1094.4699484854937 3385.505410566926 814.64197564125061 179.66356305778027 1060.4097934067249 240.6370809674263 210.97697050869465 200.22625853121281 1022.7907573655248 1131.3337687849998 1425.5998419821262 424.66618983447552 358.26482409983873 3690.1514248251915
leaf_count=5991 38774 1068 67675 7079 9243 1175 4303 768 9767 2635 411 20690 5493 11950 1635 17432 6332 15045 6070 27593 9685 8507 1228 2688 3745 7641 1037 792 10416 9766 186 1595 647 9351 7311 2022 6673 883 6578 8990 8926 5121 21816 8698 1515 16336 12727 6159 5402 18397 3436 796 4456 1194 962 946 5953 4758 6282 1861 3081 15591
internal_value=-9.72996e-05 0.0062134 -0.0207199 0.00109501 0.0142556 0.00346922 -0.0145587 0.000232096 0.0192641 0.00967702 0.00120863 -0.0106355 -0.00790158 0.00785066 0.000275899 -0.000805654 -0.0133832 -0.00943862 0.0112017 -0.0278477 -0.00374964 0.0222562 0.00930682 0.0051818 0.0202758 0.00585755 0.00473133 0.0100238 0.0109918 -0.00299768 0.0115671 -0.0224465 0.0170907 -0.00391295 0.00809224 -0.00486331 0.0118396 0.013809 0.0132447 -0.0138044 0.0119405 -0.0240433 -0.0202473 0.0102213 0.000812175 0.0219161 -0.0175256 -0.0060147 0.00402495 -0.00534087 0.0138472 0.00116807 0.00703899 0.00159161 -0.00862058 -0.00181734 -0.00873194 0.0184654 -0.000496388 0.0069192 -0.0171205 0.00525416
internal_weight=80098.8 61331.5 18767.3 37479.2 23852.3 29654.1 10067.9 17054.7 11389.7 12462.6 15867.2 6546.91 7825.11 12599.4 14777.6 12982.2 3294.76 6229.79 10838.1 8699.4 8066.38 7606.17 8201.67 7625.52 6022.97 7378.77 6742.49 7904.12 7319.92 7755.62 7127.59 310.76 2636.48 4530.35 1795.46 3042.93 7082.88 5056.99 3783.52 3186.86 4973.88 4231.06 2199.43 2607.5 574.586 5207.6 2265.43 3591.37 4915.79 5134.1 1089.57 274.93 4957.97 2621.52 451.614 1294.7 2495.51 2479.08 1624.44 2025.89 2094.73 3897.56
internal_count=515283 300173 215110 192285 107888 140279 92905 86815 54176 53712 79736 54131 52006 53464 75093 66147 25050 49828 46362 122205 42367 37831 34887 32588 29324 31413 28725 33659 31024 40004 30232 2363 11475 26956 8946 22712 30046 21512 16345 27116 20876 54530 26937 11096 2398 25579 18718 21463 23780 28082 4643 1207 21084 11922 2156 6348 15304 10828 7350 8534 18126 16628
cat_boundaries=0 1 2 3 4 5 6
cat_threshold=21896 1184 1192 22529 13952 31104
is_linear=0
shrinkage=0.035


Tree=45
num_leaves=63
num_cat=4
split_feature=24 4 24 2 46 42 2 32 40 14 42 47 22 32 26 43 5 0 47 43 18 14 16 22 18 16 45 25 14 26 52 48 23 26 26 22 39 21 22 27 1 0 39 18 22 18 3 14 26 6 22 2 26 2 40 43 16 44 16 3 13 32
split_gain=8038.86 1938.21 663.514 584.971 439.688 350.516 268.76 229.636 173.558 172.231 153.345 156.691 152.749 134.767 123.673 114.385 114.37 100.712 99.1507 87.0503 85.6456 80.9347 82.6635 79.4271 76.3953 74.4995 71.546 64.5547 63.1484 61.6546 85.856 58.9983 58.9664 80.9872 63.3932 58.7088 56.6261 55.0501 54.6325 134.992 54.6179 54.4305 54.4052 52.9281 53.9415 52.8704 50.1809 49.385 49.3275 48.8869 48.8851 47.6943 47.6282 47.3728 47.2644 46.5723 46.475 45.2277 45.024 44.5347 42.9063 40.5252
threshold=3.5000000000000004 3.2450000000000006 8.5000000000000018 1096.5300000000002 54.425000000000011 4.5000000000000009 2.8750000000000004 inf 1.0000000180025095e-35 16.500000000000004 2.5000000000000004 10959.875000000002 12.500000000000002 inf 21.500000000000004 4.5000000000000009 72.020000000000024 162.48999999999998 inf 5.5000000000000009 11029.170208333335 19.500000000000004 0 1.5000000000000002 2691.1140000000005 1 5.2250000000000005 297.9329166666667 21.500000000000004 146.50000000000003 3.5000000000000004 2.5000000000000004 0.68301270189221941 269.00000000000006 100.50000000000001 40.500000000000007 1047.3600000000004 27.060000000000006 30.500000000000004 6893.0100000000002 13.690000000000003 350.38500000000005 31.715000000000003 4734.8600000000015 8.5000000000000018 4390.5600000000004 188.50000000000003 16.500000000000004 131.50000000000003 152.85416666666671 1.0000000180025095e-35 1.0000000180025095e-35 223.50000000000003 180.63000000000002 3726.2400000000002 1.5000000000000002 2 113.80500000000002 3 19.500000000000004 0.83045977011494265 631.98000000000013
decision_type=8 8 10 10 8 2 10 8 10 2 2 8 2 8 2 2 10 10 8 2 10 2 9 2 10 9 10 10 2 2 2 2 2 2 2 2 10 10 2 10 10 10 10 10 2 10 2 2 2 10 2 10 2 10 10 2 9 10 9 2 10 10
left_child=1 4 6 5 13 7 52 19 -8 -6 11 41 24 15 54 55 47 31 29 40 38 -7 42 56 60 -20 43 53 32 -16 -31 -10 33 50 -34 -4 -22 -30 39 46 -3 -11 -23 44 59 -43 -18 -14 61 -24 -12 -15 -2 -27 58 -1 -13 -33 -9 -19 -5 -17
right_child=2 3 35 12 9 21 8 14 17 10 28 23 16 51 18 48 20 26 25 -21 36 22 49 -25 -26 27 -28 -29 37 30 -32 57 34 -35 -36 -37 -38 -39 -40 -41 -42 45 -44 -45 -46 -47 -48 -49 -50 -51 -52 -53 -54 -55 -56 -57 -58 -59 -60 -61 -62 -63
leaf_value=-0.024715116594976494 -0.01871822770173014 -0.011857286275252298 -0.030412834363672727 0.004067016798217144 -0.016439682033813015 0.0058671174794996395 -0.033664668435770088 0.012606191723356633 -0.022476244408739167 -0.0068424173544630552 -0.031667995202457042 -0.030994214176190645 -0.0045919047849664538 -0.010524414854486715 0.014123763877406454 0.0036529224699445089 0.024663384401833535 0.0056722681937836621 0.0026595435774503938 0.0048829039623143862 0.00018147453976737125 0.017139052558682193 0.010260245072376649 0.007203411981914049 -0.012749509942225176 0.010800620598903219 -0.015682082022314244 -0.0039608885250881822 0.0062495901716838349 -0.0038791432678091102 0.0076056569560963841 -0.0090156240746382954 0.011576422659994631 0.0072977140055505117 -0.0051060104078716334 -0.023031499931814043 0.027707048838947725 0.015215249157300201 0.029013862784931323 -0.0096687777234642988 -0.00089884705000616699 0.0022513558559943041 0.026533852622053232 -0.012367359533015558 0.004789764183142144 -0.0093170232394254211 -0.029195143277580896 0.01634450364850067 -0.011089195675261792 0.022532303394319636 -0.0025535272669724388 -0.00082494421154381901 -0.026699490942248421 0.017948548255380659 0.011392752477128697 -0.0138104240227251 -0.00096416289456002161 -0.01773753566074571 -0.011670595625778281 -0.016028465340652005 0.016107569461611435 -0.012037920676971564
leaf_weight=656.87708701193333 1832.3712496832013 742.4329531416297 5463.1764601692557 527.57012446224689 595.80499660223722 897.78268820047379 398.78779093176126 103.35990618169308 718.30386943370104 3275.4766780585051 72.258937627077103 92.742121532559395 146.76501494646072 774.04586613923311 1016.9745751619339 796.2813875451684 1749.0693325251341 174.74748030304909 754.68192793428898 2898.2440453022718 280.93143774569035 1772.6596186757088 2177.8356319665909 3106.3072915375233 161.94035063683987 1763.5165193378925 585.50594406574965 219.34084229171276 2313.0234613791108 1094.9622982814908 2927.7351896166801 2582.7200560048223 1528.3807326927781 1407.0754620060325 340.69857542216778 1765.6384303048253 134.82625131309032 1317.8411770612001 2676.766053840518 158.25528363883495 2224.3180521950126 2248.8280147314072 1329.3434968739748 469.63018839806318 1244.0687308758497 615.58666598051786 20.655147925019264 2215.879306897521 1017.4165502563119 486.9710685312748 1992.587305881083 3125.9893471971154 1862.0216975659132 3223.6741032749414 198.82195447385311 1803.7242880612612 174.86908707767725 1016.5614033564925 578.34334164857864 340.27155227959156 1163.9796958565712 268.89424235373735
leaf_count=5838 21021 4041 80745 2185 3723 3868 5654 526 7044 19701 518 574 626 5972 4263 4434 8485 1188 3165 12255 1243 7602 9537 14541 698 7336 5065 932 10414 4753 12533 23317 6552 6300 1515 25669 647 5554 13910 687 10009 11154 6320 3499 8259 3143 91 10027 6430 2298 8939 17607 22226 14166 915 13557 951 9002 2802 2421 5401 1435
internal_value=-9.60585e-05 0.00601203 -0.0203429 0.0116467 -0.000876198 0.00880732 -0.0150148 0.00623654 -0.0112189 0.0020664 0.00266372 -0.000431959 0.0191488 -0.00752585 0.00903361 -0.0116222 0.0214043 -0.0099593 0.0100438 0.000569624 0.0243946 0.0156508 0.0171726 0.00562639 0.0101577 0.0130991 -0.00480519 0.0145784 0.00594607 0.00642795 0.00447935 -0.0133169 0.00352398 0.000824979 0.00853442 -0.0286134 0.00915282 0.00950702 0.0257685 0.0212499 -0.00364428 -0.00376144 0.0211044 -0.00194197 0.000846783 -0.000237169 0.0240186 0.0150426 -0.0055817 0.0124637 -0.00358722 -0.00275222 -0.022747 0.0154236 -0.0035845 -0.0167304 -0.0126376 -0.0114832 -0.00796297 -0.00866862 0.0123569 -0.000315669
internal_weight=79626.2 61172.3 18453.8 33647.6 27524.7 24411 11225 17746.4 7530.6 19081.5 18485.7 9513.81 9236.64 8443.23 11881.4 4543.19 7383.15 7131.81 11000.9 5865 5020.5 6664.59 5766.81 3373.92 1853.49 5961.21 2814.22 5206.53 8971.87 5039.67 4022.7 4317.59 5341 3471.92 1869.08 7228.81 415.758 3630.86 4604.75 1927.98 2966.75 6139.89 3102 2228.72 1759.09 2864.41 1769.72 2362.64 2082.59 2664.81 2064.85 3900.04 3694.39 4987.19 880.525 2460.6 267.611 3599.28 681.703 515.019 1691.55 1065.18
internal_count=515283 300173 215110 151321 148852 107321 108696 77696 65449 93579 89856 50064 44000 55273 51391 31694 35716 59795 47148 26305 25063 29625 25757 16066 8284 25599 20432 22434 39792 21549 17286 39363 23824 15757 8067 106414 1890 15968 23173 9263 14050 33998 13922 15367 11868 14297 8576 10653 12299 11835 9457 23579 43247 21502 4243 19395 1525 32319 3328 3609 7586 5869
cat_boundaries=0 1 2 3 4
cat_threshold=1440 75847 147712 4256
is_linear=0
shrinkage=0.035


Tree=46
num_leaves=63
num_cat=2
split_feature=24 4 24 2 21 45 7 2 17 7 14 14 42 16 10 22 47 45 14 22 3 3 16 29 17 2 18 27 2 26 17 1 42 18 3 52 40 44 3 8 26 26 26 47 19 29 39 7 22 47 22 7 23 2 23 22 23 41 22 18 4 17
split_gain=7592.85 1825.15 655.227 580.29 411.811 306.042 225.484 159.991 141.147 140.624 134.254 133.532 128.359 122.806 98.9198 96.0451 92.9679 92.5412 91.4032 92.1086 83.766 82.7943 82.6254 78.6416 77.3544 76.7148 75.9799 71.4716 73.334 71.1947 68.6663 68.6407 65.2738 64.7406 63.6941 62.3162 62.069 59.9403 58.1997 58.0511 57.9654 59.6915 58.3007 57.9173 56.3256 61.7781 56.0261 53.8284 54.4352 52.8944 52.2559 50.6981 47.0979 46.6444 45.1018 44.9659 42.6243 42.5421 42.237 60.5525 52.5226 42.0934
threshold=3.5000000000000004 15.125000000000002 7.5000000000000009 17.285000000000004 14.440000000000003 1.6055555555555558 0.86607142857142871 690.5200000000001 1.0000000180025095e-35 0.95833333333333337 18.000000000000004 16.500000000000004 1.5000000000000002 0 1.0000000180025095e-35 32.500000000000007 1937.3300000000002 2.5227272727272729 19.500000000000004 56.500000000000007 265.50000000000006 60.500000000000007 1 23.500000000000004 8137.4400000000014 124.01000000000002 13126.262500000003 24.980000000000004 1122.5200000000002 21.500000000000004 1.0000000180025095e-35 inf 5.5000000000000009 4734.8600000000015 22.500000000000004 3.5000000000000004 5780.1300000000001 302.45000000000005 321.50000000000006 6.5000000000000009 299.50000000000006 131.50000000000003 21.500000000000004 inf 1549.7175000000002 115.50000000000001 108.08000000000001 0.78888888888888908 1.0000000180025095e-35 inf 1.5000000000000002 0.61250000000000016 0.68301270189221941 1847.9300000000003 0.68301270189221941 1.0000000180025095e-35 0.68301270189221941 6608.5200000000013 9.5000000000000018 767.97541666666677 192.03000000000003 15073.740000000003
decision_type=8 10 10 10 10 10 10 10 8 10 2 2 2 9 10 2 8 10 2 2 2 2 9 2 10 10 10 8 10 2 8 8 2 8 2 2 10 10 2 2 2 2 2 8 10 2 10 10 2 8 2 10 2 10 2 2 2 8 2 10 10 10
left_child=1 3 6 12 9 11 35 32 -8 -3 -7 -5 16 -13 -4 21 51 37 -11 24 22 58 -15 -10 29 -25 46 34 31 -20 -31 44 43 -27 -24 -2 -23 40 53 -14 41 42 -12 -6 45 -29 -17 -16 -49 -19 -51 -1 -47 -32 57 -43 -46 -41 59 -9 -60 -21
right_child=2 4 14 5 7 10 8 15 23 18 17 13 39 20 47 26 -18 49 19 61 -22 36 27 25 -26 33 -28 28 -30 30 38 -33 -34 -35 -36 -37 -38 -39 -40 54 -42 55 -44 -45 56 52 -48 48 -50 50 -52 -53 -54 -55 -56 -57 -58 -59 60 -61 -62 -63
leaf_value=-0.025237347790054564 0.0096675109029940309 -0.00057595107700897645 -0.030956017886560702 -0.0084051847765507642 0.0075520473490873286 -0.014990230146032995 -0.028029972149345529 0.020231524358943785 -0.023468342180591743 0.0027315114386532811 -0.010525487104628304 -0.0046609672963542998 0.0040394181362363767 0.016138502802461329 -0.02751376422425833 0.021974957616473716 -0.0041136912194108949 -0.006507340294712438 -0.012261923578524958 0.019999288106240177 0.018494644687915458 0.011438619508105843 -0.00042903709783812454 -0.010839654681521826 -0.0071016519230587489 0.00067615683634239564 -3.353235976393282e-06 0.010656245964921139 0.01318656284589094 -0.009825193379046129 0.010839747621632924 0.019195773226839689 0.020436225760983504 -0.013583772513129347 -0.034859556865632288 -0.021690271017315556 -0.016840018880014226 -0.0053581051543175901 -0.028826967662131463 -0.012188835863491112 0.012010670174322138 -0.023010774960094686 0.0069632670933940256 0.017449601386697506 -0.0076690959291166767 0.0017406775590880889 0.03122251063122778 -0.032364445555497855 -0.016966826099674561 -0.020181633602931178 0.0056209851193667398 -0.013499992121904374 0.007865862474976849 0.018739841282292915 0.0001786739888490256 -0.0003255954016763277 0.0078244519676700687 -0.0028648349230406345 0.018280755607884832 -0.0022720777963826594 0.030044119395971125 -0.0010684643989852132
leaf_weight=632.85444269329309 78.90041720867157 1622.059175863862 4242.6063378229737 709.80055236816406 2289.3753717392683 760.36180058121681 485.82598338276148 440.54023240506649 395.34521901607513 1592.0390731245279 252.31202230602503 1013.1130767762661 939.05165027827024 1173.0525935739279 1940.3910604864359 1521.4103442281485 1026.0763185620308 3037.1317413076758 159.77879779040813 1795.5232052505016 863.69659341871738 651.47015397250652 254.60288180410862 3170.9492670819163 309.02436286211014 1790.3030749857426 133.78100563585758 2497.0437200218439 1897.7199614197016 182.41447257995605 5483.9812044203281 441.29512239992619 1126.4380766004324 497.6090260669589 87.777794294059277 3427.101938135922 110.39209434390068 1108.1334624215961 41.791967764496803 1456.2767762392759 841.32510101050138 109.80759894102812 3001.7910371273756 1060.6737038046122 685.36630512773991 3880.4702010303736 1734.6082188934088 335.0829848125577 1784.7304146587849 106.92187659442425 881.37688038498163 1585.0115076750517 2547.0965983271599 1101.3782152533531 1094.8376920446754 3146.7627421170473 317.49728286266327 1019.6535863354802 1157.0011798590422 218.90852981805801 786.68987980484962 124.10175928473473
leaf_count=5991 658 7350 67675 3759 9792 4802 5868 2098 3657 6950 1285 4433 5493 4979 27593 7664 6332 18387 669 7923 3691 3107 1155 27648 1280 11889 591 10706 7914 750 23238 1815 5224 3722 631 39463 496 5416 173 9351 4024 770 13998 4746 2939 16600 9653 5121 21816 711 4714 12727 10754 4871 6159 15463 1333 5953 5670 1037 4098 508
internal_value=-9.48928e-05 0.00581715 -0.0199688 0.00100186 0.0134273 0.00323362 -0.0138596 0.0182833 -0.00991824 0.0090322 -0.0007216 0.00643415 -0.00752138 0.00710731 -0.0272111 0.0216851 -0.0128301 0.00014848 0.0104765 0.0118166 0.00791942 0.0174853 0.00726113 -0.00841067 0.0100153 -0.00731605 0.0258477 0.00641613 0.00686165 0.0107752 0.0113175 0.00570288 0.0131465 -0.00242988 -0.00933197 -0.020982 0.00732441 0.00222693 0.0119009 -0.00370076 0.00337076 0.00225262 0.00560443 0.01069 0.00510123 0.00598493 0.0269096 -0.0232912 -0.0194149 -0.00421921 0.00281188 -0.016859 0.00416879 0.0121637 -0.00573685 -0.00109734 -0.00276107 -0.00835167 0.0204551 0.0127692 0.0230549 0.0186374
internal_weight=79160.4 61011.6 18148.8 37368.2 23643.4 29614.5 9846.03 11231.3 6340.03 12412.1 13245.9 16368.5 7753.76 15658.7 8302.81 6754.8 3243.94 12485.6 10790 9197.99 14645.6 3365 13781.9 5854.21 7278.37 5458.86 3389.8 12608.9 12266.5 6969.34 6809.57 10368.8 4476.49 2287.91 342.381 3506 761.862 8460.13 6627.15 4509.82 7352 6510.67 3254.1 3350.05 9927.47 8924.61 3256.02 4060.2 2119.81 4025.43 988.299 2217.87 6427.57 6585.36 3570.77 3256.57 1002.86 2475.93 2603.14 659.449 1943.69 1919.62
internal_count=515283 300173 215110 192285 107888 140279 92905 54176 52784 53712 69570 70709 52006 66950 122205 34414 25050 64768 46362 39412 62517 16506 58826 46916 30981 43259 17908 53847 52061 29701 29032 44147 19762 15611 1786 40121 3603 40956 28282 26956 35540 31516 15283 14538 42332 38060 17317 54530 26937 23812 5425 18718 27354 28109 21463 16233 4272 15304 12903 3135 9768 8431
cat_boundaries=0 1 2
cat_threshold=75782 1664
is_linear=0
shrinkage=0.035


Tree=47
num_leaves=63
num_cat=3
split_feature=24 45 24 2 2 7 34 45 40 34 14 9 19 14 16 42 4 23 14 26 2 26 29 22 13 16 52 22 10 2 51 35 14 14 0 2 47 46 49 22 18 21 27 14 22 3 6 26 44 41 23 27 7 43 47 22 14 4 22 16 37 0
split_gain=7170.55 1725.83 646.974 641.42 407.662 262.688 225.365 187.978 161.821 158.984 126.73 109.152 105.605 98.2046 98.0772 90.9485 88.8796 86.7183 101.389 82.6971 78.5943 76.7794 70.1933 66.6367 64.3401 63.2746 62.4363 61.8078 60.7447 59.2335 58.8597 58.6391 58.6325 56.7822 55.327 53.9679 52.1955 51.2998 50.6857 59.2459 51.5669 50.1847 50.0139 47.4342 46.9345 76.7866 46.731 46.2567 44.3954 43.4782 42.4653 42.822 42.0897 40.4098 40.2423 39.6152 38.0067 37.8656 42.0886 70.5424 37.0748 35.8452
threshold=3.5000000000000004 1.4472222222222224 8.5000000000000018 371.61000000000007 28.885000000000005 0.86607142857142871 2.5000000000000004 2.5227272727272729 1.0000000180025095e-35 1.5000000000000002 16.500000000000004 410.4500000000001 1090.3275000000003 18.000000000000004 0 5.5000000000000009 1.6950000000000001 0.68301270189221941 20.500000000000004 131.50000000000003 1.0000000180025095e-35 100.50000000000001 358.00000000000006 27.500000000000004 0.24568965517241384 1 3.5000000000000004 1.0000000180025095e-35 1.0000000180025095e-35 677.30000000000018 136.70374530687522 18.500000000000004 18.000000000000004 20.500000000000004 71.010000000000005 1511.3700000000001 137.90000000000003 75.980000000000018 14.500000000000002 54.500000000000007 4778.8258333333342 140.19000000000003 4933.8000000000002 16.500000000000004 8.5000000000000018 13.500000000000002 118.35899999999999 314.50000000000006 59.080000000000005 988.56000000000029 0.68301270189221941 1133.2400000000002 0.47727272727272735 1.5000000000000002 inf 1.5000000000000002 16.500000000000004 7.745000000000001 10.500000000000002 2 13395.420000000002 130.07999999999996
decision_type=8 10 10 10 8 10 2 10 10 2 2 10 10 2 9 2 8 2 2 2 10 2 2 2 10 9 2 2 10 10 10 2 2 2 10 10 8 10 10 2 10 10 10 2 2 2 10 2 10 8 2 10 10 2 8 2 2 8 2 9 10 10
left_child=1 3 5 9 13 26 17 10 -7 31 -6 14 15 -3 32 25 29 18 46 22 36 23 37 42 -9 43 -2 -20 -4 30 54 34 -8 -21 -1 -13 53 -10 39 40 -18 -14 -19 -11 45 -31 -5 -35 55 -16 51 -27 -28 -15 -12 -22 -26 -29 59 -59 -46 -49
right_child=2 4 28 6 7 8 11 24 19 12 16 35 41 20 49 -17 38 21 27 33 48 -23 -24 -25 56 50 52 57 -30 44 -32 -33 -34 47 -36 -37 -38 -39 -40 -41 -42 -43 -44 -45 60 -47 -48 61 -50 -51 -52 -53 -54 -55 -56 -57 -58 58 -60 -61 -62 -63
leaf_value=-0.0029083305268718541 0.0092686461704091054 -0.023654689409089869 -0.030700504052933269 0.0011995885824815622 -0.013964269309482641 -0.033985508642222363 0.0051421671057984399 -0.015119909339104249 -0.0074419933725598892 -0.01015735096843318 -0.00033020473012450183 0.019348393612260099 -0.0094351204579940003 -0.024806673793286795 0.0025453032492539496 0.017589919370210486 0.0080941196736753571 0.0159587216170743 -0.027933403951584047 -0.018355818037820732 -0.013817936225316647 0.0046971743184445096 -0.020898547659558196 0.024615240079607695 -0.022331901892698996 -0.0055830751754683159 -0.028262941223632102 0.0084719038805954952 -0.023957099903850965 0.016649936262251239 -0.011598918172206662 -0.0090210608936084798 0.024300540935774585 -0.011595717742343708 0.0050596742585079253 0.028974075932449175 -0.0048649752928958002 0.0030455543287403429 -0.00024580406418635655 0.015827030980089994 -0.0050562967106576005 0.014297012985482369 -0.0052468165339324881 0.010992617502154947 0.010888811260847286 -0.010678710224456392 0.011221398911687986 -0.0086554250539576556 -0.0093722173055372764 0.014145374043225257 0.010374371736437923 0.0047733244284207691 -0.019896552290395803 -0.012262770280645083 0.006471142086407318 -0.0004403352086288769 -0.0022910030399496358 0.02209297611312783 0.017338285510966011 -0.0038042135267693645 -0.010429041622966005 0.0089038120716654779
leaf_weight=1718.1332148090005 79.448482111096382 458.18436517566442 4130.1891619935632 1829.8522567227483 489.63195830583572 331.0908892378211 218.25046922266483 602.28846050053835 1104.2571438401937 133.1176161468029 4871.8545638620853 1218.9875803887844 565.9524845033884 435.74375259131193 473.74107088148594 1354.1354138255119 3563.9410147964954 1382.7118576914072 43.959779463708401 1224.4767478704453 300.15820775181055 562.50980846583843 268.80745542049408 1322.2217588722706 118.42170809209347 754.21387431025505 986.05886786431074 1357.8210316598415 2756.3402116186917 184.36745402216911 475.99048571288586 673.41106628626585 1944.8146403133869 2208.3436581715941 2815.8295491486788 1757.5422153770924 824.4020806401968 1181.9382955357432 899.66841650009155 1131.6351343393326 406.31055046617985 134.24200381338596 150.65478980541229 4387.1198199540377 1640.0114333033562 391.94370265305042 827.00182061642408 302.26687928289175 1366.672014772892 2420.5241329669952 848.2621895968914 1387.01502135396 3012.1249020956457 1144.2608165442944 1363.0328011587262 2724.0029609575868 3977.6102654188871 201.18261493742466 2572.0746708810329 325.34645839035511 105.64768774807453 267.50819970667362
leaf_count=8867 658 3648 67675 7860 2679 4955 958 3663 8981 620 24452 6265 2386 4277 2137 5876 14841 5895 362 11273 2027 2494 2384 5978 736 3205 12661 5514 38739 829 2354 3405 9685 19270 12561 9809 5978 8055 3800 4733 1681 570 630 18480 7014 1891 3547 2928 8633 11647 3535 5856 35560 9191 6220 16955 22197 854 11543 1352 483 1971
internal_value=-9.34959e-05 0.00562834 -0.0195972 0.0109756 -0.000868284 -0.014315 0.0152981 0.00168505 -0.0101449 0.00552947 0.00354144 0.0197179 0.00820855 -0.00798617 0.0165813 0.00924221 0.00411245 0.0119389 0.00974604 -0.00893619 -0.00692636 0.0165263 -0.00401455 0.018854 -0.00444822 0.00773483 -0.0213558 0.0129464 -0.0280053 0.00191855 0.000251083 0.000608353 0.0222679 -0.0120761 0.00204024 0.0250399 -0.012012 -0.00202108 0.00741358 0.00876403 0.00674739 -0.00487127 0.0138732 0.0103448 0.00673562 -0.00192232 0.00432214 -0.00930262 -0.00413937 0.012206 0.00373925 0.00112454 -0.0219665 -0.0157357 0.00115746 -0.00177224 -0.00287572 0.0133559 0.0154926 0.00646071 0.00959342 -0.000410244
internal_weight=78709.3 60856.4 17852.9 33380.6 27475.8 10966.3 18609.2 20222.4 6888.69 14771.4 15524 8033.86 9564.06 7253.42 5057.33 8863.86 15034.4 10575.3 7157.24 6557.6 6795.24 3418.1 2555 2855.59 4698.32 7509.73 4077.63 4500.38 6886.53 9032.85 6710.88 5207.37 2163.07 4002.6 4533.96 2976.53 2404.41 2286.2 6001.56 5101.89 3970.25 700.194 1533.37 4520.24 2321.97 576.311 2656.85 2778.12 4390.83 2894.27 2989.49 2141.23 3998.18 1580 6234.89 3024.16 4096.03 4456.42 3098.6 526.529 1745.66 569.775
internal_count=515283 300173 215110 151891 148282 108696 86530 97573 59817 65361 70977 40501 40528 50709 24427 37572 68298 46029 31032 54862 47061 14997 19420 12503 26596 31696 48879 19625 106414 43243 33026 24833 10643 35442 21428 16074 19446 17036 25055 21255 16522 2956 6525 19100 10217 2720 11407 24169 27615 13784 12596 9061 48221 13468 30672 18982 22933 19263 13749 2206 7497 4899
cat_boundaries=0 1 2 3
cat_threshold=384 1464 1160
is_linear=0
shrinkage=0.035


Tree=48
num_leaves=63
num_cat=6
split_feature=24 34 24 4 0 7 45 1 40 45 14 32 17 17 17 22 0 43 22 18 11 26 22 26 14 16 16 29 16 44 26 22 22 18 26 14 32 41 22 14 16 46 36 3 44 26 16 16 14 22 22 40 45 0 37 22 3 18 9 0 42 23
split_gain=6770.78 1628.32 637.721 634.085 456.528 254.457 240.088 237.47 157.997 151.617 139.849 123.921 121.603 117.311 116.258 110.338 104.278 102.129 92.9723 92.4204 86.3892 94.4046 78.8616 78.4581 77.1787 69.4786 68.6297 66.7094 66.3483 64.7397 63.7636 63.6105 61.5607 57.8992 55.3864 54.4933 53.3539 53.3182 51.0647 48.9348 48.3654 48.1557 46.5413 45.2795 44.9788 49.6644 44.3854 43.8043 44.9516 46.4448 43.7752 52.3613 43.5772 43.3494 43.2014 66.3375 50.4522 43.0202 48.8023 42.5088 41.7183 40.6528
threshold=3.5000000000000004 1.5000000000000002 8.5000000000000018 28.845000000000002 60.000000000000021 0.86607142857142871 1.2041666666666668 inf 1.0000000180025095e-35 1.1846590909090911 16.500000000000004 12075.480000000001 1.0000000180025095e-35 5694.3900000000012 10103.130000000003 8.5000000000000018 514.84000000000015 1.5000000000000002 48.500000000000007 13126.262500000003 759.64000000000021 21.500000000000004 37.500000000000007 131.50000000000003 16.500000000000004 0 1 358.00000000000006 2 93.680000000000021 161.50000000000003 11.500000000000002 40.500000000000007 418.50133333333332 223.50000000000003 20.500000000000004 inf 4912.4700000000003 3.5000000000000004 18.000000000000004 3 21.980000000000004 1.9500000000000002 267.50000000000006 413.55000000000001 314.50000000000006 4 5 19.500000000000004 10.500000000000002 9.5000000000000018 2508.9000000000005 4.291666666666667 4.8000000000000069 220.78500000000005 7.5000000000000009 10.500000000000002 7366.4715000000006 3354.3900000000008 130.07999999999996 1.5000000000000002 0.68301270189221941
decision_type=8 2 10 10 10 10 10 8 10 10 2 8 8 10 8 2 10 2 2 10 10 2 2 2 2 9 9 2 9 10 2 2 2 10 2 2 8 10 2 2 9 10 8 2 8 2 9 9 2 2 2 10 10 10 10 2 2 10 10 10 2 2
left_child=1 4 5 9 11 34 18 10 -7 26 -6 17 33 16 15 40 25 -1 20 39 21 -5 -15 27 -11 -14 -3 41 -26 52 -19 -8 -4 -12 42 -25 -33 53 -30 -20 -9 -10 -2 -28 45 -37 -31 -23 -49 -50 51 -22 -27 -13 -18 56 -56 -52 -59 -47 -48 -40
right_child=2 3 32 6 7 8 31 14 23 24 12 37 13 22 -16 -17 54 30 19 -21 50 47 -24 35 28 29 43 -29 38 46 -32 36 -34 -35 -36 44 -38 -39 61 -41 -42 -43 -44 -45 -46 59 60 48 49 -51 57 -53 -54 -55 55 -57 -58 58 -60 -61 -62 -63
leaf_value=-0.022621449106797524 -0.020723183521289917 0.0026429354419012238 -0.029614923734774146 -0.011193361644935292 -0.017453978158479481 -0.033781273771360504 0.0015849100588215873 0.015048300256992171 -0.0098236532138036552 -0.012359798476090375 -0.0063291781608940815 -0.014343944153366095 -0.0032309683577817251 -0.014800594221311187 0.0010715923654762804 0.019406753226314234 0.012632895979004743 -0.0040612489218218445 0.012151712321250776 -0.010032600649078799 0.017383464393056422 0.02609362717036208 -0.0013351978581070546 -0.017959563108701893 0.013854745679019479 0.0067419160429398146 0.011076801444449199 -0.02048355783217316 -0.0072825501463878936 0.0033627643025255101 -0.013696438913054719 0.0072518459001554899 -0.021796695893408956 -0.03135947029535955 -0.025153569623733184 -0.0096681285343591696 0.016074365771395861 0.013514539803533841 0.0028219493130638954 0.027564213932152703 -0.0084295265735961321 0.0013277759722837472 -0.0095319475603483726 0.022526500214640734 -0.019370647523942033 -0.0061236822425564143 -0.017385692236756838 0.0034298806040339159 0.0037475093332246137 0.017330922773047236 0.027281379580135427 -0.025120991266734765 -0.014760383003239083 -0.0025836842380757528 0.019792706464730952 0.0069080175136249479 -0.0086116363768280624 0.00098279829266045339 0.033994610499887702 0.015131417421061222 -0.0023595807670328288 0.0083724132272653719
leaf_weight=839.31512381881475 1334.8193604052067 1192.1007173508406 5070.9663172885776 167.20189546048641 505.28999307006598 321.60801821574569 874.90129780769348 155.99895165860653 671.14860941469669 343.52458423376083 285.31382524967194 436.59922079741955 3554.0565714240074 741.31904114037752 995.45077595114708 1764.6789794713259 1171.9528859555721 1651.3131797835231 281.06970362365246 88.811669856309891 158.44598118960857 452.38044664263725 1888.5055675730109 1208.0080262050033 839.33764223754406 3336.5932984799147 5990.6474893465638 264.74738664925098 497.66527383029461 1084.1681564450264 1716.9268053397536 1510.952855065465 1651.2888314761221 187.40411372482777 1977.5911566317081 1857.5269116908312 1897.1246196329594 224.79215624183416 6317.23702185601 2680.3037412464619 290.62269425392151 1611.5619616806507 694.79282027110457 455.50358013808727 434.25705438107252 265.20070108026266 314.07498981058598 421.61556750535965 351.85427413880825 2530.5516629219055 1567.2686767429113 44.73205441236496 118.67912297695875 3139.2104344666004 86.952620834112167 3725.464191198349 594.4751453846693 170.7269012928009 79.873221561312675 202.34776145964861 805.1518429890275 2172.2704091370106
leaf_count=7147 16862 5026 80745 724 3065 4955 3611 678 5633 1800 1620 3396 18210 3810 4637 7709 5226 10984 1314 394 803 2159 9351 11273 3563 16555 25771 2384 2387 5408 12763 6381 25669 1402 24778 16380 8122 1305 27445 14326 1294 11403 7239 1971 3767 2575 1759 1926 1627 12458 8423 210 782 18550 386 16422 2826 818 437 1447 3912 9280
internal_value=-9.20477e-05 0.00544582 -0.0192279 0.0110408 -0.000427402 -0.0139749 0.0168297 0.00221826 -0.00986771 0.00672391 0.000686169 -0.00756482 0.00119935 0.00167502 0.011006 0.0154756 0.00288608 -0.0117021 0.0200776 0.0250508 0.017522 0.0144867 -0.00513513 -0.00868219 0.00392454 0.000599051 0.0104502 -0.00388678 0.00449503 0.00300513 -0.0089753 0.0100056 -0.0276979 -0.0162974 -0.0209778 -0.0117596 0.0121662 -0.00298262 0.00360003 0.026106 -6.58729e-05 -0.00195377 -0.0168987 0.0118708 -0.00903981 -0.00710281 -0.00167719 0.0156324 0.0140711 0.0156747 0.0234047 0.0079484 0.00599931 -0.0040232 0.00666203 0.00507165 -0.00496345 0.0251269 0.0115979 0.00308786 -0.00652964 0.004243
internal_weight=78266.3 60700.4 17565.9 31086.1 29614.3 10843.6 13277.8 21606.2 6836.41 17808.3 18399.4 8008.16 17894.1 17421.4 3206.75 2211.3 14791.6 4207.56 8994.84 3050.19 5944.65 3923.6 2629.82 6514.8 10170 9212.72 7638.25 2547.46 9826.51 5658.67 3368.24 4282.98 6722.26 472.718 4007.2 3967.34 3408.08 3800.6 8987.17 2961.37 446.622 2282.71 2029.61 6446.15 2759.33 2325.08 2203.39 3756.4 3304.02 2882.41 2021.05 203.178 3455.27 3575.81 5578.84 4406.89 681.428 1817.87 250.6 467.548 1119.23 8489.51
internal_count=515283 300173 215110 140976 159197 108696 63733 105052 59817 77243 90734 54145 87669 84647 14318 9681 71486 30894 45619 16034 29585 18894 13161 54862 44475 46626 32768 19420 42675 28416 23747 18114 106414 3022 48879 35442 14503 23251 39112 15640 1972 17036 24101 27742 24169 20402 11079 18170 16011 14085 10691 1013 17337 21946 24860 19634 3212 9678 1255 4022 5671 36725
cat_boundaries=0 1 2 3 4 5 6
cat_threshold=30724 206919 1160 5260 132121 1192
is_linear=0
shrinkage=0.035


Tree=49
num_leaves=63
num_cat=0
split_feature=24 4 24 2 34 13 2 40 0 14 6 42 32 22 3 29 22 47 26 26 29 0 4 22 7 3 18 26 24 22 2 14 18 23 35 3 26 22 18 27 14 2 40 48 7 32 22 37 26 44 18 29 13 32 48 37 3 22 14 22 18 0
split_gain=6392.25 1540.43 628.029 485.199 362.201 253.262 246.829 161.714 153.893 129.984 125.038 112.671 107.161 93.1278 100.294 91.0849 85.524 84.085 82.8975 93.3783 100.597 81.3641 80.2388 78.8238 73.5236 69.8187 69.2142 65.0295 62.961 61.2605 61.1602 60.0277 59.0004 56.8008 54.5812 54.3955 53.0798 52.8933 94.909 66.8183 51.7368 51.6561 49.6951 48.4978 48.0141 47.9114 60.9069 47.5328 47.2974 46.5768 46.248 45.9948 45.8918 45.6396 45.9413 45.3355 44.378 90.8333 44.2221 40.7679 73.2415 40.078
threshold=3.5000000000000004 15.125000000000002 8.5000000000000018 17.285000000000004 2.5000000000000004 0.56832298136645976 2.8750000000000004 1.0000000180025095e-35 427.31333333333339 16.500000000000004 92.842500000000015 1.5000000000000002 8049.4600000000009 39.500000000000007 132.50000000000003 23.500000000000004 1.5000000000000002 1937.3300000000002 21.500000000000004 100.50000000000001 115.50000000000001 162.48999999999998 1.8200000000000003 51.500000000000007 0.78888888888888908 67.500000000000014 4141.7892857142861 21.500000000000004 11.500000000000002 8.5000000000000018 1847.9300000000003 16.500000000000004 11029.170208333335 0.68301270189221941 8.5000000000000018 19.500000000000004 100.50000000000001 7.5000000000000009 767.97541666666677 6893.0100000000002 19.500000000000004 2524.1400000000003 1439.2766666666666 11.500000000000002 0.61250000000000016 1.0000000180025095e-35 55.500000000000007 7362.0000000000009 223.50000000000003 64.845000000000013 12193.958095238097 333.50000000000006 0.41277890466531447 618.57000000000005 2.5000000000000004 2784.5000000000005 38.500000000000007 17.500000000000004 18.000000000000004 40.500000000000007 13126.262500000003 583.65000000000009
decision_type=8 10 10 10 2 10 10 10 10 2 10 2 8 2 2 2 2 8 2 2 2 10 8 2 10 2 10 2 10 2 10 2 10 2 2 2 2 2 10 10 2 10 10 2 10 10 2 10 2 10 10 2 10 10 2 10 2 2 2 2 10 10
left_child=1 3 6 11 8 12 48 -8 24 -7 23 17 40 14 37 -9 25 44 47 42 -21 49 -22 27 -3 -11 29 -6 -4 35 59 -29 45 43 -13 -23 -16 38 -10 41 -5 51 55 56 -1 46 -26 -18 -2 -17 -15 -39 -42 54 -36 -20 -14 -58 -25 -12 -61 -44
right_child=2 4 28 5 10 9 7 15 13 16 30 34 33 50 36 21 18 -19 19 20 22 26 -24 58 32 -27 -28 31 -30 -31 -32 -33 -34 -35 53 -37 -38 39 -40 -41 52 -43 61 -45 -46 -47 -48 -49 -50 -51 -52 -53 -54 -55 -56 -57 57 -59 -60 60 -62 -63
leaf_value=-0.02431799379911832 -0.017228108682724827 -0.0060173961338020332 -0.0231840472607442 -0.017297344442243741 -0.011280002112753927 -0.0087660479536400861 -0.032853396728729826 -0.023382656421602619 0.010141068645110744 -0.0026252618341508441 0.015069432553892552 0.002165967892014778 0.0031308126183950341 0.018779135657976401 0.010612200374106756 -0.0078064618262805203 -0.0089941340089433539 -0.0037600044442863728 0.0076377675199648283 0.0092973642475214727 -0.00085647787646517324 0.006380508864064007 0.0065546801625075901 0.0041268399857859722 0.0065575828373109577 -0.038811020052560256 -0.012106489799836478 -0.0086727279376276768 -0.030208366440737509 0.0050744781497033689 0.027046330095948659 0.012840626097422751 -0.011449333801952377 0.006303734126328289 -0.014758021571696804 -0.015941006612365163 -0.01750973166637354 0.013152080490507789 -0.01472082572773248 -0.0024994334140506168 -0.0083677050473294056 0.022487839329766515 0.011314306723386748 0.0088050512858945679 -0.012681394640677798 0.0023571227671698365 0.017290629656943061 0.014918571952112091 -0.025450927781830879 -0.015698980311331847 0.0013112523152612988 -0.0021650744283600786 -0.00078655205600357281 -0.016597651424417516 -0.0022612901883036166 -0.022803304421298604 -0.016202129394524856 -0.0011078592629964307 0.021962270449254345 0.025561094212415387 -0.020735079440375431 0.020391917978692334
leaf_weight=606.02606572955847 1726.2242652848363 693.66037218272686 2638.679823294282 414.80607531219721 160.87691482901573 757.41771680116653 359.0056823939085 486.09393320977688 670.12993779778481 433.1952713727951 1615.7521197199821 1446.3205145969987 1417.0498561263084 2430.2784121930599 122.2363205999136 2342.9020056426525 613.62894739210606 1019.5175172463059 1532.7974782735109 4803.8789695799351 3676.6251759678125 199.98618207126856 3485.3112484365702 193.52013622224331 2562.8093705028296 75.953014567494392 715.54543618857861 168.37263336777687 3924.549446567893 1261.0093059539795 1751.9769251048565 2641.0367199331522 225.30100716650486 2073.5578992515802 431.28945977985859 399.99292954057455 246.79632829129696 2757.2704462260008 260.36909107863903 336.10308027267456 1827.4828267022967 682.83122527599335 1867.2406339198351 586.55280321091413 1549.5786727890372 1910.2000920772552 866.93194781243801 121.11351129412651 1726.3404124863446 1507.6384405940771 201.19380435347557 262.77080650627613 2103.7767717763782 433.42498392611742 2169.3910788521171 61.417081505060196 626.57533768564463 2202.6536873951554 1450.8629851937294 1080.1372250765562 42.83175827562809 879.07294593751431
leaf_count=5991 21021 3285 38739 2808 677 4079 5654 4995 2803 2130 8102 8554 7660 11292 523 22038 2684 6332 6478 20733 16090 1426 14658 836 10832 566 5615 693 67675 8676 10026 12288 940 9919 2826 3027 1049 11985 1071 1402 11225 3113 7958 2994 12727 8183 3700 534 22226 14018 819 1112 10750 2661 12915 266 3507 11575 7111 5857 189 3665
internal_value=-9.04367e-05 0.00526899 -0.0188607 0.000848456 0.0123189 0.00288224 -0.0136399 -0.00997904 0.00882962 0.00542198 0.0177701 -0.00700388 -0.00125001 0.0120551 0.00939574 -0.00878658 0.00603476 -0.0120469 0.00645719 0.0069754 0.00537942 -0.00767918 0.00275053 0.0137184 0.00472106 -0.00808883 -0.00286345 0.0103088 -0.0273883 0.000695064 0.0219296 0.0115487 0.00606036 0.00145947 -0.0034282 -0.00850252 -0.00819127 0.0107031 0.00317596 0.012436 -0.00555503 0.013792 0.0113729 -0.000619863 -0.0159627 0.00680113 0.00927481 -0.00503749 -0.0213458 -0.0109 0.0174446 0.0118191 -0.00431195 -0.0060947 -0.00433859 0.00645147 -0.00192352 -0.00445526 0.0198671 0.0186478 0.0237784 0.0142263
internal_weight=77837.9 60549.9 17288 37215.7 23334.2 29560.1 10724.7 7272.17 14228.9 18307.7 9105.37 7655.55 11252.5 7969.98 5338.51 6913.17 17550.2 3175.12 17041.1 16306.3 11965.8 6427.07 7161.94 4614.67 6258.9 509.148 2576.53 2970.29 6563.23 1860.99 4490.7 2809.41 5565.24 6906.39 4480.43 599.979 369.033 4969.47 930.499 4038.98 4346.07 3702.87 4340.53 4832.83 2155.6 5339.94 3429.74 734.742 3452.56 3850.54 2631.47 3020.04 3931.26 3034.11 2600.68 1594.21 4246.28 2829.23 1644.38 2738.72 1122.97 2746.31
internal_count=515283 300173 215110 192285 107888 140279 108696 65449 62109 79841 45779 52006 60438 35169 23058 59795 75762 25050 73066 69848 51481 54800 30748 21605 26940 2696 18744 13658 106414 13129 24174 12981 23655 35655 26956 4453 1572 21486 3874 17612 24783 16210 18367 25736 18718 22715 14532 3218 43247 36056 12111 13097 21975 18402 15741 6744 22742 15082 7947 14148 6046 11623
is_linear=0
shrinkage=0.035


Tree=50
num_leaves=63
num_cat=5
split_feature=20 4 6 2 21 2 13 2 22 2 26 19 14 14 45 40 42 47 14 32 43 16 14 14 32 16 22 48 22 18 18 32 16 22 48 14 30 26 27 32 45 18 9 39 14 2 25 18 2 8 13 32 16 16 43 22 2 41 27 47 2 46
split_gain=5947.1 1199.33 983.79 371.198 352.706 221.411 199.07 195.51 153.017 137.362 114.75 111.077 104.05 92.2587 92.2107 90.1564 88.6007 93.7256 86.1473 84.3344 82.1638 79.2294 75.5711 75.1761 74.7111 70.6688 69.2708 68.7861 66.0841 72.5874 71.5829 56.8205 56.4908 104.023 65.6415 54.9762 52.1043 49.9396 48.6202 50.8033 47.7895 47.6762 56.0595 55.3998 54.8853 46.9687 46.458 46.3288 46.1819 45.0724 44.6035 43.0305 42.7143 42.7143 42.0937 41.9692 40.8077 40.5293 39.8351 39.5647 41.4997 38.6357
threshold=1.0000000180025095e-35 19.230000000000008 0.064500000000000016 27.740000000000006 14.440000000000003 2.5100000000000002 0.69782608695652182 16.595000000000006 1.0000000180025095e-35 1206.3800000000003 21.500000000000004 51.693000000000012 15.500000000000002 15.500000000000002 5.5500000000000007 1.0000000180025095e-35 2.5000000000000004 2673.0000000000005 19.500000000000004 12075.480000000001 9.5000000000000018 0 19.500000000000004 16.500000000000004 inf 1 9.5000000000000018 2.5000000000000004 38.500000000000007 4813.6320000000005 13126.262500000003 796.80000000000018 2 9.5000000000000018 4.5000000000000009 21.500000000000004 14.805000000000003 21.500000000000004 1133.2400000000002 8049.4600000000009 2.683333333333334 11313.973333333333 3354.3900000000008 197.79000000000005 16.500000000000004 217.52000000000004 225.45409090909092 3256.5374999999999 177.20000000000005 3.5000000000000004 0.21980676328502416 796.80000000000018 3 4 1.5000000000000002 10.500000000000002 222.69000000000003 1281.7200000000003 1624.6400000000003 1509.4350000000002 417.26000000000005 2628.1800000000003
decision_type=8 10 10 10 10 10 10 8 2 10 2 10 2 2 10 10 2 8 2 8 2 9 2 2 8 9 2 2 2 10 10 10 9 2 2 2 10 2 8 8 10 10 10 10 2 10 10 10 10 2 10 10 9 9 2 2 10 10 8 10 10 8
left_child=2 3 5 12 11 36 13 50 -7 23 53 -3 -2 -5 27 -9 17 54 -12 20 46 59 -17 -6 35 48 58 -10 29 -21 -30 -18 -26 52 37 -15 -1 -35 -23 -40 51 43 -43 44 -28 -29 -13 -47 -25 -19 -4 -24 -34 -8 -14 -27 -53 -36 -11 60 -20 -31
right_child=1 4 7 6 9 8 10 15 14 26 18 19 16 24 -16 22 31 49 21 28 -22 38 40 25 32 55 41 45 30 61 -32 -33 33 34 57 -37 -38 -39 39 -41 -42 42 -44 -45 -46 47 -48 -49 -50 -51 -52 56 -54 -55 -56 -57 -58 -59 -60 -61 -62 -63
leaf_value=-0.031494269963299702 -0.028106020530553857 -0.0067852519674323391 -0.021683137632520166 -0.016695142018738021 -0.003755050166495189 -0.031382856980590255 -0.00092121647297708012 -0.029704122780215652 -0.023188602428303385 0.013299545883974728 -0.00064050302883539593 0.0027881971960288798 -0.017121016155650128 -0.0045306596197588981 -0.020522523430217991 -0.015318297522940788 0.0021763893129762148 -0.0077162494996574323 0.010273320940117668 0.0099377224645957867 0.015754294589851982 2.979491450389285e-06 0.0035510603807481912 0.0090343479956801667 0.012904525491789358 -0.00023974844593959669 -0.00244260453170503 -0.010861152774471345 0.016836751042123364 -0.011533002326837695 -0.0052309857340639629 -0.015571155684165096 -0.017436705440644847 -0.0061362629527091711 0.00047243566027153943 0.0033525693932957672 -0.024743092563014078 0.013301204924926894 0.0023215602912729084 0.011612772184933734 -0.0056178844140056085 -0.0041376601757744909 0.032772609042058448 0.029578303251914042 0.022081619637522219 0.011184198945874616 -0.019038754893005338 -0.011410378413877827 0.021051652148090794 0.0045499445789730589 -0.012283779610400922 -0.014650293499388324 -0.0026881700017196493 -0.018984690276185025 -0.0080173826408865816 0.012363887964921204 0.00038277795605780036 0.0082691384533393978 -0.015030941322880157 0.0040170439344870343 0.016711556473656814 0.010230576472239459
leaf_weight=2439.4308368265629 225.96723192930222 581.44263009727001 815.81415096670389 356.34979747235775 287.92599265277386 863.68718073517084 646.56029067933559 164.51193360239267 447.17552197724581 335.49464613199234 1329.6443501636386 2671.4563465416431 839.17904441803694 3411.5844937860966 2243.8522070609033 602.93017546832561 2702.1780794709921 580.02431035786867 3916.103674121201 3971.1985716968775 634.71438059210777 1488.3296987116337 2077.0425586551428 480.76674963533878 692.62743697315454 366.93463498353958 118.19987398386002 1610.3189542219043 2583.1388814300299 317.40192304551601 193.10729102790356 239.66184554249048 294.64866437762976 184.00089946389198 3255.3809670880437 1587.0837178230286 3378.3732046969235 1317.4052708148956 1233.876286149025 1735.1342925280333 2772.9960443899035 154.99340876936913 73.569186672568321 1477.5150710344315 2001.3827728182077 268.07695540785789 124.05360299348831 188.44906461983919 2167.841116681695 995.07466813921928 2586.7912410721183 362.97069974988699 1191.6042530685663 204.43719464540482 2416.4476633965969 2740.2681272923946 563.77991358935833 1089.3384483233094 73.330681756138802 808.20845186710358 1792.2157170772552 144.72225743532181
leaf_count=40379 1788 2790 9380 2215 1200 14123 2994 2278 5483 1655 5840 11383 6666 17035 31172 4765 13746 3512 16393 17087 2871 6265 12314 2070 3302 1596 506 18499 11592 1324 790 1250 1511 943 15174 7792 52494 5918 5190 7285 19567 716 414 8486 10845 2551 519 1875 10712 5324 25270 2447 5815 980 16522 12794 2831 4916 343 3451 7738 597
internal_value=-8.91061e-05 0.0059039 -0.0157905 0.00186348 0.0123934 -0.0227902 0.00385576 -0.0077391 -0.0178303 0.0170774 0.00691302 0.00810178 -0.00474539 0.000849735 -0.0153641 -0.00419976 -0.00406271 -0.00697837 0.00777276 0.00891589 0.00439659 0.00879212 -0.00353753 0.0136862 0.00133104 0.0145592 0.0219132 -0.0107536 0.0110652 0.00841015 0.0153005 0.000725756 0.00342305 0.00250477 0.00461009 -0.00202755 -0.0275788 0.0109166 0.00515462 0.00775357 -0.00230552 0.0233768 0.00783394 0.0243619 0.0207135 -0.00805334 0.00181314 0.00185284 0.0188036 3.09346e-05 -0.0145431 0.000753184 -0.00575713 -0.00551148 -0.0103685 0.010841 -0.00551451 0.00242873 0.00819365 0.0112538 0.0122973 -0.00470998
internal_weight=77418.7 56032.5 21386.2 34533.1 21499.5 11439.4 26534.5 9946.84 5621.56 10278.2 13154.5 11221.2 7998.53 13380 4757.87 6544.23 7772.57 4830.73 12303.5 10639.8 3430.22 10973.9 6379.72 6043.74 13023.7 5755.81 4234.49 2514.02 7209.57 4433.32 2776.25 2941.84 8025.01 7332.38 5846.13 4998.67 5817.8 1501.41 4457.34 2969.01 5776.79 3825.66 228.563 3597.1 2119.58 2066.84 2795.51 456.526 2648.61 1575.1 3402.61 3003.79 1486.25 850.997 3255.63 3107.2 926.751 4344.72 408.825 6516.53 5708.32 462.124
internal_count=515283 269855 245428 169565 100290 166576 120757 78852 73703 51337 56136 48953 48808 64621 59580 44202 47020 32024 52162 46163 14773 46322 41924 28372 62406 27172 22965 28408 31390 19008 12382 14996 37579 34277 26951 24827 92873 6861 18740 12475 37159 20967 1130 19837 11351 22925 11902 4426 12782 8836 34650 17592 7326 3974 23188 14390 5278 20090 1998 27582 24131 1921
cat_boundaries=0 1 2 3 4 5
cat_threshold=6056 1416 1760 16640 86432
is_linear=0
shrinkage=0.035


Tree=51
num_leaves=63
num_cat=5
split_feature=24 34 24 4 2 7 13 1 40 13 32 17 17 14 2 26 16 17 22 22 2 14 26 10 29 16 26 52 48 13 22 48 41 27 6 22 16 26 16 47 44 32 41 26 22 14 26 46 7 3 2 19 22 18 0 26 26 0 16 18 42 40
split_gain=5700.08 1372.58 612.234 540.956 433.953 235.017 220.347 175.503 148.917 130.456 115.038 114.021 113.767 104.909 95.4184 94.7478 92.8583 91.8962 87.9371 86.1546 78.185 72.6713 72.1483 64.3088 62.4067 60.5664 60.5206 59.6417 58.8921 58.0108 56.4181 56.1718 56.0923 55.4657 62.3993 60.9744 53.7534 52.1775 53.4794 51.6295 51.2503 48.2066 47.2081 45.6615 45.2568 44.9836 51.6235 43.7015 42.5816 42.1226 45.3376 42.1876 41.9438 41.0818 41.0285 40.2113 40.0797 39.6902 39.2354 38.7685 37.9687 37.9239
threshold=3.5000000000000004 1.5000000000000002 8.5000000000000018 28.845000000000002 65.90000000000002 0.86607142857142871 0.83045977011494265 inf 1.0000000180025095e-35 0.84412955465587058 4374.6300000000001 10103.130000000003 1.0000000180025095e-35 16.500000000000004 2524.1400000000003 161.50000000000003 0 5881.5000000000009 40.500000000000007 8.5000000000000018 1148.1900000000003 20.500000000000004 131.50000000000003 1.0000000180025095e-35 358.00000000000006 1 21.500000000000004 3.5000000000000004 3.5000000000000004 0.30602006688963218 11.500000000000002 10.500000000000002 841.28000000000009 12872.525000000001 94.867500000000021 15.500000000000002 2 314.50000000000006 3 inf 343.40000000000009 inf 5031.5400000000018 21.500000000000004 5.5000000000000009 20.500000000000004 314.50000000000006 21.980000000000004 0.47727272727272735 267.50000000000006 115.22000000000003 949.92136363636371 8.5000000000000018 418.50133333333332 130.07999999999996 100.50000000000001 208.00000000000003 4.8000000000000069 4 741.38916666666671 1.5000000000000002 2608.2066666666669
decision_type=8 2 10 10 10 10 10 8 10 10 8 8 8 2 10 2 9 10 2 2 10 2 2 10 2 9 2 2 2 10 2 2 8 10 10 2 9 2 9 8 8 8 10 2 2 2 2 10 10 2 8 10 2 10 10 2 2 10 9 10 2 10
left_child=1 4 5 9 10 27 30 12 -7 21 15 19 53 -14 16 43 -8 20 -19 58 26 28 24 -4 47 -11 -15 -2 -3 -28 59 -17 -18 34 -34 61 52 38 -23 -20 45 -32 57 -1 -22 -24 -47 -10 -29 50 51 -27 -31 -6 -48 -40 -30 -12 -9 -5 -45 -36
right_child=2 3 23 6 7 8 14 11 22 25 42 -13 13 17 -16 31 32 18 39 -21 44 37 40 -25 -26 49 29 48 56 36 41 -33 33 -35 35 -37 -38 -39 55 -41 -42 -43 -44 60 -46 46 54 -49 -50 -51 -52 -53 -54 -55 -56 -57 -58 -59 -60 -61 -62 -63
leaf_value=-0.017345210170166339 0.010274041310453791 -0.0069573306760742576 -0.029721747989397983 0.0077308324993029748 -0.0078068942059911399 -0.033214814221048591 0.02062486898560062 0.014553817741538333 -0.0089850632096088491 0.0022641188119937499 -0.013582339126239374 0.00077196818924574889 -0.015175984326480919 -0.013704502199253583 0.026155670275780901 -0.017184358540492831 -0.0010412006646280958 -0.014676230935342233 -0.0041286466767935159 0.0189094210280728 -0.0041247044558280106 0.01580312256365508 -0.015327479422542279 -0.022468314862198212 -0.019595119579734019 0.0067428017381422232 -0.0054732140768982375 -0.027131169635285276 0.0066594188822019671 -0.0074645343635960822 0.0063535249653432707 -0.0047761592696540277 0.0087392583402389964 -0.020283528045934154 0.011051805115115129 0.022232523837696562 0.0055512111899637118 0.014572075698455311 0.0096912626011920241 0.010055377664043862 -0.019027797626810766 0.014766728581010115 0.010200691570652242 -0.0089307475670081776 0.01098863526896909 -0.0088203520666274658 -0.0047787037378039911 0.0017327051621816819 -0.018395264254944175 0.021262381201893912 0.012017941201041811 -0.01475695802739191 0.0018963989927388636 -0.030117478672400652 0.016812258315800067 0.0020414368037688572 -0.0019426591289463258 -0.0024430284557751449 -0.009467400501440161 -0.007071762830427813 0.0005139370316579071 -0.020280133037006234
leaf_weight=320.96775643527508 78.051914200186729 1138.0913141593337 3734.8376917354763 479.13072183728218 257.28889963775873 296.46250189840794 3835.3593936413527 121.29550677537918 656.66017403453588 1189.8073567077518 428.95389425009489 963.70299591124058 436.45243109017611 289.32249078154564 1695.2501731663942 2091.5205454900861 339.38958394527435 701.02465128153563 976.44756562262774 1592.296658217907 275.38499572873116 474.15116968750954 928.45217350125313 2536.1332364305854 255.98292897641659 1473.7460365146399 1012.4057368934155 910.06671848148108 1389.1514786034822 710.52666945755482 1504.3447421193123 569.52660049498081 1233.3784425258636 55.874164953827858 204.60457934439182 1345.4542487114668 5583.8102527335286 736.9055663049221 1058.7191558331251 462.40766032040119 758.67119150608778 1879.2180446684361 331.64947512000799 861.5857497677207 2016.5399559736252 1743.9045951515436 246.92231170088053 1598.6966056078672 2826.1962992064655 451.40320955216885 4360.5892483815551 120.04067234694958 3332.3110172152519 166.63397254049778 189.92262299358845 4096.5766941532493 1268.731291025877 4430.6444692388177 213.98557904362679 394.10985480248928 1318.0687592327595 60.497490465641022
leaf_count=2329 658 5508 67675 1983 1418 4955 19716 510 5633 5026 3406 4460 2575 1426 9780 16464 1545 3455 4702 6976 1283 2005 8996 38739 2384 6142 5950 12661 5881 3422 6381 4339 5838 255 1003 7193 25525 3184 4588 2110 6905 8122 1920 6709 8835 15738 2454 11403 35560 1971 19116 513 15178 1265 1349 17800 5509 26193 912 1628 7835 289
internal_value=-8.78444e-05 0.00493456 -0.0181407 0.0101027 -0.000465237 -0.0129666 0.0155196 0.00266095 -0.00900444 0.00612839 -0.00623599 0.0106035 0.00124464 0.00172526 0.0186912 -0.00993551 0.0168991 0.00220646 -0.00452098 0.0155159 0.00329565 0.00353433 -0.00787427 -0.0267923 -0.00325311 0.00959813 0.00206258 -0.019897 -0.000298682 0.00249261 0.00898271 -0.0145315 0.0123807 0.0139941 0.0146744 0.0192114 0.00333083 0.00581948 0.00467136 0.000433518 -0.0108731 0.0110292 -0.00255634 -0.00504082 0.00917169 -0.0088778 -0.00612608 -0.00139043 -0.0205298 0.0109392 0.0101715 0.00511525 0.000249164 -0.0166269 0.00462514 0.00360703 0.00255406 -0.00342888 -0.000608491 0.0010497 -0.00322179 0.00385237
internal_weight=77010.2 60249.3 16761 30784.5 29464.8 10490 13026.6 19111.8 6675.68 17757.9 10352.9 2891.28 16220.6 15796.6 8769.81 5161.67 7074.56 15360.2 2139.88 1927.58 13220.3 10162.3 6379.21 6270.97 2511.34 7595.59 10928.4 3814.31 3795.97 10639.1 4256.8 2661.05 3239.2 2899.81 2843.93 1610.56 9626.65 6366.35 5629.45 1438.86 3867.87 3383.56 5191.25 2500.62 2291.92 3109.2 2180.75 2255.36 3736.26 6405.78 5954.38 1593.79 4042.84 423.923 436.845 5155.3 2657.88 4859.6 335.281 873.241 2179.65 265.102
internal_count=515283 300173 215110 140976 159197 108696 63733 90002 59817 77243 69195 12858 77144 74461 45619 37676 35839 71886 10267 8398 61619 44475 54862 106414 19420 32768 51501 48879 16898 50075 18114 20803 16123 14578 14323 8485 44125 27577 24393 6812 35442 14503 31519 16873 10118 28537 19541 17036 48221 27742 25771 6655 18600 2683 3803 22388 11390 29599 1422 3611 14544 1292
cat_boundaries=0 1 2 3 4 5
cat_threshold=5536 206919 30725 1160 5249
is_linear=0
shrinkage=0.035


Tree=52
num_leaves=63
num_cat=3
split_feature=24 34 24 13 2 0 39 1 40 2 23 45 14 16 7 14 44 26 14 42 44 47 37 0 18 16 10 26 2 44 14 29 29 14 26 41 37 27 0 41 39 26 26 26 26 27 14 26 2 32 27 16 40 9 0 11 47 32 27 3 2 49
split_gain=5378.84 1283.31 601.552 489.979 405.521 227.792 209.221 163.934 150.528 127.213 126.324 105.387 97.2336 94.4853 89.7716 83.7211 80.3822 79.6226 78.5216 77.5189 75.2338 74.2341 123.912 72.4027 68.8404 66.2996 64.5571 57.4532 57.232 56.5192 54.1522 53.7619 50.9873 50.7426 78.6716 51.9328 47.8301 47.3599 46.9431 46.6107 52.7673 44.7683 42.2773 53.4358 89.6567 48.9709 41.094 40.7418 43.3922 40.4438 40.1725 39.7061 39.9228 39.5853 39.2026 37.6175 37.4461 37.8895 45.0674 37.1196 37.0407 35.5267
threshold=3.5000000000000004 1.5000000000000002 8.5000000000000018 0.8973684210526317 65.90000000000002 19.080000000000009 80.695000000000022 inf 1.0000000180025095e-35 259.22500000000008 0.68301270189221941 5.2250000000000005 16.500000000000004 0 0.59166666666666679 18.000000000000004 378.12000000000006 131.50000000000003 16.500000000000004 1.5000000000000002 38.45000000000001 10959.875000000002 inf 69.449999999999974 1170.2026666666668 1 1.0000000180025095e-35 100.50000000000001 2892.6000000000008 343.40000000000009 19.500000000000004 272.50000000000006 241.50000000000003 19.500000000000004 314.50000000000006 1924.2400000000002 13395.420000000002 24.980000000000004 219.12000000000003 14765.840000000002 30.285000000000004 21.500000000000004 21.500000000000004 131.50000000000003 238.50000000000003 1.0000000180025095e-35 18.000000000000004 284.50000000000006 8.115000000000002 8049.4600000000009 3848.0400000000004 2 16178.610000000002 249.18500000000003 1.4899999999999956 620.7650000000001 10.885000000000003 342.73500000000007 24.980000000000004 67.500000000000014 14.445000000000002 8.5000000000000018
decision_type=8 2 10 10 10 10 10 8 10 8 2 10 2 9 10 2 10 2 2 2 10 8 8 10 10 9 10 2 10 8 2 2 2 2 2 8 10 10 10 10 10 2 2 2 2 10 2 2 10 8 10 9 10 10 10 10 8 10 10 2 10 10
left_child=1 4 5 9 10 54 13 12 -7 18 14 17 -6 23 -1 50 19 31 -3 21 46 22 -14 -5 -15 -20 -4 -18 51 38 -25 -10 -24 -11 35 -35 53 -23 -19 40 -37 61 -21 -44 45 -45 -16 48 -48 -26 -9 -8 -53 -17 -2 -51 -12 58 -58 -54 -28 -32
right_child=2 3 26 6 7 8 28 15 11 33 56 -13 16 24 20 36 27 29 25 42 -22 37 32 30 49 -27 60 -29 -30 -31 41 -33 -34 34 -36 39 -38 -39 -40 -41 -42 -43 43 44 -46 -47 47 -49 -50 55 -52 52 59 -55 -56 -57 57 -59 -60 -61 -62 -63
leaf_value=-0.019340259027532895 -0.023899451756350734 -0.017701865442807597 -0.029459351662666267 0.0015567421736774616 -0.015026901968212174 -0.032733159381084592 0.0099600889371388238 -0.0042414852967343399 0.0085135219211646476 0.0018608935061280604 -0.0096349487476463727 -0.016143836929706518 -0.0062083020562518146 -0.0019508964014844879 -0.014271293598464138 0.016947308292332496 0.0038204366229524782 -0.0097383817414322393 -0.00092212592846901303 -0.010224554778031266 -0.011539062752762541 -0.016270850951176516 0.001405329271768671 0.0058674394684459369 0.002755324654756999 0.0057730392145335738 -0.025402224549438922 -0.0081524158586647483 0.027876736470956901 -0.017794287531812586 0.014362035090113901 -0.0037320916294381039 0.024795388072692669 0.0035670930333779514 0.019439782003432247 0.0063599218651636605 -0.015073778571459421 0.0052385750735474534 0.0012865195402467905 -0.0086264914357881209 0.013535361913809701 0.017833384944290105 0.0092115440781068026 -0.031252887234146473 0.0072008288435280957 -0.0018977806593417192 -0.011085144893095611 0.0062714570079993358 -0.00094515544433092246 0.010193174134860553 0.015225895511912691 0.021164457849790944 0.020847453366548498 0.0042548262617198721 -0.016543913818353729 0.023818387244286185 -0.0087593777724118901 -0.0079179874114150162 0.0046910529841251505 -0.017288794211872568 -0.016519346381095874 -0.013897569300545209
leaf_weight=860.28049036115408 1554.0160493031144 224.85952799022198 3637.9466197304428 492.28692145645618 439.02185215801001 306.77971693500876 619.83699789643288 576.86921578645706 621.8474258556962 1181.8765812665224 475.37272818386555 1403.7737113237381 2995.427492402494 838.94579035043716 394.88457292318344 1708.3763307183981 713.09291028231382 1525.1899202316999 2919.9807633161545 213.46306277811527 2743.2941332310438 131.01011490821838 223.64178270101547 610.70197431743145 691.45982760190964 4767.9708976149559 1564.01725159958 1571.7166888490319 1064.5943532437086 690.19742725789547 119.09633967280388 1488.4155139178038 232.49286668002605 1975.0512770190835 890.66436861455441 2055.6281639561057 67.45231069624424 2517.4120168909431 685.34213833510876 155.8715872168541 3236.6620635837317 4107.5686635673046 2904.6030154824257 71.715161208063364 2560.7772554829717 1638.5364048779011 767.75484356284142 555.01336412131786 1579.1520705074072 1239.3503924608231 166.48879891633987 2964.6510039269924 58.569400206208229 366.31977640092373 2106.3154834955931 310.73400580883026 356.422747656703 491.04076711833477 2087.8503955379128 64.804050073027611 923.66714686900377 98.774688079953194
leaf_count=7831 21682 1205 67675 2057 2615 5234 3057 2793 4460 5167 3772 14401 15580 3593 2810 7448 3238 14625 12904 1010 19002 768 1079 2697 3060 20870 25289 7597 6385 6380 501 11448 992 8356 3840 8618 284 11345 4979 659 14309 19306 12883 644 11720 7673 5884 3678 9406 5639 749 16210 303 1584 25487 1524 2163 2835 11814 297 13450 419
internal_value=-8.62307e-05 0.00477435 -0.0177815 0.00978084 -0.00045028 -0.0126473 0.0148438 0.00256954 -0.00881928 0.00591754 -0.00604337 -0.0076707 0.00120127 0.0115515 -0.00876665 0.0102544 0.00165385 -0.0052943 0.00263948 0.00268217 -0.00725772 -0.000238078 -0.00361977 0.0143333 0.00657851 0.00323665 -0.0264796 -0.00441563 0.0207102 -0.00905632 0.015636 -0.000121259 0.0133555 0.00864858 0.00961315 0.00843166 0.013765 0.00416882 -0.00632124 0.0101942 0.01075 0.0170135 0.00509265 0.00554967 0.00305777 -0.00314626 -0.00369277 -0.00224885 -0.00426561 0.00979961 0.000133193 0.0186456 0.0202872 0.0147094 -0.0196724 0.0129381 -0.000532784 0.000944087 0.00272694 0.00083778 -0.022112 0.00154521
internal_weight=76606.9 60099.4 16507.5 30689.9 29409.5 10381.9 13281.4 19098.4 6721.55 17408.6 10311.1 6414.77 16212.9 8508.92 6900.38 2885.51 15773.9 5010.99 7912.81 13489.1 6040.1 6099.98 3451.56 5428.43 3080.49 7687.95 6125.63 2284.81 4772.46 2900.73 4936.14 2110.26 456.135 9495.75 8313.88 7423.21 2142.15 2648.42 2210.53 5448.16 5292.29 4325.44 7389.09 7175.63 4271.03 1710.25 3296.8 2901.92 2346.91 2241.54 743.358 3707.86 3088.02 2074.7 3660.33 1550.08 3410.69 2935.31 2444.27 123.373 2487.68 217.871
internal_count=515283 300173 215110 140976 159197 108696 65048 90002 61527 75928 69195 56293 77144 38796 48611 12858 74529 41892 34979 63694 40780 29764 17651 24980 13816 33774 106414 10835 26252 25984 22923 15908 2071 40949 35782 31942 9316 12113 19604 23586 22927 20226 33930 32920 20037 8317 21778 18968 15290 10223 3542 19867 16810 9032 47169 7163 20584 16812 13977 600 38739 920
cat_boundaries=0 1 2 3
cat_threshold=5544 219142 133137
is_linear=0
shrinkage=0.035


Tree=53
num_leaves=63
num_cat=4
split_feature=24 4 24 2 0 42 2 47 32 43 40 22 17 42 26 9 16 22 40 33 22 13 18 2 2 16 22 14 41 48 14 37 39 22 27 14 23 43 3 26 22 40 22 18 48 16 3 16 37 26 39 32 26 22 48 48 26 26 19 24 19 14
split_gain=5074.66 1228.07 590.626 450.05 303.482 272.582 220.514 164.364 153.506 151.651 148.682 130.102 124.087 121.926 97.2956 96.0413 84.7028 157.43 84.9207 84.237 75.426 75.0798 71.5323 70.4651 70.3015 70.0797 67.1922 61.196 60.1178 55.4879 55.369 53.2559 52.9702 52.8091 60.7918 52.3363 75.7007 52.0275 51.3195 75.3152 51.0632 132.34 50.8606 50.7483 50.5135 49.7319 48.8035 48.7017 48.5415 48.2855 46.3153 44.4281 48.2946 44.3679 44.1514 43.2402 65.0919 44.7034 44.7282 42.8936 42.4881 41.6445
threshold=3.5000000000000004 2.0350000000000006 8.5000000000000018 1206.3800000000003 282.64833333333343 4.5000000000000009 2.8750000000000004 inf 5937.6250000000009 2.5000000000000004 1.0000000180025095e-35 10.500000000000002 15073.740000000003 2.5000000000000004 131.50000000000003 169.24000000000004 0 8.5000000000000018 8378.1900000000005 11.500000000000002 34.500000000000007 0.94590643274853814 11029.170208333335 363.56000000000012 832.84000000000015 1 40.500000000000007 19.500000000000004 2808.0000000000005 9.5000000000000018 15.500000000000002 inf 1047.3600000000004 8.5000000000000018 4334.5800000000008 20.500000000000004 0.68301270189221941 1.5000000000000002 51.500000000000007 91.000000000000014 30.500000000000004 6025.0800000000008 96.500000000000014 767.97541666666677 9.5000000000000018 2 78.500000000000014 3 13395.420000000002 223.50000000000003 129.64500000000004 743.31000000000006 21.500000000000004 19.500000000000004 9.5000000000000018 4.5000000000000009 21.500000000000004 314.50000000000006 1951.4700000000003 11.500000000000002 2021.0742857142859 19.500000000000004
decision_type=8 8 10 10 10 2 10 8 8 2 10 2 8 2 2 10 9 2 10 2 2 10 10 10 10 9 2 2 10 2 2 8 10 2 10 2 2 2 2 2 2 10 2 10 2 9 2 9 10 2 10 10 2 2 2 2 2 2 10 10 10 2
left_child=1 4 6 5 8 7 49 13 9 -1 -8 43 20 31 51 61 -6 38 24 23 25 47 30 50 27 -9 59 -19 42 -16 -17 37 -24 -27 -35 36 -15 -3 -18 -40 41 46 45 -5 -22 -10 -32 -7 -25 -2 -12 52 -11 -30 -41 56 -29 58 -57 -4 -23 -13
right_child=2 3 26 11 16 21 10 12 28 14 19 15 -14 35 29 22 17 18 -20 -21 44 60 32 48 -26 33 -28 55 53 -31 40 -33 -34 34 -36 -37 -38 -39 39 54 -42 -43 -44 -45 -46 -47 -48 -49 -50 -51 -52 -53 -54 -55 -56 57 -58 -59 -60 -61 -62 -63
leaf_value=-0.017439261709584868 -0.015631528617201042 -0.010365463236869193 -0.024042609835546579 0.011999470562653543 0.014616536867408065 0.012599992063480722 -0.032027808734341544 0.016163644896497395 0.0037918769660928169 -0.010861232478809144 -0.007459425993922123 0.00059675918108775122 -0.0032131540578467137 -0.0030410993346656171 -0.013160926012115702 0.0042756834093720386 -0.0029706448440644708 -0.0094158416398927164 -0.0066722493192106257 -0.022183599829877547 0.012542566210298605 0.017643753457669581 -0.0027901496045503304 0.0019364509257692262 0.010108330900120716 -0.0052298837364269874 -0.019669079426198367 -0.0077237680290210518 -0.012462260048409184 -0.0026301533370811756 0.023535493029314954 0.0088464261190809804 0.024772958901908702 0.0090612877965738046 -0.010394380493996352 0.0073489936767544995 0.0093273455564754099 -0.001335376697480931 0.00017337592487298419 -0.033692799160689207 0.02669919802876523 -0.016548685399701713 0.013159959075830013 -0.0023297787814965188 0.024776196231929268 -0.0042148316590705365 0.0062575309088351884 0.0043907192096050984 -0.027252569643488298 -0.024218142370317577 -0.018485742730748139 -0.0095472473677171987 0.0039717183277396435 0.0097652220714291044 -0.0057833913467825312 0.0016219239569517519 0.011766678778166761 0.016963817651254015 -0.018260454139340274 -0.031077405086551036 0.0030350072249368297 0.014053549396558344
leaf_weight=1640.9989528208971 1623.0132936537266 1019.2887539938092 1784.1195261925459 687.4716599881649 740.01286059617996 2167.9378197193146 322.87792348116636 755.90098962187767 1150.6763081774116 314.85270604491234 4380.3141272291541 332.58001178503036 920.21127651631832 1787.5147426277399 1933.9114683717489 201.5760749578476 1179.0777663365006 437.45433837175369 772.20065352320671 460.19897850602865 2425.5497848838568 3038.3338451832533 255.85409204661846 1290.2137335464358 2656.6682096719742 579.73321822285652 1480.6478280089796 246.37580233812332 124.81972785294056 897.98623295128345 1520.0941286385059 478.08427842706442 127.08126473426819 1700.8929927274585 221.61072808504105 4363.5861769393086 916.00026822090149 3342.6928233206272 221.52393061667681 249.72000242397189 2212.1510407924652 120.56694452464581 253.78895366191864 539.93813414871693 499.45898385345936 5289.2016173526645 231.63564740121365 1556.2720062583685 72.780988946557045 1605.5686627067626 522.05727133154869 530.44033416360617 1808.2177585735917 880.68451746553183 96.685628280043602 2659.9134102761745 1393.6833464056253 219.20267345756292 145.22331684827805 2719.9861498847604 265.66008570790291 1844.3266974240541
leaf_count=14209 21021 4932 28628 3116 3388 9588 5654 3326 6583 1993 40318 1435 4474 7800 12852 896 5786 2365 3659 4995 10868 14663 1159 9048 11574 2438 25669 1173 739 5628 7982 2090 649 7329 939 18612 3843 15663 1069 1659 12710 533 1420 2437 2264 30500 1141 6781 613 22226 4821 2786 10286 4623 471 12111 6072 963 651 52117 1325 8620
internal_value=-8.47858e-05 0.0046187 -0.0174252 0.0089786 -0.0011363 0.00673963 -0.0123331 0.00456184 -0.00440582 -0.00810724 -0.00886108 0.0161982 0.00877501 0.0020479 -0.00531283 0.0180795 0.00326319 0.00242781 0.00439049 -0.00774431 0.0105594 0.0126288 0.0209114 -0.00668035 0.00549228 0.00689329 -0.0261659 0.00308707 -0.000979155 -0.00982376 0.0222064 -0.00223147 0.00639767 0.00400689 0.00681436 0.00497863 0.00115146 -0.00344738 -0.00713923 -0.0157732 0.02309 0.0188137 -0.00217808 0.00569926 0.0146393 -0.00278448 0.0212557 0.00921721 0.000358983 -0.0199078 -0.00863716 -0.000496754 0.0017679 0.00699634 -0.025942 0.00426143 0.00883583 0.0017787 0.000586463 -0.0282968 0.0164704 0.0119989
internal_weight=76217.1 59955.3 16261.8 34112 25843.3 26038.7 10277 19010.5 14825.6 7126.41 7048.44 8073.28 7103.36 11907.2 5485.41 6845.87 11017.7 10277.7 8530.72 6725.57 6183.15 7028.2 4668.96 6265.37 7758.52 3258.14 5984.75 5101.85 7699.17 2831.9 4286.02 4840.07 382.935 2502.24 1922.5 7067.1 2703.52 4361.98 1747.01 567.93 4084.45 1872.3 6693.67 1227.41 2925.01 6439.88 1751.73 3724.21 1362.99 3228.58 4902.37 2653.51 2123.07 1005.5 346.406 4664.4 1640.06 3024.34 2805.14 4504.11 3303.99 2176.91
internal_count=515283 300173 215110 157613 142560 116935 108696 84578 91619 47754 65449 40678 31638 52940 33545 35125 50941 47553 38568 59795 27164 32357 25070 54800 34909 14032 106414 23335 43865 18480 23262 22685 1808 10706 8268 30255 11643 20595 8985 3199 22366 9656 38503 5553 13132 37083 9123 16369 9661 43247 45139 15065 12279 5362 2130 20970 7245 13725 12762 80745 15988 10055
cat_boundaries=0 1 2 3 4
cat_threshold=1672 5256 66801 5536
is_linear=0
shrinkage=0.035


Tree=54
num_leaves=63
num_cat=0
split_feature=24 4 24 13 34 7 46 40 32 7 14 32 13 48 23 34 22 3 18 14 26 32 14 27 18 40 4 29 4 22 29 26 7 37 23 52 0 0 32 48 4 22 27 26 29 48 29 13 32 27 18 27 22 18 6 3 22 0 19 22 27 30
split_gain=4786.76 1154.74 579.487 371.459 290.846 216.457 177.595 139.202 123.492 123.34 112.899 109.875 102.755 90.5157 113.337 95.4929 88.5607 150.573 104.617 86.219 84.2343 80.113 79.2589 95.6 84.0164 75.0422 72.4227 69.7133 67.7133 67.169 66.5584 64.0979 64.0721 58.8197 57.2627 57.1861 55.4997 54.4636 53.5652 52.4258 45.9752 43.9553 49.5516 43.7069 43.0592 42.9983 42.4754 42.4884 41.9435 41.7975 41.5646 40.9902 43.9332 99.2346 47.4294 40.5446 40.0005 39.5582 38.9773 38.4824 37.8138 37.8374
threshold=3.5000000000000004 15.125000000000002 8.5000000000000018 0.4188596491228071 2.5000000000000004 0.86607142857142871 88.940000000000026 1.0000000180025095e-35 2066.3400000000006 0.95833333333333337 16.500000000000004 530.37000000000012 0.94590643274853814 11.500000000000002 0.68301270189221941 2.5000000000000004 31.500000000000004 85.500000000000014 11313.973333333333 18.000000000000004 91.000000000000014 272.0800000000001 20.500000000000004 1.0000000180025095e-35 220.96619047619049 1704.8533333333337 105.92000000000002 333.50000000000006 1.0000000180025095e-35 18.500000000000004 23.500000000000004 122.00000000000001 0.82575757575757591 1.0000000180025095e-35 -1.0000000180025095e-35 3.5000000000000004 559.17000000000019 3.9533333333333345 2382.9300000000007 6.5000000000000009 43.225000000000009 21.500000000000004 6893.0100000000002 100.50000000000001 358.00000000000006 2.5000000000000004 115.50000000000001 0.21980676328502416 768.12 414.51500000000004 304.87875000000003 4877.9400000000014 7.5000000000000009 797.30785714285719 100.81500000000001 46.500000000000007 16.500000000000004 1089.7800000000004 24.240000000000006 1.5000000000000002 4.4900000000000011 14.805000000000003
decision_type=8 10 10 10 2 10 10 10 8 10 2 10 10 2 2 2 2 2 10 2 2 10 2 8 10 10 10 2 10 2 2 2 10 8 2 2 10 10 10 2 10 2 10 2 2 2 2 8 10 10 10 10 2 10 10 2 2 10 10 2 10 10
left_child=1 3 5 8 9 35 11 -7 32 58 -6 19 -12 14 15 22 17 27 21 -5 25 40 57 24 -24 -16 -14 33 59 -4 -9 -19 -1 -11 46 -2 44 -31 39 -25 -18 -33 -43 -23 -36 -37 47 -32 -22 -39 -41 52 53 -35 -54 56 -53 -8 -3 -21 -47 -62
right_child=2 4 29 6 10 7 13 30 -10 16 12 -13 26 -15 20 -17 18 31 -20 28 48 43 23 38 -26 -27 -28 -29 -30 37 34 41 -34 51 36 45 -38 49 -40 50 -42 42 -44 -45 -46 60 -48 -49 -50 -51 -52 55 54 -55 -56 -57 -58 -59 -60 -61 61 -63
leaf_value=-0.018998917053687569 0.010804084629834733 -0.016124423277606107 -0.029126182118222325 -0.011246706598955734 -0.0010775619963239379 -0.032633382523938957 -0.0052770225671369946 -0.020948933523651781 -0.0021328083013424071 -0.0144527406818643 0.011384767843530064 -0.012334498569693998 0.015992863497105426 0.012631220519833857 0.0052774665236802352 0.0085009021362639058 0.011233177701927527 0.0022667578375967609 -0.0050718474899151388 -0.012722400695399469 0.0029772955426734925 0.014805314239380831 0.019001947408159088 0.009574873695729267 -0.037150651048692925 0.014347177428621686 0.024264360263857622 -0.0036434779382971561 0.0046575194775880955 -0.02718094891658239 -0.013722392107444715 -0.027932045271440015 -0.0082238995132682159 0.0097954419091614876 -0.0040120636521021359 -0.026957355314546991 0.0067346799803510975 0.07288868259352245 -0.010372248669506888 0.012667051664019 0.018834760309745204 0.00041821101317395876 -0.046823197700969814 -0.00011355337874288908 -0.020213957339565252 -0.02785157811446148 -0.015355370831400469 -0.0010240593420039361 -0.012863923712799485 -0.017223080171306464 0.0010123024203255548 -0.006629076974640831 0.010166565088878596 -0.015875084449757024 0.019058307545066117 -0.019402371240200819 0.022228067057640299 0.003160068796934333 0.00076601658330229948 -0.00091656928780271883 -0.025101972688253503 -0.013819137959
leaf_weight=914.52950492501259 77.327407233417034 185.4125215113163 3325.0205207578838 780.568105712533 467.62116615474224 272.95408184081316 3142.8616249412298 399.39683608710766 4183.4071093648672 123.21466651558876 2981.1576255112886 1013.0059910900891 3067.494836717844 1496.4707199633121 2156.2072676867247 2148.0367711633444 1666.0036294460297 427.57016356289387 402.92380532622337 367.54928258806467 973.86067199707031 362.64837618172169 43.080298900604248 1674.0680615827441 127.27168579399586 2322.9168823808432 2261.4589914977551 557.25747826695442 3408.2810531556606 1143.3993233665824 536.14559750258923 217.15316124260426 2598.694490224123 980.42509008944035 2626.641112819314 751.63307704031467 566.53954121470451 5.3697333820164195 317.96765626966953 416.93806444853544 2370.6131497919559 200.44560185074806 30.465617671608925 710.6130623370409 216.70425743609667 375.85730562731624 1105.7073579728603 809.28102278709412 258.18761670589447 1374.6270908676088 3637.9842034652829 129.75562909245491 2600.676760494709 226.22849610447884 1027.1093695312738 107.96333755552769 106.15332853794098 868.16460639238358 1637.3147239983082 4113.3288597539067 447.53739497065544 1990.4820664077997
leaf_count=8931 658 1023 61525 4817 2004 4955 15124 4278 26262 520 13978 5780 15842 6480 9482 9256 7325 1811 1663 2306 4292 1583 254 7367 1058 10011 13955 2486 15184 21321 5433 914 17716 4113 21751 10640 3806 92 1401 1830 11169 868 126 3086 2133 5497 10529 6932 1145 23476 16200 549 11108 933 4705 452 458 3789 7217 23600 6695 25389
internal_value=-8.31485e-05 0.0044684 -0.0170708 0.000644893 0.0106539 -0.0120231 0.0024442 -0.0082094 -0.00619648 0.0075339 0.0156534 -0.00143317 0.0165949 0.00436123 0.00367635 0.00179403 0.00879801 0.00610369 0.0120877 -0.000158138 0.00775441 0.0134415 0.000384832 0.00285933 -0.0229222 0.00998326 0.0195069 0.00812692 0.000940272 -0.0258502 -0.00713947 -0.00742735 -0.0110334 0.00936459 -0.00619502 -0.0188588 -0.00326037 -0.0215236 0.0035893 0.00436586 0.015701 -0.0166625 -0.00598968 0.00493653 -0.00525356 -0.019505 -0.0102746 -0.00609071 -0.000350125 -0.0168199 0.0022135 0.00993399 0.0107643 0.00497346 0.0126886 -0.00173724 0.00639496 -0.00345053 -0.000960022 -0.00188758 -0.0175055 -0.0158997
internal_weight=75835.7 59811.1 16024.6 36963.4 22847.7 10176.2 29266.7 6533.37 7696.63 14069.9 8777.73 9682.73 8310.11 19584 18087.5 12376.4 12247.2 6734.42 5512.8 8669.73 5711.17 5109.88 10228.3 6217.31 170.352 4479.12 5328.95 5858.78 7889.16 5848.42 6260.42 875.635 3513.22 5301.53 5861.02 3642.84 3409.88 2523.4 6046.96 5728.99 4036.62 448.064 230.911 1073.26 2843.35 3565.51 2451.13 1345.43 1232.05 1380 4054.92 5178.31 4834.44 1206.65 3627.79 343.872 235.909 4011.03 1822.73 4480.88 2813.88 2438.02
internal_count=515283 300173 215110 192285 107888 108696 139376 59817 52909 62109 45779 51687 43775 87689 81209 56279 53869 29043 24826 45907 24930 23163 47023 28110 1312 19493 29797 25324 41090 106414 54862 3719 26647 22838 50584 48879 27690 44889 26798 25397 18494 1908 994 4669 23884 48221 22894 12365 5437 23568 18030 22318 20859 5046 15813 1459 1007 18913 8240 25906 37581 32084
is_linear=0
shrinkage=0.035


Tree=55
num_leaves=63
num_cat=5
split_feature=24 4 24 2 46 42 0 47 40 17 42 22 26 23 14 9 45 23 17 32 2 22 16 26 13 16 26 0 22 18 22 40 16 14 22 44 43 14 18 14 16 39 29 22 40 26 3 16 3 44 8 37 43 0 18 2 19 26 13 14 1 18
split_gain=4514.39 1085.04 567.933 452.323 279.114 254.621 210.291 152.667 140.171 128.455 125.004 118.065 108.81 109.338 103.33 100.667 99.0098 88.846 85.7926 80.3882 76.0841 74.4816 87.2869 71.2575 71.2466 68.7064 69.8366 67.9154 67.429 67.255 65.9705 64.9779 60.4324 58.9814 57.9179 54.5041 52.1452 50.8197 49.7832 49.7264 49.5938 49.1853 48.9318 47.5937 123.181 47.2849 46.5571 46.3046 46.0941 45.7207 45.6645 43.7161 50.9631 42.6394 41.794 43.516 41.683 41.597 41.3497 41.004 40.7243 38.3704
threshold=3.5000000000000004 1.0000000180025095e-35 8.5000000000000018 1206.3800000000003 54.425000000000011 4.5000000000000009 19.080000000000009 inf 1.0000000180025095e-35 15073.740000000003 2.5000000000000004 10.500000000000002 91.000000000000014 0.68301270189221941 21.500000000000004 169.24000000000004 5.2250000000000005 0.93301270189221952 10.120000000000003 12075.480000000001 177.20000000000005 16.500000000000004 0 131.50000000000003 0.94590643274853814 1 314.50000000000006 1.6833333333333711 1.0000000180025095e-35 11029.170208333335 1.0000000180025095e-35 1418.3466666666668 2 20.500000000000004 7.5000000000000009 343.40000000000009 1.5000000000000002 15.500000000000002 61.906833333333346 16.500000000000004 3 1726.1400000000001 272.50000000000006 30.500000000000004 6025.0800000000008 21.500000000000004 88.500000000000014 4 78.500000000000014 113.80500000000002 6.5000000000000009 41161.68 1.5000000000000002 219.12000000000003 11029.170208333335 1598.3800000000001 1951.4700000000003 330.00000000000006 0.13188405797101452 19.500000000000004 731.84000000000015 106.27708333333335
decision_type=8 8 10 10 10 2 10 8 10 8 2 2 2 2 2 10 10 2 10 8 10 2 9 2 10 9 2 10 2 10 2 10 9 2 2 8 2 2 10 2 9 10 2 2 10 2 2 9 2 10 2 8 2 10 10 10 10 2 10 2 10 10
left_child=1 4 6 5 17 7 -2 10 -8 21 51 40 13 -6 20 59 23 19 -16 36 49 22 38 42 47 -20 -27 -4 61 37 -29 -15 -30 -23 -34 53 -1 -17 -9 -12 -5 -31 -10 44 48 50 -24 -7 -39 -14 -41 52 -3 -25 55 -36 -26 58 -32 -13 -61 -22
right_child=2 3 27 11 12 24 8 9 16 -11 39 15 14 31 18 29 -18 -19 25 -21 28 33 46 35 56 26 -28 30 32 41 57 -33 34 -35 54 -37 -38 43 -40 45 -42 -43 -44 -45 -46 -47 -48 -49 -50 -51 -52 -53 -54 -55 -56 -57 -58 -59 -60 60 -62 -63
leaf_value=-0.023203561409048747 -0.018651111756191167 -0.010068065950025134 -0.030258579139616836 0.019862199714459263 -0.0074301388411890726 0.01152870220664806 -0.032116690263926058 -0.00050624024314346633 0.0084875296044761468 -0.0037885951686131266 -0.0087759401483067639 9.5810035318561856e-05 -0.0050806770101772831 0.002546192442627685 -0.023188780144182183 0.0042732442641354512 -0.015292056830118146 0.0020573218541408908 0.019755063125412385 -0.0046565159962698071 0.014733024459272827 0.00753153908284289 0.00077023065177206059 -0.0088594858679251331 0.016384856310429984 0.0008694172034301842 0.013637690179359434 -0.03232750314523021 0.016232309548308996 8.720438511423741e-06 -0.022451134221254769 0.011466382800558533 -0.014315895640428072 0.015646550027545829 -0.00054005958399974284 -0.016959406768874804 -0.010893988299379598 0.022712260359403297 0.021359865241377767 0.03738827587346432 0.0020648658299139782 0.032334778014143813 -0.0032150167766279505 0.025755302827320747 -0.015975449519594526 0.005721627301370517 -0.036537936237266679 0.0038195749624669044 0.0059990033627807977 -0.015356532189799564 -0.011802318181013956 0.0071880132251661965 -0.0015070507142028549 0.0017175342643493694 -0.015567616308055093 0.011621374056874518 0.0026571271101733609 -0.029323567236227276 -0.013010686370517468 0.019412794405391409 0.0090100434427031056 -0.034083097102868533
leaf_weight=499.42815834283829 3499.5497081205249 1108.1358914077282 2262.6418783217669 227.16298052668571 695.32010716944933 2333.9853905439377 282.30361325666308 176.15322588384151 621.7633349224925 998.33410921692848 328.34782294183969 349.70632885396481 1328.4512311592698 1773.5606449693441 152.20301278680563 203.22683447599411 1363.0165922679007 1033.2074916362762 285.68699616193771 2745.9697646126151 23.395984344184399 1898.3569002822042 1487.0408331304789 1488.8323280327022 3171.2815270274878 4382.014761172235 595.16912762075663 667.43957670405507 244.21411734074354 310.98553311824799 1225.2712238803506 2295.7057448476553 379.01313045620918 2609.5467298179865 2576.359044983983 670.90120239928365 2718.2594042494893 1512.5182389616966 460.83116486668587 24.096105694770813 1028.1381945610046 69.782604187726974 1471.8078573867679 2179.4044818729162 120.74610145390034 7076.5596546828747 41.134803652763367 1669.5728276818991 234.30333441495895 883.72136818245053 296.60210752487183 519.59050966054201 3673.5558493211865 679.58443339169025 193.84857737272978 418.03508155792952 296.72820799052715 489.90811000019312 1071.1288010105491 762.6879398226738 1172.2316488772631 109.82496318221092
leaf_count=5172 47169 5458 44091 1075 3698 10329 5234 740 4460 4961 1555 1513 8102 8418 1144 904 14401 6027 1410 18041 143 8330 6353 14625 15348 21748 2798 13168 1113 1433 22431 10453 1901 11751 12063 6380 20017 8068 2041 105 4618 377 11448 12790 534 30305 174 7276 1159 5298 1296 2285 17546 4979 961 1880 1485 8820 17904 3615 5450 912
internal_value=-8.18295e-05 0.00432215 -0.0167203 0.0081038 -0.00156771 0.00600042 -0.0117198 0.00400085 -0.00803015 0.00791756 0.00169392 0.0153537 0.000937562 0.00538853 -0.000895372 0.0171462 -0.0069452 -0.00741639 0.00263097 -0.00905779 -0.00399678 0.00966918 0.00433098 -0.00463623 0.0115385 0.00338194 0.00239386 -0.0255325 -0.00108241 0.0201131 -0.0224284 0.00758016 -0.000223741 0.0122316 -0.00139613 -0.00824741 -0.0128112 0.0213756 0.0150852 0.00453378 0.00547331 0.00600223 0.00026288 0.0222331 0.0181112 0.00512567 -0.000255581 0.00835391 0.0204752 -0.00919077 -0.00800158 -0.00244472 -0.00349272 -0.00554537 0.000139377 0.00116106 0.0152114 -0.0200464 -0.0180553 0.011126 0.0131184 -0.0254642
internal_weight=75468.3 59674.1 15794.1 36340.7 23333.4 28169.9 10077.8 20698.3 6578.21 7671.4 13026.9 8170.89 16336.5 4764.59 11571.9 6915.59 6295.91 6996.86 5415.07 5963.66 6156.86 6673.06 2165.16 4932.89 7471.57 5262.87 4977.18 5716.39 3944.69 4630.97 3453.75 4069.27 3811.47 4507.9 3567.26 2839.32 3217.69 4250.2 636.984 7725.61 1255.3 380.768 2093.57 4046.97 1867.57 7397.26 1528.18 4003.56 1746.82 2212.17 320.698 5301.28 4781.69 2168.42 3188.24 2994.39 3468.01 2786.31 2296.4 2284.63 1934.92 133.221
internal_count=515283 300173 215110 168874 131299 127338 108696 92900 61527 34350 58550 41536 82042 22569 59473 35843 56293 49257 27100 43230 32373 29389 9308 41892 34438 25956 24546 106414 18973 25265 62323 18871 17918 20081 16805 25984 25189 23455 2781 33261 5693 1810 15908 22551 9761 31706 6527 17605 9227 13400 1401 25289 23004 19604 14904 13943 16833 49155 40335 10578 9065 1055
cat_boundaries=0 1 2 3 4 5
cat_threshold=1208 1129 1192 1152 5536
is_linear=0
shrinkage=0.035


Tree=56
num_leaves=63
num_cat=2
split_feature=24 4 2 24 46 42 26 32 14 26 26 22 16 22 26 22 0 26 5 23 47 40 14 41 1 48 43 47 29 52 14 4 35 22 13 16 26 23 26 40 2 27 41 40 50 7 8 14 37 52 29 41 52 6 22 29 40 2 22 40 27 0
split_gain=4258.45 1234.37 428.699 354.797 336.639 239.074 151.452 145.513 141.601 125.184 185.52 128.115 115.302 112.118 103.424 102.772 102.02 100.047 94.7697 92.1507 90.2776 85.4801 81.9828 80.4928 80.3741 73.2729 70.6602 69.3616 63.2258 105.243 62.0512 61.4225 61.3478 60.5691 57.1304 57.0085 55.5381 67.0292 55.4109 54.123 52.9374 48.4016 48.2784 52.916 47.452 46.5503 50.4669 46.4356 46.2519 52.0621 55.9079 46.1282 45.3491 43.8489 43.4095 42.8055 42.7844 42.6783 42.4111 42.2768 52.3514 42.0504
threshold=4.5000000000000009 1.0000000180025095e-35 1206.3800000000003 9.5000000000000018 15.850000000000001 4.5000000000000009 192.50000000000003 inf 18.000000000000004 284.50000000000006 131.50000000000003 1.0000000180025095e-35 0 10.500000000000002 21.500000000000004 21.500000000000004 6.9600000000000035 21.500000000000004 46.081666666666685 0.93301270189221952 inf 1.0000000180025095e-35 18.000000000000004 294.53000000000003 37.330000000000005 2.5000000000000004 2.5000000000000004 inf 207.50000000000003 3.5000000000000004 20.500000000000004 22.700000000000003 10.500000000000002 16.500000000000004 0.55086206896551737 1 91.000000000000014 0.68301270189221941 21.500000000000004 1682.8950000000002 67.850000000000009 1803.5200000000002 841.28000000000009 9776.2800000000007 75.20883595111377 0.68333333333333346 15.500000000000002 16.500000000000004 14528.610000000001 2.5000000000000004 293.00000000000006 1068.7850000000001 11.500000000000002 98.88600000000001 58.500000000000007 358.00000000000006 3726.2400000000002 677.30000000000018 12.500000000000002 5906.9400000000014 2.1950000000000007 358.17333333333346
decision_type=8 8 10 10 10 2 2 8 2 2 2 2 9 2 2 2 10 2 10 2 8 10 2 10 8 2 2 8 2 2 2 8 2 2 10 9 2 2 2 10 8 10 8 10 10 10 2 2 8 2 2 10 2 10 2 2 10 10 2 8 10 10
left_child=1 4 5 6 19 7 16 26 -6 10 17 23 15 41 56 -13 -2 -10 -15 45 52 -8 -23 -12 -11 30 -3 28 29 -16 -7 -27 48 -5 -20 53 39 51 -28 -19 -24 -4 -36 44 -44 -1 -47 -40 58 50 -50 -38 -17 -33 -26 59 -9 -41 -29 60 -18 -14
right_child=3 2 13 33 8 25 21 14 9 24 11 12 61 18 27 20 55 36 34 -21 -22 22 40 -25 54 31 38 32 -30 -31 -32 35 -34 -35 42 -37 37 -39 47 57 -42 -43 43 -45 -46 46 -48 -49 49 -51 -52 -53 -54 -55 -56 -57 -58 -59 -60 -61 -62 -63
leaf_value=-0.018180664341802953 -0.018992792078226659 -0.0081989605845543233 0.0081813359082011684 -0.029927908697344758 -0.012513412329464514 7.7648232489432802e-05 -0.035014491368708808 -0.0085645209093871601 -0.0083670416904714096 -0.0065922317593413611 -0.0059460086874179897 -0.014539708709491809 -0.0016460025133889472 0.0088587505639486468 -0.0068349752168410938 -0.0033962014038257634 -0.0182767562154246 0.0025995357853559353 -0.00020074480020376018 0.00078976689446996361 0.010051135399538889 -0.028494927981333674 -0.017945599543932322 -0.038030393619571765 0.0073396510710868083 0.0090130869786045342 -0.014711437933224318 -0.00075456074584874045 0.010531608523536381 0.0052072854119601655 0.017633380698519587 0.0053590869769850882 0.01347143893735535 -0.021900889372598323 0.0066498961886547392 0.020542129593282738 0.00011518119263134377 -0.0055831208020436802 -0.010582979110526686 0.0076231437595055554 -0.0078854454100693271 -0.011061545759338588 0.017479078127783564 0.0094303945698977539 0.024861158110649463 -0.0073835221674105047 -0.018102841428576905 0.0028615064284754003 -0.0047133519595046651 0.010478824134766697 0.010712186758868373 0.013425610377886097 -0.012668502315057719 0.017171540069913258 0.019865649460894801 -0.019958788323366276 0.0084583520809496503 0.019403004441842522 0.012843961682582122 -0.016455998219866295 -0.0011273866037500571 0.0078206652104189246
leaf_weight=1231.7674518376589 969.72866652533412 1155.403241597116 1066.6232117414474 2569.0420234054327 1090.1509305648506 1100.9736636430025 366.28728929907084 800.28740625083447 884.81586682796478 461.09887391701341 170.29795202985406 1372.2133672013879 1144.8415440991521 1487.9128270745277 1204.3277675807476 2946.3633750677109 242.63779563829303 2672.2760896719992 186.14974234998226 758.7874363809824 524.65701165795326 654.0697516053915 2054.1897180639207 219.19987798854709 2254.9472641050816 2765.1579734385014 252.33038793504238 338.71123744547367 1404.8054616823792 3387.1620085388422 316.8324383944273 803.93228097259998 2566.6616356223822 2120.8685174696147 334.64912928640842 1719.944999858737 787.17037830129266 1345.5350915119052 334.37221782654524 2167.6273989453912 934.59384445846081 187.48149593174458 1909.7362612783909 485.49350863695145 2458.1618177592754 2171.8390460014343 715.65524800121784 5110.8280222564936 1093.7482954859734 785.93178897351027 389.49432353675365 535.22898792102933 827.13326317816973 740.02959315478802 398.58942609280348 241.12578415498137 232.72002099454403 455.96363289654255 1643.497965849936 321.37389254570007 2078.3853828534484 1152.7878995090723
leaf_count=12945 14427 6136 4874 51326 7480 4752 6945 4059 5139 3202 1293 7955 7046 6780 5347 16165 3204 13349 770 5025 2479 9103 28056 2216 11189 11938 1187 1428 6002 14785 1490 3742 11577 40799 1624 8685 4308 7103 1675 10595 9356 822 10001 2483 14191 16811 5846 22732 4691 3409 1650 2711 5065 3831 1987 2754 1091 1971 7286 3326 19792 5277
internal_value=-8.00842e-05 0.00365335 0.00783949 -0.0186839 -0.00212114 0.00579564 -0.014136 0.0038606 -0.000230506 0.000429021 -0.000739883 -0.00447918 -0.00351944 0.014926 0.00592484 -0.00619283 -0.00917728 0.00279198 0.0166845 -0.0104178 -0.00353967 -0.0188985 -0.0172689 -0.0240535 0.00688454 0.0111733 -0.000310751 0.00678367 0.00403684 0.00204785 0.00401043 0.0128568 0.00919848 -0.0263034 0.0188492 0.0161094 0.0040327 -8.5384e-05 0.00129006 0.00610691 -0.0148035 0.00529811 0.0195326 0.0204193 0.0216383 -0.012482 -0.0100456 0.00203413 0.00661624 0.00320206 -0.000658171 0.00550853 -0.00543147 0.0109574 0.00922796 -0.00587088 -0.00472507 0.00967702 0.0105211 -0.00457826 -0.00292727 0.00309159
internal_weight=75104.6 62552.3 36263.4 12552.3 26288.9 28147.2 7862.39 20700.3 21410.9 20320.7 17206.1 8357.49 7968 8116.21 13847.3 5670.37 3853.25 8848.62 6862.1 4878.05 4298.15 4009.14 3642.85 389.498 3114.64 7446.87 6852.93 12814.3 5996.3 4591.49 1417.81 6029.06 6818.05 4689.91 5374.19 3263.91 7963.8 2667.93 5697.53 5295.87 2988.78 1254.1 5188.04 4853.39 4367.9 4119.26 2887.49 5445.2 4251.38 2269.17 1483.24 1322.4 3773.5 1543.96 2653.54 2883.52 1033.01 2623.59 1982.21 2642.4 2321.02 2297.63
internal_count=515283 326195 169038 189088 157157 127493 96963 93055 116530 109050 92672 47496 43987 41545 61325 31664 43503 45176 35849 40627 23709 53460 46515 3509 16378 34438 31730 56175 26134 20132 6242 28196 30041 92125 29069 16258 40037 14122 25594 25915 37412 5696 28299 26675 24192 35602 22657 24407 18464 9750 6341 7019 21230 7573 13176 29076 5150 12566 8714 26322 22996 12323
cat_boundaries=0 1 2
cat_threshold=18692 159825
is_linear=0
shrinkage=0.035


Tree=57
num_leaves=63
num_cat=4
split_feature=24 4 2 24 0 42 26 32 43 32 34 0 26 16 27 40 14 14 26 26 26 48 43 47 5 49 39 29 52 16 14 35 16 47 26 41 2 24 26 31 14 32 42 37 38 16 26 29 29 40 27 18 4 0 25 40 2 48 40 27 50 3
split_gain=4024.02 1153.25 404.927 349.412 313.197 224.457 146.274 141.554 137.867 135.708 99.6266 97.8956 96.4076 90.8797 93.5435 85.0851 80.4606 77.802 107.335 86.556 76.0826 68.9298 66.1275 64.9776 62.6034 61.7452 59.6561 58.9164 98.0078 58.8735 58.1964 57.593 56.6108 55.3937 52.2418 55.5571 51.1054 48.4934 47.6367 49.0223 47.2116 46.1113 44.419 43.2427 48.6549 42.547 42.479 41.3492 40.8726 40.1279 49.6784 39.5316 46.3176 39.2479 38.8563 38.8339 46.217 38.7543 38.7492 41.222 38.5959 38.0557
threshold=4.5000000000000009 1.0000000180025095e-35 1206.3800000000003 9.5000000000000018 155.58000000000004 4.5000000000000009 192.50000000000003 inf 2.5000000000000004 inf 2.5000000000000004 6.9600000000000035 21.500000000000004 0 89.88000000000001 1.0000000180025095e-35 18.000000000000004 19.500000000000004 314.50000000000006 122.00000000000001 131.50000000000003 2.5000000000000004 3.5000000000000004 inf 129.63333333333335 11.500000000000002 30.285000000000004 207.50000000000003 3.5000000000000004 1 20.500000000000004 10.500000000000002 2 9.9100000000000019 30.000000000000004 1082.8800000000001 67.850000000000009 14.500000000000002 21.500000000000004 1.0000000180025095e-35 20.500000000000004 643.72500000000025 3.5000000000000004 14528.610000000001 17.265000000000004 3 21.500000000000004 293.00000000000006 358.00000000000006 5906.9400000000014 2.1950000000000007 13126.262500000003 1198.3500000000001 141.06000000000003 121.44727272727273 1.0000000180025095e-35 9.7350000000000012 9.5000000000000018 13498.380000000003 2183.1500000000005 30.529910652141588 265.50000000000006
decision_type=8 8 10 10 10 2 2 8 2 8 2 10 2 9 10 10 2 2 2 2 2 2 2 8 10 10 10 2 2 9 2 2 9 10 2 10 8 10 2 2 2 10 2 8 8 9 2 2 2 8 10 10 10 10 10 10 10 2 10 10 10 2
left_child=1 4 5 6 7 9 11 8 -1 22 33 -2 45 -6 34 -8 -17 -16 19 38 41 30 -3 27 -12 -21 61 28 -14 60 -7 43 54 -4 -15 -36 -18 55 -19 -40 -41 -10 -35 58 -45 -11 -24 -46 49 50 -13 -26 -53 -52 -28 -5 -57 -22 59 -25 -9 -23
right_child=3 2 10 37 13 21 15 29 20 12 24 48 23 14 17 16 36 18 -20 25 57 26 46 31 51 -27 32 -29 -30 -31 -32 -33 -34 42 35 -37 -38 -39 39 40 -42 -43 -44 44 47 -47 -48 -49 -50 -51 53 52 -54 -55 -56 56 -58 -59 -60 -61 -62 -63
leaf_value=-0.018158245203543255 -0.018632545353840877 -0.0059499704784250458 0.015001554921781176 -0.033648550640357447 0.011628565022814551 7.4933464146314938e-05 -0.03487585114144591 0.001966401028598692 0.00073582944353697735 0.0027800621114660311 0.013747199500248341 -0.017905817710961551 -0.0065989866292494297 0.0056232179289380374 -0.0076152783712235793 -0.028175775362781673 -0.017584055501000555 -0.0058885954088739494 0.013444587857453123 -4.9861750518706484e-05 -0.014017080310189761 0.0080720462499250956 -0.01306554474385601 0.0046326656716280225 0.024326531967744734 -0.0094962058703602532 0.0060410673759594214 0.010166188548241263 0.005023416100131039 -0.0066481306186450305 0.017112519258874061 0.013041692032992536 0.021313445252845446 0.0027401524500530725 -0.010213766667517332 -0.036181436762286134 -0.0076561202042131826 -0.030309698048543807 0.0095851379621283567 0.0053696452135095739 -0.0055116693558935554 -0.011827892018989776 0.012523269927134944 0.01250207046889589 -0.0025776954658507756 -0.011353996100827456 0.0024927262484072889 0.010344291745140071 -0.019575768585994916 -0.016087745774764371 -0.0049073795528638301 -0.015413762860190455 0.027883746409927017 0.0049681927402707047 0.018060164477000033 -0.024883627390221451 -0.014492660255205417 -0.00452864308237133 -0.024046450314151625 0.015047122590283561 -0.0097354886094857106 0.021363391592785677
leaf_weight=1753.5770763717592 954.17828516662121 1850.8806217238307 2184.2755172550678 362.32097811251879 989.92571016773582 1100.967116907239 355.07422148808837 3076.5277154073119 1723.8310608491302 501.25021113455296 1623.6345673054457 239.08042835071683 1203.7828526496887 148.26203212887049 1083.9451286271214 638.61253755539656 2023.6184507869184 482.75395504385233 951.09099519252777 4586.8257556706667 1612.3822112977505 2970.2936376184225 224.12405255436897 778.98603999614716 1842.8342600315809 1038.7957947254181 803.00576807558537 1404.4081149697304 3388.2669675275683 2210.5947406850755 315.11074467003345 2558.6221686303616 1380.7580272555351 1246.2438962608576 333.76039742678404 144.48807292804122 929.02767712250352 1890.9990312866867 2090.7162110209465 1697.4235701709986 684.71937081962824 450.57124673202634 1045.5820896178484 518.07017238438129 1361.070465311408 529.71652488410473 4773.9033576622605 389.26915629208088 237.32660732418299 317.3202179223299 1273.8136462308466 67.918262049555779 52.987775817513466 802.8535298705101 559.7046824246645 1518.2107773460448 809.54025485366583 785.25221808999777 38.82207889854908 1160.7273754104972 387.91183295100927 289.19156095385551
leaf_count=17258 14427 9636 10508 7666 4798 4752 6945 19386 11296 2557 8723 3204 5347 786 6257 9103 28056 2464 4419 22218 12456 12944 1043 3343 11501 5297 3823 6002 14785 15253 1490 11577 7177 5387 2096 1461 9356 39852 9562 7707 3247 2798 4763 2223 5877 2593 21051 1650 2754 3326 13500 330 333 6292 2965 29863 14744 5867 166 5205 2531 1287
internal_value=-7.86945e-05 0.00353445 0.00758694 -0.0183298 -0.00205225 0.0056027 -0.013807 -0.00621678 -0.00981687 0.00372888 0.0145004 -0.00892547 0.0057237 0.00145937 0.000689077 -0.0185344 -0.0169094 0.00134551 0.00218834 0.0011754 -0.00661432 0.0108251 -0.000300366 0.00655289 0.0188474 -0.00179555 0.0124635 0.00389548 0.00197589 -0.00220295 0.0038756 0.00889344 0.0162679 0.0110131 -0.0124999 -0.0181182 -0.014464 -0.0259973 0.00454771 0.00567516 0.00224094 -0.00187182 0.00720694 0.0063918 0.00309134 -0.00456915 0.00179258 0.000300373 -0.00569327 -0.00443504 -0.00283204 0.023055 0.0036347 -0.00108886 0.0109073 -0.0229558 -0.0212777 -0.0109127 0.0101723 0.0108692 0.000651833 0.00925749
internal_weight=74749.7 62397.8 36164.4 12352 26233.4 28100.9 7770.91 12000.6 6325.61 20681.9 8063.48 3824.57 13833 14232.7 13242.8 3946.33 3591.26 12616.3 11532.3 10581.2 4572.04 7419.03 6848.91 12802 3587.37 5625.62 6002.95 5996.46 4592.05 5675.03 1416.08 6805.57 2743.47 4476.1 626.511 478.248 2952.65 4581.07 4955.61 4472.86 2382.14 2174.4 2291.83 4246.95 2268.41 1030.97 4998.03 1750.34 2870.39 2633.07 2315.75 1963.74 120.906 2076.67 1362.71 2690.07 2327.75 2397.63 1978.54 1939.71 3464.44 3259.49
internal_count=515283 326195 169038 189088 157157 127493 96963 86845 49675 93055 41545 43503 61325 70312 65514 53460 46515 61171 54914 50495 32417 34438 31730 56175 20887 27515 28196 26134 20132 37170 6242 30041 13965 20658 4343 3557 37412 92125 22980 20516 10954 14094 10150 18464 9750 5150 22094 7527 29076 26322 22996 12164 663 19792 6788 52273 44607 18323 8714 8548 21917 14231
cat_boundaries=0 1 2 3 4
cat_threshold=1768 1529 159825 4528
is_linear=0
shrinkage=0.035


Tree=58
num_leaves=63
num_cat=3
split_feature=24 45 2 24 46 22 16 40 2 32 19 42 18 4 2 43 29 47 29 41 22 18 44 2 37 22 18 45 37 17 35 22 29 35 0 2 16 29 33 0 44 18 52 46 29 22 25 40 29 16 0 21 41 22 22 33 48 19 22 3 30 29
split_gain=3801.96 1085.35 459.922 343.811 260.926 174.088 175.913 139.776 138.161 134.901 131.688 137.042 113.338 137.033 102.582 98.1672 90.0449 84.2385 76.8643 76.2471 75.3562 76.4686 73.6526 70.366 67.9963 68.5103 74.5906 67.9277 65.6744 65.3209 63.2567 61.7498 56.6146 54.9497 53.7829 53.3782 52.7958 52.5237 52.4801 51.2617 52.9914 52.5263 49.2981 47.4589 46.8819 45.4614 43.7294 64.5247 43.3891 43.3451 43.344 43.1941 40.9968 40.9405 40.4731 40.4311 40.3322 38.5346 38.0757 46.6709 37.8924 37.5222
threshold=4.5000000000000009 1.5131578947368423 378.4500000000001 9.5000000000000018 16.595000000000006 36.500000000000007 0 1.0000000180025095e-35 1.0000000180025095e-35 12075.480000000001 1090.3275000000003 3.5000000000000004 13126.262500000003 53.360000000000007 2524.1400000000003 2.5000000000000004 23.500000000000004 1349.0100000000004 8.0000000000000018 inf 18.500000000000004 3234.6600000000003 518.49000000000012 1.4650000000000001 14528.610000000001 56.500000000000007 4979.6010000000015 1.0851449275362322 1714.5 4.830000000000001 12.500000000000002 18.500000000000004 344.00000000000006 25.500000000000004 5257.8750000000009 616.4100000000002 1 232.00000000000003 3.5000000000000004 130.07999999999996 64.845000000000013 4165.1175000000012 5.5000000000000009 641.94500000000016 23.500000000000004 1.5000000000000002 99.891818181818195 6998.6000000000013 293.00000000000006 2 3.9533333333333345 21.615000000000006 1532.3300000000002 12.500000000000002 3.5000000000000004 3.5000000000000004 11.500000000000002 2307.8125000000005 8.5000000000000018 20.500000000000004 13.120000000000017 358.00000000000006
decision_type=8 10 10 10 10 2 9 10 10 8 10 2 10 10 10 2 2 8 2 8 2 10 10 8 10 2 10 10 10 10 2 2 2 2 10 10 9 2 2 10 10 10 2 10 2 2 10 10 2 9 10 10 10 2 2 2 2 10 2 2 10 2
left_child=1 2 10 7 23 6 33 -2 42 15 11 17 13 55 18 19 -10 37 -8 -6 21 32 44 -3 25 26 29 -13 49 -11 -12 -5 -20 45 -35 36 -31 -1 -38 40 -18 58 -9 -32 -17 -4 -22 -48 -28 -19 -33 -15 -27 -37 -16 -7 -29 -45 59 -41 -44 -46
right_child=3 4 5 31 9 12 14 8 16 24 30 27 -14 51 54 22 39 28 20 -21 46 -23 -24 -25 -26 52 48 56 -30 35 43 50 -34 34 -36 53 38 -39 -40 41 -42 -43 60 57 61 -47 47 -49 -50 -51 -52 -53 -54 -55 -56 -57 -58 -59 -60 -61 -62 -63
leaf_value=-0.0059179830762223756 -0.03174622217016447 -0.014109048181427355 -0.013267638941899666 -0.029244887833829489 -0.01388065185518619 0.018837980890486571 -0.015418168850628761 0.012913692849131863 -0.025456740763785752 -0.013085750969007749 0.019760675317820976 0.012709742813660645 -0.0056962547236283842 0.015944247208076419 -0.026164214333753523 -0.0095345579686441067 -0.0068944840359995057 0.014595997201421032 0.0031763839458814791 0.0054604949055076756 0.0045433601808584356 -0.017577188905571039 -0.013338269165646866 -0.0058686543862491542 -0.011355401489221187 0.0056190095911364552 -0.011600481801686805 0.0043630476221980909 0.011455863684584355 0.011534720994789929 -0.016366130336927829 -0.026454104747359319 -0.019908548878717076 -0.013413932039460785 0.016245849974348421 0.0016432771272329666 0.0065323219101550657 0.0023149342353339509 -0.0017226427707342804 0.0079536243348798333 -0.016874443781735846 -0.012625927332478089 -0.027794557146025214 0.003504263494018083 0.0010681879642506209 0.016515733263306496 0.015280405403058812 -0.0085446331846913068 0.0087170954292011982 0.00047970579538106681 -0.015854651183152095 0.023931345345141582 0.016962882275893734 0.011834183869084821 0.015858268791967823 0.0097887099421154825 0.014707682860984433 -0.023257652027918973 0.0049931410326589237 -0.015963414122769221 -0.017439182692129494 -0.010648667232536812
leaf_weight=2463.7368685342371 480.60763101279736 1957.3640008568764 63.312485676258802 2566.7997031025589 1501.7715759500861 742.73631918430328 251.25816814601421 55.479643814265728 375.6890438683331 306.81621431931853 91.184266299009323 2133.0555426627398 309.79499477148056 1347.7366151660681 27.920946545898914 641.43336239084601 1750.6190492399037 281.603350892663 2356.5144722759724 298.87600010633469 2111.6986473500729 272.97095635160804 597.45594928786159 3616.4998096302152 423.15323370695114 1292.2246536016464 725.72958919405937 4914.4417536854744 1147.9700343981385 570.65957570075989 657.63484013080597 906.23894066736102 136.7501615434885 161.15116971358657 138.17514822632074 759.25588961690664 1266.1249674782157 1543.1398880630732 3691.8276740089059 152.31058374047279 1039.8431632779539 502.82736999168992 602.44420233368874 354.56057757884264 5849.8763062544167 3258.0182936936617 1218.9953781962395 156.54601599276066 155.71109271794558 3011.5888018235564 1002.5794133432209 2200.0249739140272 559.25430259853601 1327.5090812519193 1131.1745370775461 3283.575109064579 508.88297693431377 79.912641163915396 855.3775888569653 286.98714669421315 1579.5971021689475 354.13694015145302
leaf_count=12358 9403 19996 360 53896 10897 3360 1129 551 4975 2323 401 9577 1322 6733 139 4019 19983 1254 10538 1904 9384 1231 3153 24370 2371 6816 3930 21293 4955 3113 3210 18865 604 731 710 3563 6199 7535 20333 1282 12050 4825 10225 1534 30450 15615 5993 684 760 13441 19364 13648 2775 5906 5761 15168 2160 353 7119 2653 23897 2136
internal_value=-7.7309e-05 0.00341902 0.00731928 -0.017979 -0.00205681 0.0110468 0.00825759 -0.0134833 -0.0122602 -0.000216698 0.00316177 0.00399492 0.0150377 0.0158864 0.0052292 -0.00333835 -0.00900216 0.00093165 0.00352544 -0.0106691 0.00428892 -2.51782e-05 -0.00156364 -0.00876443 0.00238803 0.00293485 0.0016473 0.00741908 0.00425091 0.00272217 -0.00810065 -0.0256905 0.00190275 0.0146098 0.000286135 0.00336069 0.00155981 -0.00274751 0.000385563 -0.00764951 -0.0106181 -0.00303761 -0.0194805 -0.0104429 -0.000534177 0.0159442 0.00771008 0.0125647 -0.00800546 0.00173663 -0.0208981 0.0209025 0.00905283 0.00812885 0.0148243 0.0114623 0.00533624 -0.00146016 0.000693176 -0.00767182 -0.0203096 0.000397759
internal_weight=74409.1 62251.7 36356.1 12157.4 25895.7 19168.4 11284.5 7681.78 7201.17 20321.8 17187.7 16004.4 7883.87 7574.07 7663.83 9243.55 4963.65 8448.04 6504.73 1800.65 6253.48 2766.24 7442.9 5573.86 11078.3 10655.1 8803.63 7556.38 4441.16 7922.19 1183.29 4475.62 2493.26 3620.66 299.326 7615.38 5528.61 4006.88 4957.95 4587.96 2790.46 1797.5 2237.52 1092.11 6845.45 3321.33 3487.24 1375.54 881.441 3293.19 1908.82 3547.76 1851.48 2086.76 1159.1 4026.31 5423.32 434.473 1294.68 439.298 2182.04 6204.01
internal_count=515283 326195 171181 189088 155014 93110 52879 96963 87560 110648 78071 72573 40231 38909 35463 52559 52887 39543 29563 12801 28434 12373 39758 44366 58089 55718 46127 33030 19650 41437 5498 92125 11142 17416 1441 39114 29645 19893 26532 47912 32033 15879 34673 5097 36605 15975 16061 6677 4690 14695 38229 20381 9591 9469 5900 18528 23453 1887 11054 3935 34122 32586
cat_boundaries=0 1 2 3
cat_threshold=5248 66657 1152
is_linear=0
shrinkage=0.035


Tree=59
num_leaves=63
num_cat=3
split_feature=24 34 4 2 24 40 0 32 13 14 43 41 48 22 18 2 33 2 41 16 26 22 40 26 3 22 45 26 16 44 22 3 7 48 22 26 11 26 22 44 48 12 26 32 0 14 22 21 18 44 19 26 43 8 22 17 16 32 22 41 40 14
split_gain=3591.39 1027.39 388.109 356.303 338.853 174.929 173.911 172.827 152.226 113.278 104.459 110.561 96.8857 96.6843 100.268 92.4855 89.5671 80.9029 76.4093 70.8945 75.2557 70.539 70.2519 69.6614 72.7026 72.6952 68.4324 66.5921 65.0016 56.4186 55.3796 64.1132 54.7699 54.1608 53.6911 53.1367 53.0544 63.1172 51.8936 61.8737 50.2661 49.9727 48.0382 47.1236 46.5263 45.6117 42.0692 41.7753 41.333 41.1126 39.5053 64.2707 51.115 46.4976 39.2306 38.9571 38.2616 37.6109 37.5455 37.349 37.3106 37.8582
threshold=4.5000000000000009 1.5000000000000002 43.225000000000009 18.090000000000007 11.500000000000002 1.0000000180025095e-35 20.280000000000012 12075.480000000001 0.87228260869565222 20.500000000000004 2.5000000000000004 inf 3.5000000000000004 56.500000000000007 5368.9800000000005 581.49000000000012 11.500000000000002 131.59000000000003 1532.3300000000002 0 314.50000000000006 48.500000000000007 18646.260000000006 131.50000000000003 78.500000000000014 19.500000000000004 5.1000000000000005 161.50000000000003 1 343.40000000000009 8.5000000000000018 17.500000000000004 0.59166666666666679 2.5000000000000004 10.500000000000002 122.00000000000001 922.2850000000002 21.500000000000004 40.500000000000007 1253.5500000000002 9.5000000000000018 0.90333333333333343 21.500000000000004 4761.3650000000007 240.62000000000003 21.500000000000004 6.5000000000000009 28.845000000000002 835.24500000000012 19.820000000000004 239.58545454545455 39.500000000000007 6.5000000000000009 8.5000000000000018 34.500000000000007 2.4400000000000004 2 8049.4600000000009 33.500000000000007 499.85000000000008 9776.2800000000007 16.500000000000004
decision_type=8 2 10 10 10 10 10 8 10 2 2 8 2 2 10 10 2 8 10 9 2 2 10 2 2 2 10 2 9 10 2 2 10 2 2 2 10 2 2 10 2 10 2 8 10 2 2 10 10 8 10 2 2 2 2 10 9 8 2 10 10 2
left_child=1 3 9 27 5 -2 33 10 34 12 11 -5 28 14 15 56 26 50 -15 -19 47 36 -23 45 55 -26 29 42 43 44 31 -17 -29 -7 48 54 37 -10 39 -16 59 -35 -1 -3 -8 -12 -38 -21 -4 -43 52 -52 -11 -53 -14 -25 -9 -36 -6 -34 61 -39
right_child=4 2 8 7 58 6 16 13 21 17 23 -13 35 18 38 30 -18 19 -20 20 -22 22 -24 24 25 -27 -28 32 -30 -31 -32 -33 40 41 57 -37 46 60 -40 -41 -42 49 -44 -45 -46 -47 -48 -49 -50 -51 51 53 -54 -55 -56 -57 -58 -59 -60 -61 -62 -63
leaf_value=-0.016314915560158925 -0.03208629479861299 -0.0062861734603905702 0.0063968674462039953 -0.014251716122769905 -0.030133572565042947 -0.027127583442727018 -0.0044391466464030784 0.0045917194716671933 -0.012510978834637008 0.0030100072915061307 0.0003497670248473662 0.0050683540049858431 0.0041618621647061703 0.0050396616487432752 -0.015385007887126552 0.0089496028777077321 -0.024674976533875258 0.022639692885747995 0.017162619401363165 0.0040885234425434153 0.017524958386456929 0.023348142050613727 -0.015213681201270259 -0.019893022731530895 -0.026713177324316221 -0.0063400272222662469 -0.012864502198035022 -0.02019805651841048 -0.015098868375491277 -0.014242787266650122 0.0093856365455311577 -0.0094399832684142274 -0.0077191333001832649 -0.026359565230178846 0.0057928749851111593 0.0014728133219806571 -0.009127076462286516 -0.0058873118859167533 0.0031588826578950423 0.013193276137269496 -0.0043366835609056935 -0.0071423370012598519 -0.0030012874173172316 0.004952605258398802 0.0067585724652899923 0.0095456396938628386 0.021750792090363989 0.0098276739737379604 -0.010782202150132645 -0.017341737613967012 0.010698257142223628 0.013190640129649463 0.013056662490753759 -0.009102729843225724 0.013986477230912614 0.002372105160469869 -0.0010387288635610495 0.013231649161955839 -0.021504029352307281 -0.018851818606890485 -0.021637972218021304 0.014132082171241612
leaf_weight=375.17384469509125 620.54318759217858 989.17482404410839 423.87942071259022 1583.477500744164 2186.4221013449132 739.51578015834093 1657.5219146534801 2031.223695423454 125.23543797433376 2423.5702012330294 3028.919904243201 470.04873890429735 1052.8738014921546 2057.9335594549775 796.41915737837553 457.14375469461083 381.74986577779055 457.95842330157757 922.24014053493738 3019.236840352416 970.03109535574913 1981.7434473931789 58.965832367539406 101.44225743412971 242.47874510288239 1817.7832253649831 1566.0915358141065 712.73347287625074 512.32659727334976 509.46121485903859 3073.5956082716584 470.00207209214568 686.70400566607714 510.99791906774044 1463.0538637191057 3049.0431790053844 56.100943937897682 120.41725364327431 393.61161901801825 104.25614098459482 1315.0966006591916 698.21600448340178 2834.2989659234881 847.813052713871 625.17757664620876 844.11091203615069 1188.4756768643856 3205.0440380051732 286.77101831138134 1593.617677167058 382.47669993340969 131.16772577166557 833.21707485616207 865.96609637141228 945.63968062400818 1596.2566845417023 5347.1746607683599 1939.3441259860992 879.68700901046395 803.09854216873646 37.156568437814713 2679.346936866641
leaf_count=3122 12783 4580 1793 10276 48818 12188 17690 10242 574 10933 14850 2521 4530 10199 4082 2064 5311 2061 4366 13061 4262 12151 267 870 1636 10021 19192 7854 2418 5402 13811 2481 5694 9244 6410 13418 299 518 1925 490 10884 10532 21031 3713 4982 4064 7236 14389 1198 24089 1614 567 3552 3748 4143 8402 27180 8799 18857 7154 172 14570
internal_value=-7.58459e-05 0.00330715 0.00795726 -0.00105026 -0.0176302 -0.0141713 -0.0128254 0.000850844 0.0134403 0.00507103 -0.00282395 -0.00982907 0.0016486 0.00312439 0.00179018 0.00284027 -0.00843808 0.00713077 0.00879571 0.00934119 0.00844843 0.0168828 0.022227 -0.00093781 -0.00433212 -0.0087496 -0.00701051 -0.00820997 -0.00422165 -0.00372365 0.00712465 -0.000372837 -0.0115359 -0.0186919 0.00820849 0.00438113 0.0142856 0.0117304 -0.00743704 -0.012066 -0.00932845 -0.0164573 -0.00456219 -0.00109339 -0.00137074 0.00235592 0.0203527 0.00704487 -0.000540867 -0.0142389 0.00348131 -0.00148184 0.00558356 -0.00615988 0.00881526 0.00103077 0.000516523 0.0100356 -0.0276655 -0.013729 0.0128046 0.0132693
internal_weight=74080.3 62111.3 30046 32065.2 11969 8902.89 8282.35 25338.1 10360.5 19685.5 9684.52 2053.53 7396.87 15653.6 12673.4 11379.1 4740 12288.7 2980.17 7652.27 7194.31 6247.44 2040.71 7630.99 3757.96 2060.26 4358.25 6727.11 2349.31 2792.16 4000.74 927.146 3517.63 3542.35 4113.05 5047.56 4206.73 2962.16 1294.29 900.675 2804.9 2802.83 3209.47 1836.99 2282.7 3873.03 1244.58 6224.28 710.65 2291.83 4636.4 1379.61 3256.79 997.134 1998.51 1697.7 7378.4 3402.4 3066.11 1489.8 2836.92 2799.76
internal_count=515283 326195 140976 185219 189088 121413 108630 129480 53987 86989 52640 12797 32802 76840 62275 55778 52577 54187 14565 33773 31712 35787 12418 39843 20929 11657 47266 55739 10711 28074 18356 4545 31586 56053 18200 22091 23369 15834 6497 4572 23732 43865 24153 8293 22672 18914 7535 27450 2991 34621 20414 5929 14485 4315 8673 9272 37422 15209 67675 12848 15260 15088
cat_boundaries=0 1 2 3
cat_threshold=160 21936 132848
is_linear=0
shrinkage=0.035


Tree=60
num_leaves=63
num_cat=4
split_feature=24 4 24 0 46 40 41 0 42 21 45 7 29 48 26 27 3 19 16 22 23 26 32 16 23 8 45 4 18 49 16 9 22 40 44 48 3 40 12 39 22 18 26 1 35 0 18 22 17 16 45 26 26 42 32 23 32 7 22 22 22 6
split_gain=3391.73 971.599 333.913 326.268 277.194 172.112 169.672 167.893 120.97 117.669 109.601 91.8842 86.3577 78.9686 102.978 88.5239 90.2263 78.809 76.8109 92.8792 75.9921 73.7301 72.5218 70.4391 66.611 74.9701 64.9715 62.4902 77.6151 58.0578 56.93 55.7718 53.8492 57.962 53.3422 53.3132 53.1165 51.3657 49.0457 46.2354 46.1962 126.505 45.3474 53.549 48.0702 43.3109 43.0133 46.9607 42.7495 42.5448 42.4907 41.4328 48.1892 39.9162 39.7223 39.1547 48.7268 38.4922 38.3577 37.6465 36.0257 34.0291
threshold=4.5000000000000009 1.0000000180025095e-35 11.500000000000002 559.17000000000019 42.225000000000009 1.0000000180025095e-35 2355.1200000000003 20.280000000000012 2.5000000000000004 14.440000000000003 2.7638888888888893 0.59166666666666679 23.500000000000004 11.500000000000002 91.000000000000014 2.1950000000000007 10.500000000000002 865.27431818181833 0 21.500000000000004 0.68301270189221941 366.50000000000006 inf 1 0.93301270189221952 14.500000000000002 5.1000000000000005 50.445000000000014 11029.170208333335 14.500000000000002 2 3354.3900000000008 56.500000000000007 7160.2800000000016 343.40000000000009 2.5000000000000004 47.500000000000007 1682.8950000000002 0.90333333333333343 25.960000000000004 24.500000000000004 3722.4229166666673 21.500000000000004 936.9000000000002 1.5000000000000002 240.62000000000003 5368.9800000000005 40.500000000000007 1.0000000180025095e-35 3 1.1464285714285716 366.50000000000006 21.500000000000004 5.5000000000000009 164.50000000000003 0.68301270189221941 12075.480000000001 0.95833333333333337 1.5000000000000002 33.500000000000007 14.500000000000002 216.18600000000004
decision_type=8 8 10 10 10 10 8 10 2 10 10 10 2 2 2 10 2 10 9 2 2 2 8 9 2 2 10 10 10 10 9 10 2 10 10 2 2 10 10 10 2 10 2 8 2 10 10 2 10 9 10 2 2 2 10 2 8 10 2 2 2 10
left_child=1 4 5 8 11 -2 30 35 22 55 13 -1 -9 14 20 16 -16 21 19 36 -6 23 -3 50 25 58 34 -11 40 -21 53 -30 33 42 45 -7 -17 -22 -37 -25 41 -29 49 -44 -45 -14 48 -48 -12 -24 -10 52 61 -5 -40 -8 -57 -34 -13 -4 -43 -32
right_child=2 3 59 6 10 7 9 12 17 27 46 24 26 -15 15 18 -18 -19 -20 29 37 -23 32 39 -26 -27 -28 28 31 -31 51 -33 57 -35 -36 38 -38 -39 54 -41 -42 60 43 44 -46 -47 47 -49 -50 -51 -52 -53 -54 -55 -56 56 -58 -59 -60 -61 -62 -63
leaf_value=-0.017407635555094857 -0.031884278175776791 -0.0041267871154489384 -0.029899687511754168 0.007064086734333867 -0.0059132259372435608 -0.026813157243064149 0.0067504236717360281 -0.024319221646648397 0.013952335617525076 0.011779389808532385 -0.020866479934482981 -0.015396677279648866 -0.0042987859693510181 0.010353568645746363 0.0036598307533913807 -0.0029905299045717808 -0.034328431350751386 -0.0047454136627554013 0.004449002812494684 0.0014813882723428821 0.0030224851459776706 -0.0075978294155408313 0.012447304472937811 0.00078566853496428706 0.0020951498874811694 -0.013965958380271244 -0.012546085185617185 0.018936312392649538 -0.0049412134980656441 -0.0083744655296457346 -0.014105846316852242 0.029202022518622518 -0.0048202949049174146 -0.018867075408161377 -0.01389795911058412 -0.026046629185943058 -0.01638484428028323 0.011039245256658076 -0.010913603464549664 0.008307418372092942 0.023000781219802847 -0.032539936154370702 0.00055856678918599697 -0.011284451390585537 0.011698903974282722 0.0064924482226665376 -0.023418733347845853 -0.0038863775845603748 -0.0024352657456024984 -0.012402907866529233 0.0078507249618451451 -0.010033353720645897 0.0051694720113372589 0.020482588091843671 -0.021110542443562055 0.0023002881962599208 0.017394070315166748 0.010573257339916922 -0.0037298095809416556 -0.021165993287802928 0.0011083053638547503 0.019910266961259974
leaf_weight=1024.5027932524681 602.93601311743259 2474.3259957507253 2127.4536858871579 976.24570287764072 644.43376711010933 722.31840057298541 3429.6905550733209 373.93144028261304 2339.0345580428839 2649.5600407570601 161.81388920918107 384.29079559072852 1651.8694241158664 1175.7490310035646 126.51958459988236 659.11774164438248 192.38725569099188 719.80415977537632 2640.8120847716928 3990.3465607613325 1950.4229282587767 394.23012441396713 96.331707045435905 2180.7762373611331 1016.5915365219116 1617.8154908642173 1549.9496572427452 1060.3731169700623 262.84292498230934 895.64411356300116 266.37335851788521 74.350901335477829 231.15553607046604 171.23733559250832 503.95184987783432 499.25809691846371 806.87238466739655 1967.0007022470236 1600.2834583967924 1849.9876138269901 2431.072917714715 72.98973385989666 3077.9464329630136 123.69278866052628 1065.5419559180737 628.01468985527754 300.19666403532028 302.90458660572767 2909.9137010425329 432.48034154623747 3489.9739713296294 308.94427371025085 2376.1282014995813 376.31942763924599 663.95374760776758 347.93453431129456 1064.0226608067751 1406.6122171729803 3333.8392671272159 862.77304833009839 82.239121183753014 40.741046696901321
leaf_count=11241 12783 12894 48818 4349 3394 12188 15417 5311 10825 12663 1559 3216 17690 5508 777 3338 1849 3143 12692 19355 9067 1820 538 9327 6160 12767 19192 6072 1260 5049 1159 459 1098 730 5402 9244 4263 8810 24350 8088 15276 342 13476 529 4543 4982 2054 2106 19090 2324 14857 1349 11061 2019 10271 1555 4984 6242 24862 18857 437 202
internal_value=-7.45165e-05 0.00319863 -0.0172835 0.00693667 -0.00193893 -0.013846 0.0106946 -0.0125149 0.00397166 0.012925 0.000325135 -0.00768475 -0.00820089 0.00164841 0.000909981 -0.00120064 -0.0192931 0.00644415 -0.000556965 -0.0026414 0.00521752 0.00723001 0.000982878 0.0078236 -0.0061142 -0.00767833 -0.00680487 0.0159534 0.0187257 -0.000326618 0.00480241 0.00265142 0.00289737 0.00108208 -0.00360498 -0.018337 -0.0103688 0.00704962 -0.0161126 0.00422862 0.0202109 0.014617 0.00179813 0.00299661 0.00930092 -0.0013247 -0.00509298 -0.0136314 -0.00341267 -0.00786025 0.0102835 0.00207722 0.00348256 0.0107306 -0.0139117 0.00877337 0.0136789 0.00839899 -0.00493947 -0.0273877 -0.0148204 -0.00954338
internal_weight=73760.8 61974.1 11786.7 35873 26101.2 8796.47 15819.8 8193.53 20053.1 11475.1 18724.1 7377.04 4707.72 15049.3 13873.6 9311.7 318.907 10973.8 8992.79 6351.98 4561.86 10254 9079.32 9859.77 6352.54 5335.95 4333.79 6633.43 3983.87 4885.99 4344.75 337.194 6605 4967.23 2783.84 3485.81 1465.99 3917.42 2763.5 4030.76 3646.67 1215.6 4795.99 4267.18 1189.23 2279.88 3674.83 603.101 3071.73 528.812 5829.01 2992.19 2683.24 1352.57 2264.24 4841.65 1411.96 1637.77 3718.13 2990.23 155.229 307.114
internal_count=515283 326195 189088 169038 157157 121413 78604 108630 90434 58465 98911 58246 52577 74102 68594 47323 2626 48060 44697 32005 21271 44917 42374 43097 47005 40845 47266 36509 23846 24404 20139 1719 29480 22140 28074 56053 7601 17877 43865 17415 22127 6851 21410 18548 5072 22672 24809 4160 20649 2862 25682 13771 12422 6368 34621 21956 6539 7340 28078 67675 779 1361
cat_boundaries=0 1 2 3 4
cat_threshold=26885 1448 4232 4256
is_linear=0
shrinkage=0.035


Tree=61
num_leaves=63
num_cat=4
split_feature=24 45 2 24 45 40 2 42 26 7 16 2 2 50 19 29 22 19 49 22 40 32 32 22 22 16 22 2 17 2 40 52 8 44 8 23 26 16 0 16 20 30 29 3 26 26 15 3 39 22 37 48 25 29 3 40 22 22 41 22 39 26
split_gain=3202.58 906.138 365.505 328.776 262.388 169.235 165.676 156.71 120.345 114.505 113.116 105.142 95.9824 93.3723 91.5981 88.4598 83.9383 76.0675 69.528 82.901 79.6955 67.9695 67.206 66.605 60.0065 106.451 59.6542 52.5986 51.8833 51.7134 58.3466 50.0323 49.7684 48.3425 47.2243 46.6442 44.0479 49.0882 43.7729 43.1199 43.0941 42.6221 42.1673 41.8927 57.722 41.7577 39.4367 38.8037 38.6705 38.0506 37.5755 36.9539 43.6163 35.6158 35.4787 34.8333 34.0895 33.7571 38.4173 40.6259 33.7343 33.2781
threshold=4.5000000000000009 1.4472222222222224 1122.5200000000002 11.500000000000002 2.5227272727272729 1.0000000180025095e-35 1.0000000180025095e-35 5.5000000000000009 366.50000000000006 0.59166666666666679 0 28.885000000000005 177.20000000000005 91.80979000804281 575.38000000000011 23.500000000000004 10.500000000000002 1632.3200000000002 14.500000000000002 54.500000000000007 8378.1900000000005 inf 12075.480000000001 53.500000000000007 8.5000000000000018 1 8.5000000000000018 677.30000000000018 12396.600000000004 124.01000000000002 5708.1900000000023 5.5000000000000009 17.500000000000004 80.695000000000022 7.5000000000000009 0.68301270189221941 122.00000000000001 2 234.89000000000001 3 3.3092597359530531 14.805000000000003 23.500000000000004 48.500000000000007 91.000000000000014 366.50000000000006 0.4829590861246072 18.500000000000004 54.735000000000007 16.500000000000004 13395.420000000002 2.5000000000000004 196.10500000000005 358.00000000000006 267.50000000000006 18646.260000000006 5.5000000000000009 6.5000000000000009 10048.500000000002 20.500000000000004 69.210000000000022 21.500000000000004
decision_type=8 10 10 10 10 10 10 2 2 10 9 8 10 10 10 2 2 10 10 2 10 8 8 2 2 9 2 8 8 10 10 2 2 10 2 2 2 9 10 9 10 10 2 2 2 2 8 2 10 2 10 2 10 2 2 10 2 2 8 2 10 2
left_child=1 2 7 5 8 -2 31 10 11 -6 12 32 14 23 40 -8 35 51 19 20 24 38 42 45 25 -13 -15 39 48 33 60 -7 -3 -17 -16 -12 56 -38 -18 -26 -1 -33 -11 -27 -45 53 -21 -36 -23 -5 -28 -14 55 -4 -9 -53 -24 -39 59 -59 -31 -41
right_child=3 4 13 49 9 6 15 54 -10 22 16 18 17 26 34 29 21 -19 -20 46 -22 28 36 -25 27 43 50 -29 -30 30 -32 41 -34 -35 47 -37 37 57 -40 61 -42 -43 -44 44 -46 -47 -48 -49 -50 -51 -52 52 -54 -55 -56 -57 -58 58 -60 -61 -62 -63
leaf_value=0.0010686697997862862 -0.031680855583338718 -0.0019018992084971636 0.0098402816766067405 -0.030692313059890404 -0.017724893473963138 0.013554810282000585 -0.024402879113680012 0.011303461273530014 -0.014521584667698378 -0.019891831167021843 -0.0090629016491732203 0.0070825158996212154 0.0038374652734123713 0.0023133772814216808 0.055614143470030769 -0.0068677090224777294 -0.0071181841334774162 -0.0068347459564484609 -0.0031532991234499114 0.014313411882052575 -0.011809604444995497 0.0038595729235432813 -0.0070361559795494594 0.0188675538436953 0.020375641286140247 -0.0036120477277554125 0.020873714428449302 0.0088609188942997581 -0.0077317890595255548 0.0037282838914459329 -0.018540882079285316 -0.02669510266989843 -0.012525366953754001 -0.015789110468773106 0.019936132011775309 0.0015233856127871836 0.009118251369706707 -0.015584882887640747 0.0017182549491054141 -0.011039385402449715 0.0078209442392266799 -0.01701614092836283 -0.0071255456732753179 0.00011809414197405138 -0.025518313951755887 -0.0090101664365585411 0.005548371969808185 -0.014898643309372558 0.010405349167466205 -0.022584847554929188 0.004011134292648641 0.012949293005056208 -0.0028935762934217276 -0.013390489447488441 0.024561304173360107 -0.022998395044332338 0.007008208960080798 -0.007233871551789498 -0.0064652044428536656 0.013106136659855216 -0.0071860766904941527 0.0026145644578135781
leaf_weight=2203.7985603734851 585.87733203917742 3955.6179120205343 3614.6620630733669 1623.8632243983448 961.31382792070508 54.859043728560209 405.31643068045378 2731.3698885142803 604.82767243683338 348.3005278930068 1282.0399453938007 1078.98801555112 832.92304962873459 259.15385804697871 11.933850347995756 2099.1497286893427 992.48453300446272 323.95105917006731 2159.7412604466081 1088.4762315452099 469.99625703692436 2744.008849337697 273.6550086401403 961.67311130464077 150.82200434803963 1248.6059974208474 2691.5869395285845 2356.0325960889459 335.96516855061054 996.55212399736047 241.71732474863529 812.62947456911206 624.75371710583568 1154.313730429858 41.709015779197216 845.64379390329123 298.18429948762059 362.87104922533035 2223.2569516897202 227.88553645461798 2439.4432765170932 1812.1037143655121 3470.3433790914714 171.43485081195831 287.84088482707739 157.97716870903969 1492.4537163972855 490.3932441920042 1852.9416758194566 1292.8973693698645 172.80508121848106 4238.860235594213 232.19609152525663 81.862148717045784 271.94104546308517 32.406299471855164 924.27404688298702 206.72522109746933 1809.6082255840302 285.07423836737871 530.86626537889242 4906.5801992639899
leaf_count=10424 12783 26167 17935 38480 10631 551 5943 13453 3923 2927 5952 4999 3731 1300 52 25785 5109 1451 10506 4941 2168 11909 1725 5340 679 5887 15734 9992 1612 9005 2600 15338 4611 14397 187 3636 2078 2821 9620 1147 10561 29733 25297 800 1747 689 6903 2412 8546 29195 901 19477 1051 371 1395 135 5128 1328 12415 1762 5278 22630
internal_value=-7.32491e-05 0.00309392 0.00717589 -0.0169392 -0.00130394 -0.0135249 -0.0122091 0.00503197 0.00084932 -0.00631888 0.00396799 0.00130981 0.00645863 0.0136894 0.00302459 -0.00869105 0.00133094 0.00961598 0.0026757 0.00360984 0.00227363 0.00294861 -0.00494263 0.0106287 0.00290943 -0.00148649 0.0184037 0.00451265 0.0055291 -0.00741852 -0.0026004 -0.0193296 -0.00335334 -0.0100369 -0.0105504 -0.00485666 -0.00186451 -0.00415424 -0.00101033 0.00257301 0.00461707 -0.0200218 -0.00829487 -0.00690217 -0.0159695 0.00856884 0.00924903 -0.0121358 0.00649974 -0.0271075 0.0198582 0.0106157 0.0118683 0.00932234 0.0125117 0.0126712 0.00379672 -0.00565555 -0.00410843 0.004559 -6.73077e-05 0.00200262
internal_weight=73441.5 61831.4 32067 11610.1 29764.4 8693.39 8107.51 24127.3 20824.1 8940.35 21124 20219.2 10847.6 7939.72 5187.28 5427.92 10276.3 5660.34 15638.9 13479.1 10898.2 8148.66 7979.04 4816.17 10428.2 2786.87 3123.55 7641.32 4932.92 5022.6 1769.14 2679.59 4580.37 3253.46 544.036 2127.68 4160.39 2962.46 3215.74 5285.29 4643.24 2624.73 3818.64 1707.88 459.276 3854.5 2580.93 532.102 4596.95 2916.76 2864.39 5336.39 4503.46 3696.52 3003.31 4271.27 1197.93 2664.28 2301.41 491.799 1527.42 5134.47
internal_count=515283 326195 152983 189088 173212 121413 108630 110713 107100 66112 95865 103177 49481 42270 23636 63008 46384 25845 72399 61893 50049 36796 55481 24335 47881 13433 17935 34448 22067 57065 16883 45622 30778 40182 2651 9588 27257 20404 14729 24456 20985 45071 28224 8434 2547 18995 11844 2599 20455 67675 16635 24394 20663 18306 14848 19612 6853 18326 15505 3090 14283 23777
cat_boundaries=0 1 2 3 4
cat_threshold=1976 67304 1129 224
is_linear=0
shrinkage=0.035


Tree=62
num_leaves=63
num_cat=5
split_feature=24 4 24 2 46 40 0 42 29 13 14 16 7 22 7 22 14 23 22 9 23 2 2 16 32 22 18 18 32 44 40 29 17 36 39 22 16 14 1 47 39 16 22 3 27 47 18 22 39 32 22 29 23 16 22 3 10 22 14 47 33 27
split_gain=3023.33 864.859 323.468 267.323 262.566 166.308 160.223 153.507 114.042 110.746 108.146 100.422 100.159 97.2485 82.0434 74.9336 74.0698 102.921 75.1408 71.6595 68.5681 68.3745 65.9448 61.1889 60.7373 60.1357 58.5997 56.1441 52.4299 52.237 51.5862 53.3691 50.521 46.0503 55.373 45.2145 57.4545 44.6302 44.3132 43.5338 43.3475 42.4471 42.3389 108.687 72.9873 41.6484 50.3319 41.6407 41.5259 40.987 44.3242 40.0157 65.028 49.3891 47.3259 39.1392 38.9041 38.2154 36.9549 38.966 36.2604 35.9107
threshold=4.5000000000000009 4.3500000000000005 11.500000000000002 1206.3800000000003 42.225000000000009 1.0000000180025095e-35 1.4899999999999956 5.5000000000000009 23.500000000000004 0.35147058823529415 16.500000000000004 0 0.59166666666666679 10.500000000000002 0.95833333333333337 10.500000000000002 21.500000000000004 0.68301270189221941 1.0000000180025095e-35 209.90000000000006 0.68301270189221941 59.265000000000008 62.680000000000007 1 643.72500000000025 2.5000000000000004 3865.2075 11029.170208333335 8049.4600000000009 30.320000000000004 10150.380000000003 358.00000000000006 15073.740000000003 inf 63.430000000000007 78.500000000000014 2 21.500000000000004 46.105000000000011 inf 1726.1400000000001 3 30.500000000000004 60.500000000000007 3621.2400000000002 inf 5033.6266666666679 1.0000000180025095e-35 29.725000000000005 607.43000000000018 31.500000000000004 100.00000000000001 0.25000000000000011 4 1.5000000000000002 10.500000000000002 1019.3400000000003 16.500000000000004 19.500000000000004 7386.2300000000005 3.5000000000000004 12872.525000000001
decision_type=8 8 10 10 10 10 10 2 2 8 2 9 10 2 10 2 2 2 2 10 2 10 10 9 10 2 10 10 8 10 10 2 10 8 8 2 9 2 8 8 10 9 2 2 10 8 10 2 10 10 2 2 2 9 2 2 10 2 2 8 2 10
left_child=1 4 5 7 12 -2 -7 10 -8 45 -3 14 -1 41 -12 -13 17 18 55 58 29 33 -17 -20 25 -19 -23 42 -25 -14 31 39 35 34 -10 36 -16 -9 -18 -24 -29 -5 43 -21 -45 46 -6 -47 -37 50 -22 -40 53 54 -53 -11 -54 -4 -15 -60 -26 -41
right_child=2 3 57 13 9 6 8 37 21 16 11 15 20 19 32 22 38 24 23 27 49 26 30 28 60 -27 -28 40 -30 -31 -32 -33 -34 -35 -36 48 -38 -39 51 61 -42 -43 -44 44 -46 47 -48 -49 -50 -51 -52 52 56 -55 -56 -57 -58 -59 59 -61 -62 -63
leaf_value=-0.016201113374649669 -0.031475884827933544 -0.0056060638909804505 -0.030475217442561743 0.017571421304452953 -0.0046776712879595082 -0.022294045132276674 -0.025447026523968616 0.0097830938651356208 -0.0099653992318405726 -0.0023960151776361853 -0.00083689597841082376 -0.0040139436379218775 -0.0038125991976574072 -0.00018125122382960091 0.016813025489930997 -0.0045108020418958162 -0.0032185029004489817 -0.0065890027541464537 -0.012504742987337303 0.020350777288761026 -0.0026235989662137674 -0.00010987663760779933 0.0044560710259385254 -0.0041170919747278399 0.0014528331378706398 0.0093997977668569248 -0.011636134079037384 -0.0012978508118750864 0.0022398071381476725 -0.010925354665426913 -0.012562277177996297 -0.0098254928538881979 -0.0070466891023803204 0.0046370495820543594 -0.02096602334757278 0.0094234144583218681 0.0065295383034844048 0.019161087052059388 0.01130508185270619 0.011342959591978773 0.029853910768550963 0.00048620744801914875 0.022554980831646938 0.010175695109810581 -0.019504024310459098 -0.025548577160257279 -0.017472214267750436 0.0041223690972897438 0.020266745257343337 -0.011576793180281729 0.0071518443184786108 -0.029670088581986605 0.0076915265545163874 0.017404106551684714 0.0007869498101236548 -0.034763905628383676 0.023253307988677929 -0.022254419095991147 0.0073913199133029146 0.017132353219115094 -0.01271019788176384 -0.045071835165471509
leaf_weight=1082.7753925658762 569.35213987156749 1275.049851693213 1578.9922904036939 208.09487873315811 2347.2669579163194 1482.7672473415732 508.99105836823583 1766.6483111530542 2616.3520810417831 70.793539229780436 1273.6269497275352 1820.5063673481345 2623.8347173109651 376.5591456592083 759.02990464121103 1002.0605775788426 748.25826546177268 325.07308669388294 574.3931776881218 1200.0684888511896 1413.6417811885476 1703.9358364343643 4574.1884652599692 2938.4743607565761 1070.853169478476 2494.081776805222 790.23898954316974 296.35376825928688 3459.4560199454427 2444.0803694576025 195.77167285978794 262.08577199280262 241.85098165273666 207.69675548002124 714.32324187085032 1004.0109061002731 5631.1975244656205 962.50909924507141 1281.5465566180646 1767.9036925286055 66.089167892932892 969.66995584964752 1863.2372030690312 302.3601837605238 151.5354236215353 61.384064320474863 447.98614267259836 813.57222923636436 763.90843869745731 346.09383907169104 948.68293533474207 62.879030790179968 1628.2333453930914 206.73479918390512 2887.9189165905118 129.24911173805594 223.32075628265738 1266.6530832648277 1127.4948271811008 911.4049174040556 278.11806509643793 12.968909800052641
leaf_count=11844 12783 6170 38480 1020 16364 27266 7914 8915 36315 461 6158 7901 18866 1658 3367 4718 4040 1609 3134 6850 9078 16486 19920 15570 4772 11197 8470 1387 16042 18824 836 1109 1044 1998 10181 4372 25065 5024 5733 8092 377 4437 11877 1589 691 548 3294 4663 3714 2143 5552 547 7422 961 13431 1320 984 29195 5401 4713 1336 55
internal_value=-7.17936e-05 0.00299254 -0.0165973 0.00714464 -0.00114321 -0.0132078 -0.0119078 0.00529774 -0.00955054 0.000901594 0.00426318 0.00491513 -0.00623208 0.012905 0.00743264 0.00237698 0.00201006 0.000259475 -0.00228226 0.0146318 -0.00484209 -0.00820529 0.00386911 -0.00167374 0.00463271 0.00755447 -0.00376498 0.0175794 -0.000678948 -0.00724431 0.00510213 0.00562656 0.00869528 -0.0113333 -0.0123303 0.00916276 0.00778997 0.0130963 0.00483003 0.00626526 0.00444899 0.00367047 0.0189308 0.0148369 0.000245872 -0.00464835 -0.00673373 0.00201396 0.0141176 -0.00034609 0.00130347 0.00578775 0.0043742 0.00131948 0.000127672 -0.0233781 0.00958001 -0.0268251 0.00989228 0.0117519 -0.00147442 0.0109071
internal_weight=73134.2 61694.9 11439.3 30786.2 30908.7 8593.66 8024.31 23313.3 6541.54 22049.6 20584.2 19309.1 8859.11 7472.87 9673.62 9635.49 18379.4 11340.5 7172.37 6295.1 7776.33 6032.55 7814.98 6972.32 4168.13 2819.15 2494.17 3879.64 6397.93 5067.92 6812.92 6617.15 8400 3538.37 3330.68 8158.15 6390.23 2729.16 7038.89 6355.06 362.443 1177.76 3517.2 1653.96 453.896 3670.21 2795.25 874.956 1767.92 2708.42 2362.32 6290.63 5009.09 3157.53 2950.8 200.043 1851.55 2845.65 2415.46 2038.9 1348.97 1780.87
internal_count=515283 326195 189088 146460 179735 121413 108630 106460 81364 113428 92521 86351 66307 40000 43720 42631 88559 55441 36527 34543 54463 73450 34730 34746 18914 12806 24956 22771 31612 37690 30012 29176 37562 48494 46496 36518 28432 13939 33118 28067 1764 5457 21007 9130 2280 24869 19658 5211 8086 16773 14630 29078 23345 14939 13978 1781 8406 67675 11772 10114 6108 8147
cat_boundaries=0 1 2 3 4 5
cat_threshold=2024 2069 128 1152 219524
is_linear=0
shrinkage=0.035


Tree=63
num_leaves=63
num_cat=4
split_feature=24 34 4 24 2 40 2 47 13 42 37 14 23 29 26 16 23 21 14 2 16 16 17 42 37 12 25 14 26 26 29 37 39 2 52 7 44 3 26 3 30 26 18 39 48 26 32 26 32 1 17 1 14 16 37 40 2 48 18 40 8 36
split_gain=2853.53 814.655 328.383 317.997 287.783 163.334 155.675 142.332 133.494 132.284 113.611 100.685 100.579 82.1552 70.7005 79.7307 70.0034 64.6643 62.5133 61.1945 60.5044 58.0782 55.2094 54.2949 51.9062 51.3632 52.6162 50.8146 55.1288 76.8473 50.2003 49.6942 47.3454 54.4422 47.275 46.0103 44.2292 43.3651 42.6171 44.221 42.1333 40.7784 40.1908 38.6351 38.7191 36.5171 38.3818 35.4486 35.0069 34.984 33.0964 35.1435 32.6777 32.1428 32.1294 31.7522 30.7321 30.6672 33.7393 32.83 42.6869 30.5295
threshold=4.5000000000000009 1.5000000000000002 43.225000000000009 11.500000000000002 18.090000000000007 1.0000000180025095e-35 1.0000000180025095e-35 inf 0.87228260869565222 1.5000000000000002 inf 20.500000000000004 0.68301270189221941 23.500000000000004 314.50000000000006 0 0.68301270189221941 28.205000000000002 16.500000000000004 2524.1400000000003 1 2 1.0000000180025095e-35 1.5000000000000002 13395.420000000002 492.60833333333341 118.50272727272728 19.500000000000004 299.50000000000006 131.50000000000003 241.50000000000003 5896.4400000000005 80.695000000000022 48.245000000000012 5.5000000000000009 0.61250000000000016 343.40000000000009 242.50000000000003 131.50000000000003 45.500000000000007 14.805000000000003 21.500000000000004 16040.242500000002 379.90000000000003 2.5000000000000004 21.500000000000004 11.890000000000002 39.500000000000007 inf 27.320000000000004 4906.0800000000008 74.54000000000002 18.000000000000004 3 8360.9100000000017 2630.2200000000007 865.45000000000016 10.500000000000002 456.68583333333339 4052.400000000001 9.5000000000000018 144.06000000000003
decision_type=8 2 10 10 10 10 10 8 10 2 8 2 2 2 2 9 2 8 2 10 9 9 10 2 8 10 10 2 2 2 2 8 10 10 2 10 10 2 2 2 10 2 10 10 2 2 10 2 8 10 8 10 2 9 10 10 10 2 8 10 2 10
left_child=1 4 11 5 16 -2 34 9 48 10 38 12 21 -8 15 -13 23 31 -10 20 42 56 -11 35 43 26 -26 -24 29 37 -12 -17 33 -15 -7 -1 -31 45 -6 -40 -36 -22 -20 44 -9 -29 -47 55 -4 -30 51 -27 -42 -35 -39 -19 57 58 -3 60 -60 -43
right_child=3 2 8 -5 7 6 13 24 18 22 30 14 -14 32 -16 17 -18 47 19 -21 41 -23 27 -25 25 50 -28 28 49 36 -32 -33 -34 53 40 -37 -38 54 39 -41 52 61 -44 -45 -46 46 -48 -49 -50 -51 -52 -53 -54 -55 -56 -57 -58 -59 59 -61 -62 -63
leaf_value=-0.021147173813346458 -0.031269228881250354 0.0061158715411094682 0.0037273788652105256 -0.026540303071536483 -0.0022947057117296606 0.013216491138385673 -0.023678666030023891 -0.0025815943542625412 -0.0010044998153681184 -0.014514188680348128 3.6077024645255231e-05 0.015920426392402855 0.0079055789242064769 -0.0092491599309863365 0.013741601455546877 0.00015011524255221544 -0.0023499578496848396 0.0092820926893705524 0.020630302315229266 0.023068899476783065 -0.007049883267805322 -0.0085637080684943696 -0.0055643046148549265 -0.0057805848908473638 0.0010310565128034456 0.019729935175247675 -0.016392704614564161 -0.0073738422163038405 -0.0048261163520540822 -0.00040927750337863271 0.021055007959329148 0.0076986372019957339 -0.013501076971596734 -0.0030280222411408 -0.026137781460999546 -0.010473342530194758 -0.0096193559228059059 0.011070116946015302 -0.0033878308636744099 -0.011425805334958449 -0.030422791115510373 0.010101668740923218 -0.0066603739691253249 -0.0048093072209821159 0.010892272063642863 0.010427211253751721 0.0021500148337398359 0.0064736461260660686 0.010244231999349049 0.010334441607673817 0.0021335615132179412 0.005284346859966974 -0.014697389942790025 0.0088926411872547011 0.038752536829907681 0.025893243130242386 0.0065034379233434416 0.0070352793717322086 0.0073166268053233919 -0.00019366678694857743 -0.011180584264225036 0.019597814819527427
leaf_weight=697.00480406358838 553.34568772092462 486.45738510787487 1856.1878892332315 2776.80819266662 1867.9420311823487 55.163070488721132 388.52841850742698 291.76665426045656 269.37071523070335 265.94277228415012 295.89070349931717 808.5806515365839 1988.6114374771714 1981.6468215584755 1407.2513649910688 4217.1078708171844 2172.1943499371409 371.24206490814686 1695.6575325801969 1259.9504411146045 144.8517779558897 1068.4329444766045 1094.6554724425077 2018.6765134334564 2824.4996257200837 402.01022993773222 228.56029133498669 355.86906468868256 214.62589390575886 3334.9631190374494 261.84651207923889 1429.8703882172704 1069.375525791198 1586.3435874991119 778.35175206512213 1716.7498238943517 789.076042085886 403.53492131084204 1256.4095722474158 2526.0348712466657 180.68943756446242 2099.8976289406419 68.341658487915993 252.86034750193357 2470.218229457736 938.95355659723282 2545.6356582716107 3759.2911136969924 2217.8910147994757 1393.8320992141962 739.93486117571592 424.74251656234264 1579.2912205308676 324.44355840608478 58.196133472025394 228.18406082689762 843.45302923023701 503.33497818559408 180.62561966478825 1321.5633619055152 971.11085270345211 518.20550871640444
leaf_count=8223 12783 2176 8143 67675 10376 551 5943 1404 1220 2106 1558 3594 8673 25740 6259 18547 15811 1590 10198 8587 708 4854 6283 15942 13776 1830 1015 1880 1206 16830 1141 6237 12333 15861 15338 15763 3946 1875 7679 15921 3321 11661 313 1225 11342 4234 11858 16970 10057 6395 3311 2012 26412 3131 277 990 3796 2214 827 5899 4363 3100
internal_value=-7.02541e-05 0.00289461 0.00706248 -0.0162578 -0.000994947 -0.0128948 -0.0116111 0.000707259 0.0121781 -0.00102373 -0.0051339 0.00441595 0.00118272 -0.00819727 0.00636374 0.00540248 -0.00749864 0.00453056 0.0154735 0.0162406 0.0143355 -0.00130558 0.00121574 -0.0100208 0.00469807 0.00236587 -0.000278274 0.00159289 0.00237412 0.00124024 0.00992407 0.0020625 -0.00698049 -0.00518607 -0.0186479 -0.013563 -0.0021734 0.00451227 -0.00662173 -0.00875744 -0.0193453 0.0109481 0.0194596 0.00826982 0.00946852 0.00329169 0.00438273 0.00773727 0.00727674 0.00830974 0.00751551 0.0123239 -0.0163282 -0.000969675 0.0146354 0.0156381 0.000515384 -0.000943004 -0.00230171 -0.00395911 -0.00827586 0.011988
internal_weight=72832.1 61558.1 29715.5 11274 31842.6 8497.18 7943.83 25238 10130.4 17603.4 6208.12 19585.1 7363.59 5350.34 12221.5 10814.3 6604.63 10005.7 6056.28 5786.9 4526.95 5374.98 11395.3 4432.43 7634.59 4619.75 3053.06 11129.3 10034.7 8426.23 557.737 5646.98 4961.81 3892.43 2593.5 2413.75 4124.04 4302.19 5650.39 3782.44 2538.33 2762.95 1764 3014.85 2761.98 3840.46 3484.59 4358.72 4074.08 1608.46 1566.69 826.753 1759.98 1910.79 461.731 599.426 4306.55 3463.09 2959.76 2473.3 1151.74 2618.1
internal_count=515283 326195 140976 189088 185219 121413 108630 129480 53987 93565 36675 86989 32802 63008 54187 47928 55739 44334 35787 34567 25980 24129 56890 39928 35915 21944 14791 54784 48501 40900 2699 24784 57065 44732 45622 23986 20776 20124 33976 23600 45071 15469 10511 13971 12746 17972 16092 19550 18200 7601 7153 3842 29733 18992 2152 2580 19275 15479 13265 11089 5190 14761
cat_boundaries=0 1 2 3 4
cat_threshold=152 1408 21984 31104
is_linear=0
shrinkage=0.035


Tree=64
num_leaves=63
num_cat=4
split_feature=50 4 46 0 24 41 29 40 17 0 14 21 26 26 16 22 29 7 23 16 14 19 1 4 18 18 9 14 16 23 37 18 17 18 0 18 22 18 22 31 26 47 37 8 7 4 22 18 36 22 39 0 40 1 39 22 8 16 26 14 1 27
split_gain=2712.23 874.447 276.053 269.898 216.173 154.515 131.366 119.339 119.318 107.541 105.347 104.02 101.696 144.02 136.28 136.862 104.373 87.8609 85.1117 79.0382 75.4219 67.7525 67.5923 65.8694 75.126 57.0235 55.054 54.6265 56.2801 58.6811 54.315 51.098 49.3538 48.25 63.0114 45.9716 44.9375 57.3871 53.4638 43.6292 61.1646 50.9824 43.3405 43.0983 60.4219 43.0385 42.6577 42.1983 39.7599 39.3666 39.1871 45.8763 38.3421 46.7313 39.4402 37.5493 47.3953 36.9885 36.7538 36.6134 41.5119 35.3853
threshold=0.13416407864995789 1.0000000180025095e-35 15.850000000000001 495.43333333333345 11.500000000000002 2355.1200000000003 23.500000000000004 1.0000000180025095e-35 1.0000000180025095e-35 1.6833333333333711 16.500000000000004 18.735000000000003 284.50000000000006 91.000000000000014 0 7.5000000000000009 358.00000000000006 0.95833333333333337 0.93301270189221952 1 18.000000000000004 1141.3000000000002 23.675000000000004 50.02000000000001 11313.973333333333 342.81357142857149 3354.3900000000008 20.500000000000004 2 0.68301270189221941 411.92500000000007 13126.262500000003 13961.250000000002 5033.6266666666679 358.17333333333346 268.29375000000005 60.500000000000007 7366.4715000000006 38.500000000000007 1.0000000180025095e-35 122.00000000000001 inf 1798.4400000000001 15.500000000000002 0.68333333333333346 10.125000000000002 58.500000000000007 176.06791666666669 0.34000000000000002 16.500000000000004 77.850000000000009 141.06000000000003 1682.8950000000002 456.56999999999999 1726.1400000000001 10.500000000000002 13.500000000000002 3 314.50000000000006 19.500000000000004 76.235000000000014 5709.3300000000008
decision_type=8 8 8 10 10 8 2 10 8 10 2 10 2 2 9 2 2 10 2 9 2 10 8 10 10 10 10 2 9 2 10 10 10 10 10 10 2 10 2 2 2 8 10 2 10 10 2 10 10 2 10 10 10 8 8 2 2 9 2 2 10 10
left_child=4 2 18 10 7 27 57 -1 25 -9 -3 59 13 16 15 30 52 48 43 21 -11 32 -14 -13 36 -8 -26 28 -5 -30 -15 39 45 34 47 -36 37 -25 -39 40 -17 -42 -43 44 -2 -19 -24 -16 -12 -6 51 -22 -10 -54 -55 -21 -57 -4 -29 -7 -61 -31
right_child=1 3 6 5 49 11 8 9 12 20 17 23 22 14 33 31 -18 19 -20 55 50 -23 46 24 26 -27 -28 58 29 61 -32 -33 -34 -35 35 -37 -38 38 -40 -41 41 42 -44 -45 -46 -47 -48 -49 -50 -51 -52 -53 53 54 -56 56 -58 -59 -60 60 -62 -63
leaf_value=-0.031490905431973595 -0.015507216819144133 -0.0068772403999404208 -0.0026078308413239569 0.0082134186304251375 -0.030061736738948484 0.0010457977254843952 -0.0064385072475811921 -0.022278589830233543 0.0025943029662535621 -0.025690717380585409 -0.0031111624245303651 0.010158857381061944 -0.007630182803978547 -0.01093014560523738 0.0060473133132975688 0.010522473875812911 -0.0073386215098023705 0.0054775874647165481 0.0010927913361447679 -0.0033078565770900538 -0.0097748794215143982 -0.019758414682569329 0.006215021957523755 0.017649179204680128 -0.0072004370510987672 -0.03107265326584481 0.027762648774144364 0.0050804087848167114 -0.0069871369841122549 0.012661992461436025 -0.032129486377707732 -0.016172607641580451 -0.0075352911466622617 -0.015604565686806801 0.023586325121310561 0.0066339964049614356 0.025720278837777721 -0.025044166712879675 0.019773807340350485 -0.0077994692289487348 -0.0046407074325621059 -0.00083136032749714069 0.015749711612271722 -0.017859085521223398 -0.0060858830589145992 0.010653119019015358 0.01788474413353287 -0.0052429112611010083 0.0054200858738022309 -0.021520335560798992 -0.015785683087545542 2.6599546133638354e-05 0.0040372202064622859 0.012235167583385867 0.052459238705468599 0.006482693423635868 -0.00089553770871842831 -0.016317313411073071 0.015045113164308718 0.015837230442838756 0.0074854371516851889 -0.040771496571312529
leaf_weight=465.56551092490554 1285.3146422579885 1180.6304797232151 372.43502481281757 703.35563573241234 1498.597610142082 816.07669274508953 262.26903879269958 1233.2390204519033 2733.537563726306 374.8783413246274 2678.4477715864778 2679.2901552021503 380.04455928131938 299.04677712917328 686.83738864958286 460.70163165777922 897.65780770033598 3721.8984197825193 827.08955653756857 1271.4773727431893 2622.1091099306941 110.38285500556231 2440.2979621440172 2621.4579202085733 240.68468925356865 205.10254288092256 70.490356437861919 1773.2589032799006 1265.4582035467029 296.1035847812891 295.2876617833972 401.55647311359644 250.6065695732832 159.86378160119057 231.6442840769887 1253.9040845856071 856.95684488117695 75.635005563497543 55.805375181138515 1938.8835003823042 3678.4516227766871 565.16209476441145 292.26895874738693 924.14646884053946 2377.8819609954953 4186.5340631753206 454.94895171374083 987.0982072353363 890.99749135971069 1211.5748578570783 907.41790495812893 752.87255830317736 1421.5939633324742 1296.2320777699351 29.676776237785816 2648.7115028202534 1784.6014444828033 767.52795783430338 609.14694269001484 900.28990921378136 3846.1051501855254 15.038159683346747
leaf_count=11316 15495 6402 2628 3286 38480 3573 2353 24334 13798 6419 13449 12918 2951 1850 4305 2450 5450 16135 5864 5479 37291 486 12553 16064 1131 2655 453 8374 5711 1342 2053 2330 1087 924 1047 5872 5817 365 359 11203 21736 2885 1361 8953 20180 18742 2365 6197 4141 29195 12216 7821 7460 5737 170 11453 7683 5871 2957 4317 17727 64
internal_value=-6.87771e-05 0.00248898 -0.00214586 0.00612992 -0.0179748 0.009347 -0.000439138 -0.0144417 0.000178594 -0.013089 0.00323879 0.0114236 0.000570003 -0.000482321 -0.00286421 -0.00535211 0.00371863 0.00391992 -0.00924065 0.00517167 -0.0106514 0.00735544 0.0062326 0.0143954 0.0172869 -0.0172923 0.000783299 0.00392852 5.54191e-05 -0.00361608 -0.0214991 -0.00404867 0.00773365 0.0030871 0.00404726 0.00929149 0.0187089 0.0165178 -0.00601026 -0.00334448 -0.00161454 -0.00284932 0.00483232 -0.0111036 -0.0093949 0.00821839 0.0080543 -0.000609542 -0.000980688 -0.0262527 -0.00932916 -0.00758906 0.00553055 0.00844986 0.0131743 0.00198905 0.0035131 -0.0120104 0.00763348 0.00789538 0.0090726 0.00995709
internal_weight=72542.2 63475.9 27926.5 35549.4 9066.25 16825.2 22512 6356.08 21372.1 5890.52 18724.3 12162.8 20904.7 17629.4 11250.7 7931.36 6378.7 17543.7 5414.43 13974.2 4657.28 8269.42 3275.29 6600.32 3921.03 467.372 311.175 4662.36 2279.96 1576.6 594.334 7337.02 8159.04 3319.35 3159.48 1485.55 3609.86 2752.9 131.44 6935.47 4996.58 4535.88 857.431 4587.34 3663.2 7908.43 2895.25 1673.94 3569.45 2710.17 4282.4 3374.98 5481.04 2747.5 1325.91 5704.79 4433.31 1139.96 2382.41 5562.47 4746.4 311.142
internal_count=515283 348211 178696 169515 167072 84458 128204 99397 119705 88081 85057 62724 114697 96828 64213 45868 32615 78655 50492 61065 63747 36450 17869 37107 24189 5008 1584 21734 10403 7117 3903 41965 35964 18345 17421 6919 22605 16788 724 39635 28432 25982 4246 44628 35675 34877 14918 10502 17590 67675 57328 45112 27165 13367 5907 24615 19136 8499 11331 25617 22044 1406
cat_boundaries=0 1 2 3 4
cat_threshold=26884 1960 5249 21584
is_linear=0
shrinkage=0.035


Tree=65
num_leaves=63
num_cat=5
split_feature=50 34 4 2 24 32 13 40 2 43 41 14 22 18 16 32 2 29 41 22 44 40 11 26 7 47 14 44 22 35 22 3 37 11 26 3 22 29 16 22 14 22 14 47 22 18 22 2 22 18 1 16 16 18 14 12 26 43 32 41 16 29
split_gain=2563.83 822.297 302.977 298.979 213.093 148.29 137.428 117.565 105.239 104.242 94.4523 85.7271 84.0213 88.1734 75.4593 73.7372 71.6811 71.1179 69.7836 66.7435 65.6525 59.7972 57.5185 57.5416 56.9848 56.7077 54.5632 54.5461 54.6923 54.4874 53.1008 58.5361 52.559 51.1993 49.2501 60.1559 86.1408 57.3143 47.7366 41.5772 40.385 39.6399 38.4038 40.8595 38.1359 37.7269 56.0181 48.8367 45.7714 37.6958 37.2649 37.2537 37.032 36.3821 36.0308 34.5962 34.565 34.197 35.5935 33.6843 33.4095 39.9392
threshold=0.13416407864995789 1.5000000000000002 33.330000000000005 18.090000000000007 11.500000000000002 12075.480000000001 0.87228260869565222 1.0000000180025095e-35 0.38000000000000006 2.5000000000000004 inf 21.500000000000004 56.500000000000007 5368.9800000000005 0 8049.4600000000009 581.49000000000012 23.500000000000004 1532.3300000000002 48.500000000000007 535.2700000000001 18646.260000000006 922.2850000000002 21.500000000000004 0.43650793650793657 inf 18.000000000000004 1146.7800000000004 40.500000000000007 9.5000000000000018 8.5000000000000018 17.500000000000004 5617.2250000000013 276.92000000000007 131.50000000000003 55.500000000000007 6.5000000000000009 272.50000000000006 1 11.500000000000002 18.000000000000004 33.500000000000007 19.500000000000004 2791.1250000000005 6.5000000000000009 3865.2075 36.500000000000007 217.52000000000004 60.500000000000007 848.53208333333339 2472.6300000000006 2 3 814.91609848484859 19.500000000000004 2.1275000000000008 100.50000000000001 10.500000000000002 1326.7800000000002 726.21000000000015 4 293.00000000000006
decision_type=8 2 10 10 10 8 10 10 10 2 8 2 2 8 9 8 8 2 10 2 10 10 10 2 10 8 2 10 2 2 2 2 8 10 2 2 2 2 9 2 2 2 2 10 2 10 2 10 2 10 8 9 9 10 2 10 2 2 10 8 9 2
left_child=4 3 11 17 7 9 39 -1 55 10 -5 14 13 16 -3 57 42 -2 25 22 34 40 23 -8 -19 -14 -10 28 -15 -26 31 -18 33 38 37 -36 -37 -11 -13 49 -21 -6 52 50 53 47 -47 48 -28 -4 60 -17 -7 -24 -25 -9 -53 58 -16 -32 61 -44
right_child=1 2 6 5 41 12 19 8 26 20 -12 32 18 27 15 51 30 24 -20 21 -22 -23 44 54 29 -27 45 -29 -30 -31 59 -33 -34 -35 35 36 -38 -39 -40 -41 -42 -43 43 -45 -46 46 -48 -49 -50 -51 -52 56 -54 -55 -56 -57 -58 -59 -60 -61 -62 -63
leaf_value=-0.031292871875562671 -0.021940145258177432 -0.0079749777808355814 0.0059689307571960948 -0.013292785645011554 -0.028737055872951764 0.0069107342788527022 -0.011607231833993141 -0.025652051577016988 -0.024108121394352651 0.0096182989749001076 0.0040118791866770127 0.011428208073053269 -0.0023791780145942828 -0.01484488126887778 -0.0001816268101944813 0.015684759982440306 0.0076151716917680868 -0.016822774941990474 0.01570087559177125 0.0060523056315390936 -0.0098269758819464707 -0.015058891150439372 0.019174682277037568 0.0010308609905941581 -0.0018299269727979081 0.0092165629689955255 -0.0097014809785789333 0.01269514516281166 0.0013039943542443638 -0.0084290159673245241 -0.0041227432046918259 -0.0097455620803879386 0.012279072573781779 0.010825876092190547 0.0035039813490310287 -0.036323820716733575 -0.0046549027184068876 8.7658759266055159e-05 0.001353726882703543 0.0082011639530897937 0.021929512354319398 -0.01927351156198084 -0.0028195591465070002 -0.025304753052700971 0.019797861200304551 -0.023295562427927755 -0.0072089703310055705 0.0037056597433414752 0.01384376327327792 -0.0082809395670121137 0.0073591380795486093 0.0093578342566166383 -0.0091607184909825029 -0.036111402504414913 0.012012399825777937 -0.015958438389606339 0.0029182556294974674 0.0063818850443338052 -0.0088584224088528209 0.0092893704860519885 0.0047700056065554915 0.0070419625946323569
leaf_weight=452.35388825088739 397.3664123006165 855.61785013973713 535.38332159817219 1763.7586734108627 1867.8871471844614 214.57100661098957 150.30031237006187 667.6440767608583 279.45719151943922 1105.3507755100727 494.19382218271494 690.41318444162607 908.18644505739212 810.36806229501963 3256.7758935242891 403.51052489876747 466.1499840170145 623.24091318622231 935.68954300880432 219.42514134943485 913.26843513548374 59.489493876695633 27.318448469042778 424.16690006107092 2589.9387330375612 1196.2662724480033 1678.5305347628891 148.710662715137 375.72323395311832 3756.2653994895518 248.71686849743128 483.86371447890997 1682.4751286879182 1449.052124902606 1193.231220304966 109.63627639785409 2162.363654024899 2565.0688332132995 3280.1264068409801 3732.4487896412611 1934.2477678209543 777.80893854796886 3360.3711758367717 69.17033327370882 1155.5303591042757 426.0962418615818 703.23037369176745 541.63834768906236 106.76138009503484 393.78429859876633 1119.5339448563755 1413.2197670042515 842.62515363097191 29.1819938570261 2677.1885313466191 1421.8798179142177 3678.9205330461264 758.71802945435047 703.42081650346518 2874.4095930829644 1504.4560843855143 590.66829768195748
leaf_count=11316 4511 3904 2277 12333 48818 1253 682 13854 4727 5371 2765 3040 5038 4394 14758 1761 2164 7829 4502 1144 4941 270 158 2142 20830 5655 22329 718 1909 33703 1140 2692 7408 6385 6732 1205 12522 13009 14374 16892 12572 18857 18112 368 7412 5503 9041 5559 1404 1664 4835 6101 4941 148 14970 25664 16220 3398 3058 13141 7938 2922
internal_value=-6.76081e-05 0.00240714 0.00667658 -0.00131803 -0.0176307 0.000418467 0.011166 -0.0141154 -0.0127763 -0.00286137 -0.00950525 0.00387496 0.00251176 0.00129575 0.0019492 0.00278627 0.00226237 -0.00755353 0.00775314 0.0143857 -0.000996626 0.0193582 0.0119165 0.00948566 -0.00673024 0.00421361 -0.0092538 -0.00722624 -0.00973254 -0.00573659 0.00601682 -0.001228 0.00687601 0.00519671 0.00013476 -0.0028574 -0.00619841 0.00295966 0.00314014 0.00655235 0.0203154 -0.0259632 0.000276176 0.00126229 0.0184249 -0.00804612 -0.0132937 -0.0054947 -0.0082865 -7.26213e-05 0.00154559 0.00554419 -0.00591663 -0.00951152 0.0105113 -0.0190665 0.00469769 -0.000420203 -0.00172467 0.00822029 0.000351444 -0.00134049
internal_weight=72257.2 63333.9 29510.7 33823.2 8923.29 26456.4 11338.5 6277.59 5825.24 10306.9 2257.95 18172.3 16149.5 13109.3 11070.2 10214.6 11774.5 7366.81 3040.14 6676.85 8048.92 2213.16 4463.69 3251.66 6969.45 2104.45 3735.71 1334.8 1186.09 6346.2 4073.14 950.014 7102.07 5419.59 7135.65 3465.23 2272 3670.42 3970.54 4661.62 2153.67 2645.7 7701.4 6644.2 1212.03 3456.26 1129.33 2326.93 1785.29 929.168 6575.03 5495.65 1057.2 56.5004 3101.36 2089.52 5092.14 4718.91 3960.2 3123.13 5455.5 3951.04
internal_count=515283 348211 140738 207473 167072 140600 60331 99397 88081 58878 15098 80407 81722 66527 49200 45296 59506 66873 15195 39498 43780 13986 25512 17794 62362 10693 48563 7021 6303 54533 19137 4856 31207 23799 38839 20459 13727 18380 17414 20833 13716 67675 40369 34175 7718 43836 14544 29292 23733 3941 33807 24082 6194 306 17112 39518 22321 21214 17816 14281 28972 21034
cat_boundaries=0 1 2 3 4 5
cat_threshold=10245 8440 1152 5300 31110
is_linear=0
shrinkage=0.035


Tree=66
num_leaves=63
num_cat=5
split_feature=50 45 2 13 24 14 9 46 16 40 2 20 19 7 27 44 26 2 44 16 2 41 16 35 41 26 29 40 11 41 48 23 1 42 37 14 30 47 1 14 4 16 1 17 16 49 13 37 18 4 10 15 26 40 27 27 49 23 9 2 2 48
split_gain=2423.18 777.435 301.977 258.148 209.839 136.358 128.16 117.733 116.072 115.727 101.99 82.7911 82.0167 81.1629 77.9574 78.9656 84.15 64.0751 62.8638 70.5683 57.9558 56.4809 49.4968 48.6268 48.4279 56.3268 47.6089 45.0066 45.4194 44.8677 44.5713 44.041 43.7737 42.2441 41.9987 42.8281 40.2714 38.6399 39.9255 37.9547 35.9388 35.9372 35.9149 35.8167 35.5845 34.1258 32.639 32.1136 31.731 33.5339 31.432 31.2712 28.7827 31.1649 27.4607 27.3503 33.3431 29.8194 27.3419 27.1884 26.806 26.6891
threshold=0.13416407864995789 1.4472222222222224 1122.5200000000002 0.32738095238095244 11.500000000000002 16.500000000000004 23.040000000000013 16.595000000000006 0 1.0000000180025095e-35 11.590000000000002 55.210893852572092 1632.3200000000002 0.73863636363636376 1.0000000180025095e-35 421.96000000000009 21.500000000000004 523.14000000000021 70.615000000000023 1 177.20000000000005 880.14999999999998 2 14.500000000000002 601.44000000000017 39.500000000000007 207.50000000000003 11631.570000000002 586.35000000000014 824.29499999999996 2.5000000000000004 0.93301270189221952 1119.1500000000003 5.5000000000000009 11583.450000000003 16.500000000000004 5.0400000000001279 842.08500000000015 28.040000000000003 15.500000000000002 1.0000000180025095e-35 3 7369.5200000000004 20386.710000000006 4 12.500000000000002 0.19139194139194141 3845.4300000000003 11313.973333333333 1198.3500000000001 585.42000000000019 0.44521878519445351 21.500000000000004 5393.7300000000005 1.0000000180025095e-35 1064.8300000000002 14.500000000000002 0.68301270189221941 73.440000000000055 19.470000000000002 832.84000000000015 4.5000000000000009
decision_type=8 10 10 10 10 2 10 10 9 10 10 10 10 10 10 10 2 10 10 9 10 8 9 2 10 2 2 10 10 8 2 2 8 2 10 2 10 10 8 2 10 9 8 10 9 10 10 10 10 8 8 8 2 10 10 10 10 2 10 10 10 2
left_child=4 2 6 13 9 -5 22 31 12 -1 30 39 20 -3 24 16 -16 18 19 -18 37 -10 50 -14 -9 -26 41 28 55 -13 -11 40 -25 44 35 -15 -32 38 -8 -4 -7 -12 45 -19 -22 -30 -37 -17 -31 -50 59 -41 -28 -54 -6 57 -57 -23 -35 -2 -49 -20
right_child=1 3 11 5 54 7 8 14 21 10 26 29 23 34 15 47 17 43 61 -21 33 27 -24 32 25 -27 52 -29 42 48 36 -33 -34 58 -36 46 -38 -39 -40 51 -42 -43 -44 -45 -46 -47 -48 60 49 -51 -52 -53 53 -55 -56 56 -58 -59 -60 -61 -62 -63
leaf_value=-0.031092887215837233 -0.0024010423930395704 -0.016453088186036781 -0.0080061202820545397 -0.015036798032936576 -0.032751412688507814 -0.0087021890151970441 -0.004354066765473898 -0.0050305789611481922 -0.0051982427941405038 -0.025742886060713413 0.0079781652644689578 0.0034087011473133955 0.020748534149804952 -0.024944980511489787 -0.0098363343783490799 -0.00059192339988762784 -0.00182412411634403 0.0067974892086046703 0.0027422156660417783 0.0061524967483265634 0.020358046103680173 -0.0063284420159954013 -0.0043735343499468034 -0.021887816980552588 0.030019865770756816 -0.035414369128503355 -0.019953699874151791 -0.018780165063307621 0.014581127348478211 0.018402225828067855 -0.024744701647342864 0.0022074298440689197 -0.00081480951568567862 0.0067478146719914915 -0.021180810931291174 -0.011199051523120602 -0.012699603861572126 -0.0077138395935558999 0.0081573538649406356 0.014300277247148423 -0.00054690487494252801 -0.013841051745436561 -0.025541164192426597 -0.027727725159985478 0.0089116484397824946 -0.00048020775070159661 -0.0033718632061658371 -0.014727512527122462 -0.0028038976133332406 0.025143655796670043 -0.0068939039516744995 0.0075459426328883519 0.00028290159509299767 -0.014402253616328116 -0.023790267392546898 0.0053471583187430227 -0.0037822833992829205 0.0049074551268425571 0.020108595338526873 0.0044406180669127023 -0.0026663710910714167 -0.0025312224816396579
leaf_weight=439.56184834614396 895.87579067051411 1169.0405345372856 156.19486475735903 722.55464528501034 538.83661015704274 2586.093451756984 356.51681956648827 427.12967586889863 981.41919304430485 588.84044572338462 96.103072922676802 308.83972553163767 86.629159599542618 132.51774448156357 642.64119234681129 1043.0101929605007 1862.2959999963641 4686.2079667150974 1662.9774410389364 5004.7657188847661 367.70967345684767 723.60376731678843 2034.9088045731187 173.01563382148743 17.478300057351589 136.95302770286798 117.70334403216839 105.56934794783592 895.37911096215248 2960.6012745015323 417.40064880996943 865.10324884206057 394.77838378399611 237.65297712385654 216.20462648570538 799.40026460215449 1858.7885544039309 250.85940966755152 2494.9334052875638 1192.0293901115656 889.73734778910875 1325.4895458705723 32.11522913724184 36.136192247271538 4321.6033059433103 231.89960316568613 3544.8846213109791 525.89974089711905 178.10795140266418 73.532698720693588 428.79566695168614 2856.9332184977829 1149.2606747746468 208.25602246075869 2044.4634240306914 3679.0068820640445 564.62442793697119 480.77305026352406 914.77938121557236 3446.7427108511329 395.84480496495962 4005.5451321229339
leaf_count=11316 4850 14519 688 5139 14719 22621 1572 2852 4262 11439 1273 1538 429 1257 3686 5068 9908 20362 8410 25965 1729 3175 10299 794 100 1687 1493 452 4443 18116 8862 5140 1898 1142 1907 7434 31560 1105 10882 6880 4464 17829 147 166 20205 1113 27011 2973 833 461 2324 13807 13081 2544 52956 16532 2505 2028 5067 15298 1834 21134
internal_value=-6.62362e-05 0.00232805 0.00618217 -0.00158181 -0.0172892 -5.97704e-05 0.00425144 0.000377393 0.00585264 -0.0137939 -0.012469 0.0122031 0.00841809 -0.00820425 0.00148885 0.00185884 0.00258996 0.00305323 0.00174401 0.00399565 0.00930197 0.00263727 0.000183016 -0.00352922 -0.0111311 -0.0278631 -0.00783379 0.00378734 0.0041507 0.0161632 -0.0171512 -0.00485697 -0.00726327 0.0113553 -0.00614638 -0.00541573 -0.0149183 0.00543315 0.00659207 0.0088841 -0.00661537 -0.0124027 0.0104383 0.00652748 0.00987576 0.0114851 -0.00481441 -0.00480021 0.017388 0.00542994 0.0021315 0.00953748 -0.00342559 -0.00197888 -0.0256714 0.00281095 0.00413186 -0.00184285 0.0173616 0.00302897 -0.00955634 -0.00098394
internal_weight=71982.6 63197.9 31825.4 31372.4 8784.7 25510.4 24099.2 24787.8 17292.9 6201.4 5761.84 7726.24 9598.48 5862.05 20446.9 19865.3 17900.6 17257.9 12535.6 6867.06 8944.05 7694.39 6806.32 654.423 581.561 154.431 2896.81 6712.97 6607.4 3521.08 2865.03 4340.93 567.794 5841.75 4693.01 4476.8 2276.19 3102.31 2851.45 4205.16 3475.83 1421.59 1159.39 4722.34 4689.31 1127.28 4344.28 1964.75 3212.24 251.641 4771.41 4048.96 1475.22 1357.52 2583.3 5448.01 4243.63 1204.38 1152.43 4342.62 921.745 5668.52
internal_count=515283 348211 154574 193637 167072 141509 112251 136370 79480 99397 88081 42323 44823 52128 104145 99506 89631 85945 65417 35873 41702 34657 32771 3121 4639 1787 36220 30395 29943 20948 51861 32225 2692 28143 37609 35702 40422 13559 12454 21375 27085 19102 5703 20528 21934 5556 34445 9875 19410 1294 22472 20687 17118 15625 67675 24240 19037 5203 6209 20148 4807 29544
cat_boundaries=0 1 2 3 4 5
cat_threshold=5560 30749 133106 66669 128
is_linear=0
shrinkage=0.035


Tree=67
num_leaves=63
num_cat=0
split_feature=50 2 45 24 45 15 40 8 4 0 45 51 32 14 32 22 22 26 14 44 26 23 42 18 48 1 20 43 37 14 23 14 26 23 40 42 14 51 48 27 22 26 27 33 26 12 22 41 22 44 17 18 9 22 18 13 7 18 26 35 1 22
split_gain=2289.71 729.786 367.086 206.466 187.917 182.095 113.846 113.629 106.525 100.759 92.9967 85.925 77.4964 74.1952 73.3379 64.1103 60.296 58.8169 57.9327 55.5074 55.2994 54.1672 58.8114 52.072 51.7696 65.1797 52.9126 50.784 49.7737 48.1546 47.3991 49.9315 61.4031 47.2284 46.8424 46.5736 46.525 43.1638 42.8201 40.7349 40.4457 38.9619 38.5875 38.1142 37.1838 36.9767 36.5986 35.6321 34.3389 34.3273 34.1459 33.4373 33.0695 35.8202 50.3731 32.4533 31.2365 30.991 35.1302 30.997 30.9799 30.6825
threshold=0.13416407864995789 102.69000000000001 1.2041666666666668 11.500000000000002 2.8660714285714293 0.88753509640243589 1.0000000180025095e-35 15.500000000000002 122.91000000000001 18.360000000000024 2.5227272727272729 16.086470637434015 41.930000000000014 16.500000000000004 3780.2400000000002 1.5000000000000002 9.5000000000000018 192.50000000000003 19.500000000000004 890.58000000000015 21.500000000000004 0.68301270189221941 2.5000000000000004 767.97541666666677 2.5000000000000004 2347.6300000000006 6.2405768964095119 1.5000000000000002 5488.2000000000007 21.500000000000004 0.68301270189221941 20.500000000000004 314.50000000000006 0.25000000000000011 9776.2800000000007 2.5000000000000004 21.500000000000004 46.097735405317827 2.5000000000000004 11583.450000000003 16.500000000000004 131.50000000000003 3535.2000000000003 9.5000000000000018 81.500000000000014 0.90333333333333343 51.500000000000007 269.88000000000005 1.0000000180025095e-35 19.820000000000004 1.0000000180025095e-35 13126.262500000003 3354.3900000000008 31.500000000000004 10078.942500000003 0.18898809523809526 0.59166666666666679 3601.8760714285718 91.000000000000014 8.5000000000000018 32.800000000000011 25.500000000000004
decision_type=8 10 10 10 10 8 10 2 10 10 10 8 10 2 8 2 2 2 2 10 2 2 2 10 2 8 10 2 10 2 2 2 2 2 10 2 2 10 2 10 2 2 10 2 2 10 2 10 2 8 10 10 8 2 10 10 10 10 2 2 8 2
left_child=3 4 5 6 7 8 -1 13 18 38 12 35 30 -2 27 47 23 55 -3 36 -20 22 56 -10 42 26 39 -6 50 -13 31 -4 41 -31 -18 -9 48 -16 -8 -26 -5 -33 -7 -24 -27 -40 -22 -15 -14 -47 -12 -48 53 54 -36 -11 -17 -23 59 -59 -43 -30
right_child=1 2 10 40 14 24 9 11 16 17 28 29 19 15 37 21 34 -19 20 -21 46 57 43 -25 25 44 -28 -29 61 33 -32 32 -34 -35 52 -37 -38 -39 45 -41 -42 60 -44 -45 -46 49 51 -49 -50 -51 -52 -53 -54 -55 -56 -57 -58 58 -60 -61 -62 -63
leaf_value=-0.030890831497147483 -0.012732290566984038 0.0017616702497416383 -0.00010186780925019299 -0.029410612055326125 -0.019373058407142981 -0.0050179336059417035 -0.026564792376213245 -0.0062348587099919665 0.017231773664383242 -0.0088070627662882178 -0.016197312434928304 -0.014274774831989993 -0.023917450794661281 -0.0062945546022330915 -0.0025595376366874824 -0.013205666471413687 0.020857247702150493 -0.013162437039971737 -0.0024731786306530015 -0.010851569193723395 0.0096042734831504814 0.0028725582865796093 0.0010165981642487833 -0.014356331810757508 0.00073505405434601745 0.018223179801072555 0.0076588512642237648 -0.0093081273602473973 -0.021923012689164554 -0.010672390784600276 0.0091886441484361186 0.018855754346546034 0.014555938897558891 0.0055746437823496102 -0.077913665193030252 0.0047561678599507586 0.0054062823275681992 -0.01735803423774706 -0.024454386541284921 -0.022298606507155941 -0.020451213081820872 -0.010170377174330647 0.0073320354357180378 0.0090594897759730258 0.007943377637426384 -0.0049611816295511372 0.015667444229905802 -0.030883614458337684 -0.00019861808619234858 -0.016157960069558348 -0.00033352321305996514 -0.028067167421614903 0.027496429291376242 0.0083304085042825073 -0.00486420556490527 0.00080571328871385361 -0.0020417003957145107 0.020561277798418025 -0.00015080714648190487 0.0076973324320883715 0.004048013369375437 -0.0057411647382625032
leaf_weight=427.17734084650874 493.43147953227162 1028.1231544241309 2751.9945791810751 1384.371757414192 944.41995857283473 1041.1866866350174 505.80053852126002 901.06190254539251 124.70816941559315 805.30210530385375 173.50883687660098 1507.3847126364708 74.839817568659782 611.28654619306326 2027.7427402436733 336.72212725132704 2235.9178164228797 1494.4084348715842 370.70202571898699 493.17560082674026 4416.1604764945805 2334.1250694617629 2665.7671344131231 129.08527472615242 2115.8733697831631 615.09109687805176 1912.3685628548265 1764.6340949311852 230.4359194971621 537.39649048820138 2567.3758917041123 208.72069501876831 812.15276597440243 368.83692158013582 14.070095196366308 990.27007443457842 2307.5910145379603 273.17323449626565 412.13098910078406 97.427320316433907 1138.5727271325886 195.61564222723246 440.11443528532982 988.90900155156851 1446.9001904278994 489.81700604408979 2081.0225791111588 81.022832505404949 5309.5776956304908 1071.2513881810009 3496.7654796019197 20.761088639497757 70.637513101100922 185.70964090526104 50.358039855957031 922.07544185593724 3384.815826408565 395.08612433075905 331.44745694845915 550.33056996017694 4177.4713598005474 380.69245187938213
leaf_count=11316 3513 4772 12497 38480 11452 4884 10188 6587 691 10332 1677 9652 781 3978 17603 2863 14718 21278 1602 2395 21824 12034 12934 674 9159 2910 9541 16676 1702 3420 11069 906 3541 1929 66 4738 10479 2633 8956 409 29195 916 2038 4826 6954 8295 11083 765 24135 18853 20447 89 481 1102 245 10179 21312 1982 1681 2922 18472 2452
internal_value=-6.49159e-05 0.00225146 0.00495818 -0.0169493 -0.00298566 0.00864971 -0.013476 -0.00118068 0.0115939 -0.0121658 0.00202823 -0.00606735 0.00308339 0.000547843 -0.00892086 0.00110994 0.0174483 -0.00808016 0.0095136 0.000519124 0.0106701 0.00176115 4.15379e-05 0.00117204 0.00453046 0.00593728 0.00339631 -0.0128228 -0.00262897 -0.0104431 0.00504231 0.00373453 0.00569151 -0.00406099 0.0190629 -0.000480667 0.00124948 -0.00432325 -0.0174703 -0.000288477 -0.0253771 0.00411741 -0.00134612 0.00319479 0.0110172 -0.0151268 0.0114179 -0.00921267 -0.000532674 -0.0126502 -0.00108768 0.0152223 0.0065299 0.00052316 -0.0217641 -0.00367826 -0.00305508 0.00527284 0.00965492 0.0130892 0.00340982 -0.0118686
internal_weight=71714.9 63064 41576.1 8650.91 21487.9 18396.2 6127.96 16477.9 10727.3 5700.79 23179.9 4304.95 18898.5 12172.9 5009.97 11679.5 2810.49 3221.79 7916.77 8185.18 6888.65 10987.2 7376.21 253.793 7668.96 6187.66 4125.67 2709.05 4281.4 2413.62 10713.3 8145.96 5393.96 906.233 2556.69 1891.33 7692.01 2300.92 2479 2213.3 2522.94 4581.81 1481.3 3654.68 2061.99 1973.2 6517.94 692.309 5384.42 1561.07 3670.27 2101.78 320.775 250.138 64.4281 1727.38 3721.54 3610.99 1276.86 945.417 4373.09 611.128
internal_count=515283 348211 204711 167072 143500 93242 99397 95136 57347 88081 111469 26326 85191 68810 48364 65297 17977 41789 39370 37790 34598 60554 41935 1365 35895 28973 19109 28128 26278 15001 47401 36332 23835 5349 16612 11325 35395 20236 46292 9568 67675 20294 6922 17760 9864 36104 32996 4743 24916 27148 22124 11172 1894 1413 311 20511 24175 18619 6585 4904 19388 4154
is_linear=0
shrinkage=0.035


Tree=68
num_leaves=63
num_cat=6
split_feature=50 4 2 46 24 42 29 40 26 26 22 16 22 0 3 26 29 22 32 23 9 14 1 14 40 14 16 32 22 40 16 22 29 4 51 45 41 0 8 7 2 39 14 22 32 22 37 40 3 40 22 16 22 16 2 19 22 2 16 22 14 23
split_gain=2163.06 693.292 248.569 226.152 202.969 132.864 115.025 111.919 108.058 146.23 128.425 119.055 98.6912 97.406 94.3167 92.0005 91.5139 86.7253 78.064 74.8897 70.8888 70.3046 59.5207 53.0212 52.5918 50.3257 48.0332 47.9458 47.8119 72.5435 50.6251 59.5328 63.3424 46.8224 45.2884 44.0131 41.7991 49.3267 40.94 53.4127 40.9221 42.1546 40.8249 40.5272 51.9032 40.5135 40.0863 39.5102 39.3917 38.9537 38.8809 38.0984 37.8695 53.2518 37.1798 47.2943 44.1402 36.8867 36.6201 36.3367 35.5802 42.9843
threshold=0.13416407864995789 1.0000000180025095e-35 1206.3800000000003 15.850000000000001 11.500000000000002 4.5000000000000009 23.500000000000004 1.0000000180025095e-35 284.50000000000006 91.000000000000014 1.0000000180025095e-35 0 7.5000000000000009 1.6833333333333711 10.500000000000002 21.500000000000004 358.00000000000006 12.500000000000002 inf 0.93301270189221952 169.24000000000004 18.000000000000004 23.675000000000004 21.500000000000004 9776.2800000000007 15.500000000000002 1 1922.0300000000002 78.500000000000014 10150.380000000003 2 12.500000000000002 302.50000000000006 50.445000000000014 269.30489911733503 4.291666666666667 5951.5500000000011 358.17333333333346 15.500000000000002 0.68333333333333346 388.34500000000008 77.850000000000009 19.500000000000004 13.500000000000002 5937.6250000000009 33.500000000000007 41161.68 323.44 198.50000000000003 46.08333333333335 19.500000000000004 3 29.500000000000004 4 394.90000000000015 239.58545454545455 27.500000000000004 903.98000000000013 5 4.5000000000000009 16.500000000000004 -1.0000000180025095e-35
decision_type=8 8 10 8 10 2 2 10 2 2 2 9 2 10 2 2 2 2 8 2 10 2 8 2 10 2 9 10 2 8 9 2 2 10 8 10 10 10 2 10 10 10 2 2 8 2 8 10 2 10 2 9 2 9 10 10 2 10 9 2 2 2
left_child=4 3 5 19 7 15 57 -1 9 16 14 12 -12 -9 -11 52 43 51 34 38 -19 -15 -10 26 25 -22 42 35 29 30 49 -32 33 -33 60 54 37 58 39 -2 41 -23 -7 48 -45 -6 -36 -39 -8 -20 -24 -4 53 -3 55 -14 -56 -5 -13 -53 -17 -62
right_child=1 2 17 6 45 23 8 13 22 10 11 36 27 21 -16 18 -18 20 28 -21 24 40 50 -25 -26 -27 -28 -29 -30 -31 31 32 -34 -35 46 -37 -38 47 -40 -41 -42 -43 -44 44 -46 -47 -48 -49 -50 -51 -52 59 -54 -55 56 -57 -58 -59 -60 -61 61 -63
leaf_value=-0.030686593427713207 -0.014451051578841401 0.0060884579476602786 0.016914389916758144 -0.014416361042229502 -0.028010940423088757 0.00079940338450252299 0.0024004181309322976 -0.020981280380842293 -0.0069807379741842271 -0.001650599388162166 -0.02102373260218806 -0.003499584724870304 -0.00097421742295373691 -0.024619145940650431 -0.033288333263159553 -0.0098513424028476553 -0.0070758330704731214 0.0077256158068884249 -0.0026671589521516594 0.0012314438359402125 -0.0005110676280325701 -0.0078179880670285751 0.0032839879431740705 0.012036894501291045 0.0046953920314483132 0.018265136467539092 0.0017645099863666939 -0.015598216416458107 0.010159988799408739 -0.013337732191790149 -0.001512765737573534 0.0021100861307703292 0.015159254839028283 0.0085489262065121269 -0.017175268329512279 -0.013311492261407874 -0.020613763033339498 0.02127968845821392 -0.016943027791854678 -0.0054600590220419219 0.00096148788749449653 -0.017671321199045076 0.011420892725822146 0.0038065768262664965 0.012910089971744646 -0.018140999613870137 0.0046368322346889432 0.0058703769331357094 -0.021359514341345226 0.015045947674337926 0.01137251124032846 -0.012235549239337614 0.00042979522849383807 -0.015915275193618194 -0.0061001389274483895 -0.0082530799429207675 0.0050950243809671277 0.0018001124085025449 0.0079955151671437952 0.0039460780100453348 -0.0031686127977905909 0.003481564282434112
leaf_weight=415.1885239854455 1237.5180519111454 169.36678026616573 224.39675676822662 908.38766689226031 1730.6983326636255 573.50977648794651 2342.1363741755486 1144.7000776939094 384.52382708340883 189.63942116871476 436.92610104382038 1224.8460362404585 2439.2814997509122 348.7328125089407 294.4022832326591 360.2697321549058 901.03829545527697 2049.4192048087716 185.63675539940596 823.87505294382572 184.71969558298588 2985.4712041281164 1349.8381679356098 2559.2994316071272 464.07306726276875 3260.0428711399436 2073.706707470119 405.47789315134287 1697.0147851184011 291.96575031429529 2213.7728598341346 4736.2256776317954 685.20048494637012 1953.9700187295675 329.59799194335938 491.37114406004548 87.605728223919868 243.12521581351757 895.51590375229716 2342.7074744813144 515.01647243648767 647.53285681083798 1953.7489417269826 1871.9364094734192 1300.4986924007535 733.83287804946303 149.54125781357288 1245.0628448948264 87.718007043004036 833.75143618136644 1582.1548925861716 196.88616020977497 589.49207065999508 617.12521698325872 632.30748023837805 1981.4544044584036 1352.6055760905147 211.60299206897616 457.11027973890305 1205.6688363999128 1703.1666931807995 3950.7226370424032
leaf_count=11316 15495 906 1125 7215 48818 2597 12072 24334 3055 1508 2846 7652 15339 6419 3616 1917 5582 9961 796 5864 853 42257 7122 12551 2493 20395 9741 2189 7732 1249 9580 20838 3033 9195 1625 4420 512 1081 8953 20180 5443 9628 9549 9496 5933 18857 700 5779 475 3710 8079 862 2928 3256 2961 11038 6027 1284 2923 5855 8010 18058
internal_value=-6.37312e-05 0.00217713 0.0054365 -0.00196314 -0.0166119 0.00389539 -0.00042605 -0.0131623 0.00014902 -0.000921568 -0.00329673 -0.00251911 -0.00487802 -0.0118673 -0.0209222 0.00245953 0.00327148 0.0110483 0.0030896 -0.00846478 0.0130038 -0.00954312 0.00595305 0.0079987 0.0157685 0.0172584 0.00575031 -0.00391591 0.00469633 0.00384488 0.00431899 0.00351668 0.00503107 0.00399164 -2.78297e-05 -0.00322694 0.0030902 0.00376129 -0.0102495 -0.008571 -0.00827002 -0.00957859 0.00897633 0.00493665 0.00754134 -0.0250806 -0.0103721 0.00840039 0.00153425 0.0117061 0.00765109 0.00388338 -0.0062781 -0.0113 -0.00245141 -0.00423786 0.00152745 -0.0113537 -0.000345918 0.00165566 0.000797874 0.00147807
internal_weight=71454.1 62933 35212.3 27720.7 8521.17 27627.1 22421.1 6056.64 21301.1 17984.5 11481.2 10997.2 7739.42 5641.45 484.042 20466.8 6503.33 7585.21 19090.8 5299.62 5958.25 4496.75 3316.52 7160.26 3908.84 3444.76 4600.97 7302.5 12597.5 10900.5 10608.6 9589.17 7375.4 6690.2 6493.3 6897.02 3257.75 3170.14 4475.74 3580.23 4148.02 3633 2527.26 5602.29 3172.44 2464.53 479.139 1488.19 2429.85 1019.39 2931.99 1626.95 1375.98 786.492 6405.65 4420.74 1984.91 1119.99 1681.96 1402.55 6014.16 5653.89
internal_count=515283 348211 169515 178696 167072 127971 128204 99397 119705 101449 67891 62767 44820 88081 5124 93533 33558 41544 86443 50492 33702 63747 18256 34438 23741 21248 21887 41974 56133 48401 47152 42646 33066 30033 30310 39785 17947 17435 44628 35675 57328 51885 12146 27976 15429 67675 2325 6860 12547 4506 15201 7842 7090 4162 35365 26377 8988 8499 10575 6717 27985 26068
cat_boundaries=0 1 2 3 4 5 6
cat_threshold=18692 1448 1712 1152 4256 136329
is_linear=0
shrinkage=0.035


Tree=69
num_leaves=63
num_cat=4
split_feature=50 4 45 24 2 42 14 40 47 22 41 2 0 2 16 19 22 3 21 42 14 26 22 0 16 40 39 47 40 26 19 11 8 48 22 3 18 22 16 29 22 40 0 18 14 48 12 3 40 16 44 20 4 30 13 51 37 13 26 31 26 40
split_gain=2042.88 654.185 276.841 199.376 160.442 129.225 117.616 109.957 107.422 107.112 103.608 99.7139 95.3647 87.9541 102.301 87.4058 75.0633 69.0584 67.1443 60.0746 56.4139 55.4046 53.3218 51.6238 51.0046 49.7757 49.223 46.8772 46.7775 44.75 44.2495 44.1107 42.3356 42.1798 41.7121 66.9714 43.6205 40.7495 37.8204 50.9574 48.4864 37.7572 37.4026 37.307 36.6938 40.1177 35.7194 35.0239 36.0037 34.0177 33.0134 32.5798 31.0841 30.8948 30.6922 30.4932 46.981 30.983 30.4614 30.1143 30.0346 29.4398
threshold=0.13416407864995789 15.125000000000002 2.5227272727272729 11.500000000000002 2524.1400000000003 4.5000000000000009 16.500000000000004 1.0000000180025095e-35 inf 1.5000000000000002 988.56000000000029 1.4650000000000001 18.360000000000024 677.30000000000018 0 1065.6191666666668 34.500000000000007 85.500000000000014 27.570000000000004 2.5000000000000004 16.500000000000004 192.50000000000003 10.500000000000002 810.63000000000011 1 13498.380000000003 101.18500000000002 1724.0800000000002 18646.260000000006 39.500000000000007 25.102500000000003 922.2850000000002 15.500000000000002 2.5000000000000004 1.5000000000000002 22.500000000000004 284.14916666666676 16.500000000000004 2 324.00000000000006 8.5000000000000018 1252.6500000000003 341.29166666666669 10078.942500000003 20.500000000000004 4.5000000000000009 0.90333333333333343 269.50000000000006 10150.380000000003 3 19.820000000000004 13.57645019878173 50.02000000000001 901.28000000000009 0.18898809523809526 140.32977418582308 29098.440000000002 0.20942982456140355 122.00000000000001 1.0000000180025095e-35 21.500000000000004 1618.3033333333335
decision_type=8 10 10 10 10 2 2 10 8 2 10 8 10 10 9 8 2 2 8 2 2 2 2 10 9 10 10 8 10 2 10 10 2 2 2 2 10 2 9 2 2 10 10 10 2 2 10 2 10 9 8 10 10 10 10 8 8 10 2 2 2 10
left_child=3 2 6 7 5 8 -2 -1 25 10 53 -4 33 14 18 19 17 38 32 27 -13 54 -6 -17 31 30 34 -16 51 -12 -3 -7 -11 -9 36 -36 -22 -5 -10 40 41 -40 -37 -33 -20 61 -35 -21 -49 -23 -48 -18 -26 -8 -14 57 -57 -32 -19 -39 -59 -46
right_child=1 4 11 37 22 24 9 12 16 13 29 20 21 -15 15 23 28 58 44 47 26 49 -24 -25 52 -27 -28 -29 -30 -31 55 43 -34 46 35 42 -38 59 39 -41 -42 -43 -44 -45 45 -47 50 48 -50 -51 -52 -53 -54 -55 -56 56 -58 60 -60 -61 -62 -63
leaf_value=-0.030480064746200172 -0.0097752422844321132 -0.015620264043245308 -0.013240563753110232 -0.028955108695808227 0.0027847884987571513 0.0037493384221882514 -0.0088522307164471334 -0.026048109475443185 0.012386827439839564 -0.0021490048483047571 0.020812563594170101 -0.023480378067383643 -0.0083381639729717353 0.0057618456962170734 -0.0014124995370825993 -0.014010554733008251 0.0097652736701191283 0.0026635447054078041 -0.0037560876997493418 0.0045817130760686924 -0.0063658598173531146 0.011022531100176185 0.017277762136267985 0.0025687830443305265 0.0096301853904391683 -0.017689502906097408 -0.0097223616757906601 0.0045278564154965228 -0.0066136617781861586 -0.034331879219139605 -0.016685525870215382 0.017214690423355019 -0.0086584544058699673 -0.023857206615928373 0.0078002157240996449 -0.0047156169199902599 -0.031011568820343567 -0.014625248668466428 -0.0016322103102145535 -0.0095364311971813959 0.0086466465145664008 -0.036554474584731801 0.0029009466636818848 -0.02112543138763075 0.0022229202287902166 0.0016087259461995962 -0.0044615608256473897 0.014382639372565313 -0.016222928357740706 -0.013694011305507259 -0.015538684272755923 0.018045931364347005 0.016482569093943415 0.00251408871705937 0.0010562843529717705 -0.0052796067899122789 0.011870837572904205 -0.010816678507016023 -0.021914144048981801 -0.026381178574755793 0.004031169670120318 0.019028173625548407
leaf_weight=403.58383703604341 1184.130427531898 173.08243678510189 1802.5395477861166 1312.588769569993 362.37709751725197 1819.2308469712734 658.09524782374501 485.69900909438729 747.25910171121359 3240.8788026310503 19.081301897764206 177.5860177911818 794.32220380008221 5828.9585047364235 4223.3070223741233 592.47154761850834 1313.632093116641 96.950013160705566 870.76456322520971 7095.6571361720562 425.12989480793476 66.630765255540609 2209.7293374538422 375.27400717884302 1541.0439013838768 162.51546515524387 1298.014303278178 2646.0832710191607 150.81925240159035 207.11058481410146 92.619509786367416 528.02425219863653 1966.5413972102106 395.56945528835058 842.23793742805719 3420.8620162010193 110.202432166785 618.8069094568491 317.01040944457054 323.45142336189747 1345.1619367599487 42.096459344029427 1026.0562740415335 32.203063786029816 201.88969954848289 1307.3471252396703 482.96025221049786 726.56314823031425 49.530829682946205 1398.0136180408299 1043.9620750285685 1052.0057242661715 1726.1745359152555 526.67219552397728 917.00491191446781 1171.2999779954553 233.89096016436815 170.85322636365891 168.30173297226429 476.62029401957989 5849.5682727098465 347.85585531592369
leaf_count=11316 7820 996 22777 38480 1742 9136 4261 10188 3617 18019 106 1721 10332 25286 26766 3069 6281 444 4091 32325 3756 914 13566 1607 7678 700 9415 12079 636 2297 480 3243 11086 8956 5845 26194 1228 16488 1360 1510 6294 174 5857 151 938 6020 8295 3309 240 20364 18853 5953 10287 2805 10179 5124 1032 729 763 12707 25875 1523
internal_value=-6.25665e-05 0.00210528 -0.000483946 -0.0162763 0.00703359 0.00592555 0.00104519 -0.0128521 0.00405484 0.00146036 -0.00795684 -0.00587054 -0.0115729 0.00191144 0.000961999 0.00259734 0.00777852 0.00407548 -0.00227569 0.00326806 -0.00404917 -0.00758622 0.0152378 -0.00758538 0.0103669 0.00141964 -0.00356146 0.000876046 0.0122489 -0.0296088 0.00182566 0.00637126 -0.00460844 -0.0168252 -0.00218704 -0.00124369 -0.0114877 -0.024782 0.00570742 0.00316436 0.00559757 -0.00581613 -0.00295796 0.0149771 0.0021692 0.00494801 -0.0144828 0.0053551 0.012411 -0.0125811 -0.0120402 0.0134538 0.013214 -0.00380163 -0.00330653 0.00222931 -0.00241854 0.00329793 -0.0129547 -0.0197596 0.00360808 0.0128718
internal_weight=71195.9 62800.1 41170.8 8395.76 21629.3 19057.2 32068.2 5987.75 13410.5 30884.1 1410.96 9102.63 5584.16 29473.1 23644.2 15708.9 5556.69 3040.23 7935.28 14741.1 7300.09 3175.97 2572.11 967.746 5646.68 7853.83 7122.5 6869.39 2516.46 226.192 7691.31 2379.46 5207.42 2408.19 5824.49 5289.16 535.332 2408.02 2774.98 2027.72 1704.27 359.107 4446.92 560.227 2727.86 1857.09 1922.49 7871.75 776.094 1464.64 1526.92 2365.64 3267.22 1184.77 1711.33 7518.23 1405.19 6113.04 265.252 1095.43 6020.42 549.746
internal_count=515283 348211 240440 167072 107771 92463 163647 99397 61968 155827 9469 76793 88081 146358 121072 79395 27032 14162 41677 74719 54016 41789 15308 4676 30495 34936 52295 38845 12870 2403 34236 12530 29105 46292 42880 37896 4984 67675 12955 9338 7828 1534 32051 3394 12572 8481 36104 35874 3549 21278 27148 12234 17965 7066 20511 33240 6156 27084 1207 29195 26604 2461
cat_boundaries=0 1 2 3 4
cat_threshold=30725 157721 5344 66605
is_linear=0
shrinkage=0.035


Tree=70
num_leaves=63
num_cat=0
split_feature=50 2 45 45 24 15 32 14 42 22 7 4 23 22 18 26 7 47 14 32 18 2 44 46 22 18 22 14 8 37 17 47 14 29 22 22 26 3 32 18 3 26 44 26 22 27 26 26 46 29 22 27 17 14 1 14 22 27 29 21 21 46
split_gain=1929.07 621.001 253.217 239.57 195.661 145.188 137.235 122.392 107.057 100.841 98.9361 77.7563 77.4074 74.973 136.255 71.1551 69.7532 68.8669 66.8231 59.3616 68.5734 52.6753 51.3881 49.1585 48.5682 52.4114 47.3748 47.342 47.1232 46.2442 46.0019 45.3247 49.5865 43.0493 42.6381 40.7128 40.4675 40.4633 39.3773 38.8535 43.1159 37.9987 37.7541 36.7061 35.4443 40.6354 48.1379 34.4529 34.2889 33.7895 33.2857 72.5546 33.1709 34.4268 41.8374 31.3581 31.1375 30.9205 30.5239 39.3933 35.1805 30.518
threshold=0.13416407864995789 259.22500000000008 1.2041666666666668 2.8452380952380958 11.500000000000002 0.88059056633596444 796.80000000000018 15.500000000000002 2.5000000000000004 1.0000000180025095e-35 0.59166666666666679 122.91000000000001 0.68301270189221941 13.500000000000002 3007.6400000000008 192.50000000000003 0.61250000000000016 827.10000000000014 21.500000000000004 39.640000000000008 10078.942500000003 1640.4800000000002 125.49000000000001 104.49000000000002 9.5000000000000018 767.97541666666677 5.5000000000000009 19.500000000000004 6.5000000000000009 3653.3699999999999 1.0000000180025095e-35 inf 20.500000000000004 358.00000000000006 48.500000000000007 16.500000000000004 100.50000000000001 128.50000000000003 1678.5200000000002 11313.973333333333 181.50000000000003 21.500000000000004 82.780000000000015 91.000000000000014 31.500000000000004 12217.050000000001 91.000000000000014 21.500000000000004 156.64500000000004 115.50000000000001 45.500000000000007 10417.680000000002 9015.840000000002 18.000000000000004 2850.7800000000002 19.500000000000004 81.500000000000014 414.51500000000004 293.00000000000006 0.7350000000000001 63.405000000000008 3.8300000000000005
decision_type=8 10 10 10 10 8 10 2 2 2 10 10 2 2 10 2 10 10 2 10 10 10 10 10 2 10 2 2 2 8 10 8 2 2 2 2 2 2 8 10 2 2 8 2 2 10 2 2 10 2 2 10 10 2 8 2 2 10 2 8 8 10
left_child=4 3 5 6 9 11 7 -2 12 -1 -11 27 31 14 30 41 -5 29 -8 21 -21 55 38 -20 25 -13 -14 -3 -19 -10 -4 61 -33 44 47 -6 -31 -32 -18 50 -41 -12 -17 -16 52 46 -46 -29 -30 -38 51 -26 53 -7 -55 -15 -47 -37 59 -28 -60 -9
right_child=1 2 13 16 35 33 18 8 17 10 15 24 26 19 43 42 22 28 23 20 -22 -23 -24 -25 39 -27 58 34 48 36 37 32 -34 -35 -36 57 49 -39 -40 40 -42 -43 -44 -45 45 56 -48 -49 -50 -51 -52 -53 -54 54 -56 -57 -58 -59 60 -61 -62 -63
leaf_value=-0.025429606037594029 -0.015787075566799622 0.0017920658310709111 -0.013035225683440477 -0.015914294474269775 -0.028718598477136467 -0.0060458268715896536 -0.012158226497453687 -0.011121471241684099 0.0025940351277246795 -0.020099569297902419 -0.019012055663878841 0.018655190509103296 -0.0040186617174259205 -0.0029576481551552448 4.6104674957749926e-05 -0.0084399719075380873 -0.0079646480645661506 0.024851614844308815 -0.012859450831479279 0.001951248197138214 -0.020687407162335539 0.012769455433658749 -0.013930161425012641 0.0054759409555456204 0.01763318057457584 -0.014077777201270304 0.0087130617687047763 -0.0047164223416260214 -0.017693657462291512 0.013111959454535435 0.0026743375332616802 -0.0034886857006101025 0.0067453967928043593 -0.014617616364919473 0.015325918354424841 0.054592572642490234 0.009202256819208875 -0.017995046006885677 -0.00135824432346148 0.012515291451208452 -0.024640869983709766 -0.0025486285500088426 -0.018113912003944917 -0.019956657048461276 0.017399566936866742 -0.018093991141146962 0.0063613316366142062 0.0095040348147662317 -0.0027628171071006763 0.0020069892160046944 0.025499777336277549 -0.036434039863532046 -0.022065274352086269 0.001697599189267759 0.011062236569653295 0.005738286321698218 0.010670101295912832 -0.019887822991904135 0.0049261004163977185 -0.0033362037970581155 0.016120445631248505 -0.0038430455250884543
leaf_weight=660.78431793674827 522.73420168831944 822.41088493913412 258.93748198077083 1015.5187028311193 1277.7058234214783 425.7749702334404 1554.1620346531272 850.73181463032961 5752.5001973696053 1129.8165682442486 187.29062444716692 114.66405881941319 957.4241671860218 568.75498627871275 143.18107113242149 1010.8397167399526 2052.7630196586251 60.040615178644657 253.96390859410167 4206.3408870249987 169.55067045986652 1258.4300401508808 822.42017415910959 601.19251410290599 1387.1774880290031 123.35193100571632 523.4284348115325 222.41783128678799 259.42698479443789 1119.3542590141296 4293.2604574114084 1389.5260431319475 993.95208142325282 137.11292903870344 1727.9935254976153 5.9407545849680892 1505.3441269919276 118.25520403683186 2394.1271891966462 167.60249087959528 48.506010696291924 1960.1192251294851 972.10604710876942 521.361825812608 668.22625759243965 120.58255068957806 1756.9015358239412 3254.8539961613715 683.21265582740307 1705.3846613392234 779.29826351255178 30.181778110563755 64.012145429849625 1853.9628269821405 852.74684997648001 4710.8602467700839 73.422255456447601 1069.7319801747799 1261.9219566136599 906.70923777669668 472.56213229894638 4131.5027942955494
leaf_count=15915 3731 3893 2284 13256 38480 1942 9184 7694 26925 23906 2818 656 5372 2783 692 15957 18938 285 1898 19274 866 5816 7012 2914 9037 647 2900 968 1302 5058 19731 7340 4509 599 9710 164 7012 619 18343 958 228 25424 15377 3044 3289 510 8913 16656 3095 7942 5846 154 268 8558 4035 21275 372 29031 7218 4183 2213 26264
internal_value=-6.13888e-05 0.0020358 0.00557071 -0.00139802 -0.0159439 0.00891059 0.000110317 0.000939651 0.00132768 -0.0125469 -0.0109241 0.0117981 -0.00104005 0.00256299 -0.000837331 -0.00840998 -0.00751822 0.00378125 -0.00783678 0.00422507 0.00106955 0.00633657 -0.00589738 2.2046e-05 0.016795 0.00170339 0.00280007 0.00959813 -0.00496304 0.00465125 0.00127368 -0.00318917 0.000780145 0.00469969 0.0108309 -0.0244813 0.00738303 0.00211632 -0.00440898 0.0182825 0.00410043 -0.0039927 -0.0131892 -0.0156533 0.00515756 0.00817555 0.00940875 0.00859335 -0.00688638 0.00538229 0.0196752 0.016457 0.00268292 0.00319552 0.00465092 0.00480112 -0.00720916 -0.0194262 0.00486362 0.00107682 0.00798354 -0.00508784
internal_weight=70944.4 62670 30880.1 31789.9 8274.34 14631.2 25505.1 23095.8 22573 5920.96 5260.17 8678.46 11487.8 16248.9 5335 4130.36 6284.83 11085.3 2409.32 10913.9 4375.89 6538.05 5269.31 855.156 2650.78 238.016 4122.05 6027.68 1002.68 10082.6 4670.45 7365.71 2383.48 5952.74 5205.27 2353.38 4330.08 4411.52 4446.89 2412.77 216.109 2147.41 1982.95 664.543 5815.63 2619.13 2425.13 3477.27 942.64 3210.73 2196.66 1417.36 3196.5 3132.48 2706.71 5279.62 194.005 1075.67 3164.62 1430.14 1734.48 4982.23
internal_count=515283 348211 153623 194588 167072 77239 137039 123043 119312 99397 83482 48753 67693 76384 26370 59576 57549 51619 13996 50014 20140 29874 44293 4812 17526 1303 21886 31227 4682 46937 22634 45807 11849 28486 27334 67675 20012 20350 37281 16223 1186 28242 31334 3736 27887 13084 12202 17624 4397 14954 15037 9191 14803 14535 12593 24058 882 29195 16514 7083 9431 33958
is_linear=0
shrinkage=0.035


Tree=71
num_leaves=63
num_cat=5
split_feature=50 2 45 24 15 42 47 40 19 35 4 2 14 17 7 37 49 16 22 16 22 3 22 11 22 14 14 18 18 17 44 1 23 47 13 40 22 16 22 39 31 3 26 2 18 41 22 23 27 16 18 22 2 22 26 41 14 18 16 14 2 30
split_gain=1820.95 586.782 292.496 191.888 155.398 149.164 133.236 106.839 98.5112 104.254 92.7118 90.9325 81.2196 78.3827 73.244 71.0926 70.7101 68.7757 62.4612 72.2674 110.481 64.479 74.9144 59.5404 53.1168 51.641 49.234 49.1536 48.6603 47.6208 46.7913 43.8732 47.4233 42.9502 42.1527 41.9195 41.4316 41.3384 40.7931 40.7429 40.5489 40.2934 39.2794 39.0446 38.3599 38.0113 36.8277 36.2321 35.7818 36.9521 35.7352 55.9688 44.1382 44.4394 35.6831 35.3464 39.6416 35.2417 41.3334 34.3168 33.3458 33.0372
threshold=0.13416407864995789 102.69000000000001 1.2041666666666668 11.500000000000002 0.88753509640243589 2.5000000000000004 10959.875000000002 1.0000000180025095e-35 233.70000000000002 8.5000000000000018 122.91000000000001 0.38000000000000006 16.500000000000004 1.0000000180025095e-35 0.63068181818181823 14528.610000000001 14.500000000000002 0 54.500000000000007 1 8.5000000000000018 71.500000000000014 22.500000000000004 637.32000000000016 9.5000000000000018 16.500000000000004 18.000000000000004 1287.7125000000003 3404.5275000000006 488.49000000000001 110.09500000000001 1019.6100000000002 0.93301270189221952 1766.9400000000003 0.61721611721611735 9776.2800000000007 1.0000000180025095e-35 2 20.500000000000004 27.530000000000005 1.0000000180025095e-35 128.50000000000003 30.000000000000004 1795.1200000000001 11029.170208333335 42.885000000000012 96.500000000000014 0.68301270189221941 7.0100000000000007 3 3865.2075 36.500000000000007 217.52000000000004 60.500000000000007 100.50000000000001 1503.3600000000001 21.500000000000004 3865.2075 4 18.000000000000004 445.7700000000001 7.6800000000001143
decision_type=8 10 10 10 8 2 8 10 10 2 10 10 2 10 10 10 10 9 2 9 2 2 2 10 2 2 2 10 10 10 10 8 2 10 10 10 2 9 2 10 2 2 2 10 10 8 2 2 8 9 10 2 10 2 2 10 2 10 9 2 10 10
left_child=3 5 4 7 10 6 12 -1 25 -10 17 -9 -2 36 -14 16 18 33 19 -15 27 39 28 -19 29 -7 -13 -21 41 -12 48 -6 40 59 -18 -26 -4 -37 -5 -22 44 -23 -29 55 -33 -27 61 -11 -16 -50 52 -52 53 -28 -49 -24 -57 58 -42 -3 -35 -8
right_child=1 2 13 38 31 8 46 11 9 47 24 26 14 15 30 -17 34 23 -20 20 21 22 43 -25 35 45 50 42 -30 -31 -32 32 -34 60 -36 37 -38 -39 -40 -41 57 -43 -44 -45 -46 -47 -48 54 49 -51 51 -53 -54 -55 -56 56 -58 -59 -60 -61 -62 -63
leaf_value=-0.030093816383184226 -0.024608391007314382 0.0017837410867141794 -0.026752861215371886 -0.028000331870826439 0.0012132966407227765 -0.018267295453761365 -0.016505566189192217 -0.017155770324096389 0.015130344793423404 -0.010524340531394605 0.020620725257625844 -0.022511544273536379 -0.014571436687674442 0.010277548450056647 -0.013054132151813794 -0.0095561495997220931 -0.0065077090879998439 0.0027580068194139481 0.0077051103024466262 -0.0022400350515568842 0.0021104752319055478 0.0038343664922647984 -0.0027702151696496155 0.013028954660648739 0.019376036617012329 -0.010692630110006356 -0.0081975062094452079 0.0061836310452195072 -0.016266322915363139 -0.010819976267333864 -0.0097328406598512704 0.0094573043270286643 0.01761480468929974 -0.020551207278390868 0.0013710909317495336 0.014253746819154253 -0.0042821930293399091 -0.011721207580249695 -0.018438703399800659 0.0079237730127646455 0.011989481609085159 -0.014863352492756251 -0.017433714608199487 0.011543174261838924 -0.011943007916702414 0.0051495286974462323 0.017201580695736733 0.0010217815369799154 0.0048297378373827957 -0.0040154207179149883 -0.022112329985933814 -0.0056004637583670714 0.0047990428525543638 0.015317710516696103 -0.022223993411886588 0.0013040391061980015 0.011413022807103861 0.0090284643843489571 -0.0063337785637018057 0.014116539658458995 0.0056693816644922245 0.00066301567078363717
leaf_weight=383.20163920894265 311.78150710090995 302.45824807137251 165.35251417011023 1378.5255439169705 3733.2963465228677 123.74928061664104 142.03345461934805 1908.0739385485649 293.55330019816756 1384.5498670600355 92.347523063421249 253.95934212207794 1199.422367580235 1273.5860278382897 470.67690476775169 625.32383838295937 1551.4476876035333 2937.6718349643052 3183.3000918403268 1672.2636328712106 2540.8095004409552 480.8467854782939 1663.1137573346496 903.54450792819262 2147.0405581668019 192.11431051790714 1603.5968944951892 102.23308178782463 472.35737509280443 159.44741015136242 2187.8213458806276 1935.1901674047112 420.57798614352942 70.586211591959 1791.4833321273327 210.10062853991985 255.17607829719782 104.79883011430502 921.93106146156788 3529.1143850833178 174.53751823306084 198.71674781292677 536.45218994095922 499.45992895960808 107.51655293256044 4778.4260489977896 157.78911797329783 776.93490345031023 644.08655443415046 5128.6809463649988 401.54182416945696 672.70137158036232 529.77746062353253 103.97653672844172 89.285169489681721 1944.4133614078164 628.02869064360857 424.48796157538891 810.974515222013 3244.4448999986053 348.51297161728144 3424.1876646615565
leaf_count=11316 3494 1340 2444 42342 17000 778 1122 39518 1392 7097 509 4727 14619 5769 4715 3288 8134 14163 14853 8206 11884 2238 7935 4799 14718 1070 22329 500 2451 856 18399 9501 2088 317 7973 1331 1312 563 25333 16286 859 959 3007 2298 453 23064 790 3561 4658 39777 5503 9041 5559 1404 442 9099 2833 2041 3953 16842 1909 18522
internal_value=-6.013e-05 0.00196842 0.00440498 -0.0156124 0.0077332 -0.00274809 -0.00493743 -0.0122445 0.00116906 -0.00445402 0.0104885 -0.0109896 -0.00705225 0.0017945 -0.00648139 0.00207219 0.00240212 0.00854948 0.00323922 0.00232405 0.0016051 0.00296027 0.000350257 0.0051633 0.0160618 0.0039778 -0.0076859 -0.00539787 -0.00765071 0.000747074 -0.00532892 0.00392132 0.00653048 0.0117843 -0.0022863 0.0176272 -0.0131602 0.00567969 -0.0241781 0.00549113 0.00517558 -0.00164699 -0.0136496 0.00229791 0.00832562 0.00453519 0.000709133 -0.00701387 -0.00378439 -0.00302646 -0.0065425 -0.0117873 -0.00402013 -0.0067575 -0.00139713 0.00120524 0.00377549 0.000609353 -0.00302247 0.0130657 0.00121481 -2.52003e-05
internal_weight=70703.4 62546.1 41241 8157.29 18127.5 21305.1 13666.5 5856.83 7638.61 2544.32 10521 5473.63 9942.47 23113.5 9630.69 22693 22067.6 7807.22 18724.7 15541.4 14267.8 11956.9 5886.94 3841.22 2713.73 5094.29 3565.55 2310.95 1151.92 251.795 8431.27 7606.58 3873.28 3966 3342.93 2461.94 420.529 314.899 2300.46 6069.92 3452.71 679.564 638.685 4735.02 2042.71 4970.54 3724.01 2250.77 6243.44 5772.77 3311.59 1074.24 2237.35 1707.57 866.22 4235.56 2572.44 1410 985.512 3546.9 419.099 3566.22
internal_count=515283 348211 204711 167072 93242 143500 106096 99397 37404 12492 57347 88081 85662 111469 82168 107713 104425 39370 88318 73465 67696 55983 27813 18962 17977 24912 48563 11713 5648 1365 67549 35895 18895 20408 16107 16612 3756 1894 67675 28170 16807 3197 3507 22165 9954 24134 20434 11100 49150 44435 43836 14544 29292 23733 4003 19867 11932 6853 4812 18182 2226 19644
cat_boundaries=0 1 2 3 4 5
cat_threshold=1440 1768 4352 9329 4256
is_linear=0
shrinkage=0.035


Tree=72
num_leaves=63
num_cat=2
split_feature=50 4 45 0 22 2 42 22 3 16 41 29 32 47 45 46 32 22 3 43 46 26 26 29 40 37 23 48 35 27 32 32 22 26 19 23 2 16 17 40 44 47 13 29 17 41 22 17 22 22 27 17 41 29 29 12 30 3 47 22 1 29
split_gain=1718.65 554.117 238.685 190.39 153.102 141.765 111.613 108.17 100.097 94.5329 97.7702 90.8868 88.8576 85.1693 80.1563 78.752 94.0663 65.7948 65.9103 65.3014 55.1344 54.1229 51.4321 73.2718 59.9829 52.4529 51.0174 54.5184 57.1861 48.7311 48.3944 47.8876 47.1643 47.0223 46.2291 46.1156 45.5457 45.0974 45.3414 43.8614 42.9738 44.7647 42.681 42.6108 39.5285 34.4445 49.2794 33.8127 33.6934 33.4299 34.3422 33.4233 32.7421 32.4978 44.7783 32.4066 32.2162 32.0625 31.6676 42.8062 33.9899 31.5942
threshold=0.13416407864995789 19.230000000000008 2.7638888888888893 1.6833333333333711 1.0000000180025095e-35 2524.1400000000003 4.5000000000000009 1.5000000000000002 22.500000000000004 0 1262.4000000000003 23.500000000000004 inf inf 7.5833333333333348 95.120000000000019 592.29000000000008 34.500000000000007 85.500000000000014 1.5000000000000002 231.93000000000004 91.000000000000014 91.000000000000014 115.50000000000001 1164.5683333333334 14528.610000000001 0.68301270189221941 10.500000000000002 17.500000000000004 13571.190000000001 5937.6250000000009 1991.1000000000001 7.5000000000000009 366.50000000000006 25.102500000000003 0.68301270189221941 363.56000000000012 1 1.0000000180025095e-35 13498.380000000003 96.65000000000002 inf 0.94590643274853814 333.50000000000006 2279.6100000000006 365.12000000000006 20.500000000000004 4661.1900000000014 88.500000000000014 4.5000000000000009 678.84000000000015 1.0000000180025095e-35 3376.4400000000001 232.00000000000003 241.50000000000003 7.3416666666666668 971.58000000000004 22.500000000000004 inf 18.500000000000004 94.79000000000002 23.500000000000004
decision_type=8 10 10 10 2 10 2 2 2 9 8 2 8 8 10 10 10 2 2 2 10 2 2 2 10 10 2 2 2 10 8 10 2 2 10 2 10 9 10 8 8 8 10 2 8 10 2 8 2 2 10 8 10 2 2 10 10 2 8 2 10 2
left_child=3 2 7 -1 57 6 13 8 56 20 61 -6 19 34 36 16 26 18 47 -4 -9 52 24 58 -17 31 27 28 55 -19 43 53 -7 42 -3 37 40 38 -14 51 -13 -42 -8 -26 -31 -40 -47 49 -29 50 -15 -36 -10 -25 -55 -12 -2 -5 60 -60 -24 -11
right_child=1 5 12 4 11 32 33 9 21 10 15 14 35 17 -16 22 -18 29 -20 -21 -22 -23 23 25 30 -27 -28 48 -30 44 -32 -33 -34 -35 39 -37 -38 -39 45 -41 41 -43 -44 -45 -46 46 -48 -49 -50 -51 -52 -53 -54 54 -56 -57 -58 -59 59 -61 -62 -63
leaf_value=-0.02404655312937622 -0.0078325494117462112 -0.018384722645860472 -0.016441133455679224 -0.019259707169718882 -0.025658732280458261 -0.0021732658575943547 0.0075269551742869045 0.0042321283368158729 -0.011169558516122197 -0.011126269983006294 -0.015581510469562352 -0.0029330910434313571 -0.031430324628816536 0.00035927398270338862 -0.015461877705504471 -0.0022930373874323288 -0.010742544453895114 0.013629405815863528 -0.013327804360162624 -0.0065382046435574579 0.014681715965065843 -0.033287693134915593 -0.00441316780717329 -0.00053044805882383761 0.0077861516629049105 -0.018394453239139068 0.0045643088386255548 0.0021977938683366742 -0.015597996339500271 -0.055279567928614173 0.012963438401476639 -0.0095026568223998843 0.015968702526434793 -0.0031645245804267862 -0.016077575079064124 0.0038869537969261369 0.0052280470038609137 0.0072882635511193547 -0.0071849995623707256 -0.016861185964949968 -0.013137241963285902 0.012817782072342594 0.014116181292420054 -0.0044585332138780565 0.0015038033506162855 -0.0088977097093400192 0.011005460991702515 -0.0028399497507880685 0.017966247598702217 0.0089679232889621797 -0.037975907912182034 0.0024679314589730918 0.047143572518308204 0.013166318013988888 0.0016292364854084231 -0.001370084970188752 0.0040769648160187228 -0.03397424976071519 -0.001354057646040682 0.019369452184987007 0.005440556784645589 -0.0027602537196135066
leaf_weight=2205.272175963968 687.0193201713264 141.9695842564106 1194.032704859972 357.92094963230193 407.19449102878571 189.8958907276392 2429.5194520503283 2107.1628162637353 119.43926627188921 641.20024451240897 207.65967074409127 1498.0908875204623 81.69168758392334 206.29251439869404 1395.6359795629978 782.4184625223279 1075.9130540154874 1991.208758585155 253.8751465305686 2578.2557780668139 875.33436750620604 248.58246891014278 485.38719651848078 4792.0965668261051 1301.6827248185873 188.23163579404354 2379.7743407040834 1216.3254720680416 436.2337387278676 14.846042707562445 1561.967937618494 567.28050097823143 2285.6604779586196 314.16020637750626 120.21892206370831 1092.7717914022505 425.12116653099656 351.14793221279979 2184.8781623579562 151.199114151299 1288.6486072987318 86.10847444832325 2396.2964086681604 474.37664465606213 286.53635115176439 272.78455143794417 342.75199633836746 496.71259145438671 191.31020864471793 1801.3893089368939 32.235697954893112 6675.3552819937468 12.08677541464567 558.72214802354574 1564.0019570216537 3395.6347880512476 466.35180314257741 379.63999764993787 175.55924149602652 399.04445005953312 3636.367789529264 3990.4722684845328
leaf_count=58692 4566 831 13690 9457 8888 877 12160 10924 685 3948 1669 22951 1171 917 30438 3502 7386 10592 1158 22801 3881 2767 2620 22030 5797 944 12395 7203 2954 65 6814 2688 14188 1361 523 6728 4511 2838 18104 650 20710 758 14951 2240 1303 2057 2521 2318 1082 8594 138 29666 70 2531 7169 19746 2507 10667 779 1773 16776 20563
internal_value=-5.88662e-05 0.00190332 -0.000343189 -0.0152849 -0.0119719 0.00674364 0.00562275 0.000924919 -0.00815905 0.00134722 0.000755086 -0.0098129 -0.00575086 0.00379598 -0.00843302 0.00160845 -0.0010441 0.00725294 0.00364162 -0.00967628 0.00727848 -0.0237106 0.00304077 0.00191209 0.00642698 -0.000196086 0.000290272 -0.00157748 -0.0036443 0.0116451 0.00847098 0.000264138 0.0145767 0.00994709 0.00131643 -0.00232645 -0.00545476 -0.004427 -0.00586134 0.00172165 -0.00703686 -0.0115034 0.0108011 0.00451499 -0.0014669 -0.00512542 0.00218494 0.00534457 0.0043521 0.00733788 -0.00495842 0.00213753 -0.00549549 0.00106665 0.00467068 -0.00219319 -0.00301772 -0.0268694 0.00535458 0.0130464 0.00427937 -0.00392058
internal_weight=70467 62423.3 42636 8043.63 5838.36 19787.4 17311.8 34537.6 1533.48 33004.2 30021.7 5100.8 8098.31 12171.8 4693.61 25390 8902.85 5083.1 2790.51 3772.29 2982.5 380.109 16487.1 12366.7 4120.45 7670.33 7826.94 5447.16 4039.53 2292.59 3338.03 7482.1 2475.56 5139.98 7088.74 4326.03 3297.97 3233.25 2882.11 6946.77 2872.85 1374.76 4825.82 1776.06 301.382 2800.41 615.537 2536.63 1407.64 2039.92 238.528 6795.57 131.526 6914.82 2122.72 3603.29 1153.37 737.561 4696.36 574.604 4121.75 4631.67
internal_count=515283 348211 247919 167072 108380 100292 85227 178009 10595 167414 152609 88256 69910 56755 79368 128098 52435 25085 13125 36491 14805 3522 75663 57310 18353 35362 45049 32654 24369 11960 14851 34418 15065 28472 31670 33419 48930 26691 23853 30839 44419 21468 27111 8037 1368 22682 4578 11967 8285 9649 1055 30189 755 31730 9700 21415 7073 20124 21948 2552 19396 24511
cat_boundaries=0 1 2
cat_threshold=1264 162178
is_linear=0
shrinkage=0.035


Tree=73
num_leaves=63
num_cat=7
split_feature=50 2 45 45 24 32 15 14 40 42 14 12 16 41 23 14 7 17 47 16 16 2 37 14 4 44 32 12 16 39 14 1 26 40 50 29 16 14 18 47 16 17 2 14 1 15 32 14 3 10 27 0 2 47 2 16 27 51 41 26 15 39
split_gain=1621.69 524.14 209.644 208.007 187.025 136.916 126.429 112.745 103.684 92.2584 87.0823 77.1775 69.0448 68.8811 66.8712 64.2491 63.3131 60.2655 59.0255 65.6874 58.5611 57.9715 53.3242 51.1947 49.9532 49.8447 44.9397 45.2639 44.5768 45.301 43.2189 41.2881 39.3476 35.9622 38.1045 35.808 35.3558 34.8632 32.8503 43.0513 32.5117 32.2614 34.0091 32.5495 49.3668 44.8013 31.0091 30.8544 30.946 30.5882 29.9649 33.2646 29.3911 29.2098 28.6299 29.1827 43.1779 45.4123 30.4069 28.8687 28.8358 28.3924
threshold=0.13416407864995789 277.50000000000006 2.8452380952380958 1.2041666666666668 11.500000000000002 796.80000000000018 0.88059056633596444 15.500000000000002 1.0000000180025095e-35 2.5000000000000004 18.000000000000004 2.9716666666666671 0 841.28000000000009 0.68301270189221941 21.500000000000004 0.61250000000000016 1.0000000180025095e-35 702.45000000000016 1 2 1847.9300000000003 13395.420000000002 16.500000000000004 50.02000000000001 125.49000000000001 1875.1000000000004 423.03000000000003 3 69.210000000000022 22.500000000000004 31.715000000000003 345.50000000000006 9776.2800000000007 82.409866193547998 358.00000000000006 4 16.500000000000004 2739.3000000000006 318.16000000000008 5 11980.4 2638.7600000000007 18.000000000000004 inf 2.4770005283802492 947.32000000000016 21.500000000000004 252.50000000000003 344.92000000000007 1.0000000180025095e-35 3.9533333333333345 217.52000000000004 10959.875000000002 1795.1200000000001 6 1167.1850000000002 174.3179732327271 1924.2400000000002 70.500000000000014 0.0879778393351799 27.030000000000005
decision_type=8 10 10 10 10 10 8 2 10 2 2 10 9 8 2 2 10 10 10 9 9 10 10 2 8 10 10 10 9 8 2 8 2 10 10 2 9 2 10 8 9 10 10 2 8 8 8 2 2 10 10 10 10 8 10 9 10 10 10 2 10 10
left_child=4 2 5 6 8 7 12 -2 -1 14 -10 -12 24 -14 31 40 -4 36 19 -11 -20 33 23 -19 -3 37 27 46 38 52 -17 -9 47 34 -15 41 -5 -18 39 -13 -7 42 43 -8 45 -45 -25 -33 -49 -47 -6 -52 -30 -39 55 59 -57 58 -58 -29 -56 -21
right_child=1 3 16 17 50 15 35 9 10 18 11 28 13 21 -16 30 25 22 20 61 -22 -23 -24 26 -26 -27 -28 54 29 -31 -32 32 -34 -35 -36 -37 -38 53 -40 -41 -42 -43 -44 44 -46 49 -48 48 -50 -51 51 -53 -54 -55 60 56 57 -59 -60 -61 -62 -63
leaf_value=-0.029689543968898332 -0.015021697231366274 0.010111148789352301 -0.015112072002690628 -0.024830943876378384 -0.03175131305933674 -0.013231360938932898 -0.0029855303934723824 -0.0066644591991422576 -0.025361479763476892 0.0066586106816920228 -0.020492530952716401 -0.0020344776681433504 -0.0064370828482790132 0.0038294209105566505 0.0026922631617659846 0.0078101428441383373 -0.024508267271309371 -0.0066656916271868481 -0.0097759227594703992 -0.0016226705427598519 0.0045590319427855725 0.016578160370068106 -0.0080724670402018417 -0.004511308670239556 0.017444508815590697 -0.013326168824423787 -0.0020626156733294337 -0.0061787024983366709 -0.0078798829344525392 -0.015043091880195262 -0.0076026526259095331 -0.0039807632008616181 0.015033554623983867 -0.017291630514964643 0.013054071564108302 -0.014155207010000937 -6.4172111888377098e-05 -0.0047931559599352818 -0.02422798715881936 0.01907025833484266 0.003994202939183635 -0.0094487928619502257 0.012309283207594402 0.0068819610930880284 0.012346945058817739 0.00010008348999887052 0.0030635476112744939 0.00038522168166486528 0.016581478265161872 -0.018013878856205822 -0.026148755999642156 -0.016469383552075823 0.0034665973609391116 0.0029333537605375323 0.0024491864178391668 -0.00061274829982857373 0.0041819135316251985 -0.0040323252162597911 0.0098466954471502499 0.014040958631318406 0.01232353914723497 0.0047450203323694939
leaf_weight=363.55018304288387 527.14009714126587 2180.4613233283162 986.91307410225272 143.92239616066217 446.67522901110351 1486.0045583155006 678.08567460626364 2353.124904487282 436.42541772499681 6353.6550125069916 629.89975666254759 522.81996958702803 390.61214718967676 1578.3349900506437 4195.3010470867157 436.6964774876833 98.259947679936886 628.69802000373602 745.80809723585844 2286.690900284797 640.5661908686161 918.85973633825779 541.2999375462532 1025.9751819297671 2393.4095164164901 830.93683514371514 1564.6962652504444 99.654016852378845 2175.0469611845911 1066.6973894499242 453.07514335028827 2905.9255834948272 178.38421918824315 75.845136180520058 840.82832405716181 125.35649371147156 139.94019949436188 3657.4752760753036 59.26353981345892 152.01092464104295 148.11753882281482 190.17491433769464 712.32572609186172 1755.7556944601238 934.91735935211182 1245.3333889842033 1861.9927381388843 1928.2915065586567 155.22714398801327 124.72739313542843 919.24527404084802 841.6916057150811 320.32238853350282 716.10982176661491 513.83015196025372 1983.3743034526706 2799.3860837072134 555.49866156280041 1985.3873274028301 630.18312649428844 1232.1197940930724 1371.373450499028
leaf_count=11316 3803 10995 13269 1742 14719 8845 3070 17499 9336 29330 14780 8231 1844 8085 22210 2141 1101 3439 3527 10879 2905 6147 2782 4892 15783 7166 7166 430 34353 15418 2853 16883 1027 377 4776 550 865 31990 925 1624 784 851 3774 9061 4503 5458 8605 10417 886 558 28150 24806 3414 4586 2441 9061 12637 2628 8880 2723 5594 6393
internal_value=-5.77532e-05 0.00184004 -0.00123863 0.00518722 -0.0149603 0.000140626 0.00826573 0.000967971 -0.01162 0.00133326 -0.0103897 -0.00905836 0.0110108 0.00745311 -0.000847702 -0.00760648 -0.0069755 0.00241432 0.00357498 0.00451221 -0.00319163 0.00906566 0.0027088 0.00310149 0.0139211 -0.00545862 0.00353279 0.00422296 -0.00737752 -0.00898236 -3.78364e-05 -0.00282244 -0.00107206 0.00629343 0.0070397 0.00427619 -0.0135383 -0.00399406 0.000526368 0.00274071 -0.011725 0.00468819 0.00518303 0.00410946 0.00529467 0.00318209 0.000371885 -0.00165077 0.00159926 -0.00156091 -0.0236149 -0.0215342 -0.00642257 -0.00352767 0.00535775 0.00447588 0.00379165 0.00543435 0.00653402 0.0111232 0.0094206 0.000763075
internal_weight=70239.7 62306.1 32455.1 29851 7933.65 26165.4 14145 23641.5 5726.04 23114.3 5362.49 4926.06 8378.35 3804.48 11716.3 2523.89 6289.69 15706 11398.1 10011.7 1386.37 3413.87 15422.1 14880.8 4573.87 5302.78 14252.1 12687.4 4296.16 3562.07 889.772 7520.95 5167.83 2495.01 2419.16 5766.68 283.863 4471.85 734.094 674.831 1634.12 5641.32 5451.15 4738.82 4060.73 3125.82 2887.97 4989.44 2083.52 1370.06 2207.61 1760.94 2495.37 4373.59 9799.43 8053.48 7323.65 5340.27 4784.77 729.837 1745.95 3658.06
internal_count=515283 348211 198494 149717 167072 140382 75832 125759 99397 121956 88081 78745 48007 21229 68922 14623 58112 73885 53034 46602 6432 19385 71278 68496 26778 44843 65057 57891 63965 53185 4994 46712 29213 13238 12861 27825 2607 37677 10780 9855 9629 27275 26424 22650 19580 15077 13497 28186 11303 6016 67675 52956 37767 36576 44394 36359 33206 24145 21517 3153 8035 17272
cat_boundaries=0 1 2 3 4 5 6 7
cat_threshold=5504 496 3328 197741 151936 22912 1160
is_linear=0
shrinkage=0.035


Tree=74
num_leaves=63
num_cat=3
split_feature=50 2 34 0 22 45 47 42 8 14 22 18 5 16 45 51 16 40 32 17 14 26 14 29 37 1 27 14 22 23 43 26 2 2 29 42 30 26 22 16 14 32 15 2 26 4 23 44 47 11 18 39 3 14 23 26 39 3 49 40 29 18
split_gain=1529.84 494.427 248.131 183.103 146.904 126.074 101.84 126.346 91.5277 86.8939 86.5187 132.636 83.2457 85.0983 76.7192 72.1236 64.7211 63.1862 60.0332 59.3815 60.6087 55.2831 55.1651 53.5718 60.2917 53.4775 52.3167 50.2203 48.2709 53.1553 46.4952 46.3963 45.4961 45.4353 45.4246 42.6916 42.176 41.7112 43.879 50.2673 40.7689 39.9578 52.2094 39.6166 39.2271 39.0612 38.7845 38.2226 47.782 37.5284 37.246 36.8993 34.9799 34.731 66.2713 41.8832 33.059 32.7878 32.7728 31.2031 31.1002 29.907
threshold=0.13416407864995789 102.69000000000001 2.5000000000000004 1.6833333333333711 1.0000000180025095e-35 2.8660714285714293 inf 3.5000000000000004 15.500000000000002 16.500000000000004 16.500000000000004 2387.9970000000008 138.24000000000009 0 7.5833333333333348 16.086470637434015 1 13498.380000000003 3780.2400000000002 1.0000000180025095e-35 19.500000000000004 314.50000000000006 15.500000000000002 207.50000000000003 29098.440000000002 27.320000000000004 11583.450000000003 18.000000000000004 2.5000000000000004 0.68301270189221941 1.5000000000000002 238.50000000000003 217.52000000000004 1511.3700000000001 293.00000000000006 2.5000000000000004 25894.750000000004 30.000000000000004 5.5000000000000009 2 21.500000000000004 inf 0.06122448979591822 4.330000000000001 21.500000000000004 28.845000000000002 0.25000000000000011 100.12000000000002 inf 83.02000000000001 3180.5400000000004 16.215000000000007 39.500000000000007 20.500000000000004 0.68301270189221941 314.50000000000006 1726.1400000000001 22.500000000000004 1.5000000000000002 9551.970000000003 84.500000000000014 7226.3075000000017
decision_type=8 10 2 10 2 10 8 2 2 2 2 8 10 9 10 8 9 10 8 8 2 2 2 2 8 10 10 2 2 2 2 2 10 10 2 2 10 2 2 9 2 8 10 10 2 10 2 8 8 10 10 10 2 2 2 2 8 2 10 10 2 10
left_child=3 5 6 -1 57 8 7 17 22 -6 11 16 13 27 32 43 -8 19 30 -3 -21 23 -2 31 41 -23 53 -4 -24 35 -7 52 47 36 58 -30 -14 -18 39 -39 -17 42 -25 -10 -15 -29 -42 -11 -49 -20 -34 -9 -22 54 -12 -55 -13 -5 -31 -53 -37 -28
right_child=1 2 12 4 9 18 10 51 15 14 26 56 33 44 -16 40 37 -19 49 20 21 25 28 24 -26 -27 61 45 29 34 -32 -33 50 -35 -36 60 -38 38 -40 -41 46 -43 -44 -45 -46 -47 -48 48 -50 -51 -52 59 -54 55 -56 -57 -58 -59 -60 -61 -62 -63
leaf_value=-0.023441003938345494 -0.017092310141373544 -0.014690110610521136 -0.0012212501480849411 -0.018535386213510266 -0.029487036075311168 -0.017698070305333623 0.011016963028484667 0.0013524073449705217 -0.012397508793365796 -0.003497675623859223 0.0022243995807109361 -0.019474755356138195 0.010062750823740699 -0.011671294035030392 -0.015024706591932302 -0.013168151633305387 -0.016291137270729363 -0.016467628587607513 -0.0014487551508920902 -0.0067743085112232657 -0.00067634547624592265 -0.014984021073774821 -0.0063384808875173405 -0.014196997933083202 0.013982256156801744 0.0094649328731772047 -0.018096816106635747 0.0089383337907270079 -0.0027933361328403763 -0.0070426187601168233 -0.007782352736202554 0.00042158821253152252 0.010239802199374178 0.018742020019314597 0.0082767171111847049 0.0078944830797247033 -0.056846524770230278 -0.029514999816178823 0.0056208987477482913 -0.0014498698510548109 -0.0097766718243390161 0.0054117794691991225 0.00039174667912204408 0.0017583466336346873 0.0041627439386663426 0.016987377139843461 0.0050067902132231853 -0.013586626700328452 0.015609153948255492 -0.014096593743286836 -0.0068270027377185533 0.0072805768525481245 -0.0096132139106691727 0.010894047189431882 0.014556361391311508 0.027944807220981124 0.028342731382354252 -0.033753720248048256 0.0041967629967502697 -0.0057519552034705525 0.0005449361573104007 0.0022029283159830781
leaf_weight=2113.1551420465112 214.62554655224085 341.20695682615042 365.63791657984257 344.54846440255642 246.77033583261073 881.57804414257407 960.41840605437756 2338.694840092212 284.62303457036614 1471.2595469150692 1610.2706598043442 399.81154640391469 1228.7394354343414 201.63090609014034 1422.4348332490772 1470.1354062482715 177.70564957335591 300.52018826454878 1910.5856172218919 1428.7312921993434 847.02889757603407 118.93356234580278 1064.350718870759 325.20934998244047 484.51641737669706 1282.5785020142794 103.63829139620066 1668.7983258664608 3800.0240117497742 500.6249397918582 1695.5578435212374 2692.4095578640699 371.27336608618498 1346.1546273007989 2098.3921513408422 966.44018584489822 10.670212201774119 86.438758619129658 1054.361621491611 418.0189691670239 526.92117218673229 1864.5229686498642 3812.8093649819493 1591.3511367328465 3555.0878113806248 1331.1374492123723 368.75999313220382 1157.0447590146214 72.183836825191975 337.33159985765815 269.53105603903532 4809.6605089046061 1463.2909688651562 2550.8045709580183 797.89187676459551 189.16795989871025 17.674661032855511 359.43640680424869 866.27656099200249 235.38141153752804 2603.6611404120922 590.37133064121008
leaf_count=58692 1776 3164 1648 9457 6026 11452 4466 9885 2620 23295 7640 1928 7309 885 31765 9652 909 1646 16885 8253 4054 692 6930 1810 2184 6010 476 8065 25019 2345 16676 13302 3874 9963 10985 4684 64 543 4764 1971 3420 8591 18250 8705 18243 8333 1929 19450 650 3351 3196 21354 7410 12405 3833 900 82 10667 4455 1003 12616 2676
internal_value=-5.6753e-05 0.00177874 0.00402148 -0.0146382 -0.0113796 -0.00256352 0.00250519 0.00124117 -0.00109671 -0.00927241 0.00565827 0.000946419 0.00890987 0.00695536 -0.00821929 -0.00552072 0.00378989 -0.000607726 -0.0075345 -0.000281535 6.27839e-05 0.000821 0.000452656 2.02488e-05 0.00211886 0.00738097 0.00816955 0.0109895 0.000770509 0.00146934 -0.0111798 -0.0027009 -0.0053185 0.0142891 0.00504374 -0.000211735 0.00944136 -0.000273051 0.00156054 -0.00692031 -0.00958339 0.00115909 -0.000757944 -0.000394842 0.00330123 0.0125143 -0.00369139 -0.00730748 -0.0118609 -0.00335217 0.00306182 0.00498717 -0.00633841 0.00938541 0.00631467 0.012081 -0.0173875 -0.0263423 7.82227e-05 0.00667151 0.00253614 -0.000850163
internal_weight=70018.8 62191.2 41009.9 7827.64 5714.48 21181.2 31302.1 22345.5 16356.2 5010.5 8956.57 3114.43 9707.86 7122.29 4763.73 4241.79 2696.94 14961.8 4825.05 14661.2 14320 12891.3 12114.4 11489.8 6487.06 1401.51 5842.14 3365.57 11899.8 10835.4 2577.14 5002.73 3341.29 2585.56 3465.29 7370.13 1239.41 1736.52 1558.82 504.458 2365.82 6002.54 4138.02 1875.97 3756.72 2999.94 895.681 2700.49 1229.23 2247.92 640.804 7383.74 2310.32 5148.14 2408.16 2739.97 417.486 703.985 1366.9 5045.04 3570.1 694.01
internal_count=515283 348211 204711 167072 108380 143500 150201 107608 95136 88256 42593 14663 54510 37174 82230 26326 12653 75366 48364 73720 70556 62303 68810 55601 30835 6702 27930 18046 67034 60104 28128 24766 50465 17336 17785 42319 7373 8187 7278 2514 15001 28651 20060 11325 19128 16398 5349 43395 20100 20236 7070 32242 11464 24778 11473 13305 2010 20124 6800 22357 17300 3152
cat_boundaries=0 1 2 3
cat_threshold=480 5856 16640
is_linear=0
shrinkage=0.035


Tree=75
num_leaves=63
num_cat=5
split_feature=50 4 24 2 2 14 26 22 46 16 22 26 42 26 16 26 27 19 22 18 45 14 26 31 26 29 18 16 22 27 27 46 22 49 22 32 35 22 18 22 14 22 37 26 22 16 18 47 43 29 47 3 22 16 7 23 26 22 3 37 14 37
split_gain=1444.69 439.959 221.838 193.197 123.397 111.701 121.586 103.53 104.42 97.9753 211.855 98.1114 97.0568 86.1053 69.6957 118.394 61.6983 59.6578 63.9391 77.9706 59.3625 58.629 58.5438 56.9826 70.2694 56.9356 56.9327 52.7271 74.8607 62.9503 53.2188 52.2571 51.0615 48.1631 46.978 46.452 46.3887 45.6056 44.5115 44 43.8678 42.4658 42.4331 42.346 41.292 40.7195 39.7683 39.7462 39.307 38.88 38.5241 38.5156 38.0714 38.0206 37.3653 36.5085 42.8466 36.2759 36.0365 35.6237 35.1246 34.8388
threshold=0.7379024325749326 19.230000000000008 11.500000000000002 9.1900000000000013 2524.1400000000003 19.500000000000004 314.50000000000006 1.0000000180025095e-35 1.0000000180025095e-35 0 8.5000000000000018 122.00000000000001 5.5000000000000009 238.50000000000003 1 30.000000000000004 43.375000000000007 51.693000000000012 58.500000000000007 7106.1375000000016 4.291666666666667 18.000000000000004 21.500000000000004 1.0000000180025095e-35 100.50000000000001 358.00000000000006 16040.242500000002 2 11.500000000000002 1624.6400000000003 11583.450000000003 558.54000000000008 1.0000000180025095e-35 15.500000000000002 39.500000000000007 319.77000000000004 15.500000000000002 60.500000000000007 9200.4750000000004 7.5000000000000009 16.500000000000004 33.500000000000007 14528.610000000001 100.50000000000001 25.500000000000004 3 502.20238095238102 inf 7.5000000000000009 176.50000000000003 inf 321.50000000000006 67.500000000000014 4 0.86607142857142871 -1.0000000180025095e-35 21.500000000000004 3.5000000000000004 217.50000000000003 796.00000000000011 16.500000000000004 7362.0000000000009
decision_type=8 10 10 10 10 2 2 2 8 9 2 2 2 2 9 2 10 10 2 10 10 2 2 2 2 2 10 9 2 10 10 8 2 10 2 10 2 2 10 2 2 2 10 2 2 9 10 8 2 2 8 2 2 9 10 2 2 2 2 8 2 10
left_child=2 3 7 20 12 -5 9 53 -9 16 14 22 17 35 15 32 -7 -3 19 25 36 -10 61 31 -25 27 54 46 29 45 40 44 -11 37 42 49 60 -8 55 -6 -30 -4 -15 -28 -24 -29 57 48 -36 -13 -42 -21 -40 -1 -20 -23 -57 -19 -52 -26 -2 -12
right_child=1 4 41 5 39 6 33 8 21 10 11 13 -14 34 -16 -17 -18 18 26 51 -22 38 23 24 59 -27 43 28 30 -31 -32 -33 -34 -35 47 -37 -38 -39 52 -41 50 -43 -44 -45 -46 -47 -48 -49 -50 -51 58 -53 -54 -55 -56 56 -58 -59 -60 -61 -62 -63
leaf_value=-0.0308333412842169 -0.02081481056295905 -0.0065294734050972232 -0.02633649554415678 -0.0049348147048655124 -0.0026195382328958851 0.00042996430219579645 0.0090223944256728819 -0.01580602695352305 -0.020702172984233904 0.060872661169427036 -0.0073221040506682503 -0.0060236026955554954 0.011659257273531018 0.00046516462833063623 -0.0053227814266839967 -0.02495077815974453 0.010257563650789898 0.0018629412906778751 -0.0078415446157268243 -0.0059553591869957916 -0.015053081299472701 -0.0079764149293342287 2.0900280750034741e-05 0.0047257345384194458 0.01663714624657818 -0.010387902332756507 0.0096887911598107449 0.0045164749528429455 -0.0038317857098884192 -0.017021604931856341 -0.026652134161148294 0.014665108702631725 0.0017355928043469471 0.0014473256600935583 0.0022386221223120936 -0.0085070497902842521 -0.011301780792511828 0.022621268792648346 -0.02671928679627816 0.014957867016441254 0.004708473159421557 -0.015537037483751872 -0.021941260266886291 -0.024145559554689656 0.0098777315129491439 -0.00646005632983878 -0.0099259976627865815 0.017587413911348791 0.014497823665075999 0.00030172243901392524 0.010889760902025423 -0.039186972552066497 0.0023680922429070547 -0.012150768539496272 0.011482122868955707 -0.017820802466652751 0.00032960103705105917 0.021224095299319165 -0.025139354393083478 -0.0071318183552516456 -0.0024998881712633043 0.0096088839512516611
leaf_weight=366.39693261496723 131.18898133561015 620.00987789779902 1471.9055711049587 3667.5036764591932 188.90860529243946 1261.3784686140716 1428.0314259119332 1800.5157927833498 300.76063569262624 19.74617000669241 786.71776723116636 1737.195126991719 2414.0400995910168 2730.0526679381728 2635.8100406806916 580.60507063940167 2060.8910304009914 156.12131464481354 128.14887127280235 617.69938206672668 751.52782362699509 1518.0605703033507 964.92491122707725 4348.8266836851835 82.843295983970165 321.27979226410389 78.866775885224342 1101.6476923301816 543.98574559390545 294.74045421928167 61.710867516696453 1135.5342199131846 130.20103128999472 767.30574518814683 1752.9565380997956 1574.2805476933718 1021.0783819332719 383.31565705314279 192.58375070244074 2236.439799323678 4736.5373792648315 648.18646870926023 106.61728241294622 104.16903136670589 1129.7108002230525 648.42762412875891 76.895213484764099 325.89437217265368 391.19753421843052 3777.0659665390849 2154.8971613794565 44.964214816689491 76.851840060204268 283.13465001247823 2530.3095124959946 170.9746965020895 2165.3606874458492 494.26852251589298 33.637036055326462 988.09088290482759 4361.3718814626336 182.66519814729691
leaf_count=10078 1389 3033 48818 21582 877 7060 7049 36687 5591 123 4018 8978 14700 13792 14823 4630 9927 712 577 2756 10720 20142 4658 20534 417 1395 331 4890 2422 1280 271 4978 659 4281 9240 8350 9173 1868 2719 14183 22105 18857 666 436 5411 2811 349 1480 1739 19245 11232 194 879 6509 13091 2383 24867 2392 170 5001 34809 946
internal_value=-5.57453e-05 0.00188106 -0.0131468 -0.000171464 0.00619956 0.000843171 0.00152072 -0.0100918 -0.00870163 0.000866547 0.000125267 0.00137585 0.00515467 -0.0006825 -0.00805061 -0.017559 0.00650795 0.00408927 0.00455569 0.00337375 -0.00583069 -0.0058077 0.00402799 0.00494207 0.00274814 0.00410046 0.0092477 0.00455323 0.00384753 -0.00208654 0.00546397 0.00862116 0.00987488 0.00879924 0.00268869 -0.00320631 -0.00457115 0.0119111 -0.00471666 0.0135883 0.00573285 -0.0230436 -0.000384424 -0.00959353 0.00533921 0.000437049 0.0135871 0.00621667 0.00448101 -0.00169172 0.00648463 -0.0082659 -0.0184445 -0.0233814 0.010548 -0.00375249 -0.00100571 0.0165866 0.0103248 -0.00527934 -0.00303922 -0.00412511
internal_weight=69797 60802.2 8994.73 41214.5 19587.7 34949.4 31281.9 6874.64 6225.11 28703.2 25380.9 22014.6 17162.4 12395.3 3366.36 730.552 3322.27 14748.3 14128.3 11286.8 6265.17 4424.59 9619.31 8649.93 5419.76 10624.1 2841.49 10302.9 9575.58 2044.82 7530.77 3230.17 149.947 2578.65 5306.72 7088.54 5513.64 1811.35 4123.83 2425.35 7469.06 2120.09 2836.67 183.036 2094.64 1750.08 727.285 2470.05 2144.15 5514.26 6925.07 662.664 269.436 649.532 2658.46 3854.4 2336.34 650.39 2188.53 1070.93 4492.56 969.383
internal_count=515283 337753 177530 237546 100207 181455 159873 109855 93268 146675 129688 109453 85147 63490 20235 5412 16987 70447 67414 52979 56091 56581 45963 40999 25952 50029 14435 48634 45181 8981 36200 15047 782 13198 26917 36573 45371 8917 50990 15060 35929 67675 14458 767 10069 7701 3453 12459 10979 28223 33507 2950 3598 16587 13668 47392 27250 3104 11402 5418 36198 4964
cat_boundaries=0 1 2 3 4 5
cat_threshold=1784 16644 1184 6232 153984
is_linear=0
shrinkage=0.035


Tree=76
num_leaves=63
num_cat=5
split_feature=50 2 34 7 45 22 32 14 22 16 22 18 42 47 14 45 40 41 19 23 7 16 14 4 46 18 38 42 44 18 29 8 44 0 32 14 46 22 17 14 16 47 14 0 29 50 32 14 16 22 22 31 0 18 6 14 52 50 0 5 35 16
split_gain=1361.64 443.833 179.642 177.946 170.913 130.826 110.244 94.5775 92.4621 176.442 102.954 92.8367 77.9934 77.2371 74.8236 67.5459 66.7771 65.8735 59.2216 58.5266 57.044 56.6622 55.1717 54.1084 52.4471 48.0185 49.0438 44.9397 44.366 43.1798 49.913 42.6011 42.4106 53.3936 43.1096 41.7597 40.868 38.47 38.1931 36.3892 46.4145 35.8955 41.2095 35.6327 36.8645 38.4198 34.9301 34.1143 33.7073 33.3148 32.3585 33.192 31.9507 31.8221 37.896 31.8048 31.4994 30.8964 29.5201 29.214 29.1164 28.6336
threshold=0.13416407864995789 259.22500000000008 2.5000000000000004 0.59166666666666679 2.8452380952380958 1.0000000180025095e-35 796.80000000000018 15.500000000000002 13.500000000000002 0 5.5000000000000009 3109.5750000000003 2.5000000000000004 inf 18.000000000000004 7.8333333333333348 13498.380000000003 2808.0000000000005 340.77300000000008 0.68301270189221941 0.61250000000000016 1 21.500000000000004 43.225000000000009 167.63000000000002 13126.262500000003 420.30000000000007 3.5000000000000004 125.49000000000001 741.38916666666671 324.00000000000006 8.5000000000000018 343.40000000000009 67.816666666666819 308.38000000000005 16.500000000000004 104.49000000000002 5.5000000000000009 11444.76 20.500000000000004 2 inf 20.500000000000004 514.84000000000015 207.50000000000003 320.90616680965849 1606.2300000000002 20.500000000000004 3 51.500000000000007 40.500000000000007 1.0000000180025095e-35 1065.3733333333334 7366.4715000000006 167.54700000000005 16.500000000000004 3.5000000000000004 214.52959375918789 67.816666666666819 90.519999999999996 12.500000000000002 4
decision_type=8 10 2 10 10 2 10 2 2 9 2 10 2 8 2 10 10 8 10 2 10 9 2 10 10 10 10 2 10 10 2 2 10 10 10 2 10 2 8 2 9 8 2 10 2 8 10 2 9 2 2 2 10 10 10 2 2 10 10 10 2 9
left_child=3 4 8 50 6 48 7 -2 9 47 29 52 19 16 -7 32 27 39 21 41 -6 58 60 -19 -20 35 -27 43 55 -11 57 -26 33 34 -16 -25 -24 61 -15 40 -4 -9 -43 -10 45 -45 -46 -3 -5 53 56 -52 -12 54 -37 -22 -1 -31 -14 -29 -8 -21
right_child=1 2 17 5 20 14 22 12 13 10 11 -13 18 38 15 -17 -18 23 24 37 28 -23 36 25 31 26 -28 59 -30 30 -32 -33 -34 -35 -36 49 -38 -39 -40 -41 -42 42 -44 44 46 -47 -48 -49 -50 -51 51 -53 -54 -55 -56 -57 -58 -59 -60 -61 -62 -63
leaf_value=0.035105652817334451 -0.0142301418745907 0.0036209616195253349 0.011122559181734605 -0.031957197187078713 -0.014337789551472743 -0.024053403930930257 0.00098900849254570083 -0.0045238865721009807 -0.0016695150626692813 -0.0054206340026559923 -0.0011633003082195058 -0.013692523999067261 0.0038119735492586643 0.0096120426024797999 -0.0036958149803670219 -0.014506352328848083 -0.013061902303776091 0.0071390528851189234 -0.0087512189083384252 -0.016963584726192586 -0.023785674946270541 0.00043901976096848502 -0.011925938411969277 -0.0042885125559566934 0.018399876210115088 -0.027977157817101552 0.011118565405123414 0.0047848745000302574 -0.012650621263930609 -0.026748955142430225 0.0025779712352341257 0.00027652009322418856 -0.014009509250498915 0.0033478465078586326 -0.017272442837154192 0.010479794767897043 0.0049326502457481365 0.0042484183957240971 0.0015031722748538266 0.0087991469639479482 -0.0037714087225195342 -0.0031907872353968132 0.0061564489729612005 0.0021059862261963548 0.011146127606903091 -0.014956321459915309 -8.1624727983507487e-06 0.01449606146713975 -0.013248651742798306 0.021108077722036041 -0.0084671598875285178 -0.023952872749017962 0.0055680113664249159 -0.0063024036982608153 0.02109966863664749 -0.0032137637991997313 -0.025073387398404565 -0.0076181214847342435 0.0089413042671754699 0.012241025965252731 -0.013068158086140022 -0.0009542636223550553
leaf_weight=9.8947082906961423 503.50575142726302 568.97534162178636 342.54778333753347 384.04154280200601 958.57857401669025 346.20334190689027 209.00874771364033 4923.4071544371545 2523.7098807245493 744.36523850820959 1990.2496660351753 550.10448440909386 2448.6512265838683 4082.1538845077157 1272.4042222630233 1129.5589446108788 310.56199701875448 2196.357115149498 800.05887262150645 155.42316365242004 93.120111119002104 2625.2390558868647 248.17548675462604 127.92366069555283 172.50417114049196 63.621272385120392 99.411988489329815 3162.7493303120136 793.57053133100271 421.27117069996893 122.75634557753801 1885.9259043931961 489.47411404550076 1049.2665337156504 369.08596177957952 1132.8651724010706 600.02533229067922 3171.3943926729262 862.20516736805439 1222.0231519937515 921.07914863526821 1381.5481387451291 991.63000919669867 2038.7980635240674 1115.6216998919845 174.58261339366436 496.98342399299145 935.06180941686034 245.36999324522913 1051.0373487770557 370.56790039688349 314.30771184340119 1524.8397087976336 95.691891044378281 649.71085802465677 4275.7157088387758 1646.6513943579048 138.28645916283131 3139.3517389297485 808.28188033401966 1316.0976260136813 796.88612999767065
leaf_count=109 3731 2596 1816 11936 13256 8044 1201 33958 12066 3853 9084 2784 11893 20163 21751 25242 1548 11192 3915 906 1086 12648 1898 611 788 304 622 13894 7012 3091 587 8443 8091 12180 6556 7106 2914 16514 3895 6764 4538 7340 4509 9635 5042 791 2231 4263 6747 7975 9585 8353 6926 571 5052 36195 48478 820 13932 3803 7983 4466
internal_value=-5.48653e-05 0.00166283 0.0046739 -0.0140086 -0.00125115 -0.0104469 1.55086e-05 0.000756844 0.00308363 -0.000258857 -0.00317003 -0.000336073 0.00109296 0.00458485 -0.00841862 -0.00715739 0.00290357 0.00921529 0.00318604 -0.00093634 -0.00650003 0.00469602 -0.00716476 0.0113799 -0.00115266 0.0142693 -0.0042155 0.00338521 -0.00504219 -0.0112614 -0.0176162 0.00180352 -0.00454344 -0.00281691 -0.00675715 0.0152561 -8.24747e-06 0.00239619 0.00819859 0.00449547 0.000329824 -0.00281981 0.000715894 0.00155835 0.00368741 0.000754033 0.00771065 0.0103186 -0.0254135 0.0161108 -0.0220406 -0.0155985 0.00175748 0.0133047 0.0143602 -0.00365759 -0.024693 -0.0220431 0.00668277 0.00630523 -0.0111423 -0.0037701
internal_weight=69590.5 61963.6 30473.8 7626.83 31489.8 5285.4 25368.8 22995.5 22571.6 6995.91 5491.87 4065.19 22492 15575.6 4655.99 4309.79 10631.3 7902.27 11071.7 11420.3 6120.98 8213.24 2373.31 5416.62 2858.49 3220.26 163.033 10320.7 5162.41 1426.68 682.314 2058.43 3180.23 2690.76 1641.49 3057.23 848.201 4123.7 4944.36 2485.65 1263.63 7296.59 2373.18 6349.7 3825.99 2213.38 1612.61 1504.04 629.412 2929.31 2341.42 684.876 3515.09 1878.27 1782.58 4368.84 1656.55 559.558 5588 3971.03 1525.11 952.309
internal_count=515283 348211 153623 167072 194588 100547 137039 123043 107072 34004 27145 18794 119312 73068 81864 73820 49010 46551 51619 67693 57549 38473 13996 33433 13146 22241 926 47462 44293 8351 4498 9231 48578 40487 28307 21315 4812 21886 24058 13118 6354 45807 11849 29765 17699 10426 7273 6859 18683 20704 66525 17938 16010 12729 12158 37281 48587 3911 25825 17697 9184 5372
cat_boundaries=0 1 2 3 4 5
cat_threshold=67272 496 4224 153984 90370
is_linear=0
shrinkage=0.035


Tree=77
num_leaves=63
num_cat=0
split_feature=13 2 4 52 14 22 22 35 3 24 18 22 18 26 14 26 50 15 30 5 29 26 29 14 2 14 18 0 41 26 26 18 26 27 23 45 26 14 19 47 22 3 41 51 29 32 22 35 49 22 19 7 49 5 32 26 3 22 40 27 41 3
split_gain=1290.09 463.301 210.742 181.899 138.912 112.217 111.614 109.959 104.171 91.8095 85.1012 82.4287 79.9404 78.6184 69.8717 93.917 69.1812 108.241 65.8548 65.8 65.2991 60.7974 58.8079 56.5066 54.6612 54.1168 53.553 50.7321 48.1471 47.625 62.8776 60.0949 56.9749 53.807 44.4203 42.9728 42.2377 41.671 39.6248 39.5718 38.0928 56.0896 37.315 36.9383 42.9193 36.597 43.391 36.3778 36.3215 37.4283 35.0306 35.007 33.6464 33.5824 33.3336 32.7623 32.4804 45.3036 35.4723 31.0494 30.8372 30.3177
threshold=0.24568965517241384 65.90000000000002 21.640000000000004 11.500000000000002 15.500000000000002 52.500000000000007 1.5000000000000002 17.500000000000004 10.500000000000002 14.500000000000002 7106.1375000000016 1.0000000180025095e-35 16040.242500000002 177.00000000000003 19.500000000000004 314.50000000000006 88.465417222913899 0.11374547994740296 6.205000000000001 930.5683333333335 358.00000000000006 30.000000000000004 358.00000000000006 15.500000000000002 731.84000000000015 18.000000000000004 11313.973333333333 21.123333333333338 3486.8700000000003 21.500000000000004 122.00000000000001 418.50133333333332 238.50000000000003 3922.4050000000002 -0.6830127018922193 6.8750000000000009 100.50000000000001 16.500000000000004 295.27909090909094 94.700000000000031 12.500000000000002 39.500000000000007 499.85000000000008 13.225658694382433 293.00000000000006 12075.480000000001 8.5000000000000018 8.5000000000000018 15.500000000000002 60.500000000000007 1199.2050000000004 0.82575757575757591 14.500000000000002 32.581666666666685 1525.2800000000004 100.50000000000001 46.500000000000007 20.500000000000004 1.0000000180025095e-35 4.4900000000000011 10048.500000000002 197.50000000000003
decision_type=8 10 10 2 2 2 2 2 2 8 10 2 10 2 2 2 10 10 10 10 2 2 2 2 10 2 10 10 8 2 2 10 2 10 2 10 2 2 10 8 2 2 10 8 2 8 2 2 10 2 10 10 10 10 10 2 2 2 10 10 10 2
left_child=3 4 6 13 -2 10 8 11 -3 37 16 42 24 22 -8 26 20 -18 -13 55 23 59 35 -4 39 -26 29 -9 47 -16 54 -32 40 -34 -25 -1 -14 -5 -29 -7 41 -33 -6 -30 -45 -19 -47 -20 49 -17 -41 -39 -42 -27 -31 -12 58 -58 -15 -10 -36 -57
right_child=1 2 5 9 7 12 14 27 21 -11 19 18 36 56 15 48 17 45 28 -21 -22 -23 -24 34 25 53 -28 38 43 30 31 32 33 -35 60 -37 -38 51 -40 50 52 -43 -44 44 -46 46 -48 -49 -50 -51 -52 -53 -54 -55 -56 61 57 -59 -60 -61 -62 -63
leaf_value=0.0035503046050399858 -0.022604480486275471 0.0008766520032466999 -0.0086125364276957647 -0.032511279908682973 -0.010144793168246119 -0.0024161564721556922 -0.0031936519440059164 -0.017198994445227479 0.028572083636910887 -0.026458258012202005 0.0010981064057511412 -0.017709160659574955 0.011469684531532864 -0.031030074247465889 -0.0058761640315490773 0.0098570995464914921 -0.01792800485210963 0.0066167812454416197 0.0021737546620025669 0.016827027361979566 -0.012784550084697447 -0.024977484953863135 -0.021450162767474978 0.00037573176495438946 0.00072821313396948147 0.0063248661156600251 -0.0082055641985340818 -0.00057642539034696372 0.0031737540936018225 0.0058727065847741337 0.007690522152587251 -0.0022610555186034116 0.00077819034749494948 0.010064667689503912 0.0067188539336767014 -0.0094210851301085499 -0.01745201363461428 -0.018088558183224229 -0.010994505456937094 0.012139775365971498 -6.506850545254891e-05 -0.022195318044241734 -0.033063548930563472 -0.0032189218636914222 0.0047677021656855273 0.00018199593447406807 0.016522257123415041 -0.0053532790842426691 0.0023749961492514119 0.023685066788208163 -0.0073376857037798678 -0.0099078905798318136 -0.0084319246655094673 0.021452196919850931 -0.00022212936489775058 -0.010771851134796503 -0.025882723609573634 -0.011588780881044322 -0.0042522984463839123 -0.017767674195163743 -0.021082561973349564 -0.032709782591762299
leaf_weight=1084.3196820747107 441.40158179216087 598.00722653605044 377.71001011133194 157.83735854551196 500.10982015170157 318.67061553150415 2778.6552826166153 733.65226684138179 42.108669919893146 1278.5548961311579 220.90994174033403 281.03244256973267 95.635071903467178 65.796284228563309 839.72881472483277 1210.6094077844173 159.5791223347187 1142.0048926174641 1023.4986642058939 131.10431624948978 271.11275655776262 464.32673787884414 176.99724671058357 1835.2591470181942 214.69602061063051 208.12353591620922 613.73065771535039 816.79905804619193 4341.5929619707167 7062.1102359220386 1397.0747584365308 455.84340626001358 3192.7458895836025 1003.9559061806649 6701.0454702600837 438.58440686017275 171.34028533101082 1284.737535038963 987.73619550839067 1779.4097308665514 4091.7359348423779 277.83630323410034 104.87150596082211 3491.3002414144576 1077.9477524608374 226.20266734063625 1660.3718054890633 3389.7185671254992 591.34314153343439 299.24018901586533 120.14587537944317 1288.1244822461158 686.74071450531483 1368.8489755764604 1301.7700980640948 391.71870967745781 393.40066831000149 884.58567221090198 659.71393918991089 29.188942071050406 48.288742296397686 95.777706533670425
leaf_count=11199 6596 3543 1640 3699 5923 1472 15356 11003 356 40915 1006 4796 409 2079 3980 5668 807 6081 7941 767 1191 6088 2992 9032 1108 1116 3315 6222 29225 33006 6530 2169 15324 4886 32483 7898 729 30311 7066 8944 19243 1702 2175 22939 6556 1103 10434 28291 3413 1403 638 21405 3936 9845 6211 1832 6436 13033 9033 152 220 412
internal_value=-5.39999e-05 0.00163401 0.00352006 -0.0135484 -0.0032457 0.00650583 0.00157593 -0.00273418 -0.00916796 -0.0187141 0.00491523 -0.00153529 0.0114354 -0.00795257 0.00204828 0.00268101 0.0056442 0.0100889 -0.000972655 -0.00586463 0.00410858 -0.0203632 -0.00241414 0.00462098 0.0126701 0.0172179 0.00197237 -0.00944292 -0.000618344 0.00228033 0.0026324 0.000906166 -7.0774e-05 0.00300162 0.00520417 -0.000189085 -0.00708763 -0.0150799 -0.00628183 0.00899073 -0.00241007 -0.00982987 -0.0141657 0.000862334 -0.00133414 0.0115706 0.0145642 -0.00360754 0.00973316 0.0126116 0.0109046 -0.0139983 -0.00126903 0.019461 0.00492418 -0.010082 -0.0126482 -0.0160057 -0.00672013 0.00961743 0.00651685 -0.0151401
internal_weight=69377 61664.4 44474.7 7712.65 17189.7 17538 26936.8 16748.3 1133.63 4009.25 13261.1 14210.1 4276.87 3703.4 25803.1 23024.5 12421.6 3188.16 13605.1 839.511 9233.42 535.624 1699.9 8962.3 4009.89 1791.67 20923.3 2538.19 13324.1 20309.5 19469.8 11105.9 9708.86 4196.7 8584.59 1522.9 266.975 2730.7 1804.54 2218.23 5512.16 733.68 604.981 8910.84 4569.25 3028.58 1886.57 4413.22 2101.19 1509.85 1899.56 2572.86 4778.48 1576.97 8363.88 708.406 2003.5 1277.99 725.51 71.2976 6749.33 487.496
internal_count=515283 366283 227550 149000 138733 91269 136281 132137 10139 96330 67008 107846 24261 52670 126142 110786 62991 18425 99748 4017 44566 6596 22089 43375 23123 12069 100302 24291 94952 96987 93007 53790 47260 20210 41735 19097 1138 55415 13288 11054 27050 3871 8098 58720 29495 17618 11537 36232 10484 7071 9582 51716 23179 10961 39217 3250 30581 19469 11112 508 32703 2244
is_linear=0
shrinkage=0.035


Tree=78
num_leaves=63
num_cat=2
split_feature=50 2 24 22 3 13 32 22 40 4 26 2 16 22 2 18 14 18 42 26 32 14 47 40 11 22 9 26 48 14 22 43 41 46 1 37 18 14 32 22 26 14 14 40 31 11 37 44 32 48 35 1 40 16 22 3 40 44 20 17 30 35
split_gain=1216 371.49 206.675 160.248 151.394 149.184 115.503 112.226 102.115 96.9663 91.0335 89.849 86.7881 161.605 110.507 85.9184 83.9162 68.8153 65.4144 62.641 54.5002 54.0715 52.927 47.9458 47.5507 44.1645 43.9 43.898 59.2825 43.8079 43.398 41.6853 40.9399 40.8854 39.5883 39.2967 38.2996 37.4666 36.8984 36.6852 35.689 35.207 34.1297 33.4468 33.3521 33.1152 32.8644 32.8273 32.6726 32.213 32.4849 38.4672 34.7976 32.4814 32.1064 62.63 32.3993 35.4699 31.6735 31.5371 30.9074 30.7832
threshold=0.7379024325749326 277.50000000000006 11.500000000000002 39.500000000000007 78.500000000000014 0.35147058823529415 796.80000000000018 23.500000000000004 1.0000000180025095e-35 43.225000000000009 122.00000000000001 1.0000000180025095e-35 0 8.5000000000000018 1431.1800000000001 13126.262500000003 15.500000000000002 741.38916666666671 2.5000000000000004 253.50000000000003 3780.2400000000002 21.500000000000004 1880.3700000000001 5780.1300000000001 86.400000000000077 3.5000000000000004 155.31000000000003 100.50000000000001 9.5000000000000018 18.000000000000004 16.500000000000004 1.5000000000000002 1230.1450000000002 24.490000000000006 74.54000000000002 5670.0000000000009 12193.958095238097 22.500000000000004 434.2050000000001 59.500000000000007 345.50000000000006 18.000000000000004 18.000000000000004 4480.3433333333351 1.0000000180025095e-35 736.0100000000001 7362.0000000000009 110.09500000000001 1825.8050000000003 2.5000000000000004 1.5000000000000002 1302.2 1345.6533333333339 1 7.5000000000000009 42.500000000000007 1011.6733333333334 343.40000000000009 40.729350596345164 9299.5200000000023 4.285000000000001 12.500000000000002
decision_type=8 10 10 2 2 10 10 2 10 10 2 10 9 2 10 10 2 8 2 2 8 2 10 10 8 2 8 2 2 2 2 2 8 8 8 8 10 2 10 2 2 2 2 10 2 10 8 10 10 2 2 8 10 9 2 2 10 8 10 10 10 2
left_child=2 5 8 4 12 20 16 10 -1 27 38 42 25 17 32 33 -7 -14 34 -12 31 61 35 45 -22 -3 -16 -5 48 -13 -4 -2 -15 -11 47 -20 54 -23 -6 -35 49 -41 -10 -28 -32 -9 -17 -18 -29 -36 -51 -52 53 -53 55 -31 -56 -58 59 -34 -44 -8
right_child=1 3 30 9 7 6 21 23 11 15 19 29 13 14 26 46 18 -19 22 -21 24 37 -24 -25 -26 -27 43 28 -30 36 44 -33 58 39 40 -37 -38 -39 -40 41 -42 -43 60 -45 -46 -47 -48 -49 -50 50 51 52 -54 -55 56 -57 57 -59 -60 -61 -62 -63
leaf_value=-0.028122720489761516 -0.015600230208887945 0.0039574409440189971 -0.027001567309171453 0.010816068964325179 0.0059797601718852497 -0.013221928130317775 0.0015090448206746254 0.0012341362323695715 -0.028784646475159732 -0.012877238633664691 -0.027895287218269248 -0.01909703073007216 0.0006174125673564986 -0.0014401694555861858 0.0058428134561101649 -0.056778682947113628 -0.0015939075389753213 -0.010143616067254698 0.0022571757836174311 -0.0092078251713231408 -0.00046034768997424994 0.0072784978587690438 -0.01375910682516061 -0.011922826815512136 -0.011657040617688196 0.01683701859105536 0.016665152877028459 0.0021789982902572832 0.0099769474030018367 -0.0036454091093256406 -0.010837141748816323 -0.0065477137322749891 0.0031568060397694042 0.010931766498834278 -0.0058162140506359131 0.0069824212867454554 -0.023206800843384088 -0.0072170612754595756 -0.009516875426572367 0.0047173991606952086 0.01963104779526809 0.019861734658055283 -0.021848046495790183 0.0049130293244567212 -0.024241043690803335 0.013056202770914647 -0.0033224231978452538 -0.0089455301963012566 -0.010531417884945056 -0.011602606444813987 0.00038007036519464859 0.0180729976655047 0.011818569634145938 -0.0020590311592161657 0.0059017907586988456 -0.022360847180078535 -0.0019653424658189742 -0.012896295178982282 0.0083088325942071457 -0.022936213774515966 -0.010600713107127497 -0.012795954655722761
leaf_weight=335.91789538785815 915.52297569997609 489.19601049646735 1065.3634273074567 1363.9193301200867 404.28020988404751 497.60532722622156 212.72829108312726 2413.270685762167 188.5601807795465 68.273953899741173 404.68872564658523 275.4673765823245 1908.3646467719227 1728.650589607656 1181.186278924346 13.872273489832876 4002.0485721360892 1175.817368183285 8207.7687308117747 482.68772382847965 2365.5004151798785 433.22564144805074 221.06447888165712 306.2711496129632 577.23755677603185 982.05081959068775 1555.8681890740991 2961.9620929658413 1295.2256163358688 707.8591441847384 531.46151808090508 1956.2549694813788 3349.611636146903 1889.7925983592868 769.68861613795161 2923.9249784350395 131.74552924185991 438.52183521538973 350.45853018015623 215.33954185992479 125.77261389419436 1523.6353593692183 385.44414778053761 367.79469865560532 400.62073126807809 328.9820169582963 271.10320611298084 913.17175318859518 269.35620306432247 210.16294397413731 3495.8076538518071 106.3290878534317 839.59256574511528 593.29394121468067 495.31029142066836 316.51945069432259 2072.7702208571136 440.15972000360489 1950.8647117465734 56.731230102479458 1353.2635666169226 1367.3605034742504
leaf_count=11558 11498 2372 38480 6323 1881 3657 1207 11333 4829 309 2528 5268 9205 7980 5564 58 25180 6238 38314 2553 19347 2113 1096 1500 5071 4806 9265 14139 6186 8566 16488 18085 15539 11610 4635 13488 1730 2758 1623 1082 679 10357 9902 2051 12707 1909 1158 7286 1265 1066 18696 475 3711 2706 5640 4631 24765 5685 9394 290 27281 8167
internal_value=-5.29695e-05 0.00170703 -0.0122865 0.00453583 0.00269116 -0.000952744 0.000206752 -0.00278528 -0.00933932 0.00816694 -0.0101586 -0.00834407 0.00443325 0.00352902 0.00565602 0.0123855 0.00097967 -0.00348709 0.00129561 -0.0177521 -0.00600866 -0.00701168 0.00316162 0.00118848 -0.00265987 0.0124754 0.0111611 0.00531353 0.00365351 -0.00560261 -0.022167 -0.00943808 0.0032426 0.0138127 -0.00062063 0.00349886 -0.00470561 -1.3229e-05 -0.00121908 0.0143183 0.00125309 0.0179902 -0.0146534 0.0144219 -0.0166181 0.00265665 -0.00611406 -0.00296127 0.00111655 0.000865599 0.00184702 0.00241061 0.00701904 0.00125064 -0.00409557 -0.0094444 -0.00227163 -0.00388435 0.00475361 0.00271563 -0.0131052 -0.0108703
internal_weight=69182.3 60481.8 8700.46 29309.3 19436.8 31172.6 25358.1 4690.64 6703.02 9872.48 1642.12 6367.1 14746.1 13274.9 10190.7 3982.02 22906.2 3084.18 22408.6 887.376 5814.52 2451.84 11352.8 3048.52 2942.74 1471.25 3104.85 5890.46 4526.54 4439.83 1997.45 2871.78 7085.86 3697.04 11055.9 11131.7 4164.36 871.747 754.739 3628.77 6140.65 1738.97 1927.27 1923.66 932.082 2742.25 284.975 4915.22 3231.32 6014.87 5245.19 5035.02 1539.22 699.623 4032.62 1024.38 3008.24 2512.93 5357.21 3406.34 1738.71 1580.09
internal_count=515283 337753 177530 148518 96031 189235 135234 23327 109855 52487 8585 98297 72704 65526 50083 24574 120989 15443 117332 5081 54001 14245 52898 14742 24418 7178 16880 27913 21590 56285 67675 29583 33203 23358 64434 51802 51017 4871 3504 23049 31968 11439 42012 11316 29195 13242 1216 32466 15404 31289 26654 25588 6892 3181 49287 13197 36090 30450 25223 15829 37183 9374
cat_boundaries=0 1 2
cat_threshold=1664 1160
is_linear=0
shrinkage=0.035


Tree=79
num_leaves=63
num_cat=4
split_feature=13 2 42 52 14 17 2 0 16 24 8 44 14 26 26 8 37 27 16 29 26 23 31 27 40 27 35 49 21 49 14 46 39 40 45 41 41 14 48 23 9 16 4 3 7 19 32 15 16 41 26 29 1 27 4 27 51 26 40 12 26 19
split_gain=1152.07 411.3 179.578 171.51 135.727 120.611 121.336 112.372 104.786 90.187 84.6352 80.8444 77.7815 101.247 74.5699 74.2515 59.0598 58.7981 56.8454 55.8861 55.5616 87.956 74.0083 56.1267 63.904 50.9827 49.9232 48.5901 44.2253 43.1119 41.1141 40.611 44.1912 40.2103 39.5683 37.9523 37.299 36.9271 35.0909 44.6948 34.7165 34.5495 33.7169 33.5447 33.5276 33.2858 32.4871 33.9298 31.5986 35.0629 31.4832 40.8074 33.2918 31.3737 30.8751 30.1782 29.6586 29.6492 29.4109 29.1631 28.4628 28.4457
threshold=0.24568965517241384 102.69000000000001 5.5000000000000009 11.500000000000002 15.500000000000002 1.0000000180025095e-35 1681.7400000000005 9.0516666666666499 0 14.500000000000002 15.500000000000002 72.060000000000016 19.500000000000004 314.50000000000006 177.00000000000003 20.500000000000004 inf 1.0000000180025095e-35 1 358.00000000000006 100.50000000000001 0.68301270189221941 1.0000000180025095e-35 1167.1850000000002 10150.380000000003 1.0000000180025095e-35 15.500000000000002 14.500000000000002 30.310000000000006 16.500000000000004 16.500000000000004 1836.1600000000003 340.01000000000005 1850.3666666666666 6.8750000000000009 745.84000000000015 2286.7900000000004 20.500000000000004 11.500000000000002 0.68301270189221941 420.49000000000007 2 47.205000000000005 274.50000000000006 0.82575757575757591 233.70000000000002 643.72500000000025 0.0879778393351799 3 154.94000000000003 91.000000000000014 333.50000000000006 129.46000000000004 9261.9000000000015 43.225000000000009 48.645000000000003 26.892427034718185 122.00000000000001 16178.610000000002 2.1275000000000008 100.50000000000001 1090.3275000000003
decision_type=8 10 2 2 2 8 10 10 9 8 2 8 2 2 2 2 8 10 9 2 2 2 2 10 10 10 2 10 10 10 2 8 8 10 10 8 10 2 2 2 10 9 8 2 10 10 10 10 9 8 2 2 10 10 8 10 8 2 10 10 2 10
left_child=3 4 5 14 -2 25 8 26 37 30 17 18 54 15 19 20 35 -9 -12 34 21 -14 23 36 27 -3 43 28 57 -15 -5 32 33 -23 -1 -8 -22 55 39 48 61 -16 -18 59 -32 -39 47 -37 49 -19 51 52 -13 -26 -10 -7 -17 -25 -24 -6 -41 -4
right_child=1 2 40 9 7 6 16 10 12 -11 11 50 13 29 41 56 42 38 -20 -21 22 31 58 24 53 -27 -28 -29 -30 -31 44 -33 -34 -35 -36 46 -38 45 -40 60 -42 -43 -44 -45 -46 -47 -48 -49 -50 -51 -52 -53 -54 -55 -56 -57 -58 -59 -60 -61 -62 -63
leaf_value=0.003616534213940694 -0.020222352125008884 -0.028048287559695417 0.011729072151732642 -0.032191254053680167 -0.016664654366408758 -0.0075950641177102577 -0.0032462113075437823 -0.012476113192446046 -0.0060092904193178301 -0.025953528242020147 0.0027530223903145558 -0.0084185095283746264 -0.0061983965459882521 0.011731150984370307 -0.0023330037771051595 0.0022848764767024582 0.0066224345052050227 -0.020394768855122095 -0.0098999345882287478 -0.020933113406802737 -0.0014030216721839606 0.0025272749747660538 -0.0046535041466708379 0.01292847874977167 -0.022523366655749378 -0.0055815096417919808 -0.017046919671159112 -0.0038015183060414078 0.0091255848061769871 -0.00029067471147096519 -0.017458641377394037 0.015100054006616426 -0.0090822287594766824 0.0085463360027540937 -0.0089074882978311433 0.0029076326112714474 -0.016534653636742346 0.0025008998142480345 0.0078592750297319502 0.0044756222224021291 0.016300599372177909 -0.014367895847656255 0.018637650521380351 0.0095484033030622806 -0.00935981262842887 0.01502410633655404 0.00071753134704586642 0.011326010435718121 0.00065884890139459586 -0.0030958506206649429 -0.01251523023905908 -0.014932677072062179 0.0079127966030094581 -0.0032877110401007799 0.0011230140376021749 0.0070478248811903389 -0.007265471886253377 0.0025440631064689401 -0.034514189120298563 -0.0053470751963368805 -0.0048478651414227856 0.0042378156910879124
leaf_weight=1082.493676578626 511.02754487842321 190.29592309892178 1588.17708029598 150.58811749517918 328.16679124161601 221.50013793632388 487.3346289023757 409.77687778882682 2078.0678087472916 1222.3893672619015 1798.5690343864262 269.07410781644285 799.96146179735661 1828.0573231875896 378.61352563276887 540.3314858302474 435.95342488586903 150.60119594633579 561.60781328380108 172.38788339681923 2131.5852488446981 2433.762926639989 1979.2742760255933 361.06681062281132 122.57366961799562 352.22060654684901 627.771050196141 846.53298609517515 2264.2043714150786 456.59375427849591 1247.1948332022876 560.62720433063805 251.61093006469309 3082.8869119938463 431.33329047076404 828.7094322219491 219.19774699769914 329.3852503746748 846.13866282254457 3613.0101208928972 1066.7693191468716 1589.9281233232468 840.11577046662569 158.98833633027971 1266.5639087166637 1241.1967470627278 758.19476883672178 2012.719651132822 4702.0763060897589 2714.349028956145 1501.5730757210404 296.69029606878757 351.47662588208914 654.71097964979708 1156.983351636678 766.25438625365496 1510.500428263098 4847.6413376145065 40.279905427247286 1842.5879731532186 450.35122053697705 1021.8539460301399
leaf_count=11199 7256 4137 8480 3699 6029 1069 2340 4250 11431 40915 11302 2343 3723 8608 5719 2767 2099 1052 4138 2992 10089 11157 9646 1676 630 1803 10909 4454 11399 2524 30311 2599 1239 14429 7898 4306 1287 1534 5148 19515 7749 24862 5188 2159 21405 5754 3829 11301 28289 17885 13070 1928 1994 3194 5358 3526 7304 23049 194 20423 2737 5984
internal_value=-5.1819e-05 0.00153292 0.00360644 -0.0129612 -0.00242177 0.00286611 0.0031125 -0.00197972 0.00226445 -0.0180792 -0.00092238 -0.00489999 0.00164565 0.00230879 -0.007515 0.00160014 0.00796967 0.000553015 -0.000290955 -0.00211121 0.00223259 0.00473094 0.000909828 0.0019997 0.00324548 -0.0134992 -0.00829275 0.00414228 0.00504254 0.00932948 -0.0144581 0.00611315 0.00523724 0.00589187 4.45518e-05 0.00591479 -0.00282039 0.00903219 0.000981907 0.000480929 0.0109793 -0.0121404 0.0145412 -0.00592756 -0.0133834 0.012401 0.00715561 0.00887266 -0.00110901 -0.00399805 -0.00939531 -0.00427977 0.000829304 -0.00634611 -0.00345894 0.00375985 -0.00474936 0.00326625 -0.00526586 -0.00706491 0.00344134 0.00879891
internal_weight=68982.5 61441 40307.1 7541.49 21133.8 36630.3 36087.8 20622.8 30724.8 3886.74 17665.3 4778.99 28166.5 24931.4 3654.76 22646.7 5363.03 12886.3 2360.18 1686.21 20595.9 7128.85 13467.1 11447.5 9096.73 542.517 2957.51 8319.45 7472.91 2284.65 2664.35 6328.89 5768.26 5516.65 1513.83 4086.96 2350.78 2558.34 12476.5 11630.4 3676.8 1968.54 1276.07 2329.74 2513.76 1570.58 3599.62 2841.43 7567.03 2864.95 2418.81 917.241 620.551 777.285 3235.05 987.755 2050.83 5208.71 2019.55 2170.75 4063.36 2610.03
internal_count=515283 366283 205856 149000 160427 183643 177703 153171 148640 96330 113651 34775 136757 119968 52670 108836 29063 78876 15440 22089 98765 33147 65618 55778 44402 5940 39520 40578 36124 11132 55415 29424 26825 25586 19097 21776 11376 11883 74626 69478 22213 30581 7287 28611 51716 7288 19436 15607 47226 18937 19335 6265 4337 3824 16789 4595 10071 24725 9840 26452 22252 14464
cat_boundaries=0 1 2 3 4
cat_threshold=1704 4544 132221 153614
is_linear=0
shrinkage=0.035


Tree=80
num_leaves=63
num_cat=0
split_feature=13 2 34 52 17 14 35 24 14 26 26 23 17 2 27 26 14 18 1 7 8 46 29 27 35 51 41 0 29 14 27 32 23 41 1 41 14 45 41 11 2 26 14 1 47 2 19 23 13 51 40 3 27 18 39 18 39 2 37 46 19 49
split_gain=1084.81 385.266 184.196 165.52 126.813 122.831 91.9132 89.0542 74.6301 91.9973 89.9012 97.02 77.7419 74.3503 70.9708 70.718 68.2134 66.7662 59.0343 57.1276 55.5549 54.641 53.1165 51.2084 50.1527 61.7734 48.2428 47.3175 44.6801 55.6672 56.4993 50.4241 47.9607 43.6777 43.3825 42.4395 40.4543 37.0308 36.4528 35.376 34.6029 34.0036 38.3108 33.2753 32.903 32.8659 32.6444 32.3228 31.7835 31.1489 31.3954 39.0772 30.4172 30.1897 28.7969 28.6305 42.6629 28.4386 28.3913 27.9809 28.6531 27.8991
threshold=0.24568965517241384 64.120000000000019 2.5000000000000004 11.500000000000002 1.0000000180025095e-35 15.500000000000002 17.500000000000004 14.500000000000002 19.500000000000004 314.50000000000006 100.50000000000001 0.68301270189221941 279.41500000000008 2524.1400000000003 1.0000000180025095e-35 177.00000000000003 21.500000000000004 11313.973333333333 30.750000000000004 0.68333333333333346 20.500000000000004 1295.1400000000003 358.00000000000006 1.0000000180025095e-35 8.5000000000000018 28.795934888463918 1003.62 21.123333333333338 115.50000000000001 21.500000000000004 134.32500000000002 319.77000000000004 0.25000000000000011 2927.3200000000002 7369.5200000000004 1490.6650000000002 16.500000000000004 6.8750000000000009 499.85000000000008 385.8300000000001 1.0000000180025095e-35 39.500000000000007 16.500000000000004 inf inf 1.0000000180025095e-35 295.27909090909094 -0.5 0.8973684210526317 55.131295558820192 1.0000000180025095e-35 46.500000000000007 946.50000000000023 8012.9558333333334 11.890000000000002 3625.7600000000007 259.22500000000008 5287.3200000000006 163.68000000000004 102.16000000000001 289.57916666666671 15.500000000000002
decision_type=8 10 2 2 8 2 2 8 2 2 2 2 10 10 10 2 2 10 8 10 2 8 2 10 2 8 10 10 2 2 10 10 2 10 10 8 2 10 10 10 10 2 2 8 8 10 10 2 10 10 10 2 10 10 8 10 8 10 10 10 10 10
left_child=3 5 4 15 23 -2 14 36 57 10 11 53 33 16 38 22 41 20 -11 -16 28 55 37 -3 26 35 -21 -8 44 30 -30 47 43 -12 48 -26 -5 -1 -7 -19 -37 -4 -43 54 -14 -38 -29 -32 -18 50 -17 -52 -15 -10 -31 -13 -57 -6 -46 -33 -61 -20
right_child=1 2 13 7 8 6 27 -9 9 18 12 21 17 52 19 49 34 39 61 24 -22 -23 -24 -25 25 -27 -28 46 29 32 31 59 -34 -35 -36 40 45 -39 -40 -41 -42 42 -44 -45 58 -47 -48 -49 -50 -51 51 -53 -54 -55 -56 56 -58 -59 -60 60 -62 -63
leaf_value=0.0034808174753759918 -0.02184646882730687 -0.027404587693824582 -0.0053893915960670346 -0.031979538928321234 -0.0026838428002380343 -0.0093855205832084117 -0.016384624143069664 -0.025671805368839042 -0.0079962352367370423 -0.0078511940789459632 0.0079734392659708535 0.0032308098428017631 0.0027662609501301829 -0.0021450464452120914 -0.0065473808766582636 -0.032007861824448057 0.0057094417542884607 -0.019372313342801574 0.012765289615272169 0.0010181006902051041 -0.0056788524387913746 0.011901963436339395 -0.020572553759910239 -0.0063469711732021443 -0.0046353667651490927 -0.0064136993432101072 0.010188869906669314 -0.00049242173948968514 -0.029419248879181042 -0.0055141929377852464 -0.0066991559440590922 -0.019976057161471213 0.0094656472632153616 -0.038644222643895804 -0.046964737505997223 -0.0073329713655908317 -0.017925763091277962 -0.0086637373310524575 -0.032633466264728378 -0.003938609771391475 0.0033824867250544749 -0.0046975774335316772 0.005681277163063536 0.013571826985244617 -0.014007486334011743 -0.0097196461142924837 -0.01006165273274778 0.0017082783144355901 0.012997281342842499 -0.02227174424272154 -0.0015348515742350691 -0.013013686909514502 0.017414518000160965 0.013194544814274704 0.0018938576949497396 0.0094654206267835456 -0.0054617424418415706 0.021661841626488178 0.012792331272806167 0.011664375400768414 -0.0075909849123495313 0.0040655172518644957
leaf_weight=1085.3230619803071 413.27922787703574 215.28563125617802 443.75145032256842 146.36097790300846 3811.7608549166471 487.74285472370684 711.27398533374071 1193.0821791756898 832.41726398840547 230.80900276638567 1892.61124352552 5010.1602915693074 2861.83276797086 106.92609512060881 1899.659078836441 74.596913246437907 1110.5630368292332 307.50837962143123 1848.8426414411515 2747.3706343397498 1625.7160704955459 1585.0275854207575 169.34177468530834 411.46870579198003 1483.5743840988725 2292.5258646272123 943.28702834993601 804.83352547697723 93.716222049668431 883.94958635419607 696.58805725537241 200.58792667835951 1005.82509316504 23.970349717885256 15.186421796679495 410.22722547128797 1012.0650464519858 428.03483183868229 98.90875387378037 445.04846156388521 3613.0488977581263 480.27265493571758 4619.9081727564335 231.63595093041658 51.174155682325363 1472.9639587979764 954.05146627500653 2842.5951256640255 2169.9232936277986 296.74901703372598 567.4183113053441 1010.3735605962574 1068.5259058400989 90.483552739024162 2348.1020164061338 2174.0659632962197 262.24533000774682 58.705568144097924 706.5126760751009 103.53785207495093 1011.9792633019388 598.99744682572782
leaf_count=11199 6533 4730 2028 3699 20264 5902 11003 40915 4008 1539 8887 23174 13638 644 22831 2544 5282 1676 8532 15454 8152 7621 2992 2144 11927 15905 5845 6170 726 4266 3418 1236 4820 183 91 4610 26517 7898 2159 2096 22268 2114 25428 1166 231 25199 6948 13750 13130 4413 7953 15671 8167 452 11426 10207 1332 282 3334 546 4895 3113
internal_value=-5.0906e-05 0.00148154 0.00318932 -0.0126558 0.00197502 -0.00302371 -0.00254942 -0.0177372 0.00226414 0.00285489 0.00224709 0.00489784 0.000724543 0.00736727 -0.00144913 -0.00730155 0.00626622 -0.000102125 0.00904339 -0.000926582 0.000419976 0.00600245 -0.00204319 -0.0136122 3.19889e-06 -0.00158743 0.00336416 -0.00877181 0.00118082 -8.94446e-05 -0.00264629 -0.00212357 0.00274166 0.00737055 0.0102535 0.000422562 -0.0141312 4.24254e-05 -0.013354 -0.0102624 0.00228835 0.00389453 0.00470319 0.000786904 0.00448534 -0.0130676 -0.00568572 5.20879e-05 0.0105326 -0.0118377 -0.00995158 -0.00888916 0.015635 -0.0059066 -0.000133285 0.00474527 0.00785707 -0.00230908 0.0109662 -0.00796981 -0.00579493 0.0106389
internal_weight=68794.3 61338 44478.2 7456.31 34463.2 16859.8 16446.5 3824.47 33836.4 29965.9 27287.3 9954.4 17332.9 10015.1 13976.3 3631.84 8839.61 15416.3 2678.65 13389.7 14663.8 9031.5 1682.7 626.754 11490 7799.38 3690.66 2470.16 13038 9418.52 4949 4855.29 4469.51 1916.58 3295.67 5506.85 2631.39 1513.36 586.652 752.557 4023.28 5543.93 5100.18 3463.69 3619.52 2485.03 1758.88 3539.18 3280.49 1949.14 1652.39 1577.79 1175.45 922.901 3232.05 7446.47 2436.31 3870.47 757.687 1316.11 1115.52 2447.84
internal_count=515283 366283 228728 149000 171844 137555 131022 96330 164970 144424 131240 46794 84446 56884 106901 52670 48073 75376 13184 98840 71604 42334 22089 6874 76009 54710 21299 24121 63452 46249 24571 23845 21678 9070 18503 38805 55415 19097 8061 3772 26878 29570 27542 16858 17203 51716 13118 17168 18412 30581 26168 23624 8811 4460 15692 34713 11539 20546 3565 6677 5441 11645
is_linear=0
shrinkage=0.035


Tree=81
num_leaves=63
num_cat=4
split_feature=50 2 0 22 22 3 45 32 22 5 26 14 16 22 2 23 14 18 45 18 26 26 26 41 14 22 26 7 16 18 26 3 27 41 27 41 2 22 44 16 2 19 14 48 22 46 37 1 47 44 18 29 14 7 44 20 37 7 37 25 17 16
split_gain=1023.78 309.228 194.472 147.301 141.754 139.59 135.611 103.493 102.524 85.8103 83.1155 82.6391 77.0361 148.212 97.6124 71.6969 105.938 69.9241 63.321 62.7975 57.0192 51.5484 66.5456 50.7284 48.6525 47.6744 46.3827 44.7638 44.3864 44.2183 44.0452 43.9427 43.1077 41.6645 41.2707 42.5376 40.8794 40.8201 40.7312 40.5775 39.8539 79.4911 42.2251 35.9907 35.7882 35.4082 34.3414 34.188 35.0147 34.4937 34.125 33.4429 32.9659 32.1588 31.8815 31.7341 31.8142 30.9646 29.4378 29.4192 32.1244 29.1488
threshold=0.7379024325749326 277.50000000000006 1.9200000000000015 39.500000000000007 1.0000000180025095e-35 78.500000000000014 2.8452380952380958 796.80000000000018 23.500000000000004 46.081666666666685 122.00000000000001 16.500000000000004 0 8.5000000000000018 1553.1400000000003 0.68301270189221941 20.500000000000004 13126.262500000003 7.5833333333333348 741.38916666666671 253.50000000000003 131.50000000000003 299.50000000000006 2391.7700000000004 21.500000000000004 2.5000000000000004 91.000000000000014 0.6515151515151516 1 9200.4750000000004 100.50000000000001 274.50000000000006 1.0000000180025095e-35 1230.1450000000002 8771.5800000000017 5892.6600000000008 217.52000000000004 3.5000000000000004 125.49000000000001 2 690.5200000000001 1326.1875000000002 18.000000000000004 9.5000000000000018 44.500000000000007 15.850000000000001 4156.8300000000008 42.070000000000014 3294.0050000000006 45.005000000000003 946.62333333333333 207.50000000000003 22.500000000000004 0.95833333333333337 109.30500000000002 40.729350596345164 9739.260000000002 0.78888888888888908 6351.9350000000013 50.289523809523814 234.61500000000004 3
decision_type=8 10 10 2 2 2 10 10 2 10 2 2 9 2 10 2 2 10 10 8 2 2 2 8 2 2 2 10 9 10 2 2 8 8 10 10 10 2 10 9 10 10 2 2 2 8 10 10 10 8 10 2 2 10 10 10 10 10 8 8 8 9
left_child=2 6 44 5 28 12 7 15 10 30 50 -6 37 19 33 16 23 40 29 -14 -12 -18 32 -2 61 -17 46 -8 -4 36 -5 34 -23 -15 35 -10 39 -3 -29 -13 41 53 -42 -32 -1 -34 -27 49 -49 -24 -7 -41 -26 -11 -47 56 -35 -25 -44 -16 -61 -9
right_child=1 3 4 9 11 8 27 24 31 17 20 18 13 14 59 25 21 -19 -20 -21 -22 22 47 57 52 26 -28 38 -30 -31 43 -33 45 55 -36 -37 -38 -39 -40 51 42 -43 58 -45 -46 54 -48 48 -50 -51 -52 -53 -54 -55 -56 -57 -58 -59 -60 60 -62 -63
leaf_value=-0.02353560796957313 -0.0084507540524359371 0.0034606444011446944 -0.031489087378516495 0.010145033664099025 -0.027094697615364125 0.025476143215130441 -0.013141618018078689 -0.011814159037827031 0.0012361528847576529 -0.0089679200102518938 -0.027047143718241805 -0.011327912267191421 0.00038786633187217617 -0.0014908661279444647 0.004109774859116691 -0.0046508434244370307 0.011662832576190789 -0.0031839458411069073 -0.012615950046324079 -0.0099105386041380243 -0.0091300150990868949 -0.020099314499374403 0.0071803435561506963 -0.012202092473866095 0.0068142042798202589 0.0051577882809788781 -0.00087711843156772706 -0.003033188342285228 -0.011266366765609562 -0.018118471159974656 0.00042916390440096952 -0.023205751663854138 -0.0057970003959998484 0.0029186741174213778 -0.013491460298812005 0.015156762163531593 0.0041899858473377367 0.015878141430933242 -0.011787844430112566 -0.0067139232982743905 0.0029840086071991172 -0.01366561137087066 0.013188211216889909 0.0079851406312330068 -0.012877930927551393 0.0026665069043297256 0.013012556058747651 0.010042089571327899 -0.032302296954786661 -0.0063379834201063032 -0.0034877437381438145 0.0016483686072001032 -0.0068105480765551472 0.012353570319177692 -0.0031858229404930567 0.0080907708173184791 -0.033822848748270802 -0.00082917166829733486 0.020867493511863913 -0.0098469079613121829 0.013599087997627952 0.0046386098385719004
leaf_weight=1531.7395512890071 2050.8038366157562 487.50842988491058 384.27208303846419 1253.1171899959445 232.4995206836611 52.642399050295353 862.23674161732197 1420.8557340949774 2442.4438560679555 93.237892888486385 398.62600106745958 814.17841204255819 1904.9431594535708 1801.0473887249827 617.07542239874601 713.4610698223114 618.46544545888901 389.62729159742594 1289.2704430725425 1170.266780551523 481.12770064920187 134.26396954804659 493.71343800798059 316.89795639365911 433.23986763879657 4044.0794468633831 1336.1876492016017 3960.5415423996747 262.21305058151484 246.12247626110911 2715.7865383699536 88.880583316087723 1127.951821513474 3498.9713324978948 204.53155278414488 301.20264265686274 803.30694851838052 971.67855393141508 778.39888992533088 1103.9942611083388 340.65191022306681 188.77718219906092 1630.6786564737558 1078.1222017630935 521.71886957995594 3998.7718812152743 820.06759760528803 1510.6664080843329 23.357094943523407 433.14165247604251 700.71544519811869 1246.3278001416475 434.93174544908106 1116.3746271505952 1594.0758292153478 2052.0558515638113 28.11497924476862 3787.1096023097634 988.33007541298866 73.470107175409794 2069.344731785357 144.29079210013151
leaf_count=47879 12595 2372 13066 5895 6228 243 12217 8611 11826 431 2528 12702 9205 8336 2883 3994 3145 1697 31474 6238 2553 1345 2850 2396 2113 19642 6478 33726 7209 3555 13040 431 7440 16252 987 1498 7611 4806 6965 17262 1772 944 10821 5163 14233 19465 4055 7268 119 2959 3261 16311 2758 5840 8169 10002 188 20162 6884 359 12063 763
internal_value=-4.99931e-05 0.00155078 -0.0114682 0.0041401 -0.00845146 0.00236919 -0.000880242 0.000205464 -0.00290059 0.00763707 -0.00996956 -0.00669764 0.00404638 0.00319422 0.00523774 0.000931673 -0.000349275 0.0110145 -0.00583114 -0.00353312 -0.01727 0.00188612 0.00123589 -0.00395712 -0.00665721 0.00391221 0.00489814 -0.00580986 -0.0239772 -0.0037528 0.00445837 0.000902621 -0.000536672 0.00313699 0.00163705 0.00276935 -0.00285736 0.0116549 -0.00447338 -0.00464708 0.0122844 0.00740682 0.0145857 0.0025779 -0.0208354 -0.00014293 0.00648446 0.00617176 0.00937673 0.000862882 -0.00143274 -0.0022711 -1.14304e-05 0.010704 0.000998202 0.00463094 0.0026163 -0.00171011 0.016093 0.0108522 0.012791 -0.0103412
internal_weight=68612.5 60176.9 8435.64 29139.4 6382.18 19344.6 31037.5 25436.3 4670.17 9794.7 1633.11 5735.7 14674.5 13215.3 10140.1 23003 16089.2 4747.68 5503.2 3075.21 879.754 9934.41 9315.94 6154.81 2433.32 6913.8 6200.33 5601.18 646.485 4213.93 5047.03 3037.06 6855.06 7380.19 2948.18 2743.65 3967.81 1459.19 4738.94 3164.5 4358.05 1398.39 2959.66 3793.91 2053.46 6720.8 4864.15 2460.88 1534.02 926.855 753.358 2350.32 868.172 1209.61 5592.85 5579.14 3527.09 4104.01 2619.01 2759.89 2142.81 1565.15
internal_count=515283 337753 177530 148518 115418 96031 189235 136327 23327 52487 8585 95143 72704 65526 50083 122082 87913 28389 88915 15443 5081 52760 49615 35153 14245 34169 30175 52908 20275 57441 24098 14742 36419 34778 14311 13324 53886 7178 40691 46275 26692 7215 19477 18203 62112 35074 23697 13196 7387 5809 3504 33573 4871 6271 27634 26442 16440 22558 17705 15305 12422 9374
cat_boundaries=0 1 2 3 4
cat_threshold=1664 153984 86152 22912
is_linear=0
shrinkage=0.035


Tree=82
num_leaves=63
num_cat=3
split_feature=45 2 4 0 14 22 22 16 16 8 40 22 14 18 22 18 26 46 44 27 50 15 14 26 26 5 29 46 14 29 42 49 16 13 41 23 22 26 18 27 26 31 26 3 22 19 4 27 22 32 18 18 18 3 22 2 49 22 26 29 20 20
split_gain=969.77 351.273 166.959 148.63 117.458 98.0539 95.3573 97.9244 96.6917 92.4238 81.5383 76.1798 74.2937 74.2873 72.7318 67.484 65.0399 64.0988 63.7071 61.4462 65.3132 76.5347 59.3852 75.097 60.2155 58.2137 56.6926 53.922 50.4314 50.3845 49.4505 46.0803 44.3443 43.3671 41.9269 38.1294 37.2278 36.9958 36.3383 39.2818 36.1882 42.8801 36.8425 35.7845 35.6741 35.1528 35.1223 33.4032 33.1186 37.6831 33.4649 32.074 30.6733 30.0363 30.2685 29.6765 29.5506 30.6934 29.3022 29.2738 28.9809 28.8725
threshold=4.0714285714285721 65.90000000000002 21.640000000000004 1.4899999999999956 15.500000000000002 52.500000000000007 1.5000000000000002 0 1 17.500000000000004 1.0000000180025095e-35 8.5000000000000018 16.500000000000004 7106.1375000000016 1.0000000180025095e-35 16040.242500000002 30.000000000000004 95.120000000000019 131.45000000000002 11081.610000000002 88.465417222913899 0.11374547994740296 19.500000000000004 314.50000000000006 122.00000000000001 930.5683333333335 358.00000000000006 4.0250000000000012 15.500000000000002 23.500000000000004 1.5000000000000002 13.500000000000002 2 0.11324786324786326 1490.6650000000002 -0.6830127018922193 17.500000000000004 100.50000000000001 1256.3566666666668 414.51500000000004 21.500000000000004 1.0000000180025095e-35 100.50000000000001 22.500000000000004 5.5000000000000009 245.40000000000001 122.91000000000001 1.0000000180025095e-35 11.500000000000002 2.3700000000000006 848.53208333333339 45.480000000000004 2206.1612500000006 22.500000000000004 8.5000000000000018 1553.1400000000003 15.500000000000002 60.500000000000007 238.50000000000003 302.50000000000006 59.071401708184233 56.294293978678617
decision_type=10 10 10 10 2 2 2 9 9 2 10 2 2 10 2 10 2 8 10 10 10 10 2 2 2 10 2 10 2 2 2 8 9 10 8 2 2 2 10 10 2 2 2 2 2 8 10 10 2 10 10 10 10 2 2 10 8 2 2 2 10 8
left_child=1 4 6 -2 -1 13 7 -3 51 14 -5 38 -12 19 43 17 47 -7 33 20 26 36 55 24 40 59 28 -16 -4 -19 -11 58 44 -14 -29 -34 -22 -17 -10 60 -24 61 -43 -6 -30 -32 -31 -9 50 -50 -23 -8 -44 -35 -55 -13 57 -25 -26 -15 -40 -42
right_child=3 2 5 10 9 15 8 16 11 30 12 22 18 25 27 37 -18 29 -20 -21 21 48 23 56 31 -27 -28 34 32 46 45 -33 35 53 -36 -37 -38 -39 39 -41 41 42 52 -45 -46 -47 -48 -49 49 -51 -52 -53 -54 54 -56 -57 -58 -59 -60 -61 -62 -63
leaf_value=-0.021217086849917504 -0.022178298694066727 0.0015403293852853002 -0.0084366153283006416 -0.028131940822599743 -0.0083019921878729648 1.303080768926115e-05 -0.0031452144955846561 0.031744449732463341 -0.0021750272531654833 -0.013980044952826145 -0.029852493170752274 -0.0049141145584879146 -0.012445820903779187 -0.013617035521118101 -0.0046412658612573279 0.010727346183401126 -0.023764604219222565 0.00060643607958430325 -0.015763647173766555 -0.022668261287943567 -0.02648718359986341 0.013173051870676137 -0.003555456325987044 0.0090659090260482508 -0.0009494936889942392 0.015682498578200085 -0.012143772350288254 -0.0039835244472183643 -0.001516661501947341 0.012220080774618397 0.0018172410236973119 -0.005942578280023582 -0.00052644351895870525 0.003802073993935136 0.0015935549936211171 0.0053363917895380515 0.011292638068370432 -0.016370108401571493 -0.0059588144222187103 -0.016457210343565874 0.0064365539390591458 0.0043416817378620128 0.0064578073503294333 -0.028063081432504463 0.02315492536073854 -0.008900778234502681 0.020443472555307578 -0.018380596408023666 0.016176003475011753 0.0067265904084711252 -0.0025435589319639921 0.011236722416503 -0.007975415174427021 -0.015288586914053477 -0.0038072471233979162 0.0075940240708052735 0.0015469185610915972 0.021839521293387603 0.003259100975221653 0.003647101174584633 0.028205893879255553 0.015387522425871389
leaf_weight=417.25535721890628 1533.4812663327903 578.38691137172282 376.41991437971592 280.41944713890553 461.36498479172587 516.92591719329357 215.15511852130294 41.823390452191234 2100.9331176038831 1129.4513256456703 195.6188772469759 2040.5301321521401 917.04793412797153 552.30914083123207 3355.2608712427318 95.30612114071846 487.53062820248306 347.2497716024518 996.73547612316906 97.503240346908569 103.1659207046032 282.46542251110077 693.03616762533784 1020.7757878527045 4576.0998793058097 128.30048963427544 270.92722514271736 2067.1202426385134 96.832810014486313 2142.6427290886641 653.87136916071177 1405.2655848283321 1728.6342674419284 531.31736996397376 8191.3132734578103 6348.94142344594 45.411339826881886 171.33781476318836 99.50014965981245 488.34804111532867 1854.6274770870805 3684.2120494619012 255.68301314488053 148.0193908046931 275.36575707793236 876.57752953469753 910.22357770055532 25.448265355080366 1441.7868500947952 809.11707812547684 399.73664026707411 1596.6364711988717 606.44953381642699 326.02743753790855 2021.2385023459792 261.30362863093615 446.54984917491674 298.0056224167347 3635.9676987454295 153.28196539729834 42.648978635668755 579.83057421445847
leaf_count=6803 47951 3685 1640 10350 5774 2391 1045 365 10599 17160 4912 11551 23325 2549 36243 409 6436 1706 16874 441 479 1439 3334 4722 21622 767 1191 14962 472 12314 3836 8327 8535 6791 50604 31021 285 729 511 3032 8721 17339 1208 3209 1458 5294 6712 138 9476 4548 2006 7395 3021 4944 26706 1287 2658 1403 17128 701 187 2562
internal_value=-4.92422e-05 0.00133503 0.00298577 -0.0125899 -0.00289461 0.0056713 0.00126771 -0.00866576 0.00170262 -0.00244055 -0.00979528 0.00111324 -0.00875898 0.00418196 -0.00132039 0.0103362 -0.0189757 0.011496 -0.00789192 0.0048687 0.005091 0.00949423 0.0018176 0.00245903 0.0017567 -0.00592172 0.00359851 -0.000790382 0.00408306 0.0132413 -0.00842753 -8.83236e-05 0.00464171 -0.00582119 0.00046947 0.00407676 -0.0149418 -0.00668081 -0.00438905 -0.0117514 0.00406872 0.00482603 0.00281768 -0.0131401 0.0163123 -0.0043234 0.0146778 0.0127911 0.0107367 0.0127838 0.00397365 0.00947576 -0.00369243 -0.00370715 -0.0054078 -0.00349151 0.00933335 0.0119667 0.00091407 -0.00986674 0.00441705 0.00857391
internal_weight=68430.8 61628.9 44328.6 6801.89 17300.2 17293.9 27034.7 1133.19 25901.6 16883 5268.41 24089.8 4987.99 13110.2 14223.1 4183.69 554.802 3917.04 4792.37 12276.3 12178.8 3081.68 21358.3 19056.5 17291.2 833.892 9097.12 13613.7 8826.19 3400.12 2659.9 9617.33 8449.77 3795.63 10258.4 8077.58 148.577 266.644 2731.43 630.497 7673.84 6980.8 4546.34 609.384 372.199 1530.45 3052.87 67.2717 2933.11 2250.9 682.202 1811.79 862.133 2878.58 2347.27 2301.83 1765.33 1318.78 8212.07 705.591 142.149 2434.46
internal_count=515283 373430 229545 141853 143885 91269 138276 10624 127652 137082 93902 119212 83552 67008 110792 24261 6939 23123 78640 62991 62550 18233 104883 92045 83262 4017 44317 101809 43126 20732 26290 47077 41486 61766 65566 39556 764 1138 14329 3730 36185 32851 21568 8983 1930 9130 19026 503 17469 14024 3445 8440 4229 38441 31650 12838 8783 6125 38750 3250 698 11283
cat_boundaries=0 1 2 3
cat_threshold=75481 1248 160
is_linear=0
shrinkage=0.035


Tree=83
num_leaves=63
num_cat=4
split_feature=45 2 42 0 50 22 3 16 22 47 26 40 14 8 40 51 44 52 35 12 18 2 3 2 22 2 16 29 13 47 14 16 39 15 14 48 22 27 47 21 22 23 48 44 3 27 18 14 51 8 29 38 5 22 5 23 0 4 43 48 37 16
split_gain=912.937 328.804 155.597 144.546 131.981 109.451 210.514 109.655 134.642 104.611 96.2462 79.4938 72.1905 71.455 69.1936 65.9383 60.7575 60.731 56.7257 55.847 54.0037 65.1024 51.3511 49.0707 48.5174 43.7941 41.6967 52.0057 41.2278 40.9029 40.4828 38.551 37.0071 35.826 34.5104 34.3553 34.7403 48.4967 34.1953 33.9815 33.8077 38.004 40.9178 33.7901 32.8587 31.841 34.8963 31.473 31.4463 39.2055 30.897 35.4567 30.6414 30.3357 30.0456 29.9912 29.608 29.3202 29.1515 29.0253 30.8984 28.9528
threshold=4.0714285714285721 115.22000000000003 5.5000000000000009 1.4899999999999956 0.60373835392494368 19.500000000000004 86.500000000000014 0 5.5000000000000009 inf 100.50000000000001 1.0000000180025095e-35 16.500000000000004 15.500000000000002 16178.610000000002 28.795934888463918 131.45000000000002 11.500000000000002 11.500000000000002 17.288333333333338 3109.5750000000003 1511.3700000000001 47.500000000000007 1598.3800000000001 6.5000000000000009 5.7550000000000017 1 324.00000000000006 0.11324786324786326 1588.6450000000002 20.500000000000004 2 27.530000000000005 2.2136294002334487 21.500000000000004 11.500000000000002 29.500000000000004 4423.7700000000004 6273 180.49000000000004 2.5000000000000004 0.68301270189221941 11.500000000000002 70.615000000000023 31.500000000000004 11583.450000000003 7226.3075000000017 20.500000000000004 29.250000000000007 8.5000000000000018 293.00000000000006 92.370000000000019 52.010000000000012 12.500000000000002 154.69500000000005 0.25000000000000011 276.54166666666669 115.22500000000001 3.5000000000000004 9.5000000000000018 14528.610000000001 3
decision_type=10 10 2 10 8 2 2 9 2 8 2 10 2 2 10 8 10 2 2 10 10 10 2 10 2 10 9 2 10 10 2 9 8 8 2 2 2 10 10 8 2 2 2 8 2 10 10 2 10 2 2 8 8 2 10 2 10 10 2 2 10 9
left_child=1 4 5 -2 17 6 7 24 26 14 -8 -5 -13 19 23 25 28 -1 45 -6 21 32 53 29 30 -15 27 -9 -14 33 -3 -27 -10 39 -17 36 37 -20 -34 -7 -21 42 48 -19 -35 59 -47 -39 -42 58 51 -43 -23 -22 61 -36 -32 -38 -50 60 -11 -4
right_child=3 2 54 11 13 9 10 8 20 18 -12 12 16 15 -16 34 -18 43 35 40 22 52 -24 -25 -26 31 -28 -29 -30 -31 56 -33 38 44 55 -37 57 47 -40 -41 41 50 -44 -45 -46 46 -48 -49 49 -51 -52 -53 -54 -55 -56 -57 -58 -59 -60 -61 -62 -63
leaf_value=-0.0030435674561412464 -0.021855605777470321 -0.00044318506606621019 0.0031535053164329046 -0.027889228729595802 -0.0052378076437868196 0.0029157747451152632 0.00056089163379432615 -0.02874966341224966 -0.0021034221397183213 0.0046781169622388116 -0.020330673536549999 -0.029591806410321376 -0.012148370958150164 -0.011206401070297837 -0.01511060546305823 -0.01349613372702523 -0.015409862627682507 -0.0070812650635464327 0.0065392300795629639 -0.0047157216535916322 -0.012741770622631524 0.0028777345152134291 -0.01910918217481964 0.0085475197219229554 0.017345250496267905 0.0027333050211678636 -0.0063804391631248712 0.01667159134697949 -0.0035886810216648512 -0.0031400167679100795 -1.0115126799148513e-05 -0.0072431675745628452 0.003429563168044953 0.026942331838854545 -0.0099560137224673981 0.025312192964971909 0.0097765177046774034 -0.040989241632676171 -0.049081015518585104 0.010849348041118258 0.0008879898525787918 0.004472800875805513 0.0075572603579543481 -0.017772229239793488 -0.0050413575256762315 -0.030223743415914502 -0.00056138663750627019 0.0019795517513253773 -0.0051024220856728461 -0.0078754915412571937 0.0072671034054586584 -0.0069060612660686322 0.012295459626788584 0.0055803393516115239 0.015665113824790609 0.0042770365251354062 0.012373427027302654 0.018612722312250488 0.0077051022969718318 0.014842735102975025 -0.045896966657638469 0.010964587252355577
leaf_weight=1079.8111226987094 1502.2299608532339 845.05729917436838 917.65895732492208 273.09823447093368 2060.0984424613416 9071.2868936639279 398.74509816616774 219.02843487821519 2815.9714408051223 2196.6131581068039 836.17022170871496 190.53411339782178 906.82711596414447 480.33697061240673 266.96606025844812 1187.5655091330409 984.18027832731605 575.15704748034477 438.88974602520466 1164.1163420621306 163.23429930582643 709.28530262224376 278.68457794748247 1631.5430425107479 529.5997105166316 1935.2383747287095 1617.4877950642258 35.249165987595916 2870.1198303513229 1594.1911591403186 311.19491640292108 616.48185705207288 3703.0227059833705 40.156584203243256 421.96392831020057 193.12410774081945 2083.9631024822593 47.112781427800655 14.258138865232466 712.59513730928302 5006.918981205672 1012.1049248203635 829.17511536180973 986.24696214869618 901.51479682698846 54.724785782396793 379.52834811061621 36.738665103912354 411.66409457847476 1340.9633376821876 2098.6510823331773 500.52619394287467 1051.0925573259592 338.59263182431459 917.63348196446896 316.71218975633383 984.51675442233682 592.15007931739092 459.880007378757 376.70750458538532 13.905658245086668 1723.8038062751293
leaf_count=14774 47951 4129 5076 10350 17286 43935 2092 1717 13137 10852 5911 4912 23325 4809 1332 8127 16874 11368 2222 8075 813 3271 1387 8727 2553 10678 9625 197 38441 7514 1553 3969 17492 175 2843 1060 10618 233 66 3392 29123 5416 4767 21981 4523 260 1757 188 3057 8511 10936 2327 5728 1678 6934 1669 4732 4306 2556 1937 65 9971
internal_value=-4.81017e-05 0.00129045 0.00323209 -0.0122889 -0.00208114 0.00253213 0.000240937 0.00149622 -5.88695e-05 0.0041813 -0.0135899 -0.00953467 -0.00851693 -0.00110256 0.00250716 -0.0047411 -0.00766751 -0.0094296 0.0078918 0.000109773 0.00170431 0.00253284 -0.00709156 0.00284534 0.00783909 -0.001523 -0.00860326 -0.0215676 -0.00564649 0.00208955 0.00551698 0.000303483 0.000922679 0.00286707 -0.00980324 0.0109982 0.0101264 0.00186951 0.00321501 0.00349466 0.000969171 0.0015371 0.000198488 -0.0138412 -0.00365031 0.004402 -0.0043603 -0.0223614 -0.000647621 -0.00412155 0.00451964 0.000705486 0.00850469 -0.000392966 0.0102077 -0.00385597 0.00940152 0.0117379 0.0016567 0.00587382 0.00433936 0.00830662
internal_weight=68252.6 61525.6 39042 6726.99 22483.6 35482.9 14851.2 13616.3 10945.9 20631.7 1234.92 5224.76 4951.66 19842.4 14218.3 4958.3 4761.13 2641.22 6413.46 14884.1 9074.14 8293.63 780.512 13951.3 2670.37 3032.06 1871.77 254.278 3776.95 12319.7 2140.77 2551.72 6533.25 10725.6 1926.24 3391.98 3198.85 522.741 3717.28 9783.88 12824 11659.9 8048.6 1561.4 941.671 3021.48 434.253 83.8514 7219.43 2212.51 3611.28 1512.63 1760.38 501.827 3559.1 738.676 1295.71 2676.11 871.544 2587.23 2210.52 2641.46
internal_count=515283 373430 201158 141853 172272 179177 76081 68078 55111 103096 8003 93902 83552 124149 69598 32095 78640 48123 33498 92054 43572 39694 3878 68266 12967 19456 11539 1914 61766 59539 10414 14647 30695 52025 12639 18627 17567 2643 17558 47327 74768 66693 48014 33349 4698 14871 2017 421 43247 14124 18679 7743 8999 2491 21981 4512 6285 14924 5613 12854 10917 15047
cat_boundaries=0 1 2 3 4
cat_threshold=1704 16640 13704 155649
is_linear=0
shrinkage=0.035


Tree=84
num_leaves=63
num_cat=4
split_feature=45 46 4 0 22 16 22 27 44 14 40 29 33 23 7 38 18 27 14 3 27 22 18 16 33 44 17 5 18 3 41 8 2 9 22 2 44 17 22 16 32 14 32 22 33 1 22 49 11 3 45 16 47 17 15 49 18 40 40 49 41 22
split_gain=859.898 314.362 180.691 136.854 112.594 106.25 198.284 103.787 95.6468 92.7483 73.2597 69.0152 74.3162 87.9005 68.8915 68.749 65.4681 64.5153 63.9891 63.876 66.8524 62.1709 78.5013 60.44 98.6724 57.3566 55.9762 70.3228 54.7877 50.7825 47.4858 46.4663 46.705 45.9018 43.3088 42.2831 60.8201 41.7516 39.9497 38.657 38.3759 37.4877 37.2975 37.2857 37.1275 36.3175 35.8233 37.7614 34.7539 34.4684 34.3444 33.9016 41.9815 33.4554 32.3536 31.2779 30.6695 30.4935 30.0865 40.4381 30.0157 30.865
threshold=4.291666666666667 54.425000000000011 43.225000000000009 1.4899999999999956 52.500000000000007 0 5.5000000000000009 2.1950000000000007 110.09500000000001 19.500000000000004 1.0000000180025095e-35 69.500000000000014 3.5000000000000004 0.68301270189221941 0.59166666666666679 6.0150000000000015 16040.242500000002 48.645000000000003 16.500000000000004 185.50000000000003 3491.7300000000009 12.500000000000002 848.53208333333339 1 1.5000000000000002 163.82000000000002 8137.4400000000014 158.73500000000004 13126.262500000003 19.500000000000004 2355.1200000000003 8.5000000000000018 652.4100000000002 3354.3900000000008 4.5000000000000009 664.47000000000014 358.21000000000004 44.745000000000012 55.500000000000007 2 148.77000000000004 19.500000000000004 5937.6250000000009 22.500000000000004 2.5000000000000004 7.2250000000000005 60.500000000000007 17.500000000000004 508.24000000000007 305.50000000000006 8.8333333333333339 3 340.65000000000003 8528.4000000000015 0.25458959962964528 9.5000000000000018 3430.5920833333334 1850.3666666666666 632.8516666666668 12.500000000000002 3486.8700000000003 30.500000000000004
decision_type=10 8 10 10 2 9 2 10 8 2 10 2 2 2 10 8 10 10 2 2 10 2 10 9 2 10 10 10 10 2 8 2 10 10 2 10 10 8 2 9 10 2 8 2 2 8 2 8 10 2 10 9 10 8 10 10 10 10 10 8 10 2
left_child=1 7 5 -2 19 17 23 29 14 -8 -5 45 13 53 -9 31 -6 -3 -12 21 43 22 37 24 58 39 27 30 35 -1 57 -10 -33 54 -24 36 38 -4 -14 -20 41 -16 55 -21 -42 -11 51 -48 -26 -18 -41 -47 -53 -13 -28 -15 -44 -23 59 -7 -43 -62
right_child=3 2 4 10 16 6 9 8 15 11 18 12 28 42 40 -17 49 -19 25 20 -22 26 34 -25 48 -27 33 -29 -30 -31 -32 32 -34 -35 -36 -37 -38 -39 -40 50 44 60 56 -45 -46 46 47 -49 -50 -51 -52 52 -54 -55 -56 -57 -58 -59 -60 -61 61 -63
leaf_value=-0.010053276045825127 -0.021658008373337898 0.00053988169410888547 -0.0093628347751692036 -0.027473734256285434 0.014290893277965101 0.073380455683460619 -0.0040815855325099792 -0.00998469648989753 -0.00084738159524907315 -0.013000183611699013 -0.029081279226411332 -0.0067613682597636579 -0.0014749612713719999 -0.0038966266282144954 -0.0062613345391808678 -0.00078483887873925448 -0.001363160989910339 0.010558911397501205 0.0050651471925491102 -0.027694691789127514 -0.025729814438505617 0.0050905940709295343 -0.027667619363584778 -0.0060473759090518414 -0.032793882394257699 -0.016191254353170408 -0.016449121237584786 0.013960708762790739 -0.012850849219996069 -0.030815848875760526 0.0080510686064097451 -0.013328974116183159 0.016119607712784177 0.023757428117293655 -0.0040238431588888136 0.0033912912368776207 -0.0087128952819231602 0.0086639598666708052 0.003386802389336978 -0.0050138750306081325 0.0042029208613659705 0.00075799954922849372 0.0061653782879348747 0.010986126233606659 -0.00888151204071559 0.0086362804524839302 0.017405147247531273 -0.0059949802118009895 -0.0064134230887031097 -0.052019345013465744 -0.01308658160881181 0.0075845109889826042 -0.0076839401561811819 0.010779759055263885 0.0020415149051047038 0.0051237427145843662 0.013668924510090613 -0.0051880155767059944 0.00032460947519114989 -0.030914224431010957 -0.010351877882496155 0.0079207756912582743
leaf_weight=454.41150867566466 1441.9415199793875 1195.0355644766241 181.07152201235294 260.74547754600644 2462.1908786147833 15.811241034418346 3253.4703861176968 892.60571048036218 523.39068934135139 107.43464761041105 176.48882029205561 1001.9809855557978 6242.079626807943 571.74411161243916 757.87110171467066 1433.2734985202551 209.91604551672935 2307.2478418052197 354.63007573597133 36.359615311026573 170.62279249727726 750.01568316668272 103.03450271487236 1742.6702568363398 332.40245928429067 797.64158287830651 247.88661321252584 1671.3463868498802 389.39237406291068 211.62929005362093 2940.0110430940986 2165.279364073649 67.235668603330851 63.090377040207386 1088.8338594734669 4215.2365549262613 1058.0562322642654 1166.4758015349507 3096.7768074050546 2618.0548191573471 365.4583073426038 5603.2581058461219 1753.1032689958811 166.23232761770487 966.95017584972084 1551.9775486886501 643.93394955992699 96.709757842123508 75.607071796432137 16.860147327184677 857.10467269457877 444.11362736485898 436.35159325040877 152.67628465220332 216.60503153502941 2651.9332069922239 1079.754452072084 667.10669929534197 84.589820275083184 5.6008979622274628 122.8096890822053 1342.3654543105513
leaf_count=6144 47043 6783 781 10148 15990 91 18494 12175 5779 921 4713 5165 32417 2773 5924 8193 899 11064 5521 161 785 3589 444 11578 4368 13962 1137 10872 2185 5166 15597 27331 349 462 5363 20091 6020 5724 15606 35294 2537 35613 7905 934 8454 7508 3129 566 510 70 22353 2254 2126 812 1153 13147 4965 3261 498 189 956 9241
internal_value=-4.70507e-05 0.00123177 0.00264527 -0.0121464 0.00631428 0.0013524 0.000698015 -0.00319294 -0.00256069 0.00148259 -0.0094347 0.00219283 0.00149282 0.00441249 -0.000708666 -0.00700313 0.0126338 0.00712106 -0.00845007 0.00451848 -0.00965555 0.00510108 0.000451324 -0.00928946 -0.0197473 -0.00765709 0.00690176 0.00785845 8.91465e-05 -0.0166867 0.00551503 -0.0102356 -0.0124353 -0.00402416 -0.00608928 0.000434834 -0.000764018 0.00623653 0.000137396 -0.00587589 0.000196365 0.00113134 0.00609962 0.00394206 -0.0052922 0.00693076 0.00760947 0.0143457 -0.027933 -0.00534115 -0.006988 0.00555332 1.72589e-05 -0.00443465 -0.00784058 0.0035232 0.0090292 0.000251719 0.00988148 0.0459374 0.00192475 0.00638316
internal_weight=68076.5 61569.9 46663.3 6506.61 12157.7 34505.7 31003.4 14906.5 14240.5 28746.7 5064.67 25493.3 22212.7 7211.19 10051.3 4189.18 2688.97 3502.28 4803.92 9468.69 373.215 9095.48 2539.42 2256.68 514.011 4627.43 6556.06 6028.48 15001.5 666.041 4357.13 2755.91 2232.52 527.582 1191.87 14612.1 10396.9 1347.55 9338.86 3829.79 9158.71 7826.3 6056.54 202.592 1332.41 3280.52 3173.09 740.644 408.01 226.776 3475.16 2432.44 880.465 1154.66 464.492 3223.68 2832.86 1417.12 106.002 21.4121 7068.43 1465.18
internal_count=515283 376249 248387 139034 67222 181165 163318 127862 116552 146084 91991 127590 111086 34767 74900 41652 16959 17847 81843 50263 1880 48383 12312 17234 5656 77130 36071 33319 76319 11310 22447 33459 27680 2752 5807 74134 54043 6505 48023 63168 62725 51734 28790 1095 10991 16504 15583 3695 4878 969 57647 11888 4380 5977 2290 15920 12870 6850 778 280 45810 10197
cat_boundaries=0 1 2 3 4
cat_threshold=67304 16640 1141 151552
is_linear=0
shrinkage=0.035


Tree=85
num_leaves=63
num_cat=5
split_feature=50 42 32 24 43 13 40 2 14 37 12 4 22 16 22 18 22 40 14 1 17 22 39 40 18 18 3 26 16 22 3 14 18 37 7 26 41 3 2 16 40 39 3 22 27 16 49 16 19 3 0 14 48 17 40 32 43 27 3 8 22 3
split_gain=810.895 257.641 206.22 175.281 121.837 121.033 90.6821 86.0752 78.614 78.2806 65.8284 60.2081 59.5345 68.0401 59.1817 59.7071 58.4151 54.138 54.0085 51.425 64.2716 46.2007 45.1825 44.5992 44.1193 50.6153 42.8033 40.0029 43.8522 66.9586 50.8204 39.9833 39.57 39.008 38.6655 38.0465 37.6895 42.9082 37.5097 42.8766 36.4455 36.3237 41.3545 36.3142 35.2677 33.954 33.1524 32.5309 32.3001 32.2609 32.2583 32.7178 31.8926 37.183 31.8838 31.3253 31.281 30.8697 30.8014 30.6703 29.7863 38.3696
threshold=0.7379024325749326 3.5000000000000004 inf 11.500000000000002 1.5000000000000002 0.91485507246376818 1.0000000180025095e-35 1206.3800000000003 18.000000000000004 inf 0.90333333333333343 122.91000000000001 59.500000000000007 0 28.500000000000004 3372.713181818182 8.5000000000000018 8178.8999999999996 16.500000000000004 3419.2450000000003 1260.2600000000004 16.500000000000004 73.610000000000028 18646.260000000006 361.66666666666669 50.555000000000014 129.50000000000003 21.500000000000004 1 3.5000000000000004 42.500000000000007 21.500000000000004 12193.958095238097 16545.330000000005 0.95833333333333337 100.50000000000001 726.21000000000015 70.500000000000014 217.52000000000004 2 850.47000000000014 64.845000000000013 111.50000000000001 5.5000000000000009 414.51500000000004 3 14.500000000000002 4 434.6495833333334 269.50000000000006 19.673333333333332 21.500000000000004 3.5000000000000004 599.78499999999997 12452.190000000001 38.370000000000012 2.5000000000000004 29.730000000000004 267.50000000000006 12.500000000000002 39.500000000000007 180.50000000000003
decision_type=8 2 8 10 2 10 10 10 2 8 10 10 2 9 2 10 2 10 2 8 10 2 10 10 8 10 2 2 9 2 2 2 10 10 10 2 10 2 10 9 8 8 2 2 10 9 10 9 10 2 10 2 2 10 10 10 2 10 2 2 2 2
left_child=3 2 4 6 9 22 -1 12 -8 -2 -10 31 13 24 15 26 40 19 -6 36 -21 -5 45 34 25 -4 43 -20 -29 30 -30 47 38 46 -14 -16 37 -18 39 -12 -15 -41 -43 -9 -23 57 50 -7 -26 -47 -31 -52 53 -46 55 -24 -39 -3 -33 -48 61 -38
right_child=1 5 7 21 18 11 8 14 10 -11 32 -13 23 16 35 -17 17 -19 27 20 -22 44 54 -25 48 -27 -28 28 29 33 -32 58 -34 -35 -36 -37 60 56 -40 41 -42 42 -44 -45 52 49 59 -49 -50 -51 51 -53 -54 -55 -56 -57 -58 -59 -60 -61 -62 -63
leaf_value=-0.026754744725940964 -0.015341250607508366 -0.0075297081950012916 -0.00025333574844285255 -0.025553938369760814 -0.013093306791615545 -4.5825339986801722e-05 -0.021406049782904529 -0.0048317580499374338 -0.019703923419936823 0.0047337865351650852 -0.0099833703052322857 0.014858362069003572 -0.0023662472987140367 -0.0035152484963697035 0.017983775087446498 -0.0091383659912144481 -8.0799734015244694e-06 -0.0095011804472251438 -0.010889484560141801 -0.0015522549870125694 0.011153041128274385 0.071620718862773478 0.010250244041595998 -0.012292315152387517 -0.023447256078852535 0.010858752270878505 -0.021821176019753474 0.0023918103246236624 -0.0068906353711656832 -0.0069593207625907039 -0.028263262903174501 0.009512620744405096 -0.02282873783249709 -0.024404221573250302 0.0067025606012268025 0.0073868409271059497 0.0023293816810948096 -0.0098812752526583926 0.002156449560491794 -0.00077173256906663324 -0.013264575689482399 0.00078140744737644266 -0.020698132475304835 0.0081782895565943557 0.10415693970960284 0.00015351571858968137 0.0023545294810841232 0.0071607073165842351 0.013544659923653264 0.0085528469172468247 -0.000655565038896238 0.0058198584293068963 -0.010009705932826126 -0.025982073887029257 -0.0080901256113069964 0.0033695263568733541 -0.0011458584871029932 0.011044203239506048 0.026814384789960025 -0.006082966245400224 0.0081914643567937168 -0.012156717747723107
leaf_weight=291.40379869006574 1477.8160646893084 128.84815060347319 802.47333494201303 929.90896960161626 545.73713129200041 1260.643519602716 418.95094384811819 312.40316329523921 382.69031076692045 283.09005052223802 1642.1724437884986 1438.0752674639225 690.89453919604421 2044.7758559118956 613.8181536719203 436.21703310310841 4148.5222784951329 691.29270855337381 573.10582549124956 856.07911007106304 1131.8985608443618 4.857895288616418 1675.6514015048742 185.94418353587389 104.01839208975434 1340.5001501403749 68.747070737183094 2815.3970560692251 440.73518089577556 687.78313298523426 196.93643190525472 1811.3843159005046 142.28526972420514 91.434000018984079 3446.442602340132 1286.2116301432252 1692.1572363935411 1187.3034121952951 935.87190866842866 2092.3198108207434 609.28487176448107 188.54443185217679 261.67856766097248 1635.7309005483985 1.7537604421377171 7866.4597695879638 663.40228483453393 1973.4484692811966 39.146725319325924 602.12711434811354 3438.3128012605011 1322.7789731621742 562.60089363716543 264.16790881752968 182.26296965032816 1571.7983263209462 870.20377112925053 710.4420105740428 134.91015066206455 2571.1816206090152 872.37314695864916 257.13499500975013
leaf_count=11558 15346 592 4540 38480 4638 6395 10097 1717 10840 1744 27090 11428 4875 12066 3469 2211 22205 3899 4172 4332 5271 164 8299 940 593 7207 358 17041 3655 6562 2379 10000 2160 638 17325 7304 8553 7517 9299 31072 3730 2901 4838 8280 64 35096 5084 10416 183 2731 18767 7010 19282 9685 803 7457 4582 3136 757 16625 4451 1374
internal_value=-4.60489e-05 0.00136345 -0.000226295 -0.010424 -0.00346239 0.00468397 -0.0077132 0.00170438 -0.00679398 -0.0121131 -0.00570603 0.00852319 0.00077455 -0.00017588 0.00618244 0.00258912 -0.00106964 -7.37585e-06 -0.00232024 0.00058922 0.00568375 -0.0201855 0.00268859 0.00443346 0.00541754 0.00669946 0.00512885 -0.00185998 -0.00143592 -0.00258077 -0.0135252 0.00676202 -0.00468462 -0.00178693 0.00518795 0.0108179 -0.000533147 -0.00205795 -0.0041761 -0.00559249 -0.00575753 -0.00270382 -0.0117211 0.00609059 -0.0141719 0.00142292 -0.00154599 0.00437446 -0.0133085 0.000750772 0.000120379 0.00114435 -0.0147606 -0.0247368 0.00612207 0.00692197 -0.00618906 0.00809088 0.0107251 -0.00435227 0.00282008 0.000413238
internal_weight=67906.5 59787.3 40431.3 8119.21 15107.7 19356.1 6355.92 25323.6 6064.51 1760.91 5645.56 6618.46 20970.4 16647.2 4353.13 2453.1 14361 11707 13346.8 11015.7 1987.98 1763.29 12737.6 4323.28 2286.14 2142.97 2016.88 12801.1 12228 9412.56 637.672 5180.39 5262.87 8774.89 4137.34 1900.03 9027.69 6206.03 5120.59 4184.72 2654.06 2542.54 450.223 1948.13 833.38 9307.88 8683.46 3234.09 143.165 8468.59 5448.87 4761.09 828.523 265.922 3429.71 3247.45 2057.51 839.29 1946.29 3234.58 2821.67 1949.29
internal_count=515283 337753 240643 177530 103661 97110 109855 136982 98297 17090 88200 38996 113643 90503 23339 12566 77980 62184 86571 58285 9603 67675 58114 23140 12523 11747 10355 81933 77761 60720 6034 27568 77360 54686 22200 10773 48682 34304 75200 65901 15796 38811 7739 9997 29195 41555 54048 16811 776 37827 32339 25777 29031 9749 16559 15756 12099 3728 10757 21709 14378 9927
cat_boundaries=0 1 2 3 4 5
cat_threshold=1777 140492 96392 224 158721
is_linear=0
shrinkage=0.035


Tree=86
num_leaves=63
num_cat=4
split_feature=45 2 42 0 17 14 47 22 16 8 49 37 40 22 14 32 14 17 44 35 14 2 26 7 22 43 35 19 1 29 22 41 32 23 32 41 41 16 5 22 22 41 16 22 4 17 16 18 35 29 26 22 5 2 30 18 17 23 26 27 9 18
split_gain=767.088 288.591 139.884 127.184 116.503 114.96 99.1692 87.4027 133.654 81.4736 80.3731 85.4007 68.135 63.6008 60.0052 82.6374 59.434 58.659 54.8143 54.5796 49.5012 49.6099 48.6519 48.3248 48.0414 47.026 46.1825 53.8024 45.1773 44.9917 43.9491 42.2381 41.7018 41.5461 41.1951 40.1717 39.1363 38.9477 38.8248 37.602 36.8805 36.7374 36.0634 37.1394 34.0399 33.8944 33.4966 33.2859 33.0566 31.6529 31.3672 38.7037 31.1484 31.1081 30.9521 30.3677 35.9173 38.2603 30.7271 46.8752 31.9449 29.7738
threshold=4.366666666666668 65.90000000000002 5.5000000000000009 1.4899999999999956 1.0000000180025095e-35 15.500000000000002 inf 31.500000000000004 0 17.500000000000004 3.5000000000000004 inf 1.0000000180025095e-35 1.0000000180025095e-35 21.500000000000004 1360.72 16.500000000000004 6020.9100000000008 131.45000000000002 10.500000000000002 16.500000000000004 2392.3400000000006 345.50000000000006 0.72077922077922085 1.0000000180025095e-35 4.5000000000000009 8.5000000000000018 117.47999999999998 28.890000000000008 23.500000000000004 9.5000000000000018 4254.7500000000009 6836.96 0.68301270189221941 333.95000000000005 637.60000000000014 2872.0350000000003 1 46.081666666666685 39.500000000000007 11.500000000000002 499.85000000000008 2 13.500000000000002 50.445000000000014 90.465000000000018 3 502.20238095238102 7.5000000000000009 241.50000000000003 100.50000000000001 42.500000000000007 154.69500000000005 277.50000000000006 999.0200000000001 1170.2026666666668 234.61500000000004 0.68301270189221941 284.50000000000006 3922.4050000000002 318.66000000000008 55.481666666666676
decision_type=10 10 2 10 8 2 8 2 9 2 10 8 10 2 2 10 2 10 10 2 2 10 2 10 2 2 2 10 10 2 2 8 8 2 8 10 10 9 10 2 2 10 9 2 10 10 9 10 2 2 2 2 10 10 10 10 8 2 2 10 8 10
left_child=1 5 4 -2 24 -1 10 8 29 13 11 32 -5 41 15 20 -14 30 37 -9 -12 22 33 48 -3 -11 35 31 -24 -8 45 -28 -6 42 -27 -25 -34 -18 -16 -38 46 -7 -22 -44 -21 -10 -31 61 54 -13 51 -35 -4 -17 -15 -32 -57 58 60 -60 -58 -48
right_child=3 2 52 12 6 9 7 19 17 25 14 49 16 23 38 53 18 -19 -20 44 21 -23 28 26 -26 34 27 -29 -30 40 55 -33 36 50 -36 -37 39 -39 -40 -41 -42 -43 43 -45 -46 -47 47 -49 -50 -51 -52 -53 -54 -55 -56 56 57 -59 59 -61 -62 -63
leaf_value=-0.02088462733530325 -0.021175047402248615 -0.026492692717140234 0.0073212189668113046 -0.02703471754099911 -0.013375436918055204 -0.0085144961259550813 -0.010782452129381623 0.004107234846942559 0.00047362901733051407 -0.012725739507556569 -0.006065939310367344 0.0014967548143192473 -0.02855091333783661 -0.003249266275703096 0.0028505279590131582 -0.012298138027893825 0.0057974759342558834 -0.020588767645818053 -0.015111845434489323 0.0085689898473259307 0.0071693488812807965 0.012320834576757452 -0.016040793348936995 0.0011346955153833486 -0.0059821097071166068 0.0059345871081966919 -0.0027699114256622363 -0.0047754060423692941 0.011010633494173449 0.00067010488369657645 -0.010495641526181982 0.0039928907188095308 -0.0054944521449465092 0.0030654988312511303 -0.0073113255682966663 0.0092422946124044204 -0.0064180845082990844 -0.0065837892134145617 0.0080987878029564076 0.011601560478445747 0.010613655250439101 -0.032117569735061718 -0.0074601703546866042 -0.00010419932699349968 0.01620221641272036 -0.023224332130574232 0.00052371657669222763 -0.019782807538595636 -0.011417781957706402 0.014475293538399932 -0.0024116291602453146 0.011529312504654735 0.014800187440251548 -0.0029245714784733351 0.026806342634276857 -0.031417326594541828 -0.01006551707961484 0.010820840923192332 0.021573916756338365 -0.035398637067440078 0.010570714686224173 0.018905024554892246
leaf_weight=413.9007914531976 1370.0410584621131 210.97951590456069 2816.1311822682619 245.38142184540629 649.38599967956543 513.90790369920433 186.32154664024711 2297.1249491423368 115.96439383924007 1271.373019149527 881.69190249033272 635.67887764424086 167.38588683307171 1313.1053090263158 5702.9635334704071 538.6020181030035 338.47037559375167 260.68947626650333 891.19672571867704 2094.4236324504018 648.14798221550882 600.36161325871944 80.841054908931255 2675.1326387282461 413.82616293989122 407.73477257974446 1976.8414497170597 3255.3898630589247 1014.5545245986432 1420.8335201367736 288.76114752143621 2642.4149495624006 2607.5666027963161 2256.5050694383681 970.38723667897284 1038.7478275429457 233.97954240441322 3204.1316919252276 2476.7904903516173 357.35161293298006 1683.5818732753396 95.190512461587787 1036.5278715696186 4434.3700136095285 1090.8241191580892 202.79527225345373 154.57490590214729 39.127969935536385 757.53399550542235 360.11880610883236 747.54016120545566 936.22412535920739 901.72708895802498 2215.8244080729783 42.364537563174963 36.873686492443085 436.03213825076818 476.92549162358046 114.12626419216394 19.973801173269749 115.48119174689054 357.31822761148214
leaf_count=7170 46481 5150 15961 10024 3563 7130 877 11243 567 17566 5307 3149 4688 13638 28311 3087 5301 1294 16006 10050 3017 3063 577 15078 2200 2472 16284 23000 4926 6705 1404 16944 13011 10734 6945 6496 1137 54194 12048 1777 8505 2365 5674 22410 7603 1016 716 184 12620 1660 3693 4494 6964 10882 345 177 2057 2255 581 92 655 1760
internal_value=-4.50679e-05 0.00113893 0.00264267 -0.0117609 0.00204512 -0.00268219 0.00228063 0.00503952 0.00208607 -0.00223677 0.00117444 -0.00293128 -0.00909588 -0.00119272 0.0020183 0.000730809 -0.00813353 -0.00507616 -0.00735647 0.00822205 0.0019282 0.00252827 0.00200016 -0.000700317 -0.0129392 -0.00787338 0.000187418 -0.00132994 0.00900141 0.00593884 -0.00285606 0.00109873 -0.00529515 0.00123695 -0.00339089 0.00340421 -0.00365116 -0.00540176 0.00444047 0.0044727 0.0068101 -0.0122498 -0.000568073 -0.00149625 0.0111873 -0.0146285 0.00355887 0.0107854 -0.00556679 0.00620011 0.00403949 0.00555023 0.00913866 -0.00476128 -0.00229082 -0.000326321 0.00212867 0.00321878 -0.00207742 0.0128888 -0.00573319 0.0133663
internal_weight=67740.1 61523.5 44149.4 6216.61 40431.6 17374 39806.8 11391.8 5909.38 16960.1 28415 4844.08 4846.57 14310.6 23570.9 15391.2 4601.18 2067.62 4433.8 5482.37 12636.8 11755.1 11154.7 13701.5 624.806 2649.5 11588.5 7874.65 1095.4 3841.76 1806.93 4619.26 3848.28 10059.3 1378.12 3713.88 3198.9 3542.6 8179.75 591.331 3655.44 609.098 6119.05 5470.9 3185.25 318.76 1971.85 551.021 2113 995.798 3940.27 3192.73 3717.86 2754.43 1355.47 1488.17 1199.41 1162.54 685.613 134.1 551.513 511.893
internal_count=515283 378589 230536 136694 207611 148053 200261 57741 28845 140883 142520 24297 90213 113900 118223 77864 80189 10098 75501 28896 63895 58588 55525 104405 7350 26983 77802 56228 5503 18747 8804 33228 19488 50022 9417 21574 15925 59495 40359 2914 17870 9495 31101 28084 17653 1583 9365 2660 26603 4809 18921 15228 22925 13969 13983 7221 5817 5640 3385 673 2712 2476
cat_boundaries=0 1 2 3 4
cat_threshold=138984 1141 1192 137288
is_linear=0
shrinkage=0.035


Tree=87
num_leaves=63
num_cat=5
split_feature=45 46 4 40 14 24 26 26 16 22 26 22 2 3 18 31 27 2 31 22 26 16 40 23 7 33 2 43 8 16 32 16 22 9 27 16 26 20 18 18 3 47 22 49 1 25 46 39 19 3 21 44 37 47 18 26 4 27 0 13 26 23
split_gain=727.683 308.158 191.401 111.09 95.9321 89.6802 86.7071 86.9686 108.136 127.014 95.3492 85.7879 75.0185 64.3165 62.605 53.1465 52.3719 52.2828 47.5419 55.4957 54.6282 46.6006 46.5766 46.4183 44.999 44.5711 47.419 42.2153 43.3218 41.5636 41.5606 39.9608 77.5161 55.78 52.626 44.613 40.4302 38.955 38.587 38.4614 38.1771 38.1406 38.0992 38.532 35.306 35.2076 34.9035 34.8321 34.8101 34.4346 32.4396 41.4012 31.894 32.6123 31.5461 30.179 29.6417 29.5515 29.3812 29.3512 28.6077 40.8212
threshold=5.1000000000000005 15.850000000000001 23.050000000000004 1.0000000180025095e-35 19.500000000000004 14.500000000000002 284.50000000000006 122.00000000000001 0 4.5000000000000009 21.500000000000004 52.500000000000007 1.0000000180025095e-35 321.50000000000006 16040.242500000002 1.0000000180025095e-35 2.1950000000000007 3897.3600000000006 1.0000000180025095e-35 13.500000000000002 100.50000000000001 1 8378.1900000000005 0.68301270189221941 0.78888888888888908 11.500000000000002 616.4100000000002 1.5000000000000002 6.5000000000000009 2 12075.480000000001 3 11.500000000000002 410.4500000000001 1624.6400000000003 4 21.500000000000004 6.9579307268756327 13126.262500000003 2101.5972916666674 52.500000000000007 3294.0050000000006 60.500000000000007 22.500000000000004 44.680000000000014 188.49800000000005 1325.7900000000002 34.220000000000006 1090.3275000000003 40.500000000000007 24.490000000000006 73.610000000000014 2505.8350000000005 979.40500000000009 3894.5979545454547 100.50000000000001 115.22500000000001 616.4100000000002 365.84333333333336 0.7633053221288516 100.50000000000001 0.68301270189221941
decision_type=10 8 10 10 2 10 2 2 9 2 2 2 10 2 10 2 10 10 2 2 2 9 10 2 10 2 10 2 2 9 8 9 2 10 10 9 2 10 8 10 2 8 2 8 8 10 8 10 10 2 8 8 10 10 10 2 10 10 10 10 2 2
left_child=1 12 3 -3 29 24 7 10 9 40 21 13 27 17 25 38 -14 22 19 46 -20 -6 31 -18 -2 26 48 -1 -29 37 -23 45 34 36 35 -33 -34 -5 50 -22 -9 -21 44 -44 -8 59 -12 -26 -13 -24 51 -11 -41 -54 -43 -16 -28 -31 -10 -4 -38 -62
right_child=5 2 11 4 6 -7 42 8 58 15 18 14 16 -15 55 -17 23 -19 20 41 39 30 49 -25 47 -27 56 28 -30 57 -32 32 33 -35 -36 -37 60 -39 -40 52 -42 54 43 -45 -46 -47 -48 -49 -50 -51 -52 -53 53 -55 -56 -57 -58 -59 -60 -61 61 -63
leaf_value=-0.016406230064380085 -0.015750746140785331 -0.026135261293172046 0.0024388812505710959 -0.0052141946086721467 -0.01583642333748397 -0.023605009626899973 -0.0038573990202845688 -0.012979440980037366 0.003648481215084039 0.0002789590181977106 0.00015287996339729079 0.0090048476538894893 -0.018523762806273037 -0.032874674797623148 0.009135075503080901 -0.0086488432117939294 -0.004797600196171193 0.012370428255288541 0.0031504571303553582 0.0069987494130281849 0.0026622856811904993 -0.0076010104824581239 0.01559401214814338 0.0014482838578258213 -0.004116273687202859 -0.00089738554983509488 0.011881865252251451 0.0029884257954737371 -0.0099601312873843877 -0.016038972261292653 0.006097729637865726 0.0036108654931154391 -0.0067315367915621246 0.010907691338918404 -0.014902832597569386 -0.0079196654623952881 0.00827669439076913 0.0061411848381039916 -0.012525483320697054 -0.024747171872889599 -0.034793404738792014 0.01203661652989961 0.01230632657826464 -0.02020135588946894 0.005086429076838892 -0.01587958950856818 0.011776371138198332 -0.013316927081370134 -0.013268857707530857 -0.0097530318561696323 0.001920265638169244 -0.0053510373502737071 -0.0029076994222416732 -0.022327207689877268 0.029750657836070511 -0.015579336489161823 0.021287413869912505 -0.0056207245022307454 0.013425159492048202 0.017366073532777644 0.0035001397925505475 -0.010899842855534947
leaf_weight=858.68202309682965 1526.529842492193 189.31615535728633 227.57329885661602 783.95527422428131 402.3707580678165 886.61126490682364 630.54359583556652 247.22155610285699 1344.0675487387925 3579.6358434800059 2044.4255793299526 1619.1339129880071 255.05813516117632 57.851189360022545 92.337328419089317 1306.5165985580534 3743.8053590357304 815.05910208076239 5376.1600436251611 2391.8115842435509 557.03201040439308 667.66696212813258 74.550900220870972 2385.8808905296028 1246.7752046063542 367.78317999094725 916.52773305773735 412.18514138832688 1357.1865587979555 398.42071564309299 455.6039746850729 1194.2154377922416 455.54206458479166 1443.442311912775 363.60428275167942 612.85109166800976 1497.6005905494094 699.20420156046748 352.5685444585979 133.99280188046396 164.43841929920018 490.62103378959 1093.1979867648333 45.691838784143329 3765.5867609605193 54.350180171430111 373.43531187064946 846.72560064867139 89.904994115233421 504.14048441499472 3563.9045188948512 2892.1814882028848 618.40165769308805 126.94160950556397 164.86687408387661 171.81094636023045 751.39707960188389 2038.9028781838715 522.77280955575407 556.70452024787664 4518.728122651577 253.78832151740789
leaf_count=19858 40926 6539 969 5634 2483 36394 5120 1791 7766 20300 11282 8182 4375 250 399 8005 31826 5221 27082 12566 3060 4299 393 15591 20982 1817 6069 5609 21207 2852 2187 5545 2044 9654 1650 2738 7477 3536 2164 780 1932 2194 5947 372 19415 269 1748 15170 478 2409 16534 18078 3557 628 744 731 6119 13051 2467 3059 22500 1259
internal_value=-4.40563e-05 0.000926841 0.00192576 0.000537033 0.000673353 -0.0136295 0.00128287 0.000485687 -0.00146075 -0.00266988 0.00245606 0.00504883 -0.0050644 0.00363243 0.00950918 -0.00199851 -0.0030149 0.00380302 0.00348155 0.00591292 0.00153046 -0.00579351 0.00320809 -0.00236665 -0.0111805 0.0106709 0.0119307 -0.0100405 -0.00694371 -0.00450464 -0.00202623 0.00370946 0.00310178 0.00466681 -0.00277319 -0.000325663 0.00332598 0.000138656 -0.00116136 -0.00453096 -0.0217563 0.00905383 0.00528262 0.0109856 0.00380302 0.0110209 0.00195224 -0.0078421 0.00782605 -0.00646639 -0.000760917 -0.00223746 -0.00908551 -0.00624058 0.0165305 -0.00693814 0.0161293 -0.0072997 0.00635794 0.0130433 0.00405765 0.00273227
internal_weight=67579.8 63073.2 54060.4 37421.5 37232.1 4506.64 33311.7 27776.6 13973.3 12106.5 13803.3 16638.9 9012.8 12630 4008.9 11694.8 6384.74 12572.2 12277.7 5465.16 6812.53 1525.64 11757.1 6129.69 3620.03 3744.75 3376.96 2628.05 1769.37 3920.48 1123.27 11178.4 10339.8 8169.1 2170.67 1807.07 6725.66 1483.16 10388.3 1436.37 411.66 3047.3 5535.02 1138.89 4396.13 838.628 2417.86 2093.5 1709.04 578.691 10035.7 6471.82 879.336 745.343 655.488 264.148 1667.92 2437.32 1866.84 784.278 6270.12 4772.52
internal_count=515283 401811 303345 214113 207574 113472 182501 151647 79037 68804 72610 89232 98466 65437 23795 65081 51792 65187 63641 28534 35107 8969 59966 47417 77078 22665 20848 46674 26816 25073 6486 57164 52867 42934 9933 8283 33280 9170 57076 8025 3723 15504 30854 6319 24535 4297 13030 36152 8660 2802 54912 38378 4965 4185 2938 1130 12188 15903 10233 4028 31236 23759
cat_boundaries=0 1 2 3 4 5
cat_threshold=153860 134217 21730 1248 6169
is_linear=0
shrinkage=0.035


Tree=88
num_leaves=63
num_cat=4
split_feature=45 46 4 40 14 24 22 14 27 26 16 22 26 41 44 18 26 26 41 16 35 30 31 17 2 16 16 14 44 47 22 46 21 22 14 2 49 49 19 18 44 1 17 1 22 22 22 38 22 25 18 22 23 8 41 26 12 14 26 41 22 18
split_gain=685.911 288.826 166.674 90.8515 89.2332 87.6747 84.2114 82.2026 80.3821 76.586 72.8167 114.302 77.1171 62.9306 62.8141 62.0103 61.8523 57.247 54.7371 53.8093 52.7938 50.7728 49.893 48.8292 51.1541 47.5234 44.9738 44.654 43.3582 42.9111 41.8573 40.4377 39.779 38.0712 38.0406 41.243 37.6541 37.5052 36.6665 36.6608 35.1812 35.1077 34.5164 34.2843 33.9452 33.694 31.603 31.3848 31.0906 30.8749 30.4751 29.871 29.1727 34.4305 29.1187 29.0634 28.9569 28.2697 39.5576 30.8847 29.0079 27.6287
threshold=5.1000000000000005 29.265000000000004 25.960000000000004 1.0000000180025095e-35 16.500000000000004 14.500000000000002 52.500000000000007 18.000000000000004 2.1950000000000007 314.50000000000006 0 6.5000000000000009 122.00000000000001 10048.500000000002 129.64500000000001 16040.242500000002 238.50000000000003 21.500000000000004 1532.3300000000002 1 7.5000000000000009 6.205000000000001 1.0000000180025095e-35 8137.4400000000014 1847.9300000000003 2 3 20.500000000000004 20.205000000000002 141.33000000000004 44.500000000000007 256.72500000000008 96.490000000000023 20.500000000000004 18.000000000000004 616.4100000000002 12.500000000000002 15.500000000000002 1090.3275000000003 11313.973333333333 1872.99 31.715000000000003 1177.4700000000005 244.30500000000004 60.500000000000007 4.5000000000000009 2.5000000000000004 510.36000000000007 53.500000000000007 349.92000000000007 8012.9558333333334 40.500000000000007 0.93301270189221952 19.500000000000004 10263.150000000001 100.50000000000001 2.9716666666666671 21.500000000000004 91.000000000000014 2528.0100000000007 1.0000000180025095e-35 10681.365833333335
decision_type=10 8 10 10 2 10 2 2 10 2 9 2 2 10 8 10 2 2 8 9 2 10 2 10 10 9 9 2 10 10 2 10 8 2 2 10 8 8 10 10 10 8 10 10 2 2 2 10 2 10 10 2 2 2 10 2 10 2 2 10 2 10
left_child=1 4 3 -3 -1 28 13 19 26 10 45 36 17 18 21 34 29 50 25 -5 -16 -10 32 24 -20 -4 -6 -24 56 -14 39 -31 33 -19 -8 38 49 44 -36 -18 51 -22 -29 -39 -11 -9 -26 54 -44 57 -13 61 53 -23 -15 -17 -2 59 60 -12 -59 -25
right_child=5 2 6 7 8 -7 15 9 14 37 11 12 16 47 20 55 30 22 23 -21 41 52 27 40 46 -27 -28 42 -30 31 -32 -33 -34 -35 35 -37 -38 43 -40 -41 -42 -43 48 -45 -46 -47 -48 -49 -50 -51 -52 -53 -54 -55 -56 -57 -58 58 -60 -61 -62 -63
leaf_value=-0.022493736853261236 -0.017108918248100458 -0.025169423979165058 -0.0052023939756666001 0.0017159796126271565 -0.032030655980579352 -0.023305151685180915 0.0010966160780263052 0.0026577744894740489 -0.017761437234089857 0.0073695897783727423 -0.0073191815572763242 -0.0064731460789839304 -0.00029287540218152691 -0.059583124375834039 0.00089085991707114334 0.0091871649497747773 0.00037495064266060006 0.0011459576415857333 0.0045998483540062056 -0.0089910566872514457 -0.014832450560085846 -0.0012782815130062812 0.0043893754583999526 -0.027765867002782305 -0.026765180669828425 0.0038816976811217765 -0.0094948501821430203 0.0071094365054350074 -0.014276760881032578 -0.010620929854282705 0.0059779203359757527 -0.00295712008947485 0.014289768294626628 0.0089196298023081211 0.0094137986885798226 0.016255907901842864 -0.016290631773006103 -0.0063250602890974877 -0.014486087257920255 -0.020604274918267707 0.017035098245559741 -0.0057535963422712883 -0.0098151835170351646 0.0084355746350051088 0.019236939650815743 0.0097781685654705439 0.011756799535005049 0.012070248305106872 4.7536481833718243e-05 0.020330270107274364 0.010431164611986747 0.0024507434955166846 0.0036685099279563944 -0.013365871101908478 -0.012281793091756079 -0.015360033489262197 -0.0043591849692107059 0.03596525064809461 -0.0059996304773620628 -0.026995623665448117 0.0052286614962560232 -0.0040898531990378262
leaf_weight=311.36225008778274 261.62332365103066 164.355323985219 1253.0247557833791 884.99981829151511 153.50505948625505 866.95086351782084 423.3953078314662 1909.6251550987363 222.43216352723539 1476.6863418649882 1076.2249614596367 976.79480370879173 4615.6338437907398 15.93840918689966 705.67557068355381 89.809263050556183 3294.4038131646812 1413.3386712633073 6336.2670489996672 1633.6103865392506 1018.1910550761968 6179.775261266157 3340.5026382394135 133.91627015918493 25.553099796175957 1585.5359985381365 420.11630858108401 385.20812233537436 2024.5982808284461 1198.643985522911 2134.5962696671486 2844.41766779311 767.14408604055643 1699.9818077813834 1364.7419425696135 1558.6130171865225 438.21475870721042 411.92802598327398 82.566193588078022 104.2979964800179 71.115112796425819 1073.3571180514991 735.0779858790338 360.53657904826105 369.04520869627595 1419.4731701556593 1827.4609799161553 62.947983928024769 836.45803555846214 56.430321868509054 149.87291856482625 155.5255494043231 1436.2154428176582 301.83684014156461 301.67022889852524 168.76394413411617 1298.6613300070167 45.123334631323814 523.06459755450487 106.7292195148766 206.56431295350194 110.01005370914936
leaf_count=6560 8339 5851 5942 5651 4284 36394 2057 10063 5152 7425 6121 5421 25412 79 6714 389 17367 7299 32176 11229 15660 52635 16412 613 113 7732 6772 1927 43598 7436 11181 13918 3474 8464 7029 11710 4140 3281 441 670 430 8808 3813 1939 1825 7009 11901 387 4325 297 859 864 8963 3512 1381 717 25141 284 3291 849 1068 489
internal_value=-4.31885e-05 0.000895572 0.00203523 0.000713583 -0.00403454 -0.0133186 0.00505571 0.00083441 -0.00353333 0.00130104 0.000804324 0.000199792 0.000921182 0.00362082 -0.00286269 0.00967535 -0.000752148 0.00322567 0.00408455 -0.00525846 -0.00738646 -0.00130747 0.00413973 0.00546697 0.00609706 -0.00013336 -0.0162935 0.00193043 -0.0108976 -0.00259913 0.00213802 -0.00523127 0.00715439 0.00539216 0.0109216 0.0123047 -0.00700275 0.00704279 0.00804129 -0.000274723 -0.00548806 -0.0101783 -0.00226751 0.00056625 0.00975154 0.00567877 0.0112114 -0.0103647 -0.00456901 -0.00497491 -0.00421722 -0.00953043 -0.000843055 -0.00184315 -0.0148351 -0.0068316 -0.00650661 -0.00571433 -0.000515723 -0.00911574 0.0108597 -0.0171483
internal_weight=67420.1 62968.3 51145.8 35579 11822.5 4451.83 15566.9 35414.6 11511.1 32896 30277.8 26948.7 24496.4 11879 10937.5 3687.89 14192 10304.4 11498.4 2518.61 2797.22 8140.26 9177.71 8659.85 8189.28 2838.56 573.621 5297.25 3584.88 8658.7 5533.3 4043.06 3880.46 3113.32 3429.32 3005.92 2452.35 2618.2 1447.31 3398.7 470.567 2091.55 1956.74 772.465 1845.73 3329.1 1853.01 380.557 1571.54 2014.14 1126.67 399.452 7917.83 6481.61 317.609 258.573 1560.28 1957.71 774.752 1182.95 251.688 243.926
internal_count=515283 401811 282751 198301 119060 113472 84450 192450 112500 175570 161100 144028 127978 62107 101444 22343 75984 51994 60260 16880 31182 70262 45714 46586 44190 13674 11056 26477 77078 46766 29218 21354 19237 15763 21237 19180 16050 14470 7470 18037 2396 24468 10065 5220 9250 17072 12014 1847 8138 11910 6280 1966 65110 56147 1460 1106 33480 11613 4643 6970 1352 1102
cat_boundaries=0 1 2 3 4
cat_threshold=67304 21680 155904 151944
is_linear=0
shrinkage=0.035


Tree=89
num_leaves=63
num_cat=4
split_feature=45 0 42 47 32 7 22 16 17 24 22 15 37 14 32 27 23 48 1 48 16 35 14 39 7 14 43 18 35 48 33 22 35 16 18 22 37 17 1 35 1 9 22 46 39 16 22 46 18 5 3 44 17 22 22 27 14 37 1 50 52 31
split_gain=646.298 272.21 136.46 113.938 96.3064 102.064 89.915 123.691 86.1895 85.656 75.4723 74.0182 96.7542 77.75 71.1046 60.4799 55.9681 64.2895 56.3727 55.4966 53.382 48.7778 47.0756 44.7231 43.3439 42.049 41.5147 40.4021 39.0843 39.0511 38.5653 38.0171 36.7364 35.3999 41.0405 33.8941 78.4505 33.6517 35.9578 33.5521 32.4508 34.9005 32.0942 32.0621 31.9975 31.4963 43.231 36.283 30.6041 30.4484 30.5398 29.9987 29.6445 29.239 27.7193 47.4657 27.4075 27.3876 26.861 27.3048 26.7858 26.7298
threshold=5.1000000000000005 60.000000000000021 5.5000000000000009 inf 135.86000000000004 0.59166666666666679 30.500000000000004 0 1.0000000180025095e-35 14.500000000000002 9.5000000000000018 0.020408163265306149 inf 21.500000000000004 1360.72 4731.7500000000009 0.68301270189221941 1.5000000000000002 30.750000000000004 9.5000000000000018 1 8.5000000000000018 16.500000000000004 28.845000000000002 0.78888888888888908 20.500000000000004 6.5000000000000009 2000.4329545454548 11.500000000000002 10.500000000000002 11.500000000000002 11.500000000000002 11.500000000000002 2 304.87875000000003 85.500000000000014 4335.8400000000011 8137.4400000000014 2092.7700000000004 3.5000000000000004 40.980000000000011 119.52000000000005 2.5000000000000004 156.64500000000004 34.220000000000006 3 16.500000000000004 742.7700000000001 61.906833333333346 154.69500000000005 268.50000000000006 38.45000000000001 1519.2 95.500000000000014 18.500000000000004 414.51500000000004 20.500000000000004 395.52500000000009 956.34000000000003 274.11596045823552 3.5000000000000004 1.5000000000000002
decision_type=10 10 2 8 10 10 2 9 8 10 2 10 8 2 10 10 2 2 10 2 9 2 2 10 10 2 2 10 2 2 2 2 2 9 10 2 10 8 8 2 10 10 2 10 10 9 2 10 10 10 2 8 10 2 2 10 2 8 8 8 2 2
left_child=1 4 3 8 5 32 7 10 20 24 -5 12 -10 14 16 37 17 18 -13 28 -3 -6 -7 60 -2 -18 51 -17 58 45 31 33 -1 34 48 -27 -37 38 -12 -29 61 -42 -23 -25 -26 46 -19 -48 -9 50 -4 53 -16 -24 -11 -56 -20 -33 59 -8 -15 -30
right_child=9 2 49 6 21 22 19 30 11 54 15 13 -14 23 52 27 25 29 56 -21 -22 42 26 43 44 35 -28 39 40 -31 -32 57 -34 -35 -36 36 -38 -39 -40 -41 41 -43 -44 -45 -46 -47 47 -49 -50 -51 -52 -53 -54 -55 55 -57 -58 -59 -60 -61 -62 -63
leaf_value=-0.007580773704185792 -0.015169798517878745 -0.026618813589460225 0.005651313710733066 -0.021236104977404885 0.0054743317665529008 -0.01291141094569221 0.002195818135240253 0.0027927933227389935 -0.0070353676131493029 -0.02843782425934031 -0.003622712166165212 -0.020155651902114512 0.0089089476980955332 -0.0084944311213197652 -0.00083481167592971029 -0.062344062479790061 0.0065346920178552424 -0.012175623088235813 0.0015128771333926668 0.016109259132056526 -0.003941717630875273 -0.024478798813399958 -8.529980501612685e-05 -0.00015783547012534241 -0.003754083734804038 0.0010322038535846097 0.0070871894162550407 0.0082461605334539553 0.013339109134384092 0.002002492848880768 -0.01054911557416799 0.021161487321781712 -0.021009228868083967 8.4544930373400576e-05 -0.013167568443804333 -0.083845643011515855 -0.0054466655608576189 -0.014030181927807665 0.0080363029586651303 -0.019286990306390139 0.0035239786409529111 0.01267014203970109 -0.0095598350471442512 0.0071295910132151011 -0.012649439327109642 -0.0010813073688002567 -0.0068247025237698038 0.003080076070730524 0.018427469726828211 0.014063719001113485 0.018957502507135685 -0.0042275651971894401 -0.0079330561311248705 0.011154437802335352 0.12023559511389334 -0.016695579055519532 0.009454317903261138 0.0078489779414744731 0.0070430967875516432 -0.010308484613218599 0.0019964335997086566 0.034358694304710467
leaf_weight=1239.6769720893353 1488.6720582395792 211.00620161369443 2748.9340140223503 314.47089755535126 251.25961611792445 362.88301950320601 1160.1523624584079 251.32537869922817 2717.838597252965 488.80878394469619 636.84411258995533 106.12969841435552 561.82362866774201 315.37665773928165 1207.7914182711393 20.862754754722118 2960.7238118518144 963.87979176454246 972.60498092696071 791.85417462512851 328.49583747237921 190.08219080045819 5147.0647923406214 889.1509580090642 1235.06451879628 1815.0222411453724 891.68911205045879 69.830192260444164 377.6629816442728 2172.1805498953909 189.65197125822306 215.48216981440783 312.32490166276693 1778.2827334068716 86.824612386524677 17.915507961064577 91.132388211786747 174.45339269191027 657.83146902173758 234.23896573483944 1222.5603006929159 878.60230264812708 2428.2230347376317 4394.0151442885399 827.54583396576345 3260.8774454910308 1203.1494006495923 725.58394588157535 394.14954653382301 888.47790298610926 228.1803310289979 2306.7579558622092 1787.2385514546186 299.04912944696844 2.1412462517619124 356.99557486362755 1176.3129894975573 1540.0131194554269 1174.6331320293248 261.23408877104521 5176.0045453794301 92.220969282090664
leaf_count=18522 40926 4973 15357 1878 2754 4392 5855 1212 16281 22474 3090 782 2719 1372 6197 100 14386 5866 5326 4285 3206 3756 38552 5305 20982 9096 4523 332 1939 11079 919 1132 8411 8711 436 97 479 883 3169 1177 5904 6027 28360 22541 15170 18015 6936 3564 1938 6987 1386 22777 9681 1920 73 13847 5940 7859 5844 1176 25842 565
internal_value=-4.25329e-05 0.000865013 0.00206524 0.00152964 -0.0035538 -0.00200825 0.00437254 0.00154651 0.000452461 -0.0130101 -0.0054225 0.000682868 -0.00430214 0.00124223 -0.000136741 -0.00267054 0.000819245 -0.000611413 0.0046295 0.00748488 -0.0134093 -0.00923842 -0.00057946 0.00360467 -0.0106182 0.00391762 -6.03535e-05 -0.0163101 0.00616033 -0.00203132 0.00484614 0.00554422 -0.0102949 0.00277958 0.00918857 -0.000110797 -0.0189717 0.000355207 0.00230292 -0.0129576 0.00921852 0.00735266 -0.0106518 0.00590333 -0.00732742 -0.00345535 -0.00610551 -0.00309889 0.0123536 0.00837813 0.00667719 -0.000883229 -0.00507182 0.000533815 -0.0230031 -0.0155476 0.00586238 0.00949417 0.00312918 -0.000107957 0.00139249 0.0175287
internal_weight=67271.3 62872 49443 45577.4 13429 10559.4 12523.2 6564.26 33054.3 4399.23 2108.53 32514.8 3279.66 29235.1 18460.5 1794.06 15465.5 10580.7 2255.05 5958.92 539.502 2869.56 9007.44 10774.5 3551.28 4884.79 8644.56 324.932 5167.07 8325.67 4455.73 4266.08 1552 2510.58 732.3 1924.07 109.048 1469.13 1294.68 304.069 2571.05 2101.16 2618.31 5283.17 2062.61 6153.49 2892.61 1928.73 645.475 3865.59 2977.11 7752.87 2995.03 5446.11 847.946 359.137 2148.92 1755.5 2596.02 1421.39 5491.38 469.884
internal_count=515283 401811 267844 244114 133967 99097 64431 32836 179683 113472 10629 171504 19000 152504 97444 8751 81566 57508 12048 31595 8179 34870 72164 55060 77078 24058 67772 1609 27310 45460 22207 21288 26933 12297 3586 9672 576 7142 6259 1509 14435 11931 32116 27846 36152 34381 16366 10500 3150 23730 16743 63249 15878 40472 36394 13920 11266 8991 12875 7031 27214 2504
cat_boundaries=0 1 2 3 4
cat_threshold=82180 151808 1760 149521
is_linear=0
shrinkage=0.035


Tree=90
num_leaves=63
num_cat=8
split_feature=50 2 0 22 42 47 19 22 16 3 14 9 41 8 18 14 43 37 37 32 18 37 16 27 14 22 16 2 16 26 29 6 22 40 41 8 16 8 44 3 5 16 27 22 21 29 16 48 22 37 3 14 48 14 17 52 26 26 27 3 22 16
split_gain=608.086 204.068 154.124 120.167 118.408 102.984 102.37 91.6471 149.911 79.3803 69.7869 61.5921 59.9916 58.5744 55.0338 53.2977 52.0151 69.9017 50.5329 50.3837 49.5195 48.7912 46.7744 45.9222 46.6453 43.4943 45.7361 42.6272 42.3496 41.9028 48.8492 38.8279 45.2301 38.5761 38.5041 34.4058 34.0687 33.9747 33.7905 34.372 33.5747 33.4132 33.4022 33.2235 32.7719 32.0183 38.915 47.8866 36.2034 31.6939 30.348 29.6366 36.3638 29.5379 29.5836 29.5165 28.9419 31.1555 36.2598 37.3984 45.4285 32.1456
threshold=0.7379024325749326 690.5200000000001 1.6833333333333711 1.0000000180025095e-35 2.5000000000000004 10959.875000000002 1114.3950000000002 24.500000000000004 0 49.500000000000007 16.500000000000004 155.31000000000003 841.28000000000009 15.500000000000002 9200.4750000000004 21.500000000000004 1.5000000000000002 inf 5617.2250000000013 1488.51 3625.7600000000007 14528.610000000001 1 19986.300000000003 15.500000000000002 2.5000000000000004 2 217.52000000000004 3 61.000000000000007 272.50000000000006 92.842500000000015 8.5000000000000018 3391.1400000000008 67.960000000000022 3.5000000000000004 4 23.500000000000004 249.88000000000002 78.500000000000014 1358.8800000000003 5 2343.3700000000003 44.500000000000007 157.77000000000004 207.50000000000003 6 10.500000000000002 16.500000000000004 18738.880000000001 32.500000000000007 18.000000000000004 4.5000000000000009 16.500000000000004 20386.710000000006 6.5000000000000009 21.500000000000004 131.50000000000003 2.1950000000000007 45.500000000000007 18.500000000000004 7
decision_type=8 10 10 2 2 8 10 2 9 2 2 8 8 2 10 2 2 8 8 8 8 8 9 10 2 2 9 10 9 2 2 10 2 10 10 2 9 2 10 2 10 9 10 2 10 2 9 2 2 10 2 2 2 2 10 2 2 2 10 2 2 9
left_child=2 4 43 22 5 16 15 8 9 -3 -5 51 36 -8 27 25 17 19 44 -2 31 -7 -4 24 -13 -6 -27 28 -12 -11 55 37 42 -32 -21 -23 -10 -14 56 -40 -22 -15 -33 -1 -17 46 47 -30 -49 -20 -19 -9 -53 -28 -55 -31 -18 -58 -59 61 -61 -60
right_child=1 7 3 10 6 21 13 11 12 29 14 23 20 41 -16 18 38 50 49 34 40 35 -24 -25 -26 26 53 -29 45 30 33 32 -34 -35 -36 -37 -38 -39 39 -41 -42 -43 -44 -45 -46 -47 -48 48 -50 -51 -52 52 -54 54 -56 -57 57 58 59 60 -62 -63
leaf_value=-0.021339124184181879 -0.01440712361831939 0.0018878908858375734 -0.030372150136788876 -0.025290684172232524 -0.0090554271617720328 0.0051960640576494228 0.0046774431479598708 -0.00420553319770001 -0.0040380098752941726 0.00056595657760038424 -0.0094508943950092385 -0.0062186468596961437 0.0067396955681573107 0.0053388391787073958 -0.018158213376326313 0.0029086541182028816 -0.010908484962231553 0.014068206811289981 0.011807339238238906 -0.008820032798411202 -0.0083572080737617151 -0.0074366905630069606 -0.0088371777960505847 -0.0040186770568001844 0.011973715306463309 -0.00090325125714212063 -0.0064478532891737413 0.0033031656041950489 -0.01383447786716898 -0.020006369924933844 -0.06570016883702097 0.005636017462425225 0.015449554034179292 -0.010719974913563716 0.0015386007510844301 0.00062692026420527831 0.0070689411028892427 -0.0047033206533126414 -0.00086823340396956022 -0.010391106364389306 0.024080803877502669 -0.010502266295746019 -0.025998647619324012 -0.010217162965451864 0.015699762549138463 0.0017806163269558782 0.01130356653678216 -0.019905521938403462 0.0075173163966374395 -0.013291845171884619 -0.0060040635339191654 0.011532228094211984 0.0031823675510052286 0.0045044850098833814 -0.030343762109626027 -0.0071002538773400703 0.0017818551820204809 -0.016155974834567016 -0.003736006747517881 -0.013358879335086792 -0.0024649353013222438 0.0055017290468492323
leaf_weight=1278.4481214303523 1238.1858103424311 827.44141615740955 326.10326945781708 199.51342383213341 481.18634260632098 2751.1756570674479 530.36830004118383 469.68080897629261 1244.1513869538903 247.73458295315504 1540.068526469171 180.62059322744608 2124.9640887062997 181.20610458403826 326.10742109641433 5025.262393631041 383.49363406375051 250.46190804243088 1466.4072426632047 1334.7758584171534 368.17290450073779 764.14607595279813 242.0180145110935 261.92607402801514 3654.0279198810458 4671.2117616459727 329.49670197069645 956.11349778994918 694.96568888239563 423.11609759926796 39.897017620503902 407.89157456345856 1213.645320110023 26.039927892386913 654.7983148638159 4240.2046005036682 452.47647037357092 372.98049982450902 775.13636091351509 1157.60135849379 42.745133817195892 1417.8561645392329 44.437269069254398 446.92182732746005 257.04702499508858 1283.2591299600899 130.44843141548336 73.216914802789688 286.25242898985744 63.532002657651901 145.03623703867197 834.09962736070156 2725.6590332835913 5610.3489194884896 29.016930595040321 448.20162871293724 3052.0604912955314 229.79754686541855 739.50655014812946 542.66712218150496 3416.3687114231288 1193.5568129941821
leaf_count=46726 14160 4246 13192 6280 2598 13681 2487 2191 6021 1181 29531 866 10318 793 6064 23342 3113 1385 7010 10648 1967 4541 7429 1201 24498 22015 1758 11105 13547 2364 195 2145 7494 119 4283 21010 2261 1782 5278 8838 315 6790 199 13896 1225 20812 2159 1585 5204 294 1016 4110 13512 26504 135 2516 19658 3063 5153 4589 25280 7605
internal_value=-4.16955e-05 0.00116481 -0.00923923 -0.00660885 -0.000104143 -0.00182574 0.00185824 0.00448449 0.00189356 -0.00639829 -0.0050208 0.00712519 0.00455784 -0.00539545 -0.00425174 0.00271979 -0.00350816 -0.00716419 0.0051575 -0.00886584 0.00664939 0.00145287 -0.0219189 0.010147 0.0111154 0.00122626 0.00169205 -0.00333475 -0.00491858 -0.0122349 -0.0156155 0.00779327 0.0119312 -0.0444718 -0.00541179 -0.000605603 -0.00105561 0.00502988 -0.00235476 -0.00657432 -0.00493262 -0.0087372 0.0024777 -0.0184658 0.00353395 -0.00204128 -0.00619573 -0.00839683 0.00189209 0.0107571 0.00671077 0.00405125 0.00514154 0.00371822 0.00431983 -0.0133833 -0.00150087 -0.00110647 -0.00254649 -0.00201305 -0.00396117 0.0019768
internal_weight=67125.3 59341.8 7783.44 6058.07 42931.9 22869 20062.9 16409.9 8283.9 2012.43 5489.95 8126.01 6271.46 2129.43 5290.43 17933.5 15113.4 3623.26 6812.25 3227.76 4574.84 7755.53 568.121 4096.57 3834.65 11121.3 10640.1 4964.32 4008.21 1184.99 937.255 4163.92 1665.97 65.9369 1989.57 5004.35 1696.63 2497.94 11490.2 1932.74 410.918 1599.06 452.329 1725.37 5282.31 2468.14 1184.88 1054.44 359.469 1529.94 395.498 4029.44 3559.76 5968.86 5639.37 871.318 9557.45 9173.96 6121.9 5892.1 3959.04 1933.06
internal_count=515283 337753 177530 116908 248252 153301 94951 89501 43123 10621 96287 46378 32502 10070 90007 84881 114069 31492 31871 29091 24220 39232 20621 26565 25364 53010 50412 83943 72838 6375 5194 21938 9838 314 14931 25551 8282 12100 82577 14116 2282 7583 2344 60622 24567 43307 22495 20336 6789 7304 2401 19813 17622 28397 26639 4880 68461 65348 45690 42627 29869 12758
cat_boundaries=0 1 2 3 4 5 6 7 8
cat_threshold=16705 153984 162816 88200 137216 132096 139520 71814
is_linear=0
shrinkage=0.035


Tree=91
num_leaves=63
num_cat=4
split_feature=45 2 14 42 47 49 17 40 30 8 35 6 40 16 14 16 48 32 51 19 26 9 14 23 16 27 2 49 29 37 23 49 37 1 1 0 0 8 16 26 43 32 29 2 1 14 39 19 19 3 1 37 52 26 39 37 37 27 3 15 26 37
split_gain=580.218 249.699 118.841 116.031 104.475 79.5611 79.3176 78.2045 70.8151 65.7351 65.3064 61.0536 57.729 48.2815 47.4213 47.5428 49.0286 60.7729 49.7067 45.0111 44.9625 44.113 41.6304 48.9368 40.4012 36.9879 35.9168 35.8585 45.0231 41.1079 40.5691 35.3779 35.263 34.3588 33.4519 32.4423 32.2494 34.3684 31.6467 31.587 30.8261 37.0234 30.7881 30.1058 42.0003 29.5188 28.2809 34.101 26.8828 26.187 25.8568 25.5424 29.8842 25.2699 24.9828 24.1858 28.6147 24.4186 24.0955 24.058 24.0443 23.9983
threshold=5.5500000000000007 65.90000000000002 15.500000000000002 4.5000000000000009 inf 16.500000000000004 1.0000000180025095e-35 1.0000000180025095e-35 6.205000000000001 17.500000000000004 10.500000000000002 152.85416666666671 16178.610000000002 0 16.500000000000004 1 6.5000000000000009 inf 203.80762599335978 1729.6762500000002 253.50000000000003 76.350000000000009 21.500000000000004 0.68301270189221941 2 97.00500000000001 1.0000000180025095e-35 4.5000000000000009 241.50000000000003 41161.68 0.68301270189221941 14.500000000000002 13395.420000000002 31.715000000000003 182.45000000000002 1261.7400000000002 114.55000000000003 11.500000000000002 3 100.50000000000001 4.5000000000000009 333.95000000000005 207.50000000000003 1206.3800000000003 7369.5200000000004 21.500000000000004 30.980000000000004 39.489750000000008 109.80909090909093 18.500000000000004 28.040000000000003 10038.600000000002 3.5000000000000004 100.50000000000001 18.005000000000006 14528.610000000001 1.0000000180025095e-35 337.44000000000005 41.500000000000007 0.83028979402723257 39.500000000000007 20386.710000000006
decision_type=10 10 2 2 8 10 8 10 10 2 2 10 10 9 2 9 2 8 8 10 2 10 2 2 9 10 8 10 2 8 2 8 10 10 10 10 10 2 9 2 2 8 2 10 10 2 8 10 10 2 10 8 2 2 8 8 10 10 2 10 2 10
left_child=1 2 -1 4 6 26 38 49 -9 24 55 13 14 -5 -8 50 17 27 20 21 31 -15 23 -12 36 -25 -2 29 33 -17 -30 42 43 -29 53 -21 37 -10 -3 -32 -11 -42 -18 44 45 -13 48 -48 -26 -4 -16 52 -19 -27 -54 56 57 -6 -34 -23 -52 -14
right_child=5 3 7 11 10 -7 12 8 9 40 22 32 61 19 15 16 18 51 -20 35 -22 59 -24 25 46 34 -28 28 30 -31 39 -33 58 -35 -36 -37 -38 -39 -40 -41 41 -43 -44 -45 -46 -47 47 -49 -50 -51 60 -53 54 -55 -56 -57 -58 -59 -60 -61 -62 -63
leaf_value=-0.020627503844811709 -0.015419279246164696 -0.0245031705613953 -0.011182723888650725 0.0013792091474489352 0.0048624689292320767 -0.020922488894040372 -0.0077163260801462645 -0.016202096304991247 -0.0022631880817984736 -0.010575086888205989 0.0016863912856337252 0.0032785727226418066 -0.026852886563837452 0.0040048919648708516 -0.0088289406163224206 -0.013499116174907526 -0.0028480376054049535 -0.0021348013156154331 -0.0087105453206251706 -0.021005102167100557 0.0021865369604813626 0.014868785416361418 0.010294181123209345 -0.013809890307642828 0.0025239163966636986 0.021503132176415987 -0.0070812927920309672 -0.010111537744529645 -0.0077479060514742994 0.009616074166611057 0.0019636969989390704 -0.010087124394845137 0.021595590428439383 0.0068516472586365252 0.0061790030615676778 0.0020314489770602113 0.0021030306269949474 -0.0093290389007120254 -0.0056425178777100319 -0.0068337707085024089 0.0058416229394170835 -0.0067731679187662984 0.0052788533003193597 0.016744559683564791 -0.052882862824624309 0.017589329215117109 -0.012263776039325427 -0.00082901862052522186 -0.0021903933547883451 -0.035097288108534359 -0.0080696548772032015 0.0145344977633139 0.001770944133533515 -0.0042327358423138598 0.0090207602474612833 -0.00079652497793264313 0.0046451707811424863 -0.038787596545875297 -0.011428117817928241 0.0059240266623492585 0.0084989226273922448 -0.0064325296195297072
leaf_weight=439.0636841095984 958.37771316058934 197.67003281787038 119.34508954361081 3665.7525618001819 28.111679282039404 1124.1624784935266 838.33798860944808 416.32962909713387 2181.893241584301 1284.7174396961927 2637.8290906045586 477.18948324024677 123.98600211367011 1500.9945027157664 129.22637398727238 432.45233124494553 3805.6479499097914 627.20447643846273 1037.7658962532878 103.50952925533056 3941.3894400652498 1227.0596387311816 2265.3458424247801 71.270291186869144 6315.2694701384753 437.36911650002003 1870.7618357706815 159.13546541146934 892.49749564006925 119.65246365219355 3126.1774747148156 699.74969326145947 33.376218907535076 1702.1102636344731 550.48708544671535 263.69245135784149 1004.9184640087187 1374.4199397191405 273.72425185702741 594.09874191693962 405.21134838461876 954.80514612421393 670.88401858881116 983.68279373645782 12.881929263472555 279.83285985887051 409.90099776349962 1436.768983958289 1935.0500293094665 107.22209876216948 114.39578607305884 359.91137070581317 912.84907111525536 51.980434276163578 1609.6807559840381 3068.3074929658324 2191.3818361125886 33.99311102181673 126.67355065047741 528.95678136497736 1568.4436727557331 163.69336737133563
leaf_count=8622 30023 4599 3420 18382 135 40887 5691 9930 19004 17019 13924 2734 676 7007 759 2428 19350 2956 5193 521 20407 7223 12474 347 48303 2278 35681 1211 5150 552 15567 4581 258 8931 2873 1681 6077 14703 2628 3160 2438 6830 3522 7686 63 1706 4925 11789 12734 4311 529 1736 4186 280 7642 14875 10704 150 685 2880 7331 936
internal_value=-4.10596e-05 0.00077489 -0.00265784 0.00218867 0.00127922 -0.0130462 -2.41821e-05 -0.00221707 -0.00195512 -0.00161141 0.00405002 0.00568984 0.000259701 0.00422825 0.000452068 0.000756703 0.000278783 0.00195152 -0.00145635 0.00708543 -0.000629814 0.00841451 0.00654864 0.00428321 -0.000694872 0.0104411 -0.00991026 7.26045e-05 0.000803275 -0.00848125 -0.00105091 -0.00277428 0.0112526 0.00539665 0.012115 -0.00450167 -0.00342418 -0.00499581 -0.0142246 0.000557352 -0.00668906 -0.00301311 -0.00162918 0.0126875 0.00748903 0.00858476 0.000541145 -0.00337243 0.00141808 -0.0226047 0.0061751 0.00571192 0.00469949 0.0187663 0.00639895 0.00122557 0.00397795 -0.0192655 -0.00445014 0.0121793 0.0073685 -0.015296
internal_weight=66978.6 63025.3 18384.9 44640.4 35436.8 3953.3 24100.7 17945.9 17719.3 17303 11336.1 9203.6 23629.3 7289.97 23341.6 22503.3 20691.2 10535.8 10155.4 3624.21 9117.67 3257.01 6014.28 3748.94 14658.2 1111.11 2829.14 7026.12 6474.02 552.105 4612.77 5176.28 1913.64 1861.25 1039.84 367.202 4561.23 3556.31 471.394 3720.28 2644.73 1360.02 4476.53 1753.59 769.904 757.022 10097 1846.67 8250.32 226.567 1812.07 3509.65 3149.73 489.35 2522.53 5321.79 2253.49 62.1048 160.05 1756.02 1682.84 287.679
internal_count=515283 408692 170105 238587 187761 106591 129721 161483 153752 143822 58040 50826 122494 37694 120882 115191 106572 53519 53053 19312 47860 17110 32176 19702 117535 5778 65704 36999 34019 2980 23877 27453 13132 10142 5431 2202 39784 33707 7227 18727 26287 9268 22872 12189 4503 4440 77751 16714 61037 7731 8619 16520 14784 2558 11828 25864 10989 285 943 10103 7860 1612
cat_boundaries=0 1 2 3 4
cat_threshold=153625 66796 30732 160000
is_linear=0
shrinkage=0.035


Tree=92
num_leaves=63
num_cat=7
split_feature=45 46 4 40 14 49 22 26 26 16 22 26 12 3 18 27 15 32 3 22 29 26 16 3 18 41 16 16 16 31 16 14 17 22 17 22 32 21 0 15 39 16 37 22 3 22 17 22 48 49 0 3 40 46 41 29 26 26 4 35 44 22
split_gain=546.674 239.017 146.271 94.2994 80.7534 77.2664 77.0842 72.6542 78.6918 91.2003 105.069 84.0077 64.5423 60.9057 54.8255 51.709 48.5631 53.709 45.2423 84.5242 45.0844 54.0165 44.2828 43.5137 41.8465 43.7628 46.8126 41.7266 41.6179 40.3371 56.1567 52.5271 52.4647 52.4426 37.7444 37.7154 36.7524 34.5696 34.4768 33.8666 33.0847 38.1089 35.2381 39.3768 32.7853 32.7535 59.1947 32.5261 32.8988 32.0208 31.9589 31.4855 31.3198 31.3176 31.3047 34.5906 31.0194 29.9824 29.7989 29.171 28.4854 28.0681
threshold=5.5500000000000007 15.850000000000001 25.960000000000004 1.0000000180025095e-35 18.000000000000004 16.500000000000004 52.500000000000007 284.50000000000006 122.00000000000001 0 4.5000000000000009 21.500000000000004 2.1275000000000008 321.50000000000006 16040.242500000002 2.1950000000000007 0.11374547994740296 153.91000000000003 82.500000000000014 28.500000000000004 232.00000000000003 39.500000000000007 1 52.500000000000007 13126.262500000003 3573.5500000000006 2 3 4 1.0000000180025095e-35 5 20.500000000000004 2544.6500000000005 30.500000000000004 3324.2400000000007 19.500000000000004 12075.480000000001 154.77500000000003 1.4899999999999956 0.50296948292490484 152.73000000000005 6 7103.3400000000001 9.5000000000000018 23.500000000000004 8.5000000000000018 1473.8350000000003 33.500000000000007 3.5000000000000004 22.500000000000004 365.84333333333336 37.500000000000007 2481.7800000000007 558.54000000000008 3573.5500000000006 145.50000000000003 91.000000000000014 21.500000000000004 80.050000000000026 20.500000000000004 20.925000000000001 53.500000000000007
decision_type=10 8 10 10 2 10 2 2 2 9 2 2 10 2 10 10 10 10 2 2 2 2 9 2 10 8 9 9 9 2 9 2 8 2 10 2 8 8 10 10 10 9 10 2 2 2 10 2 2 8 10 2 10 8 8 2 2 2 10 2 10 2
left_child=1 12 3 -3 22 38 13 8 11 10 23 28 -1 16 39 44 18 40 45 52 27 -22 -5 34 25 26 -12 54 -6 32 -31 33 53 -32 -10 51 -30 -34 -2 -8 41 -18 43 -42 -14 46 -4 -7 -49 -37 -11 -9 -20 -13 -17 -56 -21 -43 -41 -27 -40 -33
right_child=5 2 6 4 7 47 14 35 9 50 24 29 15 -15 -16 20 17 -19 19 56 21 -23 -24 -25 -26 59 -28 -29 36 30 31 61 37 -35 -36 49 -38 -39 60 58 42 57 -44 -45 -46 -47 -48 48 -50 -51 -52 -53 -54 -55 55 -57 -58 -59 -60 -61 -62 -63
leaf_value=-0.01564305924833289 -0.017572253880688248 -0.024929583027309261 -0.0012459546497480972 0.00090572073440387956 -0.014991630405899898 -0.024659519804129615 0.013249460049766933 0.0047871059771897716 -0.014744667210139444 0.0026745602059914408 0.00068570767482209634 0.00074642745085007551 -0.0095118700117408483 -0.032487006802640356 -0.0065471383534936633 -0.012179095853832563 0.018543495774705744 0.0011086949021691099 -0.0095289199768653944 0.01529338902288533 -0.010715347452932174 0.0015740375180168479 -0.0086206721314059358 -0.034078779006400529 -0.01290416943654072 0.00015375324452814336 -0.0085406383389137093 0.00071824633153836877 -0.0072140873946516526 0.0064058929744956177 -0.0033532918519181688 -0.0096507361418509911 0.0080168984169563615 0.0057624688219818591 0.033514507866575768 0.0075679470293419154 0.0055410234316651992 0.020905374910180845 -0.00357160457303006 0.0019092772870628917 -5.9930056654509409e-05 -0.009552254061644342 -0.0028532279308557799 0.015413558036011975 -0.031225686400836967 0.0039746169608336959 -0.034635481364862178 -0.026566231781771137 -0.0038500867843022407 -0.013822555966621086 0.012210640241939741 -0.0034420885359890793 -0.035824318205465298 0.0078521955010753715 -0.0017575250703824369 -0.010652168435932557 -0.0049230101573579802 0.004822004239393789 0.011548870542098365 -0.0070248795013399534 -0.011443839314612304 -0.0009461169033087879
leaf_weight=595.44643931463361 542.34589779935777 177.32188473641872 561.65020299702883 918.60392114892602 402.30257588252425 756.50726314820349 1865.776431709528 1308.2884635925293 242.76669373363256 1562.9426937811077 1047.9062458034605 2517.2120298780501 303.45128022506833 57.597909107804298 261.55161046981812 1103.4354256056249 228.54187855124474 3194.2508651539683 93.4266706854105 124.29268979281187 509.97001544572413 3072.4370205700397 1715.5664599500597 158.42176825925708 409.14942142181098 8906.6793150529265 1893.1805836390704 1037.6703791115433 673.88781728595495 1962.0395674798638 1286.4272146020085 911.66260023787618 1651.6811301335692 1934.4918968081474 20.673046238720417 3281.119601175189 468.12793188542128 301.27451437711716 1064.1983563415706 866.13487076759338 241.52508051693439 187.09766177088022 198.70331934839487 1213.4261343479156 118.27457895316184 2061.3529679551721 72.574448198080063 118.10312802158296 228.08239391259849 87.141245687380433 593.62892108783126 1007.1364480033517 139.12912045419216 1087.4551945608109 1465.5135554112494 843.5329492688179 359.44646836072206 3259.4736227989197 718.64533539116383 750.97510077059269 1197.8384983222932 903.01220671646297
leaf_count=16126 19276 6795 2488 6165 2528 29955 11910 6939 1796 8963 5780 13947 5021 250 1120 14998 1180 16087 423 631 6088 24425 12308 1978 2586 48136 11879 9735 4416 10234 6701 4914 8746 9617 143 17904 2247 1375 21454 4709 1225 845 1139 8255 3525 10240 309 4063 6869 802 2822 6313 605 5120 15016 7853 1863 17479 4971 4181 24974 4841
internal_value=-4.02859e-05 0.000748448 0.00163239 0.00046285 0.000581982 -0.0127422 0.00447557 0.00102233 0.000328161 -0.00138571 -0.00245843 0.00222272 -0.00451449 0.00311085 0.00888245 -0.00372894 0.00328536 0.00469779 -0.000243316 -0.00805547 -0.0031006 -0.000177908 -0.00532876 -0.0196301 -0.00190196 -0.00154366 -0.00528088 -0.00545283 -0.00547805 0.00317029 0.00140199 -0.000560195 0.00539611 0.00212175 -0.0108452 0.00464725 -0.0019681 0.0100148 -0.00964988 0.0100536 0.00684861 0.00499637 0.0109596 0.0128466 -0.0156611 0.00183482 -0.00511523 -0.0205908 -0.011654 0.00701061 0.00527948 0.00120773 -0.0253465 0.00289168 -0.00730968 -0.00501009 0.000292257 0.00402747 0.00628504 -0.000405124 -0.00774348 -0.00532208
internal_weight=66842.5 62935.4 53885.7 38181.1 38003.8 3907.08 15704.6 35369.6 29685.9 15586.3 13429.8 14099.6 9049.73 11992.5 3712.11 8454.29 11934.9 8523.02 3411.87 716.295 8032.56 3582.41 2634.17 421.862 13007.9 12598.7 2941.09 4450.15 1544.32 12555.3 6997.63 5035.59 5557.62 3220.92 263.44 5683.69 1142.02 1952.96 2804.38 3450.56 5328.77 3675.11 1653.65 1454.95 421.726 2695.58 634.225 1102.69 346.186 3368.26 2156.57 2315.42 232.556 3604.67 3412.48 2309.05 483.739 3446.57 1584.78 9657.65 2262.04 1814.67
internal_count=515283 408692 305905 220176 213381 106591 85729 194908 162950 88264 76479 74686 102787 63019 22710 86661 62769 46210 16559 3522 78115 30513 18473 3917 72562 69976 17659 47602 9191 65495 36307 26073 29188 16318 1939 31958 6663 10121 65704 21590 30123 19504 10619 9480 8546 13037 2797 40887 10932 18706 11785 13252 1028 19067 37867 22869 2494 18324 9680 52317 46428 9755
cat_boundaries=0 1 2 3 4 5 6 7
cat_threshold=153860 21664 135168 22792 134217 133353 225
is_linear=0
shrinkage=0.035


Tree=93
num_leaves=63
num_cat=0
split_feature=45 2 22 2 14 19 24 3 0 42 26 35 44 39 13 22 29 40 22 44 19 0 50 13 40 18 47 43 18 8 1 18 26 26 22 37 47 51 15 22 22 12 14 18 2 37 48 1 22 15 2 19 48 14 26 19 3 23 52 47 14 18
split_gain=515.02 217.138 110.896 109.663 105.618 95.3238 80.7368 77.275 70.3382 66.9746 55.8673 53.473 65.0922 52.4025 47.6514 42.649 42.5081 42.4629 61.9496 40.318 40.0836 45.2618 39.6657 41.4947 39.2298 38.3856 37.6651 37.0353 36.8882 36.6458 35.4525 40.4915 35.0079 45.8458 34.7097 32.9015 29.8197 29.5752 28.602 28.3652 28.2644 28.2314 27.9365 27.7063 27.5126 27.3242 27.0665 26.5865 26.3849 26.2545 26.1461 26.0022 25.9176 25.1167 25.8414 25.034 24.7253 24.4063 23.694 30.3021 27.0128 23.6768
threshold=5.1000000000000005 65.90000000000002 2.5000000000000004 1122.5200000000002 15.500000000000002 1951.4700000000003 14.500000000000002 10.500000000000002 4.8000000000000069 4.5000000000000009 30.000000000000004 8.5000000000000018 84.105000000000018 201.66000000000005 0.8973684210526317 53.500000000000007 358.00000000000006 323.44 8.5000000000000018 20.205000000000002 3742.1025000000004 1345.0400000000002 65.471795453648625 0.83045977011494265 16178.610000000002 268.29375000000005 3479.1300000000006 4.5000000000000009 1287.7125000000003 17.500000000000004 70.980000000000018 7060.9015909090913 146.50000000000003 253.50000000000003 74.500000000000014 2891.9700000000007 325.8900000000001 168.15512448335923 0.2791953560110691 18.500000000000004 18.500000000000004 272.96500000000003 16.500000000000004 45.480000000000004 1.4100000000000001 7647.6600000000008 11.500000000000002 38.415000000000013 17.500000000000004 0.46644710666671857 1.0000000180025095e-35 212.80285714285719 2.5000000000000004 19.500000000000004 314.50000000000006 1.4711111111111113 254.50000000000003 0.68301270189221941 5.5000000000000009 318.16000000000008 21.500000000000004 16040.242500000002
decision_type=10 10 2 10 2 10 10 2 10 2 2 2 8 10 10 2 2 10 2 10 10 10 10 10 10 10 8 2 10 2 10 10 2 2 2 10 10 10 10 2 2 10 2 10 10 8 2 10 2 8 10 10 2 2 2 10 2 2 2 8 2 10
left_child=1 4 7 5 -1 9 19 42 29 13 -9 27 36 16 -11 22 17 43 28 52 21 -7 30 37 26 -12 32 -10 -19 34 57 -32 45 49 -6 -28 44 -24 39 -15 -8 -29 -3 -4 -13 -20 -27 -35 -37 -34 -21 -41 -2 -49 -55 -54 -16 -5 59 -46 -60 -17
right_child=6 2 3 15 8 20 40 10 11 14 25 12 -14 38 56 61 -18 18 24 50 -22 -23 23 -25 -26 46 35 41 -30 -31 31 -33 33 47 -36 48 -38 -39 -40 51 -42 -43 -44 -45 58 -47 -48 53 -50 -51 -52 -53 55 54 -56 -57 -58 -59 60 -61 -62 -63
leaf_value=-0.019815717667659813 -0.015692679922130661 -0.02475689015470444 -0.0043518793626921319 0.0042019713661816498 -0.0080439405203265296 -0.011852912899726252 -0.027734064898862581 0.0058870939442162091 0.00052157111499570444 0.001792331046249068 -0.0055688981034008773 -0.0063166421960167479 -0.0062211006965968759 -0.013834233476027599 0.0070472687169261129 0.012056537195620057 -0.0074688454948655912 -0.0030404321844256701 0.0025278132450467887 -0.018691924927314949 -0.02513831724025602 0.002412389673036361 0.0071647655119783131 0.010674785088063965 -0.012080991451047319 -0.026010126720492348 0.0028951142919105663 0.0068243252005475352 -0.017500817344642303 -0.019343231227135209 0.0013681751632368129 -0.024620912098979011 0.00065641380865309501 -0.0055356406920148574 0.0059266357038878451 -0.013164907224627584 -0.0087082424622863183 -0.0017301864735831244 0.00019745243300823027 -0.026038199758091768 -0.014273242520774455 0.030286149384845369 0.00067289235980025981 0.0079028093868778217 -0.0057396089120981325 0.011765842522465431 0.0077812584122881482 -0.0023113611893196793 0.010259104875083948 -0.0053644663287792677 -0.010012569765744226 -9.8313111817438791e-05 -0.023597170392839456 0.0019320023960035973 0.0084113744484054873 -0.0020298255702932725 0.017045084833640874 0.017185580382013621 0.00026297692948341352 0.0038904927322660873 0.0063461777912763749 -0.0027320008842346448
leaf_weight=419.32524317875504 243.03632136806846 54.298751855269074 255.61650670133531 462.80684663914144 1603.3221576530486 629.00267986766994 449.73179044574499 140.09618136473 3967.2892673425376 2692.8135625049472 202.40621422976255 725.86986735463142 3885.2146370559931 541.80218866840005 2865.8222832009196 1536.6786791868508 621.75943215936422 1074.6275973767042 4571.9720556568354 639.65570442378521 146.14980655536056 479.5835890173912 1096.2532887682319 2024.5205897241831 244.65190505981445 442.43228811956942 4162.7615661732852 679.78619692102075 269.70312631130219 298.94946653209627 3387.9874028284103 74.065166672691703 1387.0056135971099 512.1033395268023 251.33922746777534 60.904535666108131 508.11754787713289 785.30562344193459 928.52563667297363 51.292376473546028 338.8258287999779 68.392895856872201 1229.5725471582264 1912.9836890026927 1164.9044045936316 428.16520965285599 30.640004193410277 883.71715501509607 1284.8585520610213 2460.0644184947014 1282.853563612327 499.72382870316505 68.81432999111712 2025.0233863014728 1201.1489204335958 1190.7602052986622 338.6533514559269 287.48308855108917 2491.0452133025974 608.66423008963466 1394.0442032124847 144.77429306507111
leaf_count=8301 6362 381 1227 2250 28388 3179 22474 926 27029 12319 2158 8675 35258 3139 15542 10606 3129 5482 22302 19829 735 2389 5132 14252 1203 5874 19860 3641 1597 7139 17387 427 6974 3634 3757 290 3498 3729 5061 272 13920 333 6791 9257 7162 2102 478 5416 6355 12921 23769 2642 2453 9842 5744 24665 2029 1528 18700 2980 9733 656
internal_value=-3.94993e-05 0.000759106 0.00207464 0.0024641 -0.00247609 0.00148624 -0.0118815 -0.00577526 -0.00206296 0.00186582 -0.014193 -0.00123887 -0.00259887 0.00108496 0.0052254 0.00570961 0.00155288 0.00179992 0.00130858 -0.00955186 -0.00796912 -0.00568501 0.00465776 0.00719799 0.00181666 -0.0183602 0.00199645 0.00186947 -0.00595236 -0.00798824 0.00230107 0.00080523 0.000999144 -0.00037195 -0.00614851 0.00443439 -0.000556496 0.00345334 -0.00432001 -0.00815499 -0.0219756 0.00900659 -0.00042104 0.00645699 9.35288e-05 0.00332107 -0.0238097 0.00197724 0.00919003 -0.00319412 -0.0129086 -0.00255577 -0.00525141 0.00291448 0.00434622 -0.0032259 0.00810884 0.00919306 0.000916771 -0.00243436 0.00244682 0.0107824
internal_weight=66709.7 62496 44429.8 42330.3 18066.3 32530.4 4213.68 2099.45 17646.9 31275.7 815.575 15493.3 10777.9 25378.4 5897.29 9799.87 23357.1 22735.3 20566.7 3425.12 1254.74 1108.59 8118.42 3906.08 19222.4 675.479 18977.7 4715.47 1344.33 2153.61 4212.34 3462.05 13469.2 8469.06 1854.66 5508.52 6892.65 1881.56 2021.34 1092.82 788.558 748.179 1283.87 2168.6 6384.53 5000.14 473.072 4621.99 1345.76 3847.07 1922.51 551.016 1502.61 4109.89 3226.17 1259.57 3204.48 750.29 5658.66 1773.57 3885.09 1681.45
internal_count=515283 401811 237217 220609 164594 164642 113472 16608 156293 158339 9436 117009 86006 128449 29890 55967 117335 114206 103722 77078 6303 5568 44705 23113 96643 8510 95440 31003 7079 39284 21592 17814 68935 44531 32145 26505 50748 8861 11114 6053 36394 3974 7172 10484 47250 24404 6352 24636 6645 19895 43598 2914 33480 21002 15586 27118 17571 3778 38575 10142 28433 11262
is_linear=0
shrinkage=0.035


Tree=94
num_leaves=63
num_cat=4
split_feature=24 2 4 33 12 40 22 3 1 26 48 26 26 16 22 3 22 19 44 23 22 16 22 27 16 19 39 18 22 40 2 25 49 44 1 47 39 32 17 22 13 31 26 35 15 13 22 12 46 8 17 23 40 40 27 7 2 27 18 32 32 16
split_gain=488.096 202.737 125.81 112.364 95.3179 83.9092 82.6372 93.0375 71.6278 68.6184 63.5273 57.3213 64.6008 73.0868 130.282 75.286 56.3967 54.5278 53.5254 51.828 49.3298 51.9849 51.8111 87.421 51.2209 49.0029 48.5338 52.7033 47.2032 57.1971 43.2967 42.9013 40.2368 40.2053 40.6788 39.1422 36.381 35.777 35.423 35.16 34.0452 32.2688 32.6168 32.1919 31.8378 30.4665 30.0932 28.9321 27.9234 27.8294 27.7786 27.7225 26.5989 50.5712 35.1829 36.8257 32.3084 26.4611 26.1945 26.0647 25.8764 25.2568
threshold=7.5000000000000009 547.0200000000001 1.0000000180025095e-35 11.500000000000002 0.90333333333333343 1.0000000180025095e-35 35.500000000000007 85.500000000000014 4.0250000000000012 122.00000000000001 2.5000000000000004 314.50000000000006 91.000000000000014 0 6.5000000000000009 51.500000000000007 22.500000000000004 1141.3000000000002 343.40000000000009 0.68301270189221941 2.5000000000000004 1 13.500000000000002 2575.6100000000006 2 239.58545454545455 115.22500000000001 11313.973333333333 40.500000000000007 2388.0750000000003 55.25500000000001 104.32400000000003 2.5000000000000004 46.105000000000011 115.42500000000003 1168.1000000000004 160.94000000000003 76.360000000000028 8724.340000000002 3.5000000000000004 0.92450142450142458 1.0000000180025095e-35 122.00000000000001 12.500000000000002 0.88059056633596444 0.91833333333333345 8.5000000000000018 871.71500000000003 558.54000000000008 11.500000000000002 5030.6400000000003 0.25000000000000011 3109.0800000000004 2891.7133333333336 3075.7500000000005 0.95833333333333337 194.67000000000004 3848.0400000000004 848.53208333333339 454.87500000000006 7.7500000000000009 3
decision_type=10 10 8 2 10 10 2 2 8 2 2 2 2 9 2 2 2 8 8 2 2 9 2 10 9 10 8 10 2 10 8 10 10 8 10 10 8 8 10 2 10 2 2 2 8 10 2 10 10 2 10 2 10 10 10 10 10 10 10 8 10 9
left_child=1 2 3 8 -2 -6 7 20 49 47 -7 12 19 39 15 50 40 32 41 61 24 -22 23 36 -3 -8 35 44 29 30 51 38 37 60 -35 -27 -23 -4 -24 -14 -11 42 -16 -19 -28 -34 58 -9 -45 -1 -15 -12 53 56 55 59 -30 -18 -38 -55 -13 -10
right_child=4 6 17 -5 5 10 25 9 11 16 28 33 13 14 18 -17 57 43 -20 -21 21 22 31 -25 -26 26 27 -29 52 -31 -32 -33 45 34 -36 -37 46 -39 -40 -41 -42 -43 -44 48 -46 -47 -48 -49 -50 -51 -52 -53 -54 54 -56 -57 -58 -59 -60 -61 -62 -63
leaf_value=-0.0042064627812299542 -0.024859158119964499 0.0043009989747535265 -0.014681368193031083 -0.013488053953581021 -0.028179714199747206 -0.01921014627941418 -0.028285146410771705 -0.0056456390038832367 -0.0020649335275766487 -0.014763412640837437 -0.015269809986163318 0.022040884342580069 0.0011219985829043716 -0.010699593546062581 0.0087049714747995961 -0.030598890454981809 -0.0005053208148724439 0.013374321657087693 -0.0098170446809827342 0.0023819815711266738 0.012977327270309841 0.00027768892513390866 0.0034674631742631083 -0.013007228373487315 -0.014746468347723876 0.0069530229653027098 0.016429089341455788 -0.00087272719635615443 -0.0024284780380057144 -0.019558242794202412 0.006898227397144417 0.009696715460498417 0.0020707295062975433 -0.0077810616414186349 0.0075572336270920207 0.00010285086394492169 0.011700992376177355 -3.0346192981227905e-05 -0.030430092488377514 0.01457107708012269 -0.040568719407834956 -0.0058917601931271942 -0.0012925627442415509 -0.016719891789603779 0.0068809221072260512 0.0063979192204225649 0.01541399481031152 0.0071286031013860609 -0.0036850030857014482 -0.011190105128374575 0.042329378634475105 -0.0024397009836905283 -0.0022934437660956804 0.14123333848683292 0.022476310800709488 -0.0066967793933736634 0.049297766563794858 -0.018148415849144159 -0.0064657364524174912 -3.9046044855324375e-05 0.0047408747449492255 -0.014498973529449642
leaf_weight=1760.8186315484345 626.362633863464 324.02355039305985 210.42699667811394 1069.7238083295524 277.80071304179728 507.51224196515977 47.984903607517481 334.39692947268486 547.28249973990023 486.87260259129107 407.27597037144005 247.49725446477532 752.72647833265364 717.8827790338546 428.23910365253687 302.0030054859817 625.63890253007412 85.676419764757156 1167.8594211302698 5640.8466670028865 713.13854160532355 2650.2124622873962 3152.9546767398715 529.62945876270533 354.69132162258029 3298.8835640363395 1315.0642715916038 383.41318121552467 139.1205980181694 442.27908245846629 291.07374468445778 1908.7298689261079 10252.560592470691 342.96538140997291 550.37555288895965 1480.2156846411526 177.83743637800217 5953.425115853548 37.230548236519098 347.43600407242775 71.50223408639431 1828.1354340240359 5819.1180964149535 341.56772196292877 637.10886753723025 2473.8175739347935 409.05152445286512 615.61219681426883 490.11129562556744 1160.4637626800686 11.343548759818075 417.94863413646817 507.74132590927184 8.8607736099511349 31.475651055574417 3.6878483686596146 15.542277052998541 123.94300608709455 212.11364023387432 1.9089955762028701 185.76874003373086 316.18801455758512
leaf_count=24649 27711 1644 1207 13881 14291 17019 250 1600 4212 3348 12971 1701 6188 6420 2587 4382 3175 426 9163 33469 3752 12680 15177 2800 3018 17768 10220 1855 3693 12995 6499 11403 47385 3348 3182 7986 893 27515 224 2233 339 12980 41785 1549 3863 12347 2307 3082 2276 16587 96 12431 13140 263 778 83 286 650 1088 45 1655 2733
internal_value=-3.86409e-05 0.00068622 -0.000665214 -0.0024145 -0.0124287 -0.00987052 0.00360801 0.00191537 -0.00187857 -0.0045269 -0.00802775 -0.00110175 -0.0016227 -0.0032135 -0.00412993 -0.0159275 -0.0097239 0.00138339 -0.00281663 0.00115937 0.00330506 0.00393772 0.0032084 0.000218442 -0.00581379 0.00661504 0.00685437 0.0109891 -0.00551689 -0.00891996 -0.00469133 0.00554734 0.0017882 0.00591516 0.00166654 0.00483181 0.00225243 -0.000532816 0.00306246 0.00533024 -0.0181345 -0.00180316 -0.000605976 -0.00694525 0.0133181 0.00291231 0.00879394 0.00263095 -0.00905204 -0.00698356 -0.00981786 -0.00878261 0.00197303 0.01273 0.0445547 0.0880577 0.00305286 -0.00344289 0.00182795 0.118316 0.0146513 -0.00682118
internal_weight=66573.1 62894.5 43004.3 23196.7 3678.59 3052.23 19890.2 12727.6 22127 2257.97 2774.43 19205.7 17879.1 11374.7 10274.6 1031.23 1307.96 19807.6 9243.35 6504.32 10469.6 9790.9 9077.76 3978.84 678.715 7162.67 7114.69 2335.59 2266.91 1558.58 1116.3 5098.92 18890.2 1326.61 893.341 4779.1 3449.22 6163.85 3190.19 1100.16 558.375 8075.49 6247.36 917.355 1952.17 12726.4 799.003 950.009 831.679 2921.28 729.226 825.225 708.337 200.596 45.9333 14.4576 154.663 749.582 389.951 10.7698 433.266 863.471
internal_count=515283 393078 283956 191251 122205 94494 109122 67180 177370 12194 80203 136134 126248 85834 77413 10898 7512 92705 66515 40414 54986 50324 46572 19768 4662 41942 41692 15938 63184 44896 31901 26804 88454 9886 6530 25754 16968 28722 15401 8421 3687 57352 44372 4251 14083 59732 4288 4682 3825 41236 6516 25402 18288 5148 1169 391 3979 3825 1981 308 3356 6945
cat_boundaries=0 1 2 3 4
cat_threshold=66681 1152 1752 16784
is_linear=0
shrinkage=0.035


Tree=95
num_leaves=63
num_cat=4
split_feature=45 46 44 42 14 22 16 7 16 22 49 8 27 15 32 23 26 39 14 1 27 14 16 17 41 41 19 18 0 22 16 22 22 22 27 41 17 18 26 23 46 18 44 17 37 41 27 50 40 18 37 3 46 4 0 23 17 27 37 22 41 9
split_gain=464.606 203.302 105.702 98.5893 81.3452 104.507 75.9089 75.6652 74.227 83.0252 72.8008 68.4264 66.7918 59.597 58.2499 80.4786 59.1844 51.1047 48.0583 45.2789 42.6857 41.756 40.8664 37.3537 36.1808 34.6208 34.2365 34.0383 33.8786 33.0645 32.9444 38.4997 32.874 32.3568 35.0457 32.6631 30.9965 30.1998 29.2717 33.162 34.7514 29.0577 28.9779 28.9704 28.1617 28.0666 27.975 27.31 28.4344 27.2533 27.077 26.6985 26.5265 26.0131 25.8488 25.5092 25.4832 138.067 27.6594 25.2979 25.1051 25.0209
threshold=5.5500000000000007 95.120000000000019 112.07000000000001 5.5000000000000009 21.500000000000004 2.5000000000000004 0 0.59166666666666679 1 7.5000000000000009 17.500000000000004 16.500000000000004 4.4900000000000011 1.0000000180025095e-35 607.43000000000018 0.68301270189221941 100.50000000000001 28.180000000000003 20.500000000000004 57.180000000000014 1334.4000000000003 16.500000000000004 2 1797.4800000000002 30053.525000000005 456.40000000000003 81.699642857142862 1231.6437500000002 1.4899999999999956 5.5000000000000009 3 60.500000000000007 19.500000000000004 27.500000000000004 5709.3300000000008 726.21000000000015 7.2900000000000009 11313.973333333333 284.50000000000006 1.0000000180025095e-35 2.5350000000000006 456.68583333333339 20.925000000000001 423.77000000000004 16545.330000000005 5589.1800000000012 54.810000000000009 1.0000000000000229 3843.8200000000002 3007.6400000000008 4289.7200000000012 265.50000000000006 3903.0300000000007 5.8050000000000006 175.36000000000016 1.0000000180025095e-35 4989.0600000000004 6027.3000000000002 6091.380000000001 29.500000000000004 34.285000000000004 464.7000000000001
decision_type=10 8 8 2 2 2 9 10 9 2 10 2 10 10 10 2 2 10 2 8 10 2 9 10 10 10 10 10 10 2 9 2 2 2 10 8 10 10 2 2 10 10 10 10 10 10 10 10 10 10 8 2 10 8 10 2 10 8 10 2 8 10
left_child=1 2 7 4 5 6 -3 -1 46 27 28 19 25 30 15 18 33 -15 20 -4 -11 -14 29 32 43 -9 -20 60 -2 -23 -6 -32 49 34 52 -36 -19 -28 39 40 -24 -31 50 -18 -25 -40 -7 48 -47 -16 -30 61 -17 -8 -13 -43 57 58 -45 -12 -10 -5
right_child=10 3 11 51 13 8 53 12 9 14 59 54 21 17 23 16 24 36 26 -21 -22 22 38 44 -26 -27 37 -29 42 41 31 -33 -34 -35 35 -37 -38 -39 45 -41 -42 55 -44 56 -46 47 -48 -49 -50 -51 -52 -53 -54 -55 -56 -57 -58 -59 -60 -61 -62 -63
leaf_value=-0.0088635885161704436 -0.016907529991639393 -0.022588215785045974 -0.0076561080959828319 0.0050513381270169948 0.0079329377356824188 -0.0023110674237063157 0.00010532279931102602 -0.0081430961646334465 -0.027161462805761621 -0.0061756563941364343 -0.02516144566011733 -0.014404670375378677 -0.014646107448076215 0.0021993635071891693 -0.0014862208174111591 0.0054866586201672424 0.021179271334396284 -0.014238540942549253 -0.014510533442407774 -0.00022420313251492467 0.00017568259505038779 -0.010776717536843025 -0.013443706336469748 -0.0045743741096621682 -0.03411083408688801 -0.034831994197577439 0.004692234943043507 -0.016958107726833212 -0.00039205214012647454 0.0074299559915982326 -0.0052486599233002871 0.0071834849051923451 0.0064305548858507892 0.011314318347138596 -0.054676507415362008 -0.0047478769109217077 0.0071264402386888581 -0.011839666654897925 0.0049127009099545005 0.0029592826050615956 -0.0005065330489555411 -0.0055866443863043756 -0.011063385390303724 -0.0021378553846015929 -0.027429091865609257 0.1035216875504905 0.011344003304160088 0.012492093566039208 0.028590645441100487 -0.025434289054896527 -0.013783504031918723 0.018274389337844879 0.029315960414766494 -0.013216891528085044 -0.0038801619565850946 0.0010905591133892471 0.0068499500633445298 -0.10283037092674636 -0.051757100364692686 -0.012568445939437812 -0.0034219559018973346 0.0121656301284049
leaf_weight=1246.3231957536191 572.83120373636484 369.85009985882789 1901.8037257641554 2511.4982316792011 390.18215771205723 221.11965714395046 620.59521565772593 563.39692046307027 56.456665452569723 1680.8060474786907 569.38077963516116 1322.3406771142036 213.05961421690881 5369.8566666077822 924.91878578998148 1566.0501467399299 67.728295732289553 83.413282347843051 124.22965540364385 2126.657598705031 5654.0103047881275 473.71214936487377 286.11282045766711 2630.4199478682131 40.412378637120128 65.773804658092558 3700.4223085772246 357.14265084639192 863.67297406494617 443.26255649887025 1711.8040456958115 370.3756536655128 837.21660564281046 1767.1766350790858 16.635205909609795 181.90158346109092 6242.3162186238915 139.56521550193429 1448.8184631802142 4905.1125511080027 2229.6547284033149 1382.5978732872754 1244.8571697585285 502.34879810549319 66.799167172983289 7.5353010613471261 1078.8258928377181 130.60361070558429 27.838286131620407 61.13541143015027 234.38866180554032 266.59314739704132 58.471730276942253 251.62850431166589 365.80585054121912 1419.8494386319071 242.74753892607987 16.736155826598406 13.153975587338207 302.61878680251539 1100.299105361104 798.47753183543682
leaf_count=21257 21694 4776 24934 14402 2019 1095 4289 7087 329 8976 24552 18204 2908 26696 4593 7399 326 1546 859 14422 30397 3705 2973 13950 189 1826 19291 2215 18122 2724 9280 1894 4074 8966 74 861 34222 755 10882 30618 14095 10939 27239 2628 434 109 5181 790 381 324 4825 1834 315 1169 2145 9658 1344 92 71 10159 5678 6492
internal_value=-3.78918e-05 0.000681817 -0.00217083 0.0020752 0.00155892 0.000331941 -0.00955391 -0.000613312 0.000863734 0.000376881 -0.0119397 -0.00621425 0.0001435 0.00366743 0.000967057 0.00197094 0.00594378 0.00471105 0.000397678 -0.00373377 -0.0012804 0.000684174 0.000941377 -0.00253524 -0.00217142 -0.010984 0.00350209 -0.00752699 -0.00928052 -0.00214323 -0.00126937 -0.00302036 0.00133407 0.00794001 0.00466472 -0.0091844 0.00684251 0.00408845 0.00221114 0.00128388 -0.00198261 -0.000886836 -0.00740933 -0.000601148 -0.00515035 0.00648264 0.00895248 0.0200752 0.0469597 -0.00299527 -0.00326049 0.00763304 0.00636186 -0.0037063 -0.0121278 -0.00220448 -0.00252944 -0.00681209 -0.00350173 -0.0208106 -0.00460305 0.0067707
internal_weight=66441.3 62653.6 20560.3 42093.3 38516.8 24348.8 1242.07 14843.7 23106.7 21806.8 3787.75 5716.61 13597.3 14167.9 20292.9 15772.4 4473.36 11695.6 11299 4028.46 7334.82 12968.2 12755.1 4520.49 883.127 629.171 3964.22 1513.9 2915.75 3719.42 2472.36 2082.18 1823.27 3590.24 1823.06 198.537 6325.73 3839.99 9035.68 7420.88 2515.77 3245.71 2342.92 842.715 2697.22 1614.8 1299.95 165.977 35.3736 986.054 1098.06 3576.57 1624.52 872.224 1688.15 2802.45 774.986 532.239 515.503 872 1156.76 3309.98
internal_count=515283 408692 179657 229035 206307 130650 10234 119952 120416 114140 106591 59705 98695 75657 105918 82543 22265 62464 60278 39356 39373 89782 86874 23375 4650 8913 20905 8222 71880 27026 13193 11174 8991 17615 8649 935 35768 20046 59848 47686 17068 23321 50186 4461 14384 12162 6276 1280 490 4917 22947 22728 7714 5458 20349 20597 4135 2791 2699 34711 6007 20894
cat_boundaries=0 1 2 3 4
cat_threshold=151808 1193 219146 3640
is_linear=0
shrinkage=0.035


Tree=96
num_leaves=63
num_cat=5
split_feature=24 42 47 21 12 40 29 16 14 37 14 22 22 43 32 2 14 26 26 26 26 22 40 32 48 19 40 16 2 16 27 1 17 16 22 16 2 41 22 5 7 4 22 40 37 37 4 18 24 49 48 41 36 22 37 22 36 37 13 44 27 1
split_gain=437.057 189.246 119.51 112.789 92.2439 81.6812 71.6076 68.9636 67.0114 64.7426 61.718 56.5443 52.7356 49.6004 64.7476 48.2584 48.203 69.809 57.6985 66.8827 63.2162 47.4807 57.9999 47.0165 46.9123 46.1547 43.5965 40.4895 40.1968 37.3193 35.8987 33.1051 48.1313 32.8134 33.9748 32.6992 32.4864 31.893 48.3819 38.9645 32.0647 29.847 29.4682 34.4792 28.8141 61.7783 28.1104 28.1643 28.0664 27.4332 27.3411 26.8497 26.7053 26.514 26.4804 26.3721 26.3226 25.7021 25.1838 28.2467 25.0585 24.6489
threshold=7.5000000000000009 1.5000000000000002 inf 24.490000000000006 0.90333333333333343 1.0000000180025095e-35 207.50000000000003 0 21.500000000000004 inf 16.500000000000004 4.5000000000000009 5.5000000000000009 1.5000000000000002 12075.480000000001 1511.3700000000001 19.500000000000004 299.50000000000006 161.50000000000003 21.500000000000004 238.50000000000003 40.500000000000007 2388.0750000000003 743.31000000000006 10.500000000000002 1951.4700000000003 339.68166666666662 1 49.890000000000008 2 29.730000000000004 2472.6300000000006 9821.5200000000023 3 1.5000000000000002 4 3613.3350000000005 2505.8350000000005 45.500000000000007 1.5600000000000012 0.82575757575757591 10.125000000000002 56.500000000000007 6166.7800000000016 1210.1400000000003 1126.4000000000003 560.97000000000014 8012.9558333333334 1.5000000000000002 15.500000000000002 1.5000000000000002 2122.2199999999998 77.42000000000003 7.5000000000000009 1.0000000180025095e-35 78.500000000000014 12.920000000000003 inf 0.13188405797101452 93.680000000000021 2979.5400000000004 67.350000000000009
decision_type=10 2 8 8 10 10 2 9 2 8 2 2 2 2 8 10 2 2 2 2 2 2 10 10 2 10 10 9 10 9 10 8 8 9 2 9 10 10 2 10 10 10 2 10 10 8 8 10 8 8 2 8 8 2 8 2 10 8 10 10 10 10
left_child=1 2 6 16 -2 -6 7 11 15 13 -7 -1 27 14 -8 25 29 18 19 -18 33 22 28 41 49 30 48 -4 -12 -3 -5 42 46 -20 -35 -32 55 40 -39 -40 -26 -21 43 -28 45 -23 54 -48 -14 52 -37 -22 -13 -17 -33 -10 -36 -55 -46 -60 -51 -19
right_child=4 3 12 8 5 10 9 -9 36 -11 21 24 26 -15 -16 53 17 61 20 23 51 44 -24 -25 37 -27 31 -29 -30 -31 35 32 -34 34 56 50 -38 38 39 -41 -42 -43 -44 -45 58 -47 47 -49 -50 60 -52 -53 -54 57 -56 -57 -58 -59 59 -61 -62 -63
leaf_value=-0.020970666388231769 -0.024386537457290514 0.0042270776041390783 -0.02309864132353965 -0.015074595219905377 -0.027835892493768742 -0.029090729579334833 -0.012708613241524634 0.00012672667706793781 0.0057878315871391275 0.012982566082532277 -0.0093625134427436831 -0.0042986872556982801 0.0082081575596083898 0.00013779762392329172 0.0013431524117927638 -0.0049144712499981291 -0.0072236563218342001 0.00098338100518161661 0.0037113476916206386 0.0023196040224165372 -0.0050175030087437579 0.01139785508952609 -0.019688514034693506 -0.0015939505456093127 -0.016520272617559791 -0.008570113251085601 -0.0015256187745352997 -0.0030399786067270471 0.0046010169135225999 -0.0059189024711531245 -0.0025283124707417841 -0.035590998883261601 -0.002110965059877434 -0.030394859717152809 -0.0040535115567686998 0.010136969251585014 0.018353423017529586 -0.0062706913217752437 0.023105772675793786 -0.0074118736650443376 -0.0024391932562036365 0.0066371166572061265 0.0044654087112405367 -0.015368903690599197 -0.0082771530295465412 0.13772276171736444 -0.015762022534058891 0.037065621707744092 0.029177999244289547 -0.0086992084288052864 0.0025960069779282094 0.0021813187800493144 -0.011413227658767134 0.0067580230805932961 0.0084491549287113114 0.013670380766146907 -0.011169965560705807 0.018345836464409782 0.01161842222966033 -0.0059981531137741897 -0.021061484683646554 0.0076347825856646623
leaf_weight=412.40816521085799 602.2506938893348 552.23255034163594 128.24376920796931 147.63362399861217 266.62460580002517 153.06690738536417 1028.1441748663783 1441.4734465731308 5319.6309356279671 361.42332035116851 922.08585678040981 1233.1770629137754 335.08239775151014 3337.8041392881423 658.57659740746021 201.72204722464085 919.76448648422956 953.51422123610973 448.91751163825393 5652.0836087930948 766.83965136669576 31.719675926491618 492.87244629859924 2542.9245172739029 263.67656002007425 549.42226055264473 1877.5425258874893 1180.618470788002 346.9568862169981 2157.6744340881705 1372.1347175203264 15.897738695144652 1009.2809843048453 69.415834024548531 2566.0419094637036 667.4537665322423 300.13623978942633 253.49744059704244 194.28105924464762 68.938022416085005 789.45155043154955 3004.3690014183521 878.397052064538 248.76403751969337 319.44519284553826 4.6252154093235722 103.06909394264221 13.071028992533682 101.55678434669971 372.98836414329708 4967.9215747453272 3659.2297568880022 1361.4992205165327 1661.8050190731883 2034.16506889835 576.09428839385509 846.89954275637865 272.68201389163733 274.41889905370772 186.51746796071529 440.20153500512242 2403.247236058116
leaf_count=7661 27711 2999 1017 868 14291 6510 12870 15099 27977 1729 29242 15336 1644 31060 4486 1050 5126 5543 2365 28543 4170 801 14902 12284 4258 2852 9831 6748 7915 12115 6486 71 5100 1254 13279 3455 2360 2914 2718 466 6724 14310 4675 1552 9886 108 497 57 685 5467 25096 19015 10644 10801 9865 3447 4770 2132 6293 4546 6237 11370
internal_value=-3.7237e-05 0.000643574 -0.00215151 0.00196586 -0.011894 -0.00937745 -0.00432274 -0.00670166 0.00428327 -0.0013046 -0.00756631 -0.0085119 0.00119559 -0.00233468 -0.00722459 0.00248762 0.000565643 0.00106862 0.000301566 0.00184435 -0.0019356 -0.00627785 -0.00950985 0.00258965 -0.00749277 0.00119663 0.00246545 -0.00522103 -0.00554426 -0.00385677 0.00194768 0.0017092 0.00420042 -0.00516493 -0.00630248 0.0023084 0.0071344 -0.00248447 0.00463163 0.0151153 -0.00597707 0.00381866 -0.000924134 -0.00315166 0.000697611 0.0307312 0.00714065 -0.00955085 0.013141 -0.00979845 0.00348462 0.000933234 -0.00803484 0.00714106 0.00809045 0.00656025 -0.00582217 0.00840006 -0.000738691 0.00449234 -0.0154089 0.00574626
internal_weight=66323.6 62723 20143.2 42579.8 3600.58 2998.33 12217.5 6831.59 16036.6 5385.95 2731.71 5390.12 7925.69 5024.52 1686.72 9840.78 26543.2 23833.2 20476.5 12119.1 8357.34 2578.64 1761.92 11199.4 4977.71 7704.57 6616.83 1308.86 1269.04 2709.91 7155.14 6180.19 3175.48 3931.27 3482.36 7007.51 6195.86 1569.84 516.717 263.219 1053.13 8656.45 3004.7 2126.31 816.726 36.3449 2166.2 116.14 436.639 3407.87 5635.38 4426.07 2594.68 2136.21 2050.06 5895.73 3412.94 1934.49 780.382 460.936 813.19 3356.76
internal_count=515283 393078 169411 223667 122205 94494 127669 77524 86524 50145 80203 62425 41742 48416 17356 52740 137143 122029 105116 60263 44853 73693 52059 55137 54764 38757 33977 7765 37157 15114 35905 31648 15590 21668 19303 35037 33784 17080 6098 3184 10982 42853 16058 11383 21634 909 10490 554 2329 37684 28551 23185 25980 13983 9936 31424 18049 12933 20725 10839 11704 16913
cat_boundaries=0 1 2 3 4 5
cat_threshold=31104 16640 79076 74969 141333
is_linear=0
shrinkage=0.035


Tree=97
num_leaves=63
num_cat=6
split_feature=45 46 2 19 14 29 23 49 43 29 14 41 47 27 16 1 38 37 4 1 16 8 16 19 0 16 8 27 50 37 47 43 39 18 3 3 48 49 37 51 3 44 15 30 13 39 6 27 44 49 20 8 1 40 37 17 27 21 2 16 16 33
split_gain=414.162 183.456 112.384 79.748 75.4861 77.2088 108.434 69.8726 61.7329 59.8507 56.9121 53.474 49.6411 47.7698 45.3062 58.8012 44.7208 51.9116 41.4253 40.2531 40.2248 38.7937 38.7518 38.2869 41.2433 36.7475 45.5403 36.1862 34.7012 38.0057 32.6184 34.0141 31.8194 31.6565 34.1264 30.8363 30.5181 30.0064 29.9786 29.5663 29.4613 29.7199 28.8488 28.2525 28.0691 29.8626 27.7137 27.3817 27.1828 26.7498 28.5741 26.901 26.2846 25.989 27.9629 25.5465 25.383 25.1153 24.8646 24.2598 23.9592 23.6814
threshold=5.5500000000000007 15.850000000000001 1122.5200000000002 1951.4700000000003 19.500000000000004 115.50000000000001 1.0000000180025095e-35 17.500000000000004 7.5000000000000009 358.00000000000006 16.500000000000004 864.25000000000011 4722.7500000000009 2.1950000000000007 0 456.56999999999999 19.230000000000008 77.120000000000019 2.9200000000000004 7.2250000000000005 1 19.500000000000004 2 3742.1025000000004 1432.5900000000001 3 6.5000000000000009 4.4900000000000011 54.858679157290361 13395.420000000002 1.5950000000000004 1.5000000000000002 82.570000000000007 3372.713181818182 225.50000000000003 186.50000000000003 2.5000000000000004 2.5000000000000004 177.66500000000005 99.593679365500392 345.00000000000006 140.44000000000003 0.14376356008218477 5767.1100000000015 0.84807692307692317 201.66000000000005 216.18600000000004 48.645000000000003 93.680000000000021 2.5000000000000004 20.469850985624287 8.5000000000000018 132.03000000000003 1.0000000180025095e-35 4289.7200000000012 2572.5450000000005 1.0000000180025095e-35 10.810000000000002 4.330000000000001 4 5 1.5000000000000002
decision_type=10 8 10 8 2 2 2 10 2 2 2 8 8 10 9 8 10 8 10 10 9 2 9 8 10 9 2 10 10 10 8 2 10 10 2 2 2 10 10 8 2 10 10 10 10 10 10 10 8 8 8 2 10 10 10 10 10 8 10 9 9 2
left_child=1 10 3 4 22 8 16 32 12 14 -1 -4 19 20 15 56 17 -7 49 -6 -12 30 47 24 -5 26 42 -13 43 44 31 -15 36 -24 57 -10 -2 -21 -14 -20 41 61 -11 -29 -30 -46 -27 -3 -19 50 -16 -51 -23 -38 60 -18 -8 -35 -34 -43 -55 -32
right_child=7 2 11 23 5 6 9 -9 35 25 13 27 38 21 18 -17 55 48 39 37 -22 52 33 -25 -26 46 -28 28 29 -31 40 -33 58 34 -36 -37 53 -39 -40 -41 -42 59 -44 -45 45 -47 -48 -49 -50 51 -52 -53 -54 54 -56 -57 -58 -59 -60 -61 -62 -63
leaf_value=-0.021019373021187223 -0.016580329458885473 -0.01345940335812955 -0.0020298766150282934 -0.010430760506229647 -0.008197324142270106 0.0043672173188352781 -0.028595204905310267 -0.020248923033860073 0.0077471079906073813 -0.0055361346590335238 -0.03128950686291599 -0.01798494398787618 -0.0070213895060354404 -0.015298298714661762 0.0015512258181498684 0.003248300450547826 -0.0035985493654669865 -0.0043136443624884118 0.0072071213224445332 -0.0050760935162732909 -0.0074726627214042295 -0.015183188493432531 -0.0075029763526783576 -0.02306813278611014 0.0027634142441122782 -0.014978992136280431 -0.0036312564173511695 0.0070450024894222613 0.0058822130932384446 -0.0043397991558555213 -0.011465842201631334 -0.0031017454292636896 -0.02555128178127444 -0.0043330298236217771 -0.011945888197096754 0.019312151484244873 -0.022727197833255112 0.0032888523621838611 0.01145786389725517 0.0016658337517787068 0.033813221182924097 -0.0013409678720570583 0.031915121557838967 0.0010472504376186358 0.0080552029966480098 0.016174917870865089 0.032453591551930561 0.0076742753967216143 -0.01025943932370375 0.010010625194844958 -0.0070543900483513401 0.0021179297173010512 0.0062768922837060101 -0.0057250111197836547 -0.012131157095034642 0.0042782863088606854 -0.0032348793247179621 0.0043183755786590922 -0.010928498445221981 -0.010614151179593119 0.0035304589137784949 0.00028657948073752956
leaf_weight=233.63304748572409 327.50644660927355 85.982875088229775 1244.7797424802557 760.81741264741868 457.98116613738239 573.11736362520605 48.142946820706129 843.27976112440228 1094.4489497765899 37.140553157776594 118.46055156271905 77.236275112256408 119.00575826689601 441.87001922167838 1215.0041458234191 2968.0257173031569 899.87587866187096 2151.4684372246265 4110.1002651080489 576.5831837002188 337.28096802532673 462.82663372159004 2099.9718079324812 170.5199033729732 468.25516806077212 436.45027379877865 1083.1303873248398 1636.9159905388951 2141.0501885078847 288.14609521627426 218.55888901092112 764.00748953409493 206.23085100576282 714.90659749507904 312.40824433974922 381.10164432227612 95.205529008060694 5815.7802785020322 1059.9611935354769 1655.1578164026141 28.12066393904388 709.0886032320559 75.656861281022429 2332.7250341512263 1327.132231362164 957.88589558750391 14.71368435025215 551.57008574157953 1678.0797991203144 585.38533866219223 772.30598344281316 5418.3112583532929 81.754846518859267 764.47596308961511 403.19854043610394 1145.0855070836842 3064.3406339995563 964.34912679344416 466.27349543385208 686.20190946944058 604.93285414762795 4840.2487097382545
leaf_count=5960 9402 652 6507 4190 4418 3718 763 34711 5394 215 3947 1376 592 9534 5966 14702 4480 13279 19421 3162 6377 7452 13709 952 2394 2795 6188 8580 10347 1610 2592 10315 7399 4809 2260 2014 4541 33148 5252 7654 269 6866 404 12572 9362 8441 70 3105 11933 3968 3690 34016 688 17741 9511 5962 16968 4867 10071 7324 13215 41463
internal_value=-3.66098e-05 0.000638066 0.00141198 0.000643663 0.00091656 0.00144292 0.000515648 -0.0113949 0.00416751 0.00171032 -0.00400842 0.0047568 0.00295754 -0.00354862 0.00224269 -0.000275297 -0.00346472 -0.00545094 0.00335339 0.00181515 -0.014567 -0.00293698 -0.00324954 -0.00757268 -0.00540585 -0.00469876 -0.00140969 0.00572118 0.00593407 0.00796431 -0.00229665 -0.0075799 -0.00878524 -0.00449486 -0.00134355 0.0107452 -0.00673932 0.00253367 0.00958819 0.00561683 -0.0013128 -0.00147106 0.0196433 0.00352163 0.00876613 0.0114646 -0.0130746 0.00473336 -0.00692105 0.00172409 -0.00179494 0.00288904 -0.0119559 -0.00500583 -0.00404175 0.000812056 -0.0036362 0.000634841 -0.015444 -0.00599146 -0.00165285 -0.000223334
internal_weight=66204.2 62493.1 53571 43565.1 42165.5 37436.4 27931.5 3711.1 9504.86 21483.9 8922.05 10005.9 8029.31 8688.42 19836.8 6080.51 6447.63 4402.67 13756.3 6850.34 455.742 8232.68 4729.19 1399.59 1229.07 1647.09 1195.93 8761.09 8683.86 4714.21 7688.1 1205.88 2867.82 4091.64 1991.66 1475.55 2195.32 6392.36 1178.97 5765.26 6482.22 6454.1 112.797 3969.64 4426.07 2285.02 451.164 637.553 3829.55 7991.01 1987.31 6003.7 544.581 1867.81 1772.61 2044.96 3112.48 1679.26 672.504 1395.29 1369.41 5058.81
internal_count=515283 408692 305905 247110 239574 210172 156192 106591 53980 116820 102787 58795 46572 96827 107148 32433 39372 28930 74715 40728 10324 86503 29402 7536 6584 9672 6807 52288 50912 29760 78363 19849 71880 25645 11936 7408 54410 36310 5844 27075 58514 58245 619 21152 28150 17803 2865 3757 25212 47640 9656 37984 8140 45008 40467 10442 17731 9676 17470 14190 30956 44055
cat_boundaries=0 1 2 3 4 5 6
cat_threshold=21526 151944 5280 86420 156753 161928
is_linear=0
shrinkage=0.035


Tree=98
num_leaves=63
num_cat=3
split_feature=24 2 4 29 12 40 22 16 17 19 14 18 16 14 26 22 26 3 29 22 40 27 32 20 7 35 22 27 3 22 14 2 51 46 48 22 22 44 29 17 41 27 16 40 27 22 46 37 17 29 51 27 41 17 8 41 22 7 40 4 3 40
split_gain=390.671 167.936 106.59 93.002 89.3773 79.0811 75.1132 90.5125 67.746 60.8508 60.0598 59.8044 59.7436 59.5649 54.0552 93.5144 79.7124 61.833 45.492 45.0302 55.7761 44.9443 43.8186 47.4891 39.863 38.9392 38.4936 41.6772 37.7747 72.907 39.4128 37.5487 35.263 33.9352 34.1384 33.5951 31.2327 30.4388 29.8871 47.3281 29.1639 45.3209 27.85 26.6999 30.12 26.4114 26.1518 26.07 52.8243 25.9028 25.629 25.5728 25.4753 25.3004 31.7444 25.197 25.0725 24.9939 24.7589 25.3191 24.101 30.0653
threshold=7.5000000000000009 690.5200000000001 1.0000000180025095e-35 23.500000000000004 0.90333333333333343 1.0000000180025095e-35 13.500000000000002 0 1.0000000180025095e-35 1434.2104166666668 19.500000000000004 342.81357142857149 1 16.500000000000004 91.000000000000014 6.5000000000000009 284.50000000000006 52.500000000000007 358.00000000000006 40.500000000000007 2388.0750000000003 2575.6100000000006 643.72500000000025 54.305800795126892 0.82575757575757591 25.500000000000004 5.5000000000000009 2033.1900000000003 71.500000000000014 22.500000000000004 21.500000000000004 49.890000000000008 33.424640845424186 231.93000000000004 11.500000000000002 8.5000000000000018 55.500000000000007 485.70000000000005 272.50000000000006 2107.7100000000005 10263.150000000001 10108.080000000004 2 2762.1966666666672 13571.190000000001 44.500000000000007 36.520000000000003 1210.1400000000003 1830.6400000000001 293.00000000000006 488.62425415616252 10.020000000000001 2854.4200000000001 5066.1000000000013 5.5000000000000009 893.2800000000002 96.500000000000014 0.84523809523809534 10150.380000000003 897.66000000000008 283.50000000000006 5081.0250000000005
decision_type=10 10 8 2 10 10 2 9 8 8 2 10 9 2 2 2 2 2 2 2 10 8 10 10 10 2 2 10 2 2 2 10 8 8 2 2 2 8 2 10 10 10 9 10 10 2 10 10 10 2 10 10 10 10 2 8 2 10 10 10 2 10
left_child=1 2 3 57 -2 -6 7 26 11 32 42 51 35 -7 18 17 28 53 56 20 31 25 23 58 -18 -9 -3 55 -17 -30 36 -15 -4 49 52 -10 -31 45 -24 -40 -32 -42 -8 -44 -45 46 -26 48 -21 -34 -29 -5 -35 -16 -55 -28 -14 -1 59 -12 -49 -62
right_child=4 6 9 8 5 13 10 21 12 -11 22 -13 14 19 15 16 24 -19 -20 47 -22 -23 38 -25 37 -27 27 50 29 30 40 -33 33 34 -36 -37 -38 -39 39 -41 41 -43 43 44 -46 -47 -48 60 -50 -51 -52 -53 -54 54 -56 -57 -58 -59 -60 -61 61 -63
leaf_value=-0.020777154840407357 -0.023918767034801912 -0.01637599181679314 0.003147538042352471 -0.011459318624056733 -0.027465378091814607 -0.028747172343769976 0.013452945816818761 0.0062019737049238063 0.0040740334075383463 -0.0082440527943841834 0.0061619140844777357 -0.030073576291541039 0.0016760111806655557 -0.0088966671423264011 -0.0081622163465485155 -0.00072910856162750797 -0.006107223615957183 -0.025002090976958189 -0.0067119631379966849 0.13378432219718589 -0.019185865146909245 -0.009178558424875416 0.0046565280897842114 0.011128178138298984 -0.0052987224859085595 -0.0062180020879814583 -0.010705573798252677 -0.019156456517013122 -0.017926824317626561 -0.010624378943600689 -0.0018084286633912035 0.0046336047128606632 -0.0032460044243562045 -0.00015040496093917063 0.011203962408252372 0.034121840285899242 -0.0035169454639865446 -0.0083569034849897729 0.0040408443161014471 -0.014031199052419644 0.0059686622934339495 0.066738452163867201 -0.008359549680179006 0.0029544614071950939 -0.01892850308993296 0.010241685636664588 0.005404685595101621 -0.0030405262272522955 0.012555793836857581 0.003216822921061015 0.0061813716000444488 0.0055121396104445023 0.0050844742791601632 0.091978970986002898 -0.011767710893093348 0.0033363919874281403 0.031806950677601489 -0.0088226679379190508 -0.005661476874801211 -0.027794346126470016 0.041041517465260496 0.002405252450331863
leaf_weight=291.49332946166396 580.02521213330328 390.618721970357 10059.634903360158 362.57217145804316 255.47959913872182 146.49264392443001 140.91144611686468 2572.1193988556042 1751.3962449282408 789.10044790431857 4445.1828988604248 174.08980514202267 5894.1095603983849 907.08989352732897 884.24565873667598 3303.3268418051302 523.60142673924565 337.3875067923218 871.2017627786845 4.1312054246664038 479.56817140616477 315.36327263712883 1657.4595101103187 2807.1115503236651 374.45973386242986 350.65403338242322 201.38063981756568 263.98836042359471 517.5820809174329 1459.7445108853281 2551.4682323262095 346.64704740233719 3793.8890453577042 4261.9480439051986 453.97877267003059 45.826020114123821 1576.0843118336052 207.56862465664744 404.27996737509966 315.01962132751942 78.102269126102328 17.690117128193378 562.4429240860045 929.89186504855752 83.00752279907465 918.60391599312425 1095.6357763782144 658.75288528390229 33.068279089406133 948.98292488977313 59.460733484476805 154.47306893579662 1552.9913604781032 6.0191811434924585 7.0343001671135426 690.13837486132979 33.029578499495983 814.0578276431188 235.77960093691945 26.094426810741425 34.583641100674868 80.90913312509656
leaf_count=6082 27711 3098 47425 6716 14291 6510 777 13536 12893 3762 24379 4147 37847 29242 7199 24721 8620 3923 7597 88 14902 1662 9083 18368 3773 1848 947 1452 4822 12138 19124 7915 17516 20363 2224 291 12502 1593 2042 1765 645 135 2796 5094 412 6401 6371 17492 821 4331 289 1466 7492 49 66 3446 207 8249 1260 134 909 2324
internal_value=-3.60694e-05 0.000602917 -0.000480212 -0.00207785 -0.0113682 -0.00889055 0.00363874 -2.23481e-05 -0.00160387 0.00129213 0.00516639 -0.012389 -0.00127136 -0.0071177 -0.00180404 -0.00305884 -0.00215917 -0.0122482 0.000751317 -0.00586176 -0.00904583 0.00334491 0.00621504 0.00752512 0.00269443 0.00471029 -0.00678983 -0.00375273 -0.00375258 -0.00536291 -0.00421571 -0.00515496 0.00164962 0.000281066 0.00197094 0.00483188 -0.00693685 0.00447117 0.00207178 -0.00388236 -0.00109373 0.0177647 -0.000877171 -0.00223784 0.00114424 0.00558891 0.00267659 0.000942404 0.0291687 -0.00195248 -0.0144938 -0.00638805 0.0012483 -0.00743015 0.0392125 0.000156084 0.00184926 -0.0119906 0.00537449 0.00595757 -0.000449634 0.0142277
internal_weight=66089 62562.2 46111.3 24250.8 3526.75 2946.72 16450.9 4843.72 23145.3 21860.5 11607.2 691.135 22454.1 2691.24 20656.9 13858.6 12623.9 1234.69 6798.34 2544.75 1733.31 3238.14 9890.93 7514.17 3119.87 2922.77 1605.59 1214.97 9504 6200.67 5683.09 1253.74 21071.4 11011.8 6268.92 1797.22 3035.83 2596.27 2376.76 719.3 2647.26 95.7924 1716.25 1575.34 1012.9 2388.7 1470.1 811.445 37.1995 4742.87 323.449 517.045 5814.94 897.299 13.0535 891.519 5927.14 1105.55 4707.06 4471.28 774.246 115.493
internal_count=515283 393078 300690 197577 122205 94494 92388 26278 183246 103113 66110 12329 170917 80203 157733 112082 100845 11237 45651 73693 52059 17046 57031 44141 26758 15384 9232 6134 74087 49366 44544 37157 99351 51926 30079 13184 24640 18138 12890 3807 19904 780 9079 8302 5506 16545 10144 21634 909 21847 1741 8182 27855 7314 115 4393 38054 14331 25773 24513 20725 3233
cat_boundaries=0 1 2 3
cat_threshold=147776 66683 4096
is_linear=0
shrinkage=0.035


Tree=99
num_leaves=63
num_cat=4
split_feature=45 42 47 40 14 39 43 37 22 16 49 37 16 16 27 22 17 44 1 32 35 29 29 35 37 41 27 40 39 29 3 35 26 49 2 3 22 48 21 14 26 4 2 26 14 2 39 40 40 22 14 18 48 18 27 17 3 39 41 18 16 2
split_gain=371.798 164.503 162.198 120.624 97.1014 80.2252 77.7524 90.4212 69.779 69.2227 67.042 48.5756 48.6641 43.4926 44.654 43.3321 72.333 39.6487 45.8975 43.5048 39.9623 39.0541 46.819 46.9562 38.8413 36.5428 34.8654 44.0105 32.9138 32.6984 32.5603 32.1778 46.7696 32.0862 31.9263 31.885 31.4281 31.6692 31.117 31.0979 43.4951 31.6994 30.3462 29.5235 41.6486 29.3414 29.3269 29.2266 28.5722 28.2352 28.1471 27.3018 27.2148 27.0319 26.8272 42.1432 35.2809 26.1744 39.9045 33.5287 24.6491 24.6301
threshold=5.5500000000000007 3.5000000000000004 7386.2300000000005 1.0000000180025095e-35 16.500000000000004 121.55000000000003 1.5000000000000002 inf 5.5000000000000009 0 16.500000000000004 6351.9350000000013 1 2 946.50000000000023 30.500000000000004 4661.1900000000014 443.63500000000005 61.445000000000007 129.98000000000005 8.5000000000000018 145.50000000000003 232.00000000000003 13.500000000000002 16545.330000000005 2391.7700000000004 3737.7900000000004 2281.9233333333336 207.45000000000002 241.50000000000003 18.500000000000004 8.5000000000000018 21.500000000000004 3.5000000000000004 20.205000000000002 41.500000000000007 33.500000000000007 3.5000000000000004 20.205000000000002 19.500000000000004 314.50000000000006 33.330000000000005 1737.1650000000002 345.50000000000006 21.500000000000004 1.0000000180025095e-35 82.570000000000007 4266.9600000000009 103.27166666666668 76.500000000000014 21.500000000000004 3331.9280000000003 2.5000000000000004 37774.169166666674 13571.190000000001 4746.420000000001 69.500000000000014 62.32500000000001 3289.4100000000003 3669.8850000000007 3 4.330000000000001
decision_type=10 2 8 10 2 10 2 8 2 9 10 8 9 9 10 2 8 10 10 10 2 2 2 2 10 8 10 10 8 2 2 2 2 10 10 2 2 2 10 2 2 10 10 2 2 10 10 10 10 2 2 10 2 10 10 8 2 8 10 10 9 10
left_child=1 2 3 30 34 11 7 45 9 -4 46 12 38 15 48 16 26 18 19 -8 -21 49 23 -23 25 -7 28 -28 -10 -9 -1 -14 -33 -20 -5 -26 -12 -38 -3 -34 41 -41 51 44 -35 -6 52 -19 -15 -17 -13 -24 -2 -25 -53 -56 -57 58 59 -47 -18 -48
right_child=10 5 8 4 6 24 17 29 13 -11 36 50 31 14 -16 21 60 47 33 20 -22 22 42 53 35 -27 27 -29 -30 -31 -32 32 39 43 -36 -37 37 -39 -40 40 -42 -43 -44 -45 -46 57 61 -49 -50 -51 -52 54 -54 -55 55 56 -58 -59 -60 -61 -62 -63
leaf_value=-0.011636238668490543 -0.015567572689866712 0.0048753221391654479 -0.024747528965709177 -0.024071069974039617 -0.013970993369427019 0.0035792954321062363 -0.00057470319341452873 -7.0453918038077725e-05 0.0023488527857483316 -0.0015389751042887794 -0.023003942321739249 0.0040293685660984339 0.0067638068199983321 0.004370226103621591 -0.028538777372611516 0.0074340088995175661 0.00028291172182289443 -0.001739101122613815 -0.002806743053809505 0.0083303885762163691 -0.0075894449494504782 -0.005112769213011268 -8.9148789655888415e-05 0.0075989207373616035 0.021151861546894645 0.011453812840129208 -0.040869541963259225 -0.0032867480106784051 0.012351088727481524 0.016228579439474311 -0.034953780098144316 -0.010345550948149162 -0.0044875174891881265 -0.00044432531473063757 -0.0091430559223185815 -0.0133303929603942 -0.025259251227591317 -0.0019278899456558877 0.018107035791950835 -0.00083799306700469301 0.0081857947219404203 0.0043080506389074937 0.015087760315087182 0.0094167472836955823 0.0039508510848854815 -0.003976340142913857 -0.025453836444192728 -0.0098337427037147613 0.022318305303960048 0.019509388313119227 0.01170941363153463 0.0090311524127012072 -0.0042427438678748841 -0.036043506708795379 -0.046997943256477923 -0.046453712743434919 0.0050803693369035558 -0.010647337582932442 0.0050237127363509807 -0.015928468058727999 -0.012369012321617193 -0.010130883487768316
leaf_weight=138.14142416976392 305.42053012549877 872.68835014104843 162.84515119437128 237.50364943966269 707.58432947285473 1055.6901676431298 5422.383562238887 352.6973247602582 3441.0687767099589 1717.5171848544851 667.83039765711874 1810.2595841512084 960.44326930865645 165.48538956046104 28.059447500854731 874.44071703404188 282.6158561296761 1332.8479032963514 2228.8605877794325 210.72048884443939 2221.8643634226173 1142.2171162292361 897.48783868178725 667.74188666045666 39.876075990498066 2290.7042955234647 43.241271272301674 279.79155167937279 455.61743911355734 262.35789263993502 159.04996145609766 501.45009230077267 1285.4661159738898 6402.2482908386737 674.4618979357183 167.2505903840065 105.51589413359761 215.9259714987129 289.66454155743122 5838.743187956512 1005.4303090795875 1957.0316018611193 413.8281039968133 587.58141960576177 4494.4630222450942 1430.4644444081932 181.85782800614834 925.69201324135065 318.6272583566606 325.84981445223093 863.72756991535425 1613.9873530566692 1724.840436251834 16.872995421290398 23.178533308207989 16.516726538538933 228.48732833564281 1064.0542538221925 474.65247617848217 359.2261554338038 594.68733330070972 441.80035158246756
leaf_count=4619 8802 4013 1290 6260 17885 5834 48092 2282 16791 9350 29955 8926 4484 825 131 4682 1476 9210 10543 2047 22206 6151 4523 3744 291 15634 213 1419 2682 1190 8003 2280 6100 37404 5839 798 4063 6869 1481 26465 4959 11420 2695 3005 25141 12078 6610 6767 1638 1715 4446 8185 40783 84 104 72 1066 9347 4943 2631 3233 9509
internal_value=-3.52029e-05 0.000600045 -0.000587728 -0.00204183 -0.00181704 0.00332169 -0.00145678 -0.00559559 0.00256078 -0.00370071 -0.0109016 0.0022266 0.00132431 0.00355628 0.0134407 0.00309321 0.000703202 -0.000648671 -0.000186552 -0.00231969 -0.00620755 0.00505608 0.00369868 -0.000770035 0.00806092 0.00897144 0.00260468 -0.00842819 0.00352123 0.00689712 -0.0241906 0.000632543 7.63902e-05 0.0010354 -0.0130529 -0.00662213 -0.0186761 -0.00964118 0.0081157 0.000595482 0.00133831 0.000454244 0.00625445 0.00178126 0.00136871 -0.00750063 -0.00799757 -0.00505968 0.0162047 0.0107257 0.00651356 0.00493442 -0.00595321 0.00647231 0.00732861 -0.00291318 0.00143153 -0.00612132 -0.0039907 -0.00638292 -0.00843523 -0.0146326
internal_weight=65978.6 62335.4 43397 29686.9 29389.7 18938.4 28477.7 4651.04 13710.2 1880.36 3643.19 15384.9 12710.9 11829.8 512.172 11317.6 5097.02 23826.7 21568.1 7854.97 2432.58 6220.61 5020.32 1826.83 3553.52 3346.39 4219.72 323.033 3896.69 615.055 297.191 11548.6 10588.1 13713.2 911.966 207.127 989.272 321.442 1162.35 10086.7 8801.21 7795.77 3193.49 11484.3 10896.7 4035.98 2653.92 2258.54 484.113 1200.29 2673.99 2779.66 2030.26 684.615 1882.17 268.183 245.004 3328.4 2264.34 1789.69 877.303 623.658
internal_count=515283 408692 311561 239492 226870 97131 214771 50356 72069 10640 106591 74574 61202 61429 2594 58835 25814 164415 148438 72345 24253 33021 26624 9979 22557 21468 21105 1632 19473 3472 12622 55708 51224 76093 12099 1089 40887 10932 5494 48944 42844 37885 16645 65550 62545 46884 65704 15977 2463 6397 13372 13950 49585 3828 9427 1242 1138 28999 19652 14709 4709 16119
cat_boundaries=0 1 2 3 4
cat_threshold=16640 224 162048 135168
is_linear=0
shrinkage=0.035


Tree=100
num_leaves=63
num_cat=4
split_feature=45 2 14 17 32 49 42 18 2 19 47 30 44 29 16 27 18 16 26 39 4 29 16 26 1 41 30 29 42 39 26 1 23 17 19 2 11 16 8 24 14 41 51 32 37 40 26 37 41 35 32 42 26 8 29 13 14 42 41 14 8 18
split_gain=349.74 157.481 96.2213 89.155 81.9581 64.7575 64.1688 64.1366 57.1265 56.4732 55.084 52.5591 49.9193 55.0984 48.3981 68.9926 43.295 39.7963 49.4453 38.0543 37.085 34.4438 48.2424 43.7554 39.0209 38.9892 38.7577 34.2108 37.2546 34.9356 33.1038 32.9568 30.492 32.8524 30.3884 28.9139 28.6442 28.3576 27.7204 27.7651 27.7203 27.5445 27.5352 29.2178 27.3581 27.1968 27.1924 34.6151 31.4986 25.7552 25.6477 24.9642 24.8119 24.5537 24.0346 23.4297 23.4059 23.3847 23.3733 23.2572 23.1071 23.0631
threshold=5.5500000000000007 356.40000000000009 15.500000000000002 1.0000000180025095e-35 768.12 16.500000000000004 2.5000000000000004 361.66666666666669 2524.1400000000003 1065.6191666666668 5383.3500000000013 6.205000000000001 169.01000000000002 358.00000000000006 0 1167.1850000000002 11313.973333333333 1 70.500000000000014 17.105000000000004 1.0000000180025095e-35 232.00000000000003 2 284.50000000000006 2021.2800000000002 4946.2200000000003 624.28000000000009 23.500000000000004 5.5000000000000009 303.08000000000004 70.500000000000014 inf 0.68301270189221941 4.830000000000001 222.77055555555557 1.0000000180025095e-35 831.7650000000001 3 20.500000000000004 5.5000000000000009 21.500000000000004 2286.7900000000004 4.7518787847868014 768.12 5670.0000000000009 8811.090000000002 314.50000000000006 6898.1400000000003 1839.6000000000001 20.500000000000004 1.9500000000000002 2.5000000000000004 100.50000000000001 12.500000000000002 272.50000000000006 0.10172413793103451 15.500000000000002 3.5000000000000004 1022.4000000000001 21.500000000000004 1.5000000000000002 4346.9350000000004
decision_type=10 10 2 8 10 10 2 10 10 10 10 10 10 2 9 10 10 9 2 10 8 2 9 2 8 10 10 2 2 10 2 8 2 10 10 8 10 9 2 10 2 10 8 10 8 10 2 8 10 2 8 2 2 2 2 10 2 2 8 2 2 10
left_child=1 2 20 7 6 35 11 -4 10 44 14 -5 13 21 30 32 27 -6 -19 -18 -1 22 -13 24 -24 26 -25 -17 29 31 -3 34 33 -16 -29 -2 -34 -14 39 46 41 58 -10 56 -8 -46 47 48 -36 -40 -28 -31 -21 -11 57 -7 -44 -45 -35 -50 -26 -30
right_child=5 8 3 4 17 55 9 -9 42 53 -12 12 37 -15 15 16 19 18 -20 52 -22 -23 23 25 60 -27 50 28 61 51 -32 -33 36 40 38 -37 -38 -39 49 -41 -42 -43 43 54 45 -47 -48 -49 59 -51 -52 -53 -54 -55 -56 -57 -58 -59 -60 -61 -62 -63
leaf_value=-0.019567123611059754 -0.013021622216293646 -0.0045629295115098851 -0.0066172404220823204 -0.01421821939043042 0.0053043548884036291 -0.023768443554772447 0.0016652980118918486 -0.029422839304402669 -0.017156368112417483 0.014610515538114476 -0.013813131793636748 0.0066390139806900223 0.0021900209908522492 -0.011041891633219879 -0.018031836002862338 -0.0021676396906555699 -0.032055137122543299 0.00025639558113089392 -0.0094210770288907734 0.0079919361072979065 -0.0049437459134696231 0.0021250758787316822 -0.0046012193807850477 -0.0033801114860018207 -0.015427814017331934 0.013936145787958645 0.038979699111137731 -0.0079384837901385601 0.0051343960080570518 -0.007227079479875935 0.0098217771807813589 0.010347984745692068 0.00093938519694268779 -0.0097245321882287687 -0.00052336479704355476 -0.0052091568933947969 0.022221749294801401 -0.007255957302357308 -0.037596079537836301 0.024533492167257469 0.0009528431543707886 -0.021992343244749964 -0.01077652961030603 -0.0050123455014561237 0.0068749999908123624 -0.0019504894129334413 0.0099787526751271231 0.0073736630818290617 0.0028248560505971239 -0.00078704670631841458 0.0052241024365671943 0.0035726363562329747 -0.0067305890912918772 -0.011860146052395061 -0.010293528883029271 -0.012849580145847682 0.00964529308988815 0.011213137462718381 -0.0010705762763813277 0.010097326528693855 0.011070093287645619 0.014188319702635925
leaf_weight=439.57964150328189 864.08610589429736 225.103027516976 719.87437553890049 362.77253682166338 377.25510310009122 487.7888939268887 8834.8522833809257 190.51271464023739 55.829291705973446 46.58451534807682 263.68701973650604 859.08479533158243 483.53259395994246 541.50499481707811 190.12938907556236 1278.4534547012299 58.408703826367855 904.97062016092241 2265.1908724680543 188.38469143584371 411.99938375502825 7010.4306008145213 5005.3292382378131 1333.6182415261865 45.649943739175797 287.94351506605744 27.681891771033406 289.1011684704572 762.58727262914181 638.64205900765955 1487.3255636319518 863.39813952893019 1419.8377421731129 658.73320809751749 2940.1751319020987 1771.0927007421851 80.948289075866342 1981.2738992273808 22.777361877262592 80.746662549674511 1227.1877327803522 120.84923641569912 69.892759996466339 177.09991129022092 2658.8680241107941 509.24578030407429 849.73741107434034 1990.9596785344183 2191.4805816337466 1129.7333922237158 738.1811006963253 443.53134556859732 539.81849671341479 450.87975166738033 175.22545499447733 484.46244879532605 2512.3283219048753 279.29521007090807 909.8910608291626 713.84460188448429 300.26554099470377 630.65678860247135
leaf_count=9722 30023 1077 11128 9305 2218 24191 41552 5462 395 220 1487 6525 4050 5078 2699 6675 317 5616 17661 870 2329 47777 40115 14776 219 2887 189 1444 5191 3521 7728 4573 7036 3368 14523 35681 448 20106 114 835 6007 816 372 1115 12417 2435 4142 10558 10613 5519 4845 2508 2826 2171 1060 16696 16075 1857 4451 3603 1336 4730
internal_value=-3.46864e-05 0.000579356 -0.000885288 -0.000609558 -0.000328336 -0.0106284 0.000240095 -0.0114167 0.00269509 0.00218707 0.00205865 -0.00104244 -0.00078491 -7.66947e-05 0.00225009 0.00176788 0.00287937 -0.00537091 -0.00663835 -0.00511779 -0.0125063 0.000304411 -0.0011802 -0.00205489 -0.0038152 0.00188206 0.000223002 0.00330399 0.00382046 0.00319852 0.0078833 0.00378517 -0.00199431 -0.00397281 0.00322915 -0.00777486 0.00210133 -0.0054233 0.0035554 0.00422619 -0.00305048 -0.00595722 0.00701359 0.00743866 0.00266626 0.00545621 0.00403461 0.00338888 0.00203064 -0.00154648 0.00649343 -0.00280158 -0.00291616 -0.00935699 0.000689685 -0.0183465 0.00908858 0.0049198 -0.00470863 0.00461458 0.00753881 0.00923992
internal_weight=65860.3 62252.9 36787.1 35935.5 35025.1 3607.43 31477.7 910.387 25465.8 12500.4 22196.1 18977.3 18614.5 16149.7 21932.4 20220 15612.4 3547.42 3170.16 786.612 851.579 15608.2 8597.75 7738.67 5351.24 2387.42 2099.48 14825.8 13547.4 12154.1 1712.43 11072 4607.58 3106.79 10208.6 2635.18 1500.79 2464.81 9919.45 8766.94 2916.66 1689.47 3269.67 3213.84 12003 3168.11 8686.2 7836.46 5845.5 1152.51 765.863 1082.17 728.203 497.464 631.621 972.251 2582.22 456.395 1568.62 2905.33 345.915 1393.24
internal_count=515283 408692 270139 258088 241498 106591 216003 16590 138553 58795 117679 157208 147903 123747 116192 107387 82562 25495 23277 4013 12051 118669 70892 64367 41670 22697 19810 78549 71874 61953 8805 55924 24825 17341 51351 65704 7484 24156 49907 44274 14642 8635 20874 20479 56404 14852 43439 39297 28739 5633 5034 6029 3696 2391 4032 40887 16447 2972 7819 14216 1555 9921
cat_boundaries=0 1 2 3 4
cat_threshold=66696 132096 66675 131097
is_linear=0
shrinkage=0.035


Tree=101
num_leaves=63
num_cat=3
split_feature=24 42 32 43 12 40 39 23 14 37 22 41 22 16 22 3 16 48 22 18 14 29 41 18 41 4 40 37 2 41 3 41 26 23 26 35 37 37 16 35 17 22 3 40 3 3 22 48 22 35 2 1 26 40 22 22 4 39 22 37 3 22
split_gain=329.197 148.459 131.436 131.116 85.6722 75.8026 74.3948 65.8189 56.648 56.575 52.7766 50.6498 70.6925 59.5949 63.7751 46.1609 47.875 45.2874 41.9748 54.1982 40.1478 38.4172 46.4714 38.3927 38.391 37.5547 36.134 35.7197 35.1521 36.5039 38.0321 34.1395 33.6015 37.2057 43.8785 32.3779 32.3677 32.2855 32.0318 31.638 30.772 30.3415 34.8316 29.8762 29.6816 28.871 40.664 28.0998 27.2544 33.696 27.1263 37.7616 27.1047 27.035 29.2687 27.8833 26.9534 26.8299 26.064 31.1605 30.1387 35.3635
threshold=7.5000000000000009 3.5000000000000004 inf 1.5000000000000002 0.90333333333333343 1.0000000180025095e-35 121.55000000000003 0.68301270189221941 16.500000000000004 inf 5.5000000000000009 1839.6000000000001 14.500000000000002 0 8.5000000000000018 269.50000000000006 1 11.500000000000002 40.500000000000007 3430.5920833333334 16.500000000000004 302.50000000000006 67.960000000000022 9575.685416666669 30053.525000000005 152.30000000000004 1345.6533333333339 16545.330000000005 52.245000000000005 7539.5700000000006 136.50000000000003 2391.7700000000004 21.500000000000004 -1.0000000180025095e-35 253.50000000000003 8.5000000000000018 1210.1400000000003 1239.0700000000002 2 6.5000000000000009 3162.6200000000003 30.500000000000004 24.500000000000004 93.506666666666675 41.500000000000007 148.50000000000003 9.5000000000000018 10.500000000000002 7.5000000000000009 10.500000000000002 2638.7600000000007 7369.5200000000004 100.50000000000001 18646.260000000006 100.50000000000001 109.50000000000001 10.125000000000002 219.98000000000005 17.500000000000004 276.49000000000007 23.500000000000004 6.5000000000000009
decision_type=10 2 8 2 10 10 10 2 2 8 2 10 2 9 2 2 9 2 2 10 2 2 8 10 10 10 10 10 10 10 2 8 2 2 2 2 10 10 9 2 10 2 2 10 2 2 2 2 2 2 10 10 2 10 2 2 10 8 2 8 2 2
left_child=1 2 3 9 -2 -6 15 11 -7 57 -9 13 -13 14 -4 16 43 -14 19 28 -5 24 -23 32 35 53 -18 31 29 -10 -31 -8 -22 34 38 -12 56 -38 -34 -28 -27 42 -24 -3 -29 58 -47 50 -36 -50 51 -41 -25 54 -16 -56 -37 -1 60 -60 -35 -62
right_child=4 6 7 20 5 8 27 10 18 -11 21 12 17 -15 25 -17 26 -19 -20 -21 23 22 41 52 -26 40 39 44 -30 30 -32 -33 33 45 48 36 37 -39 -40 47 -42 -43 -44 -45 -46 46 -48 -49 49 -51 -52 -53 -54 -55 55 -57 -58 -59 59 -61 61 -63
leaf_value=-0.011241334249050728 -0.023240093549685564 0.0012798534388133993 -0.0083944190305036658 -0.011008633348447055 -0.026929787333833145 -0.028233452871218957 0.0033797341287963769 -0.0026532786006669621 -0.0090040850529340445 0.0036320062417894003 -0.00067111517123323084 -0.01071251139020731 0.0042502720567643868 0.0043637086866906271 -0.0016175864330435416 0.0095715525859827646 -0.0023136251987806848 0.019216716232847667 0.0013571987442257071 -0.019800909388593413 -0.0092947725196389063 -0.04056413888229729 0.018476887594087249 -0.0012855938349495683 -0.03228081600735655 0.011769919130962264 0.0099339055446695853 0.020600021208953899 0.0043719344585161244 -0.016053751181071191 0.1597405104010598 0.011007396444452132 0.009278378186115115 0.0038188162654568232 -0.0076423129682946702 0.0037995904365891327 -0.05919371563526054 -0.00037824539551384355 -0.009365539540411718 0.00035897642226537528 -0.00082666197985837035 0.014821411860963482 0.0039315026804133757 0.01260962954365826 -0.01280768478291172 -0.023883209349971429 -0.0016474582364545971 0.0056117054050768772 0.013572605016526188 -0.00037495010364074489 0.010598050431476954 -0.039060111675905701 -0.018646330129722045 -0.013744110770785044 0.021801713628196856 -0.00034554906075521429 0.011972016365207122 -0.023059053557561708 0.033778529524073113 0.00391033604295659 -0.010276296519735939 -0.00012329074859506847
leaf_weight=1727.2493284055963 550.35121864732355 460.79275296628475 1614.3764002239332 553.20560577698052 240.77490892168134 137.5383031135425 1052.8376062400639 1340.8758211620152 938.47626397758722 291.33829875476658 1567.2033088393509 361.74070120789111 2566.9780895374715 2173.379612468183 10216.966425513849 945.32290207594633 3120.4637787155807 273.28569040633738 802.76981111243367 389.3235472664237 582.02159923873842 22.334219790995121 238.87127606384456 188.89736389182508 36.5131541416049 491.23329732567072 578.71577267348766 39.445334061980247 359.82372738607228 2.5274141170084468 2.2154083792120218 2272.5699064582586 115.60473424196243 1444.1573043838143 514.87122616078705 1000.6947495937347 10.66818495094776 568.01387850940228 1483.2855477929115 7472.4819833450019 458.94615696370602 759.08717483468354 1272.9325196128339 747.88537775725126 167.45398980379105 103.82794494740665 2597.0311301965266 1683.5764931440353 243.01475677639246 1626.3861157540232 319.6023370474577 28.888713542371988 263.84293501265347 217.7446376979351 128.00154267810285 151.25785513967276 978.6917461976409 273.02148034889251 42.499797772616148 2697.3700657878071 559.53733716346323 1679.1709634810686
leaf_count=24158 27711 2094 11712 6004 14291 6510 5834 7489 31057 1868 8032 2852 14174 13471 62290 4772 14505 1445 21634 12594 4999 114 1113 1382 178 2619 2737 291 8259 92 57 15634 810 10407 5440 4673 57 2954 12572 36317 2637 3837 6264 3647 798 954 17935 8357 2306 12414 2000 145 2219 1315 812 857 5658 5020 270 17104 4680 10852
internal_value=-3.38335e-05 0.000546692 -0.000579805 -0.0029822 -0.0105987 -0.00817022 0.00313687 0.000963092 -0.00644496 -0.0107671 0.00366362 -0.000165654 0.00384002 -0.000995921 -0.0018753 0.0020832 0.00159141 0.00569658 -0.00523309 -0.00835814 -0.00176751 0.00497601 0.00861274 -0.00140526 0.00297051 -0.000973989 0.000976441 0.00771613 -0.0049267 -0.00847486 0.0795781 0.00859419 -0.00107316 -0.000707391 -0.00352918 0.00329027 0.00571654 -0.00156277 -0.00801311 0.00199571 0.00569117 0.00911404 0.00624043 0.00822692 -0.00637006 0.000524792 -0.00251078 0.00151138 -0.00052016 0.00144446 0.000628116 0.000201982 -0.0114217 -0.00156557 -0.00131164 0.00984746 0.00784439 -0.0128651 0.00180149 0.00438579 -0.000121776 -0.00266436
internal_weight=65750 62326.2 43436.1 16986.3 3423.8 2873.45 18890 26449.8 2632.67 2291.61 7795.89 18653.9 3202 15451.9 13278.5 15357.7 14412.4 2840.26 2495.14 1692.37 14694.7 6455.01 2293.23 14141.5 4161.79 11664.1 13203.7 3532.31 1303.04 943.219 4.74282 3325.41 13688.8 13106.8 3983.16 4125.27 2558.07 578.682 1598.89 10083.3 950.179 2270.89 1511.8 1208.68 206.899 9123.59 2700.86 9504.55 2384.27 1869.4 7820.97 7501.37 452.74 10714 10496.2 279.259 1979.39 2000.27 6422.74 2739.87 3682.87 2238.71
internal_count=515283 393078 295947 141394 122205 94494 97131 154553 80203 31046 40369 114184 18471 95713 82242 74574 69802 15619 73693 52059 110348 32880 11328 104344 21552 70530 64061 22557 39465 31206 149 21468 100743 95744 33542 21374 13342 3011 13382 49556 5256 11214 7377 5741 1089 62202 18889 46819 20160 14720 38462 36462 3601 65274 63959 1669 10331 29178 43313 17374 25939 15532
cat_boundaries=0 1 2 3
cat_threshold=162052 224 1160
is_linear=0
shrinkage=0.035


Tree=102
num_leaves=63
num_cat=5
split_feature=7 40 2 8 26 14 42 39 14 2 29 19 26 44 42 2 48 8 18 19 39 3 16 16 27 40 39 8 16 26 41 46 26 41 43 37 47 27 39 16 13 26 48 32 35 18 19 47 52 37 5 15 50 43 17 16 1 17 40 17 30 46
split_gain=311.73 154.458 133.778 82.708 71.632 61.3249 55.6101 61.4215 54.5228 55.3834 54.2373 54.2314 49.987 46.1763 45.231 41.9424 39.7574 37.9701 36.9245 36.5638 54.6514 36.2753 36.0482 34.9698 48.637 42.3399 37.7539 33.6203 38.6868 42.8675 32.6279 32.1385 32.1332 32.0682 31.7805 30.3412 35.6566 30.1776 29.8174 29.374 28.9399 28.9291 27.4778 26.5035 26.2512 26.0131 25.9764 29.9138 27.0326 37.2281 26.5894 25.8564 25.3913 25.2036 24.6098 24.3201 25.9224 24.1859 23.5722 23.4032 23.1068 22.8876
threshold=0.59166666666666679 1.0000000180025095e-35 394.90000000000015 19.500000000000004 223.50000000000003 15.500000000000002 2.5000000000000004 160.94000000000003 15.500000000000002 2524.1400000000003 358.00000000000006 2827.0716666666672 30.000000000000004 121.72500000000001 5.5000000000000009 8.115000000000002 10.500000000000002 6.5000000000000009 13126.262500000003 227.88000000000002 26.650000000000002 18.500000000000004 0 1 1167.1850000000002 10150.380000000003 10.06 9.5000000000000018 2 122.00000000000001 74.63000000000001 102.16000000000001 284.50000000000006 42.885000000000012 1.5000000000000002 12532.460000000003 161.36000000000004 1.0000000180025095e-35 67.715000000000018 3 0.12250000000000001 70.500000000000014 3.5000000000000004 1267.3800000000003 5.5000000000000009 7740.4954166666676 222.77055555555557 65.345000000000013 4.5000000000000009 41161.68 330.9500000000001 0.0879778393351799 54.858679157290361 2.5000000000000004 4.830000000000001 4 129.46000000000004 9015.840000000002 1252.6500000000003 994.88000000000011 32101.385000000006 64.990000000000023
decision_type=10 10 10 2 2 2 2 10 2 10 2 10 2 8 2 10 2 2 10 10 10 2 9 9 10 10 8 2 9 2 8 10 2 8 2 8 8 10 8 9 10 2 2 10 2 10 10 10 2 8 10 10 10 2 8 9 10 10 10 8 10 10
left_child=4 21 3 5 12 -3 7 10 22 11 18 14 -1 15 23 -5 -6 42 27 33 31 -2 -4 41 -25 30 -27 35 -29 -30 -26 -21 37 -19 -9 36 59 -31 60 -15 -34 -10 -8 51 -37 -28 -32 50 49 -49 -48 -11 61 -17 -14 -42 -57 -24 -53 -7 -13 -35
right_child=1 2 8 13 16 6 17 34 9 43 -12 38 54 39 -16 53 -18 19 -20 20 -22 -23 57 24 25 26 45 28 29 32 46 -33 40 52 -36 44 -38 -39 -40 -41 55 -43 -44 -45 -46 -47 47 48 -50 -51 -52 58 -54 -55 -56 56 -58 -59 -60 -61 -62 -63
leaf_value=-0.018334671192784383 -0.011261867720466131 -0.010441318358709054 0.0075029764139660365 -0.015576500920380838 -0.021060720868322336 0.0060167999902901422 0.01681428848948224 -0.014178736678847365 -0.0054562066550106177 0.0041550504502509845 -0.010486766780932296 -0.010567238243095566 -0.01746365840660315 0.0043006641275722445 0.0082114697209364537 -0.007779954588588372 -0.0088949661953241378 -0.010426514189088961 -0.013227309042338889 -0.0099062602360662725 0.0030990801276664592 -0.033420811868887679 -0.010247286582074302 -0.0016745369444585506 -0.022351516964738975 -0.031195058110272546 -0.023510508868510215 0.0045781809579418329 0.0010444044621835977 -0.028112536160465423 -0.0084897853488278587 -0.0017454850040710015 -0.01657883236926912 0.0020853721481394008 -0.0029150496020973801 -0.0042662767397291532 0.0081031993158899029 -0.0048740590817519793 -0.00010750871193157957 -0.011144581365471253 0.0030306487511979762 0.0097151587166568656 0.0047402653068989399 0.00035196487611269494 0.0025132719065011542 -0.0007041546003556271 0.0071073736325565403 -0.0054321618445970265 0.0034256338508958147 0.0098430607564129486 -0.0050444645410008364 0.0033009665146080938 -0.0059256570826416279 0.0023820696009723792 -0.0017414274409631311 -0.011445402629013836 0.007259107223680835 0.020845717275756358 0.0135871688815065 -0.0021428342895179432 -0.048981950964124478 0.0067352236376139974
leaf_weight=327.45366326440126 185.6529660820961 689.25511613767594 202.33823435660452 239.15353049617261 892.69896296225488 690.87008162401617 300.13175538927317 623.29809669591486 176.87523906491697 932.64883767068386 650.93862585164607 428.37251550331712 133.50198727566749 165.57000950351357 1696.3596593514085 386.806780311279 524.48825371917337 201.04956000298262 262.28478636965156 750.3186393417418 2747.2968084607273 178.48621274903417 736.4011337114498 3826.4523101039231 58.913003580644727 59.986870002001524 65.878955792635679 1292.3582919575274 3999.9267664905638 68.59064220264554 214.4577137734741 2776.0343866758049 120.95795708522201 2658.5476958043873 604.75814786180854 1305.8304401263595 1590.0357114076614 4393.8036694228649 539.46167540736496 1594.0412261625752 1570.024136332795 1158.8082663565874 996.13877908885479 548.27731895260513 1504.9157531447709 730.79967412911355 3487.6193598657846 955.88236153125763 6162.3395668119192 244.6534256413579 234.77534721046686 345.51958405226469 311.12935292348266 1304.2567831352353 1311.6398278158158 324.94878821820021 125.00772437825799 31.065082086250186 1311.7290331721306 1139.3419267106801 19.19088901206851 2533.024629317224
leaf_count=11339 7223 8965 1162 4099 28783 6904 1430 8087 821 5192 6964 2207 4752 1077 11647 4188 15394 1115 2329 3795 13002 9781 4170 19720 327 364 379 12033 33541 1298 1205 12420 3636 12940 5174 7185 9067 40642 3446 14381 15099 5720 4756 3566 7747 3883 19199 4781 31757 1266 1250 1892 1505 6909 25947 4088 879 156 9540 11634 97 11428
internal_value=-3.30432e-05 0.000512114 0.000645583 -0.000651419 -0.0107036 -0.000114691 9.78184e-05 -0.00105547 0.00268051 0.00302046 -0.000565923 0.00234385 -0.00600862 -0.00562931 0.00275789 -0.00188931 -0.0165677 0.00185875 -0.00021419 0.00124259 -0.000601283 -0.0221851 -0.00544628 0.00222508 0.00176738 0.00284705 -0.00465234 -2.51757e-05 -0.00111608 -0.00181309 0.00341301 -0.00348421 -0.00354664 0.00327045 -0.0086388 0.00205732 0.00427089 -0.00523747 -0.00565206 -0.00972852 -2.16174e-05 0.00764634 0.00754663 0.00734359 -0.000636802 -0.00261717 0.00354931 0.00378296 0.00248964 -0.00231367 0.0063398 0.008823 0.0037727 5.44267e-05 -0.00320492 0.000977554 -0.00610884 -0.00884809 0.0114459 0.000938876 -0.0123199 0.00435495
internal_weight=65643.4 62453.6 62089.5 37920.6 3189.78 34230.8 33541.6 20267.9 24168.8 23199 19039.8 20060.8 1772.6 3689.83 19073.8 1930.22 1417.19 13273.7 18388.9 11977.4 6273.65 364.139 969.804 17377.4 16041.8 12215.3 856.665 18126.6 11895.6 10603.3 11358.6 3526.35 6603.33 5703.75 1228.06 6230.99 3420.25 4462.39 987.025 1759.61 2140.94 1335.68 1296.27 3138.17 2810.75 796.679 11299.7 11085.3 7362.88 1200.54 3722.39 2589.9 5502.7 1691.06 1445.14 2019.98 449.957 767.466 1657.25 1830.21 447.563 5191.57
internal_count=515283 429068 412064 278317 86215 247663 238698 176307 133747 128259 163046 108069 42038 30654 102319 15196 44177 62391 156082 56205 29217 17004 5488 90672 84131 64411 4626 153753 111216 99183 59785 16215 65642 26988 13261 42537 27605 41940 5750 15458 23702 6541 6186 20190 14932 4262 59458 58253 37804 6047 20449 16624 25873 11097 30699 20066 4967 4326 11432 18538 2304 24368
cat_boundaries=0 1 2 3 4 5
cat_threshold=5248 1160 66661 3080 147728
is_linear=0
shrinkage=0.035


Tree=103
num_leaves=63
num_cat=3
split_feature=45 46 44 14 22 16 41 49 9 8 22 27 7 41 40 2 23 42 41 4 19 26 3 3 8 2 22 10 1 47 22 16 41 47 49 22 41 2 41 18 2 14 12 2 3 18 1 19 14 26 26 22 27 3 22 2 22 40 26 18 4 16
split_gain=298.493 140.244 82.4811 75.7635 91.3452 67.7608 66.9481 63.9669 60.7177 58.5002 58.3323 55.3461 52.7829 51.9499 51.3699 50.367 46.3903 44.409 43.8876 43.7741 43.3196 39.4527 43.5908 47.7855 36.9765 50.0774 42.8689 36.7001 34.9169 32.7346 31.885 31.7635 43.3688 31.9088 54.5984 31.0375 28.588 28.127 27.6597 41.6519 27.1317 26.7893 26.8058 26.2873 25.9405 25.549 25.3298 24.8235 24.9267 23.9324 23.7961 23.1058 49.9186 28.8764 37.976 25.7986 23.0625 22.6344 22.4669 28.9107 22.3927 22.3906
threshold=5.7083333333333348 95.120000000000019 112.07000000000001 21.500000000000004 2.5000000000000004 0 923.75000000000023 16.500000000000004 138.24500000000003 16.500000000000004 52.500000000000007 7.0100000000000007 0.63068181818181823 10048.500000000002 16178.610000000002 1431.1800000000001 0.68301270189221941 3.5000000000000004 499.85000000000008 40.365000000000009 123.04977272727275 100.50000000000001 66.500000000000014 68.500000000000014 12.500000000000002 147.90000000000003 10.500000000000002 216.21500000000003 57.180000000000014 1232.5500000000004 30.500000000000004 1 2002.0300000000004 25.580000000000005 2.5000000000000004 14.500000000000002 655.2700000000001 0.7350000000000001 10263.150000000001 4916.5050000000001 378.4500000000001 18.000000000000004 60.678333333333335 271.65000000000009 199.50000000000003 617.11000000000013 1040.7 3473.0150000000008 20.500000000000004 91.000000000000014 100.50000000000001 12.500000000000002 1133.2400000000002 71.500000000000014 44.500000000000007 453.77000000000004 95.500000000000014 8378.1900000000005 269.00000000000006 476.75000000000006 1456.1250000000002 2
decision_type=10 8 8 2 2 9 10 10 8 2 2 10 10 10 10 10 2 2 10 8 10 2 2 2 2 10 2 10 8 10 2 9 10 10 10 2 8 8 10 10 10 2 10 10 2 10 8 10 2 2 2 2 10 2 2 10 2 10 2 10 10 9
left_child=1 2 11 4 6 45 -3 37 31 28 13 18 -13 15 19 16 24 51 -1 29 41 -18 46 -24 26 -26 -7 -28 61 -12 -9 -5 33 -33 -35 -34 -17 -2 39 -15 -31 -14 56 -11 57 -6 -23 48 -27 -22 -46 52 -10 -53 -55 -56 -43 -38 59 -51 -59 -4
right_child=7 3 9 8 5 10 -8 30 17 43 14 12 20 38 -16 36 21 -19 -20 -21 49 22 23 -25 25 47 27 -29 -30 40 -32 32 35 34 -36 -37 44 -39 -40 -41 -42 42 -44 -45 50 -47 -48 -49 -50 58 -52 53 -54 54 55 -57 -58 60 -60 -61 -62 -63
leaf_value=-0.0066514240372976827 -0.012391981200687128 -0.0056141783110742818 0.00094066559218484579 0.0096523919867890304 0.010091580997487885 -0.0080434478118546274 -0.030058406879803618 -0.022769576992932156 0.0053479318395732956 -0.012917934642862342 0.0034795191148410606 -0.0069974335701662536 -0.0061772200826555376 -0.089998600367166837 -0.014224966172068806 -0.0045984946673963108 0.0032119031720780015 0.0096949699270787362 -0.034356531774571257 0.0090114466436031718 0.001146681693453505 0.0047328152957030857 -0.076776081323915238 -0.01355995592189117 -0.011187753615990628 -0.0042787692508402739 -0.0011241665655410376 0.0069548448237858945 -9.4620155805598619e-05 -0.019105806066479245 -0.0091171260643402949 0.0035027625732605766 -0.0040892109665862757 -0.011895923464426873 -0.00020171554268693623 0.0067113969794753807 0.0062034531554824423 -0.0045565266530516553 -0.008387521376661702 -0.011761367706236692 -0.00094303873628307118 0.00057821563612410931 0.0053295236275854967 -0.00057469782219516741 0.0070184639403512673 -0.012442743140654546 -0.018584223950534755 -0.027278453378840727 0.00082391527630324682 0.0034333761655060018 -0.022299745509752524 0.010905125168297856 -0.013136880784852097 -0.0064729437758662255 -0.0047914189511973912 0.012897667297371922 0.0095797597436160058 -0.014871868874893198 -0.00057677397363811039 -0.010309124861499604 0.019605580493896973 -0.0086015694139857952
leaf_weight=763.46828480251133 842.02524803113192 1082.6689848294482 383.07809055317193 623.85835135169327 1200.7007891032845 587.21905576996505 156.32461880240589 594.69419443514198 456.13760559074581 1386.8927231580019 3299.3950795922428 1191.7867252295837 471.85982541088015 12.049987848848103 188.41822193004191 447.18085500784218 3989.8453068267554 2820.2101887054741 76.240317728370428 1683.1770880967379 1268.1084317080677 348.05163281597197 14.718281919136642 232.10719730146229 995.03100560419261 3106.2576166056097 1602.6552485208958 1206.6278697513044 2111.6733099631965 141.11762715503573 326.40975184366107 2184.6857836311683 376.64589926507324 557.25893998797983 3946.6557481354102 2391.7336383666843 2875.333248892799 1685.3978306083009 593.94637273624539 24.090091628953815 346.52219506539404 5830.6531430203468 2636.3930421900004 249.44320716522634 57.963441714644432 64.140802871435881 67.229374825954437 48.441513527184725 1883.2343079000711 227.64202029258013 79.463811287656426 696.35617554932833 293.13243694603443 408.33123988285661 140.05314197391272 357.17727689445019 369.85348066873848 114.77091478556395 870.98278061673045 1052.033929893747 27.905994348227978 1473.0484162326902
leaf_count=10572 30013 7462 4711 3137 6043 3288 2899 28738 2263 18994 17520 19315 4897 69 922 2254 19072 17349 2612 10995 7340 1748 78 1226 6953 15768 8700 6221 14482 735 11781 11307 3187 2856 20981 12309 16448 34330 3511 137 1722 44713 14485 1432 316 309 321 242 9392 1271 433 3820 1448 2084 689 2290 2365 610 6237 7251 174 20456
internal_value=-3.23433e-05 0.000524371 -0.00185673 0.00168634 0.00055437 0.00101001 -0.00872008 -0.0100534 0.00365117 -0.00547123 0.000591012 -0.000483993 4.27265e-05 -0.000368466 0.00369692 -1.63303e-05 -0.000961166 0.00673407 -0.00920475 0.00431671 0.000702455 0.00189869 -0.00600764 -0.0176241 -0.0023721 -0.0040164 0.000548868 0.00234713 -0.00317334 0.00222828 -0.0179467 0.00206915 0.00155608 3.2682e-05 -0.00165093 0.005241 0.00367596 -0.00717082 -0.0102358 -0.0395684 -0.00622749 0.00193987 0.00237395 -0.0110378 0.00484968 0.00886986 0.00092247 -0.00259807 -0.00235303 -0.00266641 -0.00997267 0.00317991 -0.00189164 0.00555174 0.00142762 0.00791563 0.00111661 0.0055277 -0.00491425 -0.00786369 -0.00803895 -0.00667399
internal_weight=65540.5 62092 20363.2 41728.8 26476.6 25237.6 1238.99 3448.53 15252.2 5604.14 23972.8 14759 13919.3 18314.1 5658.63 17684 14081.4 5171.4 839.709 5470.21 12727.5 4651.95 662.106 246.825 9429.47 6032.96 3396.5 2809.28 3967.8 3787.03 921.104 10080.8 9456.98 6688.6 4503.91 2768.38 3602.62 2527.42 630.086 36.1401 487.64 9308.76 8836.9 1636.34 3155.44 1264.84 415.281 5037.93 4989.49 3418.77 137.427 2351.19 749.27 1601.92 905.562 497.23 6200.51 3018.01 2150.66 1279.68 142.677 1856.13
internal_count=515283 410421 181133 229288 145568 135207 10361 104862 83720 60075 128855 121058 107874 96961 31894 93244 73009 29943 13184 30972 88559 22445 3373 1304 50564 32355 18209 14921 39649 19977 40519 53777 50640 35144 23837 15496 20235 64343 3717 206 2457 66460 61563 20426 17981 6352 2069 25402 25160 22099 749 12594 3711 8883 5063 2979 47078 17232 14759 8522 784 25167
cat_boundaries=0 1 2 3
cat_threshold=1185 9832 140373
is_linear=0
shrinkage=0.035


Tree=104
num_leaves=63
num_cat=5
split_feature=45 22 3 2 14 29 19 42 49 44 22 16 3 16 29 39 8 27 41 18 2 30 16 18 16 29 48 5 41 43 14 22 8 6 22 49 3 22 19 37 0 12 44 3 22 8 2 18 30 29 52 14 3 38 16 22 29 48 43 15 29 29
split_gain=280.562 131.463 137.725 114.529 67.1208 66.6419 64.1839 82.4928 61.6389 58.5884 53.7043 102.188 56.5959 52.2674 46.3237 45.917 45.5358 44.1768 43.0075 46.3987 40.6925 38.583 38.0857 37.455 34.8446 41.6518 43.0394 34.6083 34.172 33.2515 32.5066 31.1558 31.0192 30.6049 30.2796 29.8889 29.6448 28.9527 28.8263 28.6511 28.617 30.0738 28.4067 28.3074 52.6945 27.6677 27.5415 26.8949 26.665 26.5211 26.3825 25.12 24.8746 24.2067 24.1166 23.9495 23.8584 23.7203 23.4381 22.9176 22.8696 22.5309
threshold=5.7083333333333348 1.5000000000000002 22.500000000000004 690.5200000000001 15.500000000000002 324.00000000000006 1065.6191666666668 2.5000000000000004 16.500000000000004 169.01000000000002 25.500000000000004 0 49.500000000000007 1 358.00000000000006 115.22500000000001 14.500000000000002 13571.190000000001 841.28000000000009 3780.3675000000003 34.790000000000006 6.205000000000001 2 2333.0479166666669 3 232.00000000000003 10.500000000000002 1358.8800000000003 4946.2200000000003 8.5000000000000018 18.000000000000004 30.500000000000004 8.5000000000000018 90.915000000000035 10.500000000000002 5.5000000000000009 53.500000000000007 16.500000000000004 2407.6696969696973 1.0000000180025095e-35 810.63000000000011 2554.8900000000003 82.780000000000015 45.500000000000007 19.500000000000004 23.500000000000004 2638.7600000000007 1231.6437500000002 1276.9500000000003 84.500000000000014 6.5000000000000009 18.000000000000004 80.500000000000014 46.105000000000011 4 5.5000000000000009 333.50000000000006 2.5000000000000004 6.5000000000000009 0.90047835291684375 344.00000000000006 54.500000000000007
decision_type=10 2 2 10 2 2 8 2 10 10 2 9 2 9 2 8 2 10 8 10 10 10 9 10 9 2 2 10 10 2 2 2 2 10 2 8 2 2 10 8 10 10 10 2 2 2 10 10 10 2 2 2 2 10 9 2 2 2 2 8 2 2
left_child=1 2 51 4 20 -4 7 9 42 14 11 18 -13 52 21 30 -8 59 58 33 -3 -6 29 -7 -23 26 43 -21 -28 -9 -12 -10 -24 45 39 36 -14 48 -32 -35 -18 -42 57 -26 47 60 -40 -45 -15 50 -34 -1 -11 -31 56 -27 -53 -2 -5 -17 -20 -33
right_child=8 3 5 10 6 23 16 22 31 13 15 12 35 37 -16 17 40 -19 19 27 -22 24 32 -25 25 55 28 -29 -30 53 38 61 49 34 -36 -37 -38 -39 46 -41 41 -43 -44 44 -46 -47 -48 -49 -50 -51 -52 54 -54 -55 -56 -57 -58 -59 -60 -61 -62 -63
leaf_value=-0.020399327577289086 -0.014130248971250066 -0.020044214999484253 -0.027903071845263677 -0.0045572504555301922 -0.012665754981561816 -0.0099738313814475704 0.0038717242472142248 0.0028323621061395361 -0.02245644215892938 0.0039962674377832727 -0.0042140639889190947 0.001814600198664516 -0.048889842536432818 -0.020324597965797296 -0.010123760680713093 0.013255545057432695 -0.0097154954044442084 -0.0020136551007452481 0.0061739511817215098 -0.010281987035528574 -0.0046466361784785757 0.0065329069149920801 0.0052164575246696644 0.032665277901149981 0.00042552041344075746 -0.0038746471503233338 0.00089647721843015928 0.023746248099825798 0.013475250813374227 0.0059713668977528908 0.0058158709050359523 -0.023654567460793904 -0.0062766242068463792 -0.031724529709076632 0.013804918195434942 -0.00512548017880924 -0.013989650349576208 -0.0052190332853396144 -0.0079496570350142993 0.0055739078283717075 -7.3564272190702461e-05 -0.018766644146514022 -0.013296312102191569 -0.0090464707250327136 -0.0030663143502489124 -0.0047231978977286433 0.0051786373946458002 -0.025022510503819297 -0.0065509740902728779 -0.0017677246265497474 0.0067189681741276399 0.0063554555953203515 -0.011938061379124221 0.015684353866576985 -0.0044453503790993524 0.0026359157139805764 -0.016725191781442664 -0.003108351727528959 0.0041244678387224792 0.0058372148597292195 -0.019428821484338853 -0.0031075666085866216
leaf_weight=91.159113516099751 280.90776726230979 282.64543083775789 476.00110078882426 985.91774727404118 277.30226937308908 138.66892420779914 621.3529195189476 7434.5793559290469 582.11994269303977 922.85434621945024 592.28264643810689 825.74612597003579 30.828441262245178 344.77162417396903 540.3856199439615 1606.345120601356 1535.6781535800546 376.24962135776877 2013.8019648250192 324.56526442058384 816.30315738171339 1078.4270855020732 1385.2197470664978 29.806330755352974 2069.9907026719302 768.74758145958185 2159.0889969598502 40.298207990825176 300.53841633535922 1475.4030159562826 3652.6257489863783 89.972193000838161 239.14021636545658 25.394699707627296 1050.0996410995722 695.94503533840179 528.69947971403599 2172.3132383916527 402.8237064704299 575.90690883249044 925.66810963861644 117.9822196289897 644.59671235457063 399.18262464366853 4028.0929588694125 372.57448186911643 378.96969562582672 191.28194567933679 345.75533973798156 4745.8795661628246 943.54230634868145 549.45363294892013 136.94899014011025 399.43800230324268 1247.1602907935157 6873.259512655437 59.9749292191118 1585.7010244112462 619.44325589388609 750.97286023199558 42.715372852981091 233.7190989330411
leaf_count=1381 8505 6703 12171 4815 6812 2073 3127 35117 28738 7086 2842 4241 178 4579 5112 12323 8954 1947 9796 1767 5570 6929 6653 315 14047 5275 17531 321 2833 7020 19852 3790 1117 127 6913 3754 2666 21875 2211 3004 4435 576 17244 4018 32305 1782 2332 2134 2426 22105 4422 4402 1513 2085 13673 44847 507 38594 3137 4489 196 7991
internal_value=-3.17108e-05 0.000506322 -0.0072076 0.000842938 -8.54786e-05 -0.0212193 0.000135789 0.000524636 -0.00979387 -0.000851526 0.00338589 0.00139806 -0.00527591 -0.00473966 -3.51164e-05 0.00546848 -0.00462915 0.00911881 0.00369675 0.00547579 -0.00862146 0.000265865 0.00239627 -0.00228197 0.000467248 7.33526e-05 -0.00151982 -0.00646903 0.00243831 0.00387933 0.00348198 -0.0176179 0.000502276 0.00654518 0.0102206 -0.00997918 -0.0159963 -0.00718267 0.00451062 0.00394863 -0.0066777 -0.00220271 -0.00696579 -0.00297551 -0.00449958 0.00404326 -0.00158731 -0.0142555 -0.0134474 -0.000599049 0.00408816 -0.00256287 0.0019099 0.00804799 -0.00167658 0.00198056 0.00399493 -0.00477373 -0.00120685 0.0108958 0.00563298 -0.00887401
internal_weight=65433.2 62016.2 2592.22 59424 43531.8 644.476 42432.8 39232.1 3417.02 22608.9 15892.2 8131.94 2081.22 3922.64 18686.3 7760.27 3200.68 2733.57 6050.72 4445.36 1098.95 18145.9 16623.2 168.475 17868.6 16790.2 9148.18 364.863 2459.63 9309.42 5026.7 905.811 7313.78 4080.49 1651.4 1255.47 559.528 2862.84 4434.42 601.302 2579.33 1043.65 2511.21 6688.55 4618.56 2429.09 781.793 590.465 690.527 5928.56 1182.68 1947.75 1059.8 1874.84 1856.59 7642.01 609.429 1866.61 1605.36 2357.32 2056.52 323.691
internal_count=515283 410421 34522 375899 287206 14559 274933 257841 104862 179322 88693 42697 10839 37479 141843 45996 17092 18759 31858 23906 12273 136731 78519 2388 129919 122990 72868 2088 20364 44222 27237 40519 34297 21818 10044 6598 2844 28880 24395 3131 13965 5011 64343 52504 38457 11774 4543 6152 7005 27644 5539 19963 8599 9105 18582 50122 4909 47099 7952 16812 9992 11781
cat_boundaries=0 1 2 3 4 5
cat_threshold=138376 134160 504 1136 17167
is_linear=0
shrinkage=0.035


Tree=105
num_leaves=63
num_cat=0
split_feature=46 40 12 32 43 18 2 39 41 22 31 17 22 14 22 26 22 4 8 43 12 41 8 26 27 48 27 39 23 13 14 19 49 23 40 40 27 23 26 46 0 51 51 40 22 41 50 37 22 18 26 39 45 48 26 47 29 2 22 13 48 14
split_gain=270.968 120.068 101.757 100 92.5582 76.3487 69.3098 54.5886 54.185 55.6334 63.5613 48.7309 59.7805 47.1848 47.0639 46.9113 44.8008 45.6526 44.474 41.9273 39.4132 36.7519 35.6945 35.2576 44.2285 39.2699 35.2389 34.9977 33.3287 32.8512 32.454 33.7174 31.3122 31.0995 30.6435 30.3858 30.326 29.761 36.2982 28.408 28.1038 27.803 27.7067 29.965 27.1703 51.2467 26.5791 26.29 62.1778 26.1551 25.878 25.8298 25.4921 25.4659 25.3855 25.2776 25.1169 24.9776 24.3373 24.2109 24.0729 25.7627
threshold=4.830000000000001 1.0000000180025095e-35 2.1275000000000008 12075.480000000001 5.5000000000000009 9200.4750000000004 2638.7600000000007 230.45000000000002 1839.6000000000001 15.500000000000002 1.0000000180025095e-35 384.06000000000006 83.500000000000014 19.500000000000004 5.5000000000000009 21.500000000000004 11.500000000000002 115.22500000000001 8.5000000000000018 10.500000000000002 183.10666666666671 34.285000000000004 20.500000000000004 100.50000000000001 1105.9700000000003 1.5000000000000002 1334.4000000000003 129.64500000000004 0.93301270189221952 0.56385869565217395 21.500000000000004 217.99000000000004 5.5000000000000009 -1.0000000180025095e-35 730.62000000000023 2508.9000000000005 10417.680000000002 0.68301270189221941 81.500000000000014 1067.0400000000002 67.816666666666819 1.5459768124944173 488.62425415616252 4231.7400000000007 2.5000000000000004 401.96000000000004 54.858679157290361 6811.7400000000007 37.500000000000007 7106.1375000000016 284.50000000000006 29.725000000000005 1.2752525252525253 2.5000000000000004 39.500000000000007 3685.1400000000008 272.50000000000006 606.73500000000013 36.500000000000007 0.27097902097902099 1.5000000000000002 22.500000000000004
decision_type=8 10 10 8 2 10 10 8 10 2 2 8 2 2 2 2 2 10 2 2 10 10 2 2 10 2 10 8 2 10 2 10 10 2 10 10 10 2 2 10 10 10 10 10 2 10 10 10 2 10 2 10 10 2 2 10 2 10 2 10 2 2
left_child=2 -2 -1 4 5 7 8 13 11 34 58 14 16 -3 -5 -15 35 36 53 30 -19 29 -14 24 -12 -25 -16 28 57 -17 31 -6 -23 50 -10 51 37 47 -39 -9 -33 -38 43 -36 45 -35 -8 55 -49 -22 -34 -13 -26 -4 -37 60 -46 -20 -11 -60 -18 -62
right_child=1 3 18 6 19 -7 46 39 9 10 23 12 22 15 26 21 17 20 27 -21 49 32 -24 25 52 -27 -28 -29 -30 -31 -32 40 33 44 42 54 41 38 -40 -41 -42 -43 -44 -45 56 -47 -48 48 -50 -51 -52 -53 -54 -55 -56 -57 -58 -59 59 -61 61 -63
leaf_value=-0.01659585292655396 -0.022596438696656663 -0.010076218805256656 -0.011563366666594573 0.00086694248030070643 0.0036787473380714519 -0.018046774412679645 0.0034249576845554078 -0.016248108050038682 0.013955602002310321 0.0046429866307404104 -0.026041559902715766 -0.0065919392579889399 0.0069746736566906591 -0.012397547105884079 0.0091660230320459845 0.0086861684378431257 0.005863167808565232 -0.016850968901391608 -0.0079749045020839054 0.0059439822848352522 0.0092963455300186116 -0.0081187479476631345 -0.018913333550942213 0.0058058650529793383 0.014861571351747729 -0.0056605393291056239 -0.0046477018488992484 -0.018506871929428279 0.001319846177365023 -0.0011051544387344822 0.0033281882453760512 -0.012358348884011326 -0.007760508482253385 0.0020167576625485448 -0.0042133796686121931 0.009911431104357115 -0.027686923947919009 0.0075854367242004783 -0.0017398404542575555 -0.00023036032030138617 -0.0015422607259010116 -0.0052086637888698545 0.020452365393745665 -0.021322773664391063 0.0040272344941495947 -0.02614470822389325 0.010864944955719897 -0.012088018514122509 0.0092006344883055393 -0.0023488210145469726 0.00053357057374165404 3.9161366744360819e-05 0.0026194362690317146 0.00044161210792949745 -0.018872460975143644 -0.012209251022782808 -0.0015805793611023903 0.024054997710508511 0.03221744572962857 0.010011212341927238 -0.0027147389947708295 0.0015304294925805198
leaf_weight=1039.908484059386 267.4657937027514 809.25081637967378 241.55142312683165 2764.5704360771924 1555.7017872091383 408.10816709231585 1006.8904222100973 518.64707270078361 92.073994126170874 1316.7073068544269 46.43725549057126 1393.5397415161133 1809.0884734522551 440.55831043608487 2047.6686240807176 866.42036585323513 571.839460760355 88.018534794449806 2862.0891203265637 1912.1477492898703 1255.1038044318557 847.06765658035874 66.742279835045338 548.93719805777073 414.39339652657509 1092.4449989590794 253.69134122505784 300.25824901647866 616.21048489399254 812.98408931866288 3112.6786942705512 309.24635919556022 1211.6643233038485 204.34551491029561 408.5636023748666 43.15158936008811 80.494351875036955 1235.0965235307813 871.53117874637246 183.58236722555012 5731.5505244396627 394.43385467864573 39.553312040865421 180.36569545976818 2191.015416463837 128.07533459179103 1417.9438631571829 213.49594597518444 776.38426168262959 290.56691361218691 743.06532852444798 1486.7507764715701 419.12289812974632 2011.4878871897236 261.59189921058714 256.29276448115706 1766.4007345363498 29.196726378053427 61.042388152331114 2242.9219364374876 6341.6085592620075 2418.3906546253711
leaf_count=42802 13378 10639 4459 15734 8098 5677 5670 7037 551 6809 223 7693 10034 4811 10526 7637 2971 393 52525 11078 7992 5367 403 3045 2266 5860 1309 6895 6591 3800 15247 2322 15142 2175 2479 226 464 5804 4338 1405 27642 2267 202 1236 20880 2167 10095 1471 4516 1425 8171 8065 2000 23555 1801 1355 15968 205 514 11813 34857 13203
internal_value=-3.10736e-05 0.000756124 -0.00648548 0.000864277 -0.000880362 -0.00320672 0.00207569 -0.00264029 0.00164038 0.00439403 0.00547342 0.000881928 0.000100053 -0.00197857 0.00394559 -0.00126616 -0.000520431 0.000290358 -0.00474829 0.00117143 0.00580678 -0.000705698 0.00604399 0.00120599 0.00685455 -0.00182456 0.0076419 -0.00705407 -0.00606866 0.00394844 0.0003188 -0.000914578 -0.00180827 -0.000951097 -0.0048015 -0.00428514 -0.000394866 -6.94213e-05 0.00372849 -0.0120669 -0.00209792 -0.00906862 -0.00756726 -0.00948057 0.000716349 -0.00887918 0.00777824 -0.000826062 0.00460156 0.0071071 -0.00460896 -0.00317027 0.00871629 -0.000850017 -0.0147776 -0.00138683 0.00152441 -0.00764326 0.00844398 0.0106133 -0.00108833 -0.00154273
internal_weight=65328.1 58227.4 7100.7 57960 23752.5 11131.2 34207.5 10723.1 31782.6 6862.56 6142.01 24920.1 19854.1 10020.8 5065.93 9211.6 17978.3 14793.3 6060.79 12621.3 1633.69 8771.04 1875.83 2521.34 879.954 1641.38 2301.36 3807.75 3507.5 1679.4 10709.2 7596.5 7091.63 6244.57 720.557 3185.03 13159.6 12684.6 2106.63 702.229 6040.8 474.928 628.483 588.929 4289.84 332.421 2424.83 10578 989.88 1545.67 1954.73 2880.29 833.516 2253.04 304.743 9588.13 3957.42 2891.29 3620.67 2303.96 9331.84 8760
internal_count=515283 378251 137032 364873 175263 110876 189610 105199 173845 36998 32530 136847 109278 96757 27569 86118 98841 81056 94230 64387 9810 81307 10437 13394 4489 8905 11835 66216 59321 11437 53309 38062 69870 64503 4468 17785 71246 68515 10142 8442 29964 2731 3917 3715 41190 4342 15765 58373 5987 9417 23313 15758 4266 28014 2027 52386 36848 52730 19136 12327 51031 48060
is_linear=0
shrinkage=0.035


Tree=106
num_leaves=63
num_cat=9
split_feature=7 17 0 16 44 8 26 18 1 14 16 14 26 42 26 22 35 39 0 4 48 16 8 26 41 18 28 22 16 41 47 23 41 26 1 26 17 39 16 29 16 48 27 22 16 22 8 22 28 47 16 42 39 48 22 27 18 16 22 18 32 52
split_gain=254.933 135.075 105.071 93.014 77.294 79.7936 67.7055 64.8648 53.9051 53.6325 52.2593 46.2201 46.0687 45.549 42.0333 40.2152 40.0403 40.7967 39.4902 39.4698 38.4239 37.3972 36.8961 36.8058 40.5742 36.2753 34.4876 34.315 73.2032 44.3974 42.1467 38.1362 35.3326 33.8908 31.9025 30.9677 30.0197 29.8373 29.578 28.8305 28.0737 31.1929 28.0621 28.0335 27.3946 39.9215 26.9129 26.2474 24.682 24.4121 26.3726 24.2196 23.7336 23.3375 23.0181 34.7115 23.7924 22.816 24.7136 24.4003 22.7835 22.7172
threshold=0.59166666666666679 1.0000000180025095e-35 559.17000000000019 0 112.07000000000001 16.500000000000004 223.50000000000003 13126.262500000003 105.18500000000002 15.500000000000002 1 15.500000000000002 30.000000000000004 5.5000000000000009 21.500000000000004 1.0000000180025095e-35 6.5000000000000009 442.16000000000008 136.94 10.125000000000002 10.500000000000002 2 20.500000000000004 284.50000000000006 5589.1800000000012 8832.7725000000009 0.69000000000000006 29.500000000000004 3 1679.4150000000002 1509.4350000000002 0.68301270189221941 4123.170000000001 161.50000000000003 34.945000000000007 269.00000000000006 6072.2100000000009 115.22500000000001 4 207.50000000000003 5 3.5000000000000004 11583.450000000003 13.500000000000002 6 10.500000000000002 13.500000000000002 37.500000000000007 2.7250000000000005 48.980000000000011 7 3.5000000000000004 244.89000000000001 3.5000000000000004 44.500000000000007 1771.2950000000003 20769.317500000001 8 14.500000000000002 1832.9216666666669 209.53500000000005 6.5000000000000009
decision_type=10 8 10 9 8 2 2 10 10 2 9 2 2 2 2 2 2 10 10 10 2 9 2 2 10 10 10 2 9 8 10 2 10 2 8 2 10 8 9 2 9 2 10 2 9 2 2 2 10 8 9 2 8 2 2 10 10 9 2 10 8 2
left_child=6 3 4 15 7 16 12 10 39 49 11 -3 -1 22 47 -2 26 18 57 23 -8 -10 27 25 -25 -13 51 28 31 -30 37 36 43 44 46 48 -11 -29 -37 -7 41 -24 -39 -31 45 -16 -35 -12 -20 -4 -51 -6 -23 -34 56 -56 -22 58 59 -18 -14 -36
right_child=1 2 9 -5 5 8 20 -9 21 13 14 19 60 -15 33 -17 17 -19 35 -21 54 52 40 24 -26 -27 -28 30 29 32 -32 -33 53 34 61 38 -38 42 -40 -41 -42 -43 -44 -45 -46 -47 -48 -49 -50 50 -52 -53 -54 -55 55 -57 -58 -59 -60 -61 -62 -63
leaf_value=-0.017384165095431628 -0.033427922116193859 -0.010322205102144008 0.033675496712214315 -0.004049083537695352 -0.00032899743752819573 -0.017529927965493519 -0.020215272469377637 -0.017775959036998634 0.011734568316548726 -0.0037455714805366392 -0.013616052958350664 2.9095392877746671e-05 -0.0066167844646247758 0.0078250618110840154 -0.00076504538945661356 -0.011208312791434156 -0.0092111952359371571 -0.018684493983589782 -0.00309256305644917 0.0055084388728869824 -0.014199762964382688 -0.0038599570570563538 0.0049114916353448059 0.003927214281418367 0.019841997088939762 0.0088123977828313532 0.016767251202225029 0.0047188233751475741 0.00051903928353783839 0.0053676137372063665 -0.00078576410034768144 0.0027957243619741545 0.012780453492422747 -0.0037249009797749606 -0.0037805416794951009 0.0089062881835141085 -0.016484331719735935 0.012987069217711865 -0.0016572162752022184 -0.0073882510346609791 0.0038206535774296117 -0.005487675871925419 0.0020925577033301633 0.012576770318859291 -0.0014071789381913901 0.0087848547811421023 -0.014797230966023025 0.013131060638115801 0.003077474312915785 0.0054463639620908402 -0.010189041618727791 0.0099178327543298882 -0.016925609016650685 -0.013629200057894794 0.054951125089633041 -0.0023303272652742276 0.090430707428019536 0.0021200415105323998 -0.0046491748528010033 -0.029029254858777945 0.0022787256549311953 0.0021356992408613227
leaf_weight=312.39014605712146 251.33289078902453 359.19884627964348 17.482659373432398 895.60447831451893 1140.6915137441829 639.74840147141367 852.2833589464426 227.91124412044883 170.85160746797919 1746.9546217024326 457.97390941530466 9862.6381520312279 771.28741724789143 2195.5249604731798 997.29855373129249 167.41945793107152 296.86077270749956 169.22377933654934 2638.546425383538 3750.5825613737106 333.53208902105689 2623.4188800873235 447.8504189606756 2103.0234845411032 215.56490073818713 610.73998388834298 228.60998335108161 3512.1071907263249 2271.4621185064316 1816.4522305354476 1185.2859962936491 1062.9721077764407 54.45541390683502 742.83268169313669 1674.627206467092 843.08422510605305 259.60738884285092 1246.9212524555624 524.59386214707047 745.48175243102014 1002.4009677730501 1661.7440119367093 377.72687840647995 1040.2639050986618 1897.6536810146645 1158.4644577810541 421.38869943562895 49.030280547216535 1135.1319108027965 162.18467334192246 628.95588176418096 374.58860506117344 181.27689790353179 157.0996597148478 13.083791637793182 161.55168342031538 1.7002813071012486 458.75081924535334 1662.1615372812375 102.16768160182983 648.47961657401174 1512.0067456411198
leaf_count=11339 11769 4107 91 13875 7415 9724 28783 1979 806 9330 3619 70658 22233 16016 7335 1599 3462 2273 14097 17764 10867 15787 2368 17611 1803 4040 1483 18570 11056 9159 6220 5308 298 7721 9087 4471 1643 8554 2985 7491 5096 9391 2031 5638 11997 7295 6770 336 5712 925 3495 1778 2078 976 374 4134 19 4199 15566 1756 8466 12455
internal_value=-3.03991e-05 0.000457932 0.000697892 -0.0106386 -0.000352625 -0.00245637 -0.00983373 0.000773194 -0.00638015 0.00271223 0.000937653 0.0020804 -0.0052379 0.00306893 -0.0012307 -0.02402 -0.000668755 -0.00173695 -0.00136022 0.00235157 -0.0156698 -0.00372288 0.00248331 0.00142562 0.00541477 0.000542073 0.00412596 0.00321478 0.00174978 0.00422084 0.00516285 -0.00255425 0.006974 -0.000641047 -0.00278602 0.000399151 -0.00540109 0.00653536 0.00490921 -0.0120813 -0.000979192 -0.00326327 0.010457 0.00799629 0.00166144 0.00434841 -0.00774178 -0.0110087 -0.00123628 -0.00612 -0.00704081 0.00220897 -0.00469344 -0.00680307 -0.00804703 0.00224967 -0.0134017 -0.00494854 -0.00650079 -0.0143453 -0.00255501 -0.000973591
internal_weight=65232.2 62137.9 60823.6 1314.36 39976.1 13935.2 3094.31 26040.9 4360.78 20847.5 25813 16901.7 1732.16 20038.8 8911.28 418.752 9574.41 7830.52 7661.3 16542.5 1362.15 2975.55 17843.3 12792 2318.59 10473.4 1743.89 14731.3 8409.27 5339.73 6322.04 3069.53 3068.27 8404.27 4350.86 5141.36 2006.56 5136.76 1367.68 1385.23 3112 2109.59 1624.65 2856.72 4053.42 2155.76 1164.22 507.004 3773.68 808.623 791.141 1515.28 2804.7 211.555 509.868 174.635 335.232 2519.94 2061.19 399.028 1419.77 3186.63
internal_count=515283 429068 401825 27243 285660 101083 86215 184577 35886 116165 182598 115983 42038 111654 66615 13368 65197 54521 52248 111876 44177 18671 95638 94112 19414 74698 10676 78783 43408 27127 35375 16281 16071 62660 36033 27265 10973 29155 7456 17215 16855 11759 10585 14797 26627 14630 14491 3955 19809 4511 4420 9193 17865 1274 15394 4508 10886 24983 20784 5218 30699 21542
cat_boundaries=0 1 2 3 4 5 6 7 8 9
cat_threshold=151938 67569 1032 16641 152576 20736 141312 5120 22920
is_linear=0
shrinkage=0.035


Tree=107
num_leaves=63
num_cat=4
split_feature=45 46 44 42 49 16 41 27 2 19 27 8 2 7 41 19 40 27 23 37 41 16 44 34 25 39 37 21 12 16 32 41 10 51 37 12 8 0 40 18 26 1 51 11 41 18 1 15 44 29 23 2 16 17 28 40 17 27 5 37 41 29
split_gain=243.002 115.316 67.315 62.5241 57.5612 49.2422 58.8863 74.3264 60.389 56.4389 47.9791 46.9276 46.6149 44.1103 43.125 40.1004 33.9193 33.2749 31.2145 27.6297 26.6599 31.0013 26.3005 26.281 26.2752 26.214 26.3894 25.9494 25.5666 25.5471 40.9511 32.5868 27.6664 24.8394 24.4327 27.7003 27.7635 24.2242 23.8545 23.6522 23.517 32.6065 28.3673 31.901 23.4806 23.4653 23.3898 23.3741 24.5192 23.2929 22.9289 22.5933 22.5397 27.9548 22.4991 22.3224 21.8409 21.6888 21.6252 21.5404 26.6369 21.2605
threshold=5.7083333333333348 95.120000000000019 138.33000000000004 5.5000000000000009 16.500000000000004 0 893.2800000000002 144.61500000000004 1598.3800000000001 2150.1450000000009 2.1950000000000007 8.5000000000000018 453.77000000000004 0.68333333333333346 499.85000000000008 104.92500000000003 10150.380000000003 48.645000000000003 0.93301270189221952 inf 8169.4799999999996 1 82.780000000000015 2.5000000000000004 188.49800000000005 160.94000000000003 85.080000000000013 26.685000000000006 64.010000000000005 2 1.4650000000000001 2645.190000000001 1358.4600000000003 36.203986486100824 290.22000000000008 77.011666666666684 6.5000000000000009 21.123333333333338 1817.7083333333337 8213.0108333333355 21.500000000000004 7369.5200000000004 224.64017102350752 780.14000000000021 2419.6500000000005 9575.685416666669 30.750000000000004 0.33773018464248011 336.51000000000005 324.00000000000006 -0.93301270189221919 4.330000000000001 3 4.830000000000001 698.00000000000011 3109.0800000000004 3798.6900000000005 756.60000000000014 1.3200000000000005 4054.4050000000002 697.12000000000012 23.500000000000004
decision_type=10 8 8 2 10 9 8 8 10 8 10 2 10 10 10 10 8 10 2 8 10 9 10 2 10 10 10 8 10 9 10 10 10 10 8 10 2 10 10 10 2 8 8 10 8 10 10 10 10 2 2 10 9 10 8 10 10 10 8 10 8 2
left_child=1 2 10 5 22 17 -7 20 9 16 14 25 18 50 -1 28 34 -3 27 33 21 49 52 -21 -19 -4 -27 -13 -15 31 32 -5 44 -10 -9 -36 47 -17 -23 54 55 42 43 -42 -31 -34 -20 48 -37 -8 -12 -24 -2 -54 -18 -38 -39 -11 -29 60 -55 -52
right_child=4 3 11 29 -6 6 7 8 19 57 13 12 -14 15 -16 37 39 24 46 23 -22 38 51 -25 -26 26 -28 58 -30 30 -32 -33 45 -35 35 36 40 56 -40 -41 41 -43 -44 -45 -46 -47 -48 -49 -50 -51 61 -53 53 59 -56 -57 -58 -59 -60 -61 -62 -63
leaf_value=-0.0066429161404151661 0.0067172240379000476 -0.00039347893301333895 0.0043260869493373308 0.0051554609621898345 -0.016926753987255991 -0.0032160608688004927 -0.028080776476238557 -0.0044844300071503048 -0.001479846429762899 0.005681187131084035 -0.01841293228673099 -0.011177473982808673 0.0055164617317444995 0.00088612204309968304 -0.03489933008841517 -0.0095755109174055133 0.019260841707513889 0.008428015681507391 -0.014838924955430988 0.0072129282633104294 0.031751911995417104 -0.0062170562618465378 -0.023046487882148407 0.020311401834382407 -0.011944183495420143 -0.023036453006180801 -0.0013988011715547885 0.034530044700442436 0.0053956944129116844 -0.010174405200242823 -0.0039892534068369468 0.014386718925500518 0.020155822745434704 0.0053143409134438768 -0.004418972206928844 0.0055413209118415092 -0.01042340853122372 0.00023293063642647555 0.040692406192485188 -0.0026597547529776024 0.001693619852342169 0.0085194896674912791 -0.0032908836855602645 0.011370169494324818 0.0072076602897832194 -0.022860874761785444 0.0034029146087087201 0.012655523647163724 -0.0090273880945664006 -0.0056084655256172658 -0.019071487928181377 -0.0083968727393239177 -0.023050428958465929 -0.012067514064683139 -0.024182119396527379 0.001619358066913764 -0.0056535829117866955 -0.0090717049188921151 -0.0022571418962259167 -0.011079067719576119 0.00098743910509067217 -0.0030615920346126349
leaf_weight=572.40548857394606 193.77102268580347 874.44869104027748 787.11744788102806 1246.6326898485422 874.623555297032 4070.5740757584572 169.34521343093365 796.47054068185389 876.59605427272618 140.39246524497867 146.56458836700767 2473.4505387004465 311.15885241702199 6403.7415201840922 73.953617592342198 473.91408886387944 16.061425557360053 2110.3955885637552 109.45033059455454 957.8383532166481 18.313441096805036 561.03741894569248 181.51409768126905 233.165438182652 79.664895720779896 92.941663785837591 261.10077913105488 20.672791887074709 2026.9438459128141 121.28082973510027 660.03194902837276 751.30692852288485 235.60084930062294 2652.1656058840454 855.92181961983442 1108.2884076749906 378.55179446190596 3109.3215134907514 12.613408103585241 1247.3498046770692 16135.714825280011 859.1806270852685 1372.2667329460382 427.47231213748455 429.65740256756544 15.811905764043329 389.65301144402474 494.12940539605916 161.29144128412008 85.432464685291052 107.31008541677147 447.30213131569326 105.62076209392399 245.0641966406256 109.76228627189994 374.21463441848755 1026.1843800321221 904.87215177714825 201.37047519534826 437.39772802963853 862.14147605188191 1658.1518742050976
leaf_count=9201 4768 5044 7671 8045 40519 22893 3081 4201 4749 678 2258 33649 1618 47912 2881 5777 118 10325 1487 5218 174 4455 7199 2235 379 640 2557 196 11246 663 3811 5366 2028 15594 5908 5534 2002 18244 70 6654 82946 4254 6704 2307 2722 93 2404 2469 890 596 2648 10045 4710 7054 589 1869 6196 4624 1075 11037 19530 23473
internal_value=-2.96035e-05 0.000468036 -0.00169785 0.00152355 -0.00921278 0.00111417 0.000740674 0.00126142 0.00154921 0.000873109 -0.000596178 -0.00539497 -0.00740118 -0.000192278 -0.00992481 0.000535784 0.00121526 0.00536072 -0.00866071 0.0051842 -0.00895933 -0.0098965 -0.00647864 0.00979213 0.00768185 0.00076938 -0.00712791 -0.0101489 0.00197085 0.0060274 0.0024484 0.00858928 0.007773 0.00362662 0.00153484 0.0017513 0.00199932 -0.00208882 -0.00502908 -0.00412623 0.00161966 0.00186268 0.00154334 0.00194403 0.00336976 0.0173706 -0.000619083 0.00620384 0.00368482 -0.0198218 -0.00515538 -0.0126555 -0.00436656 -0.00567761 -0.0185285 -0.00444251 -0.00122876 -0.00708667 0.0013073 -0.00451223 -0.00191037 -0.00404497
internal_weight=65136.7 61789.3 20245.4 41543.9 3347.43 38083.5 35019 30948.4 30101.7 25381.9 15598.5 4646.92 3505.76 14952.1 646.359 13040.1 24336.7 3064.51 3194.6 4719.77 846.742 828.429 2472.81 1191 2190.06 1141.16 354.042 2695.49 8430.69 3460.32 1462.38 1997.94 802.351 3528.76 22963.5 22167 21311.1 4609.42 573.651 1373.17 19547.4 18794.6 17935.5 16563.2 550.938 251.413 499.103 1763.71 1269.58 254.778 1912.03 628.816 1844 1650.22 125.824 752.766 4135.51 1045.26 222.043 1544.6 1107.21 1765.46
internal_count=515283 410421 181133 229288 104862 206560 190812 167919 159543 131747 129836 51297 40429 117754 12082 89375 126445 15748 38811 27796 8376 8202 64343 7453 10704 10868 3197 34920 59158 22728 9317 13411 5506 20343 119084 114883 108975 30217 4525 7361 100082 96211 91957 85253 3385 2121 3891 8893 6424 3677 28379 17244 47099 42331 707 3871 24440 5302 1271 37621 26584 26121
cat_boundaries=0 1 2 3 4
cat_threshold=1768 16644 4512 66661
is_linear=0
shrinkage=0.035


Tree=108
num_leaves=63
num_cat=0
split_feature=46 40 12 32 43 18 2 14 26 26 18 22 35 14 26 3 22 18 26 3 35 31 9 37 37 13 18 3 27 40 22 3 13 41 41 6 27 18 27 43 26 2 46 26 26 3 22 32 17 28 3 47 37 17 17 0 44 12 51 3 19 18
split_gain=229.369 105.98 94.9785 86.109 80.0596 71.2146 61.0253 49.2776 84.5684 55.8523 65.7697 113.979 47.7902 47.4088 43.5531 40.4781 87.0768 40.3869 39.6278 38.463 41.5949 38.0534 45.4473 39.8549 46.3124 36.9855 34.7575 40.8176 33.7069 33.4178 32.1343 31.5291 30.9414 30.1726 30.0467 30.0228 29.3924 46.615 35.6805 28.2001 27.9146 27.2955 27.0781 26.9291 26.7538 26.6327 51.5635 27.9126 26.6038 26.1502 26.0612 25.5892 40.7872 25.0688 24.7589 24.673 29.1186 24.3233 24.2671 24.1013 23.9631 23.8933
threshold=4.830000000000001 1.0000000180025095e-35 0.50500000000000012 12075.480000000001 5.5000000000000009 9200.4750000000004 2638.7600000000007 19.500000000000004 314.50000000000006 91.000000000000014 361.66666666666669 8.5000000000000018 10.500000000000002 19.500000000000004 21.500000000000004 47.500000000000007 6.5000000000000009 2333.0479166666669 70.500000000000014 254.50000000000003 8.5000000000000018 1.0000000180025095e-35 123.16000000000001 4054.4050000000002 4289.7200000000012 0.16954022988505749 2657.7833333333338 66.500000000000014 4334.5800000000008 10150.380000000003 76.500000000000014 223.50000000000003 0.91485507246376818 1576.9800000000002 10.835000000000003 56.406000000000013 12872.525000000001 8012.9558333333334 14263.560000000001 4.5000000000000009 21.500000000000004 8.115000000000002 2013.2700000000002 100.50000000000001 345.50000000000006 64.500000000000014 5.5000000000000009 2293.1399999999999 2572.5450000000005 115.29000000000001 23.500000000000004 15.125000000000002 6811.7400000000007 771.6600000000002 129.40000000000001 524.30000000000007 90.015000000000015 93.034166666666692 4.7518787847868014 184.50000000000003 1039.9740000000002 741.38916666666671
decision_type=8 10 10 8 2 10 10 2 2 2 10 2 2 2 2 2 2 10 2 2 2 2 8 10 10 10 10 2 8 10 2 2 10 10 8 10 10 10 10 2 2 10 8 2 2 2 2 10 10 10 2 10 8 10 8 10 10 10 8 2 10 10
left_child=2 50 -1 4 5 13 7 -5 9 17 -11 54 39 -3 -15 44 43 18 28 20 49 22 33 26 31 -14 27 -23 42 57 -10 -25 60 51 -20 -18 -19 -38 59 -4 -22 -28 -9 -17 -16 -42 -47 55 -26 -6 -2 -13 53 -53 -12 56 -48 -24 -8 -39 -21 -56
right_child=1 3 12 6 19 -7 58 8 30 10 11 21 25 14 15 16 35 36 34 32 40 23 29 24 48 -27 41 -29 -30 -31 -32 -33 -34 -35 -36 -37 37 38 -40 -41 45 -43 -44 -45 -46 46 47 -49 -50 -51 -52 52 -54 -55 61 -57 -58 -59 -60 -61 -62 -63
leaf_value=-0.019255849918343039 -0.011066921624677758 -0.010374019447300084 -0.0031452863384751756 -0.0020200988091426749 0.0046710774855090115 -0.017476323251225858 -0.016615236182113038 -0.0010817228455838744 0.0077841639986553513 0.0055517708721813473 -0.029086753505042966 0.0017039194462608424 -0.015772026558763141 -0.012306356826978995 0.0010511694807212371 -0.0086613424502381218 -0.0011098963874243979 0.0082474340557961538 -0.024195943682097841 0.0058605349091884872 -0.0072144434007045816 -0.0015493664208419574 -0.015330319618699594 -0.019627891391604101 -0.035503584328192894 -0.0060292981486879645 -0.019924835768753556 -0.017688610904026073 -0.051907911865296349 -0.0036800187059423178 0.021532215042698283 -0.078830790229711303 0.016946969841057057 0.004066395716357636 0.011111114292781417 -0.010884637204849626 -0.045877064739118872 -0.070821344978605955 0.0098523675561327517 0.0062160541791181521 0.0024876468660518136 0.0046245771781400534 0.01095651893783804 -0.026895426257055127 0.013715488422758675 -0.030259838923250619 0.0035903361084285942 -0.0059314504970372486 -0.0061549583594560538 0.020348547032007051 -0.033609429835978782 0.0042849858306287392 0.0037373239231506717 -0.0052413962447644393 -0.0024454282977790145 0.0039739714347336065 -0.0036823810072636838 0.0061157990107512964 0.0078046739251268578 -0.011092207254549234 -0.010191971652635579 -0.014114499888346564
leaf_weight=605.09150271024555 133.5706059653312 851.41331926546991 2895.1669756993651 4202.1342764012516 482.44202586449683 400.25415473617613 50.020083330571651 2343.9898489955813 1296.9019409548491 2865.2197111621499 89.158544473350048 2674.0242235641927 592.56895578559488 457.08455525152385 3026.7545159114525 182.94060247391462 5304.31741322577 2863.9037454463542 30.080089835450053 944.24567805603147 638.29416433721781 735.99364093691111 65.122825630009174 27.210381414741278 40.182394996285439 2453.4642520314083 57.67616992816329 258.80600516870618 14.359867319464682 536.45219226926565 247.82679342478514 18.648973286151886 281.89165331423283 1765.3091541584581 619.55901996791363 414.07829996943474 28.613617643713951 9.9263035580515844 145.00517858192325 455.35458928067237 4111.062225420028 1024.0262785367668 252.64909083582461 219.38930006045848 218.15723032318056 72.804709494113922 976.07459203898907 1064.5923551246524 477.60850633867085 178.04843571782112 120.16549056954682 375.98775117658079 985.64318960905075 3323.1316547244787 340.21013892069459 1539.5039107240736 2176.3780284412205 3378.4025520384312 2356.0530891921371 36.272056823596358 128.6058362647891 585.10513095743954
leaf_count=29813 5692 11558 44251 24273 2462 5677 309 11542 6876 15794 848 14516 22407 5153 24223 2536 53616 14561 154 4716 3261 3698 332 138 204 37245 379 1335 68 2813 1382 91 1827 9022 2998 2269 141 44 702 3316 20384 5303 1206 4176 1668 675 4772 5745 2610 1013 7686 2104 5944 18909 1935 7721 11155 19788 15456 193 656 3942
internal_value=-2.8849e-05 0.000693045 -0.00601256 0.000792325 -0.000829823 -0.00300045 0.00191753 0.0015097 0.00204887 0.00157539 0.000652374 -0.000185553 -0.00475698 -0.00245606 -0.00176876 -0.00125322 -0.00292842 0.00442986 0.00171333 0.00107899 0.000407196 0.000547442 0.00131983 -0.00328526 -0.0115303 -0.00792918 -0.00104273 -0.00576168 -0.000212411 0.00444017 0.0100023 -0.0448716 0.00664791 -4.16172e-05 0.00944162 -0.00181948 0.00730075 -0.00501471 0.00130722 -0.00187155 -0.000125203 0.00329841 9.33471e-05 -0.0186464 0.00190656 0.000330691 -0.00119063 -0.000817796 -0.00849656 0.00892163 -0.0218327 -0.00102751 -0.00258662 -0.00427221 -0.0115507 0.000343495 -0.00143015 0.00570588 0.00729031 -0.0251544 0.00392858 -0.00983141
internal_weight=65044.9 58043.3 7001.65 57789.5 23668.3 11074.4 34121.2 31715.1 27513 25968.3 19623.9 16758.7 6396.55 10674.1 9822.72 9365.64 6120.73 6344.36 3260.64 12593.9 11239.2 15744.2 13104.1 2640.15 563.65 3046.03 2076.5 994.8 2611 3979.98 1544.73 45.8594 1354.74 9124.1 649.639 5718.4 3083.72 219.817 191.204 3350.52 10578.7 1081.7 2596.64 402.33 3244.91 9940.42 5829.35 5756.55 517.791 660.49 253.736 7358.79 4684.76 3699.12 1014.47 4691.96 3152.45 3443.53 2406.07 46.1984 1072.85 925.315
internal_count=515283 378251 137032 364873 175263 110876 189610 173845 149572 141314 109705 93911 107219 105199 93641 88488 62597 31609 15968 64387 57188 87186 73428 13758 3043 59652 10715 5033 12816 22933 8258 229 7199 50495 3152 55885 15641 1080 939 47567 53713 5682 12748 6712 25891 50452 30068 29393 2814 3475 13378 41473 26957 21013 6725 23648 15927 20120 15765 237 5372 5877
is_linear=0
shrinkage=0.035


Tree=109
num_leaves=63
num_cat=4
split_feature=7 17 2 16 29 26 26 22 16 22 41 23 3 23 26 17 49 8 17 2 19 39 24 26 46 41 16 22 22 48 4 16 30 9 17 26 23 38 18 37 22 17 4 22 14 3 17 20 37 37 46 37 3 3 46 17 22 14 30 17 1 37
split_gain=217.402 118.354 94.0996 87.1732 65.4822 72.1419 63.7438 58.4096 81.9899 78.3229 72.2632 51.3582 61.1722 48.3548 63.5748 70.1546 47.8962 47.4559 46.2588 45.0788 45.7924 44.2146 43.38 43.1878 40.3777 40.2066 39.6779 39.6614 37.9115 37.2165 36.4409 32.1688 31.9207 31.7919 36.6088 29.1682 55.7141 37.2 34.8024 60.3717 60.7303 50.3849 29.278 28.2287 26.5621 26.2256 45.8636 29.5843 26.2891 26.0292 25.9925 26.1818 25.4622 28.5381 27.2752 25.4063 28.8583 24.8609 24.6245 23.9064 23.8793 23.242
threshold=0.59166666666666679 1.0000000180025095e-35 1122.5200000000002 0 23.500000000000004 314.50000000000006 223.50000000000003 58.500000000000007 1 7.5000000000000009 11495.540000000001 0.68301270189221941 57.500000000000007 0.68301270189221941 91.000000000000014 343.84000000000009 16.500000000000004 11.500000000000002 2848.7700000000004 217.52000000000004 181.99800000000005 4.870000000000001 4.5000000000000009 30.000000000000004 1325.7900000000002 745.84000000000015 2 1.0000000180025095e-35 3.5000000000000004 10.500000000000002 30.160000000000007 3 7718.1300000000001 145.47000000000006 819.5200000000001 100.50000000000001 0.68301270189221941 25.960000000000004 2101.5972916666674 2429.4400000000005 51.500000000000007 2384.0000000000005 160.94000000000003 60.500000000000007 21.500000000000004 66.500000000000014 2715.8400000000006 86.824312131255297 2166.7600000000007 2249.3700000000003 4.0250000000000012 6351.9350000000013 352.00000000000006 308.00000000000006 471.75000000000006 423.77000000000004 5.5000000000000009 20.500000000000004 20767.590000000004 20386.710000000006 474.86000000000007 11285.370000000001
decision_type=10 8 10 9 2 2 2 2 9 2 10 2 2 2 2 10 8 2 10 10 10 8 8 2 10 8 9 2 2 2 10 9 10 10 8 2 2 10 10 8 2 10 8 2 2 2 10 8 8 10 8 10 2 2 8 10 2 2 10 10 10 10
left_child=6 3 4 27 22 7 23 8 21 11 13 12 -10 17 52 -16 43 33 -9 20 -19 -6 31 -1 -13 -4 60 -2 -23 -8 32 -3 50 34 -11 55 37 -37 -38 40 49 -41 -39 -7 -26 -17 -47 48 -48 -40 -20 -52 53 54 -15 -27 -57 -12 -21 -53 -18 -44
right_child=1 2 25 -5 5 16 29 18 9 10 57 24 -14 14 15 45 26 19 30 58 -22 28 -24 -25 44 35 -28 -29 -30 -31 -32 -33 -34 -35 -36 36 38 42 39 41 -42 -43 61 -45 -46 46 47 -49 -50 -51 51 59 -54 -55 -56 56 -58 -59 -60 -61 -62 -63
leaf_value=-0.01668968691211576 -0.033166024255725526 0.0016125077178420855 -0.002607753217820421 -0.0037388859473410779 -0.0020268696758202628 0.0056508730923762957 -0.019526174934754507 0.0082131801859105253 -0.0071847528635438493 0.006860704200719831 -0.0024082047372467048 -0.0041564198577783238 -0.023237164262188446 0.0014328132173947908 0.018048197314212748 -0.00292359307138732 -0.0062851806409955852 -0.0016793587152460561 -0.006495242127671377 -0.00075861550311604224 -0.0084704968945466096 0.0012487947657344061 -0.017701260303226621 -0.0021194229236388431 -0.0037614865752574906 0.0011406501372038249 0.010852238045588795 -0.010748175707701244 0.0080804865095935978 -0.0073921217453838403 0.006484255910390529 -0.0064432437595544657 -0.014826693105712128 0.0057389916873774828 -0.0018532030602946756 0.0016621970059124708 0.0063714430633320159 0.0046783487933304375 -0.016455154270672099 -0.070352139507259631 -0.12794122295211968 -0.0036442919628175479 0.014265008171875501 0.014344020133064043 0.024245103373372989 -0.026212493980580627 -0.042374462442473212 -0.024812386755423542 0.00039498650095759762 -0.07934835184187719 -0.00035078436951021678 0.0054494246622272639 -0.038130827304706197 0.021094967919006943 0.006270614696432507 -0.013377334775088505 0.010963352054899317 -0.018215956802239284 -0.026232566746967043 -0.015834941202282033 0.010627523239802813 -0.0026699660399660632
leaf_weight=302.14763022493571 235.32750519923866 938.49641470983624 1071.9164813179523 888.24708498083055 1446.3699111333117 2025.8491374859586 822.52802391350269 1431.9433369077742 1192.8118862519041 698.94182112347335 178.84078396111727 1412.7712544249371 384.30238811019808 5472.3149370541796 147.22190045006573 780.25087588094175 830.06951819732785 2167.2683662865311 565.90798947960138 5857.911181749776 2772.7705825082958 1765.0286849783733 296.58148206304759 1402.8913769675419 66.475414702668786 504.22866404242814 267.3789229253307 165.88609869033098 2281.290280688554 499.12575345300138 1394.6696141138673 1706.0854279678315 166.78292679227889 1291.4373101629317 3779.9624033495784 3210.7089595226571 128.03663986176252 1925.4279498904943 37.416147619485855 13.782179249450563 8.7435600776225311 227.38687288947403 823.15096139907837 591.29601385444403 108.29570465534925 202.69623463973403 17.552511464804411 83.341465942561626 344.51935872994363 9.5773840993642789 3688.1466814689338 1837.1297936160117 17.530510205775499 103.74897219985723 1930.930996818468 61.096377516165376 1645.4280855618417 383.90384235139936 45.85799864679575 66.05287410877645 115.69675678852946 112.54502575844526
leaf_count=11339 11769 5668 5624 13875 9958 13094 28783 8768 9059 4491 1500 10918 5456 34662 872 4280 9428 20952 6591 30011 21218 11652 9294 30699 343 2443 2480 1599 13144 15394 8035 10955 836 6507 26428 18123 693 11614 226 84 57 1459 7038 3658 542 1449 202 408 2165 52 21609 11265 165 693 9292 333 10131 3711 230 500 702 757
internal_value=-2.84081e-05 0.000419321 0.000642529 -0.0100692 3.78845e-05 0.000349084 -0.00918595 -5.1272e-05 -0.000703307 -0.00143566 -0.00080955 -0.00663708 -0.0111086 -0.000537769 0.0015129 -0.00487808 0.00495582 -0.00166101 0.00243781 -0.00302545 -0.00549207 0.00321853 -0.00503035 -0.00470967 -0.00219078 0.00378656 -0.000792484 -0.023366 0.00510151 -0.0149528 0.00136545 -0.00360319 0.000235731 0.000903168 -0.000492153 0.00457393 0.00339134 0.00424915 -0.00884664 -0.0154086 -0.047906 -0.00773124 0.00715059 0.00761966 0.0136318 -0.00725208 -0.0124506 -0.00614316 -0.00178939 -0.0306592 0.000646073 0.00136989 0.00285159 0.00295236 0.0026953 0.0080461 0.0100846 -0.0132054 -0.000960896 0.00470279 -0.00416322 0.0122274
internal_weight=64952 61925.3 60635.9 1289.46 50856.4 47915.3 3026.69 44085 34934.3 29441.7 26277 3164.66 1577.11 25714.3 9100.11 1575.58 3830.29 16614.1 9150.63 10843.8 4940.04 5492.69 2941.16 1705.04 1587.54 9779.45 1213.15 401.214 4046.32 1321.65 7718.69 2644.58 6324.02 5770.34 4478.9 8707.53 6496.78 6071.83 424.943 296.906 55.7371 241.169 2861.12 2617.15 174.771 1428.36 648.11 445.413 362.072 46.9935 6157.24 5591.33 7524.53 7506.99 7403.25 2210.75 1706.52 562.745 5903.77 1903.18 945.766 935.696
internal_count=515283 429068 401825 27243 343191 317274 86215 287912 230308 195554 169236 26318 14515 164025 54188 9376 29362 109837 57604 72411 42170 34754 25917 42038 11803 58634 12610 13368 24796 44177 48836 16623 40801 37426 30919 53010 40103 37532 2571 1878 335 1543 19409 16752 885 8504 4224 2775 2367 278 39965 33374 44812 44647 43954 12907 10464 5211 30241 11765 10130 7795
cat_boundaries=0 1 2 3 4
cat_threshold=151938 67321 20928 21744
is_linear=0
shrinkage=0.035


Tree=110
num_leaves=63
num_cat=0
split_feature=0 40 0 44 8 14 43 43 29 42 24 37 6 13 14 39 35 32 2 1 22 40 39 40 8 22 22 40 7 3 4 26 3 22 46 26 44 43 30 18 3 12 38 18 22 40 25 3 47 9 22 40 18 2 40 40 22 20 37 18 1 39
split_gain=207.689 133.049 92.7344 79.5739 85.0904 49.9359 49.718 48.2014 48.0834 48.1434 43.1907 43.1659 42.1729 40.1096 39.2488 34.9607 34.4356 34.4162 38.3918 34.4383 35.0854 69.6825 37.5616 36.657 34.2029 33.816 32.7592 40.7821 39.329 32.493 29.536 28.8917 31.3518 44.1947 28.2467 27.3829 25.6239 25.2194 25.1662 24.8528 24.3444 24.0279 23.8378 23.7586 27.3392 23.0185 22.876 22.6887 22.6854 21.9572 21.6931 25.8799 22.5896 20.6727 20.5424 20.5351 20.4665 20.6331 20.0384 20.8298 20.0373 21.6899
threshold=1.6833333333333711 1.0000000180025095e-35 365.84333333333336 93.680000000000021 15.500000000000002 15.500000000000002 6.5000000000000009 1.5000000000000002 358.00000000000006 5.5000000000000009 14.500000000000002 13395.420000000002 245.81333333333336 0.21583850931677021 15.500000000000002 164.58000000000004 6.5000000000000009 1875.1000000000004 3897.3600000000006 10884.500000000002 18.500000000000004 4231.7400000000007 29.725000000000005 339.68166666666662 17.500000000000004 39.500000000000007 56.500000000000007 6107.5200000000013 0.95833333333333337 23.500000000000004 8.6800000000000015 21.500000000000004 47.500000000000007 10.500000000000002 1199.2600000000004 91.000000000000014 1004.8800000000001 4.5000000000000009 2.9250000000000713 1256.3566666666668 86.500000000000014 2734.8700000000003 25.960000000000004 3649.3735119047624 13.500000000000002 4445.46 386.04083333333341 269.50000000000006 80.300000000000026 18.72000000000002 7.5000000000000009 274.08500000000009 162.31875000000002 1206.3800000000003 10635.270000000002 4974.7800000000016 60.500000000000007 61.094025894517735 4335.8400000000011 9389.7604166666697 31.715000000000003 25.960000000000004
decision_type=10 10 10 8 2 2 2 2 2 2 10 10 10 10 2 10 2 10 10 10 2 10 8 10 2 2 2 10 10 2 10 2 2 2 10 2 8 2 10 10 2 10 8 10 2 10 10 2 8 10 2 10 10 10 10 10 2 10 10 10 10 10
left_child=10 29 3 6 7 37 14 15 9 11 24 17 -10 -6 -3 48 -9 18 19 20 21 23 41 -7 38 46 27 30 47 -2 31 -16 42 39 40 -35 -23 -4 -1 -34 -25 -22 50 53 -45 -8 -13 -28 -5 -49 52 -52 -33 -11 -27 -19 57 -24 -38 -60 -18 -62
right_child=1 2 5 4 13 8 45 16 12 43 -12 25 -14 -15 26 -17 60 55 -20 -21 22 36 56 34 -26 54 28 -29 -30 -31 -32 32 33 35 -36 -37 58 -39 -40 -41 -42 -43 -44 44 -46 -47 -48 49 -50 -51 51 -53 -54 -55 -56 -57 -58 -59 59 -61 61 -63
leaf_value=-0.014555206431792866 -0.011926476940216811 -0.011854798715861325 -0.013441693662322503 -0.010949342709710085 -0.020499620052785994 0.0059402872998833098 0.0030633959241750481 0.0056349371826544198 -0.00700907324081109 0.00012086425574779721 -0.022679091668282279 -0.022573448094908889 0.019229660024080129 -0.0062760884012469081 -0.0089141616890320054 -0.01401744230493864 -0.0050642167487244434 -0.00041238448067896269 0.0097291984887077996 -0.053240801109118954 0.0017773871003246527 -0.015908429419364094 0.0029703060501278323 -0.00058625135385002023 -0.023012302684028339 0.011884941693548406 -0.0046221367914796516 -0.011837703492471053 0.0043221660459685915 -0.03394399573091076 0.0025179799234906096 0.0020998872637217961 -0.0071331305566378917 0.0023111284487081752 0.003752874027604628 -0.0034916832676428109 0.013296975138390111 -0.0017891076343625847 -0.004399661498427616 -0.022632909441095292 -0.010453165084918481 -0.012856419278454252 -0.0025699324853950133 -0.030280299006840403 0.011587139521479217 0.010656067816418464 -0.001789396059976481 0.010767309544670324 0.00073993696326985717 -0.013623312249410225 0.01402891885985795 0.003243510857921102 -0.0065079946533280822 0.0092772525760627753 -0.0053815529399487303 -0.010101586010711643 0.0091719504441100976 0.0078071185358474316 -0.026718984215776665 0.0080433082245536264 -0.0023731830245573293 0.0027249391295394829
leaf_weight=404.53877190500498 189.04005983006209 341.4267834611237 335.64091622270644 288.16110324021429 258.76290308590978 1843.2267104508355 1743.6153213456273 1226.4847907871008 987.04138989932835 728.71967569738626 324.45681818574667 193.19696251302958 80.248490326106548 3794.2830715524033 576.94590797461569 512.76628103107214 1104.3717477433383 2015.1961621437222 932.50743251852691 12.589570391923187 4308.7995333131403 397.81650150381029 3558.8445354495198 3560.3679894544184 183.67135142534971 123.44209423102438 1165.4420937318355 394.51466312538832 3829.7136341370642 146.57869419362396 3202.556603372097 1736.9206635635346 447.42024085205048 1466.7765393927693 1917.6113657867536 3100.2568222563714 77.898970564827323 703.11279921233654 1142.9270222084597 176.72375474032015 334.16909528616816 140.98408388346434 1622.9348793067038 18.502251416444778 1136.7028195858002 679.59711143374443 97.687867358326912 240.82243363931775 685.19129194691777 54.7090984582901 348.09556774236262 1247.3581401575357 474.68916424084455 514.92465424537659 261.3671800121665 308.06214320659637 1435.1517795752734 1551.8991449400783 46.175253404304385 37.563746342435479 1988.3253170289099 2101.98569037579
leaf_count=16559 8306 6071 2539 6286 6752 9323 8380 7300 4956 4412 20562 1469 441 30406 5841 6699 9559 10853 6107 82 20717 2537 19096 17736 6330 707 12543 3618 21307 9875 14716 17140 6342 11599 10090 30997 420 3506 28800 3154 2232 689 8620 115 8854 3225 469 3585 6068 373 2350 10073 5029 4105 1373 1832 9001 8949 250 202 11266 12490
internal_value=-2.79753e-05 0.000330407 0.00044865 -0.000753376 -0.00306623 0.00196143 0.000457292 -0.000952374 0.00225526 0.00255931 -0.0109727 0.00207013 -0.00502005 -0.00718901 -0.000105105 -0.00663032 0.000362562 0.00233223 0.00279718 0.00246042 0.0024997 0.00076905 0.00379247 0.001641 -0.0087668 -0.00663999 9.52004e-05 -0.000750063 0.00245864 -0.0216147 -0.00044551 -0.00129319 -0.000878415 -0.00282298 0.000276764 -0.00162792 -0.011144 -0.00556358 -0.00706221 -0.011551 -0.00143534 0.00131095 0.000980805 0.00727827 0.010891 0.0051963 -0.0156236 -0.00242591 -0.00272836 0.00622138 0.00249475 0.00560398 0.000250227 0.00391643 0.000173775 -0.00170096 0.0054789 0.00444026 0.000607625 -0.0112144 -0.000883112 0.000246736
internal_weight=64861.5 62805.9 62470.3 34810.9 11960.3 27659.5 22850.5 7907.29 26620.7 25553.4 2055.59 23154.6 1067.29 4053.05 20427.3 1486.12 6421.17 22478.9 20155.6 19223.1 19210.5 8214.83 10995.7 7655.38 1731.14 675.694 20085.9 14795.2 5290.69 335.619 14400.7 11198.1 10621.2 5191.18 5812.15 4567.03 559.454 1038.75 1547.47 624.144 3894.54 4449.78 5430 2398.85 1155.21 2423.21 290.885 1460.97 973.352 295.532 3807.06 1595.45 2211.61 1243.64 384.809 2323.26 6545.9 5110.74 161.638 83.739 5194.68 4090.31
internal_count=515283 443032 424851 271789 96826 153062 174963 59668 147017 141620 72251 124134 5397 37158 163358 19053 40615 120116 107431 101324 101242 42790 58452 39381 51689 4018 157287 119479 37808 18181 115861 101145 95304 52092 30058 42596 3409 6045 45359 9496 19968 21406 43212 17486 8969 11605 1938 16501 12354 3958 34592 12423 22169 8517 2080 12685 37046 28045 872 452 33315 23756
is_linear=0
shrinkage=0.035


Tree=111
num_leaves=63
num_cat=4
split_feature=45 22 16 2 26 16 22 18 19 7 48 26 26 18 24 49 49 18 18 22 23 26 21 23 22 27 35 51 30 14 22 22 16 27 47 50 23 44 38 14 22 27 26 10 46 22 27 40 14 32 8 47 18 37 22 16 37 22 50 29 22 26
split_gain=197.165 98.4102 117.26 79.5332 60.0179 59.7313 89.6197 70.1997 63.3124 58.415 58.9406 56.44 54.7747 52.8182 52.5002 41.276 41.1646 38.1202 38.113 36.694 35.5939 42.3788 39.285 34.8874 34.1459 43.2168 33.0482 33.0001 32.6751 30.6897 30.5491 30.4282 38.1269 30.366 35.3941 30.2306 28.9683 28.8605 28.116 28.0307 27.171 47.911 25.8088 27.3989 25.8592 25.5353 35.3414 41.8593 25.4712 26.3538 25.4146 49.5262 25.3255 27.245 26.4997 28.6229 25.2602 35.2168 31.6407 42.0042 44.8294 34.717
threshold=5.7083333333333348 1.5000000000000002 0 1122.5200000000002 30.000000000000004 1 15.500000000000002 3625.7600000000007 1632.3200000000002 0.91287878787878796 10.500000000000002 100.50000000000001 177.00000000000003 13126.262500000003 14.500000000000002 12.500000000000002 16.500000000000004 435.9281666666667 1364.281666666667 72.500000000000014 0.68301270189221941 122.00000000000001 27.060000000000006 0.68301270189221941 5.5000000000000009 471.50500000000005 6.5000000000000009 488.62425415616252 1189.9600000000003 15.500000000000002 1.0000000180025095e-35 53.500000000000007 2 75.855000000000018 2436.6200000000003 95.281444552602878 -0.5 20.205000000000002 114.49000000000002 21.500000000000004 18.500000000000004 414.51500000000004 238.50000000000003 135.94500000000002 484.5200000000001 80.500000000000014 11583.450000000003 9215.3533333333362 20.500000000000004 76.360000000000028 8.5000000000000018 218.52500000000003 3836.6295000000005 2784.5000000000005 31.500000000000004 3 7362.0000000000009 25.500000000000004 65.471795453648625 272.50000000000006 10.500000000000002 100.50000000000001
decision_type=10 2 9 10 2 9 2 10 8 10 2 2 2 10 10 8 8 10 10 2 2 2 8 2 2 10 2 10 10 2 2 2 9 10 8 8 2 10 10 2 2 10 2 10 10 2 10 8 2 8 2 10 10 8 2 9 10 2 10 2 2 2
left_child=1 2 4 5 15 17 7 24 9 12 11 23 18 16 37 30 20 33 -8 -12 21 -13 42 -11 25 -7 -20 -9 -19 -5 39 32 -31 -3 -35 -6 -37 -2 -15 -1 -16 -42 43 -23 -45 46 52 -48 -44 -50 51 -26 53 54 55 -25 58 -58 -34 60 -60 -61
right_child=14 3 -4 29 35 6 8 27 -10 10 19 13 -14 38 40 -17 -18 28 26 -21 -22 22 -24 45 50 -27 -28 -29 -30 31 -32 -33 56 34 -36 36 -38 -39 -40 -41 41 -43 48 44 -46 -47 47 -49 49 -51 -52 -53 -54 -55 -56 -57 57 -59 59 61 -62 -63
leaf_value=-0.012650257009058495 -0.0024411780445758907 0.0010835500226231709 -0.0023051318099871002 -0.0056241661112772824 -0.031243681040743713 -0.0039551621177109754 0.014092973058757884 -0.015846695527691211 -0.0063637271485610901 -0.0017122453752338198 0.0036559603235213748 0.0095327556299604366 -0.0058461948695404673 -0.018455898159438957 -0.024664156076868178 -0.026118176712236464 -0.0050699430200478726 -0.027754301247742093 0.0056609493586469379 0.011550814545721605 -0.0052984073768045084 -0.0004878361669645687 0.0034454510826764633 0.01226103428602078 -6.2728786034523291e-05 -0.017470873789971284 -0.0035768877560517806 0.0065026689649864957 -0.00018303071078791904 -0.0024745719848387753 -0.0097844268459820732 0.0085514249324093791 0.0024513924111715796 0.0046832309625783781 0.014160952432342002 0.025894730055223372 -0.018932177120922562 -0.009738521753556181 0.0038601752445244037 0.056503671122433145 0.14069406800925982 -0.010932131162778269 -0.0026208603253734201 -0.0093180606778288169 0.00044080454643910847 0.01122860674833571 -0.02821067116392173 0.0018342089261822899 0.019242495699022644 0.0031854440135270809 -0.002373352849828959 0.015927740762734104 0.0070395310876181765 -0.00067409223934707444 0.012228907045408259 -0.00015466220568168438 -0.014389228791089463 0.0066040802009070471 0.0010504040595204381 0.0037749591849111945 0.012820974586632913 -0.016501665153493748
leaf_weight=9.0119500327855331 1247.7673579603434 1938.2462217649445 1977.0746326884255 419.72812063805759 345.04865564405918 1571.8919270522892 259.22994215600193 683.42041011434048 1520.3001031428576 1441.6343208476901 3283.3441797234118 703.70971379242837 2750.6020432366058 292.80034849792719 323.95199253503233 34.335770765319467 1761.3256086828187 81.778100119903684 755.10739091318101 923.85725177638233 1126.8617545068264 2781.4009659066796 3981.9863331876695 285.15512538142502 1633.1514530405402 354.60913765523583 1272.2884439285845 91.234824564307928 144.73175851255655 1237.4917306229472 23.716322438791394 1528.7617737613618 3257.2693293448538 2184.5651954896748 619.3376533947885 21.315080301836133 84.739894782193005 1419.9944542096928 90.05102377384901 29.054570505395532 1.5817581303417672 262.8924151705578 971.67154960520566 1070.9328682236373 482.14781166613102 591.25594720616937 90.235894473269582 150.22676045820117 135.92749989964068 1473.5703119281679 6012.4893015231937 276.60351014323533 2280.1056707408279 1827.5261393934488 500.53946602158248 988.44311863742769 204.30181211233139 186.24963755533099 527.05544097721577 511.01124098151922 1599.9266686663032 128.62809400260448
leaf_count=95 31266 12008 21575 2190 10327 11078 2142 6317 8293 8144 18104 3582 34526 1907 21940 1103 13325 545 6363 5193 6288 16064 20070 1398 10839 2908 14880 538 720 7031 148 10952 16923 12991 3185 264 817 38130 456 193 68 13458 6445 6529 2444 3034 510 758 853 7952 38616 1546 11904 8991 2608 5106 1202 1109 2779 2932 10845 776
internal_value=-2.7457e-05 0.000416922 -0.00634904 0.00070658 -0.0205123 0.000139891 -0.000267602 -0.00307151 0.000613858 0.000942752 0.00158316 0.000887084 -0.00251936 -0.000396049 -0.00841928 0.00418868 -5.65692e-05 0.0037748 0.00148332 0.00539192 0.000637524 0.0012145 0.000676527 0.00322688 -0.00227284 -0.00645076 -0.000135143 -0.0132095 -0.0102155 0.00362129 0.0211794 0.00404455 0.00314313 0.00445302 0.00678101 -0.0262268 -0.00976508 -0.0063276 -0.0132105 0.0402273 -0.0178756 -0.00949873 -0.000918069 -0.00256782 -0.00629013 0.00428759 0.00361553 -0.00951056 0.00185222 0.00455262 -0.00125618 0.00226041 0.00415369 0.0023253 0.00541359 0.0027276 0.0042244 -0.00438646 0.00479032 0.00754216 0.00990615 -0.000321956
internal_weight=64765.2 61509 2524.3 58984.7 547.222 49384.3 44415.6 10623.4 33792.2 32271.9 27234.7 23027.5 5037.23 14872.4 3256.19 96.1186 14489.5 4968.66 2286.63 4207.2 12728.2 11601.3 10897.6 8155.12 9848.75 1926.5 2027.4 774.655 226.51 9600.42 61.7828 9180.7 7651.93 4742.15 2803.9 451.104 106.055 2667.76 382.851 38.0665 588.426 264.474 6915.65 4334.48 1553.08 6713.49 6122.23 240.463 2581.17 1609.5 7922.24 1909.75 5881.77 3601.66 1774.14 1273.6 6414.44 390.551 6023.89 2766.62 2126.98 639.639
internal_count=515283 410421 34522 375899 12947 319160 289711 71842 217869 209576 151665 128368 57911 85915 104862 1539 83552 29449 23385 23297 70227 63939 60357 42453 64987 13986 21243 6855 1265 56739 436 54549 43597 28184 16176 11408 1081 69396 2363 288 35466 13526 40287 25037 8973 34309 31275 1268 15250 8805 51001 12385 30007 18103 9112 6504 36566 2311 34255 17332 13624 3708
cat_boundaries=0 1 2 3 4
cat_threshold=151808 1272 328 133120
is_linear=0
shrinkage=0.035


Tree=112
num_leaves=63
num_cat=0
split_feature=0 40 0 19 39 22 40 40 14 29 29 7 32 23 43 14 9 8 22 22 37 3 29 2 40 20 3 0 29 42 19 18 18 1 26 18 26 14 18 14 17 23 3 40 41 37 49 47 40 27 46 14 23 8 27 19 24 22 47 46 25 27
split_gain=189.033 122.645 83.4725 94.059 57.9403 48.6143 101.812 63.5751 47.5712 46.4502 47.3182 60.9566 45.0637 41.7108 41.6484 40.6432 38.8537 35.9997 40.1419 35.4219 64.3011 35.5693 32.625 32.5582 34.4666 33.4369 32.2802 31.9033 31.5957 31.3112 31.1685 30.4129 28.705 28.2714 27.2287 29.1211 26.6405 26.3804 26.3289 25.9146 25.6834 25.5921 26.0762 25.2192 25.5297 24.9604 24.7128 30.8544 24.6407 29.4464 23.7636 23.7021 32.16 23.589 22.8323 22.6031 22.9887 25.2718 26.3294 24.9239 22.5243 22.3276
threshold=1.6833333333333711 1.0000000180025095e-35 365.84333333333336 541.95116666666684 259.22500000000008 7.5000000000000009 632.8516666666668 274.08500000000009 21.500000000000004 232.00000000000003 145.50000000000003 0.91287878787878796 1875.1000000000004 -0.5 1.5000000000000002 15.500000000000002 138.24500000000003 10.500000000000002 38.500000000000007 20.500000000000004 4214.5200000000013 36.500000000000007 241.50000000000003 832.84000000000015 9776.2800000000007 54.305800795126892 23.500000000000004 193.53000000000006 358.00000000000006 3.5000000000000004 2232.1845238095243 2893.8075000000008 268.29375000000005 10.805000000000001 30.000000000000004 916.5200000000001 30.000000000000004 18.000000000000004 37774.169166666674 19.500000000000004 44.745000000000012 0.68301270189221941 85.500000000000014 13498.380000000003 38.555000000000007 1.0000000180025095e-35 6.5000000000000009 74.54000000000002 141.8933333333334 166.97500000000002 156.64500000000004 20.500000000000004 0.25000000000000011 17.500000000000004 10417.680000000002 278.54142857142864 4.5000000000000009 93.500000000000014 14.445000000000002 29.265000000000004 1.0000000180025095e-35 4.4900000000000011
decision_type=10 10 10 10 10 2 10 10 2 2 2 10 10 2 2 2 8 2 2 2 10 2 2 10 10 10 2 10 2 2 10 10 10 10 2 10 2 2 10 2 10 2 2 10 8 8 8 10 10 10 8 2 2 2 10 10 10 2 10 8 8 10
left_child=14 26 3 4 5 6 28 60 12 10 11 37 15 50 -1 -4 32 54 31 20 21 36 -11 30 25 -25 -2 -5 48 -18 -21 -19 -10 -29 -8 -36 -17 -9 -6 -20 -34 42 -23 44 -24 -38 47 -42 -3 -50 -12 -14 -53 -16 -13 56 59 58 -58 -15 -7 -49
right_child=1 2 8 27 38 7 34 9 16 22 13 17 51 55 53 19 29 18 39 23 -22 41 43 24 -26 -27 -28 33 -30 -31 -32 -33 40 -35 35 -37 45 -39 -40 -41 46 -43 -44 -45 -46 -47 -48 61 49 -51 -52 52 -54 -55 -56 -57 57 -59 -60 -61 -62 -63
leaf_value=-0.014610225016841567 -0.011463520526771635 0.00089975083005865869 -0.0057110000955763688 -0.010917824624783161 -0.012539491763321689 0.065393194904000987 -0.0025009907041539433 -0.014101525836718372 0.0097697820497207356 0.009089260901612134 -0.013547846782544731 0.0073588110209639353 -0.00061721945881472646 -0.006639008480270327 -0.0020686950423069012 -0.0060716361796495835 0.0029440596675412516 -0.00082766559138668799 -0.0024522309821282937 0.0017099398205812917 -0.012185895736027651 -0.0044000591398602297 -0.01804448234656944 0.0043780025478664056 -0.0042644190399623201 0.011595597987002073 -0.03382260862462335 0.033427290613535381 -0.014636295667802128 0.0088741117612502508 -0.01810792845619924 -0.011661947756156289 -0.028087320186078599 -0.0041422804289746144 -0.00750998307124859 -0.025019517994972842 -0.0142860689454324 -0.002784863001391484 0.033233586506155217 0.0052844415353534117 0.0033504201249499759 0.0015743370084729464 -0.021862268627445728 -0.014274695056473765 0.0020336694347953153 0.0043917740464709844 0.0040623708353605507 0.046623078569043651 -0.010487234860969344 -0.00043617826632809614 -0.0010670246744285757 0.0028232543512675353 -0.01209795218476872 -0.020290707129692918 -0.015081477371051281 -0.0078873733217080539 0.015287312010694713 0.047941556659034011 -0.0047201011272242337 2.649964067543783e-05 0.0091791934118968747 -0.0044129482469310128
leaf_weight=1223.7795517174527 185.62149906717241 3742.9722768859938 924.75851291418076 1234.5413034427911 547.8126166164875 7.8458047574385992 153.84239382483065 287.29199744109064 506.25626630242914 782.47559353802353 687.26105673704296 1732.0609349617735 1061.9618539093062 955.23008958622813 701.25886515621096 361.76378040201962 1961.6119668669999 1458.9594011195004 699.94805243052542 4229.5207376517355 496.56753289420158 1077.0658065397292 77.270337680354714 2442.0072020534426 388.03565111383796 1160.3219259008765 138.98405569512397 23.884232385084033 203.61393813975155 2459.8907593898475 98.506819527596235 404.69739712588489 35.835993822664022 1803.3980295117944 174.92862002551556 353.37141218129545 89.051899209618568 2031.1452511018142 14.902223215438424 2181.5451934430748 1189.5031339041889 958.61284170392901 115.18123357463628 119.30266520660371 8871.3089101053774 3342.6177005078644 2155.8985951840878 9.5766573213040811 590.39657458662987 901.36158272251487 256.78337019216269 237.4982880204916 689.27772519364953 98.410666677169502 56.475495208054781 686.74159398768097 162.27614106331021 17.122904485091567 158.3605627566576 2442.5698284059763 919.27003993466496 1599.9069630540907
leaf_count=54761 8306 29931 5329 11018 7274 230 1827 6183 2599 5602 7585 9912 6165 6989 14793 1734 10828 10785 5143 21666 3276 5662 662 13591 2154 8273 9875 137 2039 15908 491 3671 540 10240 1745 5250 519 24429 89 13724 6132 4929 859 958 61110 17139 11867 73 5802 7602 1633 1445 3933 2697 345 4487 3925 370 2855 13015 5222 7950
internal_value=-2.67049e-05 0.000313399 0.000425308 -0.000716112 -0.000149848 5.16153e-05 -0.00274387 0.000736197 0.00186248 0.00038957 -0.000890191 0.000681897 0.000773653 -0.00348309 -0.0105531 0.00140306 0.00380228 0.00241198 0.000816465 0.00184916 -9.94642e-05 0.000912078 0.00223674 0.00335779 0.00563785 0.00670539 -0.0211113 -0.006573 -0.00114386 0.00624449 0.0012548 -0.00318535 0.00183711 -0.0036332 -0.0154795 -0.019247 0.00295047 -0.00419266 -0.0112705 0.00340492 0.00103062 -0.0026827 -0.00610397 0.00164449 0.0018583 0.00390306 0.00124684 -0.000922475 -0.000616354 -0.00441847 -0.0101577 -0.00418833 -0.00827528 -0.00433371 0.0066422 -0.00205626 -0.000982447 0.00771254 0.00542182 -0.00184879 0.00972486 -0.00408052
internal_weight=64680.3 62656.8 62332.2 34741 31679.1 31116.4 6120.49 24995.9 27591.2 24068.8 14218.5 8852.12 17672.7 5366.35 2023.45 15684 9918.48 6533.69 4745.15 14759.3 6440.86 5944.29 9850.36 8318.39 3990.36 3602.33 324.606 3061.82 5438.34 4421.5 4328.03 1863.66 5496.98 1827.28 682.142 528.3 3793.43 2318.44 562.715 2881.49 4990.72 2150.86 1192.25 9067.88 8948.58 3431.67 4954.89 2798.99 5234.73 1491.76 944.044 1988.74 926.776 799.67 1788.54 4422.3 3735.56 337.76 320.637 3397.8 927.116 1609.48
internal_count=515283 443032 424851 271789 250394 243031 54196 188835 153062 183383 115051 74192 97165 40859 72251 85622 55897 43580 33323 80293 34118 30842 68332 46175 24018 21864 18181 21395 45374 26736 22157 14456 29161 10377 8822 6995 19392 30612 7363 18867 26562 11450 6521 62730 61772 17658 26022 14155 43335 13404 9218 11543 5378 17490 10257 31641 27154 7150 6780 20004 5452 8023
is_linear=0
shrinkage=0.035


Tree=113
num_leaves=63
num_cat=3
split_feature=45 40 0 32 14 22 16 32 23 16 22 37 18 19 15 39 26 43 30 3 35 3 41 2 8 49 2 47 14 19 27 17 3 26 22 28 47 4 52 46 35 14 8 26 4 41 23 18 22 46 10 37 17 16 13 14 2 41 10 18 49 23
split_gain=180.863 114.949 91.4498 58.5169 55.8993 61.1129 56.2347 56.1801 60.6574 64.3077 79.0542 76.4653 63.6156 52.8922 49.1558 47.3365 46.7358 41.5672 40.5198 38.4499 35.2725 33.7856 34.8259 33.2871 36.0435 32.0827 31.1205 30.7882 30.4082 29.3519 29.3466 52.6423 38.2173 29.1279 28.3011 30.4616 28.2942 25.8872 23.5883 23.5451 25.2567 25.5063 23.4519 23.1739 23.1207 29.2749 22.852 27.0806 37.121 30.8619 22.4851 22.4409 22.1855 22.0352 21.7741 21.1279 20.9598 20.9086 20.8878 20.6172 20.2335 25.8074
threshold=8.8333333333333339 1.0000000180025095e-35 60.000000000000021 145.95000000000002 21.500000000000004 2.5000000000000004 0 1360.72 0.93301270189221952 1 20.500000000000004 3468.1500000000005 11313.973333333333 46.95000000000001 0.63693358980656389 39.715000000000011 30.000000000000004 9.5000000000000018 6.205000000000001 18.500000000000004 8.5000000000000018 87.500000000000014 893.2800000000002 1598.3800000000001 6.5000000000000009 17.500000000000004 277.50000000000006 1509.4350000000002 18.000000000000004 25.102500000000003 12872.525000000001 11444.76 139.50000000000003 314.50000000000006 99.500000000000014 0.58000000000000018 inf 2.5350000000000006 3.5000000000000004 42.225000000000009 25.500000000000004 20.500000000000004 16.500000000000004 21.500000000000004 18.210000000000004 10.835000000000003 0.25000000000000011 962.39333333333343 8.5000000000000018 25.510000000000002 1019.3400000000003 7362.0000000000009 9821.5200000000023 2 0.19615384615384621 18.000000000000004 495.40500000000009 1554.4800000000002 1256.1450000000002 9757.6129166666688 16.500000000000004 0.25000000000000011
decision_type=10 10 10 10 2 2 9 10 2 9 2 10 10 10 8 10 2 2 10 2 2 2 8 8 2 10 10 10 2 10 10 10 2 2 2 10 8 10 2 8 2 2 2 2 8 8 2 10 2 10 8 8 10 9 10 2 10 10 10 10 10 2
left_child=1 19 3 15 5 6 57 8 9 10 11 16 13 -12 17 18 -7 36 -3 -1 -5 22 -18 24 -15 -2 42 59 -20 -17 44 32 -32 46 35 43 38 -8 -6 -11 41 55 -9 -30 -10 -46 47 49 -49 -16 54 -14 -36 -51 -48 -41 -29 -4 -24 -26 61 -40
right_child=25 2 4 20 14 7 37 26 30 39 12 -13 51 23 33 29 21 -19 28 -21 -22 -23 58 -25 27 -27 -28 56 34 -31 31 -33 -34 -35 52 -37 -38 -39 60 40 -42 -43 -44 -45 45 -47 50 48 -50 53 -52 -53 -54 -55 -56 -57 -58 -59 -60 -61 -62 -63
leaf_value=-0.0091351313466066768 -0.0090021270389312562 -0.011270860061155297 -0.014029921938136129 0.0056106072432686597 -0.0043210561316249932 -0.012862565810502265 0.00074761916829201773 -0.00051589223383985178 0.0036441503974459616 -0.0080257724715740806 -0.029681686770997688 -0.016063908066725176 -0.036722204073691894 0.0075393278648145231 0.020047363003943938 -0.017516631896546207 -0.005656222362949789 0.015389676805963834 -0.0071816938794321394 -0.03291646836930525 -0.0080349028117896754 -0.013900241456241481 0.00085139635019332381 0.0067495155918570419 0.00075357256297661627 -0.020620084619389384 -0.0019134682785294031 -0.013959944647423035 -0.0093343330389077887 -0.0045893170622005762 -0.038053489526722627 0.0093525010022883961 0.017845552592855116 0.0066611932757733357 0.022094761135789464 0.0056927622017665953 0.0080378080725275729 -0.011207266312843623 0.0029556596087262845 0.0095690116205232947 -0.0059965150502742925 0.010168585466626422 -0.013997452272744994 2.5956509177467608e-05 -0.03591727914452237 0.0099708228341658205 0.02206379405755942 -0.01865953581101144 -0.0017627433609634948 0.0089744627799798818 0.012019410661279911 -0.0081471964901147498 0.0024205809014583666 -0.0013801187860120352 0.0012382108331583132 0.0012228005358077344 -0.0022241543292302966 -0.033405454336617103 0.016250545540667131 0.0096743435545850222 -0.0036360358024156423 0.0091160420827694957
leaf_weight=181.694066490978 1020.2353997705504 388.05279925186187 282.13104882277548 255.51759121473879 502.47134605050087 483.32556346058846 775.72291801031679 225.68947071582079 2171.3433557357639 165.54903222993016 65.191869889385998 573.49162374716252 34.771738313138485 967.27694558165967 121.30142742581666 271.41006289049983 1193.3809927981347 416.33976756408811 628.44253579340875 154.48581305705011 2459.6372308777645 248.4617438511923 2769.7563711507246 1416.9098507463932 9538.2945232791826 408.50552825909108 2687.2172887213528 265.83683639578521 338.46063500642776 1029.9586773086339 74.22049693018198 101.12928383424878 18.07138279825449 968.5990398498252 131.79795060679317 1160.7814220543951 1703.9659436363727 309.71873592585325 4129.3652478409931 522.24668651260436 218.69776489399374 1236.5121236294508 527.13481876906008 7117.7583906948566 16.285592809319496 1385.2755258604884 62.06968685425818 164.81232640706003 4052.0953295622021 341.90245762467384 290.41471313685179 606.71987087838352 149.57112071104348 873.47156189754605 2483.1087598614395 1282.813563994132 620.25471976958215 90.525897990912199 111.28551987558603 327.30319050699472 437.11154683958739 1043.224709475413
leaf_count=7246 38612 12405 2228 3219 2428 2798 5095 1355 10804 1036 664 3964 190 5031 711 6223 6947 2603 8621 10523 34260 1826 14397 9235 53097 23592 14556 1438 3593 12930 368 496 98 5289 984 12120 10096 1402 23157 2795 1165 6433 3688 65132 70 7621 655 1441 22963 1793 1570 3477 1001 4878 12574 6646 3348 1240 680 1790 3302 5384
internal_value=-2.61385e-05 0.000252469 0.000361832 -0.00213975 0.00107451 0.000187573 -0.00680652 0.000529383 0.00107734 0.000393277 -0.000395101 -0.00399535 0.00100398 0.0015273 0.00265325 -0.00102343 -0.00255225 0.00462569 -0.00019937 -0.0201287 -0.00674916 -0.00139679 -0.000631093 0.00168444 0.00107151 -0.012336 -0.00367717 0.000488982 0.000252737 -0.00729678 0.0051896 -0.0080593 -0.0270341 0.000917688 0.000778538 0.000421198 0.00405044 -0.00264639 0.00293769 0.00480283 0.00547122 0.00629748 -0.00996186 -0.00040013 0.00590889 0.00941239 0.000253838 -0.00105144 -0.0024274 0.00328798 0.00280972 -0.00975084 0.0116819 0.00160019 0.00175455 0.00364152 -0.00575678 -0.0183231 0.00145165 0.00105048 0.00358853 0.00419963
internal_weight=64599.1 63170.4 62834.2 13931.4 48902.8 31312.5 1458.1 29854.4 26414.4 22648.1 19222.3 5379.7 13842.6 13201.1 17590.3 11216.2 4806.21 8232.48 9914.86 336.18 2715.15 4322.88 4074.42 13135.9 11719 1428.74 3440.04 10751.7 9526.81 1301.37 3766.33 193.421 92.2919 9357.78 8898.37 8617 7816.14 1085.44 6112.17 3425.82 3260.27 3041.57 752.824 7456.22 3572.9 1401.56 8389.18 5553.58 4216.91 1336.68 2835.59 641.492 281.369 1215.37 2545.18 1805.06 886.092 372.657 2881.04 9865.6 5609.7 5172.59
internal_count=515283 453079 435310 160488 274822 175978 9965 166013 146414 126957 108882 30612 78270 74603 98844 123009 26648 46970 103856 17769 37479 23850 22024 73939 64704 62204 19599 59673 91451 19153 19457 962 466 51874 82830 80845 44367 6497 34271 18075 17039 15874 5043 68725 18495 7691 46585 31786 24404 7382 14799 3667 1985 6671 13229 9441 4786 3468 15077 54887 31843 28541
cat_boundaries=0 1 2 3
cat_threshold=151824 157952 9528
is_linear=0
shrinkage=0.035


Tree=114
num_leaves=63
num_cat=7
split_feature=45 17 14 0 16 47 1 16 43 16 22 22 37 16 50 4 19 32 49 26 29 3 22 8 26 16 49 1 20 22 16 40 22 18 8 22 40 41 40 39 3 19 37 10 26 39 17 44 21 39 22 17 13 38 44 48 32 14 16 15 22 19
split_gain=170.45 109.687 87.6135 82.3779 80.2991 55.3761 50.6719 44.642 42.668 42.4789 40.8313 35.8803 38.4239 36.1372 40.547 35.8751 42.568 35.463 43.7011 33.1757 39.3911 35.9797 57.0578 32.318 32.1629 33.124 31.2323 30.9978 30.4066 29.8604 28.9265 28.5848 27.7147 29.1403 27.3602 27.103 35.6265 30.4204 26.8619 25.7818 29.5545 25.4805 24.4094 23.3387 23.316 23.0705 22.9331 22.9127 26.4335 22.8554 22.8484 24.0856 28.271 22.8223 22.612 22.5236 22.5165 23.9214 22.8311 22.1151 26.5357 21.6577
threshold=8.8333333333333339 1.0000000180025095e-35 15.500000000000002 559.17000000000019 0 927.24000000000012 7.6850000000000014 1 4.5000000000000009 2 1.0000000180025095e-35 53.500000000000007 13395.420000000002 3 54.858679157290361 40.365000000000009 1393.8475000000001 inf 4.5000000000000009 284.50000000000006 232.00000000000003 39.500000000000007 17.500000000000004 26.500000000000004 21.500000000000004 4 18.500000000000004 266.9550000000001 0.15084944665313074 4.5000000000000009 5 8378.1900000000005 5.5000000000000009 7740.4954166666676 7.5000000000000009 9.5000000000000018 850.47000000000014 824.29499999999996 18646.260000000006 23.050000000000004 283.50000000000006 2827.0716666666672 1.0000000180025095e-35 378.66000000000008 21.500000000000004 28.845000000000002 315.92000000000007 358.21000000000004 2139.9000000000005 460.90000000000003 64.500000000000014 5568.3000000000002 0.31909090909090915 281.0800000000001 76.360000000000028 3.5000000000000004 2293.1399999999999 21.500000000000004 6 0.66942190747648178 45.500000000000007 19.789333333333335
decision_type=10 8 2 10 9 10 8 9 2 9 2 2 10 9 10 10 10 8 10 2 2 2 2 2 2 9 10 10 8 2 9 10 2 10 2 2 10 8 10 10 2 10 8 8 2 8 8 10 8 10 2 10 10 10 10 2 10 2 9 8 2 10
left_child=1 4 8 5 10 6 17 23 -3 -7 -1 12 13 29 27 16 43 18 -4 20 21 -9 -23 32 25 -22 54 -15 41 -5 -10 44 -8 45 -11 36 -16 -37 -17 40 -20 -29 -38 -13 -30 46 -34 -14 55 -47 -42 52 -52 -40 -2 -49 58 -58 -39 60 -24 -41
right_child=26 2 3 11 -6 9 7 19 30 34 -12 15 47 14 35 38 -18 -19 39 -21 24 22 59 -25 -26 -27 -28 28 31 -31 -32 -33 33 -35 -36 37 42 56 53 61 50 -43 -44 -45 -46 49 -48 48 -50 -51 51 -53 -54 -55 -56 -57 57 -59 -60 -61 -62 -63
leaf_value=-0.032544428937730713 -0.0062757185874592102 -0.013371446582484793 -0.016479202369367688 -0.0031499876547943424 -0.0038636800938644362 -0.00048871640895248184 -0.0067903588411009396 0.0024369586441406401 0.013011057935717793 0.014019131554891255 -0.0096633721177040253 0.0034149240277157431 -0.027059094105871657 0.0048683687902819758 0.004995041271257385 0.011482597220781373 -0.0042235238109460697 0.00065994616979994951 -0.0028688295540420191 0.0045154213350734997 0.00027639859037049638 -0.018433674929064333 -0.006392365121317016 -0.020580828332224261 0.0031999438226864275 -0.013572161743076031 -0.021639335810538524 0.0071743611101908198 -0.010997235213141728 0.018430327558748811 -0.004613801432794799 -0.022451619403421177 0.005634443212207658 -0.01042053153202965 -0.010727243208441222 -0.0028495183668118861 -0.034710189302507653 0.0078351228393096252 -0.017240415845164971 -0.020529230535526077 -0.014106447064817403 -0.011933064517285225 -0.0041512563904775052 0.014155499208752378 -0.00091767777344615997 0.0023297954831506015 -0.0024455259598933849 0.012147211533445145 0.025821545368768267 -0.020099236918220222 0.062372881910473153 0.0050354642801227192 0.015276261304036818 0.017305093827308257 -0.017886329913126914 -0.01203174700640932 -0.0045255538632685919 0.0088862133407443186 0.0016423947550548307 -0.0038820987290651369 0.0024071222325688334 -0.0062060566938536973
leaf_weight=234.72953920997679 816.92744196765125 768.6748436903581 363.50524097308517 106.64385722577572 921.401860402897 1218.9890434695408 936.97728721611202 2748.9530651494861 119.38517371192575 56.395183267071843 162.57445686962456 792.88557012937963 67.462126908823848 1428.8805375806987 795.32613698020577 1302.9551789239049 686.42819946631789 2178.0982797909528 2122.8110272763297 3818.9871639423072 906.19925630278885 259.95679436065257 524.87983947619796 104.05822431668639 8460.8657005270943 265.64008603058755 320.81358726322651 811.15125068556517 295.21786068379879 294.33263229578733 928.23723617196083 79.343832790851593 475.98246867023408 345.4484772561118 1252.7938016932458 567.44663893431425 32.413954682648182 3630.1671766042709 75.003572478890419 152.06695785745978 34.371780742891133 94.645009737461805 784.7264445759356 360.15427472814918 5526.2893888298422 3700.9239365952089 4400.8765691071749 56.254745248705149 30.303514964878559 55.51270570140332 24.080987431108952 89.452744767069817 43.858070991933346 32.941511169075966 274.53826122172177 271.0631485208869 485.72422800958157 243.87181134521961 938.19730152189732 2711.8862958308309 2080.4710654430091 847.12460173107684
leaf_count=12348 31211 12882 4691 503 14654 6914 7682 15753 624 341 1457 4048 460 7284 3977 10949 3538 18241 36415 24714 5987 2446 3552 979 49070 1897 19343 5924 1312 1687 5454 382 2916 2714 7404 2826 174 21673 317 4831 782 775 4176 1862 26623 23075 27932 343 211 514 469 1401 464 158 11650 1583 2678 1350 5436 18068 12393 13766
internal_value=-2.55871e-05 0.000243625 0.000456871 0.000686286 -0.00974071 -0.000224082 0.000112661 0.000663656 -0.00711423 -0.00523737 -0.0226605 0.00253461 0.00187372 0.00214791 0.00187673 0.00589593 0.00267324 -0.00287913 -0.00497498 0.00155279 0.000923425 -0.000839642 -0.0024548 -0.0012691 0.00244728 -0.00298514 -0.0120467 0.000183672 -0.000800331 0.0123891 -0.00251473 -0.00171704 -0.00106566 -0.000467573 -0.00957827 0.00374355 -0.000275106 0.00484819 0.0100927 -0.00370843 -0.00167851 0.0051669 -0.0054044 0.00677912 -0.00143063 -6.81595e-05 -0.00165593 -0.00850098 -0.00493446 0.00199308 0.0114448 0.0170786 0.0326323 -0.00663612 -0.00920985 -0.00785187 0.00567304 -3.65641e-05 0.00658471 -0.00167028 0.000632585 -0.00840425
internal_weight=64518.3 63106 61787.3 59971 1318.71 40181.2 37653 31797.6 1816.3 2528.18 397.304 19789.8 16539.5 16114.4 15713.4 3250.37 1839.47 5855.37 3677.27 21777.8 17958.9 8326.15 5577.19 10019.8 9632.71 1171.84 1412.28 8235.53 6806.65 400.976 1047.62 5900.85 9915.72 8978.74 1309.19 7477.87 1612.47 5865.41 1410.9 3313.77 2314.57 905.796 817.14 1153.04 5821.51 8633.3 4876.86 425.084 357.621 3756.44 191.764 157.392 67.9391 107.945 1091.47 327.318 5297.96 729.596 4568.36 5317.24 2605.35 999.192
internal_count=515283 453079 424620 405660 28459 295411 280752 199692 18960 14659 13805 110249 89377 86780 84590 20872 9448 81060 62819 133880 109166 52212 36459 65812 56954 7884 62204 42300 35016 2190 6078 28317 64833 57151 7745 42290 8327 33963 11424 58128 39531 6699 4350 5910 27935 54437 30848 2597 2137 23589 3116 2334 933 475 42861 1926 31137 4028 27109 34013 15945 18597
cat_boundaries=0 1 2 3 4 5 6 7
cat_threshold=151938 30726 147592 128 432 4096 151552
is_linear=0
shrinkage=0.035


Tree=115
num_leaves=63
num_cat=3
split_feature=0 40 46 14 16 22 3 26 48 37 22 2 9 47 24 47 41 42 8 8 3 7 22 3 8 3 18 18 22 4 19 32 24 29 17 39 41 16 14 26 16 22 17 26 8 37 2 14 26 8 22 4 51 14 41 18 47 12 18 19 40 46
split_gain=162.863 106.849 71.7335 61.7728 51.9982 63.4373 68.6424 51.5247 68.979 42.284 41.2065 41.1652 39.7698 39.4149 38.9819 37.1753 38.5321 33.0165 32.7598 32.0934 32.0149 31.9058 31.1788 41.1196 36.0411 30.363 29.3518 32.6112 28.5681 33.9372 27.8438 27.6708 27.4583 27.3164 29.6305 26.4292 26.1301 25.6518 25.1348 24.0877 25.7045 39.6415 35.8397 30.9112 24.9231 24.0222 23.7212 23.7052 28.874 23.7831 23.5312 23.4855 23.4733 25.7397 23.3919 33.9578 22.9009 24.7047 22.6898 21.8601 21.6349 24.6775
threshold=1.6833333333333711 1.0000000180025095e-35 153.09000000000003 21.500000000000004 0 7.5000000000000009 15.500000000000002 161.50000000000003 10.500000000000002 13395.420000000002 44.500000000000007 1598.3800000000001 138.24500000000003 1635.3000000000004 14.500000000000002 909.63000000000022 10.835000000000003 3.5000000000000004 17.500000000000004 15.500000000000002 23.500000000000004 0.59166666666666679 46.500000000000007 131.50000000000003 22.500000000000004 154.50000000000003 5678.1375000000016 5591.1691666666675 5.5000000000000009 103.15500000000002 2827.0716666666672 1151.1000000000001 10.500000000000002 272.50000000000006 2050.0400000000004 303.08000000000004 3531.4200000000001 1 20.500000000000004 39.500000000000007 2 31.500000000000004 3284.0550000000003 61.000000000000007 3.5000000000000004 2630.3400000000006 86.805000000000021 16.500000000000004 345.50000000000006 9.5000000000000018 107.00000000000001 96.060000000000016 37.376238003526169 16.500000000000004 2031.3600000000004 284.14916666666676 0.92500000000000016 1.0000000180025095e-35 10440.87181818182 181.99800000000005 2608.2066666666669 29.265000000000004
decision_type=10 10 8 2 9 2 2 2 2 10 2 10 8 10 10 10 8 2 2 2 2 10 2 2 2 2 10 8 2 10 10 10 10 2 8 10 10 9 2 2 9 2 10 2 2 10 10 2 2 2 2 10 10 2 10 10 8 8 10 10 10 10
left_child=14 20 7 4 28 6 38 15 19 11 26 13 30 22 18 16 -3 -14 56 21 -2 -9 23 47 -24 -12 27 -10 29 -4 54 52 50 -33 -35 39 -8 -15 -6 -18 60 42 -42 -43 -45 -36 -34 -7 49 -49 51 -27 -13 -54 55 -5 -1 -58 -37 -21 61 -41
right_child=1 2 3 12 5 9 36 8 10 -11 25 31 17 37 -16 -17 35 -19 -20 59 -22 -23 24 -25 -26 32 -28 -29 -30 -31 -32 33 46 34 45 58 -38 -39 -40 40 41 43 -44 44 -46 -47 -48 48 -50 -51 -52 -53 53 -55 -56 -57 57 -59 -60 -61 -62 -63
leaf_value=-0.011300827133706564 -0.010656326266144781 -0.011893338476469921 0.0041491688158499769 0.0071104044875616879 -0.0037231924211792136 -0.0052366826234786258 -0.0093025949633782912 -0.011176318352204968 -0.0011745735279449789 -0.0088284525827254587 -0.0030780478032501673 0.0015763471253698357 0.0026175139753656851 -0.010850646067774786 -0.021540916347102951 -0.0088772386922156936 -0.0023058047400661146 0.0083895128090011734 -0.022177583712997391 -0.0048721176390486573 -0.033618155988673973 -0.0023567301430201834 0.0035477196987066103 -0.0067035508497180103 -0.017994081086524252 0.0067697977339835572 -0.019097725435000882 0.065438001908992127 0.015933169042251512 -0.058318491382087737 -0.0081940885720441729 0.0035478947160276679 0.023994602691471273 -0.00019639164904764175 -0.053602907466867598 -0.016978889675341807 -0.025101833246325797 -0.001727012276130526 0.0049973826772166203 0.0022969530089809601 -0.0016399852399203193 0.0085096285266791933 -0.017961817134081084 -0.012000029427452976 0.0019398080108982544 -0.015252753590950853 0.099031058733176455 0.0044821994175650356 0.0096831973591387805 -0.00052530506741879266 0.027613277792373683 -0.026344283270481321 -0.0057893536502219636 0.0095581315206232243 0.0052292073675252251 -5.4922892942359635e-05 0.063459235420915402 -0.0030445556799887203 0.011968901006100719 -0.011801480276997822 -0.013759021187577086 0.0087287259063400739
leaf_weight=621.15996682923287 179.95621521770954 280.01623180508614 347.09724114835262 961.77874300815165 1033.8873861096799 796.77000689227134 1061.9597942139953 549.59584439825267 2275.5739056114107 554.63783274684101 390.57133725844324 973.00490517076105 2224.7016878649592 562.3904623016715 299.03871886990964 493.19761433172971 1780.2909559318796 2674.5360680855811 173.8066671313718 1243.2865887694061 127.55262607801706 5763.859956914559 4692.5213670656085 1103.9539558533579 96.131649570539594 1115.8704548124224 113.15666699595749 8.038994671776889 391.2886465061456 9.9914412945508939 325.96611449308693 399.45152271725237 31.594194538891315 134.02554219029844 25.820657357573509 164.43016532063484 145.47945509850979 1144.9001087155193 664.07064129784703 1570.0416203225031 1975.7765017412603 912.48224041983485 178.83107667975128 163.27300039492548 3610.4172878302634 84.517557617276907 5.4764050543308249 1479.7136334190145 451.2284780787304 5395.2445800891146 64.328496599569917 25.902246110141277 144.95386548526585 1659.0186571963131 2292.6916070971638 5113.1895848270506 5.8978731594979754 876.54062333796173 40.721194500103593 1014.0856269383803 73.940141337923706 1367.6457150764763
leaf_count=24177 8306 3200 1809 5007 5512 4710 7216 11372 20719 3669 2860 5275 12159 3057 20562 3144 16570 17048 6330 15566 9875 49166 26119 6693 599 8127 1622 75 2097 50 1854 2452 1081 773 156 2019 1654 6090 3289 12964 14214 5971 2108 1051 24584 543 178 7545 2293 28177 371 133 739 11272 13228 27206 80 21102 385 10311 641 8128
internal_value=-2.50495e-05 0.000288006 0.000389981 0.0013722 0.000280259 -2.24991e-05 -0.00484953 -0.0010493 -0.00263205 0.000689662 0.00114392 0.000965872 0.00324794 0.000208728 -0.00991422 0.00053231 0.00091598 0.00576957 -0.00782987 -0.00440766 -0.0202588 -0.00312614 0.000820452 -0.000368836 0.0031116 0.00542861 -0.00177775 -0.000911537 0.00928881 0.00224333 0.0018264 0.00444482 0.00810149 -0.00209021 -0.0112835 0.00121995 -0.0112254 -0.0048106 -0.000311645 0.00143998 0.002117 0.000924664 -0.00300239 0.00273247 0.00133367 -0.0246281 0.0373897 0.000492805 0.00111655 0.000552967 0.00717106 0.00599618 0.00596012 0.0083224 0.00221768 0.00108046 -0.00615773 -0.00252874 -0.0112028 -0.00798886 0.0048051 0.00529323
internal_weight=64441.3 62464.8 62157.3 36944.9 23352.1 22603.7 2905.4 25212.4 12601.3 19698.3 4030.51 19143.6 13592.9 15722.9 1976.44 12611.1 12117.9 4899.24 1677.41 8570.83 307.509 6313.46 14015.6 9226.91 4788.65 1633.74 2396.77 2283.61 748.377 357.089 8693.63 3420.79 1243.17 643.815 244.364 11837.8 1207.44 1707.29 1697.96 11632.7 9852.41 6840.78 2154.61 4686.17 3773.69 110.338 37.0706 8122.96 7326.19 6874.96 1206.1 1141.77 2776.98 1803.97 8367.66 6074.97 1503.6 882.438 205.151 2257.37 3011.63 2937.69
internal_count=515283 443032 424851 208291 131789 127833 17671 216560 121581 110162 35166 106493 76502 85283 72251 94979 91835 29207 51689 86415 18181 60538 76136 49418 26718 12750 22416 20794 3956 1859 47295 21210 9890 3924 1472 88635 8870 9147 8801 86231 69661 47928 16322 31606 25635 699 1259 42725 38015 35722 8631 8260 17286 12011 45441 32213 45359 21182 2404 25877 21733 21092
cat_boundaries=0 1 2 3
cat_threshold=160 2304 206961
is_linear=0
shrinkage=0.035


Tree=116
num_leaves=63
num_cat=7
split_feature=40 46 12 32 28 41 49 41 22 31 16 4 3 26 22 43 16 44 8 16 40 22 19 16 1 8 48 12 26 27 41 27 23 14 48 41 47 52 41 40 40 40 22 22 23 16 51 16 22 27 16 15 4 15 38 29 14 32 3 17 17 27
split_gain=155.365 124.336 62.9619 60.9245 63.0403 57.6753 62.3163 44.4984 46.4313 48.1062 45.0873 51.127 41.7897 40.9259 38.7631 37.3089 37.9784 39.5819 36.3949 35.8949 35.0461 34.8476 33.4546 32.9342 32.4816 31.49 31.2634 31.0084 29.8558 40.6406 32.3931 29.223 29.9593 30.0945 43.3441 29.4978 28.0368 35.1171 27.9997 27.7071 30.4799 27.1762 26.8609 26.4327 25.8708 25.8125 25.6841 25.3489 36.0155 40.1414 24.8109 23.9717 23.8554 23.8476 23.787 23.5463 23.4137 24.8561 24.6004 23.2462 26.3484 124.239
threshold=1.0000000180025095e-35 4.830000000000001 0.90333333333333343 12075.480000000001 1.4650000000000001 46874.94000000001 4.5000000000000009 2872.0350000000003 30.500000000000004 1.0000000180025095e-35 0 115.22500000000001 18.500000000000004 100.50000000000001 8.5000000000000018 9.5000000000000018 1 336.51000000000005 8.5000000000000018 2 1145.6350000000002 83.500000000000014 493.26857142857153 3 3245.5800000000004 20.500000000000004 1.5000000000000002 183.10666666666671 131.50000000000003 33.885000000000012 3376.4400000000001 10417.680000000002 0.68301270189221941 20.500000000000004 6.5000000000000009 1490.6650000000002 15.125000000000002 3.5000000000000004 14765.840000000002 359.52000000000004 46.08333333333335 1385.5683333333334 42.500000000000007 95.500000000000014 0.93301270189221952 4 1.5459768124944173 5 19.500000000000004 2059.6300000000006 6 0.32922213365726066 32.360000000000007 1.4321636346262563 110.51000000000001 23.500000000000004 19.500000000000004 631.98000000000013 190.50000000000003 15073.740000000003 4716.0550000000012 6781.3400000000001
decision_type=10 8 10 8 10 8 10 10 2 2 9 10 2 2 2 2 9 10 2 9 10 2 8 9 10 2 2 10 2 10 10 8 2 2 2 8 10 2 10 10 10 10 2 2 2 9 10 9 2 10 9 10 10 8 8 2 2 10 2 10 10 10
left_child=12 2 -2 4 5 6 42 10 28 -10 22 21 -1 52 20 16 -6 -18 50 -17 -13 31 39 -7 -21 55 43 -16 29 -9 -30 32 33 41 35 -35 -36 -38 47 40 -5 -12 -3 -15 -20 -39 -33 -8 49 -49 -4 -29 -11 -41 -47 -23 58 -58 -50 60 61 -28
right_child=1 3 18 7 15 23 38 8 9 13 11 14 -14 26 27 19 17 -19 44 24 -22 25 -24 -25 -26 -27 59 51 30 -31 -32 46 -34 34 36 -37 37 45 -40 53 -42 -43 -44 -45 -46 54 -48 48 56 -51 -52 -53 -54 -55 -56 -57 57 -59 -60 -61 -62 -63
leaf_value=-0.011237018370229569 -0.015373998383942898 -0.0155811374454308 0.0073750273650081957 -0.0014315450787993427 0.0045051750998884692 0.0078624548173865556 0.0013442978595396605 0.060716275945801645 0.009373848562793519 0.004281240795712583 -0.0066108721142926676 0.002060622521768181 -0.033151863277633579 0.0024802874592413345 -0.011126880731455202 0.0073812934237476261 0.00028908254225229815 -0.0063557855431676594 -0.0068809763665063474 0.00053361805534541404 -0.019874127163066968 -0.024524651006028551 0.013173588853969631 -0.0010447101900728022 -0.030946283171700076 -0.018839370694750265 -0.0069484909661373453 0.0040212829580972406 0.0093529030881674378 0.0023092203328943413 -0.010808240270422466 -0.025922883654195965 0.0022541096994837142 0.00093345987207030061 0.0024441335405393037 0.012257070109014136 -0.0083375911091429881 -0.0034818964114990015 -0.016496132340458904 -0.00036043002762048285 0.0073967783572936527 -0.0013384954885399287 -0.0029505961877110162 0.027763675504665911 0.00076974026755929784 -0.00015023001162354322 -0.0051503857966537503 -0.0051529092980471076 -0.0029741198405627716 -0.01976223489143927 -0.0017081852010304558 0.010647559032304495 0.018288473252301238 -0.024442234022389105 0.0079820673679461863 0.0060587902229052148 0.00095821214642516307 -0.0045542486578461 -0.017398113653810204 -0.039199643570445732 0.00084894778393295649 -0.10315655185326494
leaf_weight=245.42556597013026 586.70454563759267 686.36860964074731 448.63951022550464 701.48672527261078 1739.5653989184648 925.17619911767542 1886.3732155067846 13.889388334006069 2475.3144376743585 462.26907813362777 1813.8319851867855 250.0710096731782 189.66926832683384 264.85349132120609 122.73457187414169 1939.8038878068328 4395.0444415081292 1462.8836077842861 3035.644531654194 966.67765643447638 137.59161146730185 30.440765822306275 519.07878309488297 1113.7812655195594 40.890764489769936 66.657441701740026 344.94713090546429 1602.2529549971223 120.41120884567499 742.83584035001695 500.33847231417894 87.476301431655884 4436.6482691075653 564.45404665358365 2480.816365191713 562.14142072945833 901.90161243826151 2476.0179852526635 172.20533625502139 155.29303761944175 1507.9427579753101 3523.3247768729925 295.46481068246067 61.703760087490082 658.68127919919789 2319.9191309716552 419.43462765775621 2201.5846313163638 434.88788624387234 256.56799248047173 1844.5285912510008 1149.5582204088569 219.37756091356277 73.580534907057881 542.89490741491318 1700.570933714509 3297.6800837377086 1438.2417279221117 216.58723257761449 23.165083166211843 497.79193079471588 16.278970040380955
leaf_count=12076 29499 5210 5092 4041 11288 5452 16044 87 13741 2238 10403 1174 14466 1579 549 10816 29779 10218 58142 4973 620 162 2817 6193 245 396 1887 10003 666 3929 3336 516 22010 2990 14091 2833 4479 15175 2439 777 7891 19304 2087 359 7027 13516 2423 21411 3698 3923 24108 8490 1528 425 2870 9280 29627 9266 2594 114 2827 84
internal_value=-2.45469e-05 0.000117465 -0.0044413 0.000640035 -0.000730638 -0.00236899 -0.00338083 0.00158928 0.00439666 0.00616405 0.0010163 0.000534853 -0.0208444 0.00195833 0.00462243 0.00127754 -1.93074e-05 -0.00136879 -0.00336763 0.00461932 -0.0057557 -7.32327e-05 0.00509629 0.00303221 -0.000765774 0.00459438 -0.00190932 0.00602355 -0.00120519 0.00345997 -0.00688869 -0.000490295 -0.000275729 -0.00101496 0.000132129 0.0065895 -0.000702654 -0.00195376 -0.00254638 0.00339295 0.00459443 -0.00313121 -0.0117871 0.00732782 -0.00551705 -0.000873961 -0.00877902 -0.00229787 -0.00317132 -0.00668516 9.60119e-05 0.00679225 0.00880944 -0.00817514 0.00138935 0.00550711 -0.00157298 -0.000716463 -0.00778879 -0.00533305 -0.00437526 -0.011557
internal_weight=64368.4 63933.3 6574.2 57359.1 23469.8 12924.9 10886 33889.3 5743.18 4365.7 28146.1 25188.7 435.095 1890.39 3262.21 10544.9 7597.49 5857.93 5987.49 2947.37 387.663 21926.5 2957.38 2038.96 1007.57 1797.67 1208.74 2874.55 1377.47 756.725 620.75 20128.9 19622 15185.3 9848.15 1126.6 8721.55 6240.73 9904.13 2438.3 2209.43 5337.16 981.833 326.557 3694.33 5338.83 506.911 9731.92 7845.55 2458.15 2293.17 2751.81 681.647 228.874 2862.81 1731.01 5387.4 4735.92 651.475 882.183 859.018 361.226
internal_count=515283 488741 123868 364873 175263 107944 96299 189610 32375 24357 157235 141284 26542 10616 20836 67319 51285 39997 94369 16034 1794 120448 15951 11645 5218 9838 6850 19042 8018 4016 4002 110610 107671 85661 55954 5823 50131 36040 89002 13134 11932 29707 7297 1938 65169 31561 2939 86563 70519 25334 29200 18493 3766 1202 16386 9442 45185 38893 6292 4912 4798 1971
cat_boundaries=0 1 2 3 4 5 6 7
cat_threshold=67312 134220 135561 12644 2304 12525 132177
is_linear=0
shrinkage=0.035


Tree=117
num_leaves=63
num_cat=0
split_feature=45 17 14 0 18 19 0 1 42 44 26 43 15 27 35 3 7 32 22 4 37 19 29 26 3 22 26 22 49 22 22 37 41 41 51 26 13 18 27 27 39 17 27 37 14 32 12 12 47 44 3 3 41 44 21 43 43 44 41 49 47 48
split_gain=149.697 95.6368 76.8228 71.2668 68.9237 59.9092 54.6908 51.0793 45.1048 42.4695 41.5007 35.6528 32.9384 31.5039 31.3503 30.286 32.2923 31.454 30.1857 38.7207 35.6074 33.1677 31.4916 30.4824 52.1285 60.2091 50.7773 32.2953 29.795 28.6118 27.8431 27.7489 27.5797 28.0581 36.507 28.6842 28.6222 27.3303 27.1523 25.8935 25.5419 25.365 38.1685 37.4116 23.981 23.8611 23.7811 23.6172 26.3167 23.2849 23.2409 23.1156 23.6811 22.0706 25.4956 22.0221 21.8215 21.7784 21.7137 21.6129 27.2444 21.5378
threshold=8.8333333333333339 1.0000000180025095e-35 15.500000000000002 514.84000000000015 400.93955357142863 541.95116666666684 240.62000000000003 65.205000000000027 1.5000000000000002 113.80500000000002 314.50000000000006 2.5000000000000004 0.82434492539170745 660.38000000000022 10.500000000000002 283.50000000000006 0.47727272727272735 145.95000000000002 53.500000000000007 40.365000000000009 13395.420000000002 1393.8475000000001 358.00000000000006 100.50000000000001 78.500000000000014 22.500000000000004 112.00000000000001 23.500000000000004 18.500000000000004 50.500000000000007 1.0000000180025095e-35 713.60000000000002 1022.4000000000001 4038.3899999999999 83.323355217013244 314.50000000000006 0.54356060606060608 284.14916666666676 4933.8000000000002 14263.560000000001 290.94000000000005 3162.6200000000003 2911.7900000000004 2505.8350000000005 20.500000000000004 69.38000000000001 201.98000000000005 405.23333333333341 195.92000000000004 117.15000000000002 159.50000000000003 268.50000000000006 3845.4300000000003 358.21000000000004 2139.9000000000005 1.5000000000000002 9.5000000000000018 76.360000000000028 169.57500000000002 2.5000000000000004 777.67500000000018 3.5000000000000004
decision_type=10 8 2 10 10 8 10 8 2 8 2 2 8 10 2 2 10 10 2 10 10 10 2 2 2 2 2 2 10 2 2 10 8 10 10 2 10 10 8 10 10 10 10 10 2 10 10 10 8 8 2 2 10 10 8 2 2 10 10 10 8 2
left_child=1 4 8 5 30 7 50 9 -3 15 12 -11 56 -6 -13 16 -4 59 20 21 22 47 23 27 32 -26 41 38 57 -17 55 -28 37 34 36 -36 -34 -25 45 -21 -14 42 -27 -43 58 -5 -8 48 -20 -29 -7 52 -33 -22 61 -1 -9 -2 -12 -18 -61 -55
right_child=28 2 3 18 13 6 46 10 -10 11 44 14 40 -15 -16 29 17 -19 19 39 53 -23 -24 24 25 26 31 49 -30 -31 -32 51 33 -35 35 -37 -38 -39 -40 -41 -42 43 -44 -45 -46 -47 -48 -49 -50 -51 -52 -53 -54 54 -56 -57 -58 -59 -60 60 -62 -63
leaf_value=-0.019357677678482513 -0.0057686237038007456 -0.017037231131306646 -0.0085917716807726863 0.0064956228071440178 -0.031905316003034832 -0.0067336795087569205 0.049705491033523203 0.0021006352451972033 -0.0037277569981077939 -0.0097380656589644253 -0.012288330511382105 0.0034217620396520903 -0.00028341177615421876 -0.0093843009788245283 -0.0054908830156683739 -0.015439555637410155 -0.0024657936028423186 -0.0050160114981397837 0.0057260684120993954 0.01132994474020204 -0.025836613140249605 -0.0040956398526526515 -0.0049112263243103705 0.0065471473010378176 -0.011289034399664107 -0.008901646668289253 -0.017049711085404907 0.0028946780335943121 -0.021019088852861266 0.010718353164441283 0.00035492186951757856 -5.0033862236344112e-05 0.0077305091430134917 -0.010859699893761038 0.0066496976073774682 0.019368552855623868 0.00068830472466957678 -0.0033607681669207711 -0.0099968095910863107 -0.0027415538524886321 -0.01245245500820159 -0.059887523386783277 -0.067645217060193108 -0.0024016448027932109 0.0092515664021025207 -0.0001498817343505584 -0.001526917846675848 0.0063759678756054421 -0.040352806411179158 0.011789923137655662 -0.016521649712602737 -0.026649679485698331 0.0067548208903456634 0.011761310097246336 0.025341961512122899 -0.0027446566057646358 0.010948332849046727 -0.017312150601705364 0.004136188529650483 0.00073191712109356433 0.0076618674505220634 -0.011519746902077353
leaf_weight=211.36250700708479 803.65317923296243 400.59044746588916 595.70525464694947 1438.0044095423073 196.68467208370566 1163.920545661822 10.135237887501715 8320.112820639275 1400.9410149157047 1159.6122317789122 123.81404063291848 786.4771864078939 8427.5409850720316 125.52088223956525 1251.6598714441061 56.559821093454957 2177.1997772268951 1438.3778257668018 31.813141655176878 1285.1285232640803 71.283626103773713 692.6408105995506 782.8082870375365 456.31559200957417 696.29249827936292 28.173017151653767 98.258565321564674 551.07051824592054 307.77972814533859 471.99953971337527 579.54036247730255 1975.9742693863809 934.38962625525892 149.18075232207775 1917.4416718259454 244.45979715138674 2896.5961065478623 1340.5629223752767 196.97861260175705 182.59050865471363 215.72408471815288 14.750167835503815 25.745631529018283 116.88575018942356 1237.6490581361577 1225.4828376416117 3465.9416797496378 1261.1702408436686 27.674184449017048 1045.8478169254959 399.54499358218163 33.655485935509205 916.28153997659683 58.123014025390148 30.767337910830975 181.80940983537585 355.17360027134418 266.52251082099974 468.5488240532577 5898.6394074130803 786.80598345957696 277.8567349659279
leaf_count=9161 31211 10770 15064 7233 9226 8925 53 47244 8190 23007 821 5969 48605 996 11516 866 11596 15068 169 10928 493 3572 3773 2276 4205 146 539 2751 19343 4561 4972 10858 4786 986 11802 1424 14910 6818 1019 974 1508 74 139 652 7134 6098 18041 6465 139 5954 3414 184 5214 357 214 4104 1752 11650 2945 56429 4353 1637
internal_value=-2.38986e-05 0.000226137 0.000424033 0.000638556 -0.00918349 -0.000250203 -0.00380953 0.000281033 -0.00669508 -0.00127655 0.0014705 -0.00484119 0.00094065 -0.023188 -0.00205168 -0.000278524 -0.000675698 -0.000217124 0.00228072 0.00525727 0.00168916 0.00210369 0.00194196 0.00227132 0.00134269 -0.00196717 5.79337e-05 0.00473817 -0.0114314 0.00789539 -0.00452551 0.00115077 0.00297121 0.00408685 0.00446067 0.00809619 0.00240749 -0.00084242 0.00251069 0.00957872 -0.00058854 -0.0176638 -0.0376721 -0.00924605 0.00648157 0.00343909 -0.00136329 0.00535567 -0.0160231 0.00872405 -0.00924397 0.0017676 0.00210737 -0.00815322 -0.00465523 -0.011702 0.00246409 -0.00865697 0.000688257 0.000562198 0.00154852 -0.00746928
internal_weight=64289.8 62911.8 61616.9 59815.3 1294.92 38811.1 5039.54 33771.6 1801.53 14623 19148.6 3197.75 17318.6 322.206 2038.14 11425.3 10896.7 10301 21004.2 3481.02 17523.2 2013.3 17085.2 16302.3 11845 3906.02 3209.72 4457.38 1377.96 528.559 972.712 3024.17 7938.95 6142.07 5992.89 2161.9 3830.99 1796.88 2860.47 1467.72 8643.27 185.555 53.9186 131.636 1830.01 2663.49 3476.08 1320.66 59.4873 1596.92 1563.47 2925.91 2892.26 438.031 366.747 393.172 8675.29 1070.18 592.363 8862.65 6685.45 335.98
internal_count=515283 453079 424620 405660 28459 288871 30433 258438 18960 148429 110009 40492 99109 10222 17485 107937 102510 87446 116789 22247 94542 10345 91841 88068 65013 22011 17806 23055 62204 5427 18237 16795 43002 33908 32922 13226 19696 9094 14350 11902 50113 1011 285 726 10900 13331 18094 6773 308 8705 12339 16256 16072 2701 2208 13265 48996 42861 3766 72378 60782 1994
is_linear=0
shrinkage=0.035


Tree=118
num_leaves=63
num_cat=5
split_feature=40 30 46 32 14 22 14 16 35 16 3 15 39 39 16 2 18 22 3 26 47 16 1 49 2 19 18 23 1 47 3 26 48 16 22 26 35 3 22 27 17 39 39 2 1 30 22 3 14 32 20 4 28 18 19 26 3 8 17 29 37 27
split_gain=141.563 112.461 75.8361 55.6494 51.5412 54.6185 49.1011 48.5964 47.3736 43.2394 41.7856 41.4565 41.6432 38.2133 63.7929 37.9261 37.1614 42.721 73.5066 45.1508 33.3814 33.246 32.4425 32.0306 31.8264 47.9348 31.7126 31.547 34.947 31.3769 31.366 29.4147 27.7196 27.5482 28.743 27.1621 26.9484 26.8991 33.4112 31.7216 25.3498 25.2746 25.0949 23.9476 35.9331 23.1392 23.12 22.5796 22.4605 26.092 22.619 22.2419 24.1807 22.1121 21.9462 24.7245 21.8052 21.7826 21.3541 24.9296 20.9579 20.9448
threshold=1.0000000180025095e-35 6.205000000000001 95.120000000000019 145.95000000000002 21.500000000000004 2.5000000000000004 16.500000000000004 0 8.5000000000000018 1 18.500000000000004 1.0000000180025095e-35 28.845000000000002 75.030000000000015 2 484.68000000000006 11029.170208333335 19.500000000000004 79.500000000000014 30.000000000000004 31.085000000000004 3 21.135000000000002 11.500000000000002 832.84000000000015 1065.6191666666668 7740.4954166666676 0.93301270189221952 39.640000000000008 629.61000000000024 38.500000000000007 21.500000000000004 4.5000000000000009 4 15.500000000000002 161.50000000000003 12.500000000000002 15.500000000000002 8.5000000000000018 6982.1100000000015 3110.2200000000007 323.83000000000004 67.715000000000018 3613.3350000000005 10884.500000000002 999.0200000000001 65.500000000000014 25.500000000000004 19.500000000000004 1922.0300000000002 54.305800795126892 1.0000000180025095e-35 170.94000000000003 55.481666666666676 81.699642857142862 122.00000000000001 67.500000000000014 6.5000000000000009 2050.0400000000004 272.50000000000006 1.0000000180025095e-35 2083.9650000000006
decision_type=10 10 8 10 2 2 2 9 2 9 2 10 10 10 9 10 10 2 2 2 10 9 10 10 10 10 10 2 10 10 2 2 2 9 2 2 2 2 2 10 8 8 8 10 10 10 2 2 2 10 10 8 8 10 10 2 2 2 10 2 8 10
left_child=10 -2 3 6 5 9 -3 23 -5 -4 -1 20 -13 21 45 27 17 18 19 -9 33 29 -17 53 25 54 31 41 -29 -8 -18 -23 -32 -6 40 -33 -27 -21 60 42 56 -10 -40 44 46 -15 -14 -41 -26 50 -50 -11 -53 -7 55 -19 -35 -56 -51 -60 -39 -52
right_child=1 2 4 8 11 7 13 16 15 51 -12 12 43 14 -16 22 30 24 -20 37 -22 26 -24 -25 48 36 -28 28 -30 -31 32 35 -34 34 -36 -37 -38 38 39 47 -42 -43 -44 -45 -46 -47 -48 -49 49 58 61 52 -54 -55 57 -57 -58 -59 59 -61 -62 -63
leaf_value=-0.010633304961482883 -0.013884840015628026 -0.014042051735040079 -0.017672655736020806 0.0068238393650264075 0.011108263230225514 -0.0032486873249939446 0.0018343514559334374 -0.0088077178225608559 -0.0073934324040979818 0.0014106262668261524 -0.032991202840061816 0.0014536600805730186 0.0043180521146647206 -0.019187389346365432 -3.5892153974640046e-05 0.043768171936613885 0.020331800066209764 0.0021230670246877312 -0.012074491544668919 0.0051880759235862373 -0.0065379095485687657 -0.016132240711298554 0.0033188760377461284 -0.0029502877771196215 -0.00035767302277658734 0.013111787319735233 -0.02574914410739499 -0.011068700099157303 0.0042764001389700278 -0.012449038476534969 -0.00035755060998699943 0.0017082145570266522 -0.012848396686394464 -0.0014688164420862634 0.0027718889763662623 -0.0037390624219425274 -0.0067164125790013119 -0.033146068635570791 -0.00094219014856449911 0.018852989859591288 -0.025655946404756626 -0.0278134631238466 0.0043660084236545249 0.014766383656627106 -0.06192393759879259 -0.0019853575690725947 0.0107541964044847 -0.022049918885330019 0.0045524338279642057 0.007441747960502754 -0.00021088198565436585 0.005937126190457288 -0.016122522959946442 0.015097356763166488 0.0076911979110204235 -0.014131097013423884 -0.038084208668560944 0.001373399936175498 0.0014897034702867772 -0.017773918068902994 -0.0051335051779062097 0.013344600780802383
leaf_weight=239.79101925250143 694.73302309866995 317.69645192287862 330.23667826224118 404.87801749166101 299.59668587520719 93.376081984490156 9570.7364083509892 718.59930483624339 3469.5628360286355 545.14270246587694 179.6660518143326 5948.1171664791182 5578.1008416032419 415.60786311049014 978.18123943265527 26.586082547903061 49.698733534663916 230.41459978930652 730.08883161377162 1190.9598015844822 937.03262146748602 165.33343394007534 205.14400401059538 218.03504655603319 1066.9817269295454 88.801535546779633 67.036083260551095 259.53866638056934 600.62201738823205 191.1963317040354 357.36780443880707 2141.3372456328943 555.87199687957764 305.85952626075596 1003.4815021669492 2352.1153874304146 1309.2147793117911 32.767046470195055 2674.8218073416501 18.558460406959057 80.903267950750887 75.028912818059325 1841.2216638345271 322.9207933973521 8.8170183748006803 124.71472862083465 779.0200874414295 112.69790177326649 1975.0740728862584 194.7428768556565 168.19504373520613 82.157003976404667 229.18353518098593 567.66519940644503 729.7785084201023 226.70915617607534 20.319684465415776 7858.717659897171 183.69209703430533 147.8801056612283 1100.5202281894162 820.32440296560526
leaf_count=12076 31428 8182 3310 4304 1571 482 85298 4087 42972 3673 14466 30009 32423 5960 10485 160 337 1481 5642 5877 7658 2080 1157 1161 5859 457 898 3067 3780 1246 2140 18483 3525 1682 5297 26731 6877 235 13744 110 510 2284 10624 2688 55 970 5243 712 11300 1074 982 390 1082 2931 3706 2134 187 43165 1139 897 6474 6326
internal_value=-2.34511e-05 0.000109961 0.000264264 -0.00143153 0.00113243 0.000197396 -0.000438756 0.000542231 -0.00464541 -0.00713769 -0.0202656 0.0027504 0.00358464 -0.000167894 -0.0054483 -0.00564821 0.000248672 0.000525944 -0.00146911 -0.000460819 -0.00123187 0.000385899 0.00812769 0.00857514 0.00164585 0.00058079 -0.0020212 -0.00637463 -0.000361196 0.00155176 -0.00648615 -0.00167866 -0.00796623 0.00167753 -0.000407761 -0.00114338 -0.00544846 0.000400686 -0.000586375 0.00072795 -0.00824336 -0.00783339 0.00122249 0.00547912 0.00500577 -0.0149517 0.00510832 -0.0161678 0.00408613 0.00544447 0.00671948 -0.00282083 -0.010301 0.0125049 0.00151312 -0.00595139 -0.00385924 0.00191107 -0.00173402 -0.00712942 -0.00597195 0.0110403
internal_weight=64213.2 63793.7 63099 21365.3 41733.7 26449.5 16324 25262.8 5041.36 1186.72 419.457 15284.2 12637 16006.3 1518.5 4636.48 24383.7 23420.8 8420.24 7690.15 2647.19 14487.8 231.73 879.076 15000.5 10443.6 4725.82 4404.75 860.161 9761.93 962.939 4658.79 913.24 1710.16 1410.56 4493.45 1398.02 6971.55 5780.59 4647.3 407.082 3544.59 4516.04 6688.86 6365.94 540.323 6357.12 131.256 4556.89 3489.91 2963.59 856.483 311.341 661.041 9045.62 457.124 326.179 8588.5 526.315 331.572 1133.29 988.519
internal_count=515283 488741 457313 218057 239256 151933 160333 143478 57724 8455 26542 87323 70418 152151 17415 53420 138904 132902 47505 41863 16905 134736 1317 4574 85397 57820 48192 52103 6847 86544 6002 47294 5665 9247 7676 45214 7334 37776 31899 25190 2379 45256 24368 40409 37721 6930 37666 822 27577 21718 18608 5145 1472 3413 50486 3615 1869 46871 3110 2036 6709 7308
cat_boundaries=0 1 2 3 4 5
cat_threshold=161 151824 482 1523 3641
is_linear=0
shrinkage=0.035


Tree=119
num_leaves=63
num_cat=7
split_feature=45 22 16 29 1 26 16 22 27 4 48 3 46 16 22 27 8 45 26 26 16 19 2 3 3 26 25 22 47 15 26 22 3 27 3 30 24 19 49 2 16 19 14 43 16 52 49 49 27 37 18 27 24 8 22 41 27 2 41 41 20 16
split_gain=136.23 86.227 130.958 75.9976 60.5774 69.5483 59.508 62.2794 83.8281 48.6232 43.5301 49.2241 42.8583 42.5243 38.3926 58.4059 60.983 40.4397 38.2149 53.2946 44.7926 39.5992 43.3747 36.6137 34.9651 42.5391 36.2226 34.7206 34.2737 33.4305 32.0922 31.3351 46.4199 31.9612 31.101 30.3153 29.7139 28.926 28.8207 28.6911 28.2726 43.4528 28.1064 38.2998 27.8839 27.744 27.6798 27.254 32.6433 26.65 28.3842 26.2716 25.9666 25.8253 25.4702 31.8082 25.5988 25.3021 25.2205 24.8074 24.5471 23.6475
threshold=8.8333333333333339 3.5000000000000004 0 302.50000000000006 31.715000000000003 177.00000000000003 1 13.500000000000002 2575.6100000000006 43.225000000000009 10.500000000000002 188.50000000000003 652.4100000000002 2 44.500000000000007 2033.1900000000003 14.500000000000002 2.3484848484848491 91.000000000000014 238.50000000000003 3 173.93850000000003 394.90000000000015 37.500000000000007 86.500000000000014 21.500000000000004 205.34805555555559 56.500000000000007 inf 0.88059056633596444 21.500000000000004 49.500000000000007 60.500000000000007 19986.300000000003 327.00000000000006 480.03500000000003 5.5000000000000009 787.92875000000015 17.500000000000004 22.545000000000005 4 1549.7175000000002 19.500000000000004 8.5000000000000018 5 3.5000000000000004 13.500000000000002 15.500000000000002 13571.190000000001 3541.6800000000003 220.96619047619049 1556.3200000000004 12.500000000000002 8.5000000000000018 20.500000000000004 4452.4800000000005 10417.680000000002 208.28999999999999 2528.0100000000007 46874.94000000001 280.69456819189844 6
decision_type=10 2 9 2 8 2 9 2 8 10 2 2 8 9 2 10 2 10 2 2 9 8 10 2 2 2 8 2 8 8 2 2 2 10 2 10 10 8 10 10 9 10 2 2 9 2 10 8 10 10 8 10 8 2 2 10 10 10 10 8 10 9
left_child=1 2 3 12 5 13 46 8 24 18 23 -12 -1 52 -13 16 36 -18 30 20 -20 39 37 -7 25 -8 -27 -15 40 31 51 32 -11 -33 54 -5 -16 -23 -2 -22 45 42 -42 -44 49 -21 57 -29 53 50 -4 -9 -3 -49 -34 56 -56 61 -37 -35 -14 -6
right_child=38 4 44 35 6 10 7 9 -10 29 11 14 60 27 15 -17 17 -19 19 28 21 22 -24 -25 -26 26 -28 47 -30 -31 -32 33 34 59 -36 58 -38 -39 -40 -41 41 -43 43 -45 -46 -47 -48 48 -50 -51 -52 -53 -54 -55 55 -57 -58 -59 -60 -61 -62 -63
leaf_value=-0.029437589461732392 -0.0078243628392557635 0.0065647608135271235 -0.0027191807729129987 -0.019834954271980416 0.0010010175712195485 0.00044530720840104722 -0.010389449372448595 -0.0076319326462772836 -0.011346875859351489 0.0081481112906264287 -0.004506049597213309 -0.02200586428051363 -0.015466201310717636 -0.0028546767113126637 -0.0056431244239631938 0.0079071521053758961 0.030448277974441613 0.17045595512549142 0.0052209607762859081 -0.0084695948415389414 -0.0048070940357457619 -0.0051663902599672681 -0.0010401940415344583 -0.0094610458839328431 -0.0085110700107404735 0.00016850995977767908 0.011244378261064707 0.0017791392258415899 0.0080141803491382939 0.00080689248505735986 0.0041747328531304478 0.010405282916952141 -0.0094826311971231564 -0.031397765476484055 -0.037325617332383876 -0.00043542178010241004 0.090356050697365381 -0.014137157062483906 -0.019235567654540358 0.0033655515208969367 -0.0054277663312326781 -0.010960034462716886 0.00075116589207568777 0.013808207867891267 0.0011842673614256957 0.0044331988726074387 -0.0013655062386954558 0.043398759371951694 0.1004494567753824 0.035863245559304542 -0.013205157910114382 0.0021390612610011441 0.046158163621057638 0.007931835336585832 0.00048788999629376583 0.0096815217941617071 -0.022093682133194466 0.013102292036034779 0.029935692881944739 0.0015684937714082856 0.015518964022538537 0.012540416762335475
leaf_weight=394.35932906251401 979.35618113167584 982.85422270838171 1606.4468280505389 84.954694060608745 676.38154002092779 565.58868167456239 444.45508086122572 556.72403993457556 983.5172581737861 1572.6729646399617 1205.0012470828369 46.087487409822643 270.34818943683058 2932.5506221987307 15.602148972451692 460.2411191072315 4.6199099756777269 6.4148329310119152 1049.5577909722924 217.03557518869638 710.6249351836741 3023.3038501963019 3656.7654527798295 2378.4237877121195 622.76807574182749 6822.5531433802098 380.96170740574598 1320.1884312909096 1032.9216884076595 2986.1227772757411 5678.7312898980454 1741.8621300049126 261.50333012640476 35.559778615832329 25.59440578520298 223.92039265111089 4.2420089058578005 515.06177561730146 375.55577197298408 2018.9106923379004 775.50740351434797 446.72775585204363 2881.8700716793537 303.26771166920662 2441.9446916338056 3222.6732808314264 420.43784684315324 28.466462040320039 4.4005596674978724 18.966541102156043 392.9902337603271 851.30095110088587 19.754659912548959 177.13768653012812 1375.7946029305458 504.87125533819199 63.371793672442436 829.57032310217619 38.379800442606211 118.54909498244524 34.595766780897975 314.99636280536652
leaf_count=11913 38612 8763 17544 1637 3676 5898 2735 3460 6690 9958 14630 988 4024 31744 135 5408 72 136 5737 1124 6106 17920 18393 36117 4713 37569 2231 10471 5067 16085 29376 13474 1292 153 118 1649 104 3148 23592 11218 6091 2407 17650 1538 20052 19223 2268 373 55 192 5154 4933 528 1942 8584 3106 312 4475 422 545 202 1551
internal_value=-2.30577e-05 0.000213996 -0.00396872 -0.015041 0.000616226 -0.00183606 0.00114455 0.000865453 -0.00169238 0.00153013 -0.00496412 -0.000578485 -0.021823 0.000846498 0.00822337 0.0110991 0.0569335 0.11924 0.000795889 8.30359e-06 -0.00162282 -0.00234991 -0.00371382 -0.00755838 -0.000543079 0.000106776 0.000755743 -0.000623529 0.00202406 0.00380718 0.00300207 0.00537861 0.00354491 0.00905369 0.00029803 -0.00179174 0.0182286 -0.00647584 -0.0109992 0.00123685 0.00123465 -0.000623512 0.00054326 0.00199831 -0.00133128 0.00360636 0.0066965 0.00364737 0.0153279 -0.00436462 -0.00478578 -0.001727 0.00731719 0.0130286 0.000751355 0.00213215 -0.00052111 0.00859442 0.0041053 -0.00619167 -0.0119117 0.0048129
internal_weight=64135.9 62781 5506.91 1046.56 57274.1 10151.6 47122.5 44881.1 9254.26 35626.9 4686.22 1742.21 699.303 5465.35 537.208 491.12 30.8789 11.0347 26941 19854.2 10974.2 9924.67 7195.13 2944.01 8270.74 7647.97 7203.51 4462.74 8880 8685.9 7086.76 5699.78 3803.81 1895.97 2231.14 347.255 19.8442 3538.37 1354.91 2729.54 7847.08 4407.37 3960.65 3185.14 4460.35 3439.71 2241.39 1530.19 210.005 2018.4 1999.44 1408.02 1002.61 205.604 2205.54 1944.04 1439.17 1820.95 262.3 154.109 304.944 991.378
internal_count=515283 453079 62789 19847 390290 117364 272926 260956 53938 207018 63488 21473 16139 53876 6843 5855 447 208 153391 115622 62522 56785 39461 42015 47248 42535 39800 44585 53100 53627 37769 37542 23370 14172 13412 3708 239 21068 62204 17324 48033 27686 25279 19188 42942 20347 11970 12841 2370 22890 22698 8393 9291 2315 13294 12002 8896 9702 2071 698 4226 5227
cat_boundaries=0 1 2 3 4 5 6 7
cat_threshold=151808 66736 10353 131136 151552 75936 1152
is_linear=0
shrinkage=0.035


Tree=120
num_leaves=63
num_cat=5
split_feature=40 30 14 2 15 42 29 3 18 8 43 32 7 26 3 3 22 22 3 16 16 39 19 13 26 26 48 48 1 21 39 16 3 22 16 22 26 8 51 1 37 29 32 48 46 22 50 26 22 37 8 6 22 3 39 16 27 22 43 22 18 27
split_gain=130.803 103.571 70.4274 67.5323 49.5033 44.4282 41.6455 41.2304 40.1194 37.6357 37.6004 47.8059 36.7071 42.4361 37.1151 34.148 50.6833 29.2834 29.2864 27.7603 27.7012 24.939 24.7364 24.7024 24.4253 23.9588 23.9355 44.5027 30.2213 23.6976 23.3004 22.9901 22.6344 21.3802 21.275 20.9161 20.8421 20.1702 20.0258 24.2885 20.9884 20.2156 41.6278 24.7071 19.5015 22.037 19.4118 18.8438 21.2292 18.3553 18.3075 18.2371 18.0763 17.7204 17.3282 17.6795 18.9462 37.935 17.1598 17.1047 21.8399 17.9465
threshold=1.0000000180025095e-35 6.205000000000001 15.500000000000002 1148.1900000000003 0.62774809316782221 1.5000000000000002 358.00000000000006 18.500000000000004 13126.262500000003 20.500000000000004 7.5000000000000009 17.285000000000004 0.76388888888888895 223.50000000000003 267.50000000000006 65.500000000000014 18.500000000000004 5.5000000000000009 11.500000000000002 0 1 164.58000000000004 1549.7175000000002 0.83666666666666678 131.50000000000003 30.000000000000004 10.500000000000002 7.5000000000000009 10884.500000000002 82.160000000000011 5.2350000000000012 2 15.500000000000002 78.500000000000014 3 29.500000000000004 284.50000000000006 15.500000000000002 59.458943414703064 1206.3800000000003 13395.420000000002 272.50000000000006 12075.480000000001 6.5000000000000009 1232.8200000000004 15.500000000000002 57.482915519754719 51.000000000000007 6.5000000000000009 1.0000000180025095e-35 12.500000000000002 225.52000000000004 38.500000000000007 27.500000000000004 17.320000000000004 4 1771.2950000000003 46.500000000000007 1.5000000000000002 51.500000000000007 6615.9650000000011 414.51500000000004
decision_type=10 10 2 10 8 2 2 2 8 2 2 10 10 2 2 2 2 2 2 9 9 10 10 10 2 2 2 2 8 10 10 9 2 2 9 2 2 2 10 10 10 2 8 2 10 2 10 2 2 8 2 10 2 2 8 9 10 2 2 2 10 10
left_child=7 50 5 4 10 -3 8 58 9 12 11 33 13 21 26 31 24 18 -5 -7 47 25 23 -12 -17 -6 27 51 29 53 -10 -13 -30 34 44 -8 -15 -24 39 -19 41 43 -43 -40 45 -4 -18 -11 -49 -28 -2 -14 -16 -29 55 56 57 -38 -1 60 61 -41
right_child=1 2 3 17 6 19 35 -9 30 20 22 15 14 36 52 16 46 38 -20 -21 -22 -23 37 -25 -26 -27 49 28 32 -31 -32 -33 -34 -35 -36 -37 54 -39 40 59 -42 42 -44 -45 -46 -47 -48 48 -50 -51 -52 -53 -54 -55 -56 -57 -58 -59 -60 -61 -62 -63
leaf_value=-0.016484352771702709 -0.010417968272791222 -0.016702065674831963 -0.002550954546265272 0.0041881574638265731 -0.013439540792726615 0.0088389682963733642 -0.012210172376383183 -0.03283610470940751 -0.031869580157692382 0.0030728422413303625 0.0025880407892567912 0.0057020538631866015 0.00066534620787966317 -0.015293247893131072 -0.0063580042054583921 -0.0067747438072732011 -0.0012044770141588085 0.0043990139873333707 -0.0094578108555524645 -0.0054815907665402164 0.00064400144339604704 -0.013697740242460038 0.012970499120111882 0.0097652610005197898 -0.020551883502881736 0.0014324425136994941 -0.019928661790700967 -0.00054556236582166168 -0.029460765515237557 0.0035761281921409017 -0.0078721035311943958 -0.0012245937430123126 0.011015690572509134 0.0057783159625114829 0.0050291318482519288 -0.0022799626644467493 0.012069840766382152 -0.0072462996881500546 0.011093265404598606 0.014163973155319406 -0.0040185786837373793 -0.0070971191410117845 0.0074752075192867232 0.0048843238201001062 0.0058774484233460557 0.0013572785666114042 -0.010819530240425441 -0.031680753227250974 -0.0083054569645818806 0.0029151646343305495 -0.024401059597809874 -0.0084526976283070387 0.0072640332203523592 -0.0060616072642999726 -0.011669842304330659 -0.0094420561593091864 -0.0013111546820835664 0.092675507836053911 0.0039021648883511089 0.006181470311360039 -0.027080554423681649 -0.0033130664005402662
leaf_weight=163.65858436003327 535.96161885932088 408.10171138402075 2453.363399669528 352.6344137378037 142.5414566276595 182.43181100860238 582.30148475803435 170.80044488515705 55.239025295712054 173.02538633532822 1105.3444366529584 920.50131380651146 13521.486510979943 439.3007742613554 131.49743625428528 357.03087498154491 2813.7592191770673 2105.2794156074524 422.51909214071929 1217.5209988951683 734.50368556659669 168.62650993466377 74.492754973471165 1255.0921214185655 283.44275187607855 1755.6606041556224 42.649770450778306 911.49142515193671 17.239653721451759 450.58641311526299 431.00831302441657 1581.8630648152903 241.75621329247952 1542.4183910218999 1661.0676724566147 469.56061389483511 65.438029265962541 303.10329071991146 1294.909458162263 75.751162929460406 271.41577627696097 399.61714941076934 598.55900268629193 1999.7308357432485 828.71019704267383 6313.2106384104118 282.14161479286849 48.667893436737359 1235.32884296868 3431.2215007832274 146.35130225773901 273.16403891146183 1219.5805536285043 3285.8164413785562 276.67154069244862 127.68959800992161 123.67507353145629 7.1002412177622309 72.525903173722327 298.95077271200716 43.91579926200211 1159.7819950776175
leaf_count=9653 23330 11798 16222 1804 3603 953 5298 14466 628 1422 5220 8015 82592 8708 1207 4118 27407 11589 2879 7269 4294 2343 406 6951 4624 22357 443 6210 75 2284 3532 13551 1110 9359 10291 3538 1404 1594 8734 392 1612 2310 3883 13850 4291 37658 1663 942 9753 22804 8098 1330 7949 23870 6421 3136 2841 168 2423 2008 281 6319
internal_value=-2.22572e-05 0.000104361 0.000251426 0.000452725 -3.11164e-05 -0.00655445 -0.000944417 -0.0197768 -0.000698727 -0.000530357 0.00124233 0.000690645 -0.000167491 -0.00374254 0.000304738 -0.00182128 -0.00393998 0.00324822 -0.00325256 -0.0035865 -0.00493811 -0.000839681 0.00507657 0.00640683 -0.0128944 0.000309174 -3.85179e-05 -0.000534141 -0.00339647 -0.00404532 -0.0106581 0.00134254 0.00821849 0.00191512 0.0013853 -0.00778361 -0.00950585 -0.00323417 0.0038595 0.00193903 0.0054087 0.00600554 0.00163995 0.00732728 0.000748026 0.000263377 -0.00208395 -0.00770223 -0.00921543 0.00262905 -0.0134486 0.00048419 0.00593451 -0.00486415 -0.00525417 0.000245018 0.00670383 0.0211127 -0.0102341 -0.00134282 -0.00310437 -0.00223095
internal_weight=64058.8 63651.8 62969.5 61161.4 52138.4 1808.05 30362.8 406.985 29311 28824.7 21775.5 19037.5 26633.2 3106.7 23526.5 6238.74 3736.37 9023.06 775.154 1399.95 2191.53 2066.83 2738.03 2360.44 640.474 1898.2 22175.4 18701.5 4906.89 4647.89 486.247 2502.36 258.996 12798.8 11256.4 1051.86 1039.88 377.596 8247.91 3683.68 4564.23 4292.82 998.176 3294.64 9595.28 8766.57 3095.9 1457.02 1284 3473.87 682.313 13794.7 1351.08 4197.31 600.574 323.903 196.213 72.5383 236.184 1578.4 1279.45 1235.53
internal_count=515283 488741 457313 437293 381632 20020 230262 26542 221426 217266 151370 137199 200855 50981 149874 59378 37812 55661 4683 8222 16411 28303 14171 12171 8742 25960 140718 117471 33549 32364 4160 21566 1185 77821 68462 8836 22678 2000 50978 20589 30389 28777 6193 22584 58171 53880 29070 12117 10695 23247 31428 83922 9156 30080 13970 7549 4413 1572 12076 9000 6992 6711
cat_boundaries=0 1 2 3 4 5
cat_threshold=5184 20736 26948 219402 205155
is_linear=0
shrinkage=0.035


Tree=121
num_leaves=63
num_cat=6
split_feature=40 12 39 8 2 8 14 26 16 46 16 3 39 40 23 29 26 16 43 47 17 1 39 48 30 16 47 20 37 17 49 27 3 16 27 1 27 40 26 39 37 3 14 51 49 19 49 23 3 42 43 17 14 15 16 1 37 46 21 1 46 49
split_gain=124.3 98.5295 69.0099 49.5933 49.2299 50.6906 45.4687 80.9645 44.8216 44.7214 42.5735 40.8742 37.574 39.7805 37.7041 68.6267 43.8655 35.7786 35.5429 35.4742 31.7764 30.8914 45.0603 30.1126 30.0171 30.0033 46.975 29.9195 30.527 29.1724 27.8317 27.2415 24.6134 32.3408 35.9373 29.7505 28.5362 28.1318 23.9694 24.4831 23.8717 24.5864 23.5382 23.3588 23.165 22.8552 25.1519 22.6366 22.6217 22.3209 22.1917 22.078 21.479 20.8667 20.8062 20.7366 20.2471 20.2091 20.1233 20.2815 19.8719 19.8007
threshold=1.0000000180025095e-35 17.288333333333338 20.710000000000004 12.500000000000002 2524.1400000000003 20.500000000000004 18.000000000000004 314.50000000000006 0 1232.8200000000004 1 18.500000000000004 340.01000000000005 18646.260000000006 1.0000000180025095e-35 145.50000000000003 21.500000000000004 2 8.5000000000000018 1479.7300000000002 3865.0500000000006 81.960000000000022 56.015000000000008 3.5000000000000004 14.805000000000003 3 inf 1.35764501987816 63.140000000000008 8724.340000000002 12.500000000000002 1348.2000000000005 254.50000000000003 4 75.855000000000018 560.82000000000005 3658.4100000000003 223.99000000000004 70.500000000000014 10.265000000000002 411.92500000000007 9.5000000000000018 20.500000000000004 58.547506728978746 2.5000000000000004 1592.1981818181819 3.5000000000000004 0.93301270189221952 14.500000000000002 4.5000000000000009 8.5000000000000018 1204.8000000000002 18.000000000000004 0.16159307235179793 5 6.7350000000000012 1239.0700000000002 484.5200000000001 38.940000000000005 560.82000000000005 663.79500000000019 1.5000000000000002
decision_type=10 10 10 2 10 2 2 2 9 8 9 2 10 10 2 2 2 9 2 10 10 8 8 2 10 9 8 10 10 10 8 10 2 9 10 8 8 10 2 8 10 2 2 8 8 10 10 2 2 2 2 8 2 10 9 8 8 10 10 10 10 10
left_child=11 2 3 17 5 6 8 9 -3 12 23 -1 13 14 15 18 29 -2 25 32 -21 22 -9 42 -5 49 45 28 -17 -16 -19 -10 33 34 37 61 38 40 -35 -40 -18 -42 -7 50 -41 46 60 57 -28 -8 -25 -38 -32 -14 -29 -30 -6 -37 59 -49 -27 -36
right_child=1 4 -4 24 56 10 7 21 31 -11 -12 -13 53 -15 16 27 19 30 -20 20 -22 -23 -24 43 -26 26 48 54 55 -31 52 -33 -34 36 35 47 51 -39 39 44 41 -43 -44 -45 -46 -47 -48 58 -50 -51 -52 -53 -54 -55 -56 -57 -58 -59 -60 -61 -62 -63
leaf_value=-0.0099775687217937663 -0.0088766611108963174 0.0057987589379520244 -0.013562407990661194 -0.022482272124369193 -0.00060893480577130297 -0.0068840061986855721 -0.0072598234758603384 0.0042960603550281917 -0.010268364113175754 0.003491889368048345 0.0012928313355561904 -0.032735011601037728 -0.010998053020822999 -0.013331869142768116 -0.0064256581115789517 0.0012079949527440976 -0.0078260002003945148 -0.00090621903745887215 0.0090931509549971382 -0.0020446679326908816 -0.020300450889415813 0.0079407396507047145 -0.014026248937882934 -0.0061060885825849776 -0.0065450503932361868 -0.0066421405099611145 -0.01180496378965388 -0.0064807593099976482 -0.023269084222661676 0.0093376292665934332 -0.016536045846882879 -0.002858701173989257 0.0063025612759033262 0.00072910889293640333 -0.0040345020076999992 -0.0008357928269965611 -0.050992947083037213 -0.025329272802339351 0.0022018540825875532 0.0024269094398526223 -0.0029341605803127066 0.061618576788043548 0.0051573032326938679 -0.011478278965070079 0.0098455154444613297 -0.010662767926495774 0.0010138408734872563 0.025406092871335644 0.0091678328810737685 0.012188774256934555 0.0076162161506099502 -0.0070488613336267833 0.0094892652172020794 -0.0015103918866489748 -0.00064461698541093382 -0.0095296484634952716 0.0062249414440420344 0.0052363964821671603 -0.0057533870324329205 0.0085987950116704903 0.0067995444460498744 0.00050060970731340419
leaf_weight=233.88875479996204 462.79650586470962 582.07357195671648 903.48965350259095 177.5143959634006 677.45377636794001 332.57827380858362 911.73613471724093 889.8435865547508 806.71542197652161 5196.4617511089891 1747.5646707983688 165.42929974803701 565.0259383013472 262.32009953260422 1283.4976104097441 292.88613951951265 219.85391504503787 1456.2555506853387 565.43122670054436 476.19542274717242 153.87592859845608 2582.8109352197498 200.64730508252978 1254.65968527738 774.98638610448688 944.49552731215954 66.614873114973307 1152.9836837090552 156.68771252967417 161.06218421831727 40.617517390288413 2461.4636660842225 1442.6938593089581 1910.3628197899088 1405.3270066231489 1351.55589553155 14.953212303109465 107.15988314524293 1683.6167017323896 730.71776691824198 16.024072920903567 12.038839576765893 491.44351850729436 1020.9697044976056 1757.151530242525 247.13220466300845 6138.6275922553614 106.72306910902262 952.77682328224182 77.608456179499626 162.26268646121025 119.13048288971186 603.63389495294541 570.60840393137187 2120.4087735638022 950.26734207198024 2454.2951840022579 1332.761001017876 93.80246077477932 492.71775952540338 156.28898551687598 7305.9375727400184
leaf_count=12076 11589 3916 30476 8081 4206 2819 7232 8911 6969 29140 10049 14466 5586 1692 9626 2591 1547 17442 3061 2529 874 14869 2794 10161 16018 5806 331 6138 2898 1122 1707 17725 9413 11737 7167 6653 100 1501 10608 3557 81 124 3675 6624 11729 1335 43083 608 4945 337 824 840 15032 4242 11040 10390 16691 6958 536 2481 772 47753
internal_value=-2.18157e-05 0.000100576 -0.00494002 -0.00272101 0.000477124 0.000238422 0.000568261 0.000866741 -0.00308842 0.000445371 -0.00312092 -0.0194637 3.20435e-05 0.000223706 0.000320401 -0.00105195 0.00123216 -0.000186008 0.000576101 0.00164311 -0.0065282 0.00585584 0.000915044 -0.00547245 -0.00953568 6.80184e-05 0.000741356 -0.00455624 -0.00883718 -0.00466288 0.00176592 -0.00467598 0.00189953 0.00155879 0.000526698 0.000849847 0.00361788 -0.0104318 0.00397652 0.00546317 -0.00391665 0.0259259 0.000294932 -0.00744362 0.00766843 -0.000217934 0.000140045 0.00363777 0.00778708 -0.00566621 -0.00453038 -0.0122908 0.00782539 -0.00623643 -0.00272339 -0.0114937 0.00474693 0.00217987 0.00927163 0.0116285 -0.00472926 -0.000231387
internal_weight=63988.9 63589.6 4419.29 3515.8 59170.3 56038.6 51029.1 47178.8 3850.25 43505.5 5009.48 399.318 38309.1 37173.4 36911.1 14733.9 22177.2 2563.3 10060.7 20732.6 630.071 3673.3 1090.49 3261.91 952.501 9495.28 8505.94 4673.23 1399.84 1444.56 2100.51 3268.18 20102.5 18659.8 12443.9 12088.8 6215.93 355.077 6081.85 4171.49 247.917 28.0629 824.022 2437.89 2487.87 7486.54 7239.41 3377.56 1019.39 989.345 1416.92 134.084 644.251 1135.63 3273.39 1106.96 3131.75 2684.32 693.243 599.441 1100.78 8711.26
internal_count=515283 488741 100345 69869 388396 367499 333347 304737 28610 278163 34152 26542 249023 239195 237503 99959 137544 45770 66902 126796 3403 26574 11705 24103 24099 63841 56272 33057 15879 10748 34181 24694 123393 113980 75409 72156 38571 3253 37631 25894 1752 205 6494 17609 15286 50996 49661 17236 5276 7569 10985 940 16739 9828 17178 13288 20897 13611 3625 3089 6578 54920
cat_boundaries=0 1 2 3 4 5 6
cat_threshold=5344 20736 151560 75776 87318 22528
is_linear=0
shrinkage=0.035


Tree=122
num_leaves=63
num_cat=6
split_feature=7 17 16 14 2 19 15 42 18 26 43 22 3 22 49 46 39 8 16 41 26 33 23 1 22 39 16 41 26 22 3 26 22 37 22 24 26 23 18 37 22 17 38 37 26 19 3 40 1 16 26 22 3 17 13 18 46 17 16 39 16 27
split_gain=119.04 82.2847 72.3671 60.1224 58.657 48.9086 39.889 39.2945 36.9279 35.8475 34.4454 33.0454 31.4793 29.3881 28.645 27.7584 35.9683 32.4436 31.4021 27.5147 30.2325 27.2995 31.7853 27.5531 26.7804 26.7436 25.556 25.4249 24.1906 22.9455 46.7625 37.9865 43.3043 35.368 29.8697 25.5344 22.8578 43.3078 29.2129 51.3167 50.419 45.2626 24.4636 24.3094 22.8271 22.5176 22.4822 27.7252 22.3379 22.3278 32.6729 35.4813 44.7544 29.3718 28.0149 22.98 22.9188 22.6903 22.2372 23.6674 22.0492 26.9769
threshold=0.47727272727272735 1.0000000180025095e-35 0 15.500000000000002 1148.1900000000003 3742.1025000000004 0.62774809316782221 1.5000000000000002 13126.262500000003 223.50000000000003 7.5000000000000009 2.5000000000000004 275.50000000000006 50.500000000000007 14.500000000000002 53.050000000000004 85.470000000000013 11.500000000000002 1 824.29499999999996 345.50000000000006 8.5000000000000018 0.25000000000000011 7369.5200000000004 95.500000000000014 5.2350000000000012 2 8169.4799999999996 21.500000000000004 54.500000000000007 65.500000000000014 70.500000000000014 35.500000000000007 877.78000000000009 18.500000000000004 3.5000000000000004 100.50000000000001 0.68301270189221941 2101.5972916666674 2429.4400000000005 51.500000000000007 2142.8250000000003 5.0200000000000005 2249.3700000000003 345.50000000000006 34.56666666666667 188.50000000000003 2584.9066666666672 1119.1500000000003 3 61.000000000000007 29.500000000000004 52.500000000000007 3830.4000000000001 0.30901856763925734 1124.0979166666668 1836.1600000000003 718.63000000000022 4 52.415000000000013 5 8771.5800000000017
decision_type=10 8 9 2 10 10 8 2 8 2 2 2 2 2 10 8 10 2 9 8 2 2 2 8 2 10 9 8 2 2 2 2 2 10 2 10 2 2 10 8 2 8 10 10 2 10 2 10 8 9 2 2 2 10 10 10 8 10 9 10 9 10
left_child=9 2 11 7 5 6 10 -3 12 27 14 -2 15 -14 29 16 17 24 -18 -6 36 22 23 -17 -8 -10 -9 -1 -24 30 34 -32 60 -34 58 -36 -21 42 -39 40 43 -41 -38 -40 -31 -16 -35 -48 -19 54 53 52 -52 56 57 -54 -51 -30 59 -5 61 -33
right_child=1 3 -4 4 19 -7 8 26 25 -11 -12 -13 13 -15 45 21 18 48 -20 20 -22 -23 28 -25 -26 -27 -28 -29 49 44 31 32 33 46 35 -37 37 38 39 41 -42 -43 -44 -45 -46 -47 47 -49 -50 50 51 -53 55 -55 -56 -57 -58 -59 -60 -61 -62 -63
leaf_value=-0.0089475796102982414 -0.031824942461256674 -0.016093095025262703 -0.003623939697955535 -0.0028940567160270015 -0.0022800482220695956 -0.01853033540480745 -4.7215583093651773e-05 0.0086597226178956165 -0.032173528816549307 -0.01564999279770771 0.0050346818023024476 -0.0079863096961307993 -0.0076198458993244362 0.0073009134694672429 0.0043426680835277204 -0.0037138292174752419 -0.018218935323342858 -0.0043140653366666622 -0.0035147261435591781 0.0065813089588405661 0.014746527387185378 0.0022803141063592806 -0.0037246078012540024 0.0077324418568301776 0.014547930099542094 -0.0070953973286483583 -0.0051066746788598931 0.0050438683578826766 0.022419626257164357 0.0031173746344113828 0.0031392114269656142 -0.0022540680744228617 -0.014244341821125403 0.002937633615598238 0.0055373308667918094 0.024551388581941062 0.00045680419762876356 0.0059340807207419926 -0.014457042770430754 -0.066575205168425897 -0.11622930381386515 -0.0034670229585237106 0.0053297331269361115 -0.075792552655106163 0.01770384228083078 -0.00490639413500634 0.004414481879160893 -0.013214616587611401 0.026353666353006601 0.00042065018701540675 -0.0021437899575666797 0.00049475023532045308 0.012071243227133927 0.013366124925032207 0.002724938944447735 -0.018370141096526831 0.013553792235729115 -0.00014949042562384477 0.0040283420566929471 0.0030349832956676421 -0.011824438661438593 -0.026241363868165203
leaf_weight=509.75066803954542 205.03195605333894 370.59323995746672 967.06164113990963 2074.9200245030224 995.60441994387656 170.6741908993572 3573.3209044728428 181.67777982726693 58.244629147462547 698.97035921551287 2697.2516929842532 110.16446661762893 190.61151165142655 1039.6769709801301 399.93684547860175 4603.5616156645119 303.03373903501779 3594.8949917517602 450.45338519196957 2084.4753990974277 301.41504821740091 4777.3030605353415 1484.8055694876239 271.96805534511805 159.94169318582863 441.72672207932919 1207.0884563028812 230.30922063346952 168.46417654212564 3780.3858279138803 1356.9342638449743 851.00334464665502 204.74486059322953 1587.6409336011857 1497.109225589782 90.959483441896737 2279.6793213719502 118.0857700034976 36.068957325071096 13.872201481834052 9.0800273213535529 220.39372259937227 2826.7954364828765 9.4092339128255826 135.22645512409508 1649.1303425123915 185.74534691683948 263.1109722815454 28.349982529878616 1555.8137990990654 902.18983915261924 2631.9442897755653 32.294770747423172 317.02834244817495 2010.160232257098 385.36004931479692 180.80650606192648 80.467449151910841 2095.4482380133122 1367.4120586318895 839.7588975103572 60.615042265504599
leaf_count=20736 12613 10400 17632 12941 5247 1018 32570 946 683 29784 13969 948 2105 7936 8259 28181 4411 42182 5798 12499 1917 28243 8984 1280 1126 3634 7186 5045 1502 22767 8748 5423 1106 9636 7491 1112 12990 650 220 82 56 1430 19652 51 804 20390 1105 1718 145 8041 4588 14231 241 1591 9534 2803 860 903 12428 7862 6358 492
internal_value=-2.14568e-05 0.000207819 -0.0085635 0.000391718 0.000580478 0.000119267 0.000182813 -0.00598283 -0.000654487 -0.0099705 0.00134115 -0.0228229 -0.000490268 0.00498489 0.000800651 -0.000735279 -0.0024547 -0.00170803 -0.00973276 0.00320128 0.00389233 -1.64795e-05 -0.000766846 -0.00307388 0.000581803 -0.0100753 -0.00327526 -0.00459246 0.00038707 0.00128843 0.000554663 -0.00191828 -0.00363747 -0.000414583 0.00241117 0.00664116 0.00345985 0.00227872 -0.00869672 -0.0146784 -0.0449338 -0.00747111 0.00315483 -0.0285048 0.00362551 -0.00309992 0.000982138 -0.00592576 -0.0040669 0.00112614 6.7597e-06 -0.00185418 -0.00653508 0.00358691 0.0040824 -0.0159931 0.00179501 0.0151527 0.00119715 -0.000537082 -0.00775922 -0.00383402
internal_weight=63926 62486.9 1282.26 61204.7 59445.3 50550.4 50379.8 1759.36 29242.4 1439.03 21137.3 315.196 28742.5 1230.29 18440.1 27512.2 8109.99 7356.51 753.487 8894.88 7899.28 19402.2 14624.9 4875.53 3733.26 499.971 1388.77 740.06 9749.34 16391 12475.4 5349.55 3992.62 2241.24 7125.85 1588.07 7597.86 5513.38 406.91 288.824 54.5582 234.266 5106.47 45.4782 3915.61 2049.07 2036.5 448.856 3623.24 8264.53 6005.44 3951.79 1319.84 2053.65 2259.09 417.655 1736.62 248.932 5537.78 3442.33 1751.38 911.618
internal_count=515283 459718 31193 428525 409993 355199 354181 18532 211572 55565 142609 13561 207255 10041 128640 197214 86232 76023 10209 54794 49547 110982 82739 29461 33696 4317 8132 25781 53278 99991 76420 34586 25838 13565 41834 8603 47630 35131 2489 1839 327 1512 32642 271 23571 28649 12459 2823 42327 44294 32355 21863 7632 10492 11939 3044 8901 2405 33231 20803 12273 5915
cat_boundaries=0 1 2 3 4 5 6
cat_threshold=151810 4576 5184 199337 219162 147456
is_linear=0
shrinkage=0.035


Tree=123
num_leaves=63
num_cat=2
split_feature=45 22 16 26 3 22 18 16 7 40 50 49 39 47 2 48 26 15 51 39 40 3 26 41 48 14 46 18 49 30 40 18 40 40 18 41 26 14 44 19 46 37 22 27 8 8 37 27 27 24 18 39 32 2 27 22 6 41 13 48 45 32
split_gain=115.592 75.3091 129.742 111.709 58.6759 79.5838 92.3149 56.7892 55.3481 57.0696 46.4712 46.1714 44.7327 53.2455 49.0786 41.0718 45.194 37.9898 37.9614 35.8905 38.9903 34.5647 38.6104 37.3384 33.5481 32.6164 32.554 32.2799 32.0005 32.3568 31.8557 31.2129 31.0507 29.7378 29.1251 34.0937 28.701 28.357 28.2264 27.9442 27.5202 31.679 26.628 40.0707 27.0814 26.1948 25.8137 25.6796 56.6491 25.3954 24.8583 24.7267 32.3535 24.5219 24.2849 24.0394 23.3161 23.3121 23.7333 23.6794 30.3093 28.6665
threshold=8.8333333333333339 7.5000000000000009 0 30.000000000000004 37.500000000000007 19.500000000000004 3109.5750000000003 1 0.91287878787878796 18646.260000000006 93.561002285997276 12.500000000000002 115.22500000000001 827.10000000000014 232.60000000000005 10.500000000000002 100.50000000000001 0.88753509640243589 488.62425415616252 143.73000000000002 274.08500000000009 137.50000000000003 112.00000000000001 893.2800000000002 2.5000000000000004 18.000000000000004 231.93000000000004 418.50133333333332 16.500000000000004 23082.605000000003 1209.5033333333338 1337.0275000000004 503.76666666666677 4351.7400000000016 3699.4315909090915 2747.3400000000006 345.50000000000006 20.500000000000004 38.45000000000001 1549.7175000000002 54.425000000000011 6259.5 48.500000000000007 6472.7700000000013 11.500000000000002 25.500000000000004 8360.9100000000017 12872.525000000001 6027.3000000000002 4.5000000000000009 2000.4329545454548 23.050000000000004 60.885000000000012 2638.7600000000007 11583.450000000003 12.500000000000002 225.52000000000004 10449.090000000002 0.89087301587301593 10.500000000000002 2.8660714285714293 18.735000000000003
decision_type=10 2 9 2 2 2 10 9 10 10 8 8 10 10 10 2 2 8 10 8 10 2 2 8 2 2 10 8 8 10 10 10 10 10 10 8 2 2 10 10 8 10 2 10 2 2 8 10 10 10 10 10 8 10 10 2 10 8 8 2 10 10
left_child=1 2 3 11 19 6 21 24 25 12 -5 32 13 15 -15 16 34 42 30 20 -3 23 -23 -6 -4 -7 27 -9 29 36 -8 49 -1 -32 -10 -36 40 -38 -2 -16 -18 -42 43 44 -14 -22 -11 48 -21 -27 -28 57 -53 -41 -17 -50 -48 59 -59 61 -61 -33
right_child=38 4 7 10 5 8 18 26 9 46 -12 -13 17 14 39 54 28 -19 -20 47 45 22 -24 -25 -26 31 50 -29 -30 -31 33 51 -34 -35 35 -37 37 -39 -40 53 41 -43 -44 -45 -46 -47 56 -49 55 -51 -52 52 -54 -55 -56 -57 -58 58 -60 60 -62 -63
leaf_value=0.054439487546668254 -0.006372203236185911 0.0086119743143525489 -0.012967706205617664 -0.026702207586342876 -0.0042146227893816966 -0.014485195944768473 -0.053585018686932544 -0.00043914698364970201 0.001112149235319328 -0.035554894784898053 -0.0093043778841867715 -0.021756464254750311 0.017885332219457647 -0.0089094888514085445 0.0020354188943860047 0.0061707945508958596 -0.0036087765734039421 0.00059084112621133971 0.0043866655384521827 0.0092299726846693259 0.0018185936683879035 -0.00047449214314116523 -0.022587432033484126 0.0015771805851820171 -0.0032692333118128094 0.0068845850881537538 0.0047578094468823644 -0.019913509077471893 -0.0051514566020662376 -0.039416117938820196 -0.006498004991737456 0.0058186429290557791 0.011329600530275256 -0.017396116913285051 -0.004062387794966699 0.0072142103918441634 -0.00013563469036061889 0.012300992149707004 -0.017013591071337972 -0.0056819749761446827 0.00014974749521232871 0.0066161165351011214 0.011582377520589731 -0.0058963716891603556 0.0050965625024555969 -0.0085043023610349017 -0.014441584055225165 0.027667294523877835 -0.044593881533433459 0.044034496835477062 -0.03755837381357597 -0.015400063452417706 -0.0032871666057537898 0.0043725837310220018 -0.033865167764969561 -0.0071817878599788609 0.00025111618386216639 -0.0022505403270574823 -0.017688549394571818 0.0018411205174371891 0.025553999158183106 -0.0050927776748411341
leaf_weight=23.575790479779243 835.58374530263245 1039.6125575061888 500.18629777943715 507.31820364063606 2127.5144383590668 267.25642874743789 22.478062024340034 3870.8667160309851 2829.9856951963156 42.079025579616427 300.94913499895483 44.793755286373198 242.44826208055019 1016.004503082484 2506.3015030063689 2743.3450961997733 1873.9982975255698 1624.5184240993112 172.04569062776864 1318.588749201037 5828.360074150376 197.66939116362482 188.49634286016226 3792.972839737311 3419.254528010264 134.49399831332266 2091.2207309594378 106.15385305415839 1314.0446271942928 23.614584684371948 574.51713319774717 594.70818413794041 128.14456913620234 661.61570675298572 369.22876673005521 2930.6802157200873 408.96366433985531 497.11068171821535 482.17308277171105 1465.3980792332441 5912.8281409107149 1099.8880753722042 1094.7242260826752 353.3682200089097 1226.5049434555694 316.54606634192169 272.78667258657515 78.453741461038589 27.293280517682433 26.219723488204181 16.156113639473915 345.57923716958612 1228.4580889157951 371.86129549518228 17.708151914179325 84.138075157999992 255.97866897284985 1024.9627140173689 137.53821906447411 155.99033525586128 113.71246959734708 583.21100310981274
leaf_count=209 38037 5991 5815 13209 16632 6764 124 35738 15037 254 2051 1413 1559 5860 12739 16004 13435 9786 988 8575 33021 1675 1836 26069 30571 970 11090 891 10813 167 4864 8884 878 6078 2180 15842 2686 2773 24167 7742 31818 5942 9049 2321 8207 1765 1643 489 146 646 80 6260 13058 2166 108 477 1197 10566 693 2178 2697 10360
internal_value=-2.12679e-05 0.000194949 -0.00243268 -0.0143514 0.000756276 0.000224272 -0.00298867 -0.00121869 0.000932475 0.00147297 -0.0202438 0.00913727 0.00168223 0.00110969 -0.00198846 0.00193909 0.00130488 0.004881 -0.0110122 0.00337789 0.00234673 -0.00116709 -0.0112988 -0.000504452 -0.00449844 -0.00264056 0.000898367 -0.000963828 -2.42755e-05 0.000662515 -0.0131189 -0.00190882 0.018341 -0.0123404 0.00371793 0.00595162 0.000763176 0.00669366 -0.0102759 -0.000367876 0.000157829 0.00116474 0.00726918 0.00467319 0.00721806 0.00128553 -0.00947994 0.00828427 0.00720229 0.0131802 0.00441573 -0.00249141 -0.00595464 -0.00364566 0.00590185 -0.0166604 -0.00734171 -0.000401419 -0.00409068 0.00256199 0.0118964 0.000416446
internal_weight=63862.2 62544.4 11008.6 1004.78 51535.8 42842.8 7737.31 10003.8 35105.5 30493.4 808.267 196.514 29922.5 25381 5359.57 20021.4 17260.3 4541.56 1430.66 8692.99 7184.52 6306.65 386.166 5920.49 3919.44 4612.13 6084.4 3977.02 11130.4 9816.4 1258.61 4344.87 151.72 1236.13 6129.89 3299.91 9792.79 906.074 1317.76 4343.56 8886.71 7012.72 2917.05 1822.32 1468.95 6144.91 570.844 1508.47 1430.02 160.714 2107.38 4184.16 1574.04 1837.26 2761.05 111.431 528.765 2610.12 1162.5 1447.62 269.703 1177.92
internal_count=515283 453079 101945 17760 351134 300670 58266 84185 242404 179328 15260 2500 176234 145312 28507 116805 100693 30922 12054 50464 40777 46212 3511 42701 36386 63076 47799 36629 67634 56821 11066 56312 1087 10942 33059 18022 56654 5459 62204 22647 51195 37760 21136 12087 9766 34786 3094 9687 9198 1616 11170 54696 19318 9908 16112 623 2840 35378 11259 24119 4875 19244
cat_boundaries=0 1 2
cat_threshold=16640 145410
is_linear=0
shrinkage=0.035


Tree=124
num_leaves=63
num_cat=0
split_feature=40 30 32 43 39 48 41 2 26 43 3 22 31 37 26 1 3 22 3 22 7 49 26 41 18 35 35 17 40 41 41 3 26 22 18 17 15 3 22 26 22 35 40 20 39 47 35 37 22 18 4 37 10 37 14 41 3 17 5 22 41 50
split_gain=111.111 89.3373 59.0873 80.9601 49.4573 45.1811 44.1166 41.5569 40.85 44.429 40.0957 38.4956 42.1727 37.1504 36.8245 33.9111 32.7421 32.6592 38.0451 71.9788 41.6233 33.9883 32.2256 42.7523 32.1103 29.9225 28.8693 27.9501 80.6639 31.3699 27.4741 27.3627 28.4704 29.4981 27.33 29.4839 26.9388 26.712 57.9701 45.9566 42.2709 28.1987 27.8294 31.4265 25.7798 25.6865 25.6807 30.4914 25.0146 33.4862 28.098 24.3379 25.828 24.1605 23.2634 24.9766 22.9078 34.6253 27.0287 26.3498 22.8252 23.5198
threshold=1.0000000180025095e-35 6.205000000000001 12075.480000000001 1.5000000000000002 187.65000000000003 2.5000000000000004 2872.0350000000003 3897.3600000000006 21.500000000000004 9.5000000000000018 18.500000000000004 30.500000000000004 1.0000000180025095e-35 16545.330000000005 100.50000000000001 10884.500000000002 267.50000000000006 95.500000000000014 96.500000000000014 23.500000000000004 0.95833333333333337 3.5000000000000004 161.50000000000003 1576.9800000000002 9200.4750000000004 33.500000000000007 4.5000000000000009 4661.1900000000014 5544.2016666666668 30053.525000000005 38.555000000000007 50.500000000000007 131.50000000000003 1.0000000180025095e-35 4200.9225000000006 4989.0600000000004 0.63693358980656389 78.500000000000014 21.500000000000004 131.50000000000003 19.500000000000004 9.5000000000000018 2891.7133333333336 0.18000000000000005 28.845000000000002 10.255000000000001 14.500000000000002 14528.610000000001 59.500000000000007 4778.8258333333342 37.100000000000016 6537.6000000000013 35.115000000000009 inf 20.500000000000004 675.60000000000014 280.50000000000006 5798.4300000000012 1.0000000180025095e-35 51.500000000000007 38.555000000000007 0.37267799624996917
decision_type=10 10 8 2 8 2 10 10 2 2 2 2 2 10 2 10 2 2 2 2 10 8 2 8 10 2 2 10 8 10 10 2 2 2 10 10 10 2 2 2 2 2 10 10 8 10 2 10 2 10 10 10 10 8 2 10 2 10 10 2 10 8
left_child=10 -2 3 4 5 -3 7 15 30 13 -1 31 -13 26 -14 17 36 18 21 -20 -21 45 46 -24 56 44 -10 28 -16 -29 -5 -8 33 -33 -19 -36 -11 40 39 41 -28 -39 43 -42 -25 54 47 -23 49 -22 -50 -51 -53 -47 55 -4 60 58 59 -58 -7 -62
right_child=1 2 6 8 -6 24 11 -9 9 16 -12 12 14 -15 27 -17 -18 34 19 20 48 22 23 25 -26 -27 37 29 -30 -31 -32 32 -34 -35 35 -37 -38 38 -40 -41 42 -43 -44 -45 -46 53 -48 -49 50 51 -52 52 -54 -55 -56 -57 57 -59 -60 -61 61 -63
leaf_value=-0.0094198333375494492 -0.012694956922363014 -0.013546294054943711 -0.0022387145121698961 -0.017745233106856856 -0.017156594230948431 0.0039670718044890587 0.010745963748789448 0.0081155795788709923 0.011075869074986564 0.0068577719192853322 -0.032512090735552487 0.008511472747287625 0.0079158132239852824 -0.020098178099282559 -0.0061261609499756332 -0.051444947545120155 0.014171997936025034 -0.029896675296767358 -0.016167836728453851 -0.0081012536438733913 -0.00049395905802413604 0.007685582462511489 -0.0055618957644056576 0.00037825972325433699 -0.024924676018398616 -0.032482353609447283 -0.00030825286585360026 0.0042426393986709464 -0.093502750311540414 -0.024050798147445044 -0.0040372340555434334 0.058134773936488741 -0.0090502376475740751 0.00078432482130014755 0.021769822250349558 0.0049096603420618768 4.1769855019157254e-05 0.018037703113320199 -0.00083306066538210949 -0.017257832006708843 0.019212598575843502 -0.0056058694747480398 -0.0040221660066069101 0.0054848887681326038 0.0052870723202674353 -0.0050473454040548095 0.001620411923297326 0.051957259597740918 0.00043718967093937268 -0.018309686966527607 0.0087550367156839226 -0.030316867346639725 -0.00036399448805012069 0.0034369590008777192 0.0022250674696540659 0.0083190462428723057 -0.0021808559810036743 -0.0065819061467639493 -0.0091017550005295222 0.054452490646039978 -0.0012701866550785671 -0.009391190663453855
leaf_weight=229.11645731329918 661.24918277468532 545.94700223580003 3583.2333978228271 223.79858860187232 423.20746423304081 509.69074503518641 203.06787252239883 877.5857501886785 260.67333217710257 1142.9233347848058 154.42648125113919 2521.6365131791681 723.10034925676882 117.85437158122659 477.35099420137703 14.453375089913605 333.27783263474703 23.686099965125322 412.69036095403135 909.30278117768466 2192.1857841480523 1768.1434474634007 995.86011759005487 2991.9313016459346 74.67796675208956 29.077038116753101 7190.7128239516169 686.41892537102103 12.312634669244288 50.615378869697452 886.18597135320306 10.174882384017108 542.6696442887187 653.80139359273016 148.22485085017979 863.08470740541816 1873.9860271383077 66.380772776901722 8767.7884689467028 485.8759323656559 260.80498692300171 747.61721728742123 265.57709903083742 936.77872490137815 2331.3762739561498 2097.3225921727717 1245.9417278366163 18.299605000764132 2530.7005763147026 244.63350413367152 618.26161070913076 38.915467139333487 302.93762183375657 510.6034035012126 4733.4953314289451 296.2756017036736 13.165133882313965 63.171090259216726 17.10011600330472 40.714491706341505 1136.2803469691426 709.12888690456748
leaf_count=12076 31428 17314 18575 1812 11404 6857 1181 6111 2405 6716 14466 14338 4084 1050 2696 92 2063 130 2994 8431 12017 10891 6060 18855 2293 150 48704 4090 63 302 6324 63 3707 3552 833 4971 9751 505 62974 5614 2678 5125 1633 4702 15911 11055 6802 123 13241 1372 4369 285 1704 2579 24501 1466 430 1660 159 1040 38255 8251
internal_value=-2.09475e-05 9.27933e-05 0.000227743 -0.00100436 -0.00594424 -0.00441338 0.00116387 0.000616716 -0.000263358 6.08359e-05 -0.0187779 0.00393374 0.0055234 -0.000591309 0.0016566 0.000388735 0.00377791 0.000416451 0.00018947 -0.00199102 -0.00113304 0.000956837 0.00251154 0.00109338 -0.00246415 0.00233246 -0.000469145 -0.00203645 -0.00850934 0.00226965 -0.00681457 -0.00110881 -0.0031111 0.00174927 0.0065183 0.00739987 0.00262535 -0.000630477 -0.00185612 -0.00875079 0.000795446 -0.00365799 0.00621609 0.00848799 0.00252869 -0.000342994 0.0054791 0.0081679 -6.29266e-05 -0.00248287 0.00207256 -0.00990357 -0.00385221 -0.00338553 0.00057854 -0.00143049 -0.00178059 0.0122341 0.028839 0.0408269 -0.00258375 -0.00439421
internal_weight=63797.5 63413.9 62752.7 27093.3 3533.08 3109.88 35659.4 29778.2 23560.2 22450.3 383.543 5881.15 4471.43 19100.1 1949.8 28900.6 3350.19 28886.2 27851.2 7249.63 6836.94 20601.6 9380.63 6348.24 2563.93 5352.38 18982.2 1226.7 489.664 737.034 1109.98 1409.71 1206.65 663.976 1035 1011.31 3016.91 18721.5 10067.7 1299.87 8653.87 813.998 1463.16 1197.58 5323.31 11220.9 3032.38 1786.44 5927.63 2778.67 3148.96 586.487 341.853 2607.93 8613 3879.51 2489.25 134.151 70.9797 53.8796 2355.1 1845.41
internal_count=515283 488741 457313 249719 87663 76259 207594 173518 162056 153920 26542 34076 25573 135390 11235 167407 18530 167315 161381 44413 41419 116968 58792 40976 58945 34916 134340 7151 2759 4392 8136 8503 7322 3615 5934 5804 16467 131935 74218 11244 57717 5630 9013 7380 34766 58176 17816 11014 32988 15378 17610 3361 1989 13634 44542 20041 56652 3289 1629 1470 53363 46506
is_linear=0
shrinkage=0.035


Tree=125
num_leaves=63
num_cat=7
split_feature=40 30 14 46 39 24 16 38 35 23 26 23 49 16 29 16 22 24 26 47 18 22 18 22 37 37 39 22 18 17 17 13 11 1 12 49 49 16 49 18 4 19 22 14 49 16 49 40 27 27 13 37 22 35 37 47 29 16 19 16 29 36
split_gain=105.473 84.1759 57.5573 57.256 48.5949 39.5877 38.7585 35.9032 33.9635 35.1407 38.8178 42.3139 40.7423 38.9832 37.947 52.2198 56.5116 49.1767 54.5453 38.2596 33.9334 50.6602 31.7272 30.65 106.616 29.3173 31.2446 30.8902 29.3564 28.5308 29.0497 42.0978 28.0766 27.8524 30.3432 27.9559 26.9813 26.749 26.0301 25.2938 25.2152 24.6769 28.1399 24.5692 24.5321 24.8891 24.4578 23.7474 23.3997 23.2616 23.133 36.178 22.3317 45.1211 22.2838 21.5582 22.8096 24.0572 21.498 21.4427 21.4294 21.4038
threshold=1.0000000180025095e-35 6.205000000000001 15.500000000000002 534.98000000000013 259.22500000000008 4.5000000000000009 0 22.700000000000003 26.500000000000004 0.93301270189221952 284.50000000000006 1.0000000180025095e-35 13.500000000000002 1 272.50000000000006 2 33.500000000000007 3.5000000000000004 122.00000000000001 890.08000000000015 881.41636363636371 5.5000000000000009 11029.170208333335 78.500000000000014 4335.8400000000011 2.5750000000000006 18.735000000000003 65.500000000000014 6746.8050000000012 2630.3400000000006 12396.600000000004 0.32738095238095244 1006.2900000000001 29.900000000000006 1362.1616666666671 5.5000000000000009 2.5000000000000004 3 14.500000000000002 13126.262500000003 1456.1250000000002 596.59909090909105 18.500000000000004 20.500000000000004 22.500000000000004 4 9.5000000000000018 6618.166666666667 9821.5200000000023 29.730000000000004 0.078461538461538485 1877.6100000000004 27.500000000000004 6.5000000000000009 1044.6500000000003 18.090000000000007 145.50000000000003 5 1326.1875000000002 6 358.00000000000006 1.0600000000000003
decision_type=10 10 2 8 10 8 9 10 2 2 2 2 10 9 2 9 2 10 2 10 10 2 10 2 10 8 8 2 10 10 10 10 10 8 10 10 8 9 10 10 8 10 2 2 8 9 10 10 10 10 10 10 2 2 8 10 2 9 10 9 2 10
left_child=6 -2 5 4 8 37 -1 -6 9 10 11 12 33 46 15 16 20 18 61 -20 -13 -22 44 41 -25 -5 39 28 32 50 -31 -32 60 -4 35 55 -17 -3 -33 59 52 42 43 -16 -15 -46 -12 -23 -34 -11 51 -19 53 -30 58 56 57 -35 -38 -27 -28 -18
right_child=1 2 3 25 7 -7 -8 -9 -10 49 13 14 -14 22 23 36 17 29 19 -21 21 47 -24 24 -26 26 27 -29 40 30 31 38 48 34 -36 -37 54 -39 -40 -41 -42 -43 -44 -45 45 -47 -48 -49 -50 -51 -52 -53 -54 -55 -56 -57 -58 -59 -60 -61 -62 -63
leaf_value=-0.029282990628049815 -0.012396001349136859 0.007421255430812357 -0.0056866526084655075 -0.011034851496296034 -0.011078349450022777 -0.021211035689369252 -0.0059498614962993548 0.0017446466251459329 -0.012335288830240028 -0.0074314053277777566 -0.0087222585147517344 0.00083506760415786522 -0.0075347147994679255 0.0034353865881208683 -0.010433234276256455 7.8301407405997496e-05 0.0030650777565095835 0.1372903642486642 -0.001727228118790071 -0.02257194660729173 -0.033929258912057225 -0.0050269205664951935 -0.017174486125057866 -0.065404422592640898 -0.004375073998045916 0.0098950629934185363 0.0026326758333021579 0.0074250847681521263 0.0081771553424818937 0.0051607369321459611 0.013750051251941339 0.027685192933063148 0.0086052884279340294 0.0103305551983275 -0.01921638750792146 0.0021186028815547149 0.0033752877826886359 -0.005905700115789083 0.15845074949706717 -0.025514184128453816 0.016984441875078856 -0.0062231478212958482 0.0019984305035238986 -0.001540820803865551 0.019447878542151697 -0.014386058920308586 0.0013717029120709377 -0.021836144053150309 -0.022265806287122231 0.0033235597675487501 0.022759186768580287 -0.024506121561194555 0.00060110925271410058 -0.014367764058143034 0.011304884936158411 -0.0049044153377453817 -0.0034981947728532558 -0.0032154351271632361 0.039591941021095901 -0.00049198443813775795 -0.0046832711507676017 0.01241178794483405
leaf_weight=186.16805102303624 653.65517198480666 204.12690786644816 1778.8265440948308 211.24248282238841 869.51590854488313 186.10744452942163 190.52674500830472 385.76645100489259 277.03920974116772 259.52855918742716 646.1243467386812 769.60968364868313 1873.8712080372497 6301.3291922667995 453.92497505061328 848.37584657967091 952.5747567974031 4.2526589985936871 2216.780062476173 112.39948888868093 87.895623961463571 1130.3808625396341 95.237595712766051 40.030683398246765 242.43398108705878 244.51288931071758 10179.47173460573 1625.0991954803467 143.56714906077832 418.07587839663029 21.775653008371595 3.7860163561999789 1209.8142665494233 423.6135851982981 106.02324557490647 2877.8756800349802 1080.2470999807119 1392.8856520485133 4.0066126771271229 47.029354420490563 74.467898540198803 1113.6975066307932 2747.1686764191836 2333.4352976679802 22.902139729820192 155.75716259237379 538.52671401854604 112.44905285350978 29.911486160010099 4548.8079314548522 109.32285224087536 2.1049547605216503 651.0353717841208 440.39972207415849 984.53057653550059 1997.9428996760398 741.37977659143507 251.94032865390182 19.470777159556746 5151.0711691956967 514.39255970343947 437.86161453276873
leaf_count=16627 31428 1160 17783 1338 11343 9129 9915 2388 2500 2202 5219 5101 25162 53195 4811 4194 4831 147 12249 606 1836 8165 1091 297 1871 1261 57550 11384 763 6636 354 48 9136 2258 571 18680 9701 9731 66 337 514 6589 22150 20399 403 2747 6934 1429 164 28654 1480 86 3719 2875 6684 11514 4062 1480 137 25488 2583 2128
internal_value=-2.0594e-05 8.93357e-05 0.000219685 0.000401146 -0.000363615 -0.0059767 -0.0184613 -0.00713941 -0.000146146 -5.89466e-05 -0.000454405 -0.00109626 -0.00288104 0.0017207 8.05596e-06 0.00146698 -0.000312796 0.00199284 0.000532057 -0.00274239 -0.00501457 -0.00839573 0.00277222 -0.00195289 -0.0132243 0.00190656 0.00204169 0.0028722 0.00231298 0.0116203 0.0075822 0.0405312 0.00285886 -0.00181388 -0.000736543 -0.000422182 0.00532263 -0.00418921 0.105293 -0.000227197 -0.00266016 -0.00147208 -0.000515084 -0.00299218 0.00307226 -0.00968307 -0.00410179 -0.00656412 0.0078431 0.00274164 0.0270474 0.087671 -0.00385746 -0.00882063 0.00748175 -0.00256341 0.00073864 0.00538661 0.0040519 -2.1018e-06 0.00228036 0.00601525
internal_weight=63734.1 63357.4 62703.7 60920.6 40398.6 1783.12 376.695 1255.28 39143.3 38866.3 34057.9 26298.1 10051.5 7759.88 16246.6 9315.9 6383.28 4282.94 3719.62 2329.18 2100.34 1330.73 6575.23 6930.69 282.465 20522 20310.8 14868.2 13243.1 563.325 447.644 29.5683 11933.6 8177.6 6398.78 6292.75 2932.62 1597.01 7.79263 5442.61 1309.47 6648.23 5534.53 2787.36 6479.99 178.659 1184.65 1242.83 1239.73 4808.34 115.68 6.35761 1235 583.967 2084.25 3414.88 1416.93 675.554 1099.72 5395.58 10693.9 1390.44
internal_count=515283 488741 457313 437293 320181 20020 26542 13731 306450 303950 273094 203505 81510 69589 121995 65878 45162 28631 19814 12855 16531 11430 57436 56117 2168 117112 115774 88688 77304 8817 7104 468 69433 56348 38565 37994 20716 10891 114 27086 7871 53949 47360 25210 56345 3150 12153 9594 9300 30856 1713 233 7357 3638 16522 19314 7800 3738 9838 26749 60133 6959
cat_boundaries=0 1 2 3 4 5 6 7
cat_threshold=153984 75910 20871 5184 131105 457 641
is_linear=0
shrinkage=0.035


Tree=126
num_leaves=63
num_cat=5
split_feature=45 22 16 29 16 22 3 27 1 39 0 39 18 47 27 8 39 28 18 29 29 32 41 46 26 18 10 46 49 47 41 14 49 8 22 16 37 18 43 16 24 48 49 48 26 42 3 18 15 14 27 21 26 29 11 16 19 38 3 15 46 39
split_gain=101.338 67.2781 108.949 67.525 48.683 51.7592 75.781 54.6962 49.4505 41.0329 39.1073 36.9744 44.8752 45.6306 39.1914 34.829 34.6381 33.3002 32.2011 31.3348 31.5244 31.1341 31.0192 30.9849 29.3893 29.0465 28.6245 27.8626 27.3408 26.2557 26.2028 24.9746 24.7186 24.2278 24.2099 23.9475 23.2694 32.5894 22.9823 22.9747 24.4731 22.7966 22.209 22.3616 22.128 22.115 22.7653 22.0555 23.9225 21.6342 25.7347 21.3549 20.4818 31.8899 20.421 20.2597 24.274 20.2566 24.4897 19.7983 19.5159 33.9263
threshold=8.8333333333333339 3.5000000000000004 0 324.00000000000006 1 13.500000000000002 86.500000000000014 2515.7300000000005 61.445000000000007 145.95000000000002 245.84999999999999 115.22500000000001 13126.262500000003 715.33000000000004 8031.2400000000016 19.500000000000004 3.9650000000000003 79.280000000000015 593.22416666666675 333.50000000000006 232.00000000000003 8049.4600000000009 2453.4500000000003 171.76500000000004 131.50000000000003 5170.398000000001 485.48000000000008 2013.2700000000002 18.500000000000004 2.9250000000000007 2419.6500000000005 16.500000000000004 3.5000000000000004 7.5000000000000009 79.500000000000014 2 3541.6800000000003 220.96619047619049 10.500000000000002 3 4.5000000000000009 1.5000000000000002 13.500000000000002 11.500000000000002 100.50000000000001 1.5000000000000002 110.50000000000001 11029.170208333335 0.91402004588817776 21.500000000000004 4.4900000000000011 13.875000000000002 91.000000000000014 84.500000000000014 120.32500000000002 4 1114.3950000000002 273.67500000000007 25.500000000000004 1.3126582024552003 313.62500000000006 82.570000000000007
decision_type=10 2 9 2 9 2 2 10 8 8 10 8 10 10 10 2 8 8 10 2 2 8 10 10 2 10 10 10 10 8 10 2 10 2 2 9 10 8 2 9 10 2 10 2 2 2 2 10 8 2 10 8 2 2 8 9 10 10 2 8 8 10
left_child=1 2 3 10 16 6 7 9 15 19 -1 12 13 22 21 29 -3 -5 60 20 38 41 -10 -15 -8 -16 -14 -11 -2 59 -12 -4 -25 -34 57 -33 37 -37 -6 -22 51 -13 43 -24 -44 46 54 48 -43 -19 -51 -41 -39 -54 -23 -35 -57 58 -27 -7 61 -18
right_child=28 4 31 17 5 8 24 -9 11 27 30 14 26 23 25 -17 18 49 -20 -21 39 45 42 32 -26 34 -28 -29 -30 -31 -32 35 33 55 -36 36 -38 52 -40 40 -42 47 44 -45 -46 -47 -48 -49 -50 50 -52 -53 53 -55 -56 56 -58 -59 -60 -61 -62 -63
leaf_value=-0.029588932847765148 -0.0070387040845565144 -0.0018756816738490737 -0.015061283166773054 -0.020030149152364198 -0.0026044349105523766 -0.0022396340239809933 -0.0044220386846126562 -0.009535583659052849 0.00086788625552234602 0.0029145195266144213 -0.0086985637150528722 0.013055348662486874 -0.018661319206541589 -0.0079079541029618023 -0.019254434046967514 -0.0083860023953018815 0.0062576949627488583 -0.0040846465695507008 -0.012752120133954161 -0.0077503264128484248 0.0070968632583343879 0.019216596854461206 0.0045900163059644462 -0.0073075885452879349 -0.016526335005002928 0.030273614069824987 0.0020345381610887398 0.015413484605849853 -0.01942065866289381 4.478066318299403e-05 -0.028345139752010744 0.0024637919784265333 0.019489130689410161 0.0042968582413458562 0.008340532699588208 -0.0014413323772750793 0.034537832002335234 -0.0053352550560839254 0.024192901564291915 -0.0049120057315015361 0.014989285070801025 0.0038854650414975119 0.0070640174062175888 0.015605898930127189 -0.0014302622140529941 0.0090425952055693745 -0.0061666321247953442 -0.021884003311748758 -0.005510073211983376 0.042006197642979734 0.0059946784460901299 0.0032531102589830043 0.004690504237720907 -0.030187772878028506 0.0035425253374526829 0.0017316348592994154 -0.0032000394494375011 0.005288991548238667 -0.0063975787713716186 -0.011093571549252402 0.011900847313439376 -0.017121192344496876
leaf_weight=278.04795855050907 1012.3220344320871 791.1247288370505 151.97387281991541 60.981379193719476 3905.2542838603258 952.02075409237295 445.57338625192642 831.3548440001905 11144.182259887457 1026.1361246192828 376.65350757353008 184.05783077981323 232.30828999262303 766.82040311582386 100.1990328496322 781.00572099257261 1734.38954017777 78.40766722895205 101.94576161727309 787.37944260798395 902.94522708654404 118.2205430790782 4645.6700634341687 591.63220833986998 549.52662908565253 21.99872937053442 125.84274115972221 276.82808772101998 278.50168597558513 8280.192476448603 106.36956550739706 1755.5400541098788 77.576749943196774 1058.7745403666049 336.67900852486491 2116.3127073487267 19.229225598275661 219.4264954328537 38.610678553581238 815.80220928229392 125.89401904866099 1026.4427017820999 502.86521886661649 236.5010606572032 1475.9236153149977 2383.5656153559685 253.22306167148054 53.14074325747788 489.44734586030245 39.494444450363517 61.830479638651013 754.19613190740347 42.445960471406579 127.86047712992877 703.3215182647109 2194.0977938957512 2758.8961365930736 303.59767254814506 766.52406432386488 457.82317379768938 766.47120070084929 78.576126280240715
leaf_count=9719 42861 5557 2479 1718 27390 18600 4052 5617 60711 6626 4728 1265 1534 4393 662 11187 10736 615 591 5284 6442 908 24804 2940 6582 103 669 1686 19343 70981 2320 12184 420 5276 2475 23090 192 2502 222 4141 2022 6662 2938 1223 10479 16973 1804 445 3206 360 387 3533 595 1900 3841 11198 14708 1865 4766 7867 4261 645
internal_value=-2.02066e-05 0.000180699 -0.0035397 -0.0138957 0.000535753 0.000274465 -0.00193363 -0.000967077 0.000811386 -0.000140929 -0.0191389 0.00148438 0.000881502 0.00105481 0.00379249 -0.00128069 0.00454488 0.00211745 0.00645616 -0.00115845 -0.00036409 0.00523786 0.00200789 -0.00124922 -0.0111163 -0.00113408 -0.011404 0.00557984 -0.00972314 -0.000707207 -0.0130747 -0.00116273 -0.000483887 0.000180186 0.000149249 -0.00066863 -0.00284486 -0.00315671 -0.00233602 0.00262816 0.000203088 0.00143714 0.00385919 0.00512673 0.000730848 0.00716354 0.00299172 6.67985e-05 0.000850221 0.00970115 0.0203046 -0.000990072 -0.0124439 -0.0215183 0.00581866 -7.21796e-05 -0.00101343 -0.00238128 -0.00533745 -0.00512063 0.00721996 0.00523555
internal_weight=63680 62389.1 5434.57 1001.79 56954.6 53482.1 10459.5 9464.4 43022.6 8633.05 761.071 32551.5 25811.1 25452.9 6740.42 10471 3472.51 240.714 2681.38 7330.08 6542.7 5211.42 18005.1 7447.8 995.1 1529 358.151 1302.96 1290.82 9690.04 483.023 4432.79 6680.98 6089.35 1428.8 4280.81 2525.27 2506.05 3943.86 2598.84 1695.89 1753.09 6860.96 4882.17 1978.79 3458.33 1074.77 1569.03 1515.89 179.733 101.325 1570 389.733 170.306 821.542 6011.77 4952.99 1092.12 788.523 1409.84 2579.44 1812.97
internal_count=515283 453079 62789 19847 390290 368500 73597 62963 294903 57346 16767 186268 141293 139090 44975 108635 21790 3080 16233 49034 43750 35104 100155 38935 10634 9871 2203 8312 62204 97448 7048 42942 34542 31602 9209 40463 28279 28087 27612 16138 9696 11578 39444 26027 13417 23526 6553 10313 9868 1362 747 7674 4997 2495 4749 31182 25906 6734 4869 26467 15642 11381
cat_boundaries=0 1 2 3 4 5
cat_threshold=151808 66800 1565 18432 135168
is_linear=0
shrinkage=0.035


Tree=127
num_leaves=63
num_cat=4
split_feature=40 30 14 46 39 3 50 32 38 15 32 39 41 0 37 39 22 18 11 28 16 21 4 18 48 47 48 41 26 3 22 37 1 26 8 30 3 40 10 47 36 27 41 22 35 26 26 17 16 22 18 41 1 51 16 27 16 27 14 11 8 8
split_gain=97.4305 77.3488 54.1364 51.5599 44.6177 39.1989 38.6952 36.3276 32.4113 29.5858 38.2928 35.8571 32.1218 27.5708 26.9709 29.0584 28.5002 26.0385 26.2077 25.4971 24.4471 23.5535 23.2901 23.189 22.0537 21.6342 21.4172 43.0426 27.252 29.7521 27.7352 43.1061 43.6344 25.775 25.8313 26.4174 24.1505 27.7977 23.2174 22.4895 22.2664 21.2008 20.7346 20.472 41.8082 20.2562 29.651 24.1885 21.1678 33.1744 22.9369 21.8648 20.041 19.9443 19.6524 23.2787 19.3447 20.1371 27.8582 22.6637 19.3264 19.3062
threshold=1.0000000180025095e-35 5.0400000000001279 15.500000000000002 534.98000000000013 303.08000000000004 18.500000000000004 1.0000000180025095e-35 607.43000000000018 22.700000000000003 1.0000000180025095e-35 592.29000000000008 54.735000000000007 42.885000000000012 155.58000000000004 2.5750000000000006 18.735000000000003 65.500000000000014 6746.8050000000012 1006.2900000000001 1.1000000000000003 0 410.82000000000005 1456.1250000000002 13126.262500000003 2.5000000000000004 1937.3300000000002 6.5000000000000009 3573.5500000000006 253.50000000000003 203.50000000000003 46.500000000000007 3281.5000000000005 0.7350000000000001 21.500000000000004 6.5000000000000009 469.78000000000003 38.500000000000007 3961.7999999999997 0.36000000000000359 10.885000000000003 518.58000000000004 9821.5200000000023 38.555000000000007 27.500000000000004 6.5000000000000009 21.500000000000004 39.500000000000007 3444.6600000000003 1 4.5000000000000009 435.9281666666667 74.63000000000001 295.28000000000003 162.74024296546943 2 3887.7300000000005 3 1600.2500000000002 20.500000000000004 212.02000000000004 1.5000000000000002 12.500000000000002
decision_type=10 10 2 8 10 2 8 10 10 10 8 8 10 10 8 8 2 10 10 10 9 8 8 10 2 10 2 8 2 2 2 10 10 2 2 10 2 10 10 8 8 10 10 2 2 2 2 10 9 2 10 8 10 10 9 10 9 10 2 10 2 2
left_child=5 61 6 4 7 -1 -3 9 -6 10 11 24 -12 -9 -5 23 17 18 45 -15 -8 25 43 56 -4 26 33 -28 36 -30 -31 32 -32 34 35 -11 40 -38 -33 -35 -29 -20 -36 44 -19 54 47 53 -48 50 -50 -51 60 -47 55 -17 -16 58 -58 -59 -53 -2
right_child=1 2 3 14 8 -7 20 13 -10 21 12 -13 -14 19 15 16 -18 22 41 -21 -22 -23 -24 -25 -26 -27 27 28 29 30 31 38 -34 39 42 -37 37 -39 -40 -41 -42 -43 -44 -45 -46 46 48 -49 49 51 -52 52 -54 -55 -56 -57 57 59 -60 -61 -62 -63
leaf_value=-0.0087735793850787502 -0.0092611819600989746 -0.022970523128435814 -0.01426187158074752 -0.010619690528860033 -0.011950918608007642 -0.032245480779360909 0.0087056681277938863 -0.0063672435443397615 0.0018393377811066632 -0.0034550783089070049 -0.0017665705345573663 -0.016144462047178312 0.0040805212781782453 -0.0047708273481761381 0.0093560490792162585 -0.0067921390523841326 0.0071241999833203708 0.0079494543955419272 0.0082812013830620285 0.001254696040496268 -0.0056266305881837791 0.0073144416940796441 0.016482398782726785 -0.024646927842018041 -0.0011557262057396668 -0.0088454136482079958 -0.0039023827730975688 0.0061882768250687463 0.0013132351964027596 -0.010210931777668212 0.13493531987254562 0.038611327485449154 0.028844405807333492 -0.0021831911416155389 -0.016340905928045338 0.029282035149293766 -0.0073290285133003437 -0.00044642543660246368 0.0074993403207250777 0.0027625720395325899 -0.0018448303703839551 -0.021028148683982908 -0.0030181514209392697 0.00062968472843606856 -0.01377338194870965 0.0042094026470866951 0.0086053124194213557 0.02107297040475065 0.0024419101818406166 -0.022485610590786388 -0.015207823401842676 -0.014711739700234644 0.0014154731189983877 0.028649702242603312 0.007612633080230532 0.016565151763086049 -0.0077924344938270721 -0.00077652127270662775 0.0001852275064450093 0.0057507186944602004 0.0067831288715024651 -0.024897706207045942
leaf_weight=223.81989937927574 464.85677373502403 146.7589765349403 190.65771221648902 210.70201122853905 679.13695790898055 142.91190636064857 152.87579856626689 1796.1857118047774 300.90728509426117 67.594336265698075 5171.3759244382381 369.60106464568526 1479.3639055602252 1398.2419808860868 245.08338514901698 725.87397655472159 1618.295706955716 143.4889129716903 1202.3198279254138 2232.6208767071366 1477.4136766567826 669.29005705937743 73.781501464545727 46.301415004767478 878.01116538513452 288.53748325631022 3005.1916379742324 957.63744208216667 3048.277887516655 90.860869797877967 5.0821335017681148 29.471420740708709 25.982112094759941 1261.4931768355891 187.52070620283484 53.305782657116652 1006.9740517428145 2506.6453675860539 884.87637468613684 10456.236418666318 755.39708426222205 30.081592112779617 596.73563372157514 650.53541599400342 437.57308278046548 569.66313205100596 558.37575795501471 164.46721790265292 145.6614382294938 43.069369598291814 234.83460327237844 52.301033593714237 6532.6973342467099 43.128801479935646 175.56453959830105 55.375328876078129 891.70004799216986 1942.7334118401632 1342.655036399141 979.38431045413017 1378.6737976903096 122.10157398041338
leaf_count=12076 22250 8375 4978 1338 9414 14466 881 19924 1875 708 36785 9163 9431 8388 1270 3710 11384 763 9136 11757 10942 3585 514 337 20032 1611 30890 5262 19217 1168 100 1118 187 18528 1646 284 7090 16493 6491 67125 3664 164 4694 3719 2875 2822 3117 830 803 240 2080 221 37208 227 888 263 4542 9736 6520 4736 7732 7510
internal_value=-1.96658e-05 8.47691e-05 0.00020332 0.000379109 -0.00034637 -0.0179832 -0.00581661 -0.000162844 -0.00771928 0.000261798 -0.0015858 -0.00676207 -0.000465549 -0.00282167 0.00180894 0.00193856 0.00274128 0.00220415 0.00271841 -0.0010664 -0.00425927 0.000838939 -0.00248717 -0.000247532 -0.0035051 0.000666862 0.000777265 -0.000261088 0.000914433 0.003056 0.00817627 0.00995233 0.0498679 0.00179035 -0.0038972 0.0111008 -0.000759434 -0.00242045 0.00854323 0.00222999 0.00264691 0.00754932 -0.00622046 -0.00363603 -0.00840465 0.00216029 0.00263848 0.00919143 0.00206815 0.00161978 -0.00846247 0.00210193 0.00223771 0.00597341 -0.00269668 -0.00505291 -3.38603e-05 -0.000499056 -0.00300061 0.00141238 0.00598778 -0.0125508
internal_weight=63618.3 63251.5 62664.6 60887.5 40393.2 366.732 1777.05 39413.2 980.044 33986.1 8089.01 1438.27 6650.74 5427.05 20494.3 20283.6 14835.8 13217.5 11912.1 3630.86 1630.29 25897.1 1305.38 5447.86 1068.67 25227.8 24939.3 12316.4 9311.2 4084.55 1036.27 945.412 31.0642 12622.9 905.156 120.9 5226.65 3513.62 914.348 11717.7 1713.03 1232.4 784.256 1231.6 581.062 10679.7 9722.87 777.259 8945.61 8387.24 380.496 8006.74 7963.67 612.792 956.814 781.249 5401.56 5156.47 2234.36 2922.12 1430.97 586.958
internal_count=515283 488741 458981 438783 321608 26542 20198 310319 11289 270250 80389 34173 46216 40069 117175 115837 88696 77312 69441 20145 11823 189861 7871 27141 25010 186276 184665 91680 60790 28281 9064 7896 287 92985 7332 992 32509 23583 7609 85653 8926 9300 6340 7357 3638 60141 55280 3879 51401 48284 2883 45401 45161 3049 4861 3973 26804 25534 11062 14472 7953 29760
cat_boundaries=0 1 2 3 4
cat_threshold=4096 1160 216328 641
is_linear=0
shrinkage=0.035


Tree=128
num_leaves=63
num_cat=4
split_feature=40 30 26 2 19 3 45 15 29 43 32 18 3 22 39 12 29 48 16 1 0 3 41 16 22 17 23 41 26 46 29 51 16 32 39 27 41 22 24 27 0 26 23 18 37 22 17 17 37 38 22 32 22 22 41 8 25 22 46 38 16 22
split_gain=92.4232 72.9145 50.5857 49.3142 43.1769 38.734 37.8444 37.5413 30.6763 30.5803 36.9837 30.1604 28.2839 39.9848 26.3584 29.0043 26.4713 47.2266 39.2528 40.008 27.6189 27.5414 27.5103 25.8257 25.4435 39.1984 24.8235 23.3701 26.3713 21.6277 21.5914 24.7501 21.3014 21.1895 21.1086 21.0869 20.6949 20.0979 28.2537 29.5114 22.7896 19.6992 39.6402 26.8442 47.3971 44.0495 42.7187 22.9496 22.6724 20.8217 20.1526 21.232 20.1237 33.6393 19.5006 18.8446 18.2617 18.2446 18.4137 18.1811 18.0222 17.8871
threshold=1.0000000180025095e-35 5.0400000000001279 366.50000000000006 1148.1900000000003 3742.1025000000004 18.500000000000004 3.8452380952380958 0.62774809316782221 358.00000000000006 7.5000000000000009 17.285000000000004 13126.262500000003 65.500000000000014 18.500000000000004 253.53000000000003 335.13000000000005 232.00000000000003 10.500000000000002 0 10884.500000000002 71.010000000000005 242.50000000000003 3573.5500000000006 1 5.5000000000000009 1344.5500000000004 -0.5 824.29499999999996 345.50000000000006 17.285000000000004 145.50000000000003 26.440384357827266 2 1639.3500000000001 5.2350000000000012 1005.1000000000001 864.25000000000011 44.500000000000007 2.5000000000000004 2149.6000000000008 1.9200000000000015 100.50000000000001 0.68301270189221941 2101.5972916666674 2429.4400000000005 51.500000000000007 2544.6500000000005 423.77000000000004 2249.3700000000003 5.0200000000000005 5.5000000000000009 12075.480000000001 91.500000000000014 97.500000000000014 1177.2600000000002 12.500000000000002 28.807500000000005 78.500000000000014 2013.2700000000002 48.030000000000008 3 2.5000000000000004
decision_type=10 10 2 10 10 2 8 8 2 2 10 10 2 2 10 10 2 2 9 8 10 2 8 9 2 10 2 8 2 8 2 8 9 10 10 10 8 2 10 10 8 2 2 10 8 2 10 10 10 10 2 8 2 2 8 2 10 2 10 10 9 2
left_child=5 55 3 4 7 -1 23 9 11 10 57 14 32 35 16 -16 17 18 26 20 22 29 -20 -4 25 36 -9 -5 41 -19 -22 -32 -12 -26 -13 61 -18 -23 59 40 -40 47 49 54 45 48 -46 -29 -45 -43 -49 -52 -48 -54 -44 -2 -15 58 60 -39 -3 -14
right_child=1 2 6 27 -6 -7 -8 8 -10 -11 12 34 13 56 15 -17 24 21 19 -21 30 37 -24 -25 33 -27 -28 28 -30 -31 31 -33 -34 -35 -36 -37 -38 38 39 -41 -42 42 43 44 46 -47 52 50 -50 -51 51 -53 53 -55 -56 -57 -58 -59 -60 -61 -62 -63
leaf_value=-0.0085392841683502065 -0.0090143111730938245 0.0004046253297865147 0.0085902464890431299 -0.0022074953780645218 -0.017607481017715233 -0.032132071548948309 -0.022283989006212337 -0.0031959183575911124 -0.0067192594800798977 0.0046139520752508396 0.0067520780507151403 -0.030526476531194356 -0.024837226305974801 -0.00038244833040925982 -0.014035485700976678 -0.0017080372633017954 0.0020987393375732247 -0.0041491313815944127 -0.011035655833987978 0.0075067823347472326 -0.00011648196168072209 -0.017121220788165522 -0.0039012250171830891 -0.0055534172966776449 0.0022001954479621247 -0.022936167483545881 0.0079907093592932309 -0.00059580624167259518 0.013504787713342403 0.002200125056659901 -0.00037098001796970827 -0.0064487579881428586 -0.00061784575976111449 -0.0032133212933388696 -0.0067480924514920935 -0.019310976419573668 -0.0050451316316498223 0.0023109989985814461 0.13963301776490228 0.019177460021200028 0.034689780814657026 0.00026383957962882034 -0.029894238742068802 -0.014023352694749672 -0.049675996854643571 -0.10855830083840849 0.0024169993222563015 -0.012249532778010603 -0.073214329643352241 0.0047613310165782229 0.0014500963161572986 0.011042283726562272 -0.081344594910477547 -0.003017507132489044 0.01109866521132849 -0.024621093534527509 -0.0066813729857666607 0.0052910461216351106 0.010833785333105653 0.027535059485621394 0.0043548505215903546 -0.0029296406559421034
leaf_weight=221.97297718003392 460.96939669642597 9302.3657599771395 168.48401352297515 1023.1438066810369 169.95722758583724 138.47852581040934 151.83713284600526 378.72850355412811 1030.5013892799616 2691.4069442432374 636.58864043280482 50.512198152020574 52.648590858094394 2339.0595812406391 353.10184298455715 689.19376265816391 1008.0190358813852 832.77960168197751 1038.6313827522099 411.54223714023829 2893.9081834014505 31.34882642980665 1828.4240204039961 1450.7026377366856 9336.9605752993375 108.44368262216449 674.81555330101401 507.16050142794847 304.00675961188972 3102.7273549204692 1303.8318027649075 2214.9623664915562 1859.621550489217 977.65597011242062 419.27655049506575 256.45050011947751 977.57984812278301 275.93974995613098 3.5641323141753647 135.56823888234794 7.9143541082739839 2286.9958694111556 15.520971424877642 35.857992086559534 25.013207131996751 9.4590781144797784 178.38194790668786 57.466055208817124 9.4495032392442209 2810.1329306531698 373.73302013613284 1163.4858659897 8.9033108428120631 21.12896934337914 101.78789168223739 119.21431645657867 741.95731466636062 1529.5512592438608 237.70220327377319 39.131862930953503 1659.1409194264561 309.01560668833554
leaf_count=12076 22250 57010 1257 5466 1032 14466 6972 2825 8822 14039 4681 620 1285 23909 5268 4692 8903 12898 18632 1948 17400 526 20447 11969 61665 1333 4874 2555 1970 18909 9096 11867 16953 5742 3518 3804 6509 1474 74 2235 113 13182 87 220 142 56 1165 318 51 19825 2212 7644 61 144 563 7510 5221 9334 1226 233 10337 3668
internal_value=-1.90162e-05 8.19249e-05 0.000196462 0.000366233 -4.71082e-05 -0.017667 -0.0056328 1.09132e-05 -0.000787671 0.00112387 0.000627286 -0.000577356 -0.00159037 -0.00353265 -0.000432825 -0.0058937 -0.000226262 -0.00120674 -0.0024603 -0.00315643 -0.00363348 0.0018343 -0.00648872 -0.00405856 0.000972709 -0.00254392 0.00393282 0.00276831 0.00341224 0.000855867 -0.00235612 -0.00419748 0.00128816 0.00168682 -0.00936418 -0.0116494 -0.00141921 0.00961998 0.0114671 0.0240841 0.0758538 0.00300704 0.00190546 -0.00861357 -0.0143446 -0.0433476 -0.00738404 0.0058887 -0.0276829 0.00274383 0.00795007 0.00871266 -0.00209532 -0.0281112 0.00546812 -0.012258 -0.001901 0.0017067 0.00121674 0.00552103 0.00100722 -0.00617849
internal_weight=63553.8 63193.4 62613.2 60842.2 51910.5 360.452 1771.02 51740.6 30125.1 21615.5 18924.1 29094.6 6195.34 3699.13 28624.8 1042.3 27582.5 15173.8 10744.8 9691.3 9279.76 4428.97 2867.06 1619.19 12408.7 2094.04 1053.54 8931.63 7908.48 3935.51 6412.7 3518.79 2496.21 10314.6 469.789 618.115 1985.6 493.467 462.118 147.047 11.4785 7604.48 5502.63 405.503 288.194 54.7666 233.427 2101.85 45.3075 5097.13 1594.68 1537.22 208.414 30.0323 117.309 580.184 3081.02 12728.8 11199.2 315.072 10961.5 361.664
internal_count=515283 488741 458981 438783 383122 26542 20198 382090 230623 151467 137428 221801 59521 37887 217663 9960 207703 123551 87089 79390 77442 36462 39079 13226 84152 16745 7699 55661 50195 31807 38363 20963 21634 67407 4138 8757 15412 4655 4129 2422 187 48225 35496 2489 1839 327 1512 12729 271 33007 10174 9856 1370 205 650 29760 29130 77907 68573 1707 67347 4953
cat_boundaries=0 1 2 3 4
cat_threshold=66683 4161 24900 219402
is_linear=0
shrinkage=0.035


Tree=129
num_leaves=63
num_cat=3
split_feature=45 22 16 29 3 22 18 26 31 48 41 18 32 16 28 49 51 7 40 17 27 41 49 27 35 24 0 21 17 46 18 40 0 3 26 49 3 27 41 48 23 18 22 2 10 16 6 44 3 26 23 3 3 17 37 27 22 3 18 40 22 40
split_gain=87.8277 60.825 107.192 106.319 51.2875 64.6031 79.0461 47.49 76.4146 57.4285 51.2441 53.9871 52.8936 47.1808 39.844 38.5636 35.3635 34.4536 33.987 43.0358 136.138 62.9745 34.4515 32.8491 32.4391 32.3379 32.1657 31.8638 37.7691 31.7685 33.4597 31.3175 31.0769 31.7265 30.4412 42.9192 30.0623 35.4646 32.1242 29.8249 28.8049 28.4948 28.2424 28.0022 27.5356 29.7747 27.3541 26.6099 26.5584 26.3096 41.2676 26.056 52.0778 45.6042 38.5522 128.962 29.3607 35.0211 27.96 25.6812 25.6229 25.6212
threshold=8.8333333333333339 7.5000000000000009 0 324.00000000000006 37.500000000000007 19.500000000000004 3109.5750000000003 100.50000000000001 1.0000000180025095e-35 1.5000000000000002 1723.9350000000002 9575.685416666669 118.71000000000002 1 313.67000000000007 12.500000000000002 488.62425415616252 0.84523809523809534 16178.610000000002 4716.0550000000012 9572.4900000000016 10048.500000000002 20.500000000000004 1268.0600000000002 25.500000000000004 4.5000000000000009 465.7050000000001 25.960000000000004 801.12500000000011 231.93000000000004 304.87875000000003 1209.5033333333338 5257.8750000000009 30.500000000000004 345.50000000000006 16.500000000000004 137.50000000000003 926.87500000000011 893.2800000000002 2.5000000000000004 0.68301270189221941 1631.25 96.500000000000014 425.25000000000006 1358.4600000000003 2 127.20416666666668 38.45000000000001 99.500000000000014 131.50000000000003 -0.5 66.500000000000014 68.500000000000014 2081.3300000000004 2375.8200000000006 4877.9400000000014 39.500000000000007 118.50000000000001 1740.6833333333336 4351.7400000000016 36.500000000000007 503.76666666666677
decision_type=10 2 9 2 2 2 10 2 2 2 10 10 10 9 8 8 10 10 10 10 10 10 10 10 2 10 10 10 10 10 8 10 10 2 2 8 2 10 8 2 2 10 2 10 10 9 8 10 2 2 2 2 2 10 8 10 2 2 10 10 2 10
left_child=1 2 3 14 24 6 36 26 10 17 27 12 23 39 -1 61 31 -10 19 20 21 51 -21 -12 44 46 42 28 -9 30 -15 -8 33 -26 -19 -36 38 -38 -6 -4 -28 -27 -7 -22 45 -3 -25 -2 -37 -14 60 58 53 -53 55 -54 57 -56 -11 -33 -51 -5
right_child=47 4 13 15 5 7 16 8 9 18 11 -13 49 29 -16 -17 -18 34 -20 22 43 -23 -24 25 32 41 40 -29 -30 -31 -32 59 -34 -35 35 48 37 -39 -40 -41 -42 -43 -44 -45 -46 -47 -48 -49 -50 50 -52 52 54 -55 56 -57 -58 -59 -60 -61 -62 -63
leaf_value=-0.032886806137813245 -0.0053206581352648391 0.013284421350913478 -0.012813187431168093 0.045547067609383408 -0.0038881921956988967 0.0011225745776800968 -0.05270040402000635 0.012235286954039042 -0.0092877732246907478 0.0099888234132897106 -0.0094869854563569365 -0.01465495536430287 0.0072040258496176464 -0.00035603090446117476 -0.014654518504585245 -0.02078291125059822 0.0046855400927303427 -0.0010775826962671621 -0.021957681842369039 0.00021247771447084591 -0.054375358209776209 -0.076141018165103977 -0.022354092787481825 0.0051995739948363729 -0.023048660950533668 0.083394417721861389 -0.00091302441852694673 0.0028969574302859409 -0.0022550247629937762 0.0041586369158522459 -0.014510017365717859 -0.006061433837397448 0.010915255168683666 -8.9882608175554139e-05 0.01073737504850328 0.018333750919187191 -0.0016123581871764184 -0.023298824518236557 0.0014967699368870267 -0.0031497370963262106 0.0075029673205980231 0.015461465843587674 0.014993455198740683 -0.13306401403779025 0.011597999666418031 0.002611625567476399 0.016063991755164958 -0.015898065194874328 -0.0088987920459970126 -0.0021383006378079754 -0.0042212300161419856 -0.073727251500334948 -0.01028202641897445 0.00031768746765808401 -0.0060734118232102308 -0.076363932173627427 -0.0019788239552948339 -0.029202008642027596 -0.0059467342603275759 -0.016270339251789896 0.0075977665342727499 0.0096764290583261584
leaf_weight=200.6122667635791 807.55892013711855 325.44020336121321 447.85542747052386 28.788305918686092 2115.0406165421009 6461.9374823477119 22.124645575881004 227.3197202635929 329.08681267127395 234.68783210311085 149.44875214155763 197.535913862288 651.55614666361362 4093.6298444434069 555.23484620964155 42.9560363185592 170.75001472141594 1237.3591767456383 138.34397852234542 2093.3817813917994 19.758739078417424 14.780694963410495 85.288260156288743 3257.6878185756505 156.40942841116339 6.7844554986804715 622.47533772885799 2494.1989602632821 6325.3637288780883 2132.6512808375992 214.36476105265319 568.61622230522335 91.971225652843714 138.71837717108428 875.29694654233754 51.723319113254547 223.7748034754768 156.50894645322114 3782.6521490821615 3059.9081497173756 2490.0149610042572 372.43662282824516 183.97535075712949 8.6586868017911893 493.5556100551039 7463.3176759779453 310.3624158538878 456.31080104829744 261.14157225564122 533.39854917582124 1685.387904394418 25.852730979211628 568.25445291120559 16.406389089301229 276.05583150871098 37.686927287839353 1421.38079843577 112.48010150715709 314.35018728952855 646.89500504825264 870.6498983791098 139.94465196877718
leaf_count=8550 38037 1662 5107 243 16632 42783 124 1293 6429 1485 1120 1775 3856 38824 6564 1456 988 7693 930 15311 156 96 2175 19407 837 130 2964 15336 40240 11379 1721 4864 566 847 5073 318 2012 1499 26069 27154 14274 8507 962 51 3356 43196 2519 24167 1984 4297 12418 177 4980 123 2053 243 10835 982 2045 6078 7384 947
internal_value=-1.86622e-05 0.000166905 -0.00220544 -0.0132593 0.000671562 0.000172673 -0.00273236 0.000811392 8.72048e-06 -0.00278594 0.00133757 0.00337148 0.00382761 -0.00111473 -0.0195307 0.00849633 -0.010223 0.00132196 -0.00489403 -0.00443847 -0.00712123 -0.00638962 -0.000680785 0.0065747 0.00312552 0.00718506 0.00288433 -0.000469067 -0.00175055 0.000664996 -0.00106353 -0.0122819 -0.00676588 -0.0122941 0.00276469 0.00676359 -0.00105057 -0.0105753 -0.000434726 -0.00437436 0.00582008 0.016893 0.00150875 -0.0820598 0.00358859 0.00307962 0.00614884 -0.0091491 -0.0043526 0.000818358 -0.000530263 -0.00602158 -0.00756076 -0.0456377 -0.00687609 -0.0145111 -0.00431337 -0.0128269 0.00087074 -0.0115035 0.00390014 0.0160288
internal_weight=63498.1 62234.2 10915.9 967.536 51318.3 42648.9 7686.36 34962.5 25204.1 8121.98 17082.1 8035.25 7837.71 9948.41 755.847 211.689 1408.39 2754.61 5367.37 5229.02 3050.35 3021.94 2178.67 4096.72 8669.41 3947.27 9758.4 9046.88 6552.68 6440.65 4307.99 1237.64 387.099 295.128 2425.52 1188.16 6277.98 380.284 5897.69 3507.76 3112.49 379.221 6645.91 28.4174 8282.31 7788.76 3568.05 1263.87 312.865 3740.99 3089.44 3007.16 2458.12 42.2591 2415.86 605.941 1809.92 388.536 549.038 1215.51 1404.05 168.733
internal_count=515283 453079 101945 17760 351134 300670 58266 242404 181421 63139 118282 61413 59638 84185 15114 2646 12054 21497 41642 40712 23226 23019 17486 31683 50464 30563 60983 56869 41533 51924 40545 11066 2250 1684 15068 7375 46212 3511 42701 32261 17238 8637 43745 207 48214 44858 21926 62204 2302 27955 24099 22923 19393 300 19093 5223 13870 3035 3530 10942 11681 1190
cat_boundaries=0 1 2 3
cat_threshold=16640 137218 96
is_linear=0
shrinkage=0.035


Tree=130
num_leaves=63
num_cat=6
split_feature=7 17 16 14 26 16 26 31 23 26 16 22 41 2 49 6 22 0 22 26 16 16 19 8 15 3 5 19 50 18 22 5 9 22 37 37 11 23 41 22 3 41 22 3 3 34 22 22 16 26 8 19 47 26 22 27 7 35 0 3 22 3
split_gain=85.8144 60.4936 60.7224 42.997 72.3952 57.5991 45.0782 108.737 59.9916 50.8752 48.1667 130.699 46.2048 44.2926 41.5142 40.7812 37.0661 36.1097 40.8598 34.159 32.8518 31.6726 30.6545 28.5264 31.4089 28.0415 27.7766 26.8473 26.6524 26.124 26.1163 25.8739 24.9635 24.019 23.5418 28.1724 27.8696 23.0205 22.7752 22.6531 22.4457 33.5849 23.7456 22.071 23.8699 20.5488 20.5081 20.2122 21.8479 20.1879 20.048 21.8155 19.9258 19.6708 29.8164 49.1194 69.5983 25.9405 33.1945 24.608 47.7068 27.0347
threshold=0.47727272727272735 1.0000000180025095e-35 0 18.000000000000004 314.50000000000006 1 100.50000000000001 1.0000000180025095e-35 0.68301270189221941 122.00000000000001 2 4.5000000000000009 169.57500000000002 664.47000000000014 16.500000000000004 245.81333333333336 1.0000000180025095e-35 676.255 26.500000000000004 223.50000000000003 3 4 745.74750000000006 6.5000000000000009 0.14376356008218477 50.500000000000007 561.96000000000015 627.97333333333347 0.7379024325749326 36.518333333333338 96.500000000000014 29.400000000000031 13.860000000000007 60.500000000000007 13395.420000000002 10546.380000000003 5.2150000000000025 -0.6830127018922193 8169.4799999999996 54.500000000000007 45.500000000000007 106.59500000000001 10.500000000000002 352.00000000000006 345.00000000000006 2.5000000000000004 17.500000000000004 49.500000000000007 5 39.500000000000007 23.500000000000004 9626.5462500000012 1.5950000000000004 284.50000000000006 45.500000000000007 1771.2950000000003 0.84523809523809534 12.500000000000002 8.2800000000000313 45.500000000000007 17.500000000000004 90.500000000000014
decision_type=10 8 9 2 2 9 2 2 2 2 9 2 10 10 8 10 2 10 2 2 9 9 10 2 10 2 10 10 8 10 2 10 8 2 10 10 10 2 8 2 2 10 2 2 2 2 2 2 9 2 2 10 8 2 2 10 10 2 8 2 2 2
left_child=19 2 16 5 6 32 8 9 15 47 11 25 34 22 33 21 -2 26 27 38 29 23 45 24 -5 -11 30 -19 -7 -16 43 -20 39 40 35 -9 -37 -12 -1 -3 42 -42 -6 44 52 53 -30 48 -8 -29 51 -15 -10 59 -55 56 57 -56 -59 -13 61 -61
right_child=1 3 -4 4 14 28 7 12 17 10 37 13 -14 50 20 -17 -18 18 31 -21 -22 -23 -24 -25 -26 -27 -28 49 46 -31 -32 -33 -34 -35 -36 36 -38 -39 -40 -41 41 -43 -44 -45 -46 -47 -48 -49 -50 -51 -52 -53 -54 54 55 -57 -58 58 -60 60 -62 -63
leaf_value=-0.0076074205153125714 -0.031697338781495603 -0.0065012673013404394 -0.002604897703084781 -0.0097581912353686649 0.0039949774163517441 -0.018942043671619713 0.0097489406579840936 -0.0010603309136568606 -0.0062838393453700661 -0.011631192476949163 6.1616715778792168e-05 0.0014325111358666441 -0.0068615378794050141 0.0031803108362386712 0.06425698301232835 0.019980296534223056 -0.008317573101040138 -0.014382974032680353 0.003308344360448477 -0.014394410175173936 -0.0032942443513231442 -0.01236344816021832 -0.004966668731161715 -0.0038007925916924532 0.024427667121371153 -0.028389292021622894 -0.039997428248342536 0.0084816408825697815 -0.010825858716715663 0.007879209441522133 0.014128615389220348 0.013854537238358383 0.0041475834226389671 0.012812498456006863 -0.015290343869052784 0.082167922900831622 0.012627534921710695 0.0077487169766289558 0.0058095765238107642 0.032026824497257224 -0.010233113198819059 0.0048847044192401098 0.015667824927300265 -0.037442414301323453 0.025683979774354649 0.0030042787576195946 -0.0034729898279448456 0.012189336567517721 0.0010264504576534045 0.0013497436609297389 -0.0046065519477221381 -0.032067922003315201 0.0015534929546645662 -0.0014102314449077028 0.03070508421795156 0.0041438845231646865 0.012638306771415721 0.15563064818977543 0.039329694688206358 -0.0074952360543193959 -0.0017724227669602933 -0.023962675012924543
leaf_weight=486.72158109676093 174.10647853603587 473.86941391322762 904.54965929826722 49.88561106659472 414.2442826339975 184.89308756683022 514.67107234988362 2750.6013921992853 411.00297664199024 480.51120528299361 727.27900694310665 2389.4852570360526 4019.2193672396243 5835.0940206861123 9.4495307356119138 83.67784558609128 159.85490255616605 106.47850180231035 423.45213608071208 660.82879993040115 1050.590643950738 501.3008092539385 2043.4889097325504 1421.8365558786318 93.343605956062675 164.59886745549738 18.761676341295242 697.4099472919479 608.03352645225823 299.63230614736676 197.31386102177203 875.32592521235347 1417.310676233843 676.6634613852948 135.79974881373346 6.7874598279595366 83.630004528909922 1387.1169301960617 226.30667134514078 18.478532726876438 203.33529357984662 1514.2050406709313 441.50822446960956 16.968302522785962 48.293564811348915 1900.7114528343081 1968.3426081724465 463.39342299476266 1091.0449396269396 1601.7943474110216 450.21579314768314 20.596397679299116 11223.231854144484 1349.3509298041463 8.5969879515469092 890.24802642036229 64.618165794759989 7.8849818659946296 5.8725086785852918 461.23842809442431 6360.2263364009559 165.93865960743278
leaf_count=20736 13221 6894 16287 495 2573 7407 3460 17618 7389 3854 4957 15456 31216 35594 164 465 1685 528 2136 29784 12823 4092 11951 10261 626 3018 82 3467 4419 3030 1039 6131 7341 4584 962 61 476 8935 5045 253 1500 10556 2491 167 360 9532 12463 3031 7165 8621 2576 158 69840 11628 150 6974 444 159 84 5051 49011 2807
internal_value=-1.84408e-05 0.000173139 -0.00748137 0.00032911 0.000597493 -0.00289706 0.000221663 -0.000529044 0.00164859 0.000485938 4.44435e-05 -0.000429136 -0.00441411 2.72912e-05 0.00479935 -0.00383152 -0.0199684 0.00240311 0.00542078 -0.00866736 -0.000335818 -0.00480499 -0.000970711 -0.00228408 0.0125359 -0.0159443 0.00146456 0.00271792 -0.00611557 0.0094982 0.00153331 0.0104213 0.00178019 0.00694717 -0.00110845 -0.000425423 0.0186895 0.00508188 -0.00334685 -0.00499327 0.00540046 0.00309003 0.0100286 0.00131969 0.00137919 -0.000370155 -0.00521182 0.0057565 0.00389361 0.00351579 0.00250352 0.00305088 0.00127611 -0.000918393 0.00196169 0.00661433 0.0315672 0.0833992 0.112016 -0.00163313 -0.00268154 -0.0118834
internal_weight=63441.2 62067.4 1238.51 60828.9 56157.9 4670.93 51548.3 33778.2 17770.1 26782.2 24713.1 22598.7 6996.04 21953.6 4609.63 2150.04 333.961 15620 3704.46 1373.86 1359.67 2066.37 15647.7 1565.07 143.229 645.11 11915.6 2405.68 2761.27 309.082 11896.8 1298.78 1909.66 3249.96 2976.82 2841.02 90.4175 2114.4 713.028 492.348 2573.29 1717.54 855.753 11699.5 11682.5 13604.2 2576.38 2069.11 1605.72 2299.2 6305.91 5855.69 11634.2 11703.5 2326.57 977.221 86.9726 22.3545 13.7575 9376.89 6987.4 627.177
internal_count=515283 459718 31193 428525 389748 38777 352027 236328 115699 185995 172339 158447 50333 151575 37721 15939 14906 99760 20883 55565 16017 15474 113247 11382 1121 6872 78877 12616 24289 3194 78795 8267 14488 21704 19117 18155 537 13892 25781 7147 17120 12056 5064 77756 77589 101296 16882 13656 10625 12088 38328 35752 77229 91764 19439 7811 837 393 243 72325 56869 7858
cat_boundaries=0 1 2 3 4 5 6
cat_threshold=151938 21744 153988 142376 86452 133824
is_linear=0
shrinkage=0.035


Tree=131
num_leaves=63
num_cat=3
split_feature=40 30 1 32 3 35 26 49 26 22 16 27 16 22 27 32 4 40 8 22 5 27 4 41 23 41 27 48 41 22 3 22 27 27 51 7 3 22 40 22 5 18 26 3 29 18 51 47 11 35 13 18 16 1 17 22 41 47 18 22 3 17
split_gain=82.1266 65.2667 46.5121 44.1997 37.7256 37.3418 34.924 38.3503 45.9704 34.0927 71.62 51.6444 37.5857 44.0569 56.4379 47.3309 40.9047 39.6381 36.552 34.8382 37.7255 33.7582 36.2607 32.5695 32.5584 32.1447 30.4382 29.484 48.4065 32.0898 31.9042 37.9539 28.9991 28.6666 29.2105 28.4971 29.3975 28.4236 27.1281 27.0784 26.8641 26.8009 26.528 26.263 34.7947 25.0572 24.9603 24.7977 23.4664 22.7925 22.6131 24.7656 24.8506 22.1771 21.9017 28.4592 21.8176 21.6161 26.2153 21.5163 21.3837 23.8811
threshold=1.0000000180025095e-35 5.0400000000001279 65.205000000000027 129.98000000000005 18.500000000000004 8.5000000000000018 161.50000000000003 2.5000000000000004 39.500000000000007 13.500000000000002 0 2575.6100000000006 1 29.500000000000004 3922.4050000000002 1825.8050000000003 86.445000000000007 2081.5500000000006 7.5000000000000009 5.5000000000000009 174.41000000000003 7373.3400000000011 203.12000000000003 1230.1450000000002 -0.5 2872.0350000000003 48.645000000000003 10.500000000000002 2286.7900000000004 24.500000000000004 47.500000000000007 10.500000000000002 12872.525000000001 471.50500000000005 162.74024296546943 0.91287878787878796 321.50000000000006 33.500000000000007 3891.4800000000005 67.500000000000014 1.0000000180025095e-35 3059.1979166666674 39.500000000000007 49.500000000000007 333.50000000000006 530.12958333333347 788.78241626809097 1405.4400000000003 4.7000000000000011 15.500000000000002 0.69782608695652182 1559.6125000000002 2 134.68000000000004 771.6600000000002 107.00000000000001 6334.3700000000008 228.98000000000005 1933.2891666666669 22.500000000000004 305.50000000000006 9572.4900000000016
decision_type=10 10 8 10 2 2 2 8 2 2 9 8 9 2 10 10 10 10 2 2 10 10 10 8 2 10 10 2 10 2 2 2 10 10 10 10 2 2 10 2 8 10 2 2 2 10 10 10 10 2 8 10 9 10 10 2 8 8 10 2 2 8
left_child=4 -2 3 6 -1 -5 7 -3 -9 10 26 19 13 14 38 16 25 -16 56 33 50 22 23 -14 -20 47 -4 30 54 -30 -8 -32 35 34 -12 -18 -37 41 40 -38 -11 -7 -40 44 57 -28 -23 -15 -31 -49 -21 53 -53 -52 -29 -56 -19 59 -59 -42 61 -34
right_child=1 2 9 5 -6 37 27 8 -10 12 11 -13 21 15 17 -17 32 18 24 20 -22 46 -24 -25 -26 -27 45 28 29 48 31 -33 60 -35 -36 36 39 -39 42 -41 43 -43 -44 -45 -46 -47 -48 49 -50 -51 51 52 -54 -55 55 -57 -58 58 -60 -61 -62 -63
leaf_value=-0.008017881082733571 -0.0117255720270402 -0.0029648469347911704 -0.0015986274521539142 0.0055953927182966828 -0.031877964948678748 -0.0069674656778273957 4.436371741186688e-05 -0.0049658169073750012 0.0048979236705857807 0.004805920680945085 -0.0040317737882491116 -0.010027948022416867 -0.0010736358705915354 0.00082382813679132965 -0.06841811933349759 -0.0046418413246628945 -0.016550184556979746 -0.028575880791214613 -0.031214508790079077 0.0011879198013575423 0.010073843578322512 -0.010664244410161105 0.015096782980222134 0.0058618909124595877 -0.0097542943036741346 0.0033006080029399274 0.0063728355085353782 0.0030556355600989109 -0.017635237272238837 0.02424980786578464 -0.021626046378647644 -0.0050497910244681303 -0.023911480529558975 -0.011825502443762678 0.011644314310807971 0.0086336580197022353 -0.039652093846842165 -0.0025897149872037791 0.024972616142574951 0.016167247349245954 0.0054074348046730981 -0.018457917069525969 0.0017005974865763719 -0.0039081226912989391 -0.01335150558064537 -0.007546733817372084 0.016753321498270062 0.0048100526880702679 0.0075425542888281965 -0.0070765600391200032 0.0013396224589779196 0.0090308511297081395 -0.0070443489946099783 -0.0070234419244232767 -0.006085114583450936 0.021055855816599994 0.0082770477779030658 -0.0019720225823243371 0.010190948496669822 0.024227907482156062 -0.048571378168185311 0.0021172704649486951
leaf_weight=217.92159877903759 567.89942015893757 1659.095001142472 1037.8059764998034 390.41947038378567 129.29356208024547 1496.9011050947011 1622.1138535914943 689.54244331270456 3580.2604244332761 854.04497483000159 2054.0439865337685 945.16314105689526 1132.3513301713392 8453.9878509677947 13.23125699162483 1356.4823498008773 58.084460593760014 21.310691419057548 106.17778183799237 3306.1605308689177 424.06403701007366 278.8364840047434 393.99122384190559 3096.8793872492388 461.57891415152699 6801.6964144837111 2461.114246930927 731.14993473142385 43.465685168281198 160.84999122004956 180.44394686818123 2538.7217733329162 49.062764883041382 553.44165662582964 155.75745056569576 2287.2812263034284 28.629140406847 1722.8588017448783 97.576482596807182 15.918178569525478 322.50924597680569 298.01908729970455 153.74898495338857 3070.211648710072 177.82596824318171 168.49385298322886 46.674068242311478 249.54602764546871 287.19476215913892 937.64215640258044 519.82292303442955 339.10371360182762 169.00915640592575 1532.3455277010798 1009.3276191167533 48.6874825283885 166.64999250788242 1014.2571823969483 275.11655538529158 96.095286313444376 11.204819947481154 313.25140922889113
leaf_count=12076 29760 8646 5761 4303 14466 20057 17215 11146 33767 8032 15511 7126 6247 47362 63 8293 289 112 818 21202 2549 1790 2877 16774 3467 40053 12883 7849 1090 3799 4859 34935 270 4399 1221 17630 124 19354 528 148 1593 5847 920 14971 987 916 374 1314 2141 5141 2510 1708 761 7264 10175 298 928 5011 1411 473 47 1642
internal_value=-1.79719e-05 7.56655e-05 0.000183138 -0.00141357 -0.0169688 -0.00466336 -0.00040133 0.00154972 0.00330421 0.000754366 -0.000711273 -0.00224498 0.00137369 0.000865155 -0.00156979 0.00167443 0.00212074 -0.0104958 -0.00939259 -0.00143394 5.1975e-06 0.00417768 0.00495342 0.00400513 -0.0138155 0.00145837 0.0034664 -0.00214816 0.0010737 0.0107904 -0.0038406 -0.00615734 0.00606002 -0.00470895 -0.00292208 0.00747708 0.00808242 -0.00580319 -0.000435894 -0.019789 -0.000923659 -0.0088845 0.0107991 -0.00191178 0.00133875 0.0054784 -0.00669364 0.000158495 0.0135812 -0.00457606 -0.000724222 -0.00319292 0.00371958 -0.00490542 -0.00160017 -0.00481744 0.00396961 0.00287514 0.000629104 0.00977533 -0.00300258 -0.00146353
internal_weight=63382.3 63035.1 62467.2 16459.1 347.215 3908.2 12550.9 5928.9 4269.8 46008.2 13666.3 9998.91 32341.9 27393.1 6830.33 20562.8 19206.3 768.949 755.717 9053.75 6290.51 4948.73 4623.22 4229.23 567.757 16442.9 3667.41 6621.96 2280.68 491.51 4341.28 2719.17 2763.43 2763.24 2209.8 2389.91 2331.83 3517.78 6061.39 44.5473 5810.06 1794.92 251.325 4956.02 1885.8 2629.61 325.511 9641.18 448.045 1187.19 5866.44 2560.28 508.113 2052.17 1789.17 1058.02 187.961 1707.98 1289.37 418.605 373.519 362.314
internal_count=515283 488741 458981 185481 26542 49561 135920 53559 44913 273500 83811 64251 189689 161627 39314 122313 114020 5388 5325 57125 35994 28062 25898 23021 4285 93870 19560 82361 25352 7030 57009 39794 20150 21131 16732 18191 17902 45258 33926 272 32478 25904 1448 24446 9475 13799 2164 53817 5940 6455 33445 12243 2469 9774 18322 10473 1040 8488 6422 2066 1959 1912
cat_boundaries=0 1 2 3
cat_threshold=1724 18688 135168
is_linear=0
shrinkage=0.035


Tree=132
num_leaves=63
num_cat=0
split_feature=24 22 3 26 22 3 22 18 7 40 22 27 9 1 3 40 18 50 26 48 48 40 41 23 24 18 26 51 39 40 45 41 13 18 40 36 3 35 3 15 32 0 22 37 17 47 27 27 51 18 40 46 11 22 37 3 41 17 22 2 26 32
split_gain=78.8404 52.4056 101.661 94.4546 70.5573 48.2973 59.0633 73.0877 48.8367 49.0022 39.4027 49.8508 34.9157 38.0146 34.6673 33.7005 32.5267 41.3487 32.3885 32.1704 37.6422 33.4882 31.9578 31.6104 31.2082 31.0871 32.6261 30.1757 30.0215 32.1565 28.0372 27.7758 27.047 27.2807 26.4597 26.295 25.1716 25.1321 26.3441 24.6785 24.4138 24.2503 24.1673 28.212 23.5892 27.261 23.0755 51.2561 22.9883 22.6832 22.5459 22.4206 31.6481 22.0335 36.4989 29.5161 23.2422 25.2144 21.8416 21.8219 24.8799 21.6953
threshold=14.500000000000002 7.5000000000000009 22.500000000000004 91.000000000000014 1.0000000180025095e-35 37.500000000000007 19.500000000000004 3109.5750000000003 0.91287878787878796 18646.260000000006 18.500000000000004 414.51500000000004 311.82000000000011 inf 137.50000000000003 1209.5033333333338 1208.9733333333336 93.561002285997276 177.00000000000003 10.500000000000002 6.5000000000000009 3961.7999999999997 893.2800000000002 0.68301270189221941 9.5000000000000018 1231.6437500000002 21.500000000000004 488.62425415616252 143.73000000000002 274.08500000000009 1.3660287081339715 3946.1000000000008 0.9110671936758894 1337.0275000000004 4351.7400000000016 265.77000000000004 285.50000000000006 25.500000000000004 30.500000000000004 0.63693358980656389 2613.6000000000008 203.6866666666667 65.500000000000014 2505.8350000000005 2177.1000000000008 1479.7300000000002 12872.525000000001 6027.3000000000002 0.79598994968529657 1392.1680000000001 129.60250000000005 236.74500000000003 164.56500000000005 52.500000000000007 6091.380000000001 129.50000000000003 10048.500000000002 315.92000000000007 12.500000000000002 677.30000000000018 100.50000000000001 313.51500000000004
decision_type=10 2 2 2 2 2 2 10 10 10 2 10 8 8 2 10 10 10 2 2 2 10 10 2 8 8 2 10 8 10 10 10 8 10 10 10 2 2 2 8 10 10 2 10 10 10 10 10 10 10 10 10 10 2 8 2 10 8 2 10 2 10
left_child=1 2 25 24 -5 28 7 14 18 12 -2 -12 13 19 22 -9 41 -18 32 20 36 31 -7 -16 35 26 -1 34 29 -3 -27 -22 33 -8 -17 50 44 -31 -39 -23 -14 -6 43 -21 53 48 47 -30 -46 -15 61 52 -28 54 55 -10 57 -56 -49 60 -47 -4
right_child=10 5 3 4 16 6 8 15 9 -11 11 -13 40 49 23 27 17 -19 -20 42 21 39 -24 -25 -26 30 51 -29 46 37 -32 -33 -34 -35 -36 -37 -38 38 -40 -41 -42 -43 -44 -45 45 59 -48 58 -50 -51 -52 -53 -54 -55 56 -57 -58 -59 -60 -61 -62 -63
leaf_value=-0.0090137744644137926 -0.02206923773155196 0.0076802444064216326 0.019637291448609023 -0.031142383172737678 -0.011825901028521997 -0.0027740702545227783 0.021630074360140621 -0.05136109275349017 0.0057340056593540648 -0.0089840218499782284 0.13797267366690119 -0.0049552969292237228 0.0059991504027468046 -0.0081015948246152183 -0.021338051726379752 -0.0055361064391848454 -0.025426578348976141 -0.0063550883099919757 -0.0052424190429435505 0.0085588775426872678 -0.0059744049956023965 0.0029415222313580484 0.0023642484307402211 -0.001382672821410656 -0.019762791755775357 -0.026203720541770385 0.00043542439595850102 0.0046560570215813972 0.00836856515629468 0.0015604491522715526 -0.0029454241721718183 0.0029518070613245 -0.010592113747878986 0.0010457409770285465 -0.015815572682262965 0.022024913328115257 0.0071806185915014673 -0.017535201500349276 0.0028796345508657934 -0.0024362417442099901 -0.0046841941836730178 -0.0013025691105341731 0.0077443611743042186 5.5509826441173993e-05 -0.0065073108088059325 -0.0010932791749149122 0.025981896613254077 -0.042947235715683256 0.00088734000480931031 0.0073227397643875532 -0.0020574887556348994 0.0036690005733652884 -0.010659583507951532 0.0087461679332571773 -0.025961929583010572 -0.00086749358668816311 -0.033832035571713263 -0.0013080445927360631 -0.0072389590286128722 -0.0019987033695463281 -0.022529078978936121 -0.0090811619499304354
leaf_weight=412.89809871092439 289.20908673433587 1044.9537160843611 117.75486898142844 217.6221284661442 516.85845768917352 3214.9789309818298 81.390352451242507 22.582370487041771 2024.6292705638334 565.94092091917992 2.0245268838480106 259.90787211339921 2726.4006492756307 125.65604232996702 190.17895939201117 576.33661131188273 306.35255676042289 256.22693395800889 2591.2998530613258 600.34199893288314 2720.2469368465245 2028.1239564847201 2750.2753362702206 198.20058429799974 96.155418127775192 99.276484357193112 4104.8246728014201 170.52895166818053 1308.9467030409724 5845.5754694482312 173.88892573397607 505.89683631621301 236.50427766144276 1850.2597202314064 658.73757353890687 66.739195831120014 810.22312354203314 175.81773894280195 137.32535314001143 2155.0201971968636 289.14935879036784 557.13121875282377 1173.0193109344691 2329.4753814730793 554.25087384134531 107.38681195117533 77.147603197023273 27.23104846291244 7104.0036980137229 1525.9072317630053 1150.9501665085554 2613.0798574844375 340.10631272383034 664.72053092345595 59.655412912368774 1404.8632804146037 37.675758711993694 314.0803704932332 83.960687072947621 465.58577108569443 172.93603726662695 43.544962842948735
leaf_count=3478 24506 6143 1072 12050 8103 24832 979 145 11329 3173 88 15258 19891 599 2167 5168 5607 1728 40865 3388 16582 11756 20361 1690 5011 491 40854 1002 8757 33837 1289 3395 1180 26629 6896 363 5007 975 834 13273 2003 3454 6752 13646 4033 567 501 154 41849 7848 8819 14525 1981 3634 295 8313 269 1609 489 2501 974 316
internal_value=-1.76304e-05 9.81762e-05 -0.00208685 -0.00720045 -0.0124565 0.000566143 8.49796e-05 -0.0026744 0.000694639 0.00120976 -0.0131855 -0.00333003 0.001403 0.00100232 -0.0010656 -0.0098258 -0.00995425 -0.0167672 -0.00260218 0.000665477 0.000114711 -0.0018954 -0.000405054 -0.011184 -0.00058987 0.000112234 0.000536945 -0.00912246 0.00294412 0.00200623 -0.0114629 -0.00457419 0.000554306 0.00192381 -0.0110271 0.00076039 0.0012003 0.00104243 -0.00860184 0.000171153 0.00497355 -0.00637322 0.00350116 0.00180024 0.000824444 -0.000271062 0.00745206 0.00642788 0.000351387 0.00614502 -0.000337042 0.00109687 -0.000415723 0.00286746 0.00184805 0.00303029 -0.00799044 -0.00530206 -0.0162888 -0.00665367 -0.0143505 0.0118762
internal_weight=63332 62780.8 11073.4 3329.34 1854.19 51707.4 43006.5 7781.82 35224.6 30465.2 551.141 261.932 29899.2 26883.7 6353.63 1428.19 1636.57 562.579 4759.45 25232.1 21129.3 7409.29 5965.25 388.38 1475.14 7744.07 7470.91 1405.6 8700.96 7203.67 273.165 3226.14 2168.15 1931.65 1235.07 1378.99 13720 6158.72 313.143 4183.14 3015.55 1073.99 4102.84 2929.82 12909.8 8404.16 1497.29 1420.14 7658.25 1651.56 1312.25 7058.01 4444.93 4505.62 3840.9 3429.49 411.412 373.736 111.192 745.909 280.323 161.3
internal_count=515283 475431 109141 46523 30942 366290 314600 62261 252339 182686 39852 15346 179513 157619 49050 13211 18892 7335 69653 149172 125386 45006 45193 3857 15581 62618 60838 13066 51690 41789 1780 19977 28788 27608 12064 10570 80380 35646 1809 25029 21894 11557 23786 17034 75373 49924 9901 9400 45882 8447 10207 57360 42835 25449 21815 19642 2173 1904 643 4042 1541 1388
is_linear=0
shrinkage=0.035


Tree=133
num_leaves=63
num_cat=0
split_feature=12 39 22 18 51 35 33 2 19 37 30 15 1 43 17 41 49 47 14 17 1 21 39 22 18 14 4 39 11 33 33 18 49 41 36 3 43 49 17 31 7 3 37 22 35 3 37 13 52 19 22 7 52 52 2 19 39 46 27 6 43 28
split_gain=75.1936 63.3248 44.7886 76.4976 56.3911 40.3178 38.9052 37.5082 47.793 32.4325 31.398 29.5269 39.9077 30.8379 28.3267 28.2891 27.8733 26.3631 26.0447 25.3391 24.4392 24.4212 24.2017 22.1865 22.0013 21.5733 21.5016 20.7845 19.97 22.1979 19.9536 31.0771 19.8294 19.1878 29.1238 19.0861 18.9518 18.8505 26.0165 19.5791 18.7414 18.6787 32.5122 21.577 32.9214 23.4787 18.4615 18.1624 28.0582 21.2381 18.9284 22.5663 17.8906 17.55 17.0869 47.2013 27.899 23.4869 21.9942 21.0807 20.0792 18.2785
threshold=17.288333333333338 20.710000000000004 3.5000000000000004 400.93955357142863 203.80762599335978 11.500000000000002 3.5000000000000004 2524.1400000000003 2827.0716666666672 1533.6750000000004 14.805000000000003 0.62269611130895675 2472.6300000000006 7.5000000000000009 11444.76 19401.285 1.5000000000000002 48.980000000000011 21.500000000000004 inf 10884.500000000002 137.72500000000002 69.210000000000022 72.500000000000014 4734.8600000000015 16.500000000000004 130.53000000000003 460.90000000000003 26.735000000000007 6.5000000000000009 3.5000000000000004 11313.973333333333 14.500000000000002 1307.2950000000003 136.47000000000003 6.5000000000000009 4.5000000000000009 13.500000000000002 2646.900000000001 1.0000000180025095e-35 0.63068181818181823 64.500000000000014 1830.6400000000001 49.500000000000007 11.500000000000002 237.50000000000003 1239.0700000000002 1.0000000180025095e-35 8.5000000000000018 1.4711111111111113 4.5000000000000009 0.61250000000000016 3.5000000000000004 11.500000000000002 277.50000000000006 250.30222222222224 160.94000000000003 120.35000000000001 12217.050000000001 0.064500000000000016 5.5000000000000009 2.5350000000000006
decision_type=10 10 2 8 10 2 2 10 10 10 10 8 8 2 8 10 8 10 2 8 10 8 10 2 10 2 10 10 10 2 2 10 10 8 8 2 2 10 8 2 10 2 8 2 2 2 8 8 2 10 2 10 2 2 8 10 10 10 10 10 2 8
left_child=1 5 3 25 6 23 9 8 11 -5 -7 13 15 17 -14 16 19 -4 -15 27 22 54 -10 24 36 -2 -6 -13 -8 -30 40 32 33 34 -32 -9 47 38 -25 -39 -19 -35 -43 45 -45 52 -37 48 50 -49 -1 -52 -44 -3 55 56 60 -57 -58 -56 -18 -61
right_child=2 53 7 4 26 10 28 35 20 -11 -12 12 14 18 -16 -17 21 30 -20 -21 -22 -23 -24 37 -26 -27 -28 -29 29 -31 31 -33 -34 41 -36 46 -38 39 -40 -41 -42 42 43 44 -46 -47 -48 49 -50 -51 51 -53 -54 -55 59 57 58 -59 -60 61 -62 -63
leaf_value=-0.0010206405511547514 -0.014954577353465715 -0.0068647959703458028 0.0027908424964801278 -0.011738153091370381 0.010242257994976883 -0.019827736159229541 -0.031972011460347512 0.037685602311666788 -0.011404942269274798 0.014863931417544768 -0.0049173955873275405 -0.0034718571962499517 0.0052177572177907602 0.0027222894087734709 -0.0018731065325308454 -0.012708203759465768 -0.00027515954362073483 0.041581935214838758 0.0099141578863399214 0.012561574804589092 -0.046029340816711492 0.0039372863483665135 -0.000856211267077345 0.039167273996573299 -0.012682157963243535 -0.00014511136999332993 -0.022787657556990793 -0.021960345550065978 -0.025559402290558461 -0.0063993200051003446 -3.9960534307225739e-05 -0.011461702074984996 -0.0053074305662153976 0.0032904982581244812 -0.011574981976802082 -0.0012154291614570069 0.012682917741585831 0.032344602408506173 0.00063607128297077928 0.0022161523240707658 0.002424576124193549 -0.0087275887648070472 -0.015659954867717246 -0.0052906519189608921 0.0055082778347859017 -0.019458145722235327 0.0056104726955669391 -0.01505682282286148 -0.013986851610259331 -0.00056968498017608211 0.082438341074203461 0.016547651829601433 -0.00032830070809032797 -0.016846070781630508 0.0098731000320995878 -0.0072256317002433118 -0.014533426060833769 -0.0020932003857421352 0.034269485228809599 -0.0047245218747358686 0.0038820383295805746 0.0010839743913045696
leaf_weight=11.963689086493103 123.53431463520974 369.94761431356892 6441.7098982930183 307.4340966292657 168.19280171673745 209.64962463825941 162.96494399849325 20.006750509142876 536.57720343768597 67.735272984951735 975.2702890811488 3571.1126393675804 2558.3741020355374 2108.2975677810609 944.34199068788439 236.30373978056014 4968.9760746099055 14.061163408681749 871.68052820488811 117.92102395743132 18.219353467226028 1709.1064726505429 528.57092124316841 22.035230977460742 186.60528327804059 3716.7925033280626 27.199804551899433 75.117426514625549 158.48960287682712 139.94415076123551 803.80450001265854 320.62114919070154 898.95608504116535 2514.9538724888116 401.34993397071958 612.42903161328286 131.02202107524499 63.505665018223226 315.73855541739613 45.019797896966338 2699.4270824957639 517.6756689408794 98.499235853552818 444.48434930481017 1546.4405324142426 91.267191955819726 2332.9765006136149 135.06884382059798 21.27534190332517 1394.2051388113759 13.128966342657806 12.731097370386122 1481.882461220026 524.31610583420843 304.94535474292934 1726.709940591827 203.39127243496478 2972.9783493978903 11.041156244464217 737.6467357724905 1993.4765224363655 6537.6774664893746
leaf_count=172 1622 8361 42378 3374 1685 11070 7640 98 2948 820 21362 17202 12696 11245 4891 2590 53904 234 4856 533 101 9164 3568 207 4089 33350 126 370 2283 1658 5394 2406 10063 13632 2098 3758 1073 1475 3525 1279 16364 3217 488 2748 8888 597 16224 6475 920 25617 167 139 9052 26110 4811 15278 3978 17671 169 3566 10230 33274
internal_value=-1.73678e-05 -0.00441345 0.000313759 -0.00289969 -0.0113549 -0.00230809 -0.0153056 0.000603893 0.000381382 -0.00690851 -0.00757 0.000539264 -0.000193641 0.00152778 0.00330605 -0.000680848 -0.00056634 0.000989299 0.00482862 -0.00334106 -0.00688799 -7.27491e-05 -0.00617594 0.000344571 -0.00130111 -0.000625266 0.00555168 -0.00385866 -0.0221036 -0.0166261 8.44822e-06 -0.000775544 -0.000384913 0.000175805 -0.00388786 0.00442986 -5.9274e-05 0.00735993 0.00325791 0.0199807 0.00264273 0.000907746 -0.000526228 0.000635035 0.00309591 -0.00229596 0.00419125 -0.00111767 0.0177572 -0.00185822 0.0355132 0.0518236 -0.00129316 -0.0127292 -0.000425178 -0.00125377 0.000531805 -0.00398004 -0.0118731 0.000873025 0.000915508 0.000494481
internal_weight=63276.8 4431.48 58845.3 4872.29 1031.96 3537.22 836.568 53973 51007.6 375.169 1184.92 49924.2 28669.1 21255.1 3502.72 25166.4 24930.1 18275.1 2979.98 3764.15 1083.37 21165.9 1065.15 2352.3 1906 3840.33 195.393 3646.23 461.399 298.434 11833.4 9119.93 8799.31 7900.36 1205.15 2965.41 1719.4 446.299 337.774 108.525 2713.49 6695.2 4180.25 3662.57 1990.92 1671.65 2945.41 1588.37 59.0991 1529.27 37.8238 25.8601 1580.38 894.264 19456.8 11876.6 7176.89 4699.69 214.432 7580.27 6962.45 7275.32
internal_count=515283 112041 403242 52558 17586 77570 15775 350684 330604 4194 32432 323987 190327 133660 17587 172740 170150 117559 16101 18105 6617 152045 6516 45138 38652 34972 1811 17572 11581 3941 75181 58583 56177 46114 7492 20080 34563 6486 3732 2754 16598 38622 24990 21773 11636 10137 19982 33490 1398 32092 478 306 9540 34471 142881 101230 68281 32949 4147 41651 64134 36840
is_linear=0
shrinkage=0.035


Tree=134
num_leaves=63
num_cat=6
split_feature=40 30 14 46 3 44 8 2 13 15 16 13 31 23 16 1 17 20 35 33 1 16 44 52 16 2 26 33 49 5 26 41 42 26 26 22 41 42 22 30 2 38 27 17 46 22 37 24 27 16 51 13 10 8 23 23 24 28 16 46 4 27
split_gain=73.0047 57.1197 42.627 41.4753 36.5127 34.9251 45.2817 54.4012 34.0673 31.1247 30.9524 26.475 24.8275 29.9815 23.1232 23.1149 23.0534 22.3576 22.2492 27.0717 34.2232 27.862 21.7477 27.6249 27.1016 21.5103 24.0507 35.5729 22.3099 21.5734 21.4201 24.7195 21.3008 21.2342 27.6981 21.1047 20.9204 20.6657 21.8643 21.1493 24.2782 20.4404 20.2932 20.7607 20.2919 20.0612 38.3245 43.3996 19.7964 19.3653 18.7896 18.7636 18.4308 18.3836 18.3481 18.2457 20.7249 18.4026 18.1471 17.951 17.4676 18.3135
threshold=1.0000000180025095e-35 5.0400000000001279 15.500000000000002 534.98000000000013 18.500000000000004 93.680000000000021 15.500000000000002 295.12000000000006 0.25462962962962971 1.0000000180025095e-35 0 0.30602006688963218 1.0000000180025095e-35 0.68301270189221941 1 1786.5000000000002 3404.4300000000007 153.15950958799854 6.5000000000000009 9.5000000000000018 138.33000000000004 2 102.24500000000002 7.5000000000000009 3 1301.1250000000002 100.50000000000001 7.5000000000000009 1.5000000000000002 31.540000000000006 284.50000000000006 3573.5500000000006 4.5000000000000009 161.50000000000003 21.500000000000004 31.500000000000004 10449.090000000002 5.5000000000000009 52.500000000000007 5767.1100000000015 1906.405 5.8000000000000016 4933.8000000000002 11444.76 5314.4900000000007 38.500000000000007 3281.5000000000005 4.5000000000000009 660.38000000000022 4 35.67729740264371 0.8973684210526317 165.09000000000003 12.500000000000002 0.93301270189221952 1.0000000180025095e-35 1.5000000000000002 0.7350000000000001 5 222.52500000000006 1.3000000000000003 2312.4600000000005
decision_type=10 10 2 8 2 8 2 10 10 10 9 10 2 2 9 10 10 8 2 2 10 9 10 2 9 10 2 2 10 10 2 10 2 2 2 2 10 2 2 10 10 10 8 8 10 2 10 10 10 9 10 10 10 2 2 2 10 10 9 10 10 10
left_child=4 53 8 5 -1 10 9 11 -3 22 32 -8 13 37 -10 30 -15 51 48 54 21 -21 23 -7 -24 -14 29 -28 -29 -27 -12 -32 33 34 52 42 -18 39 41 -5 44 -39 -31 -44 60 -33 47 -47 -11 -36 -42 -9 -4 -2 -20 -50 -57 -58 59 -13 61 -41
right_child=1 2 3 12 -6 6 7 17 14 18 15 58 25 16 -16 -17 36 -19 19 20 -22 -23 24 -25 -26 26 27 28 -30 35 31 45 -34 -35 49 -37 -38 38 -40 40 50 -43 43 -45 -46 46 -48 -49 55 -51 -52 -53 -54 -55 -56 56 57 -59 -60 -61 -62 -63
leaf_value=-0.007554048596535203 -0.0078800639223244248 -0.021463031676006966 -0.01489943720638591 0.0029781272361472369 -0.031607975653400171 0.0067646775533791916 -0.01502586268805927 -0.00041321378875850833 0.0082377523215772745 -0.0069513116963027333 0.00083020158841300487 -0.0052190177367979138 -0.0014824748482713712 0.0043858069848966867 -0.0051680671530787018 -0.031065077103765784 0.016493875340865691 -0.013444213156989246 -0.0021958330472202367 -0.0057985842093868124 0.0083526469506675395 0.01163825054832655 -0.0036143040982725893 -0.016660172283755902 -0.015783381575774087 -0.001119190553080969 -0.0065431135945456702 -0.008732752981088665 0.0063034006432539412 0.0080120028725795388 0.0023366236567200793 -0.013232050935526219 0.0073565654482981814 -0.0035415425425917866 0.0029956810191142428 0.015696944756660374 -0.0045521274585624645 -0.01688842826743334 0.014470764484212454 0.0038824034396957902 -0.0033627147534275293 0.0048865932539699942 -0.019270478442738628 0.016727270329672923 -0.029847954961312848 0.021517109150154735 0.009299096305417049 0.11040398459116849 0.0018322386401797874 -0.0020321722236062464 0.0050657077702456017 0.0083673234418382685 0.023209678022114658 -0.023782632725478151 0.0032533264524555244 0.0066408764687893229 0.012910496801876096 0.039030151409531449 -0.0066367776465376064 0.0095787324717101965 -0.0044242746769370808 -0.0034227615114460412
leaf_weight=214.41401637159288 443.1223632004112 144.00520595628768 201.09216602239758 4944.436097625643 120.6912368373014 314.53410486131907 415.92132393270731 1813.8943655416369 167.87587033584714 161.78691958729178 13117.30029051844 225.30814751982689 4588.8720060400665 1337.6711609791964 1438.9474319610745 25.836569217965007 396.68604482430965 138.11307902261615 4665.2229943219572 521.04636280797422 896.49116234201938 131.78554349113256 753.32150696031749 75.666741139255464 321.92161636427045 353.38869274407625 670.65059340279549 141.70936698839068 792.3831858150661 398.06159872934222 2341.6123282304034 42.900191547349095 335.69783897697926 3720.4147535683587 2157.226867267862 353.09050743281841 67.267166393809021 55.598810002207756 296.81695506349206 963.77693963889033 424.87257685977966 793.30980622023344 72.236262328922749 25.944426760077477 30.78586195781827 24.309670265763998 643.04600095842034 8.6878358814865333 647.77121690660715 1645.2196495197713 1355.9650826789439 355.75260159745812 15.957692280411718 111.14497127383947 902.60072215367109 499.9841180741787 105.33720969874412 48.346792379394174 2766.6694077281281 179.5613829754293 1557.6049249842763 744.03696700371802
leaf_count=12076 22250 6972 2620 26819 14466 2675 10565 9723 1257 1336 97269 1608 24972 6775 11969 133 2049 703 33348 4964 4810 1185 7759 2003 3813 1905 4169 746 5152 2383 20417 669 1496 38136 17253 2824 388 335 2652 5249 2485 5874 386 139 164 140 5842 166 4672 11916 9130 2220 118 7510 5414 2458 1193 542 23536 906 8571 4008
internal_value=-1.70213e-05 6.99213e-05 0.00016947 0.000325096 -0.0162856 -0.000326535 -0.00159932 -0.00403412 -0.00521292 -0.000170242 0.000509169 -0.00673017 0.00161199 0.00253482 -0.00374412 0.00139092 0.00672341 0.000158033 0.000635041 -0.000173283 0.0039173 -0.00217692 -0.0048825 0.00219122 -0.00744917 -6.23025e-06 0.0024064 -0.000398519 0.0040154 0.00614611 0.00144553 0.00408163 -0.00126017 -0.00163643 0.000127376 0.0091668 0.0134393 0.00185853 0.00630948 0.00134908 -0.000237684 0.00344226 0.00449819 -0.00968526 -0.00201652 0.00975399 0.01123 0.047479 0.00456417 0.000822831 0.00305409 0.0010297 -0.012004 -0.011106 -0.00131204 0.00599994 0.0101209 0.0213266 -0.00563786 0.00131879 -0.00174507 0.000699649
internal_weight=63225.7 62890.6 62336.3 60585.5 335.105 40220.3 15941 5895.22 1750.83 10045.8 24279.3 3587.46 20365.2 12968.8 1606.82 16203.7 1801.62 2307.76 8580.37 7117.15 1549.32 652.832 1465.44 390.201 1075.24 7396.34 2807.46 1604.74 934.093 1202.72 16177.9 3060.56 8075.61 7739.91 4019.5 849.333 463.953 11167.2 1145.73 10021.5 5077.04 848.909 496.242 98.1807 3296.2 718.944 676.044 32.9975 1463.23 3802.45 1780.84 2169.65 217.05 554.267 5567.82 1301.44 653.668 153.684 3171.54 404.87 3265.42 1707.81
internal_count=515283 488741 458981 438783 26542 321608 125433 49261 20198 76172 196175 36615 117175 74499 13226 124636 9212 12646 59922 49721 10959 6149 16250 4678 11572 42676 17704 10067 5898 7637 124503 27234 71539 70043 31907 5732 2437 65287 8861 56426 29607 6209 2908 525 17992 6817 6148 306 10201 29169 11615 11943 2738 29760 38762 8865 4193 1735 26050 2514 17828 9257
cat_boundaries=0 1 2 3 4 5 6
cat_threshold=161804 4161 23828 154645 141316 140297
is_linear=0
shrinkage=0.035


Tree=135
num_leaves=63
num_cat=5
split_feature=24 17 16 14 26 16 23 29 22 3 26 32 47 43 46 1 44 22 6 37 39 9 2 22 16 16 14 26 49 8 45 44 2 22 40 9 15 37 40 5 49 18 50 47 9 32 37 22 22 1 3 39 16 0 24 35 22 41 35 6 35 14
split_gain=69.6722 46.8695 55.5742 42.1014 60.6858 51.6483 44.6387 69.7413 49.2004 64.5446 44.7119 40.9528 40.8061 49.1744 38.5775 37.9395 44.1285 37.8713 37.7134 36.9983 35.6641 35.5873 33.3335 32.7838 28.4233 28.0847 28.0431 28.2838 26.1015 38.3172 32.5337 25.6581 25.3969 25.087 33.0885 24.9743 24.036 23.9019 35.5486 36.9775 28.9139 27.9321 23.845 23.1021 26.063 22.3299 22.1904 21.942 21.8455 27.1713 24.2336 21.4647 21.3493 24.1966 20.6036 20.7948 20.4873 19.6968 28.5117 19.5936 19.2964 19.183
threshold=14.500000000000002 1.0000000180025095e-35 0 18.000000000000004 314.50000000000006 1 1.0000000180025095e-35 145.50000000000003 36.500000000000007 158.50000000000003 21.500000000000004 1525.2800000000004 inf 7.5000000000000009 547.0200000000001 80.030000000000015 84.980000000000018 18.500000000000004 245.81333333333336 6472.7700000000013 50.445000000000014 7.0399999999999583 1.0000000180025095e-35 1.0000000180025095e-35 2 3 21.500000000000004 100.50000000000001 2.5000000000000004 8.5000000000000018 1.0851449275362322 66.245000000000019 569.98500000000001 6.5000000000000009 1667.2200000000005 13.860000000000007 2.0228795370061374 6811.7400000000007 5708.1900000000023 1.0000000180025095e-35 14.500000000000002 4734.8600000000015 8.5725954060916436 276.57000000000005 311.82000000000011 4.9800000000000013 77.120000000000019 54.500000000000007 15.500000000000002 549.45000000000016 62.500000000000007 226.93000000000004 4 251.06666666666686 4.5000000000000009 23.500000000000004 16.500000000000004 1281.7200000000003 15.500000000000002 28.473000000000003 16.500000000000004 20.500000000000004
decision_type=10 8 9 2 2 9 2 2 2 2 2 10 8 2 8 8 8 2 10 10 8 8 10 2 9 9 2 2 8 2 8 10 10 2 10 8 8 8 10 10 10 10 8 10 10 10 8 2 2 8 2 10 9 10 8 2 2 8 2 10 2 2
left_child=1 2 23 5 6 35 7 8 9 19 18 14 13 36 25 16 -6 -2 24 20 -5 46 -7 -1 45 48 27 32 31 -30 -31 -27 -13 -29 -35 47 37 41 39 40 -39 -10 -42 -17 -45 51 -9 -3 50 -50 -12 -8 -33 -54 55 -16 -24 58 -36 -41 -18 -23
right_child=17 3 -4 4 15 22 10 21 12 -11 11 26 -14 -15 54 43 60 -19 -20 -21 -22 61 56 -25 -26 28 -28 33 29 30 -32 52 -34 34 57 -37 -38 38 -40 59 42 -43 -44 44 -46 -47 -48 -49 49 -51 -52 -53 53 -55 -56 -57 -58 -59 -60 -61 -62 -63
leaf_value=-0.029788700786717037 -0.021510838302008152 -0.0067272448149413603 -0.0020395544014414212 -0.0020201326407416039 0.0045476137311224879 -0.021374856361467312 0.00030876665163799208 0.0011024854656658169 0.00078991643102742576 -0.018851040683200426 -0.0035372912326177555 -0.0064835484074365016 0.0098558201369359204 0.0094920822767639058 0.0040337870952492569 0.011168186467201333 -0.0035201254692483869 -0.0029027155900226928 0.019085658031062658 -0.010801556371668799 0.0032173727564587438 -0.005508598998042639 -0.010932138923298381 -0.0077287408941245899 -0.011940621773601532 0.00071040066311282531 0.0025728130364177123 -0.033310639801216992 0.0074706406326749001 0.0098379232881597289 0.0011409282987303497 9.0453898626754263e-06 0.0031547950097524837 0.0063253336233095011 -0.090937131449646588 0.0038417583130722849 -0.0065760700847958715 0.019882425256490085 0.0005447456138774696 -9.8003414860169414e-05 0.038977767111950459 -0.0090919973218842216 0.11834288323881266 0.0031733252927778413 0.01476729471273199 -0.0065755129853897242 -0.0096699985321670075 0.030356933918940232 -0.0020138692924721656 0.0056745481087450735 -0.017691054555267344 0.025073267478077668 -0.019291663446913333 -0.003207944608981818 0.014926817949339869 -0.0056499962246093988 -0.0034213246021322502 -0.010425296327261862 -0.015799103710405261 0.015882623277412748 -0.017288057728748713 -0.00091317865260865879
leaf_weight=171.50021747173741 277.90273446077481 482.32821050100029 920.71068206708878 4846.0978854848072 912.58232430461794 162.11697013303638 744.11205830052495 274.02776720561087 1744.2281980337575 252.42168868333101 797.0954505931586 653.63012801390141 848.75144878588617 800.86294744163752 6740.9723015408963 918.62288341764361 407.45737791806459 258.5359641155228 83.320217728614807 434.72392176743597 2371.0492447167635 1670.6377568859607 568.36026544030756 160.01493050623685 504.22384962346405 3384.7147981915623 937.65061677992344 51.301182163879275 1660.5496809016913 561.08018719032407 8427.9669123869389 397.63905936479568 684.78629896976054 152.57357476186007 8.2457114718854445 1418.477227082476 580.12686730921268 89.294200751930475 908.35610109940171 213.99278851225972 18.687325780279938 437.43951247166842 6.1265876088291398 1968.6490123551339 269.28824777901173 793.58790026791394 1604.7224907772616 19.390265931375325 2356.1827187007293 738.8110077586025 181.26230872422457 44.4980757990852 230.78663394600153 227.54555708169937 203.15062891785055 282.20205120369792 2043.4581977399066 576.87255325634032 20.410388414748013 166.57646933197975 179.1611935608089 3329.8761329241097
leaf_count=13408 24506 7296 16204 33836 11436 5781 5209 3175 12266 2780 5663 4204 4896 4735 37852 5635 5773 15346 467 3694 16522 9180 4964 1608 4400 16676 5871 554 16563 3162 66021 1942 3807 814 48 7393 7264 846 6290 1067 388 2894 79 10598 1897 6573 21704 277 18134 3810 2650 382 1199 1274 2044 1491 14278 4000 124 930 3186 18217
internal_value=-1.6656e-05 9.09938e-05 -0.00660956 0.00022777 0.00049151 -0.00295729 0.000148991 -0.00111748 0.00032473 -0.00147291 0.000978596 0.00133793 0.00276832 0.00155516 0.00178726 0.00431941 -0.00026519 -0.0125648 -0.00386815 -0.000897246 -0.000299248 -0.00399319 -0.00599859 -0.0186357 -0.0047935 0.000957947 -0.00247537 -0.00467937 0.00166184 0.00258759 0.00168481 -0.000659125 -0.00155352 -0.00983994 -0.00820987 0.00146065 2.70368e-05 0.00109718 0.00465934 0.0121985 0.0295897 -0.00119473 0.0623985 0.00649624 0.00457439 -0.00241902 -0.00809901 -0.00523649 -0.00161506 -0.000177315 -0.00617497 0.00173611 -0.00606907 -0.0110896 0.00396314 0.00364393 -0.00505932 -0.0118767 -0.0397572 0.00692006 -0.0077473 -0.00244927
internal_weight=63181.7 62645.3 1252.23 61393.1 56698.9 4694.13 52043.2 20598 13718.7 7904.29 31445.2 29275.4 5814.44 4965.69 26190 4655.76 1499.2 536.439 2169.74 7651.87 7217.15 6879.26 2773.94 331.515 2086.42 18963.6 3085.47 2147.82 14890.3 10649.6 8989.05 4240.69 1338.42 809.403 758.102 1920.2 4164.83 3584.7 1403.03 494.677 114.108 2181.67 24.8139 3156.56 2237.94 1582.2 1878.75 501.718 4073.35 3094.99 978.358 788.61 855.971 458.332 7226.32 7023.17 2611.82 605.529 28.6561 380.569 586.619 5000.51
internal_count=515283 475431 31220 444211 404222 39989 365697 150763 98487 56832 214934 197903 41655 36759 178481 38525 20395 39852 17031 54052 50358 52276 25023 15016 16564 137094 19422 13551 106837 85746 69183 21091 8011 5540 4986 14966 32024 24760 9600 3310 1313 15160 467 18130 12495 12164 24879 7573 30257 21944 8313 5591 4415 2473 41387 39343 19242 4172 172 1997 8959 27397
cat_boundaries=0 1 2 3 4 5
cat_threshold=151938 21744 86452 20486 134672
is_linear=0
shrinkage=0.035


Tree=136
num_leaves=63
num_cat=3
split_feature=7 22 16 29 16 16 1 2 35 30 37 22 18 19 2 19 0 7 8 50 26 48 47 27 18 8 37 19 2 50 46 38 18 21 18 17 11 45 48 17 8 14 35 45 12 27 22 37 26 17 8 21 41 2 1 22 29 20 41 49 14 46
split_gain=66.4431 47.3481 104.234 49.305 62.9639 36.4627 38.8476 38.5995 43.5974 43.7797 40.4764 35.5245 89.8757 43.4539 56.7838 52.6509 43.3752 39.3831 35.6137 34.8661 31.7953 28.7344 27.7798 27.7417 27.5732 27.809 26.7731 26.6577 37.8291 25.0427 24.3363 23.1353 31.1124 24.0977 22.6256 22.5706 22.4624 21.8534 21.653 32.1536 25.6917 21.5 21.4122 21.2816 21.2459 21.174 23.7423 21.1165 20.6392 20.3303 20.2949 20.2617 19.9449 19.2315 19.1444 19.0388 19.0034 18.9022 18.6318 18.6123 22.6342 22.0468
threshold=0.47727272727272735 5.5000000000000009 0 302.50000000000006 1 2 378.80000000000007 1598.3800000000001 6.5000000000000009 20767.590000000004 11583.450000000003 39.500000000000007 6555.6321428571437 1434.2104166666668 371.61000000000007 607.59818181818196 20.280000000000012 0.95833333333333337 15.500000000000002 95.281444552602878 223.50000000000003 9.5000000000000018 244.46000000000004 1556.3200000000004 1808.0287500000002 4.5000000000000009 6259.5 181.99800000000005 129.30500000000004 6.9169036103993564 606.16500000000008 0.34000000000000002 1710.3466666666668 161.02000000000001 456.68583333333339 6020.9100000000008 2.5200000000000045 1.0930735930735933 3.5000000000000004 4830.0350000000008 5.5000000000000009 20.500000000000004 11.500000000000002 1.1464285714285716 192.62000000000003 12872.525000000001 18.500000000000004 10546.380000000003 21.500000000000004 3085.8300000000004 12.500000000000002 5.4200000000000008 8169.4799999999996 49.890000000000008 7369.5200000000004 4.5000000000000009 23.500000000000004 88.770562637588554 655.2700000000001 13.500000000000002 21.500000000000004 1325.7900000000002
decision_type=10 2 9 2 9 9 8 10 2 8 8 2 10 10 10 10 10 10 2 10 2 2 10 10 10 2 10 10 10 10 10 8 10 8 8 8 10 10 2 10 2 2 2 10 10 10 2 10 2 8 2 10 8 10 10 2 2 8 8 8 2 10
left_child=20 2 3 4 19 6 -3 8 10 11 22 12 16 14 15 17 42 49 21 -2 52 -16 45 -14 59 -26 31 -19 -29 -25 -17 32 36 44 48 -6 53 -21 39 -12 -40 51 -10 56 -34 46 -7 -47 -4 -13 -51 -33 -1 -18 -11 -27 -20 -35 -9 60 -5 -62
right_child=1 5 34 24 35 7 -8 58 9 54 38 13 23 -15 18 30 26 27 43 37 -22 -23 -24 29 25 55 -28 28 -30 -31 -32 41 33 57 -36 -37 -38 -39 40 -41 -42 -43 -44 -45 -46 47 -48 -49 -50 50 -52 -53 -54 -55 -56 -57 -58 -59 -60 -61 61 -63
leaf_value=-0.0066735543822328703 -0.029554660533356904 0.0025597763218849169 -0.0082465207965744143 -0.0056562451381000616 -0.0082857761022815859 -0.00053666966997736735 0.014188379061261984 -0.0040436074526488033 -0.0013764835370363309 -0.011777182243031996 0.0010015500298309118 0.0020841589843339238 0.012147934097132065 -0.0055627836398854788 -0.00040687731924903627 -0.0098857404993306433 0.0010314770404745183 0.00386395118323708 -0.0014282418222753943 -0.06396565092070336 -0.013416986875112506 0.0093186832375678763 0.012409682872921782 -0.024122266414119381 0.068188953816455511 0.015644695114621465 -0.0082008020948853583 -0.0043160728097319748 0.0026916092074043513 -0.010170665890160805 0.0011379361772306815 -0.00097338430614596057 -0.0059475697105755331 0.02461086313507763 -0.012235649508383873 0.016519497608400008 0.0024861953961389147 -0.003904546272164907 -0.0062385465113741915 0.021184889638477436 0.0040985889810802928 8.4159634395807498e-05 -0.0099891954054051046 0.0048486935404601934 0.00017511831956015144 -0.021359379342321839 0.0065489508084377764 0.027508577120885804 0.001418582735949302 -0.0014654974890294045 -0.0083958972358325196 -0.0057100313949608851 0.0059620192676713736 0.014700361867751218 -0.040417989317817211 -0.020981111540614064 0.013572501374174933 0.0020702662498029247 0.003669454453549039 -0.015304093887454023 0.00076703752990935341 0.024405077269576362
leaf_weight=471.70487237721682 312.35536020668224 1595.6777270175517 284.9616141198203 560.55974764656276 1268.1973416679539 829.25396031606942 450.73682015389204 413.59302467294037 585.42834310140461 119.61613983288407 662.5214838674292 781.53547217417508 53.336380887776613 1219.0824530152604 1859.9228229513392 886.34574526268989 190.79015235416591 4455.2347134975716 117.97123152762651 6.9281111285090438 633.9243874726817 464.20305522345006 562.23027628939599 211.22456484101713 9.5777577767148596 88.933210242539644 518.91042953822762 1562.8051080415025 2378.5705134840682 626.19934542477131 338.79718898423016 2581.9187085963786 989.20518657658249 75.511753572151065 164.56799504719675 45.680792399682105 3152.5344279147685 119.14845850458369 1034.3455773377791 112.23520881310105 410.82589889876544 7108.8606815598905 893.35870698560029 1342.2342426516116 2322.815534661524 67.785243388265371 1919.7991696009412 11.967366760596631 5058.3404214875773 1172.8151089437306 926.27635675948113 1935.3596809729934 225.37953885272145 371.74349251296371 37.209292344748974 20.637114096432924 829.30908551439643 113.21527776122093 5168.9306664261967 146.1794932987541 182.39194545336068 64.795794360339642
leaf_count=20736 12213 10031 2489 4144 16391 6206 2572 2156 9620 708 3603 10922 471 7382 10422 5873 4022 26550 556 37 29784 2743 3457 5393 72 1071 3805 9829 12229 4052 1705 13142 12351 406 1203 304 17859 1038 5773 662 2291 34989 19629 6839 15361 399 13385 70 44158 13798 14686 9524 5045 5269 184 313 5737 566 34089 3086 1535 348
internal_value=-1.64084e-05 0.000150298 -0.00230344 -0.00775302 -0.011397 0.000532803 0.00510182 0.000349795 1.51515e-05 -0.000388045 0.00290503 -0.000315566 -0.00127285 0.000819 0.00127384 4.91096e-05 -0.000807201 0.000797947 0.00459197 -0.0227785 -0.00775049 0.0015388 0.00530969 -0.0121538 -0.00186957 0.0139352 -0.000365743 0.00200939 -8.7415e-05 -0.0137143 -0.00683885 -0.000149541 0.00140709 -0.000960348 0.000506095 -0.0073555 0.00363761 -0.00768239 -0.000768922 0.00394895 -0.00329916 -0.00111571 -0.00658279 0.00768927 -0.0016548 0.00389467 0.00441215 -0.0137766 0.00090169 -0.0027327 -0.00452625 -0.00300354 -0.00258556 0.0100744 -0.0187857 0.00861901 0.0117048 0.0111712 0.00309739 -0.00385616 -0.00176804 0.00703669
internal_weight=63126.5 61795.5 8333.26 2825.39 1752.31 53462.2 2046.41 51415.8 45833.3 40222.3 5610.96 40065.5 21730.4 18335.1 17116 12502.4 20839.7 11277.2 4613.64 438.432 1331.01 2324.13 3391.04 890.76 1073.08 119.148 19360.9 8396.61 3941.38 837.424 1225.14 18842 7215.82 3500.75 5507.87 1313.88 3715.07 126.077 2219.93 774.757 1445.17 11626.1 1478.79 2289.51 3312.02 2828.81 2749.05 79.7526 5343.3 2880.63 2099.09 4517.28 697.084 562.534 156.825 109.57 947.28 188.727 5582.52 953.927 807.747 247.188
internal_count=515283 459718 88402 40552 29983 371316 12603 358713 322468 286622 35846 285730 156459 129271 121889 95592 146543 88014 26297 13288 55565 13165 23517 9916 10569 1456 117294 48608 22058 9445 7578 113489 55834 28684 47850 16695 27150 1075 12329 4265 8064 57655 29249 13132 27712 20060 19591 469 46647 39406 28484 22666 25781 9291 892 1384 6293 972 36245 9113 6027 1883
cat_boundaries=0 1 2 3
cat_threshold=153858 16640 65768
is_linear=0
shrinkage=0.035


Tree=137
num_leaves=63
num_cat=8
split_feature=40 30 14 2 19 16 50 46 19 2 41 23 26 16 14 16 49 22 26 41 17 16 35 41 27 22 22 32 52 1 16 6 16 27 15 32 8 28 9 47 10 19 35 20 7 1 37 40 15 16 22 37 41 22 24 41 26 29 44 16 32 37
split_gain=64.054 50.8515 37.6627 36.2688 40.2794 35.0535 32.292 31.5989 39.1766 49.7994 30.4241 31.2792 50.2877 37.2331 30.2439 32.2043 28.7866 28.736 27.3499 26.9162 26.1643 26.1068 26.4388 25.2352 28.4935 23.601 22.5227 22.2857 26.268 21.9715 21.6849 21.5022 20.999 24.656 21.7742 20.7291 20.6093 19.9665 19.8288 18.7561 23.6057 18.7552 28.8112 20.362 22.6162 19.566 19.2004 18.658 18.7376 18.4535 30.3367 30.2667 23.2253 24.6093 23.055 20.6322 18.9937 19.45 18.4739 18.2891 18.2642 18.3542
threshold=1.0000000180025095e-35 5.0400000000001279 15.500000000000002 2524.1400000000003 2827.0716666666672 0 1.0000000180025095e-35 153.09000000000003 393.49000000000007 289.71000000000009 14.020000000000001 1.0000000180025095e-35 269.00000000000006 1 21.500000000000004 2 2.5000000000000004 51.500000000000007 345.50000000000006 3573.5500000000006 1330.8300000000002 3 6.5000000000000009 17.320000000000004 2681.1000000000004 30.500000000000004 62.500000000000007 1360.72 6.5000000000000009 7369.5200000000004 4 162.25500000000002 5 5449.4100000000008 1.3126582024552003 405.75500000000005 22.500000000000004 4.285000000000001 311.82000000000011 1094.4500000000003 187.60500000000005 718.44000000000017 7.5000000000000009 0.59396969620978812 0.95833333333333337 34.945000000000007 290.22000000000008 16178.610000000002 0.77400820589692199 6 18.500000000000004 1929.9000000000001 6970.3199999999997 15.500000000000002 3.5000000000000004 2528.0100000000007 61.000000000000007 333.50000000000006 1660.8600000000004 7 29.145000000000007 341.88000000000005
decision_type=10 10 2 10 10 9 8 8 10 10 8 2 2 9 2 9 8 2 2 10 8 9 2 10 10 2 2 8 2 10 9 10 9 10 8 10 2 8 8 8 10 10 2 10 10 10 10 10 10 9 2 10 10 2 10 8 2 2 8 9 8 8
left_child=5 -2 6 4 7 -1 -3 8 10 30 -4 12 27 -14 15 35 31 18 49 32 -19 25 -23 24 -24 -18 -26 -12 -29 38 -10 60 34 39 -16 -9 47 -21 -6 40 -34 42 -11 44 -43 46 -44 48 -22 52 51 -51 53 54 -17 -52 57 -57 -53 -8 -13 -62
right_child=1 2 3 -5 29 -7 59 14 9 41 11 16 13 -15 19 17 21 20 -20 37 36 22 23 -25 26 -27 -28 28 -30 -31 -32 -33 33 -35 -36 -37 -38 -39 -40 -41 -42 43 45 -45 -46 -47 -48 -49 -50 50 55 58 -54 -55 -56 56 -58 -59 -60 -61 61 -63
leaf_value=-0.027549719356979235 -0.010588059064335896 -0.021493842052381595 -0.0089333195507494464 0.004097988883844543 -0.0085676746940409956 -0.0039169765700855334 0.0076703970432622426 0.011001506264841667 -0.0036835899495939843 -0.020365275181127622 -0.0069809711364924509 -0.016894128604247955 -0.0031118468901235848 0.0030918296601943362 0.0017079247253251064 -0.0017048579140724232 -0.0043596329009151138 0.018319442121110009 0.0049048935438758606 -0.003479714241290201 0.0042599052421250262 0.0093687174340587476 0.013293955500762206 0.0015360565355390008 -0.01077129395249206 0.0042252427780911476 0.0065297035611456252 -0.0046890242972630752 0.0018841261623480246 -0.025288773232875934 -0.011190722490052421 -0.019580470451334507 -0.0025862840922524851 -0.024046280292012435 -0.0027557869348014134 -0.0030647909254701033 -0.015862906107841305 0.0070966502714986078 0.0017003628697371523 0.007697016949502076 0.0060687506506084139 0.058786457868082023 0.03433151253820959 0.0019819524856584552 0.012870574308366647 -0.00224355321538666 0.0025492816380691592 -0.010662030904115832 -0.0011811520104857501 -0.0038106031328040448 -0.0045606122907073761 -0.016210202691835089 -0.015559591749803458 0.00448904805050198 0.0094394402457271334 0.0098848065524789856 -0.0012382970533648889 0.00060810685967382851 0.010807082430378518 -0.004744149681171793 0.0095849869261587315 -0.0013181021393168391
leaf_weight=144.81997269112617 543.2355278506875 132.01913201343268 472.53232949972153 2934.7136094942689 699.28224976360798 178.03345773369074 152.44977541081607 524.7864902401343 916.79310023505241 92.989024768583477 1825.0199700538069 85.710679322481155 1779.0185423865914 3500.9044645372778 5158.6352390917018 3179.9581516571343 1147.6475503733382 121.8166809361428 926.57956375740469 246.09573835879564 2734.7386029586196 797.94345454964787 518.70699777454138 4774.8000404876657 133.70514750853181 594.79870391543955 290.98717698268592 1898.7342751696706 1224.2816895702854 70.298545084893703 1043.5052651921287 77.612696323543787 738.85596956405789 36.550605963915586 1806.7728704921901 169.28650471568108 77.308117417618632 1922.6561506725848 342.91216547973454 1250.8483917834237 806.39006309397519 13.829545476473866 36.753320248797536 342.05211408436298 126.98156719747931 533.39770698640496 61.223216759972274 131.11604130081832 1081.4410404320806 1741.677242484875 1542.3459927681834 400.72205229196697 108.71841569524258 1481.8627389315516 243.91885255649686 426.06723862141371 3350.9102847361937 787.61616341583431 32.917487724684179 1455.3413443062454 201.32605413720012 2900.7163320984691
leaf_count=16627 29760 8375 6776 20190 4149 9915 881 2832 8076 483 28319 774 22214 35489 27794 15614 13187 705 5274 2089 16074 7949 3429 49756 879 5916 1562 12376 9802 397 9497 373 4206 196 10618 903 504 11018 2354 6657 4210 116 225 1621 883 2823 369 697 5959 10127 8320 3251 805 7769 2543 2077 18712 4196 230 10942 1079 14340
internal_value=-1.60808e-05 6.40426e-05 0.000157229 0.00030334 0.000109717 -0.0155417 -0.00491835 0.000239807 -0.000675818 -0.00431674 -0.000156727 3.43351e-05 -0.00137441 0.00100133 0.00098905 0.000123304 0.00128466 -0.000158415 -0.00090594 0.00236811 0.00240501 0.00238454 0.00339897 0.00257038 0.00779819 -0.00142022 0.00107035 -0.00390919 -0.00211245 -0.00648236 -0.00775929 -0.00149697 0.00158682 0.00412109 0.000549055 0.00746384 0.00191888 0.00589546 -0.0051908 0.00451249 0.00193137 0.00127507 -0.00228618 0.00661114 0.0177629 0.000404513 0.014698 0.00227106 0.0027181 -0.00131121 -0.0023241 -0.00587511 0.000365794 0.000722569 -0.000908408 -0.00106226 0.000120549 0.00387018 -0.0141392 -0.00354478 -0.00105068 -0.000607618
internal_weight=63075.7 62752.8 62209.6 60469.8 57535.1 322.853 1739.81 56422.6 25392 3167.52 22224.4 21751.9 10228 5279.92 31030.6 19063.8 11524 18369.7 14223.3 11966.8 4146.42 8258.59 6516.14 5718.2 943.399 1742.45 424.692 4948.04 3123.02 1112.49 1960.3 3265.37 9798.05 2832.65 6965.41 694.073 4024.6 2168.75 1042.19 2796.09 1545.25 1207.23 724.363 482.863 140.811 631.374 97.9765 3947.3 3816.18 13296.7 8282.26 2175.32 5014.46 4905.74 3423.88 6106.94 4564.59 1213.68 433.64 1607.79 3187.75 3102.04
internal_count=515283 488741 458981 438783 418593 26542 20198 411693 238313 24093 214220 207444 108200 57703 173380 106592 99244 102857 78918 66788 23939 82678 63575 55626 5870 19103 2441 50497 22178 6900 17573 16566 53681 15269 38412 3735 23234 13107 6503 15073 8416 6520 3900 2620 999 3417 594 22730 22033 73644 46913 13608 26731 25926 18157 33305 24985 6273 3481 11823 16193 15419
cat_boundaries=0 1 2 3 4 5 6 7 8
cat_threshold=153984 96392 160 20622 147593 147717 136777 4096
is_linear=0
shrinkage=0.035


Tree=138
num_leaves=63
num_cat=4
split_feature=24 1 26 44 26 39 37 18 16 47 49 32 46 41 48 41 37 26 23 14 26 27 32 11 3 46 21 3 8 8 21 25 11 16 37 49 3 17 9 13 6 49 37 41 17 39 16 47 5 35 37 6 13 47 37 46 11 16 17 37 3 45
split_gain=61.5701 41.9196 40.1907 36.9234 32.583 31.9468 43.2819 39.5348 34.6202 31.6517 31.2215 33.2596 27.9074 27.2238 26.7632 37.2468 26.581 25.8798 85.9377 32.7898 41.2728 42.0782 28.9961 27.6861 24.9833 24.8939 24.7648 22.8574 22.681 22.3604 21.5088 21.4259 21.4186 21.3883 21.3405 20.6333 20.4317 61.0908 25.3648 19.3705 19.2888 19.2605 19.1525 22.736 18.4297 18.1548 18.1183 24.2332 20.9937 17.7858 19.1889 21.0821 17.7513 18.5915 17.6334 17.525 17.5048 17.4764 17.4128 20.3362 42.3566 19.091
threshold=14.500000000000002 65.205000000000027 177.00000000000003 117.15000000000002 39.500000000000007 23.050000000000004 1.0000000180025095e-35 11313.973333333333 0 629.61000000000024 1.5000000000000002 129.98000000000005 212.31000000000003 60.615000000000002 10.500000000000002 2286.7900000000004 3653.3699999999999 100.50000000000001 0.68301270189221941 20.500000000000004 314.50000000000006 7.0100000000000007 1991.1000000000001 1157.2600000000002 87.500000000000014 2.5350000000000006 22.110000000000003 165.50000000000003 16.500000000000004 6.5000000000000009 1.8050000000000004 5.0007142857142863 86.400000000000077 1 2211.1250000000005 3.5000000000000004 66.500000000000014 3110.2200000000007 51.865000000000016 0.78019323671497598 225.52000000000004 16.500000000000004 14528.610000000001 30053.525000000005 423.77000000000004 28.180000000000003 2 1635.3000000000004 47.040000000000013 12.500000000000002 14528.610000000001 172.83600000000004 0.36602870813397131 28.460000000000004 7.9800000000000013 3.8300000000000005 24.480000000000022 3 20386.710000000006 4289.7200000000012 216.50000000000003 1.3660287081339715
decision_type=10 8 2 8 2 8 8 10 9 10 8 10 10 8 2 10 10 2 2 2 2 10 10 10 2 10 10 2 2 2 8 10 10 9 10 10 2 10 10 10 10 10 10 8 10 10 9 10 10 2 10 10 10 8 8 10 8 9 10 10 2 10
left_child=1 2 4 14 30 7 -7 9 32 16 26 33 55 34 25 -16 57 23 19 35 21 54 36 24 56 -4 -6 -2 52 -13 -1 -9 -8 -12 -10 -19 -20 38 -38 -34 -41 44 -23 -44 -22 -29 47 48 -14 -37 51 -51 -5 -54 -21 -11 -15 -3 59 60 -39 -61
right_child=27 5 3 28 10 6 8 31 13 12 11 29 46 17 15 -17 -18 18 22 20 41 42 -24 -25 -26 -27 -28 45 -30 -31 -32 -33 39 -35 -36 49 37 58 -40 40 -42 -43 43 -45 -46 -47 -48 -49 -50 50 -52 -53 53 -55 -56 -57 -58 -59 -60 61 -62 -63
leaf_value=-0.0092881632854393964 -0.017720506313076138 0.000815310667269748 -0.0089474722153213108 -0.011485205478116153 -0.0018470581490385724 -0.011716978343034139 0.013212877646879818 -0.031335568297170248 -0.0044554699580810538 0.016978829230189053 -0.0040547949641478852 0.013351224315690519 -0.0034939629829892713 0.0098864583451163425 -0.0013564846034310465 0.0095981657757757393 0.0033053635980653485 -0.0042955970956602921 0.0014094656905828701 0.055534725113968807 -0.0062230598098077898 0.0019951524374951439 -0.021626441387516258 0.011591274945104877 0.0051110934014055613 -0.0021745345057671873 -0.014667904475824431 0.0047675229497390293 -0.014534841306166354 -0.002527672145723788 0.0018567492658650793 -0.0076237036325713771 -0.00043421898325900286 0.0043282660291525414 -0.028212898943197697 0.0048960856309400412 -0.012162422053354502 -0.005355371797040662 -0.048133140571148224 0.01044365150309502 -0.016179824621848825 -0.00034887963838416749 -0.018671646530112211 -0.0010110117009719793 0.010097881746147015 -0.017458637129972806 0.00016216623569033153 -0.010672142714407206 0.010664386685847967 -0.0016734624074103883 -0.01775529819651268 0.0077232775387024418 -0.011333839943306015 0.00016913715259039342 -0.028389164739927149 -0.009209655150602316 0.00020197531425822962 -0.0020983001472804183 -0.031978156665639204 0.014448732080659311 -0.068375617738446623 -0.0082167453235775685
leaf_weight=680.02337164897472 322.44079339271411 6915.538826784119 860.51625979691744 406.58003821363673 1031.3848958611488 301.95581715460867 438.92425704747438 68.774618813768029 199.57984142098576 31.606749056372792 403.46181087242439 113.70207603601739 854.15858361544088 242.55432999320328 1639.1077776970342 493.97602484282106 3384.7536390624009 1649.9111169083044 255.96050291135907 2.3008054057136169 89.929143044631928 8370.526956143789 198.25519940908998 444.14992664940655 2799.9060617098585 2915.8027837043628 223.89117611013353 133.91085585718974 445.75430488493294 2057.287185692694 307.6697507686913 143.94932108558714 570.06985226273537 4116.1088827261701 59.522627201862633 837.83094358444214 39.705558797344565 127.06909155286849 63.302368339151144 519.65088991634548 34.739349633455276 329.40589775424451 114.0587082542479 399.4034818680957 1317.2872842345387 66.598124088253826 2969.3195885601453 520.58755889860913 149.94860205054283 2200.8994074366055 79.763898105360568 336.28298553498462 228.39230705471709 689.26177628105506 70.167910240590572 848.32542738132179 3732.9542257227004 3955.1690696128644 24.309043856337667 115.72636869549751 13.592609655112026 73.793890627101064
leaf_count=14848 27430 38778 21045 11465 5088 5299 2696 775 1411 261 4840 1453 4456 2574 18242 6294 19632 9950 1450 35 538 53276 1242 2948 16887 29428 1240 7809 9118 21913 2006 793 2840 42354 446 5804 289 791 358 3122 188 2250 895 2464 8015 4613 14737 2639 763 14561 608 2474 2954 5660 2122 4891 19317 23442 143 770 83 470
internal_value=-1.59555e-05 8.41919e-05 -0.00142226 -0.00327884 0.000173878 0.000629503 0.00143534 -0.000428607 0.00159001 -0.000265579 0.000919341 0.00186973 -0.00255438 0.00126132 -0.00194995 0.00118368 0.000597358 0.0013842 0.000627532 0.00123076 0.00233241 0.00137452 -0.00981484 0.00313516 0.0025792 -0.00371986 -0.00414364 -0.011964 -0.00771196 -0.00169028 -0.00581812 -0.0154006 0.00662096 0.00357978 -0.0100007 -0.00107694 -0.00650697 -0.0109294 -0.0345181 0.00409723 0.00874924 0.007269 0.0015925 -0.00496275 0.0090512 -0.0026648 -0.00143743 -0.00452211 -0.00137112 0.000461006 -0.000960239 -0.000425448 -0.00540605 -0.00270303 -0.025005 -0.00825077 0.000795184 -0.000246045 -0.00399725 -0.00184687 -0.0118849 0.00562662
internal_weight=63031.5 62508.5 16612.9 7679.39 8933.53 45895.6 26053.5 19842.1 25751.5 19629.4 7945.84 6690.56 5373.95 24188.2 5909.4 2133.08 14255.5 23929 16709.5 15797.8 10693.1 8956.46 911.715 7219.56 6775.41 3776.32 1255.28 522.95 1769.99 2170.99 987.693 212.724 1563.38 4519.57 259.102 5104.69 713.459 457.499 103.008 1124.46 554.39 1736.62 8883.99 513.462 1407.22 200.509 4494.01 1524.69 1004.11 3454.78 2616.95 2537.18 1324.23 917.654 72.4687 879.932 3975.51 10870.7 354.491 330.182 140.662 189.52
internal_count=515283 475431 197948 104206 93742 277483 166316 111167 161017 109599 76888 70560 27747 152171 75009 24536 81852 150314 108588 102992 69595 58792 5596 41726 38778 50473 6328 39852 29197 23366 16854 1568 8846 47194 1857 33397 4354 2904 647 6150 3310 10803 56635 3359 8553 12422 22595 7858 5219 23447 17643 17035 20079 8614 2157 5152 21891 62220 2257 2114 874 1240
cat_boundaries=0 1 2 3 4
cat_threshold=1213 5262 2304 205796
is_linear=0
shrinkage=0.035


end of trees

feature_importances:
size_branch_positive_sku_count_lag_1=762
target_working_days_proxy=562
sku_global_lag_1=535
target_days_since_prev_tet_from_midmonth=512
tile_size_code=442
size_branch_roll_12_mean=336
size_branch_roll_3_mean=278
size_branch_target_available_sku_count_lag_1=261
pair_positive_rate_to_origin=249
size_branch_lag_1=228
size_branch_lag_12=214
size_branch_lag_2=210
sku_global_lag_12=210
pair_lag_1=207
months_since_last_positive=192
sku_global_lag_6=187
size_branch_lag_6=185
target_month_sin=182
sku_global_roll_3_mean=179
sku_global_positive_rate_12m=178
target_days_to_next_tet_from_midmonth=178
pair_roll_6_positive_count=168
target_month_num=156
pair_adi_target_available_to_origin=155
sku_global_roll_12_mean=144
sku_global_lag_3=142
pair_last_positive_m2_to_origin=142
pair_peak_positive_m2_to_origin=128
sku_global_lag_2=112
sku_known_branch_count_to_origin=110
months_since_first_positive=95
pair_roll_12_positive_count=89
sku_ever_positive_branch_count_to_origin=82
pair_roll_3_positive_count=79
pair_lag_2=63
pair_roll_6_std=60
sku_global_roll_6_mean=56
pair_cv2_positive_to_origin=50
pair_roll_3_mean=49
sku_global_roll_6_sum=46
pair_roll_3_sum=45
pair_roll_12_std=45
pair_roll_12_target_available_count=41
pair_roll_6_mean=39
pair_roll_3_std=36
pair_lag_3=33
pair_roll_12_sum=31
pair_roll_6_sum=30
pair_roll_12_mean=27
target_lunar_month_mid=27
target_public_holiday_event_count=23
pair_lag_12=15
pair_lag_6=13

parameters:
[boosting: gbdt]
[objective: binary]
[metric: binary_logloss]
[tree_learner: serial]
[device_type: cpu]
[data_sample_strategy: bagging]
[data: ]
[valid: ]
[num_iterations: 139]
[learning_rate: 0.035]
[num_leaves: 63]
[num_threads: 1]
[seed: 42]
[deterministic: 0]
[force_col_wise: 0]
[force_row_wise: 0]
[histogram_pool_size: -1]
[max_depth: -1]
[min_data_in_leaf: 50]
[min_sum_hessian_in_leaf: 0.001]
[bagging_fraction: 0.9]
[pos_bagging_fraction: 1]
[neg_bagging_fraction: 1]
[bagging_freq: 0]
[bagging_seed: 400]
[bagging_by_query: 0]
[feature_fraction: 0.9]
[feature_fraction_bynode: 1]
[feature_fraction_seed: 30056]
[extra_trees: 0]
[extra_seed: 12879]
[early_stopping_round: 0]
[early_stopping_min_delta: 0]
[first_metric_only: 0]
[max_delta_step: 0]
[lambda_l1: 0]
[lambda_l2: 1]
[linear_lambda: 0]
[min_gain_to_split: 0]
[drop_rate: 0.1]
[max_drop: 50]
[skip_drop: 0.5]
[xgboost_dart_mode: 0]
[uniform_drop: 0]
[drop_seed: 17869]
[top_rate: 0.2]
[other_rate: 0.1]
[min_data_per_group: 100]
[max_cat_threshold: 32]
[cat_l2: 10]
[cat_smooth: 10]
[max_cat_to_onehot: 4]
[top_k: 20]
[monotone_constraints: ]
[monotone_constraints_method: basic]
[monotone_penalty: 0]
[feature_contri: ]
[forcedsplits_filename: ]
[refit_decay_rate: 0.9]
[cegb_tradeoff: 1]
[cegb_penalty_split: 0]
[cegb_penalty_feature_lazy: ]
[cegb_penalty_feature_coupled: ]
[path_smooth: 0]
[interaction_constraints: ]
[verbosity: -1]
[saved_feature_importance_type: 0]
[use_quantized_grad: 0]
[num_grad_quant_bins: 4]
[quant_train_renew_leaf: 0]
[stochastic_rounding: 1]
[linear_tree: 0]
[max_bin: 255]
[max_bin_by_feature: ]
[min_data_in_bin: 3]
[bin_construct_sample_cnt: 200000]
[data_random_seed: 175]
[is_enable_sparse: 1]
[enable_bundle: 1]
[use_missing: 1]
[zero_as_missing: 0]
[feature_pre_filter: 1]
[pre_partition: 0]
[two_round: 0]
[header: 0]
[label_column: ]
[weight_column: ]
[group_column: ]
[ignore_column: ]
[categorical_feature: 16]
[forcedbins_filename: ]
[precise_float_parser: 0]
[parser_config_file: ]
[objective_seed: 16083]
[num_class: 1]
[is_unbalance: 0]
[scale_pos_weight: 1]
[sigmoid: 1]
[boost_from_average: 1]
[reg_sqrt: 0]
[alpha: 0.9]
[fair_c: 1]
[poisson_max_delta_step: 0.7]
[tweedie_variance_power: 1.5]
[lambdarank_truncation_level: 30]
[lambdarank_norm: 1]
[label_gain: ]
[lambdarank_position_bias_regularization: 0]
[eval_at: ]
[multi_error_top_k: 1]
[auc_mu_weights: ]
[num_machines: 1]
[local_listen_port: 12400]
[time_out: 120]
[machine_list_filename: ]
[machines: ]
[gpu_platform_id: -1]
[gpu_device_id: -1]
[gpu_use_dp: 0]
[num_gpu: 1]

end of parameters

pandas_categorical:[["100100", "1033", "15580", "1580", "1590", "2040", "2550", "3030", "3060", "4040", "4060", "4080", "5050", "60120", "6060", "8012", "80120", "8080"]]
